0.000000e+00 0.000000e+00 1.572719e+02 4.731111e+02 0.000000e+00 0.000000e+00 0.000000e+00 1.194967e+02 1.145898e+02 2.009375e+03 -1.290673e+02 0.000000e+00 0.000000e+00 0.000000e+00 0.000000e+00 0.000000e+00 0.000000e+00 0.000000e+00 0.000000e+00 0.000000e+00
1.000000e-03 0.000000e+00 2.877873e+02 4.749007e+02 0.000000e+00 0.000000e+00 0.000000e+00 1.195436e+02 1.146309e+02 2.009200e+03 -1.291194e+02 0.000000e+00 0.000000e+00 0.000000e+00 0.000000e+00 0.000000e+00 0.000000e+00 0.000000e+00 0.000000e+00 0.000000e+00
2.000000e-03 0.000000e+00 4.075305e+02 4.767788e+02 0.000000e+00 0.000000e+00 0.000000e+00 1.195742e+02 1.146560e+02 2.009247e+03 -1.291354e+02 0.000000e+00 0.000000e+00 0.000000e+00 0.000000e+00 0.000000e+00 0.000000e+00 0.000000e+00 0.000000e+00 0.000000e+00
3.000000e-03 0.000000e+00 5.172550e+02 4.787458e+02 0.000000e+00 0.000000e+00 0.000000e+00 1.195888e+02 1.146654e+02 2.009514e+03 -1.291157e+02 0.000000e+00 0.000000e+00 0.000000e+00 0.000000e+00 0.000000e+00 0.000000e+00 0.000000e+00 0.000000e+00 0.000000e+00
4.000000e-03 0.000000e+00 6.176707e+02 4.808021e+02 0.000000e+00 0.000000e+00 0.000000e+00 1.195876e+02 1.146592e+02 2.010001e+03 -1.290605e+02 0.000000e+00 0.000000e+00 0.000000e+00 0.000000e+00 0.000000e+00 0.000000e+00 0.000000e+00 0.000000e+00 0.000000e+00
5.000000e-03 0.000000e+00 7.094384e+02 4.829476e+02 0.000000e+00 0.000000e+00 0.000000e+00 1.195706e+02 1.146375e+02 2.010705e+03 -1.289699e+02 0.000000e+00 0.000000e+00 0.000000e+00 0.000000e+00 0.000000e+00 0.000000e+00 0.000000e+00 0.000000e+00 0.000000e+00
6.000000e-03 0.000000e+00 7.931735e+02 4.851825e+02 0.000000e+00 0.000000e+00 0.000000e+00 1.195381e+02 1.146005e+02 2.011626e+03 -1.288442e+02 0.000000e+00 0.000000e+00 0.000000e+00 0.000000e+00 0.000000e+00 0.000000e+00 0.000000e+00 0.000000e+00 0.000000e+00
7.000000e-03 0.000000e+00 8.694558e+02 4.875066e+02 0.000000e+00 0.000000e+00 0.000000e+00 1.194902e+02 1.145484e+02 2.012762e+03 -1.286836e+02 0.000000e+00 0.000000e+00 0.000000e+00 0.000000e+00 0.000000e+00 0.000000e+00 0.000000e+00 0.000000e+00 0.000000e+00
8.000000e-03 0.000000e+00 9.388270e+02 4.899198e+02 0.000000e+00 0.000000e+00 0.000000e+00 1.194270e+02 1.144813e+02 2.014111e+03 -1.284883e+02 0.000000e+00 0.000000e+00 0.000000e+00 0.000000e+00 0.000000e+00 0.000000e+00 0.000000e+00 0.000000e+00 0.000000e+00
9.000000e-03 0.000000e+00 1.001787e+03 4.924219e+02 0.000000e+00 0.000000e+00 0.000000e+00 1.193487e+02 1.143992e+02 2.015672e+03 -1.282585e+02 0.000000e+00 0.000000e+00 0.000000e+00 0.000000e+00 0.000000e+00 0.000000e+00 0.000000e+00 0.000000e+00 0.000000e+00
1.000000e-02 0.000000e+00 1.058795e+03 4.950125e+02 0.000000e+00 0.000000e+00 0.000000e+00 1.192553e+02 1.143024e+02 2.017443e+03 -1.279946e+02 0.000000e+00 0.000000e+00 0.000000e+00 0.000000e+00 0.000000e+00 0.000000e+00 0.000000e+00 0.000000e+00 0.000000e+00
1.100000e-02 0.000000e+00 1.110284e+03 4.976914e+02 0.000000e+00 0.000000e+00 0.000000e+00 1.191471e+02 1.141908e+02 2.019423e+03 -1.276967e+02 0.000000e+00 0.000000e+00 0.000000e+00 0.000000e+00 0.000000e+00 0.000000e+00 0.000000e+00 0.000000e+00 0.000000e+00
1.200000e-02 0.000000e+00 1.156656e+03 5.004581e+02 0.000000e+00 0.000000e+00 0.000000e+00 1.190240e+02 1.140647e+02 2.021610e+03 -1.273650e+02 0.000000e+00 0.000000e+00 0.000000e+00 0.000000e+00 0.000000e+00 0.000000e+00 0.000000e+00 0.000000e+00 0.000000e+00
1.300000e-02 0.000000e+00 1.198289e+03 5.033123e+02 0.000000e+00 0.000000e+00 0.000000e+00 1.188862e+02 1.139242e+02 2.024001e+03 -1.269999e+02 0.000000e+00 0.000000e+00 0.000000e+00 0.000000e+00 0.000000e+00 0.000000e+00 0.000000e+00 0.000000e+00 0.000000e+00
1.400000e-02 0.000000e+00 1.235522e+03 5.062536e+02 0.000000e+00 0.000000e+00 0.000000e+00 1.187339e+02 1.137693e+02 2.026595e+03 -1.266016e+02 0.000000e+00 0.000000e+00 0.000000e+00 0.000000e+00 0.000000e+00 0.000000e+00 0.000000e+00 0.000000e+00 0.000000e+00
1.500000e-02 0.000000e+00 1.268669e+03 5.092814e+02 0.000000e+00 0.000000e+00 0.000000e+00 1.185671e+02 1.136002e+02 2.029390e+03 -1.261704e+02 0.000000e+00 0.000000e+00 0.000000e+00 0.000000e+00 0.000000e+00 0.000000e+00 0.000000e+00 0.000000e+00 0.000000e+00
1.600000e-02 0.000000e+00 1.298022e+03 5.123952e+02 0.000000e+00 0.000000e+00 0.000000e+00 1.183860e+02 1.134170e+02 2.032384e+03 -1.257066e+02 0.000000e+00 0.000000e+00 0.000000e+00 0.000000e+00 0.000000e+00 0.000000e+00 0.000000e+00 0.000000e+00 0.000000e+00
1.700000e-02 0.000000e+00 1.323858e+03 5.155946e+02 0.000000e+00 0.000000e+00 0.000000e+00 1.181906e+02 1.132199e+02 2.035574e+03 -1.252105e+02 0.000000e+00 0.000000e+00 0.000000e+00 0.000000e+00 0.000000e+00 0.000000e+00 0.000000e+00 0.000000e+00 0.000000e+00
1.800000e-02 0.000000e+00 1.346431e+03 5.188789e+02 0.000000e+00 0.000000e+00 0.000000e+00 1.179811e+02 1.130088e+02 2.038959e+03 -1.246824e+02 0.000000e+00 0.000000e+00 0.000000e+00 0.000000e+00 0.000000e+00 0.000000e+00 0.000000e+00 0.000000e+00 0.000000e+00
1.900000e-02 0.000000e+00 1.365976e+03 5.222477e+02 0.000000e+00 0.000000e+00 0.000000e+00 1.177577e+02 1.127839e+02 2.042535e+03 -1.241226e+02 0.000000e+00 0.000000e+00 0.000000e+00 0.000000e+00 0.000000e+00 0.000000e+00 0.000000e+00 0.000000e+00 0.000000e+00
2.000000e-02 0.000000e+00 1.382701e+03 5.257003e+02 0.000000e+00 0.000000e+00 0.000000e+00 1.175204e+02 1.125455e+02 2.046301e+03 -1.235316e+02 0.000000e+00 0.000000e+00 0.000000e+00 0.000000e+00 0.000000e+00 0.000000e+00 0.000000e+00 0.000000e+00 0.000000e+00
2.100000e-02 0.000000e+00 1.396802e+03 5.292361e+02 0.000000e+00 0.000000e+00 0.000000e+00 1.172693e+02 1.122935e+02 2.050254e+03 -1.229096e+02 0.000000e+00 0.000000e+00 0.000000e+00 0.000000e+00 0.000000e+00 0.000000e+00 0.000000e+00 0.000000e+00 0.000000e+00
2.200000e-02 0.000000e+00 1.408461e+03 5.328544e+02 0.000000e+00 0.000000e+00 0.000000e+00 1.170046e+02 1.120281e+02 2.054392e+03 -1.222570e+02 0.000000e+00 0.000000e+00 0.000000e+00 0.000000e+00 0.000000e+00 0.000000e+00 0.000000e+00 0.000000e+00 0.000000e+00
2.300000e-02 0.000000e+00 1.417847e+03 5.365547e+02 0.000000e+00 0.000000e+00 0.000000e+00 1.167264e+02 1.117494e+02 2.058711e+03 -1.215742e+02 0.000000e+00 0.000000e+00 0.000000e+00 0.000000e+00 0.000000e+00 0.000000e+00 0.000000e+00 0.000000e+00 0.000000e+00
2.400000e-02 0.000000e+00 1.425122e+03 5.403362e+02 0.000000e+00 0.000000e+00 0.000000e+00 1.164349e+02 1.114576e+02 2.063210e+03 -1.208616e+02 0.000000e+00 0.000000e+00 0.000000e+00 0.000000e+00 0.000000e+00 0.000000e+00 0.000000e+00 0.000000e+00 0.000000e+00
2.500000e-02 0.000000e+00 1.430430e+03 5.441982e+02 0.000000e+00 0.000000e+00 0.000000e+00 1.161301e+02 1.111529e+02 2.067884e+03 -1.201196e+02 0.000000e+00 0.000000e+00 0.000000e+00 0.000000e+00 0.000000e+00 0.000000e+00 0.000000e+00 0.000000e+00 0.000000e+00
2.600000e-02 0.000000e+00 1.433903e+03 5.481398e+02 0.000000e+00 0.000000e+00 0.000000e+00 1.158123e+02 1.108352e+02 2.072732e+03 -1.193486e+02 0.000000e+00 0.000000e+00 0.000000e+00 0.000000e+00 0.000000e+00 0.000000e+00 0.000000e+00 0.000000e+00 0.000000e+00
2.700000e-02 0.000000e+00 1.435657e+03 5.521604e+02 0.000000e+00 0.000000e+00 0.000000e+00 1.154815e+02 1.105049e+02 2.077751e+03 -1.185491e+02 0.000000e+00 0.000000e+00 0.000000e+00 0.000000e+00 0.000000e+00 0.000000e+00 0.000000e+00 0.000000e+00 0.000000e+00
2.800000e-02 0.000000e+00 1.435803e+03 5.562591e+02 0.000000e+00 0.000000e+00 0.000000e+00 1.151380e+02 1.101620e+02 2.082937e+03 -1.177215e+02 0.000000e+00 0.000000e+00 0.000000e+00 0.000000e+00 0.000000e+00 0.000000e+00 0.000000e+00 0.000000e+00 0.000000e+00
2.900000e-02 0.000000e+00 1.434446e+03 5.604349e+02 0.000000e+00 0.000000e+00 0.000000e+00 1.147819e+02 1.098067e+02 2.088287e+03 -1.168663e+02 0.000000e+00 0.000000e+00 0.000000e+00 0.000000e+00 0.000000e+00 0.000000e+00 0.000000e+00 0.000000e+00 0.000000e+00
3.000000e-02 0.000000e+00 1.431684e+03 5.646870e+02 0.000000e+00 0.000000e+00 0.000000e+00 1.144132e+02 1.094392e+02 2.093798e+03 -1.159839e+02 0.000000e+00 0.000000e+00 0.000000e+00 0.000000e+00 0.000000e+00 0.000000e+00 0.000000e+00 0.000000e+00 0.000000e+00
3.100000e-02 0.000000e+00 1.427608e+03 5.690143e+02 0.000000e+00 0.000000e+00 0.000000e+00 1.140323e+02 1.090596e+02 2.099467e+03 -1.150748e+02 0.000000e+00 0.000000e+00 0.000000e+00 0.000000e+00 0.000000e+00 0.000000e+00 0.000000e+00 0.000000e+00 0.000000e+00
3.200000e-02 0.000000e+00 1.422303e+03 5.734159e+02 0.000000e+00 0.000000e+00 0.000000e+00 1.136392e+02 1.086680e+02 2.105290e+03 -1.141395e+02 0.000000e+00 0.000000e+00 0.000000e+00 0.000000e+00 0.000000e+00 0.000000e+00 0.000000e+00 0.000000e+00 0.000000e+00
3.300000e-02 0.000000e+00 1.415844e+03 5.778905e+02 0.000000e+00 0.000000e+00 0.000000e+00 1.132342e+02 1.082647e+02 2.111264e+03 -1.131785e+02 0.000000e+00 0.000000e+00 0.000000e+00 0.000000e+00 0.000000e+00 0.000000e+00 0.000000e+00 0.000000e+00 0.000000e+00
3.400000e-02 0.000000e+00 1.408297e+03 5.824370e+02 0.000000e+00 0.000000e+00 0.000000e+00 1.128174e+02 1.078498e+02 2.117385e+03 -1.121923e+02 0.000000e+00 0.000000e+00 0.000000e+00 0.000000e+00 0.000000e+00 0.000000e+00 0.000000e+00 0.000000e+00 0.000000e+00
3.500000e-02 0.000000e+00 1.399723e+03 5.870542e+02 0.000000e+00 0.000000e+00 0.000000e+00 1.123889e+02 1.074235e+02 2.123649e+03 -1.111814e+02 0.000000e+00 0.000000e+00 0.000000e+00 0.000000e+00 0.000000e+00 0.000000e+00 0.000000e+00 0.000000e+00 0.000000e+00
3.600000e-02 0.000000e+00 1.390183e+03 5.917407e+02 0.000000e+00 0.000000e+00 0.000000e+00 1.119490e+02 1.069860e+02 2.130054e+03 -1.101464e+02 0.000000e+00 0.000000e+00 0.000000e+00 0.000000e+00 0.000000e+00 0.000000e+00 0.000000e+00 0.000000e+00 0.000000e+00
3.700000e-02 0.000000e+00 1.379731e+03 5.964951e+02 0.000000e+00 0.000000e+00 0.000000e+00 1.114979e+02 1.065374e+02 2.136594e+03 -1.090878e+02 0.000000e+00 0.000000e+00 0.000000e+00 0.000000e+00 0.000000e+00 0.000000e+00 0.000000e+00 0.000000e+00 0.000000e+00
3.800000e-02 0.000000e+00 1.368422e+03 6.013160e+02 0.000000e+00 0.000000e+00 0.000000e+00 1.110357e+02 1.060780e+02 2.143266e+03 -1.080061e+02 0.000000e+00 0.000000e+00 0.000000e+00 0.000000e+00 0.000000e+00 0.000000e+00 0.000000e+00 0.000000e+00 0.000000e+00
3.900000e-02 0.000000e+00 1.356305e+03 6.062017e+02 0.000000e+00 0.000000e+00 0.000000e+00 1.105626e+02 1.056079e+02 2.150066e+03 -1.069019e+02 0.000000e+00 0.000000e+00 0.000000e+00 0.000000e+00 0.000000e+00 0.000000e+00 0.000000e+00 0.000000e+00 0.000000e+00
4.000000e-02 0.000000e+00 1.343426e+03 6.111505e+02 0.000000e+00 0.000000e+00 0.000000e+00 1.100788e+02 1.051273e+02 2.156990e+03 -1.057758e+02 0.000000e+00 0.000000e+00 0.000000e+00 0.000000e+00 0.000000e+00 0.000000e+00 0.000000e+00 0.000000e+00 0.000000e+00
4.100000e-02 0.000000e+00 1.329827e+03 6.161608e+02 0.000000e+00 0.000000e+00 0.000000e+00 1.095846e+02 1.046365e+02 2.164033e+03 -1.046283e+02 0.000000e+00 0.000000e+00 0.000000e+00 0.000000e+00 0.000000e+00 0.000000e+00 0.000000e+00 0.000000e+00 0.000000e+00
4.200000e-02 0.000000e+00 1.315543e+03 6.212306e+02 0.000000e+00 0.000000e+00 0.000000e+00 1.090801e+02 1.041355e+02 2.171192e+03 -1.034600e+02 0.000000e+00 0.000000e+00 0.000000e+00 0.000000e+00 0.000000e+00 0.000000e+00 0.000000e+00 0.000000e+00 0.000000e+00
4.300000e-02 0.000000e+00 1.300608e+03 6.263578e+02 0.000000e+00 0.000000e+00 0.000000e+00 1.085655e+02 1.036248e+02 2.178461e+03 -1.022714e+02 0.000000e+00 0.000000e+00 0.000000e+00 0.000000e+00 0.000000e+00 0.000000e+00 0.000000e+00 0.000000e+00 0.000000e+00
4.400000e-02 0.000000e+00 1.285053e+03 6.315406e+02 0.000000e+00 0.000000e+00 0.000000e+00 1.080411e+02 1.031043e+02 2.185837e+03 -1.010632e+02 0.000000e+00 0.000000e+00 0.000000e+00 0.000000e+00 0.000000e+00 0.000000e+00 0.000000e+00 0.000000e+00 0.000000e+00
4.500000e-02 0.000000e+00 1.268910e+03 6.367765e+02 0.000000e+00 0.000000e+00 0.000000e+00 1.075070e+02 1.025744e+02 2.193315e+03 -9.983600e+01 0.000000e+00 0.000000e+00 0.000000e+00 0.000000e+00 0.000000e+00 0.000000e+00 0.000000e+00 0.000000e+00 0.000000e+00
4.600000e-02 0.000000e+00 1.252209e+03 6.420633e+02 0.000000e+00 0.000000e+00 0.000000e+00 1.069635e+02 1.020352e+02 2.200889e+03 -9.859028e+01 0.000000e+00 0.000000e+00 0.000000e+00 0.000000e+00 0.000000e+00 0.000000e+00 0.000000e+00 0.000000e+00 0.000000e+00
4.700000e-02 0.000000e+00 1.234978e+03 6.473986e+02 0.000000e+00 0.000000e+00 0.000000e+00 1.064108e+02 1.014871e+02 2.208557e+03 -9.732669e+01 0.000000e+00 0.000000e+00 0.000000e+00 0.000000e+00 0.000000e+00 0.000000e+00 0.000000e+00 0.000000e+00 0.000000e+00
4.800000e-02 0.000000e+00 1.217245e+03 6.527797e+02 0.000000e+00 0.000000e+00 0.000000e+00 1.058490e+02 1.009301e+02 2.216311e+03 -9.604582e+01 0.000000e+00 0.000000e+00 0.000000e+00 0.000000e+00 0.000000e+00 0.000000e+00 0.000000e+00 0.000000e+00 0.000000e+00
4.900000e-02 0.000000e+00 1.199036e+03 6.582040e+02 0.000000e+00 0.000000e+00 0.000000e+00 1.052786e+02 1.003645e+02 2.224148e+03 -9.474828e+01 0.000000e+00 0.000000e+00 0.000000e+00 0.000000e+00 0.000000e+00 0.000000e+00 0.000000e+00 0.000000e+00 0.000000e+00
5.000000e-02 0.000000e+00 1.180374e+03 6.636685e+02 0.000000e+00 0.000000e+00 0.000000e+00 1.046995e+02 9.979061e+01 2.232063e+03 -9.343467e+01 0.000000e+00 0.000000e+00 0.000000e+00 0.000000e+00 0.000000e+00 0.000000e+00 0.000000e+00 0.000000e+00 0.000000e+00
5.100000e-02 0.000000e+00 1.161280e+03 6.691705e+02 0.000000e+00 0.000000e+00 0.000000e+00 1.041122e+02 9.920855e+01 2.240050e+03 -9.210560e+01 0.000000e+00 0.000000e+00 0.000000e+00 0.000000e+00 0.000000e+00 0.000000e+00 0.000000e+00 0.000000e+00 0.000000e+00
5.200000e-02 0.000000e+00 1.141771e+03 6.747066e+02 0.000000e+00 0.000000e+00 0.000000e+00 1.035168e+02 9.861858e+01 2.248105e+03 -9.076165e+01 0.000000e+00 0.000000e+00 0.000000e+00 0.000000e+00 0.000000e+00 0.000000e+00 0.000000e+00 0.000000e+00 0.000000e+00
5.300000e-02 0.000000e+00 1.121868e+03 6.802738e+02 0.000000e+00 0.000000e+00 0.000000e+00 1.029135e+02 9.802093e+01 2.256222e+03 -8.940345e+01 0.000000e+00 0.000000e+00 0.000000e+00 0.000000e+00 0.000000e+00 0.000000e+00 0.000000e+00 0.000000e+00 0.000000e+00
5.400000e-02 0.000000e+00 1.101587e+03 6.858686e+02 0.000000e+00 0.000000e+00 0.000000e+00 1.023026e+02 9.741583e+01 2.264395e+03 -8.803159e+01 0.000000e+00 0.000000e+00 0.000000e+00 0.000000e+00 0.000000e+00 0.000000e+00 0.000000e+00 0.000000e+00 0.000000e+00
5.500000e-02 0.000000e+00 1.080947e+03 6.914875e+02 0.000000e+00 0.000000e+00 0.000000e+00 1.016843e+02 9.680352e+01 2.272620e+03 -8.664667e+01 0.000000e+00 0.000000e+00 0.000000e+00 0.000000e+00 0.000000e+00 0.000000e+00 0.000000e+00 0.000000e+00 0.000000e+00
5.600000e-02 0.000000e+00 1.059966e+03 6.971270e+02 0.000000e+00 0.000000e+00 0.000000e+00 1.010589e+02 9.618423e+01 2.280891e+03 -8.524930e+01 0.000000e+00 0.000000e+00 0.000000e+00 0.000000e+00 0.000000e+00 0.000000e+00 0.000000e+00 0.000000e+00 0.000000e+00
5.700000e-02 0.000000e+00 1.038660e+03 7.027831e+02 0.000000e+00 0.000000e+00 0.000000e+00 1.004266e+02 9.555820e+01 2.289202e+03 -8.384008e+01 0.000000e+00 0.000000e+00 0.000000e+00 0.000000e+00 0.000000e+00 0.000000e+00 0.000000e+00 0.000000e+00 0.000000e+00
5.800000e-02 0.000000e+00 1.017048e+03 7.084520e+02 0.000000e+00 0.000000e+00 0.000000e+00 9.978765e+01 9.492566e+01 2.297548e+03 -8.241960e+01 0.000000e+00 0.000000e+00 0.000000e+00 0.000000e+00 0.000000e+00 0.000000e+00 0.000000e+00 0.000000e+00 0.000000e+00
5.900000e-02 0.000000e+00 9.951457e+02 7.141297e+02 0.000000e+00 0.000000e+00 0.000000e+00 9.914225e+01 9.428685e+01 2.305923e+03 -8.098845e+01 0.000000e+00 0.000000e+00 0.000000e+00 0.000000e+00 0.000000e+00 0.000000e+00 0.000000e+00 0.000000e+00 0.000000e+00
6.000000e-02 0.000000e+00 9.729697e+02 7.198120e+02 0.000000e+00 0.000000e+00 0.000000e+00 9.849068e+01 9.364202e+01 2.314322e+03 -7.954722e+01 0.000000e+00 0.000000e+00 0.000000e+00 0.000000e+00 0.000000e+00 0.000000e+00 0.000000e+00 0.000000e+00 0.000000e+00
6.100000e-02 0.000000e+00 9.505340e+02 7.254946e+02 0.000000e+00 0.000000e+00 0.000000e+00 9.783319e+01 9.299140e+01 2.322738e+03 -7.809651e+01 0.000000e+00 0.000000e+00 0.000000e+00 0.000000e+00 0.000000e+00 0.000000e+00 0.000000e+00 0.000000e+00 0.000000e+00
6.200000e-02 0.000000e+00 9.278516e+02 7.311730e+02 0.000000e+00 0.000000e+00 0.000000e+00 9.717000e+01 9.233523e+01 2.331166e+03 -7.663688e+01 0.000000e+00 0.000000e+00 0.000000e+00 0.000000e+00 0.000000e+00 0.000000e+00 0.000000e+00 0.000000e+00 0.000000e+00
6.300000e-02 0.000000e+00 9.049355e+02 7.368427e+02 0.000000e+00 0.000000e+00 0.000000e+00 9.650137e+01 9.167375e+01 2.339601e+03 -7.516893e+01 0.000000e+00 0.000000e+00 0.000000e+00 0.000000e+00 0.000000e+00 0.000000e+00 0.000000e+00 0.000000e+00 0.000000e+00
6.400000e-02 0.000000e+00 8.817987e+02 7.424991e+02 0.000000e+00 0.000000e+00 0.000000e+00 9.582755e+01 9.100721e+01 2.348035e+03 -7.369321e+01 0.000000e+00 0.000000e+00 0.000000e+00 0.000000e+00 0.000000e+00 0.000000e+00 0.000000e+00 0.000000e+00 0.000000e+00
6.500000e-02 0.000000e+00 8.584544e+02 7.481373e+02 0.000000e+00 0.000000e+00 0.000000e+00 9.514877e+01 9.033585e+01 2.356464e+03 -7.221029e+01 0.000000e+00 0.000000e+00 0.000000e+00 0.000000e+00 0.000000e+00 0.000000e+00 0.000000e+00 0.000000e+00 0.000000e+00
6.600000e-02 0.000000e+00 8.349158e+02 7.537525e+02 0.000000e+00 0.000000e+00 0.000000e+00 9.446529e+01 8.965991e+01 2.364881e+03 -7.072073e+01 0.000000e+00 0.000000e+00 0.000000e+00 0.000000e+00 0.000000e+00 0.000000e+00 0.000000e+00 0.000000e+00 0.000000e+00
6.700000e-02 0.000000e+00 8.111962e+02 7.593397e+02 0.000000e+00 0.000000e+00 0.000000e+00 9.377736e+01 8.897963e+01 2.373280e+03 -6.922509e+01 0.000000e+00 0.000000e+00 0.000000e+00 0.000000e+00 0.000000e+00 0.000000e+00 0.000000e+00 0.000000e+00 0.000000e+00
6.800000e-02 0.000000e+00 7.873088e+02 7.648938e+02 0.000000e+00 0.000000e+00 0.000000e+00 9.308521e+01 8.829526e+01 2.381656e+03 -6.772390e+01 0.000000e+00 0.000000e+00 0.000000e+00 0.000000e+00 0.000000e+00 0.000000e+00 0.000000e+00 0.000000e+00 0.000000e+00
6.900000e-02 0.000000e+00 7.632671e+02 7.704098e+02 0.000000e+00 0.000000e+00 0.000000e+00 9.238910e+01 8.760703e+01 2.390002e+03 -6.621770e+01 0.000000e+00 0.000000e+00 0.000000e+00 0.000000e+00 0.000000e+00 0.000000e+00 0.000000e+00 0.000000e+00 0.000000e+00
7.000000e-02 0.000000e+00 7.390845e+02 7.758824e+02 0.000000e+00 0.000000e+00 0.000000e+00 9.168926e+01 8.691519e+01 2.398313e+03 -6.470703e+01 0.000000e+00 0.000000e+00 0.000000e+00 0.000000e+00 0.000000e+00 0.000000e+00 0.000000e+00 0.000000e+00 0.000000e+00
7.100000e-02 0.000000e+00 7.147744e+02 7.813062e+02 0.000000e+00 0.000000e+00 0.000000e+00 9.098596e+01 8.621997e+01 2.406582e+03 -6.319241e+01 0.000000e+00 0.000000e+00 0.000000e+00 0.000000e+00 0.000000e+00 0.000000e+00 0.000000e+00 0.000000e+00 0.000000e+00
7.200000e-02 0.000000e+00 6.903504e+02 7.866760e+02 0.000000e+00 0.000000e+00 0.000000e+00 9.027942e+01 8.552162e+01 2.414803e+03 -6.167435e+01 0.000000e+00 0.000000e+00 0.000000e+00 0.000000e+00 0.000000e+00 0.000000e+00 0.000000e+00 0.000000e+00 0.000000e+00
7.300000e-02 0.000000e+00 6.658251e+02 7.919863e+02 0.000000e+00 0.000000e+00 0.000000e+00 8.956989e+01 8.482037e+01 2.422971e+03 -6.015335e+01 0.000000e+00 0.000000e+00 0.000000e+00 0.000000e+00 0.000000e+00 0.000000e+00 0.000000e+00 0.000000e+00 0.000000e+00
7.400000e-02 0.000000e+00 6.412098e+02 7.972317e+02 0.000000e+00 0.000000e+00 0.000000e+00 8.885762e+01 8.411647e+01 2.431079e+03 -5.862992e+01 0.000000e+00 0.000000e+00 0.000000e+00 0.000000e+00 0.000000e+00 0.000000e+00 0.000000e+00 0.000000e+00 0.000000e+00
7.500000e-02 0.000000e+00 6.165165e+02 8.024067e+02 0.000000e+00 0.000000e+00 0.000000e+00 8.814284e+01 8.341015e+01 2.439122e+03 -5.710453e+01 0.000000e+00 0.000000e+00 0.000000e+00 0.000000e+00 0.000000e+00 0.000000e+00 0.000000e+00 0.000000e+00 0.000000e+00
7.600000e-02 0.000000e+00 5.917567e+02 8.075057e+02 0.000000e+00 0.000000e+00 0.000000e+00 8.742580e+01 8.270164e+01 2.447094e+03 -5.557766e+01 0.000000e+00 0.000000e+00 0.000000e+00 0.000000e+00 0.000000e+00 0.000000e+00 0.000000e+00 0.000000e+00 0.000000e+00
7.700000e-02 0.000000e+00 5.669425e+02 8.125234e+02 0.000000e+00 0.000000e+00 0.000000e+00 8.670673e+01 8.199117e+01 2.454988e+03 -5.404979e+01 0.000000e+00 0.000000e+00 0.000000e+00 0.000000e+00 0.000000e+00 0.000000e+00 0.000000e+00 0.000000e+00 0.000000e+00
7.800000e-02 0.000000e+00 5.420860e+02 8.174542e+02 0.000000e+00 0.000000e+00 0.000000e+00 8.598586e+01 8.127898e+01 2.462800e+03 -5.252137e+01 0.000000e+00 0.000000e+00 0.000000e+00 0.000000e+00 0.000000e+00 0.000000e+00 0.000000e+00 0.000000e+00 0.000000e+00
7.900000e-02 0.000000e+00 5.171991e+02 8.222925e+02 0.000000e+00 0.000000e+00 0.000000e+00 8.526344e+01 8.056530e+01 2.470522e+03 -5.099284e+01 0.000000e+00 0.000000e+00 0.000000e+00 0.000000e+00 0.000000e+00 0.000000e+00 0.000000e+00 0.000000e+00 0.000000e+00
8.000000e-02 0.000000e+00 4.922942e+02 8.270331e+02 0.000000e+00 0.000000e+00 0.000000e+00 8.453970e+01 7.985035e+01 2.478150e+03 -4.946465e+01 0.000000e+00 0.000000e+00 0.000000e+00 0.000000e+00 0.000000e+00 0.000000e+00 0.000000e+00 0.000000e+00 0.000000e+00
8.100000e-02 0.000000e+00 4.673835e+02 8.316704e+02 0.000000e+00 0.000000e+00 0.000000e+00 8.381486e+01 7.913436e+01 2.485679e+03 -4.793723e+01 0.000000e+00 0.000000e+00 0.000000e+00 0.000000e+00 0.000000e+00 0.000000e+00 0.000000e+00 0.000000e+00 0.000000e+00
8.200000e-02 0.000000e+00 4.424793e+02 8.361992e+02 0.000000e+00 0.000000e+00 0.000000e+00 8.308916e+01 7.841755e+01 2.493101e+03 -4.641100e+01 0.000000e+00 0.000000e+00 0.000000e+00 0.000000e+00 0.000000e+00 0.000000e+00 0.000000e+00 0.000000e+00 0.000000e+00
8.300000e-02 0.000000e+00 4.175941e+02 8.406142e+02 0.000000e+00 0.000000e+00 0.000000e+00 8.236281e+01 7.770016e+01 2.500413e+03 -4.488636e+01 0.000000e+00 0.000000e+00 0.000000e+00 0.000000e+00 0.000000e+00 0.000000e+00 0.000000e+00 0.000000e+00 0.000000e+00
8.400000e-02 0.000000e+00 3.927402e+02 8.449101e+02 0.000000e+00 0.000000e+00 0.000000e+00 8.163606e+01 7.698238e+01 2.507608e+03 -4.336372e+01 0.000000e+00 0.000000e+00 0.000000e+00 0.000000e+00 0.000000e+00 0.000000e+00 0.000000e+00 0.000000e+00 0.000000e+00
8.500000e-02 0.000000e+00 3.679302e+02 8.490819e+02 0.000000e+00 0.000000e+00 0.000000e+00 8.090911e+01 7.626445e+01 2.514682e+03 -4.184346e+01 0.000000e+00 0.000000e+00 0.000000e+00 0.000000e+00 0.000000e+00 0.000000e+00 0.000000e+00 0.000000e+00 0.000000e+00
8.600000e-02 0.000000e+00 3.431765e+02 8.531244e+02 0.000000e+00 0.000000e+00 0.000000e+00 8.018218e+01 7.554657e+01 2.521628e+03 -4.032597e+01 0.000000e+00 0.000000e+00 0.000000e+00 0.000000e+00 0.000000e+00 0.000000e+00 0.000000e+00 0.000000e+00 0.000000e+00
8.700000e-02 0.000000e+00 3.184917e+02 8.570329e+02 0.000000e+00 0.000000e+00 0.000000e+00 7.945550e+01 7.482896e+01 2.528443e+03 -3.881161e+01 0.000000e+00 0.000000e+00 0.000000e+00 0.000000e+00 0.000000e+00 0.000000e+00 0.000000e+00 0.000000e+00 0.000000e+00
8.800000e-02 0.000000e+00 2.938870e+02 8.608025e+02 0.000000e+00 0.000000e+00 0.000000e+00 7.872928e+01 7.411183e+01 2.535121e+03 -3.730074e+01 0.000000e+00 0.000000e+00 0.000000e+00 0.000000e+00 0.000000e+00 0.000000e+00 0.000000e+00 0.000000e+00 0.000000e+00
8.900000e-02 0.000000e+00 2.693737e+02 8.644287e+02 0.000000e+00 0.000000e+00 0.000000e+00 7.800372e+01 7.339539e+01 2.541657e+03 -3.579372e+01 0.000000e+00 0.000000e+00 0.000000e+00 0.000000e+00 0.000000e+00 0.000000e+00 0.000000e+00 0.000000e+00 0.000000e+00
9.000000e-02 0.000000e+00 2.449629e+02 8.679069e+02 0.000000e+00 0.000000e+00 0.000000e+00 7.727904e+01 7.267982e+01 2.548047e+03 -3.429089e+01 0.000000e+00 0.000000e+00 0.000000e+00 0.000000e+00 0.000000e+00 0.000000e+00 0.000000e+00 0.000000e+00 0.000000e+00
9.100000e-02 0.000000e+00 2.206659e+02 8.712328e+02 0.000000e+00 0.000000e+00 0.000000e+00 7.655544e+01 7.196534e+01 2.554286e+03 -3.279257e+01 0.000000e+00 0.000000e+00 0.000000e+00 0.000000e+00 0.000000e+00 0.000000e+00 0.000000e+00 0.000000e+00 0.000000e+00
9.200000e-02 0.000000e+00 1.964938e+02 8.744023e+02 0.000000e+00 0.000000e+00 0.000000e+00 7.583312e+01 7.125215e+01 2.560370e+03 -3.129909e+01 0.000000e+00 0.000000e+00 0.000000e+00 0.000000e+00 0.000000e+00 0.000000e+00 0.000000e+00 0.000000e+00 0.000000e+00
9.300000e-02 0.000000e+00 1.724576e+02 8.774114e+02 0.000000e+00 0.000000e+00 0.000000e+00 7.511228e+01 7.054043e+01 2.566294e+03 -2.981075e+01 0.000000e+00 0.000000e+00 0.000000e+00 0.000000e+00 0.000000e+00 0.000000e+00 0.000000e+00 0.000000e+00 0.000000e+00
9.400000e-02 0.000000e+00 1.485684e+02 8.802563e+02 0.000000e+00 0.000000e+00 0.000000e+00 7.439311e+01 6.983037e+01 2.572054e+03 -2.832788e+01 0.000000e+00 0.000000e+00 0.000000e+00 0.000000e+00 0.000000e+00 0.000000e+00 0.000000e+00 0.000000e+00 0.000000e+00
9.500000e-02 0.000000e+00 1.248371e+02 8.829336e+02 0.000000e+00 0.000000e+00 0.000000e+00 7.367581e+01 6.912217e+01 2.577647e+03 -2.685075e+01 0.000000e+00 0.000000e+00 0.000000e+00 0.000000e+00 0.000000e+00 0.000000e+00 0.000000e+00 0.000000e+00 0.000000e+00
9.600000e-02 0.000000e+00 1.012745e+02 8.854399e+02 0.000000e+00 0.000000e+00 0.000000e+00 7.296057e+01 6.841601e+01 2.583068e+03 -2.537967e+01 0.000000e+00 0.000000e+00 0.000000e+00 0.000000e+00 0.000000e+00 0.000000e+00 0.000000e+00 0.000000e+00 0.000000e+00
9.700000e-02 0.000000e+00 7.789133e+01 8.877721e+02 0.000000e+00 0.000000e+00 0.000000e+00 7.224756e+01 6.771207e+01 2.588315e+03 -2.391491e+01 0.000000e+00 0.000000e+00 0.000000e+00 0.000000e+00 0.000000e+00 0.000000e+00 0.000000e+00 0.000000e+00 0.000000e+00
9.800000e-02 0.000000e+00 5.469820e+01 8.899273e+02 0.000000e+00 0.000000e+00 0.000000e+00 7.153698e+01 6.701052e+01 2.593382e+03 -2.245676e+01 0.000000e+00 0.000000e+00 0.000000e+00 0.000000e+00 0.000000e+00 0.000000e+00 0.000000e+00 0.000000e+00 0.000000e+00
9.900000e-02 0.000000e+00 3.170556e+01 8.919028e+02 0.000000e+00 0.000000e+00 0.000000e+00 7.082900e+01 6.631155e+01 2.598268e+03 -2.100546e+01 0.000000e+00 0.000000e+00 0.000000e+00 0.000000e+00 0.000000e+00 0.000000e+00 0.000000e+00 0.000000e+00 0.000000e+00
1.000000e-01 0.000000e+00 8.923731e+00 8.936964e+02 0.000000e+00 0.000000e+00 0.000000e+00 7.012380e+01 6.561533e+01 2.602970e+03 -1.956129e+01 0.000000e+00 0.000000e+00 0.000000e+00 0.000000e+00 0.000000e+00 0.000000e+00 0.000000e+00 0.000000e+00 0.000000e+00
1.010000e-01 0.000000e+00 -1.363714e+01 8.953058e+02 0.000000e+00 0.000000e+00 0.000000e+00 6.942155e+01 6.492201e+01 2.607483e+03 -1.812450e+01 0.000000e+00 0.000000e+00 0.000000e+00 0.000000e+00 0.000000e+00 0.000000e+00 0.000000e+00 0.000000e+00 0.000000e+00
1.020000e-01 0.000000e+00 -3.596705e+01 8.967291e+02 0.000000e+00 0.000000e+00 0.000000e+00 6.872242e+01 6.423178e+01 2.611806e+03 -1.669533e+01 0.000000e+00 0.000000e+00 0.000000e+00 0.000000e+00 0.000000e+00 0.000000e+00 0.000000e+00 0.000000e+00 0.000000e+00
1.030000e-01 0.000000e+00 -5.805619e+01 8.979648e+02 0.000000e+00 0.000000e+00 0.000000e+00 6.802658e+01 6.354478e+01 2.615936e+03 -1.527403e+01 0.000000e+00 0.000000e+00 0.000000e+00 0.000000e+00 0.000000e+00 0.000000e+00 0.000000e+00 0.000000e+00 0.000000e+00
1.040000e-01 0.000000e+00 -7.989495e+01 8.990113e+02 0.000000e+00 0.000000e+00 0.000000e+00 6.733418e+01 6.286119e+01 2.619871e+03 -1.386083e+01 0.000000e+00 0.000000e+00 0.000000e+00 0.000000e+00 0.000000e+00 0.000000e+00 0.000000e+00 0.000000e+00 0.000000e+00
1.050000e-01 0.000000e+00 -1.014739e+02 8.998677e+02 0.000000e+00 0.000000e+00 0.000000e+00 6.664538e+01 6.218114e+01 2.623608e+03 -1.245596e+01 0.000000e+00 0.000000e+00 0.000000e+00 0.000000e+00 0.000000e+00 0.000000e+00 0.000000e+00 0.000000e+00 0.000000e+00
1.060000e-01 0.000000e+00 -1.227847e+02 9.005329e+02 0.000000e+00 0.000000e+00 0.000000e+00 6.596035e+01 6.150481e+01 2.627146e+03 -1.105966e+01 0.000000e+00 0.000000e+00 0.000000e+00 0.000000e+00 0.000000e+00 0.000000e+00 0.000000e+00 0.000000e+00 0.000000e+00
1.070000e-01 0.000000e+00 -1.438192e+02 9.010065e+02 0.000000e+00 0.000000e+00 0.000000e+00 6.527923e+01 6.083233e+01 2.630483e+03 -9.672128e+00 0.000000e+00 0.000000e+00 0.000000e+00 0.000000e+00 0.000000e+00 0.000000e+00 0.000000e+00 0.000000e+00 0.000000e+00
1.080000e-01 0.000000e+00 -1.645696e+02 9.012882e+02 0.000000e+00 0.000000e+00 0.000000e+00 6.460217e+01 6.016384e+01 2.633617e+03 -8.293597e+00 0.000000e+00 0.000000e+00 0.000000e+00 0.000000e+00 0.000000e+00 0.000000e+00 0.000000e+00 0.000000e+00 0.000000e+00
1.090000e-01 0.000000e+00 -1.850285e+02 9.013779e+02 0.000000e+00 0.000000e+00 0.000000e+00 6.392931e+01 5.949950e+01 2.636547e+03 -6.924271e+00 0.000000e+00 0.000000e+00 0.000000e+00 0.000000e+00 0.000000e+00 0.000000e+00 0.000000e+00 0.000000e+00 0.000000e+00
1.100000e-01 0.000000e+00 -2.051884e+02 9.012759e+02 0.000000e+00 0.000000e+00 0.000000e+00 6.326079e+01 5.883944e+01 2.639272e+03 -5.564361e+00 0.000000e+00 0.000000e+00 0.000000e+00 0.000000e+00 0.000000e+00 0.000000e+00 0.000000e+00 0.000000e+00 0.000000e+00
1.110000e-01 0.000000e+00 -2.250423e+02 9.009827e+02 0.000000e+00 0.000000e+00 0.000000e+00 6.259676e+01 5.818379e+01 2.641791e+03 -4.214072e+00 0.000000e+00 0.000000e+00 0.000000e+00 0.000000e+00 0.000000e+00 0.000000e+00 0.000000e+00 0.000000e+00 0.000000e+00
1.120000e-01 0.000000e+00 -2.445835e+02 9.004989e+02 0.000000e+00 0.000000e+00 0.000000e+00 6.193735e+01 5.753269e+01 2.644103e+03 -2.873608e+00 0.000000e+00 0.000000e+00 0.000000e+00 0.000000e+00 0.000000e+00 0.000000e+00 0.000000e+00 0.000000e+00 0.000000e+00
1.130000e-01 0.000000e+00 -2.638054e+02 8.998257e+02 0.000000e+00 0.000000e+00 0.000000e+00 6.128269e+01 5.688626e+01 2.646208e+03 -1.543172e+00 0.000000e+00 0.000000e+00 0.000000e+00 0.000000e+00 0.000000e+00 0.000000e+00 0.000000e+00 0.000000e+00 0.000000e+00
1.140000e-01 0.000000e+00 -2.827017e+02 8.989642e+02 0.000000e+00 0.000000e+00 0.000000e+00 6.063290e+01 5.624463e+01 2.648105e+03 -2.229647e-01 0.000000e+00 0.000000e+00 0.000000e+00 0.000000e+00 0.000000e+00 0.000000e+00 0.000000e+00 0.000000e+00 0.000000e+00
1.150000e-01 0.000000e+00 -3.012666e+02 8.979158e+02 0.000000e+00 0.000000e+00 0.000000e+00 5.998812e+01 5.560794e+01 2.649794e+03 1.086816e+00 0.000000e+00 0.000000e+00 0.000000e+00 0.000000e+00 0.000000e+00 0.000000e+00 0.000000e+00 0.000000e+00 0.000000e+00
1.160000e-01 0.000000e+00 -3.194942e+02 8.966823e+02 0.000000e+00 0.000000e+00 0.000000e+00 5.934847e+01 5.497629e+01 2.651275e+03 2.385970e+00 0.000000e+00 0.000000e+00 0.000000e+00 0.000000e+00 0.000000e+00 0.000000e+00 0.000000e+00 0.000000e+00 0.000000e+00
1.170000e-01 0.000000e+00 -3.373793e+02 8.952655e+02 0.000000e+00 0.000000e+00 0.000000e+00 5.871407e+01 5.434981e+01 2.652549e+03 3.674302e+00 0.000000e+00 0.000000e+00 0.000000e+00 0.000000e+00 0.000000e+00 0.000000e+00 0.000000e+00 0.000000e+00 0.000000e+00
1.180000e-01 0.000000e+00 -3.549168e+02 8.936675e+02 0.000000e+00 0.000000e+00 0.000000e+00 5.808503e+01 5.372862e+01 2.653615e+03 4.951616e+00 0.000000e+00 0.000000e+00 0.000000e+00 0.000000e+00 0.000000e+00 0.000000e+00 0.000000e+00 0.000000e+00 0.000000e+00
1.190000e-01 0.000000e+00 -3.721018e+02 8.918908e+02 0.000000e+00 0.000000e+00 0.000000e+00 5.746148e+01 5.311282e+01 2.654475e+03 6.217714e+00 0.000000e+00 0.000000e+00 0.000000e+00 0.000000e+00 0.000000e+00 0.000000e+00 0.000000e+00 0.000000e+00 0.000000e+00
1.200000e-01 0.000000e+00 -3.889300e+02 8.899379e+02 0.000000e+00 0.000000e+00 0.000000e+00 5.684352e+01 5.250253e+01 2.655128e+03 7.472403e+00 0.000000e+00 0.000000e+00 0.000000e+00 0.000000e+00 0.000000e+00 0.000000e+00 0.000000e+00 0.000000e+00 0.000000e+00
1.210000e-01 0.000000e+00 -4.053970e+02 8.878115e+02 0.000000e+00 0.000000e+00 0.000000e+00 5.623126e+01 5.189786e+01 2.655577e+03 8.715487e+00 0.000000e+00 0.000000e+00 0.000000e+00 0.000000e+00 0.000000e+00 0.000000e+00 0.000000e+00 0.000000e+00 0.000000e+00
1.220000e-01 0.000000e+00 -4.214992e+02 8.855146e+02 0.000000e+00 0.000000e+00 0.000000e+00 5.562481e+01 5.129892e+01 2.655822e+03 9.946772e+00 0.000000e+00 0.000000e+00 0.000000e+00 0.000000e+00 0.000000e+00 0.000000e+00 0.000000e+00 0.000000e+00 0.000000e+00
1.230000e-01 0.000000e+00 -4.372328e+02 8.830503e+02 0.000000e+00 0.000000e+00 0.000000e+00 5.502428e+01 5.070579e+01 2.655864e+03 1.116606e+01 0.000000e+00 0.000000e+00 0.000000e+00 0.000000e+00 0.000000e+00 0.000000e+00 0.000000e+00 0.000000e+00 0.000000e+00
1.240000e-01 0.000000e+00 -4.525948e+02 8.804219e+02 0.000000e+00 0.000000e+00 0.000000e+00 5.442976e+01 5.011860e+01 2.655706e+03 1.237316e+01 0.000000e+00 0.000000e+00 0.000000e+00 0.000000e+00 0.000000e+00 0.000000e+00 0.000000e+00 0.000000e+00 0.000000e+00
1.250000e-01 0.000000e+00 -4.675821e+02 8.776329e+02 0.000000e+00 0.000000e+00 0.000000e+00 5.384136e+01 4.953743e+01 2.655347e+03 1.356788e+01 0.000000e+00 0.000000e+00 0.000000e+00 0.000000e+00 0.000000e+00 0.000000e+00 0.000000e+00 0.000000e+00 0.000000e+00
1.260000e-01 0.000000e+00 -4.821923e+02 8.746870e+02 0.000000e+00 0.000000e+00 0.000000e+00 5.325916e+01 4.896239e+01 2.654791e+03 1.475002e+01 0.000000e+00 0.000000e+00 0.000000e+00 0.000000e+00 0.000000e+00 0.000000e+00 0.000000e+00 0.000000e+00 0.000000e+00
1.270000e-01 0.000000e+00 -4.964229e+02 8.715877e+02 0.000000e+00 0.000000e+00 0.000000e+00 5.268328e+01 4.839356e+01 2.654040e+03 1.591938e+01 0.000000e+00 0.000000e+00 0.000000e+00 0.000000e+00 0.000000e+00 0.000000e+00 0.000000e+00 0.000000e+00 0.000000e+00
1.280000e-01 0.000000e+00 -5.102726e+02 8.683389e+02 0.000000e+00 0.000000e+00 0.000000e+00 5.211380e+01 4.783105e+01 2.653094e+03 1.707575e+01 0.000000e+00 0.000000e+00 0.000000e+00 0.000000e+00 0.000000e+00 0.000000e+00 0.000000e+00 0.000000e+00 0.000000e+00
1.290000e-01 0.000000e+00 -5.237407e+02 8.649444e+02 0.000000e+00 0.000000e+00 0.000000e+00 5.155080e+01 4.727493e+01 2.651957e+03 1.821895e+01 0.000000e+00 0.000000e+00 0.000000e+00 0.000000e+00 0.000000e+00 0.000000e+00 0.000000e+00 0.000000e+00 0.000000e+00
1.300000e-01 0.000000e+00 -5.368269e+02 8.614083e+02 0.000000e+00 0.000000e+00 0.000000e+00 5.099438e+01 4.672530e+01 2.650630e+03 1.934876e+01 0.000000e+00 0.000000e+00 0.000000e+00 0.000000e+00 0.000000e+00 0.000000e+00 0.000000e+00 0.000000e+00 0.000000e+00
1.310000e-01 0.000000e+00 -5.495309e+02 8.577350e+02 0.000000e+00 0.000000e+00 0.000000e+00 5.044462e+01 4.618223e+01 2.649117e+03 2.046501e+01 0.000000e+00 0.000000e+00 0.000000e+00 0.000000e+00 0.000000e+00 0.000000e+00 0.000000e+00 0.000000e+00 0.000000e+00
1.320000e-01 0.000000e+00 -5.618531e+02 8.539285e+02 0.000000e+00 0.000000e+00 0.000000e+00 4.990160e+01 4.564582e+01 2.647420e+03 2.156747e+01 0.000000e+00 0.000000e+00 0.000000e+00 0.000000e+00 0.000000e+00 0.000000e+00 0.000000e+00 0.000000e+00 0.000000e+00
1.330000e-01 0.000000e+00 -5.737937e+02 8.499932e+02 0.000000e+00 0.000000e+00 0.000000e+00 4.936539e+01 4.511615e+01 2.645541e+03 2.265596e+01 0.000000e+00 0.000000e+00 0.000000e+00 0.000000e+00 0.000000e+00 0.000000e+00 0.000000e+00 0.000000e+00 0.000000e+00
1.340000e-01 0.000000e+00 -5.853533e+02 8.459333e+02 0.000000e+00 0.000000e+00 0.000000e+00 4.883609e+01 4.459328e+01 2.643483e+03 2.373027e+01 0.000000e+00 0.000000e+00 0.000000e+00 0.000000e+00 0.000000e+00 0.000000e+00 0.000000e+00 0.000000e+00 0.000000e+00
1.350000e-01 0.000000e+00 -5.965330e+02 8.417533e+02 0.000000e+00 0.000000e+00 0.000000e+00 4.831376e+01 4.407730e+01 2.641249e+03 2.479019e+01 0.000000e+00 0.000000e+00 0.000000e+00 0.000000e+00 0.000000e+00 0.000000e+00 0.000000e+00 0.000000e+00 0.000000e+00
1.360000e-01 0.000000e+00 -6.073337e+02 8.374575e+02 0.000000e+00 0.000000e+00 0.000000e+00 4.779849e+01 4.356829e+01 2.638843e+03 2.583551e+01 0.000000e+00 0.000000e+00 0.000000e+00 0.000000e+00 0.000000e+00 0.000000e+00 0.000000e+00 0.000000e+00 0.000000e+00
1.370000e-01 0.000000e+00 -6.177568e+02 8.330503e+02 0.000000e+00 0.000000e+00 0.000000e+00 4.729033e+01 4.306632e+01 2.636267e+03 2.686603e+01 0.000000e+00 0.000000e+00 0.000000e+00 0.000000e+00 0.000000e+00 0.000000e+00 0.000000e+00 0.000000e+00 0.000000e+00
1.380000e-01 0.000000e+00 -6.278039e+02 8.285361e+02 0.000000e+00 0.000000e+00 0.000000e+00 4.678937e+01 4.257145e+01 2.633524e+03 2.788155e+01 0.000000e+00 0.000000e+00 0.000000e+00 0.000000e+00 0.000000e+00 0.000000e+00 0.000000e+00 0.000000e+00 0.000000e+00
1.390000e-01 0.000000e+00 -6.374767e+02 8.239193e+02 0.000000e+00 0.000000e+00 0.000000e+00 4.629567e+01 4.208377e+01 2.630618e+03 2.888184e+01 0.000000e+00 0.000000e+00 0.000000e+00 0.000000e+00 0.000000e+00 0.000000e+00 0.000000e+00 0.000000e+00 0.000000e+00
1.400000e-01 0.000000e+00 -6.467774e+02 8.192043e+02 0.000000e+00 0.000000e+00 0.000000e+00 4.580930e+01 4.160333e+01 2.627551e+03 2.986671e+01 0.000000e+00 0.000000e+00 0.000000e+00 0.000000e+00 0.000000e+00 0.000000e+00 0.000000e+00 0.000000e+00 0.000000e+00
1.410000e-01 0.000000e+00 -6.557080e+02 8.143955e+02 0.000000e+00 0.000000e+00 0.000000e+00 4.533033e+01 4.113022e+01 2.624328e+03 3.083595e+01 0.000000e+00 0.000000e+00 0.000000e+00 0.000000e+00 0.000000e+00 0.000000e+00 0.000000e+00 0.000000e+00 0.000000e+00
1.420000e-01 0.000000e+00 -6.642710e+02 8.094972e+02 0.000000e+00 0.000000e+00 0.000000e+00 4.485882e+01 4.066448e+01 2.620951e+03 3.178933e+01 0.000000e+00 0.000000e+00 0.000000e+00 0.000000e+00 0.000000e+00 0.000000e+00 0.000000e+00 0.000000e+00 0.000000e+00
1.430000e-01 0.000000e+00 -6.724691e+02 8.045139e+02 0.000000e+00 0.000000e+00 0.000000e+00 4.439483e+01 4.020619e+01 2.617424e+03 3.272666e+01 0.000000e+00 0.000000e+00 0.000000e+00 0.000000e+00 0.000000e+00 0.000000e+00 0.000000e+00 0.000000e+00 0.000000e+00
1.440000e-01 0.000000e+00 -6.803050e+02 7.994497e+02 0.000000e+00 0.000000e+00 0.000000e+00 4.393842e+01 3.975541e+01 2.613751e+03 3.364773e+01 0.000000e+00 0.000000e+00 0.000000e+00 0.000000e+00 0.000000e+00 0.000000e+00 0.000000e+00 0.000000e+00 0.000000e+00
1.450000e-01 0.000000e+00 -6.877818e+02 7.943090e+02 0.000000e+00 0.000000e+00 0.000000e+00 4.348966e+01 3.931219e+01 2.609936e+03 3.455231e+01 0.000000e+00 0.000000e+00 0.000000e+00 0.000000e+00 0.000000e+00 0.000000e+00 0.000000e+00 0.000000e+00 0.000000e+00
1.460000e-01 0.000000e+00 -6.949027e+02 7.890960e+02 0.000000e+00 0.000000e+00 0.000000e+00 4.304859e+01 3.887661e+01 2.605980e+03 3.544022e+01 0.000000e+00 0.000000e+00 0.000000e+00 0.000000e+00 0.000000e+00 0.000000e+00 0.000000e+00 0.000000e+00 0.000000e+00
1.470000e-01 0.000000e+00 -7.016711e+02 7.838148e+02 0.000000e+00 0.000000e+00 0.000000e+00 4.261528e+01 3.844870e+01 2.601890e+03 3.631123e+01 0.000000e+00 0.000000e+00 0.000000e+00 0.000000e+00 0.000000e+00 0.000000e+00 0.000000e+00 0.000000e+00 0.000000e+00
1.480000e-01 0.000000e+00 -7.080904e+02 7.784696e+02 0.000000e+00 0.000000e+00 0.000000e+00 4.218977e+01 3.802853e+01 2.597667e+03 3.716515e+01 0.000000e+00 0.000000e+00 0.000000e+00 0.000000e+00 0.000000e+00 0.000000e+00 0.000000e+00 0.000000e+00 0.000000e+00
1.490000e-01 0.000000e+00 -7.141645e+02 7.730643e+02 0.000000e+00 0.000000e+00 0.000000e+00 4.177213e+01 3.761615e+01 2.593317e+03 3.800176e+01 0.000000e+00 0.000000e+00 0.000000e+00 0.000000e+00 0.000000e+00 0.000000e+00 0.000000e+00 0.000000e+00 0.000000e+00
1.500000e-01 0.000000e+00 -7.198971e+02 7.676031e+02 0.000000e+00 0.000000e+00 0.000000e+00 4.136238e+01 3.721162e+01 2.588841e+03 3.882087e+01 0.000000e+00 0.000000e+00 0.000000e+00 0.000000e+00 0.000000e+00 0.000000e+00 0.000000e+00 0.000000e+00 0.000000e+00
1.510000e-01 0.000000e+00 -7.252924e+02 7.620898e+02 0.000000e+00 0.000000e+00 0.000000e+00 4.096060e+01 3.681497e+01 2.584245e+03 3.962227e+01 0.000000e+00 0.000000e+00 0.000000e+00 0.000000e+00 0.000000e+00 0.000000e+00 0.000000e+00 0.000000e+00 0.000000e+00
1.520000e-01 0.000000e+00 -7.303555e+02 7.565280e+02 0.000000e+00 0.000000e+00 0.000000e+00 4.056680e+01 3.642626e+01 2.579532e+03 4.040577e+01 0.000000e+00 0.000000e+00 0.000000e+00 0.000000e+00 0.000000e+00 0.000000e+00 0.000000e+00 0.000000e+00 0.000000e+00
1.530000e-01 0.000000e+00 -7.350916e+02 7.509214e+02 0.000000e+00 0.000000e+00 0.000000e+00 4.018105e+01 3.604553e+01 2.574706e+03 4.117117e+01 0.000000e+00 0.000000e+00 0.000000e+00 0.000000e+00 0.000000e+00 0.000000e+00 0.000000e+00 0.000000e+00 0.000000e+00
1.540000e-01 0.000000e+00 -7.395065e+02 7.452735e+02 0.000000e+00 0.000000e+00 0.000000e+00 3.980337e+01 3.567282e+01 2.569769e+03 4.191829e+01 0.000000e+00 0.000000e+00 0.000000e+00 0.000000e+00 0.000000e+00 0.000000e+00 0.000000e+00 0.000000e+00 0.000000e+00
1.550000e-01 0.000000e+00 -7.436055e+02 7.395877e+02 0.000000e+00 0.000000e+00 0.000000e+00 3.943381e+01 3.530816e+01 2.564727e+03 4.264694e+01 0.000000e+00 0.000000e+00 0.000000e+00 0.000000e+00 0.000000e+00 0.000000e+00 0.000000e+00 0.000000e+00 0.000000e+00
1.560000e-01 0.000000e+00 -7.473942e+02 7.338675e+02 0.000000e+00 0.000000e+00 0.000000e+00 3.907239e+01 3.495160e+01 2.559582e+03 4.335693e+01 0.000000e+00 0.000000e+00 0.000000e+00 0.000000e+00 0.000000e+00 0.000000e+00 0.000000e+00 0.000000e+00 0.000000e+00
1.570000e-01 0.000000e+00 -7.508784e+02 7.281161e+02 0.000000e+00 0.000000e+00 0.000000e+00 3.871914e+01 3.460316e+01 2.554339e+03 4.404809e+01 0.000000e+00 0.000000e+00 0.000000e+00 0.000000e+00 0.000000e+00 0.000000e+00 0.000000e+00 0.000000e+00 0.000000e+00
1.580000e-01 0.000000e+00 -7.540636e+02 7.223366e+02 0.000000e+00 0.000000e+00 0.000000e+00 3.837410e+01 3.426287e+01 2.549001e+03 4.472024e+01 0.000000e+00 0.000000e+00 0.000000e+00 0.000000e+00 0.000000e+00 0.000000e+00 0.000000e+00 0.000000e+00 0.000000e+00
1.590000e-01 0.000000e+00 -7.569555e+02 7.165320e+02 0.000000e+00 0.000000e+00 0.000000e+00 3.803730e+01 3.393078e+01 2.543571e+03 4.537321e+01 0.000000e+00 0.000000e+00 0.000000e+00 0.000000e+00 0.000000e+00 0.000000e+00 0.000000e+00 0.000000e+00 0.000000e+00
1.600000e-01 0.000000e+00 -7.595599e+02 7.107053e+02 0.000000e+00 0.000000e+00 0.000000e+00 3.770876e+01 3.360690e+01 2.538053e+03 4.600683e+01 0.000000e+00 0.000000e+00 0.000000e+00 0.000000e+00 0.000000e+00 0.000000e+00 0.000000e+00 0.000000e+00 0.000000e+00
1.610000e-01 0.000000e+00 -7.618826e+02 7.048593e+02 0.000000e+00 0.000000e+00 0.000000e+00 3.738850e+01 3.329127e+01 2.532451e+03 4.662094e+01 0.000000e+00 0.000000e+00 0.000000e+00 0.000000e+00 0.000000e+00 0.000000e+00 0.000000e+00 0.000000e+00 0.000000e+00
1.620000e-01 0.000000e+00 -7.639292e+02 6.989967e+02 0.000000e+00 0.000000e+00 0.000000e+00 3.707654e+01 3.298389e+01 2.526769e+03 4.721539e+01 0.000000e+00 0.000000e+00 0.000000e+00 0.000000e+00 0.000000e+00 0.000000e+00 0.000000e+00 0.000000e+00 0.000000e+00
1.630000e-01 0.000000e+00 -7.657056e+02 6.931201e+02 0.000000e+00 0.000000e+00 0.000000e+00 3.677291e+01 3.268480e+01 2.521009e+03 4.779001e+01 0.000000e+00 0.000000e+00 0.000000e+00 0.000000e+00 0.000000e+00 0.000000e+00 0.000000e+00 0.000000e+00 0.000000e+00
1.640000e-01 0.000000e+00 -7.672175e+02 6.872320e+02 0.000000e+00 0.000000e+00 0.000000e+00 3.647762e+01 3.239402e+01 2.515175e+03 4.834467e+01 0.000000e+00 0.000000e+00 0.000000e+00 0.000000e+00 0.000000e+00 0.000000e+00 0.000000e+00 0.000000e+00 0.000000e+00
1.650000e-01 0.000000e+00 -7.684707e+02 6.813347e+02 0.000000e+00 0.000000e+00 0.000000e+00 3.619068e+01 3.211155e+01 2.509271e+03 4.887922e+01 0.000000e+00 0.000000e+00 0.000000e+00 0.000000e+00 0.000000e+00 0.000000e+00 0.000000e+00 0.000000e+00 0.000000e+00
1.660000e-01 0.000000e+00 -7.694709e+02 6.754305e+02 0.000000e+00 0.000000e+00 0.000000e+00 3.591211e+01 3.183742e+01 2.503299e+03 4.939353e+01 0.000000e+00 0.000000e+00 0.000000e+00 0.000000e+00 0.000000e+00 0.000000e+00 0.000000e+00 0.000000e+00 0.000000e+00
1.670000e-01 0.000000e+00 -7.702240e+02 6.695217e+02 0.000000e+00 0.000000e+00 0.000000e+00 3.564191e+01 3.157164e+01 2.497264e+03 4.988747e+01 0.000000e+00 0.000000e+00 0.000000e+00 0.000000e+00 0.000000e+00 0.000000e+00 0.000000e+00 0.000000e+00 0.000000e+00
1.680000e-01 0.000000e+00 -7.707357e+02 6.636102e+02 0.000000e+00 0.000000e+00 0.000000e+00 3.538010e+01 3.131421e+01 2.491168e+03 5.036092e+01 0.000000e+00 0.000000e+00 0.000000e+00 0.000000e+00 0.000000e+00 0.000000e+00 0.000000e+00 0.000000e+00 0.000000e+00
1.690000e-01 0.000000e+00 -7.710116e+02 6.576979e+02 0.000000e+00 0.000000e+00 0.000000e+00 3.512668e+01 3.106514e+01 2.485015e+03 5.081375e+01 0.000000e+00 0.000000e+00 0.000000e+00 0.000000e+00 0.000000e+00 0.000000e+00 0.000000e+00 0.000000e+00 0.000000e+00
1.700000e-01 0.000000e+00 -7.710575e+02 6.517869e+02 0.000000e+00 0.000000e+00 0.000000e+00 3.488165e+01 3.082445e+01 2.478807e+03 5.124586e+01 0.000000e+00 0.000000e+00 0.000000e+00 0.000000e+00 0.000000e+00 0.000000e+00 0.000000e+00 0.000000e+00 0.000000e+00
1.710000e-01 0.000000e+00 -7.708791e+02 6.458787e+02 0.000000e+00 0.000000e+00 0.000000e+00 3.464501e+01 3.059212e+01 2.472549e+03 5.165715e+01 0.000000e+00 0.000000e+00 0.000000e+00 0.000000e+00 0.000000e+00 0.000000e+00 0.000000e+00 0.000000e+00 0.000000e+00
1.720000e-01 0.000000e+00 -7.704820e+02 6.399750e+02 0.000000e+00 0.000000e+00 0.000000e+00 3.441677e+01 3.036817e+01 2.466242e+03 5.204752e+01 0.000000e+00 0.000000e+00 0.000000e+00 0.000000e+00 0.000000e+00 0.000000e+00 0.000000e+00 0.000000e+00 0.000000e+00
1.730000e-01 0.000000e+00 -7.698717e+02 6.340775e+02 0.000000e+00 0.000000e+00 0.000000e+00 3.419691e+01 3.015259e+01 2.459890e+03 5.241688e+01 0.000000e+00 0.000000e+00 0.000000e+00 0.000000e+00 0.000000e+00 0.000000e+00 0.000000e+00 0.000000e+00 0.000000e+00
1.740000e-01 0.000000e+00 -7.690538e+02 6.281874e+02 0.000000e+00 0.000000e+00 0.000000e+00 3.398544e+01 2.994537e+01 2.453496e+03 5.276515e+01 0.000000e+00 0.000000e+00 0.000000e+00 0.000000e+00 0.000000e+00 0.000000e+00 0.000000e+00 0.000000e+00 0.000000e+00
1.750000e-01 0.000000e+00 -7.680340e+02 6.223062e+02 0.000000e+00 0.000000e+00 0.000000e+00 3.378233e+01 2.974651e+01 2.447063e+03 5.309225e+01 0.000000e+00 0.000000e+00 0.000000e+00 0.000000e+00 0.000000e+00 0.000000e+00 0.000000e+00 0.000000e+00 0.000000e+00
1.760000e-01 0.000000e+00 -7.668191e+02 6.164351e+02 0.000000e+00 0.000000e+00 0.000000e+00 3.358758e+01 2.955598e+01 2.440593e+03 5.339814e+01 0.000000e+00 0.000000e+00 0.000000e+00 0.000000e+00 0.000000e+00 0.000000e+00 0.000000e+00 0.000000e+00 0.000000e+00
1.770000e-01 0.000000e+00 -7.654156e+02 6.105753e+02 0.000000e+00 0.000000e+00 0.000000e+00 3.340116e+01 2.937378e+01 2.434090e+03 5.368277e+01 0.000000e+00 0.000000e+00 0.000000e+00 0.000000e+00 0.000000e+00 0.000000e+00 0.000000e+00 0.000000e+00 0.000000e+00
1.780000e-01 0.000000e+00 -7.638300e+02 6.047277e+02 0.000000e+00 0.000000e+00 0.000000e+00 3.322304e+01 2.919988e+01 2.427555e+03 5.394609e+01 0.000000e+00 0.000000e+00 0.000000e+00 0.000000e+00 0.000000e+00 0.000000e+00 0.000000e+00 0.000000e+00 0.000000e+00
1.790000e-01 0.000000e+00 -7.620686e+02 5.988933e+02 0.000000e+00 0.000000e+00 0.000000e+00 3.305321e+01 2.903424e+01 2.420992e+03 5.418809e+01 0.000000e+00 0.000000e+00 0.000000e+00 0.000000e+00 0.000000e+00 0.000000e+00 0.000000e+00 0.000000e+00 0.000000e+00
1.800000e-01 0.000000e+00 -7.601375e+02 5.930730e+02 0.000000e+00 0.000000e+00 0.000000e+00 3.289162e+01 2.887686e+01 2.414404e+03 5.440873e+01 0.000000e+00 0.000000e+00 0.000000e+00 0.000000e+00 0.000000e+00 0.000000e+00 0.000000e+00 0.000000e+00 0.000000e+00
1.810000e-01 0.000000e+00 -7.580429e+02 5.872675e+02 0.000000e+00 0.000000e+00 0.000000e+00 3.273826e+01 2.872768e+01 2.407791e+03 5.460800e+01 0.000000e+00 0.000000e+00 0.000000e+00 0.000000e+00 0.000000e+00 0.000000e+00 0.000000e+00 0.000000e+00 0.000000e+00
1.820000e-01 0.000000e+00 -7.557908e+02 5.814776e+02 0.000000e+00 0.000000e+00 0.000000e+00 3.259307e+01 2.858670e+01 2.401158e+03 5.478589e+01 0.000000e+00 0.000000e+00 0.000000e+00 0.000000e+00 0.000000e+00 0.000000e+00 0.000000e+00 0.000000e+00 0.000000e+00
1.830000e-01 0.000000e+00 -7.533870e+02 5.757039e+02 0.000000e+00 0.000000e+00 0.000000e+00 3.245603e+01 2.845385e+01 2.394506e+03 5.494242e+01 0.000000e+00 0.000000e+00 0.000000e+00 0.000000e+00 0.000000e+00 0.000000e+00 0.000000e+00 0.000000e+00 0.000000e+00
1.840000e-01 0.000000e+00 -7.508374e+02 5.699469e+02 0.000000e+00 0.000000e+00 0.000000e+00 3.232710e+01 2.832912e+01 2.387839e+03 5.507760e+01 0.000000e+00 0.000000e+00 0.000000e+00 0.000000e+00 0.000000e+00 0.000000e+00 0.000000e+00 0.000000e+00 0.000000e+00
1.850000e-01 0.000000e+00 -7.481476e+02 5.642072e+02 0.000000e+00 0.000000e+00 0.000000e+00 3.220623e+01 2.821245e+01 2.381157e+03 5.519145e+01 0.000000e+00 0.000000e+00 0.000000e+00 0.000000e+00 0.000000e+00 0.000000e+00 0.000000e+00 0.000000e+00 0.000000e+00
1.860000e-01 0.000000e+00 -7.453233e+02 5.584853e+02 0.000000e+00 0.000000e+00 0.000000e+00 3.209338e+01 2.810380e+01 2.374463e+03 5.528400e+01 0.000000e+00 0.000000e+00 0.000000e+00 0.000000e+00 0.000000e+00 0.000000e+00 0.000000e+00 0.000000e+00 0.000000e+00
1.870000e-01 0.000000e+00 -7.423700e+02 5.527814e+02 0.000000e+00 0.000000e+00 0.000000e+00 3.198849e+01 2.800312e+01 2.367759e+03 5.535530e+01 0.000000e+00 0.000000e+00 0.000000e+00 0.000000e+00 0.000000e+00 0.000000e+00 0.000000e+00 0.000000e+00 0.000000e+00
1.880000e-01 0.000000e+00 -7.392930e+02 5.470960e+02 0.000000e+00 0.000000e+00 0.000000e+00 3.189152e+01 2.791037e+01 2.361048e+03 5.540540e+01 0.000000e+00 0.000000e+00 0.000000e+00 0.000000e+00 0.000000e+00 0.000000e+00 0.000000e+00 0.000000e+00 0.000000e+00
1.890000e-01 0.000000e+00 -7.360977e+02 5.414292e+02 0.000000e+00 0.000000e+00 0.000000e+00 3.180241e+01 2.782549e+01 2.354331e+03 5.543436e+01 0.000000e+00 0.000000e+00 0.000000e+00 0.000000e+00 0.000000e+00 0.000000e+00 0.000000e+00 0.000000e+00 0.000000e+00
1.900000e-01 0.000000e+00 -7.327891e+02 5.357813e+02 0.000000e+00 0.000000e+00 0.000000e+00 3.172111e+01 2.774843e+01 2.347611e+03 5.544225e+01 0.000000e+00 0.000000e+00 0.000000e+00 0.000000e+00 0.000000e+00 0.000000e+00 0.000000e+00 0.000000e+00 0.000000e+00
1.910000e-01 0.000000e+00 -7.293723e+02 5.301524e+02 0.000000e+00 0.000000e+00 0.000000e+00 3.164755e+01 2.767912e+01 2.340889e+03 5.542915e+01 0.000000e+00 0.000000e+00 0.000000e+00 0.000000e+00 0.000000e+00 0.000000e+00 0.000000e+00 0.000000e+00 0.000000e+00
1.920000e-01 0.000000e+00 -7.258524e+02 5.245427e+02 0.000000e+00 0.000000e+00 0.000000e+00 3.158167e+01 2.761751e+01 2.334167e+03 5.539515e+01 0.000000e+00 0.000000e+00 0.000000e+00 0.000000e+00 0.000000e+00 0.000000e+00 0.000000e+00 0.000000e+00 0.000000e+00
1.930000e-01 0.000000e+00 -7.222341e+02 5.189521e+02 0.000000e+00 0.000000e+00 0.000000e+00 3.152341e+01 2.756354e+01 2.327446e+03 5.534034e+01 0.000000e+00 0.000000e+00 0.000000e+00 0.000000e+00 0.000000e+00 0.000000e+00 0.000000e+00 0.000000e+00 0.000000e+00
1.940000e-01 0.000000e+00 -7.185221e+02 5.133808e+02 0.000000e+00 0.000000e+00 0.000000e+00 3.147270e+01 2.751713e+01 2.320730e+03 5.526483e+01 0.000000e+00 0.000000e+00 0.000000e+00 0.000000e+00 0.000000e+00 0.000000e+00 0.000000e+00 0.000000e+00 0.000000e+00
1.950000e-01 0.000000e+00 -7.147210e+02 5.078286e+02 0.000000e+00 0.000000e+00 0.000000e+00 3.142948e+01 2.747822e+01 2.314018e+03 5.516875e+01 0.000000e+00 0.000000e+00 0.000000e+00 0.000000e+00 0.000000e+00 0.000000e+00 0.000000e+00 0.000000e+00 0.000000e+00
1.960000e-01 0.000000e+00 -7.108354e+02 5.022955e+02 0.000000e+00 0.000000e+00 0.000000e+00 3.139367e+01 2.744674e+01 2.307313e+03 5.505220e+01 0.000000e+00 0.000000e+00 0.000000e+00 0.000000e+00 0.000000e+00 0.000000e+00 0.000000e+00 0.000000e+00 0.000000e+00
1.970000e-01 0.000000e+00 -7.068696e+02 4.967814e+02 0.000000e+00 0.000000e+00 0.000000e+00 3.136519e+01 2.742262e+01 2.300616e+03 5.491533e+01 0.000000e+00 0.000000e+00 0.000000e+00 0.000000e+00 0.000000e+00 0.000000e+00 0.000000e+00 0.000000e+00 0.000000e+00
1.980000e-01 0.000000e+00 -7.028280e+02 4.912861e+02 0.000000e+00 0.000000e+00 0.000000e+00 3.134397e+01 2.740578e+01 2.293930e+03 5.475828e+01 0.000000e+00 0.000000e+00 0.000000e+00 0.000000e+00 0.000000e+00 0.000000e+00 0.000000e+00 0.000000e+00 0.000000e+00
1.990000e-01 0.000000e+00 -6.987154e+02 4.858095e+02 0.000000e+00 0.000000e+00 0.000000e+00 3.132993e+01 2.739613e+01 2.287254e+03 5.458121e+01 0.000000e+00 0.000000e+00 0.000000e+00 0.000000e+00 0.000000e+00 0.000000e+00 0.000000e+00 0.000000e+00 0.000000e+00
2.000000e-01 0.000000e+00 -6.945373e+02 4.803512e+02 0.000000e+00 0.000000e+00 0.000000e+00 3.132297e+01 2.739359e+01 2.280591e+03 5.438430e+01 0.000000e+00 0.000000e+00 0.000000e+00 0.000000e+00 0.000000e+00 0.000000e+00 0.000000e+00 0.000000e+00 0.000000e+00
2.010000e-01 0.000000e+00 -6.902983e+02 4.749111e+02 0.000000e+00 0.000000e+00 0.000000e+00 3.132299e+01 2.739805e+01 2.273942e+03 5.416774e+01 0.000000e+00 0.000000e+00 0.000000e+00 0.000000e+00 0.000000e+00 0.000000e+00 0.000000e+00 0.000000e+00 0.000000e+00
2.020000e-01 0.000000e+00 -6.860031e+02 4.694887e+02 0.000000e+00 0.000000e+00 0.000000e+00 3.132990e+01 2.740943e+01 2.267309e+03 5.393172e+01 0.000000e+00 0.000000e+00 0.000000e+00 0.000000e+00 0.000000e+00 0.000000e+00 0.000000e+00 0.000000e+00 0.000000e+00
2.030000e-01 0.000000e+00 -6.816563e+02 4.640837e+02 0.000000e+00 0.000000e+00 0.000000e+00 3.134361e+01 2.742763e+01 2.260691e+03 5.367644e+01 0.000000e+00 0.000000e+00 0.000000e+00 0.000000e+00 0.000000e+00 0.000000e+00 0.000000e+00 0.000000e+00 0.000000e+00
2.040000e-01 0.000000e+00 -6.772621e+02 4.586958e+02 0.000000e+00 0.000000e+00 0.000000e+00 3.136400e+01 2.745255e+01 2.254092e+03 5.340210e+01 0.000000e+00 0.000000e+00 0.000000e+00 0.000000e+00 0.000000e+00 0.000000e+00 0.000000e+00 0.000000e+00 0.000000e+00
2.050000e-01 0.000000e+00 -6.728250e+02 4.533246e+02 0.000000e+00 0.000000e+00 0.000000e+00 3.139099e+01 2.748408e+01 2.247511e+03 5.310893e+01 0.000000e+00 0.000000e+00 0.000000e+00 0.000000e+00 0.000000e+00 0.000000e+00 0.000000e+00 0.000000e+00 0.000000e+00
2.060000e-01 0.000000e+00 -6.683490e+02 4.479697e+02 0.000000e+00 0.000000e+00 0.000000e+00 3.142446e+01 2.752213e+01 2.240950e+03 5.279716e+01 0.000000e+00 0.000000e+00 0.000000e+00 0.000000e+00 0.000000e+00 0.000000e+00 0.000000e+00 0.000000e+00 0.000000e+00
2.070000e-01 0.000000e+00 -6.638383e+02 4.426307e+02 0.000000e+00 0.000000e+00 0.000000e+00 3.146430e+01 2.756658e+01 2.234410e+03 5.246703e+01 0.000000e+00 0.000000e+00 0.000000e+00 0.000000e+00 0.000000e+00 0.000000e+00 0.000000e+00 0.000000e+00 0.000000e+00
2.080000e-01 0.000000e+00 -6.592966e+02 4.373072e+02 0.000000e+00 0.000000e+00 0.000000e+00 3.151041e+01 2.761732e+01 2.227892e+03 5.211878e+01 0.000000e+00 0.000000e+00 0.000000e+00 0.000000e+00 0.000000e+00 0.000000e+00 0.000000e+00 0.000000e+00 0.000000e+00
2.090000e-01 0.000000e+00 -6.547279e+02 4.319987e+02 0.000000e+00 0.000000e+00 0.000000e+00 3.156267e+01 2.767425e+01 2.221397e+03 5.175267e+01 0.000000e+00 0.000000e+00 0.000000e+00 0.000000e+00 0.000000e+00 0.000000e+00 0.000000e+00 0.000000e+00 0.000000e+00
2.100000e-01 0.000000e+00 -6.501358e+02 4.267048e+02 0.000000e+00 0.000000e+00 0.000000e+00 3.162096e+01 2.773724e+01 2.214926e+03 5.136896e+01 0.000000e+00 0.000000e+00 0.000000e+00 0.000000e+00 0.000000e+00 0.000000e+00 0.000000e+00 0.000000e+00 0.000000e+00
2.110000e-01 0.000000e+00 -6.455240e+02 4.214250e+02 0.000000e+00 0.000000e+00 0.000000e+00 3.168517e+01 2.780618e+01 2.208479e+03 5.096793e+01 0.000000e+00 0.000000e+00 0.000000e+00 0.000000e+00 0.000000e+00 0.000000e+00 0.000000e+00 0.000000e+00 0.000000e+00
2.120000e-01 0.000000e+00 -6.408957e+02 4.161590e+02 0.000000e+00 0.000000e+00 0.000000e+00 3.175518e+01 2.788096e+01 2.202058e+03 5.054985e+01 0.000000e+00 0.000000e+00 0.000000e+00 0.000000e+00 0.000000e+00 0.000000e+00 0.000000e+00 0.000000e+00 0.000000e+00
2.130000e-01 0.000000e+00 -6.362545e+02 4.109061e+02 0.000000e+00 0.000000e+00 0.000000e+00 3.183086e+01 2.796144e+01 2.195663e+03 5.011503e+01 0.000000e+00 0.000000e+00 0.000000e+00 0.000000e+00 0.000000e+00 0.000000e+00 0.000000e+00 0.000000e+00 0.000000e+00
2.140000e-01 0.000000e+00 -6.316035e+02 4.056659e+02 0.000000e+00 0.000000e+00 0.000000e+00 3.191210e+01 2.804750e+01 2.189296e+03 4.966374e+01 0.000000e+00 0.000000e+00 0.000000e+00 0.000000e+00 0.000000e+00 0.000000e+00 0.000000e+00 0.000000e+00 0.000000e+00
2.150000e-01 0.000000e+00 -6.269458e+02 4.004379e+02 0.000000e+00 0.000000e+00 0.000000e+00 3.199876e+01 2.813903e+01 2.182956e+03 4.919630e+01 0.000000e+00 0.000000e+00 0.000000e+00 0.000000e+00 0.000000e+00 0.000000e+00 0.000000e+00 0.000000e+00 0.000000e+00
2.160000e-01 0.000000e+00 -6.222846e+02 3.952217e+02 0.000000e+00 0.000000e+00 0.000000e+00 3.209072e+01 2.823589e+01 2.176645e+03 4.871302e+01 0.000000e+00 0.000000e+00 0.000000e+00 0.000000e+00 0.000000e+00 0.000000e+00 0.000000e+00 0.000000e+00 0.000000e+00
2.170000e-01 0.000000e+00 -6.176225e+02 3.900168e+02 0.000000e+00 0.000000e+00 0.000000e+00 3.218785e+01 2.833796e+01 2.170363e+03 4.821422e+01 0.000000e+00 0.000000e+00 0.000000e+00 0.000000e+00 0.000000e+00 0.000000e+00 0.000000e+00 0.000000e+00 0.000000e+00
2.180000e-01 0.000000e+00 -6.129625e+02 3.848226e+02 0.000000e+00 0.000000e+00 0.000000e+00 3.229001e+01 2.844509e+01 2.164110e+03 4.770022e+01 0.000000e+00 0.000000e+00 0.000000e+00 0.000000e+00 0.000000e+00 0.000000e+00 0.000000e+00 0.000000e+00 0.000000e+00
2.190000e-01 0.000000e+00 -6.083072e+02 3.796387e+02 0.000000e+00 0.000000e+00 0.000000e+00 3.239709e+01 2.855718e+01 2.157888e+03 4.717135e+01 0.000000e+00 0.000000e+00 0.000000e+00 0.000000e+00 0.000000e+00 0.000000e+00 0.000000e+00 0.000000e+00 0.000000e+00
2.200000e-01 0.000000e+00 -6.036592e+02 3.744646e+02 0.000000e+00 0.000000e+00 0.000000e+00 3.250893e+01 2.867407e+01 2.151697e+03 4.662795e+01 0.000000e+00 0.000000e+00 0.000000e+00 0.000000e+00 0.000000e+00 0.000000e+00 0.000000e+00 0.000000e+00 0.000000e+00
2.210000e-01 0.000000e+00 -5.990209e+02 3.692998e+02 0.000000e+00 0.000000e+00 0.000000e+00 3.262542e+01 2.879563e+01 2.145538e+03 4.607037e+01 0.000000e+00 0.000000e+00 0.000000e+00 0.000000e+00 0.000000e+00 0.000000e+00 0.000000e+00 0.000000e+00 0.000000e+00
2.220000e-01 0.000000e+00 -5.943951e+02 3.641438e+02 0.000000e+00 0.000000e+00 0.000000e+00 3.274640e+01 2.892172e+01 2.139410e+03 4.549896e+01 0.000000e+00 0.000000e+00 0.000000e+00 0.000000e+00 0.000000e+00 0.000000e+00 0.000000e+00 0.000000e+00 0.000000e+00
2.230000e-01 0.000000e+00 -5.897853e+02 3.589960e+02 0.000000e+00 0.000000e+00 0.000000e+00 3.287171e+01 2.905219e+01 2.133315e+03 4.491412e+01 0.000000e+00 0.000000e+00 0.000000e+00 0.000000e+00 0.000000e+00 0.000000e+00 0.000000e+00 0.000000e+00 0.000000e+00
2.240000e-01 0.000000e+00 -5.851940e+02 3.538559e+02 0.000000e+00 0.000000e+00 0.000000e+00 3.300122e+01 2.918688e+01 2.127253e+03 4.431622e+01 0.000000e+00 0.000000e+00 0.000000e+00 0.000000e+00 0.000000e+00 0.000000e+00 0.000000e+00 0.000000e+00 0.000000e+00
2.250000e-01 0.000000e+00 -5.806239e+02 3.487229e+02 0.000000e+00 0.000000e+00 0.000000e+00 3.313476e+01 2.932565e+01 2.121224e+03 4.370564e+01 0.000000e+00 0.000000e+00 0.000000e+00 0.000000e+00 0.000000e+00 0.000000e+00 0.000000e+00 0.000000e+00 0.000000e+00
2.260000e-01 0.000000e+00 -5.760774e+02 3.435965e+02 0.000000e+00 0.000000e+00 0.000000e+00 3.327219e+01 2.946835e+01 2.115229e+03 4.308278e+01 0.000000e+00 0.000000e+00 0.000000e+00 0.000000e+00 0.000000e+00 0.000000e+00 0.000000e+00 0.000000e+00 0.000000e+00
2.270000e-01 0.000000e+00 -5.715571e+02 3.384762e+02 0.000000e+00 0.000000e+00 0.000000e+00 3.341335e+01 2.961481e+01 2.109268e+03 4.244803e+01 0.000000e+00 0.000000e+00 0.000000e+00 0.000000e+00 0.000000e+00 0.000000e+00 0.000000e+00 0.000000e+00 0.000000e+00
2.280000e-01 0.000000e+00 -5.670650e+02 3.333615e+02 0.000000e+00 0.000000e+00 0.000000e+00 3.355809e+01 2.976489e+01 2.103341e+03 4.180178e+01 0.000000e+00 0.000000e+00 0.000000e+00 0.000000e+00 0.000000e+00 0.000000e+00 0.000000e+00 0.000000e+00 0.000000e+00
2.290000e-01 0.000000e+00 -5.626036e+02 3.282518e+02 0.000000e+00 0.000000e+00 0.000000e+00 3.370626e+01 2.991843e+01 2.097449e+03 4.114446e+01 0.000000e+00 0.000000e+00 0.000000e+00 0.000000e+00 0.000000e+00 0.000000e+00 0.000000e+00 0.000000e+00 0.000000e+00
2.300000e-01 0.000000e+00 -5.581749e+02 3.231467e+02 0.000000e+00 0.000000e+00 0.000000e+00 3.385768e+01 3.007527e+01 2.091592e+03 4.047647e+01 0.000000e+00 0.000000e+00 0.000000e+00 0.000000e+00 0.000000e+00 0.000000e+00 0.000000e+00 0.000000e+00 0.000000e+00
2.310000e-01 0.000000e+00 -5.537810e+02 3.180457e+02 0.000000e+00 0.000000e+00 0.000000e+00 3.401221e+01 3.023525e+01 2.085770e+03 3.979824e+01 0.000000e+00 0.000000e+00 0.000000e+00 0.000000e+00 0.000000e+00 0.000000e+00 0.000000e+00 0.000000e+00 0.000000e+00
2.320000e-01 0.000000e+00 -5.494238e+02 3.129482e+02 0.000000e+00 0.000000e+00 0.000000e+00 3.416967e+01 3.039821e+01 2.079984e+03 3.911020e+01 0.000000e+00 0.000000e+00 0.000000e+00 0.000000e+00 0.000000e+00 0.000000e+00 0.000000e+00 0.000000e+00 0.000000e+00
2.330000e-01 0.000000e+00 -5.451051e+02 3.078538e+02 0.000000e+00 0.000000e+00 0.000000e+00 3.432992e+01 3.056399e+01 2.074233e+03 3.841276e+01 0.000000e+00 0.000000e+00 0.000000e+00 0.000000e+00 0.000000e+00 0.000000e+00 0.000000e+00 0.000000e+00 0.000000e+00
2.340000e-01 0.000000e+00 -5.408268e+02 3.027619e+02 0.000000e+00 0.000000e+00 0.000000e+00 3.449277e+01 3.073241e+01 2.068518e+03 3.770638e+01 0.000000e+00 0.000000e+00 0.000000e+00 0.000000e+00 0.000000e+00 0.000000e+00 0.000000e+00 0.000000e+00 0.000000e+00
2.350000e-01 0.000000e+00 -5.365906e+02 2.976722e+02 0.000000e+00 0.000000e+00 0.000000e+00 3.465808e+01 3.090333e+01 2.062840e+03 3.699149e+01 0.000000e+00 0.000000e+00 0.000000e+00 0.000000e+00 0.000000e+00 0.000000e+00 0.000000e+00 0.000000e+00 0.000000e+00
2.360000e-01 0.000000e+00 -5.323980e+02 2.925840e+02 0.000000e+00 0.000000e+00 0.000000e+00 3.482567e+01 3.107656e+01 2.057198e+03 3.626853e+01 0.000000e+00 0.000000e+00 0.000000e+00 0.000000e+00 0.000000e+00 0.000000e+00 0.000000e+00 0.000000e+00 0.000000e+00
2.370000e-01 0.000000e+00 -5.282505e+02 2.874971e+02 0.000000e+00 0.000000e+00 0.000000e+00 3.499537e+01 3.125195e+01 2.051592e+03 3.553796e+01 0.000000e+00 0.000000e+00 0.000000e+00 0.000000e+00 0.000000e+00 0.000000e+00 0.000000e+00 0.000000e+00 0.000000e+00
2.380000e-01 0.000000e+00 -5.241497e+02 2.824109e+02 0.000000e+00 0.000000e+00 0.000000e+00 3.516702e+01 3.142932e+01 2.046023e+03 3.480023e+01 0.000000e+00 0.000000e+00 0.000000e+00 0.000000e+00 0.000000e+00 0.000000e+00 0.000000e+00 0.000000e+00 0.000000e+00
2.390000e-01 0.000000e+00 -5.200968e+02 2.773249e+02 0.000000e+00 0.000000e+00 0.000000e+00 3.534045e+01 3.160851e+01 2.040490e+03 3.405579e+01 0.000000e+00 0.000000e+00 0.000000e+00 0.000000e+00 0.000000e+00 0.000000e+00 0.000000e+00 0.000000e+00 0.000000e+00
2.400000e-01 0.000000e+00 -5.160931e+02 2.722388e+02 0.000000e+00 0.000000e+00 0.000000e+00 3.551549e+01 3.178935e+01 2.034995e+03 3.330511e+01 0.000000e+00 0.000000e+00 0.000000e+00 0.000000e+00 0.000000e+00 0.000000e+00 0.000000e+00 0.000000e+00 0.000000e+00
2.410000e-01 0.000000e+00 -5.121398e+02 2.671522e+02 0.000000e+00 0.000000e+00 0.000000e+00 3.569197e+01 3.197166e+01 2.029536e+03 3.254864e+01 0.000000e+00 0.000000e+00 0.000000e+00 0.000000e+00 0.000000e+00 0.000000e+00 0.000000e+00 0.000000e+00 0.000000e+00
2.420000e-01 0.000000e+00 -5.082381e+02 2.620645e+02 0.000000e+00 0.000000e+00 0.000000e+00 3.586972e+01 3.215528e+01 2.024115e+03 3.178686e+01 0.000000e+00 0.000000e+00 0.000000e+00 0.000000e+00 0.000000e+00 0.000000e+00 0.000000e+00 0.000000e+00 0.000000e+00
2.430000e-01 0.000000e+00 -5.043890e+02 2.569754e+02 0.000000e+00 0.000000e+00 0.000000e+00 3.604856e+01 3.234004e+01 2.018730e+03 3.102024e+01 0.000000e+00 0.000000e+00 0.000000e+00 0.000000e+00 0.000000e+00 0.000000e+00 0.000000e+00 0.000000e+00 0.000000e+00
2.440000e-01 0.000000e+00 -5.005934e+02 2.518845e+02 0.000000e+00 0.000000e+00 0.000000e+00 3.622834e+01 3.252576e+01 2.013383e+03 3.024924e+01 0.000000e+00 0.000000e+00 0.000000e+00 0.000000e+00 0.000000e+00 0.000000e+00 0.000000e+00 0.000000e+00 0.000000e+00
2.450000e-01 0.000000e+00 -4.968521e+02 2.467915e+02 0.000000e+00 0.000000e+00 0.000000e+00 3.640888e+01 3.271228e+01 2.008072e+03 2.947433e+01 0.000000e+00 0.000000e+00 0.000000e+00 0.000000e+00 0.000000e+00 0.000000e+00 0.000000e+00 0.000000e+00 0.000000e+00
2.460000e-01 0.000000e+00 -4.931664e+02 2.416958e+02 0.000000e+00 0.000000e+00 0.000000e+00 3.658999e+01 3.289941e+01 2.002799e+03 2.869601e+01 0.000000e+00 0.000000e+00 0.000000e+00 0.000000e+00 0.000000e+00 0.000000e+00 0.000000e+00 0.000000e+00 0.000000e+00
2.470000e-01 0.000000e+00 -4.895378e+02 2.365971e+02 0.000000e+00 0.000000e+00 0.000000e+00 3.677149e+01 3.308697e+01 1.997563e+03 2.791478e+01 0.000000e+00 0.000000e+00 0.000000e+00 0.000000e+00 0.000000e+00 0.000000e+00 0.000000e+00 0.000000e+00 0.000000e+00
2.480000e-01 0.000000e+00 -4.859671e+02 2.314948e+02 0.000000e+00 0.000000e+00 0.000000e+00 3.695321e+01 3.327477e+01 1.992364e+03 2.713114e+01 0.000000e+00 0.000000e+00 0.000000e+00 0.000000e+00 0.000000e+00 0.000000e+00 0.000000e+00 0.000000e+00 0.000000e+00
2.490000e-01 0.000000e+00 -4.824552e+02 2.263886e+02 0.000000e+00 0.000000e+00 0.000000e+00 3.713495e+01 3.346264e+01 1.987203e+03 2.634557e+01 0.000000e+00 0.000000e+00 0.000000e+00 0.000000e+00 0.000000e+00 0.000000e+00 0.000000e+00 0.000000e+00 0.000000e+00
2.500000e-01 0.000000e+00 -4.790028e+02 2.212781e+02 0.000000e+00 0.000000e+00 0.000000e+00 3.731655e+01 3.365040e+01 1.982078e+03 2.555856e+01 0.000000e+00 0.000000e+00 0.000000e+00 0.000000e+00 0.000000e+00 0.000000e+00 0.000000e+00 0.000000e+00 0.000000e+00
2.510000e-01 0.000000e+00 -4.756106e+02 2.161630e+02 0.000000e+00 0.000000e+00 0.000000e+00 3.749783e+01 3.383788e+01 1.976991e+03 2.477060e+01 0.000000e+00 0.000000e+00 0.000000e+00 0.000000e+00 0.000000e+00 0.000000e+00 0.000000e+00 0.000000e+00 0.000000e+00
2.520000e-01 0.000000e+00 -4.722792e+02 2.110429e+02 0.000000e+00 0.000000e+00 0.000000e+00 3.767861e+01 3.402489e+01 1.971941e+03 2.398220e+01 0.000000e+00 0.000000e+00 0.000000e+00 0.000000e+00 0.000000e+00 0.000000e+00 0.000000e+00 0.000000e+00 0.000000e+00
2.530000e-01 0.000000e+00 -4.690092e+02 2.059173e+02 0.000000e+00 0.000000e+00 0.000000e+00 3.785870e+01 3.421125e+01 1.966928e+03 2.319386e+01 0.000000e+00 0.000000e+00 0.000000e+00 0.000000e+00 0.000000e+00 0.000000e+00 0.000000e+00 0.000000e+00 0.000000e+00
2.540000e-01 0.000000e+00 -4.658011e+02 2.007860e+02 0.000000e+00 0.000000e+00 0.000000e+00 3.803794e+01 3.439678e+01 1.961952e+03 2.240606e+01 0.000000e+00 0.000000e+00 0.000000e+00 0.000000e+00 0.000000e+00 0.000000e+00 0.000000e+00 0.000000e+00 0.000000e+00
2.550000e-01 0.000000e+00 -4.626555e+02 1.956485e+02 0.000000e+00 0.000000e+00 0.000000e+00 3.821613e+01 3.458131e+01 1.957013e+03 2.161932e+01 0.000000e+00 0.000000e+00 0.000000e+00 0.000000e+00 0.000000e+00 0.000000e+00 0.000000e+00 0.000000e+00 0.000000e+00
2.560000e-01 0.000000e+00 -4.595728e+02 1.905046e+02 0.000000e+00 0.000000e+00 0.000000e+00 3.839310e+01 3.476464e+01 1.952110e+03 2.083414e+01 0.000000e+00 0.000000e+00 0.000000e+00 0.000000e+00 0.000000e+00 0.000000e+00 0.000000e+00 0.000000e+00 0.000000e+00
2.570000e-01 0.000000e+00 -4.565533e+02 1.853538e+02 0.000000e+00 0.000000e+00 0.000000e+00 3.856867e+01 3.494661e+01 1.947245e+03 2.005101e+01 0.000000e+00 0.000000e+00 0.000000e+00 0.000000e+00 0.000000e+00 0.000000e+00 0.000000e+00 0.000000e+00 0.000000e+00
2.580000e-01 0.000000e+00 -4.535973e+02 1.801958e+02 0.000000e+00 0.000000e+00 0.000000e+00 3.874265e+01 3.512703e+01 1.942416e+03 1.927046e+01 0.000000e+00 0.000000e+00 0.000000e+00 0.000000e+00 0.000000e+00 0.000000e+00 0.000000e+00 0.000000e+00 0.000000e+00
2.590000e-01 0.000000e+00 -4.507053e+02 1.750303e+02 0.000000e+00 0.000000e+00 0.000000e+00 3.891487e+01 3.530571e+01 1.937624e+03 1.849297e+01 0.000000e+00 0.000000e+00 0.000000e+00 0.000000e+00 0.000000e+00 0.000000e+00 0.000000e+00 0.000000e+00 0.000000e+00
2.600000e-01 0.000000e+00 -4.478774e+02 1.698569e+02 0.000000e+00 0.000000e+00 0.000000e+00 3.908515e+01 3.548249e+01 1.932868e+03 1.771906e+01 0.000000e+00 0.000000e+00 0.000000e+00 0.000000e+00 0.000000e+00 0.000000e+00 0.000000e+00 0.000000e+00 0.000000e+00
2.610000e-01 0.000000e+00 -4.451139e+02 1.646753e+02 0.000000e+00 0.000000e+00 0.000000e+00 3.925330e+01 3.565717e+01 1.928149e+03 1.694923e+01 0.000000e+00 0.000000e+00 0.000000e+00 0.000000e+00 0.000000e+00 0.000000e+00 0.000000e+00 0.000000e+00 0.000000e+00
2.620000e-01 0.000000e+00 -4.424148e+02 1.594852e+02 0.000000e+00 0.000000e+00 0.000000e+00 3.941914e+01 3.582957e+01 1.923466e+03 1.618399e+01 0.000000e+00 0.000000e+00 0.000000e+00 0.000000e+00 0.000000e+00 0.000000e+00 0.000000e+00 0.000000e+00 0.000000e+00
2.630000e-01 0.000000e+00 -4.397803e+02 1.542861e+02 0.000000e+00 0.000000e+00 0.000000e+00 3.958250e+01 3.599952e+01 1.918819e+03 1.542385e+01 0.000000e+00 0.000000e+00 0.000000e+00 0.000000e+00 0.000000e+00 0.000000e+00 0.000000e+00 0.000000e+00 0.000000e+00
2.640000e-01 0.000000e+00 -4.372104e+02 1.490779e+02 0.000000e+00 0.000000e+00 0.000000e+00 3.974319e+01 3.616684e+01 1.914208e+03 1.466930e+01 0.000000e+00 0.000000e+00 0.000000e+00 0.000000e+00 0.000000e+00 0.000000e+00 0.000000e+00 0.000000e+00 0.000000e+00
2.650000e-01 0.000000e+00 -4.347053e+02 1.438601e+02 0.000000e+00 0.000000e+00 0.000000e+00 3.990104e+01 3.633134e+01 1.909633e+03 1.392085e+01 0.000000e+00 0.000000e+00 0.000000e+00 0.000000e+00 0.000000e+00 0.000000e+00 0.000000e+00 0.000000e+00 0.000000e+00
2.660000e-01 0.000000e+00 -4.322648e+02 1.386324e+02 0.000000e+00 0.000000e+00 0.000000e+00 4.005587e+01 3.649285e+01 1.905094e+03 1.317900e+01 0.000000e+00 0.000000e+00 0.000000e+00 0.000000e+00 0.000000e+00 0.000000e+00 0.000000e+00 0.000000e+00 0.000000e+00
2.670000e-01 0.000000e+00 -4.298889e+02 1.333946e+02 0.000000e+00 0.000000e+00 0.000000e+00 4.020749e+01 3.665119e+01 1.900591e+03 1.244426e+01 0.000000e+00 0.000000e+00 0.000000e+00 0.000000e+00 0.000000e+00 0.000000e+00 0.000000e+00 0.000000e+00 0.000000e+00
2.680000e-01 0.000000e+00 -4.275775e+02 1.281463e+02 0.000000e+00 0.000000e+00 0.000000e+00 4.035574e+01 3.680618e+01 1.896123e+03 1.171712e+01 0.000000e+00 0.000000e+00 0.000000e+00 0.000000e+00 0.000000e+00 0.000000e+00 0.000000e+00 0.000000e+00 0.000000e+00
2.690000e-01 0.000000e+00 -4.253305e+02 1.228872e+02 0.000000e+00 0.000000e+00 0.000000e+00 4.050043e+01 3.695764e+01 1.891691e+03 1.099808e+01 0.000000e+00 0.000000e+00 0.000000e+00 0.000000e+00 0.000000e+00 0.000000e+00 0.000000e+00 0.000000e+00 0.000000e+00
2.700000e-01 0.000000e+00 -4.231477e+02 1.176170e+02 0.000000e+00 0.000000e+00 0.000000e+00 4.064139e+01 3.710540e+01 1.887294e+03 1.028764e+01 0.000000e+00 0.000000e+00 0.000000e+00 0.000000e+00 0.000000e+00 0.000000e+00 0.000000e+00 0.000000e+00 0.000000e+00
2.710000e-01 0.000000e+00 -4.210288e+02 1.123354e+02 0.000000e+00 0.000000e+00 0.000000e+00 4.077845e+01 3.724929e+01 1.882932e+03 9.586284e+00 0.000000e+00 0.000000e+00 0.000000e+00 0.000000e+00 0.000000e+00 0.000000e+00 0.000000e+00 0.000000e+00 0.000000e+00
2.720000e-01 0.000000e+00 -4.189737e+02 1.070420e+02 0.000000e+00 0.000000e+00 0.000000e+00 4.091143e+01 3.738912e+01 1.878605e+03 8.894512e+00 0.000000e+00 0.000000e+00 0.000000e+00 0.000000e+00 0.000000e+00 0.000000e+00 0.000000e+00 0.000000e+00 0.000000e+00
2.730000e-01 0.000000e+00 -4.169821e+02 1.017367e+02 0.000000e+00 0.000000e+00 0.000000e+00 4.104015e+01 3.752472e+01 1.874313e+03 8.212815e+00 0.000000e+00 0.000000e+00 0.000000e+00 0.000000e+00 0.000000e+00 0.000000e+00 0.000000e+00 0.000000e+00 0.000000e+00
2.740000e-01 0.000000e+00 -4.150539e+02 9.641888e+01 0.000000e+00 0.000000e+00 0.000000e+00 4.116443e+01 3.765592e+01 1.870055e+03 7.541702e+00 0.000000e+00 0.000000e+00 0.000000e+00 0.000000e+00 0.000000e+00 0.000000e+00 0.000000e+00 0.000000e+00 0.000000e+00
2.750000e-01 0.000000e+00 -4.131889e+02 9.108839e+01 0.000000e+00 0.000000e+00 0.000000e+00 4.128410e+01 3.778253e+01 1.865832e+03 6.881651e+00 0.000000e+00 0.000000e+00 0.000000e+00 0.000000e+00 0.000000e+00 0.000000e+00 0.000000e+00 0.000000e+00 0.000000e+00
2.760000e-01 0.000000e+00 -4.113864e+02 8.574492e+01 0.000000e+00 0.000000e+00 0.000000e+00 4.139900e+01 3.790439e+01 1.861643e+03 6.233141e+00 0.000000e+00 0.000000e+00 0.000000e+00 0.000000e+00 0.000000e+00 0.000000e+00 0.000000e+00 0.000000e+00 0.000000e+00
2.770000e-01 0.000000e+00 -4.096459e+02 8.038820e+01 0.000000e+00 0.000000e+00 0.000000e+00 4.150895e+01 3.802133e+01 1.857489e+03 5.596646e+00 0.000000e+00 0.000000e+00 0.000000e+00 0.000000e+00 0.000000e+00 0.000000e+00 0.000000e+00 0.000000e+00 0.000000e+00
2.780000e-01 0.000000e+00 -4.079670e+02 7.501795e+01 0.000000e+00 0.000000e+00 0.000000e+00 4.161379e+01 3.813319e+01 1.853368e+03 4.972638e+00 0.000000e+00 0.000000e+00 0.000000e+00 0.000000e+00 0.000000e+00 0.000000e+00 0.000000e+00 0.000000e+00 0.000000e+00
2.790000e-01 0.000000e+00 -4.063490e+02 6.963390e+01 0.000000e+00 0.000000e+00 0.000000e+00 4.171337e+01 3.823981e+01 1.849281e+03 4.361586e+00 0.000000e+00 0.000000e+00 0.000000e+00 0.000000e+00 0.000000e+00 0.000000e+00 0.000000e+00 0.000000e+00 0.000000e+00
2.800000e-01 0.000000e+00 -4.047914e+02 6.423575e+01 0.000000e+00 0.000000e+00 0.000000e+00 4.180750e+01 3.834101e+01 1.845228e+03 3.763959e+00 0.000000e+00 0.000000e+00 0.000000e+00 0.000000e+00 0.000000e+00 0.000000e+00 0.000000e+00 0.000000e+00 0.000000e+00
2.810000e-01 0.000000e+00 -4.032937e+02 5.882323e+01 0.000000e+00 0.000000e+00 0.000000e+00 4.189604e+01 3.843664e+01 1.841208e+03 3.180218e+00 0.000000e+00 0.000000e+00 0.000000e+00 0.000000e+00 0.000000e+00 0.000000e+00 0.000000e+00 0.000000e+00 0.000000e+00
2.820000e-01 0.000000e+00 -4.018552e+02 5.339605e+01 0.000000e+00 0.000000e+00 0.000000e+00 4.197881e+01 3.852653e+01 1.837222e+03 2.610824e+00 0.000000e+00 0.000000e+00 0.000000e+00 0.000000e+00 0.000000e+00 0.000000e+00 0.000000e+00 0.000000e+00 0.000000e+00
2.830000e-01 0.000000e+00 -4.004753e+02 4.795391e+01 0.000000e+00 0.000000e+00 0.000000e+00 4.205566e+01 3.861052e+01 1.833268e+03 2.056234e+00 0.000000e+00 0.000000e+00 0.000000e+00 0.000000e+00 0.000000e+00 0.000000e+00 0.000000e+00 0.000000e+00 0.000000e+00
2.840000e-01 0.000000e+00 -3.991536e+02 4.249652e+01 0.000000e+00 0.000000e+00 0.000000e+00 4.212643e+01 3.868845e+01 1.829348e+03 1.516902e+00 0.000000e+00 0.000000e+00 0.000000e+00 0.000000e+00 0.000000e+00 0.000000e+00 0.000000e+00 0.000000e+00 0.000000e+00
2.850000e-01 0.000000e+00 -3.978892e+02 3.702359e+01 0.000000e+00 0.000000e+00 0.000000e+00 4.219096e+01 3.876016e+01 1.825460e+03 9.932764e-01 0.000000e+00 0.000000e+00 0.000000e+00 0.000000e+00 0.000000e+00 0.000000e+00 0.000000e+00 0.000000e+00 0.000000e+00
2.860000e-01 0.000000e+00 -3.966816e+02 3.153482e+01 0.000000e+00 0.000000e+00 0.000000e+00 4.224909e+01 3.882550e+01 1.821605e+03 4.858027e-01 0.000000e+00 0.000000e+00 0.000000e+00 0.000000e+00 0.000000e+00 0.000000e+00 0.000000e+00 0.000000e+00 0.000000e+00
2.870000e-01 0.000000e+00 -3.955302e+02 2.602990e+01 0.000000e+00 0.000000e+00 0.000000e+00 4.230066e+01 3.888431e+01 1.817783e+03 -5.077695e-03 0.000000e+00 0.000000e+00 0.000000e+00 0.000000e+00 0.000000e+00 0.000000e+00 0.000000e+00 0.000000e+00 0.000000e+00
2.880000e-01 0.000000e+00 -3.944342e+02 2.050852e+01 0.000000e+00 0.000000e+00 0.000000e+00 4.234553e+01 3.893642e+01 1.813992e+03 -4.789280e-01 0.000000e+00 0.000000e+00 0.000000e+00 0.000000e+00 0.000000e+00 0.000000e+00 0.000000e+00 0.000000e+00 0.000000e+00
2.890000e-01 0.000000e+00 -3.933931e+02 1.497038e+01 0.000000e+00 0.000000e+00 0.000000e+00 4.238353e+01 3.898170e+01 1.810234e+03 -9.353158e-01 0.000000e+00 0.000000e+00 0.000000e+00 0.000000e+00 0.000000e+00 0.000000e+00 0.000000e+00 0.000000e+00 0.000000e+00
2.900000e-01 0.000000e+00 -3.924061e+02 9.415168e+00 0.000000e+00 0.000000e+00 0.000000e+00 4.241451e+01 3.901999e+01 1.806507e+03 -1.373813e+00 0.000000e+00 0.000000e+00 0.000000e+00 0.000000e+00 0.000000e+00 0.000000e+00 0.000000e+00 0.000000e+00 0.000000e+00
2.910000e-01 0.000000e+00 -3.914726e+02 3.842564e+00 0.000000e+00 0.000000e+00 0.000000e+00 4.243833e+01 3.905113e+01 1.802812e+03 -1.793998e+00 0.000000e+00 0.000000e+00 0.000000e+00 0.000000e+00 0.000000e+00 0.000000e+00 0.000000e+00 0.000000e+00 0.000000e+00
2.920000e-01 0.000000e+00 -3.905918e+02 -1.747751e+00 0.000000e+00 0.000000e+00 0.000000e+00 4.245484e+01 3.907498e+01 1.799149e+03 -2.195452e+00 0.000000e+00 0.000000e+00 0.000000e+00 0.000000e+00 0.000000e+00 0.000000e+00 0.000000e+00 0.000000e+00 0.000000e+00
2.930000e-01 0.000000e+00 -3.897631e+02 -7.356097e+00 0.000000e+00 0.000000e+00 0.000000e+00 4.246389e+01 3.909139e+01 1.795516e+03 -2.577762e+00 0.000000e+00 0.000000e+00 0.000000e+00 0.000000e+00 0.000000e+00 0.000000e+00 0.000000e+00 0.000000e+00 0.000000e+00
2.940000e-01 0.000000e+00 -3.889858e+02 -1.298280e+01 0.000000e+00 0.000000e+00 0.000000e+00 4.246532e+01 3.910021e+01 1.791915e+03 -2.940521e+00 0.000000e+00 0.000000e+00 0.000000e+00 0.000000e+00 0.000000e+00 0.000000e+00 0.000000e+00 0.000000e+00 0.000000e+00
2.950000e-01 0.000000e+00 -3.882591e+02 -1.862819e+01 0.000000e+00 0.000000e+00 0.000000e+00 4.245901e+01 3.910130e+01 1.788345e+03 -3.283327e+00 0.000000e+00 0.000000e+00 0.000000e+00 0.000000e+00 0.000000e+00 0.000000e+00 0.000000e+00 0.000000e+00 0.000000e+00
2.960000e-01 0.000000e+00 -3.875824e+02 -2.429260e+01 0.000000e+00 0.000000e+00 0.000000e+00 4.244480e+01 3.909452e+01 1.784806e+03 -3.605783e+00 0.000000e+00 0.000000e+00 0.000000e+00 0.000000e+00 0.000000e+00 0.000000e+00 0.000000e+00 0.000000e+00 0.000000e+00
2.970000e-01 0.000000e+00 -3.869548e+02 -2.997636e+01 0.000000e+00 0.000000e+00 0.000000e+00 4.242256e+01 3.907973e+01 1.781297e+03 -3.907500e+00 0.000000e+00 0.000000e+00 0.000000e+00 0.000000e+00 0.000000e+00 0.000000e+00 0.000000e+00 0.000000e+00 0.000000e+00
2.980000e-01 0.000000e+00 -3.863758e+02 -3.567981e+01 0.000000e+00 0.000000e+00 0.000000e+00 4.239215e+01 3.905678e+01 1.777818e+03 -4.188091e+00 0.000000e+00 0.000000e+00 0.000000e+00 0.000000e+00 0.000000e+00 0.000000e+00 0.000000e+00 0.000000e+00 0.000000e+00
2.990000e-01 0.000000e+00 -3.858443e+02 -4.140327e+01 0.000000e+00 0.000000e+00 0.000000e+00 4.235343e+01 3.902555e+01 1.774370e+03 -4.447186e+00 0.000000e+00 0.000000e+00 0.000000e+00 0.000000e+00 0.000000e+00 0.000000e+00 0.000000e+00 0.000000e+00 0.000000e+00
3.000000e-01 0.000000e+00 -3.853595e+02 -4.714699e+01 0.000000e+00 0.000000e+00 0.000000e+00 4.230628e+01 3.898592e+01 1.770951e+03 -4.684429e+00 0.000000e+00 0.000000e+00 0.000000e+00 0.000000e+00 0.000000e+00 0.000000e+00 0.000000e+00 0.000000e+00 0.000000e+00
3.010000e-01 0.000000e+00 -3.849203e+02 -5.291125e+01 0.000000e+00 0.000000e+00 0.000000e+00 4.225058e+01 3.893775e+01 1.767562e+03 -4.899470e+00 0.000000e+00 0.000000e+00 0.000000e+00 0.000000e+00 0.000000e+00 0.000000e+00 0.000000e+00 0.000000e+00 0.000000e+00
3.020000e-01 0.000000e+00 -3.845257e+02 -5.869632e+01 0.000000e+00 0.000000e+00 0.000000e+00 4.218622e+01 3.888093e+01 1.764203e+03 -5.091964e+00 0.000000e+00 0.000000e+00 0.000000e+00 0.000000e+00 0.000000e+00 0.000000e+00 0.000000e+00 0.000000e+00 0.000000e+00
3.030000e-01 0.000000e+00 -3.841749e+02 -6.450250e+01 0.000000e+00 0.000000e+00 0.000000e+00 4.211306e+01 3.881534e+01 1.760874e+03 -5.261572e+00 0.000000e+00 0.000000e+00 0.000000e+00 0.000000e+00 0.000000e+00 0.000000e+00 0.000000e+00 0.000000e+00 0.000000e+00
3.040000e-01 0.000000e+00 -3.838668e+02 -7.033005e+01 0.000000e+00 0.000000e+00 0.000000e+00 4.203099e+01 3.874087e+01 1.757573e+03 -5.407962e+00 0.000000e+00 0.000000e+00 0.000000e+00 0.000000e+00 0.000000e+00 0.000000e+00 0.000000e+00 0.000000e+00 0.000000e+00
3.050000e-01 0.000000e+00 -3.836006e+02 -7.617927e+01 0.000000e+00 0.000000e+00 0.000000e+00 4.193991e+01 3.865739e+01 1.754301e+03 -5.530810e+00 0.000000e+00 0.000000e+00 0.000000e+00 0.000000e+00 0.000000e+00 0.000000e+00 0.000000e+00 0.000000e+00 0.000000e+00
3.060000e-01 0.000000e+00 -3.833753e+02 -8.205046e+01 0.000000e+00 0.000000e+00 0.000000e+00 4.183969e+01 3.856480e+01 1.751059e+03 -5.629798e+00 0.000000e+00 0.000000e+00 0.000000e+00 0.000000e+00 0.000000e+00 0.000000e+00 0.000000e+00 0.000000e+00 0.000000e+00
3.070000e-01 0.000000e+00 -3.831900e+02 -8.794391e+01 0.000000e+00 0.000000e+00 0.000000e+00 4.173023e+01 3.846299e+01 1.747845e+03 -5.704616e+00 0.000000e+00 0.000000e+00 0.000000e+00 0.000000e+00 0.000000e+00 0.000000e+00 0.000000e+00 0.000000e+00 0.000000e+00
3.080000e-01 0.000000e+00 -3.830438e+02 -9.385991e+01 0.000000e+00 0.000000e+00 0.000000e+00 4.161142e+01 3.835185e+01 1.744659e+03 -5.754960e+00 0.000000e+00 0.000000e+00 0.000000e+00 0.000000e+00 0.000000e+00 0.000000e+00 0.000000e+00 0.000000e+00 0.000000e+00
3.090000e-01 0.000000e+00 -3.829358e+02 -9.979878e+01 0.000000e+00 0.000000e+00 0.000000e+00 4.148316e+01 3.823127e+01 1.741502e+03 -5.780534e+00 0.000000e+00 0.000000e+00 0.000000e+00 0.000000e+00 0.000000e+00 0.000000e+00 0.000000e+00 0.000000e+00 0.000000e+00
3.100000e-01 0.000000e+00 -3.828650e+02 -1.057608e+02 0.000000e+00 0.000000e+00 0.000000e+00 4.134534e+01 3.810115e+01 1.738373e+03 -5.781052e+00 0.000000e+00 0.000000e+00 0.000000e+00 0.000000e+00 0.000000e+00 0.000000e+00 0.000000e+00 0.000000e+00 0.000000e+00
3.110000e-01 0.000000e+00 -3.828306e+02 -1.117463e+02 0.000000e+00 0.000000e+00 0.000000e+00 4.119785e+01 3.796139e+01 1.735271e+03 -5.756230e+00 0.000000e+00 0.000000e+00 0.000000e+00 0.000000e+00 0.000000e+00 0.000000e+00 0.000000e+00 0.000000e+00 0.000000e+00
3.120000e-01 0.000000e+00 -3.828316e+02 -1.177556e+02 0.000000e+00 0.000000e+00 0.000000e+00 4.104062e+01 3.781189e+01 1.732198e+03 -5.705798e+00 0.000000e+00 0.000000e+00 0.000000e+00 0.000000e+00 0.000000e+00 0.000000e+00 0.000000e+00 0.000000e+00 0.000000e+00
3.130000e-01 0.000000e+00 -3.828674e+02 -1.237890e+02 0.000000e+00 0.000000e+00 0.000000e+00 4.087353e+01 3.765257e+01 1.729152e+03 -5.629488e+00 0.000000e+00 0.000000e+00 0.000000e+00 0.000000e+00 0.000000e+00 0.000000e+00 0.000000e+00 0.000000e+00 0.000000e+00
3.140000e-01 0.000000e+00 -3.829368e+02 -1.298467e+02 0.000000e+00 0.000000e+00 0.000000e+00 4.069650e+01 3.748331e+01 1.726133e+03 -5.527045e+00 0.000000e+00 0.000000e+00 0.000000e+00 0.000000e+00 0.000000e+00 0.000000e+00 0.000000e+00 0.000000e+00 0.000000e+00
3.150000e-01 0.000000e+00 -3.830392e+02 -1.359293e+02 0.000000e+00 0.000000e+00 0.000000e+00 4.050944e+01 3.730404e+01 1.723141e+03 -5.398219e+00 0.000000e+00 0.000000e+00 0.000000e+00 0.000000e+00 0.000000e+00 0.000000e+00 0.000000e+00 0.000000e+00 0.000000e+00
3.160000e-01 0.000000e+00 -3.831737e+02 -1.420368e+02 0.000000e+00 0.000000e+00 0.000000e+00 4.031225e+01 3.711467e+01 1.720176e+03 -5.242768e+00 0.000000e+00 0.000000e+00 0.000000e+00 0.000000e+00 0.000000e+00 0.000000e+00 0.000000e+00 0.000000e+00 0.000000e+00
3.170000e-01 0.000000e+00 -3.833393e+02 -1.481698e+02 0.000000e+00 0.000000e+00 0.000000e+00 4.010486e+01 3.691511e+01 1.717238e+03 -5.060460e+00 0.000000e+00 0.000000e+00 0.000000e+00 0.000000e+00 0.000000e+00 0.000000e+00 0.000000e+00 0.000000e+00 0.000000e+00
3.180000e-01 0.000000e+00 -3.835355e+02 -1.543284e+02 0.000000e+00 0.000000e+00 0.000000e+00 3.988718e+01 3.670529e+01 1.714327e+03 -4.851069e+00 0.000000e+00 0.000000e+00 0.000000e+00 0.000000e+00 0.000000e+00 0.000000e+00 0.000000e+00 0.000000e+00 0.000000e+00
3.190000e-01 0.000000e+00 -3.837612e+02 -1.605131e+02 0.000000e+00 0.000000e+00 0.000000e+00 3.965913e+01 3.648511e+01 1.711442e+03 -4.614378e+00 0.000000e+00 0.000000e+00 0.000000e+00 0.000000e+00 0.000000e+00 0.000000e+00 0.000000e+00 0.000000e+00 0.000000e+00
3.200000e-01 0.000000e+00 -3.840158e+02 -1.667242e+02 0.000000e+00 0.000000e+00 0.000000e+00 3.942064e+01 3.625451e+01 1.708583e+03 -4.350180e+00 0.000000e+00 0.000000e+00 0.000000e+00 0.000000e+00 0.000000e+00 0.000000e+00 0.000000e+00 0.000000e+00 0.000000e+00
3.210000e-01 0.000000e+00 -3.842984e+02 -1.729619e+02 0.000000e+00 0.000000e+00 0.000000e+00 3.917163e+01 3.601340e+01 1.705751e+03 -4.058273e+00 0.000000e+00 0.000000e+00 0.000000e+00 0.000000e+00 0.000000e+00 0.000000e+00 0.000000e+00 0.000000e+00 0.000000e+00
3.220000e-01 0.000000e+00 -3.846083e+02 -1.792267e+02 0.000000e+00 0.000000e+00 0.000000e+00 3.891203e+01 3.576173e+01 1.702944e+03 -3.738467e+00 0.000000e+00 0.000000e+00 0.000000e+00 0.000000e+00 0.000000e+00 0.000000e+00 0.000000e+00 0.000000e+00 0.000000e+00
3.230000e-01 0.000000e+00 -3.849447e+02 -1.855188e+02 0.000000e+00 0.000000e+00 0.000000e+00 3.864176e+01 3.549941e+01 1.700163e+03 -3.390579e+00 0.000000e+00 0.000000e+00 0.000000e+00 0.000000e+00 0.000000e+00 0.000000e+00 0.000000e+00 0.000000e+00 0.000000e+00
3.240000e-01 0.000000e+00 -3.853069e+02 -1.918386e+02 0.000000e+00 0.000000e+00 0.000000e+00 3.836078e+01 3.522639e+01 1.697407e+03 -3.014433e+00 0.000000e+00 0.000000e+00 0.000000e+00 0.000000e+00 0.000000e+00 0.000000e+00 0.000000e+00 0.000000e+00 0.000000e+00
3.250000e-01 0.000000e+00 -3.856939e+02 -1.981864e+02 0.000000e+00 0.000000e+00 0.000000e+00 3.806901e+01 3.494262e+01 1.694677e+03 -2.609887e+00 0.000000e+00 0.000000e+00 0.000000e+00 0.000000e+00 0.000000e+00 0.000000e+00 0.000000e+00 0.000000e+00 0.000000e+00
3.260000e-01 0.000000e+00 -3.861048e+02 -2.045623e+02 0.000000e+00 0.000000e+00 0.000000e+00 3.776644e+01 3.464805e+01 1.691972e+03 -2.176818e+00 0.000000e+00 0.000000e+00 0.000000e+00 0.000000e+00 0.000000e+00 0.000000e+00 0.000000e+00 0.000000e+00 0.000000e+00
3.270000e-01 0.000000e+00 -3.865386e+02 -2.109666e+02 0.000000e+00 0.000000e+00 0.000000e+00 3.745300e+01 3.434263e+01 1.689291e+03 -1.715087e+00 0.000000e+00 0.000000e+00 0.000000e+00 0.000000e+00 0.000000e+00 0.000000e+00 0.000000e+00 0.000000e+00 0.000000e+00
3.280000e-01 0.000000e+00 -3.869947e+02 -2.173996e+02 0.000000e+00 0.000000e+00 0.000000e+00 3.712865e+01 3.402632e+01 1.686636e+03 -1.224567e+00 0.000000e+00 0.000000e+00 0.000000e+00 0.000000e+00 0.000000e+00 0.000000e+00 0.000000e+00 0.000000e+00 0.000000e+00
3.290000e-01 0.000000e+00 -3.874721e+02 -2.238616e+02 0.000000e+00 0.000000e+00 0.000000e+00 3.679334e+01 3.369908e+01 1.684005e+03 -7.051413e-01 0.000000e+00 0.000000e+00 0.000000e+00 0.000000e+00 0.000000e+00 0.000000e+00 0.000000e+00 0.000000e+00 0.000000e+00
3.300000e-01 0.000000e+00 -3.879703e+02 -2.303528e+02 0.000000e+00 0.000000e+00 0.000000e+00 3.644705e+01 3.336087e+01 1.681399e+03 -1.567021e-01 0.000000e+00 0.000000e+00 0.000000e+00 0.000000e+00 0.000000e+00 0.000000e+00 0.000000e+00 0.000000e+00 0.000000e+00
3.310000e-01 0.000000e+00 -3.884883e+02 -2.368736e+02 0.000000e+00 0.000000e+00 0.000000e+00 3.608972e+01 3.301164e+01 1.678817e+03 4.208484e-01 0.000000e+00 0.000000e+00 0.000000e+00 0.000000e+00 0.000000e+00 0.000000e+00 0.000000e+00 0.000000e+00 0.000000e+00
3.320000e-01 0.000000e+00 -3.890255e+02 -2.434241e+02 0.000000e+00 0.000000e+00 0.000000e+00 3.572133e+01 3.265138e+01 1.676258e+03 1.027598e+00 0.000000e+00 0.000000e+00 0.000000e+00 0.000000e+00 0.000000e+00 0.000000e+00 0.000000e+00 0.000000e+00 0.000000e+00
3.330000e-01 0.000000e+00 -3.895812e+02 -2.500048e+02 0.000000e+00 0.000000e+00 0.000000e+00 3.534184e+01 3.228004e+01 1.673724e+03 1.663623e+00 0.000000e+00 0.000000e+00 0.000000e+00 0.000000e+00 0.000000e+00 0.000000e+00 0.000000e+00 0.000000e+00 0.000000e+00
3.340000e-01 0.000000e+00 -3.901546e+02 -2.566157e+02 0.000000e+00 0.000000e+00 0.000000e+00 3.495124e+01 3.189760e+01 1.671214e+03 2.328993e+00 0.000000e+00 0.000000e+00 0.000000e+00 0.000000e+00 0.000000e+00 0.000000e+00 0.000000e+00 0.000000e+00 0.000000e+00
3.350000e-01 0.000000e+00 -3.907452e+02 -2.632573e+02 0.000000e+00 0.000000e+00 0.000000e+00 3.454950e+01 3.150404e+01 1.668727e+03 3.023765e+00 0.000000e+00 0.000000e+00 0.000000e+00 0.000000e+00 0.000000e+00 0.000000e+00 0.000000e+00 0.000000e+00 0.000000e+00
3.360000e-01 0.000000e+00 -3.913521e+02 -2.699297e+02 0.000000e+00 0.000000e+00 0.000000e+00 3.413660e+01 3.109934e+01 1.666263e+03 3.747987e+00 0.000000e+00 0.000000e+00 0.000000e+00 0.000000e+00 0.000000e+00 0.000000e+00 0.000000e+00 0.000000e+00 0.000000e+00
3.370000e-01 0.000000e+00 -3.919747e+02 -2.766333e+02 0.000000e+00 0.000000e+00 0.000000e+00 3.371253e+01 3.068349e+01 1.663823e+03 4.501696e+00 0.000000e+00 0.000000e+00 0.000000e+00 0.000000e+00 0.000000e+00 0.000000e+00 0.000000e+00 0.000000e+00 0.000000e+00
3.380000e-01 0.000000e+00 -3.926125e+02 -2.833682e+02 0.000000e+00 0.000000e+00 0.000000e+00 3.327727e+01 3.025648e+01 1.661406e+03 5.284919e+00 0.000000e+00 0.000000e+00 0.000000e+00 0.000000e+00 0.000000e+00 0.000000e+00 0.000000e+00 0.000000e+00 0.000000e+00
3.390000e-01 0.000000e+00 -3.932648e+02 -2.901347e+02 0.000000e+00 0.000000e+00 0.000000e+00 3.283081e+01 2.981829e+01 1.659011e+03 6.097676e+00 0.000000e+00 0.000000e+00 0.000000e+00 0.000000e+00 0.000000e+00 0.000000e+00 0.000000e+00 0.000000e+00 0.000000e+00
3.400000e-01 0.000000e+00 -3.939310e+02 -2.969331e+02 0.000000e+00 0.000000e+00 0.000000e+00 3.237316e+01 2.936892e+01 1.656640e+03 6.939972e+00 0.000000e+00 0.000000e+00 0.000000e+00 0.000000e+00 0.000000e+00 0.000000e+00 0.000000e+00 0.000000e+00 0.000000e+00
3.410000e-01 0.000000e+00 -3.946106e+02 -3.037635e+02 0.000000e+00 0.000000e+00 0.000000e+00 3.190431e+01 2.890837e+01 1.654291e+03 7.811807e+00 0.000000e+00 0.000000e+00 0.000000e+00 0.000000e+00 0.000000e+00 0.000000e+00 0.000000e+00 0.000000e+00 0.000000e+00
3.420000e-01 0.000000e+00 -3.953029e+02 -3.106263e+02 0.000000e+00 0.000000e+00 0.000000e+00 3.142425e+01 2.843665e+01 1.651964e+03 8.713167e+00 0.000000e+00 0.000000e+00 0.000000e+00 0.000000e+00 0.000000e+00 0.000000e+00 0.000000e+00 0.000000e+00 0.000000e+00
3.430000e-01 0.000000e+00 -3.960074e+02 -3.175216e+02 0.000000e+00 0.000000e+00 0.000000e+00 3.093301e+01 2.795375e+01 1.649659e+03 9.644030e+00 0.000000e+00 0.000000e+00 0.000000e+00 0.000000e+00 0.000000e+00 0.000000e+00 0.000000e+00 0.000000e+00 0.000000e+00
3.440000e-01 0.000000e+00 -3.967236e+02 -3.244498e+02 0.000000e+00 0.000000e+00 0.000000e+00 3.043058e+01 2.745970e+01 1.647377e+03 1.060436e+01 0.000000e+00 0.000000e+00 0.000000e+00 0.000000e+00 0.000000e+00 0.000000e+00 0.000000e+00 0.000000e+00 0.000000e+00
3.450000e-01 0.000000e+00 -3.974511e+02 -3.314109e+02 0.000000e+00 0.000000e+00 0.000000e+00 2.991698e+01 2.695449e+01 1.645116e+03 1.159413e+01 0.000000e+00 0.000000e+00 0.000000e+00 0.000000e+00 0.000000e+00 0.000000e+00 0.000000e+00 0.000000e+00 0.000000e+00
3.460000e-01 0.000000e+00 -3.981892e+02 -3.384052e+02 0.000000e+00 0.000000e+00 0.000000e+00 2.939223e+01 2.643816e+01 1.642877e+03 1.261327e+01 0.000000e+00 0.000000e+00 0.000000e+00 0.000000e+00 0.000000e+00 0.000000e+00 0.000000e+00 0.000000e+00 0.000000e+00
3.470000e-01 0.000000e+00 -3.989376e+02 -3.454329e+02 0.000000e+00 0.000000e+00 0.000000e+00 2.885634e+01 2.591071e+01 1.640660e+03 1.366172e+01 0.000000e+00 0.000000e+00 0.000000e+00 0.000000e+00 0.000000e+00 0.000000e+00 0.000000e+00 0.000000e+00 0.000000e+00
3.480000e-01 0.000000e+00 -3.996958e+02 -3.524943e+02 0.000000e+00 0.000000e+00 0.000000e+00 2.830934e+01 2.537217e+01 1.638464e+03 1.473942e+01 0.000000e+00 0.000000e+00 0.000000e+00 0.000000e+00 0.000000e+00 0.000000e+00 0.000000e+00 0.000000e+00 0.000000e+00
3.490000e-01 0.000000e+00 -4.004634e+02 -3.595895e+02 0.000000e+00 0.000000e+00 0.000000e+00 2.775126e+01 2.482257e+01 1.636289e+03 1.584628e+01 0.000000e+00 0.000000e+00 0.000000e+00 0.000000e+00 0.000000e+00 0.000000e+00 0.000000e+00 0.000000e+00 0.000000e+00
3.500000e-01 0.000000e+00 -4.012399e+02 -3.667187e+02 0.000000e+00 0.000000e+00 0.000000e+00 2.718212e+01 2.426193e+01 1.634135e+03 1.698221e+01 0.000000e+00 0.000000e+00 0.000000e+00 0.000000e+00 0.000000e+00 0.000000e+00 0.000000e+00 0.000000e+00 0.000000e+00
3.510000e-01 0.000000e+00 -4.020251e+02 -3.738821e+02 0.000000e+00 0.000000e+00 0.000000e+00 2.660196e+01 2.369030e+01 1.632003e+03 1.814711e+01 0.000000e+00 0.000000e+00 0.000000e+00 0.000000e+00 0.000000e+00 0.000000e+00 0.000000e+00 0.000000e+00 0.000000e+00
3.520000e-01 0.000000e+00 -4.028185e+02 -3.810799e+02 0.000000e+00 0.000000e+00 0.000000e+00 2.601081e+01 2.310771e+01 1.629891e+03 1.934088e+01 0.000000e+00 0.000000e+00 0.000000e+00 0.000000e+00 0.000000e+00 0.000000e+00 0.000000e+00 0.000000e+00 0.000000e+00
3.530000e-01 0.000000e+00 -4.036196e+02 -3.883121e+02 0.000000e+00 0.000000e+00 0.000000e+00 2.540874e+01 2.251421e+01 1.627799e+03 2.056335e+01 0.000000e+00 0.000000e+00 0.000000e+00 0.000000e+00 0.000000e+00 0.000000e+00 0.000000e+00 0.000000e+00 0.000000e+00
3.540000e-01 0.000000e+00 -4.044280e+02 -3.955788e+02 0.000000e+00 0.000000e+00 0.000000e+00 2.479579e+01 2.190987e+01 1.625729e+03 2.181439e+01 0.000000e+00 0.000000e+00 0.000000e+00 0.000000e+00 0.000000e+00 0.000000e+00 0.000000e+00 0.000000e+00 0.000000e+00
3.550000e-01 0.000000e+00 -4.052434e+02 -4.028803e+02 0.000000e+00 0.000000e+00 0.000000e+00 2.417201e+01 2.129471e+01 1.623678e+03 2.309386e+01 0.000000e+00 0.000000e+00 0.000000e+00 0.000000e+00 0.000000e+00 0.000000e+00 0.000000e+00 0.000000e+00 0.000000e+00
3.560000e-01 0.000000e+00 -4.060656e+02 -4.102166e+02 0.000000e+00 0.000000e+00 0.000000e+00 2.353746e+01 2.066880e+01 1.621648e+03 2.440162e+01 0.000000e+00 0.000000e+00 0.000000e+00 0.000000e+00 0.000000e+00 0.000000e+00 0.000000e+00 0.000000e+00 0.000000e+00
3.570000e-01 0.000000e+00 -4.068944e+02 -4.175880e+02 0.000000e+00 0.000000e+00 0.000000e+00 2.289217e+01 2.003218e+01 1.619637e+03 2.573751e+01 0.000000e+00 0.000000e+00 0.000000e+00 0.000000e+00 0.000000e+00 0.000000e+00 0.000000e+00 0.000000e+00 0.000000e+00
3.580000e-01 0.000000e+00 -4.077295e+02 -4.249946e+02 0.000000e+00 0.000000e+00 0.000000e+00 2.223620e+01 1.938492e+01 1.617647e+03 2.710136e+01 0.000000e+00 0.000000e+00 0.000000e+00 0.000000e+00 0.000000e+00 0.000000e+00 0.000000e+00 0.000000e+00 0.000000e+00
3.590000e-01 0.000000e+00 -4.085708e+02 -4.324365e+02 0.000000e+00 0.000000e+00 0.000000e+00 2.156963e+01 1.872706e+01 1.615676e+03 2.849300e+01 0.000000e+00 0.000000e+00 0.000000e+00 0.000000e+00 0.000000e+00 0.000000e+00 0.000000e+00 0.000000e+00 0.000000e+00
3.600000e-01 0.000000e+00 -4.094181e+02 -4.399139e+02 0.000000e+00 0.000000e+00 0.000000e+00 2.089250e+01 1.805868e+01 1.613724e+03 2.991224e+01 0.000000e+00 0.000000e+00 0.000000e+00 0.000000e+00 0.000000e+00 0.000000e+00 0.000000e+00 0.000000e+00 0.000000e+00
3.610000e-01 0.000000e+00 -4.102712e+02 -4.474269e+02 0.000000e+00 0.000000e+00 0.000000e+00 2.020489e+01 1.737984e+01 1.611793e+03 3.135889e+01 0.000000e+00 0.000000e+00 0.000000e+00 0.000000e+00 0.000000e+00 0.000000e+00 0.000000e+00 0.000000e+00 0.000000e+00
3.620000e-01 0.000000e+00 -4.111299e+02 -4.549756e+02 0.000000e+00 0.000000e+00 0.000000e+00 1.950687e+01 1.669062e+01 1.609880e+03 3.283272e+01 0.000000e+00 0.000000e+00 0.000000e+00 0.000000e+00 0.000000e+00 0.000000e+00 0.000000e+00 0.000000e+00 0.000000e+00
3.630000e-01 0.000000e+00 -4.119942e+02 -4.625601e+02 0.000000e+00 0.000000e+00 0.000000e+00 1.879852e+01 1.599109e+01 1.607986e+03 3.433354e+01 0.000000e+00 0.000000e+00 0.000000e+00 0.000000e+00 0.000000e+00 0.000000e+00 0.000000e+00 0.000000e+00 0.000000e+00
3.640000e-01 0.000000e+00 -4.128639e+02 -4.701804e+02 0.000000e+00 0.000000e+00 0.000000e+00 1.807991e+01 1.528133e+01 1.606112e+03 3.586110e+01 0.000000e+00 0.000000e+00 0.000000e+00 0.000000e+00 0.000000e+00 0.000000e+00 0.000000e+00 0.000000e+00 0.000000e+00
3.650000e-01 0.000000e+00 -4.137389e+02 -4.778367e+02 0.000000e+00 0.000000e+00 0.000000e+00 1.735113e+01 1.456143e+01 1.604256e+03 3.741517e+01 0.000000e+00 0.000000e+00 0.000000e+00 0.000000e+00 0.000000e+00 0.000000e+00 0.000000e+00 0.000000e+00 0.000000e+00
3.660000e-01 0.000000e+00 -4.146192e+02 -4.855290e+02 0.000000e+00 0.000000e+00 0.000000e+00 1.661227e+01 1.383146e+01 1.602419e+03 3.899550e+01 0.000000e+00 0.000000e+00 0.000000e+00 0.000000e+00 0.000000e+00 0.000000e+00 0.000000e+00 0.000000e+00 0.000000e+00
3.670000e-01 0.000000e+00 -4.155045e+02 -4.932573e+02 0.000000e+00 0.000000e+00 0.000000e+00 1.586341e+01 1.309154e+01 1.600601e+03 4.060184e+01 0.000000e+00 0.000000e+00 0.000000e+00 0.000000e+00 0.000000e+00 0.000000e+00 0.000000e+00 0.000000e+00 0.000000e+00
3.680000e-01 0.000000e+00 -4.163950e+02 -5.010217e+02 0.000000e+00 0.000000e+00 0.000000e+00 1.510466e+01 1.234174e+01 1.598801e+03 4.223391e+01 0.000000e+00 0.000000e+00 0.000000e+00 0.000000e+00 0.000000e+00 0.000000e+00 0.000000e+00 0.000000e+00 0.000000e+00
3.690000e-01 0.000000e+00 -4.172905e+02 -5.088221e+02 0.000000e+00 0.000000e+00 0.000000e+00 1.433610e+01 1.158217e+01 1.597019e+03 4.389144e+01 0.000000e+00 0.000000e+00 0.000000e+00 0.000000e+00 0.000000e+00 0.000000e+00 0.000000e+00 0.000000e+00 0.000000e+00
3.700000e-01 0.000000e+00 -4.181911e+02 -5.166587e+02 0.000000e+00 0.000000e+00 0.000000e+00 1.355785e+01 1.081292e+01 1.595256e+03 4.557414e+01 0.000000e+00 0.000000e+00 0.000000e+00 0.000000e+00 0.000000e+00 0.000000e+00 0.000000e+00 0.000000e+00 0.000000e+00
3.710000e-01 0.000000e+00 -4.190966e+02 -5.245312e+02 0.000000e+00 0.000000e+00 0.000000e+00 1.277001e+01 1.003412e+01 1.593510e+03 4.728172e+01 0.000000e+00 0.000000e+00 0.000000e+00 0.000000e+00 0.000000e+00 0.000000e+00 0.000000e+00 0.000000e+00 0.000000e+00
3.720000e-01 0.000000e+00 -4.200072e+02 -5.324399e+02 0.000000e+00 0.000000e+00 0.000000e+00 1.197268e+01 9.245858e+00 1.591782e+03 4.901386e+01 0.000000e+00 0.000000e+00 0.000000e+00 0.000000e+00 0.000000e+00 0.000000e+00 0.000000e+00 0.000000e+00 0.000000e+00
3.730000e-01 0.000000e+00 -4.209228e+02 -5.403845e+02 0.000000e+00 0.000000e+00 0.000000e+00 1.116599e+01 8.448257e+00 1.590073e+03 5.077027e+01 0.000000e+00 0.000000e+00 0.000000e+00 0.000000e+00 0.000000e+00 0.000000e+00 0.000000e+00 0.000000e+00 0.000000e+00
3.740000e-01 0.000000e+00 -4.218434e+02 -5.483651e+02 0.000000e+00 0.000000e+00 0.000000e+00 1.035005e+01 7.641431e+00 1.588380e+03 5.255060e+01 0.000000e+00 0.000000e+00 0.000000e+00 0.000000e+00 0.000000e+00 0.000000e+00 0.000000e+00 0.000000e+00 0.000000e+00
3.750000e-01 0.000000e+00 -4.227693e+02 -5.563815e+02 0.000000e+00 0.000000e+00 0.000000e+00 9.524971e+00 6.825500e+00 1.586706e+03 5.435454e+01 0.000000e+00 0.000000e+00 0.000000e+00 0.000000e+00 0.000000e+00 0.000000e+00 0.000000e+00 0.000000e+00 0.000000e+00
3.760000e-01 0.000000e+00 -4.237003e+02 -5.644338e+02 0.000000e+00 0.000000e+00 0.000000e+00 8.690886e+00 6.000588e+00 1.585048e+03 5.618174e+01 0.000000e+00 0.000000e+00 0.000000e+00 0.000000e+00 0.000000e+00 0.000000e+00 0.000000e+00 0.000000e+00 0.000000e+00
3.770000e-01 0.000000e+00 -4.246366e+02 -5.725217e+02 0.000000e+00 0.000000e+00 0.000000e+00 7.847919e+00 5.166822e+00 1.583408e+03 5.803184e+01 0.000000e+00 0.000000e+00 0.000000e+00 0.000000e+00 0.000000e+00 0.000000e+00 0.000000e+00 0.000000e+00 0.000000e+00
3.780000e-01 0.000000e+00 -4.255783e+02 -5.806453e+02 0.000000e+00 0.000000e+00 0.000000e+00 6.996200e+00 4.324331e+00 1.581785e+03 5.990450e+01 0.000000e+00 0.000000e+00 0.000000e+00 0.000000e+00 0.000000e+00 0.000000e+00 0.000000e+00 0.000000e+00 0.000000e+00
3.790000e-01 0.000000e+00 -4.265255e+02 -5.888044e+02 0.000000e+00 0.000000e+00 0.000000e+00 6.135862e+00 3.473248e+00 1.580179e+03 6.179935e+01 0.000000e+00 0.000000e+00 0.000000e+00 0.000000e+00 0.000000e+00 0.000000e+00 0.000000e+00 0.000000e+00 0.000000e+00
3.800000e-01 0.000000e+00 -4.274786e+02 -5.969990e+02 0.000000e+00 0.000000e+00 0.000000e+00 5.267025e+00 2.613695e+00 1.578590e+03 6.371603e+01 0.000000e+00 0.000000e+00 0.000000e+00 0.000000e+00 0.000000e+00 0.000000e+00 0.000000e+00 0.000000e+00 0.000000e+00
3.810000e-01 0.000000e+00 -4.284379e+02 -6.052290e+02 0.000000e+00 0.000000e+00 0.000000e+00 4.389814e+00 1.745795e+00 1.577017e+03 6.565420e+01 0.000000e+00 0.000000e+00 0.000000e+00 0.000000e+00 0.000000e+00 0.000000e+00 0.000000e+00 0.000000e+00 0.000000e+00
3.820000e-01 0.000000e+00 -4.294035e+02 -6.134945e+02 0.000000e+00 0.000000e+00 0.000000e+00 3.504357e+00 8.696785e-01 1.575461e+03 6.761347e+01 0.000000e+00 0.000000e+00 0.000000e+00 0.000000e+00 0.000000e+00 0.000000e+00 0.000000e+00 0.000000e+00 0.000000e+00
3.830000e-01 0.000000e+00 -4.303760e+02 -6.217953e+02 0.000000e+00 0.000000e+00 0.000000e+00 2.610785e+00 -1.452427e-02 1.573922e+03 6.959347e+01 0.000000e+00 0.000000e+00 0.000000e+00 0.000000e+00 0.000000e+00 0.000000e+00 0.000000e+00 0.000000e+00 0.000000e+00
3.840000e-01 0.000000e+00 -4.313555e+02 -6.301314e+02 0.000000e+00 0.000000e+00 0.000000e+00 1.709233e+00 -9.066779e-01 1.572399e+03 7.159383e+01 0.000000e+00 0.000000e+00 0.000000e+00 0.000000e+00 0.000000e+00 0.000000e+00 0.000000e+00 0.000000e+00 0.000000e+00
3.850000e-01 0.000000e+00 -4.323424e+02 -6.385027e+02 0.000000e+00 0.000000e+00 0.000000e+00 7.998401e-01 -1.806644e+00 1.570892e+03 7.361415e+01 0.000000e+00 0.000000e+00 0.000000e+00 0.000000e+00 0.000000e+00 0.000000e+00 0.000000e+00 0.000000e+00 0.000000e+00
3.860000e-01 0.000000e+00 -4.333371e+02 -6.469091e+02 0.000000e+00 0.000000e+00 0.000000e+00 -1.172536e-01 -2.714281e+00 1.569401e+03 7.565403e+01 0.000000e+00 0.000000e+00 0.000000e+00 0.000000e+00 0.000000e+00 0.000000e+00 0.000000e+00 0.000000e+00 0.000000e+00
3.870000e-01 0.000000e+00 -4.343399e+02 -6.553505e+02 0.000000e+00 0.000000e+00 0.000000e+00 -1.041903e+00 -3.629444e+00 1.567927e+03 7.771306e+01 0.000000e+00 0.000000e+00 0.000000e+00 0.000000e+00 0.000000e+00 0.000000e+00 0.000000e+00 0.000000e+00 0.000000e+00
3.880000e-01 0.000000e+00 -4.353512e+02 -6.638267e+02 0.000000e+00 0.000000e+00 0.000000e+00 -1.973959e+00 -4.551984e+00 1.566468e+03 7.979082e+01 0.000000e+00 0.000000e+00 0.000000e+00 0.000000e+00 0.000000e+00 0.000000e+00 0.000000e+00 0.000000e+00 0.000000e+00
3.890000e-01 0.000000e+00 -4.363713e+02 -6.723376e+02 0.000000e+00 0.000000e+00 0.000000e+00 -2.913272e+00 -5.481750e+00 1.565025e+03 8.188690e+01 0.000000e+00 0.000000e+00 0.000000e+00 0.000000e+00 0.000000e+00 0.000000e+00 0.000000e+00 0.000000e+00 0.000000e+00
3.900000e-01 0.000000e+00 -4.374007e+02 -6.808829e+02 0.000000e+00 0.000000e+00 0.000000e+00 -3.859686e+00 -6.418588e+00 1.563598e+03 8.400086e+01 0.000000e+00 0.000000e+00 0.000000e+00 0.000000e+00 0.000000e+00 0.000000e+00 0.000000e+00 0.000000e+00 0.000000e+00
3.910000e-01 0.000000e+00 -4.384396e+02 -6.894626e+02 0.000000e+00 0.000000e+00 0.000000e+00 -4.813045e+00 -7.362341e+00 1.562187e+03 8.613226e+01 0.000000e+00 0.000000e+00 0.000000e+00 0.000000e+00 0.000000e+00 0.000000e+00 0.000000e+00 0.000000e+00 0.000000e+00
3.920000e-01 0.000000e+00 -4.394886e+02 -6.980764e+02 0.000000e+00 0.000000e+00 0.000000e+00 -5.773187e+00 -8.312847e+00 1.560791e+03 8.828067e+01 0.000000e+00 0.000000e+00 0.000000e+00 0.000000e+00 0.000000e+00 0.000000e+00 0.000000e+00 0.000000e+00 0.000000e+00
3.930000e-01 0.000000e+00 -4.405480e+02 -7.067240e+02 0.000000e+00 0.000000e+00 0.000000e+00 -6.739950e+00 -9.269943e+00 1.559410e+03 9.044561e+01 0.000000e+00 0.000000e+00 0.000000e+00 0.000000e+00 0.000000e+00 0.000000e+00 0.000000e+00 0.000000e+00 0.000000e+00
3.940000e-01 0.000000e+00 -4.416182e+02 -7.154052e+02 0.000000e+00 0.000000e+00 0.000000e+00 -7.713167e+00 -1.023346e+01 1.558045e+03 9.262665e+01 0.000000e+00 0.000000e+00 0.000000e+00 0.000000e+00 0.000000e+00 0.000000e+00 0.000000e+00 0.000000e+00 0.000000e+00
3.950000e-01 0.000000e+00 -4.426997e+02 -7.241198e+02 0.000000e+00 0.000000e+00 0.000000e+00 -8.692669e+00 -1.120324e+01 1.556694e+03 9.482331e+01 0.000000e+00 0.000000e+00 0.000000e+00 0.000000e+00 0.000000e+00 0.000000e+00 0.000000e+00 0.000000e+00 0.000000e+00
3.960000e-01 0.000000e+00 -4.437929e+02 -7.328675e+02 0.000000e+00 0.000000e+00 0.000000e+00 -9.678283e+00 -1.217909e+01 1.555359e+03 9.703512e+01 0.000000e+00 0.000000e+00 0.000000e+00 0.000000e+00 0.000000e+00 0.000000e+00 0.000000e+00 0.000000e+00 0.000000e+00
3.970000e-01 0.000000e+00 -4.448982e+02 -7.416479e+02 0.000000e+00 0.000000e+00 0.000000e+00 -1.066984e+01 -1.316086e+01 1.554039e+03 9.926160e+01 0.000000e+00 0.000000e+00 0.000000e+00 0.000000e+00 0.000000e+00 0.000000e+00 0.000000e+00 0.000000e+00 0.000000e+00
3.980000e-01 0.000000e+00 -4.460162e+02 -7.504609e+02 0.000000e+00 0.000000e+00 0.000000e+00 -1.166715e+01 -1.414836e+01 1.552734e+03 1.015023e+02 0.000000e+00 0.000000e+00 0.000000e+00 0.000000e+00 0.000000e+00 0.000000e+00 0.000000e+00 0.000000e+00 0.000000e+00
3.990000e-01 0.000000e+00 -4.471471e+02 -7.593059e+02 0.000000e+00 0.000000e+00 0.000000e+00 -1.267004e+01 -1.514141e+01 1.551443e+03 1.037566e+02 0.000000e+00 0.000000e+00 0.000000e+00 0.000000e+00 0.000000e+00 0.000000e+00 0.000000e+00 0.000000e+00 0.000000e+00
4.000000e-01 0.000000e+00 -4.482916e+02 -7.681828e+02 0.000000e+00 0.000000e+00 0.000000e+00 -1.367834e+01 -1.613982e+01 1.550167e+03 1.060242e+02 0.000000e+00 0.000000e+00 0.000000e+00 0.000000e+00 0.000000e+00 0.000000e+00 0.000000e+00 0.000000e+00 0.000000e+00
4.010000e-01 0.000000e+00 -4.494501e+02 -7.770911e+02 0.000000e+00 0.000000e+00 0.000000e+00 -1.469184e+01 -1.714343e+01 1.548906e+03 1.083045e+02 0.000000e+00 0.000000e+00 0.000000e+00 0.000000e+00 0.000000e+00 0.000000e+00 0.000000e+00 0.000000e+00 0.000000e+00
4.020000e-01 0.000000e+00 -4.506230e+02 -7.860305e+02 0.000000e+00 0.000000e+00 0.000000e+00 -1.571038e+01 -1.815203e+01 1.547659e+03 1.105970e+02 0.000000e+00 0.000000e+00 0.000000e+00 0.000000e+00 0.000000e+00 0.000000e+00 0.000000e+00 0.000000e+00 0.000000e+00
4.030000e-01 0.000000e+00 -4.518109e+02 -7.950006e+02 0.000000e+00 0.000000e+00 0.000000e+00 -1.673375e+01 -1.916543e+01 1.546426e+03 1.129012e+02 0.000000e+00 0.000000e+00 0.000000e+00 0.000000e+00 0.000000e+00 0.000000e+00 0.000000e+00 0.000000e+00 0.000000e+00
4.040000e-01 0.000000e+00 -4.530143e+02 -8.040009e+02 0.000000e+00 0.000000e+00 0.000000e+00 -1.776177e+01 -2.018347e+01 1.545208e+03 1.152165e+02 0.000000e+00 0.000000e+00 0.000000e+00 0.000000e+00 0.000000e+00 0.000000e+00 0.000000e+00 0.000000e+00 0.000000e+00
4.050000e-01 0.000000e+00 -4.542341e+02 -8.130314e+02 0.000000e+00 0.000000e+00 0.000000e+00 -1.879428e+01 -2.120596e+01 1.544003e+03 1.175426e+02 0.000000e+00 0.000000e+00 0.000000e+00 0.000000e+00 0.000000e+00 0.000000e+00 0.000000e+00 0.000000e+00 0.000000e+00
4.060000e-01 0.000000e+00 -4.554707e+02 -8.220917e+02 0.000000e+00 0.000000e+00 0.000000e+00 -1.983111e+01 -2.223274e+01 1.542813e+03 1.198789e+02 0.000000e+00 0.000000e+00 0.000000e+00 0.000000e+00 0.000000e+00 0.000000e+00 0.000000e+00 0.000000e+00 0.000000e+00
4.070000e-01 0.000000e+00 -4.567250e+02 -8.311816e+02 0.000000e+00 0.000000e+00 0.000000e+00 -2.087207e+01 -2.326362e+01 1.541637e+03 1.222249e+02 0.000000e+00 0.000000e+00 0.000000e+00 0.000000e+00 0.000000e+00 0.000000e+00 0.000000e+00 0.000000e+00 0.000000e+00
4.080000e-01 0.000000e+00 -4.579975e+02 -8.403006e+02 0.000000e+00 0.000000e+00 0.000000e+00 -2.191699e+01 -2.429843e+01 1.540475e+03 1.245801e+02 0.000000e+00 0.000000e+00 0.000000e+00 0.000000e+00 0.000000e+00 0.000000e+00 0.000000e+00 0.000000e+00 0.000000e+00
4.090000e-01 0.000000e+00 -4.592889e+02 -8.494486e+02 0.000000e+00 0.000000e+00 0.000000e+00 -2.296568e+01 -2.533699e+01 1.539327e+03 1.269440e+02 0.000000e+00 0.000000e+00 0.000000e+00 0.000000e+00 0.000000e+00 0.000000e+00 0.000000e+00 0.000000e+00 0.000000e+00
4.100000e-01 0.000000e+00 -4.606000e+02 -8.586251e+02 0.000000e+00 0.000000e+00 0.000000e+00 -2.401796e+01 -2.637910e+01 1.538192e+03 1.293162e+02 0.000000e+00 0.000000e+00 0.000000e+00 0.000000e+00 0.000000e+00 0.000000e+00 0.000000e+00 0.000000e+00 0.000000e+00
4.110000e-01 0.000000e+00 -4.619313e+02 -8.678298e+02 0.000000e+00 0.000000e+00 0.000000e+00 -2.507364e+01 -2.742459e+01 1.537071e+03 1.316960e+02 0.000000e+00 0.000000e+00 0.000000e+00 0.000000e+00 0.000000e+00 0.000000e+00 0.000000e+00 0.000000e+00 0.000000e+00
4.120000e-01 0.000000e+00 -4.632836e+02 -8.770622e+02 0.000000e+00 0.000000e+00 0.000000e+00 -2.613254e+01 -2.847327e+01 1.535964e+03 1.340830e+02 0.000000e+00 0.000000e+00 0.000000e+00 0.000000e+00 0.000000e+00 0.000000e+00 0.000000e+00 0.000000e+00 0.000000e+00
4.130000e-01 0.000000e+00 -4.646576e+02 -8.863221e+02 0.000000e+00 0.000000e+00 0.000000e+00 -2.719446e+01 -2.952494e+01 1.534870e+03 1.364766e+02 0.000000e+00 0.000000e+00 0.000000e+00 0.000000e+00 0.000000e+00 0.000000e+00 0.000000e+00 0.000000e+00 0.000000e+00
4.140000e-01 0.000000e+00 -4.660538e+02 -8.956089e+02 0.000000e+00 0.000000e+00 0.000000e+00 -2.825923e+01 -3.057942e+01 1.533789e+03 1.388764e+02 0.000000e+00 0.000000e+00 0.000000e+00 0.000000e+00 0.000000e+00 0.000000e+00 0.000000e+00 0.000000e+00 0.000000e+00
4.150000e-01 0.000000e+00 -4.674731e+02 -9.049223e+02 0.000000e+00 0.000000e+00 0.000000e+00 -2.932663e+01 -3.163652e+01 1.532722e+03 1.412818e+02 0.000000e+00 0.000000e+00 0.000000e+00 0.000000e+00 0.000000e+00 0.000000e+00 0.000000e+00 0.000000e+00 0.000000e+00
4.160000e-01 0.000000e+00 -4.689161e+02 -9.142618e+02 0.000000e+00 0.000000e+00 0.000000e+00 -3.039649e+01 -3.269604e+01 1.531668e+03 1.436923e+02 0.000000e+00 0.000000e+00 0.000000e+00 0.000000e+00 0.000000e+00 0.000000e+00 0.000000e+00 0.000000e+00 0.000000e+00
4.170000e-01 0.000000e+00 -4.703835e+02 -9.236269e+02 0.000000e+00 0.000000e+00 0.000000e+00 -3.146861e+01 -3.375779e+01 1.530627e+03 1.461073e+02 0.000000e+00 0.000000e+00 0.000000e+00 0.000000e+00 0.000000e+00 0.000000e+00 0.000000e+00 0.000000e+00 0.000000e+00
4.180000e-01 0.000000e+00 -4.718759e+02 -9.330172e+02 0.000000e+00 0.000000e+00 0.000000e+00 -3.254278e+01 -3.482157e+01 1.529599e+03 1.485263e+02 0.000000e+00 0.000000e+00 0.000000e+00 0.000000e+00 0.000000e+00 0.000000e+00 0.000000e+00 0.000000e+00 0.000000e+00
4.190000e-01 0.000000e+00 -4.733942e+02 -9.424321e+02 0.000000e+00 0.000000e+00 0.000000e+00 -3.361882e+01 -3.588718e+01 1.528585e+03 1.509488e+02 0.000000e+00 0.000000e+00 0.000000e+00 0.000000e+00 0.000000e+00 0.000000e+00 0.000000e+00 0.000000e+00 0.000000e+00
4.200000e-01 0.000000e+00 -4.749389e+02 -9.518713e+02 0.000000e+00 0.000000e+00 0.000000e+00 -3.469653e+01 -3.695444e+01 1.527583e+03 1.533742e+02 0.000000e+00 0.000000e+00 0.000000e+00 0.000000e+00 0.000000e+00 0.000000e+00 0.000000e+00 0.000000e+00 0.000000e+00
4.210000e-01 0.000000e+00 -4.765108e+02 -9.613341e+02 0.000000e+00 0.000000e+00 0.000000e+00 -3.577570e+01 -3.802313e+01 1.526594e+03 1.558020e+02 0.000000e+00 0.000000e+00 0.000000e+00 0.000000e+00 0.000000e+00 0.000000e+00 0.000000e+00 0.000000e+00 0.000000e+00
4.220000e-01 0.000000e+00 -4.781106e+02 -9.708200e+02 0.000000e+00 0.000000e+00 0.000000e+00 -3.685614e+01 -3.909307e+01 1.525617e+03 1.582317e+02 0.000000e+00 0.000000e+00 0.000000e+00 0.000000e+00 0.000000e+00 0.000000e+00 0.000000e+00 0.000000e+00 0.000000e+00
4.230000e-01 0.000000e+00 -4.797390e+02 -9.803285e+02 0.000000e+00 0.000000e+00 0.000000e+00 -3.793765e+01 -4.016404e+01 1.524654e+03 1.606627e+02 0.000000e+00 0.000000e+00 0.000000e+00 0.000000e+00 0.000000e+00 0.000000e+00 0.000000e+00 0.000000e+00 0.000000e+00
4.240000e-01 0.000000e+00 -4.813967e+02 -9.898590e+02 0.000000e+00 0.000000e+00 0.000000e+00 -3.902002e+01 -4.123585e+01 1.523703e+03 1.630945e+02 0.000000e+00 0.000000e+00 0.000000e+00 0.000000e+00 0.000000e+00 0.000000e+00 0.000000e+00 0.000000e+00 0.000000e+00
4.250000e-01 0.000000e+00 -4.830843e+02 -9.994110e+02 0.000000e+00 0.000000e+00 0.000000e+00 -4.010305e+01 -4.230830e+01 1.522764e+03 1.655266e+02 0.000000e+00 0.000000e+00 0.000000e+00 0.000000e+00 0.000000e+00 0.000000e+00 0.000000e+00 0.000000e+00 0.000000e+00
4.260000e-01 0.000000e+00 -4.848027e+02 -1.008984e+03 0.000000e+00 0.000000e+00 0.000000e+00 -4.118653e+01 -4.338117e+01 1.521838e+03 1.679583e+02 0.000000e+00 0.000000e+00 0.000000e+00 0.000000e+00 0.000000e+00 0.000000e+00 0.000000e+00 0.000000e+00 0.000000e+00
4.270000e-01 0.000000e+00 -4.865524e+02 -1.018577e+03 0.000000e+00 0.000000e+00 0.000000e+00 -4.227028e+01 -4.445428e+01 1.520924e+03 1.703893e+02 0.000000e+00 0.000000e+00 0.000000e+00 0.000000e+00 0.000000e+00 0.000000e+00 0.000000e+00 0.000000e+00 0.000000e+00
4.280000e-01 0.000000e+00 -4.883342e+02 -1.028190e+03 0.000000e+00 0.000000e+00 0.000000e+00 -4.335407e+01 -4.552742e+01 1.520023e+03 1.728188e+02 0.000000e+00 0.000000e+00 0.000000e+00 0.000000e+00 0.000000e+00 0.000000e+00 0.000000e+00 0.000000e+00 0.000000e+00
4.290000e-01 0.000000e+00 -4.901490e+02 -1.037822e+03 0.000000e+00 0.000000e+00 0.000000e+00 -4.443773e+01 -4.660040e+01 1.519134e+03 1.752464e+02 0.000000e+00 0.000000e+00 0.000000e+00 0.000000e+00 0.000000e+00 0.000000e+00 0.000000e+00 0.000000e+00 0.000000e+00
4.300000e-01 0.000000e+00 -4.919975e+02 -1.047472e+03 0.000000e+00 0.000000e+00 0.000000e+00 -4.552108e+01 -4.767304e+01 1.518257e+03 1.776716e+02 0.000000e+00 0.000000e+00 0.000000e+00 0.000000e+00 0.000000e+00 0.000000e+00 0.000000e+00 0.000000e+00 0.000000e+00
4.310000e-01 0.000000e+00 -4.938806e+02 -1.057141e+03 0.000000e+00 0.000000e+00 0.000000e+00 -4.660392e+01 -4.874515e+01 1.517392e+03 1.800940e+02 0.000000e+00 0.000000e+00 0.000000e+00 0.000000e+00 0.000000e+00 0.000000e+00 0.000000e+00 0.000000e+00 0.000000e+00
4.320000e-01 0.000000e+00 -4.957990e+02 -1.066827e+03 0.000000e+00 0.000000e+00 0.000000e+00 -4.768607e+01 -4.981654e+01 1.516540e+03 1.825129e+02 0.000000e+00 0.000000e+00 0.000000e+00 0.000000e+00 0.000000e+00 0.000000e+00 0.000000e+00 0.000000e+00 0.000000e+00
4.330000e-01 0.000000e+00 -4.977535e+02 -1.076531e+03 0.000000e+00 0.000000e+00 0.000000e+00 -4.876733e+01 -5.088701e+01 1.515699e+03 1.849278e+02 0.000000e+00 0.000000e+00 0.000000e+00 0.000000e+00 0.000000e+00 0.000000e+00 0.000000e+00 0.000000e+00 0.000000e+00
4.340000e-01 0.000000e+00 -4.997449e+02 -1.086251e+03 0.000000e+00 0.000000e+00 0.000000e+00 -4.984751e+01 -5.195639e+01 1.514870e+03 1.873383e+02 0.000000e+00 0.000000e+00 0.000000e+00 0.000000e+00 0.000000e+00 0.000000e+00 0.000000e+00 0.000000e+00 0.000000e+00
4.350000e-01 0.000000e+00 -5.017740e+02 -1.095987e+03 0.000000e+00 0.000000e+00 0.000000e+00 -5.092642e+01 -5.302448e+01 1.514053e+03 1.897437e+02 0.000000e+00 0.000000e+00 0.000000e+00 0.000000e+00 0.000000e+00 0.000000e+00 0.000000e+00 0.000000e+00 0.000000e+00
4.360000e-01 0.000000e+00 -5.038415e+02 -1.105738e+03 0.000000e+00 0.000000e+00 0.000000e+00 -5.200387e+01 -5.409108e+01 1.513248e+03 1.921437e+02 0.000000e+00 0.000000e+00 0.000000e+00 0.000000e+00 0.000000e+00 0.000000e+00 0.000000e+00 0.000000e+00 0.000000e+00
4.370000e-01 0.000000e+00 -5.059482e+02 -1.115504e+03 0.000000e+00 0.000000e+00 0.000000e+00 -5.307967e+01 -5.515601e+01 1.512455e+03 1.945377e+02 0.000000e+00 0.000000e+00 0.000000e+00 0.000000e+00 0.000000e+00 0.000000e+00 0.000000e+00 0.000000e+00 0.000000e+00
4.380000e-01 0.000000e+00 -5.080949e+02 -1.125283e+03 0.000000e+00 0.000000e+00 0.000000e+00 -5.415364e+01 -5.621908e+01 1.511673e+03 1.969252e+02 0.000000e+00 0.000000e+00 0.000000e+00 0.000000e+00 0.000000e+00 0.000000e+00 0.000000e+00 0.000000e+00 0.000000e+00
4.390000e-01 0.000000e+00 -5.102823e+02 -1.135077e+03 0.000000e+00 0.000000e+00 0.000000e+00 -5.522557e+01 -5.728011e+01 1.510903e+03 1.993057e+02 0.000000e+00 0.000000e+00 0.000000e+00 0.000000e+00 0.000000e+00 0.000000e+00 0.000000e+00 0.000000e+00 0.000000e+00
4.400000e-01 0.000000e+00 -5.125112e+02 -1.144883e+03 0.000000e+00 0.000000e+00 0.000000e+00 -5.629530e+01 -5.833890e+01 1.510145e+03 2.016786e+02 0.000000e+00 0.000000e+00 0.000000e+00 0.000000e+00 0.000000e+00 0.000000e+00 0.000000e+00 0.000000e+00 0.000000e+00
4.410000e-01 0.000000e+00 -5.147824e+02 -1.154701e+03 0.000000e+00 0.000000e+00 0.000000e+00 -5.736262e+01 -5.939526e+01 1.509398e+03 2.040436e+02 0.000000e+00 0.000000e+00 0.000000e+00 0.000000e+00 0.000000e+00 0.000000e+00 0.000000e+00 0.000000e+00 0.000000e+00
4.420000e-01 0.000000e+00 -5.170965e+02 -1.164531e+03 0.000000e+00 0.000000e+00 0.000000e+00 -5.842735e+01 -6.044902e+01 1.508662e+03 2.064000e+02 0.000000e+00 0.000000e+00 0.000000e+00 0.000000e+00 0.000000e+00 0.000000e+00 0.000000e+00 0.000000e+00 0.000000e+00
4.430000e-01 0.000000e+00 -5.194544e+02 -1.174372e+03 0.000000e+00 0.000000e+00 0.000000e+00 -5.948931e+01 -6.149998e+01 1.507938e+03 2.087475e+02 0.000000e+00 0.000000e+00 0.000000e+00 0.000000e+00 0.000000e+00 0.000000e+00 0.000000e+00 0.000000e+00 0.000000e+00
4.440000e-01 0.000000e+00 -5.218567e+02 -1.184223e+03 0.000000e+00 0.000000e+00 0.000000e+00 -6.054830e+01 -6.254797e+01 1.507225e+03 2.110854e+02 0.000000e+00 0.000000e+00 0.000000e+00 0.000000e+00 0.000000e+00 0.000000e+00 0.000000e+00 0.000000e+00 0.000000e+00
4.450000e-01 0.000000e+00 -5.243043e+02 -1.194083e+03 0.000000e+00 0.000000e+00 0.000000e+00 -6.160416e+01 -6.359279e+01 1.506523e+03 2.134134e+02 0.000000e+00 0.000000e+00 0.000000e+00 0.000000e+00 0.000000e+00 0.000000e+00 0.000000e+00 0.000000e+00 0.000000e+00
4.460000e-01 0.000000e+00 -5.267978e+02 -1.203952e+03 0.000000e+00 0.000000e+00 0.000000e+00 -6.265668e+01 -6.463426e+01 1.505833e+03 2.157309e+02 0.000000e+00 0.000000e+00 0.000000e+00 0.000000e+00 0.000000e+00 0.000000e+00 0.000000e+00 0.000000e+00 0.000000e+00
4.470000e-01 0.000000e+00 -5.293379e+02 -1.213830e+03 0.000000e+00 0.000000e+00 0.000000e+00 -6.370569e+01 -6.567220e+01 1.505153e+03 2.180374e+02 0.000000e+00 0.000000e+00 0.000000e+00 0.000000e+00 0.000000e+00 0.000000e+00 0.000000e+00 0.000000e+00 0.000000e+00
4.480000e-01 0.000000e+00 -5.319254e+02 -1.223715e+03 0.000000e+00 0.000000e+00 0.000000e+00 -6.475102e+01 -6.670644e+01 1.504485e+03 2.203326e+02 0.000000e+00 0.000000e+00 0.000000e+00 0.000000e+00 0.000000e+00 0.000000e+00 0.000000e+00 0.000000e+00 0.000000e+00
4.490000e-01 0.000000e+00 -5.345611e+02 -1.233606e+03 0.000000e+00 0.000000e+00 0.000000e+00 -6.579247e+01 -6.773679e+01 1.503828e+03 2.226158e+02 0.000000e+00 0.000000e+00 0.000000e+00 0.000000e+00 0.000000e+00 0.000000e+00 0.000000e+00 0.000000e+00 0.000000e+00
4.500000e-01 0.000000e+00 -5.372455e+02 -1.243503e+03 0.000000e+00 0.000000e+00 0.000000e+00 -6.682987e+01 -6.876308e+01 1.503181e+03 2.248867e+02 0.000000e+00 0.000000e+00 0.000000e+00 0.000000e+00 0.000000e+00 0.000000e+00 0.000000e+00 0.000000e+00 0.000000e+00
4.510000e-01 0.000000e+00 -5.399793e+02 -1.253406e+03 0.000000e+00 0.000000e+00 0.000000e+00 -6.786304e+01 -6.978512e+01 1.502546e+03 2.271448e+02 0.000000e+00 0.000000e+00 0.000000e+00 0.000000e+00 0.000000e+00 0.000000e+00 0.000000e+00 0.000000e+00 0.000000e+00
4.520000e-01 0.000000e+00 -5.427634e+02 -1.263313e+03 0.000000e+00 0.000000e+00 0.000000e+00 -6.889181e+01 -7.080274e+01 1.501922e+03 2.293897e+02 0.000000e+00 0.000000e+00 0.000000e+00 0.000000e+00 0.000000e+00 0.000000e+00 0.000000e+00 0.000000e+00 0.000000e+00
4.530000e-01 0.000000e+00 -5.455984e+02 -1.273224e+03 0.000000e+00 0.000000e+00 0.000000e+00 -6.991600e+01 -7.181578e+01 1.501308e+03 2.316208e+02 0.000000e+00 0.000000e+00 0.000000e+00 0.000000e+00 0.000000e+00 0.000000e+00 0.000000e+00 0.000000e+00 0.000000e+00
4.540000e-01 0.000000e+00 -5.484850e+02 -1.283138e+03 0.000000e+00 0.000000e+00 0.000000e+00 -7.093548e+01 -7.282409e+01 1.500705e+03 2.338378e+02 0.000000e+00 0.000000e+00 0.000000e+00 0.000000e+00 0.000000e+00 0.000000e+00 0.000000e+00 0.000000e+00 0.000000e+00
4.550000e-01 0.000000e+00 -5.514241e+02 -1.293055e+03 0.000000e+00 0.000000e+00 0.000000e+00 -7.195008e+01 -7.382750e+01 1.500113e+03 2.360403e+02 0.000000e+00 0.000000e+00 0.000000e+00 0.000000e+00 0.000000e+00 0.000000e+00 0.000000e+00 0.000000e+00 0.000000e+00
4.560000e-01 0.000000e+00 -5.544162e+02 -1.302973e+03 0.000000e+00 0.000000e+00 0.000000e+00 -7.295962e+01 -7.482584e+01 1.499531e+03 2.382278e+02 0.000000e+00 0.000000e+00 0.000000e+00 0.000000e+00 0.000000e+00 0.000000e+00 0.000000e+00 0.000000e+00 0.000000e+00
4.570000e-01 0.000000e+00 -5.574620e+02 -1.312893e+03 0.000000e+00 0.000000e+00 0.000000e+00 -7.396394e+01 -7.581896e+01 1.498960e+03 2.403999e+02 0.000000e+00 0.000000e+00 0.000000e+00 0.000000e+00 0.000000e+00 0.000000e+00 0.000000e+00 0.000000e+00 0.000000e+00
4.580000e-01 0.000000e+00 -5.605622e+02 -1.322813e+03 0.000000e+00 0.000000e+00 0.000000e+00 -7.496289e+01 -7.680669e+01 1.498400e+03 2.425562e+02 0.000000e+00 0.000000e+00 0.000000e+00 0.000000e+00 0.000000e+00 0.000000e+00 0.000000e+00 0.000000e+00 0.000000e+00
4.590000e-01 0.000000e+00 -5.637175e+02 -1.332732e+03 0.000000e+00 0.000000e+00 0.000000e+00 -7.595630e+01 -7.778887e+01 1.497850e+03 2.446962e+02 0.000000e+00 0.000000e+00 0.000000e+00 0.000000e+00 0.000000e+00 0.000000e+00 0.000000e+00 0.000000e+00 0.000000e+00
4.600000e-01 0.000000e+00 -5.669284e+02 -1.342651e+03 0.000000e+00 0.000000e+00 0.000000e+00 -7.694401e+01 -7.876534e+01 1.497311e+03 2.468197e+02 0.000000e+00 0.000000e+00 0.000000e+00 0.000000e+00 0.000000e+00 0.000000e+00 0.000000e+00 0.000000e+00 0.000000e+00
4.610000e-01 0.000000e+00 -5.701957e+02 -1.352567e+03 0.000000e+00 0.000000e+00 0.000000e+00 -7.792587e+01 -7.973595e+01 1.496782e+03 2.489261e+02 0.000000e+00 0.000000e+00 0.000000e+00 0.000000e+00 0.000000e+00 0.000000e+00 0.000000e+00 0.000000e+00 0.000000e+00
4.620000e-01 0.000000e+00 -5.735198e+02 -1.362481e+03 0.000000e+00 0.000000e+00 0.000000e+00 -7.890172e+01 -8.070055e+01 1.496263e+03 2.510151e+02 0.000000e+00 0.000000e+00 0.000000e+00 0.000000e+00 0.000000e+00 0.000000e+00 0.000000e+00 0.000000e+00 0.000000e+00
4.630000e-01 0.000000e+00 -5.769016e+02 -1.372391e+03 0.000000e+00 0.000000e+00 0.000000e+00 -7.987142e+01 -8.165898e+01 1.495754e+03 2.530862e+02 0.000000e+00 0.000000e+00 0.000000e+00 0.000000e+00 0.000000e+00 0.000000e+00 0.000000e+00 0.000000e+00 0.000000e+00
4.640000e-01 0.000000e+00 -5.803415e+02 -1.382297e+03 0.000000e+00 0.000000e+00 0.000000e+00 -8.083481e+01 -8.261111e+01 1.495256e+03 2.551393e+02 0.000000e+00 0.000000e+00 0.000000e+00 0.000000e+00 0.000000e+00 0.000000e+00 0.000000e+00 0.000000e+00 0.000000e+00
4.650000e-01 0.000000e+00 -5.838402e+02 -1.392198e+03 0.000000e+00 0.000000e+00 0.000000e+00 -8.179175e+01 -8.355678e+01 1.494768e+03 2.571737e+02 0.000000e+00 0.000000e+00 0.000000e+00 0.000000e+00 0.000000e+00 0.000000e+00 0.000000e+00 0.000000e+00 0.000000e+00
4.660000e-01 0.000000e+00 -5.873983e+02 -1.402094e+03 0.000000e+00 0.000000e+00 0.000000e+00 -8.274210e+01 -8.449585e+01 1.494291e+03 2.591893e+02 0.000000e+00 0.000000e+00 0.000000e+00 0.000000e+00 0.000000e+00 0.000000e+00 0.000000e+00 0.000000e+00 0.000000e+00
4.670000e-01 0.000000e+00 -5.910163e+02 -1.411983e+03 0.000000e+00 0.000000e+00 0.000000e+00 -8.368572e+01 -8.542818e+01 1.493823e+03 2.611856e+02 0.000000e+00 0.000000e+00 0.000000e+00 0.000000e+00 0.000000e+00 0.000000e+00 0.000000e+00 0.000000e+00 0.000000e+00
4.680000e-01 0.000000e+00 -5.946948e+02 -1.421865e+03 0.000000e+00 0.000000e+00 0.000000e+00 -8.462247e+01 -8.635364e+01 1.493365e+03 2.631623e+02 0.000000e+00 0.000000e+00 0.000000e+00 0.000000e+00 0.000000e+00 0.000000e+00 0.000000e+00 0.000000e+00 0.000000e+00
4.690000e-01 0.000000e+00 -5.984344e+02 -1.431739e+03 0.000000e+00 0.000000e+00 0.000000e+00 -8.555221e+01 -8.727210e+01 1.492918e+03 2.651191e+02 0.000000e+00 0.000000e+00 0.000000e+00 0.000000e+00 0.000000e+00 0.000000e+00 0.000000e+00 0.000000e+00 0.000000e+00
4.700000e-01 0.000000e+00 -6.022356e+02 -1.441604e+03 0.000000e+00 0.000000e+00 0.000000e+00 -8.647482e+01 -8.818341e+01 1.492480e+03 2.670556e+02 0.000000e+00 0.000000e+00 0.000000e+00 0.000000e+00 0.000000e+00 0.000000e+00 0.000000e+00 0.000000e+00 0.000000e+00
4.710000e-01 0.000000e+00 -6.060990e+02 -1.451459e+03 0.000000e+00 0.000000e+00 0.000000e+00 -8.739016e+01 -8.908746e+01 1.492052e+03 2.689715e+02 0.000000e+00 0.000000e+00 0.000000e+00 0.000000e+00 0.000000e+00 0.000000e+00 0.000000e+00 0.000000e+00 0.000000e+00
4.720000e-01 0.000000e+00 -6.100250e+02 -1.461305e+03 0.000000e+00 0.000000e+00 0.000000e+00 -8.829811e+01 -8.998412e+01 1.491635e+03 2.708665e+02 0.000000e+00 0.000000e+00 0.000000e+00 0.000000e+00 0.000000e+00 0.000000e+00 0.000000e+00 0.000000e+00 0.000000e+00
4.730000e-01 0.000000e+00 -6.140143e+02 -1.471139e+03 0.000000e+00 0.000000e+00 0.000000e+00 -8.919854e+01 -9.087326e+01 1.491227e+03 2.727404e+02 0.000000e+00 0.000000e+00 0.000000e+00 0.000000e+00 0.000000e+00 0.000000e+00 0.000000e+00 0.000000e+00 0.000000e+00
4.740000e-01 0.000000e+00 -6.180673e+02 -1.480962e+03 0.000000e+00 0.000000e+00 0.000000e+00 -9.009134e+01 -9.175477e+01 1.490829e+03 2.745927e+02 0.000000e+00 0.000000e+00 0.000000e+00 0.000000e+00 0.000000e+00 0.000000e+00 0.000000e+00 0.000000e+00 0.000000e+00
4.750000e-01 0.000000e+00 -6.221845e+02 -1.490772e+03 0.000000e+00 0.000000e+00 0.000000e+00 -9.097638e+01 -9.262852e+01 1.490440e+03 2.764233e+02 0.000000e+00 0.000000e+00 0.000000e+00 0.000000e+00 0.000000e+00 0.000000e+00 0.000000e+00 0.000000e+00 0.000000e+00
4.760000e-01 0.000000e+00 -6.263664e+02 -1.500569e+03 0.000000e+00 0.000000e+00 0.000000e+00 -9.185356e+01 -9.349442e+01 1.490061e+03 2.782318e+02 0.000000e+00 0.000000e+00 0.000000e+00 0.000000e+00 0.000000e+00 0.000000e+00 0.000000e+00 0.000000e+00 0.000000e+00
4.770000e-01 0.000000e+00 -6.306134e+02 -1.510352e+03 0.000000e+00 0.000000e+00 0.000000e+00 -9.272276e+01 -9.435233e+01 1.489692e+03 2.800180e+02 0.000000e+00 0.000000e+00 0.000000e+00 0.000000e+00 0.000000e+00 0.000000e+00 0.000000e+00 0.000000e+00 0.000000e+00
4.780000e-01 0.000000e+00 -6.349260e+02 -1.520121e+03 0.000000e+00 0.000000e+00 0.000000e+00 -9.358387e+01 -9.520217e+01 1.489333e+03 2.817816e+02 0.000000e+00 0.000000e+00 0.000000e+00 0.000000e+00 0.000000e+00 0.000000e+00 0.000000e+00 0.000000e+00 0.000000e+00
4.790000e-01 0.000000e+00 -6.393047e+02 -1.529874e+03 0.000000e+00 0.000000e+00 0.000000e+00 -9.443680e+01 -9.604382e+01 1.488983e+03 2.835224e+02 0.000000e+00 0.000000e+00 0.000000e+00 0.000000e+00 0.000000e+00 0.000000e+00 0.000000e+00 0.000000e+00 0.000000e+00
4.800000e-01 0.000000e+00 -6.437499e+02 -1.539611e+03 0.000000e+00 0.000000e+00 0.000000e+00 -9.528143e+01 -9.687719e+01 1.488642e+03 2.852401e+02 0.000000e+00 0.000000e+00 0.000000e+00 0.000000e+00 0.000000e+00 0.000000e+00 0.000000e+00 0.000000e+00 0.000000e+00
4.810000e-01 0.000000e+00 -6.482619e+02 -1.549330e+03 0.000000e+00 0.000000e+00 0.000000e+00 -9.611767e+01 -9.770218e+01 1.488311e+03 2.869345e+02 0.000000e+00 0.000000e+00 0.000000e+00 0.000000e+00 0.000000e+00 0.000000e+00 0.000000e+00 0.000000e+00 0.000000e+00
4.820000e-01 0.000000e+00 -6.528411e+02 -1.559033e+03 0.000000e+00 0.000000e+00 0.000000e+00 -9.694542e+01 -9.851868e+01 1.487990e+03 2.886053e+02 0.000000e+00 0.000000e+00 0.000000e+00 0.000000e+00 0.000000e+00 0.000000e+00 0.000000e+00 0.000000e+00 0.000000e+00
4.830000e-01 0.000000e+00 -6.574880e+02 -1.568716e+03 0.000000e+00 0.000000e+00 0.000000e+00 -9.776458e+01 -9.932659e+01 1.487678e+03 2.902524e+02 0.000000e+00 0.000000e+00 0.000000e+00 0.000000e+00 0.000000e+00 0.000000e+00 0.000000e+00 0.000000e+00 0.000000e+00
4.840000e-01 0.000000e+00 -6.622028e+02 -1.578381e+03 0.000000e+00 0.000000e+00 0.000000e+00 -9.857505e+01 -1.001258e+02 1.487375e+03 2.918755e+02 0.000000e+00 0.000000e+00 0.000000e+00 0.000000e+00 0.000000e+00 0.000000e+00 0.000000e+00 0.000000e+00 0.000000e+00
4.850000e-01 0.000000e+00 -6.669858e+02 -1.588025e+03 0.000000e+00 0.000000e+00 0.000000e+00 -9.937673e+01 -1.009163e+02 1.487082e+03 2.934745e+02 0.000000e+00 0.000000e+00 0.000000e+00 0.000000e+00 0.000000e+00 0.000000e+00 0.000000e+00 0.000000e+00 0.000000e+00
4.860000e-01 0.000000e+00 -6.718374e+02 -1.597648e+03 0.000000e+00 0.000000e+00 0.000000e+00 -1.001695e+02 -1.016979e+02 1.486797e+03 2.950490e+02 0.000000e+00 0.000000e+00 0.000000e+00 0.000000e+00 0.000000e+00 0.000000e+00 0.000000e+00 0.000000e+00 0.000000e+00
4.870000e-01 0.000000e+00 -6.767579e+02 -1.607250e+03 0.000000e+00 0.000000e+00 0.000000e+00 -1.009534e+02 -1.024705e+02 1.486522e+03 2.965990e+02 0.000000e+00 0.000000e+00 0.000000e+00 0.000000e+00 0.000000e+00 0.000000e+00 0.000000e+00 0.000000e+00 0.000000e+00
4.880000e-01 0.000000e+00 -6.817474e+02 -1.616830e+03 0.000000e+00 0.000000e+00 0.000000e+00 -1.017282e+02 -1.032342e+02 1.486257e+03 2.981242e+02 0.000000e+00 0.000000e+00 0.000000e+00 0.000000e+00 0.000000e+00 0.000000e+00 0.000000e+00 0.000000e+00 0.000000e+00
4.890000e-01 0.000000e+00 -6.868064e+02 -1.626386e+03 0.000000e+00 0.000000e+00 0.000000e+00 -1.024939e+02 -1.039887e+02 1.486000e+03 2.996245e+02 0.000000e+00 0.000000e+00 0.000000e+00 0.000000e+00 0.000000e+00 0.000000e+00 0.000000e+00 0.000000e+00 0.000000e+00
4.900000e-01 0.000000e+00 -6.919350e+02 -1.635918e+03 0.000000e+00 0.000000e+00 0.000000e+00 -1.032504e+02 -1.047340e+02 1.485752e+03 3.010998e+02 0.000000e+00 0.000000e+00 0.000000e+00 0.000000e+00 0.000000e+00 0.000000e+00 0.000000e+00 0.000000e+00 0.000000e+00
4.910000e-01 0.000000e+00 -6.971335e+02 -1.645426e+03 0.000000e+00 0.000000e+00 0.000000e+00 -1.039976e+02 -1.054701e+02 1.485514e+03 3.025498e+02 0.000000e+00 0.000000e+00 0.000000e+00 0.000000e+00 0.000000e+00 0.000000e+00 0.000000e+00 0.000000e+00 0.000000e+00
4.920000e-01 0.000000e+00 -7.024021e+02 -1.654909e+03 0.000000e+00 0.000000e+00 0.000000e+00 -1.047355e+02 -1.061969e+02 1.485284e+03 3.039745e+02 0.000000e+00 0.000000e+00 0.000000e+00 0.000000e+00 0.000000e+00 0.000000e+00 0.000000e+00 0.000000e+00 0.000000e+00
4.930000e-01 0.000000e+00 -7.077410e+02 -1.664365e+03 0.000000e+00 0.000000e+00 0.000000e+00 -1.054640e+02 -1.069143e+02 1.485064e+03 3.053737e+02 0.000000e+00 0.000000e+00 0.000000e+00 0.000000e+00 0.000000e+00 0.000000e+00 0.000000e+00 0.000000e+00 0.000000e+00
4.940000e-01 0.000000e+00 -7.131504e+02 -1.673795e+03 0.000000e+00 0.000000e+00 0.000000e+00 -1.061831e+02 -1.076223e+02 1.484852e+03 3.067474e+02 0.000000e+00 0.000000e+00 0.000000e+00 0.000000e+00 0.000000e+00 0.000000e+00 0.000000e+00 0.000000e+00 0.000000e+00
4.950000e-01 0.000000e+00 -7.186305e+02 -1.683197e+03 0.000000e+00 0.000000e+00 0.000000e+00 -1.068926e+02 -1.083208e+02 1.484649e+03 3.080953e+02 0.000000e+00 0.000000e+00 0.000000e+00 0.000000e+00 0.000000e+00 0.000000e+00 0.000000e+00 0.000000e+00 0.000000e+00
4.960000e-01 0.000000e+00 -7.241815e+02 -1.692571e+03 0.000000e+00 0.000000e+00 0.000000e+00 -1.075926e+02 -1.090098e+02 1.484455e+03 3.094175e+02 0.000000e+00 0.000000e+00 0.000000e+00 0.000000e+00 0.000000e+00 0.000000e+00 0.000000e+00 0.000000e+00 0.000000e+00
4.970000e-01 0.000000e+00 -7.298034e+02 -1.701916e+03 0.000000e+00 0.000000e+00 0.000000e+00 -1.082830e+02 -1.096891e+02 1.484270e+03 3.107139e+02 0.000000e+00 0.000000e+00 0.000000e+00 0.000000e+00 0.000000e+00 0.000000e+00 0.000000e+00 0.000000e+00 0.000000e+00
4.980000e-01 0.000000e+00 -7.354965e+02 -1.711232e+03 0.000000e+00 0.000000e+00 0.000000e+00 -1.089637e+02 -1.103589e+02 1.484094e+03 3.119843e+02 0.000000e+00 0.000000e+00 0.000000e+00 0.000000e+00 0.000000e+00 0.000000e+00 0.000000e+00 0.000000e+00 0.000000e+00
4.990000e-01 0.000000e+00 -7.412608e+02 -1.720518e+03 0.000000e+00 0.000000e+00 0.000000e+00 -1.096348e+02 -1.110190e+02 1.483926e+03 3.132287e+02 0.000000e+00 0.000000e+00 0.000000e+00 0.000000e+00 0.000000e+00 0.000000e+00 0.000000e+00 0.000000e+00 0.000000e+00
5.000000e-01 0.000000e+00 -7.470964e+02 -1.729773e+03 0.000000e+00 0.000000e+00 0.000000e+00 -1.102961e+02 -1.116694e+02 1.483767e+03 3.144471e+02 0.000000e+00 0.000000e+00 0.000000e+00 0.000000e+00 0.000000e+00 0.000000e+00 0.000000e+00 0.000000e+00 0.000000e+00
5.010000e-01 0.000000e+00 -7.530034e+02 -1.738996e+03 0.000000e+00 0.000000e+00 0.000000e+00 -1.109477e+02 -1.123100e+02 1.483617e+03 3.156394e+02 0.000000e+00 0.000000e+00 0.000000e+00 0.000000e+00 0.000000e+00 0.000000e+00 0.000000e+00 0.000000e+00 0.000000e+00
5.020000e-01 0.000000e+00 -7.589819e+02 -1.748188e+03 0.000000e+00 0.000000e+00 0.000000e+00 -1.115895e+02 -1.129410e+02 1.483475e+03 3.168057e+02 0.000000e+00 0.000000e+00 0.000000e+00 0.000000e+00 0.000000e+00 0.000000e+00 0.000000e+00 0.000000e+00 0.000000e+00
5.030000e-01 0.000000e+00 -7.650319e+02 -1.757347e+03 0.000000e+00 0.000000e+00 0.000000e+00 -1.122215e+02 -1.135621e+02 1.483342e+03 3.179458e+02 0.000000e+00 0.000000e+00 0.000000e+00 0.000000e+00 0.000000e+00 0.000000e+00 0.000000e+00 0.000000e+00 0.000000e+00
5.040000e-01 0.000000e+00 -7.711533e+02 -1.766472e+03 0.000000e+00 0.000000e+00 0.000000e+00 -1.128437e+02 -1.141735e+02 1.483218e+03 3.190598e+02 0.000000e+00 0.000000e+00 0.000000e+00 0.000000e+00 0.000000e+00 0.000000e+00 0.000000e+00 0.000000e+00 0.000000e+00
5.050000e-01 0.000000e+00 -7.773461e+02 -1.775564e+03 0.000000e+00 0.000000e+00 0.000000e+00 -1.134560e+02 -1.147749e+02 1.483102e+03 3.201476e+02 0.000000e+00 0.000000e+00 0.000000e+00 0.000000e+00 0.000000e+00 0.000000e+00 0.000000e+00 0.000000e+00 0.000000e+00
5.060000e-01 0.000000e+00 -7.836103e+02 -1.784621e+03 0.000000e+00 0.000000e+00 0.000000e+00 -1.140583e+02 -1.153666e+02 1.482994e+03 3.212092e+02 0.000000e+00 0.000000e+00 0.000000e+00 0.000000e+00 0.000000e+00 0.000000e+00 0.000000e+00 0.000000e+00 0.000000e+00
5.070000e-01 0.000000e+00 -7.899457e+02 -1.793642e+03 0.000000e+00 0.000000e+00 0.000000e+00 -1.146508e+02 -1.159483e+02 1.482895e+03 3.222446e+02 0.000000e+00 0.000000e+00 0.000000e+00 0.000000e+00 0.000000e+00 0.000000e+00 0.000000e+00 0.000000e+00 0.000000e+00
5.080000e-01 0.000000e+00 -7.963522e+02 -1.802627e+03 0.000000e+00 0.000000e+00 0.000000e+00 -1.152333e+02 -1.165202e+02 1.482804e+03 3.232539e+02 0.000000e+00 0.000000e+00 0.000000e+00 0.000000e+00 0.000000e+00 0.000000e+00 0.000000e+00 0.000000e+00 0.000000e+00
5.090000e-01 0.000000e+00 -8.028298e+02 -1.811575e+03 0.000000e+00 0.000000e+00 0.000000e+00 -1.158059e+02 -1.170821e+02 1.482721e+03 3.242371e+02 0.000000e+00 0.000000e+00 0.000000e+00 0.000000e+00 0.000000e+00 0.000000e+00 0.000000e+00 0.000000e+00 0.000000e+00
5.100000e-01 0.000000e+00 -8.093783e+02 -1.820486e+03 0.000000e+00 0.000000e+00 0.000000e+00 -1.163686e+02 -1.176341e+02 1.482647e+03 3.251941e+02 0.000000e+00 0.000000e+00 0.000000e+00 0.000000e+00 0.000000e+00 0.000000e+00 0.000000e+00 0.000000e+00 0.000000e+00
5.110000e-01 0.000000e+00 -8.159976e+02 -1.829359e+03 0.000000e+00 0.000000e+00 0.000000e+00 -1.169212e+02 -1.181762e+02 1.482581e+03 3.261252e+02 0.000000e+00 0.000000e+00 0.000000e+00 0.000000e+00 0.000000e+00 0.000000e+00 0.000000e+00 0.000000e+00 0.000000e+00
5.120000e-01 0.000000e+00 -8.226875e+02 -1.838194e+03 0.000000e+00 0.000000e+00 0.000000e+00 -1.174639e+02 -1.187083e+02 1.482524e+03 3.270302e+02 0.000000e+00 0.000000e+00 0.000000e+00 0.000000e+00 0.000000e+00 0.000000e+00 0.000000e+00 0.000000e+00 0.000000e+00
5.130000e-01 0.000000e+00 -8.294479e+02 -1.846989e+03 0.000000e+00 0.000000e+00 0.000000e+00 -1.179967e+02 -1.192306e+02 1.482474e+03 3.279093e+02 0.000000e+00 0.000000e+00 0.000000e+00 0.000000e+00 0.000000e+00 0.000000e+00 0.000000e+00 0.000000e+00 0.000000e+00
5.140000e-01 0.000000e+00 -8.362784e+02 -1.855745e+03 0.000000e+00 0.000000e+00 0.000000e+00 -1.185195e+02 -1.197429e+02 1.482433e+03 3.287626e+02 0.000000e+00 0.000000e+00 0.000000e+00 0.000000e+00 0.000000e+00 0.000000e+00 0.000000e+00 0.000000e+00 0.000000e+00
5.150000e-01 0.000000e+00 -8.431790e+02 -1.864460e+03 0.000000e+00 0.000000e+00 0.000000e+00 -1.190324e+02 -1.202453e+02 1.482400e+03 3.295901e+02 0.000000e+00 0.000000e+00 0.000000e+00 0.000000e+00 0.000000e+00 0.000000e+00 0.000000e+00 0.000000e+00 0.000000e+00
5.160000e-01 0.000000e+00 -8.501494e+02 -1.873135e+03 0.000000e+00 0.000000e+00 0.000000e+00 -1.195353e+02 -1.207379e+02 1.482374e+03 3.303920e+02 0.000000e+00 0.000000e+00 0.000000e+00 0.000000e+00 0.000000e+00 0.000000e+00 0.000000e+00 0.000000e+00 0.000000e+00
5.170000e-01 0.000000e+00 -8.571893e+02 -1.881768e+03 0.000000e+00 0.000000e+00 0.000000e+00 -1.200284e+02 -1.212207e+02 1.482357e+03 3.311685e+02 0.000000e+00 0.000000e+00 0.000000e+00 0.000000e+00 0.000000e+00 0.000000e+00 0.000000e+00 0.000000e+00 0.000000e+00
5.180000e-01 0.000000e+00 -8.642985e+02 -1.890360e+03 0.000000e+00 0.000000e+00 0.000000e+00 -1.205116e+02 -1.216936e+02 1.482348e+03 3.319195e+02 0.000000e+00 0.000000e+00 0.000000e+00 0.000000e+00 0.000000e+00 0.000000e+00 0.000000e+00 0.000000e+00 0.000000e+00
5.190000e-01 0.000000e+00 -8.714767e+02 -1.898910e+03 0.000000e+00 0.000000e+00 0.000000e+00 -1.209850e+02 -1.221567e+02 1.482347e+03 3.326453e+02 0.000000e+00 0.000000e+00 0.000000e+00 0.000000e+00 0.000000e+00 0.000000e+00 0.000000e+00 0.000000e+00 0.000000e+00
5.200000e-01 0.000000e+00 -8.787236e+02 -1.907418e+03 0.000000e+00 0.000000e+00 0.000000e+00 -1.214486e+02 -1.226101e+02 1.482354e+03 3.333460e+02 0.000000e+00 0.000000e+00 0.000000e+00 0.000000e+00 0.000000e+00 0.000000e+00 0.000000e+00 0.000000e+00 0.000000e+00
5.210000e-01 0.000000e+00 -8.860389e+02 -1.915882e+03 0.000000e+00 0.000000e+00 0.000000e+00 -1.219024e+02 -1.230538e+02 1.482369e+03 3.340217e+02 0.000000e+00 0.000000e+00 0.000000e+00 0.000000e+00 0.000000e+00 0.000000e+00 0.000000e+00 0.000000e+00 0.000000e+00
5.220000e-01 0.000000e+00 -8.934223e+02 -1.924304e+03 0.000000e+00 0.000000e+00 0.000000e+00 -1.223466e+02 -1.234878e+02 1.482392e+03 3.346727e+02 0.000000e+00 0.000000e+00 0.000000e+00 0.000000e+00 0.000000e+00 0.000000e+00 0.000000e+00 0.000000e+00 0.000000e+00
5.230000e-01 0.000000e+00 -9.008733e+02 -1.932681e+03 0.000000e+00 0.000000e+00 0.000000e+00 -1.227810e+02 -1.239122e+02 1.482422e+03 3.352992e+02 0.000000e+00 0.000000e+00 0.000000e+00 0.000000e+00 0.000000e+00 0.000000e+00 0.000000e+00 0.000000e+00 0.000000e+00
5.240000e-01 0.000000e+00 -9.083917e+02 -1.941015e+03 0.000000e+00 0.000000e+00 0.000000e+00 -1.232059e+02 -1.243271e+02 1.482460e+03 3.359012e+02 0.000000e+00 0.000000e+00 0.000000e+00 0.000000e+00 0.000000e+00 0.000000e+00 0.000000e+00 0.000000e+00 0.000000e+00
5.250000e-01 0.000000e+00 -9.159769e+02 -1.949304e+03 0.000000e+00 0.000000e+00 0.000000e+00 -1.236212e+02 -1.247324e+02 1.482506e+03 3.364790e+02 0.000000e+00 0.000000e+00 0.000000e+00 0.000000e+00 0.000000e+00 0.000000e+00 0.000000e+00 0.000000e+00 0.000000e+00
5.260000e-01 0.000000e+00 -9.236284e+02 -1.957548e+03 0.000000e+00 0.000000e+00 0.000000e+00 -1.240270e+02 -1.251283e+02 1.482560e+03 3.370328e+02 0.000000e+00 0.000000e+00 0.000000e+00 0.000000e+00 0.000000e+00 0.000000e+00 0.000000e+00 0.000000e+00 0.000000e+00
5.270000e-01 0.000000e+00 -9.313459e+02 -1.965747e+03 0.000000e+00 0.000000e+00 0.000000e+00 -1.244232e+02 -1.255147e+02 1.482622e+03 3.375627e+02 0.000000e+00 0.000000e+00 0.000000e+00 0.000000e+00 0.000000e+00 0.000000e+00 0.000000e+00 0.000000e+00 0.000000e+00
5.280000e-01 0.000000e+00 -9.391287e+02 -1.973900e+03 0.000000e+00 0.000000e+00 0.000000e+00 -1.248101e+02 -1.258917e+02 1.482691e+03 3.380689e+02 0.000000e+00 0.000000e+00 0.000000e+00 0.000000e+00 0.000000e+00 0.000000e+00 0.000000e+00 0.000000e+00 0.000000e+00
5.290000e-01 0.000000e+00 -9.469763e+02 -1.982006e+03 0.000000e+00 0.000000e+00 0.000000e+00 -1.251875e+02 -1.262594e+02 1.482768e+03 3.385518e+02 0.000000e+00 0.000000e+00 0.000000e+00 0.000000e+00 0.000000e+00 0.000000e+00 0.000000e+00 0.000000e+00 0.000000e+00
5.300000e-01 0.000000e+00 -9.548883e+02 -1.990066e+03 0.000000e+00 0.000000e+00 0.000000e+00 -1.255556e+02 -1.266178e+02 1.482853e+03 3.390114e+02 0.000000e+00 0.000000e+00 0.000000e+00 0.000000e+00 0.000000e+00 0.000000e+00 0.000000e+00 0.000000e+00 0.000000e+00
5.310000e-01 0.000000e+00 -9.628640e+02 -1.998079e+03 0.000000e+00 0.000000e+00 0.000000e+00 -1.259145e+02 -1.269671e+02 1.482945e+03 3.394481e+02 0.000000e+00 0.000000e+00 0.000000e+00 0.000000e+00 0.000000e+00 0.000000e+00 0.000000e+00 0.000000e+00 0.000000e+00
5.320000e-01 0.000000e+00 -9.709030e+02 -2.006046e+03 0.000000e+00 0.000000e+00 0.000000e+00 -1.262642e+02 -1.273072e+02 1.483044e+03 3.398620e+02 0.000000e+00 0.000000e+00 0.000000e+00 0.000000e+00 0.000000e+00 0.000000e+00 0.000000e+00 0.000000e+00 0.000000e+00
5.330000e-01 0.000000e+00 -9.790046e+02 -2.013964e+03 0.000000e+00 0.000000e+00 0.000000e+00 -1.266048e+02 -1.276383e+02 1.483152e+03 3.402535e+02 0.000000e+00 0.000000e+00 0.000000e+00 0.000000e+00 0.000000e+00 0.000000e+00 0.000000e+00 0.000000e+00 0.000000e+00
5.340000e-01 0.000000e+00 -9.871683e+02 -2.021835e+03 0.000000e+00 0.000000e+00 0.000000e+00 -1.269364e+02 -1.279603e+02 1.483266e+03 3.406229e+02 0.000000e+00 0.000000e+00 0.000000e+00 0.000000e+00 0.000000e+00 0.000000e+00 0.000000e+00 0.000000e+00 0.000000e+00
5.350000e-01 0.000000e+00 -9.953933e+02 -2.029658e+03 0.000000e+00 0.000000e+00 0.000000e+00 -1.272590e+02 -1.282736e+02 1.483389e+03 3.409703e+02 0.000000e+00 0.000000e+00 0.000000e+00 0.000000e+00 0.000000e+00 0.000000e+00 0.000000e+00 0.000000e+00 0.000000e+00
5.360000e-01 0.000000e+00 -1.003679e+03 -2.037433e+03 0.000000e+00 0.000000e+00 0.000000e+00 -1.275727e+02 -1.285780e+02 1.483518e+03 3.412961e+02 0.000000e+00 0.000000e+00 0.000000e+00 0.000000e+00 0.000000e+00 0.000000e+00 0.000000e+00 0.000000e+00 0.000000e+00
5.370000e-01 0.000000e+00 -1.012025e+03 -2.045160e+03 0.000000e+00 0.000000e+00 0.000000e+00 -1.278777e+02 -1.288737e+02 1.483655e+03 3.416006e+02 0.000000e+00 0.000000e+00 0.000000e+00 0.000000e+00 0.000000e+00 0.000000e+00 0.000000e+00 0.000000e+00 0.000000e+00
5.380000e-01 0.000000e+00 -1.020431e+03 -2.052839e+03 0.000000e+00 0.000000e+00 0.000000e+00 -1.281740e+02 -1.291607e+02 1.483800e+03 3.418841e+02 0.000000e+00 0.000000e+00 0.000000e+00 0.000000e+00 0.000000e+00 0.000000e+00 0.000000e+00 0.000000e+00 0.000000e+00
5.390000e-01 0.000000e+00 -1.028895e+03 -2.060469e+03 0.000000e+00 0.000000e+00 0.000000e+00 -1.284617e+02 -1.294393e+02 1.483952e+03 3.421470e+02 0.000000e+00 0.000000e+00 0.000000e+00 0.000000e+00 0.000000e+00 0.000000e+00 0.000000e+00 0.000000e+00 0.000000e+00
5.400000e-01 0.000000e+00 -1.037418e+03 -2.068050e+03 0.000000e+00 0.000000e+00 0.000000e+00 -1.287410e+02 -1.297095e+02 1.484111e+03 3.423895e+02 0.000000e+00 0.000000e+00 0.000000e+00 0.000000e+00 0.000000e+00 0.000000e+00 0.000000e+00 0.000000e+00 0.000000e+00
5.410000e-01 0.000000e+00 -1.045997e+03 -2.075583e+03 0.000000e+00 0.000000e+00 0.000000e+00 -1.290119e+02 -1.299714e+02 1.484277e+03 3.426120e+02 0.000000e+00 0.000000e+00 0.000000e+00 0.000000e+00 0.000000e+00 0.000000e+00 0.000000e+00 0.000000e+00 0.000000e+00
5.420000e-01 0.000000e+00 -1.054634e+03 -2.083068e+03 0.000000e+00 0.000000e+00 0.000000e+00 -1.292746e+02 -1.302251e+02 1.484451e+03 3.428148e+02 0.000000e+00 0.000000e+00 0.000000e+00 0.000000e+00 0.000000e+00 0.000000e+00 0.000000e+00 0.000000e+00 0.000000e+00
5.430000e-01 0.000000e+00 -1.063327e+03 -2.090504e+03 0.000000e+00 0.000000e+00 0.000000e+00 -1.295292e+02 -1.304707e+02 1.484632e+03 3.429983e+02 0.000000e+00 0.000000e+00 0.000000e+00 0.000000e+00 0.000000e+00 0.000000e+00 0.000000e+00 0.000000e+00 0.000000e+00
5.440000e-01 0.000000e+00 -1.072075e+03 -2.097891e+03 0.000000e+00 0.000000e+00 0.000000e+00 -1.297757e+02 -1.307084e+02 1.484821e+03 3.431629e+02 0.000000e+00 0.000000e+00 0.000000e+00 0.000000e+00 0.000000e+00 0.000000e+00 0.000000e+00 0.000000e+00 0.000000e+00
5.450000e-01 0.000000e+00 -1.080877e+03 -2.105230e+03 0.000000e+00 0.000000e+00 0.000000e+00 -1.300143e+02 -1.309383e+02 1.485016e+03 3.433089e+02 0.000000e+00 0.000000e+00 0.000000e+00 0.000000e+00 0.000000e+00 0.000000e+00 0.000000e+00 0.000000e+00 0.000000e+00
5.460000e-01 0.000000e+00 -1.089732e+03 -2.112520e+03 0.000000e+00 0.000000e+00 0.000000e+00 -1.302451e+02 -1.311604e+02 1.485219e+03 3.434366e+02 0.000000e+00 0.000000e+00 0.000000e+00 0.000000e+00 0.000000e+00 0.000000e+00 0.000000e+00 0.000000e+00 0.000000e+00
5.470000e-01 0.000000e+00 -1.098641e+03 -2.119761e+03 0.000000e+00 0.000000e+00 0.000000e+00 -1.304682e+02 -1.313749e+02 1.485429e+03 3.435465e+02 0.000000e+00 0.000000e+00 0.000000e+00 0.000000e+00 0.000000e+00 0.000000e+00 0.000000e+00 0.000000e+00 0.000000e+00
5.480000e-01 0.000000e+00 -1.107601e+03 -2.126953e+03 0.000000e+00 0.000000e+00 0.000000e+00 -1.306837e+02 -1.315818e+02 1.485646e+03 3.436388e+02 0.000000e+00 0.000000e+00 0.000000e+00 0.000000e+00 0.000000e+00 0.000000e+00 0.000000e+00 0.000000e+00 0.000000e+00
5.490000e-01 0.000000e+00 -1.116612e+03 -2.134097e+03 0.000000e+00 0.000000e+00 0.000000e+00 -1.308918e+02 -1.317814e+02 1.485870e+03 3.437140e+02 0.000000e+00 0.000000e+00 0.000000e+00 0.000000e+00 0.000000e+00 0.000000e+00 0.000000e+00 0.000000e+00 0.000000e+00
5.500000e-01 0.000000e+00 -1.125673e+03 -2.141193e+03 0.000000e+00 0.000000e+00 0.000000e+00 -1.310926e+02 -1.319738e+02 1.486102e+03 3.437725e+02 0.000000e+00 0.000000e+00 0.000000e+00 0.000000e+00 0.000000e+00 0.000000e+00 0.000000e+00 0.000000e+00 0.000000e+00
5.510000e-01 0.000000e+00 -1.134784e+03 -2.148239e+03 0.000000e+00 0.000000e+00 0.000000e+00 -1.312862e+02 -1.321590e+02 1.486340e+03 3.438147e+02 0.000000e+00 0.000000e+00 0.000000e+00 0.000000e+00 0.000000e+00 0.000000e+00 0.000000e+00 0.000000e+00 0.000000e+00
5.520000e-01 0.000000e+00 -1.143943e+03 -2.155238e+03 0.000000e+00 0.000000e+00 0.000000e+00 -1.314727e+02 -1.323372e+02 1.486585e+03 3.438410e+02 0.000000e+00 0.000000e+00 0.000000e+00 0.000000e+00 0.000000e+00 0.000000e+00 0.000000e+00 0.000000e+00 0.000000e+00
5.530000e-01 0.000000e+00 -1.153149e+03 -2.162188e+03 0.000000e+00 0.000000e+00 0.000000e+00 -1.316523e+02 -1.325086e+02 1.486838e+03 3.438518e+02 0.000000e+00 0.000000e+00 0.000000e+00 0.000000e+00 0.000000e+00 0.000000e+00 0.000000e+00 0.000000e+00 0.000000e+00
5.540000e-01 0.000000e+00 -1.162402e+03 -2.169091e+03 0.000000e+00 0.000000e+00 0.000000e+00 -1.318252e+02 -1.326733e+02 1.487098e+03 3.438475e+02 0.000000e+00 0.000000e+00 0.000000e+00 0.000000e+00 0.000000e+00 0.000000e+00 0.000000e+00 0.000000e+00 0.000000e+00
5.550000e-01 0.000000e+00 -1.171700e+03 -2.175945e+03 0.000000e+00 0.000000e+00 0.000000e+00 -1.319914e+02 -1.328315e+02 1.487364e+03 3.438286e+02 0.000000e+00 0.000000e+00 0.000000e+00 0.000000e+00 0.000000e+00 0.000000e+00 0.000000e+00 0.000000e+00 0.000000e+00
5.560000e-01 0.000000e+00 -1.181042e+03 -2.182753e+03 0.000000e+00 0.000000e+00 0.000000e+00 -1.321511e+02 -1.329832e+02 1.487638e+03 3.437955e+02 0.000000e+00 0.000000e+00 0.000000e+00 0.000000e+00 0.000000e+00 0.000000e+00 0.000000e+00 0.000000e+00 0.000000e+00
5.570000e-01 0.000000e+00 -1.190429e+03 -2.189513e+03 0.000000e+00 0.000000e+00 0.000000e+00 -1.323045e+02 -1.331287e+02 1.487919e+03 3.437487e+02 0.000000e+00 0.000000e+00 0.000000e+00 0.000000e+00 0.000000e+00 0.000000e+00 0.000000e+00 0.000000e+00 0.000000e+00
5.580000e-01 0.000000e+00 -1.199858e+03 -2.196227e+03 0.000000e+00 0.000000e+00 0.000000e+00 -1.324518e+02 -1.332681e+02 1.488206e+03 3.436887e+02 0.000000e+00 0.000000e+00 0.000000e+00 0.000000e+00 0.000000e+00 0.000000e+00 0.000000e+00 0.000000e+00 0.000000e+00
5.590000e-01 0.000000e+00 -1.209329e+03 -2.202894e+03 0.000000e+00 0.000000e+00 0.000000e+00 -1.325931e+02 -1.334016e+02 1.488501e+03 3.436158e+02 0.000000e+00 0.000000e+00 0.000000e+00 0.000000e+00 0.000000e+00 0.000000e+00 0.000000e+00 0.000000e+00 0.000000e+00
5.600000e-01 0.000000e+00 -1.218840e+03 -2.209516e+03 0.000000e+00 0.000000e+00 0.000000e+00 -1.327285e+02 -1.335293e+02 1.488803e+03 3.435306e+02 0.000000e+00 0.000000e+00 0.000000e+00 0.000000e+00 0.000000e+00 0.000000e+00 0.000000e+00 0.000000e+00 0.000000e+00
5.610000e-01 0.000000e+00 -1.228391e+03 -2.216092e+03 0.000000e+00 0.000000e+00 0.000000e+00 -1.328583e+02 -1.336515e+02 1.489111e+03 3.434336e+02 0.000000e+00 0.000000e+00 0.000000e+00 0.000000e+00 0.000000e+00 0.000000e+00 0.000000e+00 0.000000e+00 0.000000e+00
5.620000e-01 0.000000e+00 -1.237981e+03 -2.222623e+03 0.000000e+00 0.000000e+00 0.000000e+00 -1.329825e+02 -1.337682e+02 1.489427e+03 3.433253e+02 0.000000e+00 0.000000e+00 0.000000e+00 0.000000e+00 0.000000e+00 0.000000e+00 0.000000e+00 0.000000e+00 0.000000e+00
5.630000e-01 0.000000e+00 -1.247609e+03 -2.229110e+03 0.000000e+00 0.000000e+00 0.000000e+00 -1.331015e+02 -1.338796e+02 1.489749e+03 3.432060e+02 0.000000e+00 0.000000e+00 0.000000e+00 0.000000e+00 0.000000e+00 0.000000e+00 0.000000e+00 0.000000e+00 0.000000e+00
5.640000e-01 0.000000e+00 -1.257273e+03 -2.235553e+03 0.000000e+00 0.000000e+00 0.000000e+00 -1.332153e+02 -1.339860e+02 1.490079e+03 3.430764e+02 0.000000e+00 0.000000e+00 0.000000e+00 0.000000e+00 0.000000e+00 0.000000e+00 0.000000e+00 0.000000e+00 0.000000e+00
5.650000e-01 0.000000e+00 -1.266973e+03 -2.241951e+03 0.000000e+00 0.000000e+00 0.000000e+00 -1.333240e+02 -1.340874e+02 1.490415e+03 3.429368e+02 0.000000e+00 0.000000e+00 0.000000e+00 0.000000e+00 0.000000e+00 0.000000e+00 0.000000e+00 0.000000e+00 0.000000e+00
5.660000e-01 0.000000e+00 -1.276707e+03 -2.248307e+03 0.000000e+00 0.000000e+00 0.000000e+00 -1.334280e+02 -1.341841e+02 1.490758e+03 3.427878e+02 0.000000e+00 0.000000e+00 0.000000e+00 0.000000e+00 0.000000e+00 0.000000e+00 0.000000e+00 0.000000e+00 0.000000e+00
5.670000e-01 0.000000e+00 -1.286475e+03 -2.254620e+03 0.000000e+00 0.000000e+00 0.000000e+00 -1.335272e+02 -1.342762e+02 1.491108e+03 3.426299e+02 0.000000e+00 0.000000e+00 0.000000e+00 0.000000e+00 0.000000e+00 0.000000e+00 0.000000e+00 0.000000e+00 0.000000e+00
5.680000e-01 0.000000e+00 -1.296275e+03 -2.260891e+03 0.000000e+00 0.000000e+00 0.000000e+00 -1.336220e+02 -1.343638e+02 1.491465e+03 3.424636e+02 0.000000e+00 0.000000e+00 0.000000e+00 0.000000e+00 0.000000e+00 0.000000e+00 0.000000e+00 0.000000e+00 0.000000e+00
5.690000e-01 0.000000e+00 -1.306106e+03 -2.267120e+03 0.000000e+00 0.000000e+00 0.000000e+00 -1.337125e+02 -1.344473e+02 1.491829e+03 3.422894e+02 0.000000e+00 0.000000e+00 0.000000e+00 0.000000e+00 0.000000e+00 0.000000e+00 0.000000e+00 0.000000e+00 0.000000e+00
5.700000e-01 0.000000e+00 -1.315968e+03 -2.273309e+03 0.000000e+00 0.000000e+00 0.000000e+00 -1.337989e+02 -1.345267e+02 1.492199e+03 3.421077e+02 0.000000e+00 0.000000e+00 0.000000e+00 0.000000e+00 0.000000e+00 0.000000e+00 0.000000e+00 0.000000e+00 0.000000e+00
5.710000e-01 0.000000e+00 -1.325859e+03 -2.279457e+03 0.000000e+00 0.000000e+00 0.000000e+00 -1.338813e+02 -1.346022e+02 1.492577e+03 3.419192e+02 0.000000e+00 0.000000e+00 0.000000e+00 0.000000e+00 0.000000e+00 0.000000e+00 0.000000e+00 0.000000e+00 0.000000e+00
5.720000e-01 0.000000e+00 -1.335777e+03 -2.285566e+03 0.000000e+00 0.000000e+00 0.000000e+00 -1.339600e+02 -1.346741e+02 1.492962e+03 3.417244e+02 0.000000e+00 0.000000e+00 0.000000e+00 0.000000e+00 0.000000e+00 0.000000e+00 0.000000e+00 0.000000e+00 0.000000e+00
5.730000e-01 0.000000e+00 -1.345723e+03 -2.291636e+03 0.000000e+00 0.000000e+00 0.000000e+00 -1.340351e+02 -1.347425e+02 1.493353e+03 3.415238e+02 0.000000e+00 0.000000e+00 0.000000e+00 0.000000e+00 0.000000e+00 0.000000e+00 0.000000e+00 0.000000e+00 0.000000e+00
5.740000e-01 0.000000e+00 -1.355694e+03 -2.297668e+03 0.000000e+00 0.000000e+00 0.000000e+00 -1.341069e+02 -1.348076e+02 1.493751e+03 3.413179e+02 0.000000e+00 0.000000e+00 0.000000e+00 0.000000e+00 0.000000e+00 0.000000e+00 0.000000e+00 0.000000e+00 0.000000e+00
5.750000e-01 0.000000e+00 -1.365691e+03 -2.303663e+03 0.000000e+00 0.000000e+00 0.000000e+00 -1.341756e+02 -1.348697e+02 1.494156e+03 3.411073e+02 0.000000e+00 0.000000e+00 0.000000e+00 0.000000e+00 0.000000e+00 0.000000e+00 0.000000e+00 0.000000e+00 0.000000e+00
5.760000e-01 0.000000e+00 -1.375711e+03 -2.309621e+03 0.000000e+00 0.000000e+00 0.000000e+00 -1.342413e+02 -1.349288e+02 1.494568e+03 3.408925e+02 0.000000e+00 0.000000e+00 0.000000e+00 0.000000e+00 0.000000e+00 0.000000e+00 0.000000e+00 0.000000e+00 0.000000e+00
5.770000e-01 0.000000e+00 -1.385753e+03 -2.315544e+03 0.000000e+00 0.000000e+00 0.000000e+00 -1.343042e+02 -1.349853e+02 1.494987e+03 3.406741e+02 0.000000e+00 0.000000e+00 0.000000e+00 0.000000e+00 0.000000e+00 0.000000e+00 0.000000e+00 0.000000e+00 0.000000e+00
5.780000e-01 0.000000e+00 -1.395817e+03 -2.321433e+03 0.000000e+00 0.000000e+00 0.000000e+00 -1.343646e+02 -1.350393e+02 1.495413e+03 3.404527e+02 0.000000e+00 0.000000e+00 0.000000e+00 0.000000e+00 0.000000e+00 0.000000e+00 0.000000e+00 0.000000e+00 0.000000e+00
5.790000e-01 0.000000e+00 -1.405901e+03 -2.327288e+03 0.000000e+00 0.000000e+00 0.000000e+00 -1.344227e+02 -1.350911e+02 1.495845e+03 3.402288e+02 0.000000e+00 0.000000e+00 0.000000e+00 0.000000e+00 0.000000e+00 0.000000e+00 0.000000e+00 0.000000e+00 0.000000e+00
5.800000e-01 0.000000e+00 -1.416005e+03 -2.333111e+03 0.000000e+00 0.000000e+00 0.000000e+00 -1.344787e+02 -1.351408e+02 1.496285e+03 3.400030e+02 0.000000e+00 0.000000e+00 0.000000e+00 0.000000e+00 0.000000e+00 0.000000e+00 0.000000e+00 0.000000e+00 0.000000e+00
5.810000e-01 0.000000e+00 -1.426127e+03 -2.338901e+03 0.000000e+00 0.000000e+00 0.000000e+00 -1.345327e+02 -1.351887e+02 1.496731e+03 3.397758e+02 0.000000e+00 0.000000e+00 0.000000e+00 0.000000e+00 0.000000e+00 0.000000e+00 0.000000e+00 0.000000e+00 0.000000e+00
5.820000e-01 0.000000e+00 -1.436266e+03 -2.344661e+03 0.000000e+00 0.000000e+00 0.000000e+00 -1.345850e+02 -1.352349e+02 1.497185e+03 3.395477e+02 0.000000e+00 0.000000e+00 0.000000e+00 0.000000e+00 0.000000e+00 0.000000e+00 0.000000e+00 0.000000e+00 0.000000e+00
5.830000e-01 0.000000e+00 -1.446421e+03 -2.350392e+03 0.000000e+00 0.000000e+00 0.000000e+00 -1.346359e+02 -1.352797e+02 1.497645e+03 3.393195e+02 0.000000e+00 0.000000e+00 0.000000e+00 0.000000e+00 0.000000e+00 0.000000e+00 0.000000e+00 0.000000e+00 0.000000e+00
5.840000e-01 0.000000e+00 -1.456590e+03 -2.356093e+03 0.000000e+00 0.000000e+00 0.000000e+00 -1.346854e+02 -1.353233e+02 1.498112e+03 3.390915e+02 0.000000e+00 0.000000e+00 0.000000e+00 0.000000e+00 0.000000e+00 0.000000e+00 0.000000e+00 0.000000e+00 0.000000e+00
5.850000e-01 0.000000e+00 -1.466774e+03 -2.361767e+03 0.000000e+00 0.000000e+00 0.000000e+00 -1.347338e+02 -1.353659e+02 1.498587e+03 3.388645e+02 0.000000e+00 0.000000e+00 0.000000e+00 0.000000e+00 0.000000e+00 0.000000e+00 0.000000e+00 0.000000e+00 0.000000e+00
5.860000e-01 0.000000e+00 -1.476970e+03 -2.367413e+03 0.000000e+00 0.000000e+00 0.000000e+00 -1.347814e+02 -1.354076e+02 1.499068e+03 3.386388e+02 0.000000e+00 0.000000e+00 0.000000e+00 0.000000e+00 0.000000e+00 0.000000e+00 0.000000e+00 0.000000e+00 0.000000e+00
5.870000e-01 0.000000e+00 -1.487178e+03 -2.373035e+03 0.000000e+00 0.000000e+00 0.000000e+00 -1.348283e+02 -1.354488e+02 1.499556e+03 3.384152e+02 0.000000e+00 0.000000e+00 0.000000e+00 0.000000e+00 0.000000e+00 0.000000e+00 0.000000e+00 0.000000e+00 0.000000e+00
5.880000e-01 0.000000e+00 -1.497396e+03 -2.378632e+03 0.000000e+00 0.000000e+00 0.000000e+00 -1.348748e+02 -1.354896e+02 1.500051e+03 3.381943e+02 0.000000e+00 0.000000e+00 0.000000e+00 0.000000e+00 0.000000e+00 0.000000e+00 0.000000e+00 0.000000e+00 0.000000e+00
5.890000e-01 0.000000e+00 -1.507623e+03 -2.384205e+03 0.000000e+00 0.000000e+00 0.000000e+00 -1.349211e+02 -1.355302e+02 1.500553e+03 3.379764e+02 0.000000e+00 0.000000e+00 0.000000e+00 0.000000e+00 0.000000e+00 0.000000e+00 0.000000e+00 0.000000e+00 0.000000e+00
5.900000e-01 0.000000e+00 -1.517859e+03 -2.389757e+03 0.000000e+00 0.000000e+00 0.000000e+00 -1.349673e+02 -1.355710e+02 1.501062e+03 3.377624e+02 0.000000e+00 0.000000e+00 0.000000e+00 0.000000e+00 0.000000e+00 0.000000e+00 0.000000e+00 0.000000e+00 0.000000e+00
5.910000e-01 0.000000e+00 -1.528102e+03 -2.395287e+03 0.000000e+00 0.000000e+00 0.000000e+00 -1.350138e+02 -1.356120e+02 1.501579e+03 3.375527e+02 0.000000e+00 0.000000e+00 0.000000e+00 0.000000e+00 0.000000e+00 0.000000e+00 0.000000e+00 0.000000e+00 0.000000e+00
5.920000e-01 0.000000e+00 -1.538352e+03 -2.400798e+03 0.000000e+00 0.000000e+00 0.000000e+00 -1.350608e+02 -1.356535e+02 1.502102e+03 3.373480e+02 0.000000e+00 0.000000e+00 0.000000e+00 0.000000e+00 0.000000e+00 0.000000e+00 0.000000e+00 0.000000e+00 0.000000e+00
5.930000e-01 0.000000e+00 -1.548606e+03 -2.406291e+03 0.000000e+00 0.000000e+00 0.000000e+00 -1.351084e+02 -1.356958e+02 1.502632e+03 3.371487e+02 0.000000e+00 0.000000e+00 0.000000e+00 0.000000e+00 0.000000e+00 0.000000e+00 0.000000e+00 0.000000e+00 0.000000e+00
5.940000e-01 0.000000e+00 -1.558865e+03 -2.411767e+03 0.000000e+00 0.000000e+00 0.000000e+00 -1.351570e+02 -1.357391e+02 1.503170e+03 3.369556e+02 0.000000e+00 0.000000e+00 0.000000e+00 0.000000e+00 0.000000e+00 0.000000e+00 0.000000e+00 0.000000e+00 0.000000e+00
5.950000e-01 0.000000e+00 -1.569126e+03 -2.417227e+03 0.000000e+00 0.000000e+00 0.000000e+00 -1.352067e+02 -1.357835e+02 1.503714e+03 3.367692e+02 0.000000e+00 0.000000e+00 0.000000e+00 0.000000e+00 0.000000e+00 0.000000e+00 0.000000e+00 0.000000e+00 0.000000e+00
5.960000e-01 0.000000e+00 -1.579390e+03 -2.422673e+03 0.000000e+00 0.000000e+00 0.000000e+00 -1.352578e+02 -1.358295e+02 1.504266e+03 3.365901e+02 0.000000e+00 0.000000e+00 0.000000e+00 0.000000e+00 0.000000e+00 0.000000e+00 0.000000e+00 0.000000e+00 0.000000e+00
5.970000e-01 0.000000e+00 -1.589655e+03 -2.428106e+03 0.000000e+00 0.000000e+00 0.000000e+00 -1.353105e+02 -1.358771e+02 1.504825e+03 3.364189e+02 0.000000e+00 0.000000e+00 0.000000e+00 0.000000e+00 0.000000e+00 0.000000e+00 0.000000e+00 0.000000e+00 0.000000e+00
5.980000e-01 0.000000e+00 -1.599920e+03 -2.433528e+03 0.000000e+00 0.000000e+00 0.000000e+00 -1.353651e+02 -1.359266e+02 1.505391e+03 3.362562e+02 0.000000e+00 0.000000e+00 0.000000e+00 0.000000e+00 0.000000e+00 0.000000e+00 0.000000e+00 0.000000e+00 0.000000e+00
5.990000e-01 0.000000e+00 -1.610185e+03 -2.438940e+03 0.000000e+00 0.000000e+00 0.000000e+00 -1.354217e+02 -1.359782e+02 1.505965e+03 3.361026e+02 0.000000e+00 0.000000e+00 0.000000e+00 0.000000e+00 0.000000e+00 0.000000e+00 0.000000e+00 0.000000e+00 0.000000e+00
6.000000e-01 0.000000e+00 -1.620447e+03 -2.444343e+03 0.000000e+00 0.000000e+00 0.000000e+00 -1.354806e+02 -1.360322e+02 1.506546e+03 3.359586e+02 0.000000e+00 0.000000e+00 0.000000e+00 0.000000e+00 0.000000e+00 0.000000e+00 0.000000e+00 0.000000e+00 0.000000e+00
6.010000e-01 0.000000e+00 -1.630706e+03 -2.449739e+03 0.000000e+00 0.000000e+00 0.000000e+00 -1.355421e+02 -1.360888e+02 1.507134e+03 3.358249e+02 0.000000e+00 0.000000e+00 0.000000e+00 0.000000e+00 0.000000e+00 0.000000e+00 0.000000e+00 0.000000e+00 0.000000e+00
6.020000e-01 0.000000e+00 -1.640962e+03 -2.455129e+03 0.000000e+00 0.000000e+00 0.000000e+00 -1.356063e+02 -1.361481e+02 1.507729e+03 3.357020e+02 0.000000e+00 0.000000e+00 0.000000e+00 0.000000e+00 0.000000e+00 0.000000e+00 0.000000e+00 0.000000e+00 0.000000e+00
6.030000e-01 0.000000e+00 -1.651213e+03 -2.460515e+03 0.000000e+00 0.000000e+00 0.000000e+00 -1.356735e+02 -1.362106e+02 1.508332e+03 3.355905e+02 0.000000e+00 0.000000e+00 0.000000e+00 0.000000e+00 0.000000e+00 0.000000e+00 0.000000e+00 0.000000e+00 0.000000e+00
6.040000e-01 0.000000e+00 -1.661458e+03 -2.465898e+03 0.000000e+00 0.000000e+00 0.000000e+00 -1.357440e+02 -1.362763e+02 1.508942e+03 3.354909e+02 0.000000e+00 0.000000e+00 0.000000e+00 0.000000e+00 0.000000e+00 0.000000e+00 0.000000e+00 0.000000e+00 0.000000e+00
6.050000e-01 0.000000e+00 -1.671697e+03 -2.471280e+03 0.000000e+00 0.000000e+00 0.000000e+00 -1.358179e+02 -1.363455e+02 1.509560e+03 3.354039e+02 0.000000e+00 0.000000e+00 0.000000e+00 0.000000e+00 0.000000e+00 0.000000e+00 0.000000e+00 0.000000e+00 0.000000e+00
6.060000e-01 0.000000e+00 -1.681929e+03 -2.476663e+03 0.000000e+00 0.000000e+00 0.000000e+00 -1.358955e+02 -1.364185e+02 1.510186e+03 3.353301e+02 0.000000e+00 0.000000e+00 0.000000e+00 0.000000e+00 0.000000e+00 0.000000e+00 0.000000e+00 0.000000e+00 0.000000e+00
6.070000e-01 0.000000e+00 -1.692152e+03 -2.482047e+03 0.000000e+00 0.000000e+00 0.000000e+00 -1.359770e+02 -1.364954e+02 1.510818e+03 3.352700e+02 0.000000e+00 0.000000e+00 0.000000e+00 0.000000e+00 0.000000e+00 0.000000e+00 0.000000e+00 0.000000e+00 0.000000e+00
6.080000e-01 0.000000e+00 -1.702366e+03 -2.487435e+03 0.000000e+00 0.000000e+00 0.000000e+00 -1.360626e+02 -1.365765e+02 1.511459e+03 3.352242e+02 0.000000e+00 0.000000e+00 0.000000e+00 0.000000e+00 0.000000e+00 0.000000e+00 0.000000e+00 0.000000e+00 0.000000e+00
6.090000e-01 0.000000e+00 -1.712569e+03 -2.492828e+03 0.000000e+00 0.000000e+00 0.000000e+00 -1.361527e+02 -1.366621e+02 1.512107e+03 3.351933e+02 0.000000e+00 0.000000e+00 0.000000e+00 0.000000e+00 0.000000e+00 0.000000e+00 0.000000e+00 0.000000e+00 0.000000e+00
6.100000e-01 0.000000e+00 -1.722762e+03 -2.498228e+03 0.000000e+00 0.000000e+00 0.000000e+00 -1.362474e+02 -1.367524e+02 1.512763e+03 3.351779e+02 0.000000e+00 0.000000e+00 0.000000e+00 0.000000e+00 0.000000e+00 0.000000e+00 0.000000e+00 0.000000e+00 0.000000e+00
6.110000e-01 0.000000e+00 -1.732944e+03 -2.503636e+03 0.000000e+00 0.000000e+00 0.000000e+00 -1.363470e+02 -1.368475e+02 1.513426e+03 3.351785e+02 0.000000e+00 0.000000e+00 0.000000e+00 0.000000e+00 0.000000e+00 0.000000e+00 0.000000e+00 0.000000e+00 0.000000e+00
6.120000e-01 0.000000e+00 -1.743113e+03 -2.509055e+03 0.000000e+00 0.000000e+00 0.000000e+00 -1.364516e+02 -1.369478e+02 1.514097e+03 3.351957e+02 0.000000e+00 0.000000e+00 0.000000e+00 0.000000e+00 0.000000e+00 0.000000e+00 0.000000e+00 0.000000e+00 0.000000e+00
6.130000e-01 0.000000e+00 -1.753269e+03 -2.514485e+03 0.000000e+00 0.000000e+00 0.000000e+00 -1.365617e+02 -1.370535e+02 1.514776e+03 3.352302e+02 0.000000e+00 0.000000e+00 0.000000e+00 0.000000e+00 0.000000e+00 0.000000e+00 0.000000e+00 0.000000e+00 0.000000e+00
6.140000e-01 0.000000e+00 -1.763411e+03 -2.519930e+03 0.000000e+00 0.000000e+00 0.000000e+00 -1.366773e+02 -1.371649e+02 1.515463e+03 3.352824e+02 0.000000e+00 0.000000e+00 0.000000e+00 0.000000e+00 0.000000e+00 0.000000e+00 0.000000e+00 0.000000e+00 0.000000e+00
6.150000e-01 0.000000e+00 -1.773538e+03 -2.525389e+03 0.000000e+00 0.000000e+00 0.000000e+00 -1.367987e+02 -1.372820e+02 1.516158e+03 3.353529e+02 0.000000e+00 0.000000e+00 0.000000e+00 0.000000e+00 0.000000e+00 0.000000e+00 0.000000e+00 0.000000e+00 0.000000e+00
6.160000e-01 0.000000e+00 -1.783650e+03 -2.530866e+03 0.000000e+00 0.000000e+00 0.000000e+00 -1.369262e+02 -1.374053e+02 1.516861e+03 3.354423e+02 0.000000e+00 0.000000e+00 0.000000e+00 0.000000e+00 0.000000e+00 0.000000e+00 0.000000e+00 0.000000e+00 0.000000e+00
6.170000e-01 0.000000e+00 -1.793746e+03 -2.536361e+03 0.000000e+00 0.000000e+00 0.000000e+00 -1.370599e+02 -1.375349e+02 1.517572e+03 3.355512e+02 0.000000e+00 0.000000e+00 0.000000e+00 0.000000e+00 0.000000e+00 0.000000e+00 0.000000e+00 0.000000e+00 0.000000e+00
6.180000e-01 0.000000e+00 -1.803826e+03 -2.541878e+03 0.000000e+00 0.000000e+00 0.000000e+00 -1.372002e+02 -1.376710e+02 1.518291e+03 3.356801e+02 0.000000e+00 0.000000e+00 0.000000e+00 0.000000e+00 0.000000e+00 0.000000e+00 0.000000e+00 0.000000e+00 0.000000e+00
6.190000e-01 0.000000e+00 -1.813888e+03 -2.547416e+03 0.000000e+00 0.000000e+00 0.000000e+00 -1.373472e+02 -1.378139e+02 1.519018e+03 3.358296e+02 0.000000e+00 0.000000e+00 0.000000e+00 0.000000e+00 0.000000e+00 0.000000e+00 0.000000e+00 0.000000e+00 0.000000e+00
6.200000e-01 0.000000e+00 -1.823932e+03 -2.552979e+03 0.000000e+00 0.000000e+00 0.000000e+00 -1.375012e+02 -1.379638e+02 1.519754e+03 3.360001e+02 0.000000e+00 0.000000e+00 0.000000e+00 0.000000e+00 0.000000e+00 0.000000e+00 0.000000e+00 0.000000e+00 0.000000e+00
6.210000e-01 0.000000e+00 -1.833958e+03 -2.558567e+03 0.000000e+00 0.000000e+00 0.000000e+00 -1.376623e+02 -1.381209e+02 1.520497e+03 3.361923e+02 0.000000e+00 0.000000e+00 0.000000e+00 0.000000e+00 0.000000e+00 0.000000e+00 0.000000e+00 0.000000e+00 0.000000e+00
6.220000e-01 0.000000e+00 -1.843965e+03 -2.564183e+03 0.000000e+00 0.000000e+00 0.000000e+00 -1.378309e+02 -1.382855e+02 1.521250e+03 3.364067e+02 0.000000e+00 0.000000e+00 0.000000e+00 0.000000e+00 0.000000e+00 0.000000e+00 0.000000e+00 0.000000e+00 0.000000e+00
6.230000e-01 0.000000e+00 -1.853952e+03 -2.569829e+03 0.000000e+00 0.000000e+00 0.000000e+00 -1.380072e+02 -1.384577e+02 1.522010e+03 3.366437e+02 0.000000e+00 0.000000e+00 0.000000e+00 0.000000e+00 0.000000e+00 0.000000e+00 0.000000e+00 0.000000e+00 0.000000e+00
6.240000e-01 0.000000e+00 -1.863919e+03 -2.575506e+03 0.000000e+00 0.000000e+00 0.000000e+00 -1.381913e+02 -1.386379e+02 1.522779e+03 3.369041e+02 0.000000e+00 0.000000e+00 0.000000e+00 0.000000e+00 0.000000e+00 0.000000e+00 0.000000e+00 0.000000e+00 0.000000e+00
6.250000e-01 0.000000e+00 -1.873866e+03 -2.581216e+03 0.000000e+00 0.000000e+00 0.000000e+00 -1.383836e+02 -1.388261e+02 1.523557e+03 3.371881e+02 0.000000e+00 0.000000e+00 0.000000e+00 0.000000e+00 0.000000e+00 0.000000e+00 0.000000e+00 0.000000e+00 0.000000e+00
6.260000e-01 0.000000e+00 -1.883791e+03 -2.586961e+03 0.000000e+00 0.000000e+00 0.000000e+00 -1.385841e+02 -1.390228e+02 1.524343e+03 3.374965e+02 0.000000e+00 0.000000e+00 0.000000e+00 0.000000e+00 0.000000e+00 0.000000e+00 0.000000e+00 0.000000e+00 0.000000e+00
6.270000e-01 0.000000e+00 -1.893695e+03 -2.592743e+03 0.000000e+00 0.000000e+00 0.000000e+00 -1.387932e+02 -1.392279e+02 1.525138e+03 3.378296e+02 0.000000e+00 0.000000e+00 0.000000e+00 0.000000e+00 0.000000e+00 0.000000e+00 0.000000e+00 0.000000e+00 0.000000e+00
6.280000e-01 0.000000e+00 -1.903577e+03 -2.598564e+03 0.000000e+00 0.000000e+00 0.000000e+00 -1.390111e+02 -1.394419e+02 1.525942e+03 3.381881e+02 0.000000e+00 0.000000e+00 0.000000e+00 0.000000e+00 0.000000e+00 0.000000e+00 0.000000e+00 0.000000e+00 0.000000e+00
6.290000e-01 0.000000e+00 -1.913436e+03 -2.604425e+03 0.000000e+00 0.000000e+00 0.000000e+00 -1.392380e+02 -1.396649e+02 1.526754e+03 3.385724e+02 0.000000e+00 0.000000e+00 0.000000e+00 0.000000e+00 0.000000e+00 0.000000e+00 0.000000e+00 0.000000e+00 0.000000e+00
6.300000e-01 0.000000e+00 -1.923273e+03 -2.610328e+03 0.000000e+00 0.000000e+00 0.000000e+00 -1.394741e+02 -1.398971e+02 1.527576e+03 3.389831e+02 0.000000e+00 0.000000e+00 0.000000e+00 0.000000e+00 0.000000e+00 0.000000e+00 0.000000e+00 0.000000e+00 0.000000e+00
6.310000e-01 0.000000e+00 -1.933087e+03 -2.616275e+03 0.000000e+00 0.000000e+00 0.000000e+00 -1.397196e+02 -1.401387e+02 1.528406e+03 3.394205e+02 0.000000e+00 0.000000e+00 0.000000e+00 0.000000e+00 0.000000e+00 0.000000e+00 0.000000e+00 0.000000e+00 0.000000e+00
6.320000e-01 0.000000e+00 -1.942878e+03 -2.622269e+03 0.000000e+00 0.000000e+00 0.000000e+00 -1.399747e+02 -1.403900e+02 1.529246e+03 3.398853e+02 0.000000e+00 0.000000e+00 0.000000e+00 0.000000e+00 0.000000e+00 0.000000e+00 0.000000e+00 0.000000e+00 0.000000e+00
6.330000e-01 0.000000e+00 -1.952645e+03 -2.628310e+03 0.000000e+00 0.000000e+00 0.000000e+00 -1.402397e+02 -1.406511e+02 1.530094e+03 3.403778e+02 0.000000e+00 0.000000e+00 0.000000e+00 0.000000e+00 0.000000e+00 0.000000e+00 0.000000e+00 0.000000e+00 0.000000e+00
6.340000e-01 0.000000e+00 -1.962388e+03 -2.634401e+03 0.000000e+00 0.000000e+00 0.000000e+00 -1.405148e+02 -1.409224e+02 1.530952e+03 3.408987e+02 0.000000e+00 0.000000e+00 0.000000e+00 0.000000e+00 0.000000e+00 0.000000e+00 0.000000e+00 0.000000e+00 0.000000e+00
6.350000e-01 0.000000e+00 -1.972107e+03 -2.640544e+03 0.000000e+00 0.000000e+00 0.000000e+00 -1.408002e+02 -1.412039e+02 1.531820e+03 3.414483e+02 0.000000e+00 0.000000e+00 0.000000e+00 0.000000e+00 0.000000e+00 0.000000e+00 0.000000e+00 0.000000e+00 0.000000e+00
6.360000e-01 0.000000e+00 -1.981801e+03 -2.646740e+03 0.000000e+00 0.000000e+00 0.000000e+00 -1.410961e+02 -1.414959e+02 1.532697e+03 3.420271e+02 0.000000e+00 0.000000e+00 0.000000e+00 0.000000e+00 0.000000e+00 0.000000e+00 0.000000e+00 0.000000e+00 0.000000e+00
6.370000e-01 0.000000e+00 -1.991472e+03 -2.652992e+03 0.000000e+00 0.000000e+00 0.000000e+00 -1.414026e+02 -1.417986e+02 1.533583e+03 3.426356e+02 0.000000e+00 0.000000e+00 0.000000e+00 0.000000e+00 0.000000e+00 0.000000e+00 0.000000e+00 0.000000e+00 0.000000e+00
6.380000e-01 0.000000e+00 -2.001117e+03 -2.659301e+03 0.000000e+00 0.000000e+00 0.000000e+00 -1.417200e+02 -1.421122e+02 1.534479e+03 3.432742e+02 0.000000e+00 0.000000e+00 0.000000e+00 0.000000e+00 0.000000e+00 0.000000e+00 0.000000e+00 0.000000e+00 0.000000e+00
6.390000e-01 0.000000e+00 -2.010738e+03 -2.665668e+03 0.000000e+00 0.000000e+00 0.000000e+00 -1.420486e+02 -1.424368e+02 1.535384e+03 3.439434e+02 0.000000e+00 0.000000e+00 0.000000e+00 0.000000e+00 0.000000e+00 0.000000e+00 0.000000e+00 0.000000e+00 0.000000e+00
6.400000e-01 0.000000e+00 -2.020334e+03 -2.672097e+03 0.000000e+00 0.000000e+00 0.000000e+00 -1.423884e+02 -1.427728e+02 1.536300e+03 3.446436e+02 0.000000e+00 0.000000e+00 0.000000e+00 0.000000e+00 0.000000e+00 0.000000e+00 0.000000e+00 0.000000e+00 0.000000e+00
6.410000e-01 0.000000e+00 -2.029905e+03 -2.678588e+03 0.000000e+00 0.000000e+00 0.000000e+00 -1.427397e+02 -1.431202e+02 1.537225e+03 3.453753e+02 0.000000e+00 0.000000e+00 0.000000e+00 0.000000e+00 0.000000e+00 0.000000e+00 0.000000e+00 0.000000e+00 0.000000e+00
6.420000e-01 0.000000e+00 -2.039451e+03 -2.685144e+03 0.000000e+00 0.000000e+00 0.000000e+00 -1.431027e+02 -1.434793e+02 1.538160e+03 3.461388e+02 0.000000e+00 0.000000e+00 0.000000e+00 0.000000e+00 0.000000e+00 0.000000e+00 0.000000e+00 0.000000e+00 0.000000e+00
6.430000e-01 0.000000e+00 -2.048972e+03 -2.691766e+03 0.000000e+00 0.000000e+00 0.000000e+00 -1.434776e+02 -1.438503e+02 1.539106e+03 3.469346e+02 0.000000e+00 0.000000e+00 0.000000e+00 0.000000e+00 0.000000e+00 0.000000e+00 0.000000e+00 0.000000e+00 0.000000e+00
6.440000e-01 0.000000e+00 -2.058469e+03 -2.698456e+03 0.000000e+00 0.000000e+00 0.000000e+00 -1.438645e+02 -1.442333e+02 1.540061e+03 3.477631e+02 0.000000e+00 0.000000e+00 0.000000e+00 0.000000e+00 0.000000e+00 0.000000e+00 0.000000e+00 0.000000e+00 0.000000e+00
6.450000e-01 0.000000e+00 -2.067940e+03 -2.705216e+03 0.000000e+00 0.000000e+00 0.000000e+00 -1.442637e+02 -1.446286e+02 1.541027e+03 3.486247e+02 0.000000e+00 0.000000e+00 0.000000e+00 0.000000e+00 0.000000e+00 0.000000e+00 0.000000e+00 0.000000e+00 0.000000e+00
6.460000e-01 0.000000e+00 -2.077387e+03 -2.712047e+03 0.000000e+00 0.000000e+00 0.000000e+00 -1.446753e+02 -1.450362e+02 1.542003e+03 3.495198e+02 0.000000e+00 0.000000e+00 0.000000e+00 0.000000e+00 0.000000e+00 0.000000e+00 0.000000e+00 0.000000e+00 0.000000e+00
6.470000e-01 0.000000e+00 -2.086809e+03 -2.718953e+03 0.000000e+00 0.000000e+00 0.000000e+00 -1.450995e+02 -1.454565e+02 1.542990e+03 3.504488e+02 0.000000e+00 0.000000e+00 0.000000e+00 0.000000e+00 0.000000e+00 0.000000e+00 0.000000e+00 0.000000e+00 0.000000e+00
6.480000e-01 0.000000e+00 -2.096206e+03 -2.725933e+03 0.000000e+00 0.000000e+00 0.000000e+00 -1.455365e+02 -1.458895e+02 1.543987e+03 3.514121e+02 0.000000e+00 0.000000e+00 0.000000e+00 0.000000e+00 0.000000e+00 0.000000e+00 0.000000e+00 0.000000e+00 0.000000e+00
6.490000e-01 0.000000e+00 -2.105579e+03 -2.732990e+03 0.000000e+00 0.000000e+00 0.000000e+00 -1.459865e+02 -1.463355e+02 1.544995e+03 3.524100e+02 0.000000e+00 0.000000e+00 0.000000e+00 0.000000e+00 0.000000e+00 0.000000e+00 0.000000e+00 0.000000e+00 0.000000e+00
6.500000e-01 0.000000e+00 -2.114928e+03 -2.740127e+03 0.000000e+00 0.000000e+00 0.000000e+00 -1.464496e+02 -1.467946e+02 1.546014e+03 3.534429e+02 0.000000e+00 0.000000e+00 0.000000e+00 0.000000e+00 0.000000e+00 0.000000e+00 0.000000e+00 0.000000e+00 0.000000e+00
6.510000e-01 0.000000e+00 -2.124253e+03 -2.747343e+03 0.000000e+00 0.000000e+00 0.000000e+00 -1.469260e+02 -1.472670e+02 1.547043e+03 3.545112e+02 0.000000e+00 0.000000e+00 0.000000e+00 0.000000e+00 0.000000e+00 0.000000e+00 0.000000e+00 0.000000e+00 0.000000e+00
6.520000e-01 0.000000e+00 -2.133554e+03 -2.754642e+03 0.000000e+00 0.000000e+00 0.000000e+00 -1.474159e+02 -1.477528e+02 1.548084e+03 3.556152e+02 0.000000e+00 0.000000e+00 0.000000e+00 0.000000e+00 0.000000e+00 0.000000e+00 0.000000e+00 0.000000e+00 0.000000e+00
6.530000e-01 0.000000e+00 -2.142832e+03 -2.762024e+03 0.000000e+00 0.000000e+00 0.000000e+00 -1.479194e+02 -1.482522e+02 1.549136e+03 3.567552e+02 0.000000e+00 0.000000e+00 0.000000e+00 0.000000e+00 0.000000e+00 0.000000e+00 0.000000e+00 0.000000e+00 0.000000e+00
6.540000e-01 0.000000e+00 -2.152087e+03 -2.769493e+03 0.000000e+00 0.000000e+00 0.000000e+00 -1.484367e+02 -1.487653e+02 1.550199e+03 3.579316e+02 0.000000e+00 0.000000e+00 0.000000e+00 0.000000e+00 0.000000e+00 0.000000e+00 0.000000e+00 0.000000e+00 0.000000e+00
6.550000e-01 0.000000e+00 -2.161319e+03 -2.777048e+03 0.000000e+00 0.000000e+00 0.000000e+00 -1.489680e+02 -1.492924e+02 1.551273e+03 3.591446e+02 0.000000e+00 0.000000e+00 0.000000e+00 0.000000e+00 0.000000e+00 0.000000e+00 0.000000e+00 0.000000e+00 0.000000e+00
6.560000e-01 0.000000e+00 -2.170528e+03 -2.784692e+03 0.000000e+00 0.000000e+00 0.000000e+00 -1.495133e+02 -1.498335e+02 1.552359e+03 3.603947e+02 0.000000e+00 0.000000e+00 0.000000e+00 0.000000e+00 0.000000e+00 0.000000e+00 0.000000e+00 0.000000e+00 0.000000e+00
6.570000e-01 0.000000e+00 -2.179716e+03 -2.792426e+03 0.000000e+00 0.000000e+00 0.000000e+00 -1.500728e+02 -1.503888e+02 1.553457e+03 3.616821e+02 0.000000e+00 0.000000e+00 0.000000e+00 0.000000e+00 0.000000e+00 0.000000e+00 0.000000e+00 0.000000e+00 0.000000e+00
6.580000e-01 0.000000e+00 -2.188881e+03 -2.800252e+03 0.000000e+00 0.000000e+00 0.000000e+00 -1.506468e+02 -1.509584e+02 1.554566e+03 3.630070e+02 0.000000e+00 0.000000e+00 0.000000e+00 0.000000e+00 0.000000e+00 0.000000e+00 0.000000e+00 0.000000e+00 0.000000e+00
6.590000e-01 0.000000e+00 -2.198026e+03 -2.808172e+03 0.000000e+00 0.000000e+00 0.000000e+00 -1.512352e+02 -1.515425e+02 1.555687e+03 3.643698e+02 0.000000e+00 0.000000e+00 0.000000e+00 0.000000e+00 0.000000e+00 0.000000e+00 0.000000e+00 0.000000e+00 0.000000e+00
6.600000e-01 0.000000e+00 -2.207149e+03 -2.816187e+03 0.000000e+00 0.000000e+00 0.000000e+00 -1.518384e+02 -1.521413e+02 1.556820e+03 3.657708e+02 0.000000e+00 0.000000e+00 0.000000e+00 0.000000e+00 0.000000e+00 0.000000e+00 0.000000e+00 0.000000e+00 0.000000e+00
6.610000e-01 0.000000e+00 -2.216253e+03 -2.824298e+03 0.000000e+00 0.000000e+00 0.000000e+00 -1.524563e+02 -1.527548e+02 1.557965e+03 3.672101e+02 0.000000e+00 0.000000e+00 0.000000e+00 0.000000e+00 0.000000e+00 0.000000e+00 0.000000e+00 0.000000e+00 0.000000e+00
6.620000e-01 0.000000e+00 -2.225336e+03 -2.832508e+03 0.000000e+00 0.000000e+00 0.000000e+00 -1.530891e+02 -1.533831e+02 1.559122e+03 3.686882e+02 0.000000e+00 0.000000e+00 0.000000e+00 0.000000e+00 0.000000e+00 0.000000e+00 0.000000e+00 0.000000e+00 0.000000e+00
6.630000e-01 0.000000e+00 -2.234401e+03 -2.840817e+03 0.000000e+00 0.000000e+00 0.000000e+00 -1.537369e+02 -1.540264e+02 1.560291e+03 3.702051e+02 0.000000e+00 0.000000e+00 0.000000e+00 0.000000e+00 0.000000e+00 0.000000e+00 0.000000e+00 0.000000e+00 0.000000e+00
6.640000e-01 0.000000e+00 -2.243446e+03 -2.849226e+03 0.000000e+00 0.000000e+00 0.000000e+00 -1.543999e+02 -1.546849e+02 1.561473e+03 3.717612e+02 0.000000e+00 0.000000e+00 0.000000e+00 0.000000e+00 0.000000e+00 0.000000e+00 0.000000e+00 0.000000e+00 0.000000e+00
6.650000e-01 0.000000e+00 -2.252474e+03 -2.857739e+03 0.000000e+00 0.000000e+00 0.000000e+00 -1.550782e+02 -1.553585e+02 1.562668e+03 3.733567e+02 0.000000e+00 0.000000e+00 0.000000e+00 0.000000e+00 0.000000e+00 0.000000e+00 0.000000e+00 0.000000e+00 0.000000e+00
6.660000e-01 0.000000e+00 -2.261484e+03 -2.866355e+03 0.000000e+00 0.000000e+00 0.000000e+00 -1.557719e+02 -1.560476e+02 1.563875e+03 3.749917e+02 0.000000e+00 0.000000e+00 0.000000e+00 0.000000e+00 0.000000e+00 0.000000e+00 0.000000e+00 0.000000e+00 0.000000e+00
6.670000e-01 0.000000e+00 -2.270478e+03 -2.875077e+03 0.000000e+00 0.000000e+00 0.000000e+00 -1.564811e+02 -1.567521e+02 1.565095e+03 3.766667e+02 0.000000e+00 0.000000e+00 0.000000e+00 0.000000e+00 0.000000e+00 0.000000e+00 0.000000e+00 0.000000e+00 0.000000e+00
6.680000e-01 0.000000e+00 -2.279456e+03 -2.883905e+03 0.000000e+00 0.000000e+00 0.000000e+00 -1.572059e+02 -1.574721e+02 1.566328e+03 3.783816e+02 0.000000e+00 0.000000e+00 0.000000e+00 0.000000e+00 0.000000e+00 0.000000e+00 0.000000e+00 0.000000e+00 0.000000e+00
6.690000e-01 0.000000e+00 -2.288418e+03 -2.892841e+03 0.000000e+00 0.000000e+00 0.000000e+00 -1.579465e+02 -1.582079e+02 1.567574e+03 3.801368e+02 0.000000e+00 0.000000e+00 0.000000e+00 0.000000e+00 0.000000e+00 0.000000e+00 0.000000e+00 0.000000e+00 0.000000e+00
6.700000e-01 0.000000e+00 -2.297365e+03 -2.901887e+03 0.000000e+00 0.000000e+00 0.000000e+00 -1.587029e+02 -1.589594e+02 1.568833e+03 3.819324e+02 0.000000e+00 0.000000e+00 0.000000e+00 0.000000e+00 0.000000e+00 0.000000e+00 0.000000e+00 0.000000e+00 0.000000e+00
6.710000e-01 0.000000e+00 -2.306299e+03 -2.911043e+03 0.000000e+00 0.000000e+00 0.000000e+00 -1.594753e+02 -1.597268e+02 1.570106e+03 3.837685e+02 0.000000e+00 0.000000e+00 0.000000e+00 0.000000e+00 0.000000e+00 0.000000e+00 0.000000e+00 0.000000e+00 0.000000e+00
6.720000e-01 0.000000e+00 -2.315219e+03 -2.920311e+03 0.000000e+00 0.000000e+00 0.000000e+00 -1.602636e+02 -1.605101e+02 1.571392e+03 3.856454e+02 0.000000e+00 0.000000e+00 0.000000e+00 0.000000e+00 0.000000e+00 0.000000e+00 0.000000e+00 0.000000e+00 0.000000e+00
6.730000e-01 0.000000e+00 -2.324128e+03 -2.929693e+03 0.000000e+00 0.000000e+00 0.000000e+00 -1.610681e+02 -1.613095e+02 1.572692e+03 3.875632e+02 0.000000e+00 0.000000e+00 0.000000e+00 0.000000e+00 0.000000e+00 0.000000e+00 0.000000e+00 0.000000e+00 0.000000e+00
6.740000e-01 0.000000e+00 -2.333024e+03 -2.939188e+03 0.000000e+00 0.000000e+00 0.000000e+00 -1.618887e+02 -1.621250e+02 1.574006e+03 3.895221e+02 0.000000e+00 0.000000e+00 0.000000e+00 0.000000e+00 0.000000e+00 0.000000e+00 0.000000e+00 0.000000e+00 0.000000e+00
6.750000e-01 0.000000e+00 -2.341910e+03 -2.948798e+03 0.000000e+00 0.000000e+00 0.000000e+00 -1.627256e+02 -1.629567e+02 1.575333e+03 3.915221e+02 0.000000e+00 0.000000e+00 0.000000e+00 0.000000e+00 0.000000e+00 0.000000e+00 0.000000e+00 0.000000e+00 0.000000e+00
6.760000e-01 0.000000e+00 -2.350786e+03 -2.958525e+03 0.000000e+00 0.000000e+00 0.000000e+00 -1.635789e+02 -1.638046e+02 1.576674e+03 3.935634e+02 0.000000e+00 0.000000e+00 0.000000e+00 0.000000e+00 0.000000e+00 0.000000e+00 0.000000e+00 0.000000e+00 0.000000e+00
6.770000e-01 0.000000e+00 -2.359653e+03 -2.968370e+03 0.000000e+00 0.000000e+00 0.000000e+00 -1.644485e+02 -1.646689e+02 1.578030e+03 3.956461e+02 0.000000e+00 0.000000e+00 0.000000e+00 0.000000e+00 0.000000e+00 0.000000e+00 0.000000e+00 0.000000e+00 0.000000e+00
6.780000e-01 0.000000e+00 -2.368512e+03 -2.978333e+03 0.000000e+00 0.000000e+00 0.000000e+00 -1.653346e+02 -1.655496e+02 1.579400e+03 3.977702e+02 0.000000e+00 0.000000e+00 0.000000e+00 0.000000e+00 0.000000e+00 0.000000e+00 0.000000e+00 0.000000e+00 0.000000e+00
6.790000e-01 0.000000e+00 -2.377364e+03 -2.988415e+03 0.000000e+00 0.000000e+00 0.000000e+00 -1.662372e+02 -1.664467e+02 1.580784e+03 3.999360e+02 0.000000e+00 0.000000e+00 0.000000e+00 0.000000e+00 0.000000e+00 0.000000e+00 0.000000e+00 0.000000e+00 0.000000e+00
6.800000e-01 0.000000e+00 -2.386209e+03 -2.998618e+03 0.000000e+00 0.000000e+00 0.000000e+00 -1.671564e+02 -1.673603e+02 1.582183e+03 4.021434e+02 0.000000e+00 0.000000e+00 0.000000e+00 0.000000e+00 0.000000e+00 0.000000e+00 0.000000e+00 0.000000e+00 0.000000e+00
6.810000e-01 0.000000e+00 -2.395049e+03 -3.008941e+03 0.000000e+00 0.000000e+00 0.000000e+00 -1.680921e+02 -1.682905e+02 1.583597e+03 4.043925e+02 0.000000e+00 0.000000e+00 0.000000e+00 0.000000e+00 0.000000e+00 0.000000e+00 0.000000e+00 0.000000e+00 0.000000e+00
6.820000e-01 0.000000e+00 -2.403885e+03 -3.019387e+03 0.000000e+00 0.000000e+00 0.000000e+00 -1.690446e+02 -1.692372e+02 1.585026e+03 4.066834e+02 0.000000e+00 0.000000e+00 0.000000e+00 0.000000e+00 0.000000e+00 0.000000e+00 0.000000e+00 0.000000e+00 0.000000e+00
6.830000e-01 0.000000e+00 -2.412717e+03 -3.029956e+03 0.000000e+00 0.000000e+00 0.000000e+00 -1.700137e+02 -1.702006e+02 1.586469e+03 4.090161e+02 0.000000e+00 0.000000e+00 0.000000e+00 0.000000e+00 0.000000e+00 0.000000e+00 0.000000e+00 0.000000e+00 0.000000e+00
6.840000e-01 0.000000e+00 -2.421546e+03 -3.040648e+03 0.000000e+00 0.000000e+00 0.000000e+00 -1.709996e+02 -1.711806e+02 1.587928e+03 4.113906e+02 0.000000e+00 0.000000e+00 0.000000e+00 0.000000e+00 0.000000e+00 0.000000e+00 0.000000e+00 0.000000e+00 0.000000e+00
6.850000e-01 0.000000e+00 -2.430375e+03 -3.051465e+03 0.000000e+00 0.000000e+00 0.000000e+00 -1.720022e+02 -1.721773e+02 1.589402e+03 4.138070e+02 0.000000e+00 0.000000e+00 0.000000e+00 0.000000e+00 0.000000e+00 0.000000e+00 0.000000e+00 0.000000e+00 0.000000e+00
6.860000e-01 0.000000e+00 -2.439203e+03 -3.062407e+03 0.000000e+00 0.000000e+00 0.000000e+00 -1.730217e+02 -1.731907e+02 1.590892e+03 4.162654e+02 0.000000e+00 0.000000e+00 0.000000e+00 0.000000e+00 0.000000e+00 0.000000e+00 0.000000e+00 0.000000e+00 0.000000e+00
6.870000e-01 0.000000e+00 -2.448031e+03 -3.073475e+03 0.000000e+00 0.000000e+00 0.000000e+00 -1.740579e+02 -1.742209e+02 1.592397e+03 4.187657e+02 0.000000e+00 0.000000e+00 0.000000e+00 0.000000e+00 0.000000e+00 0.000000e+00 0.000000e+00 0.000000e+00 0.000000e+00
6.880000e-01 0.000000e+00 -2.456862e+03 -3.084670e+03 0.000000e+00 0.000000e+00 0.000000e+00 -1.751111e+02 -1.752678e+02 1.593918e+03 4.213080e+02 0.000000e+00 0.000000e+00 0.000000e+00 0.000000e+00 0.000000e+00 0.000000e+00 0.000000e+00 0.000000e+00 0.000000e+00
6.890000e-01 0.000000e+00 -2.465695e+03 -3.095992e+03 0.000000e+00 0.000000e+00 0.000000e+00 -1.761811e+02 -1.763316e+02 1.595454e+03 4.238922e+02 0.000000e+00 0.000000e+00 0.000000e+00 0.000000e+00 0.000000e+00 0.000000e+00 0.000000e+00 0.000000e+00 0.000000e+00
6.900000e-01 0.000000e+00 -2.474533e+03 -3.107443e+03 0.000000e+00 0.000000e+00 0.000000e+00 -1.772680e+02 -1.774121e+02 1.597007e+03 4.265184e+02 0.000000e+00 0.000000e+00 0.000000e+00 0.000000e+00 0.000000e+00 0.000000e+00 0.000000e+00 0.000000e+00 0.000000e+00
6.910000e-01 0.000000e+00 -2.483375e+03 -3.119021e+03 0.000000e+00 0.000000e+00 0.000000e+00 -1.783719e+02 -1.785095e+02 1.598576e+03 4.291865e+02 0.000000e+00 0.000000e+00 0.000000e+00 0.000000e+00 0.000000e+00 0.000000e+00 0.000000e+00 0.000000e+00 0.000000e+00
6.920000e-01 0.000000e+00 -2.492224e+03 -3.130729e+03 0.000000e+00 0.000000e+00 0.000000e+00 -1.794926e+02 -1.796238e+02 1.600162e+03 4.318965e+02 0.000000e+00 0.000000e+00 0.000000e+00 0.000000e+00 0.000000e+00 0.000000e+00 0.000000e+00 0.000000e+00 0.000000e+00
6.930000e-01 0.000000e+00 -2.501080e+03 -3.142567e+03 0.000000e+00 0.000000e+00 0.000000e+00 -1.806303e+02 -1.807548e+02 1.601764e+03 4.346484e+02 0.000000e+00 0.000000e+00 0.000000e+00 0.000000e+00 0.000000e+00 0.000000e+00 0.000000e+00 0.000000e+00 0.000000e+00
6.940000e-01 0.000000e+00 -2.509944e+03 -3.154534e+03 0.000000e+00 0.000000e+00 0.000000e+00 -1.817848e+02 -1.819027e+02 1.603382e+03 4.374421e+02 0.000000e+00 0.000000e+00 0.000000e+00 0.000000e+00 0.000000e+00 0.000000e+00 0.000000e+00 0.000000e+00 0.000000e+00
6.950000e-01 0.000000e+00 -2.518819e+03 -3.166631e+03 0.000000e+00 0.000000e+00 0.000000e+00 -1.829563e+02 -1.830674e+02 1.605017e+03 4.402775e+02 0.000000e+00 0.000000e+00 0.000000e+00 0.000000e+00 0.000000e+00 0.000000e+00 0.000000e+00 0.000000e+00 0.000000e+00
6.960000e-01 0.000000e+00 -2.527704e+03 -3.178860e+03 0.000000e+00 0.000000e+00 0.000000e+00 -1.841447e+02 -1.842489e+02 1.606670e+03 4.431545e+02 0.000000e+00 0.000000e+00 0.000000e+00 0.000000e+00 0.000000e+00 0.000000e+00 0.000000e+00 0.000000e+00 0.000000e+00
6.970000e-01 0.000000e+00 -2.536601e+03 -3.191219e+03 0.000000e+00 0.000000e+00 0.000000e+00 -1.853499e+02 -1.854471e+02 1.608339e+03 4.460732e+02 0.000000e+00 0.000000e+00 0.000000e+00 0.000000e+00 0.000000e+00 0.000000e+00 0.000000e+00 0.000000e+00 0.000000e+00
6.980000e-01 0.000000e+00 -2.545511e+03 -3.203709e+03 0.000000e+00 0.000000e+00 0.000000e+00 -1.865720e+02 -1.866621e+02 1.610026e+03 4.490333e+02 0.000000e+00 0.000000e+00 0.000000e+00 0.000000e+00 0.000000e+00 0.000000e+00 0.000000e+00 0.000000e+00 0.000000e+00
6.990000e-01 0.000000e+00 -2.554436e+03 -3.216331e+03 0.000000e+00 0.000000e+00 0.000000e+00 -1.878108e+02 -1.878939e+02 1.611729e+03 4.520348e+02 0.000000e+00 0.000000e+00 0.000000e+00 0.000000e+00 0.000000e+00 0.000000e+00 0.000000e+00 0.000000e+00 0.000000e+00
7.000000e-01 0.000000e+00 -2.563376e+03 -3.229084e+03 0.000000e+00 0.000000e+00 0.000000e+00 -1.890665e+02 -1.891423e+02 1.613451e+03 4.550776e+02 0.000000e+00 0.000000e+00 0.000000e+00 0.000000e+00 0.000000e+00 0.000000e+00 0.000000e+00 0.000000e+00 0.000000e+00
7.010000e-01 0.000000e+00 -2.572333e+03 -3.241968e+03 0.000000e+00 0.000000e+00 0.000000e+00 -1.903388e+02 -1.904073e+02 1.615190e+03 4.581615e+02 0.000000e+00 0.000000e+00 0.000000e+00 0.000000e+00 0.000000e+00 0.000000e+00 0.000000e+00 0.000000e+00 0.000000e+00
7.020000e-01 0.000000e+00 -2.581308e+03 -3.254984e+03 0.000000e+00 0.000000e+00 0.000000e+00 -1.916279e+02 -1.916890e+02 1.616947e+03 4.612864e+02 0.000000e+00 0.000000e+00 0.000000e+00 0.000000e+00 0.000000e+00 0.000000e+00 0.000000e+00 0.000000e+00 0.000000e+00
7.030000e-01 0.000000e+00 -2.590302e+03 -3.268132e+03 0.000000e+00 0.000000e+00 0.000000e+00 -1.929336e+02 -1.929871e+02 1.618722e+03 4.644521e+02 0.000000e+00 0.000000e+00 0.000000e+00 0.000000e+00 0.000000e+00 0.000000e+00 0.000000e+00 0.000000e+00 0.000000e+00
7.040000e-01 0.000000e+00 -2.599317e+03 -3.281410e+03 0.000000e+00 0.000000e+00 0.000000e+00 -1.942559e+02 -1.943018e+02 1.620515e+03 4.676586e+02 0.000000e+00 0.000000e+00 0.000000e+00 0.000000e+00 0.000000e+00 0.000000e+00 0.000000e+00 0.000000e+00 0.000000e+00
7.050000e-01 0.000000e+00 -2.608353e+03 -3.294820e+03 0.000000e+00 0.000000e+00 0.000000e+00 -1.955947e+02 -1.956329e+02 1.622327e+03 4.709056e+02 0.000000e+00 0.000000e+00 0.000000e+00 0.000000e+00 0.000000e+00 0.000000e+00 0.000000e+00 0.000000e+00 0.000000e+00
7.060000e-01 0.000000e+00 -2.617412e+03 -3.308362e+03 0.000000e+00 0.000000e+00 0.000000e+00 -1.969499e+02 -1.969804e+02 1.624157e+03 4.741929e+02 0.000000e+00 0.000000e+00 0.000000e+00 0.000000e+00 0.000000e+00 0.000000e+00 0.000000e+00 0.000000e+00 0.000000e+00
7.070000e-01 0.000000e+00 -2.626495e+03 -3.322034e+03 0.000000e+00 0.000000e+00 0.000000e+00 -1.983216e+02 -1.983441e+02 1.626006e+03 4.775205e+02 0.000000e+00 0.000000e+00 0.000000e+00 0.000000e+00 0.000000e+00 0.000000e+00 0.000000e+00 0.000000e+00 0.000000e+00
7.080000e-01 0.000000e+00 -2.635603e+03 -3.335837e+03 0.000000e+00 0.000000e+00 0.000000e+00 -1.997096e+02 -1.997242e+02 1.627873e+03 4.808881e+02 0.000000e+00 0.000000e+00 0.000000e+00 0.000000e+00 0.000000e+00 0.000000e+00 0.000000e+00 0.000000e+00 0.000000e+00
7.090000e-01 0.000000e+00 -2.644738e+03 -3.349771e+03 0.000000e+00 0.000000e+00 0.000000e+00 -2.011139e+02 -2.011204e+02 1.629759e+03 4.842957e+02 0.000000e+00 0.000000e+00 0.000000e+00 0.000000e+00 0.000000e+00 0.000000e+00 0.000000e+00 0.000000e+00 0.000000e+00
7.100000e-01 0.000000e+00 -2.653901e+03 -3.363835e+03 0.000000e+00 0.000000e+00 0.000000e+00 -2.025344e+02 -2.025328e+02 1.631665e+03 4.877429e+02 0.000000e+00 0.000000e+00 0.000000e+00 0.000000e+00 0.000000e+00 0.000000e+00 0.000000e+00 0.000000e+00 0.000000e+00
7.110000e-01 0.000000e+00 -2.663093e+03 -3.378030e+03 0.000000e+00 0.000000e+00 0.000000e+00 -2.039711e+02 -2.039612e+02 1.633589e+03 4.912296e+02 0.000000e+00 0.000000e+00 0.000000e+00 0.000000e+00 0.000000e+00 0.000000e+00 0.000000e+00 0.000000e+00 0.000000e+00
7.120000e-01 0.000000e+00 -2.672316e+03 -3.392354e+03 0.000000e+00 0.000000e+00 0.000000e+00 -2.054239e+02 -2.054056e+02 1.635533e+03 4.947556e+02 0.000000e+00 0.000000e+00 0.000000e+00 0.000000e+00 0.000000e+00 0.000000e+00 0.000000e+00 0.000000e+00 0.000000e+00
7.130000e-01 0.000000e+00 -2.681570e+03 -3.406808e+03 0.000000e+00 0.000000e+00 0.000000e+00 -2.068926e+02 -2.068659e+02 1.637497e+03 4.983207e+02 0.000000e+00 0.000000e+00 0.000000e+00 0.000000e+00 0.000000e+00 0.000000e+00 0.000000e+00 0.000000e+00 0.000000e+00
7.140000e-01 0.000000e+00 -2.690857e+03 -3.421391e+03 0.000000e+00 0.000000e+00 0.000000e+00 -2.083773e+02 -2.083420e+02 1.639480e+03 5.019246e+02 0.000000e+00 0.000000e+00 0.000000e+00 0.000000e+00 0.000000e+00 0.000000e+00 0.000000e+00 0.000000e+00 0.000000e+00
7.150000e-01 0.000000e+00 -2.700178e+03 -3.436102e+03 0.000000e+00 0.000000e+00 0.000000e+00 -2.098778e+02 -2.098339e+02 1.641483e+03 5.055672e+02 0.000000e+00 0.000000e+00 0.000000e+00 0.000000e+00 0.000000e+00 0.000000e+00 0.000000e+00 0.000000e+00 0.000000e+00
7.160000e-01 0.000000e+00 -2.709534e+03 -3.450941e+03 0.000000e+00 0.000000e+00 0.000000e+00 -2.113940e+02 -2.113413e+02 1.643506e+03 5.092482e+02 0.000000e+00 0.000000e+00 0.000000e+00 0.000000e+00 0.000000e+00 0.000000e+00 0.000000e+00 0.000000e+00 0.000000e+00
7.170000e-01 0.000000e+00 -2.718927e+03 -3.465908e+03 0.000000e+00 0.000000e+00 0.000000e+00 -2.129258e+02 -2.128643e+02 1.645549e+03 5.129673e+02 0.000000e+00 0.000000e+00 0.000000e+00 0.000000e+00 0.000000e+00 0.000000e+00 0.000000e+00 0.000000e+00 0.000000e+00
7.180000e-01 0.000000e+00 -2.728358e+03 -3.481001e+03 0.000000e+00 0.000000e+00 0.000000e+00 -2.144731e+02 -2.144027e+02 1.647612e+03 5.167243e+02 0.000000e+00 0.000000e+00 0.000000e+00 0.000000e+00 0.000000e+00 0.000000e+00 0.000000e+00 0.000000e+00 0.000000e+00
7.190000e-01 0.000000e+00 -2.737828e+03 -3.496220e+03 0.000000e+00 0.000000e+00 0.000000e+00 -2.160359e+02 -2.159564e+02 1.649696e+03 5.205189e+02 0.000000e+00 0.000000e+00 0.000000e+00 0.000000e+00 0.000000e+00 0.000000e+00 0.000000e+00 0.000000e+00 0.000000e+00
7.200000e-01 0.000000e+00 -2.747339e+03 -3.511564e+03 0.000000e+00 0.000000e+00 0.000000e+00 -2.176139e+02 -2.175253e+02 1.651800e+03 5.243509e+02 0.000000e+00 0.000000e+00 0.000000e+00 0.000000e+00 0.000000e+00 0.000000e+00 0.000000e+00 0.000000e+00 0.000000e+00
7.210000e-01 0.000000e+00 -2.756891e+03 -3.527033e+03 0.000000e+00 0.000000e+00 0.000000e+00 -2.192071e+02 -2.191093e+02 1.653925e+03 5.282200e+02 0.000000e+00 0.000000e+00 0.000000e+00 0.000000e+00 0.000000e+00 0.000000e+00 0.000000e+00 0.000000e+00 0.000000e+00
7.220000e-01 0.000000e+00 -2.766485e+03 -3.542625e+03 0.000000e+00 0.000000e+00 0.000000e+00 -2.208154e+02 -2.207083e+02 1.656071e+03 5.321259e+02 0.000000e+00 0.000000e+00 0.000000e+00 0.000000e+00 0.000000e+00 0.000000e+00 0.000000e+00 0.000000e+00 0.000000e+00
7.230000e-01 0.000000e+00 -2.776124e+03 -3.558339e+03 0.000000e+00 0.000000e+00 0.000000e+00 -2.224386e+02 -2.223221e+02 1.658238e+03 5.360683e+02 0.000000e+00 0.000000e+00 0.000000e+00 0.000000e+00 0.000000e+00 0.000000e+00 0.000000e+00 0.000000e+00 0.000000e+00
7.240000e-01 0.000000e+00 -2.785808e+03 -3.574175e+03 0.000000e+00 0.000000e+00 0.000000e+00 -2.240766e+02 -2.239506e+02 1.660427e+03 5.400469e+02 0.000000e+00 0.000000e+00 0.000000e+00 0.000000e+00 0.000000e+00 0.000000e+00 0.000000e+00 0.000000e+00 0.000000e+00
7.250000e-01 0.000000e+00 -2.795538e+03 -3.590131e+03 0.000000e+00 0.000000e+00 0.000000e+00 -2.257293e+02 -2.255937e+02 1.662636e+03 5.440614e+02 0.000000e+00 0.000000e+00 0.000000e+00 0.000000e+00 0.000000e+00 0.000000e+00 0.000000e+00 0.000000e+00 0.000000e+00
7.260000e-01 0.000000e+00 -2.805316e+03 -3.606207e+03 0.000000e+00 0.000000e+00 0.000000e+00 -2.273965e+02 -2.272513e+02 1.664867e+03 5.481115e+02 0.000000e+00 0.000000e+00 0.000000e+00 0.000000e+00 0.000000e+00 0.000000e+00 0.000000e+00 0.000000e+00 0.000000e+00
7.270000e-01 0.000000e+00 -2.815142e+03 -3.622401e+03 0.000000e+00 0.000000e+00 0.000000e+00 -2.290782e+02 -2.289232e+02 1.667120e+03 5.521969e+02 0.000000e+00 0.000000e+00 0.000000e+00 0.000000e+00 0.000000e+00 0.000000e+00 0.000000e+00 0.000000e+00 0.000000e+00
7.280000e-01 0.000000e+00 -2.825018e+03 -3.638713e+03 0.000000e+00 0.000000e+00 0.000000e+00 -2.307741e+02 -2.306092e+02 1.669394e+03 5.563173e+02 0.000000e+00 0.000000e+00 0.000000e+00 0.000000e+00 0.000000e+00 0.000000e+00 0.000000e+00 0.000000e+00 0.000000e+00
7.290000e-01 0.000000e+00 -2.834945e+03 -3.655141e+03 0.000000e+00 0.000000e+00 0.000000e+00 -2.324841e+02 -2.323093e+02 1.671690e+03 5.604724e+02 0.000000e+00 0.000000e+00 0.000000e+00 0.000000e+00 0.000000e+00 0.000000e+00 0.000000e+00 0.000000e+00 0.000000e+00
7.300000e-01 0.000000e+00 -2.844924e+03 -3.671683e+03 0.000000e+00 0.000000e+00 0.000000e+00 -2.342082e+02 -2.340233e+02 1.674009e+03 5.646619e+02 0.000000e+00 0.000000e+00 0.000000e+00 0.000000e+00 0.000000e+00 0.000000e+00 0.000000e+00 0.000000e+00 0.000000e+00
7.310000e-01 0.000000e+00 -2.854957e+03 -3.688340e+03 0.000000e+00 0.000000e+00 0.000000e+00 -2.359461e+02 -2.357511e+02 1.676349e+03 5.688854e+02 0.000000e+00 0.000000e+00 0.000000e+00 0.000000e+00 0.000000e+00 0.000000e+00 0.000000e+00 0.000000e+00 0.000000e+00
7.320000e-01 0.000000e+00 -2.865045e+03 -3.705109e+03 0.000000e+00 0.000000e+00 0.000000e+00 -2.376978e+02 -2.374926e+02 1.678712e+03 5.731426e+02 0.000000e+00 0.000000e+00 0.000000e+00 0.000000e+00 0.000000e+00 0.000000e+00 0.000000e+00 0.000000e+00 0.000000e+00
7.330000e-01 0.000000e+00 -2.875187e+03 -3.721990e+03 0.000000e+00 0.000000e+00 0.000000e+00 -2.394630e+02 -2.392475e+02 1.681097e+03 5.774332e+02 0.000000e+00 0.000000e+00 0.000000e+00 0.000000e+00 0.000000e+00 0.000000e+00 0.000000e+00 0.000000e+00 0.000000e+00
7.340000e-01 0.000000e+00 -2.885387e+03 -3.738980e+03 0.000000e+00 0.000000e+00 0.000000e+00 -2.412417e+02 -2.410158e+02 1.683505e+03 5.817569e+02 0.000000e+00 0.000000e+00 0.000000e+00 0.000000e+00 0.000000e+00 0.000000e+00 0.000000e+00 0.000000e+00 0.000000e+00
7.350000e-01 0.000000e+00 -2.895645e+03 -3.756079e+03 0.000000e+00 0.000000e+00 0.000000e+00 -2.430337e+02 -2.427973e+02 1.685936e+03 5.861133e+02 0.000000e+00 0.000000e+00 0.000000e+00 0.000000e+00 0.000000e+00 0.000000e+00 0.000000e+00 0.000000e+00 0.000000e+00
7.360000e-01 0.000000e+00 -2.905961e+03 -3.773285e+03 0.000000e+00 0.000000e+00 0.000000e+00 -2.448388e+02 -2.445918e+02 1.688389e+03 5.905021e+02 0.000000e+00 0.000000e+00 0.000000e+00 0.000000e+00 0.000000e+00 0.000000e+00 0.000000e+00 0.000000e+00 0.000000e+00
7.370000e-01 0.000000e+00 -2.916337e+03 -3.790597e+03 0.000000e+00 0.000000e+00 0.000000e+00 -2.466568e+02 -2.463992e+02 1.690866e+03 5.949229e+02 0.000000e+00 0.000000e+00 0.000000e+00 0.000000e+00 0.000000e+00 0.000000e+00 0.000000e+00 0.000000e+00 0.000000e+00
7.380000e-01 0.000000e+00 -2.926775e+03 -3.808013e+03 0.000000e+00 0.000000e+00 0.000000e+00 -2.484876e+02 -2.482193e+02 1.693366e+03 5.993753e+02 0.000000e+00 0.000000e+00 0.000000e+00 0.000000e+00 0.000000e+00 0.000000e+00 0.000000e+00 0.000000e+00 0.000000e+00
7.390000e-01 0.000000e+00 -2.937274e+03 -3.825531e+03 0.000000e+00 0.000000e+00 0.000000e+00 -2.503311e+02 -2.500519e+02 1.695889e+03 6.038591e+02 0.000000e+00 0.000000e+00 0.000000e+00 0.000000e+00 0.000000e+00 0.000000e+00 0.000000e+00 0.000000e+00 0.000000e+00
7.400000e-01 0.000000e+00 -2.947837e+03 -3.843150e+03 0.000000e+00 0.000000e+00 0.000000e+00 -2.521871e+02 -2.518970e+02 1.698435e+03 6.083737e+02 0.000000e+00 0.000000e+00 0.000000e+00 0.000000e+00 0.000000e+00 0.000000e+00 0.000000e+00 0.000000e+00 0.000000e+00
7.410000e-01 0.000000e+00 -2.958463e+03 -3.860867e+03 0.000000e+00 0.000000e+00 0.000000e+00 -2.540553e+02 -2.537542e+02 1.701005e+03 6.129190e+02 0.000000e+00 0.000000e+00 0.000000e+00 0.000000e+00 0.000000e+00 0.000000e+00 0.000000e+00 0.000000e+00 0.000000e+00
7.420000e-01 0.000000e+00 -2.969155e+03 -3.878683e+03 0.000000e+00 0.000000e+00 0.000000e+00 -2.559357e+02 -2.556235e+02 1.703599e+03 6.174945e+02 0.000000e+00 0.000000e+00 0.000000e+00 0.000000e+00 0.000000e+00 0.000000e+00 0.000000e+00 0.000000e+00 0.000000e+00
7.430000e-01 0.000000e+00 -2.979913e+03 -3.896593e+03 0.000000e+00 0.000000e+00 0.000000e+00 -2.578280e+02 -2.575047e+02 1.706216e+03 6.220997e+02 0.000000e+00 0.000000e+00 0.000000e+00 0.000000e+00 0.000000e+00 0.000000e+00 0.000000e+00 0.000000e+00 0.000000e+00
7.440000e-01 0.000000e+00 -2.990737e+03 -3.914598e+03 0.000000e+00 0.000000e+00 0.000000e+00 -2.597321e+02 -2.593976e+02 1.708858e+03 6.267344e+02 0.000000e+00 0.000000e+00 0.000000e+00 0.000000e+00 0.000000e+00 0.000000e+00 0.000000e+00 0.000000e+00 0.000000e+00
7.450000e-01 0.000000e+00 -3.001630e+03 -3.932694e+03 0.000000e+00 0.000000e+00 0.000000e+00 -2.616478e+02 -2.613020e+02 1.711523e+03 6.313982e+02 0.000000e+00 0.000000e+00 0.000000e+00 0.000000e+00 0.000000e+00 0.000000e+00 0.000000e+00 0.000000e+00 0.000000e+00
7.460000e-01 0.000000e+00 -3.012591e+03 -3.950879e+03 0.000000e+00 0.000000e+00 0.000000e+00 -2.635749e+02 -2.632177e+02 1.714213e+03 6.360906e+02 0.000000e+00 0.000000e+00 0.000000e+00 0.000000e+00 0.000000e+00 0.000000e+00 0.000000e+00 0.000000e+00 0.000000e+00
7.470000e-01 0.000000e+00 -3.023621e+03 -3.969153e+03 0.000000e+00 0.000000e+00 0.000000e+00 -2.655132e+02 -2.651446e+02 1.716927e+03 6.408113e+02 0.000000e+00 0.000000e+00 0.000000e+00 0.000000e+00 0.000000e+00 0.000000e+00 0.000000e+00 0.000000e+00 0.000000e+00
7.480000e-01 0.000000e+00 -3.034722e+03 -3.987513e+03 0.000000e+00 0.000000e+00 0.000000e+00 -2.674625e+02 -2.670824e+02 1.719665e+03 6.455600e+02 0.000000e+00 0.000000e+00 0.000000e+00 0.000000e+00 0.000000e+00 0.000000e+00 0.000000e+00 0.000000e+00 0.000000e+00
7.490000e-01 0.000000e+00 -3.045895e+03 -4.005956e+03 0.000000e+00 0.000000e+00 0.000000e+00 -2.694227e+02 -2.690310e+02 1.722428e+03 6.503361e+02 0.000000e+00 0.000000e+00 0.000000e+00 0.000000e+00 0.000000e+00 0.000000e+00 0.000000e+00 0.000000e+00 0.000000e+00
7.500000e-01 0.000000e+00 -3.057140e+03 -4.024482e+03 0.000000e+00 0.000000e+00 0.000000e+00 -2.713936e+02 -2.709903e+02 1.725216e+03 6.551394e+02 0.000000e+00 0.000000e+00 0.000000e+00 0.000000e+00 0.000000e+00 0.000000e+00 0.000000e+00 0.000000e+00 0.000000e+00
7.510000e-01 0.000000e+00 -3.068457e+03 -4.043087e+03 0.000000e+00 0.000000e+00 0.000000e+00 -2.733750e+02 -2.729599e+02 1.728028e+03 6.599695e+02 0.000000e+00 0.000000e+00 0.000000e+00 0.000000e+00 0.000000e+00 0.000000e+00 0.000000e+00 0.000000e+00 0.000000e+00
7.520000e-01 0.000000e+00 -3.079849e+03 -4.061770e+03 0.000000e+00 0.000000e+00 0.000000e+00 -2.753668e+02 -2.749399e+02 1.730865e+03 6.648259e+02 0.000000e+00 0.000000e+00 0.000000e+00 0.000000e+00 0.000000e+00 0.000000e+00 0.000000e+00 0.000000e+00 0.000000e+00
7.530000e-01 0.000000e+00 -3.091314e+03 -4.080528e+03 0.000000e+00 0.000000e+00 0.000000e+00 -2.773686e+02 -2.769299e+02 1.733727e+03 6.697084e+02 0.000000e+00 0.000000e+00 0.000000e+00 0.000000e+00 0.000000e+00 0.000000e+00 0.000000e+00 0.000000e+00 0.000000e+00
7.540000e-01 0.000000e+00 -3.102856e+03 -4.099360e+03 0.000000e+00 0.000000e+00 0.000000e+00 -2.793804e+02 -2.789298e+02 1.736615e+03 6.746164e+02 0.000000e+00 0.000000e+00 0.000000e+00 0.000000e+00 0.000000e+00 0.000000e+00 0.000000e+00 0.000000e+00 0.000000e+00
7.550000e-01 0.000000e+00 -3.114473e+03 -4.118263e+03 0.000000e+00 0.000000e+00 0.000000e+00 -2.814020e+02 -2.809393e+02 1.739527e+03 6.795497e+02 0.000000e+00 0.000000e+00 0.000000e+00 0.000000e+00 0.000000e+00 0.000000e+00 0.000000e+00 0.000000e+00 0.000000e+00
7.560000e-01 0.000000e+00 -3.126167e+03 -4.137235e+03 0.000000e+00 0.000000e+00 0.000000e+00 -2.834331e+02 -2.829584e+02 1.742465e+03 6.845077e+02 0.000000e+00 0.000000e+00 0.000000e+00 0.000000e+00 0.000000e+00 0.000000e+00 0.000000e+00 0.000000e+00 0.000000e+00
7.570000e-01 0.000000e+00 -3.137938e+03 -4.156274e+03 0.000000e+00 0.000000e+00 0.000000e+00 -2.854736e+02 -2.849868e+02 1.745428e+03 6.894902e+02 0.000000e+00 0.000000e+00 0.000000e+00 0.000000e+00 0.000000e+00 0.000000e+00 0.000000e+00 0.000000e+00 0.000000e+00
7.580000e-01 0.000000e+00 -3.149787e+03 -4.175376e+03 0.000000e+00 0.000000e+00 0.000000e+00 -2.875233e+02 -2.870243e+02 1.748417e+03 6.944968e+02 0.000000e+00 0.000000e+00 0.000000e+00 0.000000e+00 0.000000e+00 0.000000e+00 0.000000e+00 0.000000e+00 0.000000e+00
7.590000e-01 0.000000e+00 -3.161714e+03 -4.194540e+03 0.000000e+00 0.000000e+00 0.000000e+00 -2.895819e+02 -2.890708e+02 1.751431e+03 6.995270e+02 0.000000e+00 0.000000e+00 0.000000e+00 0.000000e+00 0.000000e+00 0.000000e+00 0.000000e+00 0.000000e+00 0.000000e+00
7.600000e-01 0.000000e+00 -3.173721e+03 -4.213764e+03 0.000000e+00 0.000000e+00 0.000000e+00 -2.916494e+02 -2.911259e+02 1.754471e+03 7.045804e+02 0.000000e+00 0.000000e+00 0.000000e+00 0.000000e+00 0.000000e+00 0.000000e+00 0.000000e+00 0.000000e+00 0.000000e+00
7.610000e-01 0.000000e+00 -3.185807e+03 -4.233044e+03 0.000000e+00 0.000000e+00 0.000000e+00 -2.937254e+02 -2.931896e+02 1.757536e+03 7.096566e+02 0.000000e+00 0.000000e+00 0.000000e+00 0.000000e+00 0.000000e+00 0.000000e+00 0.000000e+00 0.000000e+00 0.000000e+00
7.620000e-01 0.000000e+00 -3.197974e+03 -4.252378e+03 0.000000e+00 0.000000e+00 0.000000e+00 -2.958098e+02 -2.952616e+02 1.760628e+03 7.147553e+02 0.000000e+00 0.000000e+00 0.000000e+00 0.000000e+00 0.000000e+00 0.000000e+00 0.000000e+00 0.000000e+00 0.000000e+00
7.630000e-01 0.000000e+00 -3.210221e+03 -4.271764e+03 0.000000e+00 0.000000e+00 0.000000e+00 -2.979024e+02 -2.973418e+02 1.763745e+03 7.198760e+02 0.000000e+00 0.000000e+00 0.000000e+00 0.000000e+00 0.000000e+00 0.000000e+00 0.000000e+00 0.000000e+00 0.000000e+00
7.640000e-01 0.000000e+00 -3.222549e+03 -4.291199e+03 0.000000e+00 0.000000e+00 0.000000e+00 -3.000029e+02 -2.994299e+02 1.766888e+03 7.250183e+02 0.000000e+00 0.000000e+00 0.000000e+00 0.000000e+00 0.000000e+00 0.000000e+00 0.000000e+00 0.000000e+00 0.000000e+00
7.650000e-01 0.000000e+00 -3.234959e+03 -4.310680e+03 0.000000e+00 0.000000e+00 0.000000e+00 -3.021113e+02 -3.015257e+02 1.770058e+03 7.301818e+02 0.000000e+00 0.000000e+00 0.000000e+00 0.000000e+00 0.000000e+00 0.000000e+00 0.000000e+00 0.000000e+00 0.000000e+00
7.660000e-01 0.000000e+00 -3.247451e+03 -4.330205e+03 0.000000e+00 0.000000e+00 0.000000e+00 -3.042272e+02 -3.036290e+02 1.773253e+03 7.353662e+02 0.000000e+00 0.000000e+00 0.000000e+00 0.000000e+00 0.000000e+00 0.000000e+00 0.000000e+00 0.000000e+00 0.000000e+00
7.670000e-01 0.000000e+00 -3.260025e+03 -4.349770e+03 0.000000e+00 0.000000e+00 0.000000e+00 -3.063504e+02 -3.057397e+02 1.776475e+03 7.405710e+02 0.000000e+00 0.000000e+00 0.000000e+00 0.000000e+00 0.000000e+00 0.000000e+00 0.000000e+00 0.000000e+00 0.000000e+00
7.680000e-01 0.000000e+00 -3.272682e+03 -4.369374e+03 0.000000e+00 0.000000e+00 0.000000e+00 -3.084808e+02 -3.078575e+02 1.779722e+03 7.457958e+02 0.000000e+00 0.000000e+00 0.000000e+00 0.000000e+00 0.000000e+00 0.000000e+00 0.000000e+00 0.000000e+00 0.000000e+00
7.690000e-01 0.000000e+00 -3.285422e+03 -4.389012e+03 0.000000e+00 0.000000e+00 0.000000e+00 -3.106182e+02 -3.099822e+02 1.782997e+03 7.510402e+02 0.000000e+00 0.000000e+00 0.000000e+00 0.000000e+00 0.000000e+00 0.000000e+00 0.000000e+00 0.000000e+00 0.000000e+00
7.700000e-01 0.000000e+00 -3.298245e+03 -4.408684e+03 0.000000e+00 0.000000e+00 0.000000e+00 -3.127623e+02 -3.121136e+02 1.786297e+03 7.563039e+02 0.000000e+00 0.000000e+00 0.000000e+00 0.000000e+00 0.000000e+00 0.000000e+00 0.000000e+00 0.000000e+00 0.000000e+00
7.710000e-01 0.000000e+00 -3.311151e+03 -4.428385e+03 0.000000e+00 0.000000e+00 0.000000e+00 -3.149130e+02 -3.142515e+02 1.789624e+03 7.615864e+02 0.000000e+00 0.000000e+00 0.000000e+00 0.000000e+00 0.000000e+00 0.000000e+00 0.000000e+00 0.000000e+00 0.000000e+00
7.720000e-01 0.000000e+00 -3.324141e+03 -4.448113e+03 0.000000e+00 0.000000e+00 0.000000e+00 -3.170701e+02 -3.163958e+02 1.792977e+03 7.668873e+02 0.000000e+00 0.000000e+00 0.000000e+00 0.000000e+00 0.000000e+00 0.000000e+00 0.000000e+00 0.000000e+00 0.000000e+00
7.730000e-01 0.000000e+00 -3.337215e+03 -4.467864e+03 0.000000e+00 0.000000e+00 0.000000e+00 -3.192332e+02 -3.185462e+02 1.796357e+03 7.722063e+02 0.000000e+00 0.000000e+00 0.000000e+00 0.000000e+00 0.000000e+00 0.000000e+00 0.000000e+00 0.000000e+00 0.000000e+00
7.740000e-01 0.000000e+00 -3.350374e+03 -4.487637e+03 0.000000e+00 0.000000e+00 0.000000e+00 -3.214024e+02 -3.207025e+02 1.799764e+03 7.775429e+02 0.000000e+00 0.000000e+00 0.000000e+00 0.000000e+00 0.000000e+00 0.000000e+00 0.000000e+00 0.000000e+00 0.000000e+00
7.750000e-01 0.000000e+00 -3.363616e+03 -4.507427e+03 0.000000e+00 0.000000e+00 0.000000e+00 -3.235772e+02 -3.228645e+02 1.803196e+03 7.828968e+02 0.000000e+00 0.000000e+00 0.000000e+00 0.000000e+00 0.000000e+00 0.000000e+00 0.000000e+00 0.000000e+00 0.000000e+00
7.760000e-01 0.000000e+00 -3.376942e+03 -4.527233e+03 0.000000e+00 0.000000e+00 0.000000e+00 -3.257576e+02 -3.250320e+02 1.806656e+03 7.882676e+02 0.000000e+00 0.000000e+00 0.000000e+00 0.000000e+00 0.000000e+00 0.000000e+00 0.000000e+00 0.000000e+00 0.000000e+00
7.770000e-01 0.000000e+00 -3.390353e+03 -4.547050e+03 0.000000e+00 0.000000e+00 0.000000e+00 -3.279433e+02 -3.272048e+02 1.810142e+03 7.936548e+02 0.000000e+00 0.000000e+00 0.000000e+00 0.000000e+00 0.000000e+00 0.000000e+00 0.000000e+00 0.000000e+00 0.000000e+00
7.780000e-01 0.000000e+00 -3.403848e+03 -4.566876e+03 0.000000e+00 0.000000e+00 0.000000e+00 -3.301342e+02 -3.293828e+02 1.813654e+03 7.990581e+02 0.000000e+00 0.000000e+00 0.000000e+00 0.000000e+00 0.000000e+00 0.000000e+00 0.000000e+00 0.000000e+00 0.000000e+00
7.790000e-01 0.000000e+00 -3.417427e+03 -4.586707e+03 0.000000e+00 0.000000e+00 0.000000e+00 -3.323299e+02 -3.315656e+02 1.817194e+03 8.044770e+02 0.000000e+00 0.000000e+00 0.000000e+00 0.000000e+00 0.000000e+00 0.000000e+00 0.000000e+00 0.000000e+00 0.000000e+00
7.800000e-01 0.000000e+00 -3.431091e+03 -4.606541e+03 0.000000e+00 0.000000e+00 0.000000e+00 -3.345303e+02 -3.337531e+02 1.820759e+03 8.099113e+02 0.000000e+00 0.000000e+00 0.000000e+00 0.000000e+00 0.000000e+00 0.000000e+00 0.000000e+00 0.000000e+00 0.000000e+00
7.810000e-01 0.000000e+00 -3.444838e+03 -4.626374e+03 0.000000e+00 0.000000e+00 0.000000e+00 -3.367353e+02 -3.359450e+02 1.824352e+03 8.153604e+02 0.000000e+00 0.000000e+00 0.000000e+00 0.000000e+00 0.000000e+00 0.000000e+00 0.000000e+00 0.000000e+00 0.000000e+00
7.820000e-01 0.000000e+00 -3.458670e+03 -4.646203e+03 0.000000e+00 0.000000e+00 0.000000e+00 -3.389445e+02 -3.381413e+02 1.827971e+03 8.208240e+02 0.000000e+00 0.000000e+00 0.000000e+00 0.000000e+00 0.000000e+00 0.000000e+00 0.000000e+00 0.000000e+00 0.000000e+00
7.830000e-01 0.000000e+00 -3.472585e+03 -4.666025e+03 0.000000e+00 0.000000e+00 0.000000e+00 -3.411578e+02 -3.403416e+02 1.831616e+03 8.263018e+02 0.000000e+00 0.000000e+00 0.000000e+00 0.000000e+00 0.000000e+00 0.000000e+00 0.000000e+00 0.000000e+00 0.000000e+00
7.840000e-01 0.000000e+00 -3.486584e+03 -4.685837e+03 0.000000e+00 0.000000e+00 0.000000e+00 -3.433749e+02 -3.425458e+02 1.835288e+03 8.317932e+02 0.000000e+00 0.000000e+00 0.000000e+00 0.000000e+00 0.000000e+00 0.000000e+00 0.000000e+00 0.000000e+00 0.000000e+00
7.850000e-01 0.000000e+00 -3.500665e+03 -4.705634e+03 0.000000e+00 0.000000e+00 0.000000e+00 -3.455957e+02 -3.447536e+02 1.838987e+03 8.372979e+02 0.000000e+00 0.000000e+00 0.000000e+00 0.000000e+00 0.000000e+00 0.000000e+00 0.000000e+00 0.000000e+00 0.000000e+00
7.860000e-01 0.000000e+00 -3.514830e+03 -4.725414e+03 0.000000e+00 0.000000e+00 0.000000e+00 -3.478199e+02 -3.469649e+02 1.842712e+03 8.428155e+02 0.000000e+00 0.000000e+00 0.000000e+00 0.000000e+00 0.000000e+00 0.000000e+00 0.000000e+00 0.000000e+00 0.000000e+00
7.870000e-01 0.000000e+00 -3.529077e+03 -4.745173e+03 0.000000e+00 0.000000e+00 0.000000e+00 -3.500474e+02 -3.491794e+02 1.846463e+03 8.483457e+02 0.000000e+00 0.000000e+00 0.000000e+00 0.000000e+00 0.000000e+00 0.000000e+00 0.000000e+00 0.000000e+00 0.000000e+00
7.880000e-01 0.000000e+00 -3.543407e+03 -4.764909e+03 0.000000e+00 0.000000e+00 0.000000e+00 -3.522779e+02 -3.513969e+02 1.850241e+03 8.538879e+02 0.000000e+00 0.000000e+00 0.000000e+00 0.000000e+00 0.000000e+00 0.000000e+00 0.000000e+00 0.000000e+00 0.000000e+00
7.890000e-01 0.000000e+00 -3.557818e+03 -4.784616e+03 0.000000e+00 0.000000e+00 0.000000e+00 -3.545111e+02 -3.536172e+02 1.854045e+03 8.594419e+02 0.000000e+00 0.000000e+00 0.000000e+00 0.000000e+00 0.000000e+00 0.000000e+00 0.000000e+00 0.000000e+00 0.000000e+00
7.900000e-01 0.000000e+00 -3.572310e+03 -4.804293e+03 0.000000e+00 0.000000e+00 0.000000e+00 -3.567470e+02 -3.558402e+02 1.857876e+03 8.650073e+02 0.000000e+00 0.000000e+00 0.000000e+00 0.000000e+00 0.000000e+00 0.000000e+00 0.000000e+00 0.000000e+00 0.000000e+00
7.910000e-01 0.000000e+00 -3.586883e+03 -4.823935e+03 0.000000e+00 0.000000e+00 0.000000e+00 -3.589853e+02 -3.580655e+02 1.861732e+03 8.705835e+02 0.000000e+00 0.000000e+00 0.000000e+00 0.000000e+00 0.000000e+00 0.000000e+00 0.000000e+00 0.000000e+00 0.000000e+00
7.920000e-01 0.000000e+00 -3.601537e+03 -4.843539e+03 0.000000e+00 0.000000e+00 0.000000e+00 -3.612257e+02 -3.602931e+02 1.865615e+03 8.761704e+02 0.000000e+00 0.000000e+00 0.000000e+00 0.000000e+00 0.000000e+00 0.000000e+00 0.000000e+00 0.000000e+00 0.000000e+00
7.930000e-01 0.000000e+00 -3.616269e+03 -4.863102e+03 0.000000e+00 0.000000e+00 0.000000e+00 -3.634681e+02 -3.625226e+02 1.869523e+03 8.817674e+02 0.000000e+00 0.000000e+00 0.000000e+00 0.000000e+00 0.000000e+00 0.000000e+00 0.000000e+00 0.000000e+00 0.000000e+00
7.940000e-01 0.000000e+00 -3.631081e+03 -4.882620e+03 0.000000e+00 0.000000e+00 0.000000e+00 -3.657123e+02 -3.647539e+02 1.873458e+03 8.873741e+02 0.000000e+00 0.000000e+00 0.000000e+00 0.000000e+00 0.000000e+00 0.000000e+00 0.000000e+00 0.000000e+00 0.000000e+00
7.950000e-01 0.000000e+00 -3.645971e+03 -4.902088e+03 0.000000e+00 0.000000e+00 0.000000e+00 -3.679580e+02 -3.669867e+02 1.877418e+03 8.929903e+02 0.000000e+00 0.000000e+00 0.000000e+00 0.000000e+00 0.000000e+00 0.000000e+00 0.000000e+00 0.000000e+00 0.000000e+00
7.960000e-01 0.000000e+00 -3.660939e+03 -4.921505e+03 0.000000e+00 0.000000e+00 0.000000e+00 -3.702050e+02 -3.692209e+02 1.881404e+03 8.986153e+02 0.000000e+00 0.000000e+00 0.000000e+00 0.000000e+00 0.000000e+00 0.000000e+00 0.000000e+00 0.000000e+00 0.000000e+00
7.970000e-01 0.000000e+00 -3.675983e+03 -4.940865e+03 0.000000e+00 0.000000e+00 0.000000e+00 -3.724531e+02 -3.714563e+02 1.885415e+03 9.042490e+02 0.000000e+00 0.000000e+00 0.000000e+00 0.000000e+00 0.000000e+00 0.000000e+00 0.000000e+00 0.000000e+00 0.000000e+00
7.980000e-01 0.000000e+00 -3.691103e+03 -4.960165e+03 0.000000e+00 0.000000e+00 0.000000e+00 -3.747021e+02 -3.736926e+02 1.889452e+03 9.098908e+02 0.000000e+00 0.000000e+00 0.000000e+00 0.000000e+00 0.000000e+00 0.000000e+00 0.000000e+00 0.000000e+00 0.000000e+00
7.990000e-01 0.000000e+00 -3.706298e+03 -4.979402e+03 0.000000e+00 0.000000e+00 0.000000e+00 -3.769518e+02 -3.759295e+02 1.893514e+03 9.155404e+02 0.000000e+00 0.000000e+00 0.000000e+00 0.000000e+00 0.000000e+00 0.000000e+00 0.000000e+00 0.000000e+00 0.000000e+00
8.000000e-01 0.000000e+00 -3.721567e+03 -4.998572e+03 0.000000e+00 0.000000e+00 0.000000e+00 -3.792019e+02 -3.781670e+02 1.897601e+03 9.211973e+02 0.000000e+00 0.000000e+00 0.000000e+00 0.000000e+00 0.000000e+00 0.000000e+00 0.000000e+00 0.000000e+00 0.000000e+00
8.010000e-01 0.000000e+00 -3.736909e+03 -5.017670e+03 0.000000e+00 0.000000e+00 0.000000e+00 -3.814523e+02 -3.804048e+02 1.901714e+03 9.268611e+02 0.000000e+00 0.000000e+00 0.000000e+00 0.000000e+00 0.000000e+00 0.000000e+00 0.000000e+00 0.000000e+00 0.000000e+00
8.020000e-01 0.000000e+00 -3.752323e+03 -5.036694e+03 0.000000e+00 0.000000e+00 0.000000e+00 -3.837027e+02 -3.826426e+02 1.905850e+03 9.325315e+02 0.000000e+00 0.000000e+00 0.000000e+00 0.000000e+00 0.000000e+00 0.000000e+00 0.000000e+00 0.000000e+00 0.000000e+00
8.030000e-01 0.000000e+00 -3.767808e+03 -5.055639e+03 0.000000e+00 0.000000e+00 0.000000e+00 -3.859529e+02 -3.848803e+02 1.910012e+03 9.382080e+02 0.000000e+00 0.000000e+00 0.000000e+00 0.000000e+00 0.000000e+00 0.000000e+00 0.000000e+00 0.000000e+00 0.000000e+00
8.040000e-01 0.000000e+00 -3.783363e+03 -5.074501e+03 0.000000e+00 0.000000e+00 0.000000e+00 -3.882027e+02 -3.871176e+02 1.914197e+03 9.438903e+02 0.000000e+00 0.000000e+00 0.000000e+00 0.000000e+00 0.000000e+00 0.000000e+00 0.000000e+00 0.000000e+00 0.000000e+00
8.050000e-01 0.000000e+00 -3.798986e+03 -5.093277e+03 0.000000e+00 0.000000e+00 0.000000e+00 -3.904518e+02 -3.893544e+02 1.918407e+03 9.495778e+02 0.000000e+00 0.000000e+00 0.000000e+00 0.000000e+00 0.000000e+00 0.000000e+00 0.000000e+00 0.000000e+00 0.000000e+00
8.060000e-01 0.000000e+00 -3.814677e+03 -5.111963e+03 0.000000e+00 0.000000e+00 0.000000e+00 -3.927002e+02 -3.915903e+02 1.922641e+03 9.552702e+02 0.000000e+00 0.000000e+00 0.000000e+00 0.000000e+00 0.000000e+00 0.000000e+00 0.000000e+00 0.000000e+00 0.000000e+00
8.070000e-01 0.000000e+00 -3.830434e+03 -5.130555e+03 0.000000e+00 0.000000e+00 0.000000e+00 -3.949474e+02 -3.938253e+02 1.926898e+03 9.609671e+02 0.000000e+00 0.000000e+00 0.000000e+00 0.000000e+00 0.000000e+00 0.000000e+00 0.000000e+00 0.000000e+00 0.000000e+00
8.080000e-01 0.000000e+00 -3.846255e+03 -5.149049e+03 0.000000e+00 0.000000e+00 0.000000e+00 -3.971933e+02 -3.960590e+02 1.931179e+03 9.666680e+02 0.000000e+00 0.000000e+00 0.000000e+00 0.000000e+00 0.000000e+00 0.000000e+00 0.000000e+00 0.000000e+00 0.000000e+00
8.090000e-01 0.000000e+00 -3.862141e+03 -5.167441e+03 0.000000e+00 0.000000e+00 0.000000e+00 -3.994378e+02 -3.982912e+02 1.935483e+03 9.723726e+02 0.000000e+00 0.000000e+00 0.000000e+00 0.000000e+00 0.000000e+00 0.000000e+00 0.000000e+00 0.000000e+00 0.000000e+00
8.100000e-01 0.000000e+00 -3.878088e+03 -5.185728e+03 0.000000e+00 0.000000e+00 0.000000e+00 -4.016805e+02 -4.005218e+02 1.939810e+03 9.780803e+02 0.000000e+00 0.000000e+00 0.000000e+00 0.000000e+00 0.000000e+00 0.000000e+00 0.000000e+00 0.000000e+00 0.000000e+00
8.110000e-01 0.000000e+00 -3.894095e+03 -5.203904e+03 0.000000e+00 0.000000e+00 0.000000e+00 -4.039212e+02 -4.027506e+02 1.944160e+03 9.837907e+02 0.000000e+00 0.000000e+00 0.000000e+00 0.000000e+00 0.000000e+00 0.000000e+00 0.000000e+00 0.000000e+00 0.000000e+00
8.120000e-01 0.000000e+00 -3.910162e+03 -5.221967e+03 0.000000e+00 0.000000e+00 0.000000e+00 -4.061597e+02 -4.049772e+02 1.948532e+03 9.895035e+02 0.000000e+00 0.000000e+00 0.000000e+00 0.000000e+00 0.000000e+00 0.000000e+00 0.000000e+00 0.000000e+00 0.000000e+00
8.130000e-01 0.000000e+00 -3.926286e+03 -5.239912e+03 0.000000e+00 0.000000e+00 0.000000e+00 -4.083959e+02 -4.072014e+02 1.952925e+03 9.952181e+02 0.000000e+00 0.000000e+00 0.000000e+00 0.000000e+00 0.000000e+00 0.000000e+00 0.000000e+00 0.000000e+00 0.000000e+00
8.140000e-01 0.000000e+00 -3.942466e+03 -5.257735e+03 0.000000e+00 0.000000e+00 0.000000e+00 -4.106293e+02 -4.094231e+02 1.957341e+03 1.000934e+03 0.000000e+00 0.000000e+00 0.000000e+00 0.000000e+00 0.000000e+00 0.000000e+00 0.000000e+00 0.000000e+00 0.000000e+00
8.150000e-01 0.000000e+00 -3.958699e+03 -5.275432e+03 0.000000e+00 0.000000e+00 0.000000e+00 -4.128600e+02 -4.116420e+02 1.961778e+03 1.006651e+03 0.000000e+00 0.000000e+00 0.000000e+00 0.000000e+00 0.000000e+00 0.000000e+00 0.000000e+00 0.000000e+00 0.000000e+00
8.160000e-01 0.000000e+00 -3.974985e+03 -5.293000e+03 0.000000e+00 0.000000e+00 0.000000e+00 -4.150875e+02 -4.138580e+02 1.966236e+03 1.012369e+03 0.000000e+00 0.000000e+00 0.000000e+00 0.000000e+00 0.000000e+00 0.000000e+00 0.000000e+00 0.000000e+00 0.000000e+00
8.170000e-01 0.000000e+00 -3.991322e+03 -5.310434e+03 0.000000e+00 0.000000e+00 0.000000e+00 -4.173116e+02 -4.160706e+02 1.970714e+03 1.018086e+03 0.000000e+00 0.000000e+00 0.000000e+00 0.000000e+00 0.000000e+00 0.000000e+00 0.000000e+00 0.000000e+00 0.000000e+00
8.180000e-01 0.000000e+00 -4.007707e+03 -5.327729e+03 0.000000e+00 0.000000e+00 0.000000e+00 -4.195322e+02 -4.182798e+02 1.975213e+03 1.023803e+03 0.000000e+00 0.000000e+00 0.000000e+00 0.000000e+00 0.000000e+00 0.000000e+00 0.000000e+00 0.000000e+00 0.000000e+00
8.190000e-01 0.000000e+00 -4.024138e+03 -5.344883e+03 0.000000e+00 0.000000e+00 0.000000e+00 -4.217490e+02 -4.204852e+02 1.979731e+03 1.029519e+03 0.000000e+00 0.000000e+00 0.000000e+00 0.000000e+00 0.000000e+00 0.000000e+00 0.000000e+00 0.000000e+00 0.000000e+00
8.200000e-01 0.000000e+00 -4.040614e+03 -5.361890e+03 0.000000e+00 0.000000e+00 0.000000e+00 -4.239617e+02 -4.226867e+02 1.984269e+03 1.035234e+03 0.000000e+00 0.000000e+00 0.000000e+00 0.000000e+00 0.000000e+00 0.000000e+00 0.000000e+00 0.000000e+00 0.000000e+00
8.210000e-01 0.000000e+00 -4.057133e+03 -5.378747e+03 0.000000e+00 0.000000e+00 0.000000e+00 -4.261701e+02 -4.248840e+02 1.988826e+03 1.040946e+03 0.000000e+00 0.000000e+00 0.000000e+00 0.000000e+00 0.000000e+00 0.000000e+00 0.000000e+00 0.000000e+00 0.000000e+00
8.220000e-01 0.000000e+00 -4.073692e+03 -5.395450e+03 0.000000e+00 0.000000e+00 0.000000e+00 -4.283740e+02 -4.270769e+02 1.993401e+03 1.046657e+03 0.000000e+00 0.000000e+00 0.000000e+00 0.000000e+00 0.000000e+00 0.000000e+00 0.000000e+00 0.000000e+00 0.000000e+00
8.230000e-01 0.000000e+00 -4.090290e+03 -5.411994e+03 0.000000e+00 0.000000e+00 0.000000e+00 -4.305731e+02 -4.292651e+02 1.997995e+03 1.052364e+03 0.000000e+00 0.000000e+00 0.000000e+00 0.000000e+00 0.000000e+00 0.000000e+00 0.000000e+00 0.000000e+00 0.000000e+00
8.240000e-01 0.000000e+00 -4.106924e+03 -5.428375e+03 0.000000e+00 0.000000e+00 0.000000e+00 -4.327671e+02 -4.314483e+02 2.002606e+03 1.058068e+03 0.000000e+00 0.000000e+00 0.000000e+00 0.000000e+00 0.000000e+00 0.000000e+00 0.000000e+00 0.000000e+00 0.000000e+00
8.250000e-01 0.000000e+00 -4.123591e+03 -5.444590e+03 0.000000e+00 0.000000e+00 0.000000e+00 -4.349559e+02 -4.336264e+02 2.007234e+03 1.063767e+03 0.000000e+00 0.000000e+00 0.000000e+00 0.000000e+00 0.000000e+00 0.000000e+00 0.000000e+00 0.000000e+00 0.000000e+00
8.260000e-01 0.000000e+00 -4.140290e+03 -5.460634e+03 0.000000e+00 0.000000e+00 0.000000e+00 -4.371391e+02 -4.357991e+02 2.011879e+03 1.069463e+03 0.000000e+00 0.000000e+00 0.000000e+00 0.000000e+00 0.000000e+00 0.000000e+00 0.000000e+00 0.000000e+00 0.000000e+00
8.270000e-01 0.000000e+00 -4.157018e+03 -5.476503e+03 0.000000e+00 0.000000e+00 0.000000e+00 -4.393165e+02 -4.379661e+02 2.016540e+03 1.075153e+03 0.000000e+00 0.000000e+00 0.000000e+00 0.000000e+00 0.000000e+00 0.000000e+00 0.000000e+00 0.000000e+00 0.000000e+00
8.280000e-01 0.000000e+00 -4.173773e+03 -5.492193e+03 0.000000e+00 0.000000e+00 0.000000e+00 -4.414879e+02 -4.401272e+02 2.021216e+03 1.080837e+03 0.000000e+00 0.000000e+00 0.000000e+00 0.000000e+00 0.000000e+00 0.000000e+00 0.000000e+00 0.000000e+00 0.000000e+00
8.290000e-01 0.000000e+00 -4.190552e+03 -5.507699e+03 0.000000e+00 0.000000e+00 0.000000e+00 -4.436530e+02 -4.422822e+02 2.025908e+03 1.086515e+03 0.000000e+00 0.000000e+00 0.000000e+00 0.000000e+00 0.000000e+00 0.000000e+00 0.000000e+00 0.000000e+00 0.000000e+00
8.300000e-01 0.000000e+00 -4.207353e+03 -5.523018e+03 0.000000e+00 0.000000e+00 0.000000e+00 -4.458115e+02 -4.444307e+02 2.030613e+03 1.092187e+03 0.000000e+00 0.000000e+00 0.000000e+00 0.000000e+00 0.000000e+00 0.000000e+00 0.000000e+00 0.000000e+00 0.000000e+00
8.310000e-01 0.000000e+00 -4.224172e+03 -5.538146e+03 0.000000e+00 0.000000e+00 0.000000e+00 -4.479632e+02 -4.465725e+02 2.035333e+03 1.097851e+03 0.000000e+00 0.000000e+00 0.000000e+00 0.000000e+00 0.000000e+00 0.000000e+00 0.000000e+00 0.000000e+00 0.000000e+00
8.320000e-01 0.000000e+00 -4.241008e+03 -5.553078e+03 0.000000e+00 0.000000e+00 0.000000e+00 -4.501079e+02 -4.487074e+02 2.040066e+03 1.103507e+03 0.000000e+00 0.000000e+00 0.000000e+00 0.000000e+00 0.000000e+00 0.000000e+00 0.000000e+00 0.000000e+00 0.000000e+00
8.330000e-01 0.000000e+00 -4.257858e+03 -5.567810e+03 0.000000e+00 0.000000e+00 0.000000e+00 -4.522451e+02 -4.508350e+02 2.044811e+03 1.109154e+03 0.000000e+00 0.000000e+00 0.000000e+00 0.000000e+00 0.000000e+00 0.000000e+00 0.000000e+00 0.000000e+00 0.000000e+00
8.340000e-01 0.000000e+00 -4.274718e+03 -5.582339e+03 0.000000e+00 0.000000e+00 0.000000e+00 -4.543747e+02 -4.529552e+02 2.049568e+03 1.114792e+03 0.000000e+00 0.000000e+00 0.000000e+00 0.000000e+00 0.000000e+00 0.000000e+00 0.000000e+00 0.000000e+00 0.000000e+00
8.350000e-01 0.000000e+00 -4.291587e+03 -5.596660e+03 0.000000e+00 0.000000e+00 0.000000e+00 -4.564964e+02 -4.550676e+02 2.054336e+03 1.120420e+03 0.000000e+00 0.000000e+00 0.000000e+00 0.000000e+00 0.000000e+00 0.000000e+00 0.000000e+00 0.000000e+00 0.000000e+00
8.360000e-01 0.000000e+00 -4.308460e+03 -5.610768e+03 0.000000e+00 0.000000e+00 0.000000e+00 -4.586099e+02 -4.571719e+02 2.059115e+03 1.126038e+03 0.000000e+00 0.000000e+00 0.000000e+00 0.000000e+00 0.000000e+00 0.000000e+00 0.000000e+00 0.000000e+00 0.000000e+00
8.370000e-01 0.000000e+00 -4.325335e+03 -5.624661e+03 0.000000e+00 0.000000e+00 0.000000e+00 -4.607149e+02 -4.592680e+02 2.063903e+03 1.131645e+03 0.000000e+00 0.000000e+00 0.000000e+00 0.000000e+00 0.000000e+00 0.000000e+00 0.000000e+00 0.000000e+00 0.000000e+00
8.380000e-01 0.000000e+00 -4.342209e+03 -5.638333e+03 0.000000e+00 0.000000e+00 0.000000e+00 -4.628112e+02 -4.613554e+02 2.068701e+03 1.137239e+03 0.000000e+00 0.000000e+00 0.000000e+00 0.000000e+00 0.000000e+00 0.000000e+00 0.000000e+00 0.000000e+00 0.000000e+00
8.390000e-01 0.000000e+00 -4.359080e+03 -5.651781e+03 0.000000e+00 0.000000e+00 0.000000e+00 -4.648984e+02 -4.634340e+02 2.073507e+03 1.142821e+03 0.000000e+00 0.000000e+00 0.000000e+00 0.000000e+00 0.000000e+00 0.000000e+00 0.000000e+00 0.000000e+00 0.000000e+00
8.400000e-01 0.000000e+00 -4.375943e+03 -5.665000e+03 0.000000e+00 0.000000e+00 0.000000e+00 -4.669763e+02 -4.655033e+02 2.078320e+03 1.148390e+03 0.000000e+00 0.000000e+00 0.000000e+00 0.000000e+00 0.000000e+00 0.000000e+00 0.000000e+00 0.000000e+00 0.000000e+00
8.410000e-01 0.000000e+00 -4.392795e+03 -5.677988e+03 0.000000e+00 0.000000e+00 0.000000e+00 -4.690445e+02 -4.675632e+02 2.083141e+03 1.153945e+03 0.000000e+00 0.000000e+00 0.000000e+00 0.000000e+00 0.000000e+00 0.000000e+00 0.000000e+00 0.000000e+00 0.000000e+00
8.420000e-01 0.000000e+00 -4.409634e+03 -5.690739e+03 0.000000e+00 0.000000e+00 0.000000e+00 -4.711028e+02 -4.696133e+02 2.087967e+03 1.159485e+03 0.000000e+00 0.000000e+00 0.000000e+00 0.000000e+00 0.000000e+00 0.000000e+00 0.000000e+00 0.000000e+00 0.000000e+00
8.430000e-01 0.000000e+00 -4.426456e+03 -5.703249e+03 0.000000e+00 0.000000e+00 0.000000e+00 -4.731508e+02 -4.716534e+02 2.092798e+03 1.165009e+03 0.000000e+00 0.000000e+00 0.000000e+00 0.000000e+00 0.000000e+00 0.000000e+00 0.000000e+00 0.000000e+00 0.000000e+00
8.440000e-01 0.000000e+00 -4.443258e+03 -5.715516e+03 0.000000e+00 0.000000e+00 0.000000e+00 -4.751883e+02 -4.736831e+02 2.097633e+03 1.170517e+03 0.000000e+00 0.000000e+00 0.000000e+00 0.000000e+00 0.000000e+00 0.000000e+00 0.000000e+00 0.000000e+00 0.000000e+00
8.450000e-01 0.000000e+00 -4.460036e+03 -5.727534e+03 0.000000e+00 0.000000e+00 0.000000e+00 -4.772150e+02 -4.757021e+02 2.102472e+03 1.176008e+03 0.000000e+00 0.000000e+00 0.000000e+00 0.000000e+00 0.000000e+00 0.000000e+00 0.000000e+00 0.000000e+00 0.000000e+00
8.460000e-01 0.000000e+00 -4.476786e+03 -5.739300e+03 0.000000e+00 0.000000e+00 0.000000e+00 -4.792304e+02 -4.777102e+02 2.107313e+03 1.181482e+03 0.000000e+00 0.000000e+00 0.000000e+00 0.000000e+00 0.000000e+00 0.000000e+00 0.000000e+00 0.000000e+00 0.000000e+00
8.470000e-01 0.000000e+00 -4.493506e+03 -5.750811e+03 0.000000e+00 0.000000e+00 0.000000e+00 -4.812345e+02 -4.797070e+02 2.112156e+03 1.186936e+03 0.000000e+00 0.000000e+00 0.000000e+00 0.000000e+00 0.000000e+00 0.000000e+00 0.000000e+00 0.000000e+00 0.000000e+00
8.480000e-01 0.000000e+00 -4.510191e+03 -5.762061e+03 0.000000e+00 0.000000e+00 0.000000e+00 -4.832267e+02 -4.816921e+02 2.117000e+03 1.192371e+03 0.000000e+00 0.000000e+00 0.000000e+00 0.000000e+00 0.000000e+00 0.000000e+00 0.000000e+00 0.000000e+00 0.000000e+00
8.490000e-01 0.000000e+00 -4.526839e+03 -5.773048e+03 0.000000e+00 0.000000e+00 0.000000e+00 -4.852068e+02 -4.836654e+02 2.121843e+03 1.197786e+03 0.000000e+00 0.000000e+00 0.000000e+00 0.000000e+00 0.000000e+00 0.000000e+00 0.000000e+00 0.000000e+00 0.000000e+00
8.500000e-01 0.000000e+00 -4.543445e+03 -5.783768e+03 0.000000e+00 0.000000e+00 0.000000e+00 -4.871744e+02 -4.856263e+02 2.126685e+03 1.203180e+03 0.000000e+00 0.000000e+00 0.000000e+00 0.000000e+00 0.000000e+00 0.000000e+00 0.000000e+00 0.000000e+00 0.000000e+00
8.510000e-01 0.000000e+00 -4.560005e+03 -5.794216e+03 0.000000e+00 0.000000e+00 0.000000e+00 -4.891293e+02 -4.875747e+02 2.131524e+03 1.208551e+03 0.000000e+00 0.000000e+00 0.000000e+00 0.000000e+00 0.000000e+00 0.000000e+00 0.000000e+00 0.000000e+00 0.000000e+00
8.520000e-01 0.000000e+00 -4.576516e+03 -5.804390e+03 0.000000e+00 0.000000e+00 0.000000e+00 -4.910710e+02 -4.895102e+02 2.136361e+03 1.213900e+03 0.000000e+00 0.000000e+00 0.000000e+00 0.000000e+00 0.000000e+00 0.000000e+00 0.000000e+00 0.000000e+00 0.000000e+00
8.530000e-01 0.000000e+00 -4.592974e+03 -5.814285e+03 0.000000e+00 0.000000e+00 0.000000e+00 -4.929992e+02 -4.914324e+02 2.141193e+03 1.219225e+03 0.000000e+00 0.000000e+00 0.000000e+00 0.000000e+00 0.000000e+00 0.000000e+00 0.000000e+00 0.000000e+00 0.000000e+00
8.540000e-01 0.000000e+00 -4.609376e+03 -5.823897e+03 0.000000e+00 0.000000e+00 0.000000e+00 -4.949137e+02 -4.933410e+02 2.146019e+03 1.224524e+03 0.000000e+00 0.000000e+00 0.000000e+00 0.000000e+00 0.000000e+00 0.000000e+00 0.000000e+00 0.000000e+00 0.000000e+00
8.550000e-01 0.000000e+00 -4.625716e+03 -5.833224e+03 0.000000e+00 0.000000e+00 0.000000e+00 -4.968140e+02 -4.952357e+02 2.150839e+03 1.229798e+03 0.000000e+00 0.000000e+00 0.000000e+00 0.000000e+00 0.000000e+00 0.000000e+00 0.000000e+00 0.000000e+00 0.000000e+00
8.560000e-01 0.000000e+00 -4.641991e+03 -5.842262e+03 0.000000e+00 0.000000e+00 0.000000e+00 -4.986998e+02 -4.971161e+02 2.155652e+03 1.235046e+03 0.000000e+00 0.000000e+00 0.000000e+00 0.000000e+00 0.000000e+00 0.000000e+00 0.000000e+00 0.000000e+00 0.000000e+00
8.570000e-01 0.000000e+00 -4.658198e+03 -5.851007e+03 0.000000e+00 0.000000e+00 0.000000e+00 -5.005707e+02 -4.989818e+02 2.160456e+03 1.240265e+03 0.000000e+00 0.000000e+00 0.000000e+00 0.000000e+00 0.000000e+00 0.000000e+00 0.000000e+00 0.000000e+00 0.000000e+00
8.580000e-01 0.000000e+00 -4.674332e+03 -5.859455e+03 0.000000e+00 0.000000e+00 0.000000e+00 -5.024265e+02 -5.008325e+02 2.165250e+03 1.245456e+03 0.000000e+00 0.000000e+00 0.000000e+00 0.000000e+00 0.000000e+00 0.000000e+00 0.000000e+00 0.000000e+00 0.000000e+00
8.590000e-01 0.000000e+00 -4.690389e+03 -5.867604e+03 0.000000e+00 0.000000e+00 0.000000e+00 -5.042666e+02 -5.026679e+02 2.170033e+03 1.250617e+03 0.000000e+00 0.000000e+00 0.000000e+00 0.000000e+00 0.000000e+00 0.000000e+00 0.000000e+00 0.000000e+00 0.000000e+00
8.600000e-01 0.000000e+00 -4.706364e+03 -5.875450e+03 0.000000e+00 0.000000e+00 0.000000e+00 -5.060908e+02 -5.044876e+02 2.174804e+03 1.255747e+03 0.000000e+00 0.000000e+00 0.000000e+00 0.000000e+00 0.000000e+00 0.000000e+00 0.000000e+00 0.000000e+00 0.000000e+00
8.610000e-01 0.000000e+00 -4.722255e+03 -5.882990e+03 0.000000e+00 0.000000e+00 0.000000e+00 -5.078987e+02 -5.062912e+02 2.179561e+03 1.260845e+03 0.000000e+00 0.000000e+00 0.000000e+00 0.000000e+00 0.000000e+00 0.000000e+00 0.000000e+00 0.000000e+00 0.000000e+00
8.620000e-01 0.000000e+00 -4.738056e+03 -5.890220e+03 0.000000e+00 0.000000e+00 0.000000e+00 -5.096899e+02 -5.080783e+02 2.184304e+03 1.265910e+03 0.000000e+00 0.000000e+00 0.000000e+00 0.000000e+00 0.000000e+00 0.000000e+00 0.000000e+00 0.000000e+00 0.000000e+00
8.630000e-01 0.000000e+00 -4.753763e+03 -5.897138e+03 0.000000e+00 0.000000e+00 0.000000e+00 -5.114641e+02 -5.098486e+02 2.189031e+03 1.270941e+03 0.000000e+00 0.000000e+00 0.000000e+00 0.000000e+00 0.000000e+00 0.000000e+00 0.000000e+00 0.000000e+00 0.000000e+00
8.640000e-01 0.000000e+00 -4.769372e+03 -5.903740e+03 0.000000e+00 0.000000e+00 0.000000e+00 -5.132209e+02 -5.116017e+02 2.193741e+03 1.275937e+03 0.000000e+00 0.000000e+00 0.000000e+00 0.000000e+00 0.000000e+00 0.000000e+00 0.000000e+00 0.000000e+00 0.000000e+00
8.650000e-01 0.000000e+00 -4.784879e+03 -5.910024e+03 0.000000e+00 0.000000e+00 0.000000e+00 -5.149598e+02 -5.133373e+02 2.198433e+03 1.280897e+03 0.000000e+00 0.000000e+00 0.000000e+00 0.000000e+00 0.000000e+00 0.000000e+00 0.000000e+00 0.000000e+00 0.000000e+00
8.660000e-01 0.000000e+00 -4.800280e+03 -5.915986e+03 0.000000e+00 0.000000e+00 0.000000e+00 -5.166805e+02 -5.150548e+02 2.203105e+03 1.285819e+03 0.000000e+00 0.000000e+00 0.000000e+00 0.000000e+00 0.000000e+00 0.000000e+00 0.000000e+00 0.000000e+00 0.000000e+00
8.670000e-01 0.000000e+00 -4.815569e+03 -5.921623e+03 0.000000e+00 0.000000e+00 0.000000e+00 -5.183826e+02 -5.167540e+02 2.207757e+03 1.290703e+03 0.000000e+00 0.000000e+00 0.000000e+00 0.000000e+00 0.000000e+00 0.000000e+00 0.000000e+00 0.000000e+00 0.000000e+00
8.680000e-01 0.000000e+00 -4.830743e+03 -5.926933e+03 0.000000e+00 0.000000e+00 0.000000e+00 -5.200658e+02 -5.184345e+02 2.212386e+03 1.295547e+03 0.000000e+00 0.000000e+00 0.000000e+00 0.000000e+00 0.000000e+00 0.000000e+00 0.000000e+00 0.000000e+00 0.000000e+00
8.690000e-01 0.000000e+00 -4.845797e+03 -5.931912e+03 0.000000e+00 0.000000e+00 0.000000e+00 -5.217295e+02 -5.200958e+02 2.216992e+03 1.300350e+03 0.000000e+00 0.000000e+00 0.000000e+00 0.000000e+00 0.000000e+00 0.000000e+00 0.000000e+00 0.000000e+00 0.000000e+00
8.700000e-01 0.000000e+00 -4.860727e+03 -5.936559e+03 0.000000e+00 0.000000e+00 0.000000e+00 -5.233735e+02 -5.217376e+02 2.221572e+03 1.305110e+03 0.000000e+00 0.000000e+00 0.000000e+00 0.000000e+00 0.000000e+00 0.000000e+00 0.000000e+00 0.000000e+00 0.000000e+00
8.710000e-01 0.000000e+00 -4.875528e+03 -5.940870e+03 0.000000e+00 0.000000e+00 0.000000e+00 -5.249974e+02 -5.233594e+02 2.226127e+03 1.309827e+03 0.000000e+00 0.000000e+00 0.000000e+00 0.000000e+00 0.000000e+00 0.000000e+00 0.000000e+00 0.000000e+00 0.000000e+00
8.720000e-01 0.000000e+00 -4.890196e+03 -5.944844e+03 0.000000e+00 0.000000e+00 0.000000e+00 -5.266006e+02 -5.249610e+02 2.230653e+03 1.314500e+03 0.000000e+00 0.000000e+00 0.000000e+00 0.000000e+00 0.000000e+00 0.000000e+00 0.000000e+00 0.000000e+00 0.000000e+00
8.730000e-01 0.000000e+00 -4.904727e+03 -5.948477e+03 0.000000e+00 0.000000e+00 0.000000e+00 -5.281829e+02 -5.265418e+02 2.235151e+03 1.319126e+03 0.000000e+00 0.000000e+00 0.000000e+00 0.000000e+00 0.000000e+00 0.000000e+00 0.000000e+00 0.000000e+00 0.000000e+00
8.740000e-01 0.000000e+00 -4.919115e+03 -5.951768e+03 0.000000e+00 0.000000e+00 0.000000e+00 -5.297437e+02 -5.281014e+02 2.239619e+03 1.323706e+03 0.000000e+00 0.000000e+00 0.000000e+00 0.000000e+00 0.000000e+00 0.000000e+00 0.000000e+00 0.000000e+00 0.000000e+00
8.750000e-01 0.000000e+00 -4.933358e+03 -5.954713e+03 0.000000e+00 0.000000e+00 0.000000e+00 -5.312828e+02 -5.296395e+02 2.244054e+03 1.328236e+03 0.000000e+00 0.000000e+00 0.000000e+00 0.000000e+00 0.000000e+00 0.000000e+00 0.000000e+00 0.000000e+00 0.000000e+00
8.760000e-01 0.000000e+00 -4.947449e+03 -5.957312e+03 0.000000e+00 0.000000e+00 0.000000e+00 -5.327997e+02 -5.311557e+02 2.248456e+03 1.332717e+03 0.000000e+00 0.000000e+00 0.000000e+00 0.000000e+00 0.000000e+00 0.000000e+00 0.000000e+00 0.000000e+00 0.000000e+00
8.770000e-01 0.000000e+00 -4.961385e+03 -5.959562e+03 0.000000e+00 0.000000e+00 0.000000e+00 -5.342941e+02 -5.326496e+02 2.252824e+03 1.337147e+03 0.000000e+00 0.000000e+00 0.000000e+00 0.000000e+00 0.000000e+00 0.000000e+00 0.000000e+00 0.000000e+00 0.000000e+00
8.780000e-01 0.000000e+00 -4.975160e+03 -5.961461e+03 0.000000e+00 0.000000e+00 0.000000e+00 -5.357654e+02 -5.341207e+02 2.257155e+03 1.341525e+03 0.000000e+00 0.000000e+00 0.000000e+00 0.000000e+00 0.000000e+00 0.000000e+00 0.000000e+00 0.000000e+00 0.000000e+00
8.790000e-01 0.000000e+00 -4.988772e+03 -5.963007e+03 0.000000e+00 0.000000e+00 0.000000e+00 -5.372133e+02 -5.355686e+02 2.261449e+03 1.345849e+03 0.000000e+00 0.000000e+00 0.000000e+00 0.000000e+00 0.000000e+00 0.000000e+00 0.000000e+00 0.000000e+00 0.000000e+00
8.800000e-01 0.000000e+00 -5.002215e+03 -5.964198e+03 0.000000e+00 0.000000e+00 0.000000e+00 -5.386373e+02 -5.369929e+02 2.265704e+03 1.350117e+03 0.000000e+00 0.000000e+00 0.000000e+00 0.000000e+00 0.000000e+00 0.000000e+00 0.000000e+00 0.000000e+00 0.000000e+00
8.810000e-01 0.000000e+00 -5.015484e+03 -5.965033e+03 0.000000e+00 0.000000e+00 0.000000e+00 -5.400372e+02 -5.383933e+02 2.269918e+03 1.354329e+03 0.000000e+00 0.000000e+00 0.000000e+00 0.000000e+00 0.000000e+00 0.000000e+00 0.000000e+00 0.000000e+00 0.000000e+00
8.820000e-01 0.000000e+00 -5.028576e+03 -5.965511e+03 0.000000e+00 0.000000e+00 0.000000e+00 -5.414124e+02 -5.397693e+02 2.274090e+03 1.358483e+03 0.000000e+00 0.000000e+00 0.000000e+00 0.000000e+00 0.000000e+00 0.000000e+00 0.000000e+00 0.000000e+00 0.000000e+00
8.830000e-01 0.000000e+00 -5.041486e+03 -5.965629e+03 0.000000e+00 0.000000e+00 0.000000e+00 -5.427625e+02 -5.411204e+02 2.278218e+03 1.362578e+03 0.000000e+00 0.000000e+00 0.000000e+00 0.000000e+00 0.000000e+00 0.000000e+00 0.000000e+00 0.000000e+00 0.000000e+00
8.840000e-01 0.000000e+00 -5.054209e+03 -5.965387e+03 0.000000e+00 0.000000e+00 0.000000e+00 -5.440871e+02 -5.424464e+02 2.282302e+03 1.366613e+03 0.000000e+00 0.000000e+00 0.000000e+00 0.000000e+00 0.000000e+00 0.000000e+00 0.000000e+00 0.000000e+00 0.000000e+00
8.850000e-01 0.000000e+00 -5.066741e+03 -5.964783e+03 0.000000e+00 0.000000e+00 0.000000e+00 -5.453859e+02 -5.437467e+02 2.286339e+03 1.370585e+03 0.000000e+00 0.000000e+00 0.000000e+00 0.000000e+00 0.000000e+00 0.000000e+00 0.000000e+00 0.000000e+00 0.000000e+00
8.860000e-01 0.000000e+00 -5.079078e+03 -5.963816e+03 0.000000e+00 0.000000e+00 0.000000e+00 -5.466584e+02 -5.450210e+02 2.290328e+03 1.374494e+03 0.000000e+00 0.000000e+00 0.000000e+00 0.000000e+00 0.000000e+00 0.000000e+00 0.000000e+00 0.000000e+00 0.000000e+00
8.870000e-01 0.000000e+00 -5.091216e+03 -5.962485e+03 0.000000e+00 0.000000e+00 0.000000e+00 -5.479042e+02 -5.462688e+02 2.294267e+03 1.378338e+03 0.000000e+00 0.000000e+00 0.000000e+00 0.000000e+00 0.000000e+00 0.000000e+00 0.000000e+00 0.000000e+00 0.000000e+00
8.880000e-01 0.000000e+00 -5.103149e+03 -5.960790e+03 0.000000e+00 0.000000e+00 0.000000e+00 -5.491229e+02 -5.474898e+02 2.298155e+03 1.382116e+03 0.000000e+00 0.000000e+00 0.000000e+00 0.000000e+00 0.000000e+00 0.000000e+00 0.000000e+00 0.000000e+00 0.000000e+00
8.890000e-01 0.000000e+00 -5.114875e+03 -5.958729e+03 0.000000e+00 0.000000e+00 0.000000e+00 -5.503142e+02 -5.486836e+02 2.301991e+03 1.385827e+03 0.000000e+00 0.000000e+00 0.000000e+00 0.000000e+00 0.000000e+00 0.000000e+00 0.000000e+00 0.000000e+00 0.000000e+00
8.900000e-01 0.000000e+00 -5.126389e+03 -5.956302e+03 0.000000e+00 0.000000e+00 0.000000e+00 -5.514775e+02 -5.498497e+02 2.305773e+03 1.389469e+03 0.000000e+00 0.000000e+00 0.000000e+00 0.000000e+00 0.000000e+00 0.000000e+00 0.000000e+00 0.000000e+00 0.000000e+00
8.910000e-01 0.000000e+00 -5.137687e+03 -5.953509e+03 0.000000e+00 0.000000e+00 0.000000e+00 -5.526126e+02 -5.509879e+02 2.309500e+03 1.393040e+03 0.000000e+00 0.000000e+00 0.000000e+00 0.000000e+00 0.000000e+00 0.000000e+00 0.000000e+00 0.000000e+00 0.000000e+00
8.920000e-01 0.000000e+00 -5.148764e+03 -5.950349e+03 0.000000e+00 0.000000e+00 0.000000e+00 -5.537191e+02 -5.520976e+02 2.313169e+03 1.396539e+03 0.000000e+00 0.000000e+00 0.000000e+00 0.000000e+00 0.000000e+00 0.000000e+00 0.000000e+00 0.000000e+00 0.000000e+00
8.930000e-01 0.000000e+00 -5.159617e+03 -5.946822e+03 0.000000e+00 0.000000e+00 0.000000e+00 -5.547965e+02 -5.531785e+02 2.316780e+03 1.399966e+03 0.000000e+00 0.000000e+00 0.000000e+00 0.000000e+00 0.000000e+00 0.000000e+00 0.000000e+00 0.000000e+00 0.000000e+00
8.940000e-01 0.000000e+00 -5.170242e+03 -5.942928e+03 0.000000e+00 0.000000e+00 0.000000e+00 -5.558445e+02 -5.542303e+02 2.320331e+03 1.403317e+03 0.000000e+00 0.000000e+00 0.000000e+00 0.000000e+00 0.000000e+00 0.000000e+00 0.000000e+00 0.000000e+00 0.000000e+00
8.950000e-01 0.000000e+00 -5.180634e+03 -5.938667e+03 0.000000e+00 0.000000e+00 0.000000e+00 -5.568627e+02 -5.552525e+02 2.323821e+03 1.406593e+03 0.000000e+00 0.000000e+00 0.000000e+00 0.000000e+00 0.000000e+00 0.000000e+00 0.000000e+00 0.000000e+00 0.000000e+00
8.960000e-01 0.000000e+00 -5.190791e+03 -5.934039e+03 0.000000e+00 0.000000e+00 0.000000e+00 -5.578507e+02 -5.562448e+02 2.327248e+03 1.409792e+03 0.000000e+00 0.000000e+00 0.000000e+00 0.000000e+00 0.000000e+00 0.000000e+00 0.000000e+00 0.000000e+00 0.000000e+00
8.970000e-01 0.000000e+00 -5.200708e+03 -5.929044e+03 0.000000e+00 0.000000e+00 0.000000e+00 -5.588083e+02 -5.572068e+02 2.330611e+03 1.412912e+03 0.000000e+00 0.000000e+00 0.000000e+00 0.000000e+00 0.000000e+00 0.000000e+00 0.000000e+00 0.000000e+00 0.000000e+00
8.980000e-01 0.000000e+00 -5.210382e+03 -5.923683e+03 0.000000e+00 0.000000e+00 0.000000e+00 -5.597349e+02 -5.581382e+02 2.333907e+03 1.415952e+03 0.000000e+00 0.000000e+00 0.000000e+00 0.000000e+00 0.000000e+00 0.000000e+00 0.000000e+00 0.000000e+00 0.000000e+00
8.990000e-01 0.000000e+00 -5.219809e+03 -5.917957e+03 0.000000e+00 0.000000e+00 0.000000e+00 -5.606304e+02 -5.590386e+02 2.337137e+03 1.418911e+03 0.000000e+00 0.000000e+00 0.000000e+00 0.000000e+00 0.000000e+00 0.000000e+00 0.000000e+00 0.000000e+00 0.000000e+00
9.000000e-01 0.000000e+00 -5.228985e+03 -5.911865e+03 0.000000e+00 0.000000e+00 0.000000e+00 -5.614942e+02 -5.599077e+02 2.340298e+03 1.421787e+03 0.000000e+00 0.000000e+00 0.000000e+00 0.000000e+00 0.000000e+00 0.000000e+00 0.000000e+00 0.000000e+00 0.000000e+00
9.010000e-01 0.000000e+00 -5.237907e+03 -5.905410e+03 0.000000e+00 0.000000e+00 0.000000e+00 -5.623262e+02 -5.607451e+02 2.343390e+03 1.424580e+03 0.000000e+00 0.000000e+00 0.000000e+00 0.000000e+00 0.000000e+00 0.000000e+00 0.000000e+00 0.000000e+00 0.000000e+00
9.020000e-01 0.000000e+00 -5.246572e+03 -5.898592e+03 0.000000e+00 0.000000e+00 0.000000e+00 -5.631260e+02 -5.615506e+02 2.346410e+03 1.427287e+03 0.000000e+00 0.000000e+00 0.000000e+00 0.000000e+00 0.000000e+00 0.000000e+00 0.000000e+00 0.000000e+00 0.000000e+00
9.030000e-01 0.000000e+00 -5.254977e+03 -5.891412e+03 0.000000e+00 0.000000e+00 0.000000e+00 -5.638933e+02 -5.623237e+02 2.349357e+03 1.429908e+03 0.000000e+00 0.000000e+00 0.000000e+00 0.000000e+00 0.000000e+00 0.000000e+00 0.000000e+00 0.000000e+00 0.000000e+00
9.040000e-01 0.000000e+00 -5.263119e+03 -5.883871e+03 0.000000e+00 0.000000e+00 0.000000e+00 -5.646277e+02 -5.630643e+02 2.352231e+03 1.432440e+03 0.000000e+00 0.000000e+00 0.000000e+00 0.000000e+00 0.000000e+00 0.000000e+00 0.000000e+00 0.000000e+00 0.000000e+00
9.050000e-01 0.000000e+00 -5.270994e+03 -5.875972e+03 0.000000e+00 0.000000e+00 0.000000e+00 -5.653290e+02 -5.637719e+02 2.355029e+03 1.434885e+03 0.000000e+00 0.000000e+00 0.000000e+00 0.000000e+00 0.000000e+00 0.000000e+00 0.000000e+00 0.000000e+00 0.000000e+00
9.060000e-01 0.000000e+00 -5.278599e+03 -5.867715e+03 0.000000e+00 0.000000e+00 0.000000e+00 -5.659969e+02 -5.644463e+02 2.357751e+03 1.437238e+03 0.000000e+00 0.000000e+00 0.000000e+00 0.000000e+00 0.000000e+00 0.000000e+00 0.000000e+00 0.000000e+00 0.000000e+00
9.070000e-01 0.000000e+00 -5.285932e+03 -5.859102e+03 0.000000e+00 0.000000e+00 0.000000e+00 -5.666312e+02 -5.650873e+02 2.360395e+03 1.439501e+03 0.000000e+00 0.000000e+00 0.000000e+00 0.000000e+00 0.000000e+00 0.000000e+00 0.000000e+00 0.000000e+00 0.000000e+00
9.080000e-01 0.000000e+00 -5.292991e+03 -5.850136e+03 0.000000e+00 0.000000e+00 0.000000e+00 -5.672315e+02 -5.656946e+02 2.362960e+03 1.441671e+03 0.000000e+00 0.000000e+00 0.000000e+00 0.000000e+00 0.000000e+00 0.000000e+00 0.000000e+00 0.000000e+00 0.000000e+00
9.090000e-01 0.000000e+00 -5.299772e+03 -5.840818e+03 0.000000e+00 0.000000e+00 0.000000e+00 -5.677977e+02 -5.662680e+02 2.365445e+03 1.443748e+03 0.000000e+00 0.000000e+00 0.000000e+00 0.000000e+00 0.000000e+00 0.000000e+00 0.000000e+00 0.000000e+00 0.000000e+00
9.100000e-01 0.000000e+00 -5.306273e+03 -5.831151e+03 0.000000e+00 0.000000e+00 0.000000e+00 -5.683295e+02 -5.668071e+02 2.367848e+03 1.445730e+03 0.000000e+00 0.000000e+00 0.000000e+00 0.000000e+00 0.000000e+00 0.000000e+00 0.000000e+00 0.000000e+00 0.000000e+00
9.110000e-01 0.000000e+00 -5.312493e+03 -5.821136e+03 0.000000e+00 0.000000e+00 0.000000e+00 -5.688266e+02 -5.673118e+02 2.370169e+03 1.447617e+03 0.000000e+00 0.000000e+00 0.000000e+00 0.000000e+00 0.000000e+00 0.000000e+00 0.000000e+00 0.000000e+00 0.000000e+00
9.120000e-01 0.000000e+00 -5.318428e+03 -5.810778e+03 0.000000e+00 0.000000e+00 0.000000e+00 -5.692889e+02 -5.677819e+02 2.372407e+03 1.449407e+03 0.000000e+00 0.000000e+00 0.000000e+00 0.000000e+00 0.000000e+00 0.000000e+00 0.000000e+00 0.000000e+00 0.000000e+00
9.130000e-01 0.000000e+00 -5.324076e+03 -5.800077e+03 0.000000e+00 0.000000e+00 0.000000e+00 -5.697163e+02 -5.682172e+02 2.374560e+03 1.451099e+03 0.000000e+00 0.000000e+00 0.000000e+00 0.000000e+00 0.000000e+00 0.000000e+00 0.000000e+00 0.000000e+00 0.000000e+00
9.140000e-01 0.000000e+00 -5.329437e+03 -5.789037e+03 0.000000e+00 0.000000e+00 0.000000e+00 -5.701084e+02 -5.686174e+02 2.376627e+03 1.452693e+03 0.000000e+00 0.000000e+00 0.000000e+00 0.000000e+00 0.000000e+00 0.000000e+00 0.000000e+00 0.000000e+00 0.000000e+00
9.150000e-01 0.000000e+00 -5.334508e+03 -5.777661e+03 0.000000e+00 0.000000e+00 0.000000e+00 -5.704651e+02 -5.689825e+02 2.378608e+03 1.454187e+03 0.000000e+00 0.000000e+00 0.000000e+00 0.000000e+00 0.000000e+00 0.000000e+00 0.000000e+00 0.000000e+00 0.000000e+00
9.160000e-01 0.000000e+00 -5.339287e+03 -5.765952e+03 0.000000e+00 0.000000e+00 0.000000e+00 -5.707864e+02 -5.693122e+02 2.380501e+03 1.455581e+03 0.000000e+00 0.000000e+00 0.000000e+00 0.000000e+00 0.000000e+00 0.000000e+00 0.000000e+00 0.000000e+00 0.000000e+00
9.170000e-01 0.000000e+00 -5.343773e+03 -5.753914e+03 0.000000e+00 0.000000e+00 0.000000e+00 -5.710721e+02 -5.696065e+02 2.382306e+03 1.456874e+03 0.000000e+00 0.000000e+00 0.000000e+00 0.000000e+00 0.000000e+00 0.000000e+00 0.000000e+00 0.000000e+00 0.000000e+00
9.180000e-01 0.000000e+00 -5.347965e+03 -5.741549e+03 0.000000e+00 0.000000e+00 0.000000e+00 -5.713220e+02 -5.698653e+02 2.384021e+03 1.458065e+03 0.000000e+00 0.000000e+00 0.000000e+00 0.000000e+00 0.000000e+00 0.000000e+00 0.000000e+00 0.000000e+00 0.000000e+00
9.190000e-01 0.000000e+00 -5.351861e+03 -5.728862e+03 0.000000e+00 0.000000e+00 0.000000e+00 -5.715361e+02 -5.700884e+02 2.385646e+03 1.459154e+03 0.000000e+00 0.000000e+00 0.000000e+00 0.000000e+00 0.000000e+00 0.000000e+00 0.000000e+00 0.000000e+00 0.000000e+00
9.200000e-01 0.000000e+00 -5.355461e+03 -5.715856e+03 0.000000e+00 0.000000e+00 0.000000e+00 -5.717143e+02 -5.702757e+02 2.387181e+03 1.460139e+03 0.000000e+00 0.000000e+00 0.000000e+00 0.000000e+00 0.000000e+00 0.000000e+00 0.000000e+00 0.000000e+00 0.000000e+00
9.210000e-01 0.000000e+00 -5.358764e+03 -5.702534e+03 0.000000e+00 0.000000e+00 0.000000e+00 -5.718565e+02 -5.704272e+02 2.388623e+03 1.461021e+03 0.000000e+00 0.000000e+00 0.000000e+00 0.000000e+00 0.000000e+00 0.000000e+00 0.000000e+00 0.000000e+00 0.000000e+00
9.220000e-01 0.000000e+00 -5.361769e+03 -5.688902e+03 0.000000e+00 0.000000e+00 0.000000e+00 -5.719628e+02 -5.705429e+02 2.389974e+03 1.461799e+03 0.000000e+00 0.000000e+00 0.000000e+00 0.000000e+00 0.000000e+00 0.000000e+00 0.000000e+00 0.000000e+00 0.000000e+00
9.230000e-01 0.000000e+00 -5.364476e+03 -5.674963e+03 0.000000e+00 0.000000e+00 0.000000e+00 -5.720331e+02 -5.706228e+02 2.391231e+03 1.462471e+03 0.000000e+00 0.000000e+00 0.000000e+00 0.000000e+00 0.000000e+00 0.000000e+00 0.000000e+00 0.000000e+00 0.000000e+00
9.240000e-01 0.000000e+00 -5.366884e+03 -5.660722e+03 0.000000e+00 0.000000e+00 0.000000e+00 -5.720673e+02 -5.706668e+02 2.392395e+03 1.463039e+03 0.000000e+00 0.000000e+00 0.000000e+00 0.000000e+00 0.000000e+00 0.000000e+00 0.000000e+00 0.000000e+00 0.000000e+00
9.250000e-01 0.000000e+00 -5.368993e+03 -5.646183e+03 0.000000e+00 0.000000e+00 0.000000e+00 -5.720656e+02 -5.706749e+02 2.393465e+03 1.463501e+03 0.000000e+00 0.000000e+00 0.000000e+00 0.000000e+00 0.000000e+00 0.000000e+00 0.000000e+00 0.000000e+00 0.000000e+00
9.260000e-01 0.000000e+00 -5.370804e+03 -5.631351e+03 0.000000e+00 0.000000e+00 0.000000e+00 -5.720280e+02 -5.706472e+02 2.394440e+03 1.463857e+03 0.000000e+00 0.000000e+00 0.000000e+00 0.000000e+00 0.000000e+00 0.000000e+00 0.000000e+00 0.000000e+00 0.000000e+00
9.270000e-01 0.000000e+00 -5.372315e+03 -5.616230e+03 0.000000e+00 0.000000e+00 0.000000e+00 -5.719545e+02 -5.705838e+02 2.395321e+03 1.464106e+03 0.000000e+00 0.000000e+00 0.000000e+00 0.000000e+00 0.000000e+00 0.000000e+00 0.000000e+00 0.000000e+00 0.000000e+00
9.280000e-01 0.000000e+00 -5.373529e+03 -5.600826e+03 0.000000e+00 0.000000e+00 0.000000e+00 -5.718452e+02 -5.704847e+02 2.396106e+03 1.464250e+03 0.000000e+00 0.000000e+00 0.000000e+00 0.000000e+00 0.000000e+00 0.000000e+00 0.000000e+00 0.000000e+00 0.000000e+00
9.290000e-01 0.000000e+00 -5.374445e+03 -5.585143e+03 0.000000e+00 0.000000e+00 0.000000e+00 -5.717002e+02 -5.703500e+02 2.396795e+03 1.464287e+03 0.000000e+00 0.000000e+00 0.000000e+00 0.000000e+00 0.000000e+00 0.000000e+00 0.000000e+00 0.000000e+00 0.000000e+00
9.300000e-01 0.000000e+00 -5.375063e+03 -5.569187e+03 0.000000e+00 0.000000e+00 0.000000e+00 -5.715196e+02 -5.701798e+02 2.397388e+03 1.464217e+03 0.000000e+00 0.000000e+00 0.000000e+00 0.000000e+00 0.000000e+00 0.000000e+00 0.000000e+00 0.000000e+00 0.000000e+00
9.310000e-01 0.000000e+00 -5.375386e+03 -5.552963e+03 0.000000e+00 0.000000e+00 0.000000e+00 -5.713037e+02 -5.699744e+02 2.397886e+03 1.464041e+03 0.000000e+00 0.000000e+00 0.000000e+00 0.000000e+00 0.000000e+00 0.000000e+00 0.000000e+00 0.000000e+00 0.000000e+00
9.320000e-01 0.000000e+00 -5.375413e+03 -5.536477e+03 0.000000e+00 0.000000e+00 0.000000e+00 -5.710525e+02 -5.697338e+02 2.398287e+03 1.463759e+03 0.000000e+00 0.000000e+00 0.000000e+00 0.000000e+00 0.000000e+00 0.000000e+00 0.000000e+00 0.000000e+00 0.000000e+00
9.330000e-01 0.000000e+00 -5.375147e+03 -5.519734e+03 0.000000e+00 0.000000e+00 0.000000e+00 -5.707663e+02 -5.694583e+02 2.398591e+03 1.463370e+03 0.000000e+00 0.000000e+00 0.000000e+00 0.000000e+00 0.000000e+00 0.000000e+00 0.000000e+00 0.000000e+00 0.000000e+00
9.340000e-01 0.000000e+00 -5.374588e+03 -5.502740e+03 0.000000e+00 0.000000e+00 0.000000e+00 -5.704453e+02 -5.691480e+02 2.398800e+03 1.462875e+03 0.000000e+00 0.000000e+00 0.000000e+00 0.000000e+00 0.000000e+00 0.000000e+00 0.000000e+00 0.000000e+00 0.000000e+00
9.350000e-01 0.000000e+00 -5.373739e+03 -5.485501e+03 0.000000e+00 0.000000e+00 0.000000e+00 -5.700897e+02 -5.688032e+02 2.398912e+03 1.462275e+03 0.000000e+00 0.000000e+00 0.000000e+00 0.000000e+00 0.000000e+00 0.000000e+00 0.000000e+00 0.000000e+00 0.000000e+00
9.360000e-01 0.000000e+00 -5.372600e+03 -5.468022e+03 0.000000e+00 0.000000e+00 0.000000e+00 -5.696998e+02 -5.684242e+02 2.398928e+03 1.461568e+03 0.000000e+00 0.000000e+00 0.000000e+00 0.000000e+00 0.000000e+00 0.000000e+00 0.000000e+00 0.000000e+00 0.000000e+00
9.370000e-01 0.000000e+00 -5.371174e+03 -5.450311e+03 0.000000e+00 0.000000e+00 0.000000e+00 -5.692759e+02 -5.680112e+02 2.398847e+03 1.460757e+03 0.000000e+00 0.000000e+00 0.000000e+00 0.000000e+00 0.000000e+00 0.000000e+00 0.000000e+00 0.000000e+00 0.000000e+00
9.380000e-01 0.000000e+00 -5.369463e+03 -5.432373e+03 0.000000e+00 0.000000e+00 0.000000e+00 -5.688183e+02 -5.675645e+02 2.398671e+03 1.459841e+03 0.000000e+00 0.000000e+00 0.000000e+00 0.000000e+00 0.000000e+00 0.000000e+00 0.000000e+00 0.000000e+00 0.000000e+00
9.390000e-01 0.000000e+00 -5.367470e+03 -5.414215e+03 0.000000e+00 0.000000e+00 0.000000e+00 -5.683272e+02 -5.670845e+02 2.398399e+03 1.458822e+03 0.000000e+00 0.000000e+00 0.000000e+00 0.000000e+00 0.000000e+00 0.000000e+00 0.000000e+00 0.000000e+00 0.000000e+00
9.400000e-01 0.000000e+00 -5.365196e+03 -5.395842e+03 0.000000e+00 0.000000e+00 0.000000e+00 -5.678032e+02 -5.665715e+02 2.398032e+03 1.457699e+03 0.000000e+00 0.000000e+00 0.000000e+00 0.000000e+00 0.000000e+00 0.000000e+00 0.000000e+00 0.000000e+00 0.000000e+00
9.410000e-01 0.000000e+00 -5.362645e+03 -5.377263e+03 0.000000e+00 0.000000e+00 0.000000e+00 -5.672465e+02 -5.660259e+02 2.397570e+03 1.456473e+03 0.000000e+00 0.000000e+00 0.000000e+00 0.000000e+00 0.000000e+00 0.000000e+00 0.000000e+00 0.000000e+00 0.000000e+00
9.420000e-01 0.000000e+00 -5.359820e+03 -5.358483e+03 0.000000e+00 0.000000e+00 0.000000e+00 -5.666576e+02 -5.654481e+02 2.397013e+03 1.455146e+03 0.000000e+00 0.000000e+00 0.000000e+00 0.000000e+00 0.000000e+00 0.000000e+00 0.000000e+00 0.000000e+00 0.000000e+00
9.430000e-01 0.000000e+00 -5.356722e+03 -5.339510e+03 0.000000e+00 0.000000e+00 0.000000e+00 -5.660368e+02 -5.648385e+02 2.396362e+03 1.453717e+03 0.000000e+00 0.000000e+00 0.000000e+00 0.000000e+00 0.000000e+00 0.000000e+00 0.000000e+00 0.000000e+00 0.000000e+00
9.440000e-01 0.000000e+00 -5.353356e+03 -5.320350e+03 0.000000e+00 0.000000e+00 0.000000e+00 -5.653847e+02 -5.641975e+02 2.395618e+03 1.452189e+03 0.000000e+00 0.000000e+00 0.000000e+00 0.000000e+00 0.000000e+00 0.000000e+00 0.000000e+00 0.000000e+00 0.000000e+00
9.450000e-01 0.000000e+00 -5.349725e+03 -5.301010e+03 0.000000e+00 0.000000e+00 0.000000e+00 -5.647017e+02 -5.635257e+02 2.394782e+03 1.450562e+03 0.000000e+00 0.000000e+00 0.000000e+00 0.000000e+00 0.000000e+00 0.000000e+00 0.000000e+00 0.000000e+00 0.000000e+00
9.460000e-01 0.000000e+00 -5.345833e+03 -5.281497e+03 0.000000e+00 0.000000e+00 0.000000e+00 -5.639883e+02 -5.628234e+02 2.393853e+03 1.448836e+03 0.000000e+00 0.000000e+00 0.000000e+00 0.000000e+00 0.000000e+00 0.000000e+00 0.000000e+00 0.000000e+00 0.000000e+00
9.470000e-01 0.000000e+00 -5.341682e+03 -5.261820e+03 0.000000e+00 0.000000e+00 0.000000e+00 -5.632450e+02 -5.620913e+02 2.392833e+03 1.447014e+03 0.000000e+00 0.000000e+00 0.000000e+00 0.000000e+00 0.000000e+00 0.000000e+00 0.000000e+00 0.000000e+00 0.000000e+00
9.480000e-01 0.000000e+00 -5.337277e+03 -5.241984e+03 0.000000e+00 0.000000e+00 0.000000e+00 -5.624724e+02 -5.613298e+02 2.391722e+03 1.445096e+03 0.000000e+00 0.000000e+00 0.000000e+00 0.000000e+00 0.000000e+00 0.000000e+00 0.000000e+00 0.000000e+00 0.000000e+00
9.490000e-01 0.000000e+00 -5.332623e+03 -5.221998e+03 0.000000e+00 0.000000e+00 0.000000e+00 -5.616710e+02 -5.605395e+02 2.390522e+03 1.443085e+03 0.000000e+00 0.000000e+00 0.000000e+00 0.000000e+00 0.000000e+00 0.000000e+00 0.000000e+00 0.000000e+00 0.000000e+00
9.500000e-01 0.000000e+00 -5.327722e+03 -5.201869e+03 0.000000e+00 0.000000e+00 0.000000e+00 -5.608414e+02 -5.597209e+02 2.389233e+03 1.440980e+03 0.000000e+00 0.000000e+00 0.000000e+00 0.000000e+00 0.000000e+00 0.000000e+00 0.000000e+00 0.000000e+00 0.000000e+00
9.510000e-01 0.000000e+00 -5.322579e+03 -5.181604e+03 0.000000e+00 0.000000e+00 0.000000e+00 -5.599841e+02 -5.588747e+02 2.387856e+03 1.438784e+03 0.000000e+00 0.000000e+00 0.000000e+00 0.000000e+00 0.000000e+00 0.000000e+00 0.000000e+00 0.000000e+00 0.000000e+00
9.520000e-01 0.000000e+00 -5.317199e+03 -5.161211e+03 0.000000e+00 0.000000e+00 0.000000e+00 -5.590999e+02 -5.580015e+02 2.386393e+03 1.436498e+03 0.000000e+00 0.000000e+00 0.000000e+00 0.000000e+00 0.000000e+00 0.000000e+00 0.000000e+00 0.000000e+00 0.000000e+00
9.530000e-01 0.000000e+00 -5.311587e+03 -5.140698e+03 0.000000e+00 0.000000e+00 0.000000e+00 -5.581894e+02 -5.571020e+02 2.384844e+03 1.434123e+03 0.000000e+00 0.000000e+00 0.000000e+00 0.000000e+00 0.000000e+00 0.000000e+00 0.000000e+00 0.000000e+00 0.000000e+00
9.540000e-01 0.000000e+00 -5.305746e+03 -5.120073e+03 0.000000e+00 0.000000e+00 0.000000e+00 -5.572532e+02 -5.561767e+02 2.383211e+03 1.431662e+03 0.000000e+00 0.000000e+00 0.000000e+00 0.000000e+00 0.000000e+00 0.000000e+00 0.000000e+00 0.000000e+00 0.000000e+00
9.550000e-01 0.000000e+00 -5.299683e+03 -5.099343e+03 0.000000e+00 0.000000e+00 0.000000e+00 -5.562921e+02 -5.552264e+02 2.381494e+03 1.429116e+03 0.000000e+00 0.000000e+00 0.000000e+00 0.000000e+00 0.000000e+00 0.000000e+00 0.000000e+00 0.000000e+00 0.000000e+00
9.560000e-01 0.000000e+00 -5.293401e+03 -5.078517e+03 0.000000e+00 0.000000e+00 0.000000e+00 -5.553066e+02 -5.542517e+02 2.379696e+03 1.426487e+03 0.000000e+00 0.000000e+00 0.000000e+00 0.000000e+00 0.000000e+00 0.000000e+00 0.000000e+00 0.000000e+00 0.000000e+00
9.570000e-01 0.000000e+00 -5.286906e+03 -5.057602e+03 0.000000e+00 0.000000e+00 0.000000e+00 -5.542976e+02 -5.532534e+02 2.377817e+03 1.423777e+03 0.000000e+00 0.000000e+00 0.000000e+00 0.000000e+00 0.000000e+00 0.000000e+00 0.000000e+00 0.000000e+00 0.000000e+00
9.580000e-01 0.000000e+00 -5.280204e+03 -5.036606e+03 0.000000e+00 0.000000e+00 0.000000e+00 -5.532658e+02 -5.522322e+02 2.375858e+03 1.420987e+03 0.000000e+00 0.000000e+00 0.000000e+00 0.000000e+00 0.000000e+00 0.000000e+00 0.000000e+00 0.000000e+00 0.000000e+00
9.590000e-01 0.000000e+00 -5.273299e+03 -5.015537e+03 0.000000e+00 0.000000e+00 0.000000e+00 -5.522120e+02 -5.511889e+02 2.373822e+03 1.418119e+03 0.000000e+00 0.000000e+00 0.000000e+00 0.000000e+00 0.000000e+00 0.000000e+00 0.000000e+00 0.000000e+00 0.000000e+00
9.600000e-01 0.000000e+00 -5.266197e+03 -4.994403e+03 0.000000e+00 0.000000e+00 0.000000e+00 -5.511368e+02 -5.501242e+02 2.371709e+03 1.415176e+03 0.000000e+00 0.000000e+00 0.000000e+00 0.000000e+00 0.000000e+00 0.000000e+00 0.000000e+00 0.000000e+00 0.000000e+00
9.610000e-01 0.000000e+00 -5.258904e+03 -4.973214e+03 0.000000e+00 0.000000e+00 0.000000e+00 -5.500412e+02 -5.490390e+02 2.369521e+03 1.412160e+03 0.000000e+00 0.000000e+00 0.000000e+00 0.000000e+00 0.000000e+00 0.000000e+00 0.000000e+00 0.000000e+00 0.000000e+00
9.620000e-01 0.000000e+00 -5.251425e+03 -4.951975e+03 0.000000e+00 0.000000e+00 0.000000e+00 -5.489259e+02 -5.479339e+02 2.367260e+03 1.409073e+03 0.000000e+00 0.000000e+00 0.000000e+00 0.000000e+00 0.000000e+00 0.000000e+00 0.000000e+00 0.000000e+00 0.000000e+00
9.630000e-01 0.000000e+00 -5.243767e+03 -4.930697e+03 0.000000e+00 0.000000e+00 0.000000e+00 -5.477917e+02 -5.468099e+02 2.364927e+03 1.405917e+03 0.000000e+00 0.000000e+00 0.000000e+00 0.000000e+00 0.000000e+00 0.000000e+00 0.000000e+00 0.000000e+00 0.000000e+00
9.640000e-01 0.000000e+00 -5.235934e+03 -4.909386e+03 0.000000e+00 0.000000e+00 0.000000e+00 -5.466395e+02 -5.456677e+02 2.362524e+03 1.402694e+03 0.000000e+00 0.000000e+00 0.000000e+00 0.000000e+00 0.000000e+00 0.000000e+00 0.000000e+00 0.000000e+00 0.000000e+00
9.650000e-01 0.000000e+00 -5.227934e+03 -4.888052e+03 0.000000e+00 0.000000e+00 0.000000e+00 -5.454702e+02 -5.445083e+02 2.360052e+03 1.399406e+03 0.000000e+00 0.000000e+00 0.000000e+00 0.000000e+00 0.000000e+00 0.000000e+00 0.000000e+00 0.000000e+00 0.000000e+00
9.660000e-01 0.000000e+00 -5.219772e+03 -4.866702e+03 0.000000e+00 0.000000e+00 0.000000e+00 -5.442845e+02 -5.433324e+02 2.357514e+03 1.396056e+03 0.000000e+00 0.000000e+00 0.000000e+00 0.000000e+00 0.000000e+00 0.000000e+00 0.000000e+00 0.000000e+00 0.000000e+00
9.670000e-01 0.000000e+00 -5.211454e+03 -4.845344e+03 0.000000e+00 0.000000e+00 0.000000e+00 -5.430834e+02 -5.421410e+02 2.354911e+03 1.392647e+03 0.000000e+00 0.000000e+00 0.000000e+00 0.000000e+00 0.000000e+00 0.000000e+00 0.000000e+00 0.000000e+00 0.000000e+00
9.680000e-01 0.000000e+00 -5.202986e+03 -4.823988e+03 0.000000e+00 0.000000e+00 0.000000e+00 -5.418677e+02 -5.409349e+02 2.352244e+03 1.389180e+03 0.000000e+00 0.000000e+00 0.000000e+00 0.000000e+00 0.000000e+00 0.000000e+00 0.000000e+00 0.000000e+00 0.000000e+00
9.690000e-01 0.000000e+00 -5.194376e+03 -4.802640e+03 0.000000e+00 0.000000e+00 0.000000e+00 -5.406384e+02 -5.397150e+02 2.349516e+03 1.385659e+03 0.000000e+00 0.000000e+00 0.000000e+00 0.000000e+00 0.000000e+00 0.000000e+00 0.000000e+00 0.000000e+00 0.000000e+00
9.700000e-01 0.000000e+00 -5.185628e+03 -4.781310e+03 0.000000e+00 0.000000e+00 0.000000e+00 -5.393964e+02 -5.384822e+02 2.346729e+03 1.382085e+03 0.000000e+00 0.000000e+00 0.000000e+00 0.000000e+00 0.000000e+00 0.000000e+00 0.000000e+00 0.000000e+00 0.000000e+00
9.710000e-01 0.000000e+00 -5.176750e+03 -4.760005e+03 0.000000e+00 0.000000e+00 0.000000e+00 -5.381425e+02 -5.372375e+02 2.343884e+03 1.378462e+03 0.000000e+00 0.000000e+00 0.000000e+00 0.000000e+00 0.000000e+00 0.000000e+00 0.000000e+00 0.000000e+00 0.000000e+00
9.720000e-01 0.000000e+00 -5.167749e+03 -4.738734e+03 0.000000e+00 0.000000e+00 0.000000e+00 -5.368778e+02 -5.359817e+02 2.340983e+03 1.374791e+03 0.000000e+00 0.000000e+00 0.000000e+00 0.000000e+00 0.000000e+00 0.000000e+00 0.000000e+00 0.000000e+00 0.000000e+00
9.730000e-01 0.000000e+00 -5.158630e+03 -4.717505e+03 0.000000e+00 0.000000e+00 0.000000e+00 -5.356031e+02 -5.347158e+02 2.338028e+03 1.371077e+03 0.000000e+00 0.000000e+00 0.000000e+00 0.000000e+00 0.000000e+00 0.000000e+00 0.000000e+00 0.000000e+00 0.000000e+00
9.740000e-01 0.000000e+00 -5.149400e+03 -4.696326e+03 0.000000e+00 0.000000e+00 0.000000e+00 -5.343194e+02 -5.334407e+02 2.335022e+03 1.367320e+03 0.000000e+00 0.000000e+00 0.000000e+00 0.000000e+00 0.000000e+00 0.000000e+00 0.000000e+00 0.000000e+00 0.000000e+00
9.750000e-01 0.000000e+00 -5.140065e+03 -4.675206e+03 0.000000e+00 0.000000e+00 0.000000e+00 -5.330276e+02 -5.321574e+02 2.331965e+03 1.363524e+03 0.000000e+00 0.000000e+00 0.000000e+00 0.000000e+00 0.000000e+00 0.000000e+00 0.000000e+00 0.000000e+00 0.000000e+00
9.760000e-01 0.000000e+00 -5.130633e+03 -4.654151e+03 0.000000e+00 0.000000e+00 0.000000e+00 -5.317287e+02 -5.308668e+02 2.328861e+03 1.359691e+03 0.000000e+00 0.000000e+00 0.000000e+00 0.000000e+00 0.000000e+00 0.000000e+00 0.000000e+00 0.000000e+00 0.000000e+00
9.770000e-01 0.000000e+00 -5.121110e+03 -4.633170e+03 0.000000e+00 0.000000e+00 0.000000e+00 -5.304235e+02 -5.295698e+02 2.325711e+03 1.355825e+03 0.000000e+00 0.000000e+00 0.000000e+00 0.000000e+00 0.000000e+00 0.000000e+00 0.000000e+00 0.000000e+00 0.000000e+00
9.780000e-01 0.000000e+00 -5.111503e+03 -4.612272e+03 0.000000e+00 0.000000e+00 0.000000e+00 -5.291132e+02 -5.282674e+02 2.322517e+03 1.351927e+03 0.000000e+00 0.000000e+00 0.000000e+00 0.000000e+00 0.000000e+00 0.000000e+00 0.000000e+00 0.000000e+00 0.000000e+00
9.790000e-01 0.000000e+00 -5.101817e+03 -4.591464e+03 0.000000e+00 0.000000e+00 0.000000e+00 -5.277986e+02 -5.269606e+02 2.319281e+03 1.348002e+03 0.000000e+00 0.000000e+00 0.000000e+00 0.000000e+00 0.000000e+00 0.000000e+00 0.000000e+00 0.000000e+00 0.000000e+00
9.800000e-01 0.000000e+00 -5.092061e+03 -4.570753e+03 0.000000e+00 0.000000e+00 0.000000e+00 -5.264806e+02 -5.256502e+02 2.316006e+03 1.344050e+03 0.000000e+00 0.000000e+00 0.000000e+00 0.000000e+00 0.000000e+00 0.000000e+00 0.000000e+00 0.000000e+00 0.000000e+00
9.810000e-01 0.000000e+00 -5.082241e+03 -4.550149e+03 0.000000e+00 0.000000e+00 0.000000e+00 -5.251603e+02 -5.243373e+02 2.312693e+03 1.340076e+03 0.000000e+00 0.000000e+00 0.000000e+00 0.000000e+00 0.000000e+00 0.000000e+00 0.000000e+00 0.000000e+00 0.000000e+00
9.820000e-01 0.000000e+00 -5.072362e+03 -4.529658e+03 0.000000e+00 0.000000e+00 0.000000e+00 -5.238386e+02 -5.230228e+02 2.309345e+03 1.336082e+03 0.000000e+00 0.000000e+00 0.000000e+00 0.000000e+00 0.000000e+00 0.000000e+00 0.000000e+00 0.000000e+00 0.000000e+00
9.830000e-01 0.000000e+00 -5.062433e+03 -4.509288e+03 0.000000e+00 0.000000e+00 0.000000e+00 -5.225164e+02 -5.217076e+02 2.305963e+03 1.332071e+03 0.000000e+00 0.000000e+00 0.000000e+00 0.000000e+00 0.000000e+00 0.000000e+00 0.000000e+00 0.000000e+00 0.000000e+00
9.840000e-01 0.000000e+00 -5.052459e+03 -4.489047e+03 0.000000e+00 0.000000e+00 0.000000e+00 -5.211947e+02 -5.203928e+02 2.302550e+03 1.328046e+03 0.000000e+00 0.000000e+00 0.000000e+00 0.000000e+00 0.000000e+00 0.000000e+00 0.000000e+00 0.000000e+00 0.000000e+00
9.850000e-01 0.000000e+00 -5.042448e+03 -4.468942e+03 0.000000e+00 0.000000e+00 0.000000e+00 -5.198745e+02 -5.190792e+02 2.299107e+03 1.324008e+03 0.000000e+00 0.000000e+00 0.000000e+00 0.000000e+00 0.000000e+00 0.000000e+00 0.000000e+00 0.000000e+00 0.000000e+00
9.860000e-01 0.000000e+00 -5.032406e+03 -4.448981e+03 0.000000e+00 0.000000e+00 0.000000e+00 -5.185566e+02 -5.177677e+02 2.295638e+03 1.319962e+03 0.000000e+00 0.000000e+00 0.000000e+00 0.000000e+00 0.000000e+00 0.000000e+00 0.000000e+00 0.000000e+00 0.000000e+00
9.870000e-01 0.000000e+00 -5.022340e+03 -4.429172e+03 0.000000e+00 0.000000e+00 0.000000e+00 -5.172421e+02 -5.164595e+02 2.292144e+03 1.315910e+03 0.000000e+00 0.000000e+00 0.000000e+00 0.000000e+00 0.000000e+00 0.000000e+00 0.000000e+00 0.000000e+00 0.000000e+00
9.880000e-01 0.000000e+00 -5.012255e+03 -4.409521e+03 0.000000e+00 0.000000e+00 0.000000e+00 -5.159319e+02 -5.151552e+02 2.288626e+03 1.311855e+03 0.000000e+00 0.000000e+00 0.000000e+00 0.000000e+00 0.000000e+00 0.000000e+00 0.000000e+00 0.000000e+00 0.000000e+00
9.890000e-01 0.000000e+00 -5.002159e+03 -4.390036e+03 0.000000e+00 0.000000e+00 0.000000e+00 -5.146269e+02 -5.138560e+02 2.285088e+03 1.307799e+03 0.000000e+00 0.000000e+00 0.000000e+00 0.000000e+00 0.000000e+00 0.000000e+00 0.000000e+00 0.000000e+00 0.000000e+00
9.900000e-01 0.000000e+00 -4.992059e+03 -4.370723e+03 0.000000e+00 0.000000e+00 0.000000e+00 -5.133280e+02 -5.125627e+02 2.281532e+03 1.303745e+03 0.000000e+00 0.000000e+00 0.000000e+00 0.000000e+00 0.000000e+00 0.000000e+00 0.000000e+00 0.000000e+00 0.000000e+00
9.910000e-01 0.000000e+00 -4.981960e+03 -4.351591e+03 0.000000e+00 0.000000e+00 0.000000e+00 -5.120362e+02 -5.112763e+02 2.277959e+03 1.299696e+03 0.000000e+00 0.000000e+00 0.000000e+00 0.000000e+00 0.000000e+00 0.000000e+00 0.000000e+00 0.000000e+00 0.000000e+00
9.920000e-01 0.000000e+00 -4.971870e+03 -4.332646e+03 0.000000e+00 0.000000e+00 0.000000e+00 -5.107523e+02 -5.099976e+02 2.274371e+03 1.295655e+03 0.000000e+00 0.000000e+00 0.000000e+00 0.000000e+00 0.000000e+00 0.000000e+00 0.000000e+00 0.000000e+00 0.000000e+00
9.930000e-01 0.000000e+00 -4.961794e+03 -4.313895e+03 0.000000e+00 0.000000e+00 0.000000e+00 -5.094774e+02 -5.087275e+02 2.270771e+03 1.291625e+03 0.000000e+00 0.000000e+00 0.000000e+00 0.000000e+00 0.000000e+00 0.000000e+00 0.000000e+00 0.000000e+00 0.000000e+00
9.940000e-01 0.000000e+00 -4.951738e+03 -4.295345e+03 0.000000e+00 0.000000e+00 0.000000e+00 -5.082121e+02 -5.074670e+02 2.267161e+03 1.287607e+03 0.000000e+00 0.000000e+00 0.000000e+00 0.000000e+00 0.000000e+00 0.000000e+00 0.000000e+00 0.000000e+00 0.000000e+00
9.950000e-01 0.000000e+00 -4.941710e+03 -4.277002e+03 0.000000e+00 0.000000e+00 0.000000e+00 -5.069575e+02 -5.062168e+02 2.263542e+03 1.283605e+03 0.000000e+00 0.000000e+00 0.000000e+00 0.000000e+00 0.000000e+00 0.000000e+00 0.000000e+00 0.000000e+00 0.000000e+00
9.960000e-01 0.000000e+00 -4.931715e+03 -4.258872e+03 0.000000e+00 0.000000e+00 0.000000e+00 -5.057144e+02 -5.049780e+02 2.259917e+03 1.279622e+03 0.000000e+00 0.000000e+00 0.000000e+00 0.000000e+00 0.000000e+00 0.000000e+00 0.000000e+00 0.000000e+00 0.000000e+00
9.970000e-01 0.000000e+00 -4.921759e+03 -4.240963e+03 0.000000e+00 0.000000e+00 0.000000e+00 -5.044836e+02 -5.037512e+02 2.256288e+03 1.275659e+03 0.000000e+00 0.000000e+00 0.000000e+00 0.000000e+00 0.000000e+00 0.000000e+00 0.000000e+00 0.000000e+00 0.000000e+00
9.980000e-01 0.000000e+00 -4.911848e+03 -4.223280e+03 0.000000e+00 0.000000e+00 0.000000e+00 -5.032660e+02 -5.025374e+02 2.252656e+03 1.271720e+03 0.000000e+00 0.000000e+00 0.000000e+00 0.000000e+00 0.000000e+00 0.000000e+00 0.000000e+00 0.000000e+00 0.000000e+00
9.990000e-01 0.000000e+00 -4.901989e+03 -4.205830e+03 0.000000e+00 0.000000e+00 0.000000e+00 -5.020623e+02 -5.013374e+02 2.249025e+03 1.267807e+03 0.000000e+00 0.000000e+00 0.000000e+00 0.000000e+00 0.000000e+00 0.000000e+00 0.000000e+00 0.000000e+00 0.000000e+00
1.000000e+00 0.000000e+00 -4.892187e+03 -4.188618e+03 0.000000e+00 0.000000e+00 0.000000e+00 -5.008735e+02 -5.001519e+02 2.245394e+03 1.263922e+03 0.000000e+00 0.000000e+00 0.000000e+00 0.000000e+00 0.000000e+00 0.000000e+00 0.000000e+00 0.000000e+00 0.000000e+00
1.001000e+00 0.000000e+00 -4.882447e+03 -4.171651e+03 0.000000e+00 0.000000e+00 0.000000e+00 -4.997003e+02 -4.989818e+02 2.241768e+03 1.260068e+03 0.000000e+00 0.000000e+00 0.000000e+00 0.000000e+00 0.000000e+00 0.000000e+00 0.000000e+00 0.000000e+00 0.000000e+00
1.002000e+00 0.000000e+00 -4.872776e+03 -4.154935e+03 0.000000e+00 0.000000e+00 0.000000e+00 -4.985434e+02 -4.978278e+02 2.238147e+03 1.256248e+03 0.000000e+00 0.000000e+00 0.000000e+00 0.000000e+00 0.000000e+00 0.000000e+00 0.000000e+00 0.000000e+00 0.000000e+00
1.003000e+00 0.000000e+00 -4.863179e+03 -4.138474e+03 0.000000e+00 0.000000e+00 0.000000e+00 -4.974036e+02 -4.966906e+02 2.234533e+03 1.252463e+03 0.000000e+00 0.000000e+00 0.000000e+00 0.000000e+00 0.000000e+00 0.000000e+00 0.000000e+00 0.000000e+00 0.000000e+00
1.004000e+00 0.000000e+00 -4.853662e+03 -4.122274e+03 0.000000e+00 0.000000e+00 0.000000e+00 -4.962816e+02 -4.955711e+02 2.230928e+03 1.248716e+03 0.000000e+00 0.000000e+00 0.000000e+00 0.000000e+00 0.000000e+00 0.000000e+00 0.000000e+00 0.000000e+00 0.000000e+00
1.005000e+00 0.000000e+00 -4.844230e+03 -4.106341e+03 0.000000e+00 0.000000e+00 0.000000e+00 -4.951783e+02 -4.944700e+02 2.227335e+03 1.245009e+03 0.000000e+00 0.000000e+00 0.000000e+00 0.000000e+00 0.000000e+00 0.000000e+00 0.000000e+00 0.000000e+00 0.000000e+00
1.006000e+00 0.000000e+00 -4.834889e+03 -4.090680e+03 0.000000e+00 0.000000e+00 0.000000e+00 -4.940942e+02 -4.933878e+02 2.223754e+03 1.241345e+03 0.000000e+00 0.000000e+00 0.000000e+00 0.000000e+00 0.000000e+00 0.000000e+00 0.000000e+00 0.000000e+00 0.000000e+00
1.007000e+00 0.000000e+00 -4.825643e+03 -4.075297e+03 0.000000e+00 0.000000e+00 0.000000e+00 -4.930301e+02 -4.923254e+02 2.220188e+03 1.237725e+03 0.000000e+00 0.000000e+00 0.000000e+00 0.000000e+00 0.000000e+00 0.000000e+00 0.000000e+00 0.000000e+00 0.000000e+00
1.008000e+00 0.000000e+00 -4.816498e+03 -4.060195e+03 0.000000e+00 0.000000e+00 0.000000e+00 -4.919865e+02 -4.912834e+02 2.216638e+03 1.234152e+03 0.000000e+00 0.000000e+00 0.000000e+00 0.000000e+00 0.000000e+00 0.000000e+00 0.000000e+00 0.000000e+00 0.000000e+00
1.009000e+00 0.000000e+00 -4.807459e+03 -4.045380e+03 0.000000e+00 0.000000e+00 0.000000e+00 -4.909643e+02 -4.902625e+02 2.213106e+03 1.230628e+03 0.000000e+00 0.000000e+00 0.000000e+00 0.000000e+00 0.000000e+00 0.000000e+00 0.000000e+00 0.000000e+00 0.000000e+00
1.010000e+00 0.000000e+00 -4.798530e+03 -4.030857e+03 0.000000e+00 0.000000e+00 0.000000e+00 -4.899640e+02 -4.892632e+02 2.209594e+03 1.227155e+03 0.000000e+00 0.000000e+00 0.000000e+00 0.000000e+00 0.000000e+00 0.000000e+00 0.000000e+00 0.000000e+00 0.000000e+00
1.011000e+00 0.000000e+00 -4.789717e+03 -4.016630e+03 0.000000e+00 0.000000e+00 0.000000e+00 -4.889862e+02 -4.882862e+02 2.206103e+03 1.223734e+03 0.000000e+00 0.000000e+00 0.000000e+00 0.000000e+00 0.000000e+00 0.000000e+00 0.000000e+00 0.000000e+00 0.000000e+00
1.012000e+00 0.000000e+00 -4.781025e+03 -4.002704e+03 0.000000e+00 0.000000e+00 0.000000e+00 -4.880315e+02 -4.873321e+02 2.202635e+03 1.220368e+03 0.000000e+00 0.000000e+00 0.000000e+00 0.000000e+00 0.000000e+00 0.000000e+00 0.000000e+00 0.000000e+00 0.000000e+00
1.013000e+00 0.000000e+00 -4.772457e+03 -3.989083e+03 0.000000e+00 0.000000e+00 0.000000e+00 -4.871005e+02 -4.864015e+02 2.199192e+03 1.217059e+03 0.000000e+00 0.000000e+00 0.000000e+00 0.000000e+00 0.000000e+00 0.000000e+00 0.000000e+00 0.000000e+00 0.000000e+00
1.014000e+00 0.000000e+00 -4.764019e+03 -3.975771e+03 0.000000e+00 0.000000e+00 0.000000e+00 -4.861937e+02 -4.854949e+02 2.195775e+03 1.213808e+03 0.000000e+00 0.000000e+00 0.000000e+00 0.000000e+00 0.000000e+00 0.000000e+00 0.000000e+00 0.000000e+00 0.000000e+00
1.015000e+00 0.000000e+00 -4.755715e+03 -3.962772e+03 0.000000e+00 0.000000e+00 0.000000e+00 -4.853117e+02 -4.846128e+02 2.192385e+03 1.210617e+03 0.000000e+00 0.000000e+00 0.000000e+00 0.000000e+00 0.000000e+00 0.000000e+00 0.000000e+00 0.000000e+00 0.000000e+00
1.016000e+00 0.000000e+00 -4.747549e+03 -3.950090e+03 0.000000e+00 0.000000e+00 0.000000e+00 -4.844550e+02 -4.837557e+02 2.189024e+03 1.207488e+03 0.000000e+00 0.000000e+00 0.000000e+00 0.000000e+00 0.000000e+00 0.000000e+00 0.000000e+00 0.000000e+00 0.000000e+00
1.017000e+00 0.000000e+00 -4.739526e+03 -3.937729e+03 0.000000e+00 0.000000e+00 0.000000e+00 -4.836240e+02 -4.829242e+02 2.185694e+03 1.204422e+03 0.000000e+00 0.000000e+00 0.000000e+00 0.000000e+00 0.000000e+00 0.000000e+00 0.000000e+00 0.000000e+00 0.000000e+00
1.018000e+00 0.000000e+00 -4.731648e+03 -3.925692e+03 0.000000e+00 0.000000e+00 0.000000e+00 -4.828193e+02 -4.821186e+02 2.182395e+03 1.201422e+03 0.000000e+00 0.000000e+00 0.000000e+00 0.000000e+00 0.000000e+00 0.000000e+00 0.000000e+00 0.000000e+00 0.000000e+00
1.019000e+00 0.000000e+00 -4.723921e+03 -3.913983e+03 0.000000e+00 0.000000e+00 0.000000e+00 -4.820411e+02 -4.813395e+02 2.179130e+03 1.198487e+03 0.000000e+00 0.000000e+00 0.000000e+00 0.000000e+00 0.000000e+00 0.000000e+00 0.000000e+00 0.000000e+00 0.000000e+00
1.020000e+00 0.000000e+00 -4.716349e+03 -3.902604e+03 0.000000e+00 0.000000e+00 0.000000e+00 -4.812900e+02 -4.805872e+02 2.175899e+03 1.195621e+03 0.000000e+00 0.000000e+00 0.000000e+00 0.000000e+00 0.000000e+00 0.000000e+00 0.000000e+00 0.000000e+00 0.000000e+00
1.021000e+00 0.000000e+00 -4.708934e+03 -3.891560e+03 0.000000e+00 0.000000e+00 0.000000e+00 -4.805664e+02 -4.798621e+02 2.172703e+03 1.192823e+03 0.000000e+00 0.000000e+00 0.000000e+00 0.000000e+00 0.000000e+00 0.000000e+00 0.000000e+00 0.000000e+00 0.000000e+00
1.022000e+00 0.000000e+00 -4.701681e+03 -3.880852e+03 0.000000e+00 0.000000e+00 0.000000e+00 -4.798706e+02 -4.791646e+02 2.169545e+03 1.190096e+03 0.000000e+00 0.000000e+00 0.000000e+00 0.000000e+00 0.000000e+00 0.000000e+00 0.000000e+00 0.000000e+00 0.000000e+00
1.023000e+00 0.000000e+00 -4.694592e+03 -3.870484e+03 0.000000e+00 0.000000e+00 0.000000e+00 -4.792029e+02 -4.784950e+02 2.166424e+03 1.187441e+03 0.000000e+00 0.000000e+00 0.000000e+00 0.000000e+00 0.000000e+00 0.000000e+00 0.000000e+00 0.000000e+00 0.000000e+00
1.024000e+00 0.000000e+00 -4.687672e+03 -3.860459e+03 0.000000e+00 0.000000e+00 0.000000e+00 -4.785636e+02 -4.778537e+02 2.163343e+03 1.184859e+03 0.000000e+00 0.000000e+00 0.000000e+00 0.000000e+00 0.000000e+00 0.000000e+00 0.000000e+00 0.000000e+00 0.000000e+00
1.025000e+00 0.000000e+00 -4.680923e+03 -3.850778e+03 0.000000e+00 0.000000e+00 0.000000e+00 -4.779531e+02 -4.772409e+02 2.160302e+03 1.182350e+03 0.000000e+00 0.000000e+00 0.000000e+00 0.000000e+00 0.000000e+00 0.000000e+00 0.000000e+00 0.000000e+00 0.000000e+00
1.026000e+00 0.000000e+00 -4.674349e+03 -3.841445e+03 0.000000e+00 0.000000e+00 0.000000e+00 -4.773717e+02 -4.766569e+02 2.157303e+03 1.179917e+03 0.000000e+00 0.000000e+00 0.000000e+00 0.000000e+00 0.000000e+00 0.000000e+00 0.000000e+00 0.000000e+00 0.000000e+00
1.027000e+00 0.000000e+00 -4.667953e+03 -3.832460e+03 0.000000e+00 0.000000e+00 0.000000e+00 -4.768195e+02 -4.761020e+02 2.154346e+03 1.177560e+03 0.000000e+00 0.000000e+00 0.000000e+00 0.000000e+00 0.000000e+00 0.000000e+00 0.000000e+00 0.000000e+00 0.000000e+00
1.028000e+00 0.000000e+00 -4.661738e+03 -3.823827e+03 0.000000e+00 0.000000e+00 0.000000e+00 -4.762967e+02 -4.755764e+02 2.151432e+03 1.175279e+03 0.000000e+00 0.000000e+00 0.000000e+00 0.000000e+00 0.000000e+00 0.000000e+00 0.000000e+00 0.000000e+00 0.000000e+00
1.029000e+00 0.000000e+00 -4.655706e+03 -3.815548e+03 0.000000e+00 0.000000e+00 0.000000e+00 -4.758037e+02 -4.750802e+02 2.148563e+03 1.173076e+03 0.000000e+00 0.000000e+00 0.000000e+00 0.000000e+00 0.000000e+00 0.000000e+00 0.000000e+00 0.000000e+00 0.000000e+00
1.030000e+00 0.000000e+00 -4.649860e+03 -3.807623e+03 0.000000e+00 0.000000e+00 0.000000e+00 -4.753405e+02 -4.746137e+02 2.145739e+03 1.170952e+03 0.000000e+00 0.000000e+00 0.000000e+00 0.000000e+00 0.000000e+00 0.000000e+00 0.000000e+00 0.000000e+00 0.000000e+00
1.031000e+00 0.000000e+00 -4.644202e+03 -3.800055e+03 0.000000e+00 0.000000e+00 0.000000e+00 -4.749074e+02 -4.741770e+02 2.142961e+03 1.168907e+03 0.000000e+00 0.000000e+00 0.000000e+00 0.000000e+00 0.000000e+00 0.000000e+00 0.000000e+00 0.000000e+00 0.000000e+00
1.032000e+00 0.000000e+00 -4.638736e+03 -3.792845e+03 0.000000e+00 0.000000e+00 0.000000e+00 -4.745044e+02 -4.737703e+02 2.140230e+03 1.166941e+03 0.000000e+00 0.000000e+00 0.000000e+00 0.000000e+00 0.000000e+00 0.000000e+00 0.000000e+00 0.000000e+00 0.000000e+00
1.033000e+00 0.000000e+00 -4.633463e+03 -3.785995e+03 0.000000e+00 0.000000e+00 0.000000e+00 -4.741318e+02 -4.733937e+02 2.137546e+03 1.165057e+03 0.000000e+00 0.000000e+00 0.000000e+00 0.000000e+00 0.000000e+00 0.000000e+00 0.000000e+00 0.000000e+00 0.000000e+00
1.034000e+00 0.000000e+00 -4.628386e+03 -3.779506e+03 0.000000e+00 0.000000e+00 0.000000e+00 -4.737895e+02 -4.730473e+02 2.134911e+03 1.163253e+03 0.000000e+00 0.000000e+00 0.000000e+00 0.000000e+00 0.000000e+00 0.000000e+00 0.000000e+00 0.000000e+00 0.000000e+00
1.035000e+00 0.000000e+00 -4.623507e+03 -3.773379e+03 0.000000e+00 0.000000e+00 0.000000e+00 -4.734776e+02 -4.727311e+02 2.132325e+03 1.161530e+03 0.000000e+00 0.000000e+00 0.000000e+00 0.000000e+00 0.000000e+00 0.000000e+00 0.000000e+00 0.000000e+00 0.000000e+00
1.036000e+00 0.000000e+00 -4.618828e+03 -3.767615e+03 0.000000e+00 0.000000e+00 0.000000e+00 -4.731962e+02 -4.724453e+02 2.129789e+03 1.159890e+03 0.000000e+00 0.000000e+00 0.000000e+00 0.000000e+00 0.000000e+00 0.000000e+00 0.000000e+00 0.000000e+00 0.000000e+00
1.037000e+00 0.000000e+00 -4.614351e+03 -3.762214e+03 0.000000e+00 0.000000e+00 0.000000e+00 -4.729454e+02 -4.721897e+02 2.127304e+03 1.158331e+03 0.000000e+00 0.000000e+00 0.000000e+00 0.000000e+00 0.000000e+00 0.000000e+00 0.000000e+00 0.000000e+00 0.000000e+00
1.038000e+00 0.000000e+00 -4.610078e+03 -3.757178e+03 0.000000e+00 0.000000e+00 0.000000e+00 -4.727250e+02 -4.719645e+02 2.124869e+03 1.156855e+03 0.000000e+00 0.000000e+00 0.000000e+00 0.000000e+00 0.000000e+00 0.000000e+00 0.000000e+00 0.000000e+00 0.000000e+00
1.039000e+00 0.000000e+00 -4.606009e+03 -3.752507e+03 0.000000e+00 0.000000e+00 0.000000e+00 -4.725352e+02 -4.717697e+02 2.122486e+03 1.155462e+03 0.000000e+00 0.000000e+00 0.000000e+00 0.000000e+00 0.000000e+00 0.000000e+00 0.000000e+00 0.000000e+00 0.000000e+00
1.040000e+00 0.000000e+00 -4.602148e+03 -3.748201e+03 0.000000e+00 0.000000e+00 0.000000e+00 -4.723758e+02 -4.716050e+02 2.120155e+03 1.154151e+03 0.000000e+00 0.000000e+00 0.000000e+00 0.000000e+00 0.000000e+00 0.000000e+00 0.000000e+00 0.000000e+00 0.000000e+00
1.041000e+00 0.000000e+00 -4.598496e+03 -3.744261e+03 0.000000e+00 0.000000e+00 0.000000e+00 -4.722468e+02 -4.714706e+02 2.117877e+03 1.152924e+03 0.000000e+00 0.000000e+00 0.000000e+00 0.000000e+00 0.000000e+00 0.000000e+00 0.000000e+00 0.000000e+00 0.000000e+00
1.042000e+00 0.000000e+00 -4.595053e+03 -3.740686e+03 0.000000e+00 0.000000e+00 0.000000e+00 -4.721480e+02 -4.713663e+02 2.115652e+03 1.151779e+03 0.000000e+00 0.000000e+00 0.000000e+00 0.000000e+00 0.000000e+00 0.000000e+00 0.000000e+00 0.000000e+00 0.000000e+00
1.043000e+00 0.000000e+00 -4.591822e+03 -3.737478e+03 0.000000e+00 0.000000e+00 0.000000e+00 -4.720795e+02 -4.712920e+02 2.113480e+03 1.150717e+03 0.000000e+00 0.000000e+00 0.000000e+00 0.000000e+00 0.000000e+00 0.000000e+00 0.000000e+00 0.000000e+00 0.000000e+00
1.044000e+00 0.000000e+00 -4.588803e+03 -3.734635e+03 0.000000e+00 0.000000e+00 0.000000e+00 -4.720409e+02 -4.712476e+02 2.111361e+03 1.149738e+03 0.000000e+00 0.000000e+00 0.000000e+00 0.000000e+00 0.000000e+00 0.000000e+00 0.000000e+00 0.000000e+00 0.000000e+00
1.045000e+00 0.000000e+00 -4.585997e+03 -3.732157e+03 0.000000e+00 0.000000e+00 0.000000e+00 -4.720323e+02 -4.712329e+02 2.109297e+03 1.148841e+03 0.000000e+00 0.000000e+00 0.000000e+00 0.000000e+00 0.000000e+00 0.000000e+00 0.000000e+00 0.000000e+00 0.000000e+00
1.046000e+00 0.000000e+00 -4.583406e+03 -3.730044e+03 0.000000e+00 0.000000e+00 0.000000e+00 -4.720534e+02 -4.712478e+02 2.107287e+03 1.148027e+03 0.000000e+00 0.000000e+00 0.000000e+00 0.000000e+00 0.000000e+00 0.000000e+00 0.000000e+00 0.000000e+00 0.000000e+00
1.047000e+00 0.000000e+00 -4.581030e+03 -3.728295e+03 0.000000e+00 0.000000e+00 0.000000e+00 -4.721040e+02 -4.712921e+02 2.105331e+03 1.147295e+03 0.000000e+00 0.000000e+00 0.000000e+00 0.000000e+00 0.000000e+00 0.000000e+00 0.000000e+00 0.000000e+00 0.000000e+00
1.048000e+00 0.000000e+00 -4.578871e+03 -3.726910e+03 0.000000e+00 0.000000e+00 0.000000e+00 -4.721839e+02 -4.713655e+02 2.103431e+03 1.146645e+03 0.000000e+00 0.000000e+00 0.000000e+00 0.000000e+00 0.000000e+00 0.000000e+00 0.000000e+00 0.000000e+00 0.000000e+00
1.049000e+00 0.000000e+00 -4.576929e+03 -3.725889e+03 0.000000e+00 0.000000e+00 0.000000e+00 -4.722929e+02 -4.714679e+02 2.101585e+03 1.146076e+03 0.000000e+00 0.000000e+00 0.000000e+00 0.000000e+00 0.000000e+00 0.000000e+00 0.000000e+00 0.000000e+00 0.000000e+00
1.050000e+00 0.000000e+00 -4.575204e+03 -3.725229e+03 0.000000e+00 0.000000e+00 0.000000e+00 -4.724308e+02 -4.715989e+02 2.099794e+03 1.145588e+03 0.000000e+00 0.000000e+00 0.000000e+00 0.000000e+00 0.000000e+00 0.000000e+00 0.000000e+00 0.000000e+00 0.000000e+00
1.051000e+00 0.000000e+00 -4.573697e+03 -3.724931e+03 0.000000e+00 0.000000e+00 0.000000e+00 -4.725972e+02 -4.717584e+02 2.098059e+03 1.145180e+03 0.000000e+00 0.000000e+00 0.000000e+00 0.000000e+00 0.000000e+00 0.000000e+00 0.000000e+00 0.000000e+00 0.000000e+00
1.052000e+00 0.000000e+00 -4.572409e+03 -3.724993e+03 0.000000e+00 0.000000e+00 0.000000e+00 -4.727919e+02 -4.719461e+02 2.096379e+03 1.144853e+03 0.000000e+00 0.000000e+00 0.000000e+00 0.000000e+00 0.000000e+00 0.000000e+00 0.000000e+00 0.000000e+00 0.000000e+00
1.053000e+00 0.000000e+00 -4.571341e+03 -3.725414e+03 0.000000e+00 0.000000e+00 0.000000e+00 -4.730146e+02 -4.721616e+02 2.094754e+03 1.144605e+03 0.000000e+00 0.000000e+00 0.000000e+00 0.000000e+00 0.000000e+00 0.000000e+00 0.000000e+00 0.000000e+00 0.000000e+00
1.054000e+00 0.000000e+00 -4.570491e+03 -3.726193e+03 0.000000e+00 0.000000e+00 0.000000e+00 -4.732650e+02 -4.724047e+02 2.093185e+03 1.144436e+03 0.000000e+00 0.000000e+00 0.000000e+00 0.000000e+00 0.000000e+00 0.000000e+00 0.000000e+00 0.000000e+00 0.000000e+00
1.055000e+00 0.000000e+00 -4.569861e+03 -3.727329e+03 0.000000e+00 0.000000e+00 0.000000e+00 -4.735427e+02 -4.726750e+02 2.091671e+03 1.144345e+03 0.000000e+00 0.000000e+00 0.000000e+00 0.000000e+00 0.000000e+00 0.000000e+00 0.000000e+00 0.000000e+00 0.000000e+00
1.056000e+00 0.000000e+00 -4.569451e+03 -3.728820e+03 0.000000e+00 0.000000e+00 0.000000e+00 -4.738474e+02 -4.729722e+02 2.090212e+03 1.144332e+03 0.000000e+00 0.000000e+00 0.000000e+00 0.000000e+00 0.000000e+00 0.000000e+00 0.000000e+00 0.000000e+00 0.000000e+00
1.057000e+00 0.000000e+00 -4.569261e+03 -3.730664e+03 0.000000e+00 0.000000e+00 0.000000e+00 -4.741788e+02 -4.732959e+02 2.088809e+03 1.144395e+03 0.000000e+00 0.000000e+00 0.000000e+00 0.000000e+00 0.000000e+00 0.000000e+00 0.000000e+00 0.000000e+00 0.000000e+00
1.058000e+00 0.000000e+00 -4.569291e+03 -3.732860e+03 0.000000e+00 0.000000e+00 0.000000e+00 -4.745365e+02 -4.736457e+02 2.087460e+03 1.144534e+03 0.000000e+00 0.000000e+00 0.000000e+00 0.000000e+00 0.000000e+00 0.000000e+00 0.000000e+00 0.000000e+00 0.000000e+00
1.059000e+00 0.000000e+00 -4.569540e+03 -3.735406e+03 0.000000e+00 0.000000e+00 0.000000e+00 -4.749200e+02 -4.740213e+02 2.086167e+03 1.144748e+03 0.000000e+00 0.000000e+00 0.000000e+00 0.000000e+00 0.000000e+00 0.000000e+00 0.000000e+00 0.000000e+00 0.000000e+00
1.060000e+00 0.000000e+00 -4.570009e+03 -3.738300e+03 0.000000e+00 0.000000e+00 0.000000e+00 -4.753289e+02 -4.744223e+02 2.084929e+03 1.145037e+03 0.000000e+00 0.000000e+00 0.000000e+00 0.000000e+00 0.000000e+00 0.000000e+00 0.000000e+00 0.000000e+00 0.000000e+00
1.061000e+00 0.000000e+00 -4.570698e+03 -3.741541e+03 0.000000e+00 0.000000e+00 0.000000e+00 -4.757629e+02 -4.748482e+02 2.083745e+03 1.145398e+03 0.000000e+00 0.000000e+00 0.000000e+00 0.000000e+00 0.000000e+00 0.000000e+00 0.000000e+00 0.000000e+00 0.000000e+00
1.062000e+00 0.000000e+00 -4.571605e+03 -3.745126e+03 0.000000e+00 0.000000e+00 0.000000e+00 -4.762214e+02 -4.752985e+02 2.082616e+03 1.145832e+03 0.000000e+00 0.000000e+00 0.000000e+00 0.000000e+00 0.000000e+00 0.000000e+00 0.000000e+00 0.000000e+00 0.000000e+00
1.063000e+00 0.000000e+00 -4.572731e+03 -3.749053e+03 0.000000e+00 0.000000e+00 0.000000e+00 -4.767041e+02 -4.757729e+02 2.081542e+03 1.146337e+03 0.000000e+00 0.000000e+00 0.000000e+00 0.000000e+00 0.000000e+00 0.000000e+00 0.000000e+00 0.000000e+00 0.000000e+00
1.064000e+00 0.000000e+00 -4.574075e+03 -3.753319e+03 0.000000e+00 0.000000e+00 0.000000e+00 -4.772104e+02 -4.762709e+02 2.080521e+03 1.146912e+03 0.000000e+00 0.000000e+00 0.000000e+00 0.000000e+00 0.000000e+00 0.000000e+00 0.000000e+00 0.000000e+00 0.000000e+00
1.065000e+00 0.000000e+00 -4.575638e+03 -3.757923e+03 0.000000e+00 0.000000e+00 0.000000e+00 -4.777399e+02 -4.767919e+02 2.079554e+03 1.147556e+03 0.000000e+00 0.000000e+00 0.000000e+00 0.000000e+00 0.000000e+00 0.000000e+00 0.000000e+00 0.000000e+00 0.000000e+00
1.066000e+00 0.000000e+00 -4.577417e+03 -3.762863e+03 0.000000e+00 0.000000e+00 0.000000e+00 -4.782920e+02 -4.773355e+02 2.078640e+03 1.148268e+03 0.000000e+00 0.000000e+00 0.000000e+00 0.000000e+00 0.000000e+00 0.000000e+00 0.000000e+00 0.000000e+00 0.000000e+00
1.067000e+00 0.000000e+00 -4.579413e+03 -3.768135e+03 0.000000e+00 0.000000e+00 0.000000e+00 -4.788663e+02 -4.779012e+02 2.077780e+03 1.149047e+03 0.000000e+00 0.000000e+00 0.000000e+00 0.000000e+00 0.000000e+00 0.000000e+00 0.000000e+00 0.000000e+00 0.000000e+00
1.068000e+00 0.000000e+00 -4.581624e+03 -3.773736e+03 0.000000e+00 0.000000e+00 0.000000e+00 -4.794622e+02 -4.784885e+02 2.076972e+03 1.149892e+03 0.000000e+00 0.000000e+00 0.000000e+00 0.000000e+00 0.000000e+00 0.000000e+00 0.000000e+00 0.000000e+00 0.000000e+00
1.069000e+00 0.000000e+00 -4.584051e+03 -3.779666e+03 0.000000e+00 0.000000e+00 0.000000e+00 -4.800793e+02 -4.790968e+02 2.076217e+03 1.150801e+03 0.000000e+00 0.000000e+00 0.000000e+00 0.000000e+00 0.000000e+00 0.000000e+00 0.000000e+00 0.000000e+00 0.000000e+00
1.070000e+00 0.000000e+00 -4.586692e+03 -3.785920e+03 0.000000e+00 0.000000e+00 0.000000e+00 -4.807169e+02 -4.797257e+02 2.075514e+03 1.151773e+03 0.000000e+00 0.000000e+00 0.000000e+00 0.000000e+00 0.000000e+00 0.000000e+00 0.000000e+00 0.000000e+00 0.000000e+00
1.071000e+00 0.000000e+00 -4.589546e+03 -3.792496e+03 0.000000e+00 0.000000e+00 0.000000e+00 -4.813745e+02 -4.803745e+02 2.074862e+03 1.152807e+03 0.000000e+00 0.000000e+00 0.000000e+00 0.000000e+00 0.000000e+00 0.000000e+00 0.000000e+00 0.000000e+00 0.000000e+00
1.072000e+00 0.000000e+00 -4.592613e+03 -3.799391e+03 0.000000e+00 0.000000e+00 0.000000e+00 -4.820517e+02 -4.810427e+02 2.074262e+03 1.153901e+03 0.000000e+00 0.000000e+00 0.000000e+00 0.000000e+00 0.000000e+00 0.000000e+00 0.000000e+00 0.000000e+00 0.000000e+00
1.073000e+00 0.000000e+00 -4.595891e+03 -3.806603e+03 0.000000e+00 0.000000e+00 0.000000e+00 -4.827477e+02 -4.817298e+02 2.073712e+03 1.155055e+03 0.000000e+00 0.000000e+00 0.000000e+00 0.000000e+00 0.000000e+00 0.000000e+00 0.000000e+00 0.000000e+00 0.000000e+00
1.074000e+00 0.000000e+00 -4.599380e+03 -3.814129e+03 0.000000e+00 0.000000e+00 0.000000e+00 -4.834620e+02 -4.824352e+02 2.073213e+03 1.156267e+03 0.000000e+00 0.000000e+00 0.000000e+00 0.000000e+00 0.000000e+00 0.000000e+00 0.000000e+00 0.000000e+00 0.000000e+00
1.075000e+00 0.000000e+00 -4.603078e+03 -3.821964e+03 0.000000e+00 0.000000e+00 0.000000e+00 -4.841942e+02 -4.831582e+02 2.072763e+03 1.157535e+03 0.000000e+00 0.000000e+00 0.000000e+00 0.000000e+00 0.000000e+00 0.000000e+00 0.000000e+00 0.000000e+00 0.000000e+00
1.076000e+00 0.000000e+00 -4.606984e+03 -3.830108e+03 0.000000e+00 0.000000e+00 0.000000e+00 -4.849434e+02 -4.838985e+02 2.072363e+03 1.158858e+03 0.000000e+00 0.000000e+00 0.000000e+00 0.000000e+00 0.000000e+00 0.000000e+00 0.000000e+00 0.000000e+00 0.000000e+00
1.077000e+00 0.000000e+00 -4.611098e+03 -3.838555e+03 0.000000e+00 0.000000e+00 0.000000e+00 -4.857093e+02 -4.846552e+02 2.072012e+03 1.160235e+03 0.000000e+00 0.000000e+00 0.000000e+00 0.000000e+00 0.000000e+00 0.000000e+00 0.000000e+00 0.000000e+00 0.000000e+00
1.078000e+00 0.000000e+00 -4.615417e+03 -3.847304e+03 0.000000e+00 0.000000e+00 0.000000e+00 -4.864910e+02 -4.854279e+02 2.071708e+03 1.161664e+03 0.000000e+00 0.000000e+00 0.000000e+00 0.000000e+00 0.000000e+00 0.000000e+00 0.000000e+00 0.000000e+00 0.000000e+00
1.079000e+00 0.000000e+00 -4.619941e+03 -3.856351e+03 0.000000e+00 0.000000e+00 0.000000e+00 -4.872882e+02 -4.862159e+02 2.071453e+03 1.163144e+03 0.000000e+00 0.000000e+00 0.000000e+00 0.000000e+00 0.000000e+00 0.000000e+00 0.000000e+00 0.000000e+00 0.000000e+00
1.080000e+00 0.000000e+00 -4.624668e+03 -3.865693e+03 0.000000e+00 0.000000e+00 0.000000e+00 -4.881000e+02 -4.870185e+02 2.071244e+03 1.164673e+03 0.000000e+00 0.000000e+00 0.000000e+00 0.000000e+00 0.000000e+00 0.000000e+00 0.000000e+00 0.000000e+00 0.000000e+00
1.081000e+00 0.000000e+00 -4.629597e+03 -3.875326e+03 0.000000e+00 0.000000e+00 0.000000e+00 -4.889259e+02 -4.878353e+02 2.071082e+03 1.166250e+03 0.000000e+00 0.000000e+00 0.000000e+00 0.000000e+00 0.000000e+00 0.000000e+00 0.000000e+00 0.000000e+00 0.000000e+00
1.082000e+00 0.000000e+00 -4.634726e+03 -3.885247e+03 0.000000e+00 0.000000e+00 0.000000e+00 -4.897653e+02 -4.886655e+02 2.070966e+03 1.167874e+03 0.000000e+00 0.000000e+00 0.000000e+00 0.000000e+00 0.000000e+00 0.000000e+00 0.000000e+00 0.000000e+00 0.000000e+00
1.083000e+00 0.000000e+00 -4.640055e+03 -3.895452e+03 0.000000e+00 0.000000e+00 0.000000e+00 -4.906175e+02 -4.895085e+02 2.070895e+03 1.169542e+03 0.000000e+00 0.000000e+00 0.000000e+00 0.000000e+00 0.000000e+00 0.000000e+00 0.000000e+00 0.000000e+00 0.000000e+00
1.084000e+00 0.000000e+00 -4.645581e+03 -3.905939e+03 0.000000e+00 0.000000e+00 0.000000e+00 -4.914818e+02 -4.903637e+02 2.070870e+03 1.171253e+03 0.000000e+00 0.000000e+00 0.000000e+00 0.000000e+00 0.000000e+00 0.000000e+00 0.000000e+00 0.000000e+00 0.000000e+00
1.085000e+00 0.000000e+00 -4.651302e+03 -3.916703e+03 0.000000e+00 0.000000e+00 0.000000e+00 -4.923577e+02 -4.912304e+02 2.070888e+03 1.173006e+03 0.000000e+00 0.000000e+00 0.000000e+00 0.000000e+00 0.000000e+00 0.000000e+00 0.000000e+00 0.000000e+00 0.000000e+00
1.086000e+00 0.000000e+00 -4.657219e+03 -3.927742e+03 0.000000e+00 0.000000e+00 0.000000e+00 -4.932445e+02 -4.921080e+02 2.070949e+03 1.174799e+03 0.000000e+00 0.000000e+00 0.000000e+00 0.000000e+00 0.000000e+00 0.000000e+00 0.000000e+00 0.000000e+00 0.000000e+00
1.087000e+00 0.000000e+00 -4.663328e+03 -3.939051e+03 0.000000e+00 0.000000e+00 0.000000e+00 -4.941414e+02 -4.929958e+02 2.071054e+03 1.176630e+03 0.000000e+00 0.000000e+00 0.000000e+00 0.000000e+00 0.000000e+00 0.000000e+00 0.000000e+00 0.000000e+00 0.000000e+00
1.088000e+00 0.000000e+00 -4.669628e+03 -3.950627e+03 0.000000e+00 0.000000e+00 0.000000e+00 -4.950479e+02 -4.938932e+02 2.071201e+03 1.178498e+03 0.000000e+00 0.000000e+00 0.000000e+00 0.000000e+00 0.000000e+00 0.000000e+00 0.000000e+00 0.000000e+00 0.000000e+00
1.089000e+00 0.000000e+00 -4.676117e+03 -3.962467e+03 0.000000e+00 0.000000e+00 0.000000e+00 -4.959633e+02 -4.947995e+02 2.071389e+03 1.180401e+03 0.000000e+00 0.000000e+00 0.000000e+00 0.000000e+00 0.000000e+00 0.000000e+00 0.000000e+00 0.000000e+00 0.000000e+00
1.090000e+00 0.000000e+00 -4.682794e+03 -3.974566e+03 0.000000e+00 0.000000e+00 0.000000e+00 -4.968869e+02 -4.957140e+02 2.071618e+03 1.182338e+03 0.000000e+00 0.000000e+00 0.000000e+00 0.000000e+00 0.000000e+00 0.000000e+00 0.000000e+00 0.000000e+00 0.000000e+00
1.091000e+00 0.000000e+00 -4.689657e+03 -3.986921e+03 0.000000e+00 0.000000e+00 0.000000e+00 -4.978181e+02 -4.966361e+02 2.071887e+03 1.184307e+03 0.000000e+00 0.000000e+00 0.000000e+00 0.000000e+00 0.000000e+00 0.000000e+00 0.000000e+00 0.000000e+00 0.000000e+00
1.092000e+00 0.000000e+00 -4.696704e+03 -3.999529e+03 0.000000e+00 0.000000e+00 0.000000e+00 -4.987562e+02 -4.975652e+02 2.072195e+03 1.186306e+03 0.000000e+00 0.000000e+00 0.000000e+00 0.000000e+00 0.000000e+00 0.000000e+00 0.000000e+00 0.000000e+00 0.000000e+00
1.093000e+00 0.000000e+00 -4.703934e+03 -4.012385e+03 0.000000e+00 0.000000e+00 0.000000e+00 -4.997005e+02 -4.985005e+02 2.072542e+03 1.188335e+03 0.000000e+00 0.000000e+00 0.000000e+00 0.000000e+00 0.000000e+00 0.000000e+00 0.000000e+00 0.000000e+00 0.000000e+00
1.094000e+00 0.000000e+00 -4.711344e+03 -4.025486e+03 0.000000e+00 0.000000e+00 0.000000e+00 -5.006504e+02 -4.994415e+02 2.072927e+03 1.190390e+03 0.000000e+00 0.000000e+00 0.000000e+00 0.000000e+00 0.000000e+00 0.000000e+00 0.000000e+00 0.000000e+00 0.000000e+00
1.095000e+00 0.000000e+00 -4.718932e+03 -4.038828e+03 0.000000e+00 0.000000e+00 0.000000e+00 -5.016051e+02 -5.003874e+02 2.073350e+03 1.192471e+03 0.000000e+00 0.000000e+00 0.000000e+00 0.000000e+00 0.000000e+00 0.000000e+00 0.000000e+00 0.000000e+00 0.000000e+00
1.096000e+00 0.000000e+00 -4.726697e+03 -4.052408e+03 0.000000e+00 0.000000e+00 0.000000e+00 -5.025641e+02 -5.013376e+02 2.073809e+03 1.194575e+03 0.000000e+00 0.000000e+00 0.000000e+00 0.000000e+00 0.000000e+00 0.000000e+00 0.000000e+00 0.000000e+00 0.000000e+00
1.097000e+00 0.000000e+00 -4.734637e+03 -4.066221e+03 0.000000e+00 0.000000e+00 0.000000e+00 -5.035267e+02 -5.022914e+02 2.074304e+03 1.196702e+03 0.000000e+00 0.000000e+00 0.000000e+00 0.000000e+00 0.000000e+00 0.000000e+00 0.000000e+00 0.000000e+00 0.000000e+00
1.098000e+00 0.000000e+00 -4.742749e+03 -4.080264e+03 0.000000e+00 0.000000e+00 0.000000e+00 -5.044921e+02 -5.032481e+02 2.074834e+03 1.198849e+03 0.000000e+00 0.000000e+00 0.000000e+00 0.000000e+00 0.000000e+00 0.000000e+00 0.000000e+00 0.000000e+00 0.000000e+00
1.099000e+00 0.000000e+00 -4.751033e+03 -4.094533e+03 0.000000e+00 0.000000e+00 0.000000e+00 -5.054598e+02 -5.042071e+02 2.075398e+03 1.201016e+03 0.000000e+00 0.000000e+00 0.000000e+00 0.000000e+00 0.000000e+00 0.000000e+00 0.000000e+00 0.000000e+00 0.000000e+00
1.100000e+00 0.000000e+00 -4.759484e+03 -4.109024e+03 0.000000e+00 0.000000e+00 0.000000e+00 -5.064290e+02 -5.051678e+02 2.075996e+03 1.203199e+03 0.000000e+00 0.000000e+00 0.000000e+00 0.000000e+00 0.000000e+00 0.000000e+00 0.000000e+00 0.000000e+00 0.000000e+00
1.101000e+00 0.000000e+00 -4.768103e+03 -4.123733e+03 0.000000e+00 0.000000e+00 0.000000e+00 -5.073991e+02 -5.061294e+02 2.076626e+03 1.205398e+03 0.000000e+00 0.000000e+00 0.000000e+00 0.000000e+00 0.000000e+00 0.000000e+00 0.000000e+00 0.000000e+00 0.000000e+00
1.102000e+00 0.000000e+00 -4.776886e+03 -4.138656e+03 0.000000e+00 0.000000e+00 0.000000e+00 -5.083695e+02 -5.070913e+02 2.077289e+03 1.207612e+03 0.000000e+00 0.000000e+00 0.000000e+00 0.000000e+00 0.000000e+00 0.000000e+00 0.000000e+00 0.000000e+00 0.000000e+00
1.103000e+00 0.000000e+00 -4.785831e+03 -4.153790e+03 0.000000e+00 0.000000e+00 0.000000e+00 -5.093393e+02 -5.080528e+02 2.077983e+03 1.209837e+03 0.000000e+00 0.000000e+00 0.000000e+00 0.000000e+00 0.000000e+00 0.000000e+00 0.000000e+00 0.000000e+00 0.000000e+00
1.104000e+00 0.000000e+00 -4.794937e+03 -4.169130e+03 0.000000e+00 0.000000e+00 0.000000e+00 -5.103081e+02 -5.090133e+02 2.078708e+03 1.212073e+03 0.000000e+00 0.000000e+00 0.000000e+00 0.000000e+00 0.000000e+00 0.000000e+00 0.000000e+00 0.000000e+00 0.000000e+00
1.105000e+00 0.000000e+00 -4.804200e+03 -4.184673e+03 0.000000e+00 0.000000e+00 0.000000e+00 -5.112751e+02 -5.099722e+02 2.079463e+03 1.214319e+03 0.000000e+00 0.000000e+00 0.000000e+00 0.000000e+00 0.000000e+00 0.000000e+00 0.000000e+00 0.000000e+00 0.000000e+00
1.106000e+00 0.000000e+00 -4.813620e+03 -4.200415e+03 0.000000e+00 0.000000e+00 0.000000e+00 -5.122397e+02 -5.109287e+02 2.080246e+03 1.216572e+03 0.000000e+00 0.000000e+00 0.000000e+00 0.000000e+00 0.000000e+00 0.000000e+00 0.000000e+00 0.000000e+00 0.000000e+00
1.107000e+00 0.000000e+00 -4.823193e+03 -4.216351e+03 0.000000e+00 0.000000e+00 0.000000e+00 -5.132013e+02 -5.118823e+02 2.081058e+03 1.218831e+03 0.000000e+00 0.000000e+00 0.000000e+00 0.000000e+00 0.000000e+00 0.000000e+00 0.000000e+00 0.000000e+00 0.000000e+00
1.108000e+00 0.000000e+00 -4.832917e+03 -4.232478e+03 0.000000e+00 0.000000e+00 0.000000e+00 -5.141591e+02 -5.128322e+02 2.081897e+03 1.221094e+03 0.000000e+00 0.000000e+00 0.000000e+00 0.000000e+00 0.000000e+00 0.000000e+00 0.000000e+00 0.000000e+00 0.000000e+00
1.109000e+00 0.000000e+00 -4.842791e+03 -4.248792e+03 0.000000e+00 0.000000e+00 0.000000e+00 -5.151126e+02 -5.137779e+02 2.082763e+03 1.223359e+03 0.000000e+00 0.000000e+00 0.000000e+00 0.000000e+00 0.000000e+00 0.000000e+00 0.000000e+00 0.000000e+00 0.000000e+00
1.110000e+00 0.000000e+00 -4.852811e+03 -4.265289e+03 0.000000e+00 0.000000e+00 0.000000e+00 -5.160610e+02 -5.147187e+02 2.083655e+03 1.225626e+03 0.000000e+00 0.000000e+00 0.000000e+00 0.000000e+00 0.000000e+00 0.000000e+00 0.000000e+00 0.000000e+00 0.000000e+00
1.111000e+00 0.000000e+00 -4.862976e+03 -4.281965e+03 0.000000e+00 0.000000e+00 0.000000e+00 -5.170039e+02 -5.156540e+02 2.084572e+03 1.227893e+03 0.000000e+00 0.000000e+00 0.000000e+00 0.000000e+00 0.000000e+00 0.000000e+00 0.000000e+00 0.000000e+00 0.000000e+00
1.112000e+00 0.000000e+00 -4.873284e+03 -4.298816e+03 0.000000e+00 0.000000e+00 0.000000e+00 -5.179405e+02 -5.165832e+02 2.085514e+03 1.230157e+03 0.000000e+00 0.000000e+00 0.000000e+00 0.000000e+00 0.000000e+00 0.000000e+00 0.000000e+00 0.000000e+00 0.000000e+00
1.113000e+00 0.000000e+00 -4.883731e+03 -4.315838e+03 0.000000e+00 0.000000e+00 0.000000e+00 -5.188702e+02 -5.175056e+02 2.086479e+03 1.232418e+03 0.000000e+00 0.000000e+00 0.000000e+00 0.000000e+00 0.000000e+00 0.000000e+00 0.000000e+00 0.000000e+00 0.000000e+00
1.114000e+00 0.000000e+00 -4.894316e+03 -4.333028e+03 0.000000e+00 0.000000e+00 0.000000e+00 -5.197925e+02 -5.184206e+02 2.087467e+03 1.234673e+03 0.000000e+00 0.000000e+00 0.000000e+00 0.000000e+00 0.000000e+00 0.000000e+00 0.000000e+00 0.000000e+00 0.000000e+00
1.115000e+00 0.000000e+00 -4.905036e+03 -4.350381e+03 0.000000e+00 0.000000e+00 0.000000e+00 -5.207066e+02 -5.193276e+02 2.088477e+03 1.236922e+03 0.000000e+00 0.000000e+00 0.000000e+00 0.000000e+00 0.000000e+00 0.000000e+00 0.000000e+00 0.000000e+00 0.000000e+00
1.116000e+00 0.000000e+00 -4.915888e+03 -4.367894e+03 0.000000e+00 0.000000e+00 0.000000e+00 -5.216120e+02 -5.202261e+02 2.089508e+03 1.239163e+03 0.000000e+00 0.000000e+00 0.000000e+00 0.000000e+00 0.000000e+00 0.000000e+00 0.000000e+00 0.000000e+00 0.000000e+00
1.117000e+00 0.000000e+00 -4.926871e+03 -4.385562e+03 0.000000e+00 0.000000e+00 0.000000e+00 -5.225082e+02 -5.211154e+02 2.090560e+03 1.241394e+03 0.000000e+00 0.000000e+00 0.000000e+00 0.000000e+00 0.000000e+00 0.000000e+00 0.000000e+00 0.000000e+00 0.000000e+00
1.118000e+00 0.000000e+00 -4.937982e+03 -4.403382e+03 0.000000e+00 0.000000e+00 0.000000e+00 -5.233944e+02 -5.219949e+02 2.091632e+03 1.243614e+03 0.000000e+00 0.000000e+00 0.000000e+00 0.000000e+00 0.000000e+00 0.000000e+00 0.000000e+00 0.000000e+00 0.000000e+00
1.119000e+00 0.000000e+00 -4.949218e+03 -4.421350e+03 0.000000e+00 0.000000e+00 0.000000e+00 -5.242701e+02 -5.228641e+02 2.092722e+03 1.245821e+03 0.000000e+00 0.000000e+00 0.000000e+00 0.000000e+00 0.000000e+00 0.000000e+00 0.000000e+00 0.000000e+00 0.000000e+00
1.120000e+00 0.000000e+00 -4.960578e+03 -4.439462e+03 0.000000e+00 0.000000e+00 0.000000e+00 -5.251348e+02 -5.237223e+02 2.093831e+03 1.248014e+03 0.000000e+00 0.000000e+00 0.000000e+00 0.000000e+00 0.000000e+00 0.000000e+00 0.000000e+00 0.000000e+00 0.000000e+00
1.121000e+00 0.000000e+00 -4.972057e+03 -4.457713e+03 0.000000e+00 0.000000e+00 0.000000e+00 -5.259878e+02 -5.245690e+02 2.094957e+03 1.250192e+03 0.000000e+00 0.000000e+00 0.000000e+00 0.000000e+00 0.000000e+00 0.000000e+00 0.000000e+00 0.000000e+00 0.000000e+00
1.122000e+00 0.000000e+00 -4.983655e+03 -4.476101e+03 0.000000e+00 0.000000e+00 0.000000e+00 -5.268286e+02 -5.254037e+02 2.096100e+03 1.252352e+03 0.000000e+00 0.000000e+00 0.000000e+00 0.000000e+00 0.000000e+00 0.000000e+00 0.000000e+00 0.000000e+00 0.000000e+00
1.123000e+00 0.000000e+00 -4.995367e+03 -4.494621e+03 0.000000e+00 0.000000e+00 0.000000e+00 -5.276566e+02 -5.262257e+02 2.097258e+03 1.254494e+03 0.000000e+00 0.000000e+00 0.000000e+00 0.000000e+00 0.000000e+00 0.000000e+00 0.000000e+00 0.000000e+00 0.000000e+00
1.124000e+00 0.000000e+00 -5.007193e+03 -4.513269e+03 0.000000e+00 0.000000e+00 0.000000e+00 -5.284713e+02 -5.270345e+02 2.098432e+03 1.256616e+03 0.000000e+00 0.000000e+00 0.000000e+00 0.000000e+00 0.000000e+00 0.000000e+00 0.000000e+00 0.000000e+00 0.000000e+00
1.125000e+00 0.000000e+00 -5.019129e+03 -4.532041e+03 0.000000e+00 0.000000e+00 0.000000e+00 -5.292722e+02 -5.278297e+02 2.099620e+03 1.258717e+03 0.000000e+00 0.000000e+00 0.000000e+00 0.000000e+00 0.000000e+00 0.000000e+00 0.000000e+00 0.000000e+00 0.000000e+00
1.126000e+00 0.000000e+00 -5.031173e+03 -4.550934e+03 0.000000e+00 0.000000e+00 0.000000e+00 -5.300587e+02 -5.286106e+02 2.100822e+03 1.260796e+03 0.000000e+00 0.000000e+00 0.000000e+00 0.000000e+00 0.000000e+00 0.000000e+00 0.000000e+00 0.000000e+00 0.000000e+00
1.127000e+00 0.000000e+00 -5.043322e+03 -4.569944e+03 0.000000e+00 0.000000e+00 0.000000e+00 -5.308302e+02 -5.293768e+02 2.102037e+03 1.262851e+03 0.000000e+00 0.000000e+00 0.000000e+00 0.000000e+00 0.000000e+00 0.000000e+00 0.000000e+00 0.000000e+00 0.000000e+00
1.128000e+00 0.000000e+00 -5.055573e+03 -4.589066e+03 0.000000e+00 0.000000e+00 0.000000e+00 -5.315864e+02 -5.301277e+02 2.103264e+03 1.264880e+03 0.000000e+00 0.000000e+00 0.000000e+00 0.000000e+00 0.000000e+00 0.000000e+00 0.000000e+00 0.000000e+00 0.000000e+00
1.129000e+00 0.000000e+00 -5.067924e+03 -4.608297e+03 0.000000e+00 0.000000e+00 0.000000e+00 -5.323266e+02 -5.308629e+02 2.104502e+03 1.266883e+03 0.000000e+00 0.000000e+00 0.000000e+00 0.000000e+00 0.000000e+00 0.000000e+00 0.000000e+00 0.000000e+00 0.000000e+00
1.130000e+00 0.000000e+00 -5.080373e+03 -4.627634e+03 0.000000e+00 0.000000e+00 0.000000e+00 -5.330504e+02 -5.315817e+02 2.105751e+03 1.268858e+03 0.000000e+00 0.000000e+00 0.000000e+00 0.000000e+00 0.000000e+00 0.000000e+00 0.000000e+00 0.000000e+00 0.000000e+00
1.131000e+00 0.000000e+00 -5.092916e+03 -4.647071e+03 0.000000e+00 0.000000e+00 0.000000e+00 -5.337572e+02 -5.322838e+02 2.107009e+03 1.270804e+03 0.000000e+00 0.000000e+00 0.000000e+00 0.000000e+00 0.000000e+00 0.000000e+00 0.000000e+00 0.000000e+00 0.000000e+00
1.132000e+00 0.000000e+00 -5.105551e+03 -4.666606e+03 0.000000e+00 0.000000e+00 0.000000e+00 -5.344467e+02 -5.329686e+02 2.108277e+03 1.272720e+03 0.000000e+00 0.000000e+00 0.000000e+00 0.000000e+00 0.000000e+00 0.000000e+00 0.000000e+00 0.000000e+00 0.000000e+00
1.133000e+00 0.000000e+00 -5.118276e+03 -4.686235e+03 0.000000e+00 0.000000e+00 0.000000e+00 -5.351183e+02 -5.336358e+02 2.109553e+03 1.274604e+03 0.000000e+00 0.000000e+00 0.000000e+00 0.000000e+00 0.000000e+00 0.000000e+00 0.000000e+00 0.000000e+00 0.000000e+00
1.134000e+00 0.000000e+00 -5.131087e+03 -4.705953e+03 0.000000e+00 0.000000e+00 0.000000e+00 -5.357715e+02 -5.342848e+02 2.110837e+03 1.276456e+03 0.000000e+00 0.000000e+00 0.000000e+00 0.000000e+00 0.000000e+00 0.000000e+00 0.000000e+00 0.000000e+00 0.000000e+00
1.135000e+00 0.000000e+00 -5.143982e+03 -4.725757e+03 0.000000e+00 0.000000e+00 0.000000e+00 -5.364060e+02 -5.349151e+02 2.112128e+03 1.278273e+03 0.000000e+00 0.000000e+00 0.000000e+00 0.000000e+00 0.000000e+00 0.000000e+00 0.000000e+00 0.000000e+00 0.000000e+00
1.136000e+00 0.000000e+00 -5.156958e+03 -4.745643e+03 0.000000e+00 0.000000e+00 0.000000e+00 -5.370212e+02 -5.355264e+02 2.113426e+03 1.280056e+03 0.000000e+00 0.000000e+00 0.000000e+00 0.000000e+00 0.000000e+00 0.000000e+00 0.000000e+00 0.000000e+00 0.000000e+00
1.137000e+00 0.000000e+00 -5.170013e+03 -4.765607e+03 0.000000e+00 0.000000e+00 0.000000e+00 -5.376168e+02 -5.361182e+02 2.114729e+03 1.281802e+03 0.000000e+00 0.000000e+00 0.000000e+00 0.000000e+00 0.000000e+00 0.000000e+00 0.000000e+00 0.000000e+00 0.000000e+00
1.138000e+00 0.000000e+00 -5.183143e+03 -4.785645e+03 0.000000e+00 0.000000e+00 0.000000e+00 -5.381923e+02 -5.366901e+02 2.116036e+03 1.283512e+03 0.000000e+00 0.000000e+00 0.000000e+00 0.000000e+00 0.000000e+00 0.000000e+00 0.000000e+00 0.000000e+00 0.000000e+00
1.139000e+00 0.000000e+00 -5.196347e+03 -4.805754e+03 0.000000e+00 0.000000e+00 0.000000e+00 -5.387473e+02 -5.372417e+02 2.117348e+03 1.285182e+03 0.000000e+00 0.000000e+00 0.000000e+00 0.000000e+00 0.000000e+00 0.000000e+00 0.000000e+00 0.000000e+00 0.000000e+00
1.140000e+00 0.000000e+00 -5.209621e+03 -4.825929e+03 0.000000e+00 0.000000e+00 0.000000e+00 -5.392815e+02 -5.377727e+02 2.118664e+03 1.286814e+03 0.000000e+00 0.000000e+00 0.000000e+00 0.000000e+00 0.000000e+00 0.000000e+00 0.000000e+00 0.000000e+00 0.000000e+00
1.141000e+00 0.000000e+00 -5.222963e+03 -4.846167e+03 0.000000e+00 0.000000e+00 0.000000e+00 -5.397944e+02 -5.382825e+02 2.119982e+03 1.288404e+03 0.000000e+00 0.000000e+00 0.000000e+00 0.000000e+00 0.000000e+00 0.000000e+00 0.000000e+00 0.000000e+00 0.000000e+00
1.142000e+00 0.000000e+00 -5.236369e+03 -4.866464e+03 0.000000e+00 0.000000e+00 0.000000e+00 -5.402857e+02 -5.387708e+02 2.121302e+03 1.289954e+03 0.000000e+00 0.000000e+00 0.000000e+00 0.000000e+00 0.000000e+00 0.000000e+00 0.000000e+00 0.000000e+00 0.000000e+00
1.143000e+00 0.000000e+00 -5.249838e+03 -4.886816e+03 0.000000e+00 0.000000e+00 0.000000e+00 -5.407550e+02 -5.392374e+02 2.122624e+03 1.291461e+03 0.000000e+00 0.000000e+00 0.000000e+00 0.000000e+00 0.000000e+00 0.000000e+00 0.000000e+00 0.000000e+00 0.000000e+00
1.144000e+00 0.000000e+00 -5.263366e+03 -4.907220e+03 0.000000e+00 0.000000e+00 0.000000e+00 -5.412019e+02 -5.396818e+02 2.123947e+03 1.292924e+03 0.000000e+00 0.000000e+00 0.000000e+00 0.000000e+00 0.000000e+00 0.000000e+00 0.000000e+00 0.000000e+00 0.000000e+00
1.145000e+00 0.000000e+00 -5.276951e+03 -4.927670e+03 0.000000e+00 0.000000e+00 0.000000e+00 -5.416262e+02 -5.401036e+02 2.125269e+03 1.294343e+03 0.000000e+00 0.000000e+00 0.000000e+00 0.000000e+00 0.000000e+00 0.000000e+00 0.000000e+00 0.000000e+00 0.000000e+00
1.146000e+00 0.000000e+00 -5.290590e+03 -4.948164e+03 0.000000e+00 0.000000e+00 0.000000e+00 -5.420274e+02 -5.405027e+02 2.126592e+03 1.295717e+03 0.000000e+00 0.000000e+00 0.000000e+00 0.000000e+00 0.000000e+00 0.000000e+00 0.000000e+00 0.000000e+00 0.000000e+00
1.147000e+00 0.000000e+00 -5.304280e+03 -4.968698e+03 0.000000e+00 0.000000e+00 0.000000e+00 -5.424054e+02 -5.408786e+02 2.127913e+03 1.297045e+03 0.000000e+00 0.000000e+00 0.000000e+00 0.000000e+00 0.000000e+00 0.000000e+00 0.000000e+00 0.000000e+00 0.000000e+00
1.148000e+00 0.000000e+00 -5.318018e+03 -4.989268e+03 0.000000e+00 0.000000e+00 0.000000e+00 -5.427597e+02 -5.412310e+02 2.129232e+03 1.298326e+03 0.000000e+00 0.000000e+00 0.000000e+00 0.000000e+00 0.000000e+00 0.000000e+00 0.000000e+00 0.000000e+00 0.000000e+00
1.149000e+00 0.000000e+00 -5.331802e+03 -5.009869e+03 0.000000e+00 0.000000e+00 0.000000e+00 -5.430901e+02 -5.415597e+02 2.130549e+03 1.299558e+03 0.000000e+00 0.000000e+00 0.000000e+00 0.000000e+00 0.000000e+00 0.000000e+00 0.000000e+00 0.000000e+00 0.000000e+00
1.150000e+00 0.000000e+00 -5.345628e+03 -5.030499e+03 0.000000e+00 0.000000e+00 0.000000e+00 -5.433962e+02 -5.418643e+02 2.131863e+03 1.300743e+03 0.000000e+00 0.000000e+00 0.000000e+00 0.000000e+00 0.000000e+00 0.000000e+00 0.000000e+00 0.000000e+00 0.000000e+00
1.151000e+00 0.000000e+00 -5.359495e+03 -5.051153e+03 0.000000e+00 0.000000e+00 0.000000e+00 -5.436780e+02 -5.421447e+02 2.133173e+03 1.301877e+03 0.000000e+00 0.000000e+00 0.000000e+00 0.000000e+00 0.000000e+00 0.000000e+00 0.000000e+00 0.000000e+00 0.000000e+00
1.152000e+00 0.000000e+00 -5.373399e+03 -5.071827e+03 0.000000e+00 0.000000e+00 0.000000e+00 -5.439350e+02 -5.424005e+02 2.134479e+03 1.302962e+03 0.000000e+00 0.000000e+00 0.000000e+00 0.000000e+00 0.000000e+00 0.000000e+00 0.000000e+00 0.000000e+00 0.000000e+00
1.153000e+00 0.000000e+00 -5.387338e+03 -5.092517e+03 0.000000e+00 0.000000e+00 0.000000e+00 -5.441670e+02 -5.426315e+02 2.135780e+03 1.303996e+03 0.000000e+00 0.000000e+00 0.000000e+00 0.000000e+00 0.000000e+00 0.000000e+00 0.000000e+00 0.000000e+00 0.000000e+00
1.154000e+00 0.000000e+00 -5.401309e+03 -5.113220e+03 0.000000e+00 0.000000e+00 0.000000e+00 -5.443739e+02 -5.428375e+02 2.137075e+03 1.304978e+03 0.000000e+00 0.000000e+00 0.000000e+00 0.000000e+00 0.000000e+00 0.000000e+00 0.000000e+00 0.000000e+00 0.000000e+00
1.155000e+00 0.000000e+00 -5.415308e+03 -5.133932e+03 0.000000e+00 0.000000e+00 0.000000e+00 -5.445553e+02 -5.430182e+02 2.138365e+03 1.305907e+03 0.000000e+00 0.000000e+00 0.000000e+00 0.000000e+00 0.000000e+00 0.000000e+00 0.000000e+00 0.000000e+00 0.000000e+00
1.156000e+00 0.000000e+00 -5.429334e+03 -5.154647e+03 0.000000e+00 0.000000e+00 0.000000e+00 -5.447111e+02 -5.431734e+02 2.139648e+03 1.306784e+03 0.000000e+00 0.000000e+00 0.000000e+00 0.000000e+00 0.000000e+00 0.000000e+00 0.000000e+00 0.000000e+00 0.000000e+00
1.157000e+00 0.000000e+00 -5.443384e+03 -5.175363e+03 0.000000e+00 0.000000e+00 0.000000e+00 -5.448410e+02 -5.433030e+02 2.140923e+03 1.307607e+03 0.000000e+00 0.000000e+00 0.000000e+00 0.000000e+00 0.000000e+00 0.000000e+00 0.000000e+00 0.000000e+00 0.000000e+00
1.158000e+00 0.000000e+00 -5.457454e+03 -5.196076e+03 0.000000e+00 0.000000e+00 0.000000e+00 -5.449449e+02 -5.434067e+02 2.142191e+03 1.308376e+03 0.000000e+00 0.000000e+00 0.000000e+00 0.000000e+00 0.000000e+00 0.000000e+00 0.000000e+00 0.000000e+00 0.000000e+00
1.159000e+00 0.000000e+00 -5.471542e+03 -5.216781e+03 0.000000e+00 0.000000e+00 0.000000e+00 -5.450227e+02 -5.434843e+02 2.143451e+03 1.309091e+03 0.000000e+00 0.000000e+00 0.000000e+00 0.000000e+00 0.000000e+00 0.000000e+00 0.000000e+00 0.000000e+00 0.000000e+00
1.160000e+00 0.000000e+00 -5.485646e+03 -5.237474e+03 0.000000e+00 0.000000e+00 0.000000e+00 -5.450740e+02 -5.435358e+02 2.144702e+03 1.309749e+03 0.000000e+00 0.000000e+00 0.000000e+00 0.000000e+00 0.000000e+00 0.000000e+00 0.000000e+00 0.000000e+00 0.000000e+00
1.161000e+00 0.000000e+00 -5.499762e+03 -5.258152e+03 0.000000e+00 0.000000e+00 0.000000e+00 -5.450989e+02 -5.435609e+02 2.145943e+03 1.310353e+03 0.000000e+00 0.000000e+00 0.000000e+00 0.000000e+00 0.000000e+00 0.000000e+00 0.000000e+00 0.000000e+00 0.000000e+00
1.162000e+00 0.000000e+00 -5.513889e+03 -5.278810e+03 0.000000e+00 0.000000e+00 0.000000e+00 -5.450971e+02 -5.435596e+02 2.147175e+03 1.310899e+03 0.000000e+00 0.000000e+00 0.000000e+00 0.000000e+00 0.000000e+00 0.000000e+00 0.000000e+00 0.000000e+00 0.000000e+00
1.163000e+00 0.000000e+00 -5.528022e+03 -5.299444e+03 0.000000e+00 0.000000e+00 0.000000e+00 -5.450686e+02 -5.435316e+02 2.148396e+03 1.311389e+03 0.000000e+00 0.000000e+00 0.000000e+00 0.000000e+00 0.000000e+00 0.000000e+00 0.000000e+00 0.000000e+00 0.000000e+00
1.164000e+00 0.000000e+00 -5.542161e+03 -5.320050e+03 0.000000e+00 0.000000e+00 0.000000e+00 -5.450132e+02 -5.434769e+02 2.149606e+03 1.311822e+03 0.000000e+00 0.000000e+00 0.000000e+00 0.000000e+00 0.000000e+00 0.000000e+00 0.000000e+00 0.000000e+00 0.000000e+00
1.165000e+00 0.000000e+00 -5.556301e+03 -5.340624e+03 0.000000e+00 0.000000e+00 0.000000e+00 -5.449309e+02 -5.433954e+02 2.150805e+03 1.312198e+03 0.000000e+00 0.000000e+00 0.000000e+00 0.000000e+00 0.000000e+00 0.000000e+00 0.000000e+00 0.000000e+00 0.000000e+00
1.166000e+00 0.000000e+00 -5.570441e+03 -5.361162e+03 0.000000e+00 0.000000e+00 0.000000e+00 -5.448215e+02 -5.432870e+02 2.151992e+03 1.312515e+03 0.000000e+00 0.000000e+00 0.000000e+00 0.000000e+00 0.000000e+00 0.000000e+00 0.000000e+00 0.000000e+00 0.000000e+00
1.167000e+00 0.000000e+00 -5.584577e+03 -5.381659e+03 0.000000e+00 0.000000e+00 0.000000e+00 -5.446850e+02 -5.431516e+02 2.153167e+03 1.312774e+03 0.000000e+00 0.000000e+00 0.000000e+00 0.000000e+00 0.000000e+00 0.000000e+00 0.000000e+00 0.000000e+00 0.000000e+00
1.168000e+00 0.000000e+00 -5.598707e+03 -5.402112e+03 0.000000e+00 0.000000e+00 0.000000e+00 -5.445213e+02 -5.429892e+02 2.154329e+03 1.312974e+03 0.000000e+00 0.000000e+00 0.000000e+00 0.000000e+00 0.000000e+00 0.000000e+00 0.000000e+00 0.000000e+00 0.000000e+00
1.169000e+00 0.000000e+00 -5.612829e+03 -5.422516e+03 0.000000e+00 0.000000e+00 0.000000e+00 -5.443304e+02 -5.427997e+02 2.155477e+03 1.313116e+03 0.000000e+00 0.000000e+00 0.000000e+00 0.000000e+00 0.000000e+00 0.000000e+00 0.000000e+00 0.000000e+00 0.000000e+00
1.170000e+00 0.000000e+00 -5.626940e+03 -5.442867e+03 0.000000e+00 0.000000e+00 0.000000e+00 -5.441123e+02 -5.425831e+02 2.156612e+03 1.313198e+03 0.000000e+00 0.000000e+00 0.000000e+00 0.000000e+00 0.000000e+00 0.000000e+00 0.000000e+00 0.000000e+00 0.000000e+00
1.171000e+00 0.000000e+00 -5.641037e+03 -5.463161e+03 0.000000e+00 0.000000e+00 0.000000e+00 -5.438669e+02 -5.423394e+02 2.157732e+03 1.313221e+03 0.000000e+00 0.000000e+00 0.000000e+00 0.000000e+00 0.000000e+00 0.000000e+00 0.000000e+00 0.000000e+00 0.000000e+00
1.172000e+00 0.000000e+00 -5.655118e+03 -5.483394e+03 0.000000e+00 0.000000e+00 0.000000e+00 -5.435943e+02 -5.420685e+02 2.158838e+03 1.313184e+03 0.000000e+00 0.000000e+00 0.000000e+00 0.000000e+00 0.000000e+00 0.000000e+00 0.000000e+00 0.000000e+00 0.000000e+00
1.173000e+00 0.000000e+00 -5.669181e+03 -5.503561e+03 0.000000e+00 0.000000e+00 0.000000e+00 -5.432943e+02 -5.417705e+02 2.159929e+03 1.313087e+03 0.000000e+00 0.000000e+00 0.000000e+00 0.000000e+00 0.000000e+00 0.000000e+00 0.000000e+00 0.000000e+00 0.000000e+00
1.174000e+00 0.000000e+00 -5.683222e+03 -5.523657e+03 0.000000e+00 0.000000e+00 0.000000e+00 -5.429672e+02 -5.414453e+02 2.161004e+03 1.312930e+03 0.000000e+00 0.000000e+00 0.000000e+00 0.000000e+00 0.000000e+00 0.000000e+00 0.000000e+00 0.000000e+00 0.000000e+00
1.175000e+00 0.000000e+00 -5.697240e+03 -5.543680e+03 0.000000e+00 0.000000e+00 0.000000e+00 -5.426128e+02 -5.410931e+02 2.162064e+03 1.312714e+03 0.000000e+00 0.000000e+00 0.000000e+00 0.000000e+00 0.000000e+00 0.000000e+00 0.000000e+00 0.000000e+00 0.000000e+00
1.176000e+00 0.000000e+00 -5.711232e+03 -5.563624e+03 0.000000e+00 0.000000e+00 0.000000e+00 -5.422312e+02 -5.407138e+02 2.163107e+03 1.312437e+03 0.000000e+00 0.000000e+00 0.000000e+00 0.000000e+00 0.000000e+00 0.000000e+00 0.000000e+00 0.000000e+00 0.000000e+00
1.177000e+00 0.000000e+00 -5.725195e+03 -5.583485e+03 0.000000e+00 0.000000e+00 0.000000e+00 -5.418225e+02 -5.403074e+02 2.164134e+03 1.312100e+03 0.000000e+00 0.000000e+00 0.000000e+00 0.000000e+00 0.000000e+00 0.000000e+00 0.000000e+00 0.000000e+00 0.000000e+00
1.178000e+00 0.000000e+00 -5.739128e+03 -5.603258e+03 0.000000e+00 0.000000e+00 0.000000e+00 -5.413868e+02 -5.398741e+02 2.165144e+03 1.311702e+03 0.000000e+00 0.000000e+00 0.000000e+00 0.000000e+00 0.000000e+00 0.000000e+00 0.000000e+00 0.000000e+00 0.000000e+00
1.179000e+00 0.000000e+00 -5.753027e+03 -5.622939e+03 0.000000e+00 0.000000e+00 0.000000e+00 -5.409240e+02 -5.394138e+02 2.166136e+03 1.311244e+03 0.000000e+00 0.000000e+00 0.000000e+00 0.000000e+00 0.000000e+00 0.000000e+00 0.000000e+00 0.000000e+00 0.000000e+00
1.180000e+00 0.000000e+00 -5.766891e+03 -5.642524e+03 0.000000e+00 0.000000e+00 0.000000e+00 -5.404343e+02 -5.389267e+02 2.167111e+03 1.310726e+03 0.000000e+00 0.000000e+00 0.000000e+00 0.000000e+00 0.000000e+00 0.000000e+00 0.000000e+00 0.000000e+00 0.000000e+00
1.181000e+00 0.000000e+00 -5.780717e+03 -5.662008e+03 0.000000e+00 0.000000e+00 0.000000e+00 -5.399177e+02 -5.384129e+02 2.168068e+03 1.310147e+03 0.000000e+00 0.000000e+00 0.000000e+00 0.000000e+00 0.000000e+00 0.000000e+00 0.000000e+00 0.000000e+00 0.000000e+00
1.182000e+00 0.000000e+00 -5.794503e+03 -5.681387e+03 0.000000e+00 0.000000e+00 0.000000e+00 -5.393744e+02 -5.378724e+02 2.169006e+03 1.309508e+03 0.000000e+00 0.000000e+00 0.000000e+00 0.000000e+00 0.000000e+00 0.000000e+00 0.000000e+00 0.000000e+00 0.000000e+00
1.183000e+00 0.000000e+00 -5.808247e+03 -5.700656e+03 0.000000e+00 0.000000e+00 0.000000e+00 -5.388045e+02 -5.373053e+02 2.169926e+03 1.308808e+03 0.000000e+00 0.000000e+00 0.000000e+00 0.000000e+00 0.000000e+00 0.000000e+00 0.000000e+00 0.000000e+00 0.000000e+00
1.184000e+00 0.000000e+00 -5.821946e+03 -5.719810e+03 0.000000e+00 0.000000e+00 0.000000e+00 -5.382081e+02 -5.367119e+02 2.170826e+03 1.308049e+03 0.000000e+00 0.000000e+00 0.000000e+00 0.000000e+00 0.000000e+00 0.000000e+00 0.000000e+00 0.000000e+00 0.000000e+00
1.185000e+00 0.000000e+00 -5.835599e+03 -5.738846e+03 0.000000e+00 0.000000e+00 0.000000e+00 -5.375853e+02 -5.360921e+02 2.171707e+03 1.307229e+03 0.000000e+00 0.000000e+00 0.000000e+00 0.000000e+00 0.000000e+00 0.000000e+00 0.000000e+00 0.000000e+00 0.000000e+00
1.186000e+00 0.000000e+00 -5.849203e+03 -5.757758e+03 0.000000e+00 0.000000e+00 0.000000e+00 -5.369363e+02 -5.354463e+02 2.172569e+03 1.306349e+03 0.000000e+00 0.000000e+00 0.000000e+00 0.000000e+00 0.000000e+00 0.000000e+00 0.000000e+00 0.000000e+00 0.000000e+00
1.187000e+00 0.000000e+00 -5.862756e+03 -5.776543e+03 0.000000e+00 0.000000e+00 0.000000e+00 -5.362613e+02 -5.347744e+02 2.173411e+03 1.305410e+03 0.000000e+00 0.000000e+00 0.000000e+00 0.000000e+00 0.000000e+00 0.000000e+00 0.000000e+00 0.000000e+00 0.000000e+00
1.188000e+00 0.000000e+00 -5.876257e+03 -5.795195e+03 0.000000e+00 0.000000e+00 0.000000e+00 -5.355604e+02 -5.340767e+02 2.174232e+03 1.304411e+03 0.000000e+00 0.000000e+00 0.000000e+00 0.000000e+00 0.000000e+00 0.000000e+00 0.000000e+00 0.000000e+00 0.000000e+00
1.189000e+00 0.000000e+00 -5.889702e+03 -5.813711e+03 0.000000e+00 0.000000e+00 0.000000e+00 -5.348337e+02 -5.333534e+02 2.175034e+03 1.303353e+03 0.000000e+00 0.000000e+00 0.000000e+00 0.000000e+00 0.000000e+00 0.000000e+00 0.000000e+00 0.000000e+00 0.000000e+00
1.190000e+00 0.000000e+00 -5.903091e+03 -5.832085e+03 0.000000e+00 0.000000e+00 0.000000e+00 -5.340816e+02 -5.326046e+02 2.175814e+03 1.302235e+03 0.000000e+00 0.000000e+00 0.000000e+00 0.000000e+00 0.000000e+00 0.000000e+00 0.000000e+00 0.000000e+00 0.000000e+00
1.191000e+00 0.000000e+00 -5.916421e+03 -5.850314e+03 0.000000e+00 0.000000e+00 0.000000e+00 -5.333042e+02 -5.318306e+02 2.176574e+03 1.301059e+03 0.000000e+00 0.000000e+00 0.000000e+00 0.000000e+00 0.000000e+00 0.000000e+00 0.000000e+00 0.000000e+00 0.000000e+00
1.192000e+00 0.000000e+00 -5.929690e+03 -5.868392e+03 0.000000e+00 0.000000e+00 0.000000e+00 -5.325017e+02 -5.310315e+02 2.177312e+03 1.299824e+03 0.000000e+00 0.000000e+00 0.000000e+00 0.000000e+00 0.000000e+00 0.000000e+00 0.000000e+00 0.000000e+00 0.000000e+00
1.193000e+00 0.000000e+00 -5.942897e+03 -5.886316e+03 0.000000e+00 0.000000e+00 0.000000e+00 -5.316744e+02 -5.302076e+02 2.178030e+03 1.298532e+03 0.000000e+00 0.000000e+00 0.000000e+00 0.000000e+00 0.000000e+00 0.000000e+00 0.000000e+00 0.000000e+00 0.000000e+00
1.194000e+00 0.000000e+00 -5.956040e+03 -5.904080e+03 0.000000e+00 0.000000e+00 0.000000e+00 -5.308224e+02 -5.293591e+02 2.178725e+03 1.297181e+03 0.000000e+00 0.000000e+00 0.000000e+00 0.000000e+00 0.000000e+00 0.000000e+00 0.000000e+00 0.000000e+00 0.000000e+00
1.195000e+00 0.000000e+00 -5.969116e+03 -5.921681e+03 0.000000e+00 0.000000e+00 0.000000e+00 -5.299460e+02 -5.284862e+02 2.179399e+03 1.295772e+03 0.000000e+00 0.000000e+00 0.000000e+00 0.000000e+00 0.000000e+00 0.000000e+00 0.000000e+00 0.000000e+00 0.000000e+00
1.196000e+00 0.000000e+00 -5.982125e+03 -5.939114e+03 0.000000e+00 0.000000e+00 0.000000e+00 -5.290455e+02 -5.275892e+02 2.180051e+03 1.294307e+03 0.000000e+00 0.000000e+00 0.000000e+00 0.000000e+00 0.000000e+00 0.000000e+00 0.000000e+00 0.000000e+00 0.000000e+00
1.197000e+00 0.000000e+00 -5.995065e+03 -5.956375e+03 0.000000e+00 0.000000e+00 0.000000e+00 -5.281211e+02 -5.266684e+02 2.180681e+03 1.292785e+03 0.000000e+00 0.000000e+00 0.000000e+00 0.000000e+00 0.000000e+00 0.000000e+00 0.000000e+00 0.000000e+00 0.000000e+00
1.198000e+00 0.000000e+00 -6.007933e+03 -5.973459e+03 0.000000e+00 0.000000e+00 0.000000e+00 -5.271731e+02 -5.257239e+02 2.181289e+03 1.291206e+03 0.000000e+00 0.000000e+00 0.000000e+00 0.000000e+00 0.000000e+00 0.000000e+00 0.000000e+00 0.000000e+00 0.000000e+00
1.199000e+00 0.000000e+00 -6.020729e+03 -5.990361e+03 0.000000e+00 0.000000e+00 0.000000e+00 -5.262018e+02 -5.247561e+02 2.181874e+03 1.289572e+03 0.000000e+00 0.000000e+00 0.000000e+00 0.000000e+00 0.000000e+00 0.000000e+00 0.000000e+00 0.000000e+00 0.000000e+00
1.200000e+00 0.000000e+00 -6.033450e+03 -6.007079e+03 0.000000e+00 0.000000e+00 0.000000e+00 -5.252073e+02 -5.237653e+02 2.182436e+03 1.287882e+03 0.000000e+00 0.000000e+00 0.000000e+00 0.000000e+00 0.000000e+00 0.000000e+00 0.000000e+00 0.000000e+00 0.000000e+00
1.201000e+00 0.000000e+00 -6.046096e+03 -6.023606e+03 0.000000e+00 0.000000e+00 0.000000e+00 -5.241901e+02 -5.227516e+02 2.182976e+03 1.286137e+03 0.000000e+00 0.000000e+00 0.000000e+00 0.000000e+00 0.000000e+00 0.000000e+00 0.000000e+00 0.000000e+00 0.000000e+00
1.202000e+00 0.000000e+00 -6.058665e+03 -6.039939e+03 0.000000e+00 0.000000e+00 0.000000e+00 -5.231504e+02 -5.217154e+02 2.183493e+03 1.284337e+03 0.000000e+00 0.000000e+00 0.000000e+00 0.000000e+00 0.000000e+00 0.000000e+00 0.000000e+00 0.000000e+00 0.000000e+00
1.203000e+00 0.000000e+00 -6.071155e+03 -6.056074e+03 0.000000e+00 0.000000e+00 0.000000e+00 -5.220885e+02 -5.206570e+02 2.183987e+03 1.282484e+03 0.000000e+00 0.000000e+00 0.000000e+00 0.000000e+00 0.000000e+00 0.000000e+00 0.000000e+00 0.000000e+00 0.000000e+00
1.204000e+00 0.000000e+00 -6.083566e+03 -6.072005e+03 0.000000e+00 0.000000e+00 0.000000e+00 -5.210046e+02 -5.195767e+02 2.184458e+03 1.280577e+03 0.000000e+00 0.000000e+00 0.000000e+00 0.000000e+00 0.000000e+00 0.000000e+00 0.000000e+00 0.000000e+00 0.000000e+00
1.205000e+00 0.000000e+00 -6.095895e+03 -6.087730e+03 0.000000e+00 0.000000e+00 0.000000e+00 -5.198992e+02 -5.184748e+02 2.184905e+03 1.278617e+03 0.000000e+00 0.000000e+00 0.000000e+00 0.000000e+00 0.000000e+00 0.000000e+00 0.000000e+00 0.000000e+00 0.000000e+00
1.206000e+00 0.000000e+00 -6.108142e+03 -6.103244e+03 0.000000e+00 0.000000e+00 0.000000e+00 -5.187725e+02 -5.173515e+02 2.185330e+03 1.276604e+03 0.000000e+00 0.000000e+00 0.000000e+00 0.000000e+00 0.000000e+00 0.000000e+00 0.000000e+00 0.000000e+00 0.000000e+00
1.207000e+00 0.000000e+00 -6.120305e+03 -6.118543e+03 0.000000e+00 0.000000e+00 0.000000e+00 -5.176249e+02 -5.162073e+02 2.185731e+03 1.274540e+03 0.000000e+00 0.000000e+00 0.000000e+00 0.000000e+00 0.000000e+00 0.000000e+00 0.000000e+00 0.000000e+00 0.000000e+00
1.208000e+00 0.000000e+00 -6.132383e+03 -6.133623e+03 0.000000e+00 0.000000e+00 0.000000e+00 -5.164567e+02 -5.150425e+02 2.186108e+03 1.272424e+03 0.000000e+00 0.000000e+00 0.000000e+00 0.000000e+00 0.000000e+00 0.000000e+00 0.000000e+00 0.000000e+00 0.000000e+00
1.209000e+00 0.000000e+00 -6.144375e+03 -6.148480e+03 0.000000e+00 0.000000e+00 0.000000e+00 -5.152682e+02 -5.138573e+02 2.186462e+03 1.270258e+03 0.000000e+00 0.000000e+00 0.000000e+00 0.000000e+00 0.000000e+00 0.000000e+00 0.000000e+00 0.000000e+00 0.000000e+00
1.210000e+00 0.000000e+00 -6.156280e+03 -6.163110e+03 0.000000e+00 0.000000e+00 0.000000e+00 -5.140597e+02 -5.126522e+02 2.186792e+03 1.268042e+03 0.000000e+00 0.000000e+00 0.000000e+00 0.000000e+00 0.000000e+00 0.000000e+00 0.000000e+00 0.000000e+00 0.000000e+00
1.211000e+00 0.000000e+00 -6.168097e+03 -6.177510e+03 0.000000e+00 0.000000e+00 0.000000e+00 -5.128318e+02 -5.114275e+02 2.187099e+03 1.265776e+03 0.000000e+00 0.000000e+00 0.000000e+00 0.000000e+00 0.000000e+00 0.000000e+00 0.000000e+00 0.000000e+00 0.000000e+00
1.212000e+00 0.000000e+00 -6.179825e+03 -6.191675e+03 0.000000e+00 0.000000e+00 0.000000e+00 -5.115846e+02 -5.101835e+02 2.187382e+03 1.263462e+03 0.000000e+00 0.000000e+00 0.000000e+00 0.000000e+00 0.000000e+00 0.000000e+00 0.000000e+00 0.000000e+00 0.000000e+00
1.213000e+00 0.000000e+00 -6.191463e+03 -6.205602e+03 0.000000e+00 0.000000e+00 0.000000e+00 -5.103185e+02 -5.089206e+02 2.187641e+03 1.261100e+03 0.000000e+00 0.000000e+00 0.000000e+00 0.000000e+00 0.000000e+00 0.000000e+00 0.000000e+00 0.000000e+00 0.000000e+00
1.214000e+00 0.000000e+00 -6.203010e+03 -6.219288e+03 0.000000e+00 0.000000e+00 0.000000e+00 -5.090340e+02 -5.076392e+02 2.187876e+03 1.258690e+03 0.000000e+00 0.000000e+00 0.000000e+00 0.000000e+00 0.000000e+00 0.000000e+00 0.000000e+00 0.000000e+00 0.000000e+00
1.215000e+00 0.000000e+00 -6.214465e+03 -6.232729e+03 0.000000e+00 0.000000e+00 0.000000e+00 -5.077314e+02 -5.063396e+02 2.188088e+03 1.256233e+03 0.000000e+00 0.000000e+00 0.000000e+00 0.000000e+00 0.000000e+00 0.000000e+00 0.000000e+00 0.000000e+00 0.000000e+00
1.216000e+00 0.000000e+00 -6.225828e+03 -6.245922e+03 0.000000e+00 0.000000e+00 0.000000e+00 -5.064111e+02 -5.050222e+02 2.188276e+03 1.253731e+03 0.000000e+00 0.000000e+00 0.000000e+00 0.000000e+00 0.000000e+00 0.000000e+00 0.000000e+00 0.000000e+00 0.000000e+00
1.217000e+00 0.000000e+00 -6.237097e+03 -6.258863e+03 0.000000e+00 0.000000e+00 0.000000e+00 -5.050735e+02 -5.036874e+02 2.188439e+03 1.251183e+03 0.000000e+00 0.000000e+00 0.000000e+00 0.000000e+00 0.000000e+00 0.000000e+00 0.000000e+00 0.000000e+00 0.000000e+00
1.218000e+00 0.000000e+00 -6.248273e+03 -6.271549e+03 0.000000e+00 0.000000e+00 0.000000e+00 -5.037189e+02 -5.023356e+02 2.188580e+03 1.248591e+03 0.000000e+00 0.000000e+00 0.000000e+00 0.000000e+00 0.000000e+00 0.000000e+00 0.000000e+00 0.000000e+00 0.000000e+00
1.219000e+00 0.000000e+00 -6.259353e+03 -6.283978e+03 0.000000e+00 0.000000e+00 0.000000e+00 -5.023478e+02 -5.009671e+02 2.188696e+03 1.245955e+03 0.000000e+00 0.000000e+00 0.000000e+00 0.000000e+00 0.000000e+00 0.000000e+00 0.000000e+00 0.000000e+00 0.000000e+00
1.220000e+00 0.000000e+00 -6.270338e+03 -6.296145e+03 0.000000e+00 0.000000e+00 0.000000e+00 -5.009605e+02 -4.995824e+02 2.188789e+03 1.243276e+03 0.000000e+00 0.000000e+00 0.000000e+00 0.000000e+00 0.000000e+00 0.000000e+00 0.000000e+00 0.000000e+00 0.000000e+00
1.221000e+00 0.000000e+00 -6.281228e+03 -6.308049e+03 0.000000e+00 0.000000e+00 0.000000e+00 -4.995575e+02 -4.981818e+02 2.188858e+03 1.240554e+03 0.000000e+00 0.000000e+00 0.000000e+00 0.000000e+00 0.000000e+00 0.000000e+00 0.000000e+00 0.000000e+00 0.000000e+00
1.222000e+00 0.000000e+00 -6.292020e+03 -6.319686e+03 0.000000e+00 0.000000e+00 0.000000e+00 -4.981391e+02 -4.967658e+02 2.188903e+03 1.237791e+03 0.000000e+00 0.000000e+00 0.000000e+00 0.000000e+00 0.000000e+00 0.000000e+00 0.000000e+00 0.000000e+00 0.000000e+00
1.223000e+00 0.000000e+00 -6.302716e+03 -6.331054e+03 0.000000e+00 0.000000e+00 0.000000e+00 -4.967057e+02 -4.953347e+02 2.188924e+03 1.234988e+03 0.000000e+00 0.000000e+00 0.000000e+00 0.000000e+00 0.000000e+00 0.000000e+00 0.000000e+00 0.000000e+00 0.000000e+00
1.224000e+00 0.000000e+00 -6.313314e+03 -6.342150e+03 0.000000e+00 0.000000e+00 0.000000e+00 -4.952578e+02 -4.938889e+02 2.188922e+03 1.232144e+03 0.000000e+00 0.000000e+00 0.000000e+00 0.000000e+00 0.000000e+00 0.000000e+00 0.000000e+00 0.000000e+00 0.000000e+00
1.225000e+00 0.000000e+00 -6.323815e+03 -6.352971e+03 0.000000e+00 0.000000e+00 0.000000e+00 -4.937956e+02 -4.924288e+02 2.188896e+03 1.229261e+03 0.000000e+00 0.000000e+00 0.000000e+00 0.000000e+00 0.000000e+00 0.000000e+00 0.000000e+00 0.000000e+00 0.000000e+00
1.226000e+00 0.000000e+00 -6.334217e+03 -6.363515e+03 0.000000e+00 0.000000e+00 0.000000e+00 -4.923197e+02 -4.909548e+02 2.188847e+03 1.226339e+03 0.000000e+00 0.000000e+00 0.000000e+00 0.000000e+00 0.000000e+00 0.000000e+00 0.000000e+00 0.000000e+00 0.000000e+00
1.227000e+00 0.000000e+00 -6.344520e+03 -6.373780e+03 0.000000e+00 0.000000e+00 0.000000e+00 -4.908305e+02 -4.894674e+02 2.188774e+03 1.223380e+03 0.000000e+00 0.000000e+00 0.000000e+00 0.000000e+00 0.000000e+00 0.000000e+00 0.000000e+00 0.000000e+00 0.000000e+00
1.228000e+00 0.000000e+00 -6.354724e+03 -6.383764e+03 0.000000e+00 0.000000e+00 0.000000e+00 -4.893283e+02 -4.879669e+02 2.188677e+03 1.220384e+03 0.000000e+00 0.000000e+00 0.000000e+00 0.000000e+00 0.000000e+00 0.000000e+00 0.000000e+00 0.000000e+00 0.000000e+00
1.229000e+00 0.000000e+00 -6.364829e+03 -6.393465e+03 0.000000e+00 0.000000e+00 0.000000e+00 -4.878135e+02 -4.864537e+02 2.188558e+03 1.217352e+03 0.000000e+00 0.000000e+00 0.000000e+00 0.000000e+00 0.000000e+00 0.000000e+00 0.000000e+00 0.000000e+00 0.000000e+00
1.230000e+00 0.000000e+00 -6.374834e+03 -6.402881e+03 0.000000e+00 0.000000e+00 0.000000e+00 -4.862866e+02 -4.849282e+02 2.188415e+03 1.214285e+03 0.000000e+00 0.000000e+00 0.000000e+00 0.000000e+00 0.000000e+00 0.000000e+00 0.000000e+00 0.000000e+00 0.000000e+00
1.231000e+00 0.000000e+00 -6.384740e+03 -6.412010e+03 0.000000e+00 0.000000e+00 0.000000e+00 -4.847481e+02 -4.833909e+02 2.188248e+03 1.211183e+03 0.000000e+00 0.000000e+00 0.000000e+00 0.000000e+00 0.000000e+00 0.000000e+00 0.000000e+00 0.000000e+00 0.000000e+00
1.232000e+00 0.000000e+00 -6.394545e+03 -6.420850e+03 0.000000e+00 0.000000e+00 0.000000e+00 -4.831982e+02 -4.818422e+02 2.188059e+03 1.208048e+03 0.000000e+00 0.000000e+00 0.000000e+00 0.000000e+00 0.000000e+00 0.000000e+00 0.000000e+00 0.000000e+00 0.000000e+00
1.233000e+00 0.000000e+00 -6.404250e+03 -6.429400e+03 0.000000e+00 0.000000e+00 0.000000e+00 -4.816374e+02 -4.802824e+02 2.187846e+03 1.204880e+03 0.000000e+00 0.000000e+00 0.000000e+00 0.000000e+00 0.000000e+00 0.000000e+00 0.000000e+00 0.000000e+00 0.000000e+00
1.234000e+00 0.000000e+00 -6.413855e+03 -6.437660e+03 0.000000e+00 0.000000e+00 0.000000e+00 -4.800662e+02 -4.787120e+02 2.187611e+03 1.201680e+03 0.000000e+00 0.000000e+00 0.000000e+00 0.000000e+00 0.000000e+00 0.000000e+00 0.000000e+00 0.000000e+00 0.000000e+00
1.235000e+00 0.000000e+00 -6.423360e+03 -6.445627e+03 0.000000e+00 0.000000e+00 0.000000e+00 -4.784849e+02 -4.771315e+02 2.187353e+03 1.198449e+03 0.000000e+00 0.000000e+00 0.000000e+00 0.000000e+00 0.000000e+00 0.000000e+00 0.000000e+00 0.000000e+00 0.000000e+00
1.236000e+00 0.000000e+00 -6.432763e+03 -6.453300e+03 0.000000e+00 0.000000e+00 0.000000e+00 -4.768940e+02 -4.755411e+02 2.187071e+03 1.195188e+03 0.000000e+00 0.000000e+00 0.000000e+00 0.000000e+00 0.000000e+00 0.000000e+00 0.000000e+00 0.000000e+00 0.000000e+00
1.237000e+00 0.000000e+00 -6.442067e+03 -6.460680e+03 0.000000e+00 0.000000e+00 0.000000e+00 -4.752939e+02 -4.739414e+02 2.186768e+03 1.191897e+03 0.000000e+00 0.000000e+00 0.000000e+00 0.000000e+00 0.000000e+00 0.000000e+00 0.000000e+00 0.000000e+00 0.000000e+00
1.238000e+00 0.000000e+00 -6.451269e+03 -6.467764e+03 0.000000e+00 0.000000e+00 0.000000e+00 -4.736851e+02 -4.723328e+02 2.186441e+03 1.188578e+03 0.000000e+00 0.000000e+00 0.000000e+00 0.000000e+00 0.000000e+00 0.000000e+00 0.000000e+00 0.000000e+00 0.000000e+00
1.239000e+00 0.000000e+00 -6.460371e+03 -6.474552e+03 0.000000e+00 0.000000e+00 0.000000e+00 -4.720678e+02 -4.707156e+02 2.186092e+03 1.185231e+03 0.000000e+00 0.000000e+00 0.000000e+00 0.000000e+00 0.000000e+00 0.000000e+00 0.000000e+00 0.000000e+00 0.000000e+00
1.240000e+00 0.000000e+00 -6.469373e+03 -6.481045e+03 0.000000e+00 0.000000e+00 0.000000e+00 -4.704427e+02 -4.690904e+02 2.185721e+03 1.181857e+03 0.000000e+00 0.000000e+00 0.000000e+00 0.000000e+00 0.000000e+00 0.000000e+00 0.000000e+00 0.000000e+00 0.000000e+00
1.241000e+00 0.000000e+00 -6.478273e+03 -6.487240e+03 0.000000e+00 0.000000e+00 0.000000e+00 -4.688100e+02 -4.674574e+02 2.185327e+03 1.178457e+03 0.000000e+00 0.000000e+00 0.000000e+00 0.000000e+00 0.000000e+00 0.000000e+00 0.000000e+00 0.000000e+00 0.000000e+00
1.242000e+00 0.000000e+00 -6.487074e+03 -6.493139e+03 0.000000e+00 0.000000e+00 0.000000e+00 -4.671702e+02 -4.658172e+02 2.184911e+03 1.175032e+03 0.000000e+00 0.000000e+00 0.000000e+00 0.000000e+00 0.000000e+00 0.000000e+00 0.000000e+00 0.000000e+00 0.000000e+00
1.243000e+00 0.000000e+00 -6.495773e+03 -6.498742e+03 0.000000e+00 0.000000e+00 0.000000e+00 -4.655236e+02 -4.641701e+02 2.184474e+03 1.171582e+03 0.000000e+00 0.000000e+00 0.000000e+00 0.000000e+00 0.000000e+00 0.000000e+00 0.000000e+00 0.000000e+00 0.000000e+00
1.244000e+00 0.000000e+00 -6.504372e+03 -6.504047e+03 0.000000e+00 0.000000e+00 0.000000e+00 -4.638708e+02 -4.625165e+02 2.184014e+03 1.168109e+03 0.000000e+00 0.000000e+00 0.000000e+00 0.000000e+00 0.000000e+00 0.000000e+00 0.000000e+00 0.000000e+00 0.000000e+00
1.245000e+00 0.000000e+00 -6.512871e+03 -6.509056e+03 0.000000e+00 0.000000e+00 0.000000e+00 -4.622121e+02 -4.608568e+02 2.183532e+03 1.164613e+03 0.000000e+00 0.000000e+00 0.000000e+00 0.000000e+00 0.000000e+00 0.000000e+00 0.000000e+00 0.000000e+00 0.000000e+00
1.246000e+00 0.000000e+00 -6.521269e+03 -6.513768e+03 0.000000e+00 0.000000e+00 0.000000e+00 -4.605479e+02 -4.591915e+02 2.183029e+03 1.161095e+03 0.000000e+00 0.000000e+00 0.000000e+00 0.000000e+00 0.000000e+00 0.000000e+00 0.000000e+00 0.000000e+00 0.000000e+00
1.247000e+00 0.000000e+00 -6.529567e+03 -6.518185e+03 0.000000e+00 0.000000e+00 0.000000e+00 -4.588786e+02 -4.575208e+02 2.182504e+03 1.157556e+03 0.000000e+00 0.000000e+00 0.000000e+00 0.000000e+00 0.000000e+00 0.000000e+00 0.000000e+00 0.000000e+00 0.000000e+00
1.248000e+00 0.000000e+00 -6.537765e+03 -6.522306e+03 0.000000e+00 0.000000e+00 0.000000e+00 -4.572047e+02 -4.558454e+02 2.181958e+03 1.153997e+03 0.000000e+00 0.000000e+00 0.000000e+00 0.000000e+00 0.000000e+00 0.000000e+00 0.000000e+00 0.000000e+00 0.000000e+00
1.249000e+00 0.000000e+00 -6.545863e+03 -6.526133e+03 0.000000e+00 0.000000e+00 0.000000e+00 -4.555264e+02 -4.541654e+02 2.181390e+03 1.150418e+03 0.000000e+00 0.000000e+00 0.000000e+00 0.000000e+00 0.000000e+00 0.000000e+00 0.000000e+00 0.000000e+00 0.000000e+00
1.250000e+00 0.000000e+00 -6.553861e+03 -6.529666e+03 0.000000e+00 0.000000e+00 0.000000e+00 -4.538442e+02 -4.524813e+02 2.180801e+03 1.146821e+03 0.000000e+00 0.000000e+00 0.000000e+00 0.000000e+00 0.000000e+00 0.000000e+00 0.000000e+00 0.000000e+00 0.000000e+00
1.251000e+00 0.000000e+00 -6.561759e+03 -6.532906e+03 0.000000e+00 0.000000e+00 0.000000e+00 -4.521586e+02 -4.507936e+02 2.180190e+03 1.143205e+03 0.000000e+00 0.000000e+00 0.000000e+00 0.000000e+00 0.000000e+00 0.000000e+00 0.000000e+00 0.000000e+00 0.000000e+00
1.252000e+00 0.000000e+00 -6.569558e+03 -6.535855e+03 0.000000e+00 0.000000e+00 0.000000e+00 -4.504698e+02 -4.491025e+02 2.179559e+03 1.139573e+03 0.000000e+00 0.000000e+00 0.000000e+00 0.000000e+00 0.000000e+00 0.000000e+00 0.000000e+00 0.000000e+00 0.000000e+00
1.253000e+00 0.000000e+00 -6.577257e+03 -6.538514e+03 0.000000e+00 0.000000e+00 0.000000e+00 -4.487783e+02 -4.474085e+02 2.178907e+03 1.135924e+03 0.000000e+00 0.000000e+00 0.000000e+00 0.000000e+00 0.000000e+00 0.000000e+00 0.000000e+00 0.000000e+00 0.000000e+00
1.254000e+00 0.000000e+00 -6.584857e+03 -6.540884e+03 0.000000e+00 0.000000e+00 0.000000e+00 -4.470845e+02 -4.457120e+02 2.178234e+03 1.132260e+03 0.000000e+00 0.000000e+00 0.000000e+00 0.000000e+00 0.000000e+00 0.000000e+00 0.000000e+00 0.000000e+00 0.000000e+00
1.255000e+00 0.000000e+00 -6.592358e+03 -6.542966e+03 0.000000e+00 0.000000e+00 0.000000e+00 -4.453887e+02 -4.440134e+02 2.177540e+03 1.128580e+03 0.000000e+00 0.000000e+00 0.000000e+00 0.000000e+00 0.000000e+00 0.000000e+00 0.000000e+00 0.000000e+00 0.000000e+00
1.256000e+00 0.000000e+00 -6.599759e+03 -6.544763e+03 0.000000e+00 0.000000e+00 0.000000e+00 -4.436913e+02 -4.423129e+02 2.176826e+03 1.124887e+03 0.000000e+00 0.000000e+00 0.000000e+00 0.000000e+00 0.000000e+00 0.000000e+00 0.000000e+00 0.000000e+00 0.000000e+00
1.257000e+00 0.000000e+00 -6.607062e+03 -6.546277e+03 0.000000e+00 0.000000e+00 0.000000e+00 -4.419927e+02 -4.406110e+02 2.176091e+03 1.121181e+03 0.000000e+00 0.000000e+00 0.000000e+00 0.000000e+00 0.000000e+00 0.000000e+00 0.000000e+00 0.000000e+00 0.000000e+00
1.258000e+00 0.000000e+00 -6.614265e+03 -6.547508e+03 0.000000e+00 0.000000e+00 0.000000e+00 -4.402933e+02 -4.389081e+02 2.175336e+03 1.117462e+03 0.000000e+00 0.000000e+00 0.000000e+00 0.000000e+00 0.000000e+00 0.000000e+00 0.000000e+00 0.000000e+00 0.000000e+00
1.259000e+00 0.000000e+00 -6.621370e+03 -6.548459e+03 0.000000e+00 0.000000e+00 0.000000e+00 -4.385934e+02 -4.372046e+02 2.174560e+03 1.113731e+03 0.000000e+00 0.000000e+00 0.000000e+00 0.000000e+00 0.000000e+00 0.000000e+00 0.000000e+00 0.000000e+00 0.000000e+00
1.260000e+00 0.000000e+00 -6.628377e+03 -6.549133e+03 0.000000e+00 0.000000e+00 0.000000e+00 -4.368935e+02 -4.355007e+02 2.173764e+03 1.109990e+03 0.000000e+00 0.000000e+00 0.000000e+00 0.000000e+00 0.000000e+00 0.000000e+00 0.000000e+00 0.000000e+00 0.000000e+00
1.261000e+00 0.000000e+00 -6.635284e+03 -6.549532e+03 0.000000e+00 0.000000e+00 0.000000e+00 -4.351938e+02 -4.337969e+02 2.172948e+03 1.106238e+03 0.000000e+00 0.000000e+00 0.000000e+00 0.000000e+00 0.000000e+00 0.000000e+00 0.000000e+00 0.000000e+00 0.000000e+00
1.262000e+00 0.000000e+00 -6.642094e+03 -6.549657e+03 0.000000e+00 0.000000e+00 0.000000e+00 -4.334947e+02 -4.320935e+02 2.172113e+03 1.102477e+03 0.000000e+00 0.000000e+00 0.000000e+00 0.000000e+00 0.000000e+00 0.000000e+00 0.000000e+00 0.000000e+00 0.000000e+00
1.263000e+00 0.000000e+00 -6.648804e+03 -6.549512e+03 0.000000e+00 0.000000e+00 0.000000e+00 -4.317966e+02 -4.303909e+02 2.171257e+03 1.098706e+03 0.000000e+00 0.000000e+00 0.000000e+00 0.000000e+00 0.000000e+00 0.000000e+00 0.000000e+00 0.000000e+00 0.000000e+00
1.264000e+00 0.000000e+00 -6.655417e+03 -6.549099e+03 0.000000e+00 0.000000e+00 0.000000e+00 -4.300998e+02 -4.286893e+02 2.170381e+03 1.094928e+03 0.000000e+00 0.000000e+00 0.000000e+00 0.000000e+00 0.000000e+00 0.000000e+00 0.000000e+00 0.000000e+00 0.000000e+00
1.265000e+00 0.000000e+00 -6.661931e+03 -6.548421e+03 0.000000e+00 0.000000e+00 0.000000e+00 -4.284047e+02 -4.269892e+02 2.169486e+03 1.091142e+03 0.000000e+00 0.000000e+00 0.000000e+00 0.000000e+00 0.000000e+00 0.000000e+00 0.000000e+00 0.000000e+00 0.000000e+00
1.266000e+00 0.000000e+00 -6.668347e+03 -6.547480e+03 0.000000e+00 0.000000e+00 0.000000e+00 -4.267116e+02 -4.252909e+02 2.168571e+03 1.087350e+03 0.000000e+00 0.000000e+00 0.000000e+00 0.000000e+00 0.000000e+00 0.000000e+00 0.000000e+00 0.000000e+00 0.000000e+00
1.267000e+00 0.000000e+00 -6.674665e+03 -6.546280e+03 0.000000e+00 0.000000e+00 0.000000e+00 -4.250207e+02 -4.235947e+02 2.167637e+03 1.083551e+03 0.000000e+00 0.000000e+00 0.000000e+00 0.000000e+00 0.000000e+00 0.000000e+00 0.000000e+00 0.000000e+00 0.000000e+00
1.268000e+00 0.000000e+00 -6.680885e+03 -6.544823e+03 0.000000e+00 0.000000e+00 0.000000e+00 -4.233326e+02 -4.219009e+02 2.166683e+03 1.079747e+03 0.000000e+00 0.000000e+00 0.000000e+00 0.000000e+00 0.000000e+00 0.000000e+00 0.000000e+00 0.000000e+00 0.000000e+00
1.269000e+00 0.000000e+00 -6.687006e+03 -6.543113e+03 0.000000e+00 0.000000e+00 0.000000e+00 -4.216473e+02 -4.202098e+02 2.165710e+03 1.075938e+03 0.000000e+00 0.000000e+00 0.000000e+00 0.000000e+00 0.000000e+00 0.000000e+00 0.000000e+00 0.000000e+00 0.000000e+00
1.270000e+00 0.000000e+00 -6.693029e+03 -6.541152e+03 0.000000e+00 0.000000e+00 0.000000e+00 -4.199654e+02 -4.185218e+02 2.164717e+03 1.072124e+03 0.000000e+00 0.000000e+00 0.000000e+00 0.000000e+00 0.000000e+00 0.000000e+00 0.000000e+00 0.000000e+00 0.000000e+00
1.271000e+00 0.000000e+00 -6.698954e+03 -6.538943e+03 0.000000e+00 0.000000e+00 0.000000e+00 -4.182870e+02 -4.168371e+02 2.163705e+03 1.068307e+03 0.000000e+00 0.000000e+00 0.000000e+00 0.000000e+00 0.000000e+00 0.000000e+00 0.000000e+00 0.000000e+00 0.000000e+00
1.272000e+00 0.000000e+00 -6.704780e+03 -6.536491e+03 0.000000e+00 0.000000e+00 0.000000e+00 -4.166125e+02 -4.151561e+02 2.162674e+03 1.064488e+03 0.000000e+00 0.000000e+00 0.000000e+00 0.000000e+00 0.000000e+00 0.000000e+00 0.000000e+00 0.000000e+00 0.000000e+00
1.273000e+00 0.000000e+00 -6.710508e+03 -6.533798e+03 0.000000e+00 0.000000e+00 0.000000e+00 -4.149422e+02 -4.134791e+02 2.161624e+03 1.060665e+03 0.000000e+00 0.000000e+00 0.000000e+00 0.000000e+00 0.000000e+00 0.000000e+00 0.000000e+00 0.000000e+00 0.000000e+00
1.274000e+00 0.000000e+00 -6.716137e+03 -6.530868e+03 0.000000e+00 0.000000e+00 0.000000e+00 -4.132764e+02 -4.118063e+02 2.160554e+03 1.056841e+03 0.000000e+00 0.000000e+00 0.000000e+00 0.000000e+00 0.000000e+00 0.000000e+00 0.000000e+00 0.000000e+00 0.000000e+00
1.275000e+00 0.000000e+00 -6.721667e+03 -6.527705e+03 0.000000e+00 0.000000e+00 0.000000e+00 -4.116153e+02 -4.101381e+02 2.159466e+03 1.053016e+03 0.000000e+00 0.000000e+00 0.000000e+00 0.000000e+00 0.000000e+00 0.000000e+00 0.000000e+00 0.000000e+00 0.000000e+00
1.276000e+00 0.000000e+00 -6.727098e+03 -6.524311e+03 0.000000e+00 0.000000e+00 0.000000e+00 -4.099593e+02 -4.084746e+02 2.158359e+03 1.049190e+03 0.000000e+00 0.000000e+00 0.000000e+00 0.000000e+00 0.000000e+00 0.000000e+00 0.000000e+00 0.000000e+00 0.000000e+00
1.277000e+00 0.000000e+00 -6.732431e+03 -6.520692e+03 0.000000e+00 0.000000e+00 0.000000e+00 -4.083086e+02 -4.068163e+02 2.157232e+03 1.045363e+03 0.000000e+00 0.000000e+00 0.000000e+00 0.000000e+00 0.000000e+00 0.000000e+00 0.000000e+00 0.000000e+00 0.000000e+00
1.278000e+00 0.000000e+00 -6.737663e+03 -6.516849e+03 0.000000e+00 0.000000e+00 0.000000e+00 -4.066635e+02 -4.051633e+02 2.156087e+03 1.041537e+03 0.000000e+00 0.000000e+00 0.000000e+00 0.000000e+00 0.000000e+00 0.000000e+00 0.000000e+00 0.000000e+00 0.000000e+00
1.279000e+00 0.000000e+00 -6.742797e+03 -6.512788e+03 0.000000e+00 0.000000e+00 0.000000e+00 -4.050242e+02 -4.035160e+02 2.154923e+03 1.037712e+03 0.000000e+00 0.000000e+00 0.000000e+00 0.000000e+00 0.000000e+00 0.000000e+00 0.000000e+00 0.000000e+00 0.000000e+00
1.280000e+00 0.000000e+00 -6.747830e+03 -6.508512e+03 0.000000e+00 0.000000e+00 0.000000e+00 -4.033910e+02 -4.018745e+02 2.153740e+03 1.033889e+03 0.000000e+00 0.000000e+00 0.000000e+00 0.000000e+00 0.000000e+00 0.000000e+00 0.000000e+00 0.000000e+00 0.000000e+00
1.281000e+00 0.000000e+00 -6.752764e+03 -6.504025e+03 0.000000e+00 0.000000e+00 0.000000e+00 -4.017643e+02 -4.002392e+02 2.152538e+03 1.030067e+03 0.000000e+00 0.000000e+00 0.000000e+00 0.000000e+00 0.000000e+00 0.000000e+00 0.000000e+00 0.000000e+00 0.000000e+00
1.282000e+00 0.000000e+00 -6.757597e+03 -6.499330e+03 0.000000e+00 0.000000e+00 0.000000e+00 -4.001441e+02 -3.986102e+02 2.151318e+03 1.026248e+03 0.000000e+00 0.000000e+00 0.000000e+00 0.000000e+00 0.000000e+00 0.000000e+00 0.000000e+00 0.000000e+00 0.000000e+00
1.283000e+00 0.000000e+00 -6.762329e+03 -6.494432e+03 0.000000e+00 0.000000e+00 0.000000e+00 -3.985307e+02 -3.969879e+02 2.150079e+03 1.022431e+03 0.000000e+00 0.000000e+00 0.000000e+00 0.000000e+00 0.000000e+00 0.000000e+00 0.000000e+00 0.000000e+00 0.000000e+00
1.284000e+00 0.000000e+00 -6.766961e+03 -6.489335e+03 0.000000e+00 0.000000e+00 0.000000e+00 -3.969245e+02 -3.953725e+02 2.148821e+03 1.018618e+03 0.000000e+00 0.000000e+00 0.000000e+00 0.000000e+00 0.000000e+00 0.000000e+00 0.000000e+00 0.000000e+00 0.000000e+00
1.285000e+00 0.000000e+00 -6.771490e+03 -6.484043e+03 0.000000e+00 0.000000e+00 0.000000e+00 -3.953256e+02 -3.937641e+02 2.147544e+03 1.014808e+03 0.000000e+00 0.000000e+00 0.000000e+00 0.000000e+00 0.000000e+00 0.000000e+00 0.000000e+00 0.000000e+00 0.000000e+00
1.286000e+00 0.000000e+00 -6.775918e+03 -6.478560e+03 0.000000e+00 0.000000e+00 0.000000e+00 -3.937342e+02 -3.921630e+02 2.146248e+03 1.011003e+03 0.000000e+00 0.000000e+00 0.000000e+00 0.000000e+00 0.000000e+00 0.000000e+00 0.000000e+00 0.000000e+00 0.000000e+00
1.287000e+00 0.000000e+00 -6.780244e+03 -6.472889e+03 0.000000e+00 0.000000e+00 0.000000e+00 -3.921505e+02 -3.905695e+02 2.144934e+03 1.007202e+03 0.000000e+00 0.000000e+00 0.000000e+00 0.000000e+00 0.000000e+00 0.000000e+00 0.000000e+00 0.000000e+00 0.000000e+00
1.288000e+00 0.000000e+00 -6.784466e+03 -6.467036e+03 0.000000e+00 0.000000e+00 0.000000e+00 -3.905748e+02 -3.889837e+02 2.143601e+03 1.003405e+03 0.000000e+00 0.000000e+00 0.000000e+00 0.000000e+00 0.000000e+00 0.000000e+00 0.000000e+00 0.000000e+00 0.000000e+00
1.289000e+00 0.000000e+00 -6.788586e+03 -6.461004e+03 0.000000e+00 0.000000e+00 0.000000e+00 -3.890073e+02 -3.874058e+02 2.142250e+03 9.996147e+02 0.000000e+00 0.000000e+00 0.000000e+00 0.000000e+00 0.000000e+00 0.000000e+00 0.000000e+00 0.000000e+00 0.000000e+00
1.290000e+00 0.000000e+00 -6.792601e+03 -6.454797e+03 0.000000e+00 0.000000e+00 0.000000e+00 -3.874481e+02 -3.858360e+02 2.140879e+03 9.958296e+02 0.000000e+00 0.000000e+00 0.000000e+00 0.000000e+00 0.000000e+00 0.000000e+00 0.000000e+00 0.000000e+00 0.000000e+00
1.291000e+00 0.000000e+00 -6.796513e+03 -6.448419e+03 0.000000e+00 0.000000e+00 0.000000e+00 -3.858975e+02 -3.842745e+02 2.139490e+03 9.920505e+02 0.000000e+00 0.000000e+00 0.000000e+00 0.000000e+00 0.000000e+00 0.000000e+00 0.000000e+00 0.000000e+00 0.000000e+00
1.292000e+00 0.000000e+00 -6.800319e+03 -6.441876e+03 0.000000e+00 0.000000e+00 0.000000e+00 -3.843555e+02 -3.827216e+02 2.138082e+03 9.882778e+02 0.000000e+00 0.000000e+00 0.000000e+00 0.000000e+00 0.000000e+00 0.000000e+00 0.000000e+00 0.000000e+00 0.000000e+00
1.293000e+00 0.000000e+00 -6.804020e+03 -6.435170e+03 0.000000e+00 0.000000e+00 0.000000e+00 -3.828225e+02 -3.811773e+02 2.136656e+03 9.845117e+02 0.000000e+00 0.000000e+00 0.000000e+00 0.000000e+00 0.000000e+00 0.000000e+00 0.000000e+00 0.000000e+00 0.000000e+00
1.294000e+00 0.000000e+00 -6.807615e+03 -6.428306e+03 0.000000e+00 0.000000e+00 0.000000e+00 -3.812986e+02 -3.796419e+02 2.135211e+03 9.807527e+02 0.000000e+00 0.000000e+00 0.000000e+00 0.000000e+00 0.000000e+00 0.000000e+00 0.000000e+00 0.000000e+00 0.000000e+00
1.295000e+00 0.000000e+00 -6.811103e+03 -6.421289e+03 0.000000e+00 0.000000e+00 0.000000e+00 -3.797839e+02 -3.781155e+02 2.133746e+03 9.770009e+02 0.000000e+00 0.000000e+00 0.000000e+00 0.000000e+00 0.000000e+00 0.000000e+00 0.000000e+00 0.000000e+00 0.000000e+00
1.296000e+00 0.000000e+00 -6.814483e+03 -6.414122e+03 0.000000e+00 0.000000e+00 0.000000e+00 -3.782786e+02 -3.765982e+02 2.132264e+03 9.732568e+02 0.000000e+00 0.000000e+00 0.000000e+00 0.000000e+00 0.000000e+00 0.000000e+00 0.000000e+00 0.000000e+00 0.000000e+00
1.297000e+00 0.000000e+00 -6.817756e+03 -6.406809e+03 0.000000e+00 0.000000e+00 0.000000e+00 -3.767828e+02 -3.750903e+02 2.130762e+03 9.695205e+02 0.000000e+00 0.000000e+00 0.000000e+00 0.000000e+00 0.000000e+00 0.000000e+00 0.000000e+00 0.000000e+00 0.000000e+00
1.298000e+00 0.000000e+00 -6.820920e+03 -6.399356e+03 0.000000e+00 0.000000e+00 0.000000e+00 -3.752968e+02 -3.735919e+02 2.129241e+03 9.657924e+02 0.000000e+00 0.000000e+00 0.000000e+00 0.000000e+00 0.000000e+00 0.000000e+00 0.000000e+00 0.000000e+00 0.000000e+00
1.299000e+00 0.000000e+00 -6.823974e+03 -6.391766e+03 0.000000e+00 0.000000e+00 0.000000e+00 -3.738205e+02 -3.721031e+02 2.127702e+03 9.620727e+02 0.000000e+00 0.000000e+00 0.000000e+00 0.000000e+00 0.000000e+00 0.000000e+00 0.000000e+00 0.000000e+00 0.000000e+00
1.300000e+00 0.000000e+00 -6.826918e+03 -6.384043e+03 0.000000e+00 0.000000e+00 0.000000e+00 -3.723543e+02 -3.706240e+02 2.126143e+03 9.583616e+02 0.000000e+00 0.000000e+00 0.000000e+00 0.000000e+00 0.000000e+00 0.000000e+00 0.000000e+00 0.000000e+00 0.000000e+00
1.301000e+00 0.000000e+00 -6.829751e+03 -6.376192e+03 0.000000e+00 0.000000e+00 0.000000e+00 -3.708982e+02 -3.691548e+02 2.124566e+03 9.546594e+02 0.000000e+00 0.000000e+00 0.000000e+00 0.000000e+00 0.000000e+00 0.000000e+00 0.000000e+00 0.000000e+00 0.000000e+00
1.302000e+00 0.000000e+00 -6.832473e+03 -6.368216e+03 0.000000e+00 0.000000e+00 0.000000e+00 -3.694523e+02 -3.676956e+02 2.122970e+03 9.509663e+02 0.000000e+00 0.000000e+00 0.000000e+00 0.000000e+00 0.000000e+00 0.000000e+00 0.000000e+00 0.000000e+00 0.000000e+00
1.303000e+00 0.000000e+00 -6.835081e+03 -6.360120e+03 0.000000e+00 0.000000e+00 0.000000e+00 -3.680167e+02 -3.662465e+02 2.121354e+03 9.472824e+02 0.000000e+00 0.000000e+00 0.000000e+00 0.000000e+00 0.000000e+00 0.000000e+00 0.000000e+00 0.000000e+00 0.000000e+00
1.304000e+00 0.000000e+00 -6.837577e+03 -6.351907e+03 0.000000e+00 0.000000e+00 0.000000e+00 -3.665916e+02 -3.648077e+02 2.119720e+03 9.436081e+02 0.000000e+00 0.000000e+00 0.000000e+00 0.000000e+00 0.000000e+00 0.000000e+00 0.000000e+00 0.000000e+00 0.000000e+00
1.305000e+00 0.000000e+00 -6.839958e+03 -6.343583e+03 0.000000e+00 0.000000e+00 0.000000e+00 -3.651770e+02 -3.633792e+02 2.118067e+03 9.399434e+02 0.000000e+00 0.000000e+00 0.000000e+00 0.000000e+00 0.000000e+00 0.000000e+00 0.000000e+00 0.000000e+00 0.000000e+00
1.306000e+00 0.000000e+00 -6.842224e+03 -6.335151e+03 0.000000e+00 0.000000e+00 0.000000e+00 -3.637731e+02 -3.619611e+02 2.116394e+03 9.362886e+02 0.000000e+00 0.000000e+00 0.000000e+00 0.000000e+00 0.000000e+00 0.000000e+00 0.000000e+00 0.000000e+00 0.000000e+00
1.307000e+00 0.000000e+00 -6.844374e+03 -6.326614e+03 0.000000e+00 0.000000e+00 0.000000e+00 -3.623799e+02 -3.605536e+02 2.114703e+03 9.326438e+02 0.000000e+00 0.000000e+00 0.000000e+00 0.000000e+00 0.000000e+00 0.000000e+00 0.000000e+00 0.000000e+00 0.000000e+00
1.308000e+00 0.000000e+00 -6.846408e+03 -6.317978e+03 0.000000e+00 0.000000e+00 0.000000e+00 -3.609976e+02 -3.591567e+02 2.112992e+03 9.290091e+02 0.000000e+00 0.000000e+00 0.000000e+00 0.000000e+00 0.000000e+00 0.000000e+00 0.000000e+00 0.000000e+00 0.000000e+00
1.309000e+00 0.000000e+00 -6.848324e+03 -6.309246e+03 0.000000e+00 0.000000e+00 0.000000e+00 -3.596261e+02 -3.577704e+02 2.111262e+03 9.253847e+02 0.000000e+00 0.000000e+00 0.000000e+00 0.000000e+00 0.000000e+00 0.000000e+00 0.000000e+00 0.000000e+00 0.000000e+00
1.310000e+00 0.000000e+00 -6.850121e+03 -6.300422e+03 0.000000e+00 0.000000e+00 0.000000e+00 -3.582657e+02 -3.563949e+02 2.109513e+03 9.217708e+02 0.000000e+00 0.000000e+00 0.000000e+00 0.000000e+00 0.000000e+00 0.000000e+00 0.000000e+00 0.000000e+00 0.000000e+00
1.311000e+00 0.000000e+00 -6.851799e+03 -6.291510e+03 0.000000e+00 0.000000e+00 0.000000e+00 -3.569162e+02 -3.550303e+02 2.107744e+03 9.181674e+02 0.000000e+00 0.000000e+00 0.000000e+00 0.000000e+00 0.000000e+00 0.000000e+00 0.000000e+00 0.000000e+00 0.000000e+00
1.312000e+00 0.000000e+00 -6.853357e+03 -6.282513e+03 0.000000e+00 0.000000e+00 0.000000e+00 -3.555779e+02 -3.536765e+02 2.105957e+03 9.145746e+02 0.000000e+00 0.000000e+00 0.000000e+00 0.000000e+00 0.000000e+00 0.000000e+00 0.000000e+00 0.000000e+00 0.000000e+00
1.313000e+00 0.000000e+00 -6.854793e+03 -6.273437e+03 0.000000e+00 0.000000e+00 0.000000e+00 -3.542508e+02 -3.523338e+02 2.104149e+03 9.109926e+02 0.000000e+00 0.000000e+00 0.000000e+00 0.000000e+00 0.000000e+00 0.000000e+00 0.000000e+00 0.000000e+00 0.000000e+00
1.314000e+00 0.000000e+00 -6.856107e+03 -6.264284e+03 0.000000e+00 0.000000e+00 0.000000e+00 -3.529349e+02 -3.510020e+02 2.102323e+03 9.074214e+02 0.000000e+00 0.000000e+00 0.000000e+00 0.000000e+00 0.000000e+00 0.000000e+00 0.000000e+00 0.000000e+00 0.000000e+00
1.315000e+00 0.000000e+00 -6.857298e+03 -6.255058e+03 0.000000e+00 0.000000e+00 0.000000e+00 -3.516302e+02 -3.496813e+02 2.100477e+03 9.038612e+02 0.000000e+00 0.000000e+00 0.000000e+00 0.000000e+00 0.000000e+00 0.000000e+00 0.000000e+00 0.000000e+00 0.000000e+00
1.316000e+00 0.000000e+00 -6.858365e+03 -6.245763e+03 0.000000e+00 0.000000e+00 0.000000e+00 -3.503369e+02 -3.483717e+02 2.098612e+03 9.003120e+02 0.000000e+00 0.000000e+00 0.000000e+00 0.000000e+00 0.000000e+00 0.000000e+00 0.000000e+00 0.000000e+00 0.000000e+00
1.317000e+00 0.000000e+00 -6.859307e+03 -6.236404e+03 0.000000e+00 0.000000e+00 0.000000e+00 -3.490550e+02 -3.470733e+02 2.096728e+03 8.967739e+02 0.000000e+00 0.000000e+00 0.000000e+00 0.000000e+00 0.000000e+00 0.000000e+00 0.000000e+00 0.000000e+00 0.000000e+00
1.318000e+00 0.000000e+00 -6.860123e+03 -6.226983e+03 0.000000e+00 0.000000e+00 0.000000e+00 -3.477844e+02 -3.457861e+02 2.094824e+03 8.932470e+02 0.000000e+00 0.000000e+00 0.000000e+00 0.000000e+00 0.000000e+00 0.000000e+00 0.000000e+00 0.000000e+00 0.000000e+00
1.319000e+00 0.000000e+00 -6.860812e+03 -6.217504e+03 0.000000e+00 0.000000e+00 0.000000e+00 -3.465253e+02 -3.445100e+02 2.092900e+03 8.897313e+02 0.000000e+00 0.000000e+00 0.000000e+00 0.000000e+00 0.000000e+00 0.000000e+00 0.000000e+00 0.000000e+00 0.000000e+00
1.320000e+00 0.000000e+00 -6.861373e+03 -6.207971e+03 0.000000e+00 0.000000e+00 0.000000e+00 -3.452776e+02 -3.432453e+02 2.090957e+03 8.862269e+02 0.000000e+00 0.000000e+00 0.000000e+00 0.000000e+00 0.000000e+00 0.000000e+00 0.000000e+00 0.000000e+00 0.000000e+00
1.321000e+00 0.000000e+00 -6.861806e+03 -6.198387e+03 0.000000e+00 0.000000e+00 0.000000e+00 -3.440414e+02 -3.419918e+02 2.088995e+03 8.827338e+02 0.000000e+00 0.000000e+00 0.000000e+00 0.000000e+00 0.000000e+00 0.000000e+00 0.000000e+00 0.000000e+00 0.000000e+00
1.322000e+00 0.000000e+00 -6.862109e+03 -6.188756e+03 0.000000e+00 0.000000e+00 0.000000e+00 -3.428167e+02 -3.407496e+02 2.087013e+03 8.792521e+02 0.000000e+00 0.000000e+00 0.000000e+00 0.000000e+00 0.000000e+00 0.000000e+00 0.000000e+00 0.000000e+00 0.000000e+00
1.323000e+00 0.000000e+00 -6.862281e+03 -6.179082e+03 0.000000e+00 0.000000e+00 0.000000e+00 -3.416034e+02 -3.395187e+02 2.085012e+03 8.757817e+02 0.000000e+00 0.000000e+00 0.000000e+00 0.000000e+00 0.000000e+00 0.000000e+00 0.000000e+00 0.000000e+00 0.000000e+00
1.324000e+00 0.000000e+00 -6.862323e+03 -6.169367e+03 0.000000e+00 0.000000e+00 0.000000e+00 -3.404017e+02 -3.382992e+02 2.082991e+03 8.723228e+02 0.000000e+00 0.000000e+00 0.000000e+00 0.000000e+00 0.000000e+00 0.000000e+00 0.000000e+00 0.000000e+00 0.000000e+00
1.325000e+00 0.000000e+00 -6.862232e+03 -6.159615e+03 0.000000e+00 0.000000e+00 0.000000e+00 -3.392115e+02 -3.370909e+02 2.080951e+03 8.688752e+02 0.000000e+00 0.000000e+00 0.000000e+00 0.000000e+00 0.000000e+00 0.000000e+00 0.000000e+00 0.000000e+00 0.000000e+00
1.326000e+00 0.000000e+00 -6.862007e+03 -6.149830e+03 0.000000e+00 0.000000e+00 0.000000e+00 -3.380328e+02 -3.358940e+02 2.078891e+03 8.654392e+02 0.000000e+00 0.000000e+00 0.000000e+00 0.000000e+00 0.000000e+00 0.000000e+00 0.000000e+00 0.000000e+00 0.000000e+00
1.327000e+00 0.000000e+00 -6.861649e+03 -6.140015e+03 0.000000e+00 0.000000e+00 0.000000e+00 -3.368656e+02 -3.347083e+02 2.076812e+03 8.620145e+02 0.000000e+00 0.000000e+00 0.000000e+00 0.000000e+00 0.000000e+00 0.000000e+00 0.000000e+00 0.000000e+00 0.000000e+00
1.328000e+00 0.000000e+00 -6.861156e+03 -6.130173e+03 0.000000e+00 0.000000e+00 0.000000e+00 -3.357098e+02 -3.335339e+02 2.074714e+03 8.586014e+02 0.000000e+00 0.000000e+00 0.000000e+00 0.000000e+00 0.000000e+00 0.000000e+00 0.000000e+00 0.000000e+00 0.000000e+00
1.329000e+00 0.000000e+00 -6.860527e+03 -6.120307e+03 0.000000e+00 0.000000e+00 0.000000e+00 -3.345655e+02 -3.323709e+02 2.072596e+03 8.551996e+02 0.000000e+00 0.000000e+00 0.000000e+00 0.000000e+00 0.000000e+00 0.000000e+00 0.000000e+00 0.000000e+00 0.000000e+00
1.330000e+00 0.000000e+00 -6.859761e+03 -6.110420e+03 0.000000e+00 0.000000e+00 0.000000e+00 -3.334327e+02 -3.312190e+02 2.070459e+03 8.518094e+02 0.000000e+00 0.000000e+00 0.000000e+00 0.000000e+00 0.000000e+00 0.000000e+00 0.000000e+00 0.000000e+00 0.000000e+00
1.331000e+00 0.000000e+00 -6.858858e+03 -6.100516e+03 0.000000e+00 0.000000e+00 0.000000e+00 -3.323112e+02 -3.300785e+02 2.068303e+03 8.484305e+02 0.000000e+00 0.000000e+00 0.000000e+00 0.000000e+00 0.000000e+00 0.000000e+00 0.000000e+00 0.000000e+00 0.000000e+00
1.332000e+00 0.000000e+00 -6.857817e+03 -6.090597e+03 0.000000e+00 0.000000e+00 0.000000e+00 -3.312012e+02 -3.289491e+02 2.066127e+03 8.450631e+02 0.000000e+00 0.000000e+00 0.000000e+00 0.000000e+00 0.000000e+00 0.000000e+00 0.000000e+00 0.000000e+00 0.000000e+00
1.333000e+00 0.000000e+00 -6.856638e+03 -6.080666e+03 0.000000e+00 0.000000e+00 0.000000e+00 -3.301025e+02 -3.278309e+02 2.063933e+03 8.417070e+02 0.000000e+00 0.000000e+00 0.000000e+00 0.000000e+00 0.000000e+00 0.000000e+00 0.000000e+00 0.000000e+00 0.000000e+00
1.334000e+00 0.000000e+00 -6.855318e+03 -6.070728e+03 0.000000e+00 0.000000e+00 0.000000e+00 -3.290152e+02 -3.267239e+02 2.061719e+03 8.383624e+02 0.000000e+00 0.000000e+00 0.000000e+00 0.000000e+00 0.000000e+00 0.000000e+00 0.000000e+00 0.000000e+00 0.000000e+00
1.335000e+00 0.000000e+00 -6.853858e+03 -6.060783e+03 0.000000e+00 0.000000e+00 0.000000e+00 -3.279392e+02 -3.256281e+02 2.059486e+03 8.350291e+02 0.000000e+00 0.000000e+00 0.000000e+00 0.000000e+00 0.000000e+00 0.000000e+00 0.000000e+00 0.000000e+00 0.000000e+00
1.336000e+00 0.000000e+00 -6.852257e+03 -6.050836e+03 0.000000e+00 0.000000e+00 0.000000e+00 -3.268744e+02 -3.245433e+02 2.057234e+03 8.317072e+02 0.000000e+00 0.000000e+00 0.000000e+00 0.000000e+00 0.000000e+00 0.000000e+00 0.000000e+00 0.000000e+00 0.000000e+00
1.337000e+00 0.000000e+00 -6.850515e+03 -6.040889e+03 0.000000e+00 0.000000e+00 0.000000e+00 -3.258208e+02 -3.234695e+02 2.054963e+03 8.283966e+02 0.000000e+00 0.000000e+00 0.000000e+00 0.000000e+00 0.000000e+00 0.000000e+00 0.000000e+00 0.000000e+00 0.000000e+00
1.338000e+00 0.000000e+00 -6.848630e+03 -6.030945e+03 0.000000e+00 0.000000e+00 0.000000e+00 -3.247784e+02 -3.224068e+02 2.052674e+03 8.250973e+02 0.000000e+00 0.000000e+00 0.000000e+00 0.000000e+00 0.000000e+00 0.000000e+00 0.000000e+00 0.000000e+00 0.000000e+00
1.339000e+00 0.000000e+00 -6.846602e+03 -6.021006e+03 0.000000e+00 0.000000e+00 0.000000e+00 -3.237471e+02 -3.213550e+02 2.050366e+03 8.218092e+02 0.000000e+00 0.000000e+00 0.000000e+00 0.000000e+00 0.000000e+00 0.000000e+00 0.000000e+00 0.000000e+00 0.000000e+00
1.340000e+00 0.000000e+00 -6.844430e+03 -6.011076e+03 0.000000e+00 0.000000e+00 0.000000e+00 -3.227269e+02 -3.203141e+02 2.048039e+03 8.185324e+02 0.000000e+00 0.000000e+00 0.000000e+00 0.000000e+00 0.000000e+00 0.000000e+00 0.000000e+00 0.000000e+00 0.000000e+00
1.341000e+00 0.000000e+00 -6.842115e+03 -6.001156e+03 0.000000e+00 0.000000e+00 0.000000e+00 -3.217176e+02 -3.192841e+02 2.045693e+03 8.152667e+02 0.000000e+00 0.000000e+00 0.000000e+00 0.000000e+00 0.000000e+00 0.000000e+00 0.000000e+00 0.000000e+00 0.000000e+00
1.342000e+00 0.000000e+00 -6.839655e+03 -5.991250e+03 0.000000e+00 0.000000e+00 0.000000e+00 -3.207193e+02 -3.182648e+02 2.043330e+03 8.120122e+02 0.000000e+00 0.000000e+00 0.000000e+00 0.000000e+00 0.000000e+00 0.000000e+00 0.000000e+00 0.000000e+00 0.000000e+00
1.343000e+00 0.000000e+00 -6.837049e+03 -5.981360e+03 0.000000e+00 0.000000e+00 0.000000e+00 -3.197319e+02 -3.172563e+02 2.040948e+03 8.087687e+02 0.000000e+00 0.000000e+00 0.000000e+00 0.000000e+00 0.000000e+00 0.000000e+00 0.000000e+00 0.000000e+00 0.000000e+00
1.344000e+00 0.000000e+00 -6.834299e+03 -5.971488e+03 0.000000e+00 0.000000e+00 0.000000e+00 -3.187553e+02 -3.162584e+02 2.038547e+03 8.055364e+02 0.000000e+00 0.000000e+00 0.000000e+00 0.000000e+00 0.000000e+00 0.000000e+00 0.000000e+00 0.000000e+00 0.000000e+00
1.345000e+00 0.000000e+00 -6.831402e+03 -5.961637e+03 0.000000e+00 0.000000e+00 0.000000e+00 -3.177895e+02 -3.152712e+02 2.036129e+03 8.023150e+02 0.000000e+00 0.000000e+00 0.000000e+00 0.000000e+00 0.000000e+00 0.000000e+00 0.000000e+00 0.000000e+00 0.000000e+00
1.346000e+00 0.000000e+00 -6.828359e+03 -5.951810e+03 0.000000e+00 0.000000e+00 0.000000e+00 -3.168343e+02 -3.142945e+02 2.033693e+03 7.991046e+02 0.000000e+00 0.000000e+00 0.000000e+00 0.000000e+00 0.000000e+00 0.000000e+00 0.000000e+00 0.000000e+00 0.000000e+00
1.347000e+00 0.000000e+00 -6.825170e+03 -5.942008e+03 0.000000e+00 0.000000e+00 0.000000e+00 -3.158897e+02 -3.133282e+02 2.031240e+03 7.959051e+02 0.000000e+00 0.000000e+00 0.000000e+00 0.000000e+00 0.000000e+00 0.000000e+00 0.000000e+00 0.000000e+00 0.000000e+00
1.348000e+00 0.000000e+00 -6.821833e+03 -5.932235e+03 0.000000e+00 0.000000e+00 0.000000e+00 -3.149557e+02 -3.123723e+02 2.028768e+03 7.927165e+02 0.000000e+00 0.000000e+00 0.000000e+00 0.000000e+00 0.000000e+00 0.000000e+00 0.000000e+00 0.000000e+00 0.000000e+00
1.349000e+00 0.000000e+00 -6.818350e+03 -5.922491e+03 0.000000e+00 0.000000e+00 0.000000e+00 -3.140321e+02 -3.114268e+02 2.026280e+03 7.895387e+02 0.000000e+00 0.000000e+00 0.000000e+00 0.000000e+00 0.000000e+00 0.000000e+00 0.000000e+00 0.000000e+00 0.000000e+00
1.350000e+00 0.000000e+00 -6.814719e+03 -5.912780e+03 0.000000e+00 0.000000e+00 0.000000e+00 -3.131188e+02 -3.104915e+02 2.023774e+03 7.863717e+02 0.000000e+00 0.000000e+00 0.000000e+00 0.000000e+00 0.000000e+00 0.000000e+00 0.000000e+00 0.000000e+00 0.000000e+00
1.351000e+00 0.000000e+00 -6.810940e+03 -5.903104e+03 0.000000e+00 0.000000e+00 0.000000e+00 -3.122159e+02 -3.095663e+02 2.021251e+03 7.832154e+02 0.000000e+00 0.000000e+00 0.000000e+00 0.000000e+00 0.000000e+00 0.000000e+00 0.000000e+00 0.000000e+00 0.000000e+00
1.352000e+00 0.000000e+00 -6.807014e+03 -5.893464e+03 0.000000e+00 0.000000e+00 0.000000e+00 -3.113231e+02 -3.086512e+02 2.018712e+03 7.800699e+02 0.000000e+00 0.000000e+00 0.000000e+00 0.000000e+00 0.000000e+00 0.000000e+00 0.000000e+00 0.000000e+00 0.000000e+00
1.353000e+00 0.000000e+00 -6.802940e+03 -5.883864e+03 0.000000e+00 0.000000e+00 0.000000e+00 -3.104405e+02 -3.077462e+02 2.016156e+03 7.769349e+02 0.000000e+00 0.000000e+00 0.000000e+00 0.000000e+00 0.000000e+00 0.000000e+00 0.000000e+00 0.000000e+00 0.000000e+00
1.354000e+00 0.000000e+00 -6.798718e+03 -5.874304e+03 0.000000e+00 0.000000e+00 0.000000e+00 -3.095679e+02 -3.068510e+02 2.013583e+03 7.738106e+02 0.000000e+00 0.000000e+00 0.000000e+00 0.000000e+00 0.000000e+00 0.000000e+00 0.000000e+00 0.000000e+00 0.000000e+00
1.355000e+00 0.000000e+00 -6.794348e+03 -5.864787e+03 0.000000e+00 0.000000e+00 0.000000e+00 -3.087052e+02 -3.059656e+02 2.010995e+03 7.706968e+02 0.000000e+00 0.000000e+00 0.000000e+00 0.000000e+00 0.000000e+00 0.000000e+00 0.000000e+00 0.000000e+00 0.000000e+00
1.356000e+00 0.000000e+00 -6.789830e+03 -5.855315e+03 0.000000e+00 0.000000e+00 0.000000e+00 -3.078524e+02 -3.050900e+02 2.008390e+03 7.675935e+02 0.000000e+00 0.000000e+00 0.000000e+00 0.000000e+00 0.000000e+00 0.000000e+00 0.000000e+00 0.000000e+00 0.000000e+00
1.357000e+00 0.000000e+00 -6.785165e+03 -5.845890e+03 0.000000e+00 0.000000e+00 0.000000e+00 -3.070093e+02 -3.042239e+02 2.005770e+03 7.645006e+02 0.000000e+00 0.000000e+00 0.000000e+00 0.000000e+00 0.000000e+00 0.000000e+00 0.000000e+00 0.000000e+00 0.000000e+00
1.358000e+00 0.000000e+00 -6.780352e+03 -5.836514e+03 0.000000e+00 0.000000e+00 0.000000e+00 -3.061758e+02 -3.033675e+02 2.003134e+03 7.614181e+02 0.000000e+00 0.000000e+00 0.000000e+00 0.000000e+00 0.000000e+00 0.000000e+00 0.000000e+00 0.000000e+00 0.000000e+00
1.359000e+00 0.000000e+00 -6.775392e+03 -5.827187e+03 0.000000e+00 0.000000e+00 0.000000e+00 -3.053519e+02 -3.025204e+02 2.000483e+03 7.583459e+02 0.000000e+00 0.000000e+00 0.000000e+00 0.000000e+00 0.000000e+00 0.000000e+00 0.000000e+00 0.000000e+00 0.000000e+00
1.360000e+00 0.000000e+00 -6.770284e+03 -5.817914e+03 0.000000e+00 0.000000e+00 0.000000e+00 -3.045374e+02 -3.016827e+02 1.997817e+03 7.552840e+02 0.000000e+00 0.000000e+00 0.000000e+00 0.000000e+00 0.000000e+00 0.000000e+00 0.000000e+00 0.000000e+00 0.000000e+00
1.361000e+00 0.000000e+00 -6.765030e+03 -5.808694e+03 0.000000e+00 0.000000e+00 0.000000e+00 -3.037322e+02 -3.008542e+02 1.995136e+03 7.522323e+02 0.000000e+00 0.000000e+00 0.000000e+00 0.000000e+00 0.000000e+00 0.000000e+00 0.000000e+00 0.000000e+00 0.000000e+00
1.362000e+00 0.000000e+00 -6.759629e+03 -5.799530e+03 0.000000e+00 0.000000e+00 0.000000e+00 -3.029362e+02 -3.000348e+02 1.992441e+03 7.491908e+02 0.000000e+00 0.000000e+00 0.000000e+00 0.000000e+00 0.000000e+00 0.000000e+00 0.000000e+00 0.000000e+00 0.000000e+00
1.363000e+00 0.000000e+00 -6.754082e+03 -5.790423e+03 0.000000e+00 0.000000e+00 0.000000e+00 -3.021494e+02 -2.992245e+02 1.989732e+03 7.461595e+02 0.000000e+00 0.000000e+00 0.000000e+00 0.000000e+00 0.000000e+00 0.000000e+00 0.000000e+00 0.000000e+00 0.000000e+00
1.364000e+00 0.000000e+00 -6.748389e+03 -5.781376e+03 0.000000e+00 0.000000e+00 0.000000e+00 -3.013716e+02 -2.984231e+02 1.987009e+03 7.431382e+02 0.000000e+00 0.000000e+00 0.000000e+00 0.000000e+00 0.000000e+00 0.000000e+00 0.000000e+00 0.000000e+00 0.000000e+00
1.365000e+00 0.000000e+00 -6.742551e+03 -5.772389e+03 0.000000e+00 0.000000e+00 0.000000e+00 -3.006027e+02 -2.976305e+02 1.984272e+03 7.401269e+02 0.000000e+00 0.000000e+00 0.000000e+00 0.000000e+00 0.000000e+00 0.000000e+00 0.000000e+00 0.000000e+00 0.000000e+00
1.366000e+00 0.000000e+00 -6.736568e+03 -5.763464e+03 0.000000e+00 0.000000e+00 0.000000e+00 -2.998425e+02 -2.968466e+02 1.981522e+03 7.371256e+02 0.000000e+00 0.000000e+00 0.000000e+00 0.000000e+00 0.000000e+00 0.000000e+00 0.000000e+00 0.000000e+00 0.000000e+00
1.367000e+00 0.000000e+00 -6.730440e+03 -5.754603e+03 0.000000e+00 0.000000e+00 0.000000e+00 -2.990911e+02 -2.960713e+02 1.978759e+03 7.341342e+02 0.000000e+00 0.000000e+00 0.000000e+00 0.000000e+00 0.000000e+00 0.000000e+00 0.000000e+00 0.000000e+00 0.000000e+00
1.368000e+00 0.000000e+00 -6.724169e+03 -5.745807e+03 0.000000e+00 0.000000e+00 0.000000e+00 -2.983481e+02 -2.953044e+02 1.975983e+03 7.311526e+02 0.000000e+00 0.000000e+00 0.000000e+00 0.000000e+00 0.000000e+00 0.000000e+00 0.000000e+00 0.000000e+00 0.000000e+00
1.369000e+00 0.000000e+00 -6.717755e+03 -5.737078e+03 0.000000e+00 0.000000e+00 0.000000e+00 -2.976136e+02 -2.945459e+02 1.973195e+03 7.281809e+02 0.000000e+00 0.000000e+00 0.000000e+00 0.000000e+00 0.000000e+00 0.000000e+00 0.000000e+00 0.000000e+00 0.000000e+00
1.370000e+00 0.000000e+00 -6.711199e+03 -5.728417e+03 0.000000e+00 0.000000e+00 0.000000e+00 -2.968875e+02 -2.937957e+02 1.970395e+03 7.252189e+02 0.000000e+00 0.000000e+00 0.000000e+00 0.000000e+00 0.000000e+00 0.000000e+00 0.000000e+00 0.000000e+00 0.000000e+00
1.371000e+00 0.000000e+00 -6.704501e+03 -5.719824e+03 0.000000e+00 0.000000e+00 0.000000e+00 -2.961695e+02 -2.930536e+02 1.967583e+03 7.222666e+02 0.000000e+00 0.000000e+00 0.000000e+00 0.000000e+00 0.000000e+00 0.000000e+00 0.000000e+00 0.000000e+00 0.000000e+00
1.372000e+00 0.000000e+00 -6.697662e+03 -5.711303e+03 0.000000e+00 0.000000e+00 0.000000e+00 -2.954595e+02 -2.923195e+02 1.964760e+03 7.193239e+02 0.000000e+00 0.000000e+00 0.000000e+00 0.000000e+00 0.000000e+00 0.000000e+00 0.000000e+00 0.000000e+00 0.000000e+00
1.373000e+00 0.000000e+00 -6.690683e+03 -5.702853e+03 0.000000e+00 0.000000e+00 0.000000e+00 -2.947575e+02 -2.915932e+02 1.961926e+03 7.163908e+02 0.000000e+00 0.000000e+00 0.000000e+00 0.000000e+00 0.000000e+00 0.000000e+00 0.000000e+00 0.000000e+00 0.000000e+00
1.374000e+00 0.000000e+00 -6.683566e+03 -5.694476e+03 0.000000e+00 0.000000e+00 0.000000e+00 -2.940633e+02 -2.908747e+02 1.959081e+03 7.134672e+02 0.000000e+00 0.000000e+00 0.000000e+00 0.000000e+00 0.000000e+00 0.000000e+00 0.000000e+00 0.000000e+00 0.000000e+00
1.375000e+00 0.000000e+00 -6.676310e+03 -5.686174e+03 0.000000e+00 0.000000e+00 0.000000e+00 -2.933768e+02 -2.901639e+02 1.956226e+03 7.105531e+02 0.000000e+00 0.000000e+00 0.000000e+00 0.000000e+00 0.000000e+00 0.000000e+00 0.000000e+00 0.000000e+00 0.000000e+00
1.376000e+00 0.000000e+00 -6.668918e+03 -5.677946e+03 0.000000e+00 0.000000e+00 0.000000e+00 -2.926978e+02 -2.894605e+02 1.953360e+03 7.076483e+02 0.000000e+00 0.000000e+00 0.000000e+00 0.000000e+00 0.000000e+00 0.000000e+00 0.000000e+00 0.000000e+00 0.000000e+00
1.377000e+00 0.000000e+00 -6.661389e+03 -5.669796e+03 0.000000e+00 0.000000e+00 0.000000e+00 -2.920263e+02 -2.887645e+02 1.950485e+03 7.047530e+02 0.000000e+00 0.000000e+00 0.000000e+00 0.000000e+00 0.000000e+00 0.000000e+00 0.000000e+00 0.000000e+00 0.000000e+00
1.378000e+00 0.000000e+00 -6.653725e+03 -5.661723e+03 0.000000e+00 0.000000e+00 0.000000e+00 -2.913620e+02 -2.880758e+02 1.947601e+03 7.018669e+02 0.000000e+00 0.000000e+00 0.000000e+00 0.000000e+00 0.000000e+00 0.000000e+00 0.000000e+00 0.000000e+00 0.000000e+00
1.379000e+00 0.000000e+00 -6.645928e+03 -5.653728e+03 0.000000e+00 0.000000e+00 0.000000e+00 -2.907049e+02 -2.873942e+02 1.944708e+03 6.989900e+02 0.000000e+00 0.000000e+00 0.000000e+00 0.000000e+00 0.000000e+00 0.000000e+00 0.000000e+00 0.000000e+00 0.000000e+00
1.380000e+00 0.000000e+00 -6.637997e+03 -5.645813e+03 0.000000e+00 0.000000e+00 0.000000e+00 -2.900548e+02 -2.867196e+02 1.941807e+03 6.961223e+02 0.000000e+00 0.000000e+00 0.000000e+00 0.000000e+00 0.000000e+00 0.000000e+00 0.000000e+00 0.000000e+00 0.000000e+00
1.381000e+00 0.000000e+00 -6.629936e+03 -5.637978e+03 0.000000e+00 0.000000e+00 0.000000e+00 -2.894116e+02 -2.860518e+02 1.938897e+03 6.932636e+02 0.000000e+00 0.000000e+00 0.000000e+00 0.000000e+00 0.000000e+00 0.000000e+00 0.000000e+00 0.000000e+00 0.000000e+00
1.382000e+00 0.000000e+00 -6.621744e+03 -5.630225e+03 0.000000e+00 0.000000e+00 0.000000e+00 -2.887752e+02 -2.853907e+02 1.935979e+03 6.904140e+02 0.000000e+00 0.000000e+00 0.000000e+00 0.000000e+00 0.000000e+00 0.000000e+00 0.000000e+00 0.000000e+00 0.000000e+00
1.383000e+00 0.000000e+00 -6.613423e+03 -5.622554e+03 0.000000e+00 0.000000e+00 0.000000e+00 -2.881453e+02 -2.847362e+02 1.933054e+03 6.875734e+02 0.000000e+00 0.000000e+00 0.000000e+00 0.000000e+00 0.000000e+00 0.000000e+00 0.000000e+00 0.000000e+00 0.000000e+00
1.384000e+00 0.000000e+00 -6.604975e+03 -5.614966e+03 0.000000e+00 0.000000e+00 0.000000e+00 -2.875219e+02 -2.840882e+02 1.930122e+03 6.847416e+02 0.000000e+00 0.000000e+00 0.000000e+00 0.000000e+00 0.000000e+00 0.000000e+00 0.000000e+00 0.000000e+00 0.000000e+00
1.385000e+00 0.000000e+00 -6.596400e+03 -5.607462e+03 0.000000e+00 0.000000e+00 0.000000e+00 -2.869048e+02 -2.834464e+02 1.927184e+03 6.819187e+02 0.000000e+00 0.000000e+00 0.000000e+00 0.000000e+00 0.000000e+00 0.000000e+00 0.000000e+00 0.000000e+00 0.000000e+00
1.386000e+00 0.000000e+00 -6.587701e+03 -5.600043e+03 0.000000e+00 0.000000e+00 0.000000e+00 -2.862939e+02 -2.828108e+02 1.924239e+03 6.791045e+02 0.000000e+00 0.000000e+00 0.000000e+00 0.000000e+00 0.000000e+00 0.000000e+00 0.000000e+00 0.000000e+00 0.000000e+00
1.387000e+00 0.000000e+00 -6.578879e+03 -5.592708e+03 0.000000e+00 0.000000e+00 0.000000e+00 -2.856890e+02 -2.821812e+02 1.921288e+03 6.762990e+02 0.000000e+00 0.000000e+00 0.000000e+00 0.000000e+00 0.000000e+00 0.000000e+00 0.000000e+00 0.000000e+00 0.000000e+00
1.388000e+00 0.000000e+00 -6.569935e+03 -5.585460e+03 0.000000e+00 0.000000e+00 0.000000e+00 -2.850900e+02 -2.815575e+02 1.918332e+03 6.735020e+02 0.000000e+00 0.000000e+00 0.000000e+00 0.000000e+00 0.000000e+00 0.000000e+00 0.000000e+00 0.000000e+00 0.000000e+00
1.389000e+00 0.000000e+00 -6.560870e+03 -5.578298e+03 0.000000e+00 0.000000e+00 0.000000e+00 -2.844967e+02 -2.809395e+02 1.915371e+03 6.707136e+02 0.000000e+00 0.000000e+00 0.000000e+00 0.000000e+00 0.000000e+00 0.000000e+00 0.000000e+00 0.000000e+00 0.000000e+00
1.390000e+00 0.000000e+00 -6.551687e+03 -5.571223e+03 0.000000e+00 0.000000e+00 0.000000e+00 -2.839090e+02 -2.803271e+02 1.912405e+03 6.679337e+02 0.000000e+00 0.000000e+00 0.000000e+00 0.000000e+00 0.000000e+00 0.000000e+00 0.000000e+00 0.000000e+00 0.000000e+00
1.391000e+00 0.000000e+00 -6.542387e+03 -5.564235e+03 0.000000e+00 0.000000e+00 0.000000e+00 -2.833268e+02 -2.797201e+02 1.909435e+03 6.651620e+02 0.000000e+00 0.000000e+00 0.000000e+00 0.000000e+00 0.000000e+00 0.000000e+00 0.000000e+00 0.000000e+00 0.000000e+00
1.392000e+00 0.000000e+00 -6.532972e+03 -5.557336e+03 0.000000e+00 0.000000e+00 0.000000e+00 -2.827498e+02 -2.791184e+02 1.906461e+03 6.623987e+02 0.000000e+00 0.000000e+00 0.000000e+00 0.000000e+00 0.000000e+00 0.000000e+00 0.000000e+00 0.000000e+00 0.000000e+00
1.393000e+00 0.000000e+00 -6.523443e+03 -5.550525e+03 0.000000e+00 0.000000e+00 0.000000e+00 -2.821780e+02 -2.785218e+02 1.903484e+03 6.596436e+02 0.000000e+00 0.000000e+00 0.000000e+00 0.000000e+00 0.000000e+00 0.000000e+00 0.000000e+00 0.000000e+00 0.000000e+00
1.394000e+00 0.000000e+00 -6.513802e+03 -5.543803e+03 0.000000e+00 0.000000e+00 0.000000e+00 -2.816111e+02 -2.779303e+02 1.900503e+03 6.568966e+02 0.000000e+00 0.000000e+00 0.000000e+00 0.000000e+00 0.000000e+00 0.000000e+00 0.000000e+00 0.000000e+00 0.000000e+00
1.395000e+00 0.000000e+00 -6.504051e+03 -5.537170e+03 0.000000e+00 0.000000e+00 0.000000e+00 -2.810490e+02 -2.773435e+02 1.897520e+03 6.541576e+02 0.000000e+00 0.000000e+00 0.000000e+00 0.000000e+00 0.000000e+00 0.000000e+00 0.000000e+00 0.000000e+00 0.000000e+00
1.396000e+00 0.000000e+00 -6.494192e+03 -5.530627e+03 0.000000e+00 0.000000e+00 0.000000e+00 -2.804917e+02 -2.767615e+02 1.894535e+03 6.514265e+02 0.000000e+00 0.000000e+00 0.000000e+00 0.000000e+00 0.000000e+00 0.000000e+00 0.000000e+00 0.000000e+00 0.000000e+00
1.397000e+00 0.000000e+00 -6.484226e+03 -5.524174e+03 0.000000e+00 0.000000e+00 0.000000e+00 -2.799388e+02 -2.761840e+02 1.891548e+03 6.487032e+02 0.000000e+00 0.000000e+00 0.000000e+00 0.000000e+00 0.000000e+00 0.000000e+00 0.000000e+00 0.000000e+00 0.000000e+00
1.398000e+00 0.000000e+00 -6.474155e+03 -5.517810e+03 0.000000e+00 0.000000e+00 0.000000e+00 -2.793903e+02 -2.756108e+02 1.888559e+03 6.459877e+02 0.000000e+00 0.000000e+00 0.000000e+00 0.000000e+00 0.000000e+00 0.000000e+00 0.000000e+00 0.000000e+00 0.000000e+00
1.399000e+00 0.000000e+00 -6.463981e+03 -5.511537e+03 0.000000e+00 0.000000e+00 0.000000e+00 -2.788459e+02 -2.750419e+02 1.885569e+03 6.432798e+02 0.000000e+00 0.000000e+00 0.000000e+00 0.000000e+00 0.000000e+00 0.000000e+00 0.000000e+00 0.000000e+00 0.000000e+00
1.400000e+00 0.000000e+00 -6.453707e+03 -5.505354e+03 0.000000e+00 0.000000e+00 0.000000e+00 -2.783056e+02 -2.744770e+02 1.882579e+03 6.405795e+02 0.000000e+00 0.000000e+00 0.000000e+00 0.000000e+00 0.000000e+00 0.000000e+00 0.000000e+00 0.000000e+00 0.000000e+00
1.401000e+00 0.000000e+00 -6.443334e+03 -5.499261e+03 0.000000e+00 0.000000e+00 0.000000e+00 -2.777692e+02 -2.739161e+02 1.879588e+03 6.378865e+02 0.000000e+00 0.000000e+00 0.000000e+00 0.000000e+00 0.000000e+00 0.000000e+00 0.000000e+00 0.000000e+00 0.000000e+00
1.402000e+00 0.000000e+00 -6.432863e+03 -5.493259e+03 0.000000e+00 0.000000e+00 0.000000e+00 -2.772365e+02 -2.733589e+02 1.876598e+03 6.352009e+02 0.000000e+00 0.000000e+00 0.000000e+00 0.000000e+00 0.000000e+00 0.000000e+00 0.000000e+00 0.000000e+00 0.000000e+00
1.403000e+00 0.000000e+00 -6.422298e+03 -5.487347e+03 0.000000e+00 0.000000e+00 0.000000e+00 -2.767073e+02 -2.728052e+02 1.873608e+03 6.325225e+02 0.000000e+00 0.000000e+00 0.000000e+00 0.000000e+00 0.000000e+00 0.000000e+00 0.000000e+00 0.000000e+00 0.000000e+00
1.404000e+00 0.000000e+00 -6.411640e+03 -5.481525e+03 0.000000e+00 0.000000e+00 0.000000e+00 -2.761815e+02 -2.722550e+02 1.870619e+03 6.298512e+02 0.000000e+00 0.000000e+00 0.000000e+00 0.000000e+00 0.000000e+00 0.000000e+00 0.000000e+00 0.000000e+00 0.000000e+00
1.405000e+00 0.000000e+00 -6.400890e+03 -5.475794e+03 0.000000e+00 0.000000e+00 0.000000e+00 -2.756590e+02 -2.717081e+02 1.867632e+03 6.271869e+02 0.000000e+00 0.000000e+00 0.000000e+00 0.000000e+00 0.000000e+00 0.000000e+00 0.000000e+00 0.000000e+00 0.000000e+00
1.406000e+00 0.000000e+00 -6.390052e+03 -5.470152e+03 0.000000e+00 0.000000e+00 0.000000e+00 -2.751395e+02 -2.711643e+02 1.864646e+03 6.245295e+02 0.000000e+00 0.000000e+00 0.000000e+00 0.000000e+00 0.000000e+00 0.000000e+00 0.000000e+00 0.000000e+00 0.000000e+00
1.407000e+00 0.000000e+00 -6.379127e+03 -5.464601e+03 0.000000e+00 0.000000e+00 0.000000e+00 -2.746229e+02 -2.706234e+02 1.861662e+03 6.218788e+02 0.000000e+00 0.000000e+00 0.000000e+00 0.000000e+00 0.000000e+00 0.000000e+00 0.000000e+00 0.000000e+00 0.000000e+00
1.408000e+00 0.000000e+00 -6.368117e+03 -5.459139e+03 0.000000e+00 0.000000e+00 0.000000e+00 -2.741090e+02 -2.700853e+02 1.858681e+03 6.192348e+02 0.000000e+00 0.000000e+00 0.000000e+00 0.000000e+00 0.000000e+00 0.000000e+00 0.000000e+00 0.000000e+00 0.000000e+00
1.409000e+00 0.000000e+00 -6.357025e+03 -5.453767e+03 0.000000e+00 0.000000e+00 0.000000e+00 -2.735977e+02 -2.695499e+02 1.855702e+03 6.165972e+02 0.000000e+00 0.000000e+00 0.000000e+00 0.000000e+00 0.000000e+00 0.000000e+00 0.000000e+00 0.000000e+00 0.000000e+00
1.410000e+00 0.000000e+00 -6.345852e+03 -5.448483e+03 0.000000e+00 0.000000e+00 0.000000e+00 -2.730888e+02 -2.690168e+02 1.852727e+03 6.139661e+02 0.000000e+00 0.000000e+00 0.000000e+00 0.000000e+00 0.000000e+00 0.000000e+00 0.000000e+00 0.000000e+00 0.000000e+00
1.411000e+00 0.000000e+00 -6.334601e+03 -5.443288e+03 0.000000e+00 0.000000e+00 0.000000e+00 -2.725821e+02 -2.684861e+02 1.849756e+03 6.113412e+02 0.000000e+00 0.000000e+00 0.000000e+00 0.000000e+00 0.000000e+00 0.000000e+00 0.000000e+00 0.000000e+00 0.000000e+00
1.412000e+00 0.000000e+00 -6.323273e+03 -5.438182e+03 0.000000e+00 0.000000e+00 0.000000e+00 -2.720775e+02 -2.679575e+02 1.846788e+03 6.087224e+02 0.000000e+00 0.000000e+00 0.000000e+00 0.000000e+00 0.000000e+00 0.000000e+00 0.000000e+00 0.000000e+00 0.000000e+00
1.413000e+00 0.000000e+00 -6.311871e+03 -5.433163e+03 0.000000e+00 0.000000e+00 0.000000e+00 -2.715747e+02 -2.674309e+02 1.843825e+03 6.061096e+02 0.000000e+00 0.000000e+00 0.000000e+00 0.000000e+00 0.000000e+00 0.000000e+00 0.000000e+00 0.000000e+00 0.000000e+00
1.414000e+00 0.000000e+00 -6.300398e+03 -5.428231e+03 0.000000e+00 0.000000e+00 0.000000e+00 -2.710737e+02 -2.669061e+02 1.840867e+03 6.035026e+02 0.000000e+00 0.000000e+00 0.000000e+00 0.000000e+00 0.000000e+00 0.000000e+00 0.000000e+00 0.000000e+00 0.000000e+00
1.415000e+00 0.000000e+00 -6.288855e+03 -5.423387e+03 0.000000e+00 0.000000e+00 0.000000e+00 -2.705743e+02 -2.663829e+02 1.837913e+03 6.009013e+02 0.000000e+00 0.000000e+00 0.000000e+00 0.000000e+00 0.000000e+00 0.000000e+00 0.000000e+00 0.000000e+00 0.000000e+00
1.416000e+00 0.000000e+00 -6.277244e+03 -5.418628e+03 0.000000e+00 0.000000e+00 0.000000e+00 -2.700763e+02 -2.658611e+02 1.834965e+03 5.983056e+02 0.000000e+00 0.000000e+00 0.000000e+00 0.000000e+00 0.000000e+00 0.000000e+00 0.000000e+00 0.000000e+00 0.000000e+00
1.417000e+00 0.000000e+00 -6.265568e+03 -5.413954e+03 0.000000e+00 0.000000e+00 0.000000e+00 -2.695794e+02 -2.653407e+02 1.832023e+03 5.957153e+02 0.000000e+00 0.000000e+00 0.000000e+00 0.000000e+00 0.000000e+00 0.000000e+00 0.000000e+00 0.000000e+00 0.000000e+00
1.418000e+00 0.000000e+00 -6.253829e+03 -5.409366e+03 0.000000e+00 0.000000e+00 0.000000e+00 -2.690837e+02 -2.648214e+02 1.829088e+03 5.931303e+02 0.000000e+00 0.000000e+00 0.000000e+00 0.000000e+00 0.000000e+00 0.000000e+00 0.000000e+00 0.000000e+00 0.000000e+00
1.419000e+00 0.000000e+00 -6.242029e+03 -5.404861e+03 0.000000e+00 0.000000e+00 0.000000e+00 -2.685888e+02 -2.643031e+02 1.826158e+03 5.905504e+02 0.000000e+00 0.000000e+00 0.000000e+00 0.000000e+00 0.000000e+00 0.000000e+00 0.000000e+00 0.000000e+00 0.000000e+00
1.420000e+00 0.000000e+00 -6.230171e+03 -5.400440e+03 0.000000e+00 0.000000e+00 0.000000e+00 -2.680946e+02 -2.637856e+02 1.823236e+03 5.879755e+02 0.000000e+00 0.000000e+00 0.000000e+00 0.000000e+00 0.000000e+00 0.000000e+00 0.000000e+00 0.000000e+00 0.000000e+00
1.421000e+00 0.000000e+00 -6.218256e+03 -5.396101e+03 0.000000e+00 0.000000e+00 0.000000e+00 -2.676010e+02 -2.632687e+02 1.820320e+03 5.854054e+02 0.000000e+00 0.000000e+00 0.000000e+00 0.000000e+00 0.000000e+00 0.000000e+00 0.000000e+00 0.000000e+00 0.000000e+00
1.422000e+00 0.000000e+00 -6.206287e+03 -5.391843e+03 0.000000e+00 0.000000e+00 0.000000e+00 -2.671078e+02 -2.627523e+02 1.817413e+03 5.828399e+02 0.000000e+00 0.000000e+00 0.000000e+00 0.000000e+00 0.000000e+00 0.000000e+00 0.000000e+00 0.000000e+00 0.000000e+00
1.423000e+00 0.000000e+00 -6.194266e+03 -5.387666e+03 0.000000e+00 0.000000e+00 0.000000e+00 -2.666148e+02 -2.622362e+02 1.814513e+03 5.802790e+02 0.000000e+00 0.000000e+00 0.000000e+00 0.000000e+00 0.000000e+00 0.000000e+00 0.000000e+00 0.000000e+00 0.000000e+00
1.424000e+00 0.000000e+00 -6.182195e+03 -5.383569e+03 0.000000e+00 0.000000e+00 0.000000e+00 -2.661219e+02 -2.617203e+02 1.811621e+03 5.777224e+02 0.000000e+00 0.000000e+00 0.000000e+00 0.000000e+00 0.000000e+00 0.000000e+00 0.000000e+00 0.000000e+00 0.000000e+00
1.425000e+00 0.000000e+00 -6.170076e+03 -5.379551e+03 0.000000e+00 0.000000e+00 0.000000e+00 -2.656288e+02 -2.612043e+02 1.808738e+03 5.751699e+02 0.000000e+00 0.000000e+00 0.000000e+00 0.000000e+00 0.000000e+00 0.000000e+00 0.000000e+00 0.000000e+00 0.000000e+00
1.426000e+00 0.000000e+00 -6.157912e+03 -5.375610e+03 0.000000e+00 0.000000e+00 0.000000e+00 -2.651355e+02 -2.606882e+02 1.805863e+03 5.726215e+02 0.000000e+00 0.000000e+00 0.000000e+00 0.000000e+00 0.000000e+00 0.000000e+00 0.000000e+00 0.000000e+00 0.000000e+00
1.427000e+00 0.000000e+00 -6.145706e+03 -5.371745e+03 0.000000e+00 0.000000e+00 0.000000e+00 -2.646417e+02 -2.601717e+02 1.802998e+03 5.700769e+02 0.000000e+00 0.000000e+00 0.000000e+00 0.000000e+00 0.000000e+00 0.000000e+00 0.000000e+00 0.000000e+00 0.000000e+00
1.428000e+00 0.000000e+00 -6.133458e+03 -5.367956e+03 0.000000e+00 0.000000e+00 0.000000e+00 -2.641473e+02 -2.596547e+02 1.800142e+03 5.675360e+02 0.000000e+00 0.000000e+00 0.000000e+00 0.000000e+00 0.000000e+00 0.000000e+00 0.000000e+00 0.000000e+00 0.000000e+00
1.429000e+00 0.000000e+00 -6.121171e+03 -5.364242e+03 0.000000e+00 0.000000e+00 0.000000e+00 -2.636521e+02 -2.591370e+02 1.797295e+03 5.649986e+02 0.000000e+00 0.000000e+00 0.000000e+00 0.000000e+00 0.000000e+00 0.000000e+00 0.000000e+00 0.000000e+00 0.000000e+00
1.430000e+00 0.000000e+00 -6.108848e+03 -5.360600e+03 0.000000e+00 0.000000e+00 0.000000e+00 -2.631560e+02 -2.586185e+02 1.794459e+03 5.624645e+02 0.000000e+00 0.000000e+00 0.000000e+00 0.000000e+00 0.000000e+00 0.000000e+00 0.000000e+00 0.000000e+00 0.000000e+00
1.431000e+00 0.000000e+00 -6.096491e+03 -5.357030e+03 0.000000e+00 0.000000e+00 0.000000e+00 -2.626587e+02 -2.580990e+02 1.791633e+03 5.599336e+02 0.000000e+00 0.000000e+00 0.000000e+00 0.000000e+00 0.000000e+00 0.000000e+00 0.000000e+00 0.000000e+00 0.000000e+00
1.432000e+00 0.000000e+00 -6.084102e+03 -5.353531e+03 0.000000e+00 0.000000e+00 0.000000e+00 -2.621602e+02 -2.575783e+02 1.788818e+03 5.574057e+02 0.000000e+00 0.000000e+00 0.000000e+00 0.000000e+00 0.000000e+00 0.000000e+00 0.000000e+00 0.000000e+00 0.000000e+00
1.433000e+00 0.000000e+00 -6.071682e+03 -5.350101e+03 0.000000e+00 0.000000e+00 0.000000e+00 -2.616603e+02 -2.570563e+02 1.786013e+03 5.548806e+02 0.000000e+00 0.000000e+00 0.000000e+00 0.000000e+00 0.000000e+00 0.000000e+00 0.000000e+00 0.000000e+00 0.000000e+00
1.434000e+00 0.000000e+00 -6.059235e+03 -5.346739e+03 0.000000e+00 0.000000e+00 0.000000e+00 -2.611588e+02 -2.565328e+02 1.783219e+03 5.523581e+02 0.000000e+00 0.000000e+00 0.000000e+00 0.000000e+00 0.000000e+00 0.000000e+00 0.000000e+00 0.000000e+00 0.000000e+00
1.435000e+00 0.000000e+00 -6.046762e+03 -5.343444e+03 0.000000e+00 0.000000e+00 0.000000e+00 -2.606555e+02 -2.560077e+02 1.780437e+03 5.498381e+02 0.000000e+00 0.000000e+00 0.000000e+00 0.000000e+00 0.000000e+00 0.000000e+00 0.000000e+00 0.000000e+00 0.000000e+00
1.436000e+00 0.000000e+00 -6.034266e+03 -5.340214e+03 0.000000e+00 0.000000e+00 0.000000e+00 -2.601503e+02 -2.554808e+02 1.777666e+03 5.473204e+02 0.000000e+00 0.000000e+00 0.000000e+00 0.000000e+00 0.000000e+00 0.000000e+00 0.000000e+00 0.000000e+00 0.000000e+00
1.437000e+00 0.000000e+00 -6.021748e+03 -5.337047e+03 0.000000e+00 0.000000e+00 0.000000e+00 -2.596431e+02 -2.549520e+02 1.774907e+03 5.448047e+02 0.000000e+00 0.000000e+00 0.000000e+00 0.000000e+00 0.000000e+00 0.000000e+00 0.000000e+00 0.000000e+00 0.000000e+00
1.438000e+00 0.000000e+00 -6.009210e+03 -5.333943e+03 0.000000e+00 0.000000e+00 0.000000e+00 -2.591336e+02 -2.544211e+02 1.772160e+03 5.422910e+02 0.000000e+00 0.000000e+00 0.000000e+00 0.000000e+00 0.000000e+00 0.000000e+00 0.000000e+00 0.000000e+00 0.000000e+00
1.439000e+00 0.000000e+00 -5.996656e+03 -5.330899e+03 0.000000e+00 0.000000e+00 0.000000e+00 -2.586217e+02 -2.538879e+02 1.769426e+03 5.397790e+02 0.000000e+00 0.000000e+00 0.000000e+00 0.000000e+00 0.000000e+00 0.000000e+00 0.000000e+00 0.000000e+00 0.000000e+00
1.440000e+00 0.000000e+00 -5.984086e+03 -5.327915e+03 0.000000e+00 0.000000e+00 0.000000e+00 -2.581074e+02 -2.533523e+02 1.766704e+03 5.372686e+02 0.000000e+00 0.000000e+00 0.000000e+00 0.000000e+00 0.000000e+00 0.000000e+00 0.000000e+00 0.000000e+00 0.000000e+00
1.441000e+00 0.000000e+00 -5.971503e+03 -5.324988e+03 0.000000e+00 0.000000e+00 0.000000e+00 -2.575903e+02 -2.528142e+02 1.763994e+03 5.347595e+02 0.000000e+00 0.000000e+00 0.000000e+00 0.000000e+00 0.000000e+00 0.000000e+00 0.000000e+00 0.000000e+00 0.000000e+00
1.442000e+00 0.000000e+00 -5.958908e+03 -5.322117e+03 0.000000e+00 0.000000e+00 0.000000e+00 -2.570704e+02 -2.522733e+02 1.761298e+03 5.322516e+02 0.000000e+00 0.000000e+00 0.000000e+00 0.000000e+00 0.000000e+00 0.000000e+00 0.000000e+00 0.000000e+00 0.000000e+00
1.443000e+00 0.000000e+00 -5.946305e+03 -5.319301e+03 0.000000e+00 0.000000e+00 0.000000e+00 -2.565476e+02 -2.517296e+02 1.758615e+03 5.297448e+02 0.000000e+00 0.000000e+00 0.000000e+00 0.000000e+00 0.000000e+00 0.000000e+00 0.000000e+00 0.000000e+00 0.000000e+00
1.444000e+00 0.000000e+00 -5.933694e+03 -5.316537e+03 0.000000e+00 0.000000e+00 0.000000e+00 -2.560215e+02 -2.511829e+02 1.755945e+03 5.272387e+02 0.000000e+00 0.000000e+00 0.000000e+00 0.000000e+00 0.000000e+00 0.000000e+00 0.000000e+00 0.000000e+00 0.000000e+00
1.445000e+00 0.000000e+00 -5.921078e+03 -5.313825e+03 0.000000e+00 0.000000e+00 0.000000e+00 -2.554923e+02 -2.506330e+02 1.753289e+03 5.247333e+02 0.000000e+00 0.000000e+00 0.000000e+00 0.000000e+00 0.000000e+00 0.000000e+00 0.000000e+00 0.000000e+00 0.000000e+00
1.446000e+00 0.000000e+00 -5.908459e+03 -5.311162e+03 0.000000e+00 0.000000e+00 0.000000e+00 -2.549596e+02 -2.500799e+02 1.750646e+03 5.222283e+02 0.000000e+00 0.000000e+00 0.000000e+00 0.000000e+00 0.000000e+00 0.000000e+00 0.000000e+00 0.000000e+00 0.000000e+00
1.447000e+00 0.000000e+00 -5.895838e+03 -5.308546e+03 0.000000e+00 0.000000e+00 0.000000e+00 -2.544233e+02 -2.495233e+02 1.748018e+03 5.197237e+02 0.000000e+00 0.000000e+00 0.000000e+00 0.000000e+00 0.000000e+00 0.000000e+00 0.000000e+00 0.000000e+00 0.000000e+00
1.448000e+00 0.000000e+00 -5.883217e+03 -5.305977e+03 0.000000e+00 0.000000e+00 0.000000e+00 -2.538834e+02 -2.489632e+02 1.745404e+03 5.172191e+02 0.000000e+00 0.000000e+00 0.000000e+00 0.000000e+00 0.000000e+00 0.000000e+00 0.000000e+00 0.000000e+00 0.000000e+00
1.449000e+00 0.000000e+00 -5.870599e+03 -5.303452e+03 0.000000e+00 0.000000e+00 0.000000e+00 -2.533396e+02 -2.483994e+02 1.742804e+03 5.147144e+02 0.000000e+00 0.000000e+00 0.000000e+00 0.000000e+00 0.000000e+00 0.000000e+00 0.000000e+00 0.000000e+00 0.000000e+00
1.450000e+00 0.000000e+00 -5.857985e+03 -5.300969e+03 0.000000e+00 0.000000e+00 0.000000e+00 -2.527918e+02 -2.478317e+02 1.740218e+03 5.122095e+02 0.000000e+00 0.000000e+00 0.000000e+00 0.000000e+00 0.000000e+00 0.000000e+00 0.000000e+00 0.000000e+00 0.000000e+00
1.451000e+00 0.000000e+00 -5.845377e+03 -5.298527e+03 0.000000e+00 0.000000e+00 0.000000e+00 -2.522399e+02 -2.472600e+02 1.737647e+03 5.097041e+02 0.000000e+00 0.000000e+00 0.000000e+00 0.000000e+00 0.000000e+00 0.000000e+00 0.000000e+00 0.000000e+00 0.000000e+00
1.452000e+00 0.000000e+00 -5.832777e+03 -5.296123e+03 0.000000e+00 0.000000e+00 0.000000e+00 -2.516838e+02 -2.466843e+02 1.735091e+03 5.071981e+02 0.000000e+00 0.000000e+00 0.000000e+00 0.000000e+00 0.000000e+00 0.000000e+00 0.000000e+00 0.000000e+00 0.000000e+00
1.453000e+00 0.000000e+00 -5.820186e+03 -5.293757e+03 0.000000e+00 0.000000e+00 0.000000e+00 -2.511233e+02 -2.461043e+02 1.732550e+03 5.046912e+02 0.000000e+00 0.000000e+00 0.000000e+00 0.000000e+00 0.000000e+00 0.000000e+00 0.000000e+00 0.000000e+00 0.000000e+00
1.454000e+00 0.000000e+00 -5.807607e+03 -5.291426e+03 0.000000e+00 0.000000e+00 0.000000e+00 -2.505582e+02 -2.455199e+02 1.730023e+03 5.021834e+02 0.000000e+00 0.000000e+00 0.000000e+00 0.000000e+00 0.000000e+00 0.000000e+00 0.000000e+00 0.000000e+00 0.000000e+00
1.455000e+00 0.000000e+00 -5.795040e+03 -5.289128e+03 0.000000e+00 0.000000e+00 0.000000e+00 -2.499886e+02 -2.449310e+02 1.727513e+03 4.996744e+02 0.000000e+00 0.000000e+00 0.000000e+00 0.000000e+00 0.000000e+00 0.000000e+00 0.000000e+00 0.000000e+00 0.000000e+00
1.456000e+00 0.000000e+00 -5.782488e+03 -5.286862e+03 0.000000e+00 0.000000e+00 0.000000e+00 -2.494142e+02 -2.443376e+02 1.725017e+03 4.971641e+02 0.000000e+00 0.000000e+00 0.000000e+00 0.000000e+00 0.000000e+00 0.000000e+00 0.000000e+00 0.000000e+00 0.000000e+00
1.457000e+00 0.000000e+00 -5.769952e+03 -5.284625e+03 0.000000e+00 0.000000e+00 0.000000e+00 -2.488349e+02 -2.437393e+02 1.722537e+03 4.946523e+02 0.000000e+00 0.000000e+00 0.000000e+00 0.000000e+00 0.000000e+00 0.000000e+00 0.000000e+00 0.000000e+00 0.000000e+00
1.458000e+00 0.000000e+00 -5.757434e+03 -5.282416e+03 0.000000e+00 0.000000e+00 0.000000e+00 -2.482506e+02 -2.431363e+02 1.720072e+03 4.921387e+02 0.000000e+00 0.000000e+00 0.000000e+00 0.000000e+00 0.000000e+00 0.000000e+00 0.000000e+00 0.000000e+00 0.000000e+00
1.459000e+00 0.000000e+00 -5.744935e+03 -5.280233e+03 0.000000e+00 0.000000e+00 0.000000e+00 -2.476612e+02 -2.425282e+02 1.717623e+03 4.896234e+02 0.000000e+00 0.000000e+00 0.000000e+00 0.000000e+00 0.000000e+00 0.000000e+00 0.000000e+00 0.000000e+00 0.000000e+00
1.460000e+00 0.000000e+00 -5.732458e+03 -5.278074e+03 0.000000e+00 0.000000e+00 0.000000e+00 -2.470665e+02 -2.419151e+02 1.715190e+03 4.871060e+02 0.000000e+00 0.000000e+00 0.000000e+00 0.000000e+00 0.000000e+00 0.000000e+00 0.000000e+00 0.000000e+00 0.000000e+00
1.461000e+00 0.000000e+00 -5.720002e+03 -5.275937e+03 0.000000e+00 0.000000e+00 0.000000e+00 -2.464666e+02 -2.412968e+02 1.712773e+03 4.845864e+02 0.000000e+00 0.000000e+00 0.000000e+00 0.000000e+00 0.000000e+00 0.000000e+00 0.000000e+00 0.000000e+00 0.000000e+00
1.462000e+00 0.000000e+00 -5.707571e+03 -5.273821e+03 0.000000e+00 0.000000e+00 0.000000e+00 -2.458611e+02 -2.406731e+02 1.710372e+03 4.820645e+02 0.000000e+00 0.000000e+00 0.000000e+00 0.000000e+00 0.000000e+00 0.000000e+00 0.000000e+00 0.000000e+00 0.000000e+00
1.463000e+00 0.000000e+00 -5.695165e+03 -5.271723e+03 0.000000e+00 0.000000e+00 0.000000e+00 -2.452501e+02 -2.400441e+02 1.707986e+03 4.795401e+02 0.000000e+00 0.000000e+00 0.000000e+00 0.000000e+00 0.000000e+00 0.000000e+00 0.000000e+00 0.000000e+00 0.000000e+00
1.464000e+00 0.000000e+00 -5.682785e+03 -5.269641e+03 0.000000e+00 0.000000e+00 0.000000e+00 -2.446335e+02 -2.394095e+02 1.705617e+03 4.770130e+02 0.000000e+00 0.000000e+00 0.000000e+00 0.000000e+00 0.000000e+00 0.000000e+00 0.000000e+00 0.000000e+00 0.000000e+00
1.465000e+00 0.000000e+00 -5.670434e+03 -5.267574e+03 0.000000e+00 0.000000e+00 0.000000e+00 -2.440111e+02 -2.387693e+02 1.703265e+03 4.744831e+02 0.000000e+00 0.000000e+00 0.000000e+00 0.000000e+00 0.000000e+00 0.000000e+00 0.000000e+00 0.000000e+00 0.000000e+00
1.466000e+00 0.000000e+00 -5.658112e+03 -5.265520e+03 0.000000e+00 0.000000e+00 0.000000e+00 -2.433829e+02 -2.381235e+02 1.700928e+03 4.719502e+02 0.000000e+00 0.000000e+00 0.000000e+00 0.000000e+00 0.000000e+00 0.000000e+00 0.000000e+00 0.000000e+00 0.000000e+00
1.467000e+00 0.000000e+00 -5.645821e+03 -5.263477e+03 0.000000e+00 0.000000e+00 0.000000e+00 -2.427487e+02 -2.374718e+02 1.698608e+03 4.694142e+02 0.000000e+00 0.000000e+00 0.000000e+00 0.000000e+00 0.000000e+00 0.000000e+00 0.000000e+00 0.000000e+00 0.000000e+00
1.468000e+00 0.000000e+00 -5.633562e+03 -5.261443e+03 0.000000e+00 0.000000e+00 0.000000e+00 -2.421084e+02 -2.368142e+02 1.696304e+03 4.668750e+02 0.000000e+00 0.000000e+00 0.000000e+00 0.000000e+00 0.000000e+00 0.000000e+00 0.000000e+00 0.000000e+00 0.000000e+00
1.469000e+00 0.000000e+00 -5.621336e+03 -5.259416e+03 0.000000e+00 0.000000e+00 0.000000e+00 -2.414620e+02 -2.361506e+02 1.694017e+03 4.643323e+02 0.000000e+00 0.000000e+00 0.000000e+00 0.000000e+00 0.000000e+00 0.000000e+00 0.000000e+00 0.000000e+00 0.000000e+00
1.470000e+00 0.000000e+00 -5.609145e+03 -5.257395e+03 0.000000e+00 0.000000e+00 0.000000e+00 -2.408095e+02 -2.354810e+02 1.691747e+03 4.617861e+02 0.000000e+00 0.000000e+00 0.000000e+00 0.000000e+00 0.000000e+00 0.000000e+00 0.000000e+00 0.000000e+00 0.000000e+00
1.471000e+00 0.000000e+00 -5.596990e+03 -5.255377e+03 0.000000e+00 0.000000e+00 0.000000e+00 -2.401506e+02 -2.348052e+02 1.689493e+03 4.592362e+02 0.000000e+00 0.000000e+00 0.000000e+00 0.000000e+00 0.000000e+00 0.000000e+00 0.000000e+00 0.000000e+00 0.000000e+00
1.472000e+00 0.000000e+00 -5.584871e+03 -5.253361e+03 0.000000e+00 0.000000e+00 0.000000e+00 -2.394853e+02 -2.341232e+02 1.687255e+03 4.566825e+02 0.000000e+00 0.000000e+00 0.000000e+00 0.000000e+00 0.000000e+00 0.000000e+00 0.000000e+00 0.000000e+00 0.000000e+00
1.473000e+00 0.000000e+00 -5.572791e+03 -5.251345e+03 0.000000e+00 0.000000e+00 0.000000e+00 -2.388135e+02 -2.334348e+02 1.685034e+03 4.541248e+02 0.000000e+00 0.000000e+00 0.000000e+00 0.000000e+00 0.000000e+00 0.000000e+00 0.000000e+00 0.000000e+00 0.000000e+00
1.474000e+00 0.000000e+00 -5.560749e+03 -5.249327e+03 0.000000e+00 0.000000e+00 0.000000e+00 -2.381352e+02 -2.327400e+02 1.682830e+03 4.515631e+02 0.000000e+00 0.000000e+00 0.000000e+00 0.000000e+00 0.000000e+00 0.000000e+00 0.000000e+00 0.000000e+00 0.000000e+00
1.475000e+00 0.000000e+00 -5.548748e+03 -5.247306e+03 0.000000e+00 0.000000e+00 0.000000e+00 -2.374503e+02 -2.320388e+02 1.680643e+03 4.489971e+02 0.000000e+00 0.000000e+00 0.000000e+00 0.000000e+00 0.000000e+00 0.000000e+00 0.000000e+00 0.000000e+00 0.000000e+00
1.476000e+00 0.000000e+00 -5.536788e+03 -5.245278e+03 0.000000e+00 0.000000e+00 0.000000e+00 -2.367587e+02 -2.313310e+02 1.678473e+03 4.464268e+02 0.000000e+00 0.000000e+00 0.000000e+00 0.000000e+00 0.000000e+00 0.000000e+00 0.000000e+00 0.000000e+00 0.000000e+00
1.477000e+00 0.000000e+00 -5.524870e+03 -5.243244e+03 0.000000e+00 0.000000e+00 0.000000e+00 -2.360604e+02 -2.306167e+02 1.676319e+03 4.438520e+02 0.000000e+00 0.000000e+00 0.000000e+00 0.000000e+00 0.000000e+00 0.000000e+00 0.000000e+00 0.000000e+00 0.000000e+00
1.478000e+00 0.000000e+00 -5.512995e+03 -5.241201e+03 0.000000e+00 0.000000e+00 0.000000e+00 -2.353552e+02 -2.298956e+02 1.674182e+03 4.412726e+02 0.000000e+00 0.000000e+00 0.000000e+00 0.000000e+00 0.000000e+00 0.000000e+00 0.000000e+00 0.000000e+00 0.000000e+00
1.479000e+00 0.000000e+00 -5.501164e+03 -5.239147e+03 0.000000e+00 0.000000e+00 0.000000e+00 -2.346432e+02 -2.291678e+02 1.672062e+03 4.386886e+02 0.000000e+00 0.000000e+00 0.000000e+00 0.000000e+00 0.000000e+00 0.000000e+00 0.000000e+00 0.000000e+00 0.000000e+00
1.480000e+00 0.000000e+00 -5.489378e+03 -5.237081e+03 0.000000e+00 0.000000e+00 0.000000e+00 -2.339242e+02 -2.284333e+02 1.669958e+03 4.360998e+02 0.000000e+00 0.000000e+00 0.000000e+00 0.000000e+00 0.000000e+00 0.000000e+00 0.000000e+00 0.000000e+00 0.000000e+00
1.481000e+00 0.000000e+00 -5.477637e+03 -5.235001e+03 0.000000e+00 0.000000e+00 0.000000e+00 -2.331983e+02 -2.276919e+02 1.667872e+03 4.335062e+02 0.000000e+00 0.000000e+00 0.000000e+00 0.000000e+00 0.000000e+00 0.000000e+00 0.000000e+00 0.000000e+00 0.000000e+00
1.482000e+00 0.000000e+00 -5.465943e+03 -5.232906e+03 0.000000e+00 0.000000e+00 0.000000e+00 -2.324653e+02 -2.269436e+02 1.665802e+03 4.309075e+02 0.000000e+00 0.000000e+00 0.000000e+00 0.000000e+00 0.000000e+00 0.000000e+00 0.000000e+00 0.000000e+00 0.000000e+00
1.483000e+00 0.000000e+00 -5.454297e+03 -5.230794e+03 0.000000e+00 0.000000e+00 0.000000e+00 -2.317252e+02 -2.261883e+02 1.663749e+03 4.283038e+02 0.000000e+00 0.000000e+00 0.000000e+00 0.000000e+00 0.000000e+00 0.000000e+00 0.000000e+00 0.000000e+00 0.000000e+00
1.484000e+00 0.000000e+00 -5.442698e+03 -5.228662e+03 0.000000e+00 0.000000e+00 0.000000e+00 -2.309781e+02 -2.254261e+02 1.661713e+03 4.256950e+02 0.000000e+00 0.000000e+00 0.000000e+00 0.000000e+00 0.000000e+00 0.000000e+00 0.000000e+00 0.000000e+00 0.000000e+00
1.485000e+00 0.000000e+00 -5.431148e+03 -5.226511e+03 0.000000e+00 0.000000e+00 0.000000e+00 -2.302238e+02 -2.246569e+02 1.659694e+03 4.230809e+02 0.000000e+00 0.000000e+00 0.000000e+00 0.000000e+00 0.000000e+00 0.000000e+00 0.000000e+00 0.000000e+00 0.000000e+00
1.486000e+00 0.000000e+00 -5.419648e+03 -5.224338e+03 0.000000e+00 0.000000e+00 0.000000e+00 -2.294623e+02 -2.238807e+02 1.657691e+03 4.204616e+02 0.000000e+00 0.000000e+00 0.000000e+00 0.000000e+00 0.000000e+00 0.000000e+00 0.000000e+00 0.000000e+00 0.000000e+00
1.487000e+00 0.000000e+00 -5.408197e+03 -5.222142e+03 0.000000e+00 0.000000e+00 0.000000e+00 -2.286935e+02 -2.230973e+02 1.655705e+03 4.178368e+02 0.000000e+00 0.000000e+00 0.000000e+00 0.000000e+00 0.000000e+00 0.000000e+00 0.000000e+00 0.000000e+00 0.000000e+00
1.488000e+00 0.000000e+00 -5.396798e+03 -5.219921e+03 0.000000e+00 0.000000e+00 0.000000e+00 -2.279175e+02 -2.223069e+02 1.653736e+03 4.152067e+02 0.000000e+00 0.000000e+00 0.000000e+00 0.000000e+00 0.000000e+00 0.000000e+00 0.000000e+00 0.000000e+00 0.000000e+00
1.489000e+00 0.000000e+00 -5.385449e+03 -5.217674e+03 0.000000e+00 0.000000e+00 0.000000e+00 -2.271343e+02 -2.215093e+02 1.651784e+03 4.125710e+02 0.000000e+00 0.000000e+00 0.000000e+00 0.000000e+00 0.000000e+00 0.000000e+00 0.000000e+00 0.000000e+00 0.000000e+00
1.490000e+00 0.000000e+00 -5.374153e+03 -5.215399e+03 0.000000e+00 0.000000e+00 0.000000e+00 -2.263437e+02 -2.207045e+02 1.649848e+03 4.099297e+02 0.000000e+00 0.000000e+00 0.000000e+00 0.000000e+00 0.000000e+00 0.000000e+00 0.000000e+00 0.000000e+00 0.000000e+00
1.491000e+00 0.000000e+00 -5.362909e+03 -5.213096e+03 0.000000e+00 0.000000e+00 0.000000e+00 -2.255458e+02 -2.198925e+02 1.647929e+03 4.072828e+02 0.000000e+00 0.000000e+00 0.000000e+00 0.000000e+00 0.000000e+00 0.000000e+00 0.000000e+00 0.000000e+00 0.000000e+00
1.492000e+00 0.000000e+00 -5.351717e+03 -5.210762e+03 0.000000e+00 0.000000e+00 0.000000e+00 -2.247405e+02 -2.190734e+02 1.646026e+03 4.046302e+02 0.000000e+00 0.000000e+00 0.000000e+00 0.000000e+00 0.000000e+00 0.000000e+00 0.000000e+00 0.000000e+00 0.000000e+00
1.493000e+00 0.000000e+00 -5.340580e+03 -5.208396e+03 0.000000e+00 0.000000e+00 0.000000e+00 -2.239279e+02 -2.182470e+02 1.644140e+03 4.019719e+02 0.000000e+00 0.000000e+00 0.000000e+00 0.000000e+00 0.000000e+00 0.000000e+00 0.000000e+00 0.000000e+00 0.000000e+00
1.494000e+00 0.000000e+00 -5.329496e+03 -5.205998e+03 0.000000e+00 0.000000e+00 0.000000e+00 -2.231079e+02 -2.174133e+02 1.642271e+03 3.993078e+02 0.000000e+00 0.000000e+00 0.000000e+00 0.000000e+00 0.000000e+00 0.000000e+00 0.000000e+00 0.000000e+00 0.000000e+00
1.495000e+00 0.000000e+00 -5.318466e+03 -5.203566e+03 0.000000e+00 0.000000e+00 0.000000e+00 -2.222805e+02 -2.165724e+02 1.640418e+03 3.966379e+02 0.000000e+00 0.000000e+00 0.000000e+00 0.000000e+00 0.000000e+00 0.000000e+00 0.000000e+00 0.000000e+00 0.000000e+00
1.496000e+00 0.000000e+00 -5.307491e+03 -5.201098e+03 0.000000e+00 0.000000e+00 0.000000e+00 -2.214457e+02 -2.157243e+02 1.638581e+03 3.939622e+02 0.000000e+00 0.000000e+00 0.000000e+00 0.000000e+00 0.000000e+00 0.000000e+00 0.000000e+00 0.000000e+00 0.000000e+00
1.497000e+00 0.000000e+00 -5.296570e+03 -5.198594e+03 0.000000e+00 0.000000e+00 0.000000e+00 -2.206036e+02 -2.148689e+02 1.636761e+03 3.912806e+02 0.000000e+00 0.000000e+00 0.000000e+00 0.000000e+00 0.000000e+00 0.000000e+00 0.000000e+00 0.000000e+00 0.000000e+00
1.498000e+00 0.000000e+00 -5.285705e+03 -5.196053e+03 0.000000e+00 0.000000e+00 0.000000e+00 -2.197541e+02 -2.140062e+02 1.634957e+03 3.885932e+02 0.000000e+00 0.000000e+00 0.000000e+00 0.000000e+00 0.000000e+00 0.000000e+00 0.000000e+00 0.000000e+00 0.000000e+00
1.499000e+00 0.000000e+00 -5.274896e+03 -5.193473e+03 0.000000e+00 0.000000e+00 0.000000e+00 -2.188972e+02 -2.131363e+02 1.633170e+03 3.858999e+02 0.000000e+00 0.000000e+00 0.000000e+00 0.000000e+00 0.000000e+00 0.000000e+00 0.000000e+00 0.000000e+00 0.000000e+00
1.500000e+00 0.000000e+00 -5.264142e+03 -5.190854e+03 0.000000e+00 0.000000e+00 0.000000e+00 -2.180329e+02 -2.122592e+02 1.631398e+03 3.832007e+02 0.000000e+00 0.000000e+00 0.000000e+00 0.000000e+00 0.000000e+00 0.000000e+00 0.000000e+00 0.000000e+00 0.000000e+00
1.501000e+00 0.000000e+00 -5.253445e+03 -5.188194e+03 0.000000e+00 0.000000e+00 0.000000e+00 -2.171613e+02 -2.113749e+02 1.629643e+03 3.804957e+02 0.000000e+00 0.000000e+00 0.000000e+00 0.000000e+00 0.000000e+00 0.000000e+00 0.000000e+00 0.000000e+00 0.000000e+00
1.502000e+00 0.000000e+00 -5.242803e+03 -5.185492e+03 0.000000e+00 0.000000e+00 0.000000e+00 -2.162825e+02 -2.104834e+02 1.627904e+03 3.777847e+02 0.000000e+00 0.000000e+00 0.000000e+00 0.000000e+00 0.000000e+00 0.000000e+00 0.000000e+00 0.000000e+00 0.000000e+00
1.503000e+00 0.000000e+00 -5.232218e+03 -5.182749e+03 0.000000e+00 0.000000e+00 0.000000e+00 -2.153963e+02 -2.095848e+02 1.626181e+03 3.750679e+02 0.000000e+00 0.000000e+00 0.000000e+00 0.000000e+00 0.000000e+00 0.000000e+00 0.000000e+00 0.000000e+00 0.000000e+00
1.504000e+00 0.000000e+00 -5.221690e+03 -5.179962e+03 0.000000e+00 0.000000e+00 0.000000e+00 -2.145028e+02 -2.086790e+02 1.624474e+03 3.723453e+02 0.000000e+00 0.000000e+00 0.000000e+00 0.000000e+00 0.000000e+00 0.000000e+00 0.000000e+00 0.000000e+00 0.000000e+00
1.505000e+00 0.000000e+00 -5.211219e+03 -5.177131e+03 0.000000e+00 0.000000e+00 0.000000e+00 -2.136021e+02 -2.077660e+02 1.622782e+03 3.696168e+02 0.000000e+00 0.000000e+00 0.000000e+00 0.000000e+00 0.000000e+00 0.000000e+00 0.000000e+00 0.000000e+00 0.000000e+00
1.506000e+00 0.000000e+00 -5.200804e+03 -5.174256e+03 0.000000e+00 0.000000e+00 0.000000e+00 -2.126941e+02 -2.068460e+02 1.621107e+03 3.668826e+02 0.000000e+00 0.000000e+00 0.000000e+00 0.000000e+00 0.000000e+00 0.000000e+00 0.000000e+00 0.000000e+00 0.000000e+00
1.507000e+00 0.000000e+00 -5.190446e+03 -5.171335e+03 0.000000e+00 0.000000e+00 0.000000e+00 -2.117790e+02 -2.059189e+02 1.619447e+03 3.641425e+02 0.000000e+00 0.000000e+00 0.000000e+00 0.000000e+00 0.000000e+00 0.000000e+00 0.000000e+00 0.000000e+00 0.000000e+00
1.508000e+00 0.000000e+00 -5.180146e+03 -5.168367e+03 0.000000e+00 0.000000e+00 0.000000e+00 -2.108567e+02 -2.049847e+02 1.617804e+03 3.613967e+02 0.000000e+00 0.000000e+00 0.000000e+00 0.000000e+00 0.000000e+00 0.000000e+00 0.000000e+00 0.000000e+00 0.000000e+00
1.509000e+00 0.000000e+00 -5.169902e+03 -5.165353e+03 0.000000e+00 0.000000e+00 0.000000e+00 -2.099273e+02 -2.040436e+02 1.616175e+03 3.586452e+02 0.000000e+00 0.000000e+00 0.000000e+00 0.000000e+00 0.000000e+00 0.000000e+00 0.000000e+00 0.000000e+00 0.000000e+00
1.510000e+00 0.000000e+00 -5.159716e+03 -5.162291e+03 0.000000e+00 0.000000e+00 0.000000e+00 -2.089909e+02 -2.030955e+02 1.614562e+03 3.558880e+02 0.000000e+00 0.000000e+00 0.000000e+00 0.000000e+00 0.000000e+00 0.000000e+00 0.000000e+00 0.000000e+00 0.000000e+00
1.511000e+00 0.000000e+00 -5.149587e+03 -5.159181e+03 0.000000e+00 0.000000e+00 0.000000e+00 -2.080474e+02 -2.021405e+02 1.612965e+03 3.531253e+02 0.000000e+00 0.000000e+00 0.000000e+00 0.000000e+00 0.000000e+00 0.000000e+00 0.000000e+00 0.000000e+00 0.000000e+00
1.512000e+00 0.000000e+00 -5.139515e+03 -5.156023e+03 0.000000e+00 0.000000e+00 0.000000e+00 -2.070969e+02 -2.011787e+02 1.611383e+03 3.503570e+02 0.000000e+00 0.000000e+00 0.000000e+00 0.000000e+00 0.000000e+00 0.000000e+00 0.000000e+00 0.000000e+00 0.000000e+00
1.513000e+00 0.000000e+00 -5.129500e+03 -5.152815e+03 0.000000e+00 0.000000e+00 0.000000e+00 -2.061395e+02 -2.002100e+02 1.609817e+03 3.475832e+02 0.000000e+00 0.000000e+00 0.000000e+00 0.000000e+00 0.000000e+00 0.000000e+00 0.000000e+00 0.000000e+00 0.000000e+00
1.514000e+00 0.000000e+00 -5.119542e+03 -5.149558e+03 0.000000e+00 0.000000e+00 0.000000e+00 -2.051753e+02 -1.992347e+02 1.608266e+03 3.448040e+02 0.000000e+00 0.000000e+00 0.000000e+00 0.000000e+00 0.000000e+00 0.000000e+00 0.000000e+00 0.000000e+00 0.000000e+00
1.515000e+00 0.000000e+00 -5.109641e+03 -5.146252e+03 0.000000e+00 0.000000e+00 0.000000e+00 -2.042043e+02 -1.982526e+02 1.606729e+03 3.420195e+02 0.000000e+00 0.000000e+00 0.000000e+00 0.000000e+00 0.000000e+00 0.000000e+00 0.000000e+00 0.000000e+00 0.000000e+00
1.516000e+00 0.000000e+00 -5.099798e+03 -5.142895e+03 0.000000e+00 0.000000e+00 0.000000e+00 -2.032265e+02 -1.972639e+02 1.605208e+03 3.392297e+02 0.000000e+00 0.000000e+00 0.000000e+00 0.000000e+00 0.000000e+00 0.000000e+00 0.000000e+00 0.000000e+00 0.000000e+00
1.517000e+00 0.000000e+00 -5.090010e+03 -5.139488e+03 0.000000e+00 0.000000e+00 0.000000e+00 -2.022421e+02 -1.962687e+02 1.603702e+03 3.364348e+02 0.000000e+00 0.000000e+00 0.000000e+00 0.000000e+00 0.000000e+00 0.000000e+00 0.000000e+00 0.000000e+00 0.000000e+00
1.518000e+00 0.000000e+00 -5.080280e+03 -5.136031e+03 0.000000e+00 0.000000e+00 0.000000e+00 -2.012511e+02 -1.952669e+02 1.602211e+03 3.336349e+02 0.000000e+00 0.000000e+00 0.000000e+00 0.000000e+00 0.000000e+00 0.000000e+00 0.000000e+00 0.000000e+00 0.000000e+00
1.519000e+00 0.000000e+00 -5.070606e+03 -5.132523e+03 0.000000e+00 0.000000e+00 0.000000e+00 -2.002535e+02 -1.942588e+02 1.600735e+03 3.308299e+02 0.000000e+00 0.000000e+00 0.000000e+00 0.000000e+00 0.000000e+00 0.000000e+00 0.000000e+00 0.000000e+00 0.000000e+00
1.520000e+00 0.000000e+00 -5.060988e+03 -5.128964e+03 0.000000e+00 0.000000e+00 0.000000e+00 -1.992496e+02 -1.932443e+02 1.599274e+03 3.280202e+02 0.000000e+00 0.000000e+00 0.000000e+00 0.000000e+00 0.000000e+00 0.000000e+00 0.000000e+00 0.000000e+00 0.000000e+00
1.521000e+00 0.000000e+00 -5.051427e+03 -5.125354e+03 0.000000e+00 0.000000e+00 0.000000e+00 -1.982392e+02 -1.922236e+02 1.597827e+03 3.252056e+02 0.000000e+00 0.000000e+00 0.000000e+00 0.000000e+00 0.000000e+00 0.000000e+00 0.000000e+00 0.000000e+00 0.000000e+00
1.522000e+00 0.000000e+00 -5.041921e+03 -5.121694e+03 0.000000e+00 0.000000e+00 0.000000e+00 -1.972226e+02 -1.911967e+02 1.596395e+03 3.223865e+02 0.000000e+00 0.000000e+00 0.000000e+00 0.000000e+00 0.000000e+00 0.000000e+00 0.000000e+00 0.000000e+00 0.000000e+00
1.523000e+00 0.000000e+00 -5.032471e+03 -5.117983e+03 0.000000e+00 0.000000e+00 0.000000e+00 -1.961998e+02 -1.901637e+02 1.594977e+03 3.195628e+02 0.000000e+00 0.000000e+00 0.000000e+00 0.000000e+00 0.000000e+00 0.000000e+00 0.000000e+00 0.000000e+00 0.000000e+00
1.524000e+00 0.000000e+00 -5.023077e+03 -5.114220e+03 0.000000e+00 0.000000e+00 0.000000e+00 -1.951709e+02 -1.891247e+02 1.593574e+03 3.167347e+02 0.000000e+00 0.000000e+00 0.000000e+00 0.000000e+00 0.000000e+00 0.000000e+00 0.000000e+00 0.000000e+00 0.000000e+00
1.525000e+00 0.000000e+00 -5.013738e+03 -5.110407e+03 0.000000e+00 0.000000e+00 0.000000e+00 -1.941359e+02 -1.880798e+02 1.592185e+03 3.139024e+02 0.000000e+00 0.000000e+00 0.000000e+00 0.000000e+00 0.000000e+00 0.000000e+00 0.000000e+00 0.000000e+00 0.000000e+00
1.526000e+00 0.000000e+00 -5.004454e+03 -5.106544e+03 0.000000e+00 0.000000e+00 0.000000e+00 -1.930950e+02 -1.870290e+02 1.590811e+03 3.110659e+02 0.000000e+00 0.000000e+00 0.000000e+00 0.000000e+00 0.000000e+00 0.000000e+00 0.000000e+00 0.000000e+00 0.000000e+00
1.527000e+00 0.000000e+00 -4.995225e+03 -5.102630e+03 0.000000e+00 0.000000e+00 0.000000e+00 -1.920483e+02 -1.859726e+02 1.589450e+03 3.082255e+02 0.000000e+00 0.000000e+00 0.000000e+00 0.000000e+00 0.000000e+00 0.000000e+00 0.000000e+00 0.000000e+00 0.000000e+00
1.528000e+00 0.000000e+00 -4.986051e+03 -5.098666e+03 0.000000e+00 0.000000e+00 0.000000e+00 -1.909959e+02 -1.849104e+02 1.588104e+03 3.053812e+02 0.000000e+00 0.000000e+00 0.000000e+00 0.000000e+00 0.000000e+00 0.000000e+00 0.000000e+00 0.000000e+00 0.000000e+00
1.529000e+00 0.000000e+00 -4.976931e+03 -5.094652e+03 0.000000e+00 0.000000e+00 0.000000e+00 -1.899378e+02 -1.838428e+02 1.586772e+03 3.025332e+02 0.000000e+00 0.000000e+00 0.000000e+00 0.000000e+00 0.000000e+00 0.000000e+00 0.000000e+00 0.000000e+00 0.000000e+00
1.530000e+00 0.000000e+00 -4.967865e+03 -5.090589e+03 0.000000e+00 0.000000e+00 0.000000e+00 -1.888742e+02 -1.827697e+02 1.585454e+03 2.996817e+02 0.000000e+00 0.000000e+00 0.000000e+00 0.000000e+00 0.000000e+00 0.000000e+00 0.000000e+00 0.000000e+00 0.000000e+00
1.531000e+00 0.000000e+00 -4.958853e+03 -5.086477e+03 0.000000e+00 0.000000e+00 0.000000e+00 -1.878052e+02 -1.816913e+02 1.584149e+03 2.968268e+02 0.000000e+00 0.000000e+00 0.000000e+00 0.000000e+00 0.000000e+00 0.000000e+00 0.000000e+00 0.000000e+00 0.000000e+00
1.532000e+00 0.000000e+00 -4.949894e+03 -5.082316e+03 0.000000e+00 0.000000e+00 0.000000e+00 -1.867309e+02 -1.806077e+02 1.582859e+03 2.939688e+02 0.000000e+00 0.000000e+00 0.000000e+00 0.000000e+00 0.000000e+00 0.000000e+00 0.000000e+00 0.000000e+00 0.000000e+00
1.533000e+00 0.000000e+00 -4.940988e+03 -5.078108e+03 0.000000e+00 0.000000e+00 0.000000e+00 -1.856514e+02 -1.795190e+02 1.581582e+03 2.911077e+02 0.000000e+00 0.000000e+00 0.000000e+00 0.000000e+00 0.000000e+00 0.000000e+00 0.000000e+00 0.000000e+00 0.000000e+00
1.534000e+00 0.000000e+00 -4.932135e+03 -5.073852e+03 0.000000e+00 0.000000e+00 0.000000e+00 -1.845668e+02 -1.784253e+02 1.580319e+03 2.882438e+02 0.000000e+00 0.000000e+00 0.000000e+00 0.000000e+00 0.000000e+00 0.000000e+00 0.000000e+00 0.000000e+00 0.000000e+00
1.535000e+00 0.000000e+00 -4.923334e+03 -5.069549e+03 0.000000e+00 0.000000e+00 0.000000e+00 -1.834773e+02 -1.773268e+02 1.579069e+03 2.853772e+02 0.000000e+00 0.000000e+00 0.000000e+00 0.000000e+00 0.000000e+00 0.000000e+00 0.000000e+00 0.000000e+00 0.000000e+00
1.536000e+00 0.000000e+00 -4.914586e+03 -5.065201e+03 0.000000e+00 0.000000e+00 0.000000e+00 -1.823830e+02 -1.762235e+02 1.577833e+03 2.825081e+02 0.000000e+00 0.000000e+00 0.000000e+00 0.000000e+00 0.000000e+00 0.000000e+00 0.000000e+00 0.000000e+00 0.000000e+00
1.537000e+00 0.000000e+00 -4.905889e+03 -5.060806e+03 0.000000e+00 0.000000e+00 0.000000e+00 -1.812840e+02 -1.751157e+02 1.576610e+03 2.796368e+02 0.000000e+00 0.000000e+00 0.000000e+00 0.000000e+00 0.000000e+00 0.000000e+00 0.000000e+00 0.000000e+00 0.000000e+00
1.538000e+00 0.000000e+00 -4.897243e+03 -5.056367e+03 0.000000e+00 0.000000e+00 0.000000e+00 -1.801804e+02 -1.740033e+02 1.575401e+03 2.767634e+02 0.000000e+00 0.000000e+00 0.000000e+00 0.000000e+00 0.000000e+00 0.000000e+00 0.000000e+00 0.000000e+00 0.000000e+00
1.539000e+00 0.000000e+00 -4.888649e+03 -5.051884e+03 0.000000e+00 0.000000e+00 0.000000e+00 -1.790723e+02 -1.728865e+02 1.574204e+03 2.738880e+02 0.000000e+00 0.000000e+00 0.000000e+00 0.000000e+00 0.000000e+00 0.000000e+00 0.000000e+00 0.000000e+00 0.000000e+00
1.540000e+00 0.000000e+00 -4.880105e+03 -5.047358e+03 0.000000e+00 0.000000e+00 0.000000e+00 -1.779600e+02 -1.717656e+02 1.573021e+03 2.710110e+02 0.000000e+00 0.000000e+00 0.000000e+00 0.000000e+00 0.000000e+00 0.000000e+00 0.000000e+00 0.000000e+00 0.000000e+00
1.541000e+00 0.000000e+00 -4.871612e+03 -5.042790e+03 0.000000e+00 0.000000e+00 0.000000e+00 -1.768434e+02 -1.706405e+02 1.571851e+03 2.681326e+02 0.000000e+00 0.000000e+00 0.000000e+00 0.000000e+00 0.000000e+00 0.000000e+00 0.000000e+00 0.000000e+00 0.000000e+00
1.542000e+00 0.000000e+00 -4.863168e+03 -5.038180e+03 0.000000e+00 0.000000e+00 0.000000e+00 -1.757228e+02 -1.695115e+02 1.570694e+03 2.652528e+02 0.000000e+00 0.000000e+00 0.000000e+00 0.000000e+00 0.000000e+00 0.000000e+00 0.000000e+00 0.000000e+00 0.000000e+00
1.543000e+00 0.000000e+00 -4.854775e+03 -5.033530e+03 0.000000e+00 0.000000e+00 0.000000e+00 -1.745983e+02 -1.683786e+02 1.569550e+03 2.623720e+02 0.000000e+00 0.000000e+00 0.000000e+00 0.000000e+00 0.000000e+00 0.000000e+00 0.000000e+00 0.000000e+00 0.000000e+00
1.544000e+00 0.000000e+00 -4.846430e+03 -5.028841e+03 0.000000e+00 0.000000e+00 0.000000e+00 -1.734701e+02 -1.672420e+02 1.568419e+03 2.594904e+02 0.000000e+00 0.000000e+00 0.000000e+00 0.000000e+00 0.000000e+00 0.000000e+00 0.000000e+00 0.000000e+00 0.000000e+00
1.545000e+00 0.000000e+00 -4.838134e+03 -5.024113e+03 0.000000e+00 0.000000e+00 0.000000e+00 -1.723382e+02 -1.661019e+02 1.567300e+03 2.566082e+02 0.000000e+00 0.000000e+00 0.000000e+00 0.000000e+00 0.000000e+00 0.000000e+00 0.000000e+00 0.000000e+00 0.000000e+00
1.546000e+00 0.000000e+00 -4.829887e+03 -5.019348e+03 0.000000e+00 0.000000e+00 0.000000e+00 -1.712028e+02 -1.649584e+02 1.566194e+03 2.537257e+02 0.000000e+00 0.000000e+00 0.000000e+00 0.000000e+00 0.000000e+00 0.000000e+00 0.000000e+00 0.000000e+00 0.000000e+00
1.547000e+00 0.000000e+00 -4.821687e+03 -5.014548e+03 0.000000e+00 0.000000e+00 0.000000e+00 -1.700641e+02 -1.638117e+02 1.565101e+03 2.508430e+02 0.000000e+00 0.000000e+00 0.000000e+00 0.000000e+00 0.000000e+00 0.000000e+00 0.000000e+00 0.000000e+00 0.000000e+00
1.548000e+00 0.000000e+00 -4.813535e+03 -5.009712e+03 0.000000e+00 0.000000e+00 0.000000e+00 -1.689223e+02 -1.626618e+02 1.564020e+03 2.479605e+02 0.000000e+00 0.000000e+00 0.000000e+00 0.000000e+00 0.000000e+00 0.000000e+00 0.000000e+00 0.000000e+00 0.000000e+00
1.549000e+00 0.000000e+00 -4.805431e+03 -5.004843e+03 0.000000e+00 0.000000e+00 0.000000e+00 -1.677774e+02 -1.615090e+02 1.562952e+03 2.450783e+02 0.000000e+00 0.000000e+00 0.000000e+00 0.000000e+00 0.000000e+00 0.000000e+00 0.000000e+00 0.000000e+00 0.000000e+00
1.550000e+00 0.000000e+00 -4.797373e+03 -4.999942e+03 0.000000e+00 0.000000e+00 0.000000e+00 -1.666296e+02 -1.603534e+02 1.561897e+03 2.421967e+02 0.000000e+00 0.000000e+00 0.000000e+00 0.000000e+00 0.000000e+00 0.000000e+00 0.000000e+00 0.000000e+00 0.000000e+00
1.551000e+00 0.000000e+00 -4.789362e+03 -4.995010e+03 0.000000e+00 0.000000e+00 0.000000e+00 -1.654792e+02 -1.591951e+02 1.560853e+03 2.393160e+02 0.000000e+00 0.000000e+00 0.000000e+00 0.000000e+00 0.000000e+00 0.000000e+00 0.000000e+00 0.000000e+00 0.000000e+00
1.552000e+00 0.000000e+00 -4.781397e+03 -4.990048e+03 0.000000e+00 0.000000e+00 0.000000e+00 -1.643262e+02 -1.580344e+02 1.559822e+03 2.364364e+02 0.000000e+00 0.000000e+00 0.000000e+00 0.000000e+00 0.000000e+00 0.000000e+00 0.000000e+00 0.000000e+00 0.000000e+00
1.553000e+00 0.000000e+00 -4.773478e+03 -4.985059e+03 0.000000e+00 0.000000e+00 0.000000e+00 -1.631707e+02 -1.568713e+02 1.558803e+03 2.335582e+02 0.000000e+00 0.000000e+00 0.000000e+00 0.000000e+00 0.000000e+00 0.000000e+00 0.000000e+00 0.000000e+00 0.000000e+00
1.554000e+00 0.000000e+00 -4.765604e+03 -4.980042e+03 0.000000e+00 0.000000e+00 0.000000e+00 -1.620131e+02 -1.557060e+02 1.557797e+03 2.306816e+02 0.000000e+00 0.000000e+00 0.000000e+00 0.000000e+00 0.000000e+00 0.000000e+00 0.000000e+00 0.000000e+00 0.000000e+00
1.555000e+00 0.000000e+00 -4.757775e+03 -4.975000e+03 0.000000e+00 0.000000e+00 0.000000e+00 -1.608533e+02 -1.545388e+02 1.556802e+03 2.278069e+02 0.000000e+00 0.000000e+00 0.000000e+00 0.000000e+00 0.000000e+00 0.000000e+00 0.000000e+00 0.000000e+00 0.000000e+00
1.556000e+00 0.000000e+00 -4.749990e+03 -4.969935e+03 0.000000e+00 0.000000e+00 0.000000e+00 -1.596916e+02 -1.533696e+02 1.555820e+03 2.249343e+02 0.000000e+00 0.000000e+00 0.000000e+00 0.000000e+00 0.000000e+00 0.000000e+00 0.000000e+00 0.000000e+00 0.000000e+00
1.557000e+00 0.000000e+00 -4.742250e+03 -4.964847e+03 0.000000e+00 0.000000e+00 0.000000e+00 -1.585282e+02 -1.521988e+02 1.554849e+03 2.220641e+02 0.000000e+00 0.000000e+00 0.000000e+00 0.000000e+00 0.000000e+00 0.000000e+00 0.000000e+00 0.000000e+00 0.000000e+00
1.558000e+00 0.000000e+00 -4.734554e+03 -4.959739e+03 0.000000e+00 0.000000e+00 0.000000e+00 -1.573632e+02 -1.510265e+02 1.553891e+03 2.191967e+02 0.000000e+00 0.000000e+00 0.000000e+00 0.000000e+00 0.000000e+00 0.000000e+00 0.000000e+00 0.000000e+00 0.000000e+00
1.559000e+00 0.000000e+00 -4.726901e+03 -4.954612e+03 0.000000e+00 0.000000e+00 0.000000e+00 -1.561968e+02 -1.498528e+02 1.552944e+03 2.163322e+02 0.000000e+00 0.000000e+00 0.000000e+00 0.000000e+00 0.000000e+00 0.000000e+00 0.000000e+00 0.000000e+00 0.000000e+00
1.560000e+00 0.000000e+00 -4.719291e+03 -4.949468e+03 0.000000e+00 0.000000e+00 0.000000e+00 -1.550292e+02 -1.486779e+02 1.552009e+03 2.134710e+02 0.000000e+00 0.000000e+00 0.000000e+00 0.000000e+00 0.000000e+00 0.000000e+00 0.000000e+00 0.000000e+00 0.000000e+00
1.561000e+00 0.000000e+00 -4.711724e+03 -4.944308e+03 0.000000e+00 0.000000e+00 0.000000e+00 -1.538605e+02 -1.475020e+02 1.551085e+03 2.106133e+02 0.000000e+00 0.000000e+00 0.000000e+00 0.000000e+00 0.000000e+00 0.000000e+00 0.000000e+00 0.000000e+00 0.000000e+00
1.562000e+00 0.000000e+00 -4.704199e+03 -4.939135e+03 0.000000e+00 0.000000e+00 0.000000e+00 -1.526909e+02 -1.463253e+02 1.550174e+03 2.077595e+02 0.000000e+00 0.000000e+00 0.000000e+00 0.000000e+00 0.000000e+00 0.000000e+00 0.000000e+00 0.000000e+00 0.000000e+00
1.563000e+00 0.000000e+00 -4.696717e+03 -4.933950e+03 0.000000e+00 0.000000e+00 0.000000e+00 -1.515206e+02 -1.451479e+02 1.549274e+03 2.049098e+02 0.000000e+00 0.000000e+00 0.000000e+00 0.000000e+00 0.000000e+00 0.000000e+00 0.000000e+00 0.000000e+00 0.000000e+00
1.564000e+00 0.000000e+00 -4.689275e+03 -4.928755e+03 0.000000e+00 0.000000e+00 0.000000e+00 -1.503497e+02 -1.439701e+02 1.548386e+03 2.020644e+02 0.000000e+00 0.000000e+00 0.000000e+00 0.000000e+00 0.000000e+00 0.000000e+00 0.000000e+00 0.000000e+00 0.000000e+00
1.565000e+00 0.000000e+00 -4.681876e+03 -4.923551e+03 0.000000e+00 0.000000e+00 0.000000e+00 -1.491785e+02 -1.427919e+02 1.547509e+03 1.992238e+02 0.000000e+00 0.000000e+00 0.000000e+00 0.000000e+00 0.000000e+00 0.000000e+00 0.000000e+00 0.000000e+00 0.000000e+00
1.566000e+00 0.000000e+00 -4.674517e+03 -4.918341e+03 0.000000e+00 0.000000e+00 0.000000e+00 -1.480071e+02 -1.416135e+02 1.546644e+03 1.963881e+02 0.000000e+00 0.000000e+00 0.000000e+00 0.000000e+00 0.000000e+00 0.000000e+00 0.000000e+00 0.000000e+00 0.000000e+00
1.567000e+00 0.000000e+00 -4.667199e+03 -4.913127e+03 0.000000e+00 0.000000e+00 0.000000e+00 -1.468357e+02 -1.404352e+02 1.545790e+03 1.935577e+02 0.000000e+00 0.000000e+00 0.000000e+00 0.000000e+00 0.000000e+00 0.000000e+00 0.000000e+00 0.000000e+00 0.000000e+00
1.568000e+00 0.000000e+00 -4.659921e+03 -4.907910e+03 0.000000e+00 0.000000e+00 0.000000e+00 -1.456644e+02 -1.392572e+02 1.544947e+03 1.907328e+02 0.000000e+00 0.000000e+00 0.000000e+00 0.000000e+00 0.000000e+00 0.000000e+00 0.000000e+00 0.000000e+00 0.000000e+00
1.569000e+00 0.000000e+00 -4.652683e+03 -4.902693e+03 0.000000e+00 0.000000e+00 0.000000e+00 -1.444935e+02 -1.380795e+02 1.544116e+03 1.879138e+02 0.000000e+00 0.000000e+00 0.000000e+00 0.000000e+00 0.000000e+00 0.000000e+00 0.000000e+00 0.000000e+00 0.000000e+00
1.570000e+00 0.000000e+00 -4.645485e+03 -4.897477e+03 0.000000e+00 0.000000e+00 0.000000e+00 -1.433231e+02 -1.369024e+02 1.543296e+03 1.851010e+02 0.000000e+00 0.000000e+00 0.000000e+00 0.000000e+00 0.000000e+00 0.000000e+00 0.000000e+00 0.000000e+00 0.000000e+00
1.571000e+00 0.000000e+00 -4.638326e+03 -4.892265e+03 0.000000e+00 0.000000e+00 0.000000e+00 -1.421535e+02 -1.357260e+02 1.542488e+03 1.822946e+02 0.000000e+00 0.000000e+00 0.000000e+00 0.000000e+00 0.000000e+00 0.000000e+00 0.000000e+00 0.000000e+00 0.000000e+00
1.572000e+00 0.000000e+00 -4.631206e+03 -4.887058e+03 0.000000e+00 0.000000e+00 0.000000e+00 -1.409847e+02 -1.345505e+02 1.541690e+03 1.794950e+02 0.000000e+00 0.000000e+00 0.000000e+00 0.000000e+00 0.000000e+00 0.000000e+00 0.000000e+00 0.000000e+00 0.000000e+00
1.573000e+00 0.000000e+00 -4.624126e+03 -4.881859e+03 0.000000e+00 0.000000e+00 0.000000e+00 -1.398170e+02 -1.333762e+02 1.540904e+03 1.767024e+02 0.000000e+00 0.000000e+00 0.000000e+00 0.000000e+00 0.000000e+00 0.000000e+00 0.000000e+00 0.000000e+00 0.000000e+00
1.574000e+00 0.000000e+00 -4.617083e+03 -4.876670e+03 0.000000e+00 0.000000e+00 0.000000e+00 -1.386505e+02 -1.322032e+02 1.540129e+03 1.739172e+02 0.000000e+00 0.000000e+00 0.000000e+00 0.000000e+00 0.000000e+00 0.000000e+00 0.000000e+00 0.000000e+00 0.000000e+00
1.575000e+00 0.000000e+00 -4.610079e+03 -4.871493e+03 0.000000e+00 0.000000e+00 0.000000e+00 -1.374855e+02 -1.310316e+02 1.539365e+03 1.711397e+02 0.000000e+00 0.000000e+00 0.000000e+00 0.000000e+00 0.000000e+00 0.000000e+00 0.000000e+00 0.000000e+00 0.000000e+00
1.576000e+00 0.000000e+00 -4.603113e+03 -4.866330e+03 0.000000e+00 0.000000e+00 0.000000e+00 -1.363221e+02 -1.298618e+02 1.538612e+03 1.683702e+02 0.000000e+00 0.000000e+00 0.000000e+00 0.000000e+00 0.000000e+00 0.000000e+00 0.000000e+00 0.000000e+00 0.000000e+00
1.577000e+00 0.000000e+00 -4.596184e+03 -4.861184e+03 0.000000e+00 0.000000e+00 0.000000e+00 -1.351605e+02 -1.286938e+02 1.537870e+03 1.656089e+02 0.000000e+00 0.000000e+00 0.000000e+00 0.000000e+00 0.000000e+00 0.000000e+00 0.000000e+00 0.000000e+00 0.000000e+00
1.578000e+00 0.000000e+00 -4.589293e+03 -4.856056e+03 0.000000e+00 0.000000e+00 0.000000e+00 -1.340010e+02 -1.275278e+02 1.537139e+03 1.628563e+02 0.000000e+00 0.000000e+00 0.000000e+00 0.000000e+00 0.000000e+00 0.000000e+00 0.000000e+00 0.000000e+00 0.000000e+00
1.579000e+00 0.000000e+00 -4.582439e+03 -4.850949e+03 0.000000e+00 0.000000e+00 0.000000e+00 -1.328436e+02 -1.263640e+02 1.536419e+03 1.601125e+02 0.000000e+00 0.000000e+00 0.000000e+00 0.000000e+00 0.000000e+00 0.000000e+00 0.000000e+00 0.000000e+00 0.000000e+00
1.580000e+00 0.000000e+00 -4.575622e+03 -4.845865e+03 0.000000e+00 0.000000e+00 0.000000e+00 -1.316886e+02 -1.252027e+02 1.535710e+03 1.573780e+02 0.000000e+00 0.000000e+00 0.000000e+00 0.000000e+00 0.000000e+00 0.000000e+00 0.000000e+00 0.000000e+00 0.000000e+00
1.581000e+00 0.000000e+00 -4.568841e+03 -4.840807e+03 0.000000e+00 0.000000e+00 0.000000e+00 -1.305362e+02 -1.240439e+02 1.535012e+03 1.546530e+02 0.000000e+00 0.000000e+00 0.000000e+00 0.000000e+00 0.000000e+00 0.000000e+00 0.000000e+00 0.000000e+00 0.000000e+00
1.582000e+00 0.000000e+00 -4.562097e+03 -4.835777e+03 0.000000e+00 0.000000e+00 0.000000e+00 -1.293865e+02 -1.228879e+02 1.534325e+03 1.519378e+02 0.000000e+00 0.000000e+00 0.000000e+00 0.000000e+00 0.000000e+00 0.000000e+00 0.000000e+00 0.000000e+00 0.000000e+00
1.583000e+00 0.000000e+00 -4.555389e+03 -4.830776e+03 0.000000e+00 0.000000e+00 0.000000e+00 -1.282397e+02 -1.217349e+02 1.533648e+03 1.492327e+02 0.000000e+00 0.000000e+00 0.000000e+00 0.000000e+00 0.000000e+00 0.000000e+00 0.000000e+00 0.000000e+00 0.000000e+00
1.584000e+00 0.000000e+00 -4.548718e+03 -4.825808e+03 0.000000e+00 0.000000e+00 0.000000e+00 -1.270960e+02 -1.205850e+02 1.532982e+03 1.465381e+02 0.000000e+00 0.000000e+00 0.000000e+00 0.000000e+00 0.000000e+00 0.000000e+00 0.000000e+00 0.000000e+00 0.000000e+00
1.585000e+00 0.000000e+00 -4.542082e+03 -4.820875e+03 0.000000e+00 0.000000e+00 0.000000e+00 -1.259557e+02 -1.194385e+02 1.532328e+03 1.438542e+02 0.000000e+00 0.000000e+00 0.000000e+00 0.000000e+00 0.000000e+00 0.000000e+00 0.000000e+00 0.000000e+00 0.000000e+00
1.586000e+00 0.000000e+00 -4.535482e+03 -4.815979e+03 0.000000e+00 0.000000e+00 0.000000e+00 -1.248188e+02 -1.182954e+02 1.531683e+03 1.411814e+02 0.000000e+00 0.000000e+00 0.000000e+00 0.000000e+00 0.000000e+00 0.000000e+00 0.000000e+00 0.000000e+00 0.000000e+00
1.587000e+00 0.000000e+00 -4.528917e+03 -4.811122e+03 0.000000e+00 0.000000e+00 0.000000e+00 -1.236856e+02 -1.171561e+02 1.531050e+03 1.385199e+02 0.000000e+00 0.000000e+00 0.000000e+00 0.000000e+00 0.000000e+00 0.000000e+00 0.000000e+00 0.000000e+00 0.000000e+00
1.588000e+00 0.000000e+00 -4.522388e+03 -4.806308e+03 0.000000e+00 0.000000e+00 0.000000e+00 -1.225562e+02 -1.160206e+02 1.530427e+03 1.358701e+02 0.000000e+00 0.000000e+00 0.000000e+00 0.000000e+00 0.000000e+00 0.000000e+00 0.000000e+00 0.000000e+00 0.000000e+00
1.589000e+00 0.000000e+00 -4.515894e+03 -4.801537e+03 0.000000e+00 0.000000e+00 0.000000e+00 -1.214309e+02 -1.148892e+02 1.529815e+03 1.332322e+02 0.000000e+00 0.000000e+00 0.000000e+00 0.000000e+00 0.000000e+00 0.000000e+00 0.000000e+00 0.000000e+00 0.000000e+00
1.590000e+00 0.000000e+00 -4.509435e+03 -4.796813e+03 0.000000e+00 0.000000e+00 0.000000e+00 -1.203098e+02 -1.137620e+02 1.529214e+03 1.306066e+02 0.000000e+00 0.000000e+00 0.000000e+00 0.000000e+00 0.000000e+00 0.000000e+00 0.000000e+00 0.000000e+00 0.000000e+00
1.591000e+00 0.000000e+00 -4.503011e+03 -4.792139e+03 0.000000e+00 0.000000e+00 0.000000e+00 -1.191931e+02 -1.126392e+02 1.528623e+03 1.279936e+02 0.000000e+00 0.000000e+00 0.000000e+00 0.000000e+00 0.000000e+00 0.000000e+00 0.000000e+00 0.000000e+00 0.000000e+00
1.592000e+00 0.000000e+00 -4.496622e+03 -4.787516e+03 0.000000e+00 0.000000e+00 0.000000e+00 -1.180810e+02 -1.115211e+02 1.528043e+03 1.253935e+02 0.000000e+00 0.000000e+00 0.000000e+00 0.000000e+00 0.000000e+00 0.000000e+00 0.000000e+00 0.000000e+00 0.000000e+00
1.593000e+00 0.000000e+00 -4.490267e+03 -4.782947e+03 0.000000e+00 0.000000e+00 0.000000e+00 -1.169736e+02 -1.104077e+02 1.527474e+03 1.228065e+02 0.000000e+00 0.000000e+00 0.000000e+00 0.000000e+00 0.000000e+00 0.000000e+00 0.000000e+00 0.000000e+00 0.000000e+00
1.594000e+00 0.000000e+00 -4.483947e+03 -4.778435e+03 0.000000e+00 0.000000e+00 0.000000e+00 -1.158712e+02 -1.092993e+02 1.526915e+03 1.202330e+02 0.000000e+00 0.000000e+00 0.000000e+00 0.000000e+00 0.000000e+00 0.000000e+00 0.000000e+00 0.000000e+00 0.000000e+00
1.595000e+00 0.000000e+00 -4.477662e+03 -4.773982e+03 0.000000e+00 0.000000e+00 0.000000e+00 -1.147739e+02 -1.081960e+02 1.526366e+03 1.176733e+02 0.000000e+00 0.000000e+00 0.000000e+00 0.000000e+00 0.000000e+00 0.000000e+00 0.000000e+00 0.000000e+00 0.000000e+00
1.596000e+00 0.000000e+00 -4.471410e+03 -4.769591e+03 0.000000e+00 0.000000e+00 0.000000e+00 -1.136819e+02 -1.070981e+02 1.525829e+03 1.151276e+02 0.000000e+00 0.000000e+00 0.000000e+00 0.000000e+00 0.000000e+00 0.000000e+00 0.000000e+00 0.000000e+00 0.000000e+00
1.597000e+00 0.000000e+00 -4.465194e+03 -4.765263e+03 0.000000e+00 0.000000e+00 0.000000e+00 -1.125955e+02 -1.060057e+02 1.525302e+03 1.125963e+02 0.000000e+00 0.000000e+00 0.000000e+00 0.000000e+00 0.000000e+00 0.000000e+00 0.000000e+00 0.000000e+00 0.000000e+00
1.598000e+00 0.000000e+00 -4.459011e+03 -4.761002e+03 0.000000e+00 0.000000e+00 0.000000e+00 -1.115146e+02 -1.049189e+02 1.524785e+03 1.100796e+02 0.000000e+00 0.000000e+00 0.000000e+00 0.000000e+00 0.000000e+00 0.000000e+00 0.000000e+00 0.000000e+00 0.000000e+00
1.599000e+00 0.000000e+00 -4.452862e+03 -4.756810e+03 0.000000e+00 0.000000e+00 0.000000e+00 -1.104397e+02 -1.038380e+02 1.524279e+03 1.075779e+02 0.000000e+00 0.000000e+00 0.000000e+00 0.000000e+00 0.000000e+00 0.000000e+00 0.000000e+00 0.000000e+00 0.000000e+00
1.600000e+00 0.000000e+00 -4.446748e+03 -4.752689e+03 0.000000e+00 0.000000e+00 0.000000e+00 -1.093707e+02 -1.027632e+02 1.523783e+03 1.050914e+02 0.000000e+00 0.000000e+00 0.000000e+00 0.000000e+00 0.000000e+00 0.000000e+00 0.000000e+00 0.000000e+00 0.000000e+00
1.601000e+00 0.000000e+00 -4.440668e+03 -4.748642e+03 0.000000e+00 0.000000e+00 0.000000e+00 -1.083079e+02 -1.016945e+02 1.523298e+03 1.026205e+02 0.000000e+00 0.000000e+00 0.000000e+00 0.000000e+00 0.000000e+00 0.000000e+00 0.000000e+00 0.000000e+00 0.000000e+00
1.602000e+00 0.000000e+00 -4.434622e+03 -4.744672e+03 0.000000e+00 0.000000e+00 0.000000e+00 -1.072515e+02 -1.006322e+02 1.522823e+03 1.001653e+02 0.000000e+00 0.000000e+00 0.000000e+00 0.000000e+00 0.000000e+00 0.000000e+00 0.000000e+00 0.000000e+00 0.000000e+00
1.603000e+00 0.000000e+00 -4.428610e+03 -4.740780e+03 0.000000e+00 0.000000e+00 0.000000e+00 -1.062016e+02 -9.957641e+01 1.522359e+03 9.772613e+01 0.000000e+00 0.000000e+00 0.000000e+00 0.000000e+00 0.000000e+00 0.000000e+00 0.000000e+00 0.000000e+00 0.000000e+00
1.604000e+00 0.000000e+00 -4.422632e+03 -4.736970e+03 0.000000e+00 0.000000e+00 0.000000e+00 -1.051583e+02 -9.852735e+01 1.521905e+03 9.530335e+01 0.000000e+00 0.000000e+00 0.000000e+00 0.000000e+00 0.000000e+00 0.000000e+00 0.000000e+00 0.000000e+00 0.000000e+00
1.605000e+00 0.000000e+00 -4.416689e+03 -4.733243e+03 0.000000e+00 0.000000e+00 0.000000e+00 -1.041220e+02 -9.748515e+01 1.521462e+03 9.289719e+01 0.000000e+00 0.000000e+00 0.000000e+00 0.000000e+00 0.000000e+00 0.000000e+00 0.000000e+00 0.000000e+00 0.000000e+00
1.606000e+00 0.000000e+00 -4.410779e+03 -4.729603e+03 0.000000e+00 0.000000e+00 0.000000e+00 -1.030927e+02 -9.644999e+01 1.521029e+03 9.050792e+01 0.000000e+00 0.000000e+00 0.000000e+00 0.000000e+00 0.000000e+00 0.000000e+00 0.000000e+00 0.000000e+00 0.000000e+00
1.607000e+00 0.000000e+00 -4.404904e+03 -4.726051e+03 0.000000e+00 0.000000e+00 0.000000e+00 -1.020705e+02 -9.542203e+01 1.520607e+03 8.813581e+01 0.000000e+00 0.000000e+00 0.000000e+00 0.000000e+00 0.000000e+00 0.000000e+00 0.000000e+00 0.000000e+00 0.000000e+00
1.608000e+00 0.000000e+00 -4.399062e+03 -4.722590e+03 0.000000e+00 0.000000e+00 0.000000e+00 -1.010558e+02 -9.440143e+01 1.520195e+03 8.578112e+01 0.000000e+00 0.000000e+00 0.000000e+00 0.000000e+00 0.000000e+00 0.000000e+00 0.000000e+00 0.000000e+00 0.000000e+00
1.609000e+00 0.000000e+00 -4.393255e+03 -4.719223e+03 0.000000e+00 0.000000e+00 0.000000e+00 -1.000485e+02 -9.338835e+01 1.519794e+03 8.344411e+01 0.000000e+00 0.000000e+00 0.000000e+00 0.000000e+00 0.000000e+00 0.000000e+00 0.000000e+00 0.000000e+00 0.000000e+00
1.610000e+00 0.000000e+00 -4.387483e+03 -4.715952e+03 0.000000e+00 0.000000e+00 0.000000e+00 -9.904892e+01 -9.238295e+01 1.519403e+03 8.112505e+01 0.000000e+00 0.000000e+00 0.000000e+00 0.000000e+00 0.000000e+00 0.000000e+00 0.000000e+00 0.000000e+00 0.000000e+00
1.611000e+00 0.000000e+00 -4.381744e+03 -4.712779e+03 0.000000e+00 0.000000e+00 0.000000e+00 -9.805716e+01 -9.138539e+01 1.519022e+03 7.882419e+01 0.000000e+00 0.000000e+00 0.000000e+00 0.000000e+00 0.000000e+00 0.000000e+00 0.000000e+00 0.000000e+00 0.000000e+00
1.612000e+00 0.000000e+00 -4.376041e+03 -4.709707e+03 0.000000e+00 0.000000e+00 0.000000e+00 -9.707339e+01 -9.039581e+01 1.518652e+03 7.654177e+01 0.000000e+00 0.000000e+00 0.000000e+00 0.000000e+00 0.000000e+00 0.000000e+00 0.000000e+00 0.000000e+00 0.000000e+00
1.613000e+00 0.000000e+00 -4.370371e+03 -4.706737e+03 0.000000e+00 0.000000e+00 0.000000e+00 -9.609776e+01 -8.941438e+01 1.518292e+03 7.427805e+01 0.000000e+00 0.000000e+00 0.000000e+00 0.000000e+00 0.000000e+00 0.000000e+00 0.000000e+00 0.000000e+00 0.000000e+00
1.614000e+00 0.000000e+00 -4.364737e+03 -4.703874e+03 0.000000e+00 0.000000e+00 0.000000e+00 -9.513042e+01 -8.844123e+01 1.517943e+03 7.203327e+01 0.000000e+00 0.000000e+00 0.000000e+00 0.000000e+00 0.000000e+00 0.000000e+00 0.000000e+00 0.000000e+00 0.000000e+00
1.615000e+00 0.000000e+00 -4.359137e+03 -4.701117e+03 0.000000e+00 0.000000e+00 0.000000e+00 -9.417151e+01 -8.747652e+01 1.517604e+03 6.980767e+01 0.000000e+00 0.000000e+00 0.000000e+00 0.000000e+00 0.000000e+00 0.000000e+00 0.000000e+00 0.000000e+00 0.000000e+00
1.616000e+00 0.000000e+00 -4.353573e+03 -4.698471e+03 0.000000e+00 0.000000e+00 0.000000e+00 -9.322119e+01 -8.652040e+01 1.517275e+03 6.760148e+01 0.000000e+00 0.000000e+00 0.000000e+00 0.000000e+00 0.000000e+00 0.000000e+00 0.000000e+00 0.000000e+00 0.000000e+00
1.617000e+00 0.000000e+00 -4.348043e+03 -4.695938e+03 0.000000e+00 0.000000e+00 0.000000e+00 -9.227959e+01 -8.557299e+01 1.516957e+03 6.541493e+01 0.000000e+00 0.000000e+00 0.000000e+00 0.000000e+00 0.000000e+00 0.000000e+00 0.000000e+00 0.000000e+00 0.000000e+00
1.618000e+00 0.000000e+00 -4.342548e+03 -4.693518e+03 0.000000e+00 0.000000e+00 0.000000e+00 -9.134686e+01 -8.463446e+01 1.516649e+03 6.324825e+01 0.000000e+00 0.000000e+00 0.000000e+00 0.000000e+00 0.000000e+00 0.000000e+00 0.000000e+00 0.000000e+00 0.000000e+00
1.619000e+00 0.000000e+00 -4.337089e+03 -4.691216e+03 0.000000e+00 0.000000e+00 0.000000e+00 -9.042313e+01 -8.370493e+01 1.516352e+03 6.110167e+01 0.000000e+00 0.000000e+00 0.000000e+00 0.000000e+00 0.000000e+00 0.000000e+00 0.000000e+00 0.000000e+00 0.000000e+00
1.620000e+00 0.000000e+00 -4.331666e+03 -4.689033e+03 0.000000e+00 0.000000e+00 0.000000e+00 -8.950854e+01 -8.278453e+01 1.516065e+03 5.897539e+01 0.000000e+00 0.000000e+00 0.000000e+00 0.000000e+00 0.000000e+00 0.000000e+00 0.000000e+00 0.000000e+00 0.000000e+00
1.621000e+00 0.000000e+00 -4.326278e+03 -4.686971e+03 0.000000e+00 0.000000e+00 0.000000e+00 -8.860322e+01 -8.187340e+01 1.515788e+03 5.686963e+01 0.000000e+00 0.000000e+00 0.000000e+00 0.000000e+00 0.000000e+00 0.000000e+00 0.000000e+00 0.000000e+00 0.000000e+00
1.622000e+00 0.000000e+00 -4.320926e+03 -4.685032e+03 0.000000e+00 0.000000e+00 0.000000e+00 -8.770730e+01 -8.097167e+01 1.515522e+03 5.478458e+01 0.000000e+00 0.000000e+00 0.000000e+00 0.000000e+00 0.000000e+00 0.000000e+00 0.000000e+00 0.000000e+00 0.000000e+00
1.623000e+00 0.000000e+00 -4.315611e+03 -4.683219e+03 0.000000e+00 0.000000e+00 0.000000e+00 -8.682090e+01 -8.007946e+01 1.515266e+03 5.272047e+01 0.000000e+00 0.000000e+00 0.000000e+00 0.000000e+00 0.000000e+00 0.000000e+00 0.000000e+00 0.000000e+00 0.000000e+00
1.624000e+00 0.000000e+00 -4.310332e+03 -4.681533e+03 0.000000e+00 0.000000e+00 0.000000e+00 -8.594417e+01 -7.919690e+01 1.515021e+03 5.067750e+01 0.000000e+00 0.000000e+00 0.000000e+00 0.000000e+00 0.000000e+00 0.000000e+00 0.000000e+00 0.000000e+00 0.000000e+00
1.625000e+00 0.000000e+00 -4.305089e+03 -4.679977e+03 0.000000e+00 0.000000e+00 0.000000e+00 -8.507722e+01 -7.832413e+01 1.514786e+03 4.865585e+01 0.000000e+00 0.000000e+00 0.000000e+00 0.000000e+00 0.000000e+00 0.000000e+00 0.000000e+00 0.000000e+00 0.000000e+00
1.626000e+00 0.000000e+00 -4.299883e+03 -4.678553e+03 0.000000e+00 0.000000e+00 0.000000e+00 -8.422019e+01 -7.746125e+01 1.514561e+03 4.665573e+01 0.000000e+00 0.000000e+00 0.000000e+00 0.000000e+00 0.000000e+00 0.000000e+00 0.000000e+00 0.000000e+00 0.000000e+00
1.627000e+00 0.000000e+00 -4.294714e+03 -4.677263e+03 0.000000e+00 0.000000e+00 0.000000e+00 -8.337318e+01 -7.660841e+01 1.514347e+03 4.467732e+01 0.000000e+00 0.000000e+00 0.000000e+00 0.000000e+00 0.000000e+00 0.000000e+00 0.000000e+00 0.000000e+00 0.000000e+00
1.628000e+00 0.000000e+00 -4.289582e+03 -4.676109e+03 0.000000e+00 0.000000e+00 0.000000e+00 -8.253632e+01 -7.576570e+01 1.514143e+03 4.272081e+01 0.000000e+00 0.000000e+00 0.000000e+00 0.000000e+00 0.000000e+00 0.000000e+00 0.000000e+00 0.000000e+00 0.000000e+00
1.629000e+00 0.000000e+00 -4.284488e+03 -4.675093e+03 0.000000e+00 0.000000e+00 0.000000e+00 -8.170971e+01 -7.493324e+01 1.513950e+03 4.078636e+01 0.000000e+00 0.000000e+00 0.000000e+00 0.000000e+00 0.000000e+00 0.000000e+00 0.000000e+00 0.000000e+00 0.000000e+00
1.630000e+00 0.000000e+00 -4.279431e+03 -4.674216e+03 0.000000e+00 0.000000e+00 0.000000e+00 -8.089348e+01 -7.411114e+01 1.513767e+03 3.887416e+01 0.000000e+00 0.000000e+00 0.000000e+00 0.000000e+00 0.000000e+00 0.000000e+00 0.000000e+00 0.000000e+00 0.000000e+00
1.631000e+00 0.000000e+00 -4.274412e+03 -4.673481e+03 0.000000e+00 0.000000e+00 0.000000e+00 -8.008772e+01 -7.329951e+01 1.513594e+03 3.698436e+01 0.000000e+00 0.000000e+00 0.000000e+00 0.000000e+00 0.000000e+00 0.000000e+00 0.000000e+00 0.000000e+00 0.000000e+00
1.632000e+00 0.000000e+00 -4.269432e+03 -4.672890e+03 0.000000e+00 0.000000e+00 0.000000e+00 -7.929254e+01 -7.249845e+01 1.513432e+03 3.511711e+01 0.000000e+00 0.000000e+00 0.000000e+00 0.000000e+00 0.000000e+00 0.000000e+00 0.000000e+00 0.000000e+00 0.000000e+00
1.633000e+00 0.000000e+00 -4.264490e+03 -4.672444e+03 0.000000e+00 0.000000e+00 0.000000e+00 -7.850804e+01 -7.170806e+01 1.513280e+03 3.327259e+01 0.000000e+00 0.000000e+00 0.000000e+00 0.000000e+00 0.000000e+00 0.000000e+00 0.000000e+00 0.000000e+00 0.000000e+00
1.634000e+00 0.000000e+00 -4.259587e+03 -4.672145e+03 0.000000e+00 0.000000e+00 0.000000e+00 -7.773431e+01 -7.092843e+01 1.513138e+03 3.145092e+01 0.000000e+00 0.000000e+00 0.000000e+00 0.000000e+00 0.000000e+00 0.000000e+00 0.000000e+00 0.000000e+00 0.000000e+00
1.635000e+00 0.000000e+00 -4.254723e+03 -4.671994e+03 0.000000e+00 0.000000e+00 0.000000e+00 -7.697145e+01 -7.015966e+01 1.513007e+03 2.965225e+01 0.000000e+00 0.000000e+00 0.000000e+00 0.000000e+00 0.000000e+00 0.000000e+00 0.000000e+00 0.000000e+00 0.000000e+00
1.636000e+00 0.000000e+00 -4.249899e+03 -4.671995e+03 0.000000e+00 0.000000e+00 0.000000e+00 -7.621954e+01 -6.940183e+01 1.512886e+03 2.787672e+01 0.000000e+00 0.000000e+00 0.000000e+00 0.000000e+00 0.000000e+00 0.000000e+00 0.000000e+00 0.000000e+00 0.000000e+00
1.637000e+00 0.000000e+00 -4.245115e+03 -4.672147e+03 0.000000e+00 0.000000e+00 0.000000e+00 -7.547867e+01 -6.865502e+01 1.512776e+03 2.612445e+01 0.000000e+00 0.000000e+00 0.000000e+00 0.000000e+00 0.000000e+00 0.000000e+00 0.000000e+00 0.000000e+00 0.000000e+00
1.638000e+00 0.000000e+00 -4.240370e+03 -4.672453e+03 0.000000e+00 0.000000e+00 0.000000e+00 -7.474891e+01 -6.791932e+01 1.512676e+03 2.439556e+01 0.000000e+00 0.000000e+00 0.000000e+00 0.000000e+00 0.000000e+00 0.000000e+00 0.000000e+00 0.000000e+00 0.000000e+00
1.639000e+00 0.000000e+00 -4.235667e+03 -4.672914e+03 0.000000e+00 0.000000e+00 0.000000e+00 -7.403035e+01 -6.719481e+01 1.512586e+03 2.269017e+01 0.000000e+00 0.000000e+00 0.000000e+00 0.000000e+00 0.000000e+00 0.000000e+00 0.000000e+00 0.000000e+00 0.000000e+00
1.640000e+00 0.000000e+00 -4.231004e+03 -4.673531e+03 0.000000e+00 0.000000e+00 0.000000e+00 -7.332305e+01 -6.648155e+01 1.512507e+03 2.100839e+01 0.000000e+00 0.000000e+00 0.000000e+00 0.000000e+00 0.000000e+00 0.000000e+00 0.000000e+00 0.000000e+00 0.000000e+00
1.641000e+00 0.000000e+00 -4.226382e+03 -4.674307e+03 0.000000e+00 0.000000e+00 0.000000e+00 -7.262710e+01 -6.577961e+01 1.512437e+03 1.935031e+01 0.000000e+00 0.000000e+00 0.000000e+00 0.000000e+00 0.000000e+00 0.000000e+00 0.000000e+00 0.000000e+00 0.000000e+00
1.642000e+00 0.000000e+00 -4.221803e+03 -4.675241e+03 0.000000e+00 0.000000e+00 0.000000e+00 -7.194254e+01 -6.508906e+01 1.512379e+03 1.771604e+01 0.000000e+00 0.000000e+00 0.000000e+00 0.000000e+00 0.000000e+00 0.000000e+00 0.000000e+00 0.000000e+00 0.000000e+00
1.643000e+00 0.000000e+00 -4.217265e+03 -4.676337e+03 0.000000e+00 0.000000e+00 0.000000e+00 -7.126944e+01 -6.440996e+01 1.512330e+03 1.610566e+01 0.000000e+00 0.000000e+00 0.000000e+00 0.000000e+00 0.000000e+00 0.000000e+00 0.000000e+00 0.000000e+00 0.000000e+00
1.644000e+00 0.000000e+00 -4.212770e+03 -4.677595e+03 0.000000e+00 0.000000e+00 0.000000e+00 -7.060788e+01 -6.374239e+01 1.512292e+03 1.451927e+01 0.000000e+00 0.000000e+00 0.000000e+00 0.000000e+00 0.000000e+00 0.000000e+00 0.000000e+00 0.000000e+00 0.000000e+00
1.645000e+00 0.000000e+00 -4.208317e+03 -4.679016e+03 0.000000e+00 0.000000e+00 0.000000e+00 -6.995792e+01 -6.308640e+01 1.512265e+03 1.295696e+01 0.000000e+00 0.000000e+00 0.000000e+00 0.000000e+00 0.000000e+00 0.000000e+00 0.000000e+00 0.000000e+00 0.000000e+00
1.646000e+00 0.000000e+00 -4.203908e+03 -4.680602e+03 0.000000e+00 0.000000e+00 0.000000e+00 -6.931962e+01 -6.244206e+01 1.512247e+03 1.141882e+01 0.000000e+00 0.000000e+00 0.000000e+00 0.000000e+00 0.000000e+00 0.000000e+00 0.000000e+00 0.000000e+00 0.000000e+00
1.647000e+00 0.000000e+00 -4.199542e+03 -4.682353e+03 0.000000e+00 0.000000e+00 0.000000e+00 -6.869304e+01 -6.180943e+01 1.512240e+03 9.904910e+00 0.000000e+00 0.000000e+00 0.000000e+00 0.000000e+00 0.000000e+00 0.000000e+00 0.000000e+00 0.000000e+00 0.000000e+00
1.648000e+00 0.000000e+00 -4.195221e+03 -4.684272e+03 0.000000e+00 0.000000e+00 0.000000e+00 -6.807824e+01 -6.118856e+01 1.512243e+03 8.415312e+00 0.000000e+00 0.000000e+00 0.000000e+00 0.000000e+00 0.000000e+00 0.000000e+00 0.000000e+00 0.000000e+00 0.000000e+00
1.649000e+00 0.000000e+00 -4.190943e+03 -4.686358e+03 0.000000e+00 0.000000e+00 0.000000e+00 -6.747525e+01 -6.057949e+01 1.512257e+03 6.950085e+00 0.000000e+00 0.000000e+00 0.000000e+00 0.000000e+00 0.000000e+00 0.000000e+00 0.000000e+00 0.000000e+00 0.000000e+00
1.650000e+00 0.000000e+00 -4.186710e+03 -4.688614e+03 0.000000e+00 0.000000e+00 0.000000e+00 -6.688414e+01 -5.998228e+01 1.512280e+03 5.509282e+00 0.000000e+00 0.000000e+00 0.000000e+00 0.000000e+00 0.000000e+00 0.000000e+00 0.000000e+00 0.000000e+00 0.000000e+00
1.651000e+00 0.000000e+00 -4.182522e+03 -4.691040e+03 0.000000e+00 0.000000e+00 0.000000e+00 -6.630493e+01 -5.939696e+01 1.512314e+03 4.092952e+00 0.000000e+00 0.000000e+00 0.000000e+00 0.000000e+00 0.000000e+00 0.000000e+00 0.000000e+00 0.000000e+00 0.000000e+00
1.652000e+00 0.000000e+00 -4.178380e+03 -4.693637e+03 0.000000e+00 0.000000e+00 0.000000e+00 -6.573766e+01 -5.882357e+01 1.512359e+03 2.701134e+00 0.000000e+00 0.000000e+00 0.000000e+00 0.000000e+00 0.000000e+00 0.000000e+00 0.000000e+00 0.000000e+00 0.000000e+00
1.653000e+00 0.000000e+00 -4.174284e+03 -4.696406e+03 0.000000e+00 0.000000e+00 0.000000e+00 -6.518236e+01 -5.826213e+01 1.512413e+03 1.333861e+00 0.000000e+00 0.000000e+00 0.000000e+00 0.000000e+00 0.000000e+00 0.000000e+00 0.000000e+00 0.000000e+00 0.000000e+00
1.654000e+00 0.000000e+00 -4.170234e+03 -4.699347e+03 0.000000e+00 0.000000e+00 0.000000e+00 -6.463907e+01 -5.771268e+01 1.512478e+03 -8.839898e-03 0.000000e+00 0.000000e+00 0.000000e+00 0.000000e+00 0.000000e+00 0.000000e+00 0.000000e+00 0.000000e+00 0.000000e+00
1.655000e+00 0.000000e+00 -4.166230e+03 -4.702462e+03 0.000000e+00 0.000000e+00 0.000000e+00 -6.410780e+01 -5.717524e+01 1.512553e+03 -1.326951e+00 0.000000e+00 0.000000e+00 0.000000e+00 0.000000e+00 0.000000e+00 0.000000e+00 0.000000e+00 0.000000e+00 0.000000e+00
1.656000e+00 0.000000e+00 -4.162274e+03 -4.705751e+03 0.000000e+00 0.000000e+00 0.000000e+00 -6.358856e+01 -5.664983e+01 1.512638e+03 -2.620461e+00 0.000000e+00 0.000000e+00 0.000000e+00 0.000000e+00 0.000000e+00 0.000000e+00 0.000000e+00 0.000000e+00 0.000000e+00
1.657000e+00 0.000000e+00 -4.158366e+03 -4.709214e+03 0.000000e+00 0.000000e+00 0.000000e+00 -6.308138e+01 -5.613644e+01 1.512733e+03 -3.889365e+00 0.000000e+00 0.000000e+00 0.000000e+00 0.000000e+00 0.000000e+00 0.000000e+00 0.000000e+00 0.000000e+00 0.000000e+00
1.658000e+00 0.000000e+00 -4.154506e+03 -4.712852e+03 0.000000e+00 0.000000e+00 0.000000e+00 -6.258625e+01 -5.563511e+01 1.512839e+03 -5.133667e+00 0.000000e+00 0.000000e+00 0.000000e+00 0.000000e+00 0.000000e+00 0.000000e+00 0.000000e+00 0.000000e+00 0.000000e+00
1.659000e+00 0.000000e+00 -4.150695e+03 -4.716666e+03 0.000000e+00 0.000000e+00 0.000000e+00 -6.210319e+01 -5.514582e+01 1.512954e+03 -6.353378e+00 0.000000e+00 0.000000e+00 0.000000e+00 0.000000e+00 0.000000e+00 0.000000e+00 0.000000e+00 0.000000e+00 0.000000e+00
1.660000e+00 0.000000e+00 -4.146933e+03 -4.720656e+03 0.000000e+00 0.000000e+00 0.000000e+00 -6.163219e+01 -5.466858e+01 1.513080e+03 -7.548514e+00 0.000000e+00 0.000000e+00 0.000000e+00 0.000000e+00 0.000000e+00 0.000000e+00 0.000000e+00 0.000000e+00 0.000000e+00
1.661000e+00 0.000000e+00 -4.143221e+03 -4.724822e+03 0.000000e+00 0.000000e+00 0.000000e+00 -6.117324e+01 -5.420339e+01 1.513216e+03 -8.719102e+00 0.000000e+00 0.000000e+00 0.000000e+00 0.000000e+00 0.000000e+00 0.000000e+00 0.000000e+00 0.000000e+00 0.000000e+00
1.662000e+00 0.000000e+00 -4.139560e+03 -4.729164e+03 0.000000e+00 0.000000e+00 0.000000e+00 -6.072634e+01 -5.375023e+01 1.513362e+03 -9.865173e+00 0.000000e+00 0.000000e+00 0.000000e+00 0.000000e+00 0.000000e+00 0.000000e+00 0.000000e+00 0.000000e+00 0.000000e+00
1.663000e+00 0.000000e+00 -4.135948e+03 -4.733683e+03 0.000000e+00 0.000000e+00 0.000000e+00 -6.029148e+01 -5.330908e+01 1.513518e+03 -1.098677e+01 0.000000e+00 0.000000e+00 0.000000e+00 0.000000e+00 0.000000e+00 0.000000e+00 0.000000e+00 0.000000e+00 0.000000e+00
1.664000e+00 0.000000e+00 -4.132389e+03 -4.738379e+03 0.000000e+00 0.000000e+00 0.000000e+00 -5.986863e+01 -5.287994e+01 1.513684e+03 -1.208392e+01 0.000000e+00 0.000000e+00 0.000000e+00 0.000000e+00 0.000000e+00 0.000000e+00 0.000000e+00 0.000000e+00 0.000000e+00
1.665000e+00 0.000000e+00 -4.128881e+03 -4.743252e+03 0.000000e+00 0.000000e+00 0.000000e+00 -5.945779e+01 -5.246280e+01 1.513860e+03 -1.315668e+01 0.000000e+00 0.000000e+00 0.000000e+00 0.000000e+00 0.000000e+00 0.000000e+00 0.000000e+00 0.000000e+00 0.000000e+00
1.666000e+00 0.000000e+00 -4.125425e+03 -4.748302e+03 0.000000e+00 0.000000e+00 0.000000e+00 -5.905896e+01 -5.205766e+01 1.514047e+03 -1.420507e+01 0.000000e+00 0.000000e+00 0.000000e+00 0.000000e+00 0.000000e+00 0.000000e+00 0.000000e+00 0.000000e+00 0.000000e+00
1.667000e+00 0.000000e+00 -4.122022e+03 -4.753529e+03 0.000000e+00 0.000000e+00 0.000000e+00 -5.867212e+01 -5.166449e+01 1.514243e+03 -1.522914e+01 0.000000e+00 0.000000e+00 0.000000e+00 0.000000e+00 0.000000e+00 0.000000e+00 0.000000e+00 0.000000e+00 0.000000e+00
1.668000e+00 0.000000e+00 -4.118671e+03 -4.758933e+03 0.000000e+00 0.000000e+00 0.000000e+00 -5.829725e+01 -5.128328e+01 1.514449e+03 -1.622895e+01 0.000000e+00 0.000000e+00 0.000000e+00 0.000000e+00 0.000000e+00 0.000000e+00 0.000000e+00 0.000000e+00 0.000000e+00
1.669000e+00 0.000000e+00 -4.115375e+03 -4.764515e+03 0.000000e+00 0.000000e+00 0.000000e+00 -5.793433e+01 -5.091401e+01 1.514665e+03 -1.720457e+01 0.000000e+00 0.000000e+00 0.000000e+00 0.000000e+00 0.000000e+00 0.000000e+00 0.000000e+00 0.000000e+00 0.000000e+00
1.670000e+00 0.000000e+00 -4.112132e+03 -4.770274e+03 0.000000e+00 0.000000e+00 0.000000e+00 -5.758334e+01 -5.055665e+01 1.514891e+03 -1.815606e+01 0.000000e+00 0.000000e+00 0.000000e+00 0.000000e+00 0.000000e+00 0.000000e+00 0.000000e+00 0.000000e+00 0.000000e+00
1.671000e+00 0.000000e+00 -4.108943e+03 -4.776210e+03 0.000000e+00 0.000000e+00 0.000000e+00 -5.724423e+01 -5.021117e+01 1.515127e+03 -1.908349e+01 0.000000e+00 0.000000e+00 0.000000e+00 0.000000e+00 0.000000e+00 0.000000e+00 0.000000e+00 0.000000e+00 0.000000e+00
1.672000e+00 0.000000e+00 -4.105810e+03 -4.782322e+03 0.000000e+00 0.000000e+00 0.000000e+00 -5.691698e+01 -4.987753e+01 1.515372e+03 -1.998696e+01 0.000000e+00 0.000000e+00 0.000000e+00 0.000000e+00 0.000000e+00 0.000000e+00 0.000000e+00 0.000000e+00 0.000000e+00
1.673000e+00 0.000000e+00 -4.102732e+03 -4.788610e+03 0.000000e+00 0.000000e+00 0.000000e+00 -5.660154e+01 -4.955569e+01 1.515628e+03 -2.086655e+01 0.000000e+00 0.000000e+00 0.000000e+00 0.000000e+00 0.000000e+00 0.000000e+00 0.000000e+00 0.000000e+00 0.000000e+00
1.674000e+00 0.000000e+00 -4.099710e+03 -4.795075e+03 0.000000e+00 0.000000e+00 0.000000e+00 -5.629787e+01 -4.924560e+01 1.515893e+03 -2.172236e+01 0.000000e+00 0.000000e+00 0.000000e+00 0.000000e+00 0.000000e+00 0.000000e+00 0.000000e+00 0.000000e+00 0.000000e+00
1.675000e+00 0.000000e+00 -4.096744e+03 -4.801714e+03 0.000000e+00 0.000000e+00 0.000000e+00 -5.600591e+01 -4.894722e+01 1.516168e+03 -2.255450e+01 0.000000e+00 0.000000e+00 0.000000e+00 0.000000e+00 0.000000e+00 0.000000e+00 0.000000e+00 0.000000e+00 0.000000e+00
1.676000e+00 0.000000e+00 -4.093835e+03 -4.808529e+03 0.000000e+00 0.000000e+00 0.000000e+00 -5.572561e+01 -4.866049e+01 1.516453e+03 -2.336307e+01 0.000000e+00 0.000000e+00 0.000000e+00 0.000000e+00 0.000000e+00 0.000000e+00 0.000000e+00 0.000000e+00 0.000000e+00
1.677000e+00 0.000000e+00 -4.090983e+03 -4.815518e+03 0.000000e+00 0.000000e+00 0.000000e+00 -5.545692e+01 -4.838535e+01 1.516748e+03 -2.414821e+01 0.000000e+00 0.000000e+00 0.000000e+00 0.000000e+00 0.000000e+00 0.000000e+00 0.000000e+00 0.000000e+00 0.000000e+00
1.678000e+00 0.000000e+00 -4.088190e+03 -4.822680e+03 0.000000e+00 0.000000e+00 0.000000e+00 -5.519976e+01 -4.812174e+01 1.517052e+03 -2.491002e+01 0.000000e+00 0.000000e+00 0.000000e+00 0.000000e+00 0.000000e+00 0.000000e+00 0.000000e+00 0.000000e+00 0.000000e+00
1.679000e+00 0.000000e+00 -4.085454e+03 -4.830015e+03 0.000000e+00 0.000000e+00 0.000000e+00 -5.495406e+01 -4.786958e+01 1.517365e+03 -2.564866e+01 0.000000e+00 0.000000e+00 0.000000e+00 0.000000e+00 0.000000e+00 0.000000e+00 0.000000e+00 0.000000e+00 0.000000e+00
1.680000e+00 0.000000e+00 -4.082778e+03 -4.837522e+03 0.000000e+00 0.000000e+00 0.000000e+00 -5.471977e+01 -4.762881e+01 1.517689e+03 -2.636425e+01 0.000000e+00 0.000000e+00 0.000000e+00 0.000000e+00 0.000000e+00 0.000000e+00 0.000000e+00 0.000000e+00 0.000000e+00
1.681000e+00 0.000000e+00 -4.080161e+03 -4.845200e+03 0.000000e+00 0.000000e+00 0.000000e+00 -5.449679e+01 -4.739936e+01 1.518022e+03 -2.705695e+01 0.000000e+00 0.000000e+00 0.000000e+00 0.000000e+00 0.000000e+00 0.000000e+00 0.000000e+00 0.000000e+00 0.000000e+00
1.682000e+00 0.000000e+00 -4.077604e+03 -4.853048e+03 0.000000e+00 0.000000e+00 0.000000e+00 -5.428504e+01 -4.718113e+01 1.518364e+03 -2.772691e+01 0.000000e+00 0.000000e+00 0.000000e+00 0.000000e+00 0.000000e+00 0.000000e+00 0.000000e+00 0.000000e+00 0.000000e+00
1.683000e+00 0.000000e+00 -4.075107e+03 -4.861065e+03 0.000000e+00 0.000000e+00 0.000000e+00 -5.408445e+01 -4.697404e+01 1.518716e+03 -2.837428e+01 0.000000e+00 0.000000e+00 0.000000e+00 0.000000e+00 0.000000e+00 0.000000e+00 0.000000e+00 0.000000e+00 0.000000e+00
1.684000e+00 0.000000e+00 -4.072672e+03 -4.869251e+03 0.000000e+00 0.000000e+00 0.000000e+00 -5.389492e+01 -4.677801e+01 1.519078e+03 -2.899924e+01 0.000000e+00 0.000000e+00 0.000000e+00 0.000000e+00 0.000000e+00 0.000000e+00 0.000000e+00 0.000000e+00 0.000000e+00
1.685000e+00 0.000000e+00 -4.070298e+03 -4.877603e+03 0.000000e+00 0.000000e+00 0.000000e+00 -5.371636e+01 -4.659295e+01 1.519448e+03 -2.960194e+01 0.000000e+00 0.000000e+00 0.000000e+00 0.000000e+00 0.000000e+00 0.000000e+00 0.000000e+00 0.000000e+00 0.000000e+00
1.686000e+00 0.000000e+00 -4.067986e+03 -4.886121e+03 0.000000e+00 0.000000e+00 0.000000e+00 -5.354871e+01 -4.641878e+01 1.519828e+03 -3.018253e+01 0.000000e+00 0.000000e+00 0.000000e+00 0.000000e+00 0.000000e+00 0.000000e+00 0.000000e+00 0.000000e+00 0.000000e+00
1.687000e+00 0.000000e+00 -4.065736e+03 -4.894803e+03 0.000000e+00 0.000000e+00 0.000000e+00 -5.339187e+01 -4.625543e+01 1.520218e+03 -3.074120e+01 0.000000e+00 0.000000e+00 0.000000e+00 0.000000e+00 0.000000e+00 0.000000e+00 0.000000e+00 0.000000e+00 0.000000e+00
1.688000e+00 0.000000e+00 -4.063549e+03 -4.903650e+03 0.000000e+00 0.000000e+00 0.000000e+00 -5.324577e+01 -4.610281e+01 1.520617e+03 -3.127809e+01 0.000000e+00 0.000000e+00 0.000000e+00 0.000000e+00 0.000000e+00 0.000000e+00 0.000000e+00 0.000000e+00 0.000000e+00
1.689000e+00 0.000000e+00 -4.061425e+03 -4.912659e+03 0.000000e+00 0.000000e+00 0.000000e+00 -5.311031e+01 -4.596083e+01 1.521025e+03 -3.179339e+01 0.000000e+00 0.000000e+00 0.000000e+00 0.000000e+00 0.000000e+00 0.000000e+00 0.000000e+00 0.000000e+00 0.000000e+00
1.690000e+00 0.000000e+00 -4.059364e+03 -4.921828e+03 0.000000e+00 0.000000e+00 0.000000e+00 -5.298541e+01 -4.582939e+01 1.521442e+03 -3.228729e+01 0.000000e+00 0.000000e+00 0.000000e+00 0.000000e+00 0.000000e+00 0.000000e+00 0.000000e+00 0.000000e+00 0.000000e+00
1.691000e+00 0.000000e+00 -4.057368e+03 -4.931158e+03 0.000000e+00 0.000000e+00 0.000000e+00 -5.287095e+01 -4.570840e+01 1.521868e+03 -3.275997e+01 0.000000e+00 0.000000e+00 0.000000e+00 0.000000e+00 0.000000e+00 0.000000e+00 0.000000e+00 0.000000e+00 0.000000e+00
1.692000e+00 0.000000e+00 -4.055436e+03 -4.940646e+03 0.000000e+00 0.000000e+00 0.000000e+00 -5.276684e+01 -4.559776e+01 1.522303e+03 -3.321163e+01 0.000000e+00 0.000000e+00 0.000000e+00 0.000000e+00 0.000000e+00 0.000000e+00 0.000000e+00 0.000000e+00 0.000000e+00
1.693000e+00 0.000000e+00 -4.053569e+03 -4.950290e+03 0.000000e+00 0.000000e+00 0.000000e+00 -5.267297e+01 -4.549736e+01 1.522748e+03 -3.364246e+01 0.000000e+00 0.000000e+00 0.000000e+00 0.000000e+00 0.000000e+00 0.000000e+00 0.000000e+00 0.000000e+00 0.000000e+00
1.694000e+00 0.000000e+00 -4.051767e+03 -4.960090e+03 0.000000e+00 0.000000e+00 0.000000e+00 -5.258923e+01 -4.540708e+01 1.523201e+03 -3.405268e+01 0.000000e+00 0.000000e+00 0.000000e+00 0.000000e+00 0.000000e+00 0.000000e+00 0.000000e+00 0.000000e+00 0.000000e+00
1.695000e+00 0.000000e+00 -4.050030e+03 -4.970043e+03 0.000000e+00 0.000000e+00 0.000000e+00 -5.251552e+01 -4.532682e+01 1.523663e+03 -3.444250e+01 0.000000e+00 0.000000e+00 0.000000e+00 0.000000e+00 0.000000e+00 0.000000e+00 0.000000e+00 0.000000e+00 0.000000e+00
1.696000e+00 0.000000e+00 -4.048360e+03 -4.980148e+03 0.000000e+00 0.000000e+00 0.000000e+00 -5.245170e+01 -4.525646e+01 1.524135e+03 -3.481213e+01 0.000000e+00 0.000000e+00 0.000000e+00 0.000000e+00 0.000000e+00 0.000000e+00 0.000000e+00 0.000000e+00 0.000000e+00
1.697000e+00 0.000000e+00 -4.046756e+03 -4.990404e+03 0.000000e+00 0.000000e+00 0.000000e+00 -5.239766e+01 -4.519588e+01 1.524615e+03 -3.516180e+01 0.000000e+00 0.000000e+00 0.000000e+00 0.000000e+00 0.000000e+00 0.000000e+00 0.000000e+00 0.000000e+00 0.000000e+00
1.698000e+00 0.000000e+00 -4.045219e+03 -5.000808e+03 0.000000e+00 0.000000e+00 0.000000e+00 -5.235328e+01 -4.514496e+01 1.525104e+03 -3.549174e+01 0.000000e+00 0.000000e+00 0.000000e+00 0.000000e+00 0.000000e+00 0.000000e+00 0.000000e+00 0.000000e+00 0.000000e+00
1.699000e+00 0.000000e+00 -4.043749e+03 -5.011358e+03 0.000000e+00 0.000000e+00 0.000000e+00 -5.231842e+01 -4.510356e+01 1.525601e+03 -3.580218e+01 0.000000e+00 0.000000e+00 0.000000e+00 0.000000e+00 0.000000e+00 0.000000e+00 0.000000e+00 0.000000e+00 0.000000e+00
1.700000e+00 0.000000e+00 -4.042347e+03 -5.022053e+03 0.000000e+00 0.000000e+00 0.000000e+00 -5.229295e+01 -4.507155e+01 1.526108e+03 -3.609336e+01 0.000000e+00 0.000000e+00 0.000000e+00 0.000000e+00 0.000000e+00 0.000000e+00 0.000000e+00 0.000000e+00 0.000000e+00
1.701000e+00 0.000000e+00 -4.041013e+03 -5.032891e+03 0.000000e+00 0.000000e+00 0.000000e+00 -5.227675e+01 -4.504881e+01 1.526622e+03 -3.636554e+01 0.000000e+00 0.000000e+00 0.000000e+00 0.000000e+00 0.000000e+00 0.000000e+00 0.000000e+00 0.000000e+00 0.000000e+00
1.702000e+00 0.000000e+00 -4.039748e+03 -5.043869e+03 0.000000e+00 0.000000e+00 0.000000e+00 -5.226966e+01 -4.503519e+01 1.527146e+03 -3.661895e+01 0.000000e+00 0.000000e+00 0.000000e+00 0.000000e+00 0.000000e+00 0.000000e+00 0.000000e+00 0.000000e+00 0.000000e+00
1.703000e+00 0.000000e+00 -4.038551e+03 -5.054986e+03 0.000000e+00 0.000000e+00 0.000000e+00 -5.227155e+01 -4.503056e+01 1.527678e+03 -3.685386e+01 0.000000e+00 0.000000e+00 0.000000e+00 0.000000e+00 0.000000e+00 0.000000e+00 0.000000e+00 0.000000e+00 0.000000e+00
1.704000e+00 0.000000e+00 -4.037424e+03 -5.066240e+03 0.000000e+00 0.000000e+00 0.000000e+00 -5.228227e+01 -4.503475e+01 1.528218e+03 -3.707052e+01 0.000000e+00 0.000000e+00 0.000000e+00 0.000000e+00 0.000000e+00 0.000000e+00 0.000000e+00 0.000000e+00 0.000000e+00
1.705000e+00 0.000000e+00 -4.036366e+03 -5.077628e+03 0.000000e+00 0.000000e+00 0.000000e+00 -5.230169e+01 -4.504765e+01 1.528767e+03 -3.726919e+01 0.000000e+00 0.000000e+00 0.000000e+00 0.000000e+00 0.000000e+00 0.000000e+00 0.000000e+00 0.000000e+00 0.000000e+00
1.706000e+00 0.000000e+00 -4.035378e+03 -5.089148e+03 0.000000e+00 0.000000e+00 0.000000e+00 -5.232966e+01 -4.506911e+01 1.529325e+03 -3.745012e+01 0.000000e+00 0.000000e+00 0.000000e+00 0.000000e+00 0.000000e+00 0.000000e+00 0.000000e+00 0.000000e+00 0.000000e+00
1.707000e+00 0.000000e+00 -4.034460e+03 -5.100798e+03 0.000000e+00 0.000000e+00 0.000000e+00 -5.236606e+01 -4.509900e+01 1.529890e+03 -3.761356e+01 0.000000e+00 0.000000e+00 0.000000e+00 0.000000e+00 0.000000e+00 0.000000e+00 0.000000e+00 0.000000e+00 0.000000e+00
1.708000e+00 0.000000e+00 -4.033613e+03 -5.112577e+03 0.000000e+00 0.000000e+00 0.000000e+00 -5.241075e+01 -4.513719e+01 1.530464e+03 -3.775978e+01 0.000000e+00 0.000000e+00 0.000000e+00 0.000000e+00 0.000000e+00 0.000000e+00 0.000000e+00 0.000000e+00 0.000000e+00
1.709000e+00 0.000000e+00 -4.032836e+03 -5.124481e+03 0.000000e+00 0.000000e+00 0.000000e+00 -5.246358e+01 -4.518353e+01 1.531046e+03 -3.788903e+01 0.000000e+00 0.000000e+00 0.000000e+00 0.000000e+00 0.000000e+00 0.000000e+00 0.000000e+00 0.000000e+00 0.000000e+00
1.710000e+00 0.000000e+00 -4.032130e+03 -5.136509e+03 0.000000e+00 0.000000e+00 0.000000e+00 -5.252440e+01 -4.523787e+01 1.531636e+03 -3.800159e+01 0.000000e+00 0.000000e+00 0.000000e+00 0.000000e+00 0.000000e+00 0.000000e+00 0.000000e+00 0.000000e+00 0.000000e+00
1.711000e+00 0.000000e+00 -4.031495e+03 -5.148658e+03 0.000000e+00 0.000000e+00 0.000000e+00 -5.259309e+01 -4.530008e+01 1.532234e+03 -3.809772e+01 0.000000e+00 0.000000e+00 0.000000e+00 0.000000e+00 0.000000e+00 0.000000e+00 0.000000e+00 0.000000e+00 0.000000e+00
1.712000e+00 0.000000e+00 -4.030931e+03 -5.160927e+03 0.000000e+00 0.000000e+00 0.000000e+00 -5.266947e+01 -4.536999e+01 1.532840e+03 -3.817770e+01 0.000000e+00 0.000000e+00 0.000000e+00 0.000000e+00 0.000000e+00 0.000000e+00 0.000000e+00 0.000000e+00 0.000000e+00
1.713000e+00 0.000000e+00 -4.030439e+03 -5.173311e+03 0.000000e+00 0.000000e+00 0.000000e+00 -5.275340e+01 -4.544747e+01 1.533454e+03 -3.824181e+01 0.000000e+00 0.000000e+00 0.000000e+00 0.000000e+00 0.000000e+00 0.000000e+00 0.000000e+00 0.000000e+00 0.000000e+00
1.714000e+00 0.000000e+00 -4.030019e+03 -5.185811e+03 0.000000e+00 0.000000e+00 0.000000e+00 -5.284473e+01 -4.553235e+01 1.534076e+03 -3.829033e+01 0.000000e+00 0.000000e+00 0.000000e+00 0.000000e+00 0.000000e+00 0.000000e+00 0.000000e+00 0.000000e+00 0.000000e+00
1.715000e+00 0.000000e+00 -4.029670e+03 -5.198421e+03 0.000000e+00 0.000000e+00 0.000000e+00 -5.294329e+01 -4.562447e+01 1.534706e+03 -3.832356e+01 0.000000e+00 0.000000e+00 0.000000e+00 0.000000e+00 0.000000e+00 0.000000e+00 0.000000e+00 0.000000e+00 0.000000e+00
1.716000e+00 0.000000e+00 -4.029394e+03 -5.211141e+03 0.000000e+00 0.000000e+00 0.000000e+00 -5.304894e+01 -4.572369e+01 1.535343e+03 -3.834179e+01 0.000000e+00 0.000000e+00 0.000000e+00 0.000000e+00 0.000000e+00 0.000000e+00 0.000000e+00 0.000000e+00 0.000000e+00
1.717000e+00 0.000000e+00 -4.029190e+03 -5.223968e+03 0.000000e+00 0.000000e+00 0.000000e+00 -5.316149e+01 -4.582983e+01 1.535988e+03 -3.834530e+01 0.000000e+00 0.000000e+00 0.000000e+00 0.000000e+00 0.000000e+00 0.000000e+00 0.000000e+00 0.000000e+00 0.000000e+00
1.718000e+00 0.000000e+00 -4.029058e+03 -5.236899e+03 0.000000e+00 0.000000e+00 0.000000e+00 -5.328080e+01 -4.594273e+01 1.536641e+03 -3.833439e+01 0.000000e+00 0.000000e+00 0.000000e+00 0.000000e+00 0.000000e+00 0.000000e+00 0.000000e+00 0.000000e+00 0.000000e+00
1.719000e+00 0.000000e+00 -4.028999e+03 -5.249931e+03 0.000000e+00 0.000000e+00 0.000000e+00 -5.340668e+01 -4.606223e+01 1.537301e+03 -3.830937e+01 0.000000e+00 0.000000e+00 0.000000e+00 0.000000e+00 0.000000e+00 0.000000e+00 0.000000e+00 0.000000e+00 0.000000e+00
1.720000e+00 0.000000e+00 -4.029012e+03 -5.263062e+03 0.000000e+00 0.000000e+00 0.000000e+00 -5.353898e+01 -4.618816e+01 1.537969e+03 -3.827055e+01 0.000000e+00 0.000000e+00 0.000000e+00 0.000000e+00 0.000000e+00 0.000000e+00 0.000000e+00 0.000000e+00 0.000000e+00
1.721000e+00 0.000000e+00 -4.029099e+03 -5.276290e+03 0.000000e+00 0.000000e+00 0.000000e+00 -5.367753e+01 -4.632034e+01 1.538644e+03 -3.821822e+01 0.000000e+00 0.000000e+00 0.000000e+00 0.000000e+00 0.000000e+00 0.000000e+00 0.000000e+00 0.000000e+00 0.000000e+00
1.722000e+00 0.000000e+00 -4.029258e+03 -5.289610e+03 0.000000e+00 0.000000e+00 0.000000e+00 -5.382214e+01 -4.645860e+01 1.539327e+03 -3.815270e+01 0.000000e+00 0.000000e+00 0.000000e+00 0.000000e+00 0.000000e+00 0.000000e+00 0.000000e+00 0.000000e+00 0.000000e+00
1.723000e+00 0.000000e+00 -4.029490e+03 -5.303022e+03 0.000000e+00 0.000000e+00 0.000000e+00 -5.397264e+01 -4.660278e+01 1.540016e+03 -3.807430e+01 0.000000e+00 0.000000e+00 0.000000e+00 0.000000e+00 0.000000e+00 0.000000e+00 0.000000e+00 0.000000e+00 0.000000e+00
1.724000e+00 0.000000e+00 -4.029796e+03 -5.316521e+03 0.000000e+00 0.000000e+00 0.000000e+00 -5.412886e+01 -4.675269e+01 1.540713e+03 -3.798334e+01 0.000000e+00 0.000000e+00 0.000000e+00 0.000000e+00 0.000000e+00 0.000000e+00 0.000000e+00 0.000000e+00 0.000000e+00
1.725000e+00 0.000000e+00 -4.030175e+03 -5.330106e+03 0.000000e+00 0.000000e+00 0.000000e+00 -5.429063e+01 -4.690816e+01 1.541418e+03 -3.788013e+01 0.000000e+00 0.000000e+00 0.000000e+00 0.000000e+00 0.000000e+00 0.000000e+00 0.000000e+00 0.000000e+00 0.000000e+00
1.726000e+00 0.000000e+00 -4.030627e+03 -5.343773e+03 0.000000e+00 0.000000e+00 0.000000e+00 -5.445777e+01 -4.706902e+01 1.542129e+03 -3.776497e+01 0.000000e+00 0.000000e+00 0.000000e+00 0.000000e+00 0.000000e+00 0.000000e+00 0.000000e+00 0.000000e+00 0.000000e+00
1.727000e+00 0.000000e+00 -4.031152e+03 -5.357520e+03 0.000000e+00 0.000000e+00 0.000000e+00 -5.463013e+01 -4.723511e+01 1.542847e+03 -3.763817e+01 0.000000e+00 0.000000e+00 0.000000e+00 0.000000e+00 0.000000e+00 0.000000e+00 0.000000e+00 0.000000e+00 0.000000e+00
1.728000e+00 0.000000e+00 -4.031751e+03 -5.371344e+03 0.000000e+00 0.000000e+00 0.000000e+00 -5.480753e+01 -4.740627e+01 1.543573e+03 -3.750004e+01 0.000000e+00 0.000000e+00 0.000000e+00 0.000000e+00 0.000000e+00 0.000000e+00 0.000000e+00 0.000000e+00 0.000000e+00
1.729000e+00 0.000000e+00 -4.032422e+03 -5.385242e+03 0.000000e+00 0.000000e+00 0.000000e+00 -5.498981e+01 -4.758233e+01 1.544305e+03 -3.735089e+01 0.000000e+00 0.000000e+00 0.000000e+00 0.000000e+00 0.000000e+00 0.000000e+00 0.000000e+00 0.000000e+00 0.000000e+00
1.730000e+00 0.000000e+00 -4.033166e+03 -5.399211e+03 0.000000e+00 0.000000e+00 0.000000e+00 -5.517679e+01 -4.776311e+01 1.545044e+03 -3.719103e+01 0.000000e+00 0.000000e+00 0.000000e+00 0.000000e+00 0.000000e+00 0.000000e+00 0.000000e+00 0.000000e+00 0.000000e+00
1.731000e+00 0.000000e+00 -4.033983e+03 -5.413250e+03 0.000000e+00 0.000000e+00 0.000000e+00 -5.536830e+01 -4.794843e+01 1.545790e+03 -3.702078e+01 0.000000e+00 0.000000e+00 0.000000e+00 0.000000e+00 0.000000e+00 0.000000e+00 0.000000e+00 0.000000e+00 0.000000e+00
1.732000e+00 0.000000e+00 -4.034873e+03 -5.427354e+03 0.000000e+00 0.000000e+00 0.000000e+00 -5.556418e+01 -4.813814e+01 1.546542e+03 -3.684045e+01 0.000000e+00 0.000000e+00 0.000000e+00 0.000000e+00 0.000000e+00 0.000000e+00 0.000000e+00 0.000000e+00 0.000000e+00
1.733000e+00 0.000000e+00 -4.035836e+03 -5.441521e+03 0.000000e+00 0.000000e+00 0.000000e+00 -5.576424e+01 -4.833206e+01 1.547301e+03 -3.665037e+01 0.000000e+00 0.000000e+00 0.000000e+00 0.000000e+00 0.000000e+00 0.000000e+00 0.000000e+00 0.000000e+00 0.000000e+00
1.734000e+00 0.000000e+00 -4.036871e+03 -5.455748e+03 0.000000e+00 0.000000e+00 0.000000e+00 -5.596830e+01 -4.853000e+01 1.548067e+03 -3.645084e+01 0.000000e+00 0.000000e+00 0.000000e+00 0.000000e+00 0.000000e+00 0.000000e+00 0.000000e+00 0.000000e+00 0.000000e+00
1.735000e+00 0.000000e+00 -4.037978e+03 -5.470032e+03 0.000000e+00 0.000000e+00 0.000000e+00 -5.617621e+01 -4.873180e+01 1.548839e+03 -3.624220e+01 0.000000e+00 0.000000e+00 0.000000e+00 0.000000e+00 0.000000e+00 0.000000e+00 0.000000e+00 0.000000e+00 0.000000e+00
1.736000e+00 0.000000e+00 -4.039158e+03 -5.484371e+03 0.000000e+00 0.000000e+00 0.000000e+00 -5.638776e+01 -4.893728e+01 1.549618e+03 -3.602476e+01 0.000000e+00 0.000000e+00 0.000000e+00 0.000000e+00 0.000000e+00 0.000000e+00 0.000000e+00 0.000000e+00 0.000000e+00
1.737000e+00 0.000000e+00 -4.040410e+03 -5.498761e+03 0.000000e+00 0.000000e+00 0.000000e+00 -5.660280e+01 -4.914626e+01 1.550403e+03 -3.579885e+01 0.000000e+00 0.000000e+00 0.000000e+00 0.000000e+00 0.000000e+00 0.000000e+00 0.000000e+00 0.000000e+00 0.000000e+00
1.738000e+00 0.000000e+00 -4.041733e+03 -5.513199e+03 0.000000e+00 0.000000e+00 0.000000e+00 -5.682114e+01 -4.935856e+01 1.551194e+03 -3.556479e+01 0.000000e+00 0.000000e+00 0.000000e+00 0.000000e+00 0.000000e+00 0.000000e+00 0.000000e+00 0.000000e+00 0.000000e+00
1.739000e+00 0.000000e+00 -4.043128e+03 -5.527684e+03 0.000000e+00 0.000000e+00 0.000000e+00 -5.704260e+01 -4.957400e+01 1.551991e+03 -3.532290e+01 0.000000e+00 0.000000e+00 0.000000e+00 0.000000e+00 0.000000e+00 0.000000e+00 0.000000e+00 0.000000e+00 0.000000e+00
1.740000e+00 0.000000e+00 -4.044594e+03 -5.542210e+03 0.000000e+00 0.000000e+00 0.000000e+00 -5.726700e+01 -4.979241e+01 1.552795e+03 -3.507351e+01 0.000000e+00 0.000000e+00 0.000000e+00 0.000000e+00 0.000000e+00 0.000000e+00 0.000000e+00 0.000000e+00 0.000000e+00
1.741000e+00 0.000000e+00 -4.046131e+03 -5.556777e+03 0.000000e+00 0.000000e+00 0.000000e+00 -5.749416e+01 -5.001361e+01 1.553605e+03 -3.481694e+01 0.000000e+00 0.000000e+00 0.000000e+00 0.000000e+00 0.000000e+00 0.000000e+00 0.000000e+00 0.000000e+00 0.000000e+00
1.742000e+00 0.000000e+00 -4.047739e+03 -5.571380e+03 0.000000e+00 0.000000e+00 0.000000e+00 -5.772391e+01 -5.023741e+01 1.554420e+03 -3.455352e+01 0.000000e+00 0.000000e+00 0.000000e+00 0.000000e+00 0.000000e+00 0.000000e+00 0.000000e+00 0.000000e+00 0.000000e+00
1.743000e+00 0.000000e+00 -4.049417e+03 -5.586017e+03 0.000000e+00 0.000000e+00 0.000000e+00 -5.795605e+01 -5.046364e+01 1.555242e+03 -3.428358e+01 0.000000e+00 0.000000e+00 0.000000e+00 0.000000e+00 0.000000e+00 0.000000e+00 0.000000e+00 0.000000e+00 0.000000e+00
1.744000e+00 0.000000e+00 -4.051165e+03 -5.600684e+03 0.000000e+00 0.000000e+00 0.000000e+00 -5.819041e+01 -5.069211e+01 1.556069e+03 -3.400744e+01 0.000000e+00 0.000000e+00 0.000000e+00 0.000000e+00 0.000000e+00 0.000000e+00 0.000000e+00 0.000000e+00 0.000000e+00
1.745000e+00 0.000000e+00 -4.052984e+03 -5.615380e+03 0.000000e+00 0.000000e+00 0.000000e+00 -5.842682e+01 -5.092265e+01 1.556903e+03 -3.372542e+01 0.000000e+00 0.000000e+00 0.000000e+00 0.000000e+00 0.000000e+00 0.000000e+00 0.000000e+00 0.000000e+00 0.000000e+00
1.746000e+00 0.000000e+00 -4.054871e+03 -5.630100e+03 0.000000e+00 0.000000e+00 0.000000e+00 -5.866508e+01 -5.115507e+01 1.557742e+03 -3.343786e+01 0.000000e+00 0.000000e+00 0.000000e+00 0.000000e+00 0.000000e+00 0.000000e+00 0.000000e+00 0.000000e+00 0.000000e+00
1.747000e+00 0.000000e+00 -4.056828e+03 -5.644843e+03 0.000000e+00 0.000000e+00 0.000000e+00 -5.890504e+01 -5.138921e+01 1.558587e+03 -3.314506e+01 0.000000e+00 0.000000e+00 0.000000e+00 0.000000e+00 0.000000e+00 0.000000e+00 0.000000e+00 0.000000e+00 0.000000e+00
1.748000e+00 0.000000e+00 -4.058853e+03 -5.659604e+03 0.000000e+00 0.000000e+00 0.000000e+00 -5.914652e+01 -5.162491e+01 1.559437e+03 -3.284733e+01 0.000000e+00 0.000000e+00 0.000000e+00 0.000000e+00 0.000000e+00 0.000000e+00 0.000000e+00 0.000000e+00 0.000000e+00
1.749000e+00 0.000000e+00 -4.060946e+03 -5.674382e+03 0.000000e+00 0.000000e+00 0.000000e+00 -5.938935e+01 -5.186198e+01 1.560293e+03 -3.254499e+01 0.000000e+00 0.000000e+00 0.000000e+00 0.000000e+00 0.000000e+00 0.000000e+00 0.000000e+00 0.000000e+00 0.000000e+00
1.750000e+00 0.000000e+00 -4.063106e+03 -5.689173e+03 0.000000e+00 0.000000e+00 0.000000e+00 -5.963337e+01 -5.210026e+01 1.561155e+03 -3.223836e+01 0.000000e+00 0.000000e+00 0.000000e+00 0.000000e+00 0.000000e+00 0.000000e+00 0.000000e+00 0.000000e+00 0.000000e+00
1.751000e+00 0.000000e+00 -4.065334e+03 -5.703975e+03 0.000000e+00 0.000000e+00 0.000000e+00 -5.987839e+01 -5.233957e+01 1.562022e+03 -3.192775e+01 0.000000e+00 0.000000e+00 0.000000e+00 0.000000e+00 0.000000e+00 0.000000e+00 0.000000e+00 0.000000e+00 0.000000e+00
1.752000e+00 0.000000e+00 -4.067628e+03 -5.718784e+03 0.000000e+00 0.000000e+00 0.000000e+00 -6.012424e+01 -5.257975e+01 1.562894e+03 -3.161348e+01 0.000000e+00 0.000000e+00 0.000000e+00 0.000000e+00 0.000000e+00 0.000000e+00 0.000000e+00 0.000000e+00 0.000000e+00
1.753000e+00 0.000000e+00 -4.069988e+03 -5.733598e+03 0.000000e+00 0.000000e+00 0.000000e+00 -6.037076e+01 -5.282062e+01 1.563772e+03 -3.129585e+01 0.000000e+00 0.000000e+00 0.000000e+00 0.000000e+00 0.000000e+00 0.000000e+00 0.000000e+00 0.000000e+00 0.000000e+00
1.754000e+00 0.000000e+00 -4.072414e+03 -5.748414e+03 0.000000e+00 0.000000e+00 0.000000e+00 -6.061778e+01 -5.306201e+01 1.564655e+03 -3.097518e+01 0.000000e+00 0.000000e+00 0.000000e+00 0.000000e+00 0.000000e+00 0.000000e+00 0.000000e+00 0.000000e+00 0.000000e+00
1.755000e+00 0.000000e+00 -4.074904e+03 -5.763229e+03 0.000000e+00 0.000000e+00 0.000000e+00 -6.086512e+01 -5.330376e+01 1.565543e+03 -3.065178e+01 0.000000e+00 0.000000e+00 0.000000e+00 0.000000e+00 0.000000e+00 0.000000e+00 0.000000e+00 0.000000e+00 0.000000e+00
1.756000e+00 0.000000e+00 -4.077459e+03 -5.778039e+03 0.000000e+00 0.000000e+00 0.000000e+00 -6.111262e+01 -5.354569e+01 1.566437e+03 -3.032596e+01 0.000000e+00 0.000000e+00 0.000000e+00 0.000000e+00 0.000000e+00 0.000000e+00 0.000000e+00 0.000000e+00 0.000000e+00
1.757000e+00 0.000000e+00 -4.080077e+03 -5.792843e+03 0.000000e+00 0.000000e+00 0.000000e+00 -6.136011e+01 -5.378763e+01 1.567335e+03 -2.999803e+01 0.000000e+00 0.000000e+00 0.000000e+00 0.000000e+00 0.000000e+00 0.000000e+00 0.000000e+00 0.000000e+00 0.000000e+00
1.758000e+00 0.000000e+00 -4.082759e+03 -5.807638e+03 0.000000e+00 0.000000e+00 0.000000e+00 -6.160742e+01 -5.402943e+01 1.568238e+03 -2.966828e+01 0.000000e+00 0.000000e+00 0.000000e+00 0.000000e+00 0.000000e+00 0.000000e+00 0.000000e+00 0.000000e+00 0.000000e+00
1.759000e+00 0.000000e+00 -4.085502e+03 -5.822419e+03 0.000000e+00 0.000000e+00 0.000000e+00 -6.185438e+01 -5.427091e+01 1.569147e+03 -2.933703e+01 0.000000e+00 0.000000e+00 0.000000e+00 0.000000e+00 0.000000e+00 0.000000e+00 0.000000e+00 0.000000e+00 0.000000e+00
1.760000e+00 0.000000e+00 -4.088307e+03 -5.837186e+03 0.000000e+00 0.000000e+00 0.000000e+00 -6.210084e+01 -5.451192e+01 1.570060e+03 -2.900458e+01 0.000000e+00 0.000000e+00 0.000000e+00 0.000000e+00 0.000000e+00 0.000000e+00 0.000000e+00 0.000000e+00 0.000000e+00
1.761000e+00 0.000000e+00 -4.091174e+03 -5.851935e+03 0.000000e+00 0.000000e+00 0.000000e+00 -6.234663e+01 -5.475228e+01 1.570978e+03 -2.867122e+01 0.000000e+00 0.000000e+00 0.000000e+00 0.000000e+00 0.000000e+00 0.000000e+00 0.000000e+00 0.000000e+00 0.000000e+00
1.762000e+00 0.000000e+00 -4.094100e+03 -5.866663e+03 0.000000e+00 0.000000e+00 0.000000e+00 -6.259158e+01 -5.499184e+01 1.571900e+03 -2.833726e+01 0.000000e+00 0.000000e+00 0.000000e+00 0.000000e+00 0.000000e+00 0.000000e+00 0.000000e+00 0.000000e+00 0.000000e+00
1.763000e+00 0.000000e+00 -4.097086e+03 -5.881367e+03 0.000000e+00 0.000000e+00 0.000000e+00 -6.283554e+01 -5.523043e+01 1.572828e+03 -2.800298e+01 0.000000e+00 0.000000e+00 0.000000e+00 0.000000e+00 0.000000e+00 0.000000e+00 0.000000e+00 0.000000e+00 0.000000e+00
1.764000e+00 0.000000e+00 -4.100130e+03 -5.896045e+03 0.000000e+00 0.000000e+00 0.000000e+00 -6.307835e+01 -5.546790e+01 1.573760e+03 -2.766868e+01 0.000000e+00 0.000000e+00 0.000000e+00 0.000000e+00 0.000000e+00 0.000000e+00 0.000000e+00 0.000000e+00 0.000000e+00
1.765000e+00 0.000000e+00 -4.103233e+03 -5.910694e+03 0.000000e+00 0.000000e+00 0.000000e+00 -6.331985e+01 -5.570409e+01 1.574697e+03 -2.733465e+01 0.000000e+00 0.000000e+00 0.000000e+00 0.000000e+00 0.000000e+00 0.000000e+00 0.000000e+00 0.000000e+00 0.000000e+00
1.766000e+00 0.000000e+00 -4.106392e+03 -5.925311e+03 0.000000e+00 0.000000e+00 0.000000e+00 -6.355988e+01 -5.593884e+01 1.575638e+03 -2.700117e+01 0.000000e+00 0.000000e+00 0.000000e+00 0.000000e+00 0.000000e+00 0.000000e+00 0.000000e+00 0.000000e+00 0.000000e+00
1.767000e+00 0.000000e+00 -4.109608e+03 -5.939893e+03 0.000000e+00 0.000000e+00 0.000000e+00 -6.379828e+01 -5.617199e+01 1.576584e+03 -2.666854e+01 0.000000e+00 0.000000e+00 0.000000e+00 0.000000e+00 0.000000e+00 0.000000e+00 0.000000e+00 0.000000e+00 0.000000e+00
1.768000e+00 0.000000e+00 -4.112880e+03 -5.954439e+03 0.000000e+00 0.000000e+00 0.000000e+00 -6.403491e+01 -5.640340e+01 1.577534e+03 -2.633703e+01 0.000000e+00 0.000000e+00 0.000000e+00 0.000000e+00 0.000000e+00 0.000000e+00 0.000000e+00 0.000000e+00 0.000000e+00
1.769000e+00 0.000000e+00 -4.116206e+03 -5.968945e+03 0.000000e+00 0.000000e+00 0.000000e+00 -6.426962e+01 -5.663291e+01 1.578489e+03 -2.600692e+01 0.000000e+00 0.000000e+00 0.000000e+00 0.000000e+00 0.000000e+00 0.000000e+00 0.000000e+00 0.000000e+00 0.000000e+00
1.770000e+00 0.000000e+00 -4.119585e+03 -5.983408e+03 0.000000e+00 0.000000e+00 0.000000e+00 -6.450226e+01 -5.686039e+01 1.579447e+03 -2.567848e+01 0.000000e+00 0.000000e+00 0.000000e+00 0.000000e+00 0.000000e+00 0.000000e+00 0.000000e+00 0.000000e+00 0.000000e+00
1.771000e+00 0.000000e+00 -4.123018e+03 -5.997827e+03 0.000000e+00 0.000000e+00 0.000000e+00 -6.473269e+01 -5.708569e+01 1.580411e+03 -2.535196e+01 0.000000e+00 0.000000e+00 0.000000e+00 0.000000e+00 0.000000e+00 0.000000e+00 0.000000e+00 0.000000e+00 0.000000e+00
1.772000e+00 0.000000e+00 -4.126502e+03 -6.012198e+03 0.000000e+00 0.000000e+00 0.000000e+00 -6.496077e+01 -5.730867e+01 1.581378e+03 -2.502764e+01 0.000000e+00 0.000000e+00 0.000000e+00 0.000000e+00 0.000000e+00 0.000000e+00 0.000000e+00 0.000000e+00 0.000000e+00
1.773000e+00 0.000000e+00 -4.130037e+03 -6.026519e+03 0.000000e+00 0.000000e+00 0.000000e+00 -6.518634e+01 -5.752917e+01 1.582350e+03 -2.470580e+01 0.000000e+00 0.000000e+00 0.000000e+00 0.000000e+00 0.000000e+00 0.000000e+00 0.000000e+00 0.000000e+00 0.000000e+00
1.774000e+00 0.000000e+00 -4.133622e+03 -6.040787e+03 0.000000e+00 0.000000e+00 0.000000e+00 -6.540926e+01 -5.774704e+01 1.583325e+03 -2.438670e+01 0.000000e+00 0.000000e+00 0.000000e+00 0.000000e+00 0.000000e+00 0.000000e+00 0.000000e+00 0.000000e+00 0.000000e+00
1.775000e+00 0.000000e+00 -4.137256e+03 -6.055000e+03 0.000000e+00 0.000000e+00 0.000000e+00 -6.562938e+01 -5.796216e+01 1.584305e+03 -2.407060e+01 0.000000e+00 0.000000e+00 0.000000e+00 0.000000e+00 0.000000e+00 0.000000e+00 0.000000e+00 0.000000e+00 0.000000e+00
1.776000e+00 0.000000e+00 -4.140938e+03 -6.069155e+03 0.000000e+00 0.000000e+00 0.000000e+00 -6.584657e+01 -5.817436e+01 1.585289e+03 -2.375776e+01 0.000000e+00 0.000000e+00 0.000000e+00 0.000000e+00 0.000000e+00 0.000000e+00 0.000000e+00 0.000000e+00 0.000000e+00
1.777000e+00 0.000000e+00 -4.144667e+03 -6.083250e+03 0.000000e+00 0.000000e+00 0.000000e+00 -6.606069e+01 -5.838352e+01 1.586276e+03 -2.344843e+01 0.000000e+00 0.000000e+00 0.000000e+00 0.000000e+00 0.000000e+00 0.000000e+00 0.000000e+00 0.000000e+00 0.000000e+00
1.778000e+00 0.000000e+00 -4.148443e+03 -6.097283e+03 0.000000e+00 0.000000e+00 0.000000e+00 -6.627159e+01 -5.858951e+01 1.587268e+03 -2.314286e+01 0.000000e+00 0.000000e+00 0.000000e+00 0.000000e+00 0.000000e+00 0.000000e+00 0.000000e+00 0.000000e+00 0.000000e+00
1.779000e+00 0.000000e+00 -4.152263e+03 -6.111250e+03 0.000000e+00 0.000000e+00 0.000000e+00 -6.647915e+01 -5.879217e+01 1.588263e+03 -2.284131e+01 0.000000e+00 0.000000e+00 0.000000e+00 0.000000e+00 0.000000e+00 0.000000e+00 0.000000e+00 0.000000e+00 0.000000e+00
1.780000e+00 0.000000e+00 -4.156127e+03 -6.125150e+03 0.000000e+00 0.000000e+00 0.000000e+00 -6.668324e+01 -5.899140e+01 1.589262e+03 -2.254400e+01 0.000000e+00 0.000000e+00 0.000000e+00 0.000000e+00 0.000000e+00 0.000000e+00 0.000000e+00 0.000000e+00 0.000000e+00
1.781000e+00 0.000000e+00 -4.160035e+03 -6.138981e+03 0.000000e+00 0.000000e+00 0.000000e+00 -6.688372e+01 -5.918705e+01 1.590265e+03 -2.225117e+01 0.000000e+00 0.000000e+00 0.000000e+00 0.000000e+00 0.000000e+00 0.000000e+00 0.000000e+00 0.000000e+00 0.000000e+00
1.782000e+00 0.000000e+00 -4.163984e+03 -6.152739e+03 0.000000e+00 0.000000e+00 0.000000e+00 -6.708048e+01 -5.937900e+01 1.591272e+03 -2.196306e+01 0.000000e+00 0.000000e+00 0.000000e+00 0.000000e+00 0.000000e+00 0.000000e+00 0.000000e+00 0.000000e+00 0.000000e+00
1.783000e+00 0.000000e+00 -4.167974e+03 -6.166422e+03 0.000000e+00 0.000000e+00 0.000000e+00 -6.727339e+01 -5.956714e+01 1.592283e+03 -2.167990e+01 0.000000e+00 0.000000e+00 0.000000e+00 0.000000e+00 0.000000e+00 0.000000e+00 0.000000e+00 0.000000e+00 0.000000e+00
1.784000e+00 0.000000e+00 -4.172003e+03 -6.180029e+03 0.000000e+00 0.000000e+00 0.000000e+00 -6.746233e+01 -5.975133e+01 1.593297e+03 -2.140190e+01 0.000000e+00 0.000000e+00 0.000000e+00 0.000000e+00 0.000000e+00 0.000000e+00 0.000000e+00 0.000000e+00 0.000000e+00
1.785000e+00 0.000000e+00 -4.176071e+03 -6.193557e+03 0.000000e+00 0.000000e+00 0.000000e+00 -6.764718e+01 -5.993147e+01 1.594314e+03 -2.112928e+01 0.000000e+00 0.000000e+00 0.000000e+00 0.000000e+00 0.000000e+00 0.000000e+00 0.000000e+00 0.000000e+00 0.000000e+00
1.786000e+00 0.000000e+00 -4.180177e+03 -6.207004e+03 0.000000e+00 0.000000e+00 0.000000e+00 -6.782783e+01 -6.010744e+01 1.595336e+03 -2.086226e+01 0.000000e+00 0.000000e+00 0.000000e+00 0.000000e+00 0.000000e+00 0.000000e+00 0.000000e+00 0.000000e+00 0.000000e+00
1.787000e+00 0.000000e+00 -4.184319e+03 -6.220367e+03 0.000000e+00 0.000000e+00 0.000000e+00 -6.800418e+01 -6.027912e+01 1.596360e+03 -2.060104e+01 0.000000e+00 0.000000e+00 0.000000e+00 0.000000e+00 0.000000e+00 0.000000e+00 0.000000e+00 0.000000e+00 0.000000e+00
1.788000e+00 0.000000e+00 -4.188495e+03 -6.233645e+03 0.000000e+00 0.000000e+00 0.000000e+00 -6.817610e+01 -6.044642e+01 1.597388e+03 -2.034583e+01 0.000000e+00 0.000000e+00 0.000000e+00 0.000000e+00 0.000000e+00 0.000000e+00 0.000000e+00 0.000000e+00 0.000000e+00
1.789000e+00 0.000000e+00 -4.192706e+03 -6.246836e+03 0.000000e+00 0.000000e+00 0.000000e+00 -6.834351e+01 -6.060923e+01 1.598420e+03 -2.009681e+01 0.000000e+00 0.000000e+00 0.000000e+00 0.000000e+00 0.000000e+00 0.000000e+00 0.000000e+00 0.000000e+00 0.000000e+00
1.790000e+00 0.000000e+00 -4.196949e+03 -6.259936e+03 0.000000e+00 0.000000e+00 0.000000e+00 -6.850629e+01 -6.076744e+01 1.599455e+03 -1.985419e+01 0.000000e+00 0.000000e+00 0.000000e+00 0.000000e+00 0.000000e+00 0.000000e+00 0.000000e+00 0.000000e+00 0.000000e+00
1.791000e+00 0.000000e+00 -4.201224e+03 -6.272946e+03 0.000000e+00 0.000000e+00 0.000000e+00 -6.866435e+01 -6.092096e+01 1.600493e+03 -1.961815e+01 0.000000e+00 0.000000e+00 0.000000e+00 0.000000e+00 0.000000e+00 0.000000e+00 0.000000e+00 0.000000e+00 0.000000e+00
1.792000e+00 0.000000e+00 -4.205529e+03 -6.285861e+03 0.000000e+00 0.000000e+00 0.000000e+00 -6.881759e+01 -6.106969e+01 1.601535e+03 -1.938886e+01 0.000000e+00 0.000000e+00 0.000000e+00 0.000000e+00 0.000000e+00 0.000000e+00 0.000000e+00 0.000000e+00 0.000000e+00
1.793000e+00 0.000000e+00 -4.209863e+03 -6.298681e+03 0.000000e+00 0.000000e+00 0.000000e+00 -6.896593e+01 -6.121355e+01 1.602580e+03 -1.916651e+01 0.000000e+00 0.000000e+00 0.000000e+00 0.000000e+00 0.000000e+00 0.000000e+00 0.000000e+00 0.000000e+00 0.000000e+00
1.794000e+00 0.000000e+00 -4.214225e+03 -6.311404e+03 0.000000e+00 0.000000e+00 0.000000e+00 -6.910926e+01 -6.135242e+01 1.603628e+03 -1.895127e+01 0.000000e+00 0.000000e+00 0.000000e+00 0.000000e+00 0.000000e+00 0.000000e+00 0.000000e+00 0.000000e+00 0.000000e+00
1.795000e+00 0.000000e+00 -4.218614e+03 -6.324027e+03 0.000000e+00 0.000000e+00 0.000000e+00 -6.924748e+01 -6.148621e+01 1.604679e+03 -1.874333e+01 0.000000e+00 0.000000e+00 0.000000e+00 0.000000e+00 0.000000e+00 0.000000e+00 0.000000e+00 0.000000e+00 0.000000e+00
1.796000e+00 0.000000e+00 -4.223028e+03 -6.336548e+03 0.000000e+00 0.000000e+00 0.000000e+00 -6.938049e+01 -6.161483e+01 1.605733e+03 -1.854286e+01 0.000000e+00 0.000000e+00 0.000000e+00 0.000000e+00 0.000000e+00 0.000000e+00 0.000000e+00 0.000000e+00 0.000000e+00
1.797000e+00 0.000000e+00 -4.227466e+03 -6.348966e+03 0.000000e+00 0.000000e+00 0.000000e+00 -6.950820e+01 -6.173816e+01 1.606791e+03 -1.835003e+01 0.000000e+00 0.000000e+00 0.000000e+00 0.000000e+00 0.000000e+00 0.000000e+00 0.000000e+00 0.000000e+00 0.000000e+00
1.798000e+00 0.000000e+00 -4.231928e+03 -6.361278e+03 0.000000e+00 0.000000e+00 0.000000e+00 -6.963051e+01 -6.185613e+01 1.607852e+03 -1.816501e+01 0.000000e+00 0.000000e+00 0.000000e+00 0.000000e+00 0.000000e+00 0.000000e+00 0.000000e+00 0.000000e+00 0.000000e+00
1.799000e+00 0.000000e+00 -4.236411e+03 -6.373483e+03 0.000000e+00 0.000000e+00 0.000000e+00 -6.974733e+01 -6.196864e+01 1.608915e+03 -1.798796e+01 0.000000e+00 0.000000e+00 0.000000e+00 0.000000e+00 0.000000e+00 0.000000e+00 0.000000e+00 0.000000e+00 0.000000e+00
1.800000e+00 0.000000e+00 -4.240915e+03 -6.385579e+03 0.000000e+00 0.000000e+00 0.000000e+00 -6.985858e+01 -6.207561e+01 1.609982e+03 -1.781902e+01 0.000000e+00 0.000000e+00 0.000000e+00 0.000000e+00 0.000000e+00 0.000000e+00 0.000000e+00 0.000000e+00 0.000000e+00
1.801000e+00 0.000000e+00 -4.245439e+03 -6.397564e+03 0.000000e+00 0.000000e+00 0.000000e+00 -6.996419e+01 -6.217696e+01 1.611051e+03 -1.765834e+01 0.000000e+00 0.000000e+00 0.000000e+00 0.000000e+00 0.000000e+00 0.000000e+00 0.000000e+00 0.000000e+00 0.000000e+00
1.802000e+00 0.000000e+00 -4.249981e+03 -6.409436e+03 0.000000e+00 0.000000e+00 0.000000e+00 -7.006407e+01 -6.227261e+01 1.612124e+03 -1.750606e+01 0.000000e+00 0.000000e+00 0.000000e+00 0.000000e+00 0.000000e+00 0.000000e+00 0.000000e+00 0.000000e+00 0.000000e+00
1.803000e+00 0.000000e+00 -4.254539e+03 -6.421194e+03 0.000000e+00 0.000000e+00 0.000000e+00 -7.015814e+01 -6.236249e+01 1.613199e+03 -1.736232e+01 0.000000e+00 0.000000e+00 0.000000e+00 0.000000e+00 0.000000e+00 0.000000e+00 0.000000e+00 0.000000e+00 0.000000e+00
1.804000e+00 0.000000e+00 -4.259114e+03 -6.432836e+03 0.000000e+00 0.000000e+00 0.000000e+00 -7.024635e+01 -6.244652e+01 1.614278e+03 -1.722723e+01 0.000000e+00 0.000000e+00 0.000000e+00 0.000000e+00 0.000000e+00 0.000000e+00 0.000000e+00 0.000000e+00 0.000000e+00
1.805000e+00 0.000000e+00 -4.263702e+03 -6.444361e+03 0.000000e+00 0.000000e+00 0.000000e+00 -7.032862e+01 -6.252466e+01 1.615359e+03 -1.710092e+01 0.000000e+00 0.000000e+00 0.000000e+00 0.000000e+00 0.000000e+00 0.000000e+00 0.000000e+00 0.000000e+00 0.000000e+00
1.806000e+00 0.000000e+00 -4.268304e+03 -6.455766e+03 0.000000e+00 0.000000e+00 0.000000e+00 -7.040490e+01 -6.259682e+01 1.616443e+03 -1.698350e+01 0.000000e+00 0.000000e+00 0.000000e+00 0.000000e+00 0.000000e+00 0.000000e+00 0.000000e+00 0.000000e+00 0.000000e+00
1.807000e+00 0.000000e+00 -4.272918e+03 -6.467050e+03 0.000000e+00 0.000000e+00 0.000000e+00 -7.047512e+01 -6.266296e+01 1.617529e+03 -1.687507e+01 0.000000e+00 0.000000e+00 0.000000e+00 0.000000e+00 0.000000e+00 0.000000e+00 0.000000e+00 0.000000e+00 0.000000e+00
1.808000e+00 0.000000e+00 -4.277542e+03 -6.478212e+03 0.000000e+00 0.000000e+00 0.000000e+00 -7.053924e+01 -6.272302e+01 1.618619e+03 -1.677575e+01 0.000000e+00 0.000000e+00 0.000000e+00 0.000000e+00 0.000000e+00 0.000000e+00 0.000000e+00 0.000000e+00 0.000000e+00
1.809000e+00 0.000000e+00 -4.282176e+03 -6.489250e+03 0.000000e+00 0.000000e+00 0.000000e+00 -7.059721e+01 -6.277696e+01 1.619711e+03 -1.668561e+01 0.000000e+00 0.000000e+00 0.000000e+00 0.000000e+00 0.000000e+00 0.000000e+00 0.000000e+00 0.000000e+00 0.000000e+00
1.810000e+00 0.000000e+00 -4.286818e+03 -6.500163e+03 0.000000e+00 0.000000e+00 0.000000e+00 -7.064897e+01 -6.282472e+01 1.620806e+03 -1.660474e+01 0.000000e+00 0.000000e+00 0.000000e+00 0.000000e+00 0.000000e+00 0.000000e+00 0.000000e+00 0.000000e+00 0.000000e+00
1.811000e+00 0.000000e+00 -4.291466e+03 -6.510950e+03 0.000000e+00 0.000000e+00 0.000000e+00 -7.069449e+01 -6.286627e+01 1.621903e+03 -1.653322e+01 0.000000e+00 0.000000e+00 0.000000e+00 0.000000e+00 0.000000e+00 0.000000e+00 0.000000e+00 0.000000e+00 0.000000e+00
1.812000e+00 0.000000e+00 -4.296120e+03 -6.521609e+03 0.000000e+00 0.000000e+00 0.000000e+00 -7.073374e+01 -6.290157e+01 1.623003e+03 -1.647113e+01 0.000000e+00 0.000000e+00 0.000000e+00 0.000000e+00 0.000000e+00 0.000000e+00 0.000000e+00 0.000000e+00 0.000000e+00
1.813000e+00 0.000000e+00 -4.300778e+03 -6.532139e+03 0.000000e+00 0.000000e+00 0.000000e+00 -7.076667e+01 -6.293059e+01 1.624106e+03 -1.641854e+01 0.000000e+00 0.000000e+00 0.000000e+00 0.000000e+00 0.000000e+00 0.000000e+00 0.000000e+00 0.000000e+00 0.000000e+00
1.814000e+00 0.000000e+00 -4.305439e+03 -6.542538e+03 0.000000e+00 0.000000e+00 0.000000e+00 -7.079326e+01 -6.295329e+01 1.625211e+03 -1.637548e+01 0.000000e+00 0.000000e+00 0.000000e+00 0.000000e+00 0.000000e+00 0.000000e+00 0.000000e+00 0.000000e+00 0.000000e+00
1.815000e+00 0.000000e+00 -4.310102e+03 -6.552806e+03 0.000000e+00 0.000000e+00 0.000000e+00 -7.081349e+01 -6.296965e+01 1.626319e+03 -1.634203e+01 0.000000e+00 0.000000e+00 0.000000e+00 0.000000e+00 0.000000e+00 0.000000e+00 0.000000e+00 0.000000e+00 0.000000e+00
1.816000e+00 0.000000e+00 -4.314765e+03 -6.562941e+03 0.000000e+00 0.000000e+00 0.000000e+00 -7.082732e+01 -6.297965e+01 1.627429e+03 -1.631824e+01 0.000000e+00 0.000000e+00 0.000000e+00 0.000000e+00 0.000000e+00 0.000000e+00 0.000000e+00 0.000000e+00 0.000000e+00
1.817000e+00 0.000000e+00 -4.319428e+03 -6.572942e+03 0.000000e+00 0.000000e+00 0.000000e+00 -7.083470e+01 -6.298322e+01 1.628542e+03 -1.630417e+01 0.000000e+00 0.000000e+00 0.000000e+00 0.000000e+00 0.000000e+00 0.000000e+00 0.000000e+00 0.000000e+00 0.000000e+00
1.818000e+00 0.000000e+00 -4.324088e+03 -6.582808e+03 0.000000e+00 0.000000e+00 0.000000e+00 -7.083561e+01 -6.298035e+01 1.629657e+03 -1.629988e+01 0.000000e+00 0.000000e+00 0.000000e+00 0.000000e+00 0.000000e+00 0.000000e+00 0.000000e+00 0.000000e+00 0.000000e+00
1.819000e+00 0.000000e+00 -4.328746e+03 -6.592537e+03 0.000000e+00 0.000000e+00 0.000000e+00 -7.083000e+01 -6.297098e+01 1.630775e+03 -1.630543e+01 0.000000e+00 0.000000e+00 0.000000e+00 0.000000e+00 0.000000e+00 0.000000e+00 0.000000e+00 0.000000e+00 0.000000e+00
1.820000e+00 0.000000e+00 -4.333399e+03 -6.602128e+03 0.000000e+00 0.000000e+00 0.000000e+00 -7.081785e+01 -6.295511e+01 1.631895e+03 -1.632084e+01 0.000000e+00 0.000000e+00 0.000000e+00 0.000000e+00 0.000000e+00 0.000000e+00 0.000000e+00 0.000000e+00 0.000000e+00
1.821000e+00 0.000000e+00 -4.338046e+03 -6.611580e+03 0.000000e+00 0.000000e+00 0.000000e+00 -7.079913e+01 -6.293269e+01 1.633017e+03 -1.634616e+01 0.000000e+00 0.000000e+00 0.000000e+00 0.000000e+00 0.000000e+00 0.000000e+00 0.000000e+00 0.000000e+00 0.000000e+00
1.822000e+00 0.000000e+00 -4.342687e+03 -6.620893e+03 0.000000e+00 0.000000e+00 0.000000e+00 -7.077382e+01 -6.290371e+01 1.634142e+03 -1.638142e+01 0.000000e+00 0.000000e+00 0.000000e+00 0.000000e+00 0.000000e+00 0.000000e+00 0.000000e+00 0.000000e+00 0.000000e+00
1.823000e+00 0.000000e+00 -4.347320e+03 -6.630064e+03 0.000000e+00 0.000000e+00 0.000000e+00 -7.074191e+01 -6.286816e+01 1.635268e+03 -1.642663e+01 0.000000e+00 0.000000e+00 0.000000e+00 0.000000e+00 0.000000e+00 0.000000e+00 0.000000e+00 0.000000e+00 0.000000e+00
1.824000e+00 0.000000e+00 -4.351944e+03 -6.639093e+03 0.000000e+00 0.000000e+00 0.000000e+00 -7.070339e+01 -6.282603e+01 1.636398e+03 -1.648181e+01 0.000000e+00 0.000000e+00 0.000000e+00 0.000000e+00 0.000000e+00 0.000000e+00 0.000000e+00 0.000000e+00 0.000000e+00
1.825000e+00 0.000000e+00 -4.356557e+03 -6.647980e+03 0.000000e+00 0.000000e+00 0.000000e+00 -7.065824e+01 -6.277729e+01 1.637529e+03 -1.654696e+01 0.000000e+00 0.000000e+00 0.000000e+00 0.000000e+00 0.000000e+00 0.000000e+00 0.000000e+00 0.000000e+00 0.000000e+00
1.826000e+00 0.000000e+00 -4.361160e+03 -6.656722e+03 0.000000e+00 0.000000e+00 0.000000e+00 -7.060647e+01 -6.272197e+01 1.638663e+03 -1.662208e+01 0.000000e+00 0.000000e+00 0.000000e+00 0.000000e+00 0.000000e+00 0.000000e+00 0.000000e+00 0.000000e+00 0.000000e+00
1.827000e+00 0.000000e+00 -4.365749e+03 -6.665319e+03 0.000000e+00 0.000000e+00 0.000000e+00 -7.054807e+01 -6.266004e+01 1.639799e+03 -1.670718e+01 0.000000e+00 0.000000e+00 0.000000e+00 0.000000e+00 0.000000e+00 0.000000e+00 0.000000e+00 0.000000e+00 0.000000e+00
1.828000e+00 0.000000e+00 -4.370326e+03 -6.673771e+03 0.000000e+00 0.000000e+00 0.000000e+00 -7.048305e+01 -6.259153e+01 1.640937e+03 -1.680222e+01 0.000000e+00 0.000000e+00 0.000000e+00 0.000000e+00 0.000000e+00 0.000000e+00 0.000000e+00 0.000000e+00 0.000000e+00
1.829000e+00 0.000000e+00 -4.374887e+03 -6.682077e+03 0.000000e+00 0.000000e+00 0.000000e+00 -7.041142e+01 -6.251643e+01 1.642077e+03 -1.690719e+01 0.000000e+00 0.000000e+00 0.000000e+00 0.000000e+00 0.000000e+00 0.000000e+00 0.000000e+00 0.000000e+00 0.000000e+00
1.830000e+00 0.000000e+00 -4.379432e+03 -6.690235e+03 0.000000e+00 0.000000e+00 0.000000e+00 -7.033319e+01 -6.243476e+01 1.643219e+03 -1.702207e+01 0.000000e+00 0.000000e+00 0.000000e+00 0.000000e+00 0.000000e+00 0.000000e+00 0.000000e+00 0.000000e+00 0.000000e+00
1.831000e+00 0.000000e+00 -4.383960e+03 -6.698246e+03 0.000000e+00 0.000000e+00 0.000000e+00 -7.024838e+01 -6.234654e+01 1.644363e+03 -1.714681e+01 0.000000e+00 0.000000e+00 0.000000e+00 0.000000e+00 0.000000e+00 0.000000e+00 0.000000e+00 0.000000e+00 0.000000e+00
1.832000e+00 0.000000e+00 -4.388470e+03 -6.706109e+03 0.000000e+00 0.000000e+00 0.000000e+00 -7.015701e+01 -6.225179e+01 1.645510e+03 -1.728137e+01 0.000000e+00 0.000000e+00 0.000000e+00 0.000000e+00 0.000000e+00 0.000000e+00 0.000000e+00 0.000000e+00 0.000000e+00
1.833000e+00 0.000000e+00 -4.392961e+03 -6.713822e+03 0.000000e+00 0.000000e+00 0.000000e+00 -7.005911e+01 -6.215053e+01 1.646658e+03 -1.742571e+01 0.000000e+00 0.000000e+00 0.000000e+00 0.000000e+00 0.000000e+00 0.000000e+00 0.000000e+00 0.000000e+00 0.000000e+00
1.834000e+00 0.000000e+00 -4.397432e+03 -6.721386e+03 0.000000e+00 0.000000e+00 0.000000e+00 -6.995470e+01 -6.204280e+01 1.647809e+03 -1.757976e+01 0.000000e+00 0.000000e+00 0.000000e+00 0.000000e+00 0.000000e+00 0.000000e+00 0.000000e+00 0.000000e+00 0.000000e+00
1.835000e+00 0.000000e+00 -4.401881e+03 -6.728799e+03 0.000000e+00 0.000000e+00 0.000000e+00 -6.984382e+01 -6.192863e+01 1.648961e+03 -1.774347e+01 0.000000e+00 0.000000e+00 0.000000e+00 0.000000e+00 0.000000e+00 0.000000e+00 0.000000e+00 0.000000e+00 0.000000e+00
1.836000e+00 0.000000e+00 -4.406307e+03 -6.736062e+03 0.000000e+00 0.000000e+00 0.000000e+00 -6.972651e+01 -6.180806e+01 1.650115e+03 -1.791676e+01 0.000000e+00 0.000000e+00 0.000000e+00 0.000000e+00 0.000000e+00 0.000000e+00 0.000000e+00 0.000000e+00 0.000000e+00
1.837000e+00 0.000000e+00 -4.410710e+03 -6.743175e+03 0.000000e+00 0.000000e+00 0.000000e+00 -6.960281e+01 -6.168112e+01 1.651271e+03 -1.809956e+01 0.000000e+00 0.000000e+00 0.000000e+00 0.000000e+00 0.000000e+00 0.000000e+00 0.000000e+00 0.000000e+00 0.000000e+00
1.838000e+00 0.000000e+00 -4.415089e+03 -6.750135e+03 0.000000e+00 0.000000e+00 0.000000e+00 -6.947274e+01 -6.154784e+01 1.652429e+03 -1.829180e+01 0.000000e+00 0.000000e+00 0.000000e+00 0.000000e+00 0.000000e+00 0.000000e+00 0.000000e+00 0.000000e+00 0.000000e+00
1.839000e+00 0.000000e+00 -4.419441e+03 -6.756944e+03 0.000000e+00 0.000000e+00 0.000000e+00 -6.933633e+01 -6.140826e+01 1.653589e+03 -1.849343e+01 0.000000e+00 0.000000e+00 0.000000e+00 0.000000e+00 0.000000e+00 0.000000e+00 0.000000e+00 0.000000e+00 0.000000e+00
1.840000e+00 0.000000e+00 -4.423768e+03 -6.763601e+03 0.000000e+00 0.000000e+00 0.000000e+00 -6.919360e+01 -6.126238e+01 1.654751e+03 -1.870437e+01 0.000000e+00 0.000000e+00 0.000000e+00 0.000000e+00 0.000000e+00 0.000000e+00 0.000000e+00 0.000000e+00 0.000000e+00
1.841000e+00 0.000000e+00 -4.428067e+03 -6.770104e+03 0.000000e+00 0.000000e+00 0.000000e+00 -6.904460e+01 -6.111027e+01 1.655915e+03 -1.892454e+01 0.000000e+00 0.000000e+00 0.000000e+00 0.000000e+00 0.000000e+00 0.000000e+00 0.000000e+00 0.000000e+00 0.000000e+00
1.842000e+00 0.000000e+00 -4.432338e+03 -6.776454e+03 0.000000e+00 0.000000e+00 0.000000e+00 -6.888935e+01 -6.095194e+01 1.657080e+03 -1.915384e+01 0.000000e+00 0.000000e+00 0.000000e+00 0.000000e+00 0.000000e+00 0.000000e+00 0.000000e+00 0.000000e+00 0.000000e+00
1.843000e+00 0.000000e+00 -4.436579e+03 -6.782651e+03 0.000000e+00 0.000000e+00 0.000000e+00 -6.872791e+01 -6.078745e+01 1.658247e+03 -1.939220e+01 0.000000e+00 0.000000e+00 0.000000e+00 0.000000e+00 0.000000e+00 0.000000e+00 0.000000e+00 0.000000e+00 0.000000e+00
1.844000e+00 0.000000e+00 -4.440791e+03 -6.788693e+03 0.000000e+00 0.000000e+00 0.000000e+00 -6.856032e+01 -6.061684e+01 1.659416e+03 -1.963950e+01 0.000000e+00 0.000000e+00 0.000000e+00 0.000000e+00 0.000000e+00 0.000000e+00 0.000000e+00 0.000000e+00 0.000000e+00
1.845000e+00 0.000000e+00 -4.444971e+03 -6.794582e+03 0.000000e+00 0.000000e+00 0.000000e+00 -6.838664e+01 -6.044017e+01 1.660586e+03 -1.989565e+01 0.000000e+00 0.000000e+00 0.000000e+00 0.000000e+00 0.000000e+00 0.000000e+00 0.000000e+00 0.000000e+00 0.000000e+00
1.846000e+00 0.000000e+00 -4.449120e+03 -6.800316e+03 0.000000e+00 0.000000e+00 0.000000e+00 -6.820690e+01 -6.025748e+01 1.661758e+03 -2.016053e+01 0.000000e+00 0.000000e+00 0.000000e+00 0.000000e+00 0.000000e+00 0.000000e+00 0.000000e+00 0.000000e+00 0.000000e+00
1.847000e+00 0.000000e+00 -4.453235e+03 -6.805896e+03 0.000000e+00 0.000000e+00 0.000000e+00 -6.802119e+01 -6.006884e+01 1.662932e+03 -2.043401e+01 0.000000e+00 0.000000e+00 0.000000e+00 0.000000e+00 0.000000e+00 0.000000e+00 0.000000e+00 0.000000e+00 0.000000e+00
1.848000e+00 0.000000e+00 -4.457318e+03 -6.811322e+03 0.000000e+00 0.000000e+00 0.000000e+00 -6.782954e+01 -5.987431e+01 1.664107e+03 -2.071598e+01 0.000000e+00 0.000000e+00 0.000000e+00 0.000000e+00 0.000000e+00 0.000000e+00 0.000000e+00 0.000000e+00 0.000000e+00
1.849000e+00 0.000000e+00 -4.461365e+03 -6.816593e+03 0.000000e+00 0.000000e+00 0.000000e+00 -6.763204e+01 -5.967396e+01 1.665283e+03 -2.100630e+01 0.000000e+00 0.000000e+00 0.000000e+00 0.000000e+00 0.000000e+00 0.000000e+00 0.000000e+00 0.000000e+00 0.000000e+00
1.850000e+00 0.000000e+00 -4.465378e+03 -6.821709e+03 0.000000e+00 0.000000e+00 0.000000e+00 -6.742876e+01 -5.946785e+01 1.666462e+03 -2.130484e+01 0.000000e+00 0.000000e+00 0.000000e+00 0.000000e+00 0.000000e+00 0.000000e+00 0.000000e+00 0.000000e+00 0.000000e+00
1.851000e+00 0.000000e+00 -4.469355e+03 -6.826671e+03 0.000000e+00 0.000000e+00 0.000000e+00 -6.721976e+01 -5.925606e+01 1.667641e+03 -2.161144e+01 0.000000e+00 0.000000e+00 0.000000e+00 0.000000e+00 0.000000e+00 0.000000e+00 0.000000e+00 0.000000e+00 0.000000e+00
1.852000e+00 0.000000e+00 -4.473294e+03 -6.831479e+03 0.000000e+00 0.000000e+00 0.000000e+00 -6.700512e+01 -5.903867e+01 1.668823e+03 -2.192596e+01 0.000000e+00 0.000000e+00 0.000000e+00 0.000000e+00 0.000000e+00 0.000000e+00 0.000000e+00 0.000000e+00 0.000000e+00
1.853000e+00 0.000000e+00 -4.477197e+03 -6.836132e+03 0.000000e+00 0.000000e+00 0.000000e+00 -6.678492e+01 -5.881575e+01 1.670005e+03 -2.224825e+01 0.000000e+00 0.000000e+00 0.000000e+00 0.000000e+00 0.000000e+00 0.000000e+00 0.000000e+00 0.000000e+00 0.000000e+00
1.854000e+00 0.000000e+00 -4.481061e+03 -6.840632e+03 0.000000e+00 0.000000e+00 0.000000e+00 -6.655926e+01 -5.858741e+01 1.671189e+03 -2.257813e+01 0.000000e+00 0.000000e+00 0.000000e+00 0.000000e+00 0.000000e+00 0.000000e+00 0.000000e+00 0.000000e+00 0.000000e+00
1.855000e+00 0.000000e+00 -4.484886e+03 -6.844977e+03 0.000000e+00 0.000000e+00 0.000000e+00 -6.632821e+01 -5.835371e+01 1.672374e+03 -2.291545e+01 0.000000e+00 0.000000e+00 0.000000e+00 0.000000e+00 0.000000e+00 0.000000e+00 0.000000e+00 0.000000e+00 0.000000e+00
1.856000e+00 0.000000e+00 -4.488671e+03 -6.849169e+03 0.000000e+00 0.000000e+00 0.000000e+00 -6.609187e+01 -5.811475e+01 1.673561e+03 -2.326003e+01 0.000000e+00 0.000000e+00 0.000000e+00 0.000000e+00 0.000000e+00 0.000000e+00 0.000000e+00 0.000000e+00 0.000000e+00
1.857000e+00 0.000000e+00 -4.492416e+03 -6.853208e+03 0.000000e+00 0.000000e+00 0.000000e+00 -6.585034e+01 -5.787064e+01 1.674748e+03 -2.361169e+01 0.000000e+00 0.000000e+00 0.000000e+00 0.000000e+00 0.000000e+00 0.000000e+00 0.000000e+00 0.000000e+00 0.000000e+00
1.858000e+00 0.000000e+00 -4.496120e+03 -6.857095e+03 0.000000e+00 0.000000e+00 0.000000e+00 -6.560370e+01 -5.762146e+01 1.675937e+03 -2.397025e+01 0.000000e+00 0.000000e+00 0.000000e+00 0.000000e+00 0.000000e+00 0.000000e+00 0.000000e+00 0.000000e+00 0.000000e+00
1.859000e+00 0.000000e+00 -4.499783e+03 -6.860828e+03 0.000000e+00 0.000000e+00 0.000000e+00 -6.535206e+01 -5.736731e+01 1.677128e+03 -2.433552e+01 0.000000e+00 0.000000e+00 0.000000e+00 0.000000e+00 0.000000e+00 0.000000e+00 0.000000e+00 0.000000e+00 0.000000e+00
1.860000e+00 0.000000e+00 -4.503403e+03 -6.864410e+03 0.000000e+00 0.000000e+00 0.000000e+00 -6.509548e+01 -5.710826e+01 1.678319e+03 -2.470735e+01 0.000000e+00 0.000000e+00 0.000000e+00 0.000000e+00 0.000000e+00 0.000000e+00 0.000000e+00 0.000000e+00 0.000000e+00
1.861000e+00 0.000000e+00 -4.506980e+03 -6.867840e+03 0.000000e+00 0.000000e+00 0.000000e+00 -6.483406e+01 -5.684440e+01 1.679511e+03 -2.508555e+01 0.000000e+00 0.000000e+00 0.000000e+00 0.000000e+00 0.000000e+00 0.000000e+00 0.000000e+00 0.000000e+00 0.000000e+00
1.862000e+00 0.000000e+00 -4.510514e+03 -6.871118e+03 0.000000e+00 0.000000e+00 0.000000e+00 -6.456788e+01 -5.657583e+01 1.680705e+03 -2.546994e+01 0.000000e+00 0.000000e+00 0.000000e+00 0.000000e+00 0.000000e+00 0.000000e+00 0.000000e+00 0.000000e+00 0.000000e+00
1.863000e+00 0.000000e+00 -4.514005e+03 -6.874246e+03 0.000000e+00 0.000000e+00 0.000000e+00 -6.429705e+01 -5.630264e+01 1.681899e+03 -2.586032e+01 0.000000e+00 0.000000e+00 0.000000e+00 0.000000e+00 0.000000e+00 0.000000e+00 0.000000e+00 0.000000e+00 0.000000e+00
1.864000e+00 0.000000e+00 -4.517451e+03 -6.877223e+03 0.000000e+00 0.000000e+00 0.000000e+00 -6.402166e+01 -5.602493e+01 1.683095e+03 -2.625650e+01 0.000000e+00 0.000000e+00 0.000000e+00 0.000000e+00 0.000000e+00 0.000000e+00 0.000000e+00 0.000000e+00 0.000000e+00
1.865000e+00 0.000000e+00 -4.520852e+03 -6.880051e+03 0.000000e+00 0.000000e+00 0.000000e+00 -6.374181e+01 -5.574281e+01 1.684291e+03 -2.665828e+01 0.000000e+00 0.000000e+00 0.000000e+00 0.000000e+00 0.000000e+00 0.000000e+00 0.000000e+00 0.000000e+00 0.000000e+00
1.866000e+00 0.000000e+00 -4.524208e+03 -6.882729e+03 0.000000e+00 0.000000e+00 0.000000e+00 -6.345761e+01 -5.545637e+01 1.685489e+03 -2.706546e+01 0.000000e+00 0.000000e+00 0.000000e+00 0.000000e+00 0.000000e+00 0.000000e+00 0.000000e+00 0.000000e+00 0.000000e+00
1.867000e+00 0.000000e+00 -4.527518e+03 -6.885258e+03 0.000000e+00 0.000000e+00 0.000000e+00 -6.316917e+01 -5.516572e+01 1.686687e+03 -2.747781e+01 0.000000e+00 0.000000e+00 0.000000e+00 0.000000e+00 0.000000e+00 0.000000e+00 0.000000e+00 0.000000e+00 0.000000e+00
1.868000e+00 0.000000e+00 -4.530782e+03 -6.887640e+03 0.000000e+00 0.000000e+00 0.000000e+00 -6.287659e+01 -5.487098e+01 1.687886e+03 -2.789513e+01 0.000000e+00 0.000000e+00 0.000000e+00 0.000000e+00 0.000000e+00 0.000000e+00 0.000000e+00 0.000000e+00 0.000000e+00
1.869000e+00 0.000000e+00 -4.533999e+03 -6.889875e+03 0.000000e+00 0.000000e+00 0.000000e+00 -6.257999e+01 -5.457226e+01 1.689086e+03 -2.831720e+01 0.000000e+00 0.000000e+00 0.000000e+00 0.000000e+00 0.000000e+00 0.000000e+00 0.000000e+00 0.000000e+00 0.000000e+00
1.870000e+00 0.000000e+00 -4.537169e+03 -6.891963e+03 0.000000e+00 0.000000e+00 0.000000e+00 -6.227949e+01 -5.426968e+01 1.690286e+03 -2.874379e+01 0.000000e+00 0.000000e+00 0.000000e+00 0.000000e+00 0.000000e+00 0.000000e+00 0.000000e+00 0.000000e+00 0.000000e+00
1.871000e+00 0.000000e+00 -4.540292e+03 -6.893906e+03 0.000000e+00 0.000000e+00 0.000000e+00 -6.197520e+01 -5.396335e+01 1.691487e+03 -2.917467e+01 0.000000e+00 0.000000e+00 0.000000e+00 0.000000e+00 0.000000e+00 0.000000e+00 0.000000e+00 0.000000e+00 0.000000e+00
1.872000e+00 0.000000e+00 -4.543368e+03 -6.895705e+03 0.000000e+00 0.000000e+00 0.000000e+00 -6.166725e+01 -5.365341e+01 1.692689e+03 -2.960961e+01 0.000000e+00 0.000000e+00 0.000000e+00 0.000000e+00 0.000000e+00 0.000000e+00 0.000000e+00 0.000000e+00 0.000000e+00
1.873000e+00 0.000000e+00 -4.546395e+03 -6.897360e+03 0.000000e+00 0.000000e+00 0.000000e+00 -6.135577e+01 -5.333998e+01 1.693892e+03 -3.004838e+01 0.000000e+00 0.000000e+00 0.000000e+00 0.000000e+00 0.000000e+00 0.000000e+00 0.000000e+00 0.000000e+00 0.000000e+00
1.874000e+00 0.000000e+00 -4.549374e+03 -6.898873e+03 0.000000e+00 0.000000e+00 0.000000e+00 -6.104088e+01 -5.302317e+01 1.695095e+03 -3.049072e+01 0.000000e+00 0.000000e+00 0.000000e+00 0.000000e+00 0.000000e+00 0.000000e+00 0.000000e+00 0.000000e+00 0.000000e+00
1.875000e+00 0.000000e+00 -4.552305e+03 -6.900244e+03 0.000000e+00 0.000000e+00 0.000000e+00 -6.072271e+01 -5.270314e+01 1.696298e+03 -3.093640e+01 0.000000e+00 0.000000e+00 0.000000e+00 0.000000e+00 0.000000e+00 0.000000e+00 0.000000e+00 0.000000e+00 0.000000e+00
1.876000e+00 0.000000e+00 -4.555186e+03 -6.901475e+03 0.000000e+00 0.000000e+00 0.000000e+00 -6.040141e+01 -5.238001e+01 1.697502e+03 -3.138516e+01 0.000000e+00 0.000000e+00 0.000000e+00 0.000000e+00 0.000000e+00 0.000000e+00 0.000000e+00 0.000000e+00 0.000000e+00
1.877000e+00 0.000000e+00 -4.558019e+03 -6.902567e+03 0.000000e+00 0.000000e+00 0.000000e+00 -6.007709e+01 -5.205391e+01 1.698707e+03 -3.183676e+01 0.000000e+00 0.000000e+00 0.000000e+00 0.000000e+00 0.000000e+00 0.000000e+00 0.000000e+00 0.000000e+00 0.000000e+00
1.878000e+00 0.000000e+00 -4.560802e+03 -6.903521e+03 0.000000e+00 0.000000e+00 0.000000e+00 -5.974991e+01 -5.172499e+01 1.699911e+03 -3.229093e+01 0.000000e+00 0.000000e+00 0.000000e+00 0.000000e+00 0.000000e+00 0.000000e+00 0.000000e+00 0.000000e+00 0.000000e+00
1.879000e+00 0.000000e+00 -4.563535e+03 -6.904339e+03 0.000000e+00 0.000000e+00 0.000000e+00 -5.942000e+01 -5.139339e+01 1.701117e+03 -3.274742e+01 0.000000e+00 0.000000e+00 0.000000e+00 0.000000e+00 0.000000e+00 0.000000e+00 0.000000e+00 0.000000e+00 0.000000e+00
1.880000e+00 0.000000e+00 -4.566219e+03 -6.905021e+03 0.000000e+00 0.000000e+00 0.000000e+00 -5.908750e+01 -5.105924e+01 1.702322e+03 -3.320597e+01 0.000000e+00 0.000000e+00 0.000000e+00 0.000000e+00 0.000000e+00 0.000000e+00 0.000000e+00 0.000000e+00 0.000000e+00
1.881000e+00 0.000000e+00 -4.568854e+03 -6.905569e+03 0.000000e+00 0.000000e+00 0.000000e+00 -5.875253e+01 -5.072266e+01 1.703527e+03 -3.366634e+01 0.000000e+00 0.000000e+00 0.000000e+00 0.000000e+00 0.000000e+00 0.000000e+00 0.000000e+00 0.000000e+00 0.000000e+00
1.882000e+00 0.000000e+00 -4.571438e+03 -6.905984e+03 0.000000e+00 0.000000e+00 0.000000e+00 -5.841522e+01 -5.038379e+01 1.704733e+03 -3.412827e+01 0.000000e+00 0.000000e+00 0.000000e+00 0.000000e+00 0.000000e+00 0.000000e+00 0.000000e+00 0.000000e+00 0.000000e+00
1.883000e+00 0.000000e+00 -4.573972e+03 -6.906268e+03 0.000000e+00 0.000000e+00 0.000000e+00 -5.807570e+01 -5.004277e+01 1.705939e+03 -3.459152e+01 0.000000e+00 0.000000e+00 0.000000e+00 0.000000e+00 0.000000e+00 0.000000e+00 0.000000e+00 0.000000e+00 0.000000e+00
1.884000e+00 0.000000e+00 -4.576456e+03 -6.906421e+03 0.000000e+00 0.000000e+00 0.000000e+00 -5.773412e+01 -4.969971e+01 1.707145e+03 -3.505581e+01 0.000000e+00 0.000000e+00 0.000000e+00 0.000000e+00 0.000000e+00 0.000000e+00 0.000000e+00 0.000000e+00 0.000000e+00
1.885000e+00 0.000000e+00 -4.578890e+03 -6.906446e+03 0.000000e+00 0.000000e+00 0.000000e+00 -5.739060e+01 -4.935478e+01 1.708351e+03 -3.552089e+01 0.000000e+00 0.000000e+00 0.000000e+00 0.000000e+00 0.000000e+00 0.000000e+00 0.000000e+00 0.000000e+00 0.000000e+00
1.886000e+00 0.000000e+00 -4.581274e+03 -6.906343e+03 0.000000e+00 0.000000e+00 0.000000e+00 -5.704529e+01 -4.900810e+01 1.709557e+03 -3.598650e+01 0.000000e+00 0.000000e+00 0.000000e+00 0.000000e+00 0.000000e+00 0.000000e+00 0.000000e+00 0.000000e+00 0.000000e+00
1.887000e+00 0.000000e+00 -4.583608e+03 -6.906115e+03 0.000000e+00 0.000000e+00 0.000000e+00 -5.669833e+01 -4.865981e+01 1.710763e+03 -3.645236e+01 0.000000e+00 0.000000e+00 0.000000e+00 0.000000e+00 0.000000e+00 0.000000e+00 0.000000e+00 0.000000e+00 0.000000e+00
1.888000e+00 0.000000e+00 -4.585892e+03 -6.905763e+03 0.000000e+00 0.000000e+00 0.000000e+00 -5.634987e+01 -4.831007e+01 1.711968e+03 -3.691821e+01 0.000000e+00 0.000000e+00 0.000000e+00 0.000000e+00 0.000000e+00 0.000000e+00 0.000000e+00 0.000000e+00 0.000000e+00
1.889000e+00 0.000000e+00 -4.588125e+03 -6.905288e+03 0.000000e+00 0.000000e+00 0.000000e+00 -5.600004e+01 -4.795902e+01 1.713174e+03 -3.738377e+01 0.000000e+00 0.000000e+00 0.000000e+00 0.000000e+00 0.000000e+00 0.000000e+00 0.000000e+00 0.000000e+00 0.000000e+00
1.890000e+00 0.000000e+00 -4.590308e+03 -6.904693e+03 0.000000e+00 0.000000e+00 0.000000e+00 -5.564900e+01 -4.760680e+01 1.714379e+03 -3.784878e+01 0.000000e+00 0.000000e+00 0.000000e+00 0.000000e+00 0.000000e+00 0.000000e+00 0.000000e+00 0.000000e+00 0.000000e+00
1.891000e+00 0.000000e+00 -4.592442e+03 -6.903978e+03 0.000000e+00 0.000000e+00 0.000000e+00 -5.529690e+01 -4.725357e+01 1.715584e+03 -3.831294e+01 0.000000e+00 0.000000e+00 0.000000e+00 0.000000e+00 0.000000e+00 0.000000e+00 0.000000e+00 0.000000e+00 0.000000e+00
1.892000e+00 0.000000e+00 -4.594525e+03 -6.903147e+03 0.000000e+00 0.000000e+00 0.000000e+00 -5.494389e+01 -4.689948e+01 1.716789e+03 -3.877599e+01 0.000000e+00 0.000000e+00 0.000000e+00 0.000000e+00 0.000000e+00 0.000000e+00 0.000000e+00 0.000000e+00 0.000000e+00
1.893000e+00 0.000000e+00 -4.596559e+03 -6.902200e+03 0.000000e+00 0.000000e+00 0.000000e+00 -5.459012e+01 -4.654468e+01 1.717993e+03 -3.923764e+01 0.000000e+00 0.000000e+00 0.000000e+00 0.000000e+00 0.000000e+00 0.000000e+00 0.000000e+00 0.000000e+00 0.000000e+00
1.894000e+00 0.000000e+00 -4.598543e+03 -6.901140e+03 0.000000e+00 0.000000e+00 0.000000e+00 -5.423574e+01 -4.618932e+01 1.719197e+03 -3.969760e+01 0.000000e+00 0.000000e+00 0.000000e+00 0.000000e+00 0.000000e+00 0.000000e+00 0.000000e+00 0.000000e+00 0.000000e+00
1.895000e+00 0.000000e+00 -4.600478e+03 -6.899968e+03 0.000000e+00 0.000000e+00 0.000000e+00 -5.388092e+01 -4.583357e+01 1.720400e+03 -4.015560e+01 0.000000e+00 0.000000e+00 0.000000e+00 0.000000e+00 0.000000e+00 0.000000e+00 0.000000e+00 0.000000e+00 0.000000e+00
1.896000e+00 0.000000e+00 -4.602363e+03 -6.898687e+03 0.000000e+00 0.000000e+00 0.000000e+00 -5.352581e+01 -4.547758e+01 1.721603e+03 -4.061135e+01 0.000000e+00 0.000000e+00 0.000000e+00 0.000000e+00 0.000000e+00 0.000000e+00 0.000000e+00 0.000000e+00 0.000000e+00
1.897000e+00 0.000000e+00 -4.604199e+03 -6.897298e+03 0.000000e+00 0.000000e+00 0.000000e+00 -5.317057e+01 -4.512151e+01 1.722805e+03 -4.106456e+01 0.000000e+00 0.000000e+00 0.000000e+00 0.000000e+00 0.000000e+00 0.000000e+00 0.000000e+00 0.000000e+00 0.000000e+00
1.898000e+00 0.000000e+00 -4.605986e+03 -6.895804e+03 0.000000e+00 0.000000e+00 0.000000e+00 -5.281535e+01 -4.476552e+01 1.724007e+03 -4.151494e+01 0.000000e+00 0.000000e+00 0.000000e+00 0.000000e+00 0.000000e+00 0.000000e+00 0.000000e+00 0.000000e+00 0.000000e+00
1.899000e+00 0.000000e+00 -4.607725e+03 -6.894207e+03 0.000000e+00 0.000000e+00 0.000000e+00 -5.246033e+01 -4.440977e+01 1.725207e+03 -4.196220e+01 0.000000e+00 0.000000e+00 0.000000e+00 0.000000e+00 0.000000e+00 0.000000e+00 0.000000e+00 0.000000e+00 0.000000e+00
1.900000e+00 0.000000e+00 -4.609416e+03 -6.892509e+03 0.000000e+00 0.000000e+00 0.000000e+00 -5.210567e+01 -4.405443e+01 1.726407e+03 -4.240605e+01 0.000000e+00 0.000000e+00 0.000000e+00 0.000000e+00 0.000000e+00 0.000000e+00 0.000000e+00 0.000000e+00 0.000000e+00
1.901000e+00 0.000000e+00 -4.611058e+03 -6.890712e+03 0.000000e+00 0.000000e+00 0.000000e+00 -5.175152e+01 -4.369966e+01 1.727607e+03 -4.284620e+01 0.000000e+00 0.000000e+00 0.000000e+00 0.000000e+00 0.000000e+00 0.000000e+00 0.000000e+00 0.000000e+00 0.000000e+00
1.902000e+00 0.000000e+00 -4.612652e+03 -6.888819e+03 0.000000e+00 0.000000e+00 0.000000e+00 -5.139805e+01 -4.334561e+01 1.728805e+03 -4.328236e+01 0.000000e+00 0.000000e+00 0.000000e+00 0.000000e+00 0.000000e+00 0.000000e+00 0.000000e+00 0.000000e+00 0.000000e+00
1.903000e+00 0.000000e+00 -4.614200e+03 -6.886832e+03 0.000000e+00 0.000000e+00 0.000000e+00 -5.104540e+01 -4.299244e+01 1.730002e+03 -4.371426e+01 0.000000e+00 0.000000e+00 0.000000e+00 0.000000e+00 0.000000e+00 0.000000e+00 0.000000e+00 0.000000e+00 0.000000e+00
1.904000e+00 0.000000e+00 -4.615700e+03 -6.884752e+03 0.000000e+00 0.000000e+00 0.000000e+00 -5.069373e+01 -4.264030e+01 1.731199e+03 -4.414161e+01 0.000000e+00 0.000000e+00 0.000000e+00 0.000000e+00 0.000000e+00 0.000000e+00 0.000000e+00 0.000000e+00 0.000000e+00
1.905000e+00 0.000000e+00 -4.617153e+03 -6.882583e+03 0.000000e+00 0.000000e+00 0.000000e+00 -5.034318e+01 -4.228934e+01 1.732394e+03 -4.456414e+01 0.000000e+00 0.000000e+00 0.000000e+00 0.000000e+00 0.000000e+00 0.000000e+00 0.000000e+00 0.000000e+00 0.000000e+00
1.906000e+00 0.000000e+00 -4.618560e+03 -6.880327e+03 0.000000e+00 0.000000e+00 0.000000e+00 -4.999393e+01 -4.193973e+01 1.733589e+03 -4.498155e+01 0.000000e+00 0.000000e+00 0.000000e+00 0.000000e+00 0.000000e+00 0.000000e+00 0.000000e+00 0.000000e+00 0.000000e+00
1.907000e+00 0.000000e+00 -4.619922e+03 -6.877985e+03 0.000000e+00 0.000000e+00 0.000000e+00 -4.964613e+01 -4.159162e+01 1.734782e+03 -4.539357e+01 0.000000e+00 0.000000e+00 0.000000e+00 0.000000e+00 0.000000e+00 0.000000e+00 0.000000e+00 0.000000e+00 0.000000e+00
1.908000e+00 0.000000e+00 -4.621238e+03 -6.875562e+03 0.000000e+00 0.000000e+00 0.000000e+00 -4.929993e+01 -4.124516e+01 1.735974e+03 -4.579990e+01 0.000000e+00 0.000000e+00 0.000000e+00 0.000000e+00 0.000000e+00 0.000000e+00 0.000000e+00 0.000000e+00 0.000000e+00
1.909000e+00 0.000000e+00 -4.622509e+03 -6.873059e+03 0.000000e+00 0.000000e+00 0.000000e+00 -4.895550e+01 -4.090053e+01 1.737165e+03 -4.620028e+01 0.000000e+00 0.000000e+00 0.000000e+00 0.000000e+00 0.000000e+00 0.000000e+00 0.000000e+00 0.000000e+00 0.000000e+00
1.910000e+00 0.000000e+00 -4.623735e+03 -6.870478e+03 0.000000e+00 0.000000e+00 0.000000e+00 -4.861300e+01 -4.055787e+01 1.738355e+03 -4.659440e+01 0.000000e+00 0.000000e+00 0.000000e+00 0.000000e+00 0.000000e+00 0.000000e+00 0.000000e+00 0.000000e+00 0.000000e+00
1.911000e+00 0.000000e+00 -4.624918e+03 -6.867823e+03 0.000000e+00 0.000000e+00 0.000000e+00 -4.827258e+01 -4.021735e+01 1.739543e+03 -4.698199e+01 0.000000e+00 0.000000e+00 0.000000e+00 0.000000e+00 0.000000e+00 0.000000e+00 0.000000e+00 0.000000e+00 0.000000e+00
1.912000e+00 0.000000e+00 -4.626057e+03 -6.865096e+03 0.000000e+00 0.000000e+00 0.000000e+00 -4.793440e+01 -3.987914e+01 1.740730e+03 -4.736275e+01 0.000000e+00 0.000000e+00 0.000000e+00 0.000000e+00 0.000000e+00 0.000000e+00 0.000000e+00 0.000000e+00 0.000000e+00
1.913000e+00 0.000000e+00 -4.627153e+03 -6.862300e+03 0.000000e+00 0.000000e+00 0.000000e+00 -4.759863e+01 -3.954338e+01 1.741915e+03 -4.773642e+01 0.000000e+00 0.000000e+00 0.000000e+00 0.000000e+00 0.000000e+00 0.000000e+00 0.000000e+00 0.000000e+00 0.000000e+00
1.914000e+00 0.000000e+00 -4.628207e+03 -6.859437e+03 0.000000e+00 0.000000e+00 0.000000e+00 -4.726543e+01 -3.921024e+01 1.743099e+03 -4.810270e+01 0.000000e+00 0.000000e+00 0.000000e+00 0.000000e+00 0.000000e+00 0.000000e+00 0.000000e+00 0.000000e+00 0.000000e+00
1.915000e+00 0.000000e+00 -4.629219e+03 -6.856510e+03 0.000000e+00 0.000000e+00 0.000000e+00 -4.693496e+01 -3.887989e+01 1.744282e+03 -4.846130e+01 0.000000e+00 0.000000e+00 0.000000e+00 0.000000e+00 0.000000e+00 0.000000e+00 0.000000e+00 0.000000e+00 0.000000e+00
1.916000e+00 0.000000e+00 -4.630190e+03 -6.853523e+03 0.000000e+00 0.000000e+00 0.000000e+00 -4.660738e+01 -3.855248e+01 1.745463e+03 -4.881196e+01 0.000000e+00 0.000000e+00 0.000000e+00 0.000000e+00 0.000000e+00 0.000000e+00 0.000000e+00 0.000000e+00 0.000000e+00
1.917000e+00 0.000000e+00 -4.631120e+03 -6.850478e+03 0.000000e+00 0.000000e+00 0.000000e+00 -4.628286e+01 -3.822818e+01 1.746642e+03 -4.915438e+01 0.000000e+00 0.000000e+00 0.000000e+00 0.000000e+00 0.000000e+00 0.000000e+00 0.000000e+00 0.000000e+00 0.000000e+00
1.918000e+00 0.000000e+00 -4.632011e+03 -6.847377e+03 0.000000e+00 0.000000e+00 0.000000e+00 -4.596155e+01 -3.790715e+01 1.747820e+03 -4.948828e+01 0.000000e+00 0.000000e+00 0.000000e+00 0.000000e+00 0.000000e+00 0.000000e+00 0.000000e+00 0.000000e+00 0.000000e+00
1.919000e+00 0.000000e+00 -4.632862e+03 -6.844225e+03 0.000000e+00 0.000000e+00 0.000000e+00 -4.564361e+01 -3.758955e+01 1.748996e+03 -4.981339e+01 0.000000e+00 0.000000e+00 0.000000e+00 0.000000e+00 0.000000e+00 0.000000e+00 0.000000e+00 0.000000e+00 0.000000e+00
1.920000e+00 0.000000e+00 -4.633675e+03 -6.841023e+03 0.000000e+00 0.000000e+00 0.000000e+00 -4.532921e+01 -3.727554e+01 1.750170e+03 -5.012942e+01 0.000000e+00 0.000000e+00 0.000000e+00 0.000000e+00 0.000000e+00 0.000000e+00 0.000000e+00 0.000000e+00 0.000000e+00
1.921000e+00 0.000000e+00 -4.634450e+03 -6.837776e+03 0.000000e+00 0.000000e+00 0.000000e+00 -4.501852e+01 -3.696529e+01 1.751343e+03 -5.043610e+01 0.000000e+00 0.000000e+00 0.000000e+00 0.000000e+00 0.000000e+00 0.000000e+00 0.000000e+00 0.000000e+00 0.000000e+00
1.922000e+00 0.000000e+00 -4.635188e+03 -6.834485e+03 0.000000e+00 0.000000e+00 0.000000e+00 -4.471168e+01 -3.665894e+01 1.752514e+03 -5.073315e+01 0.000000e+00 0.000000e+00 0.000000e+00 0.000000e+00 0.000000e+00 0.000000e+00 0.000000e+00 0.000000e+00 0.000000e+00
1.923000e+00 0.000000e+00 -4.635889e+03 -6.831154e+03 0.000000e+00 0.000000e+00 0.000000e+00 -4.440887e+01 -3.635668e+01 1.753683e+03 -5.102030e+01 0.000000e+00 0.000000e+00 0.000000e+00 0.000000e+00 0.000000e+00 0.000000e+00 0.000000e+00 0.000000e+00 0.000000e+00
1.924000e+00 0.000000e+00 -4.636555e+03 -6.827787e+03 0.000000e+00 0.000000e+00 0.000000e+00 -4.411024e+01 -3.605864e+01 1.754850e+03 -5.129728e+01 0.000000e+00 0.000000e+00 0.000000e+00 0.000000e+00 0.000000e+00 0.000000e+00 0.000000e+00 0.000000e+00 0.000000e+00
1.925000e+00 0.000000e+00 -4.637186e+03 -6.824386e+03 0.000000e+00 0.000000e+00 0.000000e+00 -4.381594e+01 -3.576501e+01 1.756015e+03 -5.156380e+01 0.000000e+00 0.000000e+00 0.000000e+00 0.000000e+00 0.000000e+00 0.000000e+00 0.000000e+00 0.000000e+00 0.000000e+00
1.926000e+00 0.000000e+00 -4.637784e+03 -6.820954e+03 0.000000e+00 0.000000e+00 0.000000e+00 -4.352613e+01 -3.547590e+01 1.757178e+03 -5.181964e+01 0.000000e+00 0.000000e+00 0.000000e+00 0.000000e+00 0.000000e+00 0.000000e+00 0.000000e+00 0.000000e+00 0.000000e+00
1.927000e+00 0.000000e+00 -4.638348e+03 -6.817495e+03 0.000000e+00 0.000000e+00 0.000000e+00 -4.324094e+01 -3.519147e+01 1.758340e+03 -5.206452e+01 0.000000e+00 0.000000e+00 0.000000e+00 0.000000e+00 0.000000e+00 0.000000e+00 0.000000e+00 0.000000e+00 0.000000e+00
1.928000e+00 0.000000e+00 -4.638879e+03 -6.814012e+03 0.000000e+00 0.000000e+00 0.000000e+00 -4.296054e+01 -3.491187e+01 1.759499e+03 -5.229818e+01 0.000000e+00 0.000000e+00 0.000000e+00 0.000000e+00 0.000000e+00 0.000000e+00 0.000000e+00 0.000000e+00 0.000000e+00
1.929000e+00 0.000000e+00 -4.639379e+03 -6.810507e+03 0.000000e+00 0.000000e+00 0.000000e+00 -4.268507e+01 -3.463727e+01 1.760656e+03 -5.252036e+01 0.000000e+00 0.000000e+00 0.000000e+00 0.000000e+00 0.000000e+00 0.000000e+00 0.000000e+00 0.000000e+00 0.000000e+00
1.930000e+00 0.000000e+00 -4.639849e+03 -6.806985e+03 0.000000e+00 0.000000e+00 0.000000e+00 -4.241471e+01 -3.436782e+01 1.761811e+03 -5.273079e+01 0.000000e+00 0.000000e+00 0.000000e+00 0.000000e+00 0.000000e+00 0.000000e+00 0.000000e+00 0.000000e+00 0.000000e+00
1.931000e+00 0.000000e+00 -4.640289e+03 -6.803449e+03 0.000000e+00 0.000000e+00 0.000000e+00 -4.214959e+01 -3.410368e+01 1.762965e+03 -5.292922e+01 0.000000e+00 0.000000e+00 0.000000e+00 0.000000e+00 0.000000e+00 0.000000e+00 0.000000e+00 0.000000e+00 0.000000e+00
1.932000e+00 0.000000e+00 -4.640700e+03 -6.799901e+03 0.000000e+00 0.000000e+00 0.000000e+00 -4.188988e+01 -3.384499e+01 1.764116e+03 -5.311538e+01 0.000000e+00 0.000000e+00 0.000000e+00 0.000000e+00 0.000000e+00 0.000000e+00 0.000000e+00 0.000000e+00 0.000000e+00
1.933000e+00 0.000000e+00 -4.641083e+03 -6.796346e+03 0.000000e+00 0.000000e+00 0.000000e+00 -4.163573e+01 -3.359191e+01 1.765265e+03 -5.328904e+01 0.000000e+00 0.000000e+00 0.000000e+00 0.000000e+00 0.000000e+00 0.000000e+00 0.000000e+00 0.000000e+00 0.000000e+00
1.934000e+00 0.000000e+00 -4.641440e+03 -6.792787e+03 0.000000e+00 0.000000e+00 0.000000e+00 -4.138729e+01 -3.334459e+01 1.766411e+03 -5.344992e+01 0.000000e+00 0.000000e+00 0.000000e+00 0.000000e+00 0.000000e+00 0.000000e+00 0.000000e+00 0.000000e+00 0.000000e+00
1.935000e+00 0.000000e+00 -4.641770e+03 -6.789227e+03 0.000000e+00 0.000000e+00 0.000000e+00 -4.114470e+01 -3.310318e+01 1.767556e+03 -5.359779e+01 0.000000e+00 0.000000e+00 0.000000e+00 0.000000e+00 0.000000e+00 0.000000e+00 0.000000e+00 0.000000e+00 0.000000e+00
1.936000e+00 0.000000e+00 -4.642076e+03 -6.785670e+03 0.000000e+00 0.000000e+00 0.000000e+00 -4.090812e+01 -3.286782e+01 1.768698e+03 -5.373240e+01 0.000000e+00 0.000000e+00 0.000000e+00 0.000000e+00 0.000000e+00 0.000000e+00 0.000000e+00 0.000000e+00 0.000000e+00
1.937000e+00 0.000000e+00 -4.642358e+03 -6.782118e+03 0.000000e+00 0.000000e+00 0.000000e+00 -4.067770e+01 -3.263867e+01 1.769838e+03 -5.385350e+01 0.000000e+00 0.000000e+00 0.000000e+00 0.000000e+00 0.000000e+00 0.000000e+00 0.000000e+00 0.000000e+00 0.000000e+00
1.938000e+00 0.000000e+00 -4.642617e+03 -6.778577e+03 0.000000e+00 0.000000e+00 0.000000e+00 -4.045357e+01 -3.241587e+01 1.770976e+03 -5.396086e+01 0.000000e+00 0.000000e+00 0.000000e+00 0.000000e+00 0.000000e+00 0.000000e+00 0.000000e+00 0.000000e+00 0.000000e+00
1.939000e+00 0.000000e+00 -4.642854e+03 -6.775048e+03 0.000000e+00 0.000000e+00 0.000000e+00 -4.023589e+01 -3.219955e+01 1.772112e+03 -5.405423e+01 0.000000e+00 0.000000e+00 0.000000e+00 0.000000e+00 0.000000e+00 0.000000e+00 0.000000e+00 0.000000e+00 0.000000e+00
1.940000e+00 0.000000e+00 -4.643070e+03 -6.771535e+03 0.000000e+00 0.000000e+00 0.000000e+00 -4.002478e+01 -3.198987e+01 1.773245e+03 -5.413339e+01 0.000000e+00 0.000000e+00 0.000000e+00 0.000000e+00 0.000000e+00 0.000000e+00 0.000000e+00 0.000000e+00 0.000000e+00
1.941000e+00 0.000000e+00 -4.643267e+03 -6.768043e+03 0.000000e+00 0.000000e+00 0.000000e+00 -3.982041e+01 -3.178696e+01 1.774377e+03 -5.419809e+01 0.000000e+00 0.000000e+00 0.000000e+00 0.000000e+00 0.000000e+00 0.000000e+00 0.000000e+00 0.000000e+00 0.000000e+00
1.942000e+00 0.000000e+00 -4.643445e+03 -6.764574e+03 0.000000e+00 0.000000e+00 0.000000e+00 -3.962289e+01 -3.159096e+01 1.775506e+03 -5.424813e+01 0.000000e+00 0.000000e+00 0.000000e+00 0.000000e+00 0.000000e+00 0.000000e+00 0.000000e+00 0.000000e+00 0.000000e+00
1.943000e+00 0.000000e+00 -4.643606e+03 -6.761132e+03 0.000000e+00 0.000000e+00 0.000000e+00 -3.943237e+01 -3.140201e+01 1.776632e+03 -5.428326e+01 0.000000e+00 0.000000e+00 0.000000e+00 0.000000e+00 0.000000e+00 0.000000e+00 0.000000e+00 0.000000e+00 0.000000e+00
1.944000e+00 0.000000e+00 -4.643750e+03 -6.757721e+03 0.000000e+00 0.000000e+00 0.000000e+00 -3.924898e+01 -3.122023e+01 1.777757e+03 -5.430327e+01 0.000000e+00 0.000000e+00 0.000000e+00 0.000000e+00 0.000000e+00 0.000000e+00 0.000000e+00 0.000000e+00 0.000000e+00
1.945000e+00 0.000000e+00 -4.643880e+03 -6.754343e+03 0.000000e+00 0.000000e+00 0.000000e+00 -3.907286e+01 -3.104577e+01 1.778879e+03 -5.430794e+01 0.000000e+00 0.000000e+00 0.000000e+00 0.000000e+00 0.000000e+00 0.000000e+00 0.000000e+00 0.000000e+00 0.000000e+00
1.946000e+00 0.000000e+00 -4.643995e+03 -6.751003e+03 0.000000e+00 0.000000e+00 0.000000e+00 -3.890414e+01 -3.087875e+01 1.779999e+03 -5.429707e+01 0.000000e+00 0.000000e+00 0.000000e+00 0.000000e+00 0.000000e+00 0.000000e+00 0.000000e+00 0.000000e+00 0.000000e+00
1.947000e+00 0.000000e+00 -4.644098e+03 -6.747704e+03 0.000000e+00 0.000000e+00 0.000000e+00 -3.874293e+01 -3.071930e+01 1.781117e+03 -5.427043e+01 0.000000e+00 0.000000e+00 0.000000e+00 0.000000e+00 0.000000e+00 0.000000e+00 0.000000e+00 0.000000e+00 0.000000e+00
1.948000e+00 0.000000e+00 -4.644189e+03 -6.744450e+03 0.000000e+00 0.000000e+00 0.000000e+00 -3.858938e+01 -3.056755e+01 1.782232e+03 -5.422782e+01 0.000000e+00 0.000000e+00 0.000000e+00 0.000000e+00 0.000000e+00 0.000000e+00 0.000000e+00 0.000000e+00 0.000000e+00
1.949000e+00 0.000000e+00 -4.644269e+03 -6.741244e+03 0.000000e+00 0.000000e+00 0.000000e+00 -3.844361e+01 -3.042361e+01 1.783345e+03 -5.416904e+01 0.000000e+00 0.000000e+00 0.000000e+00 0.000000e+00 0.000000e+00 0.000000e+00 0.000000e+00 0.000000e+00 0.000000e+00
1.950000e+00 0.000000e+00 -4.644341e+03 -6.738089e+03 0.000000e+00 0.000000e+00 0.000000e+00 -3.830573e+01 -3.028762e+01 1.784456e+03 -5.409389e+01 0.000000e+00 0.000000e+00 0.000000e+00 0.000000e+00 0.000000e+00 0.000000e+00 0.000000e+00 0.000000e+00 0.000000e+00
1.951000e+00 0.000000e+00 -4.644405e+03 -6.734990e+03 0.000000e+00 0.000000e+00 0.000000e+00 -3.817586e+01 -3.015969e+01 1.785565e+03 -5.400218e+01 0.000000e+00 0.000000e+00 0.000000e+00 0.000000e+00 0.000000e+00 0.000000e+00 0.000000e+00 0.000000e+00 0.000000e+00
1.952000e+00 0.000000e+00 -4.644462e+03 -6.731948e+03 0.000000e+00 0.000000e+00 0.000000e+00 -3.805414e+01 -3.003994e+01 1.786672e+03 -5.389371e+01 0.000000e+00 0.000000e+00 0.000000e+00 0.000000e+00 0.000000e+00 0.000000e+00 0.000000e+00 0.000000e+00 0.000000e+00
1.953000e+00 0.000000e+00 -4.644514e+03 -6.728969e+03 0.000000e+00 0.000000e+00 0.000000e+00 -3.794066e+01 -2.992847e+01 1.787776e+03 -5.376831e+01 0.000000e+00 0.000000e+00 0.000000e+00 0.000000e+00 0.000000e+00 0.000000e+00 0.000000e+00 0.000000e+00 0.000000e+00
1.954000e+00 0.000000e+00 -4.644562e+03 -6.726056e+03 0.000000e+00 0.000000e+00 0.000000e+00 -3.783555e+01 -2.982543e+01 1.788879e+03 -5.362576e+01 0.000000e+00 0.000000e+00 0.000000e+00 0.000000e+00 0.000000e+00 0.000000e+00 0.000000e+00 0.000000e+00 0.000000e+00
1.955000e+00 0.000000e+00 -4.644607e+03 -6.723212e+03 0.000000e+00 0.000000e+00 0.000000e+00 -3.773894e+01 -2.973092e+01 1.789979e+03 -5.346589e+01 0.000000e+00 0.000000e+00 0.000000e+00 0.000000e+00 0.000000e+00 0.000000e+00 0.000000e+00 0.000000e+00 0.000000e+00
1.956000e+00 0.000000e+00 -4.644650e+03 -6.720441e+03 0.000000e+00 0.000000e+00 0.000000e+00 -3.765095e+01 -2.964507e+01 1.791077e+03 -5.328850e+01 0.000000e+00 0.000000e+00 0.000000e+00 0.000000e+00 0.000000e+00 0.000000e+00 0.000000e+00 0.000000e+00 0.000000e+00
1.957000e+00 0.000000e+00 -4.644694e+03 -6.717745e+03 0.000000e+00 0.000000e+00 0.000000e+00 -3.757169e+01 -2.956800e+01 1.792173e+03 -5.309340e+01 0.000000e+00 0.000000e+00 0.000000e+00 0.000000e+00 0.000000e+00 0.000000e+00 0.000000e+00 0.000000e+00 0.000000e+00
1.958000e+00 0.000000e+00 -4.644739e+03 -6.715130e+03 0.000000e+00 0.000000e+00 0.000000e+00 -3.750129e+01 -2.949982e+01 1.793267e+03 -5.288043e+01 0.000000e+00 0.000000e+00 0.000000e+00 0.000000e+00 0.000000e+00 0.000000e+00 0.000000e+00 0.000000e+00 0.000000e+00
1.959000e+00 0.000000e+00 -4.644787e+03 -6.712598e+03 0.000000e+00 0.000000e+00 0.000000e+00 -3.743984e+01 -2.944064e+01 1.794359e+03 -5.264940e+01 0.000000e+00 0.000000e+00 0.000000e+00 0.000000e+00 0.000000e+00 0.000000e+00 0.000000e+00 0.000000e+00 0.000000e+00
1.960000e+00 0.000000e+00 -4.644838e+03 -6.710153e+03 0.000000e+00 0.000000e+00 0.000000e+00 -3.738748e+01 -2.939058e+01 1.795449e+03 -5.240015e+01 0.000000e+00 0.000000e+00 0.000000e+00 0.000000e+00 0.000000e+00 0.000000e+00 0.000000e+00 0.000000e+00 0.000000e+00
1.961000e+00 0.000000e+00 -4.644896e+03 -6.707797e+03 0.000000e+00 0.000000e+00 0.000000e+00 -3.734429e+01 -2.934973e+01 1.796538e+03 -5.213251e+01 0.000000e+00 0.000000e+00 0.000000e+00 0.000000e+00 0.000000e+00 0.000000e+00 0.000000e+00 0.000000e+00 0.000000e+00
1.962000e+00 0.000000e+00 -4.644960e+03 -6.705536e+03 0.000000e+00 0.000000e+00 0.000000e+00 -3.731038e+01 -2.931820e+01 1.797624e+03 -5.184632e+01 0.000000e+00 0.000000e+00 0.000000e+00 0.000000e+00 0.000000e+00 0.000000e+00 0.000000e+00 0.000000e+00 0.000000e+00
1.963000e+00 0.000000e+00 -4.645033e+03 -6.703371e+03 0.000000e+00 0.000000e+00 0.000000e+00 -3.728586e+01 -2.929609e+01 1.798709e+03 -5.154142e+01 0.000000e+00 0.000000e+00 0.000000e+00 0.000000e+00 0.000000e+00 0.000000e+00 0.000000e+00 0.000000e+00 0.000000e+00
1.964000e+00 0.000000e+00 -4.645115e+03 -6.701306e+03 0.000000e+00 0.000000e+00 0.000000e+00 -3.727082e+01 -2.928350e+01 1.799791e+03 -5.121767e+01 0.000000e+00 0.000000e+00 0.000000e+00 0.000000e+00 0.000000e+00 0.000000e+00 0.000000e+00 0.000000e+00 0.000000e+00
1.965000e+00 0.000000e+00 -4.645209e+03 -6.699345e+03 0.000000e+00 0.000000e+00 0.000000e+00 -3.726536e+01 -2.928052e+01 1.800872e+03 -5.087490e+01 0.000000e+00 0.000000e+00 0.000000e+00 0.000000e+00 0.000000e+00 0.000000e+00 0.000000e+00 0.000000e+00 0.000000e+00
1.966000e+00 0.000000e+00 -4.645315e+03 -6.697491e+03 0.000000e+00 0.000000e+00 0.000000e+00 -3.726957e+01 -2.928724e+01 1.801952e+03 -5.051299e+01 0.000000e+00 0.000000e+00 0.000000e+00 0.000000e+00 0.000000e+00 0.000000e+00 0.000000e+00 0.000000e+00 0.000000e+00
1.967000e+00 0.000000e+00 -4.645435e+03 -6.695747e+03 0.000000e+00 0.000000e+00 0.000000e+00 -3.728353e+01 -2.930375e+01 1.803030e+03 -5.013179e+01 0.000000e+00 0.000000e+00 0.000000e+00 0.000000e+00 0.000000e+00 0.000000e+00 0.000000e+00 0.000000e+00 0.000000e+00
1.968000e+00 0.000000e+00 -4.645571e+03 -6.694116e+03 0.000000e+00 0.000000e+00 0.000000e+00 -3.730733e+01 -2.933014e+01 1.804106e+03 -4.973118e+01 0.000000e+00 0.000000e+00 0.000000e+00 0.000000e+00 0.000000e+00 0.000000e+00 0.000000e+00 0.000000e+00 0.000000e+00
1.969000e+00 0.000000e+00 -4.645724e+03 -6.692602e+03 0.000000e+00 0.000000e+00 0.000000e+00 -3.734106e+01 -2.936648e+01 1.805181e+03 -4.931102e+01 0.000000e+00 0.000000e+00 0.000000e+00 0.000000e+00 0.000000e+00 0.000000e+00 0.000000e+00 0.000000e+00 0.000000e+00
1.970000e+00 0.000000e+00 -4.645896e+03 -6.691207e+03 0.000000e+00 0.000000e+00 0.000000e+00 -3.738478e+01 -2.941286e+01 1.806254e+03 -4.887119e+01 0.000000e+00 0.000000e+00 0.000000e+00 0.000000e+00 0.000000e+00 0.000000e+00 0.000000e+00 0.000000e+00 0.000000e+00
1.971000e+00 0.000000e+00 -4.646087e+03 -6.689934e+03 0.000000e+00 0.000000e+00 0.000000e+00 -3.743859e+01 -2.946934e+01 1.807326e+03 -4.841158e+01 0.000000e+00 0.000000e+00 0.000000e+00 0.000000e+00 0.000000e+00 0.000000e+00 0.000000e+00 0.000000e+00 0.000000e+00
1.972000e+00 0.000000e+00 -4.646301e+03 -6.688788e+03 0.000000e+00 0.000000e+00 0.000000e+00 -3.750254e+01 -2.953600e+01 1.808397e+03 -4.793206e+01 0.000000e+00 0.000000e+00 0.000000e+00 0.000000e+00 0.000000e+00 0.000000e+00 0.000000e+00 0.000000e+00 0.000000e+00
1.973000e+00 0.000000e+00 -4.646537e+03 -6.687770e+03 0.000000e+00 0.000000e+00 0.000000e+00 -3.757671e+01 -2.961291e+01 1.809466e+03 -4.743254e+01 0.000000e+00 0.000000e+00 0.000000e+00 0.000000e+00 0.000000e+00 0.000000e+00 0.000000e+00 0.000000e+00 0.000000e+00
1.974000e+00 0.000000e+00 -4.646798e+03 -6.686883e+03 0.000000e+00 0.000000e+00 0.000000e+00 -3.766116e+01 -2.970013e+01 1.810535e+03 -4.691291e+01 0.000000e+00 0.000000e+00 0.000000e+00 0.000000e+00 0.000000e+00 0.000000e+00 0.000000e+00 0.000000e+00 0.000000e+00
1.975000e+00 0.000000e+00 -4.647085e+03 -6.686131e+03 0.000000e+00 0.000000e+00 0.000000e+00 -3.775595e+01 -2.979773e+01 1.811602e+03 -4.637307e+01 0.000000e+00 0.000000e+00 0.000000e+00 0.000000e+00 0.000000e+00 0.000000e+00 0.000000e+00 0.000000e+00 0.000000e+00
1.976000e+00 0.000000e+00 -4.647399e+03 -6.685515e+03 0.000000e+00 0.000000e+00 0.000000e+00 -3.786117e+01 -2.990577e+01 1.812668e+03 -4.581292e+01 0.000000e+00 0.000000e+00 0.000000e+00 0.000000e+00 0.000000e+00 0.000000e+00 0.000000e+00 0.000000e+00 0.000000e+00
1.977000e+00 0.000000e+00 -4.647743e+03 -6.685041e+03 0.000000e+00 0.000000e+00 0.000000e+00 -3.797687e+01 -3.002433e+01 1.813734e+03 -4.523234e+01 0.000000e+00 0.000000e+00 0.000000e+00 0.000000e+00 0.000000e+00 0.000000e+00 0.000000e+00 0.000000e+00 0.000000e+00
1.978000e+00 0.000000e+00 -4.648117e+03 -6.684709e+03 0.000000e+00 0.000000e+00 0.000000e+00 -3.810314e+01 -3.015348e+01 1.814798e+03 -4.463124e+01 0.000000e+00 0.000000e+00 0.000000e+00 0.000000e+00 0.000000e+00 0.000000e+00 0.000000e+00 0.000000e+00 0.000000e+00
1.979000e+00 0.000000e+00 -4.648524e+03 -6.684522e+03 0.000000e+00 0.000000e+00 0.000000e+00 -3.824004e+01 -3.029329e+01 1.815862e+03 -4.400952e+01 0.000000e+00 0.000000e+00 0.000000e+00 0.000000e+00 0.000000e+00 0.000000e+00 0.000000e+00 0.000000e+00 0.000000e+00
1.980000e+00 0.000000e+00 -4.648964e+03 -6.684485e+03 0.000000e+00 0.000000e+00 0.000000e+00 -3.838764e+01 -3.044381e+01 1.816926e+03 -4.336709e+01 0.000000e+00 0.000000e+00 0.000000e+00 0.000000e+00 0.000000e+00 0.000000e+00 0.000000e+00 0.000000e+00 0.000000e+00
1.981000e+00 0.000000e+00 -4.649440e+03 -6.684598e+03 0.000000e+00 0.000000e+00 0.000000e+00 -3.854599e+01 -3.060512e+01 1.817988e+03 -4.270386e+01 0.000000e+00 0.000000e+00 0.000000e+00 0.000000e+00 0.000000e+00 0.000000e+00 0.000000e+00 0.000000e+00 0.000000e+00
1.982000e+00 0.000000e+00 -4.649953e+03 -6.684865e+03 0.000000e+00 0.000000e+00 0.000000e+00 -3.871515e+01 -3.077726e+01 1.819051e+03 -4.201975e+01 0.000000e+00 0.000000e+00 0.000000e+00 0.000000e+00 0.000000e+00 0.000000e+00 0.000000e+00 0.000000e+00 0.000000e+00
1.983000e+00 0.000000e+00 -4.650505e+03 -6.685289e+03 0.000000e+00 0.000000e+00 0.000000e+00 -3.889517e+01 -3.096029e+01 1.820113e+03 -4.131469e+01 0.000000e+00 0.000000e+00 0.000000e+00 0.000000e+00 0.000000e+00 0.000000e+00 0.000000e+00 0.000000e+00 0.000000e+00
1.984000e+00 0.000000e+00 -4.651096e+03 -6.685871e+03 0.000000e+00 0.000000e+00 0.000000e+00 -3.908611e+01 -3.115425e+01 1.821174e+03 -4.058860e+01 0.000000e+00 0.000000e+00 0.000000e+00 0.000000e+00 0.000000e+00 0.000000e+00 0.000000e+00 0.000000e+00 0.000000e+00
1.985000e+00 0.000000e+00 -4.651729e+03 -6.686614e+03 0.000000e+00 0.000000e+00 0.000000e+00 -3.928800e+01 -3.135919e+01 1.822236e+03 -3.984143e+01 0.000000e+00 0.000000e+00 0.000000e+00 0.000000e+00 0.000000e+00 0.000000e+00 0.000000e+00 0.000000e+00 0.000000e+00
1.986000e+00 0.000000e+00 -4.652406e+03 -6.687520e+03 0.000000e+00 0.000000e+00 0.000000e+00 -3.950089e+01 -3.157514e+01 1.823297e+03 -3.907311e+01 0.000000e+00 0.000000e+00 0.000000e+00 0.000000e+00 0.000000e+00 0.000000e+00 0.000000e+00 0.000000e+00 0.000000e+00
1.987000e+00 0.000000e+00 -4.653127e+03 -6.688592e+03 0.000000e+00 0.000000e+00 0.000000e+00 -3.972482e+01 -3.180215e+01 1.824358e+03 -3.828360e+01 0.000000e+00 0.000000e+00 0.000000e+00 0.000000e+00 0.000000e+00 0.000000e+00 0.000000e+00 0.000000e+00 0.000000e+00
1.988000e+00 0.000000e+00 -4.653894e+03 -6.689832e+03 0.000000e+00 0.000000e+00 0.000000e+00 -3.995980e+01 -3.204024e+01 1.825420e+03 -3.747284e+01 0.000000e+00 0.000000e+00 0.000000e+00 0.000000e+00 0.000000e+00 0.000000e+00 0.000000e+00 0.000000e+00 0.000000e+00
1.989000e+00 0.000000e+00 -4.654709e+03 -6.691241e+03 0.000000e+00 0.000000e+00 0.000000e+00 -4.020588e+01 -3.228944e+01 1.826482e+03 -3.664080e+01 0.000000e+00 0.000000e+00 0.000000e+00 0.000000e+00 0.000000e+00 0.000000e+00 0.000000e+00 0.000000e+00 0.000000e+00
1.990000e+00 0.000000e+00 -4.655574e+03 -6.692822e+03 0.000000e+00 0.000000e+00 0.000000e+00 -4.046308e+01 -3.254978e+01 1.827544e+03 -3.578744e+01 0.000000e+00 0.000000e+00 0.000000e+00 0.000000e+00 0.000000e+00 0.000000e+00 0.000000e+00 0.000000e+00 0.000000e+00
1.991000e+00 0.000000e+00 -4.656489e+03 -6.694577e+03 0.000000e+00 0.000000e+00 0.000000e+00 -4.073142e+01 -3.282128e+01 1.828607e+03 -3.491272e+01 0.000000e+00 0.000000e+00 0.000000e+00 0.000000e+00 0.000000e+00 0.000000e+00 0.000000e+00 0.000000e+00 0.000000e+00
1.992000e+00 0.000000e+00 -4.657457e+03 -6.696506e+03 0.000000e+00 0.000000e+00 0.000000e+00 -4.101091e+01 -3.310394e+01 1.829670e+03 -3.401663e+01 0.000000e+00 0.000000e+00 0.000000e+00 0.000000e+00 0.000000e+00 0.000000e+00 0.000000e+00 0.000000e+00 0.000000e+00
1.993000e+00 0.000000e+00 -4.658479e+03 -6.698613e+03 0.000000e+00 0.000000e+00 0.000000e+00 -4.130157e+01 -3.339779e+01 1.830734e+03 -3.309914e+01 0.000000e+00 0.000000e+00 0.000000e+00 0.000000e+00 0.000000e+00 0.000000e+00 0.000000e+00 0.000000e+00 0.000000e+00
1.994000e+00 0.000000e+00 -4.659556e+03 -6.700899e+03 0.000000e+00 0.000000e+00 0.000000e+00 -4.160341e+01 -3.370284e+01 1.831798e+03 -3.216024e+01 0.000000e+00 0.000000e+00 0.000000e+00 0.000000e+00 0.000000e+00 0.000000e+00 0.000000e+00 0.000000e+00 0.000000e+00
1.995000e+00 0.000000e+00 -4.660690e+03 -6.703365e+03 0.000000e+00 0.000000e+00 0.000000e+00 -4.191642e+01 -3.401908e+01 1.832864e+03 -3.119992e+01 0.000000e+00 0.000000e+00 0.000000e+00 0.000000e+00 0.000000e+00 0.000000e+00 0.000000e+00 0.000000e+00 0.000000e+00
1.996000e+00 0.000000e+00 -4.661882e+03 -6.706013e+03 0.000000e+00 0.000000e+00 0.000000e+00 -4.224062e+01 -3.434651e+01 1.833931e+03 -3.021818e+01 0.000000e+00 0.000000e+00 0.000000e+00 0.000000e+00 0.000000e+00 0.000000e+00 0.000000e+00 0.000000e+00 0.000000e+00
1.997000e+00 0.000000e+00 -4.663134e+03 -6.708843e+03 0.000000e+00 0.000000e+00 0.000000e+00 -4.257600e+01 -3.468515e+01 1.834998e+03 -2.921502e+01 0.000000e+00 0.000000e+00 0.000000e+00 0.000000e+00 0.000000e+00 0.000000e+00 0.000000e+00 0.000000e+00 0.000000e+00
1.998000e+00 0.000000e+00 -4.664448e+03 -6.711859e+03 0.000000e+00 0.000000e+00 0.000000e+00 -4.292260e+01 -3.503501e+01 1.836068e+03 -2.819040e+01 0.000000e+00 0.000000e+00 0.000000e+00 0.000000e+00 0.000000e+00 0.000000e+00 0.000000e+00 0.000000e+00 0.000000e+00
1.999000e+00 0.000000e+00 -4.665824e+03 -6.715060e+03 0.000000e+00 0.000000e+00 0.000000e+00 -4.328042e+01 -3.539611e+01 1.837138e+03 -2.714433e+01 0.000000e+00 0.000000e+00 0.000000e+00 0.000000e+00 0.000000e+00 0.000000e+00 0.000000e+00 0.000000e+00 0.000000e+00
2.000000e+00 0.000000e+00 -4.667265e+03 -6.718449e+03 0.000000e+00 0.000000e+00 0.000000e+00 -4.364947e+01 -3.576846e+01 1.838210e+03 -2.607679e+01 0.000000e+00 0.000000e+00 0.000000e+00 0.000000e+00 0.000000e+00 0.000000e+00 0.000000e+00 0.000000e+00 0.000000e+00
2.001000e+00 0.000000e+00 -4.668771e+03 -6.722027e+03 0.000000e+00 0.000000e+00 0.000000e+00 -4.402976e+01 -3.615206e+01 1.839284e+03 -2.498779e+01 0.000000e+00 0.000000e+00 0.000000e+00 0.000000e+00 0.000000e+00 0.000000e+00 0.000000e+00 0.000000e+00 0.000000e+00
2.002000e+00 0.000000e+00 -4.670344e+03 -6.725793e+03 0.000000e+00 0.000000e+00 0.000000e+00 -4.442129e+01 -3.654691e+01 1.840359e+03 -2.387734e+01 0.000000e+00 0.000000e+00 0.000000e+00 0.000000e+00 0.000000e+00 0.000000e+00 0.000000e+00 0.000000e+00 0.000000e+00
2.003000e+00 0.000000e+00 -4.671986e+03 -6.729751e+03 0.000000e+00 0.000000e+00 0.000000e+00 -4.482405e+01 -3.695300e+01 1.841436e+03 -2.274544e+01 0.000000e+00 0.000000e+00 0.000000e+00 0.000000e+00 0.000000e+00 0.000000e+00 0.000000e+00 0.000000e+00 0.000000e+00
2.004000e+00 0.000000e+00 -4.673698e+03 -6.733899e+03 0.000000e+00 0.000000e+00 0.000000e+00 -4.523805e+01 -3.737033e+01 1.842515e+03 -2.159212e+01 0.000000e+00 0.000000e+00 0.000000e+00 0.000000e+00 0.000000e+00 0.000000e+00 0.000000e+00 0.000000e+00 0.000000e+00
2.005000e+00 0.000000e+00 -4.675481e+03 -6.738240e+03 0.000000e+00 0.000000e+00 0.000000e+00 -4.566326e+01 -3.779889e+01 1.843597e+03 -2.041741e+01 0.000000e+00 0.000000e+00 0.000000e+00 0.000000e+00 0.000000e+00 0.000000e+00 0.000000e+00 0.000000e+00 0.000000e+00
2.006000e+00 0.000000e+00 -4.677337e+03 -6.742774e+03 0.000000e+00 0.000000e+00 0.000000e+00 -4.609967e+01 -3.823866e+01 1.844680e+03 -1.922133e+01 0.000000e+00 0.000000e+00 0.000000e+00 0.000000e+00 0.000000e+00 0.000000e+00 0.000000e+00 0.000000e+00 0.000000e+00
2.007000e+00 0.000000e+00 -4.679267e+03 -6.747501e+03 0.000000e+00 0.000000e+00 0.000000e+00 -4.654726e+01 -3.868961e+01 1.845766e+03 -1.800391e+01 0.000000e+00 0.000000e+00 0.000000e+00 0.000000e+00 0.000000e+00 0.000000e+00 0.000000e+00 0.000000e+00 0.000000e+00
2.008000e+00 0.000000e+00 -4.681272e+03 -6.752422e+03 0.000000e+00 0.000000e+00 0.000000e+00 -4.700601e+01 -3.915174e+01 1.846854e+03 -1.676521e+01 0.000000e+00 0.000000e+00 0.000000e+00 0.000000e+00 0.000000e+00 0.000000e+00 0.000000e+00 0.000000e+00 0.000000e+00
2.009000e+00 0.000000e+00 -4.683354e+03 -6.757537e+03 0.000000e+00 0.000000e+00 0.000000e+00 -4.747589e+01 -3.962500e+01 1.847945e+03 -1.550526e+01 0.000000e+00 0.000000e+00 0.000000e+00 0.000000e+00 0.000000e+00 0.000000e+00 0.000000e+00 0.000000e+00 0.000000e+00
2.010000e+00 0.000000e+00 -4.685514e+03 -6.762846e+03 0.000000e+00 0.000000e+00 0.000000e+00 -4.795686e+01 -4.010936e+01 1.849039e+03 -1.422412e+01 0.000000e+00 0.000000e+00 0.000000e+00 0.000000e+00 0.000000e+00 0.000000e+00 0.000000e+00 0.000000e+00 0.000000e+00
2.011000e+00 0.000000e+00 -4.687753e+03 -6.768351e+03 0.000000e+00 0.000000e+00 0.000000e+00 -4.844890e+01 -4.060480e+01 1.850135e+03 -1.292184e+01 0.000000e+00 0.000000e+00 0.000000e+00 0.000000e+00 0.000000e+00 0.000000e+00 0.000000e+00 0.000000e+00 0.000000e+00
2.012000e+00 0.000000e+00 -4.690072e+03 -6.774050e+03 0.000000e+00 0.000000e+00 0.000000e+00 -4.895196e+01 -4.111126e+01 1.851235e+03 -1.159850e+01 0.000000e+00 0.000000e+00 0.000000e+00 0.000000e+00 0.000000e+00 0.000000e+00 0.000000e+00 0.000000e+00 0.000000e+00
2.013000e+00 0.000000e+00 -4.692472e+03 -6.779943e+03 0.000000e+00 0.000000e+00 0.000000e+00 -4.946599e+01 -4.162870e+01 1.852337e+03 -1.025416e+01 0.000000e+00 0.000000e+00 0.000000e+00 0.000000e+00 0.000000e+00 0.000000e+00 0.000000e+00 0.000000e+00 0.000000e+00
2.014000e+00 0.000000e+00 -4.694955e+03 -6.786031e+03 0.000000e+00 0.000000e+00 0.000000e+00 -4.999096e+01 -4.215709e+01 1.853443e+03 -8.888889e+00 0.000000e+00 0.000000e+00 0.000000e+00 0.000000e+00 0.000000e+00 0.000000e+00 0.000000e+00 0.000000e+00 0.000000e+00
2.015000e+00 0.000000e+00 -4.697522e+03 -6.792313e+03 0.000000e+00 0.000000e+00 0.000000e+00 -5.052680e+01 -4.269635e+01 1.854552e+03 -7.502776e+00 0.000000e+00 0.000000e+00 0.000000e+00 0.000000e+00 0.000000e+00 0.000000e+00 0.000000e+00 0.000000e+00 0.000000e+00
2.016000e+00 0.000000e+00 -4.700174e+03 -6.798789e+03 0.000000e+00 0.000000e+00 0.000000e+00 -5.107346e+01 -4.324645e+01 1.855664e+03 -6.095902e+00 0.000000e+00 0.000000e+00 0.000000e+00 0.000000e+00 0.000000e+00 0.000000e+00 0.000000e+00 0.000000e+00 0.000000e+00
2.017000e+00 0.000000e+00 -4.702911e+03 -6.805458e+03 0.000000e+00 0.000000e+00 0.000000e+00 -5.163089e+01 -4.380731e+01 1.856780e+03 -4.668359e+00 0.000000e+00 0.000000e+00 0.000000e+00 0.000000e+00 0.000000e+00 0.000000e+00 0.000000e+00 0.000000e+00 0.000000e+00
2.018000e+00 0.000000e+00 -4.705736e+03 -6.812321e+03 0.000000e+00 0.000000e+00 0.000000e+00 -5.219903e+01 -4.437890e+01 1.857899e+03 -3.220219e+00 0.000000e+00 0.000000e+00 0.000000e+00 0.000000e+00 0.000000e+00 0.000000e+00 0.000000e+00 0.000000e+00 0.000000e+00
2.019000e+00 0.000000e+00 -4.708648e+03 -6.819375e+03 0.000000e+00 0.000000e+00 0.000000e+00 -5.277787e+01 -4.496118e+01 1.859022e+03 -1.751560e+00 0.000000e+00 0.000000e+00 0.000000e+00 0.000000e+00 0.000000e+00 0.000000e+00 0.000000e+00 0.000000e+00 0.000000e+00
2.020000e+00 0.000000e+00 -4.711649e+03 -6.826622e+03 0.000000e+00 0.000000e+00 0.000000e+00 -5.336733e+01 -4.555410e+01 1.860150e+03 -2.624659e-01 0.000000e+00 0.000000e+00 0.000000e+00 0.000000e+00 0.000000e+00 0.000000e+00 0.000000e+00 0.000000e+00 0.000000e+00
2.021000e+00 0.000000e+00 -4.714741e+03 -6.834059e+03 0.000000e+00 0.000000e+00 0.000000e+00 -5.396738e+01 -4.615761e+01 1.861281e+03 1.246974e+00 0.000000e+00 0.000000e+00 0.000000e+00 0.000000e+00 0.000000e+00 0.000000e+00 0.000000e+00 0.000000e+00 0.000000e+00
2.022000e+00 0.000000e+00 -4.717923e+03 -6.841687e+03 0.000000e+00 0.000000e+00 0.000000e+00 -5.457796e+01 -4.677165e+01 1.862416e+03 2.776665e+00 0.000000e+00 0.000000e+00 0.000000e+00 0.000000e+00 0.000000e+00 0.000000e+00 0.000000e+00 0.000000e+00 0.000000e+00
2.023000e+00 0.000000e+00 -4.721197e+03 -6.849504e+03 0.000000e+00 0.000000e+00 0.000000e+00 -5.519901e+01 -4.739617e+01 1.863555e+03 4.326505e+00 0.000000e+00 0.000000e+00 0.000000e+00 0.000000e+00 0.000000e+00 0.000000e+00 0.000000e+00 0.000000e+00 0.000000e+00
2.024000e+00 0.000000e+00 -4.724563e+03 -6.857510e+03 0.000000e+00 0.000000e+00 0.000000e+00 -5.583047e+01 -4.803110e+01 1.864699e+03 5.896389e+00 0.000000e+00 0.000000e+00 0.000000e+00 0.000000e+00 0.000000e+00 0.000000e+00 0.000000e+00 0.000000e+00 0.000000e+00
2.025000e+00 0.000000e+00 -4.728023e+03 -6.865702e+03 0.000000e+00 0.000000e+00 0.000000e+00 -5.647226e+01 -4.867637e+01 1.865847e+03 7.486205e+00 0.000000e+00 0.000000e+00 0.000000e+00 0.000000e+00 0.000000e+00 0.000000e+00 0.000000e+00 0.000000e+00 0.000000e+00
2.026000e+00 0.000000e+00 -4.731578e+03 -6.874080e+03 0.000000e+00 0.000000e+00 0.000000e+00 -5.712433e+01 -4.933192e+01 1.866999e+03 9.095837e+00 0.000000e+00 0.000000e+00 0.000000e+00 0.000000e+00 0.000000e+00 0.000000e+00 0.000000e+00 0.000000e+00 0.000000e+00
2.027000e+00 0.000000e+00 -4.735227e+03 -6.882643e+03 0.000000e+00 0.000000e+00 0.000000e+00 -5.778660e+01 -4.999766e+01 1.868156e+03 1.072516e+01 0.000000e+00 0.000000e+00 0.000000e+00 0.000000e+00 0.000000e+00 0.000000e+00 0.000000e+00 0.000000e+00 0.000000e+00
2.028000e+00 0.000000e+00 -4.738971e+03 -6.891388e+03 0.000000e+00 0.000000e+00 0.000000e+00 -5.845898e+01 -5.067353e+01 1.869318e+03 1.237406e+01 0.000000e+00 0.000000e+00 0.000000e+00 0.000000e+00 0.000000e+00 0.000000e+00 0.000000e+00 0.000000e+00 0.000000e+00
2.029000e+00 0.000000e+00 -4.742813e+03 -6.900315e+03 0.000000e+00 0.000000e+00 0.000000e+00 -5.914141e+01 -5.135945e+01 1.870484e+03 1.404239e+01 0.000000e+00 0.000000e+00 0.000000e+00 0.000000e+00 0.000000e+00 0.000000e+00 0.000000e+00 0.000000e+00 0.000000e+00
2.030000e+00 0.000000e+00 -4.746750e+03 -6.909421e+03 0.000000e+00 0.000000e+00 0.000000e+00 -5.983379e+01 -5.205532e+01 1.871655e+03 1.573002e+01 0.000000e+00 0.000000e+00 0.000000e+00 0.000000e+00 0.000000e+00 0.000000e+00 0.000000e+00 0.000000e+00 0.000000e+00
2.031000e+00 0.000000e+00 -4.750786e+03 -6.918706e+03 0.000000e+00 0.000000e+00 0.000000e+00 -6.053604e+01 -5.276106e+01 1.872831e+03 1.743680e+01 0.000000e+00 0.000000e+00 0.000000e+00 0.000000e+00 0.000000e+00 0.000000e+00 0.000000e+00 0.000000e+00 0.000000e+00
2.032000e+00 0.000000e+00 -4.754919e+03 -6.928166e+03 0.000000e+00 0.000000e+00 0.000000e+00 -6.124806e+01 -5.347659e+01 1.874012e+03 1.916259e+01 0.000000e+00 0.000000e+00 0.000000e+00 0.000000e+00 0.000000e+00 0.000000e+00 0.000000e+00 0.000000e+00 0.000000e+00
2.033000e+00 0.000000e+00 -4.759151e+03 -6.937800e+03 0.000000e+00 0.000000e+00 0.000000e+00 -6.196977e+01 -5.420180e+01 1.875198e+03 2.090725e+01 0.000000e+00 0.000000e+00 0.000000e+00 0.000000e+00 0.000000e+00 0.000000e+00 0.000000e+00 0.000000e+00 0.000000e+00
2.034000e+00 0.000000e+00 -4.763481e+03 -6.947606e+03 0.000000e+00 0.000000e+00 0.000000e+00 -6.270107e+01 -5.493660e+01 1.876389e+03 2.267060e+01 0.000000e+00 0.000000e+00 0.000000e+00 0.000000e+00 0.000000e+00 0.000000e+00 0.000000e+00 0.000000e+00 0.000000e+00
2.035000e+00 0.000000e+00 -4.767911e+03 -6.957582e+03 0.000000e+00 0.000000e+00 0.000000e+00 -6.344185e+01 -5.568089e+01 1.877585e+03 2.445250e+01 0.000000e+00 0.000000e+00 0.000000e+00 0.000000e+00 0.000000e+00 0.000000e+00 0.000000e+00 0.000000e+00 0.000000e+00
2.036000e+00 0.000000e+00 -4.772440e+03 -6.967725e+03 0.000000e+00 0.000000e+00 0.000000e+00 -6.419201e+01 -5.643456e+01 1.878787e+03 2.625277e+01 0.000000e+00 0.000000e+00 0.000000e+00 0.000000e+00 0.000000e+00 0.000000e+00 0.000000e+00 0.000000e+00 0.000000e+00
2.037000e+00 0.000000e+00 -4.777069e+03 -6.978034e+03 0.000000e+00 0.000000e+00 0.000000e+00 -6.495144e+01 -5.719751e+01 1.879994e+03 2.807124e+01 0.000000e+00 0.000000e+00 0.000000e+00 0.000000e+00 0.000000e+00 0.000000e+00 0.000000e+00 0.000000e+00 0.000000e+00
2.038000e+00 0.000000e+00 -4.781798e+03 -6.988504e+03 0.000000e+00 0.000000e+00 0.000000e+00 -6.572007e+01 -5.796966e+01 1.881206e+03 2.990777e+01 0.000000e+00 0.000000e+00 0.000000e+00 0.000000e+00 0.000000e+00 0.000000e+00 0.000000e+00 0.000000e+00 0.000000e+00
2.039000e+00 0.000000e+00 -4.786628e+03 -6.999135e+03 0.000000e+00 0.000000e+00 0.000000e+00 -6.649780e+01 -5.875091e+01 1.882424e+03 3.176220e+01 0.000000e+00 0.000000e+00 0.000000e+00 0.000000e+00 0.000000e+00 0.000000e+00 0.000000e+00 0.000000e+00 0.000000e+00
2.040000e+00 0.000000e+00 -4.791557e+03 -7.009924e+03 0.000000e+00 0.000000e+00 0.000000e+00 -6.728452e+01 -5.954116e+01 1.883647e+03 3.363435e+01 0.000000e+00 0.000000e+00 0.000000e+00 0.000000e+00 0.000000e+00 0.000000e+00 0.000000e+00 0.000000e+00 0.000000e+00
2.041000e+00 0.000000e+00 -4.796588e+03 -7.020868e+03 0.000000e+00 0.000000e+00 0.000000e+00 -6.808016e+01 -6.034032e+01 1.884875e+03 3.552406e+01 0.000000e+00 0.000000e+00 0.000000e+00 0.000000e+00 0.000000e+00 0.000000e+00 0.000000e+00 0.000000e+00 0.000000e+00
2.042000e+00 0.000000e+00 -4.801719e+03 -7.031964e+03 0.000000e+00 0.000000e+00 0.000000e+00 -6.888459e+01 -6.114829e+01 1.886109e+03 3.743116e+01 0.000000e+00 0.000000e+00 0.000000e+00 0.000000e+00 0.000000e+00 0.000000e+00 0.000000e+00 0.000000e+00 0.000000e+00
2.043000e+00 0.000000e+00 -4.806951e+03 -7.043210e+03 0.000000e+00 0.000000e+00 0.000000e+00 -6.969771e+01 -6.196495e+01 1.887349e+03 3.935545e+01 0.000000e+00 0.000000e+00 0.000000e+00 0.000000e+00 0.000000e+00 0.000000e+00 0.000000e+00 0.000000e+00 0.000000e+00
2.044000e+00 0.000000e+00 -4.812283e+03 -7.054602e+03 0.000000e+00 0.000000e+00 0.000000e+00 -7.051942e+01 -6.279021e+01 1.888594e+03 4.129677e+01 0.000000e+00 0.000000e+00 0.000000e+00 0.000000e+00 0.000000e+00 0.000000e+00 0.000000e+00 0.000000e+00 0.000000e+00
2.045000e+00 0.000000e+00 -4.817716e+03 -7.066138e+03 0.000000e+00 0.000000e+00 0.000000e+00 -7.134961e+01 -6.362394e+01 1.889845e+03 4.325492e+01 0.000000e+00 0.000000e+00 0.000000e+00 0.000000e+00 0.000000e+00 0.000000e+00 0.000000e+00 0.000000e+00 0.000000e+00
2.046000e+00 0.000000e+00 -4.823249e+03 -7.077815e+03 0.000000e+00 0.000000e+00 0.000000e+00 -7.218816e+01 -6.446604e+01 1.891101e+03 4.522970e+01 0.000000e+00 0.000000e+00 0.000000e+00 0.000000e+00 0.000000e+00 0.000000e+00 0.000000e+00 0.000000e+00 0.000000e+00
2.047000e+00 0.000000e+00 -4.828883e+03 -7.089628e+03 0.000000e+00 0.000000e+00 0.000000e+00 -7.303495e+01 -6.531639e+01 1.892363e+03 4.722093e+01 0.000000e+00 0.000000e+00 0.000000e+00 0.000000e+00 0.000000e+00 0.000000e+00 0.000000e+00 0.000000e+00 0.000000e+00
2.048000e+00 0.000000e+00 -4.834616e+03 -7.101576e+03 0.000000e+00 0.000000e+00 0.000000e+00 -7.388987e+01 -6.617486e+01 1.893631e+03 4.922839e+01 0.000000e+00 0.000000e+00 0.000000e+00 0.000000e+00 0.000000e+00 0.000000e+00 0.000000e+00 0.000000e+00 0.000000e+00
2.049000e+00 0.000000e+00 -4.840449e+03 -7.113655e+03 0.000000e+00 0.000000e+00 0.000000e+00 -7.475280e+01 -6.704135e+01 1.894904e+03 5.125189e+01 0.000000e+00 0.000000e+00 0.000000e+00 0.000000e+00 0.000000e+00 0.000000e+00 0.000000e+00 0.000000e+00 0.000000e+00
2.050000e+00 0.000000e+00 -4.846381e+03 -7.125861e+03 0.000000e+00 0.000000e+00 0.000000e+00 -7.562360e+01 -6.791572e+01 1.896183e+03 5.329121e+01 0.000000e+00 0.000000e+00 0.000000e+00 0.000000e+00 0.000000e+00 0.000000e+00 0.000000e+00 0.000000e+00 0.000000e+00
2.051000e+00 0.000000e+00 -4.852412e+03 -7.138190e+03 0.000000e+00 0.000000e+00 0.000000e+00 -7.650216e+01 -6.879784e+01 1.897468e+03 5.534614e+01 0.000000e+00 0.000000e+00 0.000000e+00 0.000000e+00 0.000000e+00 0.000000e+00 0.000000e+00 0.000000e+00 0.000000e+00
2.052000e+00 0.000000e+00 -4.858541e+03 -7.150640e+03 0.000000e+00 0.000000e+00 0.000000e+00 -7.738834e+01 -6.968760e+01 1.898758e+03 5.741647e+01 0.000000e+00 0.000000e+00 0.000000e+00 0.000000e+00 0.000000e+00 0.000000e+00 0.000000e+00 0.000000e+00 0.000000e+00
2.053000e+00 0.000000e+00 -4.864768e+03 -7.163207e+03 0.000000e+00 0.000000e+00 0.000000e+00 -7.828201e+01 -7.058485e+01 1.900053e+03 5.950196e+01 0.000000e+00 0.000000e+00 0.000000e+00 0.000000e+00 0.000000e+00 0.000000e+00 0.000000e+00 0.000000e+00 0.000000e+00
2.054000e+00 0.000000e+00 -4.871092e+03 -7.175886e+03 0.000000e+00 0.000000e+00 0.000000e+00 -7.918303e+01 -7.148947e+01 1.901355e+03 6.160240e+01 0.000000e+00 0.000000e+00 0.000000e+00 0.000000e+00 0.000000e+00 0.000000e+00 0.000000e+00 0.000000e+00 0.000000e+00
2.055000e+00 0.000000e+00 -4.877513e+03 -7.188675e+03 0.000000e+00 0.000000e+00 0.000000e+00 -8.009129e+01 -7.240131e+01 1.902661e+03 6.371756e+01 0.000000e+00 0.000000e+00 0.000000e+00 0.000000e+00 0.000000e+00 0.000000e+00 0.000000e+00 0.000000e+00 0.000000e+00
2.056000e+00 0.000000e+00 -4.884029e+03 -7.201568e+03 0.000000e+00 0.000000e+00 0.000000e+00 -8.100662e+01 -7.332025e+01 1.903974e+03 6.584721e+01 0.000000e+00 0.000000e+00 0.000000e+00 0.000000e+00 0.000000e+00 0.000000e+00 0.000000e+00 0.000000e+00 0.000000e+00
2.057000e+00 0.000000e+00 -4.890640e+03 -7.214563e+03 0.000000e+00 0.000000e+00 0.000000e+00 -8.192891e+01 -7.424615e+01 1.905291e+03 6.799111e+01 0.000000e+00 0.000000e+00 0.000000e+00 0.000000e+00 0.000000e+00 0.000000e+00 0.000000e+00 0.000000e+00 0.000000e+00
2.058000e+00 0.000000e+00 -4.897345e+03 -7.227655e+03 0.000000e+00 0.000000e+00 0.000000e+00 -8.285804e+01 -7.517889e+01 1.906615e+03 7.014906e+01 0.000000e+00 0.000000e+00 0.000000e+00 0.000000e+00 0.000000e+00 0.000000e+00 0.000000e+00 0.000000e+00 0.000000e+00
2.059000e+00 0.000000e+00 -4.904144e+03 -7.240841e+03 0.000000e+00 0.000000e+00 0.000000e+00 -8.379388e+01 -7.611835e+01 1.907943e+03 7.232081e+01 0.000000e+00 0.000000e+00 0.000000e+00 0.000000e+00 0.000000e+00 0.000000e+00 0.000000e+00 0.000000e+00 0.000000e+00
2.060000e+00 0.000000e+00 -4.911036e+03 -7.254116e+03 0.000000e+00 0.000000e+00 0.000000e+00 -8.473629e+01 -7.706439e+01 1.909277e+03 7.450615e+01 0.000000e+00 0.000000e+00 0.000000e+00 0.000000e+00 0.000000e+00 0.000000e+00 0.000000e+00 0.000000e+00 0.000000e+00
2.061000e+00 0.000000e+00 -4.918018e+03 -7.267477e+03 0.000000e+00 0.000000e+00 0.000000e+00 -8.568515e+01 -7.801688e+01 1.910616e+03 7.670483e+01 0.000000e+00 0.000000e+00 0.000000e+00 0.000000e+00 0.000000e+00 0.000000e+00 0.000000e+00 0.000000e+00 0.000000e+00
2.062000e+00 0.000000e+00 -4.925091e+03 -7.280919e+03 0.000000e+00 0.000000e+00 0.000000e+00 -8.664031e+01 -7.897569e+01 1.911960e+03 7.891660e+01 0.000000e+00 0.000000e+00 0.000000e+00 0.000000e+00 0.000000e+00 0.000000e+00 0.000000e+00 0.000000e+00 0.000000e+00
2.063000e+00 0.000000e+00 -4.932254e+03 -7.294438e+03 0.000000e+00 0.000000e+00 0.000000e+00 -8.760164e+01 -7.994067e+01 1.913309e+03 8.114124e+01 0.000000e+00 0.000000e+00 0.000000e+00 0.000000e+00 0.000000e+00 0.000000e+00 0.000000e+00 0.000000e+00 0.000000e+00
2.064000e+00 0.000000e+00 -4.939505e+03 -7.308029e+03 0.000000e+00 0.000000e+00 0.000000e+00 -8.856901e+01 -8.091169e+01 1.914663e+03 8.337849e+01 0.000000e+00 0.000000e+00 0.000000e+00 0.000000e+00 0.000000e+00 0.000000e+00 0.000000e+00 0.000000e+00 0.000000e+00
2.065000e+00 0.000000e+00 -4.946842e+03 -7.321689e+03 0.000000e+00 0.000000e+00 0.000000e+00 -8.954226e+01 -8.188861e+01 1.916022e+03 8.562811e+01 0.000000e+00 0.000000e+00 0.000000e+00 0.000000e+00 0.000000e+00 0.000000e+00 0.000000e+00 0.000000e+00 0.000000e+00
2.066000e+00 0.000000e+00 -4.954266e+03 -7.335413e+03 0.000000e+00 0.000000e+00 0.000000e+00 -9.052127e+01 -8.287129e+01 1.917385e+03 8.788983e+01 0.000000e+00 0.000000e+00 0.000000e+00 0.000000e+00 0.000000e+00 0.000000e+00 0.000000e+00 0.000000e+00 0.000000e+00
2.067000e+00 0.000000e+00 -4.961774e+03 -7.349197e+03 0.000000e+00 0.000000e+00 0.000000e+00 -9.150588e+01 -8.385959e+01 1.918753e+03 9.016341e+01 0.000000e+00 0.000000e+00 0.000000e+00 0.000000e+00 0.000000e+00 0.000000e+00 0.000000e+00 0.000000e+00 0.000000e+00
2.068000e+00 0.000000e+00 -4.969365e+03 -7.363036e+03 0.000000e+00 0.000000e+00 0.000000e+00 -9.249596e+01 -8.485336e+01 1.920126e+03 9.244857e+01 0.000000e+00 0.000000e+00 0.000000e+00 0.000000e+00 0.000000e+00 0.000000e+00 0.000000e+00 0.000000e+00 0.000000e+00
2.069000e+00 0.000000e+00 -4.977037e+03 -7.376926e+03 0.000000e+00 0.000000e+00 0.000000e+00 -9.349135e+01 -8.585244e+01 1.921503e+03 9.474508e+01 0.000000e+00 0.000000e+00 0.000000e+00 0.000000e+00 0.000000e+00 0.000000e+00 0.000000e+00 0.000000e+00 0.000000e+00
2.070000e+00 0.000000e+00 -4.984790e+03 -7.390862e+03 0.000000e+00 0.000000e+00 0.000000e+00 -9.449190e+01 -8.685671e+01 1.922885e+03 9.705264e+01 0.000000e+00 0.000000e+00 0.000000e+00 0.000000e+00 0.000000e+00 0.000000e+00 0.000000e+00 0.000000e+00 0.000000e+00
2.071000e+00 0.000000e+00 -4.992621e+03 -7.404839e+03 0.000000e+00 0.000000e+00 0.000000e+00 -9.549747e+01 -8.786600e+01 1.924270e+03 9.937101e+01 0.000000e+00 0.000000e+00 0.000000e+00 0.000000e+00 0.000000e+00 0.000000e+00 0.000000e+00 0.000000e+00 0.000000e+00
2.072000e+00 0.000000e+00 -5.000529e+03 -7.418853e+03 0.000000e+00 0.000000e+00 0.000000e+00 -9.650791e+01 -8.888016e+01 1.925660e+03 1.016999e+02 0.000000e+00 0.000000e+00 0.000000e+00 0.000000e+00 0.000000e+00 0.000000e+00 0.000000e+00 0.000000e+00 0.000000e+00
2.073000e+00 0.000000e+00 -5.008512e+03 -7.432900e+03 0.000000e+00 0.000000e+00 0.000000e+00 -9.752306e+01 -8.989905e+01 1.927053e+03 1.040390e+02 0.000000e+00 0.000000e+00 0.000000e+00 0.000000e+00 0.000000e+00 0.000000e+00 0.000000e+00 0.000000e+00 0.000000e+00
2.074000e+00 0.000000e+00 -5.016569e+03 -7.446974e+03 0.000000e+00 0.000000e+00 0.000000e+00 -9.854277e+01 -9.092251e+01 1.928450e+03 1.063882e+02 0.000000e+00 0.000000e+00 0.000000e+00 0.000000e+00 0.000000e+00 0.000000e+00 0.000000e+00 0.000000e+00 0.000000e+00
2.075000e+00 0.000000e+00 -5.024697e+03 -7.461071e+03 0.000000e+00 0.000000e+00 0.000000e+00 -9.956688e+01 -9.195039e+01 1.929851e+03 1.087470e+02 0.000000e+00 0.000000e+00 0.000000e+00 0.000000e+00 0.000000e+00 0.000000e+00 0.000000e+00 0.000000e+00 0.000000e+00
2.076000e+00 0.000000e+00 -5.032896e+03 -7.475186e+03 0.000000e+00 0.000000e+00 0.000000e+00 -1.005953e+02 -9.298254e+01 1.931255e+03 1.111152e+02 0.000000e+00 0.000000e+00 0.000000e+00 0.000000e+00 0.000000e+00 0.000000e+00 0.000000e+00 0.000000e+00 0.000000e+00
2.077000e+00 0.000000e+00 -5.041162e+03 -7.489315e+03 0.000000e+00 0.000000e+00 0.000000e+00 -1.016278e+02 -9.401882e+01 1.932662e+03 1.134926e+02 0.000000e+00 0.000000e+00 0.000000e+00 0.000000e+00 0.000000e+00 0.000000e+00 0.000000e+00 0.000000e+00 0.000000e+00
2.078000e+00 0.000000e+00 -5.049495e+03 -7.503452e+03 0.000000e+00 0.000000e+00 0.000000e+00 -1.026642e+02 -9.505908e+01 1.934072e+03 1.158789e+02 0.000000e+00 0.000000e+00 0.000000e+00 0.000000e+00 0.000000e+00 0.000000e+00 0.000000e+00 0.000000e+00 0.000000e+00
2.079000e+00 0.000000e+00 -5.057892e+03 -7.517594e+03 0.000000e+00 0.000000e+00 0.000000e+00 -1.037045e+02 -9.610318e+01 1.935485e+03 1.182738e+02 0.000000e+00 0.000000e+00 0.000000e+00 0.000000e+00 0.000000e+00 0.000000e+00 0.000000e+00 0.000000e+00 0.000000e+00
2.080000e+00 0.000000e+00 -5.066351e+03 -7.531734e+03 0.000000e+00 0.000000e+00 0.000000e+00 -1.047485e+02 -9.715096e+01 1.936901e+03 1.206770e+02 0.000000e+00 0.000000e+00 0.000000e+00 0.000000e+00 0.000000e+00 0.000000e+00 0.000000e+00 0.000000e+00 0.000000e+00
2.081000e+00 0.000000e+00 -5.074870e+03 -7.545870e+03 0.000000e+00 0.000000e+00 0.000000e+00 -1.057959e+02 -9.820227e+01 1.938319e+03 1.230882e+02 0.000000e+00 0.000000e+00 0.000000e+00 0.000000e+00 0.000000e+00 0.000000e+00 0.000000e+00 0.000000e+00 0.000000e+00
2.082000e+00 0.000000e+00 -5.083448e+03 -7.559995e+03 0.000000e+00 0.000000e+00 0.000000e+00 -1.068468e+02 -9.925697e+01 1.939739e+03 1.255072e+02 0.000000e+00 0.000000e+00 0.000000e+00 0.000000e+00 0.000000e+00 0.000000e+00 0.000000e+00 0.000000e+00 0.000000e+00
2.083000e+00 0.000000e+00 -5.092081e+03 -7.574104e+03 0.000000e+00 0.000000e+00 0.000000e+00 -1.079009e+02 -1.003149e+02 1.941161e+03 1.279336e+02 0.000000e+00 0.000000e+00 0.000000e+00 0.000000e+00 0.000000e+00 0.000000e+00 0.000000e+00 0.000000e+00 0.000000e+00
2.084000e+00 0.000000e+00 -5.100767e+03 -7.588194e+03 0.000000e+00 0.000000e+00 0.000000e+00 -1.089580e+02 -1.013759e+02 1.942585e+03 1.303672e+02 0.000000e+00 0.000000e+00 0.000000e+00 0.000000e+00 0.000000e+00 0.000000e+00 0.000000e+00 0.000000e+00 0.000000e+00
2.085000e+00 0.000000e+00 -5.109505e+03 -7.602259e+03 0.000000e+00 0.000000e+00 0.000000e+00 -1.100181e+02 -1.024399e+02 1.944010e+03 1.328077e+02 0.000000e+00 0.000000e+00 0.000000e+00 0.000000e+00 0.000000e+00 0.000000e+00 0.000000e+00 0.000000e+00 0.000000e+00
2.086000e+00 0.000000e+00 -5.118292e+03 -7.616294e+03 0.000000e+00 0.000000e+00 0.000000e+00 -1.110809e+02 -1.035066e+02 1.945437e+03 1.352547e+02 0.000000e+00 0.000000e+00 0.000000e+00 0.000000e+00 0.000000e+00 0.000000e+00 0.000000e+00 0.000000e+00 0.000000e+00
2.087000e+00 0.000000e+00 -5.127126e+03 -7.630295e+03 0.000000e+00 0.000000e+00 0.000000e+00 -1.121463e+02 -1.045759e+02 1.946865e+03 1.377081e+02 0.000000e+00 0.000000e+00 0.000000e+00 0.000000e+00 0.000000e+00 0.000000e+00 0.000000e+00 0.000000e+00 0.000000e+00
2.088000e+00 0.000000e+00 -5.136004e+03 -7.644257e+03 0.000000e+00 0.000000e+00 0.000000e+00 -1.132142e+02 -1.056477e+02 1.948293e+03 1.401674e+02 0.000000e+00 0.000000e+00 0.000000e+00 0.000000e+00 0.000000e+00 0.000000e+00 0.000000e+00 0.000000e+00 0.000000e+00
2.089000e+00 0.000000e+00 -5.144924e+03 -7.658174e+03 0.000000e+00 0.000000e+00 0.000000e+00 -1.142844e+02 -1.067218e+02 1.949722e+03 1.426324e+02 0.000000e+00 0.000000e+00 0.000000e+00 0.000000e+00 0.000000e+00 0.000000e+00 0.000000e+00 0.000000e+00 0.000000e+00
2.090000e+00 0.000000e+00 -5.153883e+03 -7.672043e+03 0.000000e+00 0.000000e+00 0.000000e+00 -1.153567e+02 -1.077981e+02 1.951152e+03 1.451028e+02 0.000000e+00 0.000000e+00 0.000000e+00 0.000000e+00 0.000000e+00 0.000000e+00 0.000000e+00 0.000000e+00 0.000000e+00
2.091000e+00 0.000000e+00 -5.162878e+03 -7.685857e+03 0.000000e+00 0.000000e+00 0.000000e+00 -1.164310e+02 -1.088763e+02 1.952581e+03 1.475782e+02 0.000000e+00 0.000000e+00 0.000000e+00 0.000000e+00 0.000000e+00 0.000000e+00 0.000000e+00 0.000000e+00 0.000000e+00
2.092000e+00 0.000000e+00 -5.171908e+03 -7.699613e+03 0.000000e+00 0.000000e+00 0.000000e+00 -1.175071e+02 -1.099564e+02 1.954010e+03 1.500584e+02 0.000000e+00 0.000000e+00 0.000000e+00 0.000000e+00 0.000000e+00 0.000000e+00 0.000000e+00 0.000000e+00 0.000000e+00
2.093000e+00 0.000000e+00 -5.180969e+03 -7.713306e+03 0.000000e+00 0.000000e+00 0.000000e+00 -1.185849e+02 -1.110382e+02 1.955439e+03 1.525431e+02 0.000000e+00 0.000000e+00 0.000000e+00 0.000000e+00 0.000000e+00 0.000000e+00 0.000000e+00 0.000000e+00 0.000000e+00
2.094000e+00 0.000000e+00 -5.190059e+03 -7.726930e+03 0.000000e+00 0.000000e+00 0.000000e+00 -1.196642e+02 -1.121215e+02 1.956867e+03 1.550319e+02 0.000000e+00 0.000000e+00 0.000000e+00 0.000000e+00 0.000000e+00 0.000000e+00 0.000000e+00 0.000000e+00 0.000000e+00
2.095000e+00 0.000000e+00 -5.199175e+03 -7.740482e+03 0.000000e+00 0.000000e+00 0.000000e+00 -1.207449e+02 -1.132062e+02 1.958293e+03 1.575246e+02 0.000000e+00 0.000000e+00 0.000000e+00 0.000000e+00 0.000000e+00 0.000000e+00 0.000000e+00 0.000000e+00 0.000000e+00
2.096000e+00 0.000000e+00 -5.208315e+03 -7.753956e+03 0.000000e+00 0.000000e+00 0.000000e+00 -1.218267e+02 -1.142921e+02 1.959718e+03 1.600208e+02 0.000000e+00 0.000000e+00 0.000000e+00 0.000000e+00 0.000000e+00 0.000000e+00 0.000000e+00 0.000000e+00 0.000000e+00
2.097000e+00 0.000000e+00 -5.217475e+03 -7.767347e+03 0.000000e+00 0.000000e+00 0.000000e+00 -1.229097e+02 -1.153791e+02 1.961142e+03 1.625202e+02 0.000000e+00 0.000000e+00 0.000000e+00 0.000000e+00 0.000000e+00 0.000000e+00 0.000000e+00 0.000000e+00 0.000000e+00
2.098000e+00 0.000000e+00 -5.226653e+03 -7.780652e+03 0.000000e+00 0.000000e+00 0.000000e+00 -1.239935e+02 -1.164670e+02 1.962563e+03 1.650226e+02 0.000000e+00 0.000000e+00 0.000000e+00 0.000000e+00 0.000000e+00 0.000000e+00 0.000000e+00 0.000000e+00 0.000000e+00
2.099000e+00 0.000000e+00 -5.235846e+03 -7.793864e+03 0.000000e+00 0.000000e+00 0.000000e+00 -1.250781e+02 -1.175557e+02 1.963983e+03 1.675276e+02 0.000000e+00 0.000000e+00 0.000000e+00 0.000000e+00 0.000000e+00 0.000000e+00 0.000000e+00 0.000000e+00 0.000000e+00
2.100000e+00 0.000000e+00 -5.245051e+03 -7.806981e+03 0.000000e+00 0.000000e+00 0.000000e+00 -1.261633e+02 -1.186450e+02 1.965399e+03 1.700348e+02 0.000000e+00 0.000000e+00 0.000000e+00 0.000000e+00 0.000000e+00 0.000000e+00 0.000000e+00 0.000000e+00 0.000000e+00
2.101000e+00 0.000000e+00 -5.254266e+03 -7.819996e+03 0.000000e+00 0.000000e+00 0.000000e+00 -1.272489e+02 -1.197347e+02 1.966813e+03 1.725441e+02 0.000000e+00 0.000000e+00 0.000000e+00 0.000000e+00 0.000000e+00 0.000000e+00 0.000000e+00 0.000000e+00 0.000000e+00
2.102000e+00 0.000000e+00 -5.263486e+03 -7.832906e+03 0.000000e+00 0.000000e+00 0.000000e+00 -1.283348e+02 -1.208248e+02 1.968223e+03 1.750550e+02 0.000000e+00 0.000000e+00 0.000000e+00 0.000000e+00 0.000000e+00 0.000000e+00 0.000000e+00 0.000000e+00 0.000000e+00
2.103000e+00 0.000000e+00 -5.272710e+03 -7.845706e+03 0.000000e+00 0.000000e+00 0.000000e+00 -1.294209e+02 -1.219150e+02 1.969629e+03 1.775672e+02 0.000000e+00 0.000000e+00 0.000000e+00 0.000000e+00 0.000000e+00 0.000000e+00 0.000000e+00 0.000000e+00 0.000000e+00
2.104000e+00 0.000000e+00 -5.281934e+03 -7.858391e+03 0.000000e+00 0.000000e+00 0.000000e+00 -1.305069e+02 -1.230052e+02 1.971032e+03 1.800805e+02 0.000000e+00 0.000000e+00 0.000000e+00 0.000000e+00 0.000000e+00 0.000000e+00 0.000000e+00 0.000000e+00 0.000000e+00
2.105000e+00 0.000000e+00 -5.291156e+03 -7.870957e+03 0.000000e+00 0.000000e+00 0.000000e+00 -1.315928e+02 -1.240953e+02 1.972430e+03 1.825944e+02 0.000000e+00 0.000000e+00 0.000000e+00 0.000000e+00 0.000000e+00 0.000000e+00 0.000000e+00 0.000000e+00 0.000000e+00
2.106000e+00 0.000000e+00 -5.300371e+03 -7.883400e+03 0.000000e+00 0.000000e+00 0.000000e+00 -1.326784e+02 -1.251850e+02 1.973824e+03 1.851088e+02 0.000000e+00 0.000000e+00 0.000000e+00 0.000000e+00 0.000000e+00 0.000000e+00 0.000000e+00 0.000000e+00 0.000000e+00
2.107000e+00 0.000000e+00 -5.309578e+03 -7.895715e+03 0.000000e+00 0.000000e+00 0.000000e+00 -1.337635e+02 -1.262743e+02 1.975212e+03 1.876232e+02 0.000000e+00 0.000000e+00 0.000000e+00 0.000000e+00 0.000000e+00 0.000000e+00 0.000000e+00 0.000000e+00 0.000000e+00
2.108000e+00 0.000000e+00 -5.318773e+03 -7.907898e+03 0.000000e+00 0.000000e+00 0.000000e+00 -1.348479e+02 -1.273630e+02 1.976595e+03 1.901373e+02 0.000000e+00 0.000000e+00 0.000000e+00 0.000000e+00 0.000000e+00 0.000000e+00 0.000000e+00 0.000000e+00 0.000000e+00
2.109000e+00 0.000000e+00 -5.327953e+03 -7.919944e+03 0.000000e+00 0.000000e+00 0.000000e+00 -1.359316e+02 -1.284509e+02 1.977973e+03 1.926509e+02 0.000000e+00 0.000000e+00 0.000000e+00 0.000000e+00 0.000000e+00 0.000000e+00 0.000000e+00 0.000000e+00 0.000000e+00
2.110000e+00 0.000000e+00 -5.337115e+03 -7.931850e+03 0.000000e+00 0.000000e+00 0.000000e+00 -1.370144e+02 -1.295379e+02 1.979344e+03 1.951636e+02 0.000000e+00 0.000000e+00 0.000000e+00 0.000000e+00 0.000000e+00 0.000000e+00 0.000000e+00 0.000000e+00 0.000000e+00
2.111000e+00 0.000000e+00 -5.346255e+03 -7.943610e+03 0.000000e+00 0.000000e+00 0.000000e+00 -1.380960e+02 -1.306238e+02 1.980708e+03 1.976750e+02 0.000000e+00 0.000000e+00 0.000000e+00 0.000000e+00 0.000000e+00 0.000000e+00 0.000000e+00 0.000000e+00 0.000000e+00
2.112000e+00 0.000000e+00 -5.355371e+03 -7.955222e+03 0.000000e+00 0.000000e+00 0.000000e+00 -1.391765e+02 -1.317086e+02 1.982066e+03 2.001849e+02 0.000000e+00 0.000000e+00 0.000000e+00 0.000000e+00 0.000000e+00 0.000000e+00 0.000000e+00 0.000000e+00 0.000000e+00
2.113000e+00 0.000000e+00 -5.364459e+03 -7.966680e+03 0.000000e+00 0.000000e+00 0.000000e+00 -1.402555e+02 -1.327919e+02 1.983417e+03 2.026929e+02 0.000000e+00 0.000000e+00 0.000000e+00 0.000000e+00 0.000000e+00 0.000000e+00 0.000000e+00 0.000000e+00 0.000000e+00
2.114000e+00 0.000000e+00 -5.373516e+03 -7.977981e+03 0.000000e+00 0.000000e+00 0.000000e+00 -1.413331e+02 -1.338737e+02 1.984760e+03 2.051986e+02 0.000000e+00 0.000000e+00 0.000000e+00 0.000000e+00 0.000000e+00 0.000000e+00 0.000000e+00 0.000000e+00 0.000000e+00
2.115000e+00 0.000000e+00 -5.382539e+03 -7.989120e+03 0.000000e+00 0.000000e+00 0.000000e+00 -1.424089e+02 -1.349539e+02 1.986094e+03 2.077019e+02 0.000000e+00 0.000000e+00 0.000000e+00 0.000000e+00 0.000000e+00 0.000000e+00 0.000000e+00 0.000000e+00 0.000000e+00
2.116000e+00 0.000000e+00 -5.391525e+03 -8.000095e+03 0.000000e+00 0.000000e+00 0.000000e+00 -1.434830e+02 -1.360323e+02 1.987421e+03 2.102022e+02 0.000000e+00 0.000000e+00 0.000000e+00 0.000000e+00 0.000000e+00 0.000000e+00 0.000000e+00 0.000000e+00 0.000000e+00
2.117000e+00 0.000000e+00 -5.400470e+03 -8.010901e+03 0.000000e+00 0.000000e+00 0.000000e+00 -1.445550e+02 -1.371087e+02 1.988738e+03 2.126994e+02 0.000000e+00 0.000000e+00 0.000000e+00 0.000000e+00 0.000000e+00 0.000000e+00 0.000000e+00 0.000000e+00 0.000000e+00
2.118000e+00 0.000000e+00 -5.409372e+03 -8.021534e+03 0.000000e+00 0.000000e+00 0.000000e+00 -1.456250e+02 -1.381830e+02 1.990047e+03 2.151931e+02 0.000000e+00 0.000000e+00 0.000000e+00 0.000000e+00 0.000000e+00 0.000000e+00 0.000000e+00 0.000000e+00 0.000000e+00
2.119000e+00 0.000000e+00 -5.418226e+03 -8.031990e+03 0.000000e+00 0.000000e+00 0.000000e+00 -1.466926e+02 -1.392551e+02 1.991345e+03 2.176829e+02 0.000000e+00 0.000000e+00 0.000000e+00 0.000000e+00 0.000000e+00 0.000000e+00 0.000000e+00 0.000000e+00 0.000000e+00
2.120000e+00 0.000000e+00 -5.427030e+03 -8.042266e+03 0.000000e+00 0.000000e+00 0.000000e+00 -1.477579e+02 -1.403247e+02 1.992634e+03 2.201685e+02 0.000000e+00 0.000000e+00 0.000000e+00 0.000000e+00 0.000000e+00 0.000000e+00 0.000000e+00 0.000000e+00 0.000000e+00
2.121000e+00 0.000000e+00 -5.435781e+03 -8.052358e+03 0.000000e+00 0.000000e+00 0.000000e+00 -1.488206e+02 -1.413918e+02 1.993912e+03 2.226496e+02 0.000000e+00 0.000000e+00 0.000000e+00 0.000000e+00 0.000000e+00 0.000000e+00 0.000000e+00 0.000000e+00 0.000000e+00
2.122000e+00 0.000000e+00 -5.444475e+03 -8.062262e+03 0.000000e+00 0.000000e+00 0.000000e+00 -1.498805e+02 -1.424562e+02 1.995180e+03 2.251259e+02 0.000000e+00 0.000000e+00 0.000000e+00 0.000000e+00 0.000000e+00 0.000000e+00 0.000000e+00 0.000000e+00 0.000000e+00
2.123000e+00 0.000000e+00 -5.453109e+03 -8.071976e+03 0.000000e+00 0.000000e+00 0.000000e+00 -1.509376e+02 -1.435177e+02 1.996436e+03 2.275970e+02 0.000000e+00 0.000000e+00 0.000000e+00 0.000000e+00 0.000000e+00 0.000000e+00 0.000000e+00 0.000000e+00 0.000000e+00
2.124000e+00 0.000000e+00 -5.461680e+03 -8.081495e+03 0.000000e+00 0.000000e+00 0.000000e+00 -1.519917e+02 -1.445762e+02 1.997681e+03 2.300625e+02 0.000000e+00 0.000000e+00 0.000000e+00 0.000000e+00 0.000000e+00 0.000000e+00 0.000000e+00 0.000000e+00 0.000000e+00
2.125000e+00 0.000000e+00 -5.470184e+03 -8.090817e+03 0.000000e+00 0.000000e+00 0.000000e+00 -1.530426e+02 -1.456316e+02 1.998913e+03 2.325222e+02 0.000000e+00 0.000000e+00 0.000000e+00 0.000000e+00 0.000000e+00 0.000000e+00 0.000000e+00 0.000000e+00 0.000000e+00
2.126000e+00 0.000000e+00 -5.478618e+03 -8.099937e+03 0.000000e+00 0.000000e+00 0.000000e+00 -1.540903e+02 -1.466837e+02 2.000133e+03 2.349757e+02 0.000000e+00 0.000000e+00 0.000000e+00 0.000000e+00 0.000000e+00 0.000000e+00 0.000000e+00 0.000000e+00 0.000000e+00
2.127000e+00 0.000000e+00 -5.486979e+03 -8.108853e+03 0.000000e+00 0.000000e+00 0.000000e+00 -1.551344e+02 -1.477323e+02 2.001340e+03 2.374227e+02 0.000000e+00 0.000000e+00 0.000000e+00 0.000000e+00 0.000000e+00 0.000000e+00 0.000000e+00 0.000000e+00 0.000000e+00
2.128000e+00 0.000000e+00 -5.495264e+03 -8.117562e+03 0.000000e+00 0.000000e+00 0.000000e+00 -1.561750e+02 -1.487774e+02 2.002534e+03 2.398629e+02 0.000000e+00 0.000000e+00 0.000000e+00 0.000000e+00 0.000000e+00 0.000000e+00 0.000000e+00 0.000000e+00 0.000000e+00
2.129000e+00 0.000000e+00 -5.503470e+03 -8.126060e+03 0.000000e+00 0.000000e+00 0.000000e+00 -1.572119e+02 -1.498188e+02 2.003714e+03 2.422959e+02 0.000000e+00 0.000000e+00 0.000000e+00 0.000000e+00 0.000000e+00 0.000000e+00 0.000000e+00 0.000000e+00 0.000000e+00
2.130000e+00 0.000000e+00 -5.511593e+03 -8.134346e+03 0.000000e+00 0.000000e+00 0.000000e+00 -1.582449e+02 -1.508563e+02 2.004880e+03 2.447213e+02 0.000000e+00 0.000000e+00 0.000000e+00 0.000000e+00 0.000000e+00 0.000000e+00 0.000000e+00 0.000000e+00 0.000000e+00
2.131000e+00 0.000000e+00 -5.519630e+03 -8.142415e+03 0.000000e+00 0.000000e+00 0.000000e+00 -1.592739e+02 -1.518898e+02 2.006032e+03 2.471389e+02 0.000000e+00 0.000000e+00 0.000000e+00 0.000000e+00 0.000000e+00 0.000000e+00 0.000000e+00 0.000000e+00 0.000000e+00
2.132000e+00 0.000000e+00 -5.527578e+03 -8.150264e+03 0.000000e+00 0.000000e+00 0.000000e+00 -1.602987e+02 -1.529192e+02 2.007168e+03 2.495484e+02 0.000000e+00 0.000000e+00 0.000000e+00 0.000000e+00 0.000000e+00 0.000000e+00 0.000000e+00 0.000000e+00 0.000000e+00
2.133000e+00 0.000000e+00 -5.535434e+03 -8.157893e+03 0.000000e+00 0.000000e+00 0.000000e+00 -1.613193e+02 -1.539443e+02 2.008289e+03 2.519493e+02 0.000000e+00 0.000000e+00 0.000000e+00 0.000000e+00 0.000000e+00 0.000000e+00 0.000000e+00 0.000000e+00 0.000000e+00
2.134000e+00 0.000000e+00 -5.543195e+03 -8.165297e+03 0.000000e+00 0.000000e+00 0.000000e+00 -1.623355e+02 -1.549650e+02 2.009394e+03 2.543415e+02 0.000000e+00 0.000000e+00 0.000000e+00 0.000000e+00 0.000000e+00 0.000000e+00 0.000000e+00 0.000000e+00 0.000000e+00
2.135000e+00 0.000000e+00 -5.550858e+03 -8.172474e+03 0.000000e+00 0.000000e+00 0.000000e+00 -1.633470e+02 -1.559811e+02 2.010483e+03 2.567244e+02 0.000000e+00 0.000000e+00 0.000000e+00 0.000000e+00 0.000000e+00 0.000000e+00 0.000000e+00 0.000000e+00 0.000000e+00
2.136000e+00 0.000000e+00 -5.558419e+03 -8.179422e+03 0.000000e+00 0.000000e+00 0.000000e+00 -1.643540e+02 -1.569926e+02 2.011556e+03 2.590979e+02 0.000000e+00 0.000000e+00 0.000000e+00 0.000000e+00 0.000000e+00 0.000000e+00 0.000000e+00 0.000000e+00 0.000000e+00
2.137000e+00 0.000000e+00 -5.565875e+03 -8.186138e+03 0.000000e+00 0.000000e+00 0.000000e+00 -1.653560e+02 -1.579993e+02 2.012611e+03 2.614615e+02 0.000000e+00 0.000000e+00 0.000000e+00 0.000000e+00 0.000000e+00 0.000000e+00 0.000000e+00 0.000000e+00 0.000000e+00
2.138000e+00 0.000000e+00 -5.573224e+03 -8.192620e+03 0.000000e+00 0.000000e+00 0.000000e+00 -1.663532e+02 -1.590010e+02 2.013649e+03 2.638150e+02 0.000000e+00 0.000000e+00 0.000000e+00 0.000000e+00 0.000000e+00 0.000000e+00 0.000000e+00 0.000000e+00 0.000000e+00
2.139000e+00 0.000000e+00 -5.580463e+03 -8.198866e+03 0.000000e+00 0.000000e+00 0.000000e+00 -1.673452e+02 -1.599976e+02 2.014668e+03 2.661581e+02 0.000000e+00 0.000000e+00 0.000000e+00 0.000000e+00 0.000000e+00 0.000000e+00 0.000000e+00 0.000000e+00 0.000000e+00
2.140000e+00 0.000000e+00 -5.587588e+03 -8.204874e+03 0.000000e+00 0.000000e+00 0.000000e+00 -1.683321e+02 -1.609891e+02 2.015670e+03 2.684903e+02 0.000000e+00 0.000000e+00 0.000000e+00 0.000000e+00 0.000000e+00 0.000000e+00 0.000000e+00 0.000000e+00 0.000000e+00
2.141000e+00 0.000000e+00 -5.594596e+03 -8.210642e+03 0.000000e+00 0.000000e+00 0.000000e+00 -1.693136e+02 -1.619752e+02 2.016653e+03 2.708115e+02 0.000000e+00 0.000000e+00 0.000000e+00 0.000000e+00 0.000000e+00 0.000000e+00 0.000000e+00 0.000000e+00 0.000000e+00
2.142000e+00 0.000000e+00 -5.601485e+03 -8.216167e+03 0.000000e+00 0.000000e+00 0.000000e+00 -1.702896e+02 -1.629558e+02 2.017616e+03 2.731211e+02 0.000000e+00 0.000000e+00 0.000000e+00 0.000000e+00 0.000000e+00 0.000000e+00 0.000000e+00 0.000000e+00 0.000000e+00
2.143000e+00 0.000000e+00 -5.608252e+03 -8.221449e+03 0.000000e+00 0.000000e+00 0.000000e+00 -1.712600e+02 -1.639308e+02 2.018560e+03 2.754190e+02 0.000000e+00 0.000000e+00 0.000000e+00 0.000000e+00 0.000000e+00 0.000000e+00 0.000000e+00 0.000000e+00 0.000000e+00
2.144000e+00 0.000000e+00 -5.614893e+03 -8.226484e+03 0.000000e+00 0.000000e+00 0.000000e+00 -1.722247e+02 -1.649000e+02 2.019484e+03 2.777047e+02 0.000000e+00 0.000000e+00 0.000000e+00 0.000000e+00 0.000000e+00 0.000000e+00 0.000000e+00 0.000000e+00 0.000000e+00
2.145000e+00 0.000000e+00 -5.621406e+03 -8.231272e+03 0.000000e+00 0.000000e+00 0.000000e+00 -1.731834e+02 -1.658634e+02 2.020388e+03 2.799781e+02 0.000000e+00 0.000000e+00 0.000000e+00 0.000000e+00 0.000000e+00 0.000000e+00 0.000000e+00 0.000000e+00 0.000000e+00
2.146000e+00 0.000000e+00 -5.627789e+03 -8.235811e+03 0.000000e+00 0.000000e+00 0.000000e+00 -1.741361e+02 -1.668207e+02 2.021271e+03 2.822386e+02 0.000000e+00 0.000000e+00 0.000000e+00 0.000000e+00 0.000000e+00 0.000000e+00 0.000000e+00 0.000000e+00 0.000000e+00
2.147000e+00 0.000000e+00 -5.634037e+03 -8.240099e+03 0.000000e+00 0.000000e+00 0.000000e+00 -1.750827e+02 -1.677719e+02 2.022133e+03 2.844860e+02 0.000000e+00 0.000000e+00 0.000000e+00 0.000000e+00 0.000000e+00 0.000000e+00 0.000000e+00 0.000000e+00 0.000000e+00
2.148000e+00 0.000000e+00 -5.640150e+03 -8.244135e+03 0.000000e+00 0.000000e+00 0.000000e+00 -1.760230e+02 -1.687168e+02 2.022973e+03 2.867200e+02 0.000000e+00 0.000000e+00 0.000000e+00 0.000000e+00 0.000000e+00 0.000000e+00 0.000000e+00 0.000000e+00 0.000000e+00
2.149000e+00 0.000000e+00 -5.646123e+03 -8.247917e+03 0.000000e+00 0.000000e+00 0.000000e+00 -1.769569e+02 -1.696554e+02 2.023791e+03 2.889403e+02 0.000000e+00 0.000000e+00 0.000000e+00 0.000000e+00 0.000000e+00 0.000000e+00 0.000000e+00 0.000000e+00 0.000000e+00
2.150000e+00 0.000000e+00 -5.651955e+03 -8.251445e+03 0.000000e+00 0.000000e+00 0.000000e+00 -1.778843e+02 -1.705873e+02 2.024587e+03 2.911465e+02 0.000000e+00 0.000000e+00 0.000000e+00 0.000000e+00 0.000000e+00 0.000000e+00 0.000000e+00 0.000000e+00 0.000000e+00
2.151000e+00 0.000000e+00 -5.657642e+03 -8.254717e+03 0.000000e+00 0.000000e+00 0.000000e+00 -1.788050e+02 -1.715127e+02 2.025360e+03 2.933383e+02 0.000000e+00 0.000000e+00 0.000000e+00 0.000000e+00 0.000000e+00 0.000000e+00 0.000000e+00 0.000000e+00 0.000000e+00
2.152000e+00 0.000000e+00 -5.663183e+03 -8.257733e+03 0.000000e+00 0.000000e+00 0.000000e+00 -1.797190e+02 -1.724312e+02 2.026110e+03 2.955154e+02 0.000000e+00 0.000000e+00 0.000000e+00 0.000000e+00 0.000000e+00 0.000000e+00 0.000000e+00 0.000000e+00 0.000000e+00
2.153000e+00 0.000000e+00 -5.668575e+03 -8.260491e+03 0.000000e+00 0.000000e+00 0.000000e+00 -1.806260e+02 -1.733429e+02 2.026837e+03 2.976775e+02 0.000000e+00 0.000000e+00 0.000000e+00 0.000000e+00 0.000000e+00 0.000000e+00 0.000000e+00 0.000000e+00 0.000000e+00
2.154000e+00 0.000000e+00 -5.673815e+03 -8.262990e+03 0.000000e+00 0.000000e+00 0.000000e+00 -1.815261e+02 -1.742475e+02 2.027540e+03 2.998243e+02 0.000000e+00 0.000000e+00 0.000000e+00 0.000000e+00 0.000000e+00 0.000000e+00 0.000000e+00 0.000000e+00 0.000000e+00
2.155000e+00 0.000000e+00 -5.678900e+03 -8.265231e+03 0.000000e+00 0.000000e+00 0.000000e+00 -1.824190e+02 -1.751451e+02 2.028218e+03 3.019554e+02 0.000000e+00 0.000000e+00 0.000000e+00 0.000000e+00 0.000000e+00 0.000000e+00 0.000000e+00 0.000000e+00 0.000000e+00
2.156000e+00 0.000000e+00 -5.683830e+03 -8.267211e+03 0.000000e+00 0.000000e+00 0.000000e+00 -1.833047e+02 -1.760353e+02 2.028872e+03 3.040707e+02 0.000000e+00 0.000000e+00 0.000000e+00 0.000000e+00 0.000000e+00 0.000000e+00 0.000000e+00 0.000000e+00 0.000000e+00
2.157000e+00 0.000000e+00 -5.688601e+03 -8.268932e+03 0.000000e+00 0.000000e+00 0.000000e+00 -1.841830e+02 -1.769183e+02 2.029501e+03 3.061697e+02 0.000000e+00 0.000000e+00 0.000000e+00 0.000000e+00 0.000000e+00 0.000000e+00 0.000000e+00 0.000000e+00 0.000000e+00
2.158000e+00 0.000000e+00 -5.693211e+03 -8.270392e+03 0.000000e+00 0.000000e+00 0.000000e+00 -1.850539e+02 -1.777937e+02 2.030105e+03 3.082521e+02 0.000000e+00 0.000000e+00 0.000000e+00 0.000000e+00 0.000000e+00 0.000000e+00 0.000000e+00 0.000000e+00 0.000000e+00
2.159000e+00 0.000000e+00 -5.697658e+03 -8.271592e+03 0.000000e+00 0.000000e+00 0.000000e+00 -1.859172e+02 -1.786616e+02 2.030683e+03 3.103178e+02 0.000000e+00 0.000000e+00 0.000000e+00 0.000000e+00 0.000000e+00 0.000000e+00 0.000000e+00 0.000000e+00 0.000000e+00
2.160000e+00 0.000000e+00 -5.701940e+03 -8.272530e+03 0.000000e+00 0.000000e+00 0.000000e+00 -1.867728e+02 -1.795218e+02 2.031235e+03 3.123663e+02 0.000000e+00 0.000000e+00 0.000000e+00 0.000000e+00 0.000000e+00 0.000000e+00 0.000000e+00 0.000000e+00 0.000000e+00
2.161000e+00 0.000000e+00 -5.706055e+03 -8.273208e+03 0.000000e+00 0.000000e+00 0.000000e+00 -1.876206e+02 -1.803742e+02 2.031761e+03 3.143974e+02 0.000000e+00 0.000000e+00 0.000000e+00 0.000000e+00 0.000000e+00 0.000000e+00 0.000000e+00 0.000000e+00 0.000000e+00
2.162000e+00 0.000000e+00 -5.710001e+03 -8.273624e+03 0.000000e+00 0.000000e+00 0.000000e+00 -1.884606e+02 -1.812187e+02 2.032260e+03 3.164108e+02 0.000000e+00 0.000000e+00 0.000000e+00 0.000000e+00 0.000000e+00 0.000000e+00 0.000000e+00 0.000000e+00 0.000000e+00
2.163000e+00 0.000000e+00 -5.713776e+03 -8.273780e+03 0.000000e+00 0.000000e+00 0.000000e+00 -1.892926e+02 -1.820552e+02 2.032732e+03 3.184062e+02 0.000000e+00 0.000000e+00 0.000000e+00 0.000000e+00 0.000000e+00 0.000000e+00 0.000000e+00 0.000000e+00 0.000000e+00
2.164000e+00 0.000000e+00 -5.717378e+03 -8.273674e+03 0.000000e+00 0.000000e+00 0.000000e+00 -1.901165e+02 -1.828837e+02 2.033177e+03 3.203833e+02 0.000000e+00 0.000000e+00 0.000000e+00 0.000000e+00 0.000000e+00 0.000000e+00 0.000000e+00 0.000000e+00 0.000000e+00
2.165000e+00 0.000000e+00 -5.720806e+03 -8.273309e+03 0.000000e+00 0.000000e+00 0.000000e+00 -1.909322e+02 -1.837039e+02 2.033594e+03 3.223419e+02 0.000000e+00 0.000000e+00 0.000000e+00 0.000000e+00 0.000000e+00 0.000000e+00 0.000000e+00 0.000000e+00 0.000000e+00
2.166000e+00 0.000000e+00 -5.724057e+03 -8.272683e+03 0.000000e+00 0.000000e+00 0.000000e+00 -1.917395e+02 -1.845158e+02 2.033983e+03 3.242816e+02 0.000000e+00 0.000000e+00 0.000000e+00 0.000000e+00 0.000000e+00 0.000000e+00 0.000000e+00 0.000000e+00 0.000000e+00
2.167000e+00 0.000000e+00 -5.727130e+03 -8.271797e+03 0.000000e+00 0.000000e+00 0.000000e+00 -1.925385e+02 -1.853192e+02 2.034345e+03 3.262022e+02 0.000000e+00 0.000000e+00 0.000000e+00 0.000000e+00 0.000000e+00 0.000000e+00 0.000000e+00 0.000000e+00 0.000000e+00
2.168000e+00 0.000000e+00 -5.730023e+03 -8.270652e+03 0.000000e+00 0.000000e+00 0.000000e+00 -1.933289e+02 -1.861141e+02 2.034677e+03 3.281034e+02 0.000000e+00 0.000000e+00 0.000000e+00 0.000000e+00 0.000000e+00 0.000000e+00 0.000000e+00 0.000000e+00 0.000000e+00
2.169000e+00 0.000000e+00 -5.732735e+03 -8.269249e+03 0.000000e+00 0.000000e+00 0.000000e+00 -1.941108e+02 -1.869004e+02 2.034981e+03 3.299849e+02 0.000000e+00 0.000000e+00 0.000000e+00 0.000000e+00 0.000000e+00 0.000000e+00 0.000000e+00 0.000000e+00 0.000000e+00
2.170000e+00 0.000000e+00 -5.735265e+03 -8.267588e+03 0.000000e+00 0.000000e+00 0.000000e+00 -1.948838e+02 -1.876779e+02 2.035256e+03 3.318464e+02 0.000000e+00 0.000000e+00 0.000000e+00 0.000000e+00 0.000000e+00 0.000000e+00 0.000000e+00 0.000000e+00 0.000000e+00
2.171000e+00 0.000000e+00 -5.737610e+03 -8.265670e+03 0.000000e+00 0.000000e+00 0.000000e+00 -1.956481e+02 -1.884467e+02 2.035502e+03 3.336877e+02 0.000000e+00 0.000000e+00 0.000000e+00 0.000000e+00 0.000000e+00 0.000000e+00 0.000000e+00 0.000000e+00 0.000000e+00
2.172000e+00 0.000000e+00 -5.739770e+03 -8.263495e+03 0.000000e+00 0.000000e+00 0.000000e+00 -1.964035e+02 -1.892064e+02 2.035718e+03 3.355086e+02 0.000000e+00 0.000000e+00 0.000000e+00 0.000000e+00 0.000000e+00 0.000000e+00 0.000000e+00 0.000000e+00 0.000000e+00
2.173000e+00 0.000000e+00 -5.741743e+03 -8.261067e+03 0.000000e+00 0.000000e+00 0.000000e+00 -1.971499e+02 -1.899572e+02 2.035905e+03 3.373087e+02 0.000000e+00 0.000000e+00 0.000000e+00 0.000000e+00 0.000000e+00 0.000000e+00 0.000000e+00 0.000000e+00 0.000000e+00
2.174000e+00 0.000000e+00 -5.743529e+03 -8.258384e+03 0.000000e+00 0.000000e+00 0.000000e+00 -1.978872e+02 -1.906989e+02 2.036061e+03 3.390878e+02 0.000000e+00 0.000000e+00 0.000000e+00 0.000000e+00 0.000000e+00 0.000000e+00 0.000000e+00 0.000000e+00 0.000000e+00
2.175000e+00 0.000000e+00 -5.745125e+03 -8.255449e+03 0.000000e+00 0.000000e+00 0.000000e+00 -1.986153e+02 -1.914314e+02 2.036187e+03 3.408457e+02 0.000000e+00 0.000000e+00 0.000000e+00 0.000000e+00 0.000000e+00 0.000000e+00 0.000000e+00 0.000000e+00 0.000000e+00
2.176000e+00 0.000000e+00 -5.746532e+03 -8.252262e+03 0.000000e+00 0.000000e+00 0.000000e+00 -1.993342e+02 -1.921546e+02 2.036283e+03 3.425822e+02 0.000000e+00 0.000000e+00 0.000000e+00 0.000000e+00 0.000000e+00 0.000000e+00 0.000000e+00 0.000000e+00 0.000000e+00
2.177000e+00 0.000000e+00 -5.747748e+03 -8.248827e+03 0.000000e+00 0.000000e+00 0.000000e+00 -2.000438e+02 -1.928685e+02 2.036348e+03 3.442970e+02 0.000000e+00 0.000000e+00 0.000000e+00 0.000000e+00 0.000000e+00 0.000000e+00 0.000000e+00 0.000000e+00 0.000000e+00
2.178000e+00 0.000000e+00 -5.748772e+03 -8.245143e+03 0.000000e+00 0.000000e+00 0.000000e+00 -2.007439e+02 -1.935729e+02 2.036383e+03 3.459899e+02 0.000000e+00 0.000000e+00 0.000000e+00 0.000000e+00 0.000000e+00 0.000000e+00 0.000000e+00 0.000000e+00 0.000000e+00
2.179000e+00 0.000000e+00 -5.749604e+03 -8.241213e+03 0.000000e+00 0.000000e+00 0.000000e+00 -2.014346e+02 -1.942679e+02 2.036386e+03 3.476606e+02 0.000000e+00 0.000000e+00 0.000000e+00 0.000000e+00 0.000000e+00 0.000000e+00 0.000000e+00 0.000000e+00 0.000000e+00
2.180000e+00 0.000000e+00 -5.750242e+03 -8.237038e+03 0.000000e+00 0.000000e+00 0.000000e+00 -2.021158e+02 -1.949533e+02 2.036358e+03 3.493090e+02 0.000000e+00 0.000000e+00 0.000000e+00 0.000000e+00 0.000000e+00 0.000000e+00 0.000000e+00 0.000000e+00 0.000000e+00
2.181000e+00 0.000000e+00 -5.750687e+03 -8.232620e+03 0.000000e+00 0.000000e+00 0.000000e+00 -2.027873e+02 -1.956291e+02 2.036299e+03 3.509349e+02 0.000000e+00 0.000000e+00 0.000000e+00 0.000000e+00 0.000000e+00 0.000000e+00 0.000000e+00 0.000000e+00 0.000000e+00
2.182000e+00 0.000000e+00 -5.750937e+03 -8.227962e+03 0.000000e+00 0.000000e+00 0.000000e+00 -2.034492e+02 -1.962951e+02 2.036208e+03 3.525380e+02 0.000000e+00 0.000000e+00 0.000000e+00 0.000000e+00 0.000000e+00 0.000000e+00 0.000000e+00 0.000000e+00 0.000000e+00
2.183000e+00 0.000000e+00 -5.750993e+03 -8.223065e+03 0.000000e+00 0.000000e+00 0.000000e+00 -2.041014e+02 -1.969515e+02 2.036085e+03 3.541182e+02 0.000000e+00 0.000000e+00 0.000000e+00 0.000000e+00 0.000000e+00 0.000000e+00 0.000000e+00 0.000000e+00 0.000000e+00
2.184000e+00 0.000000e+00 -5.750853e+03 -8.217932e+03 0.000000e+00 0.000000e+00 0.000000e+00 -2.047438e+02 -1.975980e+02 2.035931e+03 3.556752e+02 0.000000e+00 0.000000e+00 0.000000e+00 0.000000e+00 0.000000e+00 0.000000e+00 0.000000e+00 0.000000e+00 0.000000e+00
2.185000e+00 0.000000e+00 -5.750518e+03 -8.212565e+03 0.000000e+00 0.000000e+00 0.000000e+00 -2.053763e+02 -1.982346e+02 2.035745e+03 3.572089e+02 0.000000e+00 0.000000e+00 0.000000e+00 0.000000e+00 0.000000e+00 0.000000e+00 0.000000e+00 0.000000e+00 0.000000e+00
2.186000e+00 0.000000e+00 -5.749988e+03 -8.206965e+03 0.000000e+00 0.000000e+00 0.000000e+00 -2.059990e+02 -1.988614e+02 2.035527e+03 3.587192e+02 0.000000e+00 0.000000e+00 0.000000e+00 0.000000e+00 0.000000e+00 0.000000e+00 0.000000e+00 0.000000e+00 0.000000e+00
2.187000e+00 0.000000e+00 -5.749261e+03 -8.201136e+03 0.000000e+00 0.000000e+00 0.000000e+00 -2.066117e+02 -1.994781e+02 2.035276e+03 3.602058e+02 0.000000e+00 0.000000e+00 0.000000e+00 0.000000e+00 0.000000e+00 0.000000e+00 0.000000e+00 0.000000e+00 0.000000e+00
2.188000e+00 0.000000e+00 -5.748339e+03 -8.195081e+03 0.000000e+00 0.000000e+00 0.000000e+00 -2.072144e+02 -2.000849e+02 2.034993e+03 3.616686e+02 0.000000e+00 0.000000e+00 0.000000e+00 0.000000e+00 0.000000e+00 0.000000e+00 0.000000e+00 0.000000e+00 0.000000e+00
2.189000e+00 0.000000e+00 -5.747221e+03 -8.188800e+03 0.000000e+00 0.000000e+00 0.000000e+00 -2.078071e+02 -2.006815e+02 2.034678e+03 3.631073e+02 0.000000e+00 0.000000e+00 0.000000e+00 0.000000e+00 0.000000e+00 0.000000e+00 0.000000e+00 0.000000e+00 0.000000e+00
2.190000e+00 0.000000e+00 -5.745907e+03 -8.182297e+03 0.000000e+00 0.000000e+00 0.000000e+00 -2.083896e+02 -2.012680e+02 2.034331e+03 3.645220e+02 0.000000e+00 0.000000e+00 0.000000e+00 0.000000e+00 0.000000e+00 0.000000e+00 0.000000e+00 0.000000e+00 0.000000e+00
2.191000e+00 0.000000e+00 -5.744397e+03 -8.175576e+03 0.000000e+00 0.000000e+00 0.000000e+00 -2.089620e+02 -2.018442e+02 2.033951e+03 3.659123e+02 0.000000e+00 0.000000e+00 0.000000e+00 0.000000e+00 0.000000e+00 0.000000e+00 0.000000e+00 0.000000e+00 0.000000e+00
2.192000e+00 0.000000e+00 -5.742692e+03 -8.168637e+03 0.000000e+00 0.000000e+00 0.000000e+00 -2.095242e+02 -2.024103e+02 2.033539e+03 3.672782e+02 0.000000e+00 0.000000e+00 0.000000e+00 0.000000e+00 0.000000e+00 0.000000e+00 0.000000e+00 0.000000e+00 0.000000e+00
2.193000e+00 0.000000e+00 -5.740792e+03 -8.161485e+03 0.000000e+00 0.000000e+00 0.000000e+00 -2.100762e+02 -2.029661e+02 2.033094e+03 3.686195e+02 0.000000e+00 0.000000e+00 0.000000e+00 0.000000e+00 0.000000e+00 0.000000e+00 0.000000e+00 0.000000e+00 0.000000e+00
2.194000e+00 0.000000e+00 -5.738697e+03 -8.154123e+03 0.000000e+00 0.000000e+00 0.000000e+00 -2.106178e+02 -2.035115e+02 2.032617e+03 3.699361e+02 0.000000e+00 0.000000e+00 0.000000e+00 0.000000e+00 0.000000e+00 0.000000e+00 0.000000e+00 0.000000e+00 0.000000e+00
2.195000e+00 0.000000e+00 -5.736408e+03 -8.146553e+03 0.000000e+00 0.000000e+00 0.000000e+00 -2.111492e+02 -2.040466e+02 2.032107e+03 3.712279e+02 0.000000e+00 0.000000e+00 0.000000e+00 0.000000e+00 0.000000e+00 0.000000e+00 0.000000e+00 0.000000e+00 0.000000e+00
2.196000e+00 0.000000e+00 -5.733926e+03 -8.138778e+03 0.000000e+00 0.000000e+00 0.000000e+00 -2.116702e+02 -2.045714e+02 2.031565e+03 3.724948e+02 0.000000e+00 0.000000e+00 0.000000e+00 0.000000e+00 0.000000e+00 0.000000e+00 0.000000e+00 0.000000e+00 0.000000e+00
2.197000e+00 0.000000e+00 -5.731251e+03 -8.130803e+03 0.000000e+00 0.000000e+00 0.000000e+00 -2.121809e+02 -2.050857e+02 2.030990e+03 3.737367e+02 0.000000e+00 0.000000e+00 0.000000e+00 0.000000e+00 0.000000e+00 0.000000e+00 0.000000e+00 0.000000e+00 0.000000e+00
2.198000e+00 0.000000e+00 -5.728385e+03 -8.122629e+03 0.000000e+00 0.000000e+00 0.000000e+00 -2.126812e+02 -2.055897e+02 2.030382e+03 3.749535e+02 0.000000e+00 0.000000e+00 0.000000e+00 0.000000e+00 0.000000e+00 0.000000e+00 0.000000e+00 0.000000e+00 0.000000e+00
2.199000e+00 0.000000e+00 -5.725327e+03 -8.114261e+03 0.000000e+00 0.000000e+00 0.000000e+00 -2.131712e+02 -2.060832e+02 2.029742e+03 3.761451e+02 0.000000e+00 0.000000e+00 0.000000e+00 0.000000e+00 0.000000e+00 0.000000e+00 0.000000e+00 0.000000e+00 0.000000e+00
2.200000e+00 0.000000e+00 -5.722079e+03 -8.105702e+03 0.000000e+00 0.000000e+00 0.000000e+00 -2.136507e+02 -2.065663e+02 2.029070e+03 3.773116e+02 0.000000e+00 0.000000e+00 0.000000e+00 0.000000e+00 0.000000e+00 0.000000e+00 0.000000e+00 0.000000e+00 0.000000e+00
2.201000e+00 0.000000e+00 -5.718641e+03 -8.096956e+03 0.000000e+00 0.000000e+00 0.000000e+00 -2.141199e+02 -2.070389e+02 2.028366e+03 3.784527e+02 0.000000e+00 0.000000e+00 0.000000e+00 0.000000e+00 0.000000e+00 0.000000e+00 0.000000e+00 0.000000e+00 0.000000e+00
2.202000e+00 0.000000e+00 -5.715016e+03 -8.088026e+03 0.000000e+00 0.000000e+00 0.000000e+00 -2.145786e+02 -2.075011e+02 2.027629e+03 3.795685e+02 0.000000e+00 0.000000e+00 0.000000e+00 0.000000e+00 0.000000e+00 0.000000e+00 0.000000e+00 0.000000e+00 0.000000e+00
2.203000e+00 0.000000e+00 -5.711204e+03 -8.078916e+03 0.000000e+00 0.000000e+00 0.000000e+00 -2.150270e+02 -2.079529e+02 2.026860e+03 3.806590e+02 0.000000e+00 0.000000e+00 0.000000e+00 0.000000e+00 0.000000e+00 0.000000e+00 0.000000e+00 0.000000e+00 0.000000e+00
2.204000e+00 0.000000e+00 -5.707207e+03 -8.069630e+03 0.000000e+00 0.000000e+00 0.000000e+00 -2.154650e+02 -2.083942e+02 2.026059e+03 3.817241e+02 0.000000e+00 0.000000e+00 0.000000e+00 0.000000e+00 0.000000e+00 0.000000e+00 0.000000e+00 0.000000e+00 0.000000e+00
2.205000e+00 0.000000e+00 -5.703026e+03 -8.060171e+03 0.000000e+00 0.000000e+00 0.000000e+00 -2.158926e+02 -2.088252e+02 2.025226e+03 3.827639e+02 0.000000e+00 0.000000e+00 0.000000e+00 0.000000e+00 0.000000e+00 0.000000e+00 0.000000e+00 0.000000e+00 0.000000e+00
2.206000e+00 0.000000e+00 -5.698662e+03 -8.050544e+03 0.000000e+00 0.000000e+00 0.000000e+00 -2.163099e+02 -2.092457e+02 2.024361e+03 3.837782e+02 0.000000e+00 0.000000e+00 0.000000e+00 0.000000e+00 0.000000e+00 0.000000e+00 0.000000e+00 0.000000e+00 0.000000e+00
2.207000e+00 0.000000e+00 -5.694116e+03 -8.040752e+03 0.000000e+00 0.000000e+00 0.000000e+00 -2.167169e+02 -2.096558e+02 2.023465e+03 3.847671e+02 0.000000e+00 0.000000e+00 0.000000e+00 0.000000e+00 0.000000e+00 0.000000e+00 0.000000e+00 0.000000e+00 0.000000e+00
2.208000e+00 0.000000e+00 -5.689392e+03 -8.030801e+03 0.000000e+00 0.000000e+00 0.000000e+00 -2.171135e+02 -2.100557e+02 2.022537e+03 3.857307e+02 0.000000e+00 0.000000e+00 0.000000e+00 0.000000e+00 0.000000e+00 0.000000e+00 0.000000e+00 0.000000e+00 0.000000e+00
2.209000e+00 0.000000e+00 -5.684489e+03 -8.020693e+03 0.000000e+00 0.000000e+00 0.000000e+00 -2.174999e+02 -2.104452e+02 2.021577e+03 3.866690e+02 0.000000e+00 0.000000e+00 0.000000e+00 0.000000e+00 0.000000e+00 0.000000e+00 0.000000e+00 0.000000e+00 0.000000e+00
2.210000e+00 0.000000e+00 -5.679411e+03 -8.010432e+03 0.000000e+00 0.000000e+00 0.000000e+00 -2.178761e+02 -2.108243e+02 2.020587e+03 3.875819e+02 0.000000e+00 0.000000e+00 0.000000e+00 0.000000e+00 0.000000e+00 0.000000e+00 0.000000e+00 0.000000e+00 0.000000e+00
2.211000e+00 0.000000e+00 -5.674158e+03 -8.000024e+03 0.000000e+00 0.000000e+00 0.000000e+00 -2.182420e+02 -2.111933e+02 2.019566e+03 3.884696e+02 0.000000e+00 0.000000e+00 0.000000e+00 0.000000e+00 0.000000e+00 0.000000e+00 0.000000e+00 0.000000e+00 0.000000e+00
2.212000e+00 0.000000e+00 -5.668733e+03 -7.989472e+03 0.000000e+00 0.000000e+00 0.000000e+00 -2.185978e+02 -2.115519e+02 2.018513e+03 3.893320e+02 0.000000e+00 0.000000e+00 0.000000e+00 0.000000e+00 0.000000e+00 0.000000e+00 0.000000e+00 0.000000e+00 0.000000e+00
2.213000e+00 0.000000e+00 -5.663138e+03 -7.978781e+03 0.000000e+00 0.000000e+00 0.000000e+00 -2.189433e+02 -2.119004e+02 2.017431e+03 3.901693e+02 0.000000e+00 0.000000e+00 0.000000e+00 0.000000e+00 0.000000e+00 0.000000e+00 0.000000e+00 0.000000e+00 0.000000e+00
2.214000e+00 0.000000e+00 -5.657375e+03 -7.967954e+03 0.000000e+00 0.000000e+00 0.000000e+00 -2.192788e+02 -2.122387e+02 2.016318e+03 3.909815e+02 0.000000e+00 0.000000e+00 0.000000e+00 0.000000e+00 0.000000e+00 0.000000e+00 0.000000e+00 0.000000e+00 0.000000e+00
2.215000e+00 0.000000e+00 -5.651446e+03 -7.956997e+03 0.000000e+00 0.000000e+00 0.000000e+00 -2.196043e+02 -2.125669e+02 2.015175e+03 3.917687e+02 0.000000e+00 0.000000e+00 0.000000e+00 0.000000e+00 0.000000e+00 0.000000e+00 0.000000e+00 0.000000e+00 0.000000e+00
2.216000e+00 0.000000e+00 -5.645352e+03 -7.945914e+03 0.000000e+00 0.000000e+00 0.000000e+00 -2.199197e+02 -2.128850e+02 2.014002e+03 3.925311e+02 0.000000e+00 0.000000e+00 0.000000e+00 0.000000e+00 0.000000e+00 0.000000e+00 0.000000e+00 0.000000e+00 0.000000e+00
2.217000e+00 0.000000e+00 -5.639098e+03 -7.934708e+03 0.000000e+00 0.000000e+00 0.000000e+00 -2.202252e+02 -2.131931e+02 2.012800e+03 3.932686e+02 0.000000e+00 0.000000e+00 0.000000e+00 0.000000e+00 0.000000e+00 0.000000e+00 0.000000e+00 0.000000e+00 0.000000e+00
2.218000e+00 0.000000e+00 -5.632684e+03 -7.923386e+03 0.000000e+00 0.000000e+00 0.000000e+00 -2.205208e+02 -2.134913e+02 2.011568e+03 3.939815e+02 0.000000e+00 0.000000e+00 0.000000e+00 0.000000e+00 0.000000e+00 0.000000e+00 0.000000e+00 0.000000e+00 0.000000e+00
2.219000e+00 0.000000e+00 -5.626113e+03 -7.911951e+03 0.000000e+00 0.000000e+00 0.000000e+00 -2.208065e+02 -2.137796e+02 2.010308e+03 3.946699e+02 0.000000e+00 0.000000e+00 0.000000e+00 0.000000e+00 0.000000e+00 0.000000e+00 0.000000e+00 0.000000e+00 0.000000e+00
2.220000e+00 0.000000e+00 -5.619389e+03 -7.900408e+03 0.000000e+00 0.000000e+00 0.000000e+00 -2.210826e+02 -2.140581e+02 2.009018e+03 3.953339e+02 0.000000e+00 0.000000e+00 0.000000e+00 0.000000e+00 0.000000e+00 0.000000e+00 0.000000e+00 0.000000e+00 0.000000e+00
2.221000e+00 0.000000e+00 -5.612513e+03 -7.888762e+03 0.000000e+00 0.000000e+00 0.000000e+00 -2.213490e+02 -2.143268e+02 2.007701e+03 3.959737e+02 0.000000e+00 0.000000e+00 0.000000e+00 0.000000e+00 0.000000e+00 0.000000e+00 0.000000e+00 0.000000e+00 0.000000e+00
2.222000e+00 0.000000e+00 -5.605488e+03 -7.877018e+03 0.000000e+00 0.000000e+00 0.000000e+00 -2.216058e+02 -2.145860e+02 2.006356e+03 3.965895e+02 0.000000e+00 0.000000e+00 0.000000e+00 0.000000e+00 0.000000e+00 0.000000e+00 0.000000e+00 0.000000e+00 0.000000e+00
2.223000e+00 0.000000e+00 -5.598317e+03 -7.865180e+03 0.000000e+00 0.000000e+00 0.000000e+00 -2.218532e+02 -2.148356e+02 2.004983e+03 3.971815e+02 0.000000e+00 0.000000e+00 0.000000e+00 0.000000e+00 0.000000e+00 0.000000e+00 0.000000e+00 0.000000e+00 0.000000e+00
2.224000e+00 0.000000e+00 -5.591003e+03 -7.853253e+03 0.000000e+00 0.000000e+00 0.000000e+00 -2.220911e+02 -2.150757e+02 2.003582e+03 3.977498e+02 0.000000e+00 0.000000e+00 0.000000e+00 0.000000e+00 0.000000e+00 0.000000e+00 0.000000e+00 0.000000e+00 0.000000e+00
2.225000e+00 0.000000e+00 -5.583549e+03 -7.841243e+03 0.000000e+00 0.000000e+00 0.000000e+00 -2.223198e+02 -2.153066e+02 2.002155e+03 3.982947e+02 0.000000e+00 0.000000e+00 0.000000e+00 0.000000e+00 0.000000e+00 0.000000e+00 0.000000e+00 0.000000e+00 0.000000e+00
2.226000e+00 0.000000e+00 -5.575957e+03 -7.829154e+03 0.000000e+00 0.000000e+00 0.000000e+00 -2.225393e+02 -2.155281e+02 2.000702e+03 3.988165e+02 0.000000e+00 0.000000e+00 0.000000e+00 0.000000e+00 0.000000e+00 0.000000e+00 0.000000e+00 0.000000e+00 0.000000e+00
2.227000e+00 0.000000e+00 -5.568231e+03 -7.816990e+03 0.000000e+00 0.000000e+00 0.000000e+00 -2.227498e+02 -2.157406e+02 1.999222e+03 3.993152e+02 0.000000e+00 0.000000e+00 0.000000e+00 0.000000e+00 0.000000e+00 0.000000e+00 0.000000e+00 0.000000e+00 0.000000e+00
2.228000e+00 0.000000e+00 -5.560374e+03 -7.804758e+03 0.000000e+00 0.000000e+00 0.000000e+00 -2.229514e+02 -2.159440e+02 1.997716e+03 3.997913e+02 0.000000e+00 0.000000e+00 0.000000e+00 0.000000e+00 0.000000e+00 0.000000e+00 0.000000e+00 0.000000e+00 0.000000e+00
2.229000e+00 0.000000e+00 -5.552388e+03 -7.792462e+03 0.000000e+00 0.000000e+00 0.000000e+00 -2.231441e+02 -2.161386e+02 1.996185e+03 4.002449e+02 0.000000e+00 0.000000e+00 0.000000e+00 0.000000e+00 0.000000e+00 0.000000e+00 0.000000e+00 0.000000e+00 0.000000e+00
2.230000e+00 0.000000e+00 -5.544277e+03 -7.780107e+03 0.000000e+00 0.000000e+00 0.000000e+00 -2.233281e+02 -2.163244e+02 1.994630e+03 4.006764e+02 0.000000e+00 0.000000e+00 0.000000e+00 0.000000e+00 0.000000e+00 0.000000e+00 0.000000e+00 0.000000e+00 0.000000e+00
2.231000e+00 0.000000e+00 -5.536045e+03 -7.767698e+03 0.000000e+00 0.000000e+00 0.000000e+00 -2.235036e+02 -2.165016e+02 1.993049e+03 4.010861e+02 0.000000e+00 0.000000e+00 0.000000e+00 0.000000e+00 0.000000e+00 0.000000e+00 0.000000e+00 0.000000e+00 0.000000e+00
2.232000e+00 0.000000e+00 -5.527694e+03 -7.755240e+03 0.000000e+00 0.000000e+00 0.000000e+00 -2.236707e+02 -2.166703e+02 1.991445e+03 4.014741e+02 0.000000e+00 0.000000e+00 0.000000e+00 0.000000e+00 0.000000e+00 0.000000e+00 0.000000e+00 0.000000e+00 0.000000e+00
2.233000e+00 0.000000e+00 -5.519228e+03 -7.742739e+03 0.000000e+00 0.000000e+00 0.000000e+00 -2.238295e+02 -2.168307e+02 1.989817e+03 4.018410e+02 0.000000e+00 0.000000e+00 0.000000e+00 0.000000e+00 0.000000e+00 0.000000e+00 0.000000e+00 0.000000e+00 0.000000e+00
2.234000e+00 0.000000e+00 -5.510651e+03 -7.730199e+03 0.000000e+00 0.000000e+00 0.000000e+00 -2.239802e+02 -2.169829e+02 1.988167e+03 4.021868e+02 0.000000e+00 0.000000e+00 0.000000e+00 0.000000e+00 0.000000e+00 0.000000e+00 0.000000e+00 0.000000e+00 0.000000e+00
2.235000e+00 0.000000e+00 -5.501965e+03 -7.717625e+03 0.000000e+00 0.000000e+00 0.000000e+00 -2.241228e+02 -2.171269e+02 1.986493e+03 4.025121e+02 0.000000e+00 0.000000e+00 0.000000e+00 0.000000e+00 0.000000e+00 0.000000e+00 0.000000e+00 0.000000e+00 0.000000e+00
2.236000e+00 0.000000e+00 -5.493174e+03 -7.705023e+03 0.000000e+00 0.000000e+00 0.000000e+00 -2.242577e+02 -2.172631e+02 1.984798e+03 4.028171e+02 0.000000e+00 0.000000e+00 0.000000e+00 0.000000e+00 0.000000e+00 0.000000e+00 0.000000e+00 0.000000e+00 0.000000e+00
2.237000e+00 0.000000e+00 -5.484283e+03 -7.692397e+03 0.000000e+00 0.000000e+00 0.000000e+00 -2.243848e+02 -2.173914e+02 1.983081e+03 4.031022e+02 0.000000e+00 0.000000e+00 0.000000e+00 0.000000e+00 0.000000e+00 0.000000e+00 0.000000e+00 0.000000e+00 0.000000e+00
2.238000e+00 0.000000e+00 -5.475294e+03 -7.679753e+03 0.000000e+00 0.000000e+00 0.000000e+00 -2.245044e+02 -2.175122e+02 1.981342e+03 4.033678e+02 0.000000e+00 0.000000e+00 0.000000e+00 0.000000e+00 0.000000e+00 0.000000e+00 0.000000e+00 0.000000e+00 0.000000e+00
2.239000e+00 0.000000e+00 -5.466211e+03 -7.667096e+03 0.000000e+00 0.000000e+00 0.000000e+00 -2.246166e+02 -2.176255e+02 1.979584e+03 4.036142e+02 0.000000e+00 0.000000e+00 0.000000e+00 0.000000e+00 0.000000e+00 0.000000e+00 0.000000e+00 0.000000e+00 0.000000e+00
2.240000e+00 0.000000e+00 -5.457037e+03 -7.654430e+03 0.000000e+00 0.000000e+00 0.000000e+00 -2.247216e+02 -2.177316e+02 1.977805e+03 4.038419e+02 0.000000e+00 0.000000e+00 0.000000e+00 0.000000e+00 0.000000e+00 0.000000e+00 0.000000e+00 0.000000e+00 0.000000e+00
2.241000e+00 0.000000e+00 -5.447778e+03 -7.641762e+03 0.000000e+00 0.000000e+00 0.000000e+00 -2.248196e+02 -2.178306e+02 1.976006e+03 4.040513e+02 0.000000e+00 0.000000e+00 0.000000e+00 0.000000e+00 0.000000e+00 0.000000e+00 0.000000e+00 0.000000e+00 0.000000e+00
2.242000e+00 0.000000e+00 -5.438436e+03 -7.629095e+03 0.000000e+00 0.000000e+00 0.000000e+00 -2.249108e+02 -2.179226e+02 1.974189e+03 4.042427e+02 0.000000e+00 0.000000e+00 0.000000e+00 0.000000e+00 0.000000e+00 0.000000e+00 0.000000e+00 0.000000e+00 0.000000e+00
2.243000e+00 0.000000e+00 -5.429014e+03 -7.616436e+03 0.000000e+00 0.000000e+00 0.000000e+00 -2.249954e+02 -2.180079e+02 1.972353e+03 4.044166e+02 0.000000e+00 0.000000e+00 0.000000e+00 0.000000e+00 0.000000e+00 0.000000e+00 0.000000e+00 0.000000e+00 0.000000e+00
2.244000e+00 0.000000e+00 -5.419518e+03 -7.603789e+03 0.000000e+00 0.000000e+00 0.000000e+00 -2.250734e+02 -2.180867e+02 1.970500e+03 4.045735e+02 0.000000e+00 0.000000e+00 0.000000e+00 0.000000e+00 0.000000e+00 0.000000e+00 0.000000e+00 0.000000e+00 0.000000e+00
2.245000e+00 0.000000e+00 -5.409951e+03 -7.591160e+03 0.000000e+00 0.000000e+00 0.000000e+00 -2.251453e+02 -2.181592e+02 1.968629e+03 4.047138e+02 0.000000e+00 0.000000e+00 0.000000e+00 0.000000e+00 0.000000e+00 0.000000e+00 0.000000e+00 0.000000e+00 0.000000e+00
2.246000e+00 0.000000e+00 -5.400317e+03 -7.578553e+03 0.000000e+00 0.000000e+00 0.000000e+00 -2.252111e+02 -2.182255e+02 1.966741e+03 4.048380e+02 0.000000e+00 0.000000e+00 0.000000e+00 0.000000e+00 0.000000e+00 0.000000e+00 0.000000e+00 0.000000e+00 0.000000e+00
2.247000e+00 0.000000e+00 -5.390620e+03 -7.565974e+03 0.000000e+00 0.000000e+00 0.000000e+00 -2.252710e+02 -2.182859e+02 1.964837e+03 4.049465e+02 0.000000e+00 0.000000e+00 0.000000e+00 0.000000e+00 0.000000e+00 0.000000e+00 0.000000e+00 0.000000e+00 0.000000e+00
2.248000e+00 0.000000e+00 -5.380863e+03 -7.553428e+03 0.000000e+00 0.000000e+00 0.000000e+00 -2.253253e+02 -2.183406e+02 1.962918e+03 4.050400e+02 0.000000e+00 0.000000e+00 0.000000e+00 0.000000e+00 0.000000e+00 0.000000e+00 0.000000e+00 0.000000e+00 0.000000e+00
2.249000e+00 0.000000e+00 -5.371052e+03 -7.540919e+03 0.000000e+00 0.000000e+00 0.000000e+00 -2.253742e+02 -2.183898e+02 1.960984e+03 4.051187e+02 0.000000e+00 0.000000e+00 0.000000e+00 0.000000e+00 0.000000e+00 0.000000e+00 0.000000e+00 0.000000e+00 0.000000e+00
2.250000e+00 0.000000e+00 -5.361189e+03 -7.528454e+03 0.000000e+00 0.000000e+00 0.000000e+00 -2.254179e+02 -2.184337e+02 1.959035e+03 4.051834e+02 0.000000e+00 0.000000e+00 0.000000e+00 0.000000e+00 0.000000e+00 0.000000e+00 0.000000e+00 0.000000e+00 0.000000e+00
2.251000e+00 0.000000e+00 -5.351279e+03 -7.516036e+03 0.000000e+00 0.000000e+00 0.000000e+00 -2.254566e+02 -2.184726e+02 1.957073e+03 4.052345e+02 0.000000e+00 0.000000e+00 0.000000e+00 0.000000e+00 0.000000e+00 0.000000e+00 0.000000e+00 0.000000e+00 0.000000e+00
2.252000e+00 0.000000e+00 -5.341326e+03 -7.503671e+03 0.000000e+00 0.000000e+00 0.000000e+00 -2.254906e+02 -2.185066e+02 1.955097e+03 4.052725e+02 0.000000e+00 0.000000e+00 0.000000e+00 0.000000e+00 0.000000e+00 0.000000e+00 0.000000e+00 0.000000e+00 0.000000e+00
2.253000e+00 0.000000e+00 -5.331334e+03 -7.491365e+03 0.000000e+00 0.000000e+00 0.000000e+00 -2.255201e+02 -2.185361e+02 1.953109e+03 4.052980e+02 0.000000e+00 0.000000e+00 0.000000e+00 0.000000e+00 0.000000e+00 0.000000e+00 0.000000e+00 0.000000e+00 0.000000e+00
2.254000e+00 0.000000e+00 -5.321307e+03 -7.479121e+03 0.000000e+00 0.000000e+00 0.000000e+00 -2.255454e+02 -2.185612e+02 1.951109e+03 4.053115e+02 0.000000e+00 0.000000e+00 0.000000e+00 0.000000e+00 0.000000e+00 0.000000e+00 0.000000e+00 0.000000e+00 0.000000e+00
2.255000e+00 0.000000e+00 -5.311249e+03 -7.466945e+03 0.000000e+00 0.000000e+00 0.000000e+00 -2.255667e+02 -2.185823e+02 1.949098e+03 4.053137e+02 0.000000e+00 0.000000e+00 0.000000e+00 0.000000e+00 0.000000e+00 0.000000e+00 0.000000e+00 0.000000e+00 0.000000e+00
2.256000e+00 0.000000e+00 -5.301165e+03 -7.454841e+03 0.000000e+00 0.000000e+00 0.000000e+00 -2.255841e+02 -2.185994e+02 1.947076e+03 4.053050e+02 0.000000e+00 0.000000e+00 0.000000e+00 0.000000e+00 0.000000e+00 0.000000e+00 0.000000e+00 0.000000e+00 0.000000e+00
2.257000e+00 0.000000e+00 -5.291058e+03 -7.442815e+03 0.000000e+00 0.000000e+00 0.000000e+00 -2.255981e+02 -2.186130e+02 1.945044e+03 4.052861e+02 0.000000e+00 0.000000e+00 0.000000e+00 0.000000e+00 0.000000e+00 0.000000e+00 0.000000e+00 0.000000e+00 0.000000e+00
2.258000e+00 0.000000e+00 -5.280933e+03 -7.430872e+03 0.000000e+00 0.000000e+00 0.000000e+00 -2.256088e+02 -2.186232e+02 1.943003e+03 4.052576e+02 0.000000e+00 0.000000e+00 0.000000e+00 0.000000e+00 0.000000e+00 0.000000e+00 0.000000e+00 0.000000e+00 0.000000e+00
2.259000e+00 0.000000e+00 -5.270794e+03 -7.419015e+03 0.000000e+00 0.000000e+00 0.000000e+00 -2.256164e+02 -2.186303e+02 1.940953e+03 4.052200e+02 0.000000e+00 0.000000e+00 0.000000e+00 0.000000e+00 0.000000e+00 0.000000e+00 0.000000e+00 0.000000e+00 0.000000e+00
2.260000e+00 0.000000e+00 -5.260645e+03 -7.407250e+03 0.000000e+00 0.000000e+00 0.000000e+00 -2.256213e+02 -2.186345e+02 1.938895e+03 4.051739e+02 0.000000e+00 0.000000e+00 0.000000e+00 0.000000e+00 0.000000e+00 0.000000e+00 0.000000e+00 0.000000e+00 0.000000e+00
2.261000e+00 0.000000e+00 -5.250491e+03 -7.395581e+03 0.000000e+00 0.000000e+00 0.000000e+00 -2.256237e+02 -2.186362e+02 1.936829e+03 4.051200e+02 0.000000e+00 0.000000e+00 0.000000e+00 0.000000e+00 0.000000e+00 0.000000e+00 0.000000e+00 0.000000e+00 0.000000e+00
2.262000e+00 0.000000e+00 -5.240334e+03 -7.384013e+03 0.000000e+00 0.000000e+00 0.000000e+00 -2.256238e+02 -2.186355e+02 1.934757e+03 4.050589e+02 0.000000e+00 0.000000e+00 0.000000e+00 0.000000e+00 0.000000e+00 0.000000e+00 0.000000e+00 0.000000e+00 0.000000e+00
2.263000e+00 0.000000e+00 -5.230180e+03 -7.372551e+03 0.000000e+00 0.000000e+00 0.000000e+00 -2.256219e+02 -2.186327e+02 1.932679e+03 4.049912e+02 0.000000e+00 0.000000e+00 0.000000e+00 0.000000e+00 0.000000e+00 0.000000e+00 0.000000e+00 0.000000e+00 0.000000e+00
2.264000e+00 0.000000e+00 -5.220033e+03 -7.361198e+03 0.000000e+00 0.000000e+00 0.000000e+00 -2.256184e+02 -2.186281e+02 1.930595e+03 4.049176e+02 0.000000e+00 0.000000e+00 0.000000e+00 0.000000e+00 0.000000e+00 0.000000e+00 0.000000e+00 0.000000e+00 0.000000e+00
2.265000e+00 0.000000e+00 -5.209896e+03 -7.349960e+03 0.000000e+00 0.000000e+00 0.000000e+00 -2.256134e+02 -2.186221e+02 1.928506e+03 4.048386e+02 0.000000e+00 0.000000e+00 0.000000e+00 0.000000e+00 0.000000e+00 0.000000e+00 0.000000e+00 0.000000e+00 0.000000e+00
2.266000e+00 0.000000e+00 -5.199775e+03 -7.338841e+03 0.000000e+00 0.000000e+00 0.000000e+00 -2.256072e+02 -2.186147e+02 1.926413e+03 4.047550e+02 0.000000e+00 0.000000e+00 0.000000e+00 0.000000e+00 0.000000e+00 0.000000e+00 0.000000e+00 0.000000e+00 0.000000e+00
2.267000e+00 0.000000e+00 -5.189672e+03 -7.327845e+03 0.000000e+00 0.000000e+00 0.000000e+00 -2.256002e+02 -2.186064e+02 1.924317e+03 4.046674e+02 0.000000e+00 0.000000e+00 0.000000e+00 0.000000e+00 0.000000e+00 0.000000e+00 0.000000e+00 0.000000e+00 0.000000e+00
2.268000e+00 0.000000e+00 -5.179593e+03 -7.316977e+03 0.000000e+00 0.000000e+00 0.000000e+00 -2.255926e+02 -2.185975e+02 1.922217e+03 4.045765e+02 0.000000e+00 0.000000e+00 0.000000e+00 0.000000e+00 0.000000e+00 0.000000e+00 0.000000e+00 0.000000e+00 0.000000e+00
2.269000e+00 0.000000e+00 -5.169541e+03 -7.306240e+03 0.000000e+00 0.000000e+00 0.000000e+00 -2.255847e+02 -2.185881e+02 1.920116e+03 4.044830e+02 0.000000e+00 0.000000e+00 0.000000e+00 0.000000e+00 0.000000e+00 0.000000e+00 0.000000e+00 0.000000e+00 0.000000e+00
2.270000e+00 0.000000e+00 -5.159520e+03 -7.295639e+03 0.000000e+00 0.000000e+00 0.000000e+00 -2.255768e+02 -2.185786e+02 1.918012e+03 4.043874e+02 0.000000e+00 0.000000e+00 0.000000e+00 0.000000e+00 0.000000e+00 0.000000e+00 0.000000e+00 0.000000e+00 0.000000e+00
2.271000e+00 0.000000e+00 -5.149534e+03 -7.285179e+03 0.000000e+00 0.000000e+00 0.000000e+00 -2.255691e+02 -2.185693e+02 1.915908e+03 4.042905e+02 0.000000e+00 0.000000e+00 0.000000e+00 0.000000e+00 0.000000e+00 0.000000e+00 0.000000e+00 0.000000e+00 0.000000e+00
2.272000e+00 0.000000e+00 -5.139588e+03 -7.274862e+03 0.000000e+00 0.000000e+00 0.000000e+00 -2.255620e+02 -2.185605e+02 1.913804e+03 4.041930e+02 0.000000e+00 0.000000e+00 0.000000e+00 0.000000e+00 0.000000e+00 0.000000e+00 0.000000e+00 0.000000e+00 0.000000e+00
2.273000e+00 0.000000e+00 -5.129686e+03 -7.264693e+03 0.000000e+00 0.000000e+00 0.000000e+00 -2.255557e+02 -2.185524e+02 1.911700e+03 4.040956e+02 0.000000e+00 0.000000e+00 0.000000e+00 0.000000e+00 0.000000e+00 0.000000e+00 0.000000e+00 0.000000e+00 0.000000e+00
2.274000e+00 0.000000e+00 -5.119830e+03 -7.254677e+03 0.000000e+00 0.000000e+00 0.000000e+00 -2.255506e+02 -2.185454e+02 1.909597e+03 4.039989e+02 0.000000e+00 0.000000e+00 0.000000e+00 0.000000e+00 0.000000e+00 0.000000e+00 0.000000e+00 0.000000e+00 0.000000e+00
2.275000e+00 0.000000e+00 -5.110026e+03 -7.244816e+03 0.000000e+00 0.000000e+00 0.000000e+00 -2.255470e+02 -2.185398e+02 1.907496e+03 4.039037e+02 0.000000e+00 0.000000e+00 0.000000e+00 0.000000e+00 0.000000e+00 0.000000e+00 0.000000e+00 0.000000e+00 0.000000e+00
2.276000e+00 0.000000e+00 -5.100277e+03 -7.235115e+03 0.000000e+00 0.000000e+00 0.000000e+00 -2.255451e+02 -2.185358e+02 1.905397e+03 4.038106e+02 0.000000e+00 0.000000e+00 0.000000e+00 0.000000e+00 0.000000e+00 0.000000e+00 0.000000e+00 0.000000e+00 0.000000e+00
2.277000e+00 0.000000e+00 -5.090588e+03 -7.225577e+03 0.000000e+00 0.000000e+00 0.000000e+00 -2.255452e+02 -2.185337e+02 1.903301e+03 4.037204e+02 0.000000e+00 0.000000e+00 0.000000e+00 0.000000e+00 0.000000e+00 0.000000e+00 0.000000e+00 0.000000e+00 0.000000e+00
2.278000e+00 0.000000e+00 -5.080961e+03 -7.216205e+03 0.000000e+00 0.000000e+00 0.000000e+00 -2.255477e+02 -2.185339e+02 1.901209e+03 4.036337e+02 0.000000e+00 0.000000e+00 0.000000e+00 0.000000e+00 0.000000e+00 0.000000e+00 0.000000e+00 0.000000e+00 0.000000e+00
2.279000e+00 0.000000e+00 -5.071401e+03 -7.207005e+03 0.000000e+00 0.000000e+00 0.000000e+00 -2.255528e+02 -2.185366e+02 1.899121e+03 4.035512e+02 0.000000e+00 0.000000e+00 0.000000e+00 0.000000e+00 0.000000e+00 0.000000e+00 0.000000e+00 0.000000e+00 0.000000e+00
2.280000e+00 0.000000e+00 -5.061911e+03 -7.197977e+03 0.000000e+00 0.000000e+00 0.000000e+00 -2.255609e+02 -2.185423e+02 1.897037e+03 4.034737e+02 0.000000e+00 0.000000e+00 0.000000e+00 0.000000e+00 0.000000e+00 0.000000e+00 0.000000e+00 0.000000e+00 0.000000e+00
2.281000e+00 0.000000e+00 -5.052496e+03 -7.189128e+03 0.000000e+00 0.000000e+00 0.000000e+00 -2.255722e+02 -2.185510e+02 1.894959e+03 4.034019e+02 0.000000e+00 0.000000e+00 0.000000e+00 0.000000e+00 0.000000e+00 0.000000e+00 0.000000e+00 0.000000e+00 0.000000e+00
2.282000e+00 0.000000e+00 -5.043159e+03 -7.180458e+03 0.000000e+00 0.000000e+00 0.000000e+00 -2.255870e+02 -2.185632e+02 1.892888e+03 4.033364e+02 0.000000e+00 0.000000e+00 0.000000e+00 0.000000e+00 0.000000e+00 0.000000e+00 0.000000e+00 0.000000e+00 0.000000e+00
2.283000e+00 0.000000e+00 -5.033903e+03 -7.171972e+03 0.000000e+00 0.000000e+00 0.000000e+00 -2.256057e+02 -2.185792e+02 1.890823e+03 4.032779e+02 0.000000e+00 0.000000e+00 0.000000e+00 0.000000e+00 0.000000e+00 0.000000e+00 0.000000e+00 0.000000e+00 0.000000e+00
2.284000e+00 0.000000e+00 -5.024732e+03 -7.163672e+03 0.000000e+00 0.000000e+00 0.000000e+00 -2.256285e+02 -2.185992e+02 1.888765e+03 4.032272e+02 0.000000e+00 0.000000e+00 0.000000e+00 0.000000e+00 0.000000e+00 0.000000e+00 0.000000e+00 0.000000e+00 0.000000e+00
2.285000e+00 0.000000e+00 -5.015650e+03 -7.155562e+03 0.000000e+00 0.000000e+00 0.000000e+00 -2.256558e+02 -2.186235e+02 1.886715e+03 4.031849e+02 0.000000e+00 0.000000e+00 0.000000e+00 0.000000e+00 0.000000e+00 0.000000e+00 0.000000e+00 0.000000e+00 0.000000e+00
2.286000e+00 0.000000e+00 -5.006660e+03 -7.147645e+03 0.000000e+00 0.000000e+00 0.000000e+00 -2.256878e+02 -2.186525e+02 1.884673e+03 4.031518e+02 0.000000e+00 0.000000e+00 0.000000e+00 0.000000e+00 0.000000e+00 0.000000e+00 0.000000e+00 0.000000e+00 0.000000e+00
2.287000e+00 0.000000e+00 -4.997766e+03 -7.139923e+03 0.000000e+00 0.000000e+00 0.000000e+00 -2.257248e+02 -2.186864e+02 1.882641e+03 4.031285e+02 0.000000e+00 0.000000e+00 0.000000e+00 0.000000e+00 0.000000e+00 0.000000e+00 0.000000e+00 0.000000e+00 0.000000e+00
2.288000e+00 0.000000e+00 -4.988970e+03 -7.132399e+03 0.000000e+00 0.000000e+00 0.000000e+00 -2.257672e+02 -2.187256e+02 1.880618e+03 4.031158e+02 0.000000e+00 0.000000e+00 0.000000e+00 0.000000e+00 0.000000e+00 0.000000e+00 0.000000e+00 0.000000e+00 0.000000e+00
2.289000e+00 0.000000e+00 -4.980277e+03 -7.125076e+03 0.000000e+00 0.000000e+00 0.000000e+00 -2.258153e+02 -2.187704e+02 1.878605e+03 4.031143e+02 0.000000e+00 0.000000e+00 0.000000e+00 0.000000e+00 0.000000e+00 0.000000e+00 0.000000e+00 0.000000e+00 0.000000e+00
2.290000e+00 0.000000e+00 -4.971690e+03 -7.117956e+03 0.000000e+00 0.000000e+00 0.000000e+00 -2.258693e+02 -2.188210e+02 1.876603e+03 4.031248e+02 0.000000e+00 0.000000e+00 0.000000e+00 0.000000e+00 0.000000e+00 0.000000e+00 0.000000e+00 0.000000e+00 0.000000e+00
2.291000e+00 0.000000e+00 -4.963211e+03 -7.111042e+03 0.000000e+00 0.000000e+00 0.000000e+00 -2.259295e+02 -2.188777e+02 1.874613e+03 4.031479e+02 0.000000e+00 0.000000e+00 0.000000e+00 0.000000e+00 0.000000e+00 0.000000e+00 0.000000e+00 0.000000e+00 0.000000e+00
2.292000e+00 0.000000e+00 -4.954844e+03 -7.104337e+03 0.000000e+00 0.000000e+00 0.000000e+00 -2.259963e+02 -2.189409e+02 1.872634e+03 4.031842e+02 0.000000e+00 0.000000e+00 0.000000e+00 0.000000e+00 0.000000e+00 0.000000e+00 0.000000e+00 0.000000e+00 0.000000e+00
2.293000e+00 0.000000e+00 -4.946591e+03 -7.097841e+03 0.000000e+00 0.000000e+00 0.000000e+00 -2.260699e+02 -2.190109e+02 1.870668e+03 4.032345e+02 0.000000e+00 0.000000e+00 0.000000e+00 0.000000e+00 0.000000e+00 0.000000e+00 0.000000e+00 0.000000e+00 0.000000e+00
2.294000e+00 0.000000e+00 -4.938457e+03 -7.091558e+03 0.000000e+00 0.000000e+00 0.000000e+00 -2.261507e+02 -2.190879e+02 1.868714e+03 4.032995e+02 0.000000e+00 0.000000e+00 0.000000e+00 0.000000e+00 0.000000e+00 0.000000e+00 0.000000e+00 0.000000e+00 0.000000e+00
2.295000e+00 0.000000e+00 -4.930444e+03 -7.085490e+03 0.000000e+00 0.000000e+00 0.000000e+00 -2.262389e+02 -2.191722e+02 1.866774e+03 4.033798e+02 0.000000e+00 0.000000e+00 0.000000e+00 0.000000e+00 0.000000e+00 0.000000e+00 0.000000e+00 0.000000e+00 0.000000e+00
2.296000e+00 0.000000e+00 -4.922554e+03 -7.079639e+03 0.000000e+00 0.000000e+00 0.000000e+00 -2.263347e+02 -2.192641e+02 1.864848e+03 4.034760e+02 0.000000e+00 0.000000e+00 0.000000e+00 0.000000e+00 0.000000e+00 0.000000e+00 0.000000e+00 0.000000e+00 0.000000e+00
2.297000e+00 0.000000e+00 -4.914791e+03 -7.074005e+03 0.000000e+00 0.000000e+00 0.000000e+00 -2.264386e+02 -2.193640e+02 1.862937e+03 4.035889e+02 0.000000e+00 0.000000e+00 0.000000e+00 0.000000e+00 0.000000e+00 0.000000e+00 0.000000e+00 0.000000e+00 0.000000e+00
2.298000e+00 0.000000e+00 -4.907157e+03 -7.068592e+03 0.000000e+00 0.000000e+00 0.000000e+00 -2.265507e+02 -2.194720e+02 1.861040e+03 4.037190e+02 0.000000e+00 0.000000e+00 0.000000e+00 0.000000e+00 0.000000e+00 0.000000e+00 0.000000e+00 0.000000e+00 0.000000e+00
2.299000e+00 0.000000e+00 -4.899655e+03 -7.063401e+03 0.000000e+00 0.000000e+00 0.000000e+00 -2.266714e+02 -2.195884e+02 1.859159e+03 4.038670e+02 0.000000e+00 0.000000e+00 0.000000e+00 0.000000e+00 0.000000e+00 0.000000e+00 0.000000e+00 0.000000e+00 0.000000e+00
2.300000e+00 0.000000e+00 -4.892287e+03 -7.058433e+03 0.000000e+00 0.000000e+00 0.000000e+00 -2.268009e+02 -2.197136e+02 1.857293e+03 4.040335e+02 0.000000e+00 0.000000e+00 0.000000e+00 0.000000e+00 0.000000e+00 0.000000e+00 0.000000e+00 0.000000e+00 0.000000e+00
2.301000e+00 0.000000e+00 -4.885057e+03 -7.053690e+03 0.000000e+00 0.000000e+00 0.000000e+00 -2.269395e+02 -2.198478e+02 1.855444e+03 4.042192e+02 0.000000e+00 0.000000e+00 0.000000e+00 0.000000e+00 0.000000e+00 0.000000e+00 0.000000e+00 0.000000e+00 0.000000e+00
2.302000e+00 0.000000e+00 -4.877965e+03 -7.049173e+03 0.000000e+00 0.000000e+00 0.000000e+00 -2.270874e+02 -2.199912e+02 1.853612e+03 4.044245e+02 0.000000e+00 0.000000e+00 0.000000e+00 0.000000e+00 0.000000e+00 0.000000e+00 0.000000e+00 0.000000e+00 0.000000e+00
2.303000e+00 0.000000e+00 -4.871016e+03 -7.044883e+03 0.000000e+00 0.000000e+00 0.000000e+00 -2.272450e+02 -2.201442e+02 1.851796e+03 4.046503e+02 0.000000e+00 0.000000e+00 0.000000e+00 0.000000e+00 0.000000e+00 0.000000e+00 0.000000e+00 0.000000e+00 0.000000e+00
2.304000e+00 0.000000e+00 -4.864210e+03 -7.040821e+03 0.000000e+00 0.000000e+00 0.000000e+00 -2.274124e+02 -2.203069e+02 1.849999e+03 4.048969e+02 0.000000e+00 0.000000e+00 0.000000e+00 0.000000e+00 0.000000e+00 0.000000e+00 0.000000e+00 0.000000e+00 0.000000e+00
2.305000e+00 0.000000e+00 -4.857551e+03 -7.036989e+03 0.000000e+00 0.000000e+00 0.000000e+00 -2.275900e+02 -2.204797e+02 1.848219e+03 4.051651e+02 0.000000e+00 0.000000e+00 0.000000e+00 0.000000e+00 0.000000e+00 0.000000e+00 0.000000e+00 0.000000e+00 0.000000e+00
2.306000e+00 0.000000e+00 -4.851040e+03 -7.033387e+03 0.000000e+00 0.000000e+00 0.000000e+00 -2.277780e+02 -2.206628e+02 1.846458e+03 4.054553e+02 0.000000e+00 0.000000e+00 0.000000e+00 0.000000e+00 0.000000e+00 0.000000e+00 0.000000e+00 0.000000e+00 0.000000e+00
2.307000e+00 0.000000e+00 -4.844679e+03 -7.030016e+03 0.000000e+00 0.000000e+00 0.000000e+00 -2.279765e+02 -2.208564e+02 1.844716e+03 4.057682e+02 0.000000e+00 0.000000e+00 0.000000e+00 0.000000e+00 0.000000e+00 0.000000e+00 0.000000e+00 0.000000e+00 0.000000e+00
2.308000e+00 0.000000e+00 -4.838471e+03 -7.026876e+03 0.000000e+00 0.000000e+00 0.000000e+00 -2.281860e+02 -2.210608e+02 1.842993e+03 4.061042e+02 0.000000e+00 0.000000e+00 0.000000e+00 0.000000e+00 0.000000e+00 0.000000e+00 0.000000e+00 0.000000e+00 0.000000e+00
2.309000e+00 0.000000e+00 -4.832417e+03 -7.023969e+03 0.000000e+00 0.000000e+00 0.000000e+00 -2.284065e+02 -2.212762e+02 1.841289e+03 4.064639e+02 0.000000e+00 0.000000e+00 0.000000e+00 0.000000e+00 0.000000e+00 0.000000e+00 0.000000e+00 0.000000e+00 0.000000e+00
2.310000e+00 0.000000e+00 -4.826519e+03 -7.021294e+03 0.000000e+00 0.000000e+00 0.000000e+00 -2.286385e+02 -2.215029e+02 1.839606e+03 4.068479e+02 0.000000e+00 0.000000e+00 0.000000e+00 0.000000e+00 0.000000e+00 0.000000e+00 0.000000e+00 0.000000e+00 0.000000e+00
2.311000e+00 0.000000e+00 -4.820778e+03 -7.018852e+03 0.000000e+00 0.000000e+00 0.000000e+00 -2.288820e+02 -2.217410e+02 1.837942e+03 4.072567e+02 0.000000e+00 0.000000e+00 0.000000e+00 0.000000e+00 0.000000e+00 0.000000e+00 0.000000e+00 0.000000e+00 0.000000e+00
2.312000e+00 0.000000e+00 -4.815196e+03 -7.016644e+03 0.000000e+00 0.000000e+00 0.000000e+00 -2.291373e+02 -2.219909e+02 1.836299e+03 4.076907e+02 0.000000e+00 0.000000e+00 0.000000e+00 0.000000e+00 0.000000e+00 0.000000e+00 0.000000e+00 0.000000e+00 0.000000e+00
2.313000e+00 0.000000e+00 -4.809775e+03 -7.014670e+03 0.000000e+00 0.000000e+00 0.000000e+00 -2.294047e+02 -2.222528e+02 1.834677e+03 4.081504e+02 0.000000e+00 0.000000e+00 0.000000e+00 0.000000e+00 0.000000e+00 0.000000e+00 0.000000e+00 0.000000e+00 0.000000e+00
2.314000e+00 0.000000e+00 -4.804516e+03 -7.012929e+03 0.000000e+00 0.000000e+00 0.000000e+00 -2.296843e+02 -2.225269e+02 1.833077e+03 4.086364e+02 0.000000e+00 0.000000e+00 0.000000e+00 0.000000e+00 0.000000e+00 0.000000e+00 0.000000e+00 0.000000e+00 0.000000e+00
2.315000e+00 0.000000e+00 -4.799420e+03 -7.011422e+03 0.000000e+00 0.000000e+00 0.000000e+00 -2.299765e+02 -2.228133e+02 1.831497e+03 4.091491e+02 0.000000e+00 0.000000e+00 0.000000e+00 0.000000e+00 0.000000e+00 0.000000e+00 0.000000e+00 0.000000e+00 0.000000e+00
2.316000e+00 0.000000e+00 -4.794489e+03 -7.010149e+03 0.000000e+00 0.000000e+00 0.000000e+00 -2.302814e+02 -2.231124e+02 1.829939e+03 4.096890e+02 0.000000e+00 0.000000e+00 0.000000e+00 0.000000e+00 0.000000e+00 0.000000e+00 0.000000e+00 0.000000e+00 0.000000e+00
2.317000e+00 0.000000e+00 -4.789723e+03 -7.009109e+03 0.000000e+00 0.000000e+00 0.000000e+00 -2.305991e+02 -2.234243e+02 1.828404e+03 4.102564e+02 0.000000e+00 0.000000e+00 0.000000e+00 0.000000e+00 0.000000e+00 0.000000e+00 0.000000e+00 0.000000e+00 0.000000e+00
2.318000e+00 0.000000e+00 -4.785124e+03 -7.008302e+03 0.000000e+00 0.000000e+00 0.000000e+00 -2.309300e+02 -2.237491e+02 1.826890e+03 4.108519e+02 0.000000e+00 0.000000e+00 0.000000e+00 0.000000e+00 0.000000e+00 0.000000e+00 0.000000e+00 0.000000e+00 0.000000e+00
2.319000e+00 0.000000e+00 -4.780693e+03 -7.007727e+03 0.000000e+00 0.000000e+00 0.000000e+00 -2.312741e+02 -2.240872e+02 1.825399e+03 4.114757e+02 0.000000e+00 0.000000e+00 0.000000e+00 0.000000e+00 0.000000e+00 0.000000e+00 0.000000e+00 0.000000e+00 0.000000e+00
2.320000e+00 0.000000e+00 -4.776430e+03 -7.007385e+03 0.000000e+00 0.000000e+00 0.000000e+00 -2.316317e+02 -2.244387e+02 1.823930e+03 4.121283e+02 0.000000e+00 0.000000e+00 0.000000e+00 0.000000e+00 0.000000e+00 0.000000e+00 0.000000e+00 0.000000e+00 0.000000e+00
2.321000e+00 0.000000e+00 -4.772336e+03 -7.007274e+03 0.000000e+00 0.000000e+00 0.000000e+00 -2.320029e+02 -2.248037e+02 1.822484e+03 4.128101e+02 0.000000e+00 0.000000e+00 0.000000e+00 0.000000e+00 0.000000e+00 0.000000e+00 0.000000e+00 0.000000e+00 0.000000e+00
2.322000e+00 0.000000e+00 -4.768412e+03 -7.007394e+03 0.000000e+00 0.000000e+00 0.000000e+00 -2.323880e+02 -2.251824e+02 1.821062e+03 4.135214e+02 0.000000e+00 0.000000e+00 0.000000e+00 0.000000e+00 0.000000e+00 0.000000e+00 0.000000e+00 0.000000e+00 0.000000e+00
2.323000e+00 0.000000e+00 -4.764658e+03 -7.007743e+03 0.000000e+00 0.000000e+00 0.000000e+00 -2.327870e+02 -2.255750e+02 1.819662e+03 4.142625e+02 0.000000e+00 0.000000e+00 0.000000e+00 0.000000e+00 0.000000e+00 0.000000e+00 0.000000e+00 0.000000e+00 0.000000e+00
2.324000e+00 0.000000e+00 -4.761076e+03 -7.008321e+03 0.000000e+00 0.000000e+00 0.000000e+00 -2.332002e+02 -2.259817e+02 1.818286e+03 4.150338e+02 0.000000e+00 0.000000e+00 0.000000e+00 0.000000e+00 0.000000e+00 0.000000e+00 0.000000e+00 0.000000e+00 0.000000e+00
2.325000e+00 0.000000e+00 -4.757665e+03 -7.009127e+03 0.000000e+00 0.000000e+00 0.000000e+00 -2.336276e+02 -2.264025e+02 1.816933e+03 4.158355e+02 0.000000e+00 0.000000e+00 0.000000e+00 0.000000e+00 0.000000e+00 0.000000e+00 0.000000e+00 0.000000e+00 0.000000e+00
2.326000e+00 0.000000e+00 -4.754425e+03 -7.010159e+03 0.000000e+00 0.000000e+00 0.000000e+00 -2.340695e+02 -2.268377e+02 1.815604e+03 4.166680e+02 0.000000e+00 0.000000e+00 0.000000e+00 0.000000e+00 0.000000e+00 0.000000e+00 0.000000e+00 0.000000e+00 0.000000e+00
2.327000e+00 0.000000e+00 -4.751357e+03 -7.011417e+03 0.000000e+00 0.000000e+00 0.000000e+00 -2.345259e+02 -2.272873e+02 1.814298e+03 4.175315e+02 0.000000e+00 0.000000e+00 0.000000e+00 0.000000e+00 0.000000e+00 0.000000e+00 0.000000e+00 0.000000e+00 0.000000e+00
2.328000e+00 0.000000e+00 -4.748461e+03 -7.012898e+03 0.000000e+00 0.000000e+00 0.000000e+00 -2.349969e+02 -2.277515e+02 1.813017e+03 4.184263e+02 0.000000e+00 0.000000e+00 0.000000e+00 0.000000e+00 0.000000e+00 0.000000e+00 0.000000e+00 0.000000e+00 0.000000e+00
2.329000e+00 0.000000e+00 -4.745738e+03 -7.014601e+03 0.000000e+00 0.000000e+00 0.000000e+00 -2.354828e+02 -2.282304e+02 1.811759e+03 4.193525e+02 0.000000e+00 0.000000e+00 0.000000e+00 0.000000e+00 0.000000e+00 0.000000e+00 0.000000e+00 0.000000e+00 0.000000e+00
2.330000e+00 0.000000e+00 -4.743186e+03 -7.016526e+03 0.000000e+00 0.000000e+00 0.000000e+00 -2.359835e+02 -2.287240e+02 1.810525e+03 4.203105e+02 0.000000e+00 0.000000e+00 0.000000e+00 0.000000e+00 0.000000e+00 0.000000e+00 0.000000e+00 0.000000e+00 0.000000e+00
2.331000e+00 0.000000e+00 -4.740806e+03 -7.018669e+03 0.000000e+00 0.000000e+00 0.000000e+00 -2.364992e+02 -2.292326e+02 1.809316e+03 4.213003e+02 0.000000e+00 0.000000e+00 0.000000e+00 0.000000e+00 0.000000e+00 0.000000e+00 0.000000e+00 0.000000e+00 0.000000e+00
2.332000e+00 0.000000e+00 -4.738597e+03 -7.021030e+03 0.000000e+00 0.000000e+00 0.000000e+00 -2.370300e+02 -2.297562e+02 1.808130e+03 4.223222e+02 0.000000e+00 0.000000e+00 0.000000e+00 0.000000e+00 0.000000e+00 0.000000e+00 0.000000e+00 0.000000e+00 0.000000e+00
2.333000e+00 0.000000e+00 -4.736560e+03 -7.023607e+03 0.000000e+00 0.000000e+00 0.000000e+00 -2.375760e+02 -2.302949e+02 1.806969e+03 4.233763e+02 0.000000e+00 0.000000e+00 0.000000e+00 0.000000e+00 0.000000e+00 0.000000e+00 0.000000e+00 0.000000e+00 0.000000e+00
2.334000e+00 0.000000e+00 -4.734693e+03 -7.026397e+03 0.000000e+00 0.000000e+00 0.000000e+00 -2.381372e+02 -2.308488e+02 1.805831e+03 4.244628e+02 0.000000e+00 0.000000e+00 0.000000e+00 0.000000e+00 0.000000e+00 0.000000e+00 0.000000e+00 0.000000e+00 0.000000e+00
2.335000e+00 0.000000e+00 -4.732997e+03 -7.029399e+03 0.000000e+00 0.000000e+00 0.000000e+00 -2.387139e+02 -2.314179e+02 1.804718e+03 4.255819e+02 0.000000e+00 0.000000e+00 0.000000e+00 0.000000e+00 0.000000e+00 0.000000e+00 0.000000e+00 0.000000e+00 0.000000e+00
2.336000e+00 0.000000e+00 -4.731469e+03 -7.032612e+03 0.000000e+00 0.000000e+00 0.000000e+00 -2.393060e+02 -2.320024e+02 1.803629e+03 4.267335e+02 0.000000e+00 0.000000e+00 0.000000e+00 0.000000e+00 0.000000e+00 0.000000e+00 0.000000e+00 0.000000e+00 0.000000e+00
2.337000e+00 0.000000e+00 -4.730111e+03 -7.036032e+03 0.000000e+00 0.000000e+00 0.000000e+00 -2.399136e+02 -2.326024e+02 1.802564e+03 4.279180e+02 0.000000e+00 0.000000e+00 0.000000e+00 0.000000e+00 0.000000e+00 0.000000e+00 0.000000e+00 0.000000e+00 0.000000e+00
2.338000e+00 0.000000e+00 -4.728920e+03 -7.039658e+03 0.000000e+00 0.000000e+00 0.000000e+00 -2.405368e+02 -2.332179e+02 1.801523e+03 4.291352e+02 0.000000e+00 0.000000e+00 0.000000e+00 0.000000e+00 0.000000e+00 0.000000e+00 0.000000e+00 0.000000e+00 0.000000e+00
2.339000e+00 0.000000e+00 -4.727896e+03 -7.043487e+03 0.000000e+00 0.000000e+00 0.000000e+00 -2.411756e+02 -2.338488e+02 1.800505e+03 4.303853e+02 0.000000e+00 0.000000e+00 0.000000e+00 0.000000e+00 0.000000e+00 0.000000e+00 0.000000e+00 0.000000e+00 0.000000e+00
2.340000e+00 0.000000e+00 -4.727038e+03 -7.047518e+03 0.000000e+00 0.000000e+00 0.000000e+00 -2.418301e+02 -2.344954e+02 1.799512e+03 4.316684e+02 0.000000e+00 0.000000e+00 0.000000e+00 0.000000e+00 0.000000e+00 0.000000e+00 0.000000e+00 0.000000e+00 0.000000e+00
2.341000e+00 0.000000e+00 -4.726345e+03 -7.051748e+03 0.000000e+00 0.000000e+00 0.000000e+00 -2.425003e+02 -2.351576e+02 1.798543e+03 4.329843e+02 0.000000e+00 0.000000e+00 0.000000e+00 0.000000e+00 0.000000e+00 0.000000e+00 0.000000e+00 0.000000e+00 0.000000e+00
2.342000e+00 0.000000e+00 -4.725816e+03 -7.056173e+03 0.000000e+00 0.000000e+00 0.000000e+00 -2.431862e+02 -2.358355e+02 1.797597e+03 4.343332e+02 0.000000e+00 0.000000e+00 0.000000e+00 0.000000e+00 0.000000e+00 0.000000e+00 0.000000e+00 0.000000e+00 0.000000e+00
2.343000e+00 0.000000e+00 -4.725449e+03 -7.060793e+03 0.000000e+00 0.000000e+00 0.000000e+00 -2.438879e+02 -2.365290e+02 1.796676e+03 4.357150e+02 0.000000e+00 0.000000e+00 0.000000e+00 0.000000e+00 0.000000e+00 0.000000e+00 0.000000e+00 0.000000e+00 0.000000e+00
2.344000e+00 0.000000e+00 -4.725242e+03 -7.065604e+03 0.000000e+00 0.000000e+00 0.000000e+00 -2.446054e+02 -2.372383e+02 1.795777e+03 4.371296e+02 0.000000e+00 0.000000e+00 0.000000e+00 0.000000e+00 0.000000e+00 0.000000e+00 0.000000e+00 0.000000e+00 0.000000e+00
2.345000e+00 0.000000e+00 -4.725196e+03 -7.070603e+03 0.000000e+00 0.000000e+00 0.000000e+00 -2.453386e+02 -2.379631e+02 1.794902e+03 4.385771e+02 0.000000e+00 0.000000e+00 0.000000e+00 0.000000e+00 0.000000e+00 0.000000e+00 0.000000e+00 0.000000e+00 0.000000e+00
2.346000e+00 0.000000e+00 -4.725307e+03 -7.075788e+03 0.000000e+00 0.000000e+00 0.000000e+00 -2.460875e+02 -2.387037e+02 1.794050e+03 4.400572e+02 0.000000e+00 0.000000e+00 0.000000e+00 0.000000e+00 0.000000e+00 0.000000e+00 0.000000e+00 0.000000e+00 0.000000e+00
2.347000e+00 0.000000e+00 -4.725575e+03 -7.081156e+03 0.000000e+00 0.000000e+00 0.000000e+00 -2.468522e+02 -2.394599e+02 1.793222e+03 4.415700e+02 0.000000e+00 0.000000e+00 0.000000e+00 0.000000e+00 0.000000e+00 0.000000e+00 0.000000e+00 0.000000e+00 0.000000e+00
2.348000e+00 0.000000e+00 -4.725998e+03 -7.086704e+03 0.000000e+00 0.000000e+00 0.000000e+00 -2.476326e+02 -2.402317e+02 1.792416e+03 4.431153e+02 0.000000e+00 0.000000e+00 0.000000e+00 0.000000e+00 0.000000e+00 0.000000e+00 0.000000e+00 0.000000e+00 0.000000e+00
2.349000e+00 0.000000e+00 -4.726574e+03 -7.092429e+03 0.000000e+00 0.000000e+00 0.000000e+00 -2.484287e+02 -2.410191e+02 1.791633e+03 4.446929e+02 0.000000e+00 0.000000e+00 0.000000e+00 0.000000e+00 0.000000e+00 0.000000e+00 0.000000e+00 0.000000e+00 0.000000e+00
2.350000e+00 0.000000e+00 -4.727301e+03 -7.098328e+03 0.000000e+00 0.000000e+00 0.000000e+00 -2.492404e+02 -2.418221e+02 1.790873e+03 4.463028e+02 0.000000e+00 0.000000e+00 0.000000e+00 0.000000e+00 0.000000e+00 0.000000e+00 0.000000e+00 0.000000e+00 0.000000e+00
2.351000e+00 0.000000e+00 -4.728178e+03 -7.104397e+03 0.000000e+00 0.000000e+00 0.000000e+00 -2.500677e+02 -2.426405e+02 1.790135e+03 4.479446e+02 0.000000e+00 0.000000e+00 0.000000e+00 0.000000e+00 0.000000e+00 0.000000e+00 0.000000e+00 0.000000e+00 0.000000e+00
2.352000e+00 0.000000e+00 -4.729202e+03 -7.110634e+03 0.000000e+00 0.000000e+00 0.000000e+00 -2.509105e+02 -2.434744e+02 1.789419e+03 4.496183e+02 0.000000e+00 0.000000e+00 0.000000e+00 0.000000e+00 0.000000e+00 0.000000e+00 0.000000e+00 0.000000e+00 0.000000e+00
2.353000e+00 0.000000e+00 -4.730372e+03 -7.117036e+03 0.000000e+00 0.000000e+00 0.000000e+00 -2.517687e+02 -2.443236e+02 1.788725e+03 4.513235e+02 0.000000e+00 0.000000e+00 0.000000e+00 0.000000e+00 0.000000e+00 0.000000e+00 0.000000e+00 0.000000e+00 0.000000e+00
2.354000e+00 0.000000e+00 -4.731685e+03 -7.123599e+03 0.000000e+00 0.000000e+00 0.000000e+00 -2.526422e+02 -2.451881e+02 1.788053e+03 4.530602e+02 0.000000e+00 0.000000e+00 0.000000e+00 0.000000e+00 0.000000e+00 0.000000e+00 0.000000e+00 0.000000e+00 0.000000e+00
2.355000e+00 0.000000e+00 -4.733140e+03 -7.130320e+03 0.000000e+00 0.000000e+00 0.000000e+00 -2.535311e+02 -2.460678e+02 1.787402e+03 4.548279e+02 0.000000e+00 0.000000e+00 0.000000e+00 0.000000e+00 0.000000e+00 0.000000e+00 0.000000e+00 0.000000e+00 0.000000e+00
2.356000e+00 0.000000e+00 -4.734733e+03 -7.137195e+03 0.000000e+00 0.000000e+00 0.000000e+00 -2.544351e+02 -2.469626e+02 1.786772e+03 4.566266e+02 0.000000e+00 0.000000e+00 0.000000e+00 0.000000e+00 0.000000e+00 0.000000e+00 0.000000e+00 0.000000e+00 0.000000e+00
2.357000e+00 0.000000e+00 -4.736463e+03 -7.144223e+03 0.000000e+00 0.000000e+00 0.000000e+00 -2.553543e+02 -2.478725e+02 1.786164e+03 4.584558e+02 0.000000e+00 0.000000e+00 0.000000e+00 0.000000e+00 0.000000e+00 0.000000e+00 0.000000e+00 0.000000e+00 0.000000e+00
2.358000e+00 0.000000e+00 -4.738326e+03 -7.151398e+03 0.000000e+00 0.000000e+00 0.000000e+00 -2.562886e+02 -2.487973e+02 1.785576e+03 4.603154e+02 0.000000e+00 0.000000e+00 0.000000e+00 0.000000e+00 0.000000e+00 0.000000e+00 0.000000e+00 0.000000e+00 0.000000e+00
2.359000e+00 0.000000e+00 -4.740321e+03 -7.158719e+03 0.000000e+00 0.000000e+00 0.000000e+00 -2.572378e+02 -2.497370e+02 1.785008e+03 4.622050e+02 0.000000e+00 0.000000e+00 0.000000e+00 0.000000e+00 0.000000e+00 0.000000e+00 0.000000e+00 0.000000e+00 0.000000e+00
2.360000e+00 0.000000e+00 -4.742446e+03 -7.166181e+03 0.000000e+00 0.000000e+00 0.000000e+00 -2.582018e+02 -2.506915e+02 1.784460e+03 4.641243e+02 0.000000e+00 0.000000e+00 0.000000e+00 0.000000e+00 0.000000e+00 0.000000e+00 0.000000e+00 0.000000e+00 0.000000e+00
2.361000e+00 0.000000e+00 -4.744696e+03 -7.173782e+03 0.000000e+00 0.000000e+00 0.000000e+00 -2.591806e+02 -2.516606e+02 1.783932e+03 4.660730e+02 0.000000e+00 0.000000e+00 0.000000e+00 0.000000e+00 0.000000e+00 0.000000e+00 0.000000e+00 0.000000e+00 0.000000e+00
2.362000e+00 0.000000e+00 -4.747070e+03 -7.181517e+03 0.000000e+00 0.000000e+00 0.000000e+00 -2.601739e+02 -2.526443e+02 1.783424e+03 4.680506e+02 0.000000e+00 0.000000e+00 0.000000e+00 0.000000e+00 0.000000e+00 0.000000e+00 0.000000e+00 0.000000e+00 0.000000e+00
2.363000e+00 0.000000e+00 -4.749565e+03 -7.189384e+03 0.000000e+00 0.000000e+00 0.000000e+00 -2.611817e+02 -2.536423e+02 1.782935e+03 4.700569e+02 0.000000e+00 0.000000e+00 0.000000e+00 0.000000e+00 0.000000e+00 0.000000e+00 0.000000e+00 0.000000e+00 0.000000e+00
2.364000e+00 0.000000e+00 -4.752178e+03 -7.197378e+03 0.000000e+00 0.000000e+00 0.000000e+00 -2.622039e+02 -2.546546e+02 1.782464e+03 4.720915e+02 0.000000e+00 0.000000e+00 0.000000e+00 0.000000e+00 0.000000e+00 0.000000e+00 0.000000e+00 0.000000e+00 0.000000e+00
2.365000e+00 0.000000e+00 -4.754907e+03 -7.205497e+03 0.000000e+00 0.000000e+00 0.000000e+00 -2.632403e+02 -2.556810e+02 1.782012e+03 4.741539e+02 0.000000e+00 0.000000e+00 0.000000e+00 0.000000e+00 0.000000e+00 0.000000e+00 0.000000e+00 0.000000e+00 0.000000e+00
2.366000e+00 0.000000e+00 -4.757748e+03 -7.213737e+03 0.000000e+00 0.000000e+00 0.000000e+00 -2.642906e+02 -2.567214e+02 1.781578e+03 4.762436e+02 0.000000e+00 0.000000e+00 0.000000e+00 0.000000e+00 0.000000e+00 0.000000e+00 0.000000e+00 0.000000e+00 0.000000e+00
2.367000e+00 0.000000e+00 -4.760698e+03 -7.222094e+03 0.000000e+00 0.000000e+00 0.000000e+00 -2.653549e+02 -2.577755e+02 1.781162e+03 4.783604e+02 0.000000e+00 0.000000e+00 0.000000e+00 0.000000e+00 0.000000e+00 0.000000e+00 0.000000e+00 0.000000e+00 0.000000e+00
2.368000e+00 0.000000e+00 -4.763755e+03 -7.230564e+03 0.000000e+00 0.000000e+00 0.000000e+00 -2.664328e+02 -2.588433e+02 1.780764e+03 4.805036e+02 0.000000e+00 0.000000e+00 0.000000e+00 0.000000e+00 0.000000e+00 0.000000e+00 0.000000e+00 0.000000e+00 0.000000e+00
2.369000e+00 0.000000e+00 -4.766915e+03 -7.239144e+03 0.000000e+00 0.000000e+00 0.000000e+00 -2.675243e+02 -2.599245e+02 1.780382e+03 4.826729e+02 0.000000e+00 0.000000e+00 0.000000e+00 0.000000e+00 0.000000e+00 0.000000e+00 0.000000e+00 0.000000e+00 0.000000e+00
2.370000e+00 0.000000e+00 -4.770175e+03 -7.247831e+03 0.000000e+00 0.000000e+00 0.000000e+00 -2.686290e+02 -2.610189e+02 1.780017e+03 4.848678e+02 0.000000e+00 0.000000e+00 0.000000e+00 0.000000e+00 0.000000e+00 0.000000e+00 0.000000e+00 0.000000e+00 0.000000e+00
2.371000e+00 0.000000e+00 -4.773533e+03 -7.256620e+03 0.000000e+00 0.000000e+00 0.000000e+00 -2.697469e+02 -2.621264e+02 1.779668e+03 4.870877e+02 0.000000e+00 0.000000e+00 0.000000e+00 0.000000e+00 0.000000e+00 0.000000e+00 0.000000e+00 0.000000e+00 0.000000e+00
2.372000e+00 0.000000e+00 -4.776985e+03 -7.265508e+03 0.000000e+00 0.000000e+00 0.000000e+00 -2.708778e+02 -2.632468e+02 1.779336e+03 4.893321e+02 0.000000e+00 0.000000e+00 0.000000e+00 0.000000e+00 0.000000e+00 0.000000e+00 0.000000e+00 0.000000e+00 0.000000e+00
2.373000e+00 0.000000e+00 -4.780528e+03 -7.274491e+03 0.000000e+00 0.000000e+00 0.000000e+00 -2.720214e+02 -2.643798e+02 1.779018e+03 4.916006e+02 0.000000e+00 0.000000e+00 0.000000e+00 0.000000e+00 0.000000e+00 0.000000e+00 0.000000e+00 0.000000e+00 0.000000e+00
2.374000e+00 0.000000e+00 -4.784159e+03 -7.283566e+03 0.000000e+00 0.000000e+00 0.000000e+00 -2.731774e+02 -2.655253e+02 1.778716e+03 4.938925e+02 0.000000e+00 0.000000e+00 0.000000e+00 0.000000e+00 0.000000e+00 0.000000e+00 0.000000e+00 0.000000e+00 0.000000e+00
2.375000e+00 0.000000e+00 -4.787875e+03 -7.292728e+03 0.000000e+00 0.000000e+00 0.000000e+00 -2.743458e+02 -2.666830e+02 1.778429e+03 4.962073e+02 0.000000e+00 0.000000e+00 0.000000e+00 0.000000e+00 0.000000e+00 0.000000e+00 0.000000e+00 0.000000e+00 0.000000e+00
2.376000e+00 0.000000e+00 -4.791671e+03 -7.301975e+03 0.000000e+00 0.000000e+00 0.000000e+00 -2.755262e+02 -2.678526e+02 1.778156e+03 4.985444e+02 0.000000e+00 0.000000e+00 0.000000e+00 0.000000e+00 0.000000e+00 0.000000e+00 0.000000e+00 0.000000e+00 0.000000e+00
2.377000e+00 0.000000e+00 -4.795546e+03 -7.311302e+03 0.000000e+00 0.000000e+00 0.000000e+00 -2.767185e+02 -2.690341e+02 1.777897e+03 5.009033e+02 0.000000e+00 0.000000e+00 0.000000e+00 0.000000e+00 0.000000e+00 0.000000e+00 0.000000e+00 0.000000e+00 0.000000e+00
2.378000e+00 0.000000e+00 -4.799495e+03 -7.320706e+03 0.000000e+00 0.000000e+00 0.000000e+00 -2.779224e+02 -2.702271e+02 1.777651e+03 5.032834e+02 0.000000e+00 0.000000e+00 0.000000e+00 0.000000e+00 0.000000e+00 0.000000e+00 0.000000e+00 0.000000e+00 0.000000e+00
2.379000e+00 0.000000e+00 -4.803515e+03 -7.330184e+03 0.000000e+00 0.000000e+00 0.000000e+00 -2.791377e+02 -2.714314e+02 1.777419e+03 5.056841e+02 0.000000e+00 0.000000e+00 0.000000e+00 0.000000e+00 0.000000e+00 0.000000e+00 0.000000e+00 0.000000e+00 0.000000e+00
2.380000e+00 0.000000e+00 -4.807603e+03 -7.339731e+03 0.000000e+00 0.000000e+00 0.000000e+00 -2.803642e+02 -2.726469e+02 1.777199e+03 5.081049e+02 0.000000e+00 0.000000e+00 0.000000e+00 0.000000e+00 0.000000e+00 0.000000e+00 0.000000e+00 0.000000e+00 0.000000e+00
2.381000e+00 0.000000e+00 -4.811754e+03 -7.349345e+03 0.000000e+00 0.000000e+00 0.000000e+00 -2.816017e+02 -2.738732e+02 1.776991e+03 5.105450e+02 0.000000e+00 0.000000e+00 0.000000e+00 0.000000e+00 0.000000e+00 0.000000e+00 0.000000e+00 0.000000e+00 0.000000e+00
2.382000e+00 0.000000e+00 -4.815966e+03 -7.359021e+03 0.000000e+00 0.000000e+00 0.000000e+00 -2.828498e+02 -2.751101e+02 1.776796e+03 5.130040e+02 0.000000e+00 0.000000e+00 0.000000e+00 0.000000e+00 0.000000e+00 0.000000e+00 0.000000e+00 0.000000e+00 0.000000e+00
2.383000e+00 0.000000e+00 -4.820236e+03 -7.368757e+03 0.000000e+00 0.000000e+00 0.000000e+00 -2.841084e+02 -2.763574e+02 1.776611e+03 5.154811e+02 0.000000e+00 0.000000e+00 0.000000e+00 0.000000e+00 0.000000e+00 0.000000e+00 0.000000e+00 0.000000e+00 0.000000e+00
2.384000e+00 0.000000e+00 -4.824558e+03 -7.378548e+03 0.000000e+00 0.000000e+00 0.000000e+00 -2.853772e+02 -2.776149e+02 1.776438e+03 5.179757e+02 0.000000e+00 0.000000e+00 0.000000e+00 0.000000e+00 0.000000e+00 0.000000e+00 0.000000e+00 0.000000e+00 0.000000e+00
2.385000e+00 0.000000e+00 -4.828931e+03 -7.388392e+03 0.000000e+00 0.000000e+00 0.000000e+00 -2.866559e+02 -2.788822e+02 1.776275e+03 5.204872e+02 0.000000e+00 0.000000e+00 0.000000e+00 0.000000e+00 0.000000e+00 0.000000e+00 0.000000e+00 0.000000e+00 0.000000e+00
2.386000e+00 0.000000e+00 -4.833350e+03 -7.398284e+03 0.000000e+00 0.000000e+00 0.000000e+00 -2.879442e+02 -2.801591e+02 1.776122e+03 5.230149e+02 0.000000e+00 0.000000e+00 0.000000e+00 0.000000e+00 0.000000e+00 0.000000e+00 0.000000e+00 0.000000e+00 0.000000e+00
2.387000e+00 0.000000e+00 -4.837811e+03 -7.408221e+03 0.000000e+00 0.000000e+00 0.000000e+00 -2.892420e+02 -2.814453e+02 1.775979e+03 5.255582e+02 0.000000e+00 0.000000e+00 0.000000e+00 0.000000e+00 0.000000e+00 0.000000e+00 0.000000e+00 0.000000e+00 0.000000e+00
2.388000e+00 0.000000e+00 -4.842312e+03 -7.418200e+03 0.000000e+00 0.000000e+00 0.000000e+00 -2.905489e+02 -2.827406e+02 1.775845e+03 5.281164e+02 0.000000e+00 0.000000e+00 0.000000e+00 0.000000e+00 0.000000e+00 0.000000e+00 0.000000e+00 0.000000e+00 0.000000e+00
2.389000e+00 0.000000e+00 -4.846849e+03 -7.428217e+03 0.000000e+00 0.000000e+00 0.000000e+00 -2.918646e+02 -2.840447e+02 1.775719e+03 5.306887e+02 0.000000e+00 0.000000e+00 0.000000e+00 0.000000e+00 0.000000e+00 0.000000e+00 0.000000e+00 0.000000e+00 0.000000e+00
2.390000e+00 0.000000e+00 -4.851417e+03 -7.438269e+03 0.000000e+00 0.000000e+00 0.000000e+00 -2.931889e+02 -2.853573e+02 1.775602e+03 5.332745e+02 0.000000e+00 0.000000e+00 0.000000e+00 0.000000e+00 0.000000e+00 0.000000e+00 0.000000e+00 0.000000e+00 0.000000e+00
2.391000e+00 0.000000e+00 -4.856014e+03 -7.448352e+03 0.000000e+00 0.000000e+00 0.000000e+00 -2.945215e+02 -2.866781e+02 1.775493e+03 5.358732e+02 0.000000e+00 0.000000e+00 0.000000e+00 0.000000e+00 0.000000e+00 0.000000e+00 0.000000e+00 0.000000e+00 0.000000e+00
2.392000e+00 0.000000e+00 -4.860636e+03 -7.458463e+03 0.000000e+00 0.000000e+00 0.000000e+00 -2.958620e+02 -2.880067e+02 1.775392e+03 5.384839e+02 0.000000e+00 0.000000e+00 0.000000e+00 0.000000e+00 0.000000e+00 0.000000e+00 0.000000e+00 0.000000e+00 0.000000e+00
2.393000e+00 0.000000e+00 -4.865279e+03 -7.468598e+03 0.000000e+00 0.000000e+00 0.000000e+00 -2.972102e+02 -2.893430e+02 1.775297e+03 5.411060e+02 0.000000e+00 0.000000e+00 0.000000e+00 0.000000e+00 0.000000e+00 0.000000e+00 0.000000e+00 0.000000e+00 0.000000e+00
2.394000e+00 0.000000e+00 -4.869940e+03 -7.478754e+03 0.000000e+00 0.000000e+00 0.000000e+00 -2.985658e+02 -2.906866e+02 1.775209e+03 5.437387e+02 0.000000e+00 0.000000e+00 0.000000e+00 0.000000e+00 0.000000e+00 0.000000e+00 0.000000e+00 0.000000e+00 0.000000e+00
2.395000e+00 0.000000e+00 -4.874615e+03 -7.488929e+03 0.000000e+00 0.000000e+00 0.000000e+00 -2.999284e+02 -2.920372e+02 1.775127e+03 5.463814e+02 0.000000e+00 0.000000e+00 0.000000e+00 0.000000e+00 0.000000e+00 0.000000e+00 0.000000e+00 0.000000e+00 0.000000e+00
2.396000e+00 0.000000e+00 -4.879301e+03 -7.499117e+03 0.000000e+00 0.000000e+00 0.000000e+00 -3.012978e+02 -2.933945e+02 1.775051e+03 5.490333e+02 0.000000e+00 0.000000e+00 0.000000e+00 0.000000e+00 0.000000e+00 0.000000e+00 0.000000e+00 0.000000e+00 0.000000e+00
2.397000e+00 0.000000e+00 -4.883994e+03 -7.509317e+03 0.000000e+00 0.000000e+00 0.000000e+00 -3.026736e+02 -2.947582e+02 1.774980e+03 5.516937e+02 0.000000e+00 0.000000e+00 0.000000e+00 0.000000e+00 0.000000e+00 0.000000e+00 0.000000e+00 0.000000e+00 0.000000e+00
2.398000e+00 0.000000e+00 -4.888690e+03 -7.519524e+03 0.000000e+00 0.000000e+00 0.000000e+00 -3.040556e+02 -2.961279e+02 1.774914e+03 5.543618e+02 0.000000e+00 0.000000e+00 0.000000e+00 0.000000e+00 0.000000e+00 0.000000e+00 0.000000e+00 0.000000e+00 0.000000e+00
2.399000e+00 0.000000e+00 -4.893387e+03 -7.529737e+03 0.000000e+00 0.000000e+00 0.000000e+00 -3.054434e+02 -2.975034e+02 1.774852e+03 5.570370e+02 0.000000e+00 0.000000e+00 0.000000e+00 0.000000e+00 0.000000e+00 0.000000e+00 0.000000e+00 0.000000e+00 0.000000e+00
2.400000e+00 0.000000e+00 -4.898079e+03 -7.539951e+03 0.000000e+00 0.000000e+00 0.000000e+00 -3.068368e+02 -2.988845e+02 1.774794e+03 5.597184e+02 0.000000e+00 0.000000e+00 0.000000e+00 0.000000e+00 0.000000e+00 0.000000e+00 0.000000e+00 0.000000e+00 0.000000e+00
2.401000e+00 0.000000e+00 -4.902765e+03 -7.550164e+03 0.000000e+00 0.000000e+00 0.000000e+00 -3.082353e+02 -3.002706e+02 1.774740e+03 5.624054e+02 0.000000e+00 0.000000e+00 0.000000e+00 0.000000e+00 0.000000e+00 0.000000e+00 0.000000e+00 0.000000e+00 0.000000e+00
2.402000e+00 0.000000e+00 -4.907439e+03 -7.560373e+03 0.000000e+00 0.000000e+00 0.000000e+00 -3.096388e+02 -3.016617e+02 1.774689e+03 5.650973e+02 0.000000e+00 0.000000e+00 0.000000e+00 0.000000e+00 0.000000e+00 0.000000e+00 0.000000e+00 0.000000e+00 0.000000e+00
2.403000e+00 0.000000e+00 -4.912099e+03 -7.570574e+03 0.000000e+00 0.000000e+00 0.000000e+00 -3.110469e+02 -3.030573e+02 1.774640e+03 5.677933e+02 0.000000e+00 0.000000e+00 0.000000e+00 0.000000e+00 0.000000e+00 0.000000e+00 0.000000e+00 0.000000e+00 0.000000e+00
2.404000e+00 0.000000e+00 -4.916741e+03 -7.580766e+03 0.000000e+00 0.000000e+00 0.000000e+00 -3.124594e+02 -3.044572e+02 1.774594e+03 5.704926e+02 0.000000e+00 0.000000e+00 0.000000e+00 0.000000e+00 0.000000e+00 0.000000e+00 0.000000e+00 0.000000e+00 0.000000e+00
2.405000e+00 0.000000e+00 -4.921362e+03 -7.590944e+03 0.000000e+00 0.000000e+00 0.000000e+00 -3.138758e+02 -3.058610e+02 1.774549e+03 5.731946e+02 0.000000e+00 0.000000e+00 0.000000e+00 0.000000e+00 0.000000e+00 0.000000e+00 0.000000e+00 0.000000e+00 0.000000e+00
2.406000e+00 0.000000e+00 -4.925958e+03 -7.601107e+03 0.000000e+00 0.000000e+00 0.000000e+00 -3.152958e+02 -3.072684e+02 1.774506e+03 5.758985e+02 0.000000e+00 0.000000e+00 0.000000e+00 0.000000e+00 0.000000e+00 0.000000e+00 0.000000e+00 0.000000e+00 0.000000e+00
2.407000e+00 0.000000e+00 -4.930526e+03 -7.611251e+03 0.000000e+00 0.000000e+00 0.000000e+00 -3.167192e+02 -3.086790e+02 1.774463e+03 5.786035e+02 0.000000e+00 0.000000e+00 0.000000e+00 0.000000e+00 0.000000e+00 0.000000e+00 0.000000e+00 0.000000e+00 0.000000e+00
2.408000e+00 0.000000e+00 -4.935062e+03 -7.621373e+03 0.000000e+00 0.000000e+00 0.000000e+00 -3.181456e+02 -3.100927e+02 1.774422e+03 5.813089e+02 0.000000e+00 0.000000e+00 0.000000e+00 0.000000e+00 0.000000e+00 0.000000e+00 0.000000e+00 0.000000e+00 0.000000e+00
2.409000e+00 0.000000e+00 -4.939563e+03 -7.631471e+03 0.000000e+00 0.000000e+00 0.000000e+00 -3.195747e+02 -3.115090e+02 1.774380e+03 5.840140e+02 0.000000e+00 0.000000e+00 0.000000e+00 0.000000e+00 0.000000e+00 0.000000e+00 0.000000e+00 0.000000e+00 0.000000e+00
2.410000e+00 0.000000e+00 -4.944026e+03 -7.641541e+03 0.000000e+00 0.000000e+00 0.000000e+00 -3.210062e+02 -3.129276e+02 1.774338e+03 5.867180e+02 0.000000e+00 0.000000e+00 0.000000e+00 0.000000e+00 0.000000e+00 0.000000e+00 0.000000e+00 0.000000e+00 0.000000e+00
2.411000e+00 0.000000e+00 -4.948447e+03 -7.651582e+03 0.000000e+00 0.000000e+00 0.000000e+00 -3.224398e+02 -3.143482e+02 1.774296e+03 5.894202e+02 0.000000e+00 0.000000e+00 0.000000e+00 0.000000e+00 0.000000e+00 0.000000e+00 0.000000e+00 0.000000e+00 0.000000e+00
2.412000e+00 0.000000e+00 -4.952823e+03 -7.661591e+03 0.000000e+00 0.000000e+00 0.000000e+00 -3.238750e+02 -3.157705e+02 1.774252e+03 5.921198e+02 0.000000e+00 0.000000e+00 0.000000e+00 0.000000e+00 0.000000e+00 0.000000e+00 0.000000e+00 0.000000e+00 0.000000e+00
2.413000e+00 0.000000e+00 -4.957151e+03 -7.671564e+03 0.000000e+00 0.000000e+00 0.000000e+00 -3.253116e+02 -3.171941e+02 1.774207e+03 5.948161e+02 0.000000e+00 0.000000e+00 0.000000e+00 0.000000e+00 0.000000e+00 0.000000e+00 0.000000e+00 0.000000e+00 0.000000e+00
2.414000e+00 0.000000e+00 -4.961428e+03 -7.681500e+03 0.000000e+00 0.000000e+00 0.000000e+00 -3.267493e+02 -3.186187e+02 1.774160e+03 5.975084e+02 0.000000e+00 0.000000e+00 0.000000e+00 0.000000e+00 0.000000e+00 0.000000e+00 0.000000e+00 0.000000e+00 0.000000e+00
2.415000e+00 0.000000e+00 -4.965650e+03 -7.691395e+03 0.000000e+00 0.000000e+00 0.000000e+00 -3.281877e+02 -3.200440e+02 1.774111e+03 6.001959e+02 0.000000e+00 0.000000e+00 0.000000e+00 0.000000e+00 0.000000e+00 0.000000e+00 0.000000e+00 0.000000e+00 0.000000e+00
2.416000e+00 0.000000e+00 -4.969814e+03 -7.701248e+03 0.000000e+00 0.000000e+00 0.000000e+00 -3.296265e+02 -3.214696e+02 1.774060e+03 6.028779e+02 0.000000e+00 0.000000e+00 0.000000e+00 0.000000e+00 0.000000e+00 0.000000e+00 0.000000e+00 0.000000e+00 0.000000e+00
2.417000e+00 0.000000e+00 -4.973918e+03 -7.711055e+03 0.000000e+00 0.000000e+00 0.000000e+00 -3.310653e+02 -3.228952e+02 1.774005e+03 6.055537e+02 0.000000e+00 0.000000e+00 0.000000e+00 0.000000e+00 0.000000e+00 0.000000e+00 0.000000e+00 0.000000e+00 0.000000e+00
2.418000e+00 0.000000e+00 -4.977959e+03 -7.720815e+03 0.000000e+00 0.000000e+00 0.000000e+00 -3.325039e+02 -3.243206e+02 1.773947e+03 6.082225e+02 0.000000e+00 0.000000e+00 0.000000e+00 0.000000e+00 0.000000e+00 0.000000e+00 0.000000e+00 0.000000e+00 0.000000e+00
2.419000e+00 0.000000e+00 -4.981932e+03 -7.730525e+03 0.000000e+00 0.000000e+00 0.000000e+00 -3.339418e+02 -3.257453e+02 1.773885e+03 6.108836e+02 0.000000e+00 0.000000e+00 0.000000e+00 0.000000e+00 0.000000e+00 0.000000e+00 0.000000e+00 0.000000e+00 0.000000e+00
2.420000e+00 0.000000e+00 -4.985836e+03 -7.740183e+03 0.000000e+00 0.000000e+00 0.000000e+00 -3.353789e+02 -3.271690e+02 1.773820e+03 6.135363e+02 0.000000e+00 0.000000e+00 0.000000e+00 0.000000e+00 0.000000e+00 0.000000e+00 0.000000e+00 0.000000e+00 0.000000e+00
2.421000e+00 0.000000e+00 -4.989667e+03 -7.749786e+03 0.000000e+00 0.000000e+00 0.000000e+00 -3.368147e+02 -3.285915e+02 1.773750e+03 6.161800e+02 0.000000e+00 0.000000e+00 0.000000e+00 0.000000e+00 0.000000e+00 0.000000e+00 0.000000e+00 0.000000e+00 0.000000e+00
2.422000e+00 0.000000e+00 -4.993422e+03 -7.759333e+03 0.000000e+00 0.000000e+00 0.000000e+00 -3.382490e+02 -3.300124e+02 1.773675e+03 6.188139e+02 0.000000e+00 0.000000e+00 0.000000e+00 0.000000e+00 0.000000e+00 0.000000e+00 0.000000e+00 0.000000e+00 0.000000e+00
2.423000e+00 0.000000e+00 -4.997099e+03 -7.768821e+03 0.000000e+00 0.000000e+00 0.000000e+00 -3.396815e+02 -3.314314e+02 1.773595e+03 6.214373e+02 0.000000e+00 0.000000e+00 0.000000e+00 0.000000e+00 0.000000e+00 0.000000e+00 0.000000e+00 0.000000e+00 0.000000e+00
2.424000e+00 0.000000e+00 -5.000695e+03 -7.778248e+03 0.000000e+00 0.000000e+00 0.000000e+00 -3.411117e+02 -3.328481e+02 1.773509e+03 6.240496e+02 0.000000e+00 0.000000e+00 0.000000e+00 0.000000e+00 0.000000e+00 0.000000e+00 0.000000e+00 0.000000e+00 0.000000e+00
2.425000e+00 0.000000e+00 -5.004206e+03 -7.787612e+03 0.000000e+00 0.000000e+00 0.000000e+00 -3.425395e+02 -3.342624e+02 1.773418e+03 6.266500e+02 0.000000e+00 0.000000e+00 0.000000e+00 0.000000e+00 0.000000e+00 0.000000e+00 0.000000e+00 0.000000e+00 0.000000e+00
2.426000e+00 0.000000e+00 -5.007631e+03 -7.796912e+03 0.000000e+00 0.000000e+00 0.000000e+00 -3.439645e+02 -3.356738e+02 1.773321e+03 6.292379e+02 0.000000e+00 0.000000e+00 0.000000e+00 0.000000e+00 0.000000e+00 0.000000e+00 0.000000e+00 0.000000e+00 0.000000e+00
2.427000e+00 0.000000e+00 -5.010966e+03 -7.806144e+03 0.000000e+00 0.000000e+00 0.000000e+00 -3.453863e+02 -3.370821e+02 1.773217e+03 6.318125e+02 0.000000e+00 0.000000e+00 0.000000e+00 0.000000e+00 0.000000e+00 0.000000e+00 0.000000e+00 0.000000e+00 0.000000e+00
2.428000e+00 0.000000e+00 -5.014209e+03 -7.815308e+03 0.000000e+00 0.000000e+00 0.000000e+00 -3.468047e+02 -3.384869e+02 1.773107e+03 6.343734e+02 0.000000e+00 0.000000e+00 0.000000e+00 0.000000e+00 0.000000e+00 0.000000e+00 0.000000e+00 0.000000e+00 0.000000e+00
2.429000e+00 0.000000e+00 -5.017358e+03 -7.824401e+03 0.000000e+00 0.000000e+00 0.000000e+00 -3.482194e+02 -3.398879e+02 1.772989e+03 6.369197e+02 0.000000e+00 0.000000e+00 0.000000e+00 0.000000e+00 0.000000e+00 0.000000e+00 0.000000e+00 0.000000e+00 0.000000e+00
2.430000e+00 0.000000e+00 -5.020409e+03 -7.833422e+03 0.000000e+00 0.000000e+00 0.000000e+00 -3.496300e+02 -3.412849e+02 1.772864e+03 6.394508e+02 0.000000e+00 0.000000e+00 0.000000e+00 0.000000e+00 0.000000e+00 0.000000e+00 0.000000e+00 0.000000e+00 0.000000e+00
2.431000e+00 0.000000e+00 -5.023361e+03 -7.842368e+03 0.000000e+00 0.000000e+00 0.000000e+00 -3.510363e+02 -3.426774e+02 1.772732e+03 6.419661e+02 0.000000e+00 0.000000e+00 0.000000e+00 0.000000e+00 0.000000e+00 0.000000e+00 0.000000e+00 0.000000e+00 0.000000e+00
2.432000e+00 0.000000e+00 -5.026211e+03 -7.851237e+03 0.000000e+00 0.000000e+00 0.000000e+00 -3.524379e+02 -3.440653e+02 1.772592e+03 6.444650e+02 0.000000e+00 0.000000e+00 0.000000e+00 0.000000e+00 0.000000e+00 0.000000e+00 0.000000e+00 0.000000e+00 0.000000e+00
2.433000e+00 0.000000e+00 -5.028956e+03 -7.860029e+03 0.000000e+00 0.000000e+00 0.000000e+00 -3.538345e+02 -3.454481e+02 1.772443e+03 6.469467e+02 0.000000e+00 0.000000e+00 0.000000e+00 0.000000e+00 0.000000e+00 0.000000e+00 0.000000e+00 0.000000e+00 0.000000e+00
2.434000e+00 0.000000e+00 -5.031595e+03 -7.868741e+03 0.000000e+00 0.000000e+00 0.000000e+00 -3.552258e+02 -3.468257e+02 1.772286e+03 6.494107e+02 0.000000e+00 0.000000e+00 0.000000e+00 0.000000e+00 0.000000e+00 0.000000e+00 0.000000e+00 0.000000e+00 0.000000e+00
2.435000e+00 0.000000e+00 -5.034125e+03 -7.877371e+03 0.000000e+00 0.000000e+00 0.000000e+00 -3.566116e+02 -3.481976e+02 1.772120e+03 6.518564e+02 0.000000e+00 0.000000e+00 0.000000e+00 0.000000e+00 0.000000e+00 0.000000e+00 0.000000e+00 0.000000e+00 0.000000e+00
2.436000e+00 0.000000e+00 -5.036544e+03 -7.885919e+03 0.000000e+00 0.000000e+00 0.000000e+00 -3.579914e+02 -3.495636e+02 1.771946e+03 6.542831e+02 0.000000e+00 0.000000e+00 0.000000e+00 0.000000e+00 0.000000e+00 0.000000e+00 0.000000e+00 0.000000e+00 0.000000e+00
2.437000e+00 0.000000e+00 -5.038851e+03 -7.894381e+03 0.000000e+00 0.000000e+00 0.000000e+00 -3.593651e+02 -3.509234e+02 1.771762e+03 6.566902e+02 0.000000e+00 0.000000e+00 0.000000e+00 0.000000e+00 0.000000e+00 0.000000e+00 0.000000e+00 0.000000e+00 0.000000e+00
2.438000e+00 0.000000e+00 -5.041042e+03 -7.902757e+03 0.000000e+00 0.000000e+00 0.000000e+00 -3.607323e+02 -3.522767e+02 1.771568e+03 6.590771e+02 0.000000e+00 0.000000e+00 0.000000e+00 0.000000e+00 0.000000e+00 0.000000e+00 0.000000e+00 0.000000e+00 0.000000e+00
2.439000e+00 0.000000e+00 -5.043116e+03 -7.911046e+03 0.000000e+00 0.000000e+00 0.000000e+00 -3.620927e+02 -3.536233e+02 1.771365e+03 6.614433e+02 0.000000e+00 0.000000e+00 0.000000e+00 0.000000e+00 0.000000e+00 0.000000e+00 0.000000e+00 0.000000e+00 0.000000e+00
2.440000e+00 0.000000e+00 -5.045071e+03 -7.919244e+03 0.000000e+00 0.000000e+00 0.000000e+00 -3.634461e+02 -3.549627e+02 1.771151e+03 6.637882e+02 0.000000e+00 0.000000e+00 0.000000e+00 0.000000e+00 0.000000e+00 0.000000e+00 0.000000e+00 0.000000e+00 0.000000e+00
2.441000e+00 0.000000e+00 -5.046905e+03 -7.927352e+03 0.000000e+00 0.000000e+00 0.000000e+00 -3.647921e+02 -3.562948e+02 1.770928e+03 6.661112e+02 0.000000e+00 0.000000e+00 0.000000e+00 0.000000e+00 0.000000e+00 0.000000e+00 0.000000e+00 0.000000e+00 0.000000e+00
2.442000e+00 0.000000e+00 -5.048616e+03 -7.935368e+03 0.000000e+00 0.000000e+00 0.000000e+00 -3.661305e+02 -3.576192e+02 1.770694e+03 6.684118e+02 0.000000e+00 0.000000e+00 0.000000e+00 0.000000e+00 0.000000e+00 0.000000e+00 0.000000e+00 0.000000e+00 0.000000e+00
2.443000e+00 0.000000e+00 -5.050203e+03 -7.943290e+03 0.000000e+00 0.000000e+00 0.000000e+00 -3.674610e+02 -3.589358e+02 1.770450e+03 6.706893e+02 0.000000e+00 0.000000e+00 0.000000e+00 0.000000e+00 0.000000e+00 0.000000e+00 0.000000e+00 0.000000e+00 0.000000e+00
2.444000e+00 0.000000e+00 -5.051664e+03 -7.951117e+03 0.000000e+00 0.000000e+00 0.000000e+00 -3.687834e+02 -3.602441e+02 1.770194e+03 6.729434e+02 0.000000e+00 0.000000e+00 0.000000e+00 0.000000e+00 0.000000e+00 0.000000e+00 0.000000e+00 0.000000e+00 0.000000e+00
2.445000e+00 0.000000e+00 -5.052996e+03 -7.958848e+03 0.000000e+00 0.000000e+00 0.000000e+00 -3.700974e+02 -3.615441e+02 1.769928e+03 6.751734e+02 0.000000e+00 0.000000e+00 0.000000e+00 0.000000e+00 0.000000e+00 0.000000e+00 0.000000e+00 0.000000e+00 0.000000e+00
2.446000e+00 0.000000e+00 -5.054199e+03 -7.966481e+03 0.000000e+00 0.000000e+00 0.000000e+00 -3.714026e+02 -3.628353e+02 1.769650e+03 6.773789e+02 0.000000e+00 0.000000e+00 0.000000e+00 0.000000e+00 0.000000e+00 0.000000e+00 0.000000e+00 0.000000e+00 0.000000e+00
2.447000e+00 0.000000e+00 -5.055271e+03 -7.974015e+03 0.000000e+00 0.000000e+00 0.000000e+00 -3.726989e+02 -3.641175e+02 1.769361e+03 6.795593e+02 0.000000e+00 0.000000e+00 0.000000e+00 0.000000e+00 0.000000e+00 0.000000e+00 0.000000e+00 0.000000e+00 0.000000e+00
2.448000e+00 0.000000e+00 -5.056211e+03 -7.981449e+03 0.000000e+00 0.000000e+00 0.000000e+00 -3.739859e+02 -3.653906e+02 1.769060e+03 6.817141e+02 0.000000e+00 0.000000e+00 0.000000e+00 0.000000e+00 0.000000e+00 0.000000e+00 0.000000e+00 0.000000e+00 0.000000e+00
2.449000e+00 0.000000e+00 -5.057016e+03 -7.988782e+03 0.000000e+00 0.000000e+00 0.000000e+00 -3.752635e+02 -3.666541e+02 1.768747e+03 6.838428e+02 0.000000e+00 0.000000e+00 0.000000e+00 0.000000e+00 0.000000e+00 0.000000e+00 0.000000e+00 0.000000e+00 0.000000e+00
2.450000e+00 0.000000e+00 -5.057686e+03 -7.996013e+03 0.000000e+00 0.000000e+00 0.000000e+00 -3.765314e+02 -3.679079e+02 1.768422e+03 6.859451e+02 0.000000e+00 0.000000e+00 0.000000e+00 0.000000e+00 0.000000e+00 0.000000e+00 0.000000e+00 0.000000e+00 0.000000e+00
2.451000e+00 0.000000e+00 -5.058220e+03 -8.003140e+03 0.000000e+00 0.000000e+00 0.000000e+00 -3.777893e+02 -3.691517e+02 1.768085e+03 6.880203e+02 0.000000e+00 0.000000e+00 0.000000e+00 0.000000e+00 0.000000e+00 0.000000e+00 0.000000e+00 0.000000e+00 0.000000e+00
2.452000e+00 0.000000e+00 -5.058616e+03 -8.010162e+03 0.000000e+00 0.000000e+00 0.000000e+00 -3.790369e+02 -3.703853e+02 1.767736e+03 6.900681e+02 0.000000e+00 0.000000e+00 0.000000e+00 0.000000e+00 0.000000e+00 0.000000e+00 0.000000e+00 0.000000e+00 0.000000e+00
2.453000e+00 0.000000e+00 -5.058873e+03 -8.017078e+03 0.000000e+00 0.000000e+00 0.000000e+00 -3.802741e+02 -3.716084e+02 1.767375e+03 6.920880e+02 0.000000e+00 0.000000e+00 0.000000e+00 0.000000e+00 0.000000e+00 0.000000e+00 0.000000e+00 0.000000e+00 0.000000e+00
2.454000e+00 0.000000e+00 -5.058989e+03 -8.023888e+03 0.000000e+00 0.000000e+00 0.000000e+00 -3.815005e+02 -3.728208e+02 1.767000e+03 6.940795e+02 0.000000e+00 0.000000e+00 0.000000e+00 0.000000e+00 0.000000e+00 0.000000e+00 0.000000e+00 0.000000e+00 0.000000e+00
2.455000e+00 0.000000e+00 -5.058965e+03 -8.030589e+03 0.000000e+00 0.000000e+00 0.000000e+00 -3.827160e+02 -3.740222e+02 1.766613e+03 6.960422e+02 0.000000e+00 0.000000e+00 0.000000e+00 0.000000e+00 0.000000e+00 0.000000e+00 0.000000e+00 0.000000e+00 0.000000e+00
2.456000e+00 0.000000e+00 -5.058798e+03 -8.037181e+03 0.000000e+00 0.000000e+00 0.000000e+00 -3.839204e+02 -3.752124e+02 1.766213e+03 6.979758e+02 0.000000e+00 0.000000e+00 0.000000e+00 0.000000e+00 0.000000e+00 0.000000e+00 0.000000e+00 0.000000e+00 0.000000e+00
2.457000e+00 0.000000e+00 -5.058489e+03 -8.043663e+03 0.000000e+00 0.000000e+00 0.000000e+00 -3.851133e+02 -3.763913e+02 1.765800e+03 6.998797e+02 0.000000e+00 0.000000e+00 0.000000e+00 0.000000e+00 0.000000e+00 0.000000e+00 0.000000e+00 0.000000e+00 0.000000e+00
2.458000e+00 0.000000e+00 -5.058035e+03 -8.050034e+03 0.000000e+00 0.000000e+00 0.000000e+00 -3.862945e+02 -3.775585e+02 1.765374e+03 7.017536e+02 0.000000e+00 0.000000e+00 0.000000e+00 0.000000e+00 0.000000e+00 0.000000e+00 0.000000e+00 0.000000e+00 0.000000e+00
2.459000e+00 0.000000e+00 -5.057437e+03 -8.056293e+03 0.000000e+00 0.000000e+00 0.000000e+00 -3.874640e+02 -3.787138e+02 1.764935e+03 7.035972e+02 0.000000e+00 0.000000e+00 0.000000e+00 0.000000e+00 0.000000e+00 0.000000e+00 0.000000e+00 0.000000e+00 0.000000e+00
2.460000e+00 0.000000e+00 -5.056694e+03 -8.062439e+03 0.000000e+00 0.000000e+00 0.000000e+00 -3.886213e+02 -3.798570e+02 1.764482e+03 7.054100e+02 0.000000e+00 0.000000e+00 0.000000e+00 0.000000e+00 0.000000e+00 0.000000e+00 0.000000e+00 0.000000e+00 0.000000e+00
2.461000e+00 0.000000e+00 -5.055804e+03 -8.068471e+03 0.000000e+00 0.000000e+00 0.000000e+00 -3.897663e+02 -3.809880e+02 1.764016e+03 7.071916e+02 0.000000e+00 0.000000e+00 0.000000e+00 0.000000e+00 0.000000e+00 0.000000e+00 0.000000e+00 0.000000e+00 0.000000e+00
2.462000e+00 0.000000e+00 -5.054768e+03 -8.074389e+03 0.000000e+00 0.000000e+00 0.000000e+00 -3.908988e+02 -3.821065e+02 1.763536e+03 7.089418e+02 0.000000e+00 0.000000e+00 0.000000e+00 0.000000e+00 0.000000e+00 0.000000e+00 0.000000e+00 0.000000e+00 0.000000e+00
2.463000e+00 0.000000e+00 -5.053584e+03 -8.080190e+03 0.000000e+00 0.000000e+00 0.000000e+00 -3.920186e+02 -3.832122e+02 1.763043e+03 7.106602e+02 0.000000e+00 0.000000e+00 0.000000e+00 0.000000e+00 0.000000e+00 0.000000e+00 0.000000e+00 0.000000e+00 0.000000e+00
2.464000e+00 0.000000e+00 -5.052253e+03 -8.085875e+03 0.000000e+00 0.000000e+00 0.000000e+00 -3.931256e+02 -3.843051e+02 1.762536e+03 7.123464e+02 0.000000e+00 0.000000e+00 0.000000e+00 0.000000e+00 0.000000e+00 0.000000e+00 0.000000e+00 0.000000e+00 0.000000e+00
2.465000e+00 0.000000e+00 -5.050773e+03 -8.091443e+03 0.000000e+00 0.000000e+00 0.000000e+00 -3.942194e+02 -3.853850e+02 1.762015e+03 7.140002e+02 0.000000e+00 0.000000e+00 0.000000e+00 0.000000e+00 0.000000e+00 0.000000e+00 0.000000e+00 0.000000e+00 0.000000e+00
2.466000e+00 0.000000e+00 -5.049145e+03 -8.096892e+03 0.000000e+00 0.000000e+00 0.000000e+00 -3.953000e+02 -3.864515e+02 1.761480e+03 7.156211e+02 0.000000e+00 0.000000e+00 0.000000e+00 0.000000e+00 0.000000e+00 0.000000e+00 0.000000e+00 0.000000e+00 0.000000e+00
2.467000e+00 0.000000e+00 -5.047368e+03 -8.102223e+03 0.000000e+00 0.000000e+00 0.000000e+00 -3.963671e+02 -3.875046e+02 1.760931e+03 7.172091e+02 0.000000e+00 0.000000e+00 0.000000e+00 0.000000e+00 0.000000e+00 0.000000e+00 0.000000e+00 0.000000e+00 0.000000e+00
2.468000e+00 0.000000e+00 -5.045441e+03 -8.107434e+03 0.000000e+00 0.000000e+00 0.000000e+00 -3.974205e+02 -3.885440e+02 1.760369e+03 7.187636e+02 0.000000e+00 0.000000e+00 0.000000e+00 0.000000e+00 0.000000e+00 0.000000e+00 0.000000e+00 0.000000e+00 0.000000e+00
2.469000e+00 0.000000e+00 -5.043365e+03 -8.112524e+03 0.000000e+00 0.000000e+00 0.000000e+00 -3.984601e+02 -3.895697e+02 1.759792e+03 7.202846e+02 0.000000e+00 0.000000e+00 0.000000e+00 0.000000e+00 0.000000e+00 0.000000e+00 0.000000e+00 0.000000e+00 0.000000e+00
2.470000e+00 0.000000e+00 -5.041140e+03 -8.117492e+03 0.000000e+00 0.000000e+00 0.000000e+00 -3.994857e+02 -3.905813e+02 1.759201e+03 7.217716e+02 0.000000e+00 0.000000e+00 0.000000e+00 0.000000e+00 0.000000e+00 0.000000e+00 0.000000e+00 0.000000e+00 0.000000e+00
2.471000e+00 0.000000e+00 -5.038765e+03 -8.122339e+03 0.000000e+00 0.000000e+00 0.000000e+00 -4.004970e+02 -3.915787e+02 1.758596e+03 7.232244e+02 0.000000e+00 0.000000e+00 0.000000e+00 0.000000e+00 0.000000e+00 0.000000e+00 0.000000e+00 0.000000e+00 0.000000e+00
2.472000e+00 0.000000e+00 -5.036240e+03 -8.127062e+03 0.000000e+00 0.000000e+00 0.000000e+00 -4.014941e+02 -3.925618e+02 1.757976e+03 7.246429e+02 0.000000e+00 0.000000e+00 0.000000e+00 0.000000e+00 0.000000e+00 0.000000e+00 0.000000e+00 0.000000e+00 0.000000e+00
2.473000e+00 0.000000e+00 -5.033566e+03 -8.131662e+03 0.000000e+00 0.000000e+00 0.000000e+00 -4.024766e+02 -3.935305e+02 1.757343e+03 7.260267e+02 0.000000e+00 0.000000e+00 0.000000e+00 0.000000e+00 0.000000e+00 0.000000e+00 0.000000e+00 0.000000e+00 0.000000e+00
2.474000e+00 0.000000e+00 -5.030742e+03 -8.136137e+03 0.000000e+00 0.000000e+00 0.000000e+00 -4.034444e+02 -3.944844e+02 1.756695e+03 7.273756e+02 0.000000e+00 0.000000e+00 0.000000e+00 0.000000e+00 0.000000e+00 0.000000e+00 0.000000e+00 0.000000e+00 0.000000e+00
2.475000e+00 0.000000e+00 -5.027768e+03 -8.140488e+03 0.000000e+00 0.000000e+00 0.000000e+00 -4.043974e+02 -3.954236e+02 1.756032e+03 7.286895e+02 0.000000e+00 0.000000e+00 0.000000e+00 0.000000e+00 0.000000e+00 0.000000e+00 0.000000e+00 0.000000e+00 0.000000e+00
2.476000e+00 0.000000e+00 -5.024646e+03 -8.144712e+03 0.000000e+00 0.000000e+00 0.000000e+00 -4.053354e+02 -3.963478e+02 1.755356e+03 7.299680e+02 0.000000e+00 0.000000e+00 0.000000e+00 0.000000e+00 0.000000e+00 0.000000e+00 0.000000e+00 0.000000e+00 0.000000e+00
2.477000e+00 0.000000e+00 -5.021374e+03 -8.148811e+03 0.000000e+00 0.000000e+00 0.000000e+00 -4.062584e+02 -3.972569e+02 1.754665e+03 7.312112e+02 0.000000e+00 0.000000e+00 0.000000e+00 0.000000e+00 0.000000e+00 0.000000e+00 0.000000e+00 0.000000e+00 0.000000e+00
2.478000e+00 0.000000e+00 -5.017954e+03 -8.152782e+03 0.000000e+00 0.000000e+00 0.000000e+00 -4.071660e+02 -3.981508e+02 1.753960e+03 7.324186e+02 0.000000e+00 0.000000e+00 0.000000e+00 0.000000e+00 0.000000e+00 0.000000e+00 0.000000e+00 0.000000e+00 0.000000e+00
2.479000e+00 0.000000e+00 -5.014385e+03 -8.156625e+03 0.000000e+00 0.000000e+00 0.000000e+00 -4.080583e+02 -3.990294e+02 1.753240e+03 7.335903e+02 0.000000e+00 0.000000e+00 0.000000e+00 0.000000e+00 0.000000e+00 0.000000e+00 0.000000e+00 0.000000e+00 0.000000e+00
2.480000e+00 0.000000e+00 -5.010667e+03 -8.160340e+03 0.000000e+00 0.000000e+00 0.000000e+00 -4.089350e+02 -3.998924e+02 1.752507e+03 7.347260e+02 0.000000e+00 0.000000e+00 0.000000e+00 0.000000e+00 0.000000e+00 0.000000e+00 0.000000e+00 0.000000e+00 0.000000e+00
2.481000e+00 0.000000e+00 -5.006803e+03 -8.163926e+03 0.000000e+00 0.000000e+00 0.000000e+00 -4.097961e+02 -4.007399e+02 1.751758e+03 7.358256e+02 0.000000e+00 0.000000e+00 0.000000e+00 0.000000e+00 0.000000e+00 0.000000e+00 0.000000e+00 0.000000e+00 0.000000e+00
2.482000e+00 0.000000e+00 -5.002791e+03 -8.167382e+03 0.000000e+00 0.000000e+00 0.000000e+00 -4.106415e+02 -4.015716e+02 1.750996e+03 7.368890e+02 0.000000e+00 0.000000e+00 0.000000e+00 0.000000e+00 0.000000e+00 0.000000e+00 0.000000e+00 0.000000e+00 0.000000e+00
2.483000e+00 0.000000e+00 -4.998632e+03 -8.170708e+03 0.000000e+00 0.000000e+00 0.000000e+00 -4.114710e+02 -4.023875e+02 1.750219e+03 7.379159e+02 0.000000e+00 0.000000e+00 0.000000e+00 0.000000e+00 0.000000e+00 0.000000e+00 0.000000e+00 0.000000e+00 0.000000e+00
2.484000e+00 0.000000e+00 -4.994328e+03 -8.173903e+03 0.000000e+00 0.000000e+00 0.000000e+00 -4.122844e+02 -4.031874e+02 1.749428e+03 7.389065e+02 0.000000e+00 0.000000e+00 0.000000e+00 0.000000e+00 0.000000e+00 0.000000e+00 0.000000e+00 0.000000e+00 0.000000e+00
2.485000e+00 0.000000e+00 -4.989878e+03 -8.176967e+03 0.000000e+00 0.000000e+00 0.000000e+00 -4.130819e+02 -4.039713e+02 1.748622e+03 7.398604e+02 0.000000e+00 0.000000e+00 0.000000e+00 0.000000e+00 0.000000e+00 0.000000e+00 0.000000e+00 0.000000e+00 0.000000e+00
2.486000e+00 0.000000e+00 -4.985283e+03 -8.179899e+03 0.000000e+00 0.000000e+00 0.000000e+00 -4.138631e+02 -4.047391e+02 1.747803e+03 7.407777e+02 0.000000e+00 0.000000e+00 0.000000e+00 0.000000e+00 0.000000e+00 0.000000e+00 0.000000e+00 0.000000e+00 0.000000e+00
2.487000e+00 0.000000e+00 -4.980544e+03 -8.182699e+03 0.000000e+00 0.000000e+00 0.000000e+00 -4.146281e+02 -4.054906e+02 1.746969e+03 7.416583e+02 0.000000e+00 0.000000e+00 0.000000e+00 0.000000e+00 0.000000e+00 0.000000e+00 0.000000e+00 0.000000e+00 0.000000e+00
2.488000e+00 0.000000e+00 -4.975661e+03 -8.185365e+03 0.000000e+00 0.000000e+00 0.000000e+00 -4.153767e+02 -4.062258e+02 1.746121e+03 7.425021e+02 0.000000e+00 0.000000e+00 0.000000e+00 0.000000e+00 0.000000e+00 0.000000e+00 0.000000e+00 0.000000e+00 0.000000e+00
2.489000e+00 0.000000e+00 -4.970637e+03 -8.187898e+03 0.000000e+00 0.000000e+00 0.000000e+00 -4.161088e+02 -4.069446e+02 1.745259e+03 7.433090e+02 0.000000e+00 0.000000e+00 0.000000e+00 0.000000e+00 0.000000e+00 0.000000e+00 0.000000e+00 0.000000e+00 0.000000e+00
2.490000e+00 0.000000e+00 -4.965470e+03 -8.190298e+03 0.000000e+00 0.000000e+00 0.000000e+00 -4.168244e+02 -4.076469e+02 1.744383e+03 7.440790e+02 0.000000e+00 0.000000e+00 0.000000e+00 0.000000e+00 0.000000e+00 0.000000e+00 0.000000e+00 0.000000e+00 0.000000e+00
2.491000e+00 0.000000e+00 -4.960163e+03 -8.192562e+03 0.000000e+00 0.000000e+00 0.000000e+00 -4.175234e+02 -4.083326e+02 1.743493e+03 7.448120e+02 0.000000e+00 0.000000e+00 0.000000e+00 0.000000e+00 0.000000e+00 0.000000e+00 0.000000e+00 0.000000e+00 0.000000e+00
2.492000e+00 0.000000e+00 -4.954716e+03 -8.194691e+03 0.000000e+00 0.000000e+00 0.000000e+00 -4.182057e+02 -4.090017e+02 1.742589e+03 7.455081e+02 0.000000e+00 0.000000e+00 0.000000e+00 0.000000e+00 0.000000e+00 0.000000e+00 0.000000e+00 0.000000e+00 0.000000e+00
2.493000e+00 0.000000e+00 -4.949130e+03 -8.196685e+03 0.000000e+00 0.000000e+00 0.000000e+00 -4.188713e+02 -4.096541e+02 1.741670e+03 7.461672e+02 0.000000e+00 0.000000e+00 0.000000e+00 0.000000e+00 0.000000e+00 0.000000e+00 0.000000e+00 0.000000e+00 0.000000e+00
2.494000e+00 0.000000e+00 -4.943407e+03 -8.198542e+03 0.000000e+00 0.000000e+00 0.000000e+00 -4.195200e+02 -4.102897e+02 1.740739e+03 7.467892e+02 0.000000e+00 0.000000e+00 0.000000e+00 0.000000e+00 0.000000e+00 0.000000e+00 0.000000e+00 0.000000e+00 0.000000e+00
2.495000e+00 0.000000e+00 -4.937548e+03 -8.200263e+03 0.000000e+00 0.000000e+00 0.000000e+00 -4.201518e+02 -4.109084e+02 1.739793e+03 7.473742e+02 0.000000e+00 0.000000e+00 0.000000e+00 0.000000e+00 0.000000e+00 0.000000e+00 0.000000e+00 0.000000e+00 0.000000e+00
2.496000e+00 0.000000e+00 -4.931552e+03 -8.201847e+03 0.000000e+00 0.000000e+00 0.000000e+00 -4.207667e+02 -4.115103e+02 1.738834e+03 7.479223e+02 0.000000e+00 0.000000e+00 0.000000e+00 0.000000e+00 0.000000e+00 0.000000e+00 0.000000e+00 0.000000e+00 0.000000e+00
2.497000e+00 0.000000e+00 -4.925423e+03 -8.203292e+03 0.000000e+00 0.000000e+00 0.000000e+00 -4.213646e+02 -4.120952e+02 1.737861e+03 7.484333e+02 0.000000e+00 0.000000e+00 0.000000e+00 0.000000e+00 0.000000e+00 0.000000e+00 0.000000e+00 0.000000e+00 0.000000e+00
2.498000e+00 0.000000e+00 -4.919161e+03 -8.204600e+03 0.000000e+00 0.000000e+00 0.000000e+00 -4.219454e+02 -4.126631e+02 1.736874e+03 7.489074e+02 0.000000e+00 0.000000e+00 0.000000e+00 0.000000e+00 0.000000e+00 0.000000e+00 0.000000e+00 0.000000e+00 0.000000e+00
2.499000e+00 0.000000e+00 -4.912767e+03 -8.205769e+03 0.000000e+00 0.000000e+00 0.000000e+00 -4.225091e+02 -4.132140e+02 1.735874e+03 7.493446e+02 0.000000e+00 0.000000e+00 0.000000e+00 0.000000e+00 0.000000e+00 0.000000e+00 0.000000e+00 0.000000e+00 0.000000e+00
2.500000e+00 0.000000e+00 -4.906242e+03 -8.206799e+03 0.000000e+00 0.000000e+00 0.000000e+00 -4.230558e+02 -4.137478e+02 1.734861e+03 7.497449e+02 0.000000e+00 0.000000e+00 0.000000e+00 0.000000e+00 0.000000e+00 0.000000e+00 0.000000e+00 0.000000e+00 0.000000e+00
2.501000e+00 0.000000e+00 -4.899588e+03 -8.207690e+03 0.000000e+00 0.000000e+00 0.000000e+00 -4.235853e+02 -4.142646e+02 1.733835e+03 7.501085e+02 0.000000e+00 0.000000e+00 0.000000e+00 0.000000e+00 0.000000e+00 0.000000e+00 0.000000e+00 0.000000e+00 0.000000e+00
2.502000e+00 0.000000e+00 -4.892807e+03 -8.208441e+03 0.000000e+00 0.000000e+00 0.000000e+00 -4.240976e+02 -4.147642e+02 1.732795e+03 7.504353e+02 0.000000e+00 0.000000e+00 0.000000e+00 0.000000e+00 0.000000e+00 0.000000e+00 0.000000e+00 0.000000e+00 0.000000e+00
2.503000e+00 0.000000e+00 -4.885898e+03 -8.209052e+03 0.000000e+00 0.000000e+00 0.000000e+00 -4.245927e+02 -4.152467e+02 1.731742e+03 7.507256e+02 0.000000e+00 0.000000e+00 0.000000e+00 0.000000e+00 0.000000e+00 0.000000e+00 0.000000e+00 0.000000e+00 0.000000e+00
2.504000e+00 0.000000e+00 -4.878865e+03 -8.209522e+03 0.000000e+00 0.000000e+00 0.000000e+00 -4.250707e+02 -4.157121e+02 1.730676e+03 7.509793e+02 0.000000e+00 0.000000e+00 0.000000e+00 0.000000e+00 0.000000e+00 0.000000e+00 0.000000e+00 0.000000e+00 0.000000e+00
2.505000e+00 0.000000e+00 -4.871708e+03 -8.209851e+03 0.000000e+00 0.000000e+00 0.000000e+00 -4.255314e+02 -4.161603e+02 1.729598e+03 7.511966e+02 0.000000e+00 0.000000e+00 0.000000e+00 0.000000e+00 0.000000e+00 0.000000e+00 0.000000e+00 0.000000e+00 0.000000e+00
2.506000e+00 0.000000e+00 -4.864429e+03 -8.210039e+03 0.000000e+00 0.000000e+00 0.000000e+00 -4.259749e+02 -4.165914e+02 1.728506e+03 7.513776e+02 0.000000e+00 0.000000e+00 0.000000e+00 0.000000e+00 0.000000e+00 0.000000e+00 0.000000e+00 0.000000e+00 0.000000e+00
2.507000e+00 0.000000e+00 -4.857029e+03 -8.210086e+03 0.000000e+00 0.000000e+00 0.000000e+00 -4.264012e+02 -4.170054e+02 1.727403e+03 7.515224e+02 0.000000e+00 0.000000e+00 0.000000e+00 0.000000e+00 0.000000e+00 0.000000e+00 0.000000e+00 0.000000e+00 0.000000e+00
2.508000e+00 0.000000e+00 -4.849510e+03 -8.209991e+03 0.000000e+00 0.000000e+00 0.000000e+00 -4.268104e+02 -4.174022e+02 1.726286e+03 7.516312e+02 0.000000e+00 0.000000e+00 0.000000e+00 0.000000e+00 0.000000e+00 0.000000e+00 0.000000e+00 0.000000e+00 0.000000e+00
2.509000e+00 0.000000e+00 -4.841874e+03 -8.209754e+03 0.000000e+00 0.000000e+00 0.000000e+00 -4.272023e+02 -4.177819e+02 1.725157e+03 7.517041e+02 0.000000e+00 0.000000e+00 0.000000e+00 0.000000e+00 0.000000e+00 0.000000e+00 0.000000e+00 0.000000e+00 0.000000e+00
2.510000e+00 0.000000e+00 -4.834121e+03 -8.209374e+03 0.000000e+00 0.000000e+00 0.000000e+00 -4.275771e+02 -4.181445e+02 1.724016e+03 7.517413e+02 0.000000e+00 0.000000e+00 0.000000e+00 0.000000e+00 0.000000e+00 0.000000e+00 0.000000e+00 0.000000e+00 0.000000e+00
2.511000e+00 0.000000e+00 -4.826255e+03 -8.208852e+03 0.000000e+00 0.000000e+00 0.000000e+00 -4.279347e+02 -4.184900e+02 1.722863e+03 7.517429e+02 0.000000e+00 0.000000e+00 0.000000e+00 0.000000e+00 0.000000e+00 0.000000e+00 0.000000e+00 0.000000e+00 0.000000e+00
2.512000e+00 0.000000e+00 -4.818275e+03 -8.208186e+03 0.000000e+00 0.000000e+00 0.000000e+00 -4.282752e+02 -4.188184e+02 1.721697e+03 7.517091e+02 0.000000e+00 0.000000e+00 0.000000e+00 0.000000e+00 0.000000e+00 0.000000e+00 0.000000e+00 0.000000e+00 0.000000e+00
2.513000e+00 0.000000e+00 -4.810185e+03 -8.207378e+03 0.000000e+00 0.000000e+00 0.000000e+00 -4.285985e+02 -4.191298e+02 1.720520e+03 7.516401e+02 0.000000e+00 0.000000e+00 0.000000e+00 0.000000e+00 0.000000e+00 0.000000e+00 0.000000e+00 0.000000e+00 0.000000e+00
2.514000e+00 0.000000e+00 -4.801986e+03 -8.206425e+03 0.000000e+00 0.000000e+00 0.000000e+00 -4.289048e+02 -4.194242e+02 1.719331e+03 7.515361e+02 0.000000e+00 0.000000e+00 0.000000e+00 0.000000e+00 0.000000e+00 0.000000e+00 0.000000e+00 0.000000e+00 0.000000e+00
2.515000e+00 0.000000e+00 -4.793679e+03 -8.205330e+03 0.000000e+00 0.000000e+00 0.000000e+00 -4.291940e+02 -4.197017e+02 1.718131e+03 7.513972e+02 0.000000e+00 0.000000e+00 0.000000e+00 0.000000e+00 0.000000e+00 0.000000e+00 0.000000e+00 0.000000e+00 0.000000e+00
2.516000e+00 0.000000e+00 -4.785267e+03 -8.204090e+03 0.000000e+00 0.000000e+00 0.000000e+00 -4.294663e+02 -4.199622e+02 1.716919e+03 7.512237e+02 0.000000e+00 0.000000e+00 0.000000e+00 0.000000e+00 0.000000e+00 0.000000e+00 0.000000e+00 0.000000e+00 0.000000e+00
2.517000e+00 0.000000e+00 -4.776750e+03 -8.202706e+03 0.000000e+00 0.000000e+00 0.000000e+00 -4.297216e+02 -4.202058e+02 1.715696e+03 7.510157e+02 0.000000e+00 0.000000e+00 0.000000e+00 0.000000e+00 0.000000e+00 0.000000e+00 0.000000e+00 0.000000e+00 0.000000e+00
2.518000e+00 0.000000e+00 -4.768132e+03 -8.201178e+03 0.000000e+00 0.000000e+00 0.000000e+00 -4.299599e+02 -4.204326e+02 1.714461e+03 7.507736e+02 0.000000e+00 0.000000e+00 0.000000e+00 0.000000e+00 0.000000e+00 0.000000e+00 0.000000e+00 0.000000e+00 0.000000e+00
2.519000e+00 0.000000e+00 -4.759414e+03 -8.199506e+03 0.000000e+00 0.000000e+00 0.000000e+00 -4.301815e+02 -4.206426e+02 1.713216e+03 7.504976e+02 0.000000e+00 0.000000e+00 0.000000e+00 0.000000e+00 0.000000e+00 0.000000e+00 0.000000e+00 0.000000e+00 0.000000e+00
2.520000e+00 0.000000e+00 -4.750597e+03 -8.197689e+03 0.000000e+00 0.000000e+00 0.000000e+00 -4.303863e+02 -4.208360e+02 1.711960e+03 7.501879e+02 0.000000e+00 0.000000e+00 0.000000e+00 0.000000e+00 0.000000e+00 0.000000e+00 0.000000e+00 0.000000e+00 0.000000e+00
2.521000e+00 0.000000e+00 -4.741684e+03 -8.195728e+03 0.000000e+00 0.000000e+00 0.000000e+00 -4.305744e+02 -4.210127e+02 1.710693e+03 7.498447e+02 0.000000e+00 0.000000e+00 0.000000e+00 0.000000e+00 0.000000e+00 0.000000e+00 0.000000e+00 0.000000e+00 0.000000e+00
2.522000e+00 0.000000e+00 -4.732677e+03 -8.193623e+03 0.000000e+00 0.000000e+00 0.000000e+00 -4.307458e+02 -4.211729e+02 1.709416e+03 7.494684e+02 0.000000e+00 0.000000e+00 0.000000e+00 0.000000e+00 0.000000e+00 0.000000e+00 0.000000e+00 0.000000e+00 0.000000e+00
2.523000e+00 0.000000e+00 -4.723576e+03 -8.191373e+03 0.000000e+00 0.000000e+00 0.000000e+00 -4.309008e+02 -4.213166e+02 1.708128e+03 7.490592e+02 0.000000e+00 0.000000e+00 0.000000e+00 0.000000e+00 0.000000e+00 0.000000e+00 0.000000e+00 0.000000e+00 0.000000e+00
2.524000e+00 0.000000e+00 -4.714385e+03 -8.188979e+03 0.000000e+00 0.000000e+00 0.000000e+00 -4.310393e+02 -4.214440e+02 1.706830e+03 7.486175e+02 0.000000e+00 0.000000e+00 0.000000e+00 0.000000e+00 0.000000e+00 0.000000e+00 0.000000e+00 0.000000e+00 0.000000e+00
2.525000e+00 0.000000e+00 -4.705106e+03 -8.186440e+03 0.000000e+00 0.000000e+00 0.000000e+00 -4.311614e+02 -4.215551e+02 1.705522e+03 7.481434e+02 0.000000e+00 0.000000e+00 0.000000e+00 0.000000e+00 0.000000e+00 0.000000e+00 0.000000e+00 0.000000e+00 0.000000e+00
2.526000e+00 0.000000e+00 -4.695739e+03 -8.183758e+03 0.000000e+00 0.000000e+00 0.000000e+00 -4.312672e+02 -4.216500e+02 1.704205e+03 7.476374e+02 0.000000e+00 0.000000e+00 0.000000e+00 0.000000e+00 0.000000e+00 0.000000e+00 0.000000e+00 0.000000e+00 0.000000e+00
2.527000e+00 0.000000e+00 -4.686288e+03 -8.180931e+03 0.000000e+00 0.000000e+00 0.000000e+00 -4.313569e+02 -4.217288e+02 1.702877e+03 7.470997e+02 0.000000e+00 0.000000e+00 0.000000e+00 0.000000e+00 0.000000e+00 0.000000e+00 0.000000e+00 0.000000e+00 0.000000e+00
2.528000e+00 0.000000e+00 -4.676754e+03 -8.177960e+03 0.000000e+00 0.000000e+00 0.000000e+00 -4.314305e+02 -4.217917e+02 1.701540e+03 7.465306e+02 0.000000e+00 0.000000e+00 0.000000e+00 0.000000e+00 0.000000e+00 0.000000e+00 0.000000e+00 0.000000e+00 0.000000e+00
2.529000e+00 0.000000e+00 -4.667139e+03 -8.174845e+03 0.000000e+00 0.000000e+00 0.000000e+00 -4.314882e+02 -4.218386e+02 1.700194e+03 7.459305e+02 0.000000e+00 0.000000e+00 0.000000e+00 0.000000e+00 0.000000e+00 0.000000e+00 0.000000e+00 0.000000e+00 0.000000e+00
2.530000e+00 0.000000e+00 -4.657445e+03 -8.171586e+03 0.000000e+00 0.000000e+00 0.000000e+00 -4.315300e+02 -4.218698e+02 1.698839e+03 7.452997e+02 0.000000e+00 0.000000e+00 0.000000e+00 0.000000e+00 0.000000e+00 0.000000e+00 0.000000e+00 0.000000e+00 0.000000e+00
2.531000e+00 0.000000e+00 -4.647675e+03 -8.168183e+03 0.000000e+00 0.000000e+00 0.000000e+00 -4.315561e+02 -4.218854e+02 1.697475e+03 7.446385e+02 0.000000e+00 0.000000e+00 0.000000e+00 0.000000e+00 0.000000e+00 0.000000e+00 0.000000e+00 0.000000e+00 0.000000e+00
2.532000e+00 0.000000e+00 -4.637831e+03 -8.164637e+03 0.000000e+00 0.000000e+00 0.000000e+00 -4.315665e+02 -4.218854e+02 1.696102e+03 7.439473e+02 0.000000e+00 0.000000e+00 0.000000e+00 0.000000e+00 0.000000e+00 0.000000e+00 0.000000e+00 0.000000e+00 0.000000e+00
2.533000e+00 0.000000e+00 -4.627914e+03 -8.160948e+03 0.000000e+00 0.000000e+00 0.000000e+00 -4.315615e+02 -4.218700e+02 1.694721e+03 7.432265e+02 0.000000e+00 0.000000e+00 0.000000e+00 0.000000e+00 0.000000e+00 0.000000e+00 0.000000e+00 0.000000e+00 0.000000e+00
2.534000e+00 0.000000e+00 -4.617927e+03 -8.157116e+03 0.000000e+00 0.000000e+00 0.000000e+00 -4.315411e+02 -4.218393e+02 1.693332e+03 7.424764e+02 0.000000e+00 0.000000e+00 0.000000e+00 0.000000e+00 0.000000e+00 0.000000e+00 0.000000e+00 0.000000e+00 0.000000e+00
2.535000e+00 0.000000e+00 -4.607872e+03 -8.153142e+03 0.000000e+00 0.000000e+00 0.000000e+00 -4.315054e+02 -4.217935e+02 1.691934e+03 7.416974e+02 0.000000e+00 0.000000e+00 0.000000e+00 0.000000e+00 0.000000e+00 0.000000e+00 0.000000e+00 0.000000e+00 0.000000e+00
2.536000e+00 0.000000e+00 -4.597750e+03 -8.149025e+03 0.000000e+00 0.000000e+00 0.000000e+00 -4.314547e+02 -4.217327e+02 1.690528e+03 7.408899e+02 0.000000e+00 0.000000e+00 0.000000e+00 0.000000e+00 0.000000e+00 0.000000e+00 0.000000e+00 0.000000e+00 0.000000e+00
2.537000e+00 0.000000e+00 -4.587565e+03 -8.144767e+03 0.000000e+00 0.000000e+00 0.000000e+00 -4.313891e+02 -4.216571e+02 1.689115e+03 7.400543e+02 0.000000e+00 0.000000e+00 0.000000e+00 0.000000e+00 0.000000e+00 0.000000e+00 0.000000e+00 0.000000e+00 0.000000e+00
2.538000e+00 0.000000e+00 -4.577318e+03 -8.140367e+03 0.000000e+00 0.000000e+00 0.000000e+00 -4.313087e+02 -4.215668e+02 1.687694e+03 7.391910e+02 0.000000e+00 0.000000e+00 0.000000e+00 0.000000e+00 0.000000e+00 0.000000e+00 0.000000e+00 0.000000e+00 0.000000e+00
2.539000e+00 0.000000e+00 -4.567011e+03 -8.135827e+03 0.000000e+00 0.000000e+00 0.000000e+00 -4.312137e+02 -4.214620e+02 1.686266e+03 7.383005e+02 0.000000e+00 0.000000e+00 0.000000e+00 0.000000e+00 0.000000e+00 0.000000e+00 0.000000e+00 0.000000e+00 0.000000e+00
2.540000e+00 0.000000e+00 -4.556646e+03 -8.131147e+03 0.000000e+00 0.000000e+00 0.000000e+00 -4.311043e+02 -4.213429e+02 1.684831e+03 7.373830e+02 0.000000e+00 0.000000e+00 0.000000e+00 0.000000e+00 0.000000e+00 0.000000e+00 0.000000e+00 0.000000e+00 0.000000e+00
2.541000e+00 0.000000e+00 -4.546227e+03 -8.126327e+03 0.000000e+00 0.000000e+00 0.000000e+00 -4.309806e+02 -4.212095e+02 1.683389e+03 7.364392e+02 0.000000e+00 0.000000e+00 0.000000e+00 0.000000e+00 0.000000e+00 0.000000e+00 0.000000e+00 0.000000e+00 0.000000e+00
2.542000e+00 0.000000e+00 -4.535754e+03 -8.121368e+03 0.000000e+00 0.000000e+00 0.000000e+00 -4.308427e+02 -4.210622e+02 1.681941e+03 7.354694e+02 0.000000e+00 0.000000e+00 0.000000e+00 0.000000e+00 0.000000e+00 0.000000e+00 0.000000e+00 0.000000e+00 0.000000e+00
2.543000e+00 0.000000e+00 -4.525229e+03 -8.116271e+03 0.000000e+00 0.000000e+00 0.000000e+00 -4.306910e+02 -4.209010e+02 1.680486e+03 7.344740e+02 0.000000e+00 0.000000e+00 0.000000e+00 0.000000e+00 0.000000e+00 0.000000e+00 0.000000e+00 0.000000e+00 0.000000e+00
2.544000e+00 0.000000e+00 -4.514656e+03 -8.111036e+03 0.000000e+00 0.000000e+00 0.000000e+00 -4.305255e+02 -4.207262e+02 1.679025e+03 7.334536e+02 0.000000e+00 0.000000e+00 0.000000e+00 0.000000e+00 0.000000e+00 0.000000e+00 0.000000e+00 0.000000e+00 0.000000e+00
2.545000e+00 0.000000e+00 -4.504036e+03 -8.105664e+03 0.000000e+00 0.000000e+00 0.000000e+00 -4.303465e+02 -4.205379e+02 1.677558e+03 7.324085e+02 0.000000e+00 0.000000e+00 0.000000e+00 0.000000e+00 0.000000e+00 0.000000e+00 0.000000e+00 0.000000e+00 0.000000e+00
2.546000e+00 0.000000e+00 -4.493372e+03 -8.100156e+03 0.000000e+00 0.000000e+00 0.000000e+00 -4.301541e+02 -4.203363e+02 1.676085e+03 7.313393e+02 0.000000e+00 0.000000e+00 0.000000e+00 0.000000e+00 0.000000e+00 0.000000e+00 0.000000e+00 0.000000e+00 0.000000e+00
2.547000e+00 0.000000e+00 -4.482665e+03 -8.094512e+03 0.000000e+00 0.000000e+00 0.000000e+00 -4.299485e+02 -4.201216e+02 1.674607e+03 7.302464e+02 0.000000e+00 0.000000e+00 0.000000e+00 0.000000e+00 0.000000e+00 0.000000e+00 0.000000e+00 0.000000e+00 0.000000e+00
2.548000e+00 0.000000e+00 -4.471919e+03 -8.088734e+03 0.000000e+00 0.000000e+00 0.000000e+00 -4.297299e+02 -4.198941e+02 1.673123e+03 7.291303e+02 0.000000e+00 0.000000e+00 0.000000e+00 0.000000e+00 0.000000e+00 0.000000e+00 0.000000e+00 0.000000e+00 0.000000e+00
2.549000e+00 0.000000e+00 -4.461134e+03 -8.082822e+03 0.000000e+00 0.000000e+00 0.000000e+00 -4.294986e+02 -4.196538e+02 1.671635e+03 7.279914e+02 0.000000e+00 0.000000e+00 0.000000e+00 0.000000e+00 0.000000e+00 0.000000e+00 0.000000e+00 0.000000e+00 0.000000e+00
2.550000e+00 0.000000e+00 -4.450314e+03 -8.076777e+03 0.000000e+00 0.000000e+00 0.000000e+00 -4.292547e+02 -4.194011e+02 1.670142e+03 7.268303e+02 0.000000e+00 0.000000e+00 0.000000e+00 0.000000e+00 0.000000e+00 0.000000e+00 0.000000e+00 0.000000e+00 0.000000e+00
2.551000e+00 0.000000e+00 -4.439460e+03 -8.070601e+03 0.000000e+00 0.000000e+00 0.000000e+00 -4.289984e+02 -4.191362e+02 1.668644e+03 7.256475e+02 0.000000e+00 0.000000e+00 0.000000e+00 0.000000e+00 0.000000e+00 0.000000e+00 0.000000e+00 0.000000e+00 0.000000e+00
2.552000e+00 0.000000e+00 -4.428576e+03 -8.064293e+03 0.000000e+00 0.000000e+00 0.000000e+00 -4.287300e+02 -4.188591e+02 1.667142e+03 7.244435e+02 0.000000e+00 0.000000e+00 0.000000e+00 0.000000e+00 0.000000e+00 0.000000e+00 0.000000e+00 0.000000e+00 0.000000e+00
2.553000e+00 0.000000e+00 -4.417662e+03 -8.057856e+03 0.000000e+00 0.000000e+00 0.000000e+00 -4.284497e+02 -4.185703e+02 1.665636e+03 7.232188e+02 0.000000e+00 0.000000e+00 0.000000e+00 0.000000e+00 0.000000e+00 0.000000e+00 0.000000e+00 0.000000e+00 0.000000e+00
2.554000e+00 0.000000e+00 -4.406721e+03 -8.051291e+03 0.000000e+00 0.000000e+00 0.000000e+00 -4.281577e+02 -4.182699e+02 1.664126e+03 7.219739e+02 0.000000e+00 0.000000e+00 0.000000e+00 0.000000e+00 0.000000e+00 0.000000e+00 0.000000e+00 0.000000e+00 0.000000e+00
2.555000e+00 0.000000e+00 -4.395756e+03 -8.044598e+03 0.000000e+00 0.000000e+00 0.000000e+00 -4.278542e+02 -4.179581e+02 1.662612e+03 7.207094e+02 0.000000e+00 0.000000e+00 0.000000e+00 0.000000e+00 0.000000e+00 0.000000e+00 0.000000e+00 0.000000e+00 0.000000e+00
2.556000e+00 0.000000e+00 -4.384768e+03 -8.037779e+03 0.000000e+00 0.000000e+00 0.000000e+00 -4.275395e+02 -4.176352e+02 1.661096e+03 7.194258e+02 0.000000e+00 0.000000e+00 0.000000e+00 0.000000e+00 0.000000e+00 0.000000e+00 0.000000e+00 0.000000e+00 0.000000e+00
2.557000e+00 0.000000e+00 -4.373760e+03 -8.030835e+03 0.000000e+00 0.000000e+00 0.000000e+00 -4.272139e+02 -4.173014e+02 1.659576e+03 7.181237e+02 0.000000e+00 0.000000e+00 0.000000e+00 0.000000e+00 0.000000e+00 0.000000e+00 0.000000e+00 0.000000e+00 0.000000e+00
2.558000e+00 0.000000e+00 -4.362734e+03 -8.023767e+03 0.000000e+00 0.000000e+00 0.000000e+00 -4.268776e+02 -4.169570e+02 1.658053e+03 7.168035e+02 0.000000e+00 0.000000e+00 0.000000e+00 0.000000e+00 0.000000e+00 0.000000e+00 0.000000e+00 0.000000e+00 0.000000e+00
2.559000e+00 0.000000e+00 -4.351692e+03 -8.016577e+03 0.000000e+00 0.000000e+00 0.000000e+00 -4.265308e+02 -4.166023e+02 1.656528e+03 7.154660e+02 0.000000e+00 0.000000e+00 0.000000e+00 0.000000e+00 0.000000e+00 0.000000e+00 0.000000e+00 0.000000e+00 0.000000e+00
2.560000e+00 0.000000e+00 -4.340636e+03 -8.009267e+03 0.000000e+00 0.000000e+00 0.000000e+00 -4.261737e+02 -4.162374e+02 1.655001e+03 7.141116e+02 0.000000e+00 0.000000e+00 0.000000e+00 0.000000e+00 0.000000e+00 0.000000e+00 0.000000e+00 0.000000e+00 0.000000e+00
2.561000e+00 0.000000e+00 -4.329569e+03 -8.001837e+03 0.000000e+00 0.000000e+00 0.000000e+00 -4.258067e+02 -4.158626e+02 1.653471e+03 7.127408e+02 0.000000e+00 0.000000e+00 0.000000e+00 0.000000e+00 0.000000e+00 0.000000e+00 0.000000e+00 0.000000e+00 0.000000e+00
2.562000e+00 0.000000e+00 -4.318493e+03 -7.994289e+03 0.000000e+00 0.000000e+00 0.000000e+00 -4.254300e+02 -4.154782e+02 1.651940e+03 7.113544e+02 0.000000e+00 0.000000e+00 0.000000e+00 0.000000e+00 0.000000e+00 0.000000e+00 0.000000e+00 0.000000e+00 0.000000e+00
2.563000e+00 0.000000e+00 -4.307409e+03 -7.986625e+03 0.000000e+00 0.000000e+00 0.000000e+00 -4.250438e+02 -4.150844e+02 1.650408e+03 7.099528e+02 0.000000e+00 0.000000e+00 0.000000e+00 0.000000e+00 0.000000e+00 0.000000e+00 0.000000e+00 0.000000e+00 0.000000e+00
2.564000e+00 0.000000e+00 -4.296321e+03 -7.978846e+03 0.000000e+00 0.000000e+00 0.000000e+00 -4.246485e+02 -4.146816e+02 1.648874e+03 7.085366e+02 0.000000e+00 0.000000e+00 0.000000e+00 0.000000e+00 0.000000e+00 0.000000e+00 0.000000e+00 0.000000e+00 0.000000e+00
2.565000e+00 0.000000e+00 -4.285230e+03 -7.970954e+03 0.000000e+00 0.000000e+00 0.000000e+00 -4.242442e+02 -4.142700e+02 1.647339e+03 7.071064e+02 0.000000e+00 0.000000e+00 0.000000e+00 0.000000e+00 0.000000e+00 0.000000e+00 0.000000e+00 0.000000e+00 0.000000e+00
2.566000e+00 0.000000e+00 -4.274138e+03 -7.962950e+03 0.000000e+00 0.000000e+00 0.000000e+00 -4.238314e+02 -4.138498e+02 1.645804e+03 7.056629e+02 0.000000e+00 0.000000e+00 0.000000e+00 0.000000e+00 0.000000e+00 0.000000e+00 0.000000e+00 0.000000e+00 0.000000e+00
2.567000e+00 0.000000e+00 -4.263049e+03 -7.954837e+03 0.000000e+00 0.000000e+00 0.000000e+00 -4.234102e+02 -4.134213e+02 1.644268e+03 7.042066e+02 0.000000e+00 0.000000e+00 0.000000e+00 0.000000e+00 0.000000e+00 0.000000e+00 0.000000e+00 0.000000e+00 0.000000e+00
2.568000e+00 0.000000e+00 -4.251963e+03 -7.946615e+03 0.000000e+00 0.000000e+00 0.000000e+00 -4.229809e+02 -4.129849e+02 1.642732e+03 7.027381e+02 0.000000e+00 0.000000e+00 0.000000e+00 0.000000e+00 0.000000e+00 0.000000e+00 0.000000e+00 0.000000e+00 0.000000e+00
2.569000e+00 0.000000e+00 -4.240883e+03 -7.938288e+03 0.000000e+00 0.000000e+00 0.000000e+00 -4.225438e+02 -4.125409e+02 1.641197e+03 7.012581e+02 0.000000e+00 0.000000e+00 0.000000e+00 0.000000e+00 0.000000e+00 0.000000e+00 0.000000e+00 0.000000e+00 0.000000e+00
2.570000e+00 0.000000e+00 -4.229811e+03 -7.929857e+03 0.000000e+00 0.000000e+00 0.000000e+00 -4.220993e+02 -4.120894e+02 1.639661e+03 6.997671e+02 0.000000e+00 0.000000e+00 0.000000e+00 0.000000e+00 0.000000e+00 0.000000e+00 0.000000e+00 0.000000e+00 0.000000e+00
2.571000e+00 0.000000e+00 -4.218749e+03 -7.921323e+03 0.000000e+00 0.000000e+00 0.000000e+00 -4.216476e+02 -4.116308e+02 1.638127e+03 6.982658e+02 0.000000e+00 0.000000e+00 0.000000e+00 0.000000e+00 0.000000e+00 0.000000e+00 0.000000e+00 0.000000e+00 0.000000e+00
2.572000e+00 0.000000e+00 -4.207699e+03 -7.912689e+03 0.000000e+00 0.000000e+00 0.000000e+00 -4.211891e+02 -4.111655e+02 1.636593e+03 6.967549e+02 0.000000e+00 0.000000e+00 0.000000e+00 0.000000e+00 0.000000e+00 0.000000e+00 0.000000e+00 0.000000e+00 0.000000e+00
2.573000e+00 0.000000e+00 -4.196664e+03 -7.903958e+03 0.000000e+00 0.000000e+00 0.000000e+00 -4.207239e+02 -4.106936e+02 1.635061e+03 6.952349e+02 0.000000e+00 0.000000e+00 0.000000e+00 0.000000e+00 0.000000e+00 0.000000e+00 0.000000e+00 0.000000e+00 0.000000e+00
2.574000e+00 0.000000e+00 -4.185646e+03 -7.895130e+03 0.000000e+00 0.000000e+00 0.000000e+00 -4.202525e+02 -4.102156e+02 1.633530e+03 6.937064e+02 0.000000e+00 0.000000e+00 0.000000e+00 0.000000e+00 0.000000e+00 0.000000e+00 0.000000e+00 0.000000e+00 0.000000e+00
2.575000e+00 0.000000e+00 -4.174646e+03 -7.886208e+03 0.000000e+00 0.000000e+00 0.000000e+00 -4.197751e+02 -4.097317e+02 1.632001e+03 6.921702e+02 0.000000e+00 0.000000e+00 0.000000e+00 0.000000e+00 0.000000e+00 0.000000e+00 0.000000e+00 0.000000e+00 0.000000e+00
2.576000e+00 0.000000e+00 -4.163667e+03 -7.877194e+03 0.000000e+00 0.000000e+00 0.000000e+00 -4.192921e+02 -4.092422e+02 1.630474e+03 6.906269e+02 0.000000e+00 0.000000e+00 0.000000e+00 0.000000e+00 0.000000e+00 0.000000e+00 0.000000e+00 0.000000e+00 0.000000e+00
2.577000e+00 0.000000e+00 -4.152711e+03 -7.868090e+03 0.000000e+00 0.000000e+00 0.000000e+00 -4.188037e+02 -4.087475e+02 1.628950e+03 6.890770e+02 0.000000e+00 0.000000e+00 0.000000e+00 0.000000e+00 0.000000e+00 0.000000e+00 0.000000e+00 0.000000e+00 0.000000e+00
2.578000e+00 0.000000e+00 -4.141779e+03 -7.858900e+03 0.000000e+00 0.000000e+00 0.000000e+00 -4.183103e+02 -4.082478e+02 1.627428e+03 6.875213e+02 0.000000e+00 0.000000e+00 0.000000e+00 0.000000e+00 0.000000e+00 0.000000e+00 0.000000e+00 0.000000e+00 0.000000e+00
2.579000e+00 0.000000e+00 -4.130875e+03 -7.849624e+03 0.000000e+00 0.000000e+00 0.000000e+00 -4.178122e+02 -4.077435e+02 1.625909e+03 6.859604e+02 0.000000e+00 0.000000e+00 0.000000e+00 0.000000e+00 0.000000e+00 0.000000e+00 0.000000e+00 0.000000e+00 0.000000e+00
2.580000e+00 0.000000e+00 -4.119999e+03 -7.840266e+03 0.000000e+00 0.000000e+00 0.000000e+00 -4.173097e+02 -4.072349e+02 1.624393e+03 6.843950e+02 0.000000e+00 0.000000e+00 0.000000e+00 0.000000e+00 0.000000e+00 0.000000e+00 0.000000e+00 0.000000e+00 0.000000e+00
2.581000e+00 0.000000e+00 -4.109155e+03 -7.830828e+03 0.000000e+00 0.000000e+00 0.000000e+00 -4.168031e+02 -4.067223e+02 1.622881e+03 6.828256e+02 0.000000e+00 0.000000e+00 0.000000e+00 0.000000e+00 0.000000e+00 0.000000e+00 0.000000e+00 0.000000e+00 0.000000e+00
2.582000e+00 0.000000e+00 -4.098344e+03 -7.821311e+03 0.000000e+00 0.000000e+00 0.000000e+00 -4.162928e+02 -4.062061e+02 1.621373e+03 6.812531e+02 0.000000e+00 0.000000e+00 0.000000e+00 0.000000e+00 0.000000e+00 0.000000e+00 0.000000e+00 0.000000e+00 0.000000e+00
2.583000e+00 0.000000e+00 -4.087568e+03 -7.811720e+03 0.000000e+00 0.000000e+00 0.000000e+00 -4.157792e+02 -4.056865e+02 1.619869e+03 6.796780e+02 0.000000e+00 0.000000e+00 0.000000e+00 0.000000e+00 0.000000e+00 0.000000e+00 0.000000e+00 0.000000e+00 0.000000e+00
2.584000e+00 0.000000e+00 -4.076828e+03 -7.802056e+03 0.000000e+00 0.000000e+00 0.000000e+00 -4.152624e+02 -4.051640e+02 1.618369e+03 6.781010e+02 0.000000e+00 0.000000e+00 0.000000e+00 0.000000e+00 0.000000e+00 0.000000e+00 0.000000e+00 0.000000e+00 0.000000e+00
2.585000e+00 0.000000e+00 -4.066128e+03 -7.792322e+03 0.000000e+00 0.000000e+00 0.000000e+00 -4.147430e+02 -4.046388e+02 1.616874e+03 6.765227e+02 0.000000e+00 0.000000e+00 0.000000e+00 0.000000e+00 0.000000e+00 0.000000e+00 0.000000e+00 0.000000e+00 0.000000e+00
2.586000e+00 0.000000e+00 -4.055469e+03 -7.782520e+03 0.000000e+00 0.000000e+00 0.000000e+00 -4.142211e+02 -4.041113e+02 1.615384e+03 6.749439e+02 0.000000e+00 0.000000e+00 0.000000e+00 0.000000e+00 0.000000e+00 0.000000e+00 0.000000e+00 0.000000e+00 0.000000e+00
2.587000e+00 0.000000e+00 -4.044852e+03 -7.772654e+03 0.000000e+00 0.000000e+00 0.000000e+00 -4.136972e+02 -4.035818e+02 1.613899e+03 6.733653e+02 0.000000e+00 0.000000e+00 0.000000e+00 0.000000e+00 0.000000e+00 0.000000e+00 0.000000e+00 0.000000e+00 0.000000e+00
2.588000e+00 0.000000e+00 -4.034281e+03 -7.762725e+03 0.000000e+00 0.000000e+00 0.000000e+00 -4.131716e+02 -4.030507e+02 1.612419e+03 6.717873e+02 0.000000e+00 0.000000e+00 0.000000e+00 0.000000e+00 0.000000e+00 0.000000e+00 0.000000e+00 0.000000e+00 0.000000e+00
2.589000e+00 0.000000e+00 -4.023756e+03 -7.752738e+03 0.000000e+00 0.000000e+00 0.000000e+00 -4.126446e+02 -4.025183e+02 1.610946e+03 6.702109e+02 0.000000e+00 0.000000e+00 0.000000e+00 0.000000e+00 0.000000e+00 0.000000e+00 0.000000e+00 0.000000e+00 0.000000e+00
2.590000e+00 0.000000e+00 -4.013280e+03 -7.742693e+03 0.000000e+00 0.000000e+00 0.000000e+00 -4.121166e+02 -4.019850e+02 1.609479e+03 6.686365e+02 0.000000e+00 0.000000e+00 0.000000e+00 0.000000e+00 0.000000e+00 0.000000e+00 0.000000e+00 0.000000e+00 0.000000e+00
2.591000e+00 0.000000e+00 -4.002855e+03 -7.732595e+03 0.000000e+00 0.000000e+00 0.000000e+00 -4.115879e+02 -4.014510e+02 1.608018e+03 6.670650e+02 0.000000e+00 0.000000e+00 0.000000e+00 0.000000e+00 0.000000e+00 0.000000e+00 0.000000e+00 0.000000e+00 0.000000e+00
2.592000e+00 0.000000e+00 -3.992481e+03 -7.722446e+03 0.000000e+00 0.000000e+00 0.000000e+00 -4.110589e+02 -4.009167e+02 1.606563e+03 6.654969e+02 0.000000e+00 0.000000e+00 0.000000e+00 0.000000e+00 0.000000e+00 0.000000e+00 0.000000e+00 0.000000e+00 0.000000e+00
2.593000e+00 0.000000e+00 -3.982163e+03 -7.712249e+03 0.000000e+00 0.000000e+00 0.000000e+00 -4.105299e+02 -4.003826e+02 1.605116e+03 6.639330e+02 0.000000e+00 0.000000e+00 0.000000e+00 0.000000e+00 0.000000e+00 0.000000e+00 0.000000e+00 0.000000e+00 0.000000e+00
2.594000e+00 0.000000e+00 -3.971900e+03 -7.702007e+03 0.000000e+00 0.000000e+00 0.000000e+00 -4.100013e+02 -3.998489e+02 1.603676e+03 6.623739e+02 0.000000e+00 0.000000e+00 0.000000e+00 0.000000e+00 0.000000e+00 0.000000e+00 0.000000e+00 0.000000e+00 0.000000e+00
2.595000e+00 0.000000e+00 -3.961695e+03 -7.691723e+03 0.000000e+00 0.000000e+00 0.000000e+00 -4.094734e+02 -3.993159e+02 1.602243e+03 6.608202e+02 0.000000e+00 0.000000e+00 0.000000e+00 0.000000e+00 0.000000e+00 0.000000e+00 0.000000e+00 0.000000e+00 0.000000e+00
2.596000e+00 0.000000e+00 -3.951550e+03 -7.681400e+03 0.000000e+00 0.000000e+00 0.000000e+00 -4.089465e+02 -3.987841e+02 1.600819e+03 6.592728e+02 0.000000e+00 0.000000e+00 0.000000e+00 0.000000e+00 0.000000e+00 0.000000e+00 0.000000e+00 0.000000e+00 0.000000e+00
2.597000e+00 0.000000e+00 -3.941467e+03 -7.671041e+03 0.000000e+00 0.000000e+00 0.000000e+00 -4.084211e+02 -3.982538e+02 1.599402e+03 6.577322e+02 0.000000e+00 0.000000e+00 0.000000e+00 0.000000e+00 0.000000e+00 0.000000e+00 0.000000e+00 0.000000e+00 0.000000e+00
2.598000e+00 0.000000e+00 -3.931446e+03 -7.660649e+03 0.000000e+00 0.000000e+00 0.000000e+00 -4.078975e+02 -3.977253e+02 1.597994e+03 6.561991e+02 0.000000e+00 0.000000e+00 0.000000e+00 0.000000e+00 0.000000e+00 0.000000e+00 0.000000e+00 0.000000e+00 0.000000e+00
2.599000e+00 0.000000e+00 -3.921491e+03 -7.650227e+03 0.000000e+00 0.000000e+00 0.000000e+00 -4.073760e+02 -3.971990e+02 1.596594e+03 6.546741e+02 0.000000e+00 0.000000e+00 0.000000e+00 0.000000e+00 0.000000e+00 0.000000e+00 0.000000e+00 0.000000e+00 0.000000e+00
2.600000e+00 0.000000e+00 -3.911602e+03 -7.639778e+03 0.000000e+00 0.000000e+00 0.000000e+00 -4.068569e+02 -3.966753e+02 1.595204e+03 6.531580e+02 0.000000e+00 0.000000e+00 0.000000e+00 0.000000e+00 0.000000e+00 0.000000e+00 0.000000e+00 0.000000e+00 0.000000e+00
2.601000e+00 0.000000e+00 -3.901782e+03 -7.629305e+03 0.000000e+00 0.000000e+00 0.000000e+00 -4.063407e+02 -3.961544e+02 1.593822e+03 6.516514e+02 0.000000e+00 0.000000e+00 0.000000e+00 0.000000e+00 0.000000e+00 0.000000e+00 0.000000e+00 0.000000e+00 0.000000e+00
2.602000e+00 0.000000e+00 -3.892032e+03 -7.618813e+03 0.000000e+00 0.000000e+00 0.000000e+00 -4.058277e+02 -3.956368e+02 1.592450e+03 6.501550e+02 0.000000e+00 0.000000e+00 0.000000e+00 0.000000e+00 0.000000e+00 0.000000e+00 0.000000e+00 0.000000e+00 0.000000e+00
2.603000e+00 0.000000e+00 -3.882353e+03 -7.608303e+03 0.000000e+00 0.000000e+00 0.000000e+00 -4.053183e+02 -3.951228e+02 1.591088e+03 6.486694e+02 0.000000e+00 0.000000e+00 0.000000e+00 0.000000e+00 0.000000e+00 0.000000e+00 0.000000e+00 0.000000e+00 0.000000e+00
2.604000e+00 0.000000e+00 -3.872748e+03 -7.597778e+03 0.000000e+00 0.000000e+00 0.000000e+00 -4.048127e+02 -3.946127e+02 1.589736e+03 6.471953e+02 0.000000e+00 0.000000e+00 0.000000e+00 0.000000e+00 0.000000e+00 0.000000e+00 0.000000e+00 0.000000e+00 0.000000e+00
2.605000e+00 0.000000e+00 -3.863218e+03 -7.587244e+03 0.000000e+00 0.000000e+00 0.000000e+00 -4.043114e+02 -3.941069e+02 1.588395e+03 6.457334e+02 0.000000e+00 0.000000e+00 0.000000e+00 0.000000e+00 0.000000e+00 0.000000e+00 0.000000e+00 0.000000e+00 0.000000e+00
2.606000e+00 0.000000e+00 -3.853764e+03 -7.576701e+03 0.000000e+00 0.000000e+00 0.000000e+00 -4.038147e+02 -3.936058e+02 1.587063e+03 6.442843e+02 0.000000e+00 0.000000e+00 0.000000e+00 0.000000e+00 0.000000e+00 0.000000e+00 0.000000e+00 0.000000e+00 0.000000e+00
2.607000e+00 0.000000e+00 -3.844389e+03 -7.566154e+03 0.000000e+00 0.000000e+00 0.000000e+00 -4.033229e+02 -3.931096e+02 1.585743e+03 6.428486e+02 0.000000e+00 0.000000e+00 0.000000e+00 0.000000e+00 0.000000e+00 0.000000e+00 0.000000e+00 0.000000e+00 0.000000e+00
2.608000e+00 0.000000e+00 -3.835093e+03 -7.555607e+03 0.000000e+00 0.000000e+00 0.000000e+00 -4.028364e+02 -3.926188e+02 1.584434e+03 6.414270e+02 0.000000e+00 0.000000e+00 0.000000e+00 0.000000e+00 0.000000e+00 0.000000e+00 0.000000e+00 0.000000e+00 0.000000e+00
2.609000e+00 0.000000e+00 -3.825878e+03 -7.545062e+03 0.000000e+00 0.000000e+00 0.000000e+00 -4.023556e+02 -3.921338e+02 1.583136e+03 6.400201e+02 0.000000e+00 0.000000e+00 0.000000e+00 0.000000e+00 0.000000e+00 0.000000e+00 0.000000e+00 0.000000e+00 0.000000e+00
2.610000e+00 0.000000e+00 -3.816746e+03 -7.534522e+03 0.000000e+00 0.000000e+00 0.000000e+00 -4.018808e+02 -3.916547e+02 1.581850e+03 6.386286e+02 0.000000e+00 0.000000e+00 0.000000e+00 0.000000e+00 0.000000e+00 0.000000e+00 0.000000e+00 0.000000e+00 0.000000e+00
2.611000e+00 0.000000e+00 -3.807698e+03 -7.523992e+03 0.000000e+00 0.000000e+00 0.000000e+00 -4.014124e+02 -3.911821e+02 1.580576e+03 6.372531e+02 0.000000e+00 0.000000e+00 0.000000e+00 0.000000e+00 0.000000e+00 0.000000e+00 0.000000e+00 0.000000e+00 0.000000e+00
2.612000e+00 0.000000e+00 -3.798736e+03 -7.513473e+03 0.000000e+00 0.000000e+00 0.000000e+00 -4.009506e+02 -3.907162e+02 1.579314e+03 6.358943e+02 0.000000e+00 0.000000e+00 0.000000e+00 0.000000e+00 0.000000e+00 0.000000e+00 0.000000e+00 0.000000e+00 0.000000e+00
2.613000e+00 0.000000e+00 -3.789860e+03 -7.502971e+03 0.000000e+00 0.000000e+00 0.000000e+00 -4.004959e+02 -3.902573e+02 1.578065e+03 6.345527e+02 0.000000e+00 0.000000e+00 0.000000e+00 0.000000e+00 0.000000e+00 0.000000e+00 0.000000e+00 0.000000e+00 0.000000e+00
2.614000e+00 0.000000e+00 -3.781073e+03 -7.492488e+03 0.000000e+00 0.000000e+00 0.000000e+00 -4.000486e+02 -3.898059e+02 1.576828e+03 6.332290e+02 0.000000e+00 0.000000e+00 0.000000e+00 0.000000e+00 0.000000e+00 0.000000e+00 0.000000e+00 0.000000e+00 0.000000e+00
2.615000e+00 0.000000e+00 -3.772376e+03 -7.482027e+03 0.000000e+00 0.000000e+00 0.000000e+00 -3.996090e+02 -3.893623e+02 1.575604e+03 6.319238e+02 0.000000e+00 0.000000e+00 0.000000e+00 0.000000e+00 0.000000e+00 0.000000e+00 0.000000e+00 0.000000e+00 0.000000e+00
2.616000e+00 0.000000e+00 -3.763770e+03 -7.471592e+03 0.000000e+00 0.000000e+00 0.000000e+00 -3.991775e+02 -3.889267e+02 1.574394e+03 6.306376e+02 0.000000e+00 0.000000e+00 0.000000e+00 0.000000e+00 0.000000e+00 0.000000e+00 0.000000e+00 0.000000e+00 0.000000e+00
2.617000e+00 0.000000e+00 -3.755256e+03 -7.461186e+03 0.000000e+00 0.000000e+00 0.000000e+00 -3.987543e+02 -3.884996e+02 1.573196e+03 6.293712e+02 0.000000e+00 0.000000e+00 0.000000e+00 0.000000e+00 0.000000e+00 0.000000e+00 0.000000e+00 0.000000e+00 0.000000e+00
2.618000e+00 0.000000e+00 -3.746836e+03 -7.450813e+03 0.000000e+00 0.000000e+00 0.000000e+00 -3.983399e+02 -3.880812e+02 1.572013e+03 6.281250e+02 0.000000e+00 0.000000e+00 0.000000e+00 0.000000e+00 0.000000e+00 0.000000e+00 0.000000e+00 0.000000e+00 0.000000e+00
2.619000e+00 0.000000e+00 -3.738511e+03 -7.440476e+03 0.000000e+00 0.000000e+00 0.000000e+00 -3.979345e+02 -3.876719e+02 1.570843e+03 6.268997e+02 0.000000e+00 0.000000e+00 0.000000e+00 0.000000e+00 0.000000e+00 0.000000e+00 0.000000e+00 0.000000e+00 0.000000e+00
2.620000e+00 0.000000e+00 -3.730282e+03 -7.430178e+03 0.000000e+00 0.000000e+00 0.000000e+00 -3.975386e+02 -3.872720e+02 1.569687e+03 6.256958e+02 0.000000e+00 0.000000e+00 0.000000e+00 0.000000e+00 0.000000e+00 0.000000e+00 0.000000e+00 0.000000e+00 0.000000e+00
2.621000e+00 0.000000e+00 -3.722151e+03 -7.419923e+03 0.000000e+00 0.000000e+00 0.000000e+00 -3.971523e+02 -3.868819e+02 1.568546e+03 6.245140e+02 0.000000e+00 0.000000e+00 0.000000e+00 0.000000e+00 0.000000e+00 0.000000e+00 0.000000e+00 0.000000e+00 0.000000e+00
2.622000e+00 0.000000e+00 -3.714117e+03 -7.409714e+03 0.000000e+00 0.000000e+00 0.000000e+00 -3.967761e+02 -3.865018e+02 1.567420e+03 6.233548e+02 0.000000e+00 0.000000e+00 0.000000e+00 0.000000e+00 0.000000e+00 0.000000e+00 0.000000e+00 0.000000e+00 0.000000e+00
2.623000e+00 0.000000e+00 -3.706184e+03 -7.399555e+03 0.000000e+00 0.000000e+00 0.000000e+00 -3.964103e+02 -3.861321e+02 1.566308e+03 6.222187e+02 0.000000e+00 0.000000e+00 0.000000e+00 0.000000e+00 0.000000e+00 0.000000e+00 0.000000e+00 0.000000e+00 0.000000e+00
2.624000e+00 0.000000e+00 -3.698351e+03 -7.389449e+03 0.000000e+00 0.000000e+00 0.000000e+00 -3.960551e+02 -3.857731e+02 1.565211e+03 6.211063e+02 0.000000e+00 0.000000e+00 0.000000e+00 0.000000e+00 0.000000e+00 0.000000e+00 0.000000e+00 0.000000e+00 0.000000e+00
2.625000e+00 0.000000e+00 -3.690621e+03 -7.379398e+03 0.000000e+00 0.000000e+00 0.000000e+00 -3.957109e+02 -3.854252e+02 1.564130e+03 6.200181e+02 0.000000e+00 0.000000e+00 0.000000e+00 0.000000e+00 0.000000e+00 0.000000e+00 0.000000e+00 0.000000e+00 0.000000e+00
2.626000e+00 0.000000e+00 -3.682993e+03 -7.369408e+03 0.000000e+00 0.000000e+00 0.000000e+00 -3.953780e+02 -3.850885e+02 1.563064e+03 6.189547e+02 0.000000e+00 0.000000e+00 0.000000e+00 0.000000e+00 0.000000e+00 0.000000e+00 0.000000e+00 0.000000e+00 0.000000e+00
2.627000e+00 0.000000e+00 -3.675469e+03 -7.359480e+03 0.000000e+00 0.000000e+00 0.000000e+00 -3.950567e+02 -3.847634e+02 1.562013e+03 6.179166e+02 0.000000e+00 0.000000e+00 0.000000e+00 0.000000e+00 0.000000e+00 0.000000e+00 0.000000e+00 0.000000e+00 0.000000e+00
2.628000e+00 0.000000e+00 -3.668050e+03 -7.349618e+03 0.000000e+00 0.000000e+00 0.000000e+00 -3.947473e+02 -3.844503e+02 1.560979e+03 6.169043e+02 0.000000e+00 0.000000e+00 0.000000e+00 0.000000e+00 0.000000e+00 0.000000e+00 0.000000e+00 0.000000e+00 0.000000e+00
2.629000e+00 0.000000e+00 -3.660737e+03 -7.339826e+03 0.000000e+00 0.000000e+00 0.000000e+00 -3.944501e+02 -3.841493e+02 1.559960e+03 6.159183e+02 0.000000e+00 0.000000e+00 0.000000e+00 0.000000e+00 0.000000e+00 0.000000e+00 0.000000e+00 0.000000e+00 0.000000e+00
2.630000e+00 0.000000e+00 -3.653531e+03 -7.330107e+03 0.000000e+00 0.000000e+00 0.000000e+00 -3.941654e+02 -3.838609e+02 1.558958e+03 6.149591e+02 0.000000e+00 0.000000e+00 0.000000e+00 0.000000e+00 0.000000e+00 0.000000e+00 0.000000e+00 0.000000e+00 0.000000e+00
2.631000e+00 0.000000e+00 -3.646433e+03 -7.320463e+03 0.000000e+00 0.000000e+00 0.000000e+00 -3.938935e+02 -3.835852e+02 1.557972e+03 6.140272e+02 0.000000e+00 0.000000e+00 0.000000e+00 0.000000e+00 0.000000e+00 0.000000e+00 0.000000e+00 0.000000e+00 0.000000e+00
2.632000e+00 0.000000e+00 -3.639443e+03 -7.310899e+03 0.000000e+00 0.000000e+00 0.000000e+00 -3.936347e+02 -3.833226e+02 1.557003e+03 6.131230e+02 0.000000e+00 0.000000e+00 0.000000e+00 0.000000e+00 0.000000e+00 0.000000e+00 0.000000e+00 0.000000e+00 0.000000e+00
2.633000e+00 0.000000e+00 -3.632562e+03 -7.301417e+03 0.000000e+00 0.000000e+00 0.000000e+00 -3.933891e+02 -3.830734e+02 1.556051e+03 6.122471e+02 0.000000e+00 0.000000e+00 0.000000e+00 0.000000e+00 0.000000e+00 0.000000e+00 0.000000e+00 0.000000e+00 0.000000e+00
2.634000e+00 0.000000e+00 -3.625792e+03 -7.292021e+03 0.000000e+00 0.000000e+00 0.000000e+00 -3.931572e+02 -3.828377e+02 1.555116e+03 6.113999e+02 0.000000e+00 0.000000e+00 0.000000e+00 0.000000e+00 0.000000e+00 0.000000e+00 0.000000e+00 0.000000e+00 0.000000e+00
2.635000e+00 0.000000e+00 -3.619133e+03 -7.282714e+03 0.000000e+00 0.000000e+00 0.000000e+00 -3.929392e+02 -3.826160e+02 1.554198e+03 6.105818e+02 0.000000e+00 0.000000e+00 0.000000e+00 0.000000e+00 0.000000e+00 0.000000e+00 0.000000e+00 0.000000e+00 0.000000e+00
2.636000e+00 0.000000e+00 -3.612586e+03 -7.273498e+03 0.000000e+00 0.000000e+00 0.000000e+00 -3.927353e+02 -3.824084e+02 1.553297e+03 6.097933e+02 0.000000e+00 0.000000e+00 0.000000e+00 0.000000e+00 0.000000e+00 0.000000e+00 0.000000e+00 0.000000e+00 0.000000e+00
2.637000e+00 0.000000e+00 -3.606151e+03 -7.264377e+03 0.000000e+00 0.000000e+00 0.000000e+00 -3.925458e+02 -3.822151e+02 1.552414e+03 6.090348e+02 0.000000e+00 0.000000e+00 0.000000e+00 0.000000e+00 0.000000e+00 0.000000e+00 0.000000e+00 0.000000e+00 0.000000e+00
2.638000e+00 0.000000e+00 -3.599829e+03 -7.255355e+03 0.000000e+00 0.000000e+00 0.000000e+00 -3.923710e+02 -3.820366e+02 1.551548e+03 6.083066e+02 0.000000e+00 0.000000e+00 0.000000e+00 0.000000e+00 0.000000e+00 0.000000e+00 0.000000e+00 0.000000e+00 0.000000e+00
2.639000e+00 0.000000e+00 -3.593621e+03 -7.246434e+03 0.000000e+00 0.000000e+00 0.000000e+00 -3.922110e+02 -3.818729e+02 1.550701e+03 6.076093e+02 0.000000e+00 0.000000e+00 0.000000e+00 0.000000e+00 0.000000e+00 0.000000e+00 0.000000e+00 0.000000e+00 0.000000e+00
2.640000e+00 0.000000e+00 -3.587527e+03 -7.237616e+03 0.000000e+00 0.000000e+00 0.000000e+00 -3.920662e+02 -3.817244e+02 1.549871e+03 6.069431e+02 0.000000e+00 0.000000e+00 0.000000e+00 0.000000e+00 0.000000e+00 0.000000e+00 0.000000e+00 0.000000e+00 0.000000e+00
2.641000e+00 0.000000e+00 -3.581548e+03 -7.228906e+03 0.000000e+00 0.000000e+00 0.000000e+00 -3.919368e+02 -3.815912e+02 1.549059e+03 6.063085e+02 0.000000e+00 0.000000e+00 0.000000e+00 0.000000e+00 0.000000e+00 0.000000e+00 0.000000e+00 0.000000e+00 0.000000e+00
2.642000e+00 0.000000e+00 -3.575685e+03 -7.220306e+03 0.000000e+00 0.000000e+00 0.000000e+00 -3.918230e+02 -3.814737e+02 1.548266e+03 6.057058e+02 0.000000e+00 0.000000e+00 0.000000e+00 0.000000e+00 0.000000e+00 0.000000e+00 0.000000e+00 0.000000e+00 0.000000e+00
2.643000e+00 0.000000e+00 -3.569937e+03 -7.211818e+03 0.000000e+00 0.000000e+00 0.000000e+00 -3.917250e+02 -3.813719e+02 1.547491e+03 6.051354e+02 0.000000e+00 0.000000e+00 0.000000e+00 0.000000e+00 0.000000e+00 0.000000e+00 0.000000e+00 0.000000e+00 0.000000e+00
2.644000e+00 0.000000e+00 -3.564306e+03 -7.203446e+03 0.000000e+00 0.000000e+00 0.000000e+00 -3.916431e+02 -3.812862e+02 1.546734e+03 6.045977e+02 0.000000e+00 0.000000e+00 0.000000e+00 0.000000e+00 0.000000e+00 0.000000e+00 0.000000e+00 0.000000e+00 0.000000e+00
2.645000e+00 0.000000e+00 -3.558792e+03 -7.195193e+03 0.000000e+00 0.000000e+00 0.000000e+00 -3.915774e+02 -3.812167e+02 1.545996e+03 6.040928e+02 0.000000e+00 0.000000e+00 0.000000e+00 0.000000e+00 0.000000e+00 0.000000e+00 0.000000e+00 0.000000e+00 0.000000e+00
2.646000e+00 0.000000e+00 -3.553396e+03 -7.187061e+03 0.000000e+00 0.000000e+00 0.000000e+00 -3.915282e+02 -3.811637e+02 1.545277e+03 6.036212e+02 0.000000e+00 0.000000e+00 0.000000e+00 0.000000e+00 0.000000e+00 0.000000e+00 0.000000e+00 0.000000e+00 0.000000e+00
2.647000e+00 0.000000e+00 -3.548116e+03 -7.179053e+03 0.000000e+00 0.000000e+00 0.000000e+00 -3.914956e+02 -3.811273e+02 1.544577e+03 6.031832e+02 0.000000e+00 0.000000e+00 0.000000e+00 0.000000e+00 0.000000e+00 0.000000e+00 0.000000e+00 0.000000e+00 0.000000e+00
2.648000e+00 0.000000e+00 -3.542955e+03 -7.171171e+03 0.000000e+00 0.000000e+00 0.000000e+00 -3.914799e+02 -3.811078e+02 1.543896e+03 6.027790e+02 0.000000e+00 0.000000e+00 0.000000e+00 0.000000e+00 0.000000e+00 0.000000e+00 0.000000e+00 0.000000e+00 0.000000e+00
2.649000e+00 0.000000e+00 -3.537912e+03 -7.163419e+03 0.000000e+00 0.000000e+00 0.000000e+00 -3.914813e+02 -3.811053e+02 1.543233e+03 6.024090e+02 0.000000e+00 0.000000e+00 0.000000e+00 0.000000e+00 0.000000e+00 0.000000e+00 0.000000e+00 0.000000e+00 0.000000e+00
2.650000e+00 0.000000e+00 -3.532987e+03 -7.155799e+03 0.000000e+00 0.000000e+00 0.000000e+00 -3.914998e+02 -3.811200e+02 1.542590e+03 6.020733e+02 0.000000e+00 0.000000e+00 0.000000e+00 0.000000e+00 0.000000e+00 0.000000e+00 0.000000e+00 0.000000e+00 0.000000e+00
2.651000e+00 0.000000e+00 -3.528181e+03 -7.148313e+03 0.000000e+00 0.000000e+00 0.000000e+00 -3.915358e+02 -3.811520e+02 1.541966e+03 6.017723e+02 0.000000e+00 0.000000e+00 0.000000e+00 0.000000e+00 0.000000e+00 0.000000e+00 0.000000e+00 0.000000e+00 0.000000e+00
2.652000e+00 0.000000e+00 -3.523494e+03 -7.140963e+03 0.000000e+00 0.000000e+00 0.000000e+00 -3.915893e+02 -3.812016e+02 1.541362e+03 6.015061e+02 0.000000e+00 0.000000e+00 0.000000e+00 0.000000e+00 0.000000e+00 0.000000e+00 0.000000e+00 0.000000e+00 0.000000e+00
2.653000e+00 0.000000e+00 -3.518926e+03 -7.133753e+03 0.000000e+00 0.000000e+00 0.000000e+00 -3.916605e+02 -3.812689e+02 1.540777e+03 6.012751e+02 0.000000e+00 0.000000e+00 0.000000e+00 0.000000e+00 0.000000e+00 0.000000e+00 0.000000e+00 0.000000e+00 0.000000e+00
2.654000e+00 0.000000e+00 -3.514477e+03 -7.126685e+03 0.000000e+00 0.000000e+00 0.000000e+00 -3.917495e+02 -3.813540e+02 1.540211e+03 6.010793e+02 0.000000e+00 0.000000e+00 0.000000e+00 0.000000e+00 0.000000e+00 0.000000e+00 0.000000e+00 0.000000e+00 0.000000e+00
2.655000e+00 0.000000e+00 -3.510147e+03 -7.119760e+03 0.000000e+00 0.000000e+00 0.000000e+00 -3.918566e+02 -3.814570e+02 1.539665e+03 6.009190e+02 0.000000e+00 0.000000e+00 0.000000e+00 0.000000e+00 0.000000e+00 0.000000e+00 0.000000e+00 0.000000e+00 0.000000e+00
2.656000e+00 0.000000e+00 -3.505937e+03 -7.112981e+03 0.000000e+00 0.000000e+00 0.000000e+00 -3.919818e+02 -3.815782e+02 1.539138e+03 6.007944e+02 0.000000e+00 0.000000e+00 0.000000e+00 0.000000e+00 0.000000e+00 0.000000e+00 0.000000e+00 0.000000e+00 0.000000e+00
2.657000e+00 0.000000e+00 -3.501846e+03 -7.106351e+03 0.000000e+00 0.000000e+00 0.000000e+00 -3.921252e+02 -3.817176e+02 1.538631e+03 6.007056e+02 0.000000e+00 0.000000e+00 0.000000e+00 0.000000e+00 0.000000e+00 0.000000e+00 0.000000e+00 0.000000e+00 0.000000e+00
2.658000e+00 0.000000e+00 -3.497874e+03 -7.099870e+03 0.000000e+00 0.000000e+00 0.000000e+00 -3.922870e+02 -3.818753e+02 1.538144e+03 6.006528e+02 0.000000e+00 0.000000e+00 0.000000e+00 0.000000e+00 0.000000e+00 0.000000e+00 0.000000e+00 0.000000e+00 0.000000e+00
2.659000e+00 0.000000e+00 -3.494021e+03 -7.093543e+03 0.000000e+00 0.000000e+00 0.000000e+00 -3.924673e+02 -3.820515e+02 1.537677e+03 6.006360e+02 0.000000e+00 0.000000e+00 0.000000e+00 0.000000e+00 0.000000e+00 0.000000e+00 0.000000e+00 0.000000e+00 0.000000e+00
2.660000e+00 0.000000e+00 -3.490288e+03 -7.087369e+03 0.000000e+00 0.000000e+00 0.000000e+00 -3.926662e+02 -3.822462e+02 1.537229e+03 6.006556e+02 0.000000e+00 0.000000e+00 0.000000e+00 0.000000e+00 0.000000e+00 0.000000e+00 0.000000e+00 0.000000e+00 0.000000e+00
2.661000e+00 0.000000e+00 -3.486673e+03 -7.081352e+03 0.000000e+00 0.000000e+00 0.000000e+00 -3.928837e+02 -3.824596e+02 1.536801e+03 6.007114e+02 0.000000e+00 0.000000e+00 0.000000e+00 0.000000e+00 0.000000e+00 0.000000e+00 0.000000e+00 0.000000e+00 0.000000e+00
2.662000e+00 0.000000e+00 -3.483178e+03 -7.075493e+03 0.000000e+00 0.000000e+00 0.000000e+00 -3.931200e+02 -3.826917e+02 1.536393e+03 6.008037e+02 0.000000e+00 0.000000e+00 0.000000e+00 0.000000e+00 0.000000e+00 0.000000e+00 0.000000e+00 0.000000e+00 0.000000e+00
2.663000e+00 0.000000e+00 -3.479801e+03 -7.069794e+03 0.000000e+00 0.000000e+00 0.000000e+00 -3.933751e+02 -3.829427e+02 1.536005e+03 6.009325e+02 0.000000e+00 0.000000e+00 0.000000e+00 0.000000e+00 0.000000e+00 0.000000e+00 0.000000e+00 0.000000e+00 0.000000e+00
2.664000e+00 0.000000e+00 -3.476543e+03 -7.064256e+03 0.000000e+00 0.000000e+00 0.000000e+00 -3.936492e+02 -3.832124e+02 1.535636e+03 6.010978e+02 0.000000e+00 0.000000e+00 0.000000e+00 0.000000e+00 0.000000e+00 0.000000e+00 0.000000e+00 0.000000e+00 0.000000e+00
2.665000e+00 0.000000e+00 -3.473402e+03 -7.058882e+03 0.000000e+00 0.000000e+00 0.000000e+00 -3.939422e+02 -3.835012e+02 1.535288e+03 6.012998e+02 0.000000e+00 0.000000e+00 0.000000e+00 0.000000e+00 0.000000e+00 0.000000e+00 0.000000e+00 0.000000e+00 0.000000e+00
2.666000e+00 0.000000e+00 -3.470380e+03 -7.053672e+03 0.000000e+00 0.000000e+00 0.000000e+00 -3.942542e+02 -3.838089e+02 1.534959e+03 6.015384e+02 0.000000e+00 0.000000e+00 0.000000e+00 0.000000e+00 0.000000e+00 0.000000e+00 0.000000e+00 0.000000e+00 0.000000e+00
2.667000e+00 0.000000e+00 -3.467476e+03 -7.048629e+03 0.000000e+00 0.000000e+00 0.000000e+00 -3.945854e+02 -3.841356e+02 1.534651e+03 6.018137e+02 0.000000e+00 0.000000e+00 0.000000e+00 0.000000e+00 0.000000e+00 0.000000e+00 0.000000e+00 0.000000e+00 0.000000e+00
2.668000e+00 0.000000e+00 -3.464688e+03 -7.043754e+03 0.000000e+00 0.000000e+00 0.000000e+00 -3.949356e+02 -3.844815e+02 1.534362e+03 6.021256e+02 0.000000e+00 0.000000e+00 0.000000e+00 0.000000e+00 0.000000e+00 0.000000e+00 0.000000e+00 0.000000e+00 0.000000e+00
2.669000e+00 0.000000e+00 -3.462018e+03 -7.039048e+03 0.000000e+00 0.000000e+00 0.000000e+00 -3.953050e+02 -3.848464e+02 1.534093e+03 6.024742e+02 0.000000e+00 0.000000e+00 0.000000e+00 0.000000e+00 0.000000e+00 0.000000e+00 0.000000e+00 0.000000e+00 0.000000e+00
2.670000e+00 0.000000e+00 -3.459463e+03 -7.034513e+03 0.000000e+00 0.000000e+00 0.000000e+00 -3.956936e+02 -3.852305e+02 1.533843e+03 6.028595e+02 0.000000e+00 0.000000e+00 0.000000e+00 0.000000e+00 0.000000e+00 0.000000e+00 0.000000e+00 0.000000e+00 0.000000e+00
2.671000e+00 0.000000e+00 -3.457025e+03 -7.030150e+03 0.000000e+00 0.000000e+00 0.000000e+00 -3.961013e+02 -3.856338e+02 1.533614e+03 6.032814e+02 0.000000e+00 0.000000e+00 0.000000e+00 0.000000e+00 0.000000e+00 0.000000e+00 0.000000e+00 0.000000e+00 0.000000e+00
2.672000e+00 0.000000e+00 -3.454702e+03 -7.025959e+03 0.000000e+00 0.000000e+00 0.000000e+00 -3.965283e+02 -3.860562e+02 1.533404e+03 6.037398e+02 0.000000e+00 0.000000e+00 0.000000e+00 0.000000e+00 0.000000e+00 0.000000e+00 0.000000e+00 0.000000e+00 0.000000e+00
2.673000e+00 0.000000e+00 -3.452494e+03 -7.021943e+03 0.000000e+00 0.000000e+00 0.000000e+00 -3.969745e+02 -3.864978e+02 1.533214e+03 6.042347e+02 0.000000e+00 0.000000e+00 0.000000e+00 0.000000e+00 0.000000e+00 0.000000e+00 0.000000e+00 0.000000e+00 0.000000e+00
2.674000e+00 0.000000e+00 -3.450400e+03 -7.018102e+03 0.000000e+00 0.000000e+00 0.000000e+00 -3.974398e+02 -3.869585e+02 1.533044e+03 6.047661e+02 0.000000e+00 0.000000e+00 0.000000e+00 0.000000e+00 0.000000e+00 0.000000e+00 0.000000e+00 0.000000e+00 0.000000e+00
2.675000e+00 0.000000e+00 -3.448420e+03 -7.014437e+03 0.000000e+00 0.000000e+00 0.000000e+00 -3.979243e+02 -3.874384e+02 1.532893e+03 6.053338e+02 0.000000e+00 0.000000e+00 0.000000e+00 0.000000e+00 0.000000e+00 0.000000e+00 0.000000e+00 0.000000e+00 0.000000e+00
2.676000e+00 0.000000e+00 -3.446553e+03 -7.010948e+03 0.000000e+00 0.000000e+00 0.000000e+00 -3.984280e+02 -3.879374e+02 1.532762e+03 6.059376e+02 0.000000e+00 0.000000e+00 0.000000e+00 0.000000e+00 0.000000e+00 0.000000e+00 0.000000e+00 0.000000e+00 0.000000e+00
2.677000e+00 0.000000e+00 -3.444798e+03 -7.007638e+03 0.000000e+00 0.000000e+00 0.000000e+00 -3.989508e+02 -3.884554e+02 1.532650e+03 6.065776e+02 0.000000e+00 0.000000e+00 0.000000e+00 0.000000e+00 0.000000e+00 0.000000e+00 0.000000e+00 0.000000e+00 0.000000e+00
2.678000e+00 0.000000e+00 -3.443156e+03 -7.004505e+03 0.000000e+00 0.000000e+00 0.000000e+00 -3.994926e+02 -3.889925e+02 1.532558e+03 6.072535e+02 0.000000e+00 0.000000e+00 0.000000e+00 0.000000e+00 0.000000e+00 0.000000e+00 0.000000e+00 0.000000e+00 0.000000e+00
2.679000e+00 0.000000e+00 -3.441624e+03 -7.001552e+03 0.000000e+00 0.000000e+00 0.000000e+00 -4.000535e+02 -3.895486e+02 1.532485e+03 6.079651e+02 0.000000e+00 0.000000e+00 0.000000e+00 0.000000e+00 0.000000e+00 0.000000e+00 0.000000e+00 0.000000e+00 0.000000e+00
2.680000e+00 0.000000e+00 -3.440203e+03 -6.998779e+03 0.000000e+00 0.000000e+00 0.000000e+00 -4.006333e+02 -3.901235e+02 1.532432e+03 6.087124e+02 0.000000e+00 0.000000e+00 0.000000e+00 0.000000e+00 0.000000e+00 0.000000e+00 0.000000e+00 0.000000e+00 0.000000e+00
2.681000e+00 0.000000e+00 -3.438891e+03 -6.996185e+03 0.000000e+00 0.000000e+00 0.000000e+00 -4.012320e+02 -3.907173e+02 1.532397e+03 6.094951e+02 0.000000e+00 0.000000e+00 0.000000e+00 0.000000e+00 0.000000e+00 0.000000e+00 0.000000e+00 0.000000e+00 0.000000e+00
2.682000e+00 0.000000e+00 -3.437689e+03 -6.993771e+03 0.000000e+00 0.000000e+00 0.000000e+00 -4.018495e+02 -3.913299e+02 1.532382e+03 6.103131e+02 0.000000e+00 0.000000e+00 0.000000e+00 0.000000e+00 0.000000e+00 0.000000e+00 0.000000e+00 0.000000e+00 0.000000e+00
2.683000e+00 0.000000e+00 -3.436594e+03 -6.991539e+03 0.000000e+00 0.000000e+00 0.000000e+00 -4.024857e+02 -3.919611e+02 1.532386e+03 6.111661e+02 0.000000e+00 0.000000e+00 0.000000e+00 0.000000e+00 0.000000e+00 0.000000e+00 0.000000e+00 0.000000e+00 0.000000e+00
2.684000e+00 0.000000e+00 -3.435607e+03 -6.989487e+03 0.000000e+00 0.000000e+00 0.000000e+00 -4.031405e+02 -3.926109e+02 1.532409e+03 6.120539e+02 0.000000e+00 0.000000e+00 0.000000e+00 0.000000e+00 0.000000e+00 0.000000e+00 0.000000e+00 0.000000e+00 0.000000e+00
2.685000e+00 0.000000e+00 -3.434726e+03 -6.987616e+03 0.000000e+00 0.000000e+00 0.000000e+00 -4.038138e+02 -3.932792e+02 1.532450e+03 6.129762e+02 0.000000e+00 0.000000e+00 0.000000e+00 0.000000e+00 0.000000e+00 0.000000e+00 0.000000e+00 0.000000e+00 0.000000e+00
2.686000e+00 0.000000e+00 -3.433950e+03 -6.985926e+03 0.000000e+00 0.000000e+00 0.000000e+00 -4.045056e+02 -3.939659e+02 1.532510e+03 6.139329e+02 0.000000e+00 0.000000e+00 0.000000e+00 0.000000e+00 0.000000e+00 0.000000e+00 0.000000e+00 0.000000e+00 0.000000e+00
2.687000e+00 0.000000e+00 -3.433279e+03 -6.984418e+03 0.000000e+00 0.000000e+00 0.000000e+00 -4.052156e+02 -3.946709e+02 1.532589e+03 6.149236e+02 0.000000e+00 0.000000e+00 0.000000e+00 0.000000e+00 0.000000e+00 0.000000e+00 0.000000e+00 0.000000e+00 0.000000e+00
2.688000e+00 0.000000e+00 -3.432711e+03 -6.983090e+03 0.000000e+00 0.000000e+00 0.000000e+00 -4.059439e+02 -3.953940e+02 1.532687e+03 6.159482e+02 0.000000e+00 0.000000e+00 0.000000e+00 0.000000e+00 0.000000e+00 0.000000e+00 0.000000e+00 0.000000e+00 0.000000e+00
2.689000e+00 0.000000e+00 -3.432246e+03 -6.981943e+03 0.000000e+00 0.000000e+00 0.000000e+00 -4.066902e+02 -3.961351e+02 1.532802e+03 6.170062e+02 0.000000e+00 0.000000e+00 0.000000e+00 0.000000e+00 0.000000e+00 0.000000e+00 0.000000e+00 0.000000e+00 0.000000e+00
2.690000e+00 0.000000e+00 -3.431883e+03 -6.980978e+03 0.000000e+00 0.000000e+00 0.000000e+00 -4.074545e+02 -3.968941e+02 1.532936e+03 6.180975e+02 0.000000e+00 0.000000e+00 0.000000e+00 0.000000e+00 0.000000e+00 0.000000e+00 0.000000e+00 0.000000e+00 0.000000e+00
2.691000e+00 0.000000e+00 -3.431619e+03 -6.980192e+03 0.000000e+00 0.000000e+00 0.000000e+00 -4.082365e+02 -3.976708e+02 1.533088e+03 6.192217e+02 0.000000e+00 0.000000e+00 0.000000e+00 0.000000e+00 0.000000e+00 0.000000e+00 0.000000e+00 0.000000e+00 0.000000e+00
2.692000e+00 0.000000e+00 -3.431456e+03 -6.979587e+03 0.000000e+00 0.000000e+00 0.000000e+00 -4.090361e+02 -3.984652e+02 1.533258e+03 6.203785e+02 0.000000e+00 0.000000e+00 0.000000e+00 0.000000e+00 0.000000e+00 0.000000e+00 0.000000e+00 0.000000e+00 0.000000e+00
2.693000e+00 0.000000e+00 -3.431391e+03 -6.979161e+03 0.000000e+00 0.000000e+00 0.000000e+00 -4.098532e+02 -3.992770e+02 1.533446e+03 6.215675e+02 0.000000e+00 0.000000e+00 0.000000e+00 0.000000e+00 0.000000e+00 0.000000e+00 0.000000e+00 0.000000e+00 0.000000e+00
2.694000e+00 0.000000e+00 -3.431423e+03 -6.978914e+03 0.000000e+00 0.000000e+00 0.000000e+00 -4.106876e+02 -4.001060e+02 1.533651e+03 6.227885e+02 0.000000e+00 0.000000e+00 0.000000e+00 0.000000e+00 0.000000e+00 0.000000e+00 0.000000e+00 0.000000e+00 0.000000e+00
2.695000e+00 0.000000e+00 -3.431551e+03 -6.978845e+03 0.000000e+00 0.000000e+00 0.000000e+00 -4.115392e+02 -4.009521e+02 1.533874e+03 6.240410e+02 0.000000e+00 0.000000e+00 0.000000e+00 0.000000e+00 0.000000e+00 0.000000e+00 0.000000e+00 0.000000e+00 0.000000e+00
2.696000e+00 0.000000e+00 -3.431774e+03 -6.978954e+03 0.000000e+00 0.000000e+00 0.000000e+00 -4.124077e+02 -4.018152e+02 1.534115e+03 6.253246e+02 0.000000e+00 0.000000e+00 0.000000e+00 0.000000e+00 0.000000e+00 0.000000e+00 0.000000e+00 0.000000e+00 0.000000e+00
2.697000e+00 0.000000e+00 -3.432091e+03 -6.979240e+03 0.000000e+00 0.000000e+00 0.000000e+00 -4.132929e+02 -4.026949e+02 1.534372e+03 6.266391e+02 0.000000e+00 0.000000e+00 0.000000e+00 0.000000e+00 0.000000e+00 0.000000e+00 0.000000e+00 0.000000e+00 0.000000e+00
2.698000e+00 0.000000e+00 -3.432501e+03 -6.979701e+03 0.000000e+00 0.000000e+00 0.000000e+00 -4.141946e+02 -4.035912e+02 1.534647e+03 6.279839e+02 0.000000e+00 0.000000e+00 0.000000e+00 0.000000e+00 0.000000e+00 0.000000e+00 0.000000e+00 0.000000e+00 0.000000e+00
2.699000e+00 0.000000e+00 -3.433002e+03 -6.980338e+03 0.000000e+00 0.000000e+00 0.000000e+00 -4.151128e+02 -4.045038e+02 1.534939e+03 6.293588e+02 0.000000e+00 0.000000e+00 0.000000e+00 0.000000e+00 0.000000e+00 0.000000e+00 0.000000e+00 0.000000e+00 0.000000e+00
2.700000e+00 0.000000e+00 -3.433594e+03 -6.981148e+03 0.000000e+00 0.000000e+00 0.000000e+00 -4.160470e+02 -4.054325e+02 1.535247e+03 6.307632e+02 0.000000e+00 0.000000e+00 0.000000e+00 0.000000e+00 0.000000e+00 0.000000e+00 0.000000e+00 0.000000e+00 0.000000e+00
2.701000e+00 0.000000e+00 -3.434275e+03 -6.982131e+03 0.000000e+00 0.000000e+00 0.000000e+00 -4.169971e+02 -4.063770e+02 1.535572e+03 6.321968e+02 0.000000e+00 0.000000e+00 0.000000e+00 0.000000e+00 0.000000e+00 0.000000e+00 0.000000e+00 0.000000e+00 0.000000e+00
2.702000e+00 0.000000e+00 -3.435044e+03 -6.983286e+03 0.000000e+00 0.000000e+00 0.000000e+00 -4.179630e+02 -4.073372e+02 1.535913e+03 6.336591e+02 0.000000e+00 0.000000e+00 0.000000e+00 0.000000e+00 0.000000e+00 0.000000e+00 0.000000e+00 0.000000e+00 0.000000e+00
2.703000e+00 0.000000e+00 -3.435899e+03 -6.984611e+03 0.000000e+00 0.000000e+00 0.000000e+00 -4.189442e+02 -4.083128e+02 1.536270e+03 6.351497e+02 0.000000e+00 0.000000e+00 0.000000e+00 0.000000e+00 0.000000e+00 0.000000e+00 0.000000e+00 0.000000e+00 0.000000e+00
2.704000e+00 0.000000e+00 -3.436840e+03 -6.986104e+03 0.000000e+00 0.000000e+00 0.000000e+00 -4.199407e+02 -4.093037e+02 1.536644e+03 6.366681e+02 0.000000e+00 0.000000e+00 0.000000e+00 0.000000e+00 0.000000e+00 0.000000e+00 0.000000e+00 0.000000e+00 0.000000e+00
2.705000e+00 0.000000e+00 -3.437866e+03 -6.987766e+03 0.000000e+00 0.000000e+00 0.000000e+00 -4.209522e+02 -4.103094e+02 1.537033e+03 6.382138e+02 0.000000e+00 0.000000e+00 0.000000e+00 0.000000e+00 0.000000e+00 0.000000e+00 0.000000e+00 0.000000e+00 0.000000e+00
2.706000e+00 0.000000e+00 -3.438973e+03 -6.989593e+03 0.000000e+00 0.000000e+00 0.000000e+00 -4.219783e+02 -4.113299e+02 1.537438e+03 6.397865e+02 0.000000e+00 0.000000e+00 0.000000e+00 0.000000e+00 0.000000e+00 0.000000e+00 0.000000e+00 0.000000e+00 0.000000e+00
2.707000e+00 0.000000e+00 -3.440163e+03 -6.991585e+03 0.000000e+00 0.000000e+00 0.000000e+00 -4.230190e+02 -4.123648e+02 1.537858e+03 6.413855e+02 0.000000e+00 0.000000e+00 0.000000e+00 0.000000e+00 0.000000e+00 0.000000e+00 0.000000e+00 0.000000e+00 0.000000e+00
2.708000e+00 0.000000e+00 -3.441432e+03 -6.993739e+03 0.000000e+00 0.000000e+00 0.000000e+00 -4.240739e+02 -4.134139e+02 1.538294e+03 6.430105e+02 0.000000e+00 0.000000e+00 0.000000e+00 0.000000e+00 0.000000e+00 0.000000e+00 0.000000e+00 0.000000e+00 0.000000e+00
2.709000e+00 0.000000e+00 -3.442780e+03 -6.996055e+03 0.000000e+00 0.000000e+00 0.000000e+00 -4.251427e+02 -4.144769e+02 1.538745e+03 6.446609e+02 0.000000e+00 0.000000e+00 0.000000e+00 0.000000e+00 0.000000e+00 0.000000e+00 0.000000e+00 0.000000e+00 0.000000e+00
2.710000e+00 0.000000e+00 -3.444206e+03 -6.998531e+03 0.000000e+00 0.000000e+00 0.000000e+00 -4.262252e+02 -4.155537e+02 1.539210e+03 6.463363e+02 0.000000e+00 0.000000e+00 0.000000e+00 0.000000e+00 0.000000e+00 0.000000e+00 0.000000e+00 0.000000e+00 0.000000e+00
2.711000e+00 0.000000e+00 -3.445707e+03 -7.001164e+03 0.000000e+00 0.000000e+00 0.000000e+00 -4.273211e+02 -4.166438e+02 1.539690e+03 6.480360e+02 0.000000e+00 0.000000e+00 0.000000e+00 0.000000e+00 0.000000e+00 0.000000e+00 0.000000e+00 0.000000e+00 0.000000e+00
2.712000e+00 0.000000e+00 -3.447283e+03 -7.003952e+03 0.000000e+00 0.000000e+00 0.000000e+00 -4.284302e+02 -4.177470e+02 1.540185e+03 6.497597e+02 0.000000e+00 0.000000e+00 0.000000e+00 0.000000e+00 0.000000e+00 0.000000e+00 0.000000e+00 0.000000e+00 0.000000e+00
2.713000e+00 0.000000e+00 -3.448933e+03 -7.006895e+03 0.000000e+00 0.000000e+00 0.000000e+00 -4.295520e+02 -4.188630e+02 1.540694e+03 6.515067e+02 0.000000e+00 0.000000e+00 0.000000e+00 0.000000e+00 0.000000e+00 0.000000e+00 0.000000e+00 0.000000e+00 0.000000e+00
2.714000e+00 0.000000e+00 -3.450654e+03 -7.009989e+03 0.000000e+00 0.000000e+00 0.000000e+00 -4.306865e+02 -4.199916e+02 1.541217e+03 6.532766e+02 0.000000e+00 0.000000e+00 0.000000e+00 0.000000e+00 0.000000e+00 0.000000e+00 0.000000e+00 0.000000e+00 0.000000e+00
2.715000e+00 0.000000e+00 -3.452445e+03 -7.013232e+03 0.000000e+00 0.000000e+00 0.000000e+00 -4.318331e+02 -4.211324e+02 1.541754e+03 6.550688e+02 0.000000e+00 0.000000e+00 0.000000e+00 0.000000e+00 0.000000e+00 0.000000e+00 0.000000e+00 0.000000e+00 0.000000e+00
2.716000e+00 0.000000e+00 -3.454306e+03 -7.016623e+03 0.000000e+00 0.000000e+00 0.000000e+00 -4.329918e+02 -4.222851e+02 1.542304e+03 6.568827e+02 0.000000e+00 0.000000e+00 0.000000e+00 0.000000e+00 0.000000e+00 0.000000e+00 0.000000e+00 0.000000e+00 0.000000e+00
2.717000e+00 0.000000e+00 -3.456234e+03 -7.020159e+03 0.000000e+00 0.000000e+00 0.000000e+00 -4.341620e+02 -4.234495e+02 1.542868e+03 6.587178e+02 0.000000e+00 0.000000e+00 0.000000e+00 0.000000e+00 0.000000e+00 0.000000e+00 0.000000e+00 0.000000e+00 0.000000e+00
2.718000e+00 0.000000e+00 -3.458228e+03 -7.023838e+03 0.000000e+00 0.000000e+00 0.000000e+00 -4.353436e+02 -4.246251e+02 1.543445e+03 6.605735e+02 0.000000e+00 0.000000e+00 0.000000e+00 0.000000e+00 0.000000e+00 0.000000e+00 0.000000e+00 0.000000e+00 0.000000e+00
2.719000e+00 0.000000e+00 -3.460287e+03 -7.027657e+03 0.000000e+00 0.000000e+00 0.000000e+00 -4.365361e+02 -4.258118e+02 1.544035e+03 6.624492e+02 0.000000e+00 0.000000e+00 0.000000e+00 0.000000e+00 0.000000e+00 0.000000e+00 0.000000e+00 0.000000e+00 0.000000e+00
2.720000e+00 0.000000e+00 -3.462409e+03 -7.031613e+03 0.000000e+00 0.000000e+00 0.000000e+00 -4.377394e+02 -4.270091e+02 1.544637e+03 6.643445e+02 0.000000e+00 0.000000e+00 0.000000e+00 0.000000e+00 0.000000e+00 0.000000e+00 0.000000e+00 0.000000e+00 0.000000e+00
2.721000e+00 0.000000e+00 -3.464593e+03 -7.035705e+03 0.000000e+00 0.000000e+00 0.000000e+00 -4.389529e+02 -4.282168e+02 1.545252e+03 6.662586e+02 0.000000e+00 0.000000e+00 0.000000e+00 0.000000e+00 0.000000e+00 0.000000e+00 0.000000e+00 0.000000e+00 0.000000e+00
2.722000e+00 0.000000e+00 -3.466838e+03 -7.039930e+03 0.000000e+00 0.000000e+00 0.000000e+00 -4.401765e+02 -4.294344e+02 1.545880e+03 6.681911e+02 0.000000e+00 0.000000e+00 0.000000e+00 0.000000e+00 0.000000e+00 0.000000e+00 0.000000e+00 0.000000e+00 0.000000e+00
2.723000e+00 0.000000e+00 -3.469142e+03 -7.044285e+03 0.000000e+00 0.000000e+00 0.000000e+00 -4.414098e+02 -4.306618e+02 1.546519e+03 6.701412e+02 0.000000e+00 0.000000e+00 0.000000e+00 0.000000e+00 0.000000e+00 0.000000e+00 0.000000e+00 0.000000e+00 0.000000e+00
2.724000e+00 0.000000e+00 -3.471502e+03 -7.048767e+03 0.000000e+00 0.000000e+00 0.000000e+00 -4.426525e+02 -4.318985e+02 1.547171e+03 6.721085e+02 0.000000e+00 0.000000e+00 0.000000e+00 0.000000e+00 0.000000e+00 0.000000e+00 0.000000e+00 0.000000e+00 0.000000e+00
2.725000e+00 0.000000e+00 -3.473919e+03 -7.053374e+03 0.000000e+00 0.000000e+00 0.000000e+00 -4.439041e+02 -4.331443e+02 1.547834e+03 6.740924e+02 0.000000e+00 0.000000e+00 0.000000e+00 0.000000e+00 0.000000e+00 0.000000e+00 0.000000e+00 0.000000e+00 0.000000e+00
2.726000e+00 0.000000e+00 -3.476391e+03 -7.058104e+03 0.000000e+00 0.000000e+00 0.000000e+00 -4.451645e+02 -4.343987e+02 1.548508e+03 6.760922e+02 0.000000e+00 0.000000e+00 0.000000e+00 0.000000e+00 0.000000e+00 0.000000e+00 0.000000e+00 0.000000e+00 0.000000e+00
2.727000e+00 0.000000e+00 -3.478915e+03 -7.062952e+03 0.000000e+00 0.000000e+00 0.000000e+00 -4.464331e+02 -4.356615e+02 1.549194e+03 6.781074e+02 0.000000e+00 0.000000e+00 0.000000e+00 0.000000e+00 0.000000e+00 0.000000e+00 0.000000e+00 0.000000e+00 0.000000e+00
2.728000e+00 0.000000e+00 -3.481491e+03 -7.067916e+03 0.000000e+00 0.000000e+00 0.000000e+00 -4.477098e+02 -4.369323e+02 1.549890e+03 6.801374e+02 0.000000e+00 0.000000e+00 0.000000e+00 0.000000e+00 0.000000e+00 0.000000e+00 0.000000e+00 0.000000e+00 0.000000e+00
2.729000e+00 0.000000e+00 -3.484117e+03 -7.072994e+03 0.000000e+00 0.000000e+00 0.000000e+00 -4.489941e+02 -4.382108e+02 1.550597e+03 6.821814e+02 0.000000e+00 0.000000e+00 0.000000e+00 0.000000e+00 0.000000e+00 0.000000e+00 0.000000e+00 0.000000e+00 0.000000e+00
2.730000e+00 0.000000e+00 -3.486792e+03 -7.078182e+03 0.000000e+00 0.000000e+00 0.000000e+00 -4.502857e+02 -4.394965e+02 1.551315e+03 6.842391e+02 0.000000e+00 0.000000e+00 0.000000e+00 0.000000e+00 0.000000e+00 0.000000e+00 0.000000e+00 0.000000e+00 0.000000e+00
2.731000e+00 0.000000e+00 -3.489513e+03 -7.083478e+03 0.000000e+00 0.000000e+00 0.000000e+00 -4.515843e+02 -4.407892e+02 1.552043e+03 6.863096e+02 0.000000e+00 0.000000e+00 0.000000e+00 0.000000e+00 0.000000e+00 0.000000e+00 0.000000e+00 0.000000e+00 0.000000e+00
2.732000e+00 0.000000e+00 -3.492280e+03 -7.088878e+03 0.000000e+00 0.000000e+00 0.000000e+00 -4.528894e+02 -4.420885e+02 1.552780e+03 6.883924e+02 0.000000e+00 0.000000e+00 0.000000e+00 0.000000e+00 0.000000e+00 0.000000e+00 0.000000e+00 0.000000e+00 0.000000e+00
2.733000e+00 0.000000e+00 -3.495091e+03 -7.094378e+03 0.000000e+00 0.000000e+00 0.000000e+00 -4.542007e+02 -4.433940e+02 1.553528e+03 6.904870e+02 0.000000e+00 0.000000e+00 0.000000e+00 0.000000e+00 0.000000e+00 0.000000e+00 0.000000e+00 0.000000e+00 0.000000e+00
2.734000e+00 0.000000e+00 -3.497945e+03 -7.099977e+03 0.000000e+00 0.000000e+00 0.000000e+00 -4.555179e+02 -4.447054e+02 1.554285e+03 6.925925e+02 0.000000e+00 0.000000e+00 0.000000e+00 0.000000e+00 0.000000e+00 0.000000e+00 0.000000e+00 0.000000e+00 0.000000e+00
2.735000e+00 0.000000e+00 -3.500840e+03 -7.105670e+03 0.000000e+00 0.000000e+00 0.000000e+00 -4.568405e+02 -4.460223e+02 1.555052e+03 6.947086e+02 0.000000e+00 0.000000e+00 0.000000e+00 0.000000e+00 0.000000e+00 0.000000e+00 0.000000e+00 0.000000e+00 0.000000e+00
2.736000e+00 0.000000e+00 -3.503774e+03 -7.111455e+03 0.000000e+00 0.000000e+00 0.000000e+00 -4.581683e+02 -4.473444e+02 1.555827e+03 6.968344e+02 0.000000e+00 0.000000e+00 0.000000e+00 0.000000e+00 0.000000e+00 0.000000e+00 0.000000e+00 0.000000e+00 0.000000e+00
2.737000e+00 0.000000e+00 -3.506747e+03 -7.117328e+03 0.000000e+00 0.000000e+00 0.000000e+00 -4.595008e+02 -4.486712e+02 1.556611e+03 6.989695e+02 0.000000e+00 0.000000e+00 0.000000e+00 0.000000e+00 0.000000e+00 0.000000e+00 0.000000e+00 0.000000e+00 0.000000e+00
2.738000e+00 0.000000e+00 -3.509757e+03 -7.123285e+03 0.000000e+00 0.000000e+00 0.000000e+00 -4.608377e+02 -4.500024e+02 1.557404e+03 7.011131e+02 0.000000e+00 0.000000e+00 0.000000e+00 0.000000e+00 0.000000e+00 0.000000e+00 0.000000e+00 0.000000e+00 0.000000e+00
2.739000e+00 0.000000e+00 -3.512802e+03 -7.129324e+03 0.000000e+00 0.000000e+00 0.000000e+00 -4.621786e+02 -4.513377e+02 1.558205e+03 7.032646e+02 0.000000e+00 0.000000e+00 0.000000e+00 0.000000e+00 0.000000e+00 0.000000e+00 0.000000e+00 0.000000e+00 0.000000e+00
2.740000e+00 0.000000e+00 -3.515880e+03 -7.135440e+03 0.000000e+00 0.000000e+00 0.000000e+00 -4.635232e+02 -4.526766e+02 1.559015e+03 7.054234e+02 0.000000e+00 0.000000e+00 0.000000e+00 0.000000e+00 0.000000e+00 0.000000e+00 0.000000e+00 0.000000e+00 0.000000e+00
2.741000e+00 0.000000e+00 -3.518992e+03 -7.141631e+03 0.000000e+00 0.000000e+00 0.000000e+00 -4.648709e+02 -4.540188e+02 1.559832e+03 7.075889e+02 0.000000e+00 0.000000e+00 0.000000e+00 0.000000e+00 0.000000e+00 0.000000e+00 0.000000e+00 0.000000e+00 0.000000e+00
2.742000e+00 0.000000e+00 -3.522134e+03 -7.147893e+03 0.000000e+00 0.000000e+00 0.000000e+00 -4.662216e+02 -4.553639e+02 1.560657e+03 7.097605e+02 0.000000e+00 0.000000e+00 0.000000e+00 0.000000e+00 0.000000e+00 0.000000e+00 0.000000e+00 0.000000e+00 0.000000e+00
2.743000e+00 0.000000e+00 -3.525305e+03 -7.154222e+03 0.000000e+00 0.000000e+00 0.000000e+00 -4.675747e+02 -4.567115e+02 1.561489e+03 7.119375e+02 0.000000e+00 0.000000e+00 0.000000e+00 0.000000e+00 0.000000e+00 0.000000e+00 0.000000e+00 0.000000e+00 0.000000e+00
2.744000e+00 0.000000e+00 -3.528505e+03 -7.160616e+03 0.000000e+00 0.000000e+00 0.000000e+00 -4.689301e+02 -4.580614e+02 1.562329e+03 7.141194e+02 0.000000e+00 0.000000e+00 0.000000e+00 0.000000e+00 0.000000e+00 0.000000e+00 0.000000e+00 0.000000e+00 0.000000e+00
2.745000e+00 0.000000e+00 -3.531731e+03 -7.167069e+03 0.000000e+00 0.000000e+00 0.000000e+00 -4.702871e+02 -4.594130e+02 1.563175e+03 7.163054e+02 0.000000e+00 0.000000e+00 0.000000e+00 0.000000e+00 0.000000e+00 0.000000e+00 0.000000e+00 0.000000e+00 0.000000e+00
2.746000e+00 0.000000e+00 -3.534982e+03 -7.173580e+03 0.000000e+00 0.000000e+00 0.000000e+00 -4.716456e+02 -4.607661e+02 1.564029e+03 7.184950e+02 0.000000e+00 0.000000e+00 0.000000e+00 0.000000e+00 0.000000e+00 0.000000e+00 0.000000e+00 0.000000e+00 0.000000e+00
2.747000e+00 0.000000e+00 -3.538257e+03 -7.180144e+03 0.000000e+00 0.000000e+00 0.000000e+00 -4.730051e+02 -4.621203e+02 1.564888e+03 7.206876e+02 0.000000e+00 0.000000e+00 0.000000e+00 0.000000e+00 0.000000e+00 0.000000e+00 0.000000e+00 0.000000e+00 0.000000e+00
2.748000e+00 0.000000e+00 -3.541554e+03 -7.186757e+03 0.000000e+00 0.000000e+00 0.000000e+00 -4.743652e+02 -4.634752e+02 1.565754e+03 7.228825e+02 0.000000e+00 0.000000e+00 0.000000e+00 0.000000e+00 0.000000e+00 0.000000e+00 0.000000e+00 0.000000e+00 0.000000e+00
2.749000e+00 0.000000e+00 -3.544871e+03 -7.193416e+03 0.000000e+00 0.000000e+00 0.000000e+00 -4.757256e+02 -4.648304e+02 1.566626e+03 7.250792e+02 0.000000e+00 0.000000e+00 0.000000e+00 0.000000e+00 0.000000e+00 0.000000e+00 0.000000e+00 0.000000e+00 0.000000e+00
2.750000e+00 0.000000e+00 -3.548209e+03 -7.200118e+03 0.000000e+00 0.000000e+00 0.000000e+00 -4.770859e+02 -4.661855e+02 1.567504e+03 7.272769e+02 0.000000e+00 0.000000e+00 0.000000e+00 0.000000e+00 0.000000e+00 0.000000e+00 0.000000e+00 0.000000e+00 0.000000e+00
2.751000e+00 0.000000e+00 -3.551564e+03 -7.206858e+03 0.000000e+00 0.000000e+00 0.000000e+00 -4.784457e+02 -4.675402e+02 1.568388e+03 7.294752e+02 0.000000e+00 0.000000e+00 0.000000e+00 0.000000e+00 0.000000e+00 0.000000e+00 0.000000e+00 0.000000e+00 0.000000e+00
2.752000e+00 0.000000e+00 -3.554936e+03 -7.213634e+03 0.000000e+00 0.000000e+00 0.000000e+00 -4.798047e+02 -4.688941e+02 1.569276e+03 7.316733e+02 0.000000e+00 0.000000e+00 0.000000e+00 0.000000e+00 0.000000e+00 0.000000e+00 0.000000e+00 0.000000e+00 0.000000e+00
2.753000e+00 0.000000e+00 -3.558322e+03 -7.220440e+03 0.000000e+00 0.000000e+00 0.000000e+00 -4.811625e+02 -4.702468e+02 1.570170e+03 7.338707e+02 0.000000e+00 0.000000e+00 0.000000e+00 0.000000e+00 0.000000e+00 0.000000e+00 0.000000e+00 0.000000e+00 0.000000e+00
2.754000e+00 0.000000e+00 -3.561723e+03 -7.227274e+03 0.000000e+00 0.000000e+00 0.000000e+00 -4.825186e+02 -4.715981e+02 1.571069e+03 7.360668e+02 0.000000e+00 0.000000e+00 0.000000e+00 0.000000e+00 0.000000e+00 0.000000e+00 0.000000e+00 0.000000e+00 0.000000e+00
2.755000e+00 0.000000e+00 -3.565136e+03 -7.234131e+03 0.000000e+00 0.000000e+00 0.000000e+00 -4.838728e+02 -4.729474e+02 1.571973e+03 7.382609e+02 0.000000e+00 0.000000e+00 0.000000e+00 0.000000e+00 0.000000e+00 0.000000e+00 0.000000e+00 0.000000e+00 0.000000e+00
2.756000e+00 0.000000e+00 -3.568561e+03 -7.241009e+03 0.000000e+00 0.000000e+00 0.000000e+00 -4.852246e+02 -4.742944e+02 1.572880e+03 7.404525e+02 0.000000e+00 0.000000e+00 0.000000e+00 0.000000e+00 0.000000e+00 0.000000e+00 0.000000e+00 0.000000e+00 0.000000e+00
2.757000e+00 0.000000e+00 -3.571995e+03 -7.247903e+03 0.000000e+00 0.000000e+00 0.000000e+00 -4.865737e+02 -4.756387e+02 1.573793e+03 7.426409e+02 0.000000e+00 0.000000e+00 0.000000e+00 0.000000e+00 0.000000e+00 0.000000e+00 0.000000e+00 0.000000e+00 0.000000e+00
2.758000e+00 0.000000e+00 -3.575437e+03 -7.254809e+03 0.000000e+00 0.000000e+00 0.000000e+00 -4.879197e+02 -4.769801e+02 1.574709e+03 7.448256e+02 0.000000e+00 0.000000e+00 0.000000e+00 0.000000e+00 0.000000e+00 0.000000e+00 0.000000e+00 0.000000e+00 0.000000e+00
2.759000e+00 0.000000e+00 -3.578887e+03 -7.261723e+03 0.000000e+00 0.000000e+00 0.000000e+00 -4.892623e+02 -4.783180e+02 1.575629e+03 7.470060e+02 0.000000e+00 0.000000e+00 0.000000e+00 0.000000e+00 0.000000e+00 0.000000e+00 0.000000e+00 0.000000e+00 0.000000e+00
2.760000e+00 0.000000e+00 -3.582342e+03 -7.268643e+03 0.000000e+00 0.000000e+00 0.000000e+00 -4.906010e+02 -4.796523e+02 1.576552e+03 7.491815e+02 0.000000e+00 0.000000e+00 0.000000e+00 0.000000e+00 0.000000e+00 0.000000e+00 0.000000e+00 0.000000e+00 0.000000e+00
2.761000e+00 0.000000e+00 -3.585801e+03 -7.275564e+03 0.000000e+00 0.000000e+00 0.000000e+00 -4.919356e+02 -4.809824e+02 1.577479e+03 7.513515e+02 0.000000e+00 0.000000e+00 0.000000e+00 0.000000e+00 0.000000e+00 0.000000e+00 0.000000e+00 0.000000e+00 0.000000e+00
2.762000e+00 0.000000e+00 -3.589264e+03 -7.282482e+03 0.000000e+00 0.000000e+00 0.000000e+00 -4.932656e+02 -4.823081e+02 1.578409e+03 7.535154e+02 0.000000e+00 0.000000e+00 0.000000e+00 0.000000e+00 0.000000e+00 0.000000e+00 0.000000e+00 0.000000e+00 0.000000e+00
2.763000e+00 0.000000e+00 -3.592728e+03 -7.289394e+03 0.000000e+00 0.000000e+00 0.000000e+00 -4.945908e+02 -4.836289e+02 1.579342e+03 7.556727e+02 0.000000e+00 0.000000e+00 0.000000e+00 0.000000e+00 0.000000e+00 0.000000e+00 0.000000e+00 0.000000e+00 0.000000e+00
2.764000e+00 0.000000e+00 -3.596193e+03 -7.296296e+03 0.000000e+00 0.000000e+00 0.000000e+00 -4.959107e+02 -4.849446e+02 1.580278e+03 7.578228e+02 0.000000e+00 0.000000e+00 0.000000e+00 0.000000e+00 0.000000e+00 0.000000e+00 0.000000e+00 0.000000e+00 0.000000e+00
2.765000e+00 0.000000e+00 -3.599657e+03 -7.303184e+03 0.000000e+00 0.000000e+00 0.000000e+00 -4.972250e+02 -4.862548e+02 1.581216e+03 7.599651e+02 0.000000e+00 0.000000e+00 0.000000e+00 0.000000e+00 0.000000e+00 0.000000e+00 0.000000e+00 0.000000e+00 0.000000e+00
2.766000e+00 0.000000e+00 -3.603119e+03 -7.310055e+03 0.000000e+00 0.000000e+00 0.000000e+00 -4.985333e+02 -4.875592e+02 1.582157e+03 7.620991e+02 0.000000e+00 0.000000e+00 0.000000e+00 0.000000e+00 0.000000e+00 0.000000e+00 0.000000e+00 0.000000e+00 0.000000e+00
2.767000e+00 0.000000e+00 -3.606577e+03 -7.316905e+03 0.000000e+00 0.000000e+00 0.000000e+00 -4.998354e+02 -4.888573e+02 1.583099e+03 7.642243e+02 0.000000e+00 0.000000e+00 0.000000e+00 0.000000e+00 0.000000e+00 0.000000e+00 0.000000e+00 0.000000e+00 0.000000e+00
2.768000e+00 0.000000e+00 -3.610031e+03 -7.323729e+03 0.000000e+00 0.000000e+00 0.000000e+00 -5.011308e+02 -4.901488e+02 1.584044e+03 7.663400e+02 0.000000e+00 0.000000e+00 0.000000e+00 0.000000e+00 0.000000e+00 0.000000e+00 0.000000e+00 0.000000e+00 0.000000e+00
2.769000e+00 0.000000e+00 -3.613478e+03 -7.330525e+03 0.000000e+00 0.000000e+00 0.000000e+00 -5.024192e+02 -4.914335e+02 1.584990e+03 7.684457e+02 0.000000e+00 0.000000e+00 0.000000e+00 0.000000e+00 0.000000e+00 0.000000e+00 0.000000e+00 0.000000e+00 0.000000e+00
2.770000e+00 0.000000e+00 -3.616919e+03 -7.337289e+03 0.000000e+00 0.000000e+00 0.000000e+00 -5.037003e+02 -4.927109e+02 1.585937e+03 7.705409e+02 0.000000e+00 0.000000e+00 0.000000e+00 0.000000e+00 0.000000e+00 0.000000e+00 0.000000e+00 0.000000e+00 0.000000e+00
2.771000e+00 0.000000e+00 -3.620351e+03 -7.344017e+03 0.000000e+00 0.000000e+00 0.000000e+00 -5.049737e+02 -4.939807e+02 1.586886e+03 7.726250e+02 0.000000e+00 0.000000e+00 0.000000e+00 0.000000e+00 0.000000e+00 0.000000e+00 0.000000e+00 0.000000e+00 0.000000e+00
2.772000e+00 0.000000e+00 -3.623773e+03 -7.350705e+03 0.000000e+00 0.000000e+00 0.000000e+00 -5.062391e+02 -4.952427e+02 1.587836e+03 7.746976e+02 0.000000e+00 0.000000e+00 0.000000e+00 0.000000e+00 0.000000e+00 0.000000e+00 0.000000e+00 0.000000e+00 0.000000e+00
2.773000e+00 0.000000e+00 -3.627184e+03 -7.357350e+03 0.000000e+00 0.000000e+00 0.000000e+00 -5.074962e+02 -4.964964e+02 1.588787e+03 7.767581e+02 0.000000e+00 0.000000e+00 0.000000e+00 0.000000e+00 0.000000e+00 0.000000e+00 0.000000e+00 0.000000e+00 0.000000e+00
2.774000e+00 0.000000e+00 -3.630584e+03 -7.363948e+03 0.000000e+00 0.000000e+00 0.000000e+00 -5.087446e+02 -4.977415e+02 1.589738e+03 7.788059e+02 0.000000e+00 0.000000e+00 0.000000e+00 0.000000e+00 0.000000e+00 0.000000e+00 0.000000e+00 0.000000e+00 0.000000e+00
2.775000e+00 0.000000e+00 -3.633970e+03 -7.370496e+03 0.000000e+00 0.000000e+00 0.000000e+00 -5.099840e+02 -4.989777e+02 1.590690e+03 7.808407e+02 0.000000e+00 0.000000e+00 0.000000e+00 0.000000e+00 0.000000e+00 0.000000e+00 0.000000e+00 0.000000e+00 0.000000e+00
2.776000e+00 0.000000e+00 -3.637341e+03 -7.376990e+03 0.000000e+00 0.000000e+00 0.000000e+00 -5.112141e+02 -5.002047e+02 1.591642e+03 7.828617e+02 0.000000e+00 0.000000e+00 0.000000e+00 0.000000e+00 0.000000e+00 0.000000e+00 0.000000e+00 0.000000e+00 0.000000e+00
2.777000e+00 0.000000e+00 -3.640697e+03 -7.383426e+03 0.000000e+00 0.000000e+00 0.000000e+00 -5.124345e+02 -5.014222e+02 1.592594e+03 7.848687e+02 0.000000e+00 0.000000e+00 0.000000e+00 0.000000e+00 0.000000e+00 0.000000e+00 0.000000e+00 0.000000e+00 0.000000e+00
2.778000e+00 0.000000e+00 -3.644037e+03 -7.389802e+03 0.000000e+00 0.000000e+00 0.000000e+00 -5.136450e+02 -5.026298e+02 1.593547e+03 7.868609e+02 0.000000e+00 0.000000e+00 0.000000e+00 0.000000e+00 0.000000e+00 0.000000e+00 0.000000e+00 0.000000e+00 0.000000e+00
2.779000e+00 0.000000e+00 -3.647358e+03 -7.396113e+03 0.000000e+00 0.000000e+00 0.000000e+00 -5.148451e+02 -5.038272e+02 1.594498e+03 7.888381e+02 0.000000e+00 0.000000e+00 0.000000e+00 0.000000e+00 0.000000e+00 0.000000e+00 0.000000e+00 0.000000e+00 0.000000e+00
2.780000e+00 0.000000e+00 -3.650660e+03 -7.402356e+03 0.000000e+00 0.000000e+00 0.000000e+00 -5.160348e+02 -5.050142e+02 1.595450e+03 7.907997e+02 0.000000e+00 0.000000e+00 0.000000e+00 0.000000e+00 0.000000e+00 0.000000e+00 0.000000e+00 0.000000e+00 0.000000e+00
2.781000e+00 0.000000e+00 -3.653942e+03 -7.408528e+03 0.000000e+00 0.000000e+00 0.000000e+00 -5.172135e+02 -5.061904e+02 1.596400e+03 7.927451e+02 0.000000e+00 0.000000e+00 0.000000e+00 0.000000e+00 0.000000e+00 0.000000e+00 0.000000e+00 0.000000e+00 0.000000e+00
2.782000e+00 0.000000e+00 -3.657202e+03 -7.414625e+03 0.000000e+00 0.000000e+00 0.000000e+00 -5.183811e+02 -5.073556e+02 1.597350e+03 7.946741e+02 0.000000e+00 0.000000e+00 0.000000e+00 0.000000e+00 0.000000e+00 0.000000e+00 0.000000e+00 0.000000e+00 0.000000e+00
2.783000e+00 0.000000e+00 -3.660440e+03 -7.420645e+03 0.000000e+00 0.000000e+00 0.000000e+00 -5.195371e+02 -5.085094e+02 1.598299e+03 7.965860e+02 0.000000e+00 0.000000e+00 0.000000e+00 0.000000e+00 0.000000e+00 0.000000e+00 0.000000e+00 0.000000e+00 0.000000e+00
2.784000e+00 0.000000e+00 -3.663654e+03 -7.426584e+03 0.000000e+00 0.000000e+00 0.000000e+00 -5.206814e+02 -5.096515e+02 1.599246e+03 7.984804e+02 0.000000e+00 0.000000e+00 0.000000e+00 0.000000e+00 0.000000e+00 0.000000e+00 0.000000e+00 0.000000e+00 0.000000e+00
2.785000e+00 0.000000e+00 -3.666844e+03 -7.432438e+03 0.000000e+00 0.000000e+00 0.000000e+00 -5.218137e+02 -5.107817e+02 1.600192e+03 8.003569e+02 0.000000e+00 0.000000e+00 0.000000e+00 0.000000e+00 0.000000e+00 0.000000e+00 0.000000e+00 0.000000e+00 0.000000e+00
2.786000e+00 0.000000e+00 -3.670008e+03 -7.438204e+03 0.000000e+00 0.000000e+00 0.000000e+00 -5.229336e+02 -5.118997e+02 1.601137e+03 8.022151e+02 0.000000e+00 0.000000e+00 0.000000e+00 0.000000e+00 0.000000e+00 0.000000e+00 0.000000e+00 0.000000e+00 0.000000e+00
2.787000e+00 0.000000e+00 -3.673145e+03 -7.443880e+03 0.000000e+00 0.000000e+00 0.000000e+00 -5.240408e+02 -5.130051e+02 1.602080e+03 8.040545e+02 0.000000e+00 0.000000e+00 0.000000e+00 0.000000e+00 0.000000e+00 0.000000e+00 0.000000e+00 0.000000e+00 0.000000e+00
2.788000e+00 0.000000e+00 -3.676253e+03 -7.449462e+03 0.000000e+00 0.000000e+00 0.000000e+00 -5.251352e+02 -5.140978e+02 1.603020e+03 8.058746e+02 0.000000e+00 0.000000e+00 0.000000e+00 0.000000e+00 0.000000e+00 0.000000e+00 0.000000e+00 0.000000e+00 0.000000e+00
2.789000e+00 0.000000e+00 -3.679333e+03 -7.454946e+03 0.000000e+00 0.000000e+00 0.000000e+00 -5.262164e+02 -5.151774e+02 1.603959e+03 8.076751e+02 0.000000e+00 0.000000e+00 0.000000e+00 0.000000e+00 0.000000e+00 0.000000e+00 0.000000e+00 0.000000e+00 0.000000e+00
2.790000e+00 0.000000e+00 -3.682383e+03 -7.460331e+03 0.000000e+00 0.000000e+00 0.000000e+00 -5.272841e+02 -5.162437e+02 1.604895e+03 8.094555e+02 0.000000e+00 0.000000e+00 0.000000e+00 0.000000e+00 0.000000e+00 0.000000e+00 0.000000e+00 0.000000e+00 0.000000e+00
2.791000e+00 0.000000e+00 -3.685402e+03 -7.465613e+03 0.000000e+00 0.000000e+00 0.000000e+00 -5.283382e+02 -5.172964e+02 1.605829e+03 8.112155e+02 0.000000e+00 0.000000e+00 0.000000e+00 0.000000e+00 0.000000e+00 0.000000e+00 0.000000e+00 0.000000e+00 0.000000e+00
2.792000e+00 0.000000e+00 -3.688388e+03 -7.470789e+03 0.000000e+00 0.000000e+00 0.000000e+00 -5.293782e+02 -5.183353e+02 1.606761e+03 8.129546e+02 0.000000e+00 0.000000e+00 0.000000e+00 0.000000e+00 0.000000e+00 0.000000e+00 0.000000e+00 0.000000e+00 0.000000e+00
2.793000e+00 0.000000e+00 -3.691341e+03 -7.475856e+03 0.000000e+00 0.000000e+00 0.000000e+00 -5.304041e+02 -5.193601e+02 1.607689e+03 8.146724e+02 0.000000e+00 0.000000e+00 0.000000e+00 0.000000e+00 0.000000e+00 0.000000e+00 0.000000e+00 0.000000e+00 0.000000e+00
2.794000e+00 0.000000e+00 -3.694260e+03 -7.480811e+03 0.000000e+00 0.000000e+00 0.000000e+00 -5.314155e+02 -5.203706e+02 1.608615e+03 8.163685e+02 0.000000e+00 0.000000e+00 0.000000e+00 0.000000e+00 0.000000e+00 0.000000e+00 0.000000e+00 0.000000e+00 0.000000e+00
2.795000e+00 0.000000e+00 -3.697144e+03 -7.485652e+03 0.000000e+00 0.000000e+00 0.000000e+00 -5.324121e+02 -5.213665e+02 1.609537e+03 8.180426e+02 0.000000e+00 0.000000e+00 0.000000e+00 0.000000e+00 0.000000e+00 0.000000e+00 0.000000e+00 0.000000e+00 0.000000e+00
2.796000e+00 0.000000e+00 -3.699991e+03 -7.490376e+03 0.000000e+00 0.000000e+00 0.000000e+00 -5.333938e+02 -5.223475e+02 1.610456e+03 8.196943e+02 0.000000e+00 0.000000e+00 0.000000e+00 0.000000e+00 0.000000e+00 0.000000e+00 0.000000e+00 0.000000e+00 0.000000e+00
2.797000e+00 0.000000e+00 -3.702802e+03 -7.494980e+03 0.000000e+00 0.000000e+00 0.000000e+00 -5.343603e+02 -5.233135e+02 1.611371e+03 8.213232e+02 0.000000e+00 0.000000e+00 0.000000e+00 0.000000e+00 0.000000e+00 0.000000e+00 0.000000e+00 0.000000e+00 0.000000e+00
2.798000e+00 0.000000e+00 -3.705574e+03 -7.499462e+03 0.000000e+00 0.000000e+00 0.000000e+00 -5.353114e+02 -5.242643e+02 1.612283e+03 8.229290e+02 0.000000e+00 0.000000e+00 0.000000e+00 0.000000e+00 0.000000e+00 0.000000e+00 0.000000e+00 0.000000e+00 0.000000e+00
2.799000e+00 0.000000e+00 -3.708307e+03 -7.503819e+03 0.000000e+00 0.000000e+00 0.000000e+00 -5.362469e+02 -5.251995e+02 1.613192e+03 8.245113e+02 0.000000e+00 0.000000e+00 0.000000e+00 0.000000e+00 0.000000e+00 0.000000e+00 0.000000e+00 0.000000e+00 0.000000e+00
2.800000e+00 0.000000e+00 -3.711000e+03 -7.508048e+03 0.000000e+00 0.000000e+00 0.000000e+00 -5.371665e+02 -5.261190e+02 1.614096e+03 8.260698e+02 0.000000e+00 0.000000e+00 0.000000e+00 0.000000e+00 0.000000e+00 0.000000e+00 0.000000e+00 0.000000e+00 0.000000e+00
2.801000e+00 0.000000e+00 -3.713651e+03 -7.512147e+03 0.000000e+00 0.000000e+00 0.000000e+00 -5.380700e+02 -5.270225e+02 1.614996e+03 8.276041e+02 0.000000e+00 0.000000e+00 0.000000e+00 0.000000e+00 0.000000e+00 0.000000e+00 0.000000e+00 0.000000e+00 0.000000e+00
2.802000e+00 0.000000e+00 -3.716261e+03 -7.516114e+03 0.000000e+00 0.000000e+00 0.000000e+00 -5.389572e+02 -5.279099e+02 1.615892e+03 8.291139e+02 0.000000e+00 0.000000e+00 0.000000e+00 0.000000e+00 0.000000e+00 0.000000e+00 0.000000e+00 0.000000e+00 0.000000e+00
2.803000e+00 0.000000e+00 -3.718828e+03 -7.519947e+03 0.000000e+00 0.000000e+00 0.000000e+00 -5.398279e+02 -5.287809e+02 1.616783e+03 8.305989e+02 0.000000e+00 0.000000e+00 0.000000e+00 0.000000e+00 0.000000e+00 0.000000e+00 0.000000e+00 0.000000e+00 0.000000e+00
2.804000e+00 0.000000e+00 -3.721351e+03 -7.523642e+03 0.000000e+00 0.000000e+00 0.000000e+00 -5.406819e+02 -5.296354e+02 1.617670e+03 8.320588e+02 0.000000e+00 0.000000e+00 0.000000e+00 0.000000e+00 0.000000e+00 0.000000e+00 0.000000e+00 0.000000e+00 0.000000e+00
2.805000e+00 0.000000e+00 -3.723829e+03 -7.527198e+03 0.000000e+00 0.000000e+00 0.000000e+00 -5.415190e+02 -5.304731e+02 1.618553e+03 8.334932e+02 0.000000e+00 0.000000e+00 0.000000e+00 0.000000e+00 0.000000e+00 0.000000e+00 0.000000e+00 0.000000e+00 0.000000e+00
2.806000e+00 0.000000e+00 -3.726262e+03 -7.530613e+03 0.000000e+00 0.000000e+00 0.000000e+00 -5.423390e+02 -5.312938e+02 1.619430e+03 8.349018e+02 0.000000e+00 0.000000e+00 0.000000e+00 0.000000e+00 0.000000e+00 0.000000e+00 0.000000e+00 0.000000e+00 0.000000e+00
2.807000e+00 0.000000e+00 -3.728648e+03 -7.533885e+03 0.000000e+00 0.000000e+00 0.000000e+00 -5.431417e+02 -5.320975e+02 1.620303e+03 8.362845e+02 0.000000e+00 0.000000e+00 0.000000e+00 0.000000e+00 0.000000e+00 0.000000e+00 0.000000e+00 0.000000e+00 0.000000e+00
2.808000e+00 0.000000e+00 -3.730986e+03 -7.537011e+03 0.000000e+00 0.000000e+00 0.000000e+00 -5.439270e+02 -5.328838e+02 1.621170e+03 8.376408e+02 0.000000e+00 0.000000e+00 0.000000e+00 0.000000e+00 0.000000e+00 0.000000e+00 0.000000e+00 0.000000e+00 0.000000e+00
2.809000e+00 0.000000e+00 -3.733276e+03 -7.539990e+03 0.000000e+00 0.000000e+00 0.000000e+00 -5.446946e+02 -5.336526e+02 1.622032e+03 8.389705e+02 0.000000e+00 0.000000e+00 0.000000e+00 0.000000e+00 0.000000e+00 0.000000e+00 0.000000e+00 0.000000e+00 0.000000e+00
2.810000e+00 0.000000e+00 -3.735517e+03 -7.542820e+03 0.000000e+00 0.000000e+00 0.000000e+00 -5.454445e+02 -5.344038e+02 1.622888e+03 8.402733e+02 0.000000e+00 0.000000e+00 0.000000e+00 0.000000e+00 0.000000e+00 0.000000e+00 0.000000e+00 0.000000e+00 0.000000e+00
2.811000e+00 0.000000e+00 -3.737708e+03 -7.545499e+03 0.000000e+00 0.000000e+00 0.000000e+00 -5.461764e+02 -5.351371e+02 1.623739e+03 8.415490e+02 0.000000e+00 0.000000e+00 0.000000e+00 0.000000e+00 0.000000e+00 0.000000e+00 0.000000e+00 0.000000e+00 0.000000e+00
2.812000e+00 0.000000e+00 -3.739848e+03 -7.548025e+03 0.000000e+00 0.000000e+00 0.000000e+00 -5.468901e+02 -5.358525e+02 1.624585e+03 8.427973e+02 0.000000e+00 0.000000e+00 0.000000e+00 0.000000e+00 0.000000e+00 0.000000e+00 0.000000e+00 0.000000e+00 0.000000e+00
2.813000e+00 0.000000e+00 -3.741937e+03 -7.550397e+03 0.000000e+00 0.000000e+00 0.000000e+00 -5.475856e+02 -5.365498e+02 1.625424e+03 8.440181e+02 0.000000e+00 0.000000e+00 0.000000e+00 0.000000e+00 0.000000e+00 0.000000e+00 0.000000e+00 0.000000e+00 0.000000e+00
2.814000e+00 0.000000e+00 -3.743972e+03 -7.552613e+03 0.000000e+00 0.000000e+00 0.000000e+00 -5.482627e+02 -5.372288e+02 1.626258e+03 8.452109e+02 0.000000e+00 0.000000e+00 0.000000e+00 0.000000e+00 0.000000e+00 0.000000e+00 0.000000e+00 0.000000e+00 0.000000e+00
2.815000e+00 0.000000e+00 -3.745955e+03 -7.554672e+03 0.000000e+00 0.000000e+00 0.000000e+00 -5.489212e+02 -5.378894e+02 1.627085e+03 8.463757e+02 0.000000e+00 0.000000e+00 0.000000e+00 0.000000e+00 0.000000e+00 0.000000e+00 0.000000e+00 0.000000e+00 0.000000e+00
2.816000e+00 0.000000e+00 -3.747883e+03 -7.556572e+03 0.000000e+00 0.000000e+00 0.000000e+00 -5.495611e+02 -5.385314e+02 1.627906e+03 8.475121e+02 0.000000e+00 0.000000e+00 0.000000e+00 0.000000e+00 0.000000e+00 0.000000e+00 0.000000e+00 0.000000e+00 0.000000e+00
2.817000e+00 0.000000e+00 -3.749756e+03 -7.558311e+03 0.000000e+00 0.000000e+00 0.000000e+00 -5.501821e+02 -5.391548e+02 1.628721e+03 8.486200e+02 0.000000e+00 0.000000e+00 0.000000e+00 0.000000e+00 0.000000e+00 0.000000e+00 0.000000e+00 0.000000e+00 0.000000e+00
2.818000e+00 0.000000e+00 -3.751573e+03 -7.559889e+03 0.000000e+00 0.000000e+00 0.000000e+00 -5.507841e+02 -5.397594e+02 1.629529e+03 8.496992e+02 0.000000e+00 0.000000e+00 0.000000e+00 0.000000e+00 0.000000e+00 0.000000e+00 0.000000e+00 0.000000e+00 0.000000e+00
2.819000e+00 0.000000e+00 -3.753333e+03 -7.561304e+03 0.000000e+00 0.000000e+00 0.000000e+00 -5.513671e+02 -5.403450e+02 1.630331e+03 8.507495e+02 0.000000e+00 0.000000e+00 0.000000e+00 0.000000e+00 0.000000e+00 0.000000e+00 0.000000e+00 0.000000e+00 0.000000e+00
2.820000e+00 0.000000e+00 -3.755037e+03 -7.562555e+03 0.000000e+00 0.000000e+00 0.000000e+00 -5.519309e+02 -5.409117e+02 1.631126e+03 8.517706e+02 0.000000e+00 0.000000e+00 0.000000e+00 0.000000e+00 0.000000e+00 0.000000e+00 0.000000e+00 0.000000e+00 0.000000e+00
2.821000e+00 0.000000e+00 -3.756682e+03 -7.563641e+03 0.000000e+00 0.000000e+00 0.000000e+00 -5.524755e+02 -5.414592e+02 1.631914e+03 8.527625e+02 0.000000e+00 0.000000e+00 0.000000e+00 0.000000e+00 0.000000e+00 0.000000e+00 0.000000e+00 0.000000e+00 0.000000e+00
2.822000e+00 0.000000e+00 -3.758268e+03 -7.564561e+03 0.000000e+00 0.000000e+00 0.000000e+00 -5.530006e+02 -5.419875e+02 1.632695e+03 8.537248e+02 0.000000e+00 0.000000e+00 0.000000e+00 0.000000e+00 0.000000e+00 0.000000e+00 0.000000e+00 0.000000e+00 0.000000e+00
2.823000e+00 0.000000e+00 -3.759794e+03 -7.565314e+03 0.000000e+00 0.000000e+00 0.000000e+00 -5.535063e+02 -5.424964e+02 1.633469e+03 8.546575e+02 0.000000e+00 0.000000e+00 0.000000e+00 0.000000e+00 0.000000e+00 0.000000e+00 0.000000e+00 0.000000e+00 0.000000e+00
2.824000e+00 0.000000e+00 -3.761260e+03 -7.565900e+03 0.000000e+00 0.000000e+00 0.000000e+00 -5.539923e+02 -5.429859e+02 1.634235e+03 8.555604e+02 0.000000e+00 0.000000e+00 0.000000e+00 0.000000e+00 0.000000e+00 0.000000e+00 0.000000e+00 0.000000e+00 0.000000e+00
2.825000e+00 0.000000e+00 -3.762665e+03 -7.566316e+03 0.000000e+00 0.000000e+00 0.000000e+00 -5.544587e+02 -5.434559e+02 1.634994e+03 8.564333e+02 0.000000e+00 0.000000e+00 0.000000e+00 0.000000e+00 0.000000e+00 0.000000e+00 0.000000e+00 0.000000e+00 0.000000e+00
2.826000e+00 0.000000e+00 -3.764009e+03 -7.566563e+03 0.000000e+00 0.000000e+00 0.000000e+00 -5.549054e+02 -5.439062e+02 1.635746e+03 8.572761e+02 0.000000e+00 0.000000e+00 0.000000e+00 0.000000e+00 0.000000e+00 0.000000e+00 0.000000e+00 0.000000e+00 0.000000e+00
2.827000e+00 0.000000e+00 -3.765289e+03 -7.566640e+03 0.000000e+00 0.000000e+00 0.000000e+00 -5.553322e+02 -5.443369e+02 1.636490e+03 8.580887e+02 0.000000e+00 0.000000e+00 0.000000e+00 0.000000e+00 0.000000e+00 0.000000e+00 0.000000e+00 0.000000e+00 0.000000e+00
2.828000e+00 0.000000e+00 -3.766507e+03 -7.566546e+03 0.000000e+00 0.000000e+00 0.000000e+00 -5.557391e+02 -5.447478e+02 1.637227e+03 8.588708e+02 0.000000e+00 0.000000e+00 0.000000e+00 0.000000e+00 0.000000e+00 0.000000e+00 0.000000e+00 0.000000e+00 0.000000e+00
2.829000e+00 0.000000e+00 -3.767661e+03 -7.566281e+03 0.000000e+00 0.000000e+00 0.000000e+00 -5.561260e+02 -5.451389e+02 1.637955e+03 8.596224e+02 0.000000e+00 0.000000e+00 0.000000e+00 0.000000e+00 0.000000e+00 0.000000e+00 0.000000e+00 0.000000e+00 0.000000e+00
2.830000e+00 0.000000e+00 -3.768751e+03 -7.565844e+03 0.000000e+00 0.000000e+00 0.000000e+00 -5.564929e+02 -5.455101e+02 1.638676e+03 8.603434e+02 0.000000e+00 0.000000e+00 0.000000e+00 0.000000e+00 0.000000e+00 0.000000e+00 0.000000e+00 0.000000e+00 0.000000e+00
2.831000e+00 0.000000e+00 -3.769776e+03 -7.565235e+03 0.000000e+00 0.000000e+00 0.000000e+00 -5.568397e+02 -5.458614e+02 1.639388e+03 8.610337e+02 0.000000e+00 0.000000e+00 0.000000e+00 0.000000e+00 0.000000e+00 0.000000e+00 0.000000e+00 0.000000e+00 0.000000e+00
2.832000e+00 0.000000e+00 -3.770734e+03 -7.564454e+03 0.000000e+00 0.000000e+00 0.000000e+00 -5.571664e+02 -5.461927e+02 1.640093e+03 8.616931e+02 0.000000e+00 0.000000e+00 0.000000e+00 0.000000e+00 0.000000e+00 0.000000e+00 0.000000e+00 0.000000e+00 0.000000e+00
2.833000e+00 0.000000e+00 -3.771627e+03 -7.563501e+03 0.000000e+00 0.000000e+00 0.000000e+00 -5.574729e+02 -5.465040e+02 1.640789e+03 8.623217e+02 0.000000e+00 0.000000e+00 0.000000e+00 0.000000e+00 0.000000e+00 0.000000e+00 0.000000e+00 0.000000e+00 0.000000e+00
2.834000e+00 0.000000e+00 -3.772452e+03 -7.562375e+03 0.000000e+00 0.000000e+00 0.000000e+00 -5.577592e+02 -5.467953e+02 1.641477e+03 8.629192e+02 0.000000e+00 0.000000e+00 0.000000e+00 0.000000e+00 0.000000e+00 0.000000e+00 0.000000e+00 0.000000e+00 0.000000e+00
2.835000e+00 0.000000e+00 -3.773210e+03 -7.561077e+03 0.000000e+00 0.000000e+00 0.000000e+00 -5.580253e+02 -5.470665e+02 1.642156e+03 8.634856e+02 0.000000e+00 0.000000e+00 0.000000e+00 0.000000e+00 0.000000e+00 0.000000e+00 0.000000e+00 0.000000e+00 0.000000e+00
2.836000e+00 0.000000e+00 -3.773900e+03 -7.559606e+03 0.000000e+00 0.000000e+00 0.000000e+00 -5.582712e+02 -5.473176e+02 1.642827e+03 8.640210e+02 0.000000e+00 0.000000e+00 0.000000e+00 0.000000e+00 0.000000e+00 0.000000e+00 0.000000e+00 0.000000e+00 0.000000e+00
2.837000e+00 0.000000e+00 -3.774521e+03 -7.557963e+03 0.000000e+00 0.000000e+00 0.000000e+00 -5.584968e+02 -5.475486e+02 1.643489e+03 8.645251e+02 0.000000e+00 0.000000e+00 0.000000e+00 0.000000e+00 0.000000e+00 0.000000e+00 0.000000e+00 0.000000e+00 0.000000e+00
2.838000e+00 0.000000e+00 -3.775073e+03 -7.556148e+03 0.000000e+00 0.000000e+00 0.000000e+00 -5.587022e+02 -5.477594e+02 1.644142e+03 8.649980e+02 0.000000e+00 0.000000e+00 0.000000e+00 0.000000e+00 0.000000e+00 0.000000e+00 0.000000e+00 0.000000e+00 0.000000e+00
2.839000e+00 0.000000e+00 -3.775555e+03 -7.554161e+03 0.000000e+00 0.000000e+00 0.000000e+00 -5.588873e+02 -5.479502e+02 1.644786e+03 8.654397e+02 0.000000e+00 0.000000e+00 0.000000e+00 0.000000e+00 0.000000e+00 0.000000e+00 0.000000e+00 0.000000e+00 0.000000e+00
2.840000e+00 0.000000e+00 -3.775966e+03 -7.552003e+03 0.000000e+00 0.000000e+00 0.000000e+00 -5.590521e+02 -5.481208e+02 1.645422e+03 8.658500e+02 0.000000e+00 0.000000e+00 0.000000e+00 0.000000e+00 0.000000e+00 0.000000e+00 0.000000e+00 0.000000e+00 0.000000e+00
2.841000e+00 0.000000e+00 -3.776307e+03 -7.549673e+03 0.000000e+00 0.000000e+00 0.000000e+00 -5.591967e+02 -5.482714e+02 1.646048e+03 8.662291e+02 0.000000e+00 0.000000e+00 0.000000e+00 0.000000e+00 0.000000e+00 0.000000e+00 0.000000e+00 0.000000e+00 0.000000e+00
2.842000e+00 0.000000e+00 -3.776575e+03 -7.547173e+03 0.000000e+00 0.000000e+00 0.000000e+00 -5.593210e+02 -5.484018e+02 1.646665e+03 8.665768e+02 0.000000e+00 0.000000e+00 0.000000e+00 0.000000e+00 0.000000e+00 0.000000e+00 0.000000e+00 0.000000e+00 0.000000e+00
2.843000e+00 0.000000e+00 -3.776772e+03 -7.544503e+03 0.000000e+00 0.000000e+00 0.000000e+00 -5.594251e+02 -5.485122e+02 1.647273e+03 8.668931e+02 0.000000e+00 0.000000e+00 0.000000e+00 0.000000e+00 0.000000e+00 0.000000e+00 0.000000e+00 0.000000e+00 0.000000e+00
2.844000e+00 0.000000e+00 -3.776897e+03 -7.541664e+03 0.000000e+00 0.000000e+00 0.000000e+00 -5.595090e+02 -5.486025e+02 1.647872e+03 8.671781e+02 0.000000e+00 0.000000e+00 0.000000e+00 0.000000e+00 0.000000e+00 0.000000e+00 0.000000e+00 0.000000e+00 0.000000e+00
2.845000e+00 0.000000e+00 -3.776949e+03 -7.538656e+03 0.000000e+00 0.000000e+00 0.000000e+00 -5.595728e+02 -5.486727e+02 1.648461e+03 8.674318e+02 0.000000e+00 0.000000e+00 0.000000e+00 0.000000e+00 0.000000e+00 0.000000e+00 0.000000e+00 0.000000e+00 0.000000e+00
2.846000e+00 0.000000e+00 -3.776927e+03 -7.535480e+03 0.000000e+00 0.000000e+00 0.000000e+00 -5.596163e+02 -5.487230e+02 1.649041e+03 8.676541e+02 0.000000e+00 0.000000e+00 0.000000e+00 0.000000e+00 0.000000e+00 0.000000e+00 0.000000e+00 0.000000e+00 0.000000e+00
2.847000e+00 0.000000e+00 -3.776832e+03 -7.532138e+03 0.000000e+00 0.000000e+00 0.000000e+00 -5.596398e+02 -5.487533e+02 1.649611e+03 8.678451e+02 0.000000e+00 0.000000e+00 0.000000e+00 0.000000e+00 0.000000e+00 0.000000e+00 0.000000e+00 0.000000e+00 0.000000e+00
2.848000e+00 0.000000e+00 -3.776662e+03 -7.528629e+03 0.000000e+00 0.000000e+00 0.000000e+00 -5.596432e+02 -5.487636e+02 1.650171e+03 8.680048e+02 0.000000e+00 0.000000e+00 0.000000e+00 0.000000e+00 0.000000e+00 0.000000e+00 0.000000e+00 0.000000e+00 0.000000e+00
2.849000e+00 0.000000e+00 -3.776419e+03 -7.524955e+03 0.000000e+00 0.000000e+00 0.000000e+00 -5.596266e+02 -5.487541e+02 1.650722e+03 8.681333e+02 0.000000e+00 0.000000e+00 0.000000e+00 0.000000e+00 0.000000e+00 0.000000e+00 0.000000e+00 0.000000e+00 0.000000e+00
2.850000e+00 0.000000e+00 -3.776100e+03 -7.521117e+03 0.000000e+00 0.000000e+00 0.000000e+00 -5.595901e+02 -5.487248e+02 1.651263e+03 8.682306e+02 0.000000e+00 0.000000e+00 0.000000e+00 0.000000e+00 0.000000e+00 0.000000e+00 0.000000e+00 0.000000e+00 0.000000e+00
2.851000e+00 0.000000e+00 -3.775706e+03 -7.517116e+03 0.000000e+00 0.000000e+00 0.000000e+00 -5.595336e+02 -5.486757e+02 1.651795e+03 8.682968e+02 0.000000e+00 0.000000e+00 0.000000e+00 0.000000e+00 0.000000e+00 0.000000e+00 0.000000e+00 0.000000e+00 0.000000e+00
2.852000e+00 0.000000e+00 -3.775237e+03 -7.512953e+03 0.000000e+00 0.000000e+00 0.000000e+00 -5.594574e+02 -5.486070e+02 1.652316e+03 8.683319e+02 0.000000e+00 0.000000e+00 0.000000e+00 0.000000e+00 0.000000e+00 0.000000e+00 0.000000e+00 0.000000e+00 0.000000e+00
2.853000e+00 0.000000e+00 -3.774692e+03 -7.508631e+03 0.000000e+00 0.000000e+00 0.000000e+00 -5.593614e+02 -5.485186e+02 1.652827e+03 8.683359e+02 0.000000e+00 0.000000e+00 0.000000e+00 0.000000e+00 0.000000e+00 0.000000e+00 0.000000e+00 0.000000e+00 0.000000e+00
2.854000e+00 0.000000e+00 -3.774071e+03 -7.504149e+03 0.000000e+00 0.000000e+00 0.000000e+00 -5.592457e+02 -5.484107e+02 1.653328e+03 8.683091e+02 0.000000e+00 0.000000e+00 0.000000e+00 0.000000e+00 0.000000e+00 0.000000e+00 0.000000e+00 0.000000e+00 0.000000e+00
2.855000e+00 0.000000e+00 -3.773373e+03 -7.499510e+03 0.000000e+00 0.000000e+00 0.000000e+00 -5.591105e+02 -5.482834e+02 1.653819e+03 8.682515e+02 0.000000e+00 0.000000e+00 0.000000e+00 0.000000e+00 0.000000e+00 0.000000e+00 0.000000e+00 0.000000e+00 0.000000e+00
2.856000e+00 0.000000e+00 -3.772599e+03 -7.494715e+03 0.000000e+00 0.000000e+00 0.000000e+00 -5.589558e+02 -5.481367e+02 1.654300e+03 8.681631e+02 0.000000e+00 0.000000e+00 0.000000e+00 0.000000e+00 0.000000e+00 0.000000e+00 0.000000e+00 0.000000e+00 0.000000e+00
2.857000e+00 0.000000e+00 -3.771748e+03 -7.489765e+03 0.000000e+00 0.000000e+00 0.000000e+00 -5.587817e+02 -5.479708e+02 1.654771e+03 8.680442e+02 0.000000e+00 0.000000e+00 0.000000e+00 0.000000e+00 0.000000e+00 0.000000e+00 0.000000e+00 0.000000e+00 0.000000e+00
2.858000e+00 0.000000e+00 -3.770819e+03 -7.484663e+03 0.000000e+00 0.000000e+00 0.000000e+00 -5.585884e+02 -5.477857e+02 1.655232e+03 8.678947e+02 0.000000e+00 0.000000e+00 0.000000e+00 0.000000e+00 0.000000e+00 0.000000e+00 0.000000e+00 0.000000e+00 0.000000e+00
2.859000e+00 0.000000e+00 -3.769814e+03 -7.479410e+03 0.000000e+00 0.000000e+00 0.000000e+00 -5.583759e+02 -5.475817e+02 1.655682e+03 8.677149e+02 0.000000e+00 0.000000e+00 0.000000e+00 0.000000e+00 0.000000e+00 0.000000e+00 0.000000e+00 0.000000e+00 0.000000e+00
2.860000e+00 0.000000e+00 -3.768730e+03 -7.474008e+03 0.000000e+00 0.000000e+00 0.000000e+00 -5.581444e+02 -5.473587e+02 1.656121e+03 8.675049e+02 0.000000e+00 0.000000e+00 0.000000e+00 0.000000e+00 0.000000e+00 0.000000e+00 0.000000e+00 0.000000e+00 0.000000e+00
2.861000e+00 0.000000e+00 -3.767569e+03 -7.468458e+03 0.000000e+00 0.000000e+00 0.000000e+00 -5.578940e+02 -5.471169e+02 1.656551e+03 8.672648e+02 0.000000e+00 0.000000e+00 0.000000e+00 0.000000e+00 0.000000e+00 0.000000e+00 0.000000e+00 0.000000e+00 0.000000e+00
2.862000e+00 0.000000e+00 -3.766330e+03 -7.462763e+03 0.000000e+00 0.000000e+00 0.000000e+00 -5.576248e+02 -5.468565e+02 1.656970e+03 8.669948e+02 0.000000e+00 0.000000e+00 0.000000e+00 0.000000e+00 0.000000e+00 0.000000e+00 0.000000e+00 0.000000e+00 0.000000e+00
2.863000e+00 0.000000e+00 -3.765014e+03 -7.456925e+03 0.000000e+00 0.000000e+00 0.000000e+00 -5.573370e+02 -5.465776e+02 1.657378e+03 8.666950e+02 0.000000e+00 0.000000e+00 0.000000e+00 0.000000e+00 0.000000e+00 0.000000e+00 0.000000e+00 0.000000e+00 0.000000e+00
2.864000e+00 0.000000e+00 -3.763619e+03 -7.450946e+03 0.000000e+00 0.000000e+00 0.000000e+00 -5.570307e+02 -5.462803e+02 1.657776e+03 8.663657e+02 0.000000e+00 0.000000e+00 0.000000e+00 0.000000e+00 0.000000e+00 0.000000e+00 0.000000e+00 0.000000e+00 0.000000e+00
2.865000e+00 0.000000e+00 -3.762146e+03 -7.444827e+03 0.000000e+00 0.000000e+00 0.000000e+00 -5.567060e+02 -5.459648e+02 1.658163e+03 8.660069e+02 0.000000e+00 0.000000e+00 0.000000e+00 0.000000e+00 0.000000e+00 0.000000e+00 0.000000e+00 0.000000e+00 0.000000e+00
2.866000e+00 0.000000e+00 -3.760595e+03 -7.438571e+03 0.000000e+00 0.000000e+00 0.000000e+00 -5.563631e+02 -5.456311e+02 1.658540e+03 8.656189e+02 0.000000e+00 0.000000e+00 0.000000e+00 0.000000e+00 0.000000e+00 0.000000e+00 0.000000e+00 0.000000e+00 0.000000e+00
2.867000e+00 0.000000e+00 -3.758965e+03 -7.432180e+03 0.000000e+00 0.000000e+00 0.000000e+00 -5.560021e+02 -5.452795e+02 1.658906e+03 8.652019e+02 0.000000e+00 0.000000e+00 0.000000e+00 0.000000e+00 0.000000e+00 0.000000e+00 0.000000e+00 0.000000e+00 0.000000e+00
2.868000e+00 0.000000e+00 -3.757258e+03 -7.425657e+03 0.000000e+00 0.000000e+00 0.000000e+00 -5.556232e+02 -5.449102e+02 1.659261e+03 8.647560e+02 0.000000e+00 0.000000e+00 0.000000e+00 0.000000e+00 0.000000e+00 0.000000e+00 0.000000e+00 0.000000e+00 0.000000e+00
2.869000e+00 0.000000e+00 -3.755473e+03 -7.419003e+03 0.000000e+00 0.000000e+00 0.000000e+00 -5.552267e+02 -5.445232e+02 1.659606e+03 8.642815e+02 0.000000e+00 0.000000e+00 0.000000e+00 0.000000e+00 0.000000e+00 0.000000e+00 0.000000e+00 0.000000e+00 0.000000e+00
2.870000e+00 0.000000e+00 -3.753610e+03 -7.412221e+03 0.000000e+00 0.000000e+00 0.000000e+00 -5.548125e+02 -5.441187e+02 1.659940e+03 8.637786e+02 0.000000e+00 0.000000e+00 0.000000e+00 0.000000e+00 0.000000e+00 0.000000e+00 0.000000e+00 0.000000e+00 0.000000e+00
2.871000e+00 0.000000e+00 -3.751669e+03 -7.405314e+03 0.000000e+00 0.000000e+00 0.000000e+00 -5.543810e+02 -5.436970e+02 1.660263e+03 8.632475e+02 0.000000e+00 0.000000e+00 0.000000e+00 0.000000e+00 0.000000e+00 0.000000e+00 0.000000e+00 0.000000e+00 0.000000e+00
2.872000e+00 0.000000e+00 -3.749650e+03 -7.398284e+03 0.000000e+00 0.000000e+00 0.000000e+00 -5.539322e+02 -5.432581e+02 1.660576e+03 8.626884e+02 0.000000e+00 0.000000e+00 0.000000e+00 0.000000e+00 0.000000e+00 0.000000e+00 0.000000e+00 0.000000e+00 0.000000e+00
2.873000e+00 0.000000e+00 -3.747554e+03 -7.391134e+03 0.000000e+00 0.000000e+00 0.000000e+00 -5.534665e+02 -5.428024e+02 1.660878e+03 8.621017e+02 0.000000e+00 0.000000e+00 0.000000e+00 0.000000e+00 0.000000e+00 0.000000e+00 0.000000e+00 0.000000e+00 0.000000e+00
2.874000e+00 0.000000e+00 -3.745380e+03 -7.383865e+03 0.000000e+00 0.000000e+00 0.000000e+00 -5.529839e+02 -5.423300e+02 1.661170e+03 8.614876e+02 0.000000e+00 0.000000e+00 0.000000e+00 0.000000e+00 0.000000e+00 0.000000e+00 0.000000e+00 0.000000e+00 0.000000e+00
2.875000e+00 0.000000e+00 -3.743129e+03 -7.376482e+03 0.000000e+00 0.000000e+00 0.000000e+00 -5.524847e+02 -5.418410e+02 1.661450e+03 8.608463e+02 0.000000e+00 0.000000e+00 0.000000e+00 0.000000e+00 0.000000e+00 0.000000e+00 0.000000e+00 0.000000e+00 0.000000e+00
2.876000e+00 0.000000e+00 -3.740801e+03 -7.368987e+03 0.000000e+00 0.000000e+00 0.000000e+00 -5.519691e+02 -5.413357e+02 1.661720e+03 8.601781e+02 0.000000e+00 0.000000e+00 0.000000e+00 0.000000e+00 0.000000e+00 0.000000e+00 0.000000e+00 0.000000e+00 0.000000e+00
2.877000e+00 0.000000e+00 -3.738396e+03 -7.361382e+03 0.000000e+00 0.000000e+00 0.000000e+00 -5.514374e+02 -5.408144e+02 1.661980e+03 8.594833e+02 0.000000e+00 0.000000e+00 0.000000e+00 0.000000e+00 0.000000e+00 0.000000e+00 0.000000e+00 0.000000e+00 0.000000e+00
2.878000e+00 0.000000e+00 -3.735915e+03 -7.353671e+03 0.000000e+00 0.000000e+00 0.000000e+00 -5.508896e+02 -5.402772e+02 1.662228e+03 8.587622e+02 0.000000e+00 0.000000e+00 0.000000e+00 0.000000e+00 0.000000e+00 0.000000e+00 0.000000e+00 0.000000e+00 0.000000e+00
2.879000e+00 0.000000e+00 -3.733358e+03 -7.345856e+03 0.000000e+00 0.000000e+00 0.000000e+00 -5.503262e+02 -5.397243e+02 1.662466e+03 8.580151e+02 0.000000e+00 0.000000e+00 0.000000e+00 0.000000e+00 0.000000e+00 0.000000e+00 0.000000e+00 0.000000e+00 0.000000e+00
2.880000e+00 0.000000e+00 -3.730725e+03 -7.337940e+03 0.000000e+00 0.000000e+00 0.000000e+00 -5.497472e+02 -5.391560e+02 1.662694e+03 8.572424e+02 0.000000e+00 0.000000e+00 0.000000e+00 0.000000e+00 0.000000e+00 0.000000e+00 0.000000e+00 0.000000e+00 0.000000e+00
2.881000e+00 0.000000e+00 -3.728016e+03 -7.329926e+03 0.000000e+00 0.000000e+00 0.000000e+00 -5.491529e+02 -5.385725e+02 1.662911e+03 8.564443e+02 0.000000e+00 0.000000e+00 0.000000e+00 0.000000e+00 0.000000e+00 0.000000e+00 0.000000e+00 0.000000e+00 0.000000e+00
2.882000e+00 0.000000e+00 -3.725233e+03 -7.321818e+03 0.000000e+00 0.000000e+00 0.000000e+00 -5.485436e+02 -5.379740e+02 1.663117e+03 8.556212e+02 0.000000e+00 0.000000e+00 0.000000e+00 0.000000e+00 0.000000e+00 0.000000e+00 0.000000e+00 0.000000e+00 0.000000e+00
2.883000e+00 0.000000e+00 -3.722375e+03 -7.313618e+03 0.000000e+00 0.000000e+00 0.000000e+00 -5.479195e+02 -5.373609e+02 1.663313e+03 8.547734e+02 0.000000e+00 0.000000e+00 0.000000e+00 0.000000e+00 0.000000e+00 0.000000e+00 0.000000e+00 0.000000e+00 0.000000e+00
2.884000e+00 0.000000e+00 -3.719442e+03 -7.305329e+03 0.000000e+00 0.000000e+00 0.000000e+00 -5.472808e+02 -5.367332e+02 1.663498e+03 8.539013e+02 0.000000e+00 0.000000e+00 0.000000e+00 0.000000e+00 0.000000e+00 0.000000e+00 0.000000e+00 0.000000e+00 0.000000e+00
2.885000e+00 0.000000e+00 -3.716437e+03 -7.296955e+03 0.000000e+00 0.000000e+00 0.000000e+00 -5.466278e+02 -5.360914e+02 1.663673e+03 8.530052e+02 0.000000e+00 0.000000e+00 0.000000e+00 0.000000e+00 0.000000e+00 0.000000e+00 0.000000e+00 0.000000e+00 0.000000e+00
2.886000e+00 0.000000e+00 -3.713358e+03 -7.288499e+03 0.000000e+00 0.000000e+00 0.000000e+00 -5.459608e+02 -5.354356e+02 1.663838e+03 8.520854e+02 0.000000e+00 0.000000e+00 0.000000e+00 0.000000e+00 0.000000e+00 0.000000e+00 0.000000e+00 0.000000e+00 0.000000e+00
2.887000e+00 0.000000e+00 -3.710207e+03 -7.279964e+03 0.000000e+00 0.000000e+00 0.000000e+00 -5.452800e+02 -5.347660e+02 1.663992e+03 8.511424e+02 0.000000e+00 0.000000e+00 0.000000e+00 0.000000e+00 0.000000e+00 0.000000e+00 0.000000e+00 0.000000e+00 0.000000e+00
2.888000e+00 0.000000e+00 -3.706984e+03 -7.271352e+03 0.000000e+00 0.000000e+00 0.000000e+00 -5.445857e+02 -5.340830e+02 1.664137e+03 8.501766e+02 0.000000e+00 0.000000e+00 0.000000e+00 0.000000e+00 0.000000e+00 0.000000e+00 0.000000e+00 0.000000e+00 0.000000e+00
2.889000e+00 0.000000e+00 -3.703690e+03 -7.262669e+03 0.000000e+00 0.000000e+00 0.000000e+00 -5.438781e+02 -5.333869e+02 1.664270e+03 8.491883e+02 0.000000e+00 0.000000e+00 0.000000e+00 0.000000e+00 0.000000e+00 0.000000e+00 0.000000e+00 0.000000e+00 0.000000e+00
2.890000e+00 0.000000e+00 -3.700325e+03 -7.253916e+03 0.000000e+00 0.000000e+00 0.000000e+00 -5.431575e+02 -5.326778e+02 1.664394e+03 8.481779e+02 0.000000e+00 0.000000e+00 0.000000e+00 0.000000e+00 0.000000e+00 0.000000e+00 0.000000e+00 0.000000e+00 0.000000e+00
2.891000e+00 0.000000e+00 -3.696891e+03 -7.245098e+03 0.000000e+00 0.000000e+00 0.000000e+00 -5.424243e+02 -5.319561e+02 1.664508e+03 8.471458e+02 0.000000e+00 0.000000e+00 0.000000e+00 0.000000e+00 0.000000e+00 0.000000e+00 0.000000e+00 0.000000e+00 0.000000e+00
2.892000e+00 0.000000e+00 -3.693387e+03 -7.236217e+03 0.000000e+00 0.000000e+00 0.000000e+00 -5.416786e+02 -5.312220e+02 1.664612e+03 8.460926e+02 0.000000e+00 0.000000e+00 0.000000e+00 0.000000e+00 0.000000e+00 0.000000e+00 0.000000e+00 0.000000e+00 0.000000e+00
2.893000e+00 0.000000e+00 -3.689816e+03 -7.227277e+03 0.000000e+00 0.000000e+00 0.000000e+00 -5.409209e+02 -5.304759e+02 1.664706e+03 8.450185e+02 0.000000e+00 0.000000e+00 0.000000e+00 0.000000e+00 0.000000e+00 0.000000e+00 0.000000e+00 0.000000e+00 0.000000e+00
2.894000e+00 0.000000e+00 -3.686177e+03 -7.218282e+03 0.000000e+00 0.000000e+00 0.000000e+00 -5.401513e+02 -5.297181e+02 1.664790e+03 8.439240e+02 0.000000e+00 0.000000e+00 0.000000e+00 0.000000e+00 0.000000e+00 0.000000e+00 0.000000e+00 0.000000e+00 0.000000e+00
2.895000e+00 0.000000e+00 -3.682471e+03 -7.209235e+03 0.000000e+00 0.000000e+00 0.000000e+00 -5.393701e+02 -5.289487e+02 1.664865e+03 8.428096e+02 0.000000e+00 0.000000e+00 0.000000e+00 0.000000e+00 0.000000e+00 0.000000e+00 0.000000e+00 0.000000e+00 0.000000e+00
2.896000e+00 0.000000e+00 -3.678700e+03 -7.200139e+03 0.000000e+00 0.000000e+00 0.000000e+00 -5.385778e+02 -5.281683e+02 1.664930e+03 8.416758e+02 0.000000e+00 0.000000e+00 0.000000e+00 0.000000e+00 0.000000e+00 0.000000e+00 0.000000e+00 0.000000e+00 0.000000e+00
2.897000e+00 0.000000e+00 -3.674864e+03 -7.190999e+03 0.000000e+00 0.000000e+00 0.000000e+00 -5.377746e+02 -5.273769e+02 1.664986e+03 8.405230e+02 0.000000e+00 0.000000e+00 0.000000e+00 0.000000e+00 0.000000e+00 0.000000e+00 0.000000e+00 0.000000e+00 0.000000e+00
2.898000e+00 0.000000e+00 -3.670964e+03 -7.181817e+03 0.000000e+00 0.000000e+00 0.000000e+00 -5.369608e+02 -5.265751e+02 1.665032e+03 8.393516e+02 0.000000e+00 0.000000e+00 0.000000e+00 0.000000e+00 0.000000e+00 0.000000e+00 0.000000e+00 0.000000e+00 0.000000e+00
2.899000e+00 0.000000e+00 -3.667002e+03 -7.172598e+03 0.000000e+00 0.000000e+00 0.000000e+00 -5.361367e+02 -5.257630e+02 1.665069e+03 8.381622e+02 0.000000e+00 0.000000e+00 0.000000e+00 0.000000e+00 0.000000e+00 0.000000e+00 0.000000e+00 0.000000e+00 0.000000e+00
2.900000e+00 0.000000e+00 -3.662977e+03 -7.163345e+03 0.000000e+00 0.000000e+00 0.000000e+00 -5.353027e+02 -5.249411e+02 1.665097e+03 8.369553e+02 0.000000e+00 0.000000e+00 0.000000e+00 0.000000e+00 0.000000e+00 0.000000e+00 0.000000e+00 0.000000e+00 0.000000e+00
2.901000e+00 0.000000e+00 -3.658892e+03 -7.154062e+03 0.000000e+00 0.000000e+00 0.000000e+00 -5.344591e+02 -5.241095e+02 1.665116e+03 8.357314e+02 0.000000e+00 0.000000e+00 0.000000e+00 0.000000e+00 0.000000e+00 0.000000e+00 0.000000e+00 0.000000e+00 0.000000e+00
2.902000e+00 0.000000e+00 -3.654747e+03 -7.144752e+03 0.000000e+00 0.000000e+00 0.000000e+00 -5.336062e+02 -5.232688e+02 1.665126e+03 8.344909e+02 0.000000e+00 0.000000e+00 0.000000e+00 0.000000e+00 0.000000e+00 0.000000e+00 0.000000e+00 0.000000e+00 0.000000e+00
2.903000e+00 0.000000e+00 -3.650544e+03 -7.135419e+03 0.000000e+00 0.000000e+00 0.000000e+00 -5.327444e+02 -5.224191e+02 1.665127e+03 8.332344e+02 0.000000e+00 0.000000e+00 0.000000e+00 0.000000e+00 0.000000e+00 0.000000e+00 0.000000e+00 0.000000e+00 0.000000e+00
2.904000e+00 0.000000e+00 -3.646283e+03 -7.126066e+03 0.000000e+00 0.000000e+00 0.000000e+00 -5.318739e+02 -5.215609e+02 1.665120e+03 8.319624e+02 0.000000e+00 0.000000e+00 0.000000e+00 0.000000e+00 0.000000e+00 0.000000e+00 0.000000e+00 0.000000e+00 0.000000e+00
2.905000e+00 0.000000e+00 -3.641966e+03 -7.116699e+03 0.000000e+00 0.000000e+00 0.000000e+00 -5.309952e+02 -5.206944e+02 1.665105e+03 8.306755e+02 0.000000e+00 0.000000e+00 0.000000e+00 0.000000e+00 0.000000e+00 0.000000e+00 0.000000e+00 0.000000e+00 0.000000e+00
2.906000e+00 0.000000e+00 -3.637595e+03 -7.107319e+03 0.000000e+00 0.000000e+00 0.000000e+00 -5.301085e+02 -5.198200e+02 1.665081e+03 8.293741e+02 0.000000e+00 0.000000e+00 0.000000e+00 0.000000e+00 0.000000e+00 0.000000e+00 0.000000e+00 0.000000e+00 0.000000e+00
2.907000e+00 0.000000e+00 -3.633170e+03 -7.097931e+03 0.000000e+00 0.000000e+00 0.000000e+00 -5.292142e+02 -5.189380e+02 1.665049e+03 8.280588e+02 0.000000e+00 0.000000e+00 0.000000e+00 0.000000e+00 0.000000e+00 0.000000e+00 0.000000e+00 0.000000e+00 0.000000e+00
2.908000e+00 0.000000e+00 -3.628692e+03 -7.088538e+03 0.000000e+00 0.000000e+00 0.000000e+00 -5.283127e+02 -5.180488e+02 1.665010e+03 8.267303e+02 0.000000e+00 0.000000e+00 0.000000e+00 0.000000e+00 0.000000e+00 0.000000e+00 0.000000e+00 0.000000e+00 0.000000e+00
2.909000e+00 0.000000e+00 -3.624164e+03 -7.079145e+03 0.000000e+00 0.000000e+00 0.000000e+00 -5.274043e+02 -5.171528e+02 1.664962e+03 8.253890e+02 0.000000e+00 0.000000e+00 0.000000e+00 0.000000e+00 0.000000e+00 0.000000e+00 0.000000e+00 0.000000e+00 0.000000e+00
2.910000e+00 0.000000e+00 -3.619587e+03 -7.069755e+03 0.000000e+00 0.000000e+00 0.000000e+00 -5.264894e+02 -5.162503e+02 1.664907e+03 8.240355e+02 0.000000e+00 0.000000e+00 0.000000e+00 0.000000e+00 0.000000e+00 0.000000e+00 0.000000e+00 0.000000e+00 0.000000e+00
2.911000e+00 0.000000e+00 -3.614961e+03 -7.060372e+03 0.000000e+00 0.000000e+00 0.000000e+00 -5.255683e+02 -5.153416e+02 1.664845e+03 8.226704e+02 0.000000e+00 0.000000e+00 0.000000e+00 0.000000e+00 0.000000e+00 0.000000e+00 0.000000e+00 0.000000e+00 0.000000e+00
2.912000e+00 0.000000e+00 -3.610289e+03 -7.050999e+03 0.000000e+00 0.000000e+00 0.000000e+00 -5.246414e+02 -5.144271e+02 1.664775e+03 8.212943e+02 0.000000e+00 0.000000e+00 0.000000e+00 0.000000e+00 0.000000e+00 0.000000e+00 0.000000e+00 0.000000e+00 0.000000e+00
2.913000e+00 0.000000e+00 -3.605572e+03 -7.041641e+03 0.000000e+00 0.000000e+00 0.000000e+00 -5.237091e+02 -5.135073e+02 1.664699e+03 8.199078e+02 0.000000e+00 0.000000e+00 0.000000e+00 0.000000e+00 0.000000e+00 0.000000e+00 0.000000e+00 0.000000e+00 0.000000e+00
2.914000e+00 0.000000e+00 -3.600812e+03 -7.032300e+03 0.000000e+00 0.000000e+00 0.000000e+00 -5.227717e+02 -5.125823e+02 1.664616e+03 8.185114e+02 0.000000e+00 0.000000e+00 0.000000e+00 0.000000e+00 0.000000e+00 0.000000e+00 0.000000e+00 0.000000e+00 0.000000e+00
2.915000e+00 0.000000e+00 -3.596010e+03 -7.022982e+03 0.000000e+00 0.000000e+00 0.000000e+00 -5.218296e+02 -5.116527e+02 1.664526e+03 8.171059e+02 0.000000e+00 0.000000e+00 0.000000e+00 0.000000e+00 0.000000e+00 0.000000e+00 0.000000e+00 0.000000e+00 0.000000e+00
2.916000e+00 0.000000e+00 -3.591167e+03 -7.013689e+03 0.000000e+00 0.000000e+00 0.000000e+00 -5.208832e+02 -5.107188e+02 1.664430e+03 8.156918e+02 0.000000e+00 0.000000e+00 0.000000e+00 0.000000e+00 0.000000e+00 0.000000e+00 0.000000e+00 0.000000e+00 0.000000e+00
2.917000e+00 0.000000e+00 -3.586286e+03 -7.004426e+03 0.000000e+00 0.000000e+00 0.000000e+00 -5.199329e+02 -5.097809e+02 1.664328e+03 8.142697e+02 0.000000e+00 0.000000e+00 0.000000e+00 0.000000e+00 0.000000e+00 0.000000e+00 0.000000e+00 0.000000e+00 0.000000e+00
2.918000e+00 0.000000e+00 -3.581367e+03 -6.995196e+03 0.000000e+00 0.000000e+00 0.000000e+00 -5.189790e+02 -5.088395e+02 1.664220e+03 8.128403e+02 0.000000e+00 0.000000e+00 0.000000e+00 0.000000e+00 0.000000e+00 0.000000e+00 0.000000e+00 0.000000e+00 0.000000e+00
2.919000e+00 0.000000e+00 -3.576414e+03 -6.986003e+03 0.000000e+00 0.000000e+00 0.000000e+00 -5.180219e+02 -5.078950e+02 1.664106e+03 8.114043e+02 0.000000e+00 0.000000e+00 0.000000e+00 0.000000e+00 0.000000e+00 0.000000e+00 0.000000e+00 0.000000e+00 0.000000e+00
2.920000e+00 0.000000e+00 -3.571427e+03 -6.976851e+03 0.000000e+00 0.000000e+00 0.000000e+00 -5.170620e+02 -5.069476e+02 1.663987e+03 8.099622e+02 0.000000e+00 0.000000e+00 0.000000e+00 0.000000e+00 0.000000e+00 0.000000e+00 0.000000e+00 0.000000e+00 0.000000e+00
2.921000e+00 0.000000e+00 -3.566408e+03 -6.967744e+03 0.000000e+00 0.000000e+00 0.000000e+00 -5.160998e+02 -5.059978e+02 1.663863e+03 8.085147e+02 0.000000e+00 0.000000e+00 0.000000e+00 0.000000e+00 0.000000e+00 0.000000e+00 0.000000e+00 0.000000e+00 0.000000e+00
2.922000e+00 0.000000e+00 -3.561359e+03 -6.958684e+03 0.000000e+00 0.000000e+00 0.000000e+00 -5.151355e+02 -5.050461e+02 1.663734e+03 8.070625e+02 0.000000e+00 0.000000e+00 0.000000e+00 0.000000e+00 0.000000e+00 0.000000e+00 0.000000e+00 0.000000e+00 0.000000e+00
2.923000e+00 0.000000e+00 -3.556282e+03 -6.949677e+03 0.000000e+00 0.000000e+00 0.000000e+00 -5.141696e+02 -5.040927e+02 1.663600e+03 8.056062e+02 0.000000e+00 0.000000e+00 0.000000e+00 0.000000e+00 0.000000e+00 0.000000e+00 0.000000e+00 0.000000e+00 0.000000e+00
2.924000e+00 0.000000e+00 -3.551179e+03 -6.940725e+03 0.000000e+00 0.000000e+00 0.000000e+00 -5.132025e+02 -5.031380e+02 1.663462e+03 8.041465e+02 0.000000e+00 0.000000e+00 0.000000e+00 0.000000e+00 0.000000e+00 0.000000e+00 0.000000e+00 0.000000e+00 0.000000e+00
2.925000e+00 0.000000e+00 -3.546052e+03 -6.931832e+03 0.000000e+00 0.000000e+00 0.000000e+00 -5.122345e+02 -5.021825e+02 1.663320e+03 8.026841e+02 0.000000e+00 0.000000e+00 0.000000e+00 0.000000e+00 0.000000e+00 0.000000e+00 0.000000e+00 0.000000e+00 0.000000e+00
2.926000e+00 0.000000e+00 -3.540902e+03 -6.923002e+03 0.000000e+00 0.000000e+00 0.000000e+00 -5.112661e+02 -5.012266e+02 1.663174e+03 8.012196e+02 0.000000e+00 0.000000e+00 0.000000e+00 0.000000e+00 0.000000e+00 0.000000e+00 0.000000e+00 0.000000e+00 0.000000e+00
2.927000e+00 0.000000e+00 -3.535732e+03 -6.914239e+03 0.000000e+00 0.000000e+00 0.000000e+00 -5.102976e+02 -5.002705e+02 1.663024e+03 7.997538e+02 0.000000e+00 0.000000e+00 0.000000e+00 0.000000e+00 0.000000e+00 0.000000e+00 0.000000e+00 0.000000e+00 0.000000e+00
2.928000e+00 0.000000e+00 -3.530544e+03 -6.905546e+03 0.000000e+00 0.000000e+00 0.000000e+00 -5.093295e+02 -4.993148e+02 1.662871e+03 7.982872e+02 0.000000e+00 0.000000e+00 0.000000e+00 0.000000e+00 0.000000e+00 0.000000e+00 0.000000e+00 0.000000e+00 0.000000e+00
2.929000e+00 0.000000e+00 -3.525339e+03 -6.896926e+03 0.000000e+00 0.000000e+00 0.000000e+00 -5.083621e+02 -4.983598e+02 1.662715e+03 7.968207e+02 0.000000e+00 0.000000e+00 0.000000e+00 0.000000e+00 0.000000e+00 0.000000e+00 0.000000e+00 0.000000e+00 0.000000e+00
2.930000e+00 0.000000e+00 -3.520120e+03 -6.888384e+03 0.000000e+00 0.000000e+00 0.000000e+00 -5.073958e+02 -4.974059e+02 1.662556e+03 7.953548e+02 0.000000e+00 0.000000e+00 0.000000e+00 0.000000e+00 0.000000e+00 0.000000e+00 0.000000e+00 0.000000e+00 0.000000e+00
2.931000e+00 0.000000e+00 -3.514889e+03 -6.879923e+03 0.000000e+00 0.000000e+00 0.000000e+00 -5.064310e+02 -4.964535e+02 1.662395e+03 7.938904e+02 0.000000e+00 0.000000e+00 0.000000e+00 0.000000e+00 0.000000e+00 0.000000e+00 0.000000e+00 0.000000e+00 0.000000e+00
2.932000e+00 0.000000e+00 -3.509647e+03 -6.871546e+03 0.000000e+00 0.000000e+00 0.000000e+00 -5.054682e+02 -4.955030e+02 1.662232e+03 7.924281e+02 0.000000e+00 0.000000e+00 0.000000e+00 0.000000e+00 0.000000e+00 0.000000e+00 0.000000e+00 0.000000e+00 0.000000e+00
2.933000e+00 0.000000e+00 -3.504398e+03 -6.863257e+03 0.000000e+00 0.000000e+00 0.000000e+00 -5.045076e+02 -4.945548e+02 1.662067e+03 7.909685e+02 0.000000e+00 0.000000e+00 0.000000e+00 0.000000e+00 0.000000e+00 0.000000e+00 0.000000e+00 0.000000e+00 0.000000e+00
2.934000e+00 0.000000e+00 -3.499143e+03 -6.855060e+03 0.000000e+00 0.000000e+00 0.000000e+00 -5.035498e+02 -4.936092e+02 1.661901e+03 7.895125e+02 0.000000e+00 0.000000e+00 0.000000e+00 0.000000e+00 0.000000e+00 0.000000e+00 0.000000e+00 0.000000e+00 0.000000e+00
2.935000e+00 0.000000e+00 -3.493885e+03 -6.846957e+03 0.000000e+00 0.000000e+00 0.000000e+00 -5.025951e+02 -4.926668e+02 1.661733e+03 7.880607e+02 0.000000e+00 0.000000e+00 0.000000e+00 0.000000e+00 0.000000e+00 0.000000e+00 0.000000e+00 0.000000e+00 0.000000e+00
2.936000e+00 0.000000e+00 -3.488625e+03 -6.838952e+03 0.000000e+00 0.000000e+00 0.000000e+00 -5.016440e+02 -4.917279e+02 1.661565e+03 7.866139e+02 0.000000e+00 0.000000e+00 0.000000e+00 0.000000e+00 0.000000e+00 0.000000e+00 0.000000e+00 0.000000e+00 0.000000e+00
2.937000e+00 0.000000e+00 -3.483366e+03 -6.831049e+03 0.000000e+00 0.000000e+00 0.000000e+00 -5.006967e+02 -4.907928e+02 1.661396e+03 7.851727e+02 0.000000e+00 0.000000e+00 0.000000e+00 0.000000e+00 0.000000e+00 0.000000e+00 0.000000e+00 0.000000e+00 0.000000e+00
2.938000e+00 0.000000e+00 -3.478110e+03 -6.823251e+03 0.000000e+00 0.000000e+00 0.000000e+00 -4.997538e+02 -4.898620e+02 1.661227e+03 7.837380e+02 0.000000e+00 0.000000e+00 0.000000e+00 0.000000e+00 0.000000e+00 0.000000e+00 0.000000e+00 0.000000e+00 0.000000e+00
2.939000e+00 0.000000e+00 -3.472859e+03 -6.815561e+03 0.000000e+00 0.000000e+00 0.000000e+00 -4.988155e+02 -4.889359e+02 1.661058e+03 7.823103e+02 0.000000e+00 0.000000e+00 0.000000e+00 0.000000e+00 0.000000e+00 0.000000e+00 0.000000e+00 0.000000e+00 0.000000e+00
2.940000e+00 0.000000e+00 -3.467616e+03 -6.807983e+03 0.000000e+00 0.000000e+00 0.000000e+00 -4.978824e+02 -4.880148e+02 1.660890e+03 7.808905e+02 0.000000e+00 0.000000e+00 0.000000e+00 0.000000e+00 0.000000e+00 0.000000e+00 0.000000e+00 0.000000e+00 0.000000e+00
2.941000e+00 0.000000e+00 -3.462383e+03 -6.800519e+03 0.000000e+00 0.000000e+00 0.000000e+00 -4.969548e+02 -4.870992e+02 1.660723e+03 7.794793e+02 0.000000e+00 0.000000e+00 0.000000e+00 0.000000e+00 0.000000e+00 0.000000e+00 0.000000e+00 0.000000e+00 0.000000e+00
2.942000e+00 0.000000e+00 -3.457162e+03 -6.793173e+03 0.000000e+00 0.000000e+00 0.000000e+00 -4.960330e+02 -4.861895e+02 1.660556e+03 7.780774e+02 0.000000e+00 0.000000e+00 0.000000e+00 0.000000e+00 0.000000e+00 0.000000e+00 0.000000e+00 0.000000e+00 0.000000e+00
2.943000e+00 0.000000e+00 -3.451956e+03 -6.785948e+03 0.000000e+00 0.000000e+00 0.000000e+00 -4.951176e+02 -4.852860e+02 1.660392e+03 7.766855e+02 0.000000e+00 0.000000e+00 0.000000e+00 0.000000e+00 0.000000e+00 0.000000e+00 0.000000e+00 0.000000e+00 0.000000e+00
2.944000e+00 0.000000e+00 -3.446767e+03 -6.778847e+03 0.000000e+00 0.000000e+00 0.000000e+00 -4.942088e+02 -4.843891e+02 1.660229e+03 7.753043e+02 0.000000e+00 0.000000e+00 0.000000e+00 0.000000e+00 0.000000e+00 0.000000e+00 0.000000e+00 0.000000e+00 0.000000e+00
2.945000e+00 0.000000e+00 -3.441597e+03 -6.771873e+03 0.000000e+00 0.000000e+00 0.000000e+00 -4.933071e+02 -4.834992e+02 1.660069e+03 7.739346e+02 0.000000e+00 0.000000e+00 0.000000e+00 0.000000e+00 0.000000e+00 0.000000e+00 0.000000e+00 0.000000e+00 0.000000e+00
2.946000e+00 0.000000e+00 -3.436448e+03 -6.765029e+03 0.000000e+00 0.000000e+00 0.000000e+00 -4.924128e+02 -4.826167e+02 1.659911e+03 7.725771e+02 0.000000e+00 0.000000e+00 0.000000e+00 0.000000e+00 0.000000e+00 0.000000e+00 0.000000e+00 0.000000e+00 0.000000e+00
2.947000e+00 0.000000e+00 -3.431324e+03 -6.758318e+03 0.000000e+00 0.000000e+00 0.000000e+00 -4.915264e+02 -4.817420e+02 1.659756e+03 7.712325e+02 0.000000e+00 0.000000e+00 0.000000e+00 0.000000e+00 0.000000e+00 0.000000e+00 0.000000e+00 0.000000e+00 0.000000e+00
2.948000e+00 0.000000e+00 -3.426226e+03 -6.751743e+03 0.000000e+00 0.000000e+00 0.000000e+00 -4.906481e+02 -4.808755e+02 1.659604e+03 7.699015e+02 0.000000e+00 0.000000e+00 0.000000e+00 0.000000e+00 0.000000e+00 0.000000e+00 0.000000e+00 0.000000e+00 0.000000e+00
2.949000e+00 0.000000e+00 -3.421158e+03 -6.745307e+03 0.000000e+00 0.000000e+00 0.000000e+00 -4.897785e+02 -4.800175e+02 1.659457e+03 7.685850e+02 0.000000e+00 0.000000e+00 0.000000e+00 0.000000e+00 0.000000e+00 0.000000e+00 0.000000e+00 0.000000e+00 0.000000e+00
2.950000e+00 0.000000e+00 -3.416120e+03 -6.739012e+03 0.000000e+00 0.000000e+00 0.000000e+00 -4.889178e+02 -4.791684e+02 1.659313e+03 7.672835e+02 0.000000e+00 0.000000e+00 0.000000e+00 0.000000e+00 0.000000e+00 0.000000e+00 0.000000e+00 0.000000e+00 0.000000e+00
2.951000e+00 0.000000e+00 -3.411116e+03 -6.732861e+03 0.000000e+00 0.000000e+00 0.000000e+00 -4.880664e+02 -4.783285e+02 1.659174e+03 7.659978e+02 0.000000e+00 0.000000e+00 0.000000e+00 0.000000e+00 0.000000e+00 0.000000e+00 0.000000e+00 0.000000e+00 0.000000e+00
2.952000e+00 0.000000e+00 -3.406149e+03 -6.726858e+03 0.000000e+00 0.000000e+00 0.000000e+00 -4.872248e+02 -4.774984e+02 1.659040e+03 7.647287e+02 0.000000e+00 0.000000e+00 0.000000e+00 0.000000e+00 0.000000e+00 0.000000e+00 0.000000e+00 0.000000e+00 0.000000e+00
2.953000e+00 0.000000e+00 -3.401220e+03 -6.721004e+03 0.000000e+00 0.000000e+00 0.000000e+00 -4.863932e+02 -4.766782e+02 1.658911e+03 7.634768e+02 0.000000e+00 0.000000e+00 0.000000e+00 0.000000e+00 0.000000e+00 0.000000e+00 0.000000e+00 0.000000e+00 0.000000e+00
2.954000e+00 0.000000e+00 -3.396332e+03 -6.715302e+03 0.000000e+00 0.000000e+00 0.000000e+00 -4.855721e+02 -4.758684e+02 1.658788e+03 7.622428e+02 0.000000e+00 0.000000e+00 0.000000e+00 0.000000e+00 0.000000e+00 0.000000e+00 0.000000e+00 0.000000e+00 0.000000e+00
2.955000e+00 0.000000e+00 -3.391487e+03 -6.709754e+03 0.000000e+00 0.000000e+00 0.000000e+00 -4.847617e+02 -4.750694e+02 1.658671e+03 7.610275e+02 0.000000e+00 0.000000e+00 0.000000e+00 0.000000e+00 0.000000e+00 0.000000e+00 0.000000e+00 0.000000e+00 0.000000e+00
2.956000e+00 0.000000e+00 -3.386689e+03 -6.704364e+03 0.000000e+00 0.000000e+00 0.000000e+00 -4.839626e+02 -4.742814e+02 1.658560e+03 7.598315e+02 0.000000e+00 0.000000e+00 0.000000e+00 0.000000e+00 0.000000e+00 0.000000e+00 0.000000e+00 0.000000e+00 0.000000e+00
2.957000e+00 0.000000e+00 -3.381938e+03 -6.699134e+03 0.000000e+00 0.000000e+00 0.000000e+00 -4.831749e+02 -4.735049e+02 1.658456e+03 7.586556e+02 0.000000e+00 0.000000e+00 0.000000e+00 0.000000e+00 0.000000e+00 0.000000e+00 0.000000e+00 0.000000e+00 0.000000e+00
2.958000e+00 0.000000e+00 -3.377239e+03 -6.694065e+03 0.000000e+00 0.000000e+00 0.000000e+00 -4.823991e+02 -4.727402e+02 1.658359e+03 7.575005e+02 0.000000e+00 0.000000e+00 0.000000e+00 0.000000e+00 0.000000e+00 0.000000e+00 0.000000e+00 0.000000e+00 0.000000e+00
2.959000e+00 0.000000e+00 -3.372592e+03 -6.689160e+03 0.000000e+00 0.000000e+00 0.000000e+00 -4.816355e+02 -4.719876e+02 1.658270e+03 7.563668e+02 0.000000e+00 0.000000e+00 0.000000e+00 0.000000e+00 0.000000e+00 0.000000e+00 0.000000e+00 0.000000e+00 0.000000e+00
2.960000e+00 0.000000e+00 -3.368001e+03 -6.684421e+03 0.000000e+00 0.000000e+00 0.000000e+00 -4.808844e+02 -4.712475e+02 1.658189e+03 7.552552e+02 0.000000e+00 0.000000e+00 0.000000e+00 0.000000e+00 0.000000e+00 0.000000e+00 0.000000e+00 0.000000e+00 0.000000e+00
2.961000e+00 0.000000e+00 -3.363468e+03 -6.679851e+03 0.000000e+00 0.000000e+00 0.000000e+00 -4.801462e+02 -4.705202e+02 1.658116e+03 7.541664e+02 0.000000e+00 0.000000e+00 0.000000e+00 0.000000e+00 0.000000e+00 0.000000e+00 0.000000e+00 0.000000e+00 0.000000e+00
2.962000e+00 0.000000e+00 -3.358996e+03 -6.675452e+03 0.000000e+00 0.000000e+00 0.000000e+00 -4.794213e+02 -4.698060e+02 1.658052e+03 7.531011e+02 0.000000e+00 0.000000e+00 0.000000e+00 0.000000e+00 0.000000e+00 0.000000e+00 0.000000e+00 0.000000e+00 0.000000e+00
2.963000e+00 0.000000e+00 -3.354586e+03 -6.671225e+03 0.000000e+00 0.000000e+00 0.000000e+00 -4.787098e+02 -4.691053e+02 1.657997e+03 7.520599e+02 0.000000e+00 0.000000e+00 0.000000e+00 0.000000e+00 0.000000e+00 0.000000e+00 0.000000e+00 0.000000e+00 0.000000e+00
2.964000e+00 0.000000e+00 -3.350241e+03 -6.667172e+03 0.000000e+00 0.000000e+00 0.000000e+00 -4.780122e+02 -4.684183e+02 1.657952e+03 7.510435e+02 0.000000e+00 0.000000e+00 0.000000e+00 0.000000e+00 0.000000e+00 0.000000e+00 0.000000e+00 0.000000e+00 0.000000e+00
2.965000e+00 0.000000e+00 -3.345964e+03 -6.663295e+03 0.000000e+00 0.000000e+00 0.000000e+00 -4.773288e+02 -4.677455e+02 1.657916e+03 7.500526e+02 0.000000e+00 0.000000e+00 0.000000e+00 0.000000e+00 0.000000e+00 0.000000e+00 0.000000e+00 0.000000e+00 0.000000e+00
2.966000e+00 0.000000e+00 -3.341756e+03 -6.659597e+03 0.000000e+00 0.000000e+00 0.000000e+00 -4.766598e+02 -4.670870e+02 1.657891e+03 7.490877e+02 0.000000e+00 0.000000e+00 0.000000e+00 0.000000e+00 0.000000e+00 0.000000e+00 0.000000e+00 0.000000e+00 0.000000e+00
2.967000e+00 0.000000e+00 -3.337621e+03 -6.656078e+03 0.000000e+00 0.000000e+00 0.000000e+00 -4.760056e+02 -4.664433e+02 1.657877e+03 7.481495e+02 0.000000e+00 0.000000e+00 0.000000e+00 0.000000e+00 0.000000e+00 0.000000e+00 0.000000e+00 0.000000e+00 0.000000e+00
2.968000e+00 0.000000e+00 -3.333560e+03 -6.652741e+03 0.000000e+00 0.000000e+00 0.000000e+00 -4.753665e+02 -4.658146e+02 1.657874e+03 7.472387e+02 0.000000e+00 0.000000e+00 0.000000e+00 0.000000e+00 0.000000e+00 0.000000e+00 0.000000e+00 0.000000e+00 0.000000e+00
2.969000e+00 0.000000e+00 -3.329575e+03 -6.649587e+03 0.000000e+00 0.000000e+00 0.000000e+00 -4.747428e+02 -4.652011e+02 1.657882e+03 7.463558e+02 0.000000e+00 0.000000e+00 0.000000e+00 0.000000e+00 0.000000e+00 0.000000e+00 0.000000e+00 0.000000e+00 0.000000e+00
2.970000e+00 0.000000e+00 -3.325670e+03 -6.646617e+03 0.000000e+00 0.000000e+00 0.000000e+00 -4.741348e+02 -4.646033e+02 1.657902e+03 7.455015e+02 0.000000e+00 0.000000e+00 0.000000e+00 0.000000e+00 0.000000e+00 0.000000e+00 0.000000e+00 0.000000e+00 0.000000e+00
2.971000e+00 0.000000e+00 -3.321846e+03 -6.643833e+03 0.000000e+00 0.000000e+00 0.000000e+00 -4.735427e+02 -4.640213e+02 1.657934e+03 7.446764e+02 0.000000e+00 0.000000e+00 0.000000e+00 0.000000e+00 0.000000e+00 0.000000e+00 0.000000e+00 0.000000e+00 0.000000e+00
2.972000e+00 0.000000e+00 -3.318105e+03 -6.641237e+03 0.000000e+00 0.000000e+00 0.000000e+00 -4.729668e+02 -4.634555e+02 1.657979e+03 7.438810e+02 0.000000e+00 0.000000e+00 0.000000e+00 0.000000e+00 0.000000e+00 0.000000e+00 0.000000e+00 0.000000e+00 0.000000e+00
2.973000e+00 0.000000e+00 -3.314450e+03 -6.638829e+03 0.000000e+00 0.000000e+00 0.000000e+00 -4.724074e+02 -4.629060e+02 1.658037e+03 7.431160e+02 0.000000e+00 0.000000e+00 0.000000e+00 0.000000e+00 0.000000e+00 0.000000e+00 0.000000e+00 0.000000e+00 0.000000e+00
2.974000e+00 0.000000e+00 -3.310882e+03 -6.636612e+03 0.000000e+00 0.000000e+00 0.000000e+00 -4.718647e+02 -4.623733e+02 1.658108e+03 7.423818e+02 0.000000e+00 0.000000e+00 0.000000e+00 0.000000e+00 0.000000e+00 0.000000e+00 0.000000e+00 0.000000e+00 0.000000e+00
2.975000e+00 0.000000e+00 -3.307404e+03 -6.634585e+03 0.000000e+00 0.000000e+00 0.000000e+00 -4.713391e+02 -4.618574e+02 1.658193e+03 7.416791e+02 0.000000e+00 0.000000e+00 0.000000e+00 0.000000e+00 0.000000e+00 0.000000e+00 0.000000e+00 0.000000e+00 0.000000e+00
2.976000e+00 0.000000e+00 -3.304019e+03 -6.632750e+03 0.000000e+00 0.000000e+00 0.000000e+00 -4.708306e+02 -4.613587e+02 1.658293e+03 7.410084e+02 0.000000e+00 0.000000e+00 0.000000e+00 0.000000e+00 0.000000e+00 0.000000e+00 0.000000e+00 0.000000e+00 0.000000e+00
2.977000e+00 0.000000e+00 -3.300727e+03 -6.631108e+03 0.000000e+00 0.000000e+00 0.000000e+00 -4.703397e+02 -4.608774e+02 1.658406e+03 7.403702e+02 0.000000e+00 0.000000e+00 0.000000e+00 0.000000e+00 0.000000e+00 0.000000e+00 0.000000e+00 0.000000e+00 0.000000e+00
2.978000e+00 0.000000e+00 -3.297531e+03 -6.629660e+03 0.000000e+00 0.000000e+00 0.000000e+00 -4.698664e+02 -4.604137e+02 1.658535e+03 7.397651e+02 0.000000e+00 0.000000e+00 0.000000e+00 0.000000e+00 0.000000e+00 0.000000e+00 0.000000e+00 0.000000e+00 0.000000e+00
2.979000e+00 0.000000e+00 -3.294434e+03 -6.628406e+03 0.000000e+00 0.000000e+00 0.000000e+00 -4.694111e+02 -4.599679e+02 1.658679e+03 7.391935e+02 0.000000e+00 0.000000e+00 0.000000e+00 0.000000e+00 0.000000e+00 0.000000e+00 0.000000e+00 0.000000e+00 0.000000e+00
2.980000e+00 0.000000e+00 -3.291436e+03 -6.627348e+03 0.000000e+00 0.000000e+00 0.000000e+00 -4.689740e+02 -4.595401e+02 1.658838e+03 7.386559e+02 0.000000e+00 0.000000e+00 0.000000e+00 0.000000e+00 0.000000e+00 0.000000e+00 0.000000e+00 0.000000e+00 0.000000e+00
2.981000e+00 0.000000e+00 -3.288540e+03 -6.626486e+03 0.000000e+00 0.000000e+00 0.000000e+00 -4.685552e+02 -4.591306e+02 1.659013e+03 7.381529e+02 0.000000e+00 0.000000e+00 0.000000e+00 0.000000e+00 0.000000e+00 0.000000e+00 0.000000e+00 0.000000e+00 0.000000e+00
2.982000e+00 0.000000e+00 -3.285748e+03 -6.625821e+03 0.000000e+00 0.000000e+00 0.000000e+00 -4.681549e+02 -4.587396e+02 1.659204e+03 7.376848e+02 0.000000e+00 0.000000e+00 0.000000e+00 0.000000e+00 0.000000e+00 0.000000e+00 0.000000e+00 0.000000e+00 0.000000e+00
2.983000e+00 0.000000e+00 -3.283062e+03 -6.625353e+03 0.000000e+00 0.000000e+00 0.000000e+00 -4.677734e+02 -4.583672e+02 1.659412e+03 7.372522e+02 0.000000e+00 0.000000e+00 0.000000e+00 0.000000e+00 0.000000e+00 0.000000e+00 0.000000e+00 0.000000e+00 0.000000e+00
2.984000e+00 0.000000e+00 -3.280484e+03 -6.625082e+03 0.000000e+00 0.000000e+00 0.000000e+00 -4.674108e+02 -4.580137e+02 1.659637e+03 7.368555e+02 0.000000e+00 0.000000e+00 0.000000e+00 0.000000e+00 0.000000e+00 0.000000e+00 0.000000e+00 0.000000e+00 0.000000e+00
2.985000e+00 0.000000e+00 -3.278014e+03 -6.625009e+03 0.000000e+00 0.000000e+00 0.000000e+00 -4.670674e+02 -4.576792e+02 1.659880e+03 7.364950e+02 0.000000e+00 0.000000e+00 0.000000e+00 0.000000e+00 0.000000e+00 0.000000e+00 0.000000e+00 0.000000e+00 0.000000e+00
2.986000e+00 0.000000e+00 -3.275656e+03 -6.625134e+03 0.000000e+00 0.000000e+00 0.000000e+00 -4.667432e+02 -4.573639e+02 1.660139e+03 7.361713e+02 0.000000e+00 0.000000e+00 0.000000e+00 0.000000e+00 0.000000e+00 0.000000e+00 0.000000e+00 0.000000e+00 0.000000e+00
2.987000e+00 0.000000e+00 -3.273410e+03 -6.625457e+03 0.000000e+00 0.000000e+00 0.000000e+00 -4.664384e+02 -4.570680e+02 1.660417e+03 7.358847e+02 0.000000e+00 0.000000e+00 0.000000e+00 0.000000e+00 0.000000e+00 0.000000e+00 0.000000e+00 0.000000e+00 0.000000e+00
2.988000e+00 0.000000e+00 -3.271278e+03 -6.625979e+03 0.000000e+00 0.000000e+00 0.000000e+00 -4.661532e+02 -4.567915e+02 1.660713e+03 7.356355e+02 0.000000e+00 0.000000e+00 0.000000e+00 0.000000e+00 0.000000e+00 0.000000e+00 0.000000e+00 0.000000e+00 0.000000e+00
2.989000e+00 0.000000e+00 -3.269262e+03 -6.626699e+03 0.000000e+00 0.000000e+00 0.000000e+00 -4.658878e+02 -4.565347e+02 1.661027e+03 7.354243e+02 0.000000e+00 0.000000e+00 0.000000e+00 0.000000e+00 0.000000e+00 0.000000e+00 0.000000e+00 0.000000e+00 0.000000e+00
2.990000e+00 0.000000e+00 -3.267364e+03 -6.627618e+03 0.000000e+00 0.000000e+00 0.000000e+00 -4.656422e+02 -4.562977e+02 1.661361e+03 7.352512e+02 0.000000e+00 0.000000e+00 0.000000e+00 0.000000e+00 0.000000e+00 0.000000e+00 0.000000e+00 0.000000e+00 0.000000e+00
2.991000e+00 0.000000e+00 -3.265584e+03 -6.628734e+03 0.000000e+00 0.000000e+00 0.000000e+00 -4.654166e+02 -4.560806e+02 1.661713e+03 7.351166e+02 0.000000e+00 0.000000e+00 0.000000e+00 0.000000e+00 0.000000e+00 0.000000e+00 0.000000e+00 0.000000e+00 0.000000e+00
2.992000e+00 0.000000e+00 -3.263925e+03 -6.630049e+03 0.000000e+00 0.000000e+00 0.000000e+00 -4.652111e+02 -4.558835e+02 1.662085e+03 7.350209e+02 0.000000e+00 0.000000e+00 0.000000e+00 0.000000e+00 0.000000e+00 0.000000e+00 0.000000e+00 0.000000e+00 0.000000e+00
2.993000e+00 0.000000e+00 -3.262387e+03 -6.631561e+03 0.000000e+00 0.000000e+00 0.000000e+00 -4.650258e+02 -4.557066e+02 1.662476e+03 7.349644e+02 0.000000e+00 0.000000e+00 0.000000e+00 0.000000e+00 0.000000e+00 0.000000e+00 0.000000e+00 0.000000e+00 0.000000e+00
2.994000e+00 0.000000e+00 -3.260971e+03 -6.633270e+03 0.000000e+00 0.000000e+00 0.000000e+00 -4.648608e+02 -4.555498e+02 1.662887e+03 7.349472e+02 0.000000e+00 0.000000e+00 0.000000e+00 0.000000e+00 0.000000e+00 0.000000e+00 0.000000e+00 0.000000e+00 0.000000e+00
2.995000e+00 0.000000e+00 -3.259680e+03 -6.635176e+03 0.000000e+00 0.000000e+00 0.000000e+00 -4.647162e+02 -4.554134e+02 1.663319e+03 7.349698e+02 0.000000e+00 0.000000e+00 0.000000e+00 0.000000e+00 0.000000e+00 0.000000e+00 0.000000e+00 0.000000e+00 0.000000e+00
2.996000e+00 0.000000e+00 -3.258515e+03 -6.637278e+03 0.000000e+00 0.000000e+00 0.000000e+00 -4.645921e+02 -4.552974e+02 1.663771e+03 7.350323e+02 0.000000e+00 0.000000e+00 0.000000e+00 0.000000e+00 0.000000e+00 0.000000e+00 0.000000e+00 0.000000e+00 0.000000e+00
2.997000e+00 0.000000e+00 -3.257476e+03 -6.639576e+03 0.000000e+00 0.000000e+00 0.000000e+00 -4.644886e+02 -4.552018e+02 1.664244e+03 7.351350e+02 0.000000e+00 0.000000e+00 0.000000e+00 0.000000e+00 0.000000e+00 0.000000e+00 0.000000e+00 0.000000e+00 0.000000e+00
2.998000e+00 0.000000e+00 -3.256564e+03 -6.642068e+03 0.000000e+00 0.000000e+00 0.000000e+00 -4.644056e+02 -4.551268e+02 1.664737e+03 7.352780e+02 0.000000e+00 0.000000e+00 0.000000e+00 0.000000e+00 0.000000e+00 0.000000e+00 0.000000e+00 0.000000e+00 0.000000e+00
2.999000e+00 0.000000e+00 -3.255781e+03 -6.644754e+03 0.000000e+00 0.000000e+00 0.000000e+00 -4.643433e+02 -4.550723e+02 1.665252e+03 7.354616e+02 0.000000e+00 0.000000e+00 0.000000e+00 0.000000e+00 0.000000e+00 0.000000e+00 0.000000e+00 0.000000e+00 0.000000e+00
