0.000000e+00 0.000000e+00 -5.770560e+02 5.383076e+02 0.000000e+00 0.000000e+00 0.000000e+00 1.448544e+02 1.258856e+02 1.888270e+03 -1.791715e+02 0.000000e+00 0.000000e+00 0.000000e+00 0.000000e+00 0.000000e+00 0.000000e+00 0.000000e+00 0.000000e+00 0.000000e+00
1.000000e-03 0.000000e+00 -4.464783e+02 5.400396e+02 0.000000e+00 0.000000e+00 0.000000e+00 1.448915e+02 1.259077e+02 1.888100e+03 -1.792076e+02 0.000000e+00 0.000000e+00 0.000000e+00 0.000000e+00 0.000000e+00 0.000000e+00 0.000000e+00 0.000000e+00 0.000000e+00
2.000000e-03 0.000000e+00 -3.267646e+02 5.418554e+02 0.000000e+00 0.000000e+00 0.000000e+00 1.449104e+02 1.259128e+02 1.888153e+03 -1.792035e+02 0.000000e+00 0.000000e+00 0.000000e+00 0.000000e+00 0.000000e+00 0.000000e+00 0.000000e+00 0.000000e+00 0.000000e+00
3.000000e-03 0.000000e+00 -2.171610e+02 5.437555e+02 0.000000e+00 0.000000e+00 0.000000e+00 1.449114e+02 1.259012e+02 1.888426e+03 -1.791593e+02 0.000000e+00 0.000000e+00 0.000000e+00 0.000000e+00 0.000000e+00 0.000000e+00 0.000000e+00 0.000000e+00 0.000000e+00
4.000000e-03 0.000000e+00 -1.169572e+02 5.457404e+02 0.000000e+00 0.000000e+00 0.000000e+00 1.448948e+02 1.258729e+02 1.888918e+03 -1.790755e+02 0.000000e+00 0.000000e+00 0.000000e+00 0.000000e+00 0.000000e+00 0.000000e+00 0.000000e+00 0.000000e+00 0.000000e+00
5.000000e-03 0.000000e+00 -2.549177e+01 5.478102e+02 0.000000e+00 0.000000e+00 0.000000e+00 1.448607e+02 1.258283e+02 1.889629e+03 -1.789523e+02 0.000000e+00 0.000000e+00 0.000000e+00 0.000000e+00 0.000000e+00 0.000000e+00 0.000000e+00 0.000000e+00 0.000000e+00
6.000000e-03 0.000000e+00 5.785142e+01 5.499651e+02 0.000000e+00 0.000000e+00 0.000000e+00 1.448092e+02 1.257675e+02 1.890556e+03 -1.787901e+02 0.000000e+00 0.000000e+00 0.000000e+00 0.000000e+00 0.000000e+00 0.000000e+00 0.000000e+00 0.000000e+00 0.000000e+00
7.000000e-03 0.000000e+00 1.336525e+02 5.522051e+02 0.000000e+00 0.000000e+00 0.000000e+00 1.447407e+02 1.256906e+02 1.891698e+03 -1.785890e+02 0.000000e+00 0.000000e+00 0.000000e+00 0.000000e+00 0.000000e+00 0.000000e+00 0.000000e+00 0.000000e+00 0.000000e+00
8.000000e-03 0.000000e+00 2.024540e+02 5.545300e+02 0.000000e+00 0.000000e+00 0.000000e+00 1.446552e+02 1.255979e+02 1.893054e+03 -1.783495e+02 0.000000e+00 0.000000e+00 0.000000e+00 0.000000e+00 0.000000e+00 0.000000e+00 0.000000e+00 0.000000e+00 0.000000e+00
9.000000e-03 0.000000e+00 2.647563e+02 5.569398e+02 0.000000e+00 0.000000e+00 0.000000e+00 1.445529e+02 1.254893e+02 1.894622e+03 -1.780718e+02 0.000000e+00 0.000000e+00 0.000000e+00 0.000000e+00 0.000000e+00 0.000000e+00 0.000000e+00 0.000000e+00 0.000000e+00
1.000000e-02 0.000000e+00 3.210198e+02 5.594343e+02 0.000000e+00 0.000000e+00 0.000000e+00 1.444340e+02 1.253651e+02 1.896400e+03 -1.777561e+02 0.000000e+00 0.000000e+00 0.000000e+00 0.000000e+00 0.000000e+00 0.000000e+00 0.000000e+00 0.000000e+00 0.000000e+00
1.100000e-02 0.000000e+00 3.716771e+02 5.620130e+02 0.000000e+00 0.000000e+00 0.000000e+00 1.442985e+02 1.252254e+02 1.898387e+03 -1.774028e+02 0.000000e+00 0.000000e+00 0.000000e+00 0.000000e+00 0.000000e+00 0.000000e+00 0.000000e+00 0.000000e+00 0.000000e+00
1.200000e-02 0.000000e+00 4.171329e+02 5.646758e+02 0.000000e+00 0.000000e+00 0.000000e+00 1.441466e+02 1.250703e+02 1.900581e+03 -1.770121e+02 0.000000e+00 0.000000e+00 0.000000e+00 0.000000e+00 0.000000e+00 0.000000e+00 0.000000e+00 0.000000e+00 0.000000e+00
1.300000e-02 0.000000e+00 4.577633e+02 5.674223e+02 0.000000e+00 0.000000e+00 0.000000e+00 1.439785e+02 1.249000e+02 1.902980e+03 -1.765844e+02 0.000000e+00 0.000000e+00 0.000000e+00 0.000000e+00 0.000000e+00 0.000000e+00 0.000000e+00 0.000000e+00 0.000000e+00
1.400000e-02 0.000000e+00 4.939104e+02 5.702521e+02 0.000000e+00 0.000000e+00 0.000000e+00 1.437943e+02 1.247145e+02 1.905582e+03 -1.761200e+02 0.000000e+00 0.000000e+00 0.000000e+00 0.000000e+00 0.000000e+00 0.000000e+00 0.000000e+00 0.000000e+00 0.000000e+00
1.500000e-02 0.000000e+00 5.258877e+02 5.731647e+02 0.000000e+00 0.000000e+00 0.000000e+00 1.435941e+02 1.245140e+02 1.908385e+03 -1.756191e+02 0.000000e+00 0.000000e+00 0.000000e+00 0.000000e+00 0.000000e+00 0.000000e+00 0.000000e+00 0.000000e+00 0.000000e+00
1.600000e-02 0.000000e+00 5.539897e+02 5.761597e+02 0.000000e+00 0.000000e+00 0.000000e+00 1.433780e+02 1.242986e+02 1.911386e+03 -1.750822e+02 0.000000e+00 0.000000e+00 0.000000e+00 0.000000e+00 0.000000e+00 0.000000e+00 0.000000e+00 0.000000e+00 0.000000e+00
1.700000e-02 0.000000e+00 5.784920e+02 5.792367e+02 0.000000e+00 0.000000e+00 0.000000e+00 1.431461e+02 1.240685e+02 1.914585e+03 -1.745095e+02 0.000000e+00 0.000000e+00 0.000000e+00 0.000000e+00 0.000000e+00 0.000000e+00 0.000000e+00 0.000000e+00 0.000000e+00
1.800000e-02 0.000000e+00 5.996508e+02 5.823950e+02 0.000000e+00 0.000000e+00 0.000000e+00 1.428987e+02 1.238237e+02 1.917978e+03 -1.739014e+02 0.000000e+00 0.000000e+00 0.000000e+00 0.000000e+00 0.000000e+00 0.000000e+00 0.000000e+00 0.000000e+00 0.000000e+00
1.900000e-02 0.000000e+00 6.177022e+02 5.856343e+02 0.000000e+00 0.000000e+00 0.000000e+00 1.426358e+02 1.235643e+02 1.921562e+03 -1.732582e+02 0.000000e+00 0.000000e+00 0.000000e+00 0.000000e+00 0.000000e+00 0.000000e+00 0.000000e+00 0.000000e+00 0.000000e+00
2.000000e-02 0.000000e+00 6.328558e+02 5.889539e+02 0.000000e+00 0.000000e+00 0.000000e+00 1.423575e+02 1.232906e+02 1.925337e+03 -1.725804e+02 0.000000e+00 0.000000e+00 0.000000e+00 0.000000e+00 0.000000e+00 0.000000e+00 0.000000e+00 0.000000e+00 0.000000e+00
2.100000e-02 0.000000e+00 6.453069e+02 5.923532e+02 0.000000e+00 0.000000e+00 0.000000e+00 1.420640e+02 1.230027e+02 1.929299e+03 -1.718682e+02 0.000000e+00 0.000000e+00 0.000000e+00 0.000000e+00 0.000000e+00 0.000000e+00 0.000000e+00 0.000000e+00 0.000000e+00
2.200000e-02 0.000000e+00 6.552389e+02 5.958317e+02 0.000000e+00 0.000000e+00 0.000000e+00 1.417555e+02 1.227006e+02 1.933445e+03 -1.711222e+02 0.000000e+00 0.000000e+00 0.000000e+00 0.000000e+00 0.000000e+00 0.000000e+00 0.000000e+00 0.000000e+00 0.000000e+00
2.300000e-02 0.000000e+00 6.628239e+02 5.993887e+02 0.000000e+00 0.000000e+00 0.000000e+00 1.414320e+02 1.223845e+02 1.937773e+03 -1.703428e+02 0.000000e+00 0.000000e+00 0.000000e+00 0.000000e+00 0.000000e+00 0.000000e+00 0.000000e+00 0.000000e+00 0.000000e+00
2.400000e-02 0.000000e+00 6.682219e+02 6.030236e+02 0.000000e+00 0.000000e+00 0.000000e+00 1.410938e+02 1.220546e+02 1.942281e+03 -1.695302e+02 0.000000e+00 0.000000e+00 0.000000e+00 0.000000e+00 0.000000e+00 0.000000e+00 0.000000e+00 0.000000e+00 0.000000e+00
2.500000e-02 0.000000e+00 6.715811e+02 6.067357e+02 0.000000e+00 0.000000e+00 0.000000e+00 1.407409e+02 1.217110e+02 1.946965e+03 -1.686851e+02 0.000000e+00 0.000000e+00 0.000000e+00 0.000000e+00 0.000000e+00 0.000000e+00 0.000000e+00 0.000000e+00 0.000000e+00
2.600000e-02 0.000000e+00 6.730325e+02 6.105241e+02 0.000000e+00 0.000000e+00 0.000000e+00 1.403735e+02 1.213538e+02 1.951822e+03 -1.678077e+02 0.000000e+00 0.000000e+00 0.000000e+00 0.000000e+00 0.000000e+00 0.000000e+00 0.000000e+00 0.000000e+00 0.000000e+00
2.700000e-02 0.000000e+00 6.726946e+02 6.143883e+02 0.000000e+00 0.000000e+00 0.000000e+00 1.399918e+02 1.209832e+02 1.956850e+03 -1.668987e+02 0.000000e+00 0.000000e+00 0.000000e+00 0.000000e+00 0.000000e+00 0.000000e+00 0.000000e+00 0.000000e+00 0.000000e+00
2.800000e-02 0.000000e+00 6.706796e+02 6.183273e+02 0.000000e+00 0.000000e+00 0.000000e+00 1.395959e+02 1.205993e+02 1.962046e+03 -1.659584e+02 0.000000e+00 0.000000e+00 0.000000e+00 0.000000e+00 0.000000e+00 0.000000e+00 0.000000e+00 0.000000e+00 0.000000e+00
2.900000e-02 0.000000e+00 6.670932e+02 6.223403e+02 0.000000e+00 0.000000e+00 0.000000e+00 1.391861e+02 1.202024e+02 1.967406e+03 -1.649874e+02 0.000000e+00 0.000000e+00 0.000000e+00 0.000000e+00 0.000000e+00 0.000000e+00 0.000000e+00 0.000000e+00 0.000000e+00
3.000000e-02 0.000000e+00 6.620346e+02 6.264265e+02 0.000000e+00 0.000000e+00 0.000000e+00 1.387624e+02 1.197925e+02 1.972927e+03 -1.639861e+02 0.000000e+00 0.000000e+00 0.000000e+00 0.000000e+00 0.000000e+00 0.000000e+00 0.000000e+00 0.000000e+00 0.000000e+00
3.100000e-02 0.000000e+00 6.555968e+02 6.305848e+02 0.000000e+00 0.000000e+00 0.000000e+00 1.383250e+02 1.193698e+02 1.978605e+03 -1.629551e+02 0.000000e+00 0.000000e+00 0.000000e+00 0.000000e+00 0.000000e+00 0.000000e+00 0.000000e+00 0.000000e+00 0.000000e+00
3.200000e-02 0.000000e+00 6.478660e+02 6.348142e+02 0.000000e+00 0.000000e+00 0.000000e+00 1.378742e+02 1.189346e+02 1.984439e+03 -1.618949e+02 0.000000e+00 0.000000e+00 0.000000e+00 0.000000e+00 0.000000e+00 0.000000e+00 0.000000e+00 0.000000e+00 0.000000e+00
3.300000e-02 0.000000e+00 6.389185e+02 6.391137e+02 0.000000e+00 0.000000e+00 0.000000e+00 1.374101e+02 1.184870e+02 1.990423e+03 -1.608060e+02 0.000000e+00 0.000000e+00 0.000000e+00 0.000000e+00 0.000000e+00 0.000000e+00 0.000000e+00 0.000000e+00 0.000000e+00
3.400000e-02 0.000000e+00 6.288213e+02 6.434822e+02 0.000000e+00 0.000000e+00 0.000000e+00 1.369328e+02 1.180271e+02 1.996554e+03 -1.596889e+02 0.000000e+00 0.000000e+00 0.000000e+00 0.000000e+00 0.000000e+00 0.000000e+00 0.000000e+00 0.000000e+00 0.000000e+00
3.500000e-02 0.000000e+00 6.176385e+02 6.479183e+02 0.000000e+00 0.000000e+00 0.000000e+00 1.364427e+02 1.175551e+02 2.002829e+03 -1.585442e+02 0.000000e+00 0.000000e+00 0.000000e+00 0.000000e+00 0.000000e+00 0.000000e+00 0.000000e+00 0.000000e+00 0.000000e+00
3.600000e-02 0.000000e+00 6.054306e+02 6.524209e+02 0.000000e+00 0.000000e+00 0.000000e+00 1.359398e+02 1.170713e+02 2.009244e+03 -1.573726e+02 0.000000e+00 0.000000e+00 0.000000e+00 0.000000e+00 0.000000e+00 0.000000e+00 0.000000e+00 0.000000e+00 0.000000e+00
3.700000e-02 0.000000e+00 5.922555e+02 6.569886e+02 0.000000e+00 0.000000e+00 0.000000e+00 1.354243e+02 1.165758e+02 2.015795e+03 -1.561744e+02 0.000000e+00 0.000000e+00 0.000000e+00 0.000000e+00 0.000000e+00 0.000000e+00 0.000000e+00 0.000000e+00 0.000000e+00
3.800000e-02 0.000000e+00 5.781677e+02 6.616199e+02 0.000000e+00 0.000000e+00 0.000000e+00 1.348966e+02 1.160688e+02 2.022477e+03 -1.549504e+02 0.000000e+00 0.000000e+00 0.000000e+00 0.000000e+00 0.000000e+00 0.000000e+00 0.000000e+00 0.000000e+00 0.000000e+00
3.900000e-02 0.000000e+00 5.632188e+02 6.663133e+02 0.000000e+00 0.000000e+00 0.000000e+00 1.343567e+02 1.155506e+02 2.029288e+03 -1.537011e+02 0.000000e+00 0.000000e+00 0.000000e+00 0.000000e+00 0.000000e+00 0.000000e+00 0.000000e+00 0.000000e+00 0.000000e+00
4.000000e-02 0.000000e+00 5.474573e+02 6.710671e+02 0.000000e+00 0.000000e+00 0.000000e+00 1.338049e+02 1.150213e+02 2.036223e+03 -1.524272e+02 0.000000e+00 0.000000e+00 0.000000e+00 0.000000e+00 0.000000e+00 0.000000e+00 0.000000e+00 0.000000e+00 0.000000e+00
4.100000e-02 0.000000e+00 5.309258e+02 6.758797e+02 0.000000e+00 0.000000e+00 0.000000e+00 1.332414e+02 1.144810e+02 2.043277e+03 -1.511291e+02 0.000000e+00 0.000000e+00 0.000000e+00 0.000000e+00 0.000000e+00 0.000000e+00 0.000000e+00 0.000000e+00 0.000000e+00
4.200000e-02 0.000000e+00 5.136613e+02 6.807491e+02 0.000000e+00 0.000000e+00 0.000000e+00 1.326665e+02 1.139302e+02 2.050447e+03 -1.498076e+02 0.000000e+00 0.000000e+00 0.000000e+00 0.000000e+00 0.000000e+00 0.000000e+00 0.000000e+00 0.000000e+00 0.000000e+00
4.300000e-02 0.000000e+00 4.956991e+02 6.856736e+02 0.000000e+00 0.000000e+00 0.000000e+00 1.320803e+02 1.133689e+02 2.057728e+03 -1.484633e+02 0.000000e+00 0.000000e+00 0.000000e+00 0.000000e+00 0.000000e+00 0.000000e+00 0.000000e+00 0.000000e+00 0.000000e+00
4.400000e-02 0.000000e+00 4.770735e+02 6.906509e+02 0.000000e+00 0.000000e+00 0.000000e+00 1.314830e+02 1.127973e+02 2.065115e+03 -1.470968e+02 0.000000e+00 0.000000e+00 0.000000e+00 0.000000e+00 0.000000e+00 0.000000e+00 0.000000e+00 0.000000e+00 0.000000e+00
4.500000e-02 0.000000e+00 4.578174e+02 6.956790e+02 0.000000e+00 0.000000e+00 0.000000e+00 1.308750e+02 1.122158e+02 2.072604e+03 -1.457087e+02 0.000000e+00 0.000000e+00 0.000000e+00 0.000000e+00 0.000000e+00 0.000000e+00 0.000000e+00 0.000000e+00 0.000000e+00
4.600000e-02 0.000000e+00 4.379626e+02 7.007557e+02 0.000000e+00 0.000000e+00 0.000000e+00 1.302564e+02 1.116244e+02 2.080190e+03 -1.442996e+02 0.000000e+00 0.000000e+00 0.000000e+00 0.000000e+00 0.000000e+00 0.000000e+00 0.000000e+00 0.000000e+00 0.000000e+00
4.700000e-02 0.000000e+00 4.175398e+02 7.058784e+02 0.000000e+00 0.000000e+00 0.000000e+00 1.296275e+02 1.110235e+02 2.087868e+03 -1.428703e+02 0.000000e+00 0.000000e+00 0.000000e+00 0.000000e+00 0.000000e+00 0.000000e+00 0.000000e+00 0.000000e+00 0.000000e+00
4.800000e-02 0.000000e+00 3.965782e+02 7.110446e+02 0.000000e+00 0.000000e+00 0.000000e+00 1.289886e+02 1.104133e+02 2.095634e+03 -1.414213e+02 0.000000e+00 0.000000e+00 0.000000e+00 0.000000e+00 0.000000e+00 0.000000e+00 0.000000e+00 0.000000e+00 0.000000e+00
4.900000e-02 0.000000e+00 3.751063e+02 7.162518e+02 0.000000e+00 0.000000e+00 0.000000e+00 1.283398e+02 1.097940e+02 2.103483e+03 -1.399533e+02 0.000000e+00 0.000000e+00 0.000000e+00 0.000000e+00 0.000000e+00 0.000000e+00 0.000000e+00 0.000000e+00 0.000000e+00
5.000000e-02 0.000000e+00 3.531496e+02 7.214972e+02 0.000000e+00 0.000000e+00 0.000000e+00 1.276814e+02 1.091658e+02 2.111409e+03 -1.384670e+02 0.000000e+00 0.000000e+00 0.000000e+00 0.000000e+00 0.000000e+00 0.000000e+00 0.000000e+00 0.000000e+00 0.000000e+00
5.100000e-02 0.000000e+00 3.307298e+02 7.267778e+02 0.000000e+00 0.000000e+00 0.000000e+00 1.270136e+02 1.085289e+02 2.119408e+03 -1.369630e+02 0.000000e+00 0.000000e+00 0.000000e+00 0.000000e+00 0.000000e+00 0.000000e+00 0.000000e+00 0.000000e+00 0.000000e+00
5.200000e-02 0.000000e+00 3.078680e+02 7.320907e+02 0.000000e+00 0.000000e+00 0.000000e+00 1.263368e+02 1.078838e+02 2.127475e+03 -1.354420e+02 0.000000e+00 0.000000e+00 0.000000e+00 0.000000e+00 0.000000e+00 0.000000e+00 0.000000e+00 0.000000e+00 0.000000e+00
5.300000e-02 0.000000e+00 2.845851e+02 7.374326e+02 0.000000e+00 0.000000e+00 0.000000e+00 1.256512e+02 1.072304e+02 2.135603e+03 -1.339046e+02 0.000000e+00 0.000000e+00 0.000000e+00 0.000000e+00 0.000000e+00 0.000000e+00 0.000000e+00 0.000000e+00 0.000000e+00
5.400000e-02 0.000000e+00 2.609014e+02 7.428002e+02 0.000000e+00 0.000000e+00 0.000000e+00 1.249570e+02 1.065692e+02 2.143788e+03 -1.323515e+02 0.000000e+00 0.000000e+00 0.000000e+00 0.000000e+00 0.000000e+00 0.000000e+00 0.000000e+00 0.000000e+00 0.000000e+00
5.500000e-02 0.000000e+00 2.368371e+02 7.481901e+02 0.000000e+00 0.000000e+00 0.000000e+00 1.242545e+02 1.059003e+02 2.152025e+03 -1.307834e+02 0.000000e+00 0.000000e+00 0.000000e+00 0.000000e+00 0.000000e+00 0.000000e+00 0.000000e+00 0.000000e+00 0.000000e+00
5.600000e-02 0.000000e+00 2.124123e+02 7.535988e+02 0.000000e+00 0.000000e+00 0.000000e+00 1.235439e+02 1.052240e+02 2.160308e+03 -1.292009e+02 0.000000e+00 0.000000e+00 0.000000e+00 0.000000e+00 0.000000e+00 0.000000e+00 0.000000e+00 0.000000e+00 0.000000e+00
5.700000e-02 0.000000e+00 1.876466e+02 7.590225e+02 0.000000e+00 0.000000e+00 0.000000e+00 1.228256e+02 1.045406e+02 2.168631e+03 -1.276047e+02 0.000000e+00 0.000000e+00 0.000000e+00 0.000000e+00 0.000000e+00 0.000000e+00 0.000000e+00 0.000000e+00 0.000000e+00
5.800000e-02 0.000000e+00 1.625595e+02 7.644574e+02 0.000000e+00 0.000000e+00 0.000000e+00 1.220998e+02 1.038503e+02 2.176988e+03 -1.259955e+02 0.000000e+00 0.000000e+00 0.000000e+00 0.000000e+00 0.000000e+00 0.000000e+00 0.000000e+00 0.000000e+00 0.000000e+00
5.900000e-02 0.000000e+00 1.371700e+02 7.698996e+02 0.000000e+00 0.000000e+00 0.000000e+00 1.213668e+02 1.031534e+02 2.185375e+03 -1.243738e+02 0.000000e+00 0.000000e+00 0.000000e+00 0.000000e+00 0.000000e+00 0.000000e+00 0.000000e+00 0.000000e+00 0.000000e+00
6.000000e-02 0.000000e+00 1.114969e+02 7.753449e+02 0.000000e+00 0.000000e+00 0.000000e+00 1.206267e+02 1.024500e+02 2.193786e+03 -1.227404e+02 0.000000e+00 0.000000e+00 0.000000e+00 0.000000e+00 0.000000e+00 0.000000e+00 0.000000e+00 0.000000e+00 0.000000e+00
6.100000e-02 0.000000e+00 8.555669e+01 7.807891e+02 0.000000e+00 0.000000e+00 0.000000e+00 1.198800e+02 1.017406e+02 2.202214e+03 -1.210959e+02 0.000000e+00 0.000000e+00 0.000000e+00 0.000000e+00 0.000000e+00 0.000000e+00 0.000000e+00 0.000000e+00 0.000000e+00
6.200000e-02 0.000000e+00 5.936465e+01 7.862278e+02 0.000000e+00 0.000000e+00 0.000000e+00 1.191269e+02 1.010253e+02 2.210654e+03 -1.194410e+02 0.000000e+00 0.000000e+00 0.000000e+00 0.000000e+00 0.000000e+00 0.000000e+00 0.000000e+00 0.000000e+00 0.000000e+00
6.300000e-02 0.000000e+00 3.293621e+01 7.916567e+02 0.000000e+00 0.000000e+00 0.000000e+00 1.183677e+02 1.003043e+02 2.219100e+03 -1.177763e+02 0.000000e+00 0.000000e+00 0.000000e+00 0.000000e+00 0.000000e+00 0.000000e+00 0.000000e+00 0.000000e+00 0.000000e+00
6.400000e-02 0.000000e+00 6.286885e+00 7.970711e+02 0.000000e+00 0.000000e+00 0.000000e+00 1.176026e+02 9.957807e+01 2.227547e+03 -1.161025e+02 0.000000e+00 0.000000e+00 0.000000e+00 0.000000e+00 0.000000e+00 0.000000e+00 0.000000e+00 0.000000e+00 0.000000e+00
6.500000e-02 0.000000e+00 -2.056773e+01 8.024663e+02 0.000000e+00 0.000000e+00 0.000000e+00 1.168319e+02 9.884671e+01 2.235987e+03 -1.144201e+02 0.000000e+00 0.000000e+00 0.000000e+00 0.000000e+00 0.000000e+00 0.000000e+00 0.000000e+00 0.000000e+00 0.000000e+00
6.600000e-02 0.000000e+00 -4.761198e+01 8.078375e+02 0.000000e+00 0.000000e+00 0.000000e+00 1.160559e+02 9.811052e+01 2.244416e+03 -1.127298e+02 0.000000e+00 0.000000e+00 0.000000e+00 0.000000e+00 0.000000e+00 0.000000e+00 0.000000e+00 0.000000e+00 0.000000e+00
6.700000e-02 0.000000e+00 -7.483013e+01 8.131799e+02 0.000000e+00 0.000000e+00 0.000000e+00 1.152749e+02 9.736977e+01 2.252827e+03 -1.110323e+02 0.000000e+00 0.000000e+00 0.000000e+00 0.000000e+00 0.000000e+00 0.000000e+00 0.000000e+00 0.000000e+00 0.000000e+00
6.800000e-02 0.000000e+00 -1.022064e+02 8.184885e+02 0.000000e+00 0.000000e+00 0.000000e+00 1.144891e+02 9.662471e+01 2.261215e+03 -1.093282e+02 0.000000e+00 0.000000e+00 0.000000e+00 0.000000e+00 0.000000e+00 0.000000e+00 0.000000e+00 0.000000e+00 0.000000e+00
6.900000e-02 0.000000e+00 -1.297249e+02 8.237582e+02 0.000000e+00 0.000000e+00 0.000000e+00 1.136989e+02 9.587561e+01 2.269573e+03 -1.076181e+02 0.000000e+00 0.000000e+00 0.000000e+00 0.000000e+00 0.000000e+00 0.000000e+00 0.000000e+00 0.000000e+00 0.000000e+00
7.000000e-02 0.000000e+00 -1.573697e+02 8.289839e+02 0.000000e+00 0.000000e+00 0.000000e+00 1.129046e+02 9.512273e+01 2.277895e+03 -1.059025e+02 0.000000e+00 0.000000e+00 0.000000e+00 0.000000e+00 0.000000e+00 0.000000e+00 0.000000e+00 0.000000e+00 0.000000e+00
7.100000e-02 0.000000e+00 -1.851249e+02 8.341604e+02 0.000000e+00 0.000000e+00 0.000000e+00 1.121063e+02 9.436633e+01 2.286175e+03 -1.041821e+02 0.000000e+00 0.000000e+00 0.000000e+00 0.000000e+00 0.000000e+00 0.000000e+00 0.000000e+00 0.000000e+00 0.000000e+00
7.200000e-02 0.000000e+00 -2.129745e+02 8.392824e+02 0.000000e+00 0.000000e+00 0.000000e+00 1.113044e+02 9.360666e+01 2.294409e+03 -1.024575e+02 0.000000e+00 0.000000e+00 0.000000e+00 0.000000e+00 0.000000e+00 0.000000e+00 0.000000e+00 0.000000e+00 0.000000e+00
7.300000e-02 0.000000e+00 -2.409035e+02 8.443446e+02 0.000000e+00 0.000000e+00 0.000000e+00 1.104991e+02 9.284400e+01 2.302588e+03 -1.007292e+02 0.000000e+00 0.000000e+00 0.000000e+00 0.000000e+00 0.000000e+00 0.000000e+00 0.000000e+00 0.000000e+00 0.000000e+00
7.400000e-02 0.000000e+00 -2.688978e+02 8.493417e+02 0.000000e+00 0.000000e+00 0.000000e+00 1.096908e+02 9.207859e+01 2.310708e+03 -9.899793e+01 0.000000e+00 0.000000e+00 0.000000e+00 0.000000e+00 0.000000e+00 0.000000e+00 0.000000e+00 0.000000e+00 0.000000e+00
7.500000e-02 0.000000e+00 -2.969433e+02 8.542682e+02 0.000000e+00 0.000000e+00 0.000000e+00 1.088798e+02 9.131069e+01 2.318762e+03 -9.726412e+01 0.000000e+00 0.000000e+00 0.000000e+00 0.000000e+00 0.000000e+00 0.000000e+00 0.000000e+00 0.000000e+00 0.000000e+00
7.600000e-02 0.000000e+00 -3.250258e+02 8.591188e+02 0.000000e+00 0.000000e+00 0.000000e+00 1.080662e+02 9.054057e+01 2.326745e+03 -9.552837e+01 0.000000e+00 0.000000e+00 0.000000e+00 0.000000e+00 0.000000e+00 0.000000e+00 0.000000e+00 0.000000e+00 0.000000e+00
7.700000e-02 0.000000e+00 -3.531309e+02 8.638881e+02 0.000000e+00 0.000000e+00 0.000000e+00 1.072504e+02 8.976847e+01 2.334651e+03 -9.379123e+01 0.000000e+00 0.000000e+00 0.000000e+00 0.000000e+00 0.000000e+00 0.000000e+00 0.000000e+00 0.000000e+00 0.000000e+00
7.800000e-02 0.000000e+00 -3.812442e+02 8.685706e+02 0.000000e+00 0.000000e+00 0.000000e+00 1.064326e+02 8.899464e+01 2.342474e+03 -9.205323e+01 0.000000e+00 0.000000e+00 0.000000e+00 0.000000e+00 0.000000e+00 0.000000e+00 0.000000e+00 0.000000e+00 0.000000e+00
7.900000e-02 0.000000e+00 -4.093512e+02 8.731609e+02 0.000000e+00 0.000000e+00 0.000000e+00 1.056131e+02 8.821934e+01 2.350208e+03 -9.031491e+01 0.000000e+00 0.000000e+00 0.000000e+00 0.000000e+00 0.000000e+00 0.000000e+00 0.000000e+00 0.000000e+00 0.000000e+00
8.000000e-02 0.000000e+00 -4.374373e+02 8.776538e+02 0.000000e+00 0.000000e+00 0.000000e+00 1.047923e+02 8.744282e+01 2.357847e+03 -8.857678e+01 0.000000e+00 0.000000e+00 0.000000e+00 0.000000e+00 0.000000e+00 0.000000e+00 0.000000e+00 0.000000e+00 0.000000e+00
8.100000e-02 0.000000e+00 -4.654879e+02 8.820439e+02 0.000000e+00 0.000000e+00 0.000000e+00 1.039703e+02 8.666532e+01 2.365386e+03 -8.683935e+01 0.000000e+00 0.000000e+00 0.000000e+00 0.000000e+00 0.000000e+00 0.000000e+00 0.000000e+00 0.000000e+00 0.000000e+00
8.200000e-02 0.000000e+00 -4.934884e+02 8.863260e+02 0.000000e+00 0.000000e+00 0.000000e+00 1.031474e+02 8.588709e+01 2.372820e+03 -8.510313e+01 0.000000e+00 0.000000e+00 0.000000e+00 0.000000e+00 0.000000e+00 0.000000e+00 0.000000e+00 0.000000e+00 0.000000e+00
8.300000e-02 0.000000e+00 -5.214242e+02 8.904948e+02 0.000000e+00 0.000000e+00 0.000000e+00 1.023239e+02 8.510837e+01 2.380142e+03 -8.336859e+01 0.000000e+00 0.000000e+00 0.000000e+00 0.000000e+00 0.000000e+00 0.000000e+00 0.000000e+00 0.000000e+00 0.000000e+00
8.400000e-02 0.000000e+00 -5.492805e+02 8.945453e+02 0.000000e+00 0.000000e+00 0.000000e+00 1.015000e+02 8.432941e+01 2.387348e+03 -8.163623e+01 0.000000e+00 0.000000e+00 0.000000e+00 0.000000e+00 0.000000e+00 0.000000e+00 0.000000e+00 0.000000e+00 0.000000e+00
8.500000e-02 0.000000e+00 -5.770427e+02 8.984725e+02 0.000000e+00 0.000000e+00 0.000000e+00 1.006761e+02 8.355043e+01 2.394433e+03 -7.990650e+01 0.000000e+00 0.000000e+00 0.000000e+00 0.000000e+00 0.000000e+00 0.000000e+00 0.000000e+00 0.000000e+00 0.000000e+00
8.600000e-02 0.000000e+00 -6.046963e+02 9.022714e+02 0.000000e+00 0.000000e+00 0.000000e+00 9.985231e+01 8.277169e+01 2.401390e+03 -7.817987e+01 0.000000e+00 0.000000e+00 0.000000e+00 0.000000e+00 0.000000e+00 0.000000e+00 0.000000e+00 0.000000e+00 0.000000e+00
8.700000e-02 0.000000e+00 -6.322265e+02 9.059371e+02 0.000000e+00 0.000000e+00 0.000000e+00 9.902896e+01 8.199340e+01 2.408215e+03 -7.645679e+01 0.000000e+00 0.000000e+00 0.000000e+00 0.000000e+00 0.000000e+00 0.000000e+00 0.000000e+00 0.000000e+00 0.000000e+00
8.800000e-02 0.000000e+00 -6.596199e+02 9.094651e+02 0.000000e+00 0.000000e+00 0.000000e+00 9.820627e+01 8.121580e+01 2.414904e+03 -7.473768e+01 0.000000e+00 0.000000e+00 0.000000e+00 0.000000e+00 0.000000e+00 0.000000e+00 0.000000e+00 0.000000e+00 0.000000e+00
8.900000e-02 0.000000e+00 -6.868636e+02 9.128507e+02 0.000000e+00 0.000000e+00 0.000000e+00 9.738450e+01 8.043912e+01 2.421450e+03 -7.302297e+01 0.000000e+00 0.000000e+00 0.000000e+00 0.000000e+00 0.000000e+00 0.000000e+00 0.000000e+00 0.000000e+00 0.000000e+00
9.000000e-02 0.000000e+00 -7.139442e+02 9.160897e+02 0.000000e+00 0.000000e+00 0.000000e+00 9.656390e+01 7.966357e+01 2.427850e+03 -7.131309e+01 0.000000e+00 0.000000e+00 0.000000e+00 0.000000e+00 0.000000e+00 0.000000e+00 0.000000e+00 0.000000e+00 0.000000e+00
9.100000e-02 0.000000e+00 -7.408487e+02 9.191776e+02 0.000000e+00 0.000000e+00 0.000000e+00 9.574469e+01 7.888938e+01 2.434099e+03 -6.960842e+01 0.000000e+00 0.000000e+00 0.000000e+00 0.000000e+00 0.000000e+00 0.000000e+00 0.000000e+00 0.000000e+00 0.000000e+00
9.200000e-02 0.000000e+00 -7.675641e+02 9.221106e+02 0.000000e+00 0.000000e+00 0.000000e+00 9.492711e+01 7.811676e+01 2.440193e+03 -6.790936e+01 0.000000e+00 0.000000e+00 0.000000e+00 0.000000e+00 0.000000e+00 0.000000e+00 0.000000e+00 0.000000e+00 0.000000e+00
9.300000e-02 0.000000e+00 -7.940777e+02 9.248846e+02 0.000000e+00 0.000000e+00 0.000000e+00 9.411140e+01 7.734593e+01 2.446127e+03 -6.621631e+01 0.000000e+00 0.000000e+00 0.000000e+00 0.000000e+00 0.000000e+00 0.000000e+00 0.000000e+00 0.000000e+00 0.000000e+00
9.400000e-02 0.000000e+00 -8.203766e+02 9.274960e+02 0.000000e+00 0.000000e+00 0.000000e+00 9.329779e+01 7.657709e+01 2.451897e+03 -6.452962e+01 0.000000e+00 0.000000e+00 0.000000e+00 0.000000e+00 0.000000e+00 0.000000e+00 0.000000e+00 0.000000e+00 0.000000e+00
9.500000e-02 0.000000e+00 -8.464483e+02 9.299414e+02 0.000000e+00 0.000000e+00 0.000000e+00 9.248650e+01 7.581045e+01 2.457500e+03 -6.284966e+01 0.000000e+00 0.000000e+00 0.000000e+00 0.000000e+00 0.000000e+00 0.000000e+00 0.000000e+00 0.000000e+00 0.000000e+00
9.600000e-02 0.000000e+00 -8.722805e+02 9.322175e+02 0.000000e+00 0.000000e+00 0.000000e+00 9.167775e+01 7.504622e+01 2.462930e+03 -6.117680e+01 0.000000e+00 0.000000e+00 0.000000e+00 0.000000e+00 0.000000e+00 0.000000e+00 0.000000e+00 0.000000e+00 0.000000e+00
9.700000e-02 0.000000e+00 -8.978608e+02 9.343213e+02 0.000000e+00 0.000000e+00 0.000000e+00 9.087175e+01 7.428458e+01 2.468186e+03 -5.951136e+01 0.000000e+00 0.000000e+00 0.000000e+00 0.000000e+00 0.000000e+00 0.000000e+00 0.000000e+00 0.000000e+00 0.000000e+00
9.800000e-02 0.000000e+00 -9.231774e+02 9.362499e+02 0.000000e+00 0.000000e+00 0.000000e+00 9.006872e+01 7.352574e+01 2.473263e+03 -5.785369e+01 0.000000e+00 0.000000e+00 0.000000e+00 0.000000e+00 0.000000e+00 0.000000e+00 0.000000e+00 0.000000e+00 0.000000e+00
9.900000e-02 0.000000e+00 -9.482183e+02 9.380007e+02 0.000000e+00 0.000000e+00 0.000000e+00 8.926887e+01 7.276988e+01 2.478158e+03 -5.620411e+01 0.000000e+00 0.000000e+00 0.000000e+00 0.000000e+00 0.000000e+00 0.000000e+00 0.000000e+00 0.000000e+00 0.000000e+00
1.000000e-01 0.000000e+00 -9.729721e+02 9.395716e+02 0.000000e+00 0.000000e+00 0.000000e+00 8.847240e+01 7.201719e+01 2.482869e+03 -5.456295e+01 0.000000e+00 0.000000e+00 0.000000e+00 0.000000e+00 0.000000e+00 0.000000e+00 0.000000e+00 0.000000e+00 0.000000e+00
1.010000e-01 0.000000e+00 -9.974272e+02 9.409602e+02 0.000000e+00 0.000000e+00 0.000000e+00 8.767951e+01 7.126786e+01 2.487391e+03 -5.293050e+01 0.000000e+00 0.000000e+00 0.000000e+00 0.000000e+00 0.000000e+00 0.000000e+00 0.000000e+00 0.000000e+00 0.000000e+00
1.020000e-01 0.000000e+00 -1.021573e+03 9.421649e+02 0.000000e+00 0.000000e+00 0.000000e+00 8.689040e+01 7.052206e+01 2.491723e+03 -5.130706e+01 0.000000e+00 0.000000e+00 0.000000e+00 0.000000e+00 0.000000e+00 0.000000e+00 0.000000e+00 0.000000e+00 0.000000e+00
1.030000e-01 0.000000e+00 -1.045398e+03 9.431841e+02 0.000000e+00 0.000000e+00 0.000000e+00 8.610524e+01 6.977996e+01 2.495862e+03 -4.969293e+01 0.000000e+00 0.000000e+00 0.000000e+00 0.000000e+00 0.000000e+00 0.000000e+00 0.000000e+00 0.000000e+00 0.000000e+00
1.040000e-01 0.000000e+00 -1.068891e+03 9.440163e+02 0.000000e+00 0.000000e+00 0.000000e+00 8.532424e+01 6.904175e+01 2.499805e+03 -4.808840e+01 0.000000e+00 0.000000e+00 0.000000e+00 0.000000e+00 0.000000e+00 0.000000e+00 0.000000e+00 0.000000e+00 0.000000e+00
1.050000e-01 0.000000e+00 -1.092044e+03 9.446605e+02 0.000000e+00 0.000000e+00 0.000000e+00 8.454757e+01 6.830758e+01 2.503551e+03 -4.649373e+01 0.000000e+00 0.000000e+00 0.000000e+00 0.000000e+00 0.000000e+00 0.000000e+00 0.000000e+00 0.000000e+00 0.000000e+00
1.060000e-01 0.000000e+00 -1.114845e+03 9.451159e+02 0.000000e+00 0.000000e+00 0.000000e+00 8.377540e+01 6.757762e+01 2.507097e+03 -4.490920e+01 0.000000e+00 0.000000e+00 0.000000e+00 0.000000e+00 0.000000e+00 0.000000e+00 0.000000e+00 0.000000e+00 0.000000e+00
1.070000e-01 0.000000e+00 -1.137288e+03 9.453819e+02 0.000000e+00 0.000000e+00 0.000000e+00 8.300792e+01 6.685203e+01 2.510442e+03 -4.333507e+01 0.000000e+00 0.000000e+00 0.000000e+00 0.000000e+00 0.000000e+00 0.000000e+00 0.000000e+00 0.000000e+00 0.000000e+00
1.080000e-01 0.000000e+00 -1.159362e+03 9.454583e+02 0.000000e+00 0.000000e+00 0.000000e+00 8.224527e+01 6.613095e+01 2.513584e+03 -4.177158e+01 0.000000e+00 0.000000e+00 0.000000e+00 0.000000e+00 0.000000e+00 0.000000e+00 0.000000e+00 0.000000e+00 0.000000e+00
1.090000e-01 0.000000e+00 -1.181060e+03 9.453452e+02 0.000000e+00 0.000000e+00 0.000000e+00 8.148763e+01 6.541455e+01 2.516522e+03 -4.021900e+01 0.000000e+00 0.000000e+00 0.000000e+00 0.000000e+00 0.000000e+00 0.000000e+00 0.000000e+00 0.000000e+00 0.000000e+00
1.100000e-01 0.000000e+00 -1.202375e+03 9.450427e+02 0.000000e+00 0.000000e+00 0.000000e+00 8.073516e+01 6.470296e+01 2.519255e+03 -3.867755e+01 0.000000e+00 0.000000e+00 0.000000e+00 0.000000e+00 0.000000e+00 0.000000e+00 0.000000e+00 0.000000e+00 0.000000e+00
1.110000e-01 0.000000e+00 -1.223298e+03 9.445514e+02 0.000000e+00 0.000000e+00 0.000000e+00 7.998799e+01 6.399633e+01 2.521781e+03 -3.714747e+01 0.000000e+00 0.000000e+00 0.000000e+00 0.000000e+00 0.000000e+00 0.000000e+00 0.000000e+00 0.000000e+00 0.000000e+00
1.120000e-01 0.000000e+00 -1.243823e+03 9.438721e+02 0.000000e+00 0.000000e+00 0.000000e+00 7.924629e+01 6.329479e+01 2.524101e+03 -3.562900e+01 0.000000e+00 0.000000e+00 0.000000e+00 0.000000e+00 0.000000e+00 0.000000e+00 0.000000e+00 0.000000e+00 0.000000e+00
1.130000e-01 0.000000e+00 -1.263944e+03 9.430057e+02 0.000000e+00 0.000000e+00 0.000000e+00 7.851019e+01 6.259849e+01 2.526213e+03 -3.412235e+01 0.000000e+00 0.000000e+00 0.000000e+00 0.000000e+00 0.000000e+00 0.000000e+00 0.000000e+00 0.000000e+00 0.000000e+00
1.140000e-01 0.000000e+00 -1.283652e+03 9.419535e+02 0.000000e+00 0.000000e+00 0.000000e+00 7.777983e+01 6.190754e+01 2.528117e+03 -3.262776e+01 0.000000e+00 0.000000e+00 0.000000e+00 0.000000e+00 0.000000e+00 0.000000e+00 0.000000e+00 0.000000e+00 0.000000e+00
1.150000e-01 0.000000e+00 -1.302943e+03 9.407169e+02 0.000000e+00 0.000000e+00 0.000000e+00 7.705536e+01 6.122208e+01 2.529813e+03 -3.114544e+01 0.000000e+00 0.000000e+00 0.000000e+00 0.000000e+00 0.000000e+00 0.000000e+00 0.000000e+00 0.000000e+00 0.000000e+00
1.160000e-01 0.000000e+00 -1.321811e+03 9.392976e+02 0.000000e+00 0.000000e+00 0.000000e+00 7.633689e+01 6.054224e+01 2.531301e+03 -2.967560e+01 0.000000e+00 0.000000e+00 0.000000e+00 0.000000e+00 0.000000e+00 0.000000e+00 0.000000e+00 0.000000e+00 0.000000e+00
1.170000e-01 0.000000e+00 -1.340251e+03 9.376976e+02 0.000000e+00 0.000000e+00 0.000000e+00 7.562457e+01 5.986813e+01 2.532582e+03 -2.821845e+01 0.000000e+00 0.000000e+00 0.000000e+00 0.000000e+00 0.000000e+00 0.000000e+00 0.000000e+00 0.000000e+00 0.000000e+00
1.180000e-01 0.000000e+00 -1.358257e+03 9.359189e+02 0.000000e+00 0.000000e+00 0.000000e+00 7.491850e+01 5.919987e+01 2.533655e+03 -2.677421e+01 0.000000e+00 0.000000e+00 0.000000e+00 0.000000e+00 0.000000e+00 0.000000e+00 0.000000e+00 0.000000e+00 0.000000e+00
1.190000e-01 0.000000e+00 -1.375825e+03 9.339640e+02 0.000000e+00 0.000000e+00 0.000000e+00 7.421881e+01 5.853758e+01 2.534521e+03 -2.534307e+01 0.000000e+00 0.000000e+00 0.000000e+00 0.000000e+00 0.000000e+00 0.000000e+00 0.000000e+00 0.000000e+00 0.000000e+00
1.200000e-01 0.000000e+00 -1.392951e+03 9.318353e+02 0.000000e+00 0.000000e+00 0.000000e+00 7.352561e+01 5.788136e+01 2.535181e+03 -2.392524e+01 0.000000e+00 0.000000e+00 0.000000e+00 0.000000e+00 0.000000e+00 0.000000e+00 0.000000e+00 0.000000e+00 0.000000e+00
1.210000e-01 0.000000e+00 -1.409631e+03 9.295356e+02 0.000000e+00 0.000000e+00 0.000000e+00 7.283902e+01 5.723132e+01 2.535636e+03 -2.252091e+01 0.000000e+00 0.000000e+00 0.000000e+00 0.000000e+00 0.000000e+00 0.000000e+00 0.000000e+00 0.000000e+00 0.000000e+00
1.220000e-01 0.000000e+00 -1.425862e+03 9.270678e+02 0.000000e+00 0.000000e+00 0.000000e+00 7.215914e+01 5.658756e+01 2.535887e+03 -2.113028e+01 0.000000e+00 0.000000e+00 0.000000e+00 0.000000e+00 0.000000e+00 0.000000e+00 0.000000e+00 0.000000e+00 0.000000e+00
1.230000e-01 0.000000e+00 -1.441641e+03 9.244350e+02 0.000000e+00 0.000000e+00 0.000000e+00 7.148606e+01 5.595019e+01 2.535935e+03 -1.975354e+01 0.000000e+00 0.000000e+00 0.000000e+00 0.000000e+00 0.000000e+00 0.000000e+00 0.000000e+00 0.000000e+00 0.000000e+00
1.240000e-01 0.000000e+00 -1.456964e+03 9.216406e+02 0.000000e+00 0.000000e+00 0.000000e+00 7.081990e+01 5.531930e+01 2.535783e+03 -1.839089e+01 0.000000e+00 0.000000e+00 0.000000e+00 0.000000e+00 0.000000e+00 0.000000e+00 0.000000e+00 0.000000e+00 0.000000e+00
1.250000e-01 0.000000e+00 -1.471831e+03 9.186880e+02 0.000000e+00 0.000000e+00 0.000000e+00 7.016075e+01 5.469499e+01 2.535430e+03 -1.704251e+01 0.000000e+00 0.000000e+00 0.000000e+00 0.000000e+00 0.000000e+00 0.000000e+00 0.000000e+00 0.000000e+00 0.000000e+00
1.260000e-01 0.000000e+00 -1.486238e+03 9.155808e+02 0.000000e+00 0.000000e+00 0.000000e+00 6.950869e+01 5.407734e+01 2.534880e+03 -1.570859e+01 0.000000e+00 0.000000e+00 0.000000e+00 0.000000e+00 0.000000e+00 0.000000e+00 0.000000e+00 0.000000e+00 0.000000e+00
1.270000e-01 0.000000e+00 -1.500185e+03 9.123227e+02 0.000000e+00 0.000000e+00 0.000000e+00 6.886382e+01 5.346645e+01 2.534134e+03 -1.438931e+01 0.000000e+00 0.000000e+00 0.000000e+00 0.000000e+00 0.000000e+00 0.000000e+00 0.000000e+00 0.000000e+00 0.000000e+00
1.280000e-01 0.000000e+00 -1.513671e+03 9.089172e+02 0.000000e+00 0.000000e+00 0.000000e+00 6.822622e+01 5.286240e+01 2.533193e+03 -1.308488e+01 0.000000e+00 0.000000e+00 0.000000e+00 0.000000e+00 0.000000e+00 0.000000e+00 0.000000e+00 0.000000e+00 0.000000e+00
1.290000e-01 0.000000e+00 -1.526696e+03 9.053683e+02 0.000000e+00 0.000000e+00 0.000000e+00 6.759597e+01 5.226527e+01 2.532061e+03 -1.179546e+01 0.000000e+00 0.000000e+00 0.000000e+00 0.000000e+00 0.000000e+00 0.000000e+00 0.000000e+00 0.000000e+00 0.000000e+00
1.300000e-01 0.000000e+00 -1.539261e+03 9.016802e+02 0.000000e+00 0.000000e+00 0.000000e+00 6.697315e+01 5.167514e+01 2.530740e+03 -1.052123e+01 0.000000e+00 0.000000e+00 0.000000e+00 0.000000e+00 0.000000e+00 0.000000e+00 0.000000e+00 0.000000e+00 0.000000e+00
1.310000e-01 0.000000e+00 -1.551366e+03 8.978569e+02 0.000000e+00 0.000000e+00 0.000000e+00 6.635782e+01 5.109209e+01 2.529232e+03 -9.262380e+00 0.000000e+00 0.000000e+00 0.000000e+00 0.000000e+00 0.000000e+00 0.000000e+00 0.000000e+00 0.000000e+00 0.000000e+00
1.320000e-01 0.000000e+00 -1.563013e+03 8.939026e+02 0.000000e+00 0.000000e+00 0.000000e+00 6.575007e+01 5.051619e+01 2.527539e+03 -8.019082e+00 0.000000e+00 0.000000e+00 0.000000e+00 0.000000e+00 0.000000e+00 0.000000e+00 0.000000e+00 0.000000e+00 0.000000e+00
1.330000e-01 0.000000e+00 -1.574203e+03 8.898215e+02 0.000000e+00 0.000000e+00 0.000000e+00 6.514995e+01 4.994751e+01 2.525665e+03 -6.791516e+00 0.000000e+00 0.000000e+00 0.000000e+00 0.000000e+00 0.000000e+00 0.000000e+00 0.000000e+00 0.000000e+00 0.000000e+00
1.340000e-01 0.000000e+00 -1.584939e+03 8.856180e+02 0.000000e+00 0.000000e+00 0.000000e+00 6.455753e+01 4.938611e+01 2.523612e+03 -5.579858e+00 0.000000e+00 0.000000e+00 0.000000e+00 0.000000e+00 0.000000e+00 0.000000e+00 0.000000e+00 0.000000e+00 0.000000e+00
1.350000e-01 0.000000e+00 -1.595221e+03 8.812964e+02 0.000000e+00 0.000000e+00 0.000000e+00 6.397287e+01 4.883206e+01 2.521382e+03 -4.384286e+00 0.000000e+00 0.000000e+00 0.000000e+00 0.000000e+00 0.000000e+00 0.000000e+00 0.000000e+00 0.000000e+00 0.000000e+00
1.360000e-01 0.000000e+00 -1.605054e+03 8.768608e+02 0.000000e+00 0.000000e+00 0.000000e+00 6.339604e+01 4.828544e+01 2.518980e+03 -3.204978e+00 0.000000e+00 0.000000e+00 0.000000e+00 0.000000e+00 0.000000e+00 0.000000e+00 0.000000e+00 0.000000e+00 0.000000e+00
1.370000e-01 0.000000e+00 -1.614438e+03 8.723158e+02 0.000000e+00 0.000000e+00 0.000000e+00 6.282708e+01 4.774629e+01 2.516408e+03 -2.042111e+00 0.000000e+00 0.000000e+00 0.000000e+00 0.000000e+00 0.000000e+00 0.000000e+00 0.000000e+00 0.000000e+00 0.000000e+00
1.380000e-01 0.000000e+00 -1.623377e+03 8.676656e+02 0.000000e+00 0.000000e+00 0.000000e+00 6.226605e+01 4.721468e+01 2.513670e+03 -8.958616e-01 0.000000e+00 0.000000e+00 0.000000e+00 0.000000e+00 0.000000e+00 0.000000e+00 0.000000e+00 0.000000e+00 0.000000e+00
1.390000e-01 0.000000e+00 -1.631874e+03 8.629146e+02 0.000000e+00 0.000000e+00 0.000000e+00 6.171300e+01 4.669066e+01 2.510767e+03 2.335949e-01 0.000000e+00 0.000000e+00 0.000000e+00 0.000000e+00 0.000000e+00 0.000000e+00 0.000000e+00 0.000000e+00 0.000000e+00
1.400000e-01 0.000000e+00 -1.639933e+03 8.580671e+02 0.000000e+00 0.000000e+00 0.000000e+00 6.116798e+01 4.617430e+01 2.507704e+03 1.346083e+00 0.000000e+00 0.000000e+00 0.000000e+00 0.000000e+00 0.000000e+00 0.000000e+00 0.000000e+00 0.000000e+00 0.000000e+00
1.410000e-01 0.000000e+00 -1.647557e+03 8.531275e+02 0.000000e+00 0.000000e+00 0.000000e+00 6.063104e+01 4.566564e+01 2.504485e+03 2.441428e+00 0.000000e+00 0.000000e+00 0.000000e+00 0.000000e+00 0.000000e+00 0.000000e+00 0.000000e+00 0.000000e+00 0.000000e+00
1.420000e-01 0.000000e+00 -1.654749e+03 8.481000e+02 0.000000e+00 0.000000e+00 0.000000e+00 6.010222e+01 4.516474e+01 2.501112e+03 3.519456e+00 0.000000e+00 0.000000e+00 0.000000e+00 0.000000e+00 0.000000e+00 0.000000e+00 0.000000e+00 0.000000e+00 0.000000e+00
1.430000e-01 0.000000e+00 -1.661515e+03 8.429890e+02 0.000000e+00 0.000000e+00 0.000000e+00 5.958157e+01 4.467165e+01 2.497589e+03 4.579994e+00 0.000000e+00 0.000000e+00 0.000000e+00 0.000000e+00 0.000000e+00 0.000000e+00 0.000000e+00 0.000000e+00 0.000000e+00
1.440000e-01 0.000000e+00 -1.667858e+03 8.377986e+02 0.000000e+00 0.000000e+00 0.000000e+00 5.906913e+01 4.418641e+01 2.493919e+03 5.622872e+00 0.000000e+00 0.000000e+00 0.000000e+00 0.000000e+00 0.000000e+00 0.000000e+00 0.000000e+00 0.000000e+00 0.000000e+00
1.450000e-01 0.000000e+00 -1.673782e+03 8.325330e+02 0.000000e+00 0.000000e+00 0.000000e+00 5.856492e+01 4.370906e+01 2.490107e+03 6.647918e+00 0.000000e+00 0.000000e+00 0.000000e+00 0.000000e+00 0.000000e+00 0.000000e+00 0.000000e+00 0.000000e+00 0.000000e+00
1.460000e-01 0.000000e+00 -1.679293e+03 8.271965e+02 0.000000e+00 0.000000e+00 0.000000e+00 5.806899e+01 4.323967e+01 2.486155e+03 7.654964e+00 0.000000e+00 0.000000e+00 0.000000e+00 0.000000e+00 0.000000e+00 0.000000e+00 0.000000e+00 0.000000e+00 0.000000e+00
1.470000e-01 0.000000e+00 -1.684395e+03 8.217931e+02 0.000000e+00 0.000000e+00 0.000000e+00 5.758137e+01 4.277825e+01 2.482067e+03 8.643843e+00 0.000000e+00 0.000000e+00 0.000000e+00 0.000000e+00 0.000000e+00 0.000000e+00 0.000000e+00 0.000000e+00 0.000000e+00
1.480000e-01 0.000000e+00 -1.689094e+03 8.163269e+02 0.000000e+00 0.000000e+00 0.000000e+00 5.710210e+01 4.232486e+01 2.477848e+03 9.614389e+00 0.000000e+00 0.000000e+00 0.000000e+00 0.000000e+00 0.000000e+00 0.000000e+00 0.000000e+00 0.000000e+00 0.000000e+00
1.490000e-01 0.000000e+00 -1.693394e+03 8.108018e+02 0.000000e+00 0.000000e+00 0.000000e+00 5.663119e+01 4.187953e+01 2.473500e+03 1.056644e+01 0.000000e+00 0.000000e+00 0.000000e+00 0.000000e+00 0.000000e+00 0.000000e+00 0.000000e+00 0.000000e+00 0.000000e+00
1.500000e-01 0.000000e+00 -1.697301e+03 8.052218e+02 0.000000e+00 0.000000e+00 0.000000e+00 5.616869e+01 4.144230e+01 2.469027e+03 1.149983e+01 0.000000e+00 0.000000e+00 0.000000e+00 0.000000e+00 0.000000e+00 0.000000e+00 0.000000e+00 0.000000e+00 0.000000e+00
1.510000e-01 0.000000e+00 -1.700821e+03 7.995907e+02 0.000000e+00 0.000000e+00 0.000000e+00 5.571460e+01 4.101321e+01 2.464434e+03 1.241441e+01 0.000000e+00 0.000000e+00 0.000000e+00 0.000000e+00 0.000000e+00 0.000000e+00 0.000000e+00 0.000000e+00 0.000000e+00
1.520000e-01 0.000000e+00 -1.703959e+03 7.939121e+02 0.000000e+00 0.000000e+00 0.000000e+00 5.526896e+01 4.059227e+01 2.459723e+03 1.331002e+01 0.000000e+00 0.000000e+00 0.000000e+00 0.000000e+00 0.000000e+00 0.000000e+00 0.000000e+00 0.000000e+00 0.000000e+00
1.530000e-01 0.000000e+00 -1.706724e+03 7.881895e+02 0.000000e+00 0.000000e+00 0.000000e+00 5.483178e+01 4.017952e+01 2.454899e+03 1.418650e+01 0.000000e+00 0.000000e+00 0.000000e+00 0.000000e+00 0.000000e+00 0.000000e+00 0.000000e+00 0.000000e+00 0.000000e+00
1.540000e-01 0.000000e+00 -1.709122e+03 7.824265e+02 0.000000e+00 0.000000e+00 0.000000e+00 5.440307e+01 3.977498e+01 2.449965e+03 1.504372e+01 0.000000e+00 0.000000e+00 0.000000e+00 0.000000e+00 0.000000e+00 0.000000e+00 0.000000e+00 0.000000e+00 0.000000e+00
1.550000e-01 0.000000e+00 -1.711161e+03 7.766263e+02 0.000000e+00 0.000000e+00 0.000000e+00 5.398284e+01 3.937868e+01 2.444925e+03 1.588154e+01 0.000000e+00 0.000000e+00 0.000000e+00 0.000000e+00 0.000000e+00 0.000000e+00 0.000000e+00 0.000000e+00 0.000000e+00
1.560000e-01 0.000000e+00 -1.712846e+03 7.707923e+02 0.000000e+00 0.000000e+00 0.000000e+00 5.357111e+01 3.899063e+01 2.439783e+03 1.669981e+01 0.000000e+00 0.000000e+00 0.000000e+00 0.000000e+00 0.000000e+00 0.000000e+00 0.000000e+00 0.000000e+00 0.000000e+00
1.570000e-01 0.000000e+00 -1.714187e+03 7.649278e+02 0.000000e+00 0.000000e+00 0.000000e+00 5.316789e+01 3.861085e+01 2.434541e+03 1.749840e+01 0.000000e+00 0.000000e+00 0.000000e+00 0.000000e+00 0.000000e+00 0.000000e+00 0.000000e+00 0.000000e+00 0.000000e+00
1.580000e-01 0.000000e+00 -1.715188e+03 7.590356e+02 0.000000e+00 0.000000e+00 0.000000e+00 5.277317e+01 3.823937e+01 2.429205e+03 1.827718e+01 0.000000e+00 0.000000e+00 0.000000e+00 0.000000e+00 0.000000e+00 0.000000e+00 0.000000e+00 0.000000e+00 0.000000e+00
1.590000e-01 0.000000e+00 -1.715859e+03 7.531189e+02 0.000000e+00 0.000000e+00 0.000000e+00 5.238697e+01 3.787618e+01 2.423777e+03 1.903601e+01 0.000000e+00 0.000000e+00 0.000000e+00 0.000000e+00 0.000000e+00 0.000000e+00 0.000000e+00 0.000000e+00 0.000000e+00
1.600000e-01 0.000000e+00 -1.716205e+03 7.471804e+02 0.000000e+00 0.000000e+00 0.000000e+00 5.200929e+01 3.752131e+01 2.418261e+03 1.977478e+01 0.000000e+00 0.000000e+00 0.000000e+00 0.000000e+00 0.000000e+00 0.000000e+00 0.000000e+00 0.000000e+00 0.000000e+00
1.610000e-01 0.000000e+00 -1.716235e+03 7.412229e+02 0.000000e+00 0.000000e+00 0.000000e+00 5.164013e+01 3.717477e+01 2.412661e+03 2.049337e+01 0.000000e+00 0.000000e+00 0.000000e+00 0.000000e+00 0.000000e+00 0.000000e+00 0.000000e+00 0.000000e+00 0.000000e+00
1.620000e-01 0.000000e+00 -1.715955e+03 7.352491e+02 0.000000e+00 0.000000e+00 0.000000e+00 5.127948e+01 3.683656e+01 2.406980e+03 2.119166e+01 0.000000e+00 0.000000e+00 0.000000e+00 0.000000e+00 0.000000e+00 0.000000e+00 0.000000e+00 0.000000e+00 0.000000e+00
1.630000e-01 0.000000e+00 -1.715373e+03 7.292615e+02 0.000000e+00 0.000000e+00 0.000000e+00 5.092734e+01 3.650669e+01 2.401222e+03 2.186954e+01 0.000000e+00 0.000000e+00 0.000000e+00 0.000000e+00 0.000000e+00 0.000000e+00 0.000000e+00 0.000000e+00 0.000000e+00
1.640000e-01 0.000000e+00 -1.714496e+03 7.232625e+02 0.000000e+00 0.000000e+00 0.000000e+00 5.058371e+01 3.618517e+01 2.395389e+03 2.252690e+01 0.000000e+00 0.000000e+00 0.000000e+00 0.000000e+00 0.000000e+00 0.000000e+00 0.000000e+00 0.000000e+00 0.000000e+00
1.650000e-01 0.000000e+00 -1.713331e+03 7.172545e+02 0.000000e+00 0.000000e+00 0.000000e+00 5.024858e+01 3.587200e+01 2.389487e+03 2.316365e+01 0.000000e+00 0.000000e+00 0.000000e+00 0.000000e+00 0.000000e+00 0.000000e+00 0.000000e+00 0.000000e+00 0.000000e+00
1.660000e-01 0.000000e+00 -1.711885e+03 7.112395e+02 0.000000e+00 0.000000e+00 0.000000e+00 4.992194e+01 3.556717e+01 2.383516e+03 2.377969e+01 0.000000e+00 0.000000e+00 0.000000e+00 0.000000e+00 0.000000e+00 0.000000e+00 0.000000e+00 0.000000e+00 0.000000e+00
1.670000e-01 0.000000e+00 -1.710165e+03 7.052199e+02 0.000000e+00 0.000000e+00 0.000000e+00 4.960378e+01 3.527069e+01 2.377482e+03 2.437493e+01 0.000000e+00 0.000000e+00 0.000000e+00 0.000000e+00 0.000000e+00 0.000000e+00 0.000000e+00 0.000000e+00 0.000000e+00
1.680000e-01 0.000000e+00 -1.708179e+03 6.991974e+02 0.000000e+00 0.000000e+00 0.000000e+00 4.929409e+01 3.498255e+01 2.371388e+03 2.494928e+01 0.000000e+00 0.000000e+00 0.000000e+00 0.000000e+00 0.000000e+00 0.000000e+00 0.000000e+00 0.000000e+00 0.000000e+00
1.690000e-01 0.000000e+00 -1.705933e+03 6.931741e+02 0.000000e+00 0.000000e+00 0.000000e+00 4.899285e+01 3.470275e+01 2.365236e+03 2.550267e+01 0.000000e+00 0.000000e+00 0.000000e+00 0.000000e+00 0.000000e+00 0.000000e+00 0.000000e+00 0.000000e+00 0.000000e+00
1.700000e-01 0.000000e+00 -1.703435e+03 6.871517e+02 0.000000e+00 0.000000e+00 0.000000e+00 4.870004e+01 3.443128e+01 2.359029e+03 2.603503e+01 0.000000e+00 0.000000e+00 0.000000e+00 0.000000e+00 0.000000e+00 0.000000e+00 0.000000e+00 0.000000e+00 0.000000e+00
1.710000e-01 0.000000e+00 -1.700690e+03 6.811320e+02 0.000000e+00 0.000000e+00 0.000000e+00 4.841565e+01 3.416813e+01 2.352771e+03 2.654628e+01 0.000000e+00 0.000000e+00 0.000000e+00 0.000000e+00 0.000000e+00 0.000000e+00 0.000000e+00 0.000000e+00 0.000000e+00
1.720000e-01 0.000000e+00 -1.697708e+03 6.751164e+02 0.000000e+00 0.000000e+00 0.000000e+00 4.813966e+01 3.391329e+01 2.346466e+03 2.703637e+01 0.000000e+00 0.000000e+00 0.000000e+00 0.000000e+00 0.000000e+00 0.000000e+00 0.000000e+00 0.000000e+00 0.000000e+00
1.730000e-01 0.000000e+00 -1.694493e+03 6.691066e+02 0.000000e+00 0.000000e+00 0.000000e+00 4.787204e+01 3.366674e+01 2.340115e+03 2.750524e+01 0.000000e+00 0.000000e+00 0.000000e+00 0.000000e+00 0.000000e+00 0.000000e+00 0.000000e+00 0.000000e+00 0.000000e+00
1.740000e-01 0.000000e+00 -1.691053e+03 6.631038e+02 0.000000e+00 0.000000e+00 0.000000e+00 4.761277e+01 3.342848e+01 2.333722e+03 2.795284e+01 0.000000e+00 0.000000e+00 0.000000e+00 0.000000e+00 0.000000e+00 0.000000e+00 0.000000e+00 0.000000e+00 0.000000e+00
1.750000e-01 0.000000e+00 -1.687395e+03 6.571094e+02 0.000000e+00 0.000000e+00 0.000000e+00 4.736183e+01 3.319847e+01 2.327289e+03 2.837914e+01 0.000000e+00 0.000000e+00 0.000000e+00 0.000000e+00 0.000000e+00 0.000000e+00 0.000000e+00 0.000000e+00 0.000000e+00
1.760000e-01 0.000000e+00 -1.683526e+03 6.511246e+02 0.000000e+00 0.000000e+00 0.000000e+00 4.711917e+01 3.297670e+01 2.320820e+03 2.878412e+01 0.000000e+00 0.000000e+00 0.000000e+00 0.000000e+00 0.000000e+00 0.000000e+00 0.000000e+00 0.000000e+00 0.000000e+00
1.770000e-01 0.000000e+00 -1.679455e+03 6.451505e+02 0.000000e+00 0.000000e+00 0.000000e+00 4.688475e+01 3.276313e+01 2.314317e+03 2.916776e+01 0.000000e+00 0.000000e+00 0.000000e+00 0.000000e+00 0.000000e+00 0.000000e+00 0.000000e+00 0.000000e+00 0.000000e+00
1.780000e-01 0.000000e+00 -1.675189e+03 6.391880e+02 0.000000e+00 0.000000e+00 0.000000e+00 4.665854e+01 3.255772e+01 2.307783e+03 2.953006e+01 0.000000e+00 0.000000e+00 0.000000e+00 0.000000e+00 0.000000e+00 0.000000e+00 0.000000e+00 0.000000e+00 0.000000e+00
1.790000e-01 0.000000e+00 -1.670735e+03 6.332381e+02 0.000000e+00 0.000000e+00 0.000000e+00 4.644049e+01 3.236045e+01 2.301221e+03 2.987101e+01 0.000000e+00 0.000000e+00 0.000000e+00 0.000000e+00 0.000000e+00 0.000000e+00 0.000000e+00 0.000000e+00 0.000000e+00
1.800000e-01 0.000000e+00 -1.666101e+03 6.273015e+02 0.000000e+00 0.000000e+00 0.000000e+00 4.623055e+01 3.217128e+01 2.294632e+03 3.019063e+01 0.000000e+00 0.000000e+00 0.000000e+00 0.000000e+00 0.000000e+00 0.000000e+00 0.000000e+00 0.000000e+00 0.000000e+00
1.810000e-01 0.000000e+00 -1.661293e+03 6.213790e+02 0.000000e+00 0.000000e+00 0.000000e+00 4.602868e+01 3.199016e+01 2.288021e+03 3.048893e+01 0.000000e+00 0.000000e+00 0.000000e+00 0.000000e+00 0.000000e+00 0.000000e+00 0.000000e+00 0.000000e+00 0.000000e+00
1.820000e-01 0.000000e+00 -1.656319e+03 6.154713e+02 0.000000e+00 0.000000e+00 0.000000e+00 4.583483e+01 3.181706e+01 2.281388e+03 3.076594e+01 0.000000e+00 0.000000e+00 0.000000e+00 0.000000e+00 0.000000e+00 0.000000e+00 0.000000e+00 0.000000e+00 0.000000e+00
1.830000e-01 0.000000e+00 -1.651186e+03 6.095789e+02 0.000000e+00 0.000000e+00 0.000000e+00 4.564895e+01 3.165193e+01 2.274736e+03 3.102169e+01 0.000000e+00 0.000000e+00 0.000000e+00 0.000000e+00 0.000000e+00 0.000000e+00 0.000000e+00 0.000000e+00 0.000000e+00
1.840000e-01 0.000000e+00 -1.645900e+03 6.037024e+02 0.000000e+00 0.000000e+00 0.000000e+00 4.547098e+01 3.149472e+01 2.268069e+03 3.125621e+01 0.000000e+00 0.000000e+00 0.000000e+00 0.000000e+00 0.000000e+00 0.000000e+00 0.000000e+00 0.000000e+00 0.000000e+00
1.850000e-01 0.000000e+00 -1.640468e+03 5.978424e+02 0.000000e+00 0.000000e+00 0.000000e+00 4.530087e+01 3.134539e+01 2.261387e+03 3.146957e+01 0.000000e+00 0.000000e+00 0.000000e+00 0.000000e+00 0.000000e+00 0.000000e+00 0.000000e+00 0.000000e+00 0.000000e+00
1.860000e-01 0.000000e+00 -1.634896e+03 5.919991e+02 0.000000e+00 0.000000e+00 0.000000e+00 4.513856e+01 3.120388e+01 2.254693e+03 3.166181e+01 0.000000e+00 0.000000e+00 0.000000e+00 0.000000e+00 0.000000e+00 0.000000e+00 0.000000e+00 0.000000e+00 0.000000e+00
1.870000e-01 0.000000e+00 -1.629191e+03 5.861729e+02 0.000000e+00 0.000000e+00 0.000000e+00 4.498398e+01 3.107014e+01 2.247990e+03 3.183301e+01 0.000000e+00 0.000000e+00 0.000000e+00 0.000000e+00 0.000000e+00 0.000000e+00 0.000000e+00 0.000000e+00 0.000000e+00
1.880000e-01 0.000000e+00 -1.623359e+03 5.803642e+02 0.000000e+00 0.000000e+00 0.000000e+00 4.483707e+01 3.094412e+01 2.241279e+03 3.198323e+01 0.000000e+00 0.000000e+00 0.000000e+00 0.000000e+00 0.000000e+00 0.000000e+00 0.000000e+00 0.000000e+00 0.000000e+00
1.890000e-01 0.000000e+00 -1.617407e+03 5.745731e+02 0.000000e+00 0.000000e+00 0.000000e+00 4.469778e+01 3.082574e+01 2.234562e+03 3.211256e+01 0.000000e+00 0.000000e+00 0.000000e+00 0.000000e+00 0.000000e+00 0.000000e+00 0.000000e+00 0.000000e+00 0.000000e+00
1.900000e-01 0.000000e+00 -1.611340e+03 5.687998e+02 0.000000e+00 0.000000e+00 0.000000e+00 4.456603e+01 3.071496e+01 2.227842e+03 3.222108e+01 0.000000e+00 0.000000e+00 0.000000e+00 0.000000e+00 0.000000e+00 0.000000e+00 0.000000e+00 0.000000e+00 0.000000e+00
1.910000e-01 0.000000e+00 -1.605163e+03 5.630445e+02 0.000000e+00 0.000000e+00 0.000000e+00 4.444175e+01 3.061172e+01 2.221120e+03 3.230890e+01 0.000000e+00 0.000000e+00 0.000000e+00 0.000000e+00 0.000000e+00 0.000000e+00 0.000000e+00 0.000000e+00 0.000000e+00
1.920000e-01 0.000000e+00 -1.598884e+03 5.573073e+02 0.000000e+00 0.000000e+00 0.000000e+00 4.432487e+01 3.051593e+01 2.214398e+03 3.237613e+01 0.000000e+00 0.000000e+00 0.000000e+00 0.000000e+00 0.000000e+00 0.000000e+00 0.000000e+00 0.000000e+00 0.000000e+00
1.930000e-01 0.000000e+00 -1.592506e+03 5.515881e+02 0.000000e+00 0.000000e+00 0.000000e+00 4.421533e+01 3.042754e+01 2.207677e+03 3.242287e+01 0.000000e+00 0.000000e+00 0.000000e+00 0.000000e+00 0.000000e+00 0.000000e+00 0.000000e+00 0.000000e+00 0.000000e+00
1.940000e-01 0.000000e+00 -1.586037e+03 5.458870e+02 0.000000e+00 0.000000e+00 0.000000e+00 4.411304e+01 3.034649e+01 2.200960e+03 3.244924e+01 0.000000e+00 0.000000e+00 0.000000e+00 0.000000e+00 0.000000e+00 0.000000e+00 0.000000e+00 0.000000e+00 0.000000e+00
1.950000e-01 0.000000e+00 -1.579480e+03 5.402039e+02 0.000000e+00 0.000000e+00 0.000000e+00 4.401793e+01 3.027269e+01 2.194249e+03 3.245539e+01 0.000000e+00 0.000000e+00 0.000000e+00 0.000000e+00 0.000000e+00 0.000000e+00 0.000000e+00 0.000000e+00 0.000000e+00
1.960000e-01 0.000000e+00 -1.572842e+03 5.345387e+02 0.000000e+00 0.000000e+00 0.000000e+00 4.392992e+01 3.020607e+01 2.187544e+03 3.244144e+01 0.000000e+00 0.000000e+00 0.000000e+00 0.000000e+00 0.000000e+00 0.000000e+00 0.000000e+00 0.000000e+00 0.000000e+00
1.970000e-01 0.000000e+00 -1.566126e+03 5.288913e+02 0.000000e+00 0.000000e+00 0.000000e+00 4.384894e+01 3.014656e+01 2.180847e+03 3.240754e+01 0.000000e+00 0.000000e+00 0.000000e+00 0.000000e+00 0.000000e+00 0.000000e+00 0.000000e+00 0.000000e+00 0.000000e+00
1.980000e-01 0.000000e+00 -1.559339e+03 5.232616e+02 0.000000e+00 0.000000e+00 0.000000e+00 4.377490e+01 3.009409e+01 2.174160e+03 3.235384e+01 0.000000e+00 0.000000e+00 0.000000e+00 0.000000e+00 0.000000e+00 0.000000e+00 0.000000e+00 0.000000e+00 0.000000e+00
1.990000e-01 0.000000e+00 -1.552485e+03 5.176494e+02 0.000000e+00 0.000000e+00 0.000000e+00 4.370770e+01 3.004855e+01 2.167484e+03 3.228052e+01 0.000000e+00 0.000000e+00 0.000000e+00 0.000000e+00 0.000000e+00 0.000000e+00 0.000000e+00 0.000000e+00 0.000000e+00
2.000000e-01 0.000000e+00 -1.545571e+03 5.120543e+02 0.000000e+00 0.000000e+00 0.000000e+00 4.364726e+01 3.000987e+01 2.160821e+03 3.218777e+01 0.000000e+00 0.000000e+00 0.000000e+00 0.000000e+00 0.000000e+00 0.000000e+00 0.000000e+00 0.000000e+00 0.000000e+00
2.010000e-01 0.000000e+00 -1.538602e+03 5.064760e+02 0.000000e+00 0.000000e+00 0.000000e+00 4.359346e+01 2.997793e+01 2.154172e+03 3.207579e+01 0.000000e+00 0.000000e+00 0.000000e+00 0.000000e+00 0.000000e+00 0.000000e+00 0.000000e+00 0.000000e+00 0.000000e+00
2.020000e-01 0.000000e+00 -1.531583e+03 5.009143e+02 0.000000e+00 0.000000e+00 0.000000e+00 4.354622e+01 2.995266e+01 2.147538e+03 3.194478e+01 0.000000e+00 0.000000e+00 0.000000e+00 0.000000e+00 0.000000e+00 0.000000e+00 0.000000e+00 0.000000e+00 0.000000e+00
2.030000e-01 0.000000e+00 -1.524519e+03 4.953688e+02 0.000000e+00 0.000000e+00 0.000000e+00 4.350542e+01 2.993394e+01 2.140920e+03 3.179494e+01 0.000000e+00 0.000000e+00 0.000000e+00 0.000000e+00 0.000000e+00 0.000000e+00 0.000000e+00 0.000000e+00 0.000000e+00
2.040000e-01 0.000000e+00 -1.517415e+03 4.898391e+02 0.000000e+00 0.000000e+00 0.000000e+00 4.347097e+01 2.992169e+01 2.134320e+03 3.162650e+01 0.000000e+00 0.000000e+00 0.000000e+00 0.000000e+00 0.000000e+00 0.000000e+00 0.000000e+00 0.000000e+00 0.000000e+00
2.050000e-01 0.000000e+00 -1.510276e+03 4.843249e+02 0.000000e+00 0.000000e+00 0.000000e+00 4.344276e+01 2.991579e+01 2.127739e+03 3.143968e+01 0.000000e+00 0.000000e+00 0.000000e+00 0.000000e+00 0.000000e+00 0.000000e+00 0.000000e+00 0.000000e+00 0.000000e+00
2.060000e-01 0.000000e+00 -1.503106e+03 4.788257e+02 0.000000e+00 0.000000e+00 0.000000e+00 4.342068e+01 2.991615e+01 2.121178e+03 3.123472e+01 0.000000e+00 0.000000e+00 0.000000e+00 0.000000e+00 0.000000e+00 0.000000e+00 0.000000e+00 0.000000e+00 0.000000e+00
2.070000e-01 0.000000e+00 -1.495909e+03 4.733412e+02 0.000000e+00 0.000000e+00 0.000000e+00 4.340462e+01 2.992265e+01 2.114638e+03 3.101186e+01 0.000000e+00 0.000000e+00 0.000000e+00 0.000000e+00 0.000000e+00 0.000000e+00 0.000000e+00 0.000000e+00 0.000000e+00
2.080000e-01 0.000000e+00 -1.488691e+03 4.678709e+02 0.000000e+00 0.000000e+00 0.000000e+00 4.339448e+01 2.993519e+01 2.108119e+03 3.077135e+01 0.000000e+00 0.000000e+00 0.000000e+00 0.000000e+00 0.000000e+00 0.000000e+00 0.000000e+00 0.000000e+00 0.000000e+00
2.090000e-01 0.000000e+00 -1.481455e+03 4.624144e+02 0.000000e+00 0.000000e+00 0.000000e+00 4.339013e+01 2.995366e+01 2.101624e+03 3.051344e+01 0.000000e+00 0.000000e+00 0.000000e+00 0.000000e+00 0.000000e+00 0.000000e+00 0.000000e+00 0.000000e+00 0.000000e+00
2.100000e-01 0.000000e+00 -1.474206e+03 4.569713e+02 0.000000e+00 0.000000e+00 0.000000e+00 4.339146e+01 2.997794e+01 2.095152e+03 3.023841e+01 0.000000e+00 0.000000e+00 0.000000e+00 0.000000e+00 0.000000e+00 0.000000e+00 0.000000e+00 0.000000e+00 0.000000e+00
2.110000e-01 0.000000e+00 -1.466947e+03 4.515410e+02 0.000000e+00 0.000000e+00 0.000000e+00 4.339836e+01 3.000792e+01 2.088705e+03 2.994654e+01 0.000000e+00 0.000000e+00 0.000000e+00 0.000000e+00 0.000000e+00 0.000000e+00 0.000000e+00 0.000000e+00 0.000000e+00
2.120000e-01 0.000000e+00 -1.459682e+03 4.461232e+02 0.000000e+00 0.000000e+00 0.000000e+00 4.341070e+01 3.004349e+01 2.082284e+03 2.963809e+01 0.000000e+00 0.000000e+00 0.000000e+00 0.000000e+00 0.000000e+00 0.000000e+00 0.000000e+00 0.000000e+00 0.000000e+00
2.130000e-01 0.000000e+00 -1.452415e+03 4.407174e+02 0.000000e+00 0.000000e+00 0.000000e+00 4.342836e+01 3.008451e+01 2.075889e+03 2.931336e+01 0.000000e+00 0.000000e+00 0.000000e+00 0.000000e+00 0.000000e+00 0.000000e+00 0.000000e+00 0.000000e+00 0.000000e+00
2.140000e-01 0.000000e+00 -1.445150e+03 4.353231e+02 0.000000e+00 0.000000e+00 0.000000e+00 4.345124e+01 3.013088e+01 2.069521e+03 2.897264e+01 0.000000e+00 0.000000e+00 0.000000e+00 0.000000e+00 0.000000e+00 0.000000e+00 0.000000e+00 0.000000e+00 0.000000e+00
2.150000e-01 0.000000e+00 -1.437889e+03 4.299398e+02 0.000000e+00 0.000000e+00 0.000000e+00 4.347919e+01 3.018247e+01 2.063181e+03 2.861623e+01 0.000000e+00 0.000000e+00 0.000000e+00 0.000000e+00 0.000000e+00 0.000000e+00 0.000000e+00 0.000000e+00 0.000000e+00
2.160000e-01 0.000000e+00 -1.430636e+03 4.245670e+02 0.000000e+00 0.000000e+00 0.000000e+00 4.351210e+01 3.023916e+01 2.056869e+03 2.824445e+01 0.000000e+00 0.000000e+00 0.000000e+00 0.000000e+00 0.000000e+00 0.000000e+00 0.000000e+00 0.000000e+00 0.000000e+00
2.170000e-01 0.000000e+00 -1.423395e+03 4.192044e+02 0.000000e+00 0.000000e+00 0.000000e+00 4.354984e+01 3.030083e+01 2.050587e+03 2.785760e+01 0.000000e+00 0.000000e+00 0.000000e+00 0.000000e+00 0.000000e+00 0.000000e+00 0.000000e+00 0.000000e+00 0.000000e+00
2.180000e-01 0.000000e+00 -1.416167e+03 4.138514e+02 0.000000e+00 0.000000e+00 0.000000e+00 4.359228e+01 3.036734e+01 2.044334e+03 2.745600e+01 0.000000e+00 0.000000e+00 0.000000e+00 0.000000e+00 0.000000e+00 0.000000e+00 0.000000e+00 0.000000e+00 0.000000e+00
2.190000e-01 0.000000e+00 -1.408957e+03 4.085075e+02 0.000000e+00 0.000000e+00 0.000000e+00 4.363930e+01 3.043858e+01 2.038112e+03 2.703998e+01 0.000000e+00 0.000000e+00 0.000000e+00 0.000000e+00 0.000000e+00 0.000000e+00 0.000000e+00 0.000000e+00 0.000000e+00
2.200000e-01 0.000000e+00 -1.401768e+03 4.031723e+02 0.000000e+00 0.000000e+00 0.000000e+00 4.369077e+01 3.051440e+01 2.031920e+03 2.660988e+01 0.000000e+00 0.000000e+00 0.000000e+00 0.000000e+00 0.000000e+00 0.000000e+00 0.000000e+00 0.000000e+00 0.000000e+00
2.210000e-01 0.000000e+00 -1.394600e+03 3.978454e+02 0.000000e+00 0.000000e+00 0.000000e+00 4.374657e+01 3.059469e+01 2.025761e+03 2.616601e+01 0.000000e+00 0.000000e+00 0.000000e+00 0.000000e+00 0.000000e+00 0.000000e+00 0.000000e+00 0.000000e+00 0.000000e+00
2.220000e-01 0.000000e+00 -1.387459e+03 3.925261e+02 0.000000e+00 0.000000e+00 0.000000e+00 4.380654e+01 3.067931e+01 2.019633e+03 2.570876e+01 0.000000e+00 0.000000e+00 0.000000e+00 0.000000e+00 0.000000e+00 0.000000e+00 0.000000e+00 0.000000e+00 0.000000e+00
2.230000e-01 0.000000e+00 -1.380347e+03 3.872139e+02 0.000000e+00 0.000000e+00 0.000000e+00 4.387054e+01 3.076810e+01 2.013537e+03 2.523848e+01 0.000000e+00 0.000000e+00 0.000000e+00 0.000000e+00 0.000000e+00 0.000000e+00 0.000000e+00 0.000000e+00 0.000000e+00
2.240000e-01 0.000000e+00 -1.373267e+03 3.819084e+02 0.000000e+00 0.000000e+00 0.000000e+00 4.393842e+01 3.086092e+01 2.007475e+03 2.475556e+01 0.000000e+00 0.000000e+00 0.000000e+00 0.000000e+00 0.000000e+00 0.000000e+00 0.000000e+00 0.000000e+00 0.000000e+00
2.250000e-01 0.000000e+00 -1.366221e+03 3.766090e+02 0.000000e+00 0.000000e+00 0.000000e+00 4.401005e+01 3.095763e+01 2.001445e+03 2.426037e+01 0.000000e+00 0.000000e+00 0.000000e+00 0.000000e+00 0.000000e+00 0.000000e+00 0.000000e+00 0.000000e+00 0.000000e+00
2.260000e-01 0.000000e+00 -1.359214e+03 3.713153e+02 0.000000e+00 0.000000e+00 0.000000e+00 4.408527e+01 3.105808e+01 1.995450e+03 2.375328e+01 0.000000e+00 0.000000e+00 0.000000e+00 0.000000e+00 0.000000e+00 0.000000e+00 0.000000e+00 0.000000e+00 0.000000e+00
2.270000e-01 0.000000e+00 -1.352246e+03 3.660266e+02 0.000000e+00 0.000000e+00 0.000000e+00 4.416394e+01 3.116213e+01 1.989488e+03 2.323468e+01 0.000000e+00 0.000000e+00 0.000000e+00 0.000000e+00 0.000000e+00 0.000000e+00 0.000000e+00 0.000000e+00 0.000000e+00
2.280000e-01 0.000000e+00 -1.345321e+03 3.607426e+02 0.000000e+00 0.000000e+00 0.000000e+00 4.424591e+01 3.126962e+01 1.983561e+03 2.270498e+01 0.000000e+00 0.000000e+00 0.000000e+00 0.000000e+00 0.000000e+00 0.000000e+00 0.000000e+00 0.000000e+00 0.000000e+00
2.290000e-01 0.000000e+00 -1.338441e+03 3.554627e+02 0.000000e+00 0.000000e+00 0.000000e+00 4.433103e+01 3.138041e+01 1.977669e+03 2.216456e+01 0.000000e+00 0.000000e+00 0.000000e+00 0.000000e+00 0.000000e+00 0.000000e+00 0.000000e+00 0.000000e+00 0.000000e+00
2.300000e-01 0.000000e+00 -1.331608e+03 3.501864e+02 0.000000e+00 0.000000e+00 0.000000e+00 4.441915e+01 3.149435e+01 1.971812e+03 2.161383e+01 0.000000e+00 0.000000e+00 0.000000e+00 0.000000e+00 0.000000e+00 0.000000e+00 0.000000e+00 0.000000e+00 0.000000e+00
2.310000e-01 0.000000e+00 -1.324824e+03 3.449134e+02 0.000000e+00 0.000000e+00 0.000000e+00 4.451011e+01 3.161127e+01 1.965989e+03 2.105320e+01 0.000000e+00 0.000000e+00 0.000000e+00 0.000000e+00 0.000000e+00 0.000000e+00 0.000000e+00 0.000000e+00 0.000000e+00
2.320000e-01 0.000000e+00 -1.318092e+03 3.396430e+02 0.000000e+00 0.000000e+00 0.000000e+00 4.460376e+01 3.173103e+01 1.960203e+03 2.048308e+01 0.000000e+00 0.000000e+00 0.000000e+00 0.000000e+00 0.000000e+00 0.000000e+00 0.000000e+00 0.000000e+00 0.000000e+00
2.330000e-01 0.000000e+00 -1.311413e+03 3.343749e+02 0.000000e+00 0.000000e+00 0.000000e+00 4.469996e+01 3.185348e+01 1.954452e+03 1.990389e+01 0.000000e+00 0.000000e+00 0.000000e+00 0.000000e+00 0.000000e+00 0.000000e+00 0.000000e+00 0.000000e+00 0.000000e+00
2.340000e-01 0.000000e+00 -1.304789e+03 3.291086e+02 0.000000e+00 0.000000e+00 0.000000e+00 4.479854e+01 3.197845e+01 1.948737e+03 1.931605e+01 0.000000e+00 0.000000e+00 0.000000e+00 0.000000e+00 0.000000e+00 0.000000e+00 0.000000e+00 0.000000e+00 0.000000e+00
2.350000e-01 0.000000e+00 -1.298222e+03 3.238436e+02 0.000000e+00 0.000000e+00 0.000000e+00 4.489934e+01 3.210579e+01 1.943058e+03 1.871999e+01 0.000000e+00 0.000000e+00 0.000000e+00 0.000000e+00 0.000000e+00 0.000000e+00 0.000000e+00 0.000000e+00 0.000000e+00
2.360000e-01 0.000000e+00 -1.291714e+03 3.185795e+02 0.000000e+00 0.000000e+00 0.000000e+00 4.500222e+01 3.223534e+01 1.937416e+03 1.811614e+01 0.000000e+00 0.000000e+00 0.000000e+00 0.000000e+00 0.000000e+00 0.000000e+00 0.000000e+00 0.000000e+00 0.000000e+00
2.370000e-01 0.000000e+00 -1.285266e+03 3.133160e+02 0.000000e+00 0.000000e+00 0.000000e+00 4.510701e+01 3.236694e+01 1.931810e+03 1.750494e+01 0.000000e+00 0.000000e+00 0.000000e+00 0.000000e+00 0.000000e+00 0.000000e+00 0.000000e+00 0.000000e+00 0.000000e+00
2.380000e-01 0.000000e+00 -1.278879e+03 3.080524e+02 0.000000e+00 0.000000e+00 0.000000e+00 4.521355e+01 3.250044e+01 1.926241e+03 1.688682e+01 0.000000e+00 0.000000e+00 0.000000e+00 0.000000e+00 0.000000e+00 0.000000e+00 0.000000e+00 0.000000e+00 0.000000e+00
2.390000e-01 0.000000e+00 -1.272556e+03 3.027886e+02 0.000000e+00 0.000000e+00 0.000000e+00 4.532169e+01 3.263567e+01 1.920708e+03 1.626222e+01 0.000000e+00 0.000000e+00 0.000000e+00 0.000000e+00 0.000000e+00 0.000000e+00 0.000000e+00 0.000000e+00 0.000000e+00
2.400000e-01 0.000000e+00 -1.266297e+03 2.975240e+02 0.000000e+00 0.000000e+00 0.000000e+00 4.543127e+01 3.277247e+01 1.915212e+03 1.563159e+01 0.000000e+00 0.000000e+00 0.000000e+00 0.000000e+00 0.000000e+00 0.000000e+00 0.000000e+00 0.000000e+00 0.000000e+00
2.410000e-01 0.000000e+00 -1.260104e+03 2.922582e+02 0.000000e+00 0.000000e+00 0.000000e+00 4.554213e+01 3.291068e+01 1.909754e+03 1.499537e+01 0.000000e+00 0.000000e+00 0.000000e+00 0.000000e+00 0.000000e+00 0.000000e+00 0.000000e+00 0.000000e+00 0.000000e+00
2.420000e-01 0.000000e+00 -1.253978e+03 2.869910e+02 0.000000e+00 0.000000e+00 0.000000e+00 4.565411e+01 3.305015e+01 1.904332e+03 1.435401e+01 0.000000e+00 0.000000e+00 0.000000e+00 0.000000e+00 0.000000e+00 0.000000e+00 0.000000e+00 0.000000e+00 0.000000e+00
2.430000e-01 0.000000e+00 -1.247919e+03 2.817218e+02 0.000000e+00 0.000000e+00 0.000000e+00 4.576705e+01 3.319070e+01 1.898947e+03 1.370797e+01 0.000000e+00 0.000000e+00 0.000000e+00 0.000000e+00 0.000000e+00 0.000000e+00 0.000000e+00 0.000000e+00 0.000000e+00
2.440000e-01 0.000000e+00 -1.241929e+03 2.764504e+02 0.000000e+00 0.000000e+00 0.000000e+00 4.588079e+01 3.333218e+01 1.893600e+03 1.305769e+01 0.000000e+00 0.000000e+00 0.000000e+00 0.000000e+00 0.000000e+00 0.000000e+00 0.000000e+00 0.000000e+00 0.000000e+00
2.450000e-01 0.000000e+00 -1.236009e+03 2.711764e+02 0.000000e+00 0.000000e+00 0.000000e+00 4.599517e+01 3.347443e+01 1.888289e+03 1.240363e+01 0.000000e+00 0.000000e+00 0.000000e+00 0.000000e+00 0.000000e+00 0.000000e+00 0.000000e+00 0.000000e+00 0.000000e+00
2.460000e-01 0.000000e+00 -1.230160e+03 2.658995e+02 0.000000e+00 0.000000e+00 0.000000e+00 4.611003e+01 3.361728e+01 1.883016e+03 1.174626e+01 0.000000e+00 0.000000e+00 0.000000e+00 0.000000e+00 0.000000e+00 0.000000e+00 0.000000e+00 0.000000e+00 0.000000e+00
2.470000e-01 0.000000e+00 -1.224383e+03 2.606191e+02 0.000000e+00 0.000000e+00 0.000000e+00 4.622518e+01 3.376054e+01 1.877780e+03 1.108607e+01 0.000000e+00 0.000000e+00 0.000000e+00 0.000000e+00 0.000000e+00 0.000000e+00 0.000000e+00 0.000000e+00 0.000000e+00
2.480000e-01 0.000000e+00 -1.218679e+03 2.553348e+02 0.000000e+00 0.000000e+00 0.000000e+00 4.634046e+01 3.390404e+01 1.872581e+03 1.042354e+01 0.000000e+00 0.000000e+00 0.000000e+00 0.000000e+00 0.000000e+00 0.000000e+00 0.000000e+00 0.000000e+00 0.000000e+00
2.490000e-01 0.000000e+00 -1.213050e+03 2.500464e+02 0.000000e+00 0.000000e+00 0.000000e+00 4.645570e+01 3.404762e+01 1.867420e+03 9.759133e+00 0.000000e+00 0.000000e+00 0.000000e+00 0.000000e+00 0.000000e+00 0.000000e+00 0.000000e+00 0.000000e+00 0.000000e+00
2.500000e-01 0.000000e+00 -1.207495e+03 2.447535e+02 0.000000e+00 0.000000e+00 0.000000e+00 4.657073e+01 3.419112e+01 1.862295e+03 9.093328e+00 0.000000e+00 0.000000e+00 0.000000e+00 0.000000e+00 0.000000e+00 0.000000e+00 0.000000e+00 0.000000e+00 0.000000e+00
2.510000e-01 0.000000e+00 -1.202016e+03 2.394557e+02 0.000000e+00 0.000000e+00 0.000000e+00 4.668539e+01 3.433435e+01 1.857208e+03 8.426598e+00 0.000000e+00 0.000000e+00 0.000000e+00 0.000000e+00 0.000000e+00 0.000000e+00 0.000000e+00 0.000000e+00 0.000000e+00
2.520000e-01 0.000000e+00 -1.196613e+03 2.341528e+02 0.000000e+00 0.000000e+00 0.000000e+00 4.679951e+01 3.447716e+01 1.852158e+03 7.759421e+00 0.000000e+00 0.000000e+00 0.000000e+00 0.000000e+00 0.000000e+00 0.000000e+00 0.000000e+00 0.000000e+00 0.000000e+00
2.530000e-01 0.000000e+00 -1.191286e+03 2.288443e+02 0.000000e+00 0.000000e+00 0.000000e+00 4.691292e+01 3.461936e+01 1.847145e+03 7.092276e+00 0.000000e+00 0.000000e+00 0.000000e+00 0.000000e+00 0.000000e+00 0.000000e+00 0.000000e+00 0.000000e+00 0.000000e+00
2.540000e-01 0.000000e+00 -1.186037e+03 2.235300e+02 0.000000e+00 0.000000e+00 0.000000e+00 4.702546e+01 3.476080e+01 1.842169e+03 6.425646e+00 0.000000e+00 0.000000e+00 0.000000e+00 0.000000e+00 0.000000e+00 0.000000e+00 0.000000e+00 0.000000e+00 0.000000e+00
2.550000e-01 0.000000e+00 -1.180866e+03 2.182096e+02 0.000000e+00 0.000000e+00 0.000000e+00 4.713695e+01 3.490130e+01 1.837230e+03 5.760011e+00 0.000000e+00 0.000000e+00 0.000000e+00 0.000000e+00 0.000000e+00 0.000000e+00 0.000000e+00 0.000000e+00 0.000000e+00
2.560000e-01 0.000000e+00 -1.175772e+03 2.128826e+02 0.000000e+00 0.000000e+00 0.000000e+00 4.724723e+01 3.504069e+01 1.832328e+03 5.095856e+00 0.000000e+00 0.000000e+00 0.000000e+00 0.000000e+00 0.000000e+00 0.000000e+00 0.000000e+00 0.000000e+00 0.000000e+00
2.570000e-01 0.000000e+00 -1.170757e+03 2.075489e+02 0.000000e+00 0.000000e+00 0.000000e+00 4.735613e+01 3.517879e+01 1.827462e+03 4.433666e+00 0.000000e+00 0.000000e+00 0.000000e+00 0.000000e+00 0.000000e+00 0.000000e+00 0.000000e+00 0.000000e+00 0.000000e+00
2.580000e-01 0.000000e+00 -1.165820e+03 2.022080e+02 0.000000e+00 0.000000e+00 0.000000e+00 4.746348e+01 3.531545e+01 1.822634e+03 3.773925e+00 0.000000e+00 0.000000e+00 0.000000e+00 0.000000e+00 0.000000e+00 0.000000e+00 0.000000e+00 0.000000e+00 0.000000e+00
2.590000e-01 0.000000e+00 -1.160963e+03 1.968597e+02 0.000000e+00 0.000000e+00 0.000000e+00 4.756912e+01 3.545048e+01 1.817842e+03 3.117120e+00 0.000000e+00 0.000000e+00 0.000000e+00 0.000000e+00 0.000000e+00 0.000000e+00 0.000000e+00 0.000000e+00 0.000000e+00
2.600000e-01 0.000000e+00 -1.156184e+03 1.915038e+02 0.000000e+00 0.000000e+00 0.000000e+00 4.767286e+01 3.558371e+01 1.813086e+03 2.463737e+00 0.000000e+00 0.000000e+00 0.000000e+00 0.000000e+00 0.000000e+00 0.000000e+00 0.000000e+00 0.000000e+00 0.000000e+00
2.610000e-01 0.000000e+00 -1.151485e+03 1.861397e+02 0.000000e+00 0.000000e+00 0.000000e+00 4.777455e+01 3.571498e+01 1.808367e+03 1.814262e+00 0.000000e+00 0.000000e+00 0.000000e+00 0.000000e+00 0.000000e+00 0.000000e+00 0.000000e+00 0.000000e+00 0.000000e+00
2.620000e-01 0.000000e+00 -1.146865e+03 1.807674e+02 0.000000e+00 0.000000e+00 0.000000e+00 4.787402e+01 3.584412e+01 1.803685e+03 1.169181e+00 0.000000e+00 0.000000e+00 0.000000e+00 0.000000e+00 0.000000e+00 0.000000e+00 0.000000e+00 0.000000e+00 0.000000e+00
2.630000e-01 0.000000e+00 -1.142325e+03 1.753865e+02 0.000000e+00 0.000000e+00 0.000000e+00 4.797110e+01 3.597095e+01 1.799038e+03 5.289786e-01 0.000000e+00 0.000000e+00 0.000000e+00 0.000000e+00 0.000000e+00 0.000000e+00 0.000000e+00 0.000000e+00 0.000000e+00
2.640000e-01 0.000000e+00 -1.137864e+03 1.699967e+02 0.000000e+00 0.000000e+00 0.000000e+00 4.806562e+01 3.609530e+01 1.794428e+03 -1.058594e-01 0.000000e+00 0.000000e+00 0.000000e+00 0.000000e+00 0.000000e+00 0.000000e+00 0.000000e+00 0.000000e+00 0.000000e+00
2.650000e-01 0.000000e+00 -1.133483e+03 1.645977e+02 0.000000e+00 0.000000e+00 0.000000e+00 4.815741e+01 3.621701e+01 1.789853e+03 -7.348493e-01 0.000000e+00 0.000000e+00 0.000000e+00 0.000000e+00 0.000000e+00 0.000000e+00 0.000000e+00 0.000000e+00 0.000000e+00
2.660000e-01 0.000000e+00 -1.129181e+03 1.591892e+02 0.000000e+00 0.000000e+00 0.000000e+00 4.824631e+01 3.633590e+01 1.785315e+03 -1.357508e+00 0.000000e+00 0.000000e+00 0.000000e+00 0.000000e+00 0.000000e+00 0.000000e+00 0.000000e+00 0.000000e+00 0.000000e+00
2.670000e-01 0.000000e+00 -1.124958e+03 1.537711e+02 0.000000e+00 0.000000e+00 0.000000e+00 4.833215e+01 3.645181e+01 1.780812e+03 -1.973354e+00 0.000000e+00 0.000000e+00 0.000000e+00 0.000000e+00 0.000000e+00 0.000000e+00 0.000000e+00 0.000000e+00 0.000000e+00
2.680000e-01 0.000000e+00 -1.120815e+03 1.483429e+02 0.000000e+00 0.000000e+00 0.000000e+00 4.841477e+01 3.656457e+01 1.776345e+03 -2.581908e+00 0.000000e+00 0.000000e+00 0.000000e+00 0.000000e+00 0.000000e+00 0.000000e+00 0.000000e+00 0.000000e+00 0.000000e+00
2.690000e-01 0.000000e+00 -1.116750e+03 1.429044e+02 0.000000e+00 0.000000e+00 0.000000e+00 4.849401e+01 3.667401e+01 1.771913e+03 -3.182690e+00 0.000000e+00 0.000000e+00 0.000000e+00 0.000000e+00 0.000000e+00 0.000000e+00 0.000000e+00 0.000000e+00 0.000000e+00
2.700000e-01 0.000000e+00 -1.112764e+03 1.374554e+02 0.000000e+00 0.000000e+00 0.000000e+00 4.856969e+01 3.677996e+01 1.767516e+03 -3.775224e+00 0.000000e+00 0.000000e+00 0.000000e+00 0.000000e+00 0.000000e+00 0.000000e+00 0.000000e+00 0.000000e+00 0.000000e+00
2.710000e-01 0.000000e+00 -1.108856e+03 1.319956e+02 0.000000e+00 0.000000e+00 0.000000e+00 4.864165e+01 3.688227e+01 1.763154e+03 -4.359036e+00 0.000000e+00 0.000000e+00 0.000000e+00 0.000000e+00 0.000000e+00 0.000000e+00 0.000000e+00 0.000000e+00 0.000000e+00
2.720000e-01 0.000000e+00 -1.105027e+03 1.265247e+02 0.000000e+00 0.000000e+00 0.000000e+00 4.870974e+01 3.698076e+01 1.758828e+03 -4.933655e+00 0.000000e+00 0.000000e+00 0.000000e+00 0.000000e+00 0.000000e+00 0.000000e+00 0.000000e+00 0.000000e+00 0.000000e+00
2.730000e-01 0.000000e+00 -1.101275e+03 1.210424e+02 0.000000e+00 0.000000e+00 0.000000e+00 4.877378e+01 3.707527e+01 1.754536e+03 -5.498601e+00 0.000000e+00 0.000000e+00 0.000000e+00 0.000000e+00 0.000000e+00 0.000000e+00 0.000000e+00 0.000000e+00 0.000000e+00
2.740000e-01 0.000000e+00 -1.097601e+03 1.155484e+02 0.000000e+00 0.000000e+00 0.000000e+00 4.883361e+01 3.716562e+01 1.750279e+03 -6.053384e+00 0.000000e+00 0.000000e+00 0.000000e+00 0.000000e+00 0.000000e+00 0.000000e+00 0.000000e+00 0.000000e+00 0.000000e+00
2.750000e-01 0.000000e+00 -1.094004e+03 1.100424e+02 0.000000e+00 0.000000e+00 0.000000e+00 4.888906e+01 3.725166e+01 1.746057e+03 -6.597544e+00 0.000000e+00 0.000000e+00 0.000000e+00 0.000000e+00 0.000000e+00 0.000000e+00 0.000000e+00 0.000000e+00 0.000000e+00
2.760000e-01 0.000000e+00 -1.090484e+03 1.045243e+02 0.000000e+00 0.000000e+00 0.000000e+00 4.893998e+01 3.733322e+01 1.741868e+03 -7.130622e+00 0.000000e+00 0.000000e+00 0.000000e+00 0.000000e+00 0.000000e+00 0.000000e+00 0.000000e+00 0.000000e+00 0.000000e+00
2.770000e-01 0.000000e+00 -1.087040e+03 9.899374e+01 0.000000e+00 0.000000e+00 0.000000e+00 4.898622e+01 3.741015e+01 1.737714e+03 -7.652163e+00 0.000000e+00 0.000000e+00 0.000000e+00 0.000000e+00 0.000000e+00 0.000000e+00 0.000000e+00 0.000000e+00 0.000000e+00
2.780000e-01 0.000000e+00 -1.083671e+03 9.345050e+01 0.000000e+00 0.000000e+00 0.000000e+00 4.902763e+01 3.748229e+01 1.733594e+03 -8.161714e+00 0.000000e+00 0.000000e+00 0.000000e+00 0.000000e+00 0.000000e+00 0.000000e+00 0.000000e+00 0.000000e+00 0.000000e+00
2.790000e-01 0.000000e+00 -1.080377e+03 8.789435e+01 0.000000e+00 0.000000e+00 0.000000e+00 4.906404e+01 3.754948e+01 1.729508e+03 -8.658823e+00 0.000000e+00 0.000000e+00 0.000000e+00 0.000000e+00 0.000000e+00 0.000000e+00 0.000000e+00 0.000000e+00 0.000000e+00
2.800000e-01 0.000000e+00 -1.077157e+03 8.232505e+01 0.000000e+00 0.000000e+00 0.000000e+00 4.909531e+01 3.761157e+01 1.725456e+03 -9.143043e+00 0.000000e+00 0.000000e+00 0.000000e+00 0.000000e+00 0.000000e+00 0.000000e+00 0.000000e+00 0.000000e+00 0.000000e+00
2.810000e-01 0.000000e+00 -1.074011e+03 7.674234e+01 0.000000e+00 0.000000e+00 0.000000e+00 4.912128e+01 3.766841e+01 1.721437e+03 -9.613927e+00 0.000000e+00 0.000000e+00 0.000000e+00 0.000000e+00 0.000000e+00 0.000000e+00 0.000000e+00 0.000000e+00 0.000000e+00
2.820000e-01 0.000000e+00 -1.070937e+03 7.114598e+01 0.000000e+00 0.000000e+00 0.000000e+00 4.914180e+01 3.771985e+01 1.717451e+03 -1.007103e+01 0.000000e+00 0.000000e+00 0.000000e+00 0.000000e+00 0.000000e+00 0.000000e+00 0.000000e+00 0.000000e+00 0.000000e+00
2.830000e-01 0.000000e+00 -1.067936e+03 6.553572e+01 0.000000e+00 0.000000e+00 0.000000e+00 4.915673e+01 3.776572e+01 1.713498e+03 -1.051392e+01 0.000000e+00 0.000000e+00 0.000000e+00 0.000000e+00 0.000000e+00 0.000000e+00 0.000000e+00 0.000000e+00 0.000000e+00
2.840000e-01 0.000000e+00 -1.065007e+03 5.991128e+01 0.000000e+00 0.000000e+00 0.000000e+00 4.916591e+01 3.780588e+01 1.709579e+03 -1.094216e+01 0.000000e+00 0.000000e+00 0.000000e+00 0.000000e+00 0.000000e+00 0.000000e+00 0.000000e+00 0.000000e+00 0.000000e+00
2.850000e-01 0.000000e+00 -1.062148e+03 5.427242e+01 0.000000e+00 0.000000e+00 0.000000e+00 4.916920e+01 3.784018e+01 1.705692e+03 -1.135531e+01 0.000000e+00 0.000000e+00 0.000000e+00 0.000000e+00 0.000000e+00 0.000000e+00 0.000000e+00 0.000000e+00 0.000000e+00
2.860000e-01 0.000000e+00 -1.059359e+03 4.861885e+01 0.000000e+00 0.000000e+00 0.000000e+00 4.916645e+01 3.786847e+01 1.701837e+03 -1.175294e+01 0.000000e+00 0.000000e+00 0.000000e+00 0.000000e+00 0.000000e+00 0.000000e+00 0.000000e+00 0.000000e+00 0.000000e+00
2.870000e-01 0.000000e+00 -1.056640e+03 4.295033e+01 0.000000e+00 0.000000e+00 0.000000e+00 4.915750e+01 3.789060e+01 1.698015e+03 -1.213464e+01 0.000000e+00 0.000000e+00 0.000000e+00 0.000000e+00 0.000000e+00 0.000000e+00 0.000000e+00 0.000000e+00 0.000000e+00
2.880000e-01 0.000000e+00 -1.053989e+03 3.726656e+01 0.000000e+00 0.000000e+00 0.000000e+00 4.914223e+01 3.790642e+01 1.694226e+03 -1.249997e+01 0.000000e+00 0.000000e+00 0.000000e+00 0.000000e+00 0.000000e+00 0.000000e+00 0.000000e+00 0.000000e+00 0.000000e+00
2.890000e-01 0.000000e+00 -1.051406e+03 3.156728e+01 0.000000e+00 0.000000e+00 0.000000e+00 4.912047e+01 3.791579e+01 1.690468e+03 -1.284852e+01 0.000000e+00 0.000000e+00 0.000000e+00 0.000000e+00 0.000000e+00 0.000000e+00 0.000000e+00 0.000000e+00 0.000000e+00
2.900000e-01 0.000000e+00 -1.048890e+03 2.585220e+01 0.000000e+00 0.000000e+00 0.000000e+00 4.909210e+01 3.791857e+01 1.686743e+03 -1.317988e+01 0.000000e+00 0.000000e+00 0.000000e+00 0.000000e+00 0.000000e+00 0.000000e+00 0.000000e+00 0.000000e+00 0.000000e+00
2.910000e-01 0.000000e+00 -1.046441e+03 2.012104e+01 0.000000e+00 0.000000e+00 0.000000e+00 4.905697e+01 3.791460e+01 1.683048e+03 -1.349364e+01 0.000000e+00 0.000000e+00 0.000000e+00 0.000000e+00 0.000000e+00 0.000000e+00 0.000000e+00 0.000000e+00 0.000000e+00
2.920000e-01 0.000000e+00 -1.044058e+03 1.437351e+01 0.000000e+00 0.000000e+00 0.000000e+00 4.901493e+01 3.790376e+01 1.679386e+03 -1.378940e+01 0.000000e+00 0.000000e+00 0.000000e+00 0.000000e+00 0.000000e+00 0.000000e+00 0.000000e+00 0.000000e+00 0.000000e+00
2.930000e-01 0.000000e+00 -1.041739e+03 8.609317e+00 0.000000e+00 0.000000e+00 0.000000e+00 4.896585e+01 3.788589e+01 1.675755e+03 -1.406675e+01 0.000000e+00 0.000000e+00 0.000000e+00 0.000000e+00 0.000000e+00 0.000000e+00 0.000000e+00 0.000000e+00 0.000000e+00
2.940000e-01 0.000000e+00 -1.039484e+03 2.828163e+00 0.000000e+00 0.000000e+00 0.000000e+00 4.890960e+01 3.786086e+01 1.672154e+03 -1.432530e+01 0.000000e+00 0.000000e+00 0.000000e+00 0.000000e+00 0.000000e+00 0.000000e+00 0.000000e+00 0.000000e+00 0.000000e+00
2.950000e-01 0.000000e+00 -1.037292e+03 -2.970253e+00 0.000000e+00 0.000000e+00 0.000000e+00 4.884603e+01 3.782853e+01 1.668585e+03 -1.456466e+01 0.000000e+00 0.000000e+00 0.000000e+00 0.000000e+00 0.000000e+00 0.000000e+00 0.000000e+00 0.000000e+00 0.000000e+00
2.960000e-01 0.000000e+00 -1.035163e+03 -8.786234e+00 0.000000e+00 0.000000e+00 0.000000e+00 4.877501e+01 3.778878e+01 1.665047e+03 -1.478445e+01 0.000000e+00 0.000000e+00 0.000000e+00 0.000000e+00 0.000000e+00 0.000000e+00 0.000000e+00 0.000000e+00 0.000000e+00
2.970000e-01 0.000000e+00 -1.033096e+03 -1.462009e+01 0.000000e+00 0.000000e+00 0.000000e+00 4.869640e+01 3.774145e+01 1.661539e+03 -1.498429e+01 0.000000e+00 0.000000e+00 0.000000e+00 0.000000e+00 0.000000e+00 0.000000e+00 0.000000e+00 0.000000e+00 0.000000e+00
2.980000e-01 0.000000e+00 -1.031090e+03 -2.047214e+01 0.000000e+00 0.000000e+00 0.000000e+00 4.861009e+01 3.768642e+01 1.658061e+03 -1.516380e+01 0.000000e+00 0.000000e+00 0.000000e+00 0.000000e+00 0.000000e+00 0.000000e+00 0.000000e+00 0.000000e+00 0.000000e+00
2.990000e-01 0.000000e+00 -1.029143e+03 -2.634266e+01 0.000000e+00 0.000000e+00 0.000000e+00 4.851593e+01 3.762357e+01 1.654614e+03 -1.532263e+01 0.000000e+00 0.000000e+00 0.000000e+00 0.000000e+00 0.000000e+00 0.000000e+00 0.000000e+00 0.000000e+00 0.000000e+00
3.000000e-01 0.000000e+00 -1.027255e+03 -3.223189e+01 0.000000e+00 0.000000e+00 0.000000e+00 4.841382e+01 3.755277e+01 1.651196e+03 -1.546043e+01 0.000000e+00 0.000000e+00 0.000000e+00 0.000000e+00 0.000000e+00 0.000000e+00 0.000000e+00 0.000000e+00 0.000000e+00
3.010000e-01 0.000000e+00 -1.025425e+03 -3.814007e+01 0.000000e+00 0.000000e+00 0.000000e+00 4.830365e+01 3.747392e+01 1.647809e+03 -1.557687e+01 0.000000e+00 0.000000e+00 0.000000e+00 0.000000e+00 0.000000e+00 0.000000e+00 0.000000e+00 0.000000e+00 0.000000e+00
3.020000e-01 0.000000e+00 -1.023652e+03 -4.406744e+01 0.000000e+00 0.000000e+00 0.000000e+00 4.818529e+01 3.738690e+01 1.644451e+03 -1.567161e+01 0.000000e+00 0.000000e+00 0.000000e+00 0.000000e+00 0.000000e+00 0.000000e+00 0.000000e+00 0.000000e+00 0.000000e+00
3.030000e-01 0.000000e+00 -1.021934e+03 -5.001428e+01 0.000000e+00 0.000000e+00 0.000000e+00 4.805864e+01 3.729159e+01 1.641122e+03 -1.574433e+01 0.000000e+00 0.000000e+00 0.000000e+00 0.000000e+00 0.000000e+00 0.000000e+00 0.000000e+00 0.000000e+00 0.000000e+00
3.040000e-01 0.000000e+00 -1.020271e+03 -5.598083e+01 0.000000e+00 0.000000e+00 0.000000e+00 4.792359e+01 3.718788e+01 1.637823e+03 -1.579471e+01 0.000000e+00 0.000000e+00 0.000000e+00 0.000000e+00 0.000000e+00 0.000000e+00 0.000000e+00 0.000000e+00 0.000000e+00
3.050000e-01 0.000000e+00 -1.018662e+03 -6.196736e+01 0.000000e+00 0.000000e+00 0.000000e+00 4.778004e+01 3.707567e+01 1.634552e+03 -1.582244e+01 0.000000e+00 0.000000e+00 0.000000e+00 0.000000e+00 0.000000e+00 0.000000e+00 0.000000e+00 0.000000e+00 0.000000e+00
3.060000e-01 0.000000e+00 -1.017105e+03 -6.797414e+01 0.000000e+00 0.000000e+00 0.000000e+00 4.762787e+01 3.695485e+01 1.631311e+03 -1.582720e+01 0.000000e+00 0.000000e+00 0.000000e+00 0.000000e+00 0.000000e+00 0.000000e+00 0.000000e+00 0.000000e+00 0.000000e+00
3.070000e-01 0.000000e+00 -1.015600e+03 -7.400145e+01 0.000000e+00 0.000000e+00 0.000000e+00 4.746698e+01 3.682531e+01 1.628098e+03 -1.580869e+01 0.000000e+00 0.000000e+00 0.000000e+00 0.000000e+00 0.000000e+00 0.000000e+00 0.000000e+00 0.000000e+00 0.000000e+00
3.080000e-01 0.000000e+00 -1.014146e+03 -8.004955e+01 0.000000e+00 0.000000e+00 0.000000e+00 4.729727e+01 3.668695e+01 1.624914e+03 -1.576663e+01 0.000000e+00 0.000000e+00 0.000000e+00 0.000000e+00 0.000000e+00 0.000000e+00 0.000000e+00 0.000000e+00 0.000000e+00
3.090000e-01 0.000000e+00 -1.012741e+03 -8.611873e+01 0.000000e+00 0.000000e+00 0.000000e+00 4.711865e+01 3.653968e+01 1.621758e+03 -1.570073e+01 0.000000e+00 0.000000e+00 0.000000e+00 0.000000e+00 0.000000e+00 0.000000e+00 0.000000e+00 0.000000e+00 0.000000e+00
3.100000e-01 0.000000e+00 -1.011385e+03 -9.220928e+01 0.000000e+00 0.000000e+00 0.000000e+00 4.693101e+01 3.638338e+01 1.618630e+03 -1.561070e+01 0.000000e+00 0.000000e+00 0.000000e+00 0.000000e+00 0.000000e+00 0.000000e+00 0.000000e+00 0.000000e+00 0.000000e+00
3.110000e-01 0.000000e+00 -1.010076e+03 -9.832148e+01 0.000000e+00 0.000000e+00 0.000000e+00 4.673426e+01 3.621798e+01 1.615530e+03 -1.549628e+01 0.000000e+00 0.000000e+00 0.000000e+00 0.000000e+00 0.000000e+00 0.000000e+00 0.000000e+00 0.000000e+00 0.000000e+00
3.120000e-01 0.000000e+00 -1.008815e+03 -1.044556e+02 0.000000e+00 0.000000e+00 0.000000e+00 4.652831e+01 3.604337e+01 1.612457e+03 -1.535719e+01 0.000000e+00 0.000000e+00 0.000000e+00 0.000000e+00 0.000000e+00 0.000000e+00 0.000000e+00 0.000000e+00 0.000000e+00
3.130000e-01 0.000000e+00 -1.007599e+03 -1.106120e+02 0.000000e+00 0.000000e+00 0.000000e+00 4.631306e+01 3.585946e+01 1.609412e+03 -1.519319e+01 0.000000e+00 0.000000e+00 0.000000e+00 0.000000e+00 0.000000e+00 0.000000e+00 0.000000e+00 0.000000e+00 0.000000e+00
3.140000e-01 0.000000e+00 -1.006428e+03 -1.167909e+02 0.000000e+00 0.000000e+00 0.000000e+00 4.608843e+01 3.566616e+01 1.606395e+03 -1.500402e+01 0.000000e+00 0.000000e+00 0.000000e+00 0.000000e+00 0.000000e+00 0.000000e+00 0.000000e+00 0.000000e+00 0.000000e+00
3.150000e-01 0.000000e+00 -1.005301e+03 -1.229927e+02 0.000000e+00 0.000000e+00 0.000000e+00 4.585434e+01 3.546340e+01 1.603405e+03 -1.478944e+01 0.000000e+00 0.000000e+00 0.000000e+00 0.000000e+00 0.000000e+00 0.000000e+00 0.000000e+00 0.000000e+00 0.000000e+00
3.160000e-01 0.000000e+00 -1.004217e+03 -1.292176e+02 0.000000e+00 0.000000e+00 0.000000e+00 4.561069e+01 3.525107e+01 1.600441e+03 -1.454920e+01 0.000000e+00 0.000000e+00 0.000000e+00 0.000000e+00 0.000000e+00 0.000000e+00 0.000000e+00 0.000000e+00 0.000000e+00
3.170000e-01 0.000000e+00 -1.003176e+03 -1.354660e+02 0.000000e+00 0.000000e+00 0.000000e+00 4.535741e+01 3.502911e+01 1.597505e+03 -1.428309e+01 0.000000e+00 0.000000e+00 0.000000e+00 0.000000e+00 0.000000e+00 0.000000e+00 0.000000e+00 0.000000e+00 0.000000e+00
3.180000e-01 0.000000e+00 -1.002175e+03 -1.417381e+02 0.000000e+00 0.000000e+00 0.000000e+00 4.509441e+01 3.479744e+01 1.594595e+03 -1.399089e+01 0.000000e+00 0.000000e+00 0.000000e+00 0.000000e+00 0.000000e+00 0.000000e+00 0.000000e+00 0.000000e+00 0.000000e+00
3.190000e-01 0.000000e+00 -1.001215e+03 -1.480344e+02 0.000000e+00 0.000000e+00 0.000000e+00 4.482163e+01 3.455597e+01 1.591711e+03 -1.367237e+01 0.000000e+00 0.000000e+00 0.000000e+00 0.000000e+00 0.000000e+00 0.000000e+00 0.000000e+00 0.000000e+00 0.000000e+00
3.200000e-01 0.000000e+00 -1.000294e+03 -1.543550e+02 0.000000e+00 0.000000e+00 0.000000e+00 4.453898e+01 3.430463e+01 1.588854e+03 -1.332735e+01 0.000000e+00 0.000000e+00 0.000000e+00 0.000000e+00 0.000000e+00 0.000000e+00 0.000000e+00 0.000000e+00 0.000000e+00
3.210000e-01 0.000000e+00 -9.994117e+02 -1.607004e+02 0.000000e+00 0.000000e+00 0.000000e+00 4.424639e+01 3.404335e+01 1.586023e+03 -1.295561e+01 0.000000e+00 0.000000e+00 0.000000e+00 0.000000e+00 0.000000e+00 0.000000e+00 0.000000e+00 0.000000e+00 0.000000e+00
3.220000e-01 0.000000e+00 -9.985673e+02 -1.670708e+02 0.000000e+00 0.000000e+00 0.000000e+00 4.394380e+01 3.377206e+01 1.583217e+03 -1.255697e+01 0.000000e+00 0.000000e+00 0.000000e+00 0.000000e+00 0.000000e+00 0.000000e+00 0.000000e+00 0.000000e+00 0.000000e+00
3.230000e-01 0.000000e+00 -9.977598e+02 -1.734666e+02 0.000000e+00 0.000000e+00 0.000000e+00 4.363113e+01 3.349069e+01 1.580438e+03 -1.213124e+01 0.000000e+00 0.000000e+00 0.000000e+00 0.000000e+00 0.000000e+00 0.000000e+00 0.000000e+00 0.000000e+00 0.000000e+00
3.240000e-01 0.000000e+00 -9.969885e+02 -1.798882e+02 0.000000e+00 0.000000e+00 0.000000e+00 4.330832e+01 3.319919e+01 1.577684e+03 -1.167827e+01 0.000000e+00 0.000000e+00 0.000000e+00 0.000000e+00 0.000000e+00 0.000000e+00 0.000000e+00 0.000000e+00 0.000000e+00
3.250000e-01 0.000000e+00 -9.962523e+02 -1.863356e+02 0.000000e+00 0.000000e+00 0.000000e+00 4.297533e+01 3.289749e+01 1.574955e+03 -1.119790e+01 0.000000e+00 0.000000e+00 0.000000e+00 0.000000e+00 0.000000e+00 0.000000e+00 0.000000e+00 0.000000e+00 0.000000e+00
3.260000e-01 0.000000e+00 -9.955501e+02 -1.928092e+02 0.000000e+00 0.000000e+00 0.000000e+00 4.263212e+01 3.258558e+01 1.572251e+03 -1.069002e+01 0.000000e+00 0.000000e+00 0.000000e+00 0.000000e+00 0.000000e+00 0.000000e+00 0.000000e+00 0.000000e+00 0.000000e+00
3.270000e-01 0.000000e+00 -9.948811e+02 -1.993092e+02 0.000000e+00 0.000000e+00 0.000000e+00 4.227865e+01 3.226339e+01 1.569572e+03 -1.015450e+01 0.000000e+00 0.000000e+00 0.000000e+00 0.000000e+00 0.000000e+00 0.000000e+00 0.000000e+00 0.000000e+00 0.000000e+00
3.280000e-01 0.000000e+00 -9.942443e+02 -2.058358e+02 0.000000e+00 0.000000e+00 0.000000e+00 4.191485e+01 3.193089e+01 1.566919e+03 -9.591203e+00 0.000000e+00 0.000000e+00 0.000000e+00 0.000000e+00 0.000000e+00 0.000000e+00 0.000000e+00 0.000000e+00 0.000000e+00
3.290000e-01 0.000000e+00 -9.936388e+02 -2.123893e+02 0.000000e+00 0.000000e+00 0.000000e+00 4.154071e+01 3.158802e+01 1.564289e+03 -9.000023e+00 0.000000e+00 0.000000e+00 0.000000e+00 0.000000e+00 0.000000e+00 0.000000e+00 0.000000e+00 0.000000e+00 0.000000e+00
3.300000e-01 0.000000e+00 -9.930640e+02 -2.189701e+02 0.000000e+00 0.000000e+00 0.000000e+00 4.115616e+01 3.123476e+01 1.561684e+03 -8.380852e+00 0.000000e+00 0.000000e+00 0.000000e+00 0.000000e+00 0.000000e+00 0.000000e+00 0.000000e+00 0.000000e+00 0.000000e+00
3.310000e-01 0.000000e+00 -9.925189e+02 -2.255784e+02 0.000000e+00 0.000000e+00 0.000000e+00 4.076119e+01 3.087107e+01 1.559104e+03 -7.733590e+00 0.000000e+00 0.000000e+00 0.000000e+00 0.000000e+00 0.000000e+00 0.000000e+00 0.000000e+00 0.000000e+00 0.000000e+00
3.320000e-01 0.000000e+00 -9.920028e+02 -2.322144e+02 0.000000e+00 0.000000e+00 0.000000e+00 4.035575e+01 3.049691e+01 1.556547e+03 -7.058152e+00 0.000000e+00 0.000000e+00 0.000000e+00 0.000000e+00 0.000000e+00 0.000000e+00 0.000000e+00 0.000000e+00 0.000000e+00
3.330000e-01 0.000000e+00 -9.915148e+02 -2.388784e+02 0.000000e+00 0.000000e+00 0.000000e+00 3.993982e+01 3.011225e+01 1.554015e+03 -6.354460e+00 0.000000e+00 0.000000e+00 0.000000e+00 0.000000e+00 0.000000e+00 0.000000e+00 0.000000e+00 0.000000e+00 0.000000e+00
3.340000e-01 0.000000e+00 -9.910542e+02 -2.455707e+02 0.000000e+00 0.000000e+00 0.000000e+00 3.951338e+01 2.971708e+01 1.551506e+03 -5.622444e+00 0.000000e+00 0.000000e+00 0.000000e+00 0.000000e+00 0.000000e+00 0.000000e+00 0.000000e+00 0.000000e+00 0.000000e+00
3.350000e-01 0.000000e+00 -9.906203e+02 -2.522915e+02 0.000000e+00 0.000000e+00 0.000000e+00 3.907639e+01 2.931137e+01 1.549021e+03 -4.862047e+00 0.000000e+00 0.000000e+00 0.000000e+00 0.000000e+00 0.000000e+00 0.000000e+00 0.000000e+00 0.000000e+00 0.000000e+00
3.360000e-01 0.000000e+00 -9.902122e+02 -2.590411e+02 0.000000e+00 0.000000e+00 0.000000e+00 3.862884e+01 2.889509e+01 1.546559e+03 -4.073220e+00 0.000000e+00 0.000000e+00 0.000000e+00 0.000000e+00 0.000000e+00 0.000000e+00 0.000000e+00 0.000000e+00 0.000000e+00
3.370000e-01 0.000000e+00 -9.898293e+02 -2.658198e+02 0.000000e+00 0.000000e+00 0.000000e+00 3.817072e+01 2.846825e+01 1.544120e+03 -3.255924e+00 0.000000e+00 0.000000e+00 0.000000e+00 0.000000e+00 0.000000e+00 0.000000e+00 0.000000e+00 0.000000e+00 0.000000e+00
3.380000e-01 0.000000e+00 -9.894709e+02 -2.726278e+02 0.000000e+00 0.000000e+00 0.000000e+00 3.770200e+01 2.803081e+01 1.541705e+03 -2.410129e+00 0.000000e+00 0.000000e+00 0.000000e+00 0.000000e+00 0.000000e+00 0.000000e+00 0.000000e+00 0.000000e+00 0.000000e+00
3.390000e-01 0.000000e+00 -9.891363e+02 -2.794653e+02 0.000000e+00 0.000000e+00 0.000000e+00 3.722269e+01 2.758277e+01 1.539312e+03 -1.535814e+00 0.000000e+00 0.000000e+00 0.000000e+00 0.000000e+00 0.000000e+00 0.000000e+00 0.000000e+00 0.000000e+00 0.000000e+00
3.400000e-01 0.000000e+00 -9.888249e+02 -2.863326e+02 0.000000e+00 0.000000e+00 0.000000e+00 3.673277e+01 2.712414e+01 1.536942e+03 -6.329702e-01 0.000000e+00 0.000000e+00 0.000000e+00 0.000000e+00 0.000000e+00 0.000000e+00 0.000000e+00 0.000000e+00 0.000000e+00
3.410000e-01 0.000000e+00 -9.885359e+02 -2.932300e+02 0.000000e+00 0.000000e+00 0.000000e+00 3.623225e+01 2.665490e+01 1.534595e+03 2.984037e-01 0.000000e+00 0.000000e+00 0.000000e+00 0.000000e+00 0.000000e+00 0.000000e+00 0.000000e+00 0.000000e+00 0.000000e+00
3.420000e-01 0.000000e+00 -9.882687e+02 -3.001576e+02 0.000000e+00 0.000000e+00 0.000000e+00 3.572111e+01 2.617505e+01 1.532270e+03 1.258299e+00 0.000000e+00 0.000000e+00 0.000000e+00 0.000000e+00 0.000000e+00 0.000000e+00 0.000000e+00 0.000000e+00 0.000000e+00
3.430000e-01 0.000000e+00 -9.880228e+02 -3.071157e+02 0.000000e+00 0.000000e+00 0.000000e+00 3.519937e+01 2.568461e+01 1.529967e+03 2.246696e+00 0.000000e+00 0.000000e+00 0.000000e+00 0.000000e+00 0.000000e+00 0.000000e+00 0.000000e+00 0.000000e+00 0.000000e+00
3.440000e-01 0.000000e+00 -9.877976e+02 -3.141046e+02 0.000000e+00 0.000000e+00 0.000000e+00 3.466704e+01 2.518358e+01 1.527687e+03 3.263569e+00 0.000000e+00 0.000000e+00 0.000000e+00 0.000000e+00 0.000000e+00 0.000000e+00 0.000000e+00 0.000000e+00 0.000000e+00
3.450000e-01 0.000000e+00 -9.875925e+02 -3.211244e+02 0.000000e+00 0.000000e+00 0.000000e+00 3.412411e+01 2.467197e+01 1.525428e+03 4.308878e+00 0.000000e+00 0.000000e+00 0.000000e+00 0.000000e+00 0.000000e+00 0.000000e+00 0.000000e+00 0.000000e+00 0.000000e+00
3.460000e-01 0.000000e+00 -9.874069e+02 -3.281753e+02 0.000000e+00 0.000000e+00 0.000000e+00 3.357062e+01 2.414979e+01 1.523191e+03 5.382577e+00 0.000000e+00 0.000000e+00 0.000000e+00 0.000000e+00 0.000000e+00 0.000000e+00 0.000000e+00 0.000000e+00 0.000000e+00
3.470000e-01 0.000000e+00 -9.872403e+02 -3.352577e+02 0.000000e+00 0.000000e+00 0.000000e+00 3.300656e+01 2.361706e+01 1.520975e+03 6.484609e+00 0.000000e+00 0.000000e+00 0.000000e+00 0.000000e+00 0.000000e+00 0.000000e+00 0.000000e+00 0.000000e+00 0.000000e+00
3.480000e-01 0.000000e+00 -9.870922e+02 -3.423717e+02 0.000000e+00 0.000000e+00 0.000000e+00 3.243197e+01 2.307381e+01 1.518781e+03 7.614909e+00 0.000000e+00 0.000000e+00 0.000000e+00 0.000000e+00 0.000000e+00 0.000000e+00 0.000000e+00 0.000000e+00 0.000000e+00
3.490000e-01 0.000000e+00 -9.869622e+02 -3.495174e+02 0.000000e+00 0.000000e+00 0.000000e+00 3.184687e+01 2.252006e+01 1.516608e+03 8.773400e+00 0.000000e+00 0.000000e+00 0.000000e+00 0.000000e+00 0.000000e+00 0.000000e+00 0.000000e+00 0.000000e+00 0.000000e+00
3.500000e-01 0.000000e+00 -9.868497e+02 -3.566952e+02 0.000000e+00 0.000000e+00 0.000000e+00 3.125127e+01 2.195583e+01 1.514457e+03 9.960000e+00 0.000000e+00 0.000000e+00 0.000000e+00 0.000000e+00 0.000000e+00 0.000000e+00 0.000000e+00 0.000000e+00 0.000000e+00
3.510000e-01 0.000000e+00 -9.867544e+02 -3.639052e+02 0.000000e+00 0.000000e+00 0.000000e+00 3.064522e+01 2.138115e+01 1.512326e+03 1.117461e+01 0.000000e+00 0.000000e+00 0.000000e+00 0.000000e+00 0.000000e+00 0.000000e+00 0.000000e+00 0.000000e+00 0.000000e+00
3.520000e-01 0.000000e+00 -9.866757e+02 -3.711476e+02 0.000000e+00 0.000000e+00 0.000000e+00 3.002874e+01 2.079607e+01 1.510216e+03 1.241713e+01 0.000000e+00 0.000000e+00 0.000000e+00 0.000000e+00 0.000000e+00 0.000000e+00 0.000000e+00 0.000000e+00 0.000000e+00
3.530000e-01 0.000000e+00 -9.866131e+02 -3.784224e+02 0.000000e+00 0.000000e+00 0.000000e+00 2.940189e+01 2.020063e+01 1.508126e+03 1.368742e+01 0.000000e+00 0.000000e+00 0.000000e+00 0.000000e+00 0.000000e+00 0.000000e+00 0.000000e+00 0.000000e+00 0.000000e+00
3.540000e-01 0.000000e+00 -9.865662e+02 -3.857298e+02 0.000000e+00 0.000000e+00 0.000000e+00 2.876472e+01 1.959489e+01 1.506058e+03 1.498533e+01 0.000000e+00 0.000000e+00 0.000000e+00 0.000000e+00 0.000000e+00 0.000000e+00 0.000000e+00 0.000000e+00 0.000000e+00
3.550000e-01 0.000000e+00 -9.865346e+02 -3.930699e+02 0.000000e+00 0.000000e+00 0.000000e+00 2.811727e+01 1.897888e+01 1.504009e+03 1.631074e+01 0.000000e+00 0.000000e+00 0.000000e+00 0.000000e+00 0.000000e+00 0.000000e+00 0.000000e+00 0.000000e+00 0.000000e+00
3.560000e-01 0.000000e+00 -9.865179e+02 -4.004430e+02 0.000000e+00 0.000000e+00 0.000000e+00 2.745958e+01 1.835266e+01 1.501981e+03 1.766350e+01 0.000000e+00 0.000000e+00 0.000000e+00 0.000000e+00 0.000000e+00 0.000000e+00 0.000000e+00 0.000000e+00 0.000000e+00
3.570000e-01 0.000000e+00 -9.865160e+02 -4.078492e+02 0.000000e+00 0.000000e+00 0.000000e+00 2.679170e+01 1.771626e+01 1.499972e+03 1.904349e+01 0.000000e+00 0.000000e+00 0.000000e+00 0.000000e+00 0.000000e+00 0.000000e+00 0.000000e+00 0.000000e+00 0.000000e+00
3.580000e-01 0.000000e+00 -9.865286e+02 -4.152887e+02 0.000000e+00 0.000000e+00 0.000000e+00 2.611368e+01 1.706974e+01 1.497984e+03 2.045053e+01 0.000000e+00 0.000000e+00 0.000000e+00 0.000000e+00 0.000000e+00 0.000000e+00 0.000000e+00 0.000000e+00 0.000000e+00
3.590000e-01 0.000000e+00 -9.865554e+02 -4.227616e+02 0.000000e+00 0.000000e+00 0.000000e+00 2.542557e+01 1.641316e+01 1.496015e+03 2.188446e+01 0.000000e+00 0.000000e+00 0.000000e+00 0.000000e+00 0.000000e+00 0.000000e+00 0.000000e+00 0.000000e+00 0.000000e+00
3.600000e-01 0.000000e+00 -9.865962e+02 -4.302681e+02 0.000000e+00 0.000000e+00 0.000000e+00 2.472744e+01 1.574658e+01 1.494066e+03 2.334510e+01 0.000000e+00 0.000000e+00 0.000000e+00 0.000000e+00 0.000000e+00 0.000000e+00 0.000000e+00 0.000000e+00 0.000000e+00
3.610000e-01 0.000000e+00 -9.866507e+02 -4.378084e+02 0.000000e+00 0.000000e+00 0.000000e+00 2.401933e+01 1.507006e+01 1.492136e+03 2.483227e+01 0.000000e+00 0.000000e+00 0.000000e+00 0.000000e+00 0.000000e+00 0.000000e+00 0.000000e+00 0.000000e+00 0.000000e+00
3.620000e-01 0.000000e+00 -9.867188e+02 -4.453825e+02 0.000000e+00 0.000000e+00 0.000000e+00 2.330133e+01 1.438367e+01 1.490225e+03 2.634577e+01 0.000000e+00 0.000000e+00 0.000000e+00 0.000000e+00 0.000000e+00 0.000000e+00 0.000000e+00 0.000000e+00 0.000000e+00
3.630000e-01 0.000000e+00 -9.868002e+02 -4.529905e+02 0.000000e+00 0.000000e+00 0.000000e+00 2.257350e+01 1.368748e+01 1.488334e+03 2.788538e+01 0.000000e+00 0.000000e+00 0.000000e+00 0.000000e+00 0.000000e+00 0.000000e+00 0.000000e+00 0.000000e+00 0.000000e+00
3.640000e-01 0.000000e+00 -9.868948e+02 -4.606326e+02 0.000000e+00 0.000000e+00 0.000000e+00 2.183590e+01 1.298156e+01 1.486462e+03 2.945089e+01 0.000000e+00 0.000000e+00 0.000000e+00 0.000000e+00 0.000000e+00 0.000000e+00 0.000000e+00 0.000000e+00 0.000000e+00
3.650000e-01 0.000000e+00 -9.870024e+02 -4.683088e+02 0.000000e+00 0.000000e+00 0.000000e+00 2.108863e+01 1.226599e+01 1.484608e+03 3.104207e+01 0.000000e+00 0.000000e+00 0.000000e+00 0.000000e+00 0.000000e+00 0.000000e+00 0.000000e+00 0.000000e+00 0.000000e+00
3.660000e-01 0.000000e+00 -9.871229e+02 -4.760192e+02 0.000000e+00 0.000000e+00 0.000000e+00 2.033176e+01 1.154086e+01 1.482773e+03 3.265869e+01 0.000000e+00 0.000000e+00 0.000000e+00 0.000000e+00 0.000000e+00 0.000000e+00 0.000000e+00 0.000000e+00 0.000000e+00
3.670000e-01 0.000000e+00 -9.872562e+02 -4.837639e+02 0.000000e+00 0.000000e+00 0.000000e+00 1.956538e+01 1.080625e+01 1.480957e+03 3.430049e+01 0.000000e+00 0.000000e+00 0.000000e+00 0.000000e+00 0.000000e+00 0.000000e+00 0.000000e+00 0.000000e+00 0.000000e+00
3.680000e-01 0.000000e+00 -9.874021e+02 -4.915429e+02 0.000000e+00 0.000000e+00 0.000000e+00 1.878958e+01 1.006225e+01 1.479159e+03 3.596723e+01 0.000000e+00 0.000000e+00 0.000000e+00 0.000000e+00 0.000000e+00 0.000000e+00 0.000000e+00 0.000000e+00 0.000000e+00
3.690000e-01 0.000000e+00 -9.875606e+02 -4.993563e+02 0.000000e+00 0.000000e+00 0.000000e+00 1.800444e+01 9.308959e+00 1.477380e+03 3.765862e+01 0.000000e+00 0.000000e+00 0.000000e+00 0.000000e+00 0.000000e+00 0.000000e+00 0.000000e+00 0.000000e+00 0.000000e+00
3.700000e-01 0.000000e+00 -9.877316e+02 -5.072040e+02 0.000000e+00 0.000000e+00 0.000000e+00 1.721006e+01 8.546468e+00 1.475618e+03 3.937440e+01 0.000000e+00 0.000000e+00 0.000000e+00 0.000000e+00 0.000000e+00 0.000000e+00 0.000000e+00 0.000000e+00 0.000000e+00
3.710000e-01 0.000000e+00 -9.879149e+02 -5.150860e+02 0.000000e+00 0.000000e+00 0.000000e+00 1.640655e+01 7.774879e+00 1.473875e+03 4.111428e+01 0.000000e+00 0.000000e+00 0.000000e+00 0.000000e+00 0.000000e+00 0.000000e+00 0.000000e+00 0.000000e+00 0.000000e+00
3.720000e-01 0.000000e+00 -9.881107e+02 -5.230025e+02 0.000000e+00 0.000000e+00 0.000000e+00 1.559400e+01 6.994297e+00 1.472150e+03 4.287796e+01 0.000000e+00 0.000000e+00 0.000000e+00 0.000000e+00 0.000000e+00 0.000000e+00 0.000000e+00 0.000000e+00 0.000000e+00
3.730000e-01 0.000000e+00 -9.883188e+02 -5.309533e+02 0.000000e+00 0.000000e+00 0.000000e+00 1.477252e+01 6.204829e+00 1.470442e+03 4.466514e+01 0.000000e+00 0.000000e+00 0.000000e+00 0.000000e+00 0.000000e+00 0.000000e+00 0.000000e+00 0.000000e+00 0.000000e+00
3.740000e-01 0.000000e+00 -9.885392e+02 -5.389384e+02 0.000000e+00 0.000000e+00 0.000000e+00 1.394223e+01 5.406586e+00 1.468752e+03 4.647552e+01 0.000000e+00 0.000000e+00 0.000000e+00 0.000000e+00 0.000000e+00 0.000000e+00 0.000000e+00 0.000000e+00 0.000000e+00
3.750000e-01 0.000000e+00 -9.887720e+02 -5.469578e+02 0.000000e+00 0.000000e+00 0.000000e+00 1.310324e+01 4.599681e+00 1.467080e+03 4.830876e+01 0.000000e+00 0.000000e+00 0.000000e+00 0.000000e+00 0.000000e+00 0.000000e+00 0.000000e+00 0.000000e+00 0.000000e+00
3.760000e-01 0.000000e+00 -9.890172e+02 -5.550114e+02 0.000000e+00 0.000000e+00 0.000000e+00 1.225565e+01 3.784233e+00 1.465425e+03 5.016454e+01 0.000000e+00 0.000000e+00 0.000000e+00 0.000000e+00 0.000000e+00 0.000000e+00 0.000000e+00 0.000000e+00 0.000000e+00
3.770000e-01 0.000000e+00 -9.892748e+02 -5.630992e+02 0.000000e+00 0.000000e+00 0.000000e+00 1.139960e+01 2.960363e+00 1.463787e+03 5.204252e+01 0.000000e+00 0.000000e+00 0.000000e+00 0.000000e+00 0.000000e+00 0.000000e+00 0.000000e+00 0.000000e+00 0.000000e+00
3.780000e-01 0.000000e+00 -9.895448e+02 -5.712210e+02 0.000000e+00 0.000000e+00 0.000000e+00 1.053521e+01 2.128195e+00 1.462166e+03 5.394235e+01 0.000000e+00 0.000000e+00 0.000000e+00 0.000000e+00 0.000000e+00 0.000000e+00 0.000000e+00 0.000000e+00 0.000000e+00
3.790000e-01 0.000000e+00 -9.898274e+02 -5.793768e+02 0.000000e+00 0.000000e+00 0.000000e+00 9.662601e+00 1.287853e+00 1.460562e+03 5.586368e+01 0.000000e+00 0.000000e+00 0.000000e+00 0.000000e+00 0.000000e+00 0.000000e+00 0.000000e+00 0.000000e+00 0.000000e+00
3.800000e-01 0.000000e+00 -9.901228e+02 -5.875665e+02 0.000000e+00 0.000000e+00 0.000000e+00 8.781884e+00 4.394526e-01 1.458975e+03 5.780617e+01 0.000000e+00 0.000000e+00 0.000000e+00 0.000000e+00 0.000000e+00 0.000000e+00 0.000000e+00 0.000000e+00 0.000000e+00
3.810000e-01 0.000000e+00 -9.904314e+02 -5.957903e+02 0.000000e+00 0.000000e+00 0.000000e+00 7.893175e+00 -4.168885e-01 1.457405e+03 5.976948e+01 0.000000e+00 0.000000e+00 0.000000e+00 0.000000e+00 0.000000e+00 0.000000e+00 0.000000e+00 0.000000e+00 0.000000e+00
3.820000e-01 0.000000e+00 -9.907532e+02 -6.040481e+02 0.000000e+00 0.000000e+00 0.000000e+00 6.996595e+00 -1.281050e+00 1.455852e+03 6.175326e+01 0.000000e+00 0.000000e+00 0.000000e+00 0.000000e+00 0.000000e+00 0.000000e+00 0.000000e+00 0.000000e+00 0.000000e+00
3.830000e-01 0.000000e+00 -9.910887e+02 -6.123398e+02 0.000000e+00 0.000000e+00 0.000000e+00 6.092264e+00 -2.152908e+00 1.454315e+03 6.375714e+01 0.000000e+00 0.000000e+00 0.000000e+00 0.000000e+00 0.000000e+00 0.000000e+00 0.000000e+00 0.000000e+00 0.000000e+00
3.840000e-01 0.000000e+00 -9.914380e+02 -6.206654e+02 0.000000e+00 0.000000e+00 0.000000e+00 5.180309e+00 -3.032334e+00 1.452794e+03 6.578077e+01 0.000000e+00 0.000000e+00 0.000000e+00 0.000000e+00 0.000000e+00 0.000000e+00 0.000000e+00 0.000000e+00 0.000000e+00
3.850000e-01 0.000000e+00 -9.918015e+02 -6.290249e+02 0.000000e+00 0.000000e+00 0.000000e+00 4.260858e+00 -3.919199e+00 1.451290e+03 6.782376e+01 0.000000e+00 0.000000e+00 0.000000e+00 0.000000e+00 0.000000e+00 0.000000e+00 0.000000e+00 0.000000e+00 0.000000e+00
3.860000e-01 0.000000e+00 -9.921795e+02 -6.374181e+02 0.000000e+00 0.000000e+00 0.000000e+00 3.334045e+00 -4.813367e+00 1.449802e+03 6.988572e+01 0.000000e+00 0.000000e+00 0.000000e+00 0.000000e+00 0.000000e+00 0.000000e+00 0.000000e+00 0.000000e+00 0.000000e+00
3.870000e-01 0.000000e+00 -9.925723e+02 -6.458450e+02 0.000000e+00 0.000000e+00 0.000000e+00 2.400004e+00 -5.714702e+00 1.448330e+03 7.196627e+01 0.000000e+00 0.000000e+00 0.000000e+00 0.000000e+00 0.000000e+00 0.000000e+00 0.000000e+00 0.000000e+00 0.000000e+00
3.880000e-01 0.000000e+00 -9.929802e+02 -6.543055e+02 0.000000e+00 0.000000e+00 0.000000e+00 1.458876e+00 -6.623063e+00 1.446874e+03 7.406500e+01 0.000000e+00 0.000000e+00 0.000000e+00 0.000000e+00 0.000000e+00 0.000000e+00 0.000000e+00 0.000000e+00 0.000000e+00
3.890000e-01 0.000000e+00 -9.934035e+02 -6.627993e+02 0.000000e+00 0.000000e+00 0.000000e+00 5.108021e-01 -7.538306e+00 1.445433e+03 7.618150e+01 0.000000e+00 0.000000e+00 0.000000e+00 0.000000e+00 0.000000e+00 0.000000e+00 0.000000e+00 0.000000e+00 0.000000e+00
3.900000e-01 0.000000e+00 -9.938426e+02 -6.713265e+02 0.000000e+00 0.000000e+00 0.000000e+00 -4.440714e-01 -8.460284e+00 1.444009e+03 7.831536e+01 0.000000e+00 0.000000e+00 0.000000e+00 0.000000e+00 0.000000e+00 0.000000e+00 0.000000e+00 0.000000e+00 0.000000e+00
3.910000e-01 0.000000e+00 -9.942979e+02 -6.798868e+02 0.000000e+00 0.000000e+00 0.000000e+00 -1.405596e+00 -9.388848e+00 1.442600e+03 8.046616e+01 0.000000e+00 0.000000e+00 0.000000e+00 0.000000e+00 0.000000e+00 0.000000e+00 0.000000e+00 0.000000e+00 0.000000e+00
3.920000e-01 0.000000e+00 -9.947696e+02 -6.884800e+02 0.000000e+00 0.000000e+00 0.000000e+00 -2.373619e+00 -1.032384e+01 1.441206e+03 8.263345e+01 0.000000e+00 0.000000e+00 0.000000e+00 0.000000e+00 0.000000e+00 0.000000e+00 0.000000e+00 0.000000e+00 0.000000e+00
3.930000e-01 0.000000e+00 -9.952582e+02 -6.971059e+02 0.000000e+00 0.000000e+00 0.000000e+00 -3.347987e+00 -1.126512e+01 1.439828e+03 8.481681e+01 0.000000e+00 0.000000e+00 0.000000e+00 0.000000e+00 0.000000e+00 0.000000e+00 0.000000e+00 0.000000e+00 0.000000e+00
3.940000e-01 0.000000e+00 -9.957640e+02 -7.057644e+02 0.000000e+00 0.000000e+00 0.000000e+00 -4.328541e+00 -1.221251e+01 1.438465e+03 8.701579e+01 0.000000e+00 0.000000e+00 0.000000e+00 0.000000e+00 0.000000e+00 0.000000e+00 0.000000e+00 0.000000e+00 0.000000e+00
3.950000e-01 0.000000e+00 -9.962875e+02 -7.144551e+02 0.000000e+00 0.000000e+00 0.000000e+00 -5.315120e+00 -1.316586e+01 1.437117e+03 8.922994e+01 0.000000e+00 0.000000e+00 0.000000e+00 0.000000e+00 0.000000e+00 0.000000e+00 0.000000e+00 0.000000e+00 0.000000e+00
3.960000e-01 0.000000e+00 -9.968289e+02 -7.231779e+02 0.000000e+00 0.000000e+00 0.000000e+00 -6.307560e+00 -1.412500e+01 1.435785e+03 9.145879e+01 0.000000e+00 0.000000e+00 0.000000e+00 0.000000e+00 0.000000e+00 0.000000e+00 0.000000e+00 0.000000e+00 0.000000e+00
3.970000e-01 0.000000e+00 -9.973888e+02 -7.319325e+02 0.000000e+00 0.000000e+00 0.000000e+00 -7.305695e+00 -1.508976e+01 1.434467e+03 9.370190e+01 0.000000e+00 0.000000e+00 0.000000e+00 0.000000e+00 0.000000e+00 0.000000e+00 0.000000e+00 0.000000e+00 0.000000e+00
3.980000e-01 0.000000e+00 -9.979676e+02 -7.407185e+02 0.000000e+00 0.000000e+00 0.000000e+00 -8.309355e+00 -1.605998e+01 1.433164e+03 9.595877e+01 0.000000e+00 0.000000e+00 0.000000e+00 0.000000e+00 0.000000e+00 0.000000e+00 0.000000e+00 0.000000e+00 0.000000e+00
3.990000e-01 0.000000e+00 -9.985656e+02 -7.495357e+02 0.000000e+00 0.000000e+00 0.000000e+00 -9.318369e+00 -1.703549e+01 1.431876e+03 9.822894e+01 0.000000e+00 0.000000e+00 0.000000e+00 0.000000e+00 0.000000e+00 0.000000e+00 0.000000e+00 0.000000e+00 0.000000e+00
4.000000e-01 0.000000e+00 -9.991833e+02 -7.583838e+02 0.000000e+00 0.000000e+00 0.000000e+00 -1.033256e+01 -1.801610e+01 1.430603e+03 1.005119e+02 0.000000e+00 0.000000e+00 0.000000e+00 0.000000e+00 0.000000e+00 0.000000e+00 0.000000e+00 0.000000e+00 0.000000e+00
4.010000e-01 0.000000e+00 -9.998211e+02 -7.672624e+02 0.000000e+00 0.000000e+00 0.000000e+00 -1.135175e+01 -1.900164e+01 1.429344e+03 1.028072e+02 0.000000e+00 0.000000e+00 0.000000e+00 0.000000e+00 0.000000e+00 0.000000e+00 0.000000e+00 0.000000e+00 0.000000e+00
4.020000e-01 0.000000e+00 -1.000480e+03 -7.761712e+02 0.000000e+00 0.000000e+00 0.000000e+00 -1.237577e+01 -1.999194e+01 1.428100e+03 1.051144e+02 0.000000e+00 0.000000e+00 0.000000e+00 0.000000e+00 0.000000e+00 0.000000e+00 0.000000e+00 0.000000e+00 0.000000e+00
4.030000e-01 0.000000e+00 -1.001159e+03 -7.851098e+02 0.000000e+00 0.000000e+00 0.000000e+00 -1.340442e+01 -2.098681e+01 1.426870e+03 1.074329e+02 0.000000e+00 0.000000e+00 0.000000e+00 0.000000e+00 0.000000e+00 0.000000e+00 0.000000e+00 0.000000e+00 0.000000e+00
4.040000e-01 0.000000e+00 -1.001860e+03 -7.940779e+02 0.000000e+00 0.000000e+00 0.000000e+00 -1.443754e+01 -2.198607e+01 1.425654e+03 1.097622e+02 0.000000e+00 0.000000e+00 0.000000e+00 0.000000e+00 0.000000e+00 0.000000e+00 0.000000e+00 0.000000e+00 0.000000e+00
4.050000e-01 0.000000e+00 -1.002583e+03 -8.030753e+02 0.000000e+00 0.000000e+00 0.000000e+00 -1.547497e+01 -2.298957e+01 1.424453e+03 1.121019e+02 0.000000e+00 0.000000e+00 0.000000e+00 0.000000e+00 0.000000e+00 0.000000e+00 0.000000e+00 0.000000e+00 0.000000e+00
4.060000e-01 0.000000e+00 -1.003330e+03 -8.121018e+02 0.000000e+00 0.000000e+00 0.000000e+00 -1.651655e+01 -2.399714e+01 1.423266e+03 1.144516e+02 0.000000e+00 0.000000e+00 0.000000e+00 0.000000e+00 0.000000e+00 0.000000e+00 0.000000e+00 0.000000e+00 0.000000e+00
4.070000e-01 0.000000e+00 -1.004099e+03 -8.211572e+02 0.000000e+00 0.000000e+00 0.000000e+00 -1.756210e+01 -2.500862e+01 1.422092e+03 1.168106e+02 0.000000e+00 0.000000e+00 0.000000e+00 0.000000e+00 0.000000e+00 0.000000e+00 0.000000e+00 0.000000e+00 0.000000e+00
4.080000e-01 0.000000e+00 -1.004893e+03 -8.302410e+02 0.000000e+00 0.000000e+00 0.000000e+00 -1.861147e+01 -2.602383e+01 1.420933e+03 1.191786e+02 0.000000e+00 0.000000e+00 0.000000e+00 0.000000e+00 0.000000e+00 0.000000e+00 0.000000e+00 0.000000e+00 0.000000e+00
4.090000e-01 0.000000e+00 -1.005712e+03 -8.393532e+02 0.000000e+00 0.000000e+00 0.000000e+00 -1.966447e+01 -2.704260e+01 1.419787e+03 1.215551e+02 0.000000e+00 0.000000e+00 0.000000e+00 0.000000e+00 0.000000e+00 0.000000e+00 0.000000e+00 0.000000e+00 0.000000e+00
4.100000e-01 0.000000e+00 -1.006556e+03 -8.484932e+02 0.000000e+00 0.000000e+00 0.000000e+00 -2.072093e+01 -2.806476e+01 1.418655e+03 1.239396e+02 0.000000e+00 0.000000e+00 0.000000e+00 0.000000e+00 0.000000e+00 0.000000e+00 0.000000e+00 0.000000e+00 0.000000e+00
4.110000e-01 0.000000e+00 -1.007427e+03 -8.576608e+02 0.000000e+00 0.000000e+00 0.000000e+00 -2.178067e+01 -2.909012e+01 1.417537e+03 1.263315e+02 0.000000e+00 0.000000e+00 0.000000e+00 0.000000e+00 0.000000e+00 0.000000e+00 0.000000e+00 0.000000e+00 0.000000e+00
4.120000e-01 0.000000e+00 -1.008324e+03 -8.668557e+02 0.000000e+00 0.000000e+00 0.000000e+00 -2.284353e+01 -3.011850e+01 1.416433e+03 1.287303e+02 0.000000e+00 0.000000e+00 0.000000e+00 0.000000e+00 0.000000e+00 0.000000e+00 0.000000e+00 0.000000e+00 0.000000e+00
4.130000e-01 0.000000e+00 -1.009248e+03 -8.760774e+02 0.000000e+00 0.000000e+00 0.000000e+00 -2.390931e+01 -3.114974e+01 1.415341e+03 1.311356e+02 0.000000e+00 0.000000e+00 0.000000e+00 0.000000e+00 0.000000e+00 0.000000e+00 0.000000e+00 0.000000e+00 0.000000e+00
4.140000e-01 0.000000e+00 -1.010201e+03 -8.853256e+02 0.000000e+00 0.000000e+00 0.000000e+00 -2.497784e+01 -3.218364e+01 1.414264e+03 1.335469e+02 0.000000e+00 0.000000e+00 0.000000e+00 0.000000e+00 0.000000e+00 0.000000e+00 0.000000e+00 0.000000e+00 0.000000e+00
4.150000e-01 0.000000e+00 -1.011182e+03 -8.945999e+02 0.000000e+00 0.000000e+00 0.000000e+00 -2.604893e+01 -3.322002e+01 1.413199e+03 1.359636e+02 0.000000e+00 0.000000e+00 0.000000e+00 0.000000e+00 0.000000e+00 0.000000e+00 0.000000e+00 0.000000e+00 0.000000e+00
4.160000e-01 0.000000e+00 -1.012193e+03 -9.038999e+02 0.000000e+00 0.000000e+00 0.000000e+00 -2.712240e+01 -3.425870e+01 1.412148e+03 1.383853e+02 0.000000e+00 0.000000e+00 0.000000e+00 0.000000e+00 0.000000e+00 0.000000e+00 0.000000e+00 0.000000e+00 0.000000e+00
4.170000e-01 0.000000e+00 -1.013233e+03 -9.132251e+02 0.000000e+00 0.000000e+00 0.000000e+00 -2.819807e+01 -3.529949e+01 1.411110e+03 1.408113e+02 0.000000e+00 0.000000e+00 0.000000e+00 0.000000e+00 0.000000e+00 0.000000e+00 0.000000e+00 0.000000e+00 0.000000e+00
4.180000e-01 0.000000e+00 -1.014305e+03 -9.225751e+02 0.000000e+00 0.000000e+00 0.000000e+00 -2.927574e+01 -3.634220e+01 1.410085e+03 1.432413e+02 0.000000e+00 0.000000e+00 0.000000e+00 0.000000e+00 0.000000e+00 0.000000e+00 0.000000e+00 0.000000e+00 0.000000e+00
4.190000e-01 0.000000e+00 -1.015408e+03 -9.319495e+02 0.000000e+00 0.000000e+00 0.000000e+00 -3.035522e+01 -3.738665e+01 1.409073e+03 1.456746e+02 0.000000e+00 0.000000e+00 0.000000e+00 0.000000e+00 0.000000e+00 0.000000e+00 0.000000e+00 0.000000e+00 0.000000e+00
4.200000e-01 0.000000e+00 -1.016542e+03 -9.413478e+02 0.000000e+00 0.000000e+00 0.000000e+00 -3.143633e+01 -3.843265e+01 1.408074e+03 1.481108e+02 0.000000e+00 0.000000e+00 0.000000e+00 0.000000e+00 0.000000e+00 0.000000e+00 0.000000e+00 0.000000e+00 0.000000e+00
4.210000e-01 0.000000e+00 -1.017710e+03 -9.507695e+02 0.000000e+00 0.000000e+00 0.000000e+00 -3.251888e+01 -3.948000e+01 1.407088e+03 1.505492e+02 0.000000e+00 0.000000e+00 0.000000e+00 0.000000e+00 0.000000e+00 0.000000e+00 0.000000e+00 0.000000e+00 0.000000e+00
4.220000e-01 0.000000e+00 -1.018911e+03 -9.602140e+02 0.000000e+00 0.000000e+00 0.000000e+00 -3.360267e+01 -4.052851e+01 1.406115e+03 1.529895e+02 0.000000e+00 0.000000e+00 0.000000e+00 0.000000e+00 0.000000e+00 0.000000e+00 0.000000e+00 0.000000e+00 0.000000e+00
4.230000e-01 0.000000e+00 -1.020146e+03 -9.696809e+02 0.000000e+00 0.000000e+00 0.000000e+00 -3.468751e+01 -4.157798e+01 1.405154e+03 1.554311e+02 0.000000e+00 0.000000e+00 0.000000e+00 0.000000e+00 0.000000e+00 0.000000e+00 0.000000e+00 0.000000e+00 0.000000e+00
4.240000e-01 0.000000e+00 -1.021416e+03 -9.791696e+02 0.000000e+00 0.000000e+00 0.000000e+00 -3.577320e+01 -4.262824e+01 1.404206e+03 1.578734e+02 0.000000e+00 0.000000e+00 0.000000e+00 0.000000e+00 0.000000e+00 0.000000e+00 0.000000e+00 0.000000e+00 0.000000e+00
4.250000e-01 0.000000e+00 -1.022721e+03 -9.886797e+02 0.000000e+00 0.000000e+00 0.000000e+00 -3.685955e+01 -4.367908e+01 1.403270e+03 1.603159e+02 0.000000e+00 0.000000e+00 0.000000e+00 0.000000e+00 0.000000e+00 0.000000e+00 0.000000e+00 0.000000e+00 0.000000e+00
4.260000e-01 0.000000e+00 -1.024062e+03 -9.982104e+02 0.000000e+00 0.000000e+00 0.000000e+00 -3.794637e+01 -4.473030e+01 1.402347e+03 1.627580e+02 0.000000e+00 0.000000e+00 0.000000e+00 0.000000e+00 0.000000e+00 0.000000e+00 0.000000e+00 0.000000e+00 0.000000e+00
4.270000e-01 0.000000e+00 -1.025440e+03 -1.007761e+03 0.000000e+00 0.000000e+00 0.000000e+00 -3.903345e+01 -4.578171e+01 1.401436e+03 1.651993e+02 0.000000e+00 0.000000e+00 0.000000e+00 0.000000e+00 0.000000e+00 0.000000e+00 0.000000e+00 0.000000e+00 0.000000e+00
4.280000e-01 0.000000e+00 -1.026855e+03 -1.017332e+03 0.000000e+00 0.000000e+00 0.000000e+00 -4.012060e+01 -4.683312e+01 1.400538e+03 1.676393e+02 0.000000e+00 0.000000e+00 0.000000e+00 0.000000e+00 0.000000e+00 0.000000e+00 0.000000e+00 0.000000e+00 0.000000e+00
4.290000e-01 0.000000e+00 -1.028309e+03 -1.026921e+03 0.000000e+00 0.000000e+00 0.000000e+00 -4.120765e+01 -4.788435e+01 1.399652e+03 1.700773e+02 0.000000e+00 0.000000e+00 0.000000e+00 0.000000e+00 0.000000e+00 0.000000e+00 0.000000e+00 0.000000e+00 0.000000e+00
4.300000e-01 0.000000e+00 -1.029802e+03 -1.036530e+03 0.000000e+00 0.000000e+00 0.000000e+00 -4.229442e+01 -4.893522e+01 1.398778e+03 1.725130e+02 0.000000e+00 0.000000e+00 0.000000e+00 0.000000e+00 0.000000e+00 0.000000e+00 0.000000e+00 0.000000e+00 0.000000e+00
4.310000e-01 0.000000e+00 -1.031334e+03 -1.046156e+03 0.000000e+00 0.000000e+00 0.000000e+00 -4.338073e+01 -4.998555e+01 1.397917e+03 1.749459e+02 0.000000e+00 0.000000e+00 0.000000e+00 0.000000e+00 0.000000e+00 0.000000e+00 0.000000e+00 0.000000e+00 0.000000e+00
4.320000e-01 0.000000e+00 -1.032907e+03 -1.055800e+03 0.000000e+00 0.000000e+00 0.000000e+00 -4.446640e+01 -5.103517e+01 1.397067e+03 1.773753e+02 0.000000e+00 0.000000e+00 0.000000e+00 0.000000e+00 0.000000e+00 0.000000e+00 0.000000e+00 0.000000e+00 0.000000e+00
4.330000e-01 0.000000e+00 -1.034522e+03 -1.065462e+03 0.000000e+00 0.000000e+00 0.000000e+00 -4.555124e+01 -5.208389e+01 1.396229e+03 1.798009e+02 0.000000e+00 0.000000e+00 0.000000e+00 0.000000e+00 0.000000e+00 0.000000e+00 0.000000e+00 0.000000e+00 0.000000e+00
4.340000e-01 0.000000e+00 -1.036179e+03 -1.075140e+03 0.000000e+00 0.000000e+00 0.000000e+00 -4.663507e+01 -5.313152e+01 1.395404e+03 1.822220e+02 0.000000e+00 0.000000e+00 0.000000e+00 0.000000e+00 0.000000e+00 0.000000e+00 0.000000e+00 0.000000e+00 0.000000e+00
4.350000e-01 0.000000e+00 -1.037878e+03 -1.084834e+03 0.000000e+00 0.000000e+00 0.000000e+00 -4.771771e+01 -5.417788e+01 1.394590e+03 1.846383e+02 0.000000e+00 0.000000e+00 0.000000e+00 0.000000e+00 0.000000e+00 0.000000e+00 0.000000e+00 0.000000e+00 0.000000e+00
4.360000e-01 0.000000e+00 -1.039621e+03 -1.094543e+03 0.000000e+00 0.000000e+00 0.000000e+00 -4.879898e+01 -5.522279e+01 1.393788e+03 1.870492e+02 0.000000e+00 0.000000e+00 0.000000e+00 0.000000e+00 0.000000e+00 0.000000e+00 0.000000e+00 0.000000e+00 0.000000e+00
4.370000e-01 0.000000e+00 -1.041408e+03 -1.104268e+03 0.000000e+00 0.000000e+00 0.000000e+00 -4.987869e+01 -5.626607e+01 1.392997e+03 1.894543e+02 0.000000e+00 0.000000e+00 0.000000e+00 0.000000e+00 0.000000e+00 0.000000e+00 0.000000e+00 0.000000e+00 0.000000e+00
4.380000e-01 0.000000e+00 -1.043241e+03 -1.114006e+03 0.000000e+00 0.000000e+00 0.000000e+00 -5.095666e+01 -5.730754e+01 1.392219e+03 1.918529e+02 0.000000e+00 0.000000e+00 0.000000e+00 0.000000e+00 0.000000e+00 0.000000e+00 0.000000e+00 0.000000e+00 0.000000e+00
4.390000e-01 0.000000e+00 -1.045119e+03 -1.123759e+03 0.000000e+00 0.000000e+00 0.000000e+00 -5.203271e+01 -5.834701e+01 1.391452e+03 1.942447e+02 0.000000e+00 0.000000e+00 0.000000e+00 0.000000e+00 0.000000e+00 0.000000e+00 0.000000e+00 0.000000e+00 0.000000e+00
4.400000e-01 0.000000e+00 -1.047044e+03 -1.133524e+03 0.000000e+00 0.000000e+00 0.000000e+00 -5.310665e+01 -5.938431e+01 1.390696e+03 1.966291e+02 0.000000e+00 0.000000e+00 0.000000e+00 0.000000e+00 0.000000e+00 0.000000e+00 0.000000e+00 0.000000e+00 0.000000e+00
4.410000e-01 0.000000e+00 -1.049016e+03 -1.143302e+03 0.000000e+00 0.000000e+00 0.000000e+00 -5.417831e+01 -6.041925e+01 1.389952e+03 1.990057e+02 0.000000e+00 0.000000e+00 0.000000e+00 0.000000e+00 0.000000e+00 0.000000e+00 0.000000e+00 0.000000e+00 0.000000e+00
4.420000e-01 0.000000e+00 -1.051036e+03 -1.153092e+03 0.000000e+00 0.000000e+00 0.000000e+00 -5.524751e+01 -6.145166e+01 1.389220e+03 2.013739e+02 0.000000e+00 0.000000e+00 0.000000e+00 0.000000e+00 0.000000e+00 0.000000e+00 0.000000e+00 0.000000e+00 0.000000e+00
4.430000e-01 0.000000e+00 -1.053105e+03 -1.162893e+03 0.000000e+00 0.000000e+00 0.000000e+00 -5.631406e+01 -6.248135e+01 1.388499e+03 2.037333e+02 0.000000e+00 0.000000e+00 0.000000e+00 0.000000e+00 0.000000e+00 0.000000e+00 0.000000e+00 0.000000e+00 0.000000e+00
4.440000e-01 0.000000e+00 -1.055224e+03 -1.172705e+03 0.000000e+00 0.000000e+00 0.000000e+00 -5.737779e+01 -6.350816e+01 1.387789e+03 2.060835e+02 0.000000e+00 0.000000e+00 0.000000e+00 0.000000e+00 0.000000e+00 0.000000e+00 0.000000e+00 0.000000e+00 0.000000e+00
4.450000e-01 0.000000e+00 -1.057392e+03 -1.182526e+03 0.000000e+00 0.000000e+00 0.000000e+00 -5.843851e+01 -6.453189e+01 1.387091e+03 2.084238e+02 0.000000e+00 0.000000e+00 0.000000e+00 0.000000e+00 0.000000e+00 0.000000e+00 0.000000e+00 0.000000e+00 0.000000e+00
4.460000e-01 0.000000e+00 -1.059612e+03 -1.192357e+03 0.000000e+00 0.000000e+00 0.000000e+00 -5.949606e+01 -6.555238e+01 1.386403e+03 2.107539e+02 0.000000e+00 0.000000e+00 0.000000e+00 0.000000e+00 0.000000e+00 0.000000e+00 0.000000e+00 0.000000e+00 0.000000e+00
4.470000e-01 0.000000e+00 -1.061882e+03 -1.202196e+03 0.000000e+00 0.000000e+00 0.000000e+00 -6.055024e+01 -6.656945e+01 1.385727e+03 2.130732e+02 0.000000e+00 0.000000e+00 0.000000e+00 0.000000e+00 0.000000e+00 0.000000e+00 0.000000e+00 0.000000e+00 0.000000e+00
4.480000e-01 0.000000e+00 -1.064206e+03 -1.212044e+03 0.000000e+00 0.000000e+00 0.000000e+00 -6.160090e+01 -6.758292e+01 1.385062e+03 2.153814e+02 0.000000e+00 0.000000e+00 0.000000e+00 0.000000e+00 0.000000e+00 0.000000e+00 0.000000e+00 0.000000e+00 0.000000e+00
4.490000e-01 0.000000e+00 -1.066582e+03 -1.221898e+03 0.000000e+00 0.000000e+00 0.000000e+00 -6.264784e+01 -6.859262e+01 1.384408e+03 2.176779e+02 0.000000e+00 0.000000e+00 0.000000e+00 0.000000e+00 0.000000e+00 0.000000e+00 0.000000e+00 0.000000e+00 0.000000e+00
4.500000e-01 0.000000e+00 -1.069012e+03 -1.231759e+03 0.000000e+00 0.000000e+00 0.000000e+00 -6.369090e+01 -6.959838e+01 1.383765e+03 2.199624e+02 0.000000e+00 0.000000e+00 0.000000e+00 0.000000e+00 0.000000e+00 0.000000e+00 0.000000e+00 0.000000e+00 0.000000e+00
4.510000e-01 0.000000e+00 -1.071496e+03 -1.241626e+03 0.000000e+00 0.000000e+00 0.000000e+00 -6.472990e+01 -7.060003e+01 1.383133e+03 2.222342e+02 0.000000e+00 0.000000e+00 0.000000e+00 0.000000e+00 0.000000e+00 0.000000e+00 0.000000e+00 0.000000e+00 0.000000e+00
4.520000e-01 0.000000e+00 -1.074035e+03 -1.251498e+03 0.000000e+00 0.000000e+00 0.000000e+00 -6.576467e+01 -7.159739e+01 1.382512e+03 2.244931e+02 0.000000e+00 0.000000e+00 0.000000e+00 0.000000e+00 0.000000e+00 0.000000e+00 0.000000e+00 0.000000e+00 0.000000e+00
4.530000e-01 0.000000e+00 -1.076630e+03 -1.261374e+03 0.000000e+00 0.000000e+00 0.000000e+00 -6.679506e+01 -7.259032e+01 1.381901e+03 2.267385e+02 0.000000e+00 0.000000e+00 0.000000e+00 0.000000e+00 0.000000e+00 0.000000e+00 0.000000e+00 0.000000e+00 0.000000e+00
4.540000e-01 0.000000e+00 -1.079281e+03 -1.271254e+03 0.000000e+00 0.000000e+00 0.000000e+00 -6.782091e+01 -7.357866e+01 1.381301e+03 2.289700e+02 0.000000e+00 0.000000e+00 0.000000e+00 0.000000e+00 0.000000e+00 0.000000e+00 0.000000e+00 0.000000e+00 0.000000e+00
4.550000e-01 0.000000e+00 -1.081989e+03 -1.281137e+03 0.000000e+00 0.000000e+00 0.000000e+00 -6.884207e+01 -7.456225e+01 1.380713e+03 2.311873e+02 0.000000e+00 0.000000e+00 0.000000e+00 0.000000e+00 0.000000e+00 0.000000e+00 0.000000e+00 0.000000e+00 0.000000e+00
4.560000e-01 0.000000e+00 -1.084756e+03 -1.291023e+03 0.000000e+00 0.000000e+00 0.000000e+00 -6.985837e+01 -7.554094e+01 1.380134e+03 2.333900e+02 0.000000e+00 0.000000e+00 0.000000e+00 0.000000e+00 0.000000e+00 0.000000e+00 0.000000e+00 0.000000e+00 0.000000e+00
4.570000e-01 0.000000e+00 -1.087580e+03 -1.300911e+03 0.000000e+00 0.000000e+00 0.000000e+00 -7.086966e+01 -7.651457e+01 1.379567e+03 2.355775e+02 0.000000e+00 0.000000e+00 0.000000e+00 0.000000e+00 0.000000e+00 0.000000e+00 0.000000e+00 0.000000e+00 0.000000e+00
4.580000e-01 0.000000e+00 -1.090464e+03 -1.310799e+03 0.000000e+00 0.000000e+00 0.000000e+00 -7.187577e+01 -7.748298e+01 1.379010e+03 2.377495e+02 0.000000e+00 0.000000e+00 0.000000e+00 0.000000e+00 0.000000e+00 0.000000e+00 0.000000e+00 0.000000e+00 0.000000e+00
4.590000e-01 0.000000e+00 -1.093407e+03 -1.320688e+03 0.000000e+00 0.000000e+00 0.000000e+00 -7.287655e+01 -7.844601e+01 1.378463e+03 2.399056e+02 0.000000e+00 0.000000e+00 0.000000e+00 0.000000e+00 0.000000e+00 0.000000e+00 0.000000e+00 0.000000e+00 0.000000e+00
4.600000e-01 0.000000e+00 -1.096411e+03 -1.330576e+03 0.000000e+00 0.000000e+00 0.000000e+00 -7.387184e+01 -7.940351e+01 1.377927e+03 2.420453e+02 0.000000e+00 0.000000e+00 0.000000e+00 0.000000e+00 0.000000e+00 0.000000e+00 0.000000e+00 0.000000e+00 0.000000e+00
4.610000e-01 0.000000e+00 -1.099476e+03 -1.340464e+03 0.000000e+00 0.000000e+00 0.000000e+00 -7.486150e+01 -8.035534e+01 1.377401e+03 2.441684e+02 0.000000e+00 0.000000e+00 0.000000e+00 0.000000e+00 0.000000e+00 0.000000e+00 0.000000e+00 0.000000e+00 0.000000e+00
4.620000e-01 0.000000e+00 -1.102602e+03 -1.350349e+03 0.000000e+00 0.000000e+00 0.000000e+00 -7.584536e+01 -8.130133e+01 1.376886e+03 2.462743e+02 0.000000e+00 0.000000e+00 0.000000e+00 0.000000e+00 0.000000e+00 0.000000e+00 0.000000e+00 0.000000e+00 0.000000e+00
4.630000e-01 0.000000e+00 -1.105790e+03 -1.360232e+03 0.000000e+00 0.000000e+00 0.000000e+00 -7.682328e+01 -8.224136e+01 1.376381e+03 2.483628e+02 0.000000e+00 0.000000e+00 0.000000e+00 0.000000e+00 0.000000e+00 0.000000e+00 0.000000e+00 0.000000e+00 0.000000e+00
4.640000e-01 0.000000e+00 -1.109041e+03 -1.370111e+03 0.000000e+00 0.000000e+00 0.000000e+00 -7.779512e+01 -8.317527e+01 1.375886e+03 2.504335e+02 0.000000e+00 0.000000e+00 0.000000e+00 0.000000e+00 0.000000e+00 0.000000e+00 0.000000e+00 0.000000e+00 0.000000e+00
4.650000e-01 0.000000e+00 -1.112356e+03 -1.379986e+03 0.000000e+00 0.000000e+00 0.000000e+00 -7.876074e+01 -8.410293e+01 1.375401e+03 2.524859e+02 0.000000e+00 0.000000e+00 0.000000e+00 0.000000e+00 0.000000e+00 0.000000e+00 0.000000e+00 0.000000e+00 0.000000e+00
4.660000e-01 0.000000e+00 -1.115734e+03 -1.389856e+03 0.000000e+00 0.000000e+00 0.000000e+00 -7.971998e+01 -8.502419e+01 1.374927e+03 2.545198e+02 0.000000e+00 0.000000e+00 0.000000e+00 0.000000e+00 0.000000e+00 0.000000e+00 0.000000e+00 0.000000e+00 0.000000e+00
4.670000e-01 0.000000e+00 -1.119177e+03 -1.399721e+03 0.000000e+00 0.000000e+00 0.000000e+00 -8.067272e+01 -8.593892e+01 1.374463e+03 2.565347e+02 0.000000e+00 0.000000e+00 0.000000e+00 0.000000e+00 0.000000e+00 0.000000e+00 0.000000e+00 0.000000e+00 0.000000e+00
4.680000e-01 0.000000e+00 -1.122684e+03 -1.409580e+03 0.000000e+00 0.000000e+00 0.000000e+00 -8.161882e+01 -8.684700e+01 1.374009e+03 2.585304e+02 0.000000e+00 0.000000e+00 0.000000e+00 0.000000e+00 0.000000e+00 0.000000e+00 0.000000e+00 0.000000e+00 0.000000e+00
4.690000e-01 0.000000e+00 -1.126258e+03 -1.419431e+03 0.000000e+00 0.000000e+00 0.000000e+00 -8.255815e+01 -8.774827e+01 1.373564e+03 2.605065e+02 0.000000e+00 0.000000e+00 0.000000e+00 0.000000e+00 0.000000e+00 0.000000e+00 0.000000e+00 0.000000e+00 0.000000e+00
4.700000e-01 0.000000e+00 -1.129897e+03 -1.429274e+03 0.000000e+00 0.000000e+00 0.000000e+00 -8.349057e+01 -8.864263e+01 1.373130e+03 2.624627e+02 0.000000e+00 0.000000e+00 0.000000e+00 0.000000e+00 0.000000e+00 0.000000e+00 0.000000e+00 0.000000e+00 0.000000e+00
4.710000e-01 0.000000e+00 -1.133603e+03 -1.439109e+03 0.000000e+00 0.000000e+00 0.000000e+00 -8.441596e+01 -8.952994e+01 1.372706e+03 2.643987e+02 0.000000e+00 0.000000e+00 0.000000e+00 0.000000e+00 0.000000e+00 0.000000e+00 0.000000e+00 0.000000e+00 0.000000e+00
4.720000e-01 0.000000e+00 -1.137376e+03 -1.448935e+03 0.000000e+00 0.000000e+00 0.000000e+00 -8.533420e+01 -9.041009e+01 1.372292e+03 2.663141e+02 0.000000e+00 0.000000e+00 0.000000e+00 0.000000e+00 0.000000e+00 0.000000e+00 0.000000e+00 0.000000e+00 0.000000e+00
4.730000e-01 0.000000e+00 -1.141217e+03 -1.458750e+03 0.000000e+00 0.000000e+00 0.000000e+00 -8.624515e+01 -9.128294e+01 1.371887e+03 2.682087e+02 0.000000e+00 0.000000e+00 0.000000e+00 0.000000e+00 0.000000e+00 0.000000e+00 0.000000e+00 0.000000e+00 0.000000e+00
4.740000e-01 0.000000e+00 -1.145125e+03 -1.468555e+03 0.000000e+00 0.000000e+00 0.000000e+00 -8.714871e+01 -9.214840e+01 1.371492e+03 2.700821e+02 0.000000e+00 0.000000e+00 0.000000e+00 0.000000e+00 0.000000e+00 0.000000e+00 0.000000e+00 0.000000e+00 0.000000e+00
4.750000e-01 0.000000e+00 -1.149103e+03 -1.478348e+03 0.000000e+00 0.000000e+00 0.000000e+00 -8.804476e+01 -9.300633e+01 1.371107e+03 2.719341e+02 0.000000e+00 0.000000e+00 0.000000e+00 0.000000e+00 0.000000e+00 0.000000e+00 0.000000e+00 0.000000e+00 0.000000e+00
4.760000e-01 0.000000e+00 -1.153149e+03 -1.488129e+03 0.000000e+00 0.000000e+00 0.000000e+00 -8.893318e+01 -9.385664e+01 1.370732e+03 2.737645e+02 0.000000e+00 0.000000e+00 0.000000e+00 0.000000e+00 0.000000e+00 0.000000e+00 0.000000e+00 0.000000e+00 0.000000e+00
4.770000e-01 0.000000e+00 -1.157265e+03 -1.497897e+03 0.000000e+00 0.000000e+00 0.000000e+00 -8.981385e+01 -9.469921e+01 1.370367e+03 2.755728e+02 0.000000e+00 0.000000e+00 0.000000e+00 0.000000e+00 0.000000e+00 0.000000e+00 0.000000e+00 0.000000e+00 0.000000e+00
4.780000e-01 0.000000e+00 -1.161450e+03 -1.507652e+03 0.000000e+00 0.000000e+00 0.000000e+00 -9.068669e+01 -9.553394e+01 1.370011e+03 2.773590e+02 0.000000e+00 0.000000e+00 0.000000e+00 0.000000e+00 0.000000e+00 0.000000e+00 0.000000e+00 0.000000e+00 0.000000e+00
4.790000e-01 0.000000e+00 -1.165706e+03 -1.517391e+03 0.000000e+00 0.000000e+00 0.000000e+00 -9.155157e+01 -9.636072e+01 1.369664e+03 2.791227e+02 0.000000e+00 0.000000e+00 0.000000e+00 0.000000e+00 0.000000e+00 0.000000e+00 0.000000e+00 0.000000e+00 0.000000e+00
4.800000e-01 0.000000e+00 -1.170033e+03 -1.527116e+03 0.000000e+00 0.000000e+00 0.000000e+00 -9.240840e+01 -9.717947e+01 1.369327e+03 2.808636e+02 0.000000e+00 0.000000e+00 0.000000e+00 0.000000e+00 0.000000e+00 0.000000e+00 0.000000e+00 0.000000e+00 0.000000e+00
4.810000e-01 0.000000e+00 -1.174430e+03 -1.536825e+03 0.000000e+00 0.000000e+00 0.000000e+00 -9.325708e+01 -9.799007e+01 1.369000e+03 2.825816e+02 0.000000e+00 0.000000e+00 0.000000e+00 0.000000e+00 0.000000e+00 0.000000e+00 0.000000e+00 0.000000e+00 0.000000e+00
4.820000e-01 0.000000e+00 -1.178899e+03 -1.546517e+03 0.000000e+00 0.000000e+00 0.000000e+00 -9.409750e+01 -9.879244e+01 1.368682e+03 2.842765e+02 0.000000e+00 0.000000e+00 0.000000e+00 0.000000e+00 0.000000e+00 0.000000e+00 0.000000e+00 0.000000e+00 0.000000e+00
4.830000e-01 0.000000e+00 -1.183440e+03 -1.556191e+03 0.000000e+00 0.000000e+00 0.000000e+00 -9.492957e+01 -9.958648e+01 1.368373e+03 2.859479e+02 0.000000e+00 0.000000e+00 0.000000e+00 0.000000e+00 0.000000e+00 0.000000e+00 0.000000e+00 0.000000e+00 0.000000e+00
4.840000e-01 0.000000e+00 -1.188053e+03 -1.565847e+03 0.000000e+00 0.000000e+00 0.000000e+00 -9.575319e+01 -1.003721e+02 1.368074e+03 2.875957e+02 0.000000e+00 0.000000e+00 0.000000e+00 0.000000e+00 0.000000e+00 0.000000e+00 0.000000e+00 0.000000e+00 0.000000e+00
4.850000e-01 0.000000e+00 -1.192739e+03 -1.575485e+03 0.000000e+00 0.000000e+00 0.000000e+00 -9.656825e+01 -1.011492e+02 1.367784e+03 2.892197e+02 0.000000e+00 0.000000e+00 0.000000e+00 0.000000e+00 0.000000e+00 0.000000e+00 0.000000e+00 0.000000e+00 0.000000e+00
4.860000e-01 0.000000e+00 -1.197497e+03 -1.585102e+03 0.000000e+00 0.000000e+00 0.000000e+00 -9.737466e+01 -1.019176e+02 1.367504e+03 2.908196e+02 0.000000e+00 0.000000e+00 0.000000e+00 0.000000e+00 0.000000e+00 0.000000e+00 0.000000e+00 0.000000e+00 0.000000e+00
4.870000e-01 0.000000e+00 -1.202328e+03 -1.594699e+03 0.000000e+00 0.000000e+00 0.000000e+00 -9.817235e+01 -1.026774e+02 1.367232e+03 2.923953e+02 0.000000e+00 0.000000e+00 0.000000e+00 0.000000e+00 0.000000e+00 0.000000e+00 0.000000e+00 0.000000e+00 0.000000e+00
4.880000e-01 0.000000e+00 -1.207232e+03 -1.604274e+03 0.000000e+00 0.000000e+00 0.000000e+00 -9.896122e+01 -1.034284e+02 1.366970e+03 2.939466e+02 0.000000e+00 0.000000e+00 0.000000e+00 0.000000e+00 0.000000e+00 0.000000e+00 0.000000e+00 0.000000e+00 0.000000e+00
4.890000e-01 0.000000e+00 -1.212210e+03 -1.613827e+03 0.000000e+00 0.000000e+00 0.000000e+00 -9.974119e+01 -1.041705e+02 1.366717e+03 2.954733e+02 0.000000e+00 0.000000e+00 0.000000e+00 0.000000e+00 0.000000e+00 0.000000e+00 0.000000e+00 0.000000e+00 0.000000e+00
4.900000e-01 0.000000e+00 -1.217261e+03 -1.623357e+03 0.000000e+00 0.000000e+00 0.000000e+00 -1.005122e+02 -1.049037e+02 1.366473e+03 2.969753e+02 0.000000e+00 0.000000e+00 0.000000e+00 0.000000e+00 0.000000e+00 0.000000e+00 0.000000e+00 0.000000e+00 0.000000e+00
4.910000e-01 0.000000e+00 -1.222387e+03 -1.632864e+03 0.000000e+00 0.000000e+00 0.000000e+00 -1.012741e+02 -1.056280e+02 1.366238e+03 2.984524e+02 0.000000e+00 0.000000e+00 0.000000e+00 0.000000e+00 0.000000e+00 0.000000e+00 0.000000e+00 0.000000e+00 0.000000e+00
4.920000e-01 0.000000e+00 -1.227586e+03 -1.642346e+03 0.000000e+00 0.000000e+00 0.000000e+00 -1.020270e+02 -1.063431e+02 1.366012e+03 2.999045e+02 0.000000e+00 0.000000e+00 0.000000e+00 0.000000e+00 0.000000e+00 0.000000e+00 0.000000e+00 0.000000e+00 0.000000e+00
4.930000e-01 0.000000e+00 -1.232860e+03 -1.651803e+03 0.000000e+00 0.000000e+00 0.000000e+00 -1.027706e+02 -1.070491e+02 1.365795e+03 3.013314e+02 0.000000e+00 0.000000e+00 0.000000e+00 0.000000e+00 0.000000e+00 0.000000e+00 0.000000e+00 0.000000e+00 0.000000e+00
4.940000e-01 0.000000e+00 -1.238208e+03 -1.661235e+03 0.000000e+00 0.000000e+00 0.000000e+00 -1.035050e+02 -1.077460e+02 1.365587e+03 3.027330e+02 0.000000e+00 0.000000e+00 0.000000e+00 0.000000e+00 0.000000e+00 0.000000e+00 0.000000e+00 0.000000e+00 0.000000e+00
4.950000e-01 0.000000e+00 -1.243631e+03 -1.670640e+03 0.000000e+00 0.000000e+00 0.000000e+00 -1.042301e+02 -1.084336e+02 1.365388e+03 3.041093e+02 0.000000e+00 0.000000e+00 0.000000e+00 0.000000e+00 0.000000e+00 0.000000e+00 0.000000e+00 0.000000e+00 0.000000e+00
4.960000e-01 0.000000e+00 -1.249129e+03 -1.680018e+03 0.000000e+00 0.000000e+00 0.000000e+00 -1.049459e+02 -1.091119e+02 1.365198e+03 3.054601e+02 0.000000e+00 0.000000e+00 0.000000e+00 0.000000e+00 0.000000e+00 0.000000e+00 0.000000e+00 0.000000e+00 0.000000e+00
4.970000e-01 0.000000e+00 -1.254701e+03 -1.689368e+03 0.000000e+00 0.000000e+00 0.000000e+00 -1.056522e+02 -1.097809e+02 1.365016e+03 3.067853e+02 0.000000e+00 0.000000e+00 0.000000e+00 0.000000e+00 0.000000e+00 0.000000e+00 0.000000e+00 0.000000e+00 0.000000e+00
4.980000e-01 0.000000e+00 -1.260349e+03 -1.698689e+03 0.000000e+00 0.000000e+00 0.000000e+00 -1.063491e+02 -1.104405e+02 1.364843e+03 3.080849e+02 0.000000e+00 0.000000e+00 0.000000e+00 0.000000e+00 0.000000e+00 0.000000e+00 0.000000e+00 0.000000e+00 0.000000e+00
4.990000e-01 0.000000e+00 -1.266071e+03 -1.707982e+03 0.000000e+00 0.000000e+00 0.000000e+00 -1.070365e+02 -1.110907e+02 1.364679e+03 3.093588e+02 0.000000e+00 0.000000e+00 0.000000e+00 0.000000e+00 0.000000e+00 0.000000e+00 0.000000e+00 0.000000e+00 0.000000e+00
5.000000e-01 0.000000e+00 -1.271869e+03 -1.717245e+03 0.000000e+00 0.000000e+00 0.000000e+00 -1.077144e+02 -1.117315e+02 1.364524e+03 3.106070e+02 0.000000e+00 0.000000e+00 0.000000e+00 0.000000e+00 0.000000e+00 0.000000e+00 0.000000e+00 0.000000e+00 0.000000e+00
5.010000e-01 0.000000e+00 -1.277742e+03 -1.726477e+03 0.000000e+00 0.000000e+00 0.000000e+00 -1.083827e+02 -1.123628e+02 1.364378e+03 3.118294e+02 0.000000e+00 0.000000e+00 0.000000e+00 0.000000e+00 0.000000e+00 0.000000e+00 0.000000e+00 0.000000e+00 0.000000e+00
5.020000e-01 0.000000e+00 -1.283691e+03 -1.735678e+03 0.000000e+00 0.000000e+00 0.000000e+00 -1.090414e+02 -1.129845e+02 1.364240e+03 3.130259e+02 0.000000e+00 0.000000e+00 0.000000e+00 0.000000e+00 0.000000e+00 0.000000e+00 0.000000e+00 0.000000e+00 0.000000e+00
5.030000e-01 0.000000e+00 -1.289714e+03 -1.744847e+03 0.000000e+00 0.000000e+00 0.000000e+00 -1.096905e+02 -1.135968e+02 1.364110e+03 3.141966e+02 0.000000e+00 0.000000e+00 0.000000e+00 0.000000e+00 0.000000e+00 0.000000e+00 0.000000e+00 0.000000e+00 0.000000e+00
5.040000e-01 0.000000e+00 -1.295813e+03 -1.753984e+03 0.000000e+00 0.000000e+00 0.000000e+00 -1.103299e+02 -1.141994e+02 1.363989e+03 3.153414e+02 0.000000e+00 0.000000e+00 0.000000e+00 0.000000e+00 0.000000e+00 0.000000e+00 0.000000e+00 0.000000e+00 0.000000e+00
5.050000e-01 0.000000e+00 -1.301987e+03 -1.763088e+03 0.000000e+00 0.000000e+00 0.000000e+00 -1.109596e+02 -1.147925e+02 1.363877e+03 3.164602e+02 0.000000e+00 0.000000e+00 0.000000e+00 0.000000e+00 0.000000e+00 0.000000e+00 0.000000e+00 0.000000e+00 0.000000e+00
5.060000e-01 0.000000e+00 -1.308236e+03 -1.772158e+03 0.000000e+00 0.000000e+00 0.000000e+00 -1.115796e+02 -1.153759e+02 1.363773e+03 3.175531e+02 0.000000e+00 0.000000e+00 0.000000e+00 0.000000e+00 0.000000e+00 0.000000e+00 0.000000e+00 0.000000e+00 0.000000e+00
5.070000e-01 0.000000e+00 -1.314560e+03 -1.781194e+03 0.000000e+00 0.000000e+00 0.000000e+00 -1.121898e+02 -1.159497e+02 1.363677e+03 3.186201e+02 0.000000e+00 0.000000e+00 0.000000e+00 0.000000e+00 0.000000e+00 0.000000e+00 0.000000e+00 0.000000e+00 0.000000e+00
5.080000e-01 0.000000e+00 -1.320959e+03 -1.790194e+03 0.000000e+00 0.000000e+00 0.000000e+00 -1.127902e+02 -1.165137e+02 1.363590e+03 3.196611e+02 0.000000e+00 0.000000e+00 0.000000e+00 0.000000e+00 0.000000e+00 0.000000e+00 0.000000e+00 0.000000e+00 0.000000e+00
5.090000e-01 0.000000e+00 -1.327432e+03 -1.799158e+03 0.000000e+00 0.000000e+00 0.000000e+00 -1.133808e+02 -1.170681e+02 1.363511e+03 3.206762e+02 0.000000e+00 0.000000e+00 0.000000e+00 0.000000e+00 0.000000e+00 0.000000e+00 0.000000e+00 0.000000e+00 0.000000e+00
5.100000e-01 0.000000e+00 -1.333980e+03 -1.808086e+03 0.000000e+00 0.000000e+00 0.000000e+00 -1.139615e+02 -1.176128e+02 1.363441e+03 3.216653e+02 0.000000e+00 0.000000e+00 0.000000e+00 0.000000e+00 0.000000e+00 0.000000e+00 0.000000e+00 0.000000e+00 0.000000e+00
5.110000e-01 0.000000e+00 -1.340603e+03 -1.816977e+03 0.000000e+00 0.000000e+00 0.000000e+00 -1.145325e+02 -1.181478e+02 1.363379e+03 3.226286e+02 0.000000e+00 0.000000e+00 0.000000e+00 0.000000e+00 0.000000e+00 0.000000e+00 0.000000e+00 0.000000e+00 0.000000e+00
5.120000e-01 0.000000e+00 -1.347299e+03 -1.825829e+03 0.000000e+00 0.000000e+00 0.000000e+00 -1.150936e+02 -1.186731e+02 1.363325e+03 3.235661e+02 0.000000e+00 0.000000e+00 0.000000e+00 0.000000e+00 0.000000e+00 0.000000e+00 0.000000e+00 0.000000e+00 0.000000e+00
5.130000e-01 0.000000e+00 -1.354070e+03 -1.834644e+03 0.000000e+00 0.000000e+00 0.000000e+00 -1.156448e+02 -1.191887e+02 1.363279e+03 3.244778e+02 0.000000e+00 0.000000e+00 0.000000e+00 0.000000e+00 0.000000e+00 0.000000e+00 0.000000e+00 0.000000e+00 0.000000e+00
5.140000e-01 0.000000e+00 -1.360915e+03 -1.843420e+03 0.000000e+00 0.000000e+00 0.000000e+00 -1.161862e+02 -1.196945e+02 1.363241e+03 3.253638e+02 0.000000e+00 0.000000e+00 0.000000e+00 0.000000e+00 0.000000e+00 0.000000e+00 0.000000e+00 0.000000e+00 0.000000e+00
5.150000e-01 0.000000e+00 -1.367833e+03 -1.852156e+03 0.000000e+00 0.000000e+00 0.000000e+00 -1.167178e+02 -1.201907e+02 1.363212e+03 3.262242e+02 0.000000e+00 0.000000e+00 0.000000e+00 0.000000e+00 0.000000e+00 0.000000e+00 0.000000e+00 0.000000e+00 0.000000e+00
5.160000e-01 0.000000e+00 -1.374824e+03 -1.860852e+03 0.000000e+00 0.000000e+00 0.000000e+00 -1.172395e+02 -1.206772e+02 1.363190e+03 3.270591e+02 0.000000e+00 0.000000e+00 0.000000e+00 0.000000e+00 0.000000e+00 0.000000e+00 0.000000e+00 0.000000e+00 0.000000e+00
5.170000e-01 0.000000e+00 -1.381889e+03 -1.869508e+03 0.000000e+00 0.000000e+00 0.000000e+00 -1.177515e+02 -1.211541e+02 1.363177e+03 3.278687e+02 0.000000e+00 0.000000e+00 0.000000e+00 0.000000e+00 0.000000e+00 0.000000e+00 0.000000e+00 0.000000e+00 0.000000e+00
5.180000e-01 0.000000e+00 -1.389026e+03 -1.878123e+03 0.000000e+00 0.000000e+00 0.000000e+00 -1.182537e+02 -1.216214e+02 1.363172e+03 3.286529e+02 0.000000e+00 0.000000e+00 0.000000e+00 0.000000e+00 0.000000e+00 0.000000e+00 0.000000e+00 0.000000e+00 0.000000e+00
5.190000e-01 0.000000e+00 -1.396236e+03 -1.886697e+03 0.000000e+00 0.000000e+00 0.000000e+00 -1.187461e+02 -1.220790e+02 1.363174e+03 3.294120e+02 0.000000e+00 0.000000e+00 0.000000e+00 0.000000e+00 0.000000e+00 0.000000e+00 0.000000e+00 0.000000e+00 0.000000e+00
5.200000e-01 0.000000e+00 -1.403517e+03 -1.895229e+03 0.000000e+00 0.000000e+00 0.000000e+00 -1.192288e+02 -1.225271e+02 1.363185e+03 3.301461e+02 0.000000e+00 0.000000e+00 0.000000e+00 0.000000e+00 0.000000e+00 0.000000e+00 0.000000e+00 0.000000e+00 0.000000e+00
5.210000e-01 0.000000e+00 -1.410871e+03 -1.903718e+03 0.000000e+00 0.000000e+00 0.000000e+00 -1.197018e+02 -1.229657e+02 1.363204e+03 3.308554e+02 0.000000e+00 0.000000e+00 0.000000e+00 0.000000e+00 0.000000e+00 0.000000e+00 0.000000e+00 0.000000e+00 0.000000e+00
5.220000e-01 0.000000e+00 -1.418296e+03 -1.912165e+03 0.000000e+00 0.000000e+00 0.000000e+00 -1.201651e+02 -1.233948e+02 1.363230e+03 3.315400e+02 0.000000e+00 0.000000e+00 0.000000e+00 0.000000e+00 0.000000e+00 0.000000e+00 0.000000e+00 0.000000e+00 0.000000e+00
5.230000e-01 0.000000e+00 -1.425793e+03 -1.920570e+03 0.000000e+00 0.000000e+00 0.000000e+00 -1.206189e+02 -1.238144e+02 1.363264e+03 3.322000e+02 0.000000e+00 0.000000e+00 0.000000e+00 0.000000e+00 0.000000e+00 0.000000e+00 0.000000e+00 0.000000e+00 0.000000e+00
5.240000e-01 0.000000e+00 -1.433360e+03 -1.928930e+03 0.000000e+00 0.000000e+00 0.000000e+00 -1.210630e+02 -1.242247e+02 1.363306e+03 3.328357e+02 0.000000e+00 0.000000e+00 0.000000e+00 0.000000e+00 0.000000e+00 0.000000e+00 0.000000e+00 0.000000e+00 0.000000e+00
5.250000e-01 0.000000e+00 -1.440997e+03 -1.937247e+03 0.000000e+00 0.000000e+00 0.000000e+00 -1.214977e+02 -1.246256e+02 1.363356e+03 3.334472e+02 0.000000e+00 0.000000e+00 0.000000e+00 0.000000e+00 0.000000e+00 0.000000e+00 0.000000e+00 0.000000e+00 0.000000e+00
5.260000e-01 0.000000e+00 -1.448704e+03 -1.945519e+03 0.000000e+00 0.000000e+00 0.000000e+00 -1.219228e+02 -1.250171e+02 1.363414e+03 3.340346e+02 0.000000e+00 0.000000e+00 0.000000e+00 0.000000e+00 0.000000e+00 0.000000e+00 0.000000e+00 0.000000e+00 0.000000e+00
5.270000e-01 0.000000e+00 -1.456480e+03 -1.953747e+03 0.000000e+00 0.000000e+00 0.000000e+00 -1.223384e+02 -1.253994e+02 1.363479e+03 3.345982e+02 0.000000e+00 0.000000e+00 0.000000e+00 0.000000e+00 0.000000e+00 0.000000e+00 0.000000e+00 0.000000e+00 0.000000e+00
5.280000e-01 0.000000e+00 -1.464325e+03 -1.961929e+03 0.000000e+00 0.000000e+00 0.000000e+00 -1.227446e+02 -1.257724e+02 1.363552e+03 3.351381e+02 0.000000e+00 0.000000e+00 0.000000e+00 0.000000e+00 0.000000e+00 0.000000e+00 0.000000e+00 0.000000e+00 0.000000e+00
5.290000e-01 0.000000e+00 -1.472237e+03 -1.970065e+03 0.000000e+00 0.000000e+00 0.000000e+00 -1.231414e+02 -1.261363e+02 1.363633e+03 3.356546e+02 0.000000e+00 0.000000e+00 0.000000e+00 0.000000e+00 0.000000e+00 0.000000e+00 0.000000e+00 0.000000e+00 0.000000e+00
5.300000e-01 0.000000e+00 -1.480218e+03 -1.978155e+03 0.000000e+00 0.000000e+00 0.000000e+00 -1.235289e+02 -1.264910e+02 1.363721e+03 3.361478e+02 0.000000e+00 0.000000e+00 0.000000e+00 0.000000e+00 0.000000e+00 0.000000e+00 0.000000e+00 0.000000e+00 0.000000e+00
5.310000e-01 0.000000e+00 -1.488265e+03 -1.986199e+03 0.000000e+00 0.000000e+00 0.000000e+00 -1.239071e+02 -1.268367e+02 1.363817e+03 3.366180e+02 0.000000e+00 0.000000e+00 0.000000e+00 0.000000e+00 0.000000e+00 0.000000e+00 0.000000e+00 0.000000e+00 0.000000e+00
5.320000e-01 0.000000e+00 -1.496379e+03 -1.994196e+03 0.000000e+00 0.000000e+00 0.000000e+00 -1.242761e+02 -1.271733e+02 1.363920e+03 3.370655e+02 0.000000e+00 0.000000e+00 0.000000e+00 0.000000e+00 0.000000e+00 0.000000e+00 0.000000e+00 0.000000e+00 0.000000e+00
5.330000e-01 0.000000e+00 -1.504559e+03 -2.002146e+03 0.000000e+00 0.000000e+00 0.000000e+00 -1.246359e+02 -1.275011e+02 1.364031e+03 3.374903e+02 0.000000e+00 0.000000e+00 0.000000e+00 0.000000e+00 0.000000e+00 0.000000e+00 0.000000e+00 0.000000e+00 0.000000e+00
5.340000e-01 0.000000e+00 -1.512804e+03 -2.010049e+03 0.000000e+00 0.000000e+00 0.000000e+00 -1.249867e+02 -1.278199e+02 1.364150e+03 3.378929e+02 0.000000e+00 0.000000e+00 0.000000e+00 0.000000e+00 0.000000e+00 0.000000e+00 0.000000e+00 0.000000e+00 0.000000e+00
5.350000e-01 0.000000e+00 -1.521114e+03 -2.017904e+03 0.000000e+00 0.000000e+00 0.000000e+00 -1.253284e+02 -1.281300e+02 1.364275e+03 3.382735e+02 0.000000e+00 0.000000e+00 0.000000e+00 0.000000e+00 0.000000e+00 0.000000e+00 0.000000e+00 0.000000e+00 0.000000e+00
5.360000e-01 0.000000e+00 -1.529488e+03 -2.025711e+03 0.000000e+00 0.000000e+00 0.000000e+00 -1.256612e+02 -1.284314e+02 1.364409e+03 3.386324e+02 0.000000e+00 0.000000e+00 0.000000e+00 0.000000e+00 0.000000e+00 0.000000e+00 0.000000e+00 0.000000e+00 0.000000e+00
5.370000e-01 0.000000e+00 -1.537925e+03 -2.033471e+03 0.000000e+00 0.000000e+00 0.000000e+00 -1.259852e+02 -1.287241e+02 1.364550e+03 3.389698e+02 0.000000e+00 0.000000e+00 0.000000e+00 0.000000e+00 0.000000e+00 0.000000e+00 0.000000e+00 0.000000e+00 0.000000e+00
5.380000e-01 0.000000e+00 -1.546424e+03 -2.041182e+03 0.000000e+00 0.000000e+00 0.000000e+00 -1.263004e+02 -1.290084e+02 1.364698e+03 3.392860e+02 0.000000e+00 0.000000e+00 0.000000e+00 0.000000e+00 0.000000e+00 0.000000e+00 0.000000e+00 0.000000e+00 0.000000e+00
5.390000e-01 0.000000e+00 -1.554986e+03 -2.048846e+03 0.000000e+00 0.000000e+00 0.000000e+00 -1.266070e+02 -1.292842e+02 1.364853e+03 3.395814e+02 0.000000e+00 0.000000e+00 0.000000e+00 0.000000e+00 0.000000e+00 0.000000e+00 0.000000e+00 0.000000e+00 0.000000e+00
5.400000e-01 0.000000e+00 -1.563609e+03 -2.056461e+03 0.000000e+00 0.000000e+00 0.000000e+00 -1.269050e+02 -1.295517e+02 1.365016e+03 3.398563e+02 0.000000e+00 0.000000e+00 0.000000e+00 0.000000e+00 0.000000e+00 0.000000e+00 0.000000e+00 0.000000e+00 0.000000e+00
5.410000e-01 0.000000e+00 -1.572292e+03 -2.064027e+03 0.000000e+00 0.000000e+00 0.000000e+00 -1.271945e+02 -1.298110e+02 1.365187e+03 3.401110e+02 0.000000e+00 0.000000e+00 0.000000e+00 0.000000e+00 0.000000e+00 0.000000e+00 0.000000e+00 0.000000e+00 0.000000e+00
5.420000e-01 0.000000e+00 -1.581035e+03 -2.071545e+03 0.000000e+00 0.000000e+00 0.000000e+00 -1.274757e+02 -1.300621e+02 1.365364e+03 3.403458e+02 0.000000e+00 0.000000e+00 0.000000e+00 0.000000e+00 0.000000e+00 0.000000e+00 0.000000e+00 0.000000e+00 0.000000e+00
5.430000e-01 0.000000e+00 -1.589838e+03 -2.079015e+03 0.000000e+00 0.000000e+00 0.000000e+00 -1.277486e+02 -1.303052e+02 1.365549e+03 3.405612e+02 0.000000e+00 0.000000e+00 0.000000e+00 0.000000e+00 0.000000e+00 0.000000e+00 0.000000e+00 0.000000e+00 0.000000e+00
5.440000e-01 0.000000e+00 -1.598698e+03 -2.086437e+03 0.000000e+00 0.000000e+00 0.000000e+00 -1.280134e+02 -1.305405e+02 1.365741e+03 3.407573e+02 0.000000e+00 0.000000e+00 0.000000e+00 0.000000e+00 0.000000e+00 0.000000e+00 0.000000e+00 0.000000e+00 0.000000e+00
5.450000e-01 0.000000e+00 -1.607616e+03 -2.093809e+03 0.000000e+00 0.000000e+00 0.000000e+00 -1.282701e+02 -1.307679e+02 1.365940e+03 3.409346e+02 0.000000e+00 0.000000e+00 0.000000e+00 0.000000e+00 0.000000e+00 0.000000e+00 0.000000e+00 0.000000e+00 0.000000e+00
5.460000e-01 0.000000e+00 -1.616590e+03 -2.101134e+03 0.000000e+00 0.000000e+00 0.000000e+00 -1.285188e+02 -1.309877e+02 1.366147e+03 3.410934e+02 0.000000e+00 0.000000e+00 0.000000e+00 0.000000e+00 0.000000e+00 0.000000e+00 0.000000e+00 0.000000e+00 0.000000e+00
5.470000e-01 0.000000e+00 -1.625620e+03 -2.108409e+03 0.000000e+00 0.000000e+00 0.000000e+00 -1.287597e+02 -1.311998e+02 1.366360e+03 3.412340e+02 0.000000e+00 0.000000e+00 0.000000e+00 0.000000e+00 0.000000e+00 0.000000e+00 0.000000e+00 0.000000e+00 0.000000e+00
5.480000e-01 0.000000e+00 -1.634705e+03 -2.115635e+03 0.000000e+00 0.000000e+00 0.000000e+00 -1.289929e+02 -1.314045e+02 1.366581e+03 3.413568e+02 0.000000e+00 0.000000e+00 0.000000e+00 0.000000e+00 0.000000e+00 0.000000e+00 0.000000e+00 0.000000e+00 0.000000e+00
5.490000e-01 0.000000e+00 -1.643844e+03 -2.122813e+03 0.000000e+00 0.000000e+00 0.000000e+00 -1.292184e+02 -1.316017e+02 1.366809e+03 3.414622e+02 0.000000e+00 0.000000e+00 0.000000e+00 0.000000e+00 0.000000e+00 0.000000e+00 0.000000e+00 0.000000e+00 0.000000e+00
5.500000e-01 0.000000e+00 -1.653036e+03 -2.129942e+03 0.000000e+00 0.000000e+00 0.000000e+00 -1.294364e+02 -1.317918e+02 1.367044e+03 3.415506e+02 0.000000e+00 0.000000e+00 0.000000e+00 0.000000e+00 0.000000e+00 0.000000e+00 0.000000e+00 0.000000e+00 0.000000e+00
5.510000e-01 0.000000e+00 -1.662280e+03 -2.137023e+03 0.000000e+00 0.000000e+00 0.000000e+00 -1.296471e+02 -1.319747e+02 1.367286e+03 3.416222e+02 0.000000e+00 0.000000e+00 0.000000e+00 0.000000e+00 0.000000e+00 0.000000e+00 0.000000e+00 0.000000e+00 0.000000e+00
5.520000e-01 0.000000e+00 -1.671576e+03 -2.144055e+03 0.000000e+00 0.000000e+00 0.000000e+00 -1.298504e+02 -1.321507e+02 1.367535e+03 3.416777e+02 0.000000e+00 0.000000e+00 0.000000e+00 0.000000e+00 0.000000e+00 0.000000e+00 0.000000e+00 0.000000e+00 0.000000e+00
5.530000e-01 0.000000e+00 -1.680921e+03 -2.151039e+03 0.000000e+00 0.000000e+00 0.000000e+00 -1.300466e+02 -1.323198e+02 1.367792e+03 3.417173e+02 0.000000e+00 0.000000e+00 0.000000e+00 0.000000e+00 0.000000e+00 0.000000e+00 0.000000e+00 0.000000e+00 0.000000e+00
5.540000e-01 0.000000e+00 -1.690316e+03 -2.157975e+03 0.000000e+00 0.000000e+00 0.000000e+00 -1.302359e+02 -1.324821e+02 1.368055e+03 3.417414e+02 0.000000e+00 0.000000e+00 0.000000e+00 0.000000e+00 0.000000e+00 0.000000e+00 0.000000e+00 0.000000e+00 0.000000e+00
5.550000e-01 0.000000e+00 -1.699760e+03 -2.164863e+03 0.000000e+00 0.000000e+00 0.000000e+00 -1.304182e+02 -1.326379e+02 1.368325e+03 3.417505e+02 0.000000e+00 0.000000e+00 0.000000e+00 0.000000e+00 0.000000e+00 0.000000e+00 0.000000e+00 0.000000e+00 0.000000e+00
5.560000e-01 0.000000e+00 -1.709251e+03 -2.171703e+03 0.000000e+00 0.000000e+00 0.000000e+00 -1.305939e+02 -1.327873e+02 1.368603e+03 3.417451e+02 0.000000e+00 0.000000e+00 0.000000e+00 0.000000e+00 0.000000e+00 0.000000e+00 0.000000e+00 0.000000e+00 0.000000e+00
5.570000e-01 0.000000e+00 -1.718788e+03 -2.178496e+03 0.000000e+00 0.000000e+00 0.000000e+00 -1.307630e+02 -1.329303e+02 1.368887e+03 3.417255e+02 0.000000e+00 0.000000e+00 0.000000e+00 0.000000e+00 0.000000e+00 0.000000e+00 0.000000e+00 0.000000e+00 0.000000e+00
5.580000e-01 0.000000e+00 -1.728371e+03 -2.185242e+03 0.000000e+00 0.000000e+00 0.000000e+00 -1.309256e+02 -1.330672e+02 1.369178e+03 3.416922e+02 0.000000e+00 0.000000e+00 0.000000e+00 0.000000e+00 0.000000e+00 0.000000e+00 0.000000e+00 0.000000e+00 0.000000e+00
5.590000e-01 0.000000e+00 -1.737999e+03 -2.191941e+03 0.000000e+00 0.000000e+00 0.000000e+00 -1.310820e+02 -1.331982e+02 1.369476e+03 3.416456e+02 0.000000e+00 0.000000e+00 0.000000e+00 0.000000e+00 0.000000e+00 0.000000e+00 0.000000e+00 0.000000e+00 0.000000e+00
5.600000e-01 0.000000e+00 -1.747670e+03 -2.198594e+03 0.000000e+00 0.000000e+00 0.000000e+00 -1.312323e+02 -1.333233e+02 1.369782e+03 3.415863e+02 0.000000e+00 0.000000e+00 0.000000e+00 0.000000e+00 0.000000e+00 0.000000e+00 0.000000e+00 0.000000e+00 0.000000e+00
5.610000e-01 0.000000e+00 -1.757384e+03 -2.205201e+03 0.000000e+00 0.000000e+00 0.000000e+00 -1.313766e+02 -1.334428e+02 1.370094e+03 3.415147e+02 0.000000e+00 0.000000e+00 0.000000e+00 0.000000e+00 0.000000e+00 0.000000e+00 0.000000e+00 0.000000e+00 0.000000e+00
5.620000e-01 0.000000e+00 -1.767139e+03 -2.211763e+03 0.000000e+00 0.000000e+00 0.000000e+00 -1.315152e+02 -1.335568e+02 1.370413e+03 3.414313e+02 0.000000e+00 0.000000e+00 0.000000e+00 0.000000e+00 0.000000e+00 0.000000e+00 0.000000e+00 0.000000e+00 0.000000e+00
5.630000e-01 0.000000e+00 -1.776935e+03 -2.218280e+03 0.000000e+00 0.000000e+00 0.000000e+00 -1.316481e+02 -1.336654e+02 1.370739e+03 3.413365e+02 0.000000e+00 0.000000e+00 0.000000e+00 0.000000e+00 0.000000e+00 0.000000e+00 0.000000e+00 0.000000e+00 0.000000e+00
5.640000e-01 0.000000e+00 -1.786771e+03 -2.224752e+03 0.000000e+00 0.000000e+00 0.000000e+00 -1.317755e+02 -1.337688e+02 1.371072e+03 3.412308e+02 0.000000e+00 0.000000e+00 0.000000e+00 0.000000e+00 0.000000e+00 0.000000e+00 0.000000e+00 0.000000e+00 0.000000e+00
5.650000e-01 0.000000e+00 -1.796645e+03 -2.231180e+03 0.000000e+00 0.000000e+00 0.000000e+00 -1.318977e+02 -1.338672e+02 1.371412e+03 3.411147e+02 0.000000e+00 0.000000e+00 0.000000e+00 0.000000e+00 0.000000e+00 0.000000e+00 0.000000e+00 0.000000e+00 0.000000e+00
5.660000e-01 0.000000e+00 -1.806556e+03 -2.237564e+03 0.000000e+00 0.000000e+00 0.000000e+00 -1.320146e+02 -1.339608e+02 1.371758e+03 3.409885e+02 0.000000e+00 0.000000e+00 0.000000e+00 0.000000e+00 0.000000e+00 0.000000e+00 0.000000e+00 0.000000e+00 0.000000e+00
5.670000e-01 0.000000e+00 -1.816503e+03 -2.243904e+03 0.000000e+00 0.000000e+00 0.000000e+00 -1.321266e+02 -1.340496e+02 1.372112e+03 3.408530e+02 0.000000e+00 0.000000e+00 0.000000e+00 0.000000e+00 0.000000e+00 0.000000e+00 0.000000e+00 0.000000e+00 0.000000e+00
5.680000e-01 0.000000e+00 -1.826485e+03 -2.250203e+03 0.000000e+00 0.000000e+00 0.000000e+00 -1.322337e+02 -1.341339e+02 1.372473e+03 3.407084e+02 0.000000e+00 0.000000e+00 0.000000e+00 0.000000e+00 0.000000e+00 0.000000e+00 0.000000e+00 0.000000e+00 0.000000e+00
5.690000e-01 0.000000e+00 -1.836502e+03 -2.256458e+03 0.000000e+00 0.000000e+00 0.000000e+00 -1.323362e+02 -1.342139e+02 1.372840e+03 3.405553e+02 0.000000e+00 0.000000e+00 0.000000e+00 0.000000e+00 0.000000e+00 0.000000e+00 0.000000e+00 0.000000e+00 0.000000e+00
5.700000e-01 0.000000e+00 -1.846552e+03 -2.262673e+03 0.000000e+00 0.000000e+00 0.000000e+00 -1.324342e+02 -1.342897e+02 1.373214e+03 3.403943e+02 0.000000e+00 0.000000e+00 0.000000e+00 0.000000e+00 0.000000e+00 0.000000e+00 0.000000e+00 0.000000e+00 0.000000e+00
5.710000e-01 0.000000e+00 -1.856633e+03 -2.268846e+03 0.000000e+00 0.000000e+00 0.000000e+00 -1.325279e+02 -1.343615e+02 1.373595e+03 3.402259e+02 0.000000e+00 0.000000e+00 0.000000e+00 0.000000e+00 0.000000e+00 0.000000e+00 0.000000e+00 0.000000e+00 0.000000e+00
5.720000e-01 0.000000e+00 -1.866746e+03 -2.274979e+03 0.000000e+00 0.000000e+00 0.000000e+00 -1.326175e+02 -1.344294e+02 1.373983e+03 3.400504e+02 0.000000e+00 0.000000e+00 0.000000e+00 0.000000e+00 0.000000e+00 0.000000e+00 0.000000e+00 0.000000e+00 0.000000e+00
5.730000e-01 0.000000e+00 -1.876888e+03 -2.281073e+03 0.000000e+00 0.000000e+00 0.000000e+00 -1.327031e+02 -1.344938e+02 1.374378e+03 3.398686e+02 0.000000e+00 0.000000e+00 0.000000e+00 0.000000e+00 0.000000e+00 0.000000e+00 0.000000e+00 0.000000e+00 0.000000e+00
5.740000e-01 0.000000e+00 -1.887058e+03 -2.287128e+03 0.000000e+00 0.000000e+00 0.000000e+00 -1.327850e+02 -1.345546e+02 1.374780e+03 3.396809e+02 0.000000e+00 0.000000e+00 0.000000e+00 0.000000e+00 0.000000e+00 0.000000e+00 0.000000e+00 0.000000e+00 0.000000e+00
5.750000e-01 0.000000e+00 -1.897257e+03 -2.293145e+03 0.000000e+00 0.000000e+00 0.000000e+00 -1.328634e+02 -1.346123e+02 1.375189e+03 3.394878e+02 0.000000e+00 0.000000e+00 0.000000e+00 0.000000e+00 0.000000e+00 0.000000e+00 0.000000e+00 0.000000e+00 0.000000e+00
5.760000e-01 0.000000e+00 -1.907481e+03 -2.299125e+03 0.000000e+00 0.000000e+00 0.000000e+00 -1.329384e+02 -1.346669e+02 1.375604e+03 3.392899e+02 0.000000e+00 0.000000e+00 0.000000e+00 0.000000e+00 0.000000e+00 0.000000e+00 0.000000e+00 0.000000e+00 0.000000e+00
5.770000e-01 0.000000e+00 -1.917732e+03 -2.305068e+03 0.000000e+00 0.000000e+00 0.000000e+00 -1.330103e+02 -1.347186e+02 1.376026e+03 3.390877e+02 0.000000e+00 0.000000e+00 0.000000e+00 0.000000e+00 0.000000e+00 0.000000e+00 0.000000e+00 0.000000e+00 0.000000e+00
5.780000e-01 0.000000e+00 -1.928006e+03 -2.310976e+03 0.000000e+00 0.000000e+00 0.000000e+00 -1.330792e+02 -1.347677e+02 1.376456e+03 3.388818e+02 0.000000e+00 0.000000e+00 0.000000e+00 0.000000e+00 0.000000e+00 0.000000e+00 0.000000e+00 0.000000e+00 0.000000e+00
5.790000e-01 0.000000e+00 -1.938304e+03 -2.316849e+03 0.000000e+00 0.000000e+00 0.000000e+00 -1.331453e+02 -1.348143e+02 1.376892e+03 3.386728e+02 0.000000e+00 0.000000e+00 0.000000e+00 0.000000e+00 0.000000e+00 0.000000e+00 0.000000e+00 0.000000e+00 0.000000e+00
5.800000e-01 0.000000e+00 -1.948623e+03 -2.322689e+03 0.000000e+00 0.000000e+00 0.000000e+00 -1.332089e+02 -1.348586e+02 1.377335e+03 3.384612e+02 0.000000e+00 0.000000e+00 0.000000e+00 0.000000e+00 0.000000e+00 0.000000e+00 0.000000e+00 0.000000e+00 0.000000e+00
5.810000e-01 0.000000e+00 -1.958964e+03 -2.328496e+03 0.000000e+00 0.000000e+00 0.000000e+00 -1.332702e+02 -1.349009e+02 1.377785e+03 3.382474e+02 0.000000e+00 0.000000e+00 0.000000e+00 0.000000e+00 0.000000e+00 0.000000e+00 0.000000e+00 0.000000e+00 0.000000e+00
5.820000e-01 0.000000e+00 -1.969325e+03 -2.334272e+03 0.000000e+00 0.000000e+00 0.000000e+00 -1.333293e+02 -1.349414e+02 1.378241e+03 3.380322e+02 0.000000e+00 0.000000e+00 0.000000e+00 0.000000e+00 0.000000e+00 0.000000e+00 0.000000e+00 0.000000e+00 0.000000e+00
5.830000e-01 0.000000e+00 -1.979704e+03 -2.340016e+03 0.000000e+00 0.000000e+00 0.000000e+00 -1.333864e+02 -1.349802e+02 1.378705e+03 3.378160e+02 0.000000e+00 0.000000e+00 0.000000e+00 0.000000e+00 0.000000e+00 0.000000e+00 0.000000e+00 0.000000e+00 0.000000e+00
5.840000e-01 0.000000e+00 -1.990101e+03 -2.345730e+03 0.000000e+00 0.000000e+00 0.000000e+00 -1.334418e+02 -1.350175e+02 1.379176e+03 3.375994e+02 0.000000e+00 0.000000e+00 0.000000e+00 0.000000e+00 0.000000e+00 0.000000e+00 0.000000e+00 0.000000e+00 0.000000e+00
5.850000e-01 0.000000e+00 -2.000515e+03 -2.351416e+03 0.000000e+00 0.000000e+00 0.000000e+00 -1.334957e+02 -1.350535e+02 1.379653e+03 3.373830e+02 0.000000e+00 0.000000e+00 0.000000e+00 0.000000e+00 0.000000e+00 0.000000e+00 0.000000e+00 0.000000e+00 0.000000e+00
5.860000e-01 0.000000e+00 -2.010944e+03 -2.357074e+03 0.000000e+00 0.000000e+00 0.000000e+00 -1.335482e+02 -1.350885e+02 1.380138e+03 3.371672e+02 0.000000e+00 0.000000e+00 0.000000e+00 0.000000e+00 0.000000e+00 0.000000e+00 0.000000e+00 0.000000e+00 0.000000e+00
5.870000e-01 0.000000e+00 -2.021387e+03 -2.362705e+03 0.000000e+00 0.000000e+00 0.000000e+00 -1.335996e+02 -1.351227e+02 1.380630e+03 3.369527e+02 0.000000e+00 0.000000e+00 0.000000e+00 0.000000e+00 0.000000e+00 0.000000e+00 0.000000e+00 0.000000e+00 0.000000e+00
5.880000e-01 0.000000e+00 -2.031844e+03 -2.368310e+03 0.000000e+00 0.000000e+00 0.000000e+00 -1.336501e+02 -1.351562e+02 1.381128e+03 3.367401e+02 0.000000e+00 0.000000e+00 0.000000e+00 0.000000e+00 0.000000e+00 0.000000e+00 0.000000e+00 0.000000e+00 0.000000e+00
5.890000e-01 0.000000e+00 -2.042313e+03 -2.373891e+03 0.000000e+00 0.000000e+00 0.000000e+00 -1.336999e+02 -1.351894e+02 1.381634e+03 3.365298e+02 0.000000e+00 0.000000e+00 0.000000e+00 0.000000e+00 0.000000e+00 0.000000e+00 0.000000e+00 0.000000e+00 0.000000e+00
5.900000e-01 0.000000e+00 -2.052793e+03 -2.379448e+03 0.000000e+00 0.000000e+00 0.000000e+00 -1.337491e+02 -1.352223e+02 1.382146e+03 3.363226e+02 0.000000e+00 0.000000e+00 0.000000e+00 0.000000e+00 0.000000e+00 0.000000e+00 0.000000e+00 0.000000e+00 0.000000e+00
5.910000e-01 0.000000e+00 -2.063283e+03 -2.384984e+03 0.000000e+00 0.000000e+00 0.000000e+00 -1.337982e+02 -1.352552e+02 1.382666e+03 3.361189e+02 0.000000e+00 0.000000e+00 0.000000e+00 0.000000e+00 0.000000e+00 0.000000e+00 0.000000e+00 0.000000e+00 0.000000e+00
5.920000e-01 0.000000e+00 -2.073783e+03 -2.390498e+03 0.000000e+00 0.000000e+00 0.000000e+00 -1.338472e+02 -1.352884e+02 1.383193e+03 3.359194e+02 0.000000e+00 0.000000e+00 0.000000e+00 0.000000e+00 0.000000e+00 0.000000e+00 0.000000e+00 0.000000e+00 0.000000e+00
5.930000e-01 0.000000e+00 -2.084290e+03 -2.395993e+03 0.000000e+00 0.000000e+00 0.000000e+00 -1.338964e+02 -1.353220e+02 1.383726e+03 3.357246e+02 0.000000e+00 0.000000e+00 0.000000e+00 0.000000e+00 0.000000e+00 0.000000e+00 0.000000e+00 0.000000e+00 0.000000e+00
5.940000e-01 0.000000e+00 -2.094805e+03 -2.401470e+03 0.000000e+00 0.000000e+00 0.000000e+00 -1.339459e+02 -1.353563e+02 1.384267e+03 3.355351e+02 0.000000e+00 0.000000e+00 0.000000e+00 0.000000e+00 0.000000e+00 0.000000e+00 0.000000e+00 0.000000e+00 0.000000e+00
5.950000e-01 0.000000e+00 -2.105325e+03 -2.406929e+03 0.000000e+00 0.000000e+00 0.000000e+00 -1.339962e+02 -1.353915e+02 1.384815e+03 3.353516e+02 0.000000e+00 0.000000e+00 0.000000e+00 0.000000e+00 0.000000e+00 0.000000e+00 0.000000e+00 0.000000e+00 0.000000e+00
5.960000e-01 0.000000e+00 -2.115851e+03 -2.412373e+03 0.000000e+00 0.000000e+00 0.000000e+00 -1.340473e+02 -1.354279e+02 1.385371e+03 3.351745e+02 0.000000e+00 0.000000e+00 0.000000e+00 0.000000e+00 0.000000e+00 0.000000e+00 0.000000e+00 0.000000e+00 0.000000e+00
5.970000e-01 0.000000e+00 -2.126381e+03 -2.417803e+03 0.000000e+00 0.000000e+00 0.000000e+00 -1.340995e+02 -1.354656e+02 1.385933e+03 3.350045e+02 0.000000e+00 0.000000e+00 0.000000e+00 0.000000e+00 0.000000e+00 0.000000e+00 0.000000e+00 0.000000e+00 0.000000e+00
5.980000e-01 0.000000e+00 -2.136914e+03 -2.423219e+03 0.000000e+00 0.000000e+00 0.000000e+00 -1.341530e+02 -1.355048e+02 1.386503e+03 3.348422e+02 0.000000e+00 0.000000e+00 0.000000e+00 0.000000e+00 0.000000e+00 0.000000e+00 0.000000e+00 0.000000e+00 0.000000e+00
5.990000e-01 0.000000e+00 -2.147449e+03 -2.428625e+03 0.000000e+00 0.000000e+00 0.000000e+00 -1.342081e+02 -1.355459e+02 1.387079e+03 3.346881e+02 0.000000e+00 0.000000e+00 0.000000e+00 0.000000e+00 0.000000e+00 0.000000e+00 0.000000e+00 0.000000e+00 0.000000e+00
6.000000e-01 0.000000e+00 -2.157985e+03 -2.434020e+03 0.000000e+00 0.000000e+00 0.000000e+00 -1.342649e+02 -1.355890e+02 1.387664e+03 3.345429e+02 0.000000e+00 0.000000e+00 0.000000e+00 0.000000e+00 0.000000e+00 0.000000e+00 0.000000e+00 0.000000e+00 0.000000e+00
6.010000e-01 0.000000e+00 -2.168521e+03 -2.439406e+03 0.000000e+00 0.000000e+00 0.000000e+00 -1.343237e+02 -1.356344e+02 1.388255e+03 3.344070e+02 0.000000e+00 0.000000e+00 0.000000e+00 0.000000e+00 0.000000e+00 0.000000e+00 0.000000e+00 0.000000e+00 0.000000e+00
6.020000e-01 0.000000e+00 -2.179057e+03 -2.444786e+03 0.000000e+00 0.000000e+00 0.000000e+00 -1.343848e+02 -1.356822e+02 1.388854e+03 3.342811e+02 0.000000e+00 0.000000e+00 0.000000e+00 0.000000e+00 0.000000e+00 0.000000e+00 0.000000e+00 0.000000e+00 0.000000e+00
6.030000e-01 0.000000e+00 -2.189590e+03 -2.450159e+03 0.000000e+00 0.000000e+00 0.000000e+00 -1.344483e+02 -1.357327e+02 1.389460e+03 3.341658e+02 0.000000e+00 0.000000e+00 0.000000e+00 0.000000e+00 0.000000e+00 0.000000e+00 0.000000e+00 0.000000e+00 0.000000e+00
6.040000e-01 0.000000e+00 -2.200122e+03 -2.455528e+03 0.000000e+00 0.000000e+00 0.000000e+00 -1.345145e+02 -1.357861e+02 1.390074e+03 3.340616e+02 0.000000e+00 0.000000e+00 0.000000e+00 0.000000e+00 0.000000e+00 0.000000e+00 0.000000e+00 0.000000e+00 0.000000e+00
6.050000e-01 0.000000e+00 -2.210650e+03 -2.460894e+03 0.000000e+00 0.000000e+00 0.000000e+00 -1.345836e+02 -1.358427e+02 1.390695e+03 3.339692e+02 0.000000e+00 0.000000e+00 0.000000e+00 0.000000e+00 0.000000e+00 0.000000e+00 0.000000e+00 0.000000e+00 0.000000e+00
6.060000e-01 0.000000e+00 -2.221173e+03 -2.466259e+03 0.000000e+00 0.000000e+00 0.000000e+00 -1.346559e+02 -1.359026e+02 1.391323e+03 3.338890e+02 0.000000e+00 0.000000e+00 0.000000e+00 0.000000e+00 0.000000e+00 0.000000e+00 0.000000e+00 0.000000e+00 0.000000e+00
6.070000e-01 0.000000e+00 -2.231691e+03 -2.471625e+03 0.000000e+00 0.000000e+00 0.000000e+00 -1.347315e+02 -1.359661e+02 1.391960e+03 3.338217e+02 0.000000e+00 0.000000e+00 0.000000e+00 0.000000e+00 0.000000e+00 0.000000e+00 0.000000e+00 0.000000e+00 0.000000e+00
6.080000e-01 0.000000e+00 -2.242204e+03 -2.476992e+03 0.000000e+00 0.000000e+00 0.000000e+00 -1.348108e+02 -1.360335e+02 1.392603e+03 3.337678e+02 0.000000e+00 0.000000e+00 0.000000e+00 0.000000e+00 0.000000e+00 0.000000e+00 0.000000e+00 0.000000e+00 0.000000e+00
6.090000e-01 0.000000e+00 -2.252709e+03 -2.482363e+03 0.000000e+00 0.000000e+00 0.000000e+00 -1.348939e+02 -1.361049e+02 1.393255e+03 3.337280e+02 0.000000e+00 0.000000e+00 0.000000e+00 0.000000e+00 0.000000e+00 0.000000e+00 0.000000e+00 0.000000e+00 0.000000e+00
6.100000e-01 0.000000e+00 -2.263207e+03 -2.487738e+03 0.000000e+00 0.000000e+00 0.000000e+00 -1.349810e+02 -1.361806e+02 1.393914e+03 3.337028e+02 0.000000e+00 0.000000e+00 0.000000e+00 0.000000e+00 0.000000e+00 0.000000e+00 0.000000e+00 0.000000e+00 0.000000e+00
6.110000e-01 0.000000e+00 -2.273697e+03 -2.493121e+03 0.000000e+00 0.000000e+00 0.000000e+00 -1.350725e+02 -1.362608e+02 1.394581e+03 3.336927e+02 0.000000e+00 0.000000e+00 0.000000e+00 0.000000e+00 0.000000e+00 0.000000e+00 0.000000e+00 0.000000e+00 0.000000e+00
6.120000e-01 0.000000e+00 -2.284177e+03 -2.498512e+03 0.000000e+00 0.000000e+00 0.000000e+00 -1.351685e+02 -1.363458e+02 1.395255e+03 3.336984e+02 0.000000e+00 0.000000e+00 0.000000e+00 0.000000e+00 0.000000e+00 0.000000e+00 0.000000e+00 0.000000e+00 0.000000e+00
6.130000e-01 0.000000e+00 -2.294648e+03 -2.503913e+03 0.000000e+00 0.000000e+00 0.000000e+00 -1.352693e+02 -1.364357e+02 1.395938e+03 3.337205e+02 0.000000e+00 0.000000e+00 0.000000e+00 0.000000e+00 0.000000e+00 0.000000e+00 0.000000e+00 0.000000e+00 0.000000e+00
6.140000e-01 0.000000e+00 -2.305108e+03 -2.509327e+03 0.000000e+00 0.000000e+00 0.000000e+00 -1.353751e+02 -1.365309e+02 1.396628e+03 3.337594e+02 0.000000e+00 0.000000e+00 0.000000e+00 0.000000e+00 0.000000e+00 0.000000e+00 0.000000e+00 0.000000e+00 0.000000e+00
6.150000e-01 0.000000e+00 -2.315557e+03 -2.514753e+03 0.000000e+00 0.000000e+00 0.000000e+00 -1.354862e+02 -1.366314e+02 1.397327e+03 3.338158e+02 0.000000e+00 0.000000e+00 0.000000e+00 0.000000e+00 0.000000e+00 0.000000e+00 0.000000e+00 0.000000e+00 0.000000e+00
6.160000e-01 0.000000e+00 -2.325994e+03 -2.520195e+03 0.000000e+00 0.000000e+00 0.000000e+00 -1.356028e+02 -1.367377e+02 1.398033e+03 3.338903e+02 0.000000e+00 0.000000e+00 0.000000e+00 0.000000e+00 0.000000e+00 0.000000e+00 0.000000e+00 0.000000e+00 0.000000e+00
6.170000e-01 0.000000e+00 -2.336419e+03 -2.525655e+03 0.000000e+00 0.000000e+00 0.000000e+00 -1.357251e+02 -1.368499e+02 1.398747e+03 3.339833e+02 0.000000e+00 0.000000e+00 0.000000e+00 0.000000e+00 0.000000e+00 0.000000e+00 0.000000e+00 0.000000e+00 0.000000e+00
6.180000e-01 0.000000e+00 -2.346830e+03 -2.531133e+03 0.000000e+00 0.000000e+00 0.000000e+00 -1.358533e+02 -1.369681e+02 1.399470e+03 3.340955e+02 0.000000e+00 0.000000e+00 0.000000e+00 0.000000e+00 0.000000e+00 0.000000e+00 0.000000e+00 0.000000e+00 0.000000e+00
6.190000e-01 0.000000e+00 -2.357227e+03 -2.536631e+03 0.000000e+00 0.000000e+00 0.000000e+00 -1.359878e+02 -1.370927e+02 1.400200e+03 3.342274e+02 0.000000e+00 0.000000e+00 0.000000e+00 0.000000e+00 0.000000e+00 0.000000e+00 0.000000e+00 0.000000e+00 0.000000e+00
6.200000e-01 0.000000e+00 -2.367611e+03 -2.542152e+03 0.000000e+00 0.000000e+00 0.000000e+00 -1.361286e+02 -1.372239e+02 1.400939e+03 3.343795e+02 0.000000e+00 0.000000e+00 0.000000e+00 0.000000e+00 0.000000e+00 0.000000e+00 0.000000e+00 0.000000e+00 0.000000e+00
6.210000e-01 0.000000e+00 -2.377979e+03 -2.547697e+03 0.000000e+00 0.000000e+00 0.000000e+00 -1.362760e+02 -1.373619e+02 1.401687e+03 3.345524e+02 0.000000e+00 0.000000e+00 0.000000e+00 0.000000e+00 0.000000e+00 0.000000e+00 0.000000e+00 0.000000e+00 0.000000e+00
6.220000e-01 0.000000e+00 -2.388332e+03 -2.553267e+03 0.000000e+00 0.000000e+00 0.000000e+00 -1.364304e+02 -1.375068e+02 1.402442e+03 3.347465e+02 0.000000e+00 0.000000e+00 0.000000e+00 0.000000e+00 0.000000e+00 0.000000e+00 0.000000e+00 0.000000e+00 0.000000e+00
6.230000e-01 0.000000e+00 -2.398669e+03 -2.558865e+03 0.000000e+00 0.000000e+00 0.000000e+00 -1.365918e+02 -1.376590e+02 1.403206e+03 3.349626e+02 0.000000e+00 0.000000e+00 0.000000e+00 0.000000e+00 0.000000e+00 0.000000e+00 0.000000e+00 0.000000e+00 0.000000e+00
6.240000e-01 0.000000e+00 -2.408989e+03 -2.564493e+03 0.000000e+00 0.000000e+00 0.000000e+00 -1.367605e+02 -1.378187e+02 1.403979e+03 3.352010e+02 0.000000e+00 0.000000e+00 0.000000e+00 0.000000e+00 0.000000e+00 0.000000e+00 0.000000e+00 0.000000e+00 0.000000e+00
6.250000e-01 0.000000e+00 -2.419293e+03 -2.570152e+03 0.000000e+00 0.000000e+00 0.000000e+00 -1.369368e+02 -1.379860e+02 1.404760e+03 3.354623e+02 0.000000e+00 0.000000e+00 0.000000e+00 0.000000e+00 0.000000e+00 0.000000e+00 0.000000e+00 0.000000e+00 0.000000e+00
6.260000e-01 0.000000e+00 -2.429579e+03 -2.575844e+03 0.000000e+00 0.000000e+00 0.000000e+00 -1.371208e+02 -1.381612e+02 1.405550e+03 3.357471e+02 0.000000e+00 0.000000e+00 0.000000e+00 0.000000e+00 0.000000e+00 0.000000e+00 0.000000e+00 0.000000e+00 0.000000e+00
6.270000e-01 0.000000e+00 -2.439848e+03 -2.581570e+03 0.000000e+00 0.000000e+00 0.000000e+00 -1.373128e+02 -1.383445e+02 1.406348e+03 3.360558e+02 0.000000e+00 0.000000e+00 0.000000e+00 0.000000e+00 0.000000e+00 0.000000e+00 0.000000e+00 0.000000e+00 0.000000e+00
6.280000e-01 0.000000e+00 -2.450098e+03 -2.587334e+03 0.000000e+00 0.000000e+00 0.000000e+00 -1.375131e+02 -1.385361e+02 1.407155e+03 3.363890e+02 0.000000e+00 0.000000e+00 0.000000e+00 0.000000e+00 0.000000e+00 0.000000e+00 0.000000e+00 0.000000e+00 0.000000e+00
6.290000e-01 0.000000e+00 -2.460330e+03 -2.593135e+03 0.000000e+00 0.000000e+00 0.000000e+00 -1.377217e+02 -1.387362e+02 1.407972e+03 3.367472e+02 0.000000e+00 0.000000e+00 0.000000e+00 0.000000e+00 0.000000e+00 0.000000e+00 0.000000e+00 0.000000e+00 0.000000e+00
6.300000e-01 0.000000e+00 -2.470544e+03 -2.598978e+03 0.000000e+00 0.000000e+00 0.000000e+00 -1.379390e+02 -1.389451e+02 1.408797e+03 3.371308e+02 0.000000e+00 0.000000e+00 0.000000e+00 0.000000e+00 0.000000e+00 0.000000e+00 0.000000e+00 0.000000e+00 0.000000e+00
6.310000e-01 0.000000e+00 -2.480738e+03 -2.604862e+03 0.000000e+00 0.000000e+00 0.000000e+00 -1.381652e+02 -1.391630e+02 1.409631e+03 3.375405e+02 0.000000e+00 0.000000e+00 0.000000e+00 0.000000e+00 0.000000e+00 0.000000e+00 0.000000e+00 0.000000e+00 0.000000e+00
6.320000e-01 0.000000e+00 -2.490913e+03 -2.610791e+03 0.000000e+00 0.000000e+00 0.000000e+00 -1.384005e+02 -1.393900e+02 1.410474e+03 3.379766e+02 0.000000e+00 0.000000e+00 0.000000e+00 0.000000e+00 0.000000e+00 0.000000e+00 0.000000e+00 0.000000e+00 0.000000e+00
6.330000e-01 0.000000e+00 -2.501068e+03 -2.616765e+03 0.000000e+00 0.000000e+00 0.000000e+00 -1.386451e+02 -1.396265e+02 1.411327e+03 3.384397e+02 0.000000e+00 0.000000e+00 0.000000e+00 0.000000e+00 0.000000e+00 0.000000e+00 0.000000e+00 0.000000e+00 0.000000e+00
6.340000e-01 0.000000e+00 -2.511204e+03 -2.622787e+03 0.000000e+00 0.000000e+00 0.000000e+00 -1.388992e+02 -1.398725e+02 1.412188e+03 3.389302e+02 0.000000e+00 0.000000e+00 0.000000e+00 0.000000e+00 0.000000e+00 0.000000e+00 0.000000e+00 0.000000e+00 0.000000e+00
6.350000e-01 0.000000e+00 -2.521320e+03 -2.628859e+03 0.000000e+00 0.000000e+00 0.000000e+00 -1.391630e+02 -1.401283e+02 1.413059e+03 3.394487e+02 0.000000e+00 0.000000e+00 0.000000e+00 0.000000e+00 0.000000e+00 0.000000e+00 0.000000e+00 0.000000e+00 0.000000e+00
6.360000e-01 0.000000e+00 -2.531416e+03 -2.634982e+03 0.000000e+00 0.000000e+00 0.000000e+00 -1.394368e+02 -1.403941e+02 1.413940e+03 3.399957e+02 0.000000e+00 0.000000e+00 0.000000e+00 0.000000e+00 0.000000e+00 0.000000e+00 0.000000e+00 0.000000e+00 0.000000e+00
6.370000e-01 0.000000e+00 -2.541491e+03 -2.641159e+03 0.000000e+00 0.000000e+00 0.000000e+00 -1.397207e+02 -1.406701e+02 1.414830e+03 3.405715e+02 0.000000e+00 0.000000e+00 0.000000e+00 0.000000e+00 0.000000e+00 0.000000e+00 0.000000e+00 0.000000e+00 0.000000e+00
6.380000e-01 0.000000e+00 -2.551546e+03 -2.647391e+03 0.000000e+00 0.000000e+00 0.000000e+00 -1.400150e+02 -1.409565e+02 1.415730e+03 3.411766e+02 0.000000e+00 0.000000e+00 0.000000e+00 0.000000e+00 0.000000e+00 0.000000e+00 0.000000e+00 0.000000e+00 0.000000e+00
6.390000e-01 0.000000e+00 -2.561581e+03 -2.653680e+03 0.000000e+00 0.000000e+00 0.000000e+00 -1.403198e+02 -1.412535e+02 1.416639e+03 3.418114e+02 0.000000e+00 0.000000e+00 0.000000e+00 0.000000e+00 0.000000e+00 0.000000e+00 0.000000e+00 0.000000e+00 0.000000e+00
6.400000e-01 0.000000e+00 -2.571596e+03 -2.660027e+03 0.000000e+00 0.000000e+00 0.000000e+00 -1.406354e+02 -1.415613e+02 1.417558e+03 3.424765e+02 0.000000e+00 0.000000e+00 0.000000e+00 0.000000e+00 0.000000e+00 0.000000e+00 0.000000e+00 0.000000e+00 0.000000e+00
6.410000e-01 0.000000e+00 -2.581590e+03 -2.666435e+03 0.000000e+00 0.000000e+00 0.000000e+00 -1.409619e+02 -1.418801e+02 1.418488e+03 3.431723e+02 0.000000e+00 0.000000e+00 0.000000e+00 0.000000e+00 0.000000e+00 0.000000e+00 0.000000e+00 0.000000e+00 0.000000e+00
6.420000e-01 0.000000e+00 -2.591563e+03 -2.672906e+03 0.000000e+00 0.000000e+00 0.000000e+00 -1.412996e+02 -1.422100e+02 1.419427e+03 3.438991e+02 0.000000e+00 0.000000e+00 0.000000e+00 0.000000e+00 0.000000e+00 0.000000e+00 0.000000e+00 0.000000e+00 0.000000e+00
6.430000e-01 0.000000e+00 -2.601517e+03 -2.679441e+03 0.000000e+00 0.000000e+00 0.000000e+00 -1.416487e+02 -1.425513e+02 1.420376e+03 3.446575e+02 0.000000e+00 0.000000e+00 0.000000e+00 0.000000e+00 0.000000e+00 0.000000e+00 0.000000e+00 0.000000e+00 0.000000e+00
6.440000e-01 0.000000e+00 -2.611450e+03 -2.686042e+03 0.000000e+00 0.000000e+00 0.000000e+00 -1.420092e+02 -1.429041e+02 1.421336e+03 3.454478e+02 0.000000e+00 0.000000e+00 0.000000e+00 0.000000e+00 0.000000e+00 0.000000e+00 0.000000e+00 0.000000e+00 0.000000e+00
6.450000e-01 0.000000e+00 -2.621363e+03 -2.692711e+03 0.000000e+00 0.000000e+00 0.000000e+00 -1.423815e+02 -1.432687e+02 1.422306e+03 3.462705e+02 0.000000e+00 0.000000e+00 0.000000e+00 0.000000e+00 0.000000e+00 0.000000e+00 0.000000e+00 0.000000e+00 0.000000e+00
6.460000e-01 0.000000e+00 -2.631256e+03 -2.699450e+03 0.000000e+00 0.000000e+00 0.000000e+00 -1.427658e+02 -1.436452e+02 1.423286e+03 3.471259e+02 0.000000e+00 0.000000e+00 0.000000e+00 0.000000e+00 0.000000e+00 0.000000e+00 0.000000e+00 0.000000e+00 0.000000e+00
6.470000e-01 0.000000e+00 -2.641129e+03 -2.706260e+03 0.000000e+00 0.000000e+00 0.000000e+00 -1.431621e+02 -1.440337e+02 1.424277e+03 3.480145e+02 0.000000e+00 0.000000e+00 0.000000e+00 0.000000e+00 0.000000e+00 0.000000e+00 0.000000e+00 0.000000e+00 0.000000e+00
6.480000e-01 0.000000e+00 -2.650982e+03 -2.713143e+03 0.000000e+00 0.000000e+00 0.000000e+00 -1.435707e+02 -1.444346e+02 1.425278e+03 3.489366e+02 0.000000e+00 0.000000e+00 0.000000e+00 0.000000e+00 0.000000e+00 0.000000e+00 0.000000e+00 0.000000e+00 0.000000e+00
6.490000e-01 0.000000e+00 -2.660816e+03 -2.720101e+03 0.000000e+00 0.000000e+00 0.000000e+00 -1.439917e+02 -1.448478e+02 1.426290e+03 3.498926e+02 0.000000e+00 0.000000e+00 0.000000e+00 0.000000e+00 0.000000e+00 0.000000e+00 0.000000e+00 0.000000e+00 0.000000e+00
6.500000e-01 0.000000e+00 -2.670631e+03 -2.727136e+03 0.000000e+00 0.000000e+00 0.000000e+00 -1.444254e+02 -1.452736e+02 1.427313e+03 3.508829e+02 0.000000e+00 0.000000e+00 0.000000e+00 0.000000e+00 0.000000e+00 0.000000e+00 0.000000e+00 0.000000e+00 0.000000e+00
6.510000e-01 0.000000e+00 -2.680427e+03 -2.734250e+03 0.000000e+00 0.000000e+00 0.000000e+00 -1.448719e+02 -1.457122e+02 1.428347e+03 3.519079e+02 0.000000e+00 0.000000e+00 0.000000e+00 0.000000e+00 0.000000e+00 0.000000e+00 0.000000e+00 0.000000e+00 0.000000e+00
6.520000e-01 0.000000e+00 -2.690205e+03 -2.741443e+03 0.000000e+00 0.000000e+00 0.000000e+00 -1.453314e+02 -1.461638e+02 1.429392e+03 3.529678e+02 0.000000e+00 0.000000e+00 0.000000e+00 0.000000e+00 0.000000e+00 0.000000e+00 0.000000e+00 0.000000e+00 0.000000e+00
6.530000e-01 0.000000e+00 -2.699964e+03 -2.748719e+03 0.000000e+00 0.000000e+00 0.000000e+00 -1.458040e+02 -1.466284e+02 1.430448e+03 3.540631e+02 0.000000e+00 0.000000e+00 0.000000e+00 0.000000e+00 0.000000e+00 0.000000e+00 0.000000e+00 0.000000e+00 0.000000e+00
6.540000e-01 0.000000e+00 -2.709705e+03 -2.756077e+03 0.000000e+00 0.000000e+00 0.000000e+00 -1.462899e+02 -1.471062e+02 1.431516e+03 3.551941e+02 0.000000e+00 0.000000e+00 0.000000e+00 0.000000e+00 0.000000e+00 0.000000e+00 0.000000e+00 0.000000e+00 0.000000e+00
6.550000e-01 0.000000e+00 -2.719429e+03 -2.763521e+03 0.000000e+00 0.000000e+00 0.000000e+00 -1.467893e+02 -1.475974e+02 1.432595e+03 3.563611e+02 0.000000e+00 0.000000e+00 0.000000e+00 0.000000e+00 0.000000e+00 0.000000e+00 0.000000e+00 0.000000e+00 0.000000e+00
6.560000e-01 0.000000e+00 -2.729136e+03 -2.771052e+03 0.000000e+00 0.000000e+00 0.000000e+00 -1.473022e+02 -1.481022e+02 1.433685e+03 3.575644e+02 0.000000e+00 0.000000e+00 0.000000e+00 0.000000e+00 0.000000e+00 0.000000e+00 0.000000e+00 0.000000e+00 0.000000e+00
6.570000e-01 0.000000e+00 -2.738826e+03 -2.778671e+03 0.000000e+00 0.000000e+00 0.000000e+00 -1.478289e+02 -1.486207e+02 1.434787e+03 3.588044e+02 0.000000e+00 0.000000e+00 0.000000e+00 0.000000e+00 0.000000e+00 0.000000e+00 0.000000e+00 0.000000e+00 0.000000e+00
6.580000e-01 0.000000e+00 -2.748500e+03 -2.786380e+03 0.000000e+00 0.000000e+00 0.000000e+00 -1.483696e+02 -1.491529e+02 1.435901e+03 3.600813e+02 0.000000e+00 0.000000e+00 0.000000e+00 0.000000e+00 0.000000e+00 0.000000e+00 0.000000e+00 0.000000e+00 0.000000e+00
6.590000e-01 0.000000e+00 -2.758158e+03 -2.794181e+03 0.000000e+00 0.000000e+00 0.000000e+00 -1.489243e+02 -1.496991e+02 1.437027e+03 3.613954e+02 0.000000e+00 0.000000e+00 0.000000e+00 0.000000e+00 0.000000e+00 0.000000e+00 0.000000e+00 0.000000e+00 0.000000e+00
6.600000e-01 0.000000e+00 -2.767801e+03 -2.802074e+03 0.000000e+00 0.000000e+00 0.000000e+00 -1.494931e+02 -1.502595e+02 1.438164e+03 3.627471e+02 0.000000e+00 0.000000e+00 0.000000e+00 0.000000e+00 0.000000e+00 0.000000e+00 0.000000e+00 0.000000e+00 0.000000e+00
6.610000e-01 0.000000e+00 -2.777430e+03 -2.810063e+03 0.000000e+00 0.000000e+00 0.000000e+00 -1.500764e+02 -1.508340e+02 1.439314e+03 3.641365e+02 0.000000e+00 0.000000e+00 0.000000e+00 0.000000e+00 0.000000e+00 0.000000e+00 0.000000e+00 0.000000e+00 0.000000e+00
6.620000e-01 0.000000e+00 -2.787044e+03 -2.818147e+03 0.000000e+00 0.000000e+00 0.000000e+00 -1.506740e+02 -1.514229e+02 1.440476e+03 3.655640e+02 0.000000e+00 0.000000e+00 0.000000e+00 0.000000e+00 0.000000e+00 0.000000e+00 0.000000e+00 0.000000e+00 0.000000e+00
6.630000e-01 0.000000e+00 -2.796646e+03 -2.826329e+03 0.000000e+00 0.000000e+00 0.000000e+00 -1.512863e+02 -1.520262e+02 1.441651e+03 3.670297e+02 0.000000e+00 0.000000e+00 0.000000e+00 0.000000e+00 0.000000e+00 0.000000e+00 0.000000e+00 0.000000e+00 0.000000e+00
6.640000e-01 0.000000e+00 -2.806234e+03 -2.834610e+03 0.000000e+00 0.000000e+00 0.000000e+00 -1.519132e+02 -1.526442e+02 1.442837e+03 3.685341e+02 0.000000e+00 0.000000e+00 0.000000e+00 0.000000e+00 0.000000e+00 0.000000e+00 0.000000e+00 0.000000e+00 0.000000e+00
6.650000e-01 0.000000e+00 -2.815811e+03 -2.842991e+03 0.000000e+00 0.000000e+00 0.000000e+00 -1.525551e+02 -1.532769e+02 1.444037e+03 3.700772e+02 0.000000e+00 0.000000e+00 0.000000e+00 0.000000e+00 0.000000e+00 0.000000e+00 0.000000e+00 0.000000e+00 0.000000e+00
6.660000e-01 0.000000e+00 -2.825376e+03 -2.851474e+03 0.000000e+00 0.000000e+00 0.000000e+00 -1.532119e+02 -1.539244e+02 1.445249e+03 3.716594e+02 0.000000e+00 0.000000e+00 0.000000e+00 0.000000e+00 0.000000e+00 0.000000e+00 0.000000e+00 0.000000e+00 0.000000e+00
6.670000e-01 0.000000e+00 -2.834931e+03 -2.860061e+03 0.000000e+00 0.000000e+00 0.000000e+00 -1.538837e+02 -1.545868e+02 1.446475e+03 3.732808e+02 0.000000e+00 0.000000e+00 0.000000e+00 0.000000e+00 0.000000e+00 0.000000e+00 0.000000e+00 0.000000e+00 0.000000e+00
6.680000e-01 0.000000e+00 -2.844475e+03 -2.868753e+03 0.000000e+00 0.000000e+00 0.000000e+00 -1.545708e+02 -1.552643e+02 1.447713e+03 3.749418e+02 0.000000e+00 0.000000e+00 0.000000e+00 0.000000e+00 0.000000e+00 0.000000e+00 0.000000e+00 0.000000e+00 0.000000e+00
6.690000e-01 0.000000e+00 -2.854011e+03 -2.877550e+03 0.000000e+00 0.000000e+00 0.000000e+00 -1.552732e+02 -1.559570e+02 1.448964e+03 3.766424e+02 0.000000e+00 0.000000e+00 0.000000e+00 0.000000e+00 0.000000e+00 0.000000e+00 0.000000e+00 0.000000e+00 0.000000e+00
6.700000e-01 0.000000e+00 -2.863538e+03 -2.886456e+03 0.000000e+00 0.000000e+00 0.000000e+00 -1.559911e+02 -1.566650e+02 1.450229e+03 3.783829e+02 0.000000e+00 0.000000e+00 0.000000e+00 0.000000e+00 0.000000e+00 0.000000e+00 0.000000e+00 0.000000e+00 0.000000e+00
6.710000e-01 0.000000e+00 -2.873058e+03 -2.895469e+03 0.000000e+00 0.000000e+00 0.000000e+00 -1.567244e+02 -1.573882e+02 1.451507e+03 3.801634e+02 0.000000e+00 0.000000e+00 0.000000e+00 0.000000e+00 0.000000e+00 0.000000e+00 0.000000e+00 0.000000e+00 0.000000e+00
6.720000e-01 0.000000e+00 -2.882572e+03 -2.904593e+03 0.000000e+00 0.000000e+00 0.000000e+00 -1.574734e+02 -1.581270e+02 1.452798e+03 3.819843e+02 0.000000e+00 0.000000e+00 0.000000e+00 0.000000e+00 0.000000e+00 0.000000e+00 0.000000e+00 0.000000e+00 0.000000e+00
6.730000e-01 0.000000e+00 -2.892079e+03 -2.913828e+03 0.000000e+00 0.000000e+00 0.000000e+00 -1.582381e+02 -1.588813e+02 1.454104e+03 3.838455e+02 0.000000e+00 0.000000e+00 0.000000e+00 0.000000e+00 0.000000e+00 0.000000e+00 0.000000e+00 0.000000e+00 0.000000e+00
6.740000e-01 0.000000e+00 -2.901582e+03 -2.923176e+03 0.000000e+00 0.000000e+00 0.000000e+00 -1.590186e+02 -1.596511e+02 1.455423e+03 3.857472e+02 0.000000e+00 0.000000e+00 0.000000e+00 0.000000e+00 0.000000e+00 0.000000e+00 0.000000e+00 0.000000e+00 0.000000e+00
6.750000e-01 0.000000e+00 -2.911080e+03 -2.932636e+03 0.000000e+00 0.000000e+00 0.000000e+00 -1.598149e+02 -1.604367e+02 1.456756e+03 3.876897e+02 0.000000e+00 0.000000e+00 0.000000e+00 0.000000e+00 0.000000e+00 0.000000e+00 0.000000e+00 0.000000e+00 0.000000e+00
6.760000e-01 0.000000e+00 -2.920576e+03 -2.942212e+03 0.000000e+00 0.000000e+00 0.000000e+00 -1.606273e+02 -1.612380e+02 1.458103e+03 3.896729e+02 0.000000e+00 0.000000e+00 0.000000e+00 0.000000e+00 0.000000e+00 0.000000e+00 0.000000e+00 0.000000e+00 0.000000e+00
6.770000e-01 0.000000e+00 -2.930069e+03 -2.951903e+03 0.000000e+00 0.000000e+00 0.000000e+00 -1.614556e+02 -1.620552e+02 1.459465e+03 3.916971e+02 0.000000e+00 0.000000e+00 0.000000e+00 0.000000e+00 0.000000e+00 0.000000e+00 0.000000e+00 0.000000e+00 0.000000e+00
6.780000e-01 0.000000e+00 -2.939562e+03 -2.961711e+03 0.000000e+00 0.000000e+00 0.000000e+00 -1.623000e+02 -1.628882e+02 1.460841e+03 3.937623e+02 0.000000e+00 0.000000e+00 0.000000e+00 0.000000e+00 0.000000e+00 0.000000e+00 0.000000e+00 0.000000e+00 0.000000e+00
6.790000e-01 0.000000e+00 -2.949054e+03 -2.971636e+03 0.000000e+00 0.000000e+00 0.000000e+00 -1.631606e+02 -1.637372e+02 1.462231e+03 3.958687e+02 0.000000e+00 0.000000e+00 0.000000e+00 0.000000e+00 0.000000e+00 0.000000e+00 0.000000e+00 0.000000e+00 0.000000e+00
6.800000e-01 0.000000e+00 -2.958546e+03 -2.981680e+03 0.000000e+00 0.000000e+00 0.000000e+00 -1.640374e+02 -1.646022e+02 1.463636e+03 3.980163e+02 0.000000e+00 0.000000e+00 0.000000e+00 0.000000e+00 0.000000e+00 0.000000e+00 0.000000e+00 0.000000e+00 0.000000e+00
6.810000e-01 0.000000e+00 -2.968041e+03 -2.991843e+03 0.000000e+00 0.000000e+00 0.000000e+00 -1.649304e+02 -1.654832e+02 1.465056e+03 4.002052e+02 0.000000e+00 0.000000e+00 0.000000e+00 0.000000e+00 0.000000e+00 0.000000e+00 0.000000e+00 0.000000e+00 0.000000e+00
6.820000e-01 0.000000e+00 -2.977539e+03 -3.002127e+03 0.000000e+00 0.000000e+00 0.000000e+00 -1.658398e+02 -1.663804e+02 1.466491e+03 4.024355e+02 0.000000e+00 0.000000e+00 0.000000e+00 0.000000e+00 0.000000e+00 0.000000e+00 0.000000e+00 0.000000e+00 0.000000e+00
6.830000e-01 0.000000e+00 -2.987040e+03 -3.012531e+03 0.000000e+00 0.000000e+00 0.000000e+00 -1.667655e+02 -1.672936e+02 1.467941e+03 4.047072e+02 0.000000e+00 0.000000e+00 0.000000e+00 0.000000e+00 0.000000e+00 0.000000e+00 0.000000e+00 0.000000e+00 0.000000e+00
6.840000e-01 0.000000e+00 -2.996546e+03 -3.023058e+03 0.000000e+00 0.000000e+00 0.000000e+00 -1.677076e+02 -1.682230e+02 1.469406e+03 4.070203e+02 0.000000e+00 0.000000e+00 0.000000e+00 0.000000e+00 0.000000e+00 0.000000e+00 0.000000e+00 0.000000e+00 0.000000e+00
6.850000e-01 0.000000e+00 -3.006059e+03 -3.033708e+03 0.000000e+00 0.000000e+00 0.000000e+00 -1.686661e+02 -1.691686e+02 1.470886e+03 4.093750e+02 0.000000e+00 0.000000e+00 0.000000e+00 0.000000e+00 0.000000e+00 0.000000e+00 0.000000e+00 0.000000e+00 0.000000e+00
6.860000e-01 0.000000e+00 -3.015578e+03 -3.044481e+03 0.000000e+00 0.000000e+00 0.000000e+00 -1.696411e+02 -1.701305e+02 1.472382e+03 4.117712e+02 0.000000e+00 0.000000e+00 0.000000e+00 0.000000e+00 0.000000e+00 0.000000e+00 0.000000e+00 0.000000e+00 0.000000e+00
6.870000e-01 0.000000e+00 -3.025106e+03 -3.055378e+03 0.000000e+00 0.000000e+00 0.000000e+00 -1.706327e+02 -1.711086e+02 1.473894e+03 4.142090e+02 0.000000e+00 0.000000e+00 0.000000e+00 0.000000e+00 0.000000e+00 0.000000e+00 0.000000e+00 0.000000e+00 0.000000e+00
6.880000e-01 0.000000e+00 -3.034644e+03 -3.066401e+03 0.000000e+00 0.000000e+00 0.000000e+00 -1.716407e+02 -1.721030e+02 1.475422e+03 4.166885e+02 0.000000e+00 0.000000e+00 0.000000e+00 0.000000e+00 0.000000e+00 0.000000e+00 0.000000e+00 0.000000e+00 0.000000e+00
6.890000e-01 0.000000e+00 -3.044192e+03 -3.077549e+03 0.000000e+00 0.000000e+00 0.000000e+00 -1.726654e+02 -1.731137e+02 1.476965e+03 4.192096e+02 0.000000e+00 0.000000e+00 0.000000e+00 0.000000e+00 0.000000e+00 0.000000e+00 0.000000e+00 0.000000e+00 0.000000e+00
6.900000e-01 0.000000e+00 -3.053752e+03 -3.088824e+03 0.000000e+00 0.000000e+00 0.000000e+00 -1.737066e+02 -1.741408e+02 1.478525e+03 4.217723e+02 0.000000e+00 0.000000e+00 0.000000e+00 0.000000e+00 0.000000e+00 0.000000e+00 0.000000e+00 0.000000e+00 0.000000e+00
6.910000e-01 0.000000e+00 -3.063324e+03 -3.100225e+03 0.000000e+00 0.000000e+00 0.000000e+00 -1.747645e+02 -1.751843e+02 1.480101e+03 4.243767e+02 0.000000e+00 0.000000e+00 0.000000e+00 0.000000e+00 0.000000e+00 0.000000e+00 0.000000e+00 0.000000e+00 0.000000e+00
6.920000e-01 0.000000e+00 -3.072912e+03 -3.111754e+03 0.000000e+00 0.000000e+00 0.000000e+00 -1.758390e+02 -1.762441e+02 1.481694e+03 4.270226e+02 0.000000e+00 0.000000e+00 0.000000e+00 0.000000e+00 0.000000e+00 0.000000e+00 0.000000e+00 0.000000e+00 0.000000e+00
6.930000e-01 0.000000e+00 -3.082514e+03 -3.123412e+03 0.000000e+00 0.000000e+00 0.000000e+00 -1.769301e+02 -1.773202e+02 1.483303e+03 4.297101e+02 0.000000e+00 0.000000e+00 0.000000e+00 0.000000e+00 0.000000e+00 0.000000e+00 0.000000e+00 0.000000e+00 0.000000e+00
6.940000e-01 0.000000e+00 -3.092134e+03 -3.135197e+03 0.000000e+00 0.000000e+00 0.000000e+00 -1.780379e+02 -1.784128e+02 1.484928e+03 4.324392e+02 0.000000e+00 0.000000e+00 0.000000e+00 0.000000e+00 0.000000e+00 0.000000e+00 0.000000e+00 0.000000e+00 0.000000e+00
6.950000e-01 0.000000e+00 -3.101771e+03 -3.147112e+03 0.000000e+00 0.000000e+00 0.000000e+00 -1.791622e+02 -1.795216e+02 1.486571e+03 4.352098e+02 0.000000e+00 0.000000e+00 0.000000e+00 0.000000e+00 0.000000e+00 0.000000e+00 0.000000e+00 0.000000e+00 0.000000e+00
6.960000e-01 0.000000e+00 -3.111428e+03 -3.159155e+03 0.000000e+00 0.000000e+00 0.000000e+00 -1.803032e+02 -1.806469e+02 1.488230e+03 4.380217e+02 0.000000e+00 0.000000e+00 0.000000e+00 0.000000e+00 0.000000e+00 0.000000e+00 0.000000e+00 0.000000e+00 0.000000e+00
6.970000e-01 0.000000e+00 -3.121104e+03 -3.171328e+03 0.000000e+00 0.000000e+00 0.000000e+00 -1.814608e+02 -1.817884e+02 1.489907e+03 4.408750e+02 0.000000e+00 0.000000e+00 0.000000e+00 0.000000e+00 0.000000e+00 0.000000e+00 0.000000e+00 0.000000e+00 0.000000e+00
6.980000e-01 0.000000e+00 -3.130803e+03 -3.183631e+03 0.000000e+00 0.000000e+00 0.000000e+00 -1.826350e+02 -1.829463e+02 1.491601e+03 4.437696e+02 0.000000e+00 0.000000e+00 0.000000e+00 0.000000e+00 0.000000e+00 0.000000e+00 0.000000e+00 0.000000e+00 0.000000e+00
6.990000e-01 0.000000e+00 -3.140524e+03 -3.196064e+03 0.000000e+00 0.000000e+00 0.000000e+00 -1.838257e+02 -1.841204e+02 1.493313e+03 4.467053e+02 0.000000e+00 0.000000e+00 0.000000e+00 0.000000e+00 0.000000e+00 0.000000e+00 0.000000e+00 0.000000e+00 0.000000e+00
7.000000e-01 0.000000e+00 -3.150270e+03 -3.208626e+03 0.000000e+00 0.000000e+00 0.000000e+00 -1.850330e+02 -1.853107e+02 1.495042e+03 4.496820e+02 0.000000e+00 0.000000e+00 0.000000e+00 0.000000e+00 0.000000e+00 0.000000e+00 0.000000e+00 0.000000e+00 0.000000e+00
7.010000e-01 0.000000e+00 -3.160041e+03 -3.221319e+03 0.000000e+00 0.000000e+00 0.000000e+00 -1.862567e+02 -1.865173e+02 1.496789e+03 4.526997e+02 0.000000e+00 0.000000e+00 0.000000e+00 0.000000e+00 0.000000e+00 0.000000e+00 0.000000e+00 0.000000e+00 0.000000e+00
7.020000e-01 0.000000e+00 -3.169839e+03 -3.234142e+03 0.000000e+00 0.000000e+00 0.000000e+00 -1.874969e+02 -1.877400e+02 1.498554e+03 4.557582e+02 0.000000e+00 0.000000e+00 0.000000e+00 0.000000e+00 0.000000e+00 0.000000e+00 0.000000e+00 0.000000e+00 0.000000e+00
7.030000e-01 0.000000e+00 -3.179665e+03 -3.247095e+03 0.000000e+00 0.000000e+00 0.000000e+00 -1.887535e+02 -1.889788e+02 1.500337e+03 4.588574e+02 0.000000e+00 0.000000e+00 0.000000e+00 0.000000e+00 0.000000e+00 0.000000e+00 0.000000e+00 0.000000e+00 0.000000e+00
7.040000e-01 0.000000e+00 -3.189520e+03 -3.260178e+03 0.000000e+00 0.000000e+00 0.000000e+00 -1.900264e+02 -1.902337e+02 1.502139e+03 4.619971e+02 0.000000e+00 0.000000e+00 0.000000e+00 0.000000e+00 0.000000e+00 0.000000e+00 0.000000e+00 0.000000e+00 0.000000e+00
7.050000e-01 0.000000e+00 -3.199405e+03 -3.273391e+03 0.000000e+00 0.000000e+00 0.000000e+00 -1.913156e+02 -1.915046e+02 1.503959e+03 4.651771e+02 0.000000e+00 0.000000e+00 0.000000e+00 0.000000e+00 0.000000e+00 0.000000e+00 0.000000e+00 0.000000e+00 0.000000e+00
7.060000e-01 0.000000e+00 -3.209323e+03 -3.286734e+03 0.000000e+00 0.000000e+00 0.000000e+00 -1.926211e+02 -1.927914e+02 1.505797e+03 4.683974e+02 0.000000e+00 0.000000e+00 0.000000e+00 0.000000e+00 0.000000e+00 0.000000e+00 0.000000e+00 0.000000e+00 0.000000e+00
7.070000e-01 0.000000e+00 -3.219273e+03 -3.300207e+03 0.000000e+00 0.000000e+00 0.000000e+00 -1.939428e+02 -1.940941e+02 1.507654e+03 4.716578e+02 0.000000e+00 0.000000e+00 0.000000e+00 0.000000e+00 0.000000e+00 0.000000e+00 0.000000e+00 0.000000e+00 0.000000e+00
7.080000e-01 0.000000e+00 -3.229259e+03 -3.313809e+03 0.000000e+00 0.000000e+00 0.000000e+00 -1.952806e+02 -1.954127e+02 1.509530e+03 4.749580e+02 0.000000e+00 0.000000e+00 0.000000e+00 0.000000e+00 0.000000e+00 0.000000e+00 0.000000e+00 0.000000e+00 0.000000e+00
7.090000e-01 0.000000e+00 -3.239280e+03 -3.327541e+03 0.000000e+00 0.000000e+00 0.000000e+00 -1.966344e+02 -1.967471e+02 1.511425e+03 4.782980e+02 0.000000e+00 0.000000e+00 0.000000e+00 0.000000e+00 0.000000e+00 0.000000e+00 0.000000e+00 0.000000e+00 0.000000e+00
7.100000e-01 0.000000e+00 -3.249338e+03 -3.341402e+03 0.000000e+00 0.000000e+00 0.000000e+00 -1.980043e+02 -1.980971e+02 1.513339e+03 4.816777e+02 0.000000e+00 0.000000e+00 0.000000e+00 0.000000e+00 0.000000e+00 0.000000e+00 0.000000e+00 0.000000e+00 0.000000e+00
7.110000e-01 0.000000e+00 -3.259435e+03 -3.355393e+03 0.000000e+00 0.000000e+00 0.000000e+00 -1.993902e+02 -1.994629e+02 1.515272e+03 4.850967e+02 0.000000e+00 0.000000e+00 0.000000e+00 0.000000e+00 0.000000e+00 0.000000e+00 0.000000e+00 0.000000e+00 0.000000e+00
7.120000e-01 0.000000e+00 -3.269572e+03 -3.369512e+03 0.000000e+00 0.000000e+00 0.000000e+00 -2.007920e+02 -2.008442e+02 1.517225e+03 4.885549e+02 0.000000e+00 0.000000e+00 0.000000e+00 0.000000e+00 0.000000e+00 0.000000e+00 0.000000e+00 0.000000e+00 0.000000e+00
7.130000e-01 0.000000e+00 -3.279750e+03 -3.383759e+03 0.000000e+00 0.000000e+00 0.000000e+00 -2.022095e+02 -2.022410e+02 1.519197e+03 4.920521e+02 0.000000e+00 0.000000e+00 0.000000e+00 0.000000e+00 0.000000e+00 0.000000e+00 0.000000e+00 0.000000e+00 0.000000e+00
7.140000e-01 0.000000e+00 -3.289971e+03 -3.398134e+03 0.000000e+00 0.000000e+00 0.000000e+00 -2.036428e+02 -2.036532e+02 1.521190e+03 4.955880e+02 0.000000e+00 0.000000e+00 0.000000e+00 0.000000e+00 0.000000e+00 0.000000e+00 0.000000e+00 0.000000e+00 0.000000e+00
7.150000e-01 0.000000e+00 -3.300236e+03 -3.412637e+03 0.000000e+00 0.000000e+00 0.000000e+00 -2.050917e+02 -2.050808e+02 1.523202e+03 4.991626e+02 0.000000e+00 0.000000e+00 0.000000e+00 0.000000e+00 0.000000e+00 0.000000e+00 0.000000e+00 0.000000e+00 0.000000e+00
7.160000e-01 0.000000e+00 -3.310545e+03 -3.427267e+03 0.000000e+00 0.000000e+00 0.000000e+00 -2.065562e+02 -2.065236e+02 1.525234e+03 5.027755e+02 0.000000e+00 0.000000e+00 0.000000e+00 0.000000e+00 0.000000e+00 0.000000e+00 0.000000e+00 0.000000e+00 0.000000e+00
7.170000e-01 0.000000e+00 -3.320902e+03 -3.442023e+03 0.000000e+00 0.000000e+00 0.000000e+00 -2.080361e+02 -2.079816e+02 1.527286e+03 5.064265e+02 0.000000e+00 0.000000e+00 0.000000e+00 0.000000e+00 0.000000e+00 0.000000e+00 0.000000e+00 0.000000e+00 0.000000e+00
7.180000e-01 0.000000e+00 -3.331306e+03 -3.456904e+03 0.000000e+00 0.000000e+00 0.000000e+00 -2.095314e+02 -2.094546e+02 1.529359e+03 5.101153e+02 0.000000e+00 0.000000e+00 0.000000e+00 0.000000e+00 0.000000e+00 0.000000e+00 0.000000e+00 0.000000e+00 0.000000e+00
7.190000e-01 0.000000e+00 -3.341759e+03 -3.471911e+03 0.000000e+00 0.000000e+00 0.000000e+00 -2.110419e+02 -2.109426e+02 1.531452e+03 5.138417e+02 0.000000e+00 0.000000e+00 0.000000e+00 0.000000e+00 0.000000e+00 0.000000e+00 0.000000e+00 0.000000e+00 0.000000e+00
7.200000e-01 0.000000e+00 -3.352262e+03 -3.487041e+03 0.000000e+00 0.000000e+00 0.000000e+00 -2.125676e+02 -2.124454e+02 1.533566e+03 5.176055e+02 0.000000e+00 0.000000e+00 0.000000e+00 0.000000e+00 0.000000e+00 0.000000e+00 0.000000e+00 0.000000e+00 0.000000e+00
7.210000e-01 0.000000e+00 -3.362817e+03 -3.502295e+03 0.000000e+00 0.000000e+00 0.000000e+00 -2.141083e+02 -2.139629e+02 1.535701e+03 5.214063e+02 0.000000e+00 0.000000e+00 0.000000e+00 0.000000e+00 0.000000e+00 0.000000e+00 0.000000e+00 0.000000e+00 0.000000e+00
7.220000e-01 0.000000e+00 -3.373425e+03 -3.517672e+03 0.000000e+00 0.000000e+00 0.000000e+00 -2.156639e+02 -2.154951e+02 1.537857e+03 5.252439e+02 0.000000e+00 0.000000e+00 0.000000e+00 0.000000e+00 0.000000e+00 0.000000e+00 0.000000e+00 0.000000e+00 0.000000e+00
7.230000e-01 0.000000e+00 -3.384088e+03 -3.533170e+03 0.000000e+00 0.000000e+00 0.000000e+00 -2.172343e+02 -2.170417e+02 1.540034e+03 5.291181e+02 0.000000e+00 0.000000e+00 0.000000e+00 0.000000e+00 0.000000e+00 0.000000e+00 0.000000e+00 0.000000e+00 0.000000e+00
7.240000e-01 0.000000e+00 -3.394806e+03 -3.548789e+03 0.000000e+00 0.000000e+00 0.000000e+00 -2.188193e+02 -2.186027e+02 1.542232e+03 5.330284e+02 0.000000e+00 0.000000e+00 0.000000e+00 0.000000e+00 0.000000e+00 0.000000e+00 0.000000e+00 0.000000e+00 0.000000e+00
7.250000e-01 0.000000e+00 -3.405580e+03 -3.564528e+03 0.000000e+00 0.000000e+00 0.000000e+00 -2.204189e+02 -2.201779e+02 1.544452e+03 5.369746e+02 0.000000e+00 0.000000e+00 0.000000e+00 0.000000e+00 0.000000e+00 0.000000e+00 0.000000e+00 0.000000e+00 0.000000e+00
7.260000e-01 0.000000e+00 -3.416412e+03 -3.580385e+03 0.000000e+00 0.000000e+00 0.000000e+00 -2.220329e+02 -2.217672e+02 1.546693e+03 5.409565e+02 0.000000e+00 0.000000e+00 0.000000e+00 0.000000e+00 0.000000e+00 0.000000e+00 0.000000e+00 0.000000e+00 0.000000e+00
7.270000e-01 0.000000e+00 -3.427304e+03 -3.596360e+03 0.000000e+00 0.000000e+00 0.000000e+00 -2.236611e+02 -2.233705e+02 1.548956e+03 5.449736e+02 0.000000e+00 0.000000e+00 0.000000e+00 0.000000e+00 0.000000e+00 0.000000e+00 0.000000e+00 0.000000e+00 0.000000e+00
7.280000e-01 0.000000e+00 -3.438256e+03 -3.612451e+03 0.000000e+00 0.000000e+00 0.000000e+00 -2.253035e+02 -2.249877e+02 1.551241e+03 5.490258e+02 0.000000e+00 0.000000e+00 0.000000e+00 0.000000e+00 0.000000e+00 0.000000e+00 0.000000e+00 0.000000e+00 0.000000e+00
7.290000e-01 0.000000e+00 -3.449270e+03 -3.628658e+03 0.000000e+00 0.000000e+00 0.000000e+00 -2.269599e+02 -2.266185e+02 1.553547e+03 5.531127e+02 0.000000e+00 0.000000e+00 0.000000e+00 0.000000e+00 0.000000e+00 0.000000e+00 0.000000e+00 0.000000e+00 0.000000e+00
7.300000e-01 0.000000e+00 -3.460346e+03 -3.644980e+03 0.000000e+00 0.000000e+00 0.000000e+00 -2.286302e+02 -2.282630e+02 1.555876e+03 5.572339e+02 0.000000e+00 0.000000e+00 0.000000e+00 0.000000e+00 0.000000e+00 0.000000e+00 0.000000e+00 0.000000e+00 0.000000e+00
7.310000e-01 0.000000e+00 -3.471487e+03 -3.661414e+03 0.000000e+00 0.000000e+00 0.000000e+00 -2.303143e+02 -2.299209e+02 1.558227e+03 5.613893e+02 0.000000e+00 0.000000e+00 0.000000e+00 0.000000e+00 0.000000e+00 0.000000e+00 0.000000e+00 0.000000e+00 0.000000e+00
7.320000e-01 0.000000e+00 -3.482693e+03 -3.677961e+03 0.000000e+00 0.000000e+00 0.000000e+00 -2.320119e+02 -2.315922e+02 1.560601e+03 5.655785e+02 0.000000e+00 0.000000e+00 0.000000e+00 0.000000e+00 0.000000e+00 0.000000e+00 0.000000e+00 0.000000e+00 0.000000e+00
7.330000e-01 0.000000e+00 -3.493966e+03 -3.694618e+03 0.000000e+00 0.000000e+00 0.000000e+00 -2.337231e+02 -2.332767e+02 1.562997e+03 5.698011e+02 0.000000e+00 0.000000e+00 0.000000e+00 0.000000e+00 0.000000e+00 0.000000e+00 0.000000e+00 0.000000e+00 0.000000e+00
7.340000e-01 0.000000e+00 -3.505306e+03 -3.711384e+03 0.000000e+00 0.000000e+00 0.000000e+00 -2.354475e+02 -2.349741e+02 1.565416e+03 5.740568e+02 0.000000e+00 0.000000e+00 0.000000e+00 0.000000e+00 0.000000e+00 0.000000e+00 0.000000e+00 0.000000e+00 0.000000e+00
7.350000e-01 0.000000e+00 -3.516715e+03 -3.728259e+03 0.000000e+00 0.000000e+00 0.000000e+00 -2.371851e+02 -2.366845e+02 1.567858e+03 5.783453e+02 0.000000e+00 0.000000e+00 0.000000e+00 0.000000e+00 0.000000e+00 0.000000e+00 0.000000e+00 0.000000e+00 0.000000e+00
7.360000e-01 0.000000e+00 -3.528195e+03 -3.745240e+03 0.000000e+00 0.000000e+00 0.000000e+00 -2.389357e+02 -2.384076e+02 1.570322e+03 5.826663e+02 0.000000e+00 0.000000e+00 0.000000e+00 0.000000e+00 0.000000e+00 0.000000e+00 0.000000e+00 0.000000e+00 0.000000e+00
7.370000e-01 0.000000e+00 -3.539745e+03 -3.762326e+03 0.000000e+00 0.000000e+00 0.000000e+00 -2.406992e+02 -2.401433e+02 1.572810e+03 5.870193e+02 0.000000e+00 0.000000e+00 0.000000e+00 0.000000e+00 0.000000e+00 0.000000e+00 0.000000e+00 0.000000e+00 0.000000e+00
7.380000e-01 0.000000e+00 -3.551367e+03 -3.779516e+03 0.000000e+00 0.000000e+00 0.000000e+00 -2.424754e+02 -2.418915e+02 1.575321e+03 5.914041e+02 0.000000e+00 0.000000e+00 0.000000e+00 0.000000e+00 0.000000e+00 0.000000e+00 0.000000e+00 0.000000e+00 0.000000e+00
7.390000e-01 0.000000e+00 -3.563063e+03 -3.796807e+03 0.000000e+00 0.000000e+00 0.000000e+00 -2.442641e+02 -2.436519e+02 1.577855e+03 5.958203e+02 0.000000e+00 0.000000e+00 0.000000e+00 0.000000e+00 0.000000e+00 0.000000e+00 0.000000e+00 0.000000e+00 0.000000e+00
7.400000e-01 0.000000e+00 -3.574833e+03 -3.814199e+03 0.000000e+00 0.000000e+00 0.000000e+00 -2.460652e+02 -2.454244e+02 1.580413e+03 6.002675e+02 0.000000e+00 0.000000e+00 0.000000e+00 0.000000e+00 0.000000e+00 0.000000e+00 0.000000e+00 0.000000e+00 0.000000e+00
7.410000e-01 0.000000e+00 -3.586678e+03 -3.831690e+03 0.000000e+00 0.000000e+00 0.000000e+00 -2.478785e+02 -2.472088e+02 1.582995e+03 6.047453e+02 0.000000e+00 0.000000e+00 0.000000e+00 0.000000e+00 0.000000e+00 0.000000e+00 0.000000e+00 0.000000e+00 0.000000e+00
7.420000e-01 0.000000e+00 -3.598600e+03 -3.849277e+03 0.000000e+00 0.000000e+00 0.000000e+00 -2.497038e+02 -2.490050e+02 1.585600e+03 6.092535e+02 0.000000e+00 0.000000e+00 0.000000e+00 0.000000e+00 0.000000e+00 0.000000e+00 0.000000e+00 0.000000e+00 0.000000e+00
7.430000e-01 0.000000e+00 -3.610599e+03 -3.866960e+03 0.000000e+00 0.000000e+00 0.000000e+00 -2.515410e+02 -2.508128e+02 1.588229e+03 6.137915e+02 0.000000e+00 0.000000e+00 0.000000e+00 0.000000e+00 0.000000e+00 0.000000e+00 0.000000e+00 0.000000e+00 0.000000e+00
7.440000e-01 0.000000e+00 -3.622677e+03 -3.884736e+03 0.000000e+00 0.000000e+00 0.000000e+00 -2.533899e+02 -2.526321e+02 1.590882e+03 6.183591e+02 0.000000e+00 0.000000e+00 0.000000e+00 0.000000e+00 0.000000e+00 0.000000e+00 0.000000e+00 0.000000e+00 0.000000e+00
7.450000e-01 0.000000e+00 -3.634833e+03 -3.902603e+03 0.000000e+00 0.000000e+00 0.000000e+00 -2.552502e+02 -2.544626e+02 1.593560e+03 6.229559e+02 0.000000e+00 0.000000e+00 0.000000e+00 0.000000e+00 0.000000e+00 0.000000e+00 0.000000e+00 0.000000e+00 0.000000e+00
7.460000e-01 0.000000e+00 -3.647071e+03 -3.920560e+03 0.000000e+00 0.000000e+00 0.000000e+00 -2.571218e+02 -2.563041e+02 1.596261e+03 6.275814e+02 0.000000e+00 0.000000e+00 0.000000e+00 0.000000e+00 0.000000e+00 0.000000e+00 0.000000e+00 0.000000e+00 0.000000e+00
7.470000e-01 0.000000e+00 -3.659389e+03 -3.938604e+03 0.000000e+00 0.000000e+00 0.000000e+00 -2.590046e+02 -2.581566e+02 1.598987e+03 6.322352e+02 0.000000e+00 0.000000e+00 0.000000e+00 0.000000e+00 0.000000e+00 0.000000e+00 0.000000e+00 0.000000e+00 0.000000e+00
7.480000e-01 0.000000e+00 -3.671789e+03 -3.956734e+03 0.000000e+00 0.000000e+00 0.000000e+00 -2.608983e+02 -2.600198e+02 1.601737e+03 6.369171e+02 0.000000e+00 0.000000e+00 0.000000e+00 0.000000e+00 0.000000e+00 0.000000e+00 0.000000e+00 0.000000e+00 0.000000e+00
7.490000e-01 0.000000e+00 -3.684273e+03 -3.974948e+03 0.000000e+00 0.000000e+00 0.000000e+00 -2.628028e+02 -2.618935e+02 1.604512e+03 6.416266e+02 0.000000e+00 0.000000e+00 0.000000e+00 0.000000e+00 0.000000e+00 0.000000e+00 0.000000e+00 0.000000e+00 0.000000e+00
7.500000e-01 0.000000e+00 -3.696840e+03 -3.993243e+03 0.000000e+00 0.000000e+00 0.000000e+00 -2.647179e+02 -2.637776e+02 1.607312e+03 6.463634e+02 0.000000e+00 0.000000e+00 0.000000e+00 0.000000e+00 0.000000e+00 0.000000e+00 0.000000e+00 0.000000e+00 0.000000e+00
7.510000e-01 0.000000e+00 -3.709492e+03 -4.011619e+03 0.000000e+00 0.000000e+00 0.000000e+00 -2.666434e+02 -2.656719e+02 1.610137e+03 6.511270e+02 0.000000e+00 0.000000e+00 0.000000e+00 0.000000e+00 0.000000e+00 0.000000e+00 0.000000e+00 0.000000e+00 0.000000e+00
7.520000e-01 0.000000e+00 -3.722230e+03 -4.030071e+03 0.000000e+00 0.000000e+00 0.000000e+00 -2.685791e+02 -2.675762e+02 1.612986e+03 6.559171e+02 0.000000e+00 0.000000e+00 0.000000e+00 0.000000e+00 0.000000e+00 0.000000e+00 0.000000e+00 0.000000e+00 0.000000e+00
7.530000e-01 0.000000e+00 -3.735054e+03 -4.048599e+03 0.000000e+00 0.000000e+00 0.000000e+00 -2.705249e+02 -2.694903e+02 1.615861e+03 6.607333e+02 0.000000e+00 0.000000e+00 0.000000e+00 0.000000e+00 0.000000e+00 0.000000e+00 0.000000e+00 0.000000e+00 0.000000e+00
7.540000e-01 0.000000e+00 -3.747965e+03 -4.067201e+03 0.000000e+00 0.000000e+00 0.000000e+00 -2.724805e+02 -2.714141e+02 1.618760e+03 6.655753e+02 0.000000e+00 0.000000e+00 0.000000e+00 0.000000e+00 0.000000e+00 0.000000e+00 0.000000e+00 0.000000e+00 0.000000e+00
7.550000e-01 0.000000e+00 -3.760964e+03 -4.085873e+03 0.000000e+00 0.000000e+00 0.000000e+00 -2.744457e+02 -2.733474e+02 1.621685e+03 6.704425e+02 0.000000e+00 0.000000e+00 0.000000e+00 0.000000e+00 0.000000e+00 0.000000e+00 0.000000e+00 0.000000e+00 0.000000e+00
7.560000e-01 0.000000e+00 -3.774051e+03 -4.104614e+03 0.000000e+00 0.000000e+00 0.000000e+00 -2.764205e+02 -2.752899e+02 1.624636e+03 6.753347e+02 0.000000e+00 0.000000e+00 0.000000e+00 0.000000e+00 0.000000e+00 0.000000e+00 0.000000e+00 0.000000e+00 0.000000e+00
7.570000e-01 0.000000e+00 -3.787228e+03 -4.123422e+03 0.000000e+00 0.000000e+00 0.000000e+00 -2.784045e+02 -2.772416e+02 1.627611e+03 6.802513e+02 0.000000e+00 0.000000e+00 0.000000e+00 0.000000e+00 0.000000e+00 0.000000e+00 0.000000e+00 0.000000e+00 0.000000e+00
7.580000e-01 0.000000e+00 -3.800495e+03 -4.142293e+03 0.000000e+00 0.000000e+00 0.000000e+00 -2.803976e+02 -2.792021e+02 1.630613e+03 6.851922e+02 0.000000e+00 0.000000e+00 0.000000e+00 0.000000e+00 0.000000e+00 0.000000e+00 0.000000e+00 0.000000e+00 0.000000e+00
7.590000e-01 0.000000e+00 -3.813852e+03 -4.161227e+03 0.000000e+00 0.000000e+00 0.000000e+00 -2.823996e+02 -2.811713e+02 1.633639e+03 6.901567e+02 0.000000e+00 0.000000e+00 0.000000e+00 0.000000e+00 0.000000e+00 0.000000e+00 0.000000e+00 0.000000e+00 0.000000e+00
7.600000e-01 0.000000e+00 -3.827300e+03 -4.180219e+03 0.000000e+00 0.000000e+00 0.000000e+00 -2.844103e+02 -2.831491e+02 1.636692e+03 6.951446e+02 0.000000e+00 0.000000e+00 0.000000e+00 0.000000e+00 0.000000e+00 0.000000e+00 0.000000e+00 0.000000e+00 0.000000e+00
7.610000e-01 0.000000e+00 -3.840840e+03 -4.199269e+03 0.000000e+00 0.000000e+00 0.000000e+00 -2.864294e+02 -2.851352e+02 1.639770e+03 7.001554e+02 0.000000e+00 0.000000e+00 0.000000e+00 0.000000e+00 0.000000e+00 0.000000e+00 0.000000e+00 0.000000e+00 0.000000e+00
7.620000e-01 0.000000e+00 -3.854473e+03 -4.218372e+03 0.000000e+00 0.000000e+00 0.000000e+00 -2.884569e+02 -2.871294e+02 1.642874e+03 7.051887e+02 0.000000e+00 0.000000e+00 0.000000e+00 0.000000e+00 0.000000e+00 0.000000e+00 0.000000e+00 0.000000e+00 0.000000e+00
7.630000e-01 0.000000e+00 -3.868198e+03 -4.237527e+03 0.000000e+00 0.000000e+00 0.000000e+00 -2.904924e+02 -2.891316e+02 1.646005e+03 7.102442e+02 0.000000e+00 0.000000e+00 0.000000e+00 0.000000e+00 0.000000e+00 0.000000e+00 0.000000e+00 0.000000e+00 0.000000e+00
7.640000e-01 0.000000e+00 -3.882016e+03 -4.256732e+03 0.000000e+00 0.000000e+00 0.000000e+00 -2.925358e+02 -2.911414e+02 1.649161e+03 7.153213e+02 0.000000e+00 0.000000e+00 0.000000e+00 0.000000e+00 0.000000e+00 0.000000e+00 0.000000e+00 0.000000e+00 0.000000e+00
7.650000e-01 0.000000e+00 -3.895928e+03 -4.275982e+03 0.000000e+00 0.000000e+00 0.000000e+00 -2.945868e+02 -2.931588e+02 1.652343e+03 7.204197e+02 0.000000e+00 0.000000e+00 0.000000e+00 0.000000e+00 0.000000e+00 0.000000e+00 0.000000e+00 0.000000e+00 0.000000e+00
7.660000e-01 0.000000e+00 -3.909934e+03 -4.295277e+03 0.000000e+00 0.000000e+00 0.000000e+00 -2.966453e+02 -2.951836e+02 1.655551e+03 7.255391e+02 0.000000e+00 0.000000e+00 0.000000e+00 0.000000e+00 0.000000e+00 0.000000e+00 0.000000e+00 0.000000e+00 0.000000e+00
7.670000e-01 0.000000e+00 -3.924035e+03 -4.314612e+03 0.000000e+00 0.000000e+00 0.000000e+00 -2.987111e+02 -2.972154e+02 1.658786e+03 7.306789e+02 0.000000e+00 0.000000e+00 0.000000e+00 0.000000e+00 0.000000e+00 0.000000e+00 0.000000e+00 0.000000e+00 0.000000e+00
7.680000e-01 0.000000e+00 -3.938230e+03 -4.333985e+03 0.000000e+00 0.000000e+00 0.000000e+00 -3.007839e+02 -2.992542e+02 1.662047e+03 7.358388e+02 0.000000e+00 0.000000e+00 0.000000e+00 0.000000e+00 0.000000e+00 0.000000e+00 0.000000e+00 0.000000e+00 0.000000e+00
7.690000e-01 0.000000e+00 -3.952520e+03 -4.353394e+03 0.000000e+00 0.000000e+00 0.000000e+00 -3.028635e+02 -3.012997e+02 1.665334e+03 7.410183e+02 0.000000e+00 0.000000e+00 0.000000e+00 0.000000e+00 0.000000e+00 0.000000e+00 0.000000e+00 0.000000e+00 0.000000e+00
7.700000e-01 0.000000e+00 -3.966906e+03 -4.372836e+03 0.000000e+00 0.000000e+00 0.000000e+00 -3.049498e+02 -3.033518e+02 1.668648e+03 7.462172e+02 0.000000e+00 0.000000e+00 0.000000e+00 0.000000e+00 0.000000e+00 0.000000e+00 0.000000e+00 0.000000e+00 0.000000e+00
7.710000e-01 0.000000e+00 -3.981387e+03 -4.392307e+03 0.000000e+00 0.000000e+00 0.000000e+00 -3.070424e+02 -3.054101e+02 1.671988e+03 7.514349e+02 0.000000e+00 0.000000e+00 0.000000e+00 0.000000e+00 0.000000e+00 0.000000e+00 0.000000e+00 0.000000e+00 0.000000e+00
7.720000e-01 0.000000e+00 -3.995965e+03 -4.411806e+03 0.000000e+00 0.000000e+00 0.000000e+00 -3.091414e+02 -3.074747e+02 1.675354e+03 7.566711e+02 0.000000e+00 0.000000e+00 0.000000e+00 0.000000e+00 0.000000e+00 0.000000e+00 0.000000e+00 0.000000e+00 0.000000e+00
7.730000e-01 0.000000e+00 -4.010638e+03 -4.431328e+03 0.000000e+00 0.000000e+00 0.000000e+00 -3.112463e+02 -3.095451e+02 1.678747e+03 7.619253e+02 0.000000e+00 0.000000e+00 0.000000e+00 0.000000e+00 0.000000e+00 0.000000e+00 0.000000e+00 0.000000e+00 0.000000e+00
7.740000e-01 0.000000e+00 -4.025407e+03 -4.450872e+03 0.000000e+00 0.000000e+00 0.000000e+00 -3.133570e+02 -3.116213e+02 1.682166e+03 7.671973e+02 0.000000e+00 0.000000e+00 0.000000e+00 0.000000e+00 0.000000e+00 0.000000e+00 0.000000e+00 0.000000e+00 0.000000e+00
7.750000e-01 0.000000e+00 -4.040273e+03 -4.470434e+03 0.000000e+00 0.000000e+00 0.000000e+00 -3.154733e+02 -3.137030e+02 1.685612e+03 7.724865e+02 0.000000e+00 0.000000e+00 0.000000e+00 0.000000e+00 0.000000e+00 0.000000e+00 0.000000e+00 0.000000e+00 0.000000e+00
7.760000e-01 0.000000e+00 -4.055235e+03 -4.490011e+03 0.000000e+00 0.000000e+00 0.000000e+00 -3.175950e+02 -3.157901e+02 1.689085e+03 7.777925e+02 0.000000e+00 0.000000e+00 0.000000e+00 0.000000e+00 0.000000e+00 0.000000e+00 0.000000e+00 0.000000e+00 0.000000e+00
7.770000e-01 0.000000e+00 -4.070294e+03 -4.509600e+03 0.000000e+00 0.000000e+00 0.000000e+00 -3.197219e+02 -3.178823e+02 1.692584e+03 7.831151e+02 0.000000e+00 0.000000e+00 0.000000e+00 0.000000e+00 0.000000e+00 0.000000e+00 0.000000e+00 0.000000e+00 0.000000e+00
7.780000e-01 0.000000e+00 -4.085449e+03 -4.529198e+03 0.000000e+00 0.000000e+00 0.000000e+00 -3.218537e+02 -3.199794e+02 1.696110e+03 7.884536e+02 0.000000e+00 0.000000e+00 0.000000e+00 0.000000e+00 0.000000e+00 0.000000e+00 0.000000e+00 0.000000e+00 0.000000e+00
7.790000e-01 0.000000e+00 -4.100700e+03 -4.548802e+03 0.000000e+00 0.000000e+00 0.000000e+00 -3.239903e+02 -3.220812e+02 1.699662e+03 7.938079e+02 0.000000e+00 0.000000e+00 0.000000e+00 0.000000e+00 0.000000e+00 0.000000e+00 0.000000e+00 0.000000e+00 0.000000e+00
7.800000e-01 0.000000e+00 -4.116047e+03 -4.568409e+03 0.000000e+00 0.000000e+00 0.000000e+00 -3.261314e+02 -3.241876e+02 1.703241e+03 7.991773e+02 0.000000e+00 0.000000e+00 0.000000e+00 0.000000e+00 0.000000e+00 0.000000e+00 0.000000e+00 0.000000e+00 0.000000e+00
7.810000e-01 0.000000e+00 -4.131491e+03 -4.588015e+03 0.000000e+00 0.000000e+00 0.000000e+00 -3.282769e+02 -3.262982e+02 1.706846e+03 8.045617e+02 0.000000e+00 0.000000e+00 0.000000e+00 0.000000e+00 0.000000e+00 0.000000e+00 0.000000e+00 0.000000e+00 0.000000e+00
7.820000e-01 0.000000e+00 -4.147030e+03 -4.607618e+03 0.000000e+00 0.000000e+00 0.000000e+00 -3.304264e+02 -3.284130e+02 1.710478e+03 8.099604e+02 0.000000e+00 0.000000e+00 0.000000e+00 0.000000e+00 0.000000e+00 0.000000e+00 0.000000e+00 0.000000e+00 0.000000e+00
7.830000e-01 0.000000e+00 -4.162665e+03 -4.627213e+03 0.000000e+00 0.000000e+00 0.000000e+00 -3.325798e+02 -3.305316e+02 1.714137e+03 8.153732e+02 0.000000e+00 0.000000e+00 0.000000e+00 0.000000e+00 0.000000e+00 0.000000e+00 0.000000e+00 0.000000e+00 0.000000e+00
7.840000e-01 0.000000e+00 -4.178395e+03 -4.646799e+03 0.000000e+00 0.000000e+00 0.000000e+00 -3.347369e+02 -3.326540e+02 1.717822e+03 8.207996e+02 0.000000e+00 0.000000e+00 0.000000e+00 0.000000e+00 0.000000e+00 0.000000e+00 0.000000e+00 0.000000e+00 0.000000e+00
7.850000e-01 0.000000e+00 -4.194221e+03 -4.666371e+03 0.000000e+00 0.000000e+00 0.000000e+00 -3.368975e+02 -3.347798e+02 1.721533e+03 8.262393e+02 0.000000e+00 0.000000e+00 0.000000e+00 0.000000e+00 0.000000e+00 0.000000e+00 0.000000e+00 0.000000e+00 0.000000e+00
7.860000e-01 0.000000e+00 -4.210141e+03 -4.685926e+03 0.000000e+00 0.000000e+00 0.000000e+00 -3.390613e+02 -3.369089e+02 1.725271e+03 8.316917e+02 0.000000e+00 0.000000e+00 0.000000e+00 0.000000e+00 0.000000e+00 0.000000e+00 0.000000e+00 0.000000e+00 0.000000e+00
7.870000e-01 0.000000e+00 -4.226156e+03 -4.705461e+03 0.000000e+00 0.000000e+00 0.000000e+00 -3.412281e+02 -3.390411e+02 1.729036e+03 8.371565e+02 0.000000e+00 0.000000e+00 0.000000e+00 0.000000e+00 0.000000e+00 0.000000e+00 0.000000e+00 0.000000e+00 0.000000e+00
7.880000e-01 0.000000e+00 -4.242264e+03 -4.724971e+03 0.000000e+00 0.000000e+00 0.000000e+00 -3.433978e+02 -3.411761e+02 1.732826e+03 8.426333e+02 0.000000e+00 0.000000e+00 0.000000e+00 0.000000e+00 0.000000e+00 0.000000e+00 0.000000e+00 0.000000e+00 0.000000e+00
7.890000e-01 0.000000e+00 -4.258466e+03 -4.744455e+03 0.000000e+00 0.000000e+00 0.000000e+00 -3.455700e+02 -3.433138e+02 1.736643e+03 8.481217e+02 0.000000e+00 0.000000e+00 0.000000e+00 0.000000e+00 0.000000e+00 0.000000e+00 0.000000e+00 0.000000e+00 0.000000e+00
7.900000e-01 0.000000e+00 -4.274760e+03 -4.763908e+03 0.000000e+00 0.000000e+00 0.000000e+00 -3.477445e+02 -3.454539e+02 1.740486e+03 8.536213e+02 0.000000e+00 0.000000e+00 0.000000e+00 0.000000e+00 0.000000e+00 0.000000e+00 0.000000e+00 0.000000e+00 0.000000e+00
7.910000e-01 0.000000e+00 -4.291147e+03 -4.783327e+03 0.000000e+00 0.000000e+00 0.000000e+00 -3.499213e+02 -3.475962e+02 1.744355e+03 8.591317e+02 0.000000e+00 0.000000e+00 0.000000e+00 0.000000e+00 0.000000e+00 0.000000e+00 0.000000e+00 0.000000e+00 0.000000e+00
7.920000e-01 0.000000e+00 -4.307626e+03 -4.802709e+03 0.000000e+00 0.000000e+00 0.000000e+00 -3.520999e+02 -3.497406e+02 1.748251e+03 8.646524e+02 0.000000e+00 0.000000e+00 0.000000e+00 0.000000e+00 0.000000e+00 0.000000e+00 0.000000e+00 0.000000e+00 0.000000e+00
7.930000e-01 0.000000e+00 -4.324195e+03 -4.822049e+03 0.000000e+00 0.000000e+00 0.000000e+00 -3.542803e+02 -3.518867e+02 1.752172e+03 8.701831e+02 0.000000e+00 0.000000e+00 0.000000e+00 0.000000e+00 0.000000e+00 0.000000e+00 0.000000e+00 0.000000e+00 0.000000e+00
7.940000e-01 0.000000e+00 -4.340855e+03 -4.841345e+03 0.000000e+00 0.000000e+00 0.000000e+00 -3.564622e+02 -3.540345e+02 1.756119e+03 8.757233e+02 0.000000e+00 0.000000e+00 0.000000e+00 0.000000e+00 0.000000e+00 0.000000e+00 0.000000e+00 0.000000e+00 0.000000e+00
7.950000e-01 0.000000e+00 -4.357605e+03 -4.860592e+03 0.000000e+00 0.000000e+00 0.000000e+00 -3.586453e+02 -3.561837e+02 1.760091e+03 8.812727e+02 0.000000e+00 0.000000e+00 0.000000e+00 0.000000e+00 0.000000e+00 0.000000e+00 0.000000e+00 0.000000e+00 0.000000e+00
7.960000e-01 0.000000e+00 -4.374443e+03 -4.879787e+03 0.000000e+00 0.000000e+00 0.000000e+00 -3.608295e+02 -3.583341e+02 1.764089e+03 8.868308e+02 0.000000e+00 0.000000e+00 0.000000e+00 0.000000e+00 0.000000e+00 0.000000e+00 0.000000e+00 0.000000e+00 0.000000e+00
7.970000e-01 0.000000e+00 -4.391368e+03 -4.898927e+03 0.000000e+00 0.000000e+00 0.000000e+00 -3.630145e+02 -3.604854e+02 1.768113e+03 8.923971e+02 0.000000e+00 0.000000e+00 0.000000e+00 0.000000e+00 0.000000e+00 0.000000e+00 0.000000e+00 0.000000e+00 0.000000e+00
7.980000e-01 0.000000e+00 -4.408381e+03 -4.918007e+03 0.000000e+00 0.000000e+00 0.000000e+00 -3.652002e+02 -3.626374e+02 1.772162e+03 8.979714e+02 0.000000e+00 0.000000e+00 0.000000e+00 0.000000e+00 0.000000e+00 0.000000e+00 0.000000e+00 0.000000e+00 0.000000e+00
7.990000e-01 0.000000e+00 -4.425479e+03 -4.937024e+03 0.000000e+00 0.000000e+00 0.000000e+00 -3.673862e+02 -3.647901e+02 1.776236e+03 9.035531e+02 0.000000e+00 0.000000e+00 0.000000e+00 0.000000e+00 0.000000e+00 0.000000e+00 0.000000e+00 0.000000e+00 0.000000e+00
8.000000e-01 0.000000e+00 -4.442663e+03 -4.955974e+03 0.000000e+00 0.000000e+00 0.000000e+00 -3.695723e+02 -3.669430e+02 1.780335e+03 9.091418e+02 0.000000e+00 0.000000e+00 0.000000e+00 0.000000e+00 0.000000e+00 0.000000e+00 0.000000e+00 0.000000e+00 0.000000e+00
8.010000e-01 0.000000e+00 -4.459930e+03 -4.974854e+03 0.000000e+00 0.000000e+00 0.000000e+00 -3.717584e+02 -3.690960e+02 1.784458e+03 9.147371e+02 0.000000e+00 0.000000e+00 0.000000e+00 0.000000e+00 0.000000e+00 0.000000e+00 0.000000e+00 0.000000e+00 0.000000e+00
8.020000e-01 0.000000e+00 -4.477279e+03 -4.993659e+03 0.000000e+00 0.000000e+00 0.000000e+00 -3.739441e+02 -3.712490e+02 1.788607e+03 9.203387e+02 0.000000e+00 0.000000e+00 0.000000e+00 0.000000e+00 0.000000e+00 0.000000e+00 0.000000e+00 0.000000e+00 0.000000e+00
8.030000e-01 0.000000e+00 -4.494710e+03 -5.012386e+03 0.000000e+00 0.000000e+00 0.000000e+00 -3.761294e+02 -3.734016e+02 1.792780e+03 9.259459e+02 0.000000e+00 0.000000e+00 0.000000e+00 0.000000e+00 0.000000e+00 0.000000e+00 0.000000e+00 0.000000e+00 0.000000e+00
8.040000e-01 0.000000e+00 -4.512221e+03 -5.031030e+03 0.000000e+00 0.000000e+00 0.000000e+00 -3.783139e+02 -3.755536e+02 1.796977e+03 9.315585e+02 0.000000e+00 0.000000e+00 0.000000e+00 0.000000e+00 0.000000e+00 0.000000e+00 0.000000e+00 0.000000e+00 0.000000e+00
8.050000e-01 0.000000e+00 -4.529811e+03 -5.049589e+03 0.000000e+00 0.000000e+00 0.000000e+00 -3.804974e+02 -3.777049e+02 1.801198e+03 9.371760e+02 0.000000e+00 0.000000e+00 0.000000e+00 0.000000e+00 0.000000e+00 0.000000e+00 0.000000e+00 0.000000e+00 0.000000e+00
8.060000e-01 0.000000e+00 -4.547478e+03 -5.068058e+03 0.000000e+00 0.000000e+00 0.000000e+00 -3.826796e+02 -3.798553e+02 1.805442e+03 9.427979e+02 0.000000e+00 0.000000e+00 0.000000e+00 0.000000e+00 0.000000e+00 0.000000e+00 0.000000e+00 0.000000e+00 0.000000e+00
8.070000e-01 0.000000e+00 -4.565222e+03 -5.086434e+03 0.000000e+00 0.000000e+00 0.000000e+00 -3.848605e+02 -3.820044e+02 1.809711e+03 9.484238e+02 0.000000e+00 0.000000e+00 0.000000e+00 0.000000e+00 0.000000e+00 0.000000e+00 0.000000e+00 0.000000e+00 0.000000e+00
8.080000e-01 0.000000e+00 -4.583040e+03 -5.104712e+03 0.000000e+00 0.000000e+00 0.000000e+00 -3.870396e+02 -3.841521e+02 1.814002e+03 9.540533e+02 0.000000e+00 0.000000e+00 0.000000e+00 0.000000e+00 0.000000e+00 0.000000e+00 0.000000e+00 0.000000e+00 0.000000e+00
8.090000e-01 0.000000e+00 -4.600931e+03 -5.122888e+03 0.000000e+00 0.000000e+00 0.000000e+00 -3.892169e+02 -3.862982e+02 1.818317e+03 9.596858e+02 0.000000e+00 0.000000e+00 0.000000e+00 0.000000e+00 0.000000e+00 0.000000e+00 0.000000e+00 0.000000e+00 0.000000e+00
8.100000e-01 0.000000e+00 -4.618893e+03 -5.140959e+03 0.000000e+00 0.000000e+00 0.000000e+00 -3.913920e+02 -3.884425e+02 1.822654e+03 9.653211e+02 0.000000e+00 0.000000e+00 0.000000e+00 0.000000e+00 0.000000e+00 0.000000e+00 0.000000e+00 0.000000e+00 0.000000e+00
8.110000e-01 0.000000e+00 -4.636926e+03 -5.158921e+03 0.000000e+00 0.000000e+00 0.000000e+00 -3.935648e+02 -3.905846e+02 1.827014e+03 9.709585e+02 0.000000e+00 0.000000e+00 0.000000e+00 0.000000e+00 0.000000e+00 0.000000e+00 0.000000e+00 0.000000e+00 0.000000e+00
8.120000e-01 0.000000e+00 -4.655026e+03 -5.176769e+03 0.000000e+00 0.000000e+00 0.000000e+00 -3.957349e+02 -3.927245e+02 1.831395e+03 9.765977e+02 0.000000e+00 0.000000e+00 0.000000e+00 0.000000e+00 0.000000e+00 0.000000e+00 0.000000e+00 0.000000e+00 0.000000e+00
8.130000e-01 0.000000e+00 -4.673193e+03 -5.194500e+03 0.000000e+00 0.000000e+00 0.000000e+00 -3.979022e+02 -3.948618e+02 1.835799e+03 9.822381e+02 0.000000e+00 0.000000e+00 0.000000e+00 0.000000e+00 0.000000e+00 0.000000e+00 0.000000e+00 0.000000e+00 0.000000e+00
8.140000e-01 0.000000e+00 -4.691424e+03 -5.212109e+03 0.000000e+00 0.000000e+00 0.000000e+00 -4.000664e+02 -3.969963e+02 1.840224e+03 9.878794e+02 0.000000e+00 0.000000e+00 0.000000e+00 0.000000e+00 0.000000e+00 0.000000e+00 0.000000e+00 0.000000e+00 0.000000e+00
8.150000e-01 0.000000e+00 -4.709718e+03 -5.229593e+03 0.000000e+00 0.000000e+00 0.000000e+00 -4.022273e+02 -3.991279e+02 1.844670e+03 9.935210e+02 0.000000e+00 0.000000e+00 0.000000e+00 0.000000e+00 0.000000e+00 0.000000e+00 0.000000e+00 0.000000e+00 0.000000e+00
8.160000e-01 0.000000e+00 -4.728072e+03 -5.246948e+03 0.000000e+00 0.000000e+00 0.000000e+00 -4.043847e+02 -4.012563e+02 1.849137e+03 9.991624e+02 0.000000e+00 0.000000e+00 0.000000e+00 0.000000e+00 0.000000e+00 0.000000e+00 0.000000e+00 0.000000e+00 0.000000e+00
8.170000e-01 0.000000e+00 -4.746485e+03 -5.264169e+03 0.000000e+00 0.000000e+00 0.000000e+00 -4.065382e+02 -4.033812e+02 1.853624e+03 1.004803e+03 0.000000e+00 0.000000e+00 0.000000e+00 0.000000e+00 0.000000e+00 0.000000e+00 0.000000e+00 0.000000e+00 0.000000e+00
8.180000e-01 0.000000e+00 -4.764955e+03 -5.281252e+03 0.000000e+00 0.000000e+00 0.000000e+00 -4.086876e+02 -4.055024e+02 1.858131e+03 1.010443e+03 0.000000e+00 0.000000e+00 0.000000e+00 0.000000e+00 0.000000e+00 0.000000e+00 0.000000e+00 0.000000e+00 0.000000e+00
8.190000e-01 0.000000e+00 -4.783479e+03 -5.298193e+03 0.000000e+00 0.000000e+00 0.000000e+00 -4.108328e+02 -4.076197e+02 1.862658e+03 1.016080e+03 0.000000e+00 0.000000e+00 0.000000e+00 0.000000e+00 0.000000e+00 0.000000e+00 0.000000e+00 0.000000e+00 0.000000e+00
8.200000e-01 0.000000e+00 -4.802055e+03 -5.314989e+03 0.000000e+00 0.000000e+00 0.000000e+00 -4.129734e+02 -4.097328e+02 1.867204e+03 1.021716e+03 0.000000e+00 0.000000e+00 0.000000e+00 0.000000e+00 0.000000e+00 0.000000e+00 0.000000e+00 0.000000e+00 0.000000e+00
8.210000e-01 0.000000e+00 -4.820681e+03 -5.331635e+03 0.000000e+00 0.000000e+00 0.000000e+00 -4.151091e+02 -4.118415e+02 1.871769e+03 1.027349e+03 0.000000e+00 0.000000e+00 0.000000e+00 0.000000e+00 0.000000e+00 0.000000e+00 0.000000e+00 0.000000e+00 0.000000e+00
8.220000e-01 0.000000e+00 -4.839355e+03 -5.348126e+03 0.000000e+00 0.000000e+00 0.000000e+00 -4.172398e+02 -4.139456e+02 1.876352e+03 1.032979e+03 0.000000e+00 0.000000e+00 0.000000e+00 0.000000e+00 0.000000e+00 0.000000e+00 0.000000e+00 0.000000e+00 0.000000e+00
8.230000e-01 0.000000e+00 -4.858073e+03 -5.364459e+03 0.000000e+00 0.000000e+00 0.000000e+00 -4.193652e+02 -4.160448e+02 1.880952e+03 1.038605e+03 0.000000e+00 0.000000e+00 0.000000e+00 0.000000e+00 0.000000e+00 0.000000e+00 0.000000e+00 0.000000e+00 0.000000e+00
8.240000e-01 0.000000e+00 -4.876835e+03 -5.380630e+03 0.000000e+00 0.000000e+00 0.000000e+00 -4.214849e+02 -4.181388e+02 1.885570e+03 1.044226e+03 0.000000e+00 0.000000e+00 0.000000e+00 0.000000e+00 0.000000e+00 0.000000e+00 0.000000e+00 0.000000e+00 0.000000e+00
8.250000e-01 0.000000e+00 -4.895636e+03 -5.396635e+03 0.000000e+00 0.000000e+00 0.000000e+00 -4.235989e+02 -4.202274e+02 1.890205e+03 1.049843e+03 0.000000e+00 0.000000e+00 0.000000e+00 0.000000e+00 0.000000e+00 0.000000e+00 0.000000e+00 0.000000e+00 0.000000e+00
8.260000e-01 0.000000e+00 -4.914475e+03 -5.412469e+03 0.000000e+00 0.000000e+00 0.000000e+00 -4.257067e+02 -4.223104e+02 1.894856e+03 1.055454e+03 0.000000e+00 0.000000e+00 0.000000e+00 0.000000e+00 0.000000e+00 0.000000e+00 0.000000e+00 0.000000e+00 0.000000e+00
8.270000e-01 0.000000e+00 -4.933349e+03 -5.428128e+03 0.000000e+00 0.000000e+00 0.000000e+00 -4.278082e+02 -4.243875e+02 1.899523e+03 1.061059e+03 0.000000e+00 0.000000e+00 0.000000e+00 0.000000e+00 0.000000e+00 0.000000e+00 0.000000e+00 0.000000e+00 0.000000e+00
8.280000e-01 0.000000e+00 -4.952255e+03 -5.443608e+03 0.000000e+00 0.000000e+00 0.000000e+00 -4.299030e+02 -4.264585e+02 1.904205e+03 1.066658e+03 0.000000e+00 0.000000e+00 0.000000e+00 0.000000e+00 0.000000e+00 0.000000e+00 0.000000e+00 0.000000e+00 0.000000e+00
8.290000e-01 0.000000e+00 -4.971191e+03 -5.458905e+03 0.000000e+00 0.000000e+00 0.000000e+00 -4.319909e+02 -4.285231e+02 1.908901e+03 1.072249e+03 0.000000e+00 0.000000e+00 0.000000e+00 0.000000e+00 0.000000e+00 0.000000e+00 0.000000e+00 0.000000e+00 0.000000e+00
8.300000e-01 0.000000e+00 -4.990153e+03 -5.474015e+03 0.000000e+00 0.000000e+00 0.000000e+00 -4.340717e+02 -4.305810e+02 1.913612e+03 1.077832e+03 0.000000e+00 0.000000e+00 0.000000e+00 0.000000e+00 0.000000e+00 0.000000e+00 0.000000e+00 0.000000e+00 0.000000e+00
8.310000e-01 0.000000e+00 -5.009138e+03 -5.488934e+03 0.000000e+00 0.000000e+00 0.000000e+00 -4.361450e+02 -4.326319e+02 1.918336e+03 1.083407e+03 0.000000e+00 0.000000e+00 0.000000e+00 0.000000e+00 0.000000e+00 0.000000e+00 0.000000e+00 0.000000e+00 0.000000e+00
8.320000e-01 0.000000e+00 -5.028144e+03 -5.503657e+03 0.000000e+00 0.000000e+00 0.000000e+00 -4.382105e+02 -4.346757e+02 1.923073e+03 1.088973e+03 0.000000e+00 0.000000e+00 0.000000e+00 0.000000e+00 0.000000e+00 0.000000e+00 0.000000e+00 0.000000e+00 0.000000e+00
8.330000e-01 0.000000e+00 -5.047168e+03 -5.518181e+03 0.000000e+00 0.000000e+00 0.000000e+00 -4.402681e+02 -4.367121e+02 1.927821e+03 1.094530e+03 0.000000e+00 0.000000e+00 0.000000e+00 0.000000e+00 0.000000e+00 0.000000e+00 0.000000e+00 0.000000e+00 0.000000e+00
8.340000e-01 0.000000e+00 -5.066206e+03 -5.532501e+03 0.000000e+00 0.000000e+00 0.000000e+00 -4.423174e+02 -4.387407e+02 1.932582e+03 1.100076e+03 0.000000e+00 0.000000e+00 0.000000e+00 0.000000e+00 0.000000e+00 0.000000e+00 0.000000e+00 0.000000e+00 0.000000e+00
8.350000e-01 0.000000e+00 -5.085255e+03 -5.546614e+03 0.000000e+00 0.000000e+00 0.000000e+00 -4.443581e+02 -4.407613e+02 1.937353e+03 1.105610e+03 0.000000e+00 0.000000e+00 0.000000e+00 0.000000e+00 0.000000e+00 0.000000e+00 0.000000e+00 0.000000e+00 0.000000e+00
8.360000e-01 0.000000e+00 -5.104312e+03 -5.560514e+03 0.000000e+00 0.000000e+00 0.000000e+00 -4.463900e+02 -4.427736e+02 1.942134e+03 1.111134e+03 0.000000e+00 0.000000e+00 0.000000e+00 0.000000e+00 0.000000e+00 0.000000e+00 0.000000e+00 0.000000e+00 0.000000e+00
8.370000e-01 0.000000e+00 -5.123373e+03 -5.574199e+03 0.000000e+00 0.000000e+00 0.000000e+00 -4.484127e+02 -4.447774e+02 1.946924e+03 1.116644e+03 0.000000e+00 0.000000e+00 0.000000e+00 0.000000e+00 0.000000e+00 0.000000e+00 0.000000e+00 0.000000e+00 0.000000e+00
8.380000e-01 0.000000e+00 -5.142436e+03 -5.587663e+03 0.000000e+00 0.000000e+00 0.000000e+00 -4.504259e+02 -4.467723e+02 1.951724e+03 1.122142e+03 0.000000e+00 0.000000e+00 0.000000e+00 0.000000e+00 0.000000e+00 0.000000e+00 0.000000e+00 0.000000e+00 0.000000e+00
8.390000e-01 0.000000e+00 -5.161497e+03 -5.600903e+03 0.000000e+00 0.000000e+00 0.000000e+00 -4.524294e+02 -4.487581e+02 1.956530e+03 1.127626e+03 0.000000e+00 0.000000e+00 0.000000e+00 0.000000e+00 0.000000e+00 0.000000e+00 0.000000e+00 0.000000e+00 0.000000e+00
8.400000e-01 0.000000e+00 -5.180551e+03 -5.613915e+03 0.000000e+00 0.000000e+00 0.000000e+00 -4.544228e+02 -4.507344e+02 1.961344e+03 1.133095e+03 0.000000e+00 0.000000e+00 0.000000e+00 0.000000e+00 0.000000e+00 0.000000e+00 0.000000e+00 0.000000e+00 0.000000e+00
8.410000e-01 0.000000e+00 -5.199596e+03 -5.626695e+03 0.000000e+00 0.000000e+00 0.000000e+00 -4.564059e+02 -4.527010e+02 1.966165e+03 1.138549e+03 0.000000e+00 0.000000e+00 0.000000e+00 0.000000e+00 0.000000e+00 0.000000e+00 0.000000e+00 0.000000e+00 0.000000e+00
8.420000e-01 0.000000e+00 -5.218628e+03 -5.639238e+03 0.000000e+00 0.000000e+00 0.000000e+00 -4.583783e+02 -4.546576e+02 1.970990e+03 1.143986e+03 0.000000e+00 0.000000e+00 0.000000e+00 0.000000e+00 0.000000e+00 0.000000e+00 0.000000e+00 0.000000e+00 0.000000e+00
8.430000e-01 0.000000e+00 -5.237644e+03 -5.651542e+03 0.000000e+00 0.000000e+00 0.000000e+00 -4.603397e+02 -4.566039e+02 1.975821e+03 1.149407e+03 0.000000e+00 0.000000e+00 0.000000e+00 0.000000e+00 0.000000e+00 0.000000e+00 0.000000e+00 0.000000e+00 0.000000e+00
8.440000e-01 0.000000e+00 -5.256638e+03 -5.663601e+03 0.000000e+00 0.000000e+00 0.000000e+00 -4.622898e+02 -4.585396e+02 1.980654e+03 1.154811e+03 0.000000e+00 0.000000e+00 0.000000e+00 0.000000e+00 0.000000e+00 0.000000e+00 0.000000e+00 0.000000e+00 0.000000e+00
8.450000e-01 0.000000e+00 -5.275608e+03 -5.675411e+03 0.000000e+00 0.000000e+00 0.000000e+00 -4.642284e+02 -4.604644e+02 1.985491e+03 1.160195e+03 0.000000e+00 0.000000e+00 0.000000e+00 0.000000e+00 0.000000e+00 0.000000e+00 0.000000e+00 0.000000e+00 0.000000e+00
8.460000e-01 0.000000e+00 -5.294550e+03 -5.686970e+03 0.000000e+00 0.000000e+00 0.000000e+00 -4.661550e+02 -4.623779e+02 1.990330e+03 1.165561e+03 0.000000e+00 0.000000e+00 0.000000e+00 0.000000e+00 0.000000e+00 0.000000e+00 0.000000e+00 0.000000e+00 0.000000e+00
8.470000e-01 0.000000e+00 -5.313460e+03 -5.698273e+03 0.000000e+00 0.000000e+00 0.000000e+00 -4.680694e+02 -4.642799e+02 1.995170e+03 1.170906e+03 0.000000e+00 0.000000e+00 0.000000e+00 0.000000e+00 0.000000e+00 0.000000e+00 0.000000e+00 0.000000e+00 0.000000e+00
8.480000e-01 0.000000e+00 -5.332333e+03 -5.709316e+03 0.000000e+00 0.000000e+00 0.000000e+00 -4.699712e+02 -4.661700e+02 2.000009e+03 1.176231e+03 0.000000e+00 0.000000e+00 0.000000e+00 0.000000e+00 0.000000e+00 0.000000e+00 0.000000e+00 0.000000e+00 0.000000e+00
8.490000e-01 0.000000e+00 -5.351165e+03 -5.720096e+03 0.000000e+00 0.000000e+00 0.000000e+00 -4.718601e+02 -4.680480e+02 2.004848e+03 1.181533e+03 0.000000e+00 0.000000e+00 0.000000e+00 0.000000e+00 0.000000e+00 0.000000e+00 0.000000e+00 0.000000e+00 0.000000e+00
8.500000e-01 0.000000e+00 -5.369953e+03 -5.730608e+03 0.000000e+00 0.000000e+00 0.000000e+00 -4.737358e+02 -4.699134e+02 2.009685e+03 1.186813e+03 0.000000e+00 0.000000e+00 0.000000e+00 0.000000e+00 0.000000e+00 0.000000e+00 0.000000e+00 0.000000e+00 0.000000e+00
8.510000e-01 0.000000e+00 -5.388692e+03 -5.740849e+03 0.000000e+00 0.000000e+00 0.000000e+00 -4.755980e+02 -4.717660e+02 2.014519e+03 1.192070e+03 0.000000e+00 0.000000e+00 0.000000e+00 0.000000e+00 0.000000e+00 0.000000e+00 0.000000e+00 0.000000e+00 0.000000e+00
8.520000e-01 0.000000e+00 -5.407378e+03 -5.750815e+03 0.000000e+00 0.000000e+00 0.000000e+00 -4.774462e+02 -4.736055e+02 2.019349e+03 1.197301e+03 0.000000e+00 0.000000e+00 0.000000e+00 0.000000e+00 0.000000e+00 0.000000e+00 0.000000e+00 0.000000e+00 0.000000e+00
8.530000e-01 0.000000e+00 -5.426007e+03 -5.760503e+03 0.000000e+00 0.000000e+00 0.000000e+00 -4.792801e+02 -4.754314e+02 2.024175e+03 1.202507e+03 0.000000e+00 0.000000e+00 0.000000e+00 0.000000e+00 0.000000e+00 0.000000e+00 0.000000e+00 0.000000e+00 0.000000e+00
8.540000e-01 0.000000e+00 -5.444573e+03 -5.769908e+03 0.000000e+00 0.000000e+00 0.000000e+00 -4.810994e+02 -4.772436e+02 2.028994e+03 1.207687e+03 0.000000e+00 0.000000e+00 0.000000e+00 0.000000e+00 0.000000e+00 0.000000e+00 0.000000e+00 0.000000e+00 0.000000e+00
8.550000e-01 0.000000e+00 -5.463073e+03 -5.779027e+03 0.000000e+00 0.000000e+00 0.000000e+00 -4.829038e+02 -4.790415e+02 2.033806e+03 1.212839e+03 0.000000e+00 0.000000e+00 0.000000e+00 0.000000e+00 0.000000e+00 0.000000e+00 0.000000e+00 0.000000e+00 0.000000e+00
8.560000e-01 0.000000e+00 -5.481502e+03 -5.787857e+03 0.000000e+00 0.000000e+00 0.000000e+00 -4.846929e+02 -4.808249e+02 2.038609e+03 1.217963e+03 0.000000e+00 0.000000e+00 0.000000e+00 0.000000e+00 0.000000e+00 0.000000e+00 0.000000e+00 0.000000e+00 0.000000e+00
8.570000e-01 0.000000e+00 -5.499856e+03 -5.796395e+03 0.000000e+00 0.000000e+00 0.000000e+00 -4.864662e+02 -4.825934e+02 2.043403e+03 1.223057e+03 0.000000e+00 0.000000e+00 0.000000e+00 0.000000e+00 0.000000e+00 0.000000e+00 0.000000e+00 0.000000e+00 0.000000e+00
8.580000e-01 0.000000e+00 -5.518130e+03 -5.804635e+03 0.000000e+00 0.000000e+00 0.000000e+00 -4.882236e+02 -4.843467e+02 2.048187e+03 1.228121e+03 0.000000e+00 0.000000e+00 0.000000e+00 0.000000e+00 0.000000e+00 0.000000e+00 0.000000e+00 0.000000e+00 0.000000e+00
8.590000e-01 0.000000e+00 -5.536319e+03 -5.812577e+03 0.000000e+00 0.000000e+00 0.000000e+00 -4.899646e+02 -4.860844e+02 2.052959e+03 1.233154e+03 0.000000e+00 0.000000e+00 0.000000e+00 0.000000e+00 0.000000e+00 0.000000e+00 0.000000e+00 0.000000e+00 0.000000e+00
8.600000e-01 0.000000e+00 -5.554419e+03 -5.820215e+03 0.000000e+00 0.000000e+00 0.000000e+00 -4.916888e+02 -4.878061e+02 2.057719e+03 1.238154e+03 0.000000e+00 0.000000e+00 0.000000e+00 0.000000e+00 0.000000e+00 0.000000e+00 0.000000e+00 0.000000e+00 0.000000e+00
8.610000e-01 0.000000e+00 -5.572424e+03 -5.827546e+03 0.000000e+00 0.000000e+00 0.000000e+00 -4.933959e+02 -4.895116e+02 2.062464e+03 1.243120e+03 0.000000e+00 0.000000e+00 0.000000e+00 0.000000e+00 0.000000e+00 0.000000e+00 0.000000e+00 0.000000e+00 0.000000e+00
8.620000e-01 0.000000e+00 -5.590331e+03 -5.834569e+03 0.000000e+00 0.000000e+00 0.000000e+00 -4.950855e+02 -4.912004e+02 2.067193e+03 1.248051e+03 0.000000e+00 0.000000e+00 0.000000e+00 0.000000e+00 0.000000e+00 0.000000e+00 0.000000e+00 0.000000e+00 0.000000e+00
8.630000e-01 0.000000e+00 -5.608134e+03 -5.841278e+03 0.000000e+00 0.000000e+00 0.000000e+00 -4.967572e+02 -4.928722e+02 2.071907e+03 1.252947e+03 0.000000e+00 0.000000e+00 0.000000e+00 0.000000e+00 0.000000e+00 0.000000e+00 0.000000e+00 0.000000e+00 0.000000e+00
8.640000e-01 0.000000e+00 -5.625829e+03 -5.847672e+03 0.000000e+00 0.000000e+00 0.000000e+00 -4.984107e+02 -4.945265e+02 2.076602e+03 1.257806e+03 0.000000e+00 0.000000e+00 0.000000e+00 0.000000e+00 0.000000e+00 0.000000e+00 0.000000e+00 0.000000e+00 0.000000e+00
8.650000e-01 0.000000e+00 -5.643410e+03 -5.853747e+03 0.000000e+00 0.000000e+00 0.000000e+00 -5.000456e+02 -4.961631e+02 2.081278e+03 1.262626e+03 0.000000e+00 0.000000e+00 0.000000e+00 0.000000e+00 0.000000e+00 0.000000e+00 0.000000e+00 0.000000e+00 0.000000e+00
8.660000e-01 0.000000e+00 -5.660873e+03 -5.859501e+03 0.000000e+00 0.000000e+00 0.000000e+00 -5.016614e+02 -4.977815e+02 2.085934e+03 1.267408e+03 0.000000e+00 0.000000e+00 0.000000e+00 0.000000e+00 0.000000e+00 0.000000e+00 0.000000e+00 0.000000e+00 0.000000e+00
8.670000e-01 0.000000e+00 -5.678212e+03 -5.864930e+03 0.000000e+00 0.000000e+00 0.000000e+00 -5.032579e+02 -4.993814e+02 2.090568e+03 1.272148e+03 0.000000e+00 0.000000e+00 0.000000e+00 0.000000e+00 0.000000e+00 0.000000e+00 0.000000e+00 0.000000e+00 0.000000e+00
8.680000e-01 0.000000e+00 -5.695423e+03 -5.870031e+03 0.000000e+00 0.000000e+00 0.000000e+00 -5.048346e+02 -5.009624e+02 2.095180e+03 1.276848e+03 0.000000e+00 0.000000e+00 0.000000e+00 0.000000e+00 0.000000e+00 0.000000e+00 0.000000e+00 0.000000e+00 0.000000e+00
8.690000e-01 0.000000e+00 -5.712500e+03 -5.874802e+03 0.000000e+00 0.000000e+00 0.000000e+00 -5.063911e+02 -5.025240e+02 2.099766e+03 1.281504e+03 0.000000e+00 0.000000e+00 0.000000e+00 0.000000e+00 0.000000e+00 0.000000e+00 0.000000e+00 0.000000e+00 0.000000e+00
8.700000e-01 0.000000e+00 -5.729439e+03 -5.879240e+03 0.000000e+00 0.000000e+00 0.000000e+00 -5.079270e+02 -5.040660e+02 2.104327e+03 1.286116e+03 0.000000e+00 0.000000e+00 0.000000e+00 0.000000e+00 0.000000e+00 0.000000e+00 0.000000e+00 0.000000e+00 0.000000e+00
8.710000e-01 0.000000e+00 -5.746235e+03 -5.883343e+03 0.000000e+00 0.000000e+00 0.000000e+00 -5.094420e+02 -5.055878e+02 2.108861e+03 1.290683e+03 0.000000e+00 0.000000e+00 0.000000e+00 0.000000e+00 0.000000e+00 0.000000e+00 0.000000e+00 0.000000e+00 0.000000e+00
8.720000e-01 0.000000e+00 -5.762882e+03 -5.887108e+03 0.000000e+00 0.000000e+00 0.000000e+00 -5.109356e+02 -5.070892e+02 2.113367e+03 1.295204e+03 0.000000e+00 0.000000e+00 0.000000e+00 0.000000e+00 0.000000e+00 0.000000e+00 0.000000e+00 0.000000e+00 0.000000e+00
8.730000e-01 0.000000e+00 -5.779375e+03 -5.890532e+03 0.000000e+00 0.000000e+00 0.000000e+00 -5.124075e+02 -5.085698e+02 2.117842e+03 1.299676e+03 0.000000e+00 0.000000e+00 0.000000e+00 0.000000e+00 0.000000e+00 0.000000e+00 0.000000e+00 0.000000e+00 0.000000e+00
8.740000e-01 0.000000e+00 -5.795709e+03 -5.893614e+03 0.000000e+00 0.000000e+00 0.000000e+00 -5.138572e+02 -5.100290e+02 2.122286e+03 1.304100e+03 0.000000e+00 0.000000e+00 0.000000e+00 0.000000e+00 0.000000e+00 0.000000e+00 0.000000e+00 0.000000e+00 0.000000e+00
8.750000e-01 0.000000e+00 -5.811879e+03 -5.896351e+03 0.000000e+00 0.000000e+00 0.000000e+00 -5.152844e+02 -5.114666e+02 2.126698e+03 1.308473e+03 0.000000e+00 0.000000e+00 0.000000e+00 0.000000e+00 0.000000e+00 0.000000e+00 0.000000e+00 0.000000e+00 0.000000e+00
8.760000e-01 0.000000e+00 -5.827880e+03 -5.898741e+03 0.000000e+00 0.000000e+00 0.000000e+00 -5.166887e+02 -5.128822e+02 2.131075e+03 1.312794e+03 0.000000e+00 0.000000e+00 0.000000e+00 0.000000e+00 0.000000e+00 0.000000e+00 0.000000e+00 0.000000e+00 0.000000e+00
8.770000e-01 0.000000e+00 -5.843707e+03 -5.900782e+03 0.000000e+00 0.000000e+00 0.000000e+00 -5.180697e+02 -5.142753e+02 2.135417e+03 1.317062e+03 0.000000e+00 0.000000e+00 0.000000e+00 0.000000e+00 0.000000e+00 0.000000e+00 0.000000e+00 0.000000e+00 0.000000e+00
8.780000e-01 0.000000e+00 -5.859355e+03 -5.902472e+03 0.000000e+00 0.000000e+00 0.000000e+00 -5.194269e+02 -5.156456e+02 2.139721e+03 1.321277e+03 0.000000e+00 0.000000e+00 0.000000e+00 0.000000e+00 0.000000e+00 0.000000e+00 0.000000e+00 0.000000e+00 0.000000e+00
8.790000e-01 0.000000e+00 -5.874818e+03 -5.903810e+03 0.000000e+00 0.000000e+00 0.000000e+00 -5.207600e+02 -5.169927e+02 2.143987e+03 1.325435e+03 0.000000e+00 0.000000e+00 0.000000e+00 0.000000e+00 0.000000e+00 0.000000e+00 0.000000e+00 0.000000e+00 0.000000e+00
8.800000e-01 0.000000e+00 -5.890091e+03 -5.904793e+03 0.000000e+00 0.000000e+00 0.000000e+00 -5.220687e+02 -5.183161e+02 2.148213e+03 1.329536e+03 0.000000e+00 0.000000e+00 0.000000e+00 0.000000e+00 0.000000e+00 0.000000e+00 0.000000e+00 0.000000e+00 0.000000e+00
8.810000e-01 0.000000e+00 -5.905170e+03 -5.905420e+03 0.000000e+00 0.000000e+00 0.000000e+00 -5.233524e+02 -5.196156e+02 2.152397e+03 1.333580e+03 0.000000e+00 0.000000e+00 0.000000e+00 0.000000e+00 0.000000e+00 0.000000e+00 0.000000e+00 0.000000e+00 0.000000e+00
8.820000e-01 0.000000e+00 -5.920049e+03 -5.905689e+03 0.000000e+00 0.000000e+00 0.000000e+00 -5.246107e+02 -5.208905e+02 2.156539e+03 1.337563e+03 0.000000e+00 0.000000e+00 0.000000e+00 0.000000e+00 0.000000e+00 0.000000e+00 0.000000e+00 0.000000e+00 0.000000e+00
8.830000e-01 0.000000e+00 -5.934723e+03 -5.905600e+03 0.000000e+00 0.000000e+00 0.000000e+00 -5.258434e+02 -5.221407e+02 2.160635e+03 1.341485e+03 0.000000e+00 0.000000e+00 0.000000e+00 0.000000e+00 0.000000e+00 0.000000e+00 0.000000e+00 0.000000e+00 0.000000e+00
8.840000e-01 0.000000e+00 -5.949187e+03 -5.905149e+03 0.000000e+00 0.000000e+00 0.000000e+00 -5.270500e+02 -5.233656e+02 2.164686e+03 1.345345e+03 0.000000e+00 0.000000e+00 0.000000e+00 0.000000e+00 0.000000e+00 0.000000e+00 0.000000e+00 0.000000e+00 0.000000e+00
8.850000e-01 0.000000e+00 -5.963435e+03 -5.904338e+03 0.000000e+00 0.000000e+00 0.000000e+00 -5.282301e+02 -5.245650e+02 2.168690e+03 1.349141e+03 0.000000e+00 0.000000e+00 0.000000e+00 0.000000e+00 0.000000e+00 0.000000e+00 0.000000e+00 0.000000e+00 0.000000e+00
8.860000e-01 0.000000e+00 -5.977464e+03 -5.903163e+03 0.000000e+00 0.000000e+00 0.000000e+00 -5.293834e+02 -5.257383e+02 2.172644e+03 1.352872e+03 0.000000e+00 0.000000e+00 0.000000e+00 0.000000e+00 0.000000e+00 0.000000e+00 0.000000e+00 0.000000e+00 0.000000e+00
8.870000e-01 0.000000e+00 -5.991268e+03 -5.901625e+03 0.000000e+00 0.000000e+00 0.000000e+00 -5.305093e+02 -5.268852e+02 2.176548e+03 1.356537e+03 0.000000e+00 0.000000e+00 0.000000e+00 0.000000e+00 0.000000e+00 0.000000e+00 0.000000e+00 0.000000e+00 0.000000e+00
8.880000e-01 0.000000e+00 -6.004842e+03 -5.899723e+03 0.000000e+00 0.000000e+00 0.000000e+00 -5.316077e+02 -5.280054e+02 2.180400e+03 1.360133e+03 0.000000e+00 0.000000e+00 0.000000e+00 0.000000e+00 0.000000e+00 0.000000e+00 0.000000e+00 0.000000e+00 0.000000e+00
8.890000e-01 0.000000e+00 -6.018181e+03 -5.897456e+03 0.000000e+00 0.000000e+00 0.000000e+00 -5.326780e+02 -5.290984e+02 2.184198e+03 1.363660e+03 0.000000e+00 0.000000e+00 0.000000e+00 0.000000e+00 0.000000e+00 0.000000e+00 0.000000e+00 0.000000e+00 0.000000e+00
8.900000e-01 0.000000e+00 -6.031280e+03 -5.894823e+03 0.000000e+00 0.000000e+00 0.000000e+00 -5.337200e+02 -5.301639e+02 2.187941e+03 1.367117e+03 0.000000e+00 0.000000e+00 0.000000e+00 0.000000e+00 0.000000e+00 0.000000e+00 0.000000e+00 0.000000e+00 0.000000e+00
8.910000e-01 0.000000e+00 -6.044135e+03 -5.891824e+03 0.000000e+00 0.000000e+00 0.000000e+00 -5.347332e+02 -5.312014e+02 2.191628e+03 1.370501e+03 0.000000e+00 0.000000e+00 0.000000e+00 0.000000e+00 0.000000e+00 0.000000e+00 0.000000e+00 0.000000e+00 0.000000e+00
8.920000e-01 0.000000e+00 -6.056741e+03 -5.888458e+03 0.000000e+00 0.000000e+00 0.000000e+00 -5.357173e+02 -5.322107e+02 2.195257e+03 1.373812e+03 0.000000e+00 0.000000e+00 0.000000e+00 0.000000e+00 0.000000e+00 0.000000e+00 0.000000e+00 0.000000e+00 0.000000e+00
8.930000e-01 0.000000e+00 -6.069093e+03 -5.884726e+03 0.000000e+00 0.000000e+00 0.000000e+00 -5.366719e+02 -5.331914e+02 2.198827e+03 1.377049e+03 0.000000e+00 0.000000e+00 0.000000e+00 0.000000e+00 0.000000e+00 0.000000e+00 0.000000e+00 0.000000e+00 0.000000e+00
8.940000e-01 0.000000e+00 -6.081187e+03 -5.880628e+03 0.000000e+00 0.000000e+00 0.000000e+00 -5.375967e+02 -5.341431e+02 2.202335e+03 1.380209e+03 0.000000e+00 0.000000e+00 0.000000e+00 0.000000e+00 0.000000e+00 0.000000e+00 0.000000e+00 0.000000e+00 0.000000e+00
8.950000e-01 0.000000e+00 -6.093018e+03 -5.876163e+03 0.000000e+00 0.000000e+00 0.000000e+00 -5.384914e+02 -5.350654e+02 2.205781e+03 1.383291e+03 0.000000e+00 0.000000e+00 0.000000e+00 0.000000e+00 0.000000e+00 0.000000e+00 0.000000e+00 0.000000e+00 0.000000e+00
8.960000e-01 0.000000e+00 -6.104581e+03 -5.871331e+03 0.000000e+00 0.000000e+00 0.000000e+00 -5.393555e+02 -5.359581e+02 2.209163e+03 1.386295e+03 0.000000e+00 0.000000e+00 0.000000e+00 0.000000e+00 0.000000e+00 0.000000e+00 0.000000e+00 0.000000e+00 0.000000e+00
8.970000e-01 0.000000e+00 -6.115873e+03 -5.866134e+03 0.000000e+00 0.000000e+00 0.000000e+00 -5.401889e+02 -5.368207e+02 2.212480e+03 1.389219e+03 0.000000e+00 0.000000e+00 0.000000e+00 0.000000e+00 0.000000e+00 0.000000e+00 0.000000e+00 0.000000e+00 0.000000e+00
8.980000e-01 0.000000e+00 -6.126889e+03 -5.860571e+03 0.000000e+00 0.000000e+00 0.000000e+00 -5.409910e+02 -5.376529e+02 2.215731e+03 1.392061e+03 0.000000e+00 0.000000e+00 0.000000e+00 0.000000e+00 0.000000e+00 0.000000e+00 0.000000e+00 0.000000e+00 0.000000e+00
8.990000e-01 0.000000e+00 -6.137625e+03 -5.854643e+03 0.000000e+00 0.000000e+00 0.000000e+00 -5.417617e+02 -5.384544e+02 2.218913e+03 1.394821e+03 0.000000e+00 0.000000e+00 0.000000e+00 0.000000e+00 0.000000e+00 0.000000e+00 0.000000e+00 0.000000e+00 0.000000e+00
9.000000e-01 0.000000e+00 -6.148076e+03 -5.848352e+03 0.000000e+00 0.000000e+00 0.000000e+00 -5.425006e+02 -5.392249e+02 2.222025e+03 1.397497e+03 0.000000e+00 0.000000e+00 0.000000e+00 0.000000e+00 0.000000e+00 0.000000e+00 0.000000e+00 0.000000e+00 0.000000e+00
9.010000e-01 0.000000e+00 -6.158239e+03 -5.841697e+03 0.000000e+00 0.000000e+00 0.000000e+00 -5.432073e+02 -5.399640e+02 2.225067e+03 1.400087e+03 0.000000e+00 0.000000e+00 0.000000e+00 0.000000e+00 0.000000e+00 0.000000e+00 0.000000e+00 0.000000e+00 0.000000e+00
9.020000e-01 0.000000e+00 -6.168110e+03 -5.834679e+03 0.000000e+00 0.000000e+00 0.000000e+00 -5.438817e+02 -5.406715e+02 2.228036e+03 1.402591e+03 0.000000e+00 0.000000e+00 0.000000e+00 0.000000e+00 0.000000e+00 0.000000e+00 0.000000e+00 0.000000e+00 0.000000e+00
9.030000e-01 0.000000e+00 -6.177685e+03 -5.827301e+03 0.000000e+00 0.000000e+00 0.000000e+00 -5.445235e+02 -5.413471e+02 2.230932e+03 1.405007e+03 0.000000e+00 0.000000e+00 0.000000e+00 0.000000e+00 0.000000e+00 0.000000e+00 0.000000e+00 0.000000e+00 0.000000e+00
9.040000e-01 0.000000e+00 -6.186961e+03 -5.819564e+03 0.000000e+00 0.000000e+00 0.000000e+00 -5.451323e+02 -5.419904e+02 2.233753e+03 1.407334e+03 0.000000e+00 0.000000e+00 0.000000e+00 0.000000e+00 0.000000e+00 0.000000e+00 0.000000e+00 0.000000e+00 0.000000e+00
9.050000e-01 0.000000e+00 -6.195933e+03 -5.811468e+03 0.000000e+00 0.000000e+00 0.000000e+00 -5.457080e+02 -5.426013e+02 2.236498e+03 1.409571e+03 0.000000e+00 0.000000e+00 0.000000e+00 0.000000e+00 0.000000e+00 0.000000e+00 0.000000e+00 0.000000e+00 0.000000e+00
9.060000e-01 0.000000e+00 -6.204599e+03 -5.803016e+03 0.000000e+00 0.000000e+00 0.000000e+00 -5.462502e+02 -5.431795e+02 2.239165e+03 1.411717e+03 0.000000e+00 0.000000e+00 0.000000e+00 0.000000e+00 0.000000e+00 0.000000e+00 0.000000e+00 0.000000e+00 0.000000e+00
9.070000e-01 0.000000e+00 -6.212955e+03 -5.794210e+03 0.000000e+00 0.000000e+00 0.000000e+00 -5.467587e+02 -5.437246e+02 2.241754e+03 1.413770e+03 0.000000e+00 0.000000e+00 0.000000e+00 0.000000e+00 0.000000e+00 0.000000e+00 0.000000e+00 0.000000e+00 0.000000e+00
9.080000e-01 0.000000e+00 -6.220998e+03 -5.785051e+03 0.000000e+00 0.000000e+00 0.000000e+00 -5.472334e+02 -5.442366e+02 2.244262e+03 1.415730e+03 0.000000e+00 0.000000e+00 0.000000e+00 0.000000e+00 0.000000e+00 0.000000e+00 0.000000e+00 0.000000e+00 0.000000e+00
9.090000e-01 0.000000e+00 -6.228725e+03 -5.775542e+03 0.000000e+00 0.000000e+00 0.000000e+00 -5.476740e+02 -5.447150e+02 2.246690e+03 1.417596e+03 0.000000e+00 0.000000e+00 0.000000e+00 0.000000e+00 0.000000e+00 0.000000e+00 0.000000e+00 0.000000e+00 0.000000e+00
9.100000e-01 0.000000e+00 -6.236133e+03 -5.765685e+03 0.000000e+00 0.000000e+00 0.000000e+00 -5.480803e+02 -5.451599e+02 2.249035e+03 1.419366e+03 0.000000e+00 0.000000e+00 0.000000e+00 0.000000e+00 0.000000e+00 0.000000e+00 0.000000e+00 0.000000e+00 0.000000e+00
9.110000e-01 0.000000e+00 -6.243219e+03 -5.755481e+03 0.000000e+00 0.000000e+00 0.000000e+00 -5.484522e+02 -5.455709e+02 2.251297e+03 1.421040e+03 0.000000e+00 0.000000e+00 0.000000e+00 0.000000e+00 0.000000e+00 0.000000e+00 0.000000e+00 0.000000e+00 0.000000e+00
9.120000e-01 0.000000e+00 -6.249982e+03 -5.744935e+03 0.000000e+00 0.000000e+00 0.000000e+00 -5.487894e+02 -5.459478e+02 2.253474e+03 1.422616e+03 0.000000e+00 0.000000e+00 0.000000e+00 0.000000e+00 0.000000e+00 0.000000e+00 0.000000e+00 0.000000e+00 0.000000e+00
9.130000e-01 0.000000e+00 -6.256417e+03 -5.734048e+03 0.000000e+00 0.000000e+00 0.000000e+00 -5.490918e+02 -5.462905e+02 2.255566e+03 1.424094e+03 0.000000e+00 0.000000e+00 0.000000e+00 0.000000e+00 0.000000e+00 0.000000e+00 0.000000e+00 0.000000e+00 0.000000e+00
9.140000e-01 0.000000e+00 -6.262524e+03 -5.722824e+03 0.000000e+00 0.000000e+00 0.000000e+00 -5.493593e+02 -5.465989e+02 2.257572e+03 1.425472e+03 0.000000e+00 0.000000e+00 0.000000e+00 0.000000e+00 0.000000e+00 0.000000e+00 0.000000e+00 0.000000e+00 0.000000e+00
9.150000e-01 0.000000e+00 -6.268300e+03 -5.711265e+03 0.000000e+00 0.000000e+00 0.000000e+00 -5.495918e+02 -5.468727e+02 2.259490e+03 1.426751e+03 0.000000e+00 0.000000e+00 0.000000e+00 0.000000e+00 0.000000e+00 0.000000e+00 0.000000e+00 0.000000e+00 0.000000e+00
9.160000e-01 0.000000e+00 -6.273742e+03 -5.699375e+03 0.000000e+00 0.000000e+00 0.000000e+00 -5.497891e+02 -5.471119e+02 2.261320e+03 1.427929e+03 0.000000e+00 0.000000e+00 0.000000e+00 0.000000e+00 0.000000e+00 0.000000e+00 0.000000e+00 0.000000e+00 0.000000e+00
9.170000e-01 0.000000e+00 -6.278850e+03 -5.687157e+03 0.000000e+00 0.000000e+00 0.000000e+00 -5.499512e+02 -5.473164e+02 2.263060e+03 1.429005e+03 0.000000e+00 0.000000e+00 0.000000e+00 0.000000e+00 0.000000e+00 0.000000e+00 0.000000e+00 0.000000e+00 0.000000e+00
9.180000e-01 0.000000e+00 -6.283621e+03 -5.674615e+03 0.000000e+00 0.000000e+00 0.000000e+00 -5.500780e+02 -5.474861e+02 2.264710e+03 1.429979e+03 0.000000e+00 0.000000e+00 0.000000e+00 0.000000e+00 0.000000e+00 0.000000e+00 0.000000e+00 0.000000e+00 0.000000e+00
9.190000e-01 0.000000e+00 -6.288055e+03 -5.661751e+03 0.000000e+00 0.000000e+00 0.000000e+00 -5.501694e+02 -5.476208e+02 2.266270e+03 1.430851e+03 0.000000e+00 0.000000e+00 0.000000e+00 0.000000e+00 0.000000e+00 0.000000e+00 0.000000e+00 0.000000e+00 0.000000e+00
9.200000e-01 0.000000e+00 -6.292150e+03 -5.648571e+03 0.000000e+00 0.000000e+00 0.000000e+00 -5.502255e+02 -5.477206e+02 2.267737e+03 1.431619e+03 0.000000e+00 0.000000e+00 0.000000e+00 0.000000e+00 0.000000e+00 0.000000e+00 0.000000e+00 0.000000e+00 0.000000e+00
9.210000e-01 0.000000e+00 -6.295904e+03 -5.635077e+03 0.000000e+00 0.000000e+00 0.000000e+00 -5.502461e+02 -5.477855e+02 2.269113e+03 1.432283e+03 0.000000e+00 0.000000e+00 0.000000e+00 0.000000e+00 0.000000e+00 0.000000e+00 0.000000e+00 0.000000e+00 0.000000e+00
9.220000e-01 0.000000e+00 -6.299318e+03 -5.621274e+03 0.000000e+00 0.000000e+00 0.000000e+00 -5.502314e+02 -5.478153e+02 2.270395e+03 1.432842e+03 0.000000e+00 0.000000e+00 0.000000e+00 0.000000e+00 0.000000e+00 0.000000e+00 0.000000e+00 0.000000e+00 0.000000e+00
9.230000e-01 0.000000e+00 -6.302390e+03 -5.607167e+03 0.000000e+00 0.000000e+00 0.000000e+00 -5.501812e+02 -5.478101e+02 2.271584e+03 1.433297e+03 0.000000e+00 0.000000e+00 0.000000e+00 0.000000e+00 0.000000e+00 0.000000e+00 0.000000e+00 0.000000e+00 0.000000e+00
9.240000e-01 0.000000e+00 -6.305119e+03 -5.592760e+03 0.000000e+00 0.000000e+00 0.000000e+00 -5.500958e+02 -5.477700e+02 2.272678e+03 1.433647e+03 0.000000e+00 0.000000e+00 0.000000e+00 0.000000e+00 0.000000e+00 0.000000e+00 0.000000e+00 0.000000e+00 0.000000e+00
9.250000e-01 0.000000e+00 -6.307507e+03 -5.578056e+03 0.000000e+00 0.000000e+00 0.000000e+00 -5.499751e+02 -5.476949e+02 2.273678e+03 1.433891e+03 0.000000e+00 0.000000e+00 0.000000e+00 0.000000e+00 0.000000e+00 0.000000e+00 0.000000e+00 0.000000e+00 0.000000e+00
9.260000e-01 0.000000e+00 -6.309551e+03 -5.563062e+03 0.000000e+00 0.000000e+00 0.000000e+00 -5.498192e+02 -5.475849e+02 2.274583e+03 1.434029e+03 0.000000e+00 0.000000e+00 0.000000e+00 0.000000e+00 0.000000e+00 0.000000e+00 0.000000e+00 0.000000e+00 0.000000e+00
9.270000e-01 0.000000e+00 -6.311254e+03 -5.547781e+03 0.000000e+00 0.000000e+00 0.000000e+00 -5.496282e+02 -5.474402e+02 2.275392e+03 1.434062e+03 0.000000e+00 0.000000e+00 0.000000e+00 0.000000e+00 0.000000e+00 0.000000e+00 0.000000e+00 0.000000e+00 0.000000e+00
9.280000e-01 0.000000e+00 -6.312614e+03 -5.532220e+03 0.000000e+00 0.000000e+00 0.000000e+00 -5.494023e+02 -5.472608e+02 2.276105e+03 1.433988e+03 0.000000e+00 0.000000e+00 0.000000e+00 0.000000e+00 0.000000e+00 0.000000e+00 0.000000e+00 0.000000e+00 0.000000e+00
9.290000e-01 0.000000e+00 -6.313632e+03 -5.516382e+03 0.000000e+00 0.000000e+00 0.000000e+00 -5.491416e+02 -5.470467e+02 2.276722e+03 1.433809e+03 0.000000e+00 0.000000e+00 0.000000e+00 0.000000e+00 0.000000e+00 0.000000e+00 0.000000e+00 0.000000e+00 0.000000e+00
9.300000e-01 0.000000e+00 -6.314310e+03 -5.500273e+03 0.000000e+00 0.000000e+00 0.000000e+00 -5.488462e+02 -5.467983e+02 2.277242e+03 1.433523e+03 0.000000e+00 0.000000e+00 0.000000e+00 0.000000e+00 0.000000e+00 0.000000e+00 0.000000e+00 0.000000e+00 0.000000e+00
9.310000e-01 0.000000e+00 -6.314647e+03 -5.483899e+03 0.000000e+00 0.000000e+00 0.000000e+00 -5.485164e+02 -5.465156e+02 2.277666e+03 1.433132e+03 0.000000e+00 0.000000e+00 0.000000e+00 0.000000e+00 0.000000e+00 0.000000e+00 0.000000e+00 0.000000e+00 0.000000e+00
9.320000e-01 0.000000e+00 -6.314645e+03 -5.467265e+03 0.000000e+00 0.000000e+00 0.000000e+00 -5.481524e+02 -5.461988e+02 2.277994e+03 1.432635e+03 0.000000e+00 0.000000e+00 0.000000e+00 0.000000e+00 0.000000e+00 0.000000e+00 0.000000e+00 0.000000e+00 0.000000e+00
9.330000e-01 0.000000e+00 -6.314306e+03 -5.450377e+03 0.000000e+00 0.000000e+00 0.000000e+00 -5.477543e+02 -5.458482e+02 2.278224e+03 1.432032e+03 0.000000e+00 0.000000e+00 0.000000e+00 0.000000e+00 0.000000e+00 0.000000e+00 0.000000e+00 0.000000e+00 0.000000e+00
9.340000e-01 0.000000e+00 -6.313630e+03 -5.433240e+03 0.000000e+00 0.000000e+00 0.000000e+00 -5.473225e+02 -5.454639e+02 2.278358e+03 1.431324e+03 0.000000e+00 0.000000e+00 0.000000e+00 0.000000e+00 0.000000e+00 0.000000e+00 0.000000e+00 0.000000e+00 0.000000e+00
9.350000e-01 0.000000e+00 -6.312620e+03 -5.415861e+03 0.000000e+00 0.000000e+00 0.000000e+00 -5.468572e+02 -5.450463e+02 2.278395e+03 1.430510e+03 0.000000e+00 0.000000e+00 0.000000e+00 0.000000e+00 0.000000e+00 0.000000e+00 0.000000e+00 0.000000e+00 0.000000e+00
9.360000e-01 0.000000e+00 -6.311278e+03 -5.398245e+03 0.000000e+00 0.000000e+00 0.000000e+00 -5.463587e+02 -5.445956e+02 2.278335e+03 1.429593e+03 0.000000e+00 0.000000e+00 0.000000e+00 0.000000e+00 0.000000e+00 0.000000e+00 0.000000e+00 0.000000e+00 0.000000e+00
9.370000e-01 0.000000e+00 -6.309605e+03 -5.380399e+03 0.000000e+00 0.000000e+00 0.000000e+00 -5.458273e+02 -5.441120e+02 2.278179e+03 1.428571e+03 0.000000e+00 0.000000e+00 0.000000e+00 0.000000e+00 0.000000e+00 0.000000e+00 0.000000e+00 0.000000e+00 0.000000e+00
9.380000e-01 0.000000e+00 -6.307604e+03 -5.362329e+03 0.000000e+00 0.000000e+00 0.000000e+00 -5.452635e+02 -5.435960e+02 2.277927e+03 1.427446e+03 0.000000e+00 0.000000e+00 0.000000e+00 0.000000e+00 0.000000e+00 0.000000e+00 0.000000e+00 0.000000e+00 0.000000e+00
9.390000e-01 0.000000e+00 -6.305277e+03 -5.344042e+03 0.000000e+00 0.000000e+00 0.000000e+00 -5.446675e+02 -5.430478e+02 2.277579e+03 1.426218e+03 0.000000e+00 0.000000e+00 0.000000e+00 0.000000e+00 0.000000e+00 0.000000e+00 0.000000e+00 0.000000e+00 0.000000e+00
9.400000e-01 0.000000e+00 -6.302628e+03 -5.325544e+03 0.000000e+00 0.000000e+00 0.000000e+00 -5.440398e+02 -5.424678e+02 2.277135e+03 1.424888e+03 0.000000e+00 0.000000e+00 0.000000e+00 0.000000e+00 0.000000e+00 0.000000e+00 0.000000e+00 0.000000e+00 0.000000e+00
9.410000e-01 0.000000e+00 -6.299659e+03 -5.306841e+03 0.000000e+00 0.000000e+00 0.000000e+00 -5.433807e+02 -5.418565e+02 2.276596e+03 1.423457e+03 0.000000e+00 0.000000e+00 0.000000e+00 0.000000e+00 0.000000e+00 0.000000e+00 0.000000e+00 0.000000e+00 0.000000e+00
9.420000e-01 0.000000e+00 -6.296374e+03 -5.287941e+03 0.000000e+00 0.000000e+00 0.000000e+00 -5.426907e+02 -5.412142e+02 2.275963e+03 1.421926e+03 0.000000e+00 0.000000e+00 0.000000e+00 0.000000e+00 0.000000e+00 0.000000e+00 0.000000e+00 0.000000e+00 0.000000e+00
9.430000e-01 0.000000e+00 -6.292775e+03 -5.268850e+03 0.000000e+00 0.000000e+00 0.000000e+00 -5.419703e+02 -5.405413e+02 2.275235e+03 1.420295e+03 0.000000e+00 0.000000e+00 0.000000e+00 0.000000e+00 0.000000e+00 0.000000e+00 0.000000e+00 0.000000e+00 0.000000e+00
9.440000e-01 0.000000e+00 -6.288866e+03 -5.249576e+03 0.000000e+00 0.000000e+00 0.000000e+00 -5.412199e+02 -5.398384e+02 2.274414e+03 1.418565e+03 0.000000e+00 0.000000e+00 0.000000e+00 0.000000e+00 0.000000e+00 0.000000e+00 0.000000e+00 0.000000e+00 0.000000e+00
9.450000e-01 0.000000e+00 -6.284651e+03 -5.230125e+03 0.000000e+00 0.000000e+00 0.000000e+00 -5.404400e+02 -5.391058e+02 2.273500e+03 1.416738e+03 0.000000e+00 0.000000e+00 0.000000e+00 0.000000e+00 0.000000e+00 0.000000e+00 0.000000e+00 0.000000e+00 0.000000e+00
9.460000e-01 0.000000e+00 -6.280135e+03 -5.210504e+03 0.000000e+00 0.000000e+00 0.000000e+00 -5.396312e+02 -5.383441e+02 2.272495e+03 1.414815e+03 0.000000e+00 0.000000e+00 0.000000e+00 0.000000e+00 0.000000e+00 0.000000e+00 0.000000e+00 0.000000e+00 0.000000e+00
9.470000e-01 0.000000e+00 -6.275320e+03 -5.190721e+03 0.000000e+00 0.000000e+00 0.000000e+00 -5.387939e+02 -5.375538e+02 2.271397e+03 1.412797e+03 0.000000e+00 0.000000e+00 0.000000e+00 0.000000e+00 0.000000e+00 0.000000e+00 0.000000e+00 0.000000e+00 0.000000e+00
9.480000e-01 0.000000e+00 -6.270212e+03 -5.170784e+03 0.000000e+00 0.000000e+00 0.000000e+00 -5.379288e+02 -5.367355e+02 2.270210e+03 1.410685e+03 0.000000e+00 0.000000e+00 0.000000e+00 0.000000e+00 0.000000e+00 0.000000e+00 0.000000e+00 0.000000e+00 0.000000e+00
9.490000e-01 0.000000e+00 -6.264814e+03 -5.150698e+03 0.000000e+00 0.000000e+00 0.000000e+00 -5.370364e+02 -5.358896e+02 2.268933e+03 1.408481e+03 0.000000e+00 0.000000e+00 0.000000e+00 0.000000e+00 0.000000e+00 0.000000e+00 0.000000e+00 0.000000e+00 0.000000e+00
9.500000e-01 0.000000e+00 -6.259132e+03 -5.130473e+03 0.000000e+00 0.000000e+00 0.000000e+00 -5.361174e+02 -5.350169e+02 2.267567e+03 1.406186e+03 0.000000e+00 0.000000e+00 0.000000e+00 0.000000e+00 0.000000e+00 0.000000e+00 0.000000e+00 0.000000e+00 0.000000e+00
9.510000e-01 0.000000e+00 -6.253170e+03 -5.110116e+03 0.000000e+00 0.000000e+00 0.000000e+00 -5.351723e+02 -5.341178e+02 2.266113e+03 1.403801e+03 0.000000e+00 0.000000e+00 0.000000e+00 0.000000e+00 0.000000e+00 0.000000e+00 0.000000e+00 0.000000e+00 0.000000e+00
9.520000e-01 0.000000e+00 -6.246934e+03 -5.089634e+03 0.000000e+00 0.000000e+00 0.000000e+00 -5.342019e+02 -5.331930e+02 2.264573e+03 1.401329e+03 0.000000e+00 0.000000e+00 0.000000e+00 0.000000e+00 0.000000e+00 0.000000e+00 0.000000e+00 0.000000e+00 0.000000e+00
9.530000e-01 0.000000e+00 -6.240428e+03 -5.069034e+03 0.000000e+00 0.000000e+00 0.000000e+00 -5.332067e+02 -5.322432e+02 2.262948e+03 1.398770e+03 0.000000e+00 0.000000e+00 0.000000e+00 0.000000e+00 0.000000e+00 0.000000e+00 0.000000e+00 0.000000e+00 0.000000e+00
9.540000e-01 0.000000e+00 -6.233658e+03 -5.048326e+03 0.000000e+00 0.000000e+00 0.000000e+00 -5.321874e+02 -5.312690e+02 2.261239e+03 1.396127e+03 0.000000e+00 0.000000e+00 0.000000e+00 0.000000e+00 0.000000e+00 0.000000e+00 0.000000e+00 0.000000e+00 0.000000e+00
9.550000e-01 0.000000e+00 -6.226630e+03 -5.027516e+03 0.000000e+00 0.000000e+00 0.000000e+00 -5.311448e+02 -5.302710e+02 2.259446e+03 1.393401e+03 0.000000e+00 0.000000e+00 0.000000e+00 0.000000e+00 0.000000e+00 0.000000e+00 0.000000e+00 0.000000e+00 0.000000e+00
9.560000e-01 0.000000e+00 -6.219349e+03 -5.006613e+03 0.000000e+00 0.000000e+00 0.000000e+00 -5.300796e+02 -5.292501e+02 2.257572e+03 1.390594e+03 0.000000e+00 0.000000e+00 0.000000e+00 0.000000e+00 0.000000e+00 0.000000e+00 0.000000e+00 0.000000e+00 0.000000e+00
9.570000e-01 0.000000e+00 -6.211820e+03 -4.985624e+03 0.000000e+00 0.000000e+00 0.000000e+00 -5.289925e+02 -5.282068e+02 2.255618e+03 1.387709e+03 0.000000e+00 0.000000e+00 0.000000e+00 0.000000e+00 0.000000e+00 0.000000e+00 0.000000e+00 0.000000e+00 0.000000e+00
9.580000e-01 0.000000e+00 -6.204050e+03 -4.964557e+03 0.000000e+00 0.000000e+00 0.000000e+00 -5.278842e+02 -5.271420e+02 2.253584e+03 1.384746e+03 0.000000e+00 0.000000e+00 0.000000e+00 0.000000e+00 0.000000e+00 0.000000e+00 0.000000e+00 0.000000e+00 0.000000e+00
9.590000e-01 0.000000e+00 -6.196046e+03 -4.943421e+03 0.000000e+00 0.000000e+00 0.000000e+00 -5.267555e+02 -5.260564e+02 2.251473e+03 1.381708e+03 0.000000e+00 0.000000e+00 0.000000e+00 0.000000e+00 0.000000e+00 0.000000e+00 0.000000e+00 0.000000e+00 0.000000e+00
9.600000e-01 0.000000e+00 -6.187812e+03 -4.922224e+03 0.000000e+00 0.000000e+00 0.000000e+00 -5.256073e+02 -5.249507e+02 2.249286e+03 1.378597e+03 0.000000e+00 0.000000e+00 0.000000e+00 0.000000e+00 0.000000e+00 0.000000e+00 0.000000e+00 0.000000e+00 0.000000e+00
9.610000e-01 0.000000e+00 -6.179356e+03 -4.900973e+03 0.000000e+00 0.000000e+00 0.000000e+00 -5.244402e+02 -5.238257e+02 2.247025e+03 1.375416e+03 0.000000e+00 0.000000e+00 0.000000e+00 0.000000e+00 0.000000e+00 0.000000e+00 0.000000e+00 0.000000e+00 0.000000e+00
9.620000e-01 0.000000e+00 -6.170684e+03 -4.879677e+03 0.000000e+00 0.000000e+00 0.000000e+00 -5.232552e+02 -5.226822e+02 2.244690e+03 1.372165e+03 0.000000e+00 0.000000e+00 0.000000e+00 0.000000e+00 0.000000e+00 0.000000e+00 0.000000e+00 0.000000e+00 0.000000e+00
9.630000e-01 0.000000e+00 -6.161802e+03 -4.858344e+03 0.000000e+00 0.000000e+00 0.000000e+00 -5.220530e+02 -5.215211e+02 2.242284e+03 1.368849e+03 0.000000e+00 0.000000e+00 0.000000e+00 0.000000e+00 0.000000e+00 0.000000e+00 0.000000e+00 0.000000e+00 0.000000e+00
9.640000e-01 0.000000e+00 -6.152718e+03 -4.836982e+03 0.000000e+00 0.000000e+00 0.000000e+00 -5.208345e+02 -5.203431e+02 2.239809e+03 1.365468e+03 0.000000e+00 0.000000e+00 0.000000e+00 0.000000e+00 0.000000e+00 0.000000e+00 0.000000e+00 0.000000e+00 0.000000e+00
9.650000e-01 0.000000e+00 -6.143438e+03 -4.815599e+03 0.000000e+00 0.000000e+00 0.000000e+00 -5.196005e+02 -5.191490e+02 2.237266e+03 1.362025e+03 0.000000e+00 0.000000e+00 0.000000e+00 0.000000e+00 0.000000e+00 0.000000e+00 0.000000e+00 0.000000e+00 0.000000e+00
9.660000e-01 0.000000e+00 -6.133969e+03 -4.794203e+03 0.000000e+00 0.000000e+00 0.000000e+00 -5.183518e+02 -5.179398e+02 2.234656e+03 1.358523e+03 0.000000e+00 0.000000e+00 0.000000e+00 0.000000e+00 0.000000e+00 0.000000e+00 0.000000e+00 0.000000e+00 0.000000e+00
9.670000e-01 0.000000e+00 -6.124319e+03 -4.772803e+03 0.000000e+00 0.000000e+00 0.000000e+00 -5.170895e+02 -5.167162e+02 2.231982e+03 1.354964e+03 0.000000e+00 0.000000e+00 0.000000e+00 0.000000e+00 0.000000e+00 0.000000e+00 0.000000e+00 0.000000e+00 0.000000e+00
9.680000e-01 0.000000e+00 -6.114493e+03 -4.751407e+03 0.000000e+00 0.000000e+00 0.000000e+00 -5.158143e+02 -5.154792e+02 2.229246e+03 1.351351e+03 0.000000e+00 0.000000e+00 0.000000e+00 0.000000e+00 0.000000e+00 0.000000e+00 0.000000e+00 0.000000e+00 0.000000e+00
9.690000e-01 0.000000e+00 -6.104500e+03 -4.730023e+03 0.000000e+00 0.000000e+00 0.000000e+00 -5.145271e+02 -5.142297e+02 2.226448e+03 1.347685e+03 0.000000e+00 0.000000e+00 0.000000e+00 0.000000e+00 0.000000e+00 0.000000e+00 0.000000e+00 0.000000e+00 0.000000e+00
9.700000e-01 0.000000e+00 -6.094347e+03 -4.708660e+03 0.000000e+00 0.000000e+00 0.000000e+00 -5.132289e+02 -5.129685e+02 2.223592e+03 1.343970e+03 0.000000e+00 0.000000e+00 0.000000e+00 0.000000e+00 0.000000e+00 0.000000e+00 0.000000e+00 0.000000e+00 0.000000e+00
9.710000e-01 0.000000e+00 -6.084040e+03 -4.687325e+03 0.000000e+00 0.000000e+00 0.000000e+00 -5.119206e+02 -5.116964e+02 2.220679e+03 1.340208e+03 0.000000e+00 0.000000e+00 0.000000e+00 0.000000e+00 0.000000e+00 0.000000e+00 0.000000e+00 0.000000e+00 0.000000e+00
9.720000e-01 0.000000e+00 -6.073589e+03 -4.666026e+03 0.000000e+00 0.000000e+00 0.000000e+00 -5.106030e+02 -5.104145e+02 2.217710e+03 1.336402e+03 0.000000e+00 0.000000e+00 0.000000e+00 0.000000e+00 0.000000e+00 0.000000e+00 0.000000e+00 0.000000e+00 0.000000e+00
9.730000e-01 0.000000e+00 -6.062999e+03 -4.644773e+03 0.000000e+00 0.000000e+00 0.000000e+00 -5.092771e+02 -5.091236e+02 2.214689e+03 1.332554e+03 0.000000e+00 0.000000e+00 0.000000e+00 0.000000e+00 0.000000e+00 0.000000e+00 0.000000e+00 0.000000e+00 0.000000e+00
9.740000e-01 0.000000e+00 -6.052278e+03 -4.623572e+03 0.000000e+00 0.000000e+00 0.000000e+00 -5.079439e+02 -5.078247e+02 2.211617e+03 1.328667e+03 0.000000e+00 0.000000e+00 0.000000e+00 0.000000e+00 0.000000e+00 0.000000e+00 0.000000e+00 0.000000e+00 0.000000e+00
9.750000e-01 0.000000e+00 -6.041434e+03 -4.602432e+03 0.000000e+00 0.000000e+00 0.000000e+00 -5.066042e+02 -5.065186e+02 2.208495e+03 1.324743e+03 0.000000e+00 0.000000e+00 0.000000e+00 0.000000e+00 0.000000e+00 0.000000e+00 0.000000e+00 0.000000e+00 0.000000e+00
9.760000e-01 0.000000e+00 -6.030475e+03 -4.581360e+03 0.000000e+00 0.000000e+00 0.000000e+00 -5.052589e+02 -5.052062e+02 2.205326e+03 1.320786e+03 0.000000e+00 0.000000e+00 0.000000e+00 0.000000e+00 0.000000e+00 0.000000e+00 0.000000e+00 0.000000e+00 0.000000e+00
9.770000e-01 0.000000e+00 -6.019408e+03 -4.560366e+03 0.000000e+00 0.000000e+00 0.000000e+00 -5.039091e+02 -5.038886e+02 2.202112e+03 1.316798e+03 0.000000e+00 0.000000e+00 0.000000e+00 0.000000e+00 0.000000e+00 0.000000e+00 0.000000e+00 0.000000e+00 0.000000e+00
9.780000e-01 0.000000e+00 -6.008240e+03 -4.539456e+03 0.000000e+00 0.000000e+00 0.000000e+00 -5.025556e+02 -5.025666e+02 2.198856e+03 1.312782e+03 0.000000e+00 0.000000e+00 0.000000e+00 0.000000e+00 0.000000e+00 0.000000e+00 0.000000e+00 0.000000e+00 0.000000e+00
9.790000e-01 0.000000e+00 -5.996980e+03 -4.518639e+03 0.000000e+00 0.000000e+00 0.000000e+00 -5.011994e+02 -5.012411e+02 2.195558e+03 1.308740e+03 0.000000e+00 0.000000e+00 0.000000e+00 0.000000e+00 0.000000e+00 0.000000e+00 0.000000e+00 0.000000e+00 0.000000e+00
9.800000e-01 0.000000e+00 -5.985635e+03 -4.497923e+03 0.000000e+00 0.000000e+00 0.000000e+00 -4.998414e+02 -4.999131e+02 2.192221e+03 1.304675e+03 0.000000e+00 0.000000e+00 0.000000e+00 0.000000e+00 0.000000e+00 0.000000e+00 0.000000e+00 0.000000e+00 0.000000e+00
9.810000e-01 0.000000e+00 -5.974213e+03 -4.477315e+03 0.000000e+00 0.000000e+00 0.000000e+00 -4.984826e+02 -4.985835e+02 2.188848e+03 1.300591e+03 0.000000e+00 0.000000e+00 0.000000e+00 0.000000e+00 0.000000e+00 0.000000e+00 0.000000e+00 0.000000e+00 0.000000e+00
9.820000e-01 0.000000e+00 -5.962720e+03 -4.456822e+03 0.000000e+00 0.000000e+00 0.000000e+00 -4.971239e+02 -4.972532e+02 2.185440e+03 1.296489e+03 0.000000e+00 0.000000e+00 0.000000e+00 0.000000e+00 0.000000e+00 0.000000e+00 0.000000e+00 0.000000e+00 0.000000e+00
9.830000e-01 0.000000e+00 -5.951166e+03 -4.436454e+03 0.000000e+00 0.000000e+00 0.000000e+00 -4.957661e+02 -4.959231e+02 2.181999e+03 1.292373e+03 0.000000e+00 0.000000e+00 0.000000e+00 0.000000e+00 0.000000e+00 0.000000e+00 0.000000e+00 0.000000e+00 0.000000e+00
9.840000e-01 0.000000e+00 -5.939558e+03 -4.416216e+03 0.000000e+00 0.000000e+00 0.000000e+00 -4.944104e+02 -4.945943e+02 2.178528e+03 1.288245e+03 0.000000e+00 0.000000e+00 0.000000e+00 0.000000e+00 0.000000e+00 0.000000e+00 0.000000e+00 0.000000e+00 0.000000e+00
9.850000e-01 0.000000e+00 -5.927903e+03 -4.396117e+03 0.000000e+00 0.000000e+00 0.000000e+00 -4.930575e+02 -4.932675e+02 2.175029e+03 1.284109e+03 0.000000e+00 0.000000e+00 0.000000e+00 0.000000e+00 0.000000e+00 0.000000e+00 0.000000e+00 0.000000e+00 0.000000e+00
9.860000e-01 0.000000e+00 -5.916209e+03 -4.376164e+03 0.000000e+00 0.000000e+00 0.000000e+00 -4.917084e+02 -4.919437e+02 2.171504e+03 1.279966e+03 0.000000e+00 0.000000e+00 0.000000e+00 0.000000e+00 0.000000e+00 0.000000e+00 0.000000e+00 0.000000e+00 0.000000e+00
9.870000e-01 0.000000e+00 -5.904483e+03 -4.356364e+03 0.000000e+00 0.000000e+00 0.000000e+00 -4.903640e+02 -4.906238e+02 2.167954e+03 1.275820e+03 0.000000e+00 0.000000e+00 0.000000e+00 0.000000e+00 0.000000e+00 0.000000e+00 0.000000e+00 0.000000e+00 0.000000e+00
9.880000e-01 0.000000e+00 -5.892733e+03 -4.336725e+03 0.000000e+00 0.000000e+00 0.000000e+00 -4.890252e+02 -4.893087e+02 2.164383e+03 1.271673e+03 0.000000e+00 0.000000e+00 0.000000e+00 0.000000e+00 0.000000e+00 0.000000e+00 0.000000e+00 0.000000e+00 0.000000e+00
9.890000e-01 0.000000e+00 -5.880967e+03 -4.317253e+03 0.000000e+00 0.000000e+00 0.000000e+00 -4.876929e+02 -4.879994e+02 2.160791e+03 1.267529e+03 0.000000e+00 0.000000e+00 0.000000e+00 0.000000e+00 0.000000e+00 0.000000e+00 0.000000e+00 0.000000e+00 0.000000e+00
9.900000e-01 0.000000e+00 -5.869192e+03 -4.297957e+03 0.000000e+00 0.000000e+00 0.000000e+00 -4.863681e+02 -4.866966e+02 2.157182e+03 1.263389e+03 0.000000e+00 0.000000e+00 0.000000e+00 0.000000e+00 0.000000e+00 0.000000e+00 0.000000e+00 0.000000e+00 0.000000e+00
9.910000e-01 0.000000e+00 -5.857416e+03 -4.278842e+03 0.000000e+00 0.000000e+00 0.000000e+00 -4.850515e+02 -4.854014e+02 2.153557e+03 1.259257e+03 0.000000e+00 0.000000e+00 0.000000e+00 0.000000e+00 0.000000e+00 0.000000e+00 0.000000e+00 0.000000e+00 0.000000e+00
9.920000e-01 0.000000e+00 -5.845645e+03 -4.259916e+03 0.000000e+00 0.000000e+00 0.000000e+00 -4.837442e+02 -4.841145e+02 2.149919e+03 1.255136e+03 0.000000e+00 0.000000e+00 0.000000e+00 0.000000e+00 0.000000e+00 0.000000e+00 0.000000e+00 0.000000e+00 0.000000e+00
9.930000e-01 0.000000e+00 -5.833887e+03 -4.241186e+03 0.000000e+00 0.000000e+00 0.000000e+00 -4.824469e+02 -4.828368e+02 2.146269e+03 1.251027e+03 0.000000e+00 0.000000e+00 0.000000e+00 0.000000e+00 0.000000e+00 0.000000e+00 0.000000e+00 0.000000e+00 0.000000e+00
9.940000e-01 0.000000e+00 -5.822150e+03 -4.222658e+03 0.000000e+00 0.000000e+00 0.000000e+00 -4.811606e+02 -4.815693e+02 2.142610e+03 1.246934e+03 0.000000e+00 0.000000e+00 0.000000e+00 0.000000e+00 0.000000e+00 0.000000e+00 0.000000e+00 0.000000e+00 0.000000e+00
9.950000e-01 0.000000e+00 -5.810441e+03 -4.204339e+03 0.000000e+00 0.000000e+00 0.000000e+00 -4.798859e+02 -4.803126e+02 2.138943e+03 1.242859e+03 0.000000e+00 0.000000e+00 0.000000e+00 0.000000e+00 0.000000e+00 0.000000e+00 0.000000e+00 0.000000e+00 0.000000e+00
9.960000e-01 0.000000e+00 -5.798766e+03 -4.186235e+03 0.000000e+00 0.000000e+00 0.000000e+00 -4.786239e+02 -4.790678e+02 2.135271e+03 1.238804e+03 0.000000e+00 0.000000e+00 0.000000e+00 0.000000e+00 0.000000e+00 0.000000e+00 0.000000e+00 0.000000e+00 0.000000e+00
9.970000e-01 0.000000e+00 -5.787132e+03 -4.168352e+03 0.000000e+00 0.000000e+00 0.000000e+00 -4.773753e+02 -4.778354e+02 2.131596e+03 1.234773e+03 0.000000e+00 0.000000e+00 0.000000e+00 0.000000e+00 0.000000e+00 0.000000e+00 0.000000e+00 0.000000e+00 0.000000e+00
9.980000e-01 0.000000e+00 -5.775547e+03 -4.150698e+03 0.000000e+00 0.000000e+00 0.000000e+00 -4.761408e+02 -4.766165e+02 2.127919e+03 1.230768e+03 0.000000e+00 0.000000e+00 0.000000e+00 0.000000e+00 0.000000e+00 0.000000e+00 0.000000e+00 0.000000e+00 0.000000e+00
9.990000e-01 0.000000e+00 -5.764018e+03 -4.133277e+03 0.000000e+00 0.000000e+00 0.000000e+00 -4.749214e+02 -4.754117e+02 2.124243e+03 1.226791e+03 0.000000e+00 0.000000e+00 0.000000e+00 0.000000e+00 0.000000e+00 0.000000e+00 0.000000e+00 0.000000e+00 0.000000e+00
1.000000e+00 0.000000e+00 -5.752550e+03 -4.116096e+03 0.000000e+00 0.000000e+00 0.000000e+00 -4.737177e+02 -4.742218e+02 2.120569e+03 1.222845e+03 0.000000e+00 0.000000e+00 0.000000e+00 0.000000e+00 0.000000e+00 0.000000e+00 0.000000e+00 0.000000e+00 0.000000e+00
1.001000e+00 0.000000e+00 -5.741152e+03 -4.099160e+03 0.000000e+00 0.000000e+00 0.000000e+00 -4.725305e+02 -4.730476e+02 2.116900e+03 1.218932e+03 0.000000e+00 0.000000e+00 0.000000e+00 0.000000e+00 0.000000e+00 0.000000e+00 0.000000e+00 0.000000e+00 0.000000e+00
1.002000e+00 0.000000e+00 -5.729828e+03 -4.082476e+03 0.000000e+00 0.000000e+00 0.000000e+00 -4.713605e+02 -4.718898e+02 2.113237e+03 1.215055e+03 0.000000e+00 0.000000e+00 0.000000e+00 0.000000e+00 0.000000e+00 0.000000e+00 0.000000e+00 0.000000e+00 0.000000e+00
1.003000e+00 0.000000e+00 -5.718586e+03 -4.066049e+03 0.000000e+00 0.000000e+00 0.000000e+00 -4.702085e+02 -4.707491e+02 2.109582e+03 1.211215e+03 0.000000e+00 0.000000e+00 0.000000e+00 0.000000e+00 0.000000e+00 0.000000e+00 0.000000e+00 0.000000e+00 0.000000e+00
1.004000e+00 0.000000e+00 -5.707432e+03 -4.049884e+03 0.000000e+00 0.000000e+00 0.000000e+00 -4.690751e+02 -4.696263e+02 2.105938e+03 1.207415e+03 0.000000e+00 0.000000e+00 0.000000e+00 0.000000e+00 0.000000e+00 0.000000e+00 0.000000e+00 0.000000e+00 0.000000e+00
1.005000e+00 0.000000e+00 -5.696373e+03 -4.033986e+03 0.000000e+00 0.000000e+00 0.000000e+00 -4.679611e+02 -4.685220e+02 2.102305e+03 1.203658e+03 0.000000e+00 0.000000e+00 0.000000e+00 0.000000e+00 0.000000e+00 0.000000e+00 0.000000e+00 0.000000e+00 0.000000e+00
1.006000e+00 0.000000e+00 -5.685413e+03 -4.018361e+03 0.000000e+00 0.000000e+00 0.000000e+00 -4.668672e+02 -4.674369e+02 2.098686e+03 1.199945e+03 0.000000e+00 0.000000e+00 0.000000e+00 0.000000e+00 0.000000e+00 0.000000e+00 0.000000e+00 0.000000e+00 0.000000e+00
1.007000e+00 0.000000e+00 -5.674560e+03 -4.003014e+03 0.000000e+00 0.000000e+00 0.000000e+00 -4.657938e+02 -4.663716e+02 2.095082e+03 1.196279e+03 0.000000e+00 0.000000e+00 0.000000e+00 0.000000e+00 0.000000e+00 0.000000e+00 0.000000e+00 0.000000e+00 0.000000e+00
1.008000e+00 0.000000e+00 -5.663820e+03 -3.987949e+03 0.000000e+00 0.000000e+00 0.000000e+00 -4.647418e+02 -4.653269e+02 2.091496e+03 1.192661e+03 0.000000e+00 0.000000e+00 0.000000e+00 0.000000e+00 0.000000e+00 0.000000e+00 0.000000e+00 0.000000e+00 0.000000e+00
1.009000e+00 0.000000e+00 -5.653197e+03 -3.973172e+03 0.000000e+00 0.000000e+00 0.000000e+00 -4.637117e+02 -4.643032e+02 2.087928e+03 1.189094e+03 0.000000e+00 0.000000e+00 0.000000e+00 0.000000e+00 0.000000e+00 0.000000e+00 0.000000e+00 0.000000e+00 0.000000e+00
1.010000e+00 0.000000e+00 -5.642698e+03 -3.958687e+03 0.000000e+00 0.000000e+00 0.000000e+00 -4.627040e+02 -4.633012e+02 2.084381e+03 1.185579e+03 0.000000e+00 0.000000e+00 0.000000e+00 0.000000e+00 0.000000e+00 0.000000e+00 0.000000e+00 0.000000e+00 0.000000e+00
1.011000e+00 0.000000e+00 -5.632328e+03 -3.944498e+03 0.000000e+00 0.000000e+00 0.000000e+00 -4.617195e+02 -4.623215e+02 2.080857e+03 1.182119e+03 0.000000e+00 0.000000e+00 0.000000e+00 0.000000e+00 0.000000e+00 0.000000e+00 0.000000e+00 0.000000e+00 0.000000e+00
1.012000e+00 0.000000e+00 -5.622093e+03 -3.930610e+03 0.000000e+00 0.000000e+00 0.000000e+00 -4.607586e+02 -4.613647e+02 2.077355e+03 1.178715e+03 0.000000e+00 0.000000e+00 0.000000e+00 0.000000e+00 0.000000e+00 0.000000e+00 0.000000e+00 0.000000e+00 0.000000e+00
1.013000e+00 0.000000e+00 -5.611998e+03 -3.917028e+03 0.000000e+00 0.000000e+00 0.000000e+00 -4.598218e+02 -4.604312e+02 2.073880e+03 1.175370e+03 0.000000e+00 0.000000e+00 0.000000e+00 0.000000e+00 0.000000e+00 0.000000e+00 0.000000e+00 0.000000e+00 0.000000e+00
1.014000e+00 0.000000e+00 -5.602048e+03 -3.903754e+03 0.000000e+00 0.000000e+00 0.000000e+00 -4.589098e+02 -4.595217e+02 2.070431e+03 1.172084e+03 0.000000e+00 0.000000e+00 0.000000e+00 0.000000e+00 0.000000e+00 0.000000e+00 0.000000e+00 0.000000e+00 0.000000e+00
1.015000e+00 0.000000e+00 -5.592249e+03 -3.890794e+03 0.000000e+00 0.000000e+00 0.000000e+00 -4.580229e+02 -4.586365e+02 2.067010e+03 1.168861e+03 0.000000e+00 0.000000e+00 0.000000e+00 0.000000e+00 0.000000e+00 0.000000e+00 0.000000e+00 0.000000e+00 0.000000e+00
1.016000e+00 0.000000e+00 -5.582604e+03 -3.878151e+03 0.000000e+00 0.000000e+00 0.000000e+00 -4.571617e+02 -4.577763e+02 2.063619e+03 1.165700e+03 0.000000e+00 0.000000e+00 0.000000e+00 0.000000e+00 0.000000e+00 0.000000e+00 0.000000e+00 0.000000e+00 0.000000e+00
1.017000e+00 0.000000e+00 -5.573119e+03 -3.865829e+03 0.000000e+00 0.000000e+00 0.000000e+00 -4.563266e+02 -4.569413e+02 2.060259e+03 1.162604e+03 0.000000e+00 0.000000e+00 0.000000e+00 0.000000e+00 0.000000e+00 0.000000e+00 0.000000e+00 0.000000e+00 0.000000e+00
1.018000e+00 0.000000e+00 -5.563799e+03 -3.853831e+03 0.000000e+00 0.000000e+00 0.000000e+00 -4.555180e+02 -4.561322e+02 2.056932e+03 1.159575e+03 0.000000e+00 0.000000e+00 0.000000e+00 0.000000e+00 0.000000e+00 0.000000e+00 0.000000e+00 0.000000e+00 0.000000e+00
1.019000e+00 0.000000e+00 -5.554648e+03 -3.842160e+03 0.000000e+00 0.000000e+00 0.000000e+00 -4.547363e+02 -4.553492e+02 2.053638e+03 1.156613e+03 0.000000e+00 0.000000e+00 0.000000e+00 0.000000e+00 0.000000e+00 0.000000e+00 0.000000e+00 0.000000e+00 0.000000e+00
1.020000e+00 0.000000e+00 -5.545670e+03 -3.830819e+03 0.000000e+00 0.000000e+00 0.000000e+00 -4.539820e+02 -4.545928e+02 2.050380e+03 1.153720e+03 0.000000e+00 0.000000e+00 0.000000e+00 0.000000e+00 0.000000e+00 0.000000e+00 0.000000e+00 0.000000e+00 0.000000e+00
1.021000e+00 0.000000e+00 -5.536869e+03 -3.819813e+03 0.000000e+00 0.000000e+00 0.000000e+00 -4.532552e+02 -4.538633e+02 2.047158e+03 1.150898e+03 0.000000e+00 0.000000e+00 0.000000e+00 0.000000e+00 0.000000e+00 0.000000e+00 0.000000e+00 0.000000e+00 0.000000e+00
1.022000e+00 0.000000e+00 -5.528250e+03 -3.809143e+03 0.000000e+00 0.000000e+00 0.000000e+00 -4.525565e+02 -4.531611e+02 2.043973e+03 1.148147e+03 0.000000e+00 0.000000e+00 0.000000e+00 0.000000e+00 0.000000e+00 0.000000e+00 0.000000e+00 0.000000e+00 0.000000e+00
1.023000e+00 0.000000e+00 -5.519817e+03 -3.798812e+03 0.000000e+00 0.000000e+00 0.000000e+00 -4.518861e+02 -4.524864e+02 2.040828e+03 1.145470e+03 0.000000e+00 0.000000e+00 0.000000e+00 0.000000e+00 0.000000e+00 0.000000e+00 0.000000e+00 0.000000e+00 0.000000e+00
1.024000e+00 0.000000e+00 -5.511574e+03 -3.788823e+03 0.000000e+00 0.000000e+00 0.000000e+00 -4.512442e+02 -4.518396e+02 2.037722e+03 1.142866e+03 0.000000e+00 0.000000e+00 0.000000e+00 0.000000e+00 0.000000e+00 0.000000e+00 0.000000e+00 0.000000e+00 0.000000e+00
1.025000e+00 0.000000e+00 -5.503523e+03 -3.779178e+03 0.000000e+00 0.000000e+00 0.000000e+00 -4.506312e+02 -4.512210e+02 2.034657e+03 1.140337e+03 0.000000e+00 0.000000e+00 0.000000e+00 0.000000e+00 0.000000e+00 0.000000e+00 0.000000e+00 0.000000e+00 0.000000e+00
1.026000e+00 0.000000e+00 -5.495670e+03 -3.769879e+03 0.000000e+00 0.000000e+00 0.000000e+00 -4.500473e+02 -4.506307e+02 2.031634e+03 1.137884e+03 0.000000e+00 0.000000e+00 0.000000e+00 0.000000e+00 0.000000e+00 0.000000e+00 0.000000e+00 0.000000e+00 0.000000e+00
1.027000e+00 0.000000e+00 -5.488016e+03 -3.760930e+03 0.000000e+00 0.000000e+00 0.000000e+00 -4.494926e+02 -4.500691e+02 2.028655e+03 1.135508e+03 0.000000e+00 0.000000e+00 0.000000e+00 0.000000e+00 0.000000e+00 0.000000e+00 0.000000e+00 0.000000e+00 0.000000e+00
1.028000e+00 0.000000e+00 -5.480566e+03 -3.752330e+03 0.000000e+00 0.000000e+00 0.000000e+00 -4.489675e+02 -4.495362e+02 2.025719e+03 1.133210e+03 0.000000e+00 0.000000e+00 0.000000e+00 0.000000e+00 0.000000e+00 0.000000e+00 0.000000e+00 0.000000e+00 0.000000e+00
1.029000e+00 0.000000e+00 -5.473323e+03 -3.744084e+03 0.000000e+00 0.000000e+00 0.000000e+00 -4.484720e+02 -4.490324e+02 2.022828e+03 1.130990e+03 0.000000e+00 0.000000e+00 0.000000e+00 0.000000e+00 0.000000e+00 0.000000e+00 0.000000e+00 0.000000e+00 0.000000e+00
1.030000e+00 0.000000e+00 -5.466289e+03 -3.736191e+03 0.000000e+00 0.000000e+00 0.000000e+00 -4.480063e+02 -4.485577e+02 2.019983e+03 1.128849e+03 0.000000e+00 0.000000e+00 0.000000e+00 0.000000e+00 0.000000e+00 0.000000e+00 0.000000e+00 0.000000e+00 0.000000e+00
1.031000e+00 0.000000e+00 -5.459468e+03 -3.728654e+03 0.000000e+00 0.000000e+00 0.000000e+00 -4.475705e+02 -4.481124e+02 2.017185e+03 1.126789e+03 0.000000e+00 0.000000e+00 0.000000e+00 0.000000e+00 0.000000e+00 0.000000e+00 0.000000e+00 0.000000e+00 0.000000e+00
1.032000e+00 0.000000e+00 -5.452862e+03 -3.721475e+03 0.000000e+00 0.000000e+00 0.000000e+00 -4.471648e+02 -4.476964e+02 2.014434e+03 1.124808e+03 0.000000e+00 0.000000e+00 0.000000e+00 0.000000e+00 0.000000e+00 0.000000e+00 0.000000e+00 0.000000e+00 0.000000e+00
1.033000e+00 0.000000e+00 -5.446475e+03 -3.714654e+03 0.000000e+00 0.000000e+00 0.000000e+00 -4.467892e+02 -4.473100e+02 2.011731e+03 1.122909e+03 0.000000e+00 0.000000e+00 0.000000e+00 0.000000e+00 0.000000e+00 0.000000e+00 0.000000e+00 0.000000e+00 0.000000e+00
1.034000e+00 0.000000e+00 -5.440307e+03 -3.708193e+03 0.000000e+00 0.000000e+00 0.000000e+00 -4.464439e+02 -4.469532e+02 2.009077e+03 1.121092e+03 0.000000e+00 0.000000e+00 0.000000e+00 0.000000e+00 0.000000e+00 0.000000e+00 0.000000e+00 0.000000e+00 0.000000e+00
1.035000e+00 0.000000e+00 -5.434363e+03 -3.702092e+03 0.000000e+00 0.000000e+00 0.000000e+00 -4.461288e+02 -4.466261e+02 2.006473e+03 1.119356e+03 0.000000e+00 0.000000e+00 0.000000e+00 0.000000e+00 0.000000e+00 0.000000e+00 0.000000e+00 0.000000e+00 0.000000e+00
1.036000e+00 0.000000e+00 -5.428644e+03 -3.696354e+03 0.000000e+00 0.000000e+00 0.000000e+00 -4.458440e+02 -4.463286e+02 2.003920e+03 1.117703e+03 0.000000e+00 0.000000e+00 0.000000e+00 0.000000e+00 0.000000e+00 0.000000e+00 0.000000e+00 0.000000e+00 0.000000e+00
1.037000e+00 0.000000e+00 -5.423153e+03 -3.690978e+03 0.000000e+00 0.000000e+00 0.000000e+00 -4.455895e+02 -4.460609e+02 2.001417e+03 1.116132e+03 0.000000e+00 0.000000e+00 0.000000e+00 0.000000e+00 0.000000e+00 0.000000e+00 0.000000e+00 0.000000e+00 0.000000e+00
1.038000e+00 0.000000e+00 -5.417891e+03 -3.685966e+03 0.000000e+00 0.000000e+00 0.000000e+00 -4.453653e+02 -4.458229e+02 1.998965e+03 1.114645e+03 0.000000e+00 0.000000e+00 0.000000e+00 0.000000e+00 0.000000e+00 0.000000e+00 0.000000e+00 0.000000e+00 0.000000e+00
1.039000e+00 0.000000e+00 -5.412860e+03 -3.681317e+03 0.000000e+00 0.000000e+00 0.000000e+00 -4.451712e+02 -4.456145e+02 1.996566e+03 1.113240e+03 0.000000e+00 0.000000e+00 0.000000e+00 0.000000e+00 0.000000e+00 0.000000e+00 0.000000e+00 0.000000e+00 0.000000e+00
1.040000e+00 0.000000e+00 -5.408062e+03 -3.677032e+03 0.000000e+00 0.000000e+00 0.000000e+00 -4.450073e+02 -4.454357e+02 1.994219e+03 1.111918e+03 0.000000e+00 0.000000e+00 0.000000e+00 0.000000e+00 0.000000e+00 0.000000e+00 0.000000e+00 0.000000e+00 0.000000e+00
1.041000e+00 0.000000e+00 -5.403500e+03 -3.673111e+03 0.000000e+00 0.000000e+00 0.000000e+00 -4.448735e+02 -4.452865e+02 1.991925e+03 1.110679e+03 0.000000e+00 0.000000e+00 0.000000e+00 0.000000e+00 0.000000e+00 0.000000e+00 0.000000e+00 0.000000e+00 0.000000e+00
1.042000e+00 0.000000e+00 -5.399173e+03 -3.669555e+03 0.000000e+00 0.000000e+00 0.000000e+00 -4.447696e+02 -4.451666e+02 1.989684e+03 1.109524e+03 0.000000e+00 0.000000e+00 0.000000e+00 0.000000e+00 0.000000e+00 0.000000e+00 0.000000e+00 0.000000e+00 0.000000e+00
1.043000e+00 0.000000e+00 -5.395084e+03 -3.666363e+03 0.000000e+00 0.000000e+00 0.000000e+00 -4.446955e+02 -4.450761e+02 1.987498e+03 1.108451e+03 0.000000e+00 0.000000e+00 0.000000e+00 0.000000e+00 0.000000e+00 0.000000e+00 0.000000e+00 0.000000e+00 0.000000e+00
1.044000e+00 0.000000e+00 -5.391234e+03 -3.663535e+03 0.000000e+00 0.000000e+00 0.000000e+00 -4.446511e+02 -4.450148e+02 1.985365e+03 1.107462e+03 0.000000e+00 0.000000e+00 0.000000e+00 0.000000e+00 0.000000e+00 0.000000e+00 0.000000e+00 0.000000e+00 0.000000e+00
1.045000e+00 0.000000e+00 -5.387624e+03 -3.661071e+03 0.000000e+00 0.000000e+00 0.000000e+00 -4.446362e+02 -4.449825e+02 1.983287e+03 1.106555e+03 0.000000e+00 0.000000e+00 0.000000e+00 0.000000e+00 0.000000e+00 0.000000e+00 0.000000e+00 0.000000e+00 0.000000e+00
1.046000e+00 0.000000e+00 -5.384256e+03 -3.658970e+03 0.000000e+00 0.000000e+00 0.000000e+00 -4.446507e+02 -4.449791e+02 1.981263e+03 1.105731e+03 0.000000e+00 0.000000e+00 0.000000e+00 0.000000e+00 0.000000e+00 0.000000e+00 0.000000e+00 0.000000e+00 0.000000e+00
1.047000e+00 0.000000e+00 -5.381130e+03 -3.657233e+03 0.000000e+00 0.000000e+00 0.000000e+00 -4.446942e+02 -4.450043e+02 1.979294e+03 1.104989e+03 0.000000e+00 0.000000e+00 0.000000e+00 0.000000e+00 0.000000e+00 0.000000e+00 0.000000e+00 0.000000e+00 0.000000e+00
1.048000e+00 0.000000e+00 -5.378247e+03 -3.655857e+03 0.000000e+00 0.000000e+00 0.000000e+00 -4.447665e+02 -4.450579e+02 1.977380e+03 1.104328e+03 0.000000e+00 0.000000e+00 0.000000e+00 0.000000e+00 0.000000e+00 0.000000e+00 0.000000e+00 0.000000e+00 0.000000e+00
1.049000e+00 0.000000e+00 -5.375607e+03 -3.654843e+03 0.000000e+00 0.000000e+00 0.000000e+00 -4.448675e+02 -4.451397e+02 1.975522e+03 1.103749e+03 0.000000e+00 0.000000e+00 0.000000e+00 0.000000e+00 0.000000e+00 0.000000e+00 0.000000e+00 0.000000e+00 0.000000e+00
1.050000e+00 0.000000e+00 -5.373212e+03 -3.654190e+03 0.000000e+00 0.000000e+00 0.000000e+00 -4.449969e+02 -4.452494e+02 1.973719e+03 1.103251e+03 0.000000e+00 0.000000e+00 0.000000e+00 0.000000e+00 0.000000e+00 0.000000e+00 0.000000e+00 0.000000e+00 0.000000e+00
1.051000e+00 0.000000e+00 -5.371063e+03 -3.653896e+03 0.000000e+00 0.000000e+00 0.000000e+00 -4.451543e+02 -4.453869e+02 1.971972e+03 1.102833e+03 0.000000e+00 0.000000e+00 0.000000e+00 0.000000e+00 0.000000e+00 0.000000e+00 0.000000e+00 0.000000e+00 0.000000e+00
1.052000e+00 0.000000e+00 -5.369158e+03 -3.653961e+03 0.000000e+00 0.000000e+00 0.000000e+00 -4.453396e+02 -4.455518e+02 1.970280e+03 1.102496e+03 0.000000e+00 0.000000e+00 0.000000e+00 0.000000e+00 0.000000e+00 0.000000e+00 0.000000e+00 0.000000e+00 0.000000e+00
1.053000e+00 0.000000e+00 -5.367500e+03 -3.654384e+03 0.000000e+00 0.000000e+00 0.000000e+00 -4.455523e+02 -4.457437e+02 1.968644e+03 1.102237e+03 0.000000e+00 0.000000e+00 0.000000e+00 0.000000e+00 0.000000e+00 0.000000e+00 0.000000e+00 0.000000e+00 0.000000e+00
1.054000e+00 0.000000e+00 -5.366087e+03 -3.655162e+03 0.000000e+00 0.000000e+00 0.000000e+00 -4.457922e+02 -4.459625e+02 1.967063e+03 1.102057e+03 0.000000e+00 0.000000e+00 0.000000e+00 0.000000e+00 0.000000e+00 0.000000e+00 0.000000e+00 0.000000e+00 0.000000e+00
1.055000e+00 0.000000e+00 -5.364921e+03 -3.656296e+03 0.000000e+00 0.000000e+00 0.000000e+00 -4.460589e+02 -4.462078e+02 1.965539e+03 1.101955e+03 0.000000e+00 0.000000e+00 0.000000e+00 0.000000e+00 0.000000e+00 0.000000e+00 0.000000e+00 0.000000e+00 0.000000e+00
1.056000e+00 0.000000e+00 -5.364001e+03 -3.657783e+03 0.000000e+00 0.000000e+00 0.000000e+00 -4.463521e+02 -4.464791e+02 1.964069e+03 1.101931e+03 0.000000e+00 0.000000e+00 0.000000e+00 0.000000e+00 0.000000e+00 0.000000e+00 0.000000e+00 0.000000e+00 0.000000e+00
1.057000e+00 0.000000e+00 -5.363328e+03 -3.659621e+03 0.000000e+00 0.000000e+00 0.000000e+00 -4.466714e+02 -4.467763e+02 1.962656e+03 1.101982e+03 0.000000e+00 0.000000e+00 0.000000e+00 0.000000e+00 0.000000e+00 0.000000e+00 0.000000e+00 0.000000e+00 0.000000e+00
1.058000e+00 0.000000e+00 -5.362901e+03 -3.661810e+03 0.000000e+00 0.000000e+00 0.000000e+00 -4.470164e+02 -4.470989e+02 1.961297e+03 1.102110e+03 0.000000e+00 0.000000e+00 0.000000e+00 0.000000e+00 0.000000e+00 0.000000e+00 0.000000e+00 0.000000e+00 0.000000e+00
1.059000e+00 0.000000e+00 -5.362720e+03 -3.664347e+03 0.000000e+00 0.000000e+00 0.000000e+00 -4.473867e+02 -4.474464e+02 1.959994e+03 1.102311e+03 0.000000e+00 0.000000e+00 0.000000e+00 0.000000e+00 0.000000e+00 0.000000e+00 0.000000e+00 0.000000e+00 0.000000e+00
1.060000e+00 0.000000e+00 -5.362784e+03 -3.667231e+03 0.000000e+00 0.000000e+00 0.000000e+00 -4.477818e+02 -4.478186e+02 1.958746e+03 1.102587e+03 0.000000e+00 0.000000e+00 0.000000e+00 0.000000e+00 0.000000e+00 0.000000e+00 0.000000e+00 0.000000e+00 0.000000e+00
1.061000e+00 0.000000e+00 -5.363094e+03 -3.670459e+03 0.000000e+00 0.000000e+00 0.000000e+00 -4.482014e+02 -4.482149e+02 1.957553e+03 1.102936e+03 0.000000e+00 0.000000e+00 0.000000e+00 0.000000e+00 0.000000e+00 0.000000e+00 0.000000e+00 0.000000e+00 0.000000e+00
1.062000e+00 0.000000e+00 -5.363649e+03 -3.674029e+03 0.000000e+00 0.000000e+00 0.000000e+00 -4.486450e+02 -4.486349e+02 1.956415e+03 1.103356e+03 0.000000e+00 0.000000e+00 0.000000e+00 0.000000e+00 0.000000e+00 0.000000e+00 0.000000e+00 0.000000e+00 0.000000e+00
1.063000e+00 0.000000e+00 -5.364448e+03 -3.677940e+03 0.000000e+00 0.000000e+00 0.000000e+00 -4.491121e+02 -4.490783e+02 1.955331e+03 1.103847e+03 0.000000e+00 0.000000e+00 0.000000e+00 0.000000e+00 0.000000e+00 0.000000e+00 0.000000e+00 0.000000e+00 0.000000e+00
1.064000e+00 0.000000e+00 -5.365490e+03 -3.682189e+03 0.000000e+00 0.000000e+00 0.000000e+00 -4.496023e+02 -4.495445e+02 1.954302e+03 1.104408e+03 0.000000e+00 0.000000e+00 0.000000e+00 0.000000e+00 0.000000e+00 0.000000e+00 0.000000e+00 0.000000e+00 0.000000e+00
1.065000e+00 0.000000e+00 -5.366776e+03 -3.686773e+03 0.000000e+00 0.000000e+00 0.000000e+00 -4.501150e+02 -4.500330e+02 1.953326e+03 1.105038e+03 0.000000e+00 0.000000e+00 0.000000e+00 0.000000e+00 0.000000e+00 0.000000e+00 0.000000e+00 0.000000e+00 0.000000e+00
1.066000e+00 0.000000e+00 -5.368304e+03 -3.691691e+03 0.000000e+00 0.000000e+00 0.000000e+00 -4.506498e+02 -4.505434e+02 1.952404e+03 1.105735e+03 0.000000e+00 0.000000e+00 0.000000e+00 0.000000e+00 0.000000e+00 0.000000e+00 0.000000e+00 0.000000e+00 0.000000e+00
1.067000e+00 0.000000e+00 -5.370073e+03 -3.696940e+03 0.000000e+00 0.000000e+00 0.000000e+00 -4.512062e+02 -4.510752e+02 1.951536e+03 1.106498e+03 0.000000e+00 0.000000e+00 0.000000e+00 0.000000e+00 0.000000e+00 0.000000e+00 0.000000e+00 0.000000e+00 0.000000e+00
1.068000e+00 0.000000e+00 -5.372083e+03 -3.702517e+03 0.000000e+00 0.000000e+00 0.000000e+00 -4.517835e+02 -4.516279e+02 1.950720e+03 1.107327e+03 0.000000e+00 0.000000e+00 0.000000e+00 0.000000e+00 0.000000e+00 0.000000e+00 0.000000e+00 0.000000e+00 0.000000e+00
1.069000e+00 0.000000e+00 -5.374332e+03 -3.708419e+03 0.000000e+00 0.000000e+00 0.000000e+00 -4.523814e+02 -4.522008e+02 1.949957e+03 1.108219e+03 0.000000e+00 0.000000e+00 0.000000e+00 0.000000e+00 0.000000e+00 0.000000e+00 0.000000e+00 0.000000e+00 0.000000e+00
1.070000e+00 0.000000e+00 -5.376820e+03 -3.714645e+03 0.000000e+00 0.000000e+00 0.000000e+00 -4.529992e+02 -4.527936e+02 1.949246e+03 1.109174e+03 0.000000e+00 0.000000e+00 0.000000e+00 0.000000e+00 0.000000e+00 0.000000e+00 0.000000e+00 0.000000e+00 0.000000e+00
1.071000e+00 0.000000e+00 -5.379545e+03 -3.721190e+03 0.000000e+00 0.000000e+00 0.000000e+00 -4.536364e+02 -4.534057e+02 1.948586e+03 1.110190e+03 0.000000e+00 0.000000e+00 0.000000e+00 0.000000e+00 0.000000e+00 0.000000e+00 0.000000e+00 0.000000e+00 0.000000e+00
1.072000e+00 0.000000e+00 -5.382506e+03 -3.728054e+03 0.000000e+00 0.000000e+00 0.000000e+00 -4.542925e+02 -4.540366e+02 1.947978e+03 1.111266e+03 0.000000e+00 0.000000e+00 0.000000e+00 0.000000e+00 0.000000e+00 0.000000e+00 0.000000e+00 0.000000e+00 0.000000e+00
1.073000e+00 0.000000e+00 -5.385702e+03 -3.735231e+03 0.000000e+00 0.000000e+00 0.000000e+00 -4.549669e+02 -4.546856e+02 1.947421e+03 1.112400e+03 0.000000e+00 0.000000e+00 0.000000e+00 0.000000e+00 0.000000e+00 0.000000e+00 0.000000e+00 0.000000e+00 0.000000e+00
1.074000e+00 0.000000e+00 -5.389131e+03 -3.742721e+03 0.000000e+00 0.000000e+00 0.000000e+00 -4.556590e+02 -4.553523e+02 1.946915e+03 1.113592e+03 0.000000e+00 0.000000e+00 0.000000e+00 0.000000e+00 0.000000e+00 0.000000e+00 0.000000e+00 0.000000e+00 0.000000e+00
1.075000e+00 0.000000e+00 -5.392793e+03 -3.750519e+03 0.000000e+00 0.000000e+00 0.000000e+00 -4.563682e+02 -4.560360e+02 1.946458e+03 1.114840e+03 0.000000e+00 0.000000e+00 0.000000e+00 0.000000e+00 0.000000e+00 0.000000e+00 0.000000e+00 0.000000e+00 0.000000e+00
1.076000e+00 0.000000e+00 -5.396685e+03 -3.758623e+03 0.000000e+00 0.000000e+00 0.000000e+00 -4.570940e+02 -4.567363e+02 1.946051e+03 1.116142e+03 0.000000e+00 0.000000e+00 0.000000e+00 0.000000e+00 0.000000e+00 0.000000e+00 0.000000e+00 0.000000e+00 0.000000e+00
1.077000e+00 0.000000e+00 -5.400807e+03 -3.767030e+03 0.000000e+00 0.000000e+00 0.000000e+00 -4.578357e+02 -4.574524e+02 1.945692e+03 1.117498e+03 0.000000e+00 0.000000e+00 0.000000e+00 0.000000e+00 0.000000e+00 0.000000e+00 0.000000e+00 0.000000e+00 0.000000e+00
1.078000e+00 0.000000e+00 -5.405156e+03 -3.775736e+03 0.000000e+00 0.000000e+00 0.000000e+00 -4.585927e+02 -4.581839e+02 1.945382e+03 1.118905e+03 0.000000e+00 0.000000e+00 0.000000e+00 0.000000e+00 0.000000e+00 0.000000e+00 0.000000e+00 0.000000e+00 0.000000e+00
1.079000e+00 0.000000e+00 -5.409732e+03 -3.784738e+03 0.000000e+00 0.000000e+00 0.000000e+00 -4.593645e+02 -4.589300e+02 1.945120e+03 1.120362e+03 0.000000e+00 0.000000e+00 0.000000e+00 0.000000e+00 0.000000e+00 0.000000e+00 0.000000e+00 0.000000e+00 0.000000e+00
1.080000e+00 0.000000e+00 -5.414532e+03 -3.794033e+03 0.000000e+00 0.000000e+00 0.000000e+00 -4.601504e+02 -4.596903e+02 1.944905e+03 1.121867e+03 0.000000e+00 0.000000e+00 0.000000e+00 0.000000e+00 0.000000e+00 0.000000e+00 0.000000e+00 0.000000e+00 0.000000e+00
1.081000e+00 0.000000e+00 -5.419555e+03 -3.803618e+03 0.000000e+00 0.000000e+00 0.000000e+00 -4.609498e+02 -4.604642e+02 1.944737e+03 1.123420e+03 0.000000e+00 0.000000e+00 0.000000e+00 0.000000e+00 0.000000e+00 0.000000e+00 0.000000e+00 0.000000e+00 0.000000e+00
1.082000e+00 0.000000e+00 -5.424799e+03 -3.813489e+03 0.000000e+00 0.000000e+00 0.000000e+00 -4.617620e+02 -4.612508e+02 1.944614e+03 1.125018e+03 0.000000e+00 0.000000e+00 0.000000e+00 0.000000e+00 0.000000e+00 0.000000e+00 0.000000e+00 0.000000e+00 0.000000e+00
1.083000e+00 0.000000e+00 -5.430262e+03 -3.823643e+03 0.000000e+00 0.000000e+00 0.000000e+00 -4.625865e+02 -4.620498e+02 1.944537e+03 1.126660e+03 0.000000e+00 0.000000e+00 0.000000e+00 0.000000e+00 0.000000e+00 0.000000e+00 0.000000e+00 0.000000e+00 0.000000e+00
1.084000e+00 0.000000e+00 -5.435942e+03 -3.834077e+03 0.000000e+00 0.000000e+00 0.000000e+00 -4.634225e+02 -4.628604e+02 1.944505e+03 1.128345e+03 0.000000e+00 0.000000e+00 0.000000e+00 0.000000e+00 0.000000e+00 0.000000e+00 0.000000e+00 0.000000e+00 0.000000e+00
1.085000e+00 0.000000e+00 -5.441839e+03 -3.844786e+03 0.000000e+00 0.000000e+00 0.000000e+00 -4.642695e+02 -4.636820e+02 1.944518e+03 1.130070e+03 0.000000e+00 0.000000e+00 0.000000e+00 0.000000e+00 0.000000e+00 0.000000e+00 0.000000e+00 0.000000e+00 0.000000e+00
1.086000e+00 0.000000e+00 -5.447948e+03 -3.855768e+03 0.000000e+00 0.000000e+00 0.000000e+00 -4.651267e+02 -4.645140e+02 1.944573e+03 1.131835e+03 0.000000e+00 0.000000e+00 0.000000e+00 0.000000e+00 0.000000e+00 0.000000e+00 0.000000e+00 0.000000e+00 0.000000e+00
1.087000e+00 0.000000e+00 -5.454270e+03 -3.867019e+03 0.000000e+00 0.000000e+00 0.000000e+00 -4.659936e+02 -4.653557e+02 1.944672e+03 1.133638e+03 0.000000e+00 0.000000e+00 0.000000e+00 0.000000e+00 0.000000e+00 0.000000e+00 0.000000e+00 0.000000e+00 0.000000e+00
1.088000e+00 0.000000e+00 -5.460800e+03 -3.878535e+03 0.000000e+00 0.000000e+00 0.000000e+00 -4.668694e+02 -4.662065e+02 1.944813e+03 1.135476e+03 0.000000e+00 0.000000e+00 0.000000e+00 0.000000e+00 0.000000e+00 0.000000e+00 0.000000e+00 0.000000e+00 0.000000e+00
1.089000e+00 0.000000e+00 -5.467539e+03 -3.890313e+03 0.000000e+00 0.000000e+00 0.000000e+00 -4.677536e+02 -4.670658e+02 1.944996e+03 1.137349e+03 0.000000e+00 0.000000e+00 0.000000e+00 0.000000e+00 0.000000e+00 0.000000e+00 0.000000e+00 0.000000e+00 0.000000e+00
1.090000e+00 0.000000e+00 -5.474482e+03 -3.902348e+03 0.000000e+00 0.000000e+00 0.000000e+00 -4.686454e+02 -4.679329e+02 1.945219e+03 1.139255e+03 0.000000e+00 0.000000e+00 0.000000e+00 0.000000e+00 0.000000e+00 0.000000e+00 0.000000e+00 0.000000e+00 0.000000e+00
1.091000e+00 0.000000e+00 -5.481629e+03 -3.914639e+03 0.000000e+00 0.000000e+00 0.000000e+00 -4.695442e+02 -4.688072e+02 1.945483e+03 1.141193e+03 0.000000e+00 0.000000e+00 0.000000e+00 0.000000e+00 0.000000e+00 0.000000e+00 0.000000e+00 0.000000e+00 0.000000e+00
1.092000e+00 0.000000e+00 -5.488978e+03 -3.927180e+03 0.000000e+00 0.000000e+00 0.000000e+00 -4.704494e+02 -4.696880e+02 1.945786e+03 1.143159e+03 0.000000e+00 0.000000e+00 0.000000e+00 0.000000e+00 0.000000e+00 0.000000e+00 0.000000e+00 0.000000e+00 0.000000e+00
1.093000e+00 0.000000e+00 -5.496525e+03 -3.939968e+03 0.000000e+00 0.000000e+00 0.000000e+00 -4.713603e+02 -4.705746e+02 1.946128e+03 1.145154e+03 0.000000e+00 0.000000e+00 0.000000e+00 0.000000e+00 0.000000e+00 0.000000e+00 0.000000e+00 0.000000e+00 0.000000e+00
1.094000e+00 0.000000e+00 -5.504268e+03 -3.952999e+03 0.000000e+00 0.000000e+00 0.000000e+00 -4.722762e+02 -4.714665e+02 1.946508e+03 1.147175e+03 0.000000e+00 0.000000e+00 0.000000e+00 0.000000e+00 0.000000e+00 0.000000e+00 0.000000e+00 0.000000e+00 0.000000e+00
1.095000e+00 0.000000e+00 -5.512206e+03 -3.966270e+03 0.000000e+00 0.000000e+00 0.000000e+00 -4.731965e+02 -4.723630e+02 1.946925e+03 1.149221e+03 0.000000e+00 0.000000e+00 0.000000e+00 0.000000e+00 0.000000e+00 0.000000e+00 0.000000e+00 0.000000e+00 0.000000e+00
1.096000e+00 0.000000e+00 -5.520337e+03 -3.979777e+03 0.000000e+00 0.000000e+00 0.000000e+00 -4.741205e+02 -4.732635e+02 1.947379e+03 1.151290e+03 0.000000e+00 0.000000e+00 0.000000e+00 0.000000e+00 0.000000e+00 0.000000e+00 0.000000e+00 0.000000e+00 0.000000e+00
1.097000e+00 0.000000e+00 -5.528656e+03 -3.993516e+03 0.000000e+00 0.000000e+00 0.000000e+00 -4.750476e+02 -4.741672e+02 1.947869e+03 1.153381e+03 0.000000e+00 0.000000e+00 0.000000e+00 0.000000e+00 0.000000e+00 0.000000e+00 0.000000e+00 0.000000e+00 0.000000e+00
1.098000e+00 0.000000e+00 -5.537164e+03 -4.007483e+03 0.000000e+00 0.000000e+00 0.000000e+00 -4.759770e+02 -4.750736e+02 1.948394e+03 1.155491e+03 0.000000e+00 0.000000e+00 0.000000e+00 0.000000e+00 0.000000e+00 0.000000e+00 0.000000e+00 0.000000e+00 0.000000e+00
1.099000e+00 0.000000e+00 -5.545856e+03 -4.021675e+03 0.000000e+00 0.000000e+00 0.000000e+00 -4.769082e+02 -4.759819e+02 1.948954e+03 1.157619e+03 0.000000e+00 0.000000e+00 0.000000e+00 0.000000e+00 0.000000e+00 0.000000e+00 0.000000e+00 0.000000e+00 0.000000e+00
1.100000e+00 0.000000e+00 -5.554730e+03 -4.036087e+03 0.000000e+00 0.000000e+00 0.000000e+00 -4.778405e+02 -4.768917e+02 1.949547e+03 1.159764e+03 0.000000e+00 0.000000e+00 0.000000e+00 0.000000e+00 0.000000e+00 0.000000e+00 0.000000e+00 0.000000e+00 0.000000e+00
1.101000e+00 0.000000e+00 -5.563785e+03 -4.050716e+03 0.000000e+00 0.000000e+00 0.000000e+00 -4.787731e+02 -4.778021e+02 1.950174e+03 1.161924e+03 0.000000e+00 0.000000e+00 0.000000e+00 0.000000e+00 0.000000e+00 0.000000e+00 0.000000e+00 0.000000e+00 0.000000e+00
1.102000e+00 0.000000e+00 -5.573017e+03 -4.065557e+03 0.000000e+00 0.000000e+00 0.000000e+00 -4.797055e+02 -4.787126e+02 1.950832e+03 1.164097e+03 0.000000e+00 0.000000e+00 0.000000e+00 0.000000e+00 0.000000e+00 0.000000e+00 0.000000e+00 0.000000e+00 0.000000e+00
1.103000e+00 0.000000e+00 -5.582425e+03 -4.080608e+03 0.000000e+00 0.000000e+00 0.000000e+00 -4.806371e+02 -4.796225e+02 1.951522e+03 1.166281e+03 0.000000e+00 0.000000e+00 0.000000e+00 0.000000e+00 0.000000e+00 0.000000e+00 0.000000e+00 0.000000e+00 0.000000e+00
1.104000e+00 0.000000e+00 -5.592004e+03 -4.095864e+03 0.000000e+00 0.000000e+00 0.000000e+00 -4.815671e+02 -4.805312e+02 1.952243e+03 1.168476e+03 0.000000e+00 0.000000e+00 0.000000e+00 0.000000e+00 0.000000e+00 0.000000e+00 0.000000e+00 0.000000e+00 0.000000e+00
1.105000e+00 0.000000e+00 -5.601754e+03 -4.111321e+03 0.000000e+00 0.000000e+00 0.000000e+00 -4.824949e+02 -4.814381e+02 1.952993e+03 1.170679e+03 0.000000e+00 0.000000e+00 0.000000e+00 0.000000e+00 0.000000e+00 0.000000e+00 0.000000e+00 0.000000e+00 0.000000e+00
1.106000e+00 0.000000e+00 -5.611670e+03 -4.126975e+03 0.000000e+00 0.000000e+00 0.000000e+00 -4.834198e+02 -4.823424e+02 1.953773e+03 1.172889e+03 0.000000e+00 0.000000e+00 0.000000e+00 0.000000e+00 0.000000e+00 0.000000e+00 0.000000e+00 0.000000e+00 0.000000e+00
1.107000e+00 0.000000e+00 -5.621752e+03 -4.142822e+03 0.000000e+00 0.000000e+00 0.000000e+00 -4.843413e+02 -4.832437e+02 1.954581e+03 1.175104e+03 0.000000e+00 0.000000e+00 0.000000e+00 0.000000e+00 0.000000e+00 0.000000e+00 0.000000e+00 0.000000e+00 0.000000e+00
1.108000e+00 0.000000e+00 -5.631995e+03 -4.158859e+03 0.000000e+00 0.000000e+00 0.000000e+00 -4.852587e+02 -4.841412e+02 1.955417e+03 1.177322e+03 0.000000e+00 0.000000e+00 0.000000e+00 0.000000e+00 0.000000e+00 0.000000e+00 0.000000e+00 0.000000e+00 0.000000e+00
1.109000e+00 0.000000e+00 -5.642398e+03 -4.175082e+03 0.000000e+00 0.000000e+00 0.000000e+00 -4.861713e+02 -4.850344e+02 1.956279e+03 1.179542e+03 0.000000e+00 0.000000e+00 0.000000e+00 0.000000e+00 0.000000e+00 0.000000e+00 0.000000e+00 0.000000e+00 0.000000e+00
1.110000e+00 0.000000e+00 -5.652958e+03 -4.191487e+03 0.000000e+00 0.000000e+00 0.000000e+00 -4.870786e+02 -4.859226e+02 1.957168e+03 1.181763e+03 0.000000e+00 0.000000e+00 0.000000e+00 0.000000e+00 0.000000e+00 0.000000e+00 0.000000e+00 0.000000e+00 0.000000e+00
1.111000e+00 0.000000e+00 -5.663671e+03 -4.208069e+03 0.000000e+00 0.000000e+00 0.000000e+00 -4.879798e+02 -4.868052e+02 1.958081e+03 1.183983e+03 0.000000e+00 0.000000e+00 0.000000e+00 0.000000e+00 0.000000e+00 0.000000e+00 0.000000e+00 0.000000e+00 0.000000e+00
1.112000e+00 0.000000e+00 -5.674535e+03 -4.224825e+03 0.000000e+00 0.000000e+00 0.000000e+00 -4.888745e+02 -4.876816e+02 1.959020e+03 1.186200e+03 0.000000e+00 0.000000e+00 0.000000e+00 0.000000e+00 0.000000e+00 0.000000e+00 0.000000e+00 0.000000e+00 0.000000e+00
1.113000e+00 0.000000e+00 -5.685548e+03 -4.241752e+03 0.000000e+00 0.000000e+00 0.000000e+00 -4.897620e+02 -4.885513e+02 1.959982e+03 1.188412e+03 0.000000e+00 0.000000e+00 0.000000e+00 0.000000e+00 0.000000e+00 0.000000e+00 0.000000e+00 0.000000e+00 0.000000e+00
1.114000e+00 0.000000e+00 -5.696707e+03 -4.258844e+03 0.000000e+00 0.000000e+00 0.000000e+00 -4.906417e+02 -4.894135e+02 1.960967e+03 1.190619e+03 0.000000e+00 0.000000e+00 0.000000e+00 0.000000e+00 0.000000e+00 0.000000e+00 0.000000e+00 0.000000e+00 0.000000e+00
1.115000e+00 0.000000e+00 -5.708009e+03 -4.276099e+03 0.000000e+00 0.000000e+00 0.000000e+00 -4.915129e+02 -4.902679e+02 1.961974e+03 1.192818e+03 0.000000e+00 0.000000e+00 0.000000e+00 0.000000e+00 0.000000e+00 0.000000e+00 0.000000e+00 0.000000e+00 0.000000e+00
1.116000e+00 0.000000e+00 -5.719451e+03 -4.293512e+03 0.000000e+00 0.000000e+00 0.000000e+00 -4.923751e+02 -4.911136e+02 1.963003e+03 1.195009e+03 0.000000e+00 0.000000e+00 0.000000e+00 0.000000e+00 0.000000e+00 0.000000e+00 0.000000e+00 0.000000e+00 0.000000e+00
1.117000e+00 0.000000e+00 -5.731029e+03 -4.311080e+03 0.000000e+00 0.000000e+00 0.000000e+00 -4.932278e+02 -4.919502e+02 1.964052e+03 1.197189e+03 0.000000e+00 0.000000e+00 0.000000e+00 0.000000e+00 0.000000e+00 0.000000e+00 0.000000e+00 0.000000e+00 0.000000e+00
1.118000e+00 0.000000e+00 -5.742743e+03 -4.328798e+03 0.000000e+00 0.000000e+00 0.000000e+00 -4.940702e+02 -4.927772e+02 1.965121e+03 1.199357e+03 0.000000e+00 0.000000e+00 0.000000e+00 0.000000e+00 0.000000e+00 0.000000e+00 0.000000e+00 0.000000e+00 0.000000e+00
1.119000e+00 0.000000e+00 -5.754588e+03 -4.346663e+03 0.000000e+00 0.000000e+00 0.000000e+00 -4.949020e+02 -4.935938e+02 1.966209e+03 1.201513e+03 0.000000e+00 0.000000e+00 0.000000e+00 0.000000e+00 0.000000e+00 0.000000e+00 0.000000e+00 0.000000e+00 0.000000e+00
1.120000e+00 0.000000e+00 -5.766561e+03 -4.364670e+03 0.000000e+00 0.000000e+00 0.000000e+00 -4.957224e+02 -4.943997e+02 1.967316e+03 1.203653e+03 0.000000e+00 0.000000e+00 0.000000e+00 0.000000e+00 0.000000e+00 0.000000e+00 0.000000e+00 0.000000e+00 0.000000e+00
1.121000e+00 0.000000e+00 -5.778661e+03 -4.382817e+03 0.000000e+00 0.000000e+00 0.000000e+00 -4.965309e+02 -4.951941e+02 1.968440e+03 1.205777e+03 0.000000e+00 0.000000e+00 0.000000e+00 0.000000e+00 0.000000e+00 0.000000e+00 0.000000e+00 0.000000e+00 0.000000e+00
1.122000e+00 0.000000e+00 -5.790883e+03 -4.401099e+03 0.000000e+00 0.000000e+00 0.000000e+00 -4.973270e+02 -4.959767e+02 1.969581e+03 1.207884e+03 0.000000e+00 0.000000e+00 0.000000e+00 0.000000e+00 0.000000e+00 0.000000e+00 0.000000e+00 0.000000e+00 0.000000e+00
1.123000e+00 0.000000e+00 -5.803225e+03 -4.419512e+03 0.000000e+00 0.000000e+00 0.000000e+00 -4.981102e+02 -4.967468e+02 1.970739e+03 1.209972e+03 0.000000e+00 0.000000e+00 0.000000e+00 0.000000e+00 0.000000e+00 0.000000e+00 0.000000e+00 0.000000e+00 0.000000e+00
1.124000e+00 0.000000e+00 -5.815685e+03 -4.438052e+03 0.000000e+00 0.000000e+00 0.000000e+00 -4.988799e+02 -4.975039e+02 1.971911e+03 1.212039e+03 0.000000e+00 0.000000e+00 0.000000e+00 0.000000e+00 0.000000e+00 0.000000e+00 0.000000e+00 0.000000e+00 0.000000e+00
1.125000e+00 0.000000e+00 -5.828258e+03 -4.456716e+03 0.000000e+00 0.000000e+00 0.000000e+00 -4.996355e+02 -4.982475e+02 1.973098e+03 1.214085e+03 0.000000e+00 0.000000e+00 0.000000e+00 0.000000e+00 0.000000e+00 0.000000e+00 0.000000e+00 0.000000e+00 0.000000e+00
1.126000e+00 0.000000e+00 -5.840943e+03 -4.475499e+03 0.000000e+00 0.000000e+00 0.000000e+00 -5.003766e+02 -4.989771e+02 1.974299e+03 1.216107e+03 0.000000e+00 0.000000e+00 0.000000e+00 0.000000e+00 0.000000e+00 0.000000e+00 0.000000e+00 0.000000e+00 0.000000e+00
1.127000e+00 0.000000e+00 -5.853736e+03 -4.494399e+03 0.000000e+00 0.000000e+00 0.000000e+00 -5.011027e+02 -4.996922e+02 1.975513e+03 1.218106e+03 0.000000e+00 0.000000e+00 0.000000e+00 0.000000e+00 0.000000e+00 0.000000e+00 0.000000e+00 0.000000e+00 0.000000e+00
1.128000e+00 0.000000e+00 -5.866634e+03 -4.513410e+03 0.000000e+00 0.000000e+00 0.000000e+00 -5.018132e+02 -5.003924e+02 1.976739e+03 1.220078e+03 0.000000e+00 0.000000e+00 0.000000e+00 0.000000e+00 0.000000e+00 0.000000e+00 0.000000e+00 0.000000e+00 0.000000e+00
1.129000e+00 0.000000e+00 -5.879634e+03 -4.532530e+03 0.000000e+00 0.000000e+00 0.000000e+00 -5.025077e+02 -5.010770e+02 1.977977e+03 1.222024e+03 0.000000e+00 0.000000e+00 0.000000e+00 0.000000e+00 0.000000e+00 0.000000e+00 0.000000e+00 0.000000e+00 0.000000e+00
1.130000e+00 0.000000e+00 -5.892733e+03 -4.551753e+03 0.000000e+00 0.000000e+00 0.000000e+00 -5.031857e+02 -5.017456e+02 1.979225e+03 1.223942e+03 0.000000e+00 0.000000e+00 0.000000e+00 0.000000e+00 0.000000e+00 0.000000e+00 0.000000e+00 0.000000e+00 0.000000e+00
1.131000e+00 0.000000e+00 -5.905929e+03 -4.571078e+03 0.000000e+00 0.000000e+00 0.000000e+00 -5.038466e+02 -5.023978e+02 1.980484e+03 1.225830e+03 0.000000e+00 0.000000e+00 0.000000e+00 0.000000e+00 0.000000e+00 0.000000e+00 0.000000e+00 0.000000e+00 0.000000e+00
1.132000e+00 0.000000e+00 -5.919218e+03 -4.590499e+03 0.000000e+00 0.000000e+00 0.000000e+00 -5.044902e+02 -5.030332e+02 1.981752e+03 1.227687e+03 0.000000e+00 0.000000e+00 0.000000e+00 0.000000e+00 0.000000e+00 0.000000e+00 0.000000e+00 0.000000e+00 0.000000e+00
1.133000e+00 0.000000e+00 -5.932597e+03 -4.610013e+03 0.000000e+00 0.000000e+00 0.000000e+00 -5.051158e+02 -5.036512e+02 1.983029e+03 1.229512e+03 0.000000e+00 0.000000e+00 0.000000e+00 0.000000e+00 0.000000e+00 0.000000e+00 0.000000e+00 0.000000e+00 0.000000e+00
1.134000e+00 0.000000e+00 -5.946063e+03 -4.629616e+03 0.000000e+00 0.000000e+00 0.000000e+00 -5.057230e+02 -5.042513e+02 1.984313e+03 1.231305e+03 0.000000e+00 0.000000e+00 0.000000e+00 0.000000e+00 0.000000e+00 0.000000e+00 0.000000e+00 0.000000e+00 0.000000e+00
1.135000e+00 0.000000e+00 -5.959613e+03 -4.649304e+03 0.000000e+00 0.000000e+00 0.000000e+00 -5.063115e+02 -5.048333e+02 1.985605e+03 1.233063e+03 0.000000e+00 0.000000e+00 0.000000e+00 0.000000e+00 0.000000e+00 0.000000e+00 0.000000e+00 0.000000e+00 0.000000e+00
1.136000e+00 0.000000e+00 -5.973245e+03 -4.669074e+03 0.000000e+00 0.000000e+00 0.000000e+00 -5.068808e+02 -5.053967e+02 1.986904e+03 1.234786e+03 0.000000e+00 0.000000e+00 0.000000e+00 0.000000e+00 0.000000e+00 0.000000e+00 0.000000e+00 0.000000e+00 0.000000e+00
1.137000e+00 0.000000e+00 -5.986954e+03 -4.688921e+03 0.000000e+00 0.000000e+00 0.000000e+00 -5.074305e+02 -5.059410e+02 1.988208e+03 1.236473e+03 0.000000e+00 0.000000e+00 0.000000e+00 0.000000e+00 0.000000e+00 0.000000e+00 0.000000e+00 0.000000e+00 0.000000e+00
1.138000e+00 0.000000e+00 -6.000738e+03 -4.708842e+03 0.000000e+00 0.000000e+00 0.000000e+00 -5.079602e+02 -5.064659e+02 1.989518e+03 1.238122e+03 0.000000e+00 0.000000e+00 0.000000e+00 0.000000e+00 0.000000e+00 0.000000e+00 0.000000e+00 0.000000e+00 0.000000e+00
1.139000e+00 0.000000e+00 -6.014595e+03 -4.728833e+03 0.000000e+00 0.000000e+00 0.000000e+00 -5.084695e+02 -5.069710e+02 1.990832e+03 1.239732e+03 0.000000e+00 0.000000e+00 0.000000e+00 0.000000e+00 0.000000e+00 0.000000e+00 0.000000e+00 0.000000e+00 0.000000e+00
1.140000e+00 0.000000e+00 -6.028520e+03 -4.748891e+03 0.000000e+00 0.000000e+00 0.000000e+00 -5.089580e+02 -5.074558e+02 1.992149e+03 1.241303e+03 0.000000e+00 0.000000e+00 0.000000e+00 0.000000e+00 0.000000e+00 0.000000e+00 0.000000e+00 0.000000e+00 0.000000e+00
1.141000e+00 0.000000e+00 -6.042511e+03 -4.769010e+03 0.000000e+00 0.000000e+00 0.000000e+00 -5.094253e+02 -5.079201e+02 1.993470e+03 1.242833e+03 0.000000e+00 0.000000e+00 0.000000e+00 0.000000e+00 0.000000e+00 0.000000e+00 0.000000e+00 0.000000e+00 0.000000e+00
1.142000e+00 0.000000e+00 -6.056564e+03 -4.789189e+03 0.000000e+00 0.000000e+00 0.000000e+00 -5.098712e+02 -5.083635e+02 1.994793e+03 1.244322e+03 0.000000e+00 0.000000e+00 0.000000e+00 0.000000e+00 0.000000e+00 0.000000e+00 0.000000e+00 0.000000e+00 0.000000e+00
1.143000e+00 0.000000e+00 -6.070678e+03 -4.809422e+03 0.000000e+00 0.000000e+00 0.000000e+00 -5.102953e+02 -5.087856e+02 1.996118e+03 1.245768e+03 0.000000e+00 0.000000e+00 0.000000e+00 0.000000e+00 0.000000e+00 0.000000e+00 0.000000e+00 0.000000e+00 0.000000e+00
1.144000e+00 0.000000e+00 -6.084848e+03 -4.829706e+03 0.000000e+00 0.000000e+00 0.000000e+00 -5.106971e+02 -5.091862e+02 1.997444e+03 1.247171e+03 0.000000e+00 0.000000e+00 0.000000e+00 0.000000e+00 0.000000e+00 0.000000e+00 0.000000e+00 0.000000e+00 0.000000e+00
1.145000e+00 0.000000e+00 -6.099072e+03 -4.850037e+03 0.000000e+00 0.000000e+00 0.000000e+00 -5.110766e+02 -5.095648e+02 1.998770e+03 1.248529e+03 0.000000e+00 0.000000e+00 0.000000e+00 0.000000e+00 0.000000e+00 0.000000e+00 0.000000e+00 0.000000e+00 0.000000e+00
1.146000e+00 0.000000e+00 -6.113346e+03 -4.870411e+03 0.000000e+00 0.000000e+00 0.000000e+00 -5.114332e+02 -5.099212e+02 2.000097e+03 1.249842e+03 0.000000e+00 0.000000e+00 0.000000e+00 0.000000e+00 0.000000e+00 0.000000e+00 0.000000e+00 0.000000e+00 0.000000e+00
1.147000e+00 0.000000e+00 -6.127668e+03 -4.890826e+03 0.000000e+00 0.000000e+00 0.000000e+00 -5.117667e+02 -5.102552e+02 2.001422e+03 1.251110e+03 0.000000e+00 0.000000e+00 0.000000e+00 0.000000e+00 0.000000e+00 0.000000e+00 0.000000e+00 0.000000e+00 0.000000e+00
1.148000e+00 0.000000e+00 -6.142034e+03 -4.911275e+03 0.000000e+00 0.000000e+00 0.000000e+00 -5.120769e+02 -5.105663e+02 2.002746e+03 1.252330e+03 0.000000e+00 0.000000e+00 0.000000e+00 0.000000e+00 0.000000e+00 0.000000e+00 0.000000e+00 0.000000e+00 0.000000e+00
1.149000e+00 0.000000e+00 -6.156441e+03 -4.931757e+03 0.000000e+00 0.000000e+00 0.000000e+00 -5.123635e+02 -5.108543e+02 2.004068e+03 1.253502e+03 0.000000e+00 0.000000e+00 0.000000e+00 0.000000e+00 0.000000e+00 0.000000e+00 0.000000e+00 0.000000e+00 0.000000e+00
1.150000e+00 0.000000e+00 -6.170887e+03 -4.952267e+03 0.000000e+00 0.000000e+00 0.000000e+00 -5.126261e+02 -5.111190e+02 2.005387e+03 1.254626e+03 0.000000e+00 0.000000e+00 0.000000e+00 0.000000e+00 0.000000e+00 0.000000e+00 0.000000e+00 0.000000e+00 0.000000e+00
1.151000e+00 0.000000e+00 -6.185368e+03 -4.972801e+03 0.000000e+00 0.000000e+00 0.000000e+00 -5.128647e+02 -5.113601e+02 2.006703e+03 1.255701e+03 0.000000e+00 0.000000e+00 0.000000e+00 0.000000e+00 0.000000e+00 0.000000e+00 0.000000e+00 0.000000e+00 0.000000e+00
1.152000e+00 0.000000e+00 -6.199882e+03 -4.993356e+03 0.000000e+00 0.000000e+00 0.000000e+00 -5.130788e+02 -5.115774e+02 2.008015e+03 1.256726e+03 0.000000e+00 0.000000e+00 0.000000e+00 0.000000e+00 0.000000e+00 0.000000e+00 0.000000e+00 0.000000e+00 0.000000e+00
1.153000e+00 0.000000e+00 -6.214425e+03 -5.013927e+03 0.000000e+00 0.000000e+00 0.000000e+00 -5.132684e+02 -5.117707e+02 2.009323e+03 1.257700e+03 0.000000e+00 0.000000e+00 0.000000e+00 0.000000e+00 0.000000e+00 0.000000e+00 0.000000e+00 0.000000e+00 0.000000e+00
1.154000e+00 0.000000e+00 -6.228994e+03 -5.034511e+03 0.000000e+00 0.000000e+00 0.000000e+00 -5.134332e+02 -5.119397e+02 2.010625e+03 1.258623e+03 0.000000e+00 0.000000e+00 0.000000e+00 0.000000e+00 0.000000e+00 0.000000e+00 0.000000e+00 0.000000e+00 0.000000e+00
1.155000e+00 0.000000e+00 -6.243586e+03 -5.055104e+03 0.000000e+00 0.000000e+00 0.000000e+00 -5.135730e+02 -5.120842e+02 2.011922e+03 1.259494e+03 0.000000e+00 0.000000e+00 0.000000e+00 0.000000e+00 0.000000e+00 0.000000e+00 0.000000e+00 0.000000e+00 0.000000e+00
1.156000e+00 0.000000e+00 -6.258199e+03 -5.075701e+03 0.000000e+00 0.000000e+00 0.000000e+00 -5.136876e+02 -5.122041e+02 2.013212e+03 1.260312e+03 0.000000e+00 0.000000e+00 0.000000e+00 0.000000e+00 0.000000e+00 0.000000e+00 0.000000e+00 0.000000e+00 0.000000e+00
1.157000e+00 0.000000e+00 -6.272829e+03 -5.096299e+03 0.000000e+00 0.000000e+00 0.000000e+00 -5.137768e+02 -5.122991e+02 2.014496e+03 1.261078e+03 0.000000e+00 0.000000e+00 0.000000e+00 0.000000e+00 0.000000e+00 0.000000e+00 0.000000e+00 0.000000e+00 0.000000e+00
1.158000e+00 0.000000e+00 -6.287473e+03 -5.116894e+03 0.000000e+00 0.000000e+00 0.000000e+00 -5.138405e+02 -5.123690e+02 2.015773e+03 1.261789e+03 0.000000e+00 0.000000e+00 0.000000e+00 0.000000e+00 0.000000e+00 0.000000e+00 0.000000e+00 0.000000e+00 0.000000e+00
1.159000e+00 0.000000e+00 -6.302129e+03 -5.137481e+03 0.000000e+00 0.000000e+00 0.000000e+00 -5.138786e+02 -5.124138e+02 2.017041e+03 1.262447e+03 0.000000e+00 0.000000e+00 0.000000e+00 0.000000e+00 0.000000e+00 0.000000e+00 0.000000e+00 0.000000e+00 0.000000e+00
1.160000e+00 0.000000e+00 -6.316793e+03 -5.158058e+03 0.000000e+00 0.000000e+00 0.000000e+00 -5.138908e+02 -5.124333e+02 2.018301e+03 1.263049e+03 0.000000e+00 0.000000e+00 0.000000e+00 0.000000e+00 0.000000e+00 0.000000e+00 0.000000e+00 0.000000e+00 0.000000e+00
1.161000e+00 0.000000e+00 -6.331463e+03 -5.178619e+03 0.000000e+00 0.000000e+00 0.000000e+00 -5.138770e+02 -5.124273e+02 2.019553e+03 1.263597e+03 0.000000e+00 0.000000e+00 0.000000e+00 0.000000e+00 0.000000e+00 0.000000e+00 0.000000e+00 0.000000e+00 0.000000e+00
1.162000e+00 0.000000e+00 -6.346135e+03 -5.199162e+03 0.000000e+00 0.000000e+00 0.000000e+00 -5.138372e+02 -5.123958e+02 2.020794e+03 1.264089e+03 0.000000e+00 0.000000e+00 0.000000e+00 0.000000e+00 0.000000e+00 0.000000e+00 0.000000e+00 0.000000e+00 0.000000e+00
1.163000e+00 0.000000e+00 -6.360807e+03 -5.219681e+03 0.000000e+00 0.000000e+00 0.000000e+00 -5.137713e+02 -5.123386e+02 2.022026e+03 1.264524e+03 0.000000e+00 0.000000e+00 0.000000e+00 0.000000e+00 0.000000e+00 0.000000e+00 0.000000e+00 0.000000e+00 0.000000e+00
1.164000e+00 0.000000e+00 -6.375476e+03 -5.240173e+03 0.000000e+00 0.000000e+00 0.000000e+00 -5.136791e+02 -5.122555e+02 2.023247e+03 1.264904e+03 0.000000e+00 0.000000e+00 0.000000e+00 0.000000e+00 0.000000e+00 0.000000e+00 0.000000e+00 0.000000e+00 0.000000e+00
1.165000e+00 0.000000e+00 -6.390139e+03 -5.260633e+03 0.000000e+00 0.000000e+00 0.000000e+00 -5.135607e+02 -5.121467e+02 2.024458e+03 1.265226e+03 0.000000e+00 0.000000e+00 0.000000e+00 0.000000e+00 0.000000e+00 0.000000e+00 0.000000e+00 0.000000e+00 0.000000e+00
1.166000e+00 0.000000e+00 -6.404793e+03 -5.281058e+03 0.000000e+00 0.000000e+00 0.000000e+00 -5.134158e+02 -5.120119e+02 2.025657e+03 1.265492e+03 0.000000e+00 0.000000e+00 0.000000e+00 0.000000e+00 0.000000e+00 0.000000e+00 0.000000e+00 0.000000e+00 0.000000e+00
1.167000e+00 0.000000e+00 -6.419436e+03 -5.301444e+03 0.000000e+00 0.000000e+00 0.000000e+00 -5.132446e+02 -5.118511e+02 2.026844e+03 1.265700e+03 0.000000e+00 0.000000e+00 0.000000e+00 0.000000e+00 0.000000e+00 0.000000e+00 0.000000e+00 0.000000e+00 0.000000e+00
1.168000e+00 0.000000e+00 -6.434064e+03 -5.321786e+03 0.000000e+00 0.000000e+00 0.000000e+00 -5.130469e+02 -5.116643e+02 2.028019e+03 1.265850e+03 0.000000e+00 0.000000e+00 0.000000e+00 0.000000e+00 0.000000e+00 0.000000e+00 0.000000e+00 0.000000e+00 0.000000e+00
1.169000e+00 0.000000e+00 -6.448675e+03 -5.342080e+03 0.000000e+00 0.000000e+00 0.000000e+00 -5.128228e+02 -5.114515e+02 2.029181e+03 1.265942e+03 0.000000e+00 0.000000e+00 0.000000e+00 0.000000e+00 0.000000e+00 0.000000e+00 0.000000e+00 0.000000e+00 0.000000e+00
1.170000e+00 0.000000e+00 -6.463267e+03 -5.362323e+03 0.000000e+00 0.000000e+00 0.000000e+00 -5.125722e+02 -5.112125e+02 2.030330e+03 1.265976e+03 0.000000e+00 0.000000e+00 0.000000e+00 0.000000e+00 0.000000e+00 0.000000e+00 0.000000e+00 0.000000e+00 0.000000e+00
1.171000e+00 0.000000e+00 -6.477836e+03 -5.382509e+03 0.000000e+00 0.000000e+00 0.000000e+00 -5.122952e+02 -5.109475e+02 2.031465e+03 1.265952e+03 0.000000e+00 0.000000e+00 0.000000e+00 0.000000e+00 0.000000e+00 0.000000e+00 0.000000e+00 0.000000e+00 0.000000e+00
1.172000e+00 0.000000e+00 -6.492379e+03 -5.402635e+03 0.000000e+00 0.000000e+00 0.000000e+00 -5.119917e+02 -5.106564e+02 2.032586e+03 1.265869e+03 0.000000e+00 0.000000e+00 0.000000e+00 0.000000e+00 0.000000e+00 0.000000e+00 0.000000e+00 0.000000e+00 0.000000e+00
1.173000e+00 0.000000e+00 -6.506895e+03 -5.422697e+03 0.000000e+00 0.000000e+00 0.000000e+00 -5.116618e+02 -5.103393e+02 2.033692e+03 1.265728e+03 0.000000e+00 0.000000e+00 0.000000e+00 0.000000e+00 0.000000e+00 0.000000e+00 0.000000e+00 0.000000e+00 0.000000e+00
1.174000e+00 0.000000e+00 -6.521380e+03 -5.442689e+03 0.000000e+00 0.000000e+00 0.000000e+00 -5.113056e+02 -5.099961e+02 2.034784e+03 1.265528e+03 0.000000e+00 0.000000e+00 0.000000e+00 0.000000e+00 0.000000e+00 0.000000e+00 0.000000e+00 0.000000e+00 0.000000e+00
1.175000e+00 0.000000e+00 -6.535833e+03 -5.462609e+03 0.000000e+00 0.000000e+00 0.000000e+00 -5.109230e+02 -5.096269e+02 2.035860e+03 1.265269e+03 0.000000e+00 0.000000e+00 0.000000e+00 0.000000e+00 0.000000e+00 0.000000e+00 0.000000e+00 0.000000e+00 0.000000e+00
1.176000e+00 0.000000e+00 -6.550250e+03 -5.482452e+03 0.000000e+00 0.000000e+00 0.000000e+00 -5.105142e+02 -5.092318e+02 2.036921e+03 1.264951e+03 0.000000e+00 0.000000e+00 0.000000e+00 0.000000e+00 0.000000e+00 0.000000e+00 0.000000e+00 0.000000e+00 0.000000e+00
1.177000e+00 0.000000e+00 -6.564629e+03 -5.502213e+03 0.000000e+00 0.000000e+00 0.000000e+00 -5.100792e+02 -5.088108e+02 2.037965e+03 1.264574e+03 0.000000e+00 0.000000e+00 0.000000e+00 0.000000e+00 0.000000e+00 0.000000e+00 0.000000e+00 0.000000e+00 0.000000e+00
1.178000e+00 0.000000e+00 -6.578967e+03 -5.521888e+03 0.000000e+00 0.000000e+00 0.000000e+00 -5.096181e+02 -5.083639e+02 2.038994e+03 1.264139e+03 0.000000e+00 0.000000e+00 0.000000e+00 0.000000e+00 0.000000e+00 0.000000e+00 0.000000e+00 0.000000e+00 0.000000e+00
1.179000e+00 0.000000e+00 -6.593262e+03 -5.541473e+03 0.000000e+00 0.000000e+00 0.000000e+00 -5.091310e+02 -5.078913e+02 2.040005e+03 1.263644e+03 0.000000e+00 0.000000e+00 0.000000e+00 0.000000e+00 0.000000e+00 0.000000e+00 0.000000e+00 0.000000e+00 0.000000e+00
1.180000e+00 0.000000e+00 -6.607512e+03 -5.560963e+03 0.000000e+00 0.000000e+00 0.000000e+00 -5.086180e+02 -5.073931e+02 2.040999e+03 1.263090e+03 0.000000e+00 0.000000e+00 0.000000e+00 0.000000e+00 0.000000e+00 0.000000e+00 0.000000e+00 0.000000e+00 0.000000e+00
1.181000e+00 0.000000e+00 -6.621714e+03 -5.580353e+03 0.000000e+00 0.000000e+00 0.000000e+00 -5.080792e+02 -5.068692e+02 2.041976e+03 1.262478e+03 0.000000e+00 0.000000e+00 0.000000e+00 0.000000e+00 0.000000e+00 0.000000e+00 0.000000e+00 0.000000e+00 0.000000e+00
1.182000e+00 0.000000e+00 -6.635866e+03 -5.599640e+03 0.000000e+00 0.000000e+00 0.000000e+00 -5.075147e+02 -5.063199e+02 2.042935e+03 1.261807e+03 0.000000e+00 0.000000e+00 0.000000e+00 0.000000e+00 0.000000e+00 0.000000e+00 0.000000e+00 0.000000e+00 0.000000e+00
1.183000e+00 0.000000e+00 -6.649965e+03 -5.618819e+03 0.000000e+00 0.000000e+00 0.000000e+00 -5.069247e+02 -5.057453e+02 2.043876e+03 1.261077e+03 0.000000e+00 0.000000e+00 0.000000e+00 0.000000e+00 0.000000e+00 0.000000e+00 0.000000e+00 0.000000e+00 0.000000e+00
1.184000e+00 0.000000e+00 -6.664010e+03 -5.637886e+03 0.000000e+00 0.000000e+00 0.000000e+00 -5.063093e+02 -5.051455e+02 2.044799e+03 1.260289e+03 0.000000e+00 0.000000e+00 0.000000e+00 0.000000e+00 0.000000e+00 0.000000e+00 0.000000e+00 0.000000e+00 0.000000e+00
1.185000e+00 0.000000e+00 -6.677997e+03 -5.656836e+03 0.000000e+00 0.000000e+00 0.000000e+00 -5.056686e+02 -5.045206e+02 2.045703e+03 1.259442e+03 0.000000e+00 0.000000e+00 0.000000e+00 0.000000e+00 0.000000e+00 0.000000e+00 0.000000e+00 0.000000e+00 0.000000e+00
1.186000e+00 0.000000e+00 -6.691926e+03 -5.675664e+03 0.000000e+00 0.000000e+00 0.000000e+00 -5.050029e+02 -5.038708e+02 2.046588e+03 1.258537e+03 0.000000e+00 0.000000e+00 0.000000e+00 0.000000e+00 0.000000e+00 0.000000e+00 0.000000e+00 0.000000e+00 0.000000e+00
1.187000e+00 0.000000e+00 -6.705793e+03 -5.694367e+03 0.000000e+00 0.000000e+00 0.000000e+00 -5.043124e+02 -5.031963e+02 2.047453e+03 1.257574e+03 0.000000e+00 0.000000e+00 0.000000e+00 0.000000e+00 0.000000e+00 0.000000e+00 0.000000e+00 0.000000e+00 0.000000e+00
1.188000e+00 0.000000e+00 -6.719597e+03 -5.712939e+03 0.000000e+00 0.000000e+00 0.000000e+00 -5.035971e+02 -5.024972e+02 2.048300e+03 1.256554e+03 0.000000e+00 0.000000e+00 0.000000e+00 0.000000e+00 0.000000e+00 0.000000e+00 0.000000e+00 0.000000e+00 0.000000e+00
1.189000e+00 0.000000e+00 -6.733336e+03 -5.731377e+03 0.000000e+00 0.000000e+00 0.000000e+00 -5.028574e+02 -5.017738e+02 2.049126e+03 1.255476e+03 0.000000e+00 0.000000e+00 0.000000e+00 0.000000e+00 0.000000e+00 0.000000e+00 0.000000e+00 0.000000e+00 0.000000e+00
1.190000e+00 0.000000e+00 -6.747007e+03 -5.749676e+03 0.000000e+00 0.000000e+00 0.000000e+00 -5.020935e+02 -5.010261e+02 2.049932e+03 1.254340e+03 0.000000e+00 0.000000e+00 0.000000e+00 0.000000e+00 0.000000e+00 0.000000e+00 0.000000e+00 0.000000e+00 0.000000e+00
1.191000e+00 0.000000e+00 -6.760609e+03 -5.767831e+03 0.000000e+00 0.000000e+00 0.000000e+00 -5.013055e+02 -5.002545e+02 2.050719e+03 1.253149e+03 0.000000e+00 0.000000e+00 0.000000e+00 0.000000e+00 0.000000e+00 0.000000e+00 0.000000e+00 0.000000e+00 0.000000e+00
1.192000e+00 0.000000e+00 -6.774140e+03 -5.785839e+03 0.000000e+00 0.000000e+00 0.000000e+00 -5.004936e+02 -4.994591e+02 2.051484e+03 1.251900e+03 0.000000e+00 0.000000e+00 0.000000e+00 0.000000e+00 0.000000e+00 0.000000e+00 0.000000e+00 0.000000e+00 0.000000e+00
1.193000e+00 0.000000e+00 -6.787598e+03 -5.803694e+03 0.000000e+00 0.000000e+00 0.000000e+00 -4.996583e+02 -4.986402e+02 2.052229e+03 1.250595e+03 0.000000e+00 0.000000e+00 0.000000e+00 0.000000e+00 0.000000e+00 0.000000e+00 0.000000e+00 0.000000e+00 0.000000e+00
1.194000e+00 0.000000e+00 -6.800981e+03 -5.821392e+03 0.000000e+00 0.000000e+00 0.000000e+00 -4.987996e+02 -4.977980e+02 2.052954e+03 1.249235e+03 0.000000e+00 0.000000e+00 0.000000e+00 0.000000e+00 0.000000e+00 0.000000e+00 0.000000e+00 0.000000e+00 0.000000e+00
1.195000e+00 0.000000e+00 -6.814287e+03 -5.838930e+03 0.000000e+00 0.000000e+00 0.000000e+00 -4.979179e+02 -4.969327e+02 2.053657e+03 1.247819e+03 0.000000e+00 0.000000e+00 0.000000e+00 0.000000e+00 0.000000e+00 0.000000e+00 0.000000e+00 0.000000e+00 0.000000e+00
1.196000e+00 0.000000e+00 -6.827515e+03 -5.856302e+03 0.000000e+00 0.000000e+00 0.000000e+00 -4.970134e+02 -4.960447e+02 2.054339e+03 1.246349e+03 0.000000e+00 0.000000e+00 0.000000e+00 0.000000e+00 0.000000e+00 0.000000e+00 0.000000e+00 0.000000e+00 0.000000e+00
1.197000e+00 0.000000e+00 -6.840662e+03 -5.873504e+03 0.000000e+00 0.000000e+00 0.000000e+00 -4.960864e+02 -4.951341e+02 2.054999e+03 1.244823e+03 0.000000e+00 0.000000e+00 0.000000e+00 0.000000e+00 0.000000e+00 0.000000e+00 0.000000e+00 0.000000e+00 0.000000e+00
1.198000e+00 0.000000e+00 -6.853729e+03 -5.890532e+03 0.000000e+00 0.000000e+00 0.000000e+00 -4.951371e+02 -4.942012e+02 2.055638e+03 1.243244e+03 0.000000e+00 0.000000e+00 0.000000e+00 0.000000e+00 0.000000e+00 0.000000e+00 0.000000e+00 0.000000e+00 0.000000e+00
1.199000e+00 0.000000e+00 -6.866712e+03 -5.907382e+03 0.000000e+00 0.000000e+00 0.000000e+00 -4.941660e+02 -4.932463e+02 2.056255e+03 1.241611e+03 0.000000e+00 0.000000e+00 0.000000e+00 0.000000e+00 0.000000e+00 0.000000e+00 0.000000e+00 0.000000e+00 0.000000e+00
1.200000e+00 0.000000e+00 -6.879610e+03 -5.924049e+03 0.000000e+00 0.000000e+00 0.000000e+00 -4.931732e+02 -4.922696e+02 2.056850e+03 1.239925e+03 0.000000e+00 0.000000e+00 0.000000e+00 0.000000e+00 0.000000e+00 0.000000e+00 0.000000e+00 0.000000e+00 0.000000e+00
1.201000e+00 0.000000e+00 -6.892422e+03 -5.940529e+03 0.000000e+00 0.000000e+00 0.000000e+00 -4.921590e+02 -4.912715e+02 2.057423e+03 1.238186e+03 0.000000e+00 0.000000e+00 0.000000e+00 0.000000e+00 0.000000e+00 0.000000e+00 0.000000e+00 0.000000e+00 0.000000e+00
1.202000e+00 0.000000e+00 -6.905146e+03 -5.956817e+03 0.000000e+00 0.000000e+00 0.000000e+00 -4.911239e+02 -4.902523e+02 2.057974e+03 1.236395e+03 0.000000e+00 0.000000e+00 0.000000e+00 0.000000e+00 0.000000e+00 0.000000e+00 0.000000e+00 0.000000e+00 0.000000e+00
1.203000e+00 0.000000e+00 -6.917781e+03 -5.972910e+03 0.000000e+00 0.000000e+00 0.000000e+00 -4.900679e+02 -4.892121e+02 2.058503e+03 1.234553e+03 0.000000e+00 0.000000e+00 0.000000e+00 0.000000e+00 0.000000e+00 0.000000e+00 0.000000e+00 0.000000e+00 0.000000e+00
1.204000e+00 0.000000e+00 -6.930326e+03 -5.988803e+03 0.000000e+00 0.000000e+00 0.000000e+00 -4.889916e+02 -4.881513e+02 2.059009e+03 1.232659e+03 0.000000e+00 0.000000e+00 0.000000e+00 0.000000e+00 0.000000e+00 0.000000e+00 0.000000e+00 0.000000e+00 0.000000e+00
1.205000e+00 0.000000e+00 -6.942779e+03 -6.004493e+03 0.000000e+00 0.000000e+00 0.000000e+00 -4.878952e+02 -4.870703e+02 2.059493e+03 1.230715e+03 0.000000e+00 0.000000e+00 0.000000e+00 0.000000e+00 0.000000e+00 0.000000e+00 0.000000e+00 0.000000e+00 0.000000e+00
1.206000e+00 0.000000e+00 -6.955140e+03 -6.019974e+03 0.000000e+00 0.000000e+00 0.000000e+00 -4.867790e+02 -4.859693e+02 2.059954e+03 1.228722e+03 0.000000e+00 0.000000e+00 0.000000e+00 0.000000e+00 0.000000e+00 0.000000e+00 0.000000e+00 0.000000e+00 0.000000e+00
1.207000e+00 0.000000e+00 -6.967406e+03 -6.035244e+03 0.000000e+00 0.000000e+00 0.000000e+00 -4.856434e+02 -4.848487e+02 2.060393e+03 1.226678e+03 0.000000e+00 0.000000e+00 0.000000e+00 0.000000e+00 0.000000e+00 0.000000e+00 0.000000e+00 0.000000e+00 0.000000e+00
1.208000e+00 0.000000e+00 -6.979577e+03 -6.050297e+03 0.000000e+00 0.000000e+00 0.000000e+00 -4.844887e+02 -4.837088e+02 2.060808e+03 1.224587e+03 0.000000e+00 0.000000e+00 0.000000e+00 0.000000e+00 0.000000e+00 0.000000e+00 0.000000e+00 0.000000e+00 0.000000e+00
1.209000e+00 0.000000e+00 -6.991652e+03 -6.065131e+03 0.000000e+00 0.000000e+00 0.000000e+00 -4.833153e+02 -4.825499e+02 2.061201e+03 1.222447e+03 0.000000e+00 0.000000e+00 0.000000e+00 0.000000e+00 0.000000e+00 0.000000e+00 0.000000e+00 0.000000e+00 0.000000e+00
1.210000e+00 0.000000e+00 -7.003630e+03 -6.079741e+03 0.000000e+00 0.000000e+00 0.000000e+00 -4.821235e+02 -4.813724e+02 2.061571e+03 1.220259e+03 0.000000e+00 0.000000e+00 0.000000e+00 0.000000e+00 0.000000e+00 0.000000e+00 0.000000e+00 0.000000e+00 0.000000e+00
1.211000e+00 0.000000e+00 -7.015510e+03 -6.094124e+03 0.000000e+00 0.000000e+00 0.000000e+00 -4.809138e+02 -4.801766e+02 2.061918e+03 1.218025e+03 0.000000e+00 0.000000e+00 0.000000e+00 0.000000e+00 0.000000e+00 0.000000e+00 0.000000e+00 0.000000e+00 0.000000e+00
1.212000e+00 0.000000e+00 -7.027290e+03 -6.108276e+03 0.000000e+00 0.000000e+00 0.000000e+00 -4.796864e+02 -4.789629e+02 2.062242e+03 1.215745e+03 0.000000e+00 0.000000e+00 0.000000e+00 0.000000e+00 0.000000e+00 0.000000e+00 0.000000e+00 0.000000e+00 0.000000e+00
1.213000e+00 0.000000e+00 -7.038970e+03 -6.122194e+03 0.000000e+00 0.000000e+00 0.000000e+00 -4.784418e+02 -4.777316e+02 2.062543e+03 1.213420e+03 0.000000e+00 0.000000e+00 0.000000e+00 0.000000e+00 0.000000e+00 0.000000e+00 0.000000e+00 0.000000e+00 0.000000e+00
1.214000e+00 0.000000e+00 -7.050550e+03 -6.135873e+03 0.000000e+00 0.000000e+00 0.000000e+00 -4.771803e+02 -4.764830e+02 2.062821e+03 1.211050e+03 0.000000e+00 0.000000e+00 0.000000e+00 0.000000e+00 0.000000e+00 0.000000e+00 0.000000e+00 0.000000e+00 0.000000e+00
1.215000e+00 0.000000e+00 -7.062028e+03 -6.149311e+03 0.000000e+00 0.000000e+00 0.000000e+00 -4.759023e+02 -4.752177e+02 2.063076e+03 1.208636e+03 0.000000e+00 0.000000e+00 0.000000e+00 0.000000e+00 0.000000e+00 0.000000e+00 0.000000e+00 0.000000e+00 0.000000e+00
1.216000e+00 0.000000e+00 -7.073404e+03 -6.162504e+03 0.000000e+00 0.000000e+00 0.000000e+00 -4.746081e+02 -4.739358e+02 2.063308e+03 1.206178e+03 0.000000e+00 0.000000e+00 0.000000e+00 0.000000e+00 0.000000e+00 0.000000e+00 0.000000e+00 0.000000e+00 0.000000e+00
1.217000e+00 0.000000e+00 -7.084676e+03 -6.175449e+03 0.000000e+00 0.000000e+00 0.000000e+00 -4.732983e+02 -4.726379e+02 2.063516e+03 1.203679e+03 0.000000e+00 0.000000e+00 0.000000e+00 0.000000e+00 0.000000e+00 0.000000e+00 0.000000e+00 0.000000e+00 0.000000e+00
1.218000e+00 0.000000e+00 -7.095845e+03 -6.188142e+03 0.000000e+00 0.000000e+00 0.000000e+00 -4.719732e+02 -4.713242e+02 2.063702e+03 1.201137e+03 0.000000e+00 0.000000e+00 0.000000e+00 0.000000e+00 0.000000e+00 0.000000e+00 0.000000e+00 0.000000e+00 0.000000e+00
1.219000e+00 0.000000e+00 -7.106910e+03 -6.200582e+03 0.000000e+00 0.000000e+00 0.000000e+00 -4.706331e+02 -4.699952e+02 2.063864e+03 1.198555e+03 0.000000e+00 0.000000e+00 0.000000e+00 0.000000e+00 0.000000e+00 0.000000e+00 0.000000e+00 0.000000e+00 0.000000e+00
1.220000e+00 0.000000e+00 -7.117870e+03 -6.212764e+03 0.000000e+00 0.000000e+00 0.000000e+00 -4.692785e+02 -4.686513e+02 2.064003e+03 1.195932e+03 0.000000e+00 0.000000e+00 0.000000e+00 0.000000e+00 0.000000e+00 0.000000e+00 0.000000e+00 0.000000e+00 0.000000e+00
1.221000e+00 0.000000e+00 -7.128725e+03 -6.224686e+03 0.000000e+00 0.000000e+00 0.000000e+00 -4.679098e+02 -4.672928e+02 2.064120e+03 1.193269e+03 0.000000e+00 0.000000e+00 0.000000e+00 0.000000e+00 0.000000e+00 0.000000e+00 0.000000e+00 0.000000e+00 0.000000e+00
1.222000e+00 0.000000e+00 -7.139473e+03 -6.236345e+03 0.000000e+00 0.000000e+00 0.000000e+00 -4.665274e+02 -4.659200e+02 2.064213e+03 1.190568e+03 0.000000e+00 0.000000e+00 0.000000e+00 0.000000e+00 0.000000e+00 0.000000e+00 0.000000e+00 0.000000e+00 0.000000e+00
1.223000e+00 0.000000e+00 -7.150116e+03 -6.247738e+03 0.000000e+00 0.000000e+00 0.000000e+00 -4.651316e+02 -4.645335e+02 2.064283e+03 1.187829e+03 0.000000e+00 0.000000e+00 0.000000e+00 0.000000e+00 0.000000e+00 0.000000e+00 0.000000e+00 0.000000e+00 0.000000e+00
1.224000e+00 0.000000e+00 -7.160652e+03 -6.258863e+03 0.000000e+00 0.000000e+00 0.000000e+00 -4.637229e+02 -4.631336e+02 2.064330e+03 1.185053e+03 0.000000e+00 0.000000e+00 0.000000e+00 0.000000e+00 0.000000e+00 0.000000e+00 0.000000e+00 0.000000e+00 0.000000e+00
1.225000e+00 0.000000e+00 -7.171082e+03 -6.269717e+03 0.000000e+00 0.000000e+00 0.000000e+00 -4.623016e+02 -4.617206e+02 2.064354e+03 1.182241e+03 0.000000e+00 0.000000e+00 0.000000e+00 0.000000e+00 0.000000e+00 0.000000e+00 0.000000e+00 0.000000e+00 0.000000e+00
1.226000e+00 0.000000e+00 -7.181404e+03 -6.280299e+03 0.000000e+00 0.000000e+00 0.000000e+00 -4.608682e+02 -4.602949e+02 2.064356e+03 1.179393e+03 0.000000e+00 0.000000e+00 0.000000e+00 0.000000e+00 0.000000e+00 0.000000e+00 0.000000e+00 0.000000e+00 0.000000e+00
1.227000e+00 0.000000e+00 -7.191618e+03 -6.290604e+03 0.000000e+00 0.000000e+00 0.000000e+00 -4.594231e+02 -4.588570e+02 2.064334e+03 1.176510e+03 0.000000e+00 0.000000e+00 0.000000e+00 0.000000e+00 0.000000e+00 0.000000e+00 0.000000e+00 0.000000e+00 0.000000e+00
1.228000e+00 0.000000e+00 -7.201725e+03 -6.300633e+03 0.000000e+00 0.000000e+00 0.000000e+00 -4.579666e+02 -4.574073e+02 2.064290e+03 1.173593e+03 0.000000e+00 0.000000e+00 0.000000e+00 0.000000e+00 0.000000e+00 0.000000e+00 0.000000e+00 0.000000e+00 0.000000e+00
1.229000e+00 0.000000e+00 -7.211724e+03 -6.310381e+03 0.000000e+00 0.000000e+00 0.000000e+00 -4.564993e+02 -4.559461e+02 2.064223e+03 1.170643e+03 0.000000e+00 0.000000e+00 0.000000e+00 0.000000e+00 0.000000e+00 0.000000e+00 0.000000e+00 0.000000e+00 0.000000e+00
1.230000e+00 0.000000e+00 -7.221615e+03 -6.319849e+03 0.000000e+00 0.000000e+00 0.000000e+00 -4.550215e+02 -4.544738e+02 2.064133e+03 1.167660e+03 0.000000e+00 0.000000e+00 0.000000e+00 0.000000e+00 0.000000e+00 0.000000e+00 0.000000e+00 0.000000e+00 0.000000e+00
1.231000e+00 0.000000e+00 -7.231397e+03 -6.329034e+03 0.000000e+00 0.000000e+00 0.000000e+00 -4.535335e+02 -4.529909e+02 2.064020e+03 1.164646e+03 0.000000e+00 0.000000e+00 0.000000e+00 0.000000e+00 0.000000e+00 0.000000e+00 0.000000e+00 0.000000e+00 0.000000e+00
1.232000e+00 0.000000e+00 -7.241072e+03 -6.337934e+03 0.000000e+00 0.000000e+00 0.000000e+00 -4.520359e+02 -4.514977e+02 2.063886e+03 1.161601e+03 0.000000e+00 0.000000e+00 0.000000e+00 0.000000e+00 0.000000e+00 0.000000e+00 0.000000e+00 0.000000e+00 0.000000e+00
1.233000e+00 0.000000e+00 -7.250637e+03 -6.346548e+03 0.000000e+00 0.000000e+00 0.000000e+00 -4.505291e+02 -4.499946e+02 2.063728e+03 1.158526e+03 0.000000e+00 0.000000e+00 0.000000e+00 0.000000e+00 0.000000e+00 0.000000e+00 0.000000e+00 0.000000e+00 0.000000e+00
1.234000e+00 0.000000e+00 -7.260095e+03 -6.354874e+03 0.000000e+00 0.000000e+00 0.000000e+00 -4.490133e+02 -4.484821e+02 2.063548e+03 1.155422e+03 0.000000e+00 0.000000e+00 0.000000e+00 0.000000e+00 0.000000e+00 0.000000e+00 0.000000e+00 0.000000e+00 0.000000e+00
1.235000e+00 0.000000e+00 -7.269444e+03 -6.362913e+03 0.000000e+00 0.000000e+00 0.000000e+00 -4.474892e+02 -4.469605e+02 2.063346e+03 1.152290e+03 0.000000e+00 0.000000e+00 0.000000e+00 0.000000e+00 0.000000e+00 0.000000e+00 0.000000e+00 0.000000e+00 0.000000e+00
1.236000e+00 0.000000e+00 -7.278685e+03 -6.370661e+03 0.000000e+00 0.000000e+00 0.000000e+00 -4.459570e+02 -4.454303e+02 2.063122e+03 1.149131e+03 0.000000e+00 0.000000e+00 0.000000e+00 0.000000e+00 0.000000e+00 0.000000e+00 0.000000e+00 0.000000e+00 0.000000e+00
1.237000e+00 0.000000e+00 -7.287817e+03 -6.378120e+03 0.000000e+00 0.000000e+00 0.000000e+00 -4.444172e+02 -4.438918e+02 2.062876e+03 1.145945e+03 0.000000e+00 0.000000e+00 0.000000e+00 0.000000e+00 0.000000e+00 0.000000e+00 0.000000e+00 0.000000e+00 0.000000e+00
1.238000e+00 0.000000e+00 -7.296841e+03 -6.385287e+03 0.000000e+00 0.000000e+00 0.000000e+00 -4.428703e+02 -4.423455e+02 2.062607e+03 1.142733e+03 0.000000e+00 0.000000e+00 0.000000e+00 0.000000e+00 0.000000e+00 0.000000e+00 0.000000e+00 0.000000e+00 0.000000e+00
1.239000e+00 0.000000e+00 -7.305757e+03 -6.392162e+03 0.000000e+00 0.000000e+00 0.000000e+00 -4.413165e+02 -4.407917e+02 2.062317e+03 1.139496e+03 0.000000e+00 0.000000e+00 0.000000e+00 0.000000e+00 0.000000e+00 0.000000e+00 0.000000e+00 0.000000e+00 0.000000e+00
1.240000e+00 0.000000e+00 -7.314564e+03 -6.398745e+03 0.000000e+00 0.000000e+00 0.000000e+00 -4.397564e+02 -4.392309e+02 2.062005e+03 1.136235e+03 0.000000e+00 0.000000e+00 0.000000e+00 0.000000e+00 0.000000e+00 0.000000e+00 0.000000e+00 0.000000e+00 0.000000e+00
1.241000e+00 0.000000e+00 -7.323264e+03 -6.405036e+03 0.000000e+00 0.000000e+00 0.000000e+00 -4.381903e+02 -4.376634e+02 2.061671e+03 1.132950e+03 0.000000e+00 0.000000e+00 0.000000e+00 0.000000e+00 0.000000e+00 0.000000e+00 0.000000e+00 0.000000e+00 0.000000e+00
1.242000e+00 0.000000e+00 -7.331856e+03 -6.411033e+03 0.000000e+00 0.000000e+00 0.000000e+00 -4.366186e+02 -4.360897e+02 2.061316e+03 1.129643e+03 0.000000e+00 0.000000e+00 0.000000e+00 0.000000e+00 0.000000e+00 0.000000e+00 0.000000e+00 0.000000e+00 0.000000e+00
1.243000e+00 0.000000e+00 -7.340340e+03 -6.416738e+03 0.000000e+00 0.000000e+00 0.000000e+00 -4.350418e+02 -4.345101e+02 2.060939e+03 1.126315e+03 0.000000e+00 0.000000e+00 0.000000e+00 0.000000e+00 0.000000e+00 0.000000e+00 0.000000e+00 0.000000e+00 0.000000e+00
1.244000e+00 0.000000e+00 -7.348716e+03 -6.422150e+03 0.000000e+00 0.000000e+00 0.000000e+00 -4.334603e+02 -4.329250e+02 2.060540e+03 1.122965e+03 0.000000e+00 0.000000e+00 0.000000e+00 0.000000e+00 0.000000e+00 0.000000e+00 0.000000e+00 0.000000e+00 0.000000e+00
1.245000e+00 0.000000e+00 -7.356985e+03 -6.427269e+03 0.000000e+00 0.000000e+00 0.000000e+00 -4.318743e+02 -4.313348e+02 2.060120e+03 1.119596e+03 0.000000e+00 0.000000e+00 0.000000e+00 0.000000e+00 0.000000e+00 0.000000e+00 0.000000e+00 0.000000e+00 0.000000e+00
1.246000e+00 0.000000e+00 -7.365147e+03 -6.432096e+03 0.000000e+00 0.000000e+00 0.000000e+00 -4.302844e+02 -4.297400e+02 2.059679e+03 1.116207e+03 0.000000e+00 0.000000e+00 0.000000e+00 0.000000e+00 0.000000e+00 0.000000e+00 0.000000e+00 0.000000e+00 0.000000e+00
1.247000e+00 0.000000e+00 -7.373202e+03 -6.436630e+03 0.000000e+00 0.000000e+00 0.000000e+00 -4.286909e+02 -4.281408e+02 2.059217e+03 1.112800e+03 0.000000e+00 0.000000e+00 0.000000e+00 0.000000e+00 0.000000e+00 0.000000e+00 0.000000e+00 0.000000e+00 0.000000e+00
1.248000e+00 0.000000e+00 -7.381150e+03 -6.440874e+03 0.000000e+00 0.000000e+00 0.000000e+00 -4.270942e+02 -4.265377e+02 2.058734e+03 1.109375e+03 0.000000e+00 0.000000e+00 0.000000e+00 0.000000e+00 0.000000e+00 0.000000e+00 0.000000e+00 0.000000e+00 0.000000e+00
1.249000e+00 0.000000e+00 -7.388991e+03 -6.444826e+03 0.000000e+00 0.000000e+00 0.000000e+00 -4.254946e+02 -4.249310e+02 2.058229e+03 1.105933e+03 0.000000e+00 0.000000e+00 0.000000e+00 0.000000e+00 0.000000e+00 0.000000e+00 0.000000e+00 0.000000e+00 0.000000e+00
1.250000e+00 0.000000e+00 -7.396727e+03 -6.448489e+03 0.000000e+00 0.000000e+00 0.000000e+00 -4.238926e+02 -4.233211e+02 2.057704e+03 1.102475e+03 0.000000e+00 0.000000e+00 0.000000e+00 0.000000e+00 0.000000e+00 0.000000e+00 0.000000e+00 0.000000e+00 0.000000e+00
1.251000e+00 0.000000e+00 -7.404356e+03 -6.451863e+03 0.000000e+00 0.000000e+00 0.000000e+00 -4.222886e+02 -4.217084e+02 2.057159e+03 1.099002e+03 0.000000e+00 0.000000e+00 0.000000e+00 0.000000e+00 0.000000e+00 0.000000e+00 0.000000e+00 0.000000e+00 0.000000e+00
1.252000e+00 0.000000e+00 -7.411878e+03 -6.454950e+03 0.000000e+00 0.000000e+00 0.000000e+00 -4.206829e+02 -4.200932e+02 2.056592e+03 1.095514e+03 0.000000e+00 0.000000e+00 0.000000e+00 0.000000e+00 0.000000e+00 0.000000e+00 0.000000e+00 0.000000e+00 0.000000e+00
1.253000e+00 0.000000e+00 -7.419296e+03 -6.457749e+03 0.000000e+00 0.000000e+00 0.000000e+00 -4.190759e+02 -4.184760e+02 2.056005e+03 1.092012e+03 0.000000e+00 0.000000e+00 0.000000e+00 0.000000e+00 0.000000e+00 0.000000e+00 0.000000e+00 0.000000e+00 0.000000e+00
1.254000e+00 0.000000e+00 -7.426607e+03 -6.460264e+03 0.000000e+00 0.000000e+00 0.000000e+00 -4.174679e+02 -4.168570e+02 2.055398e+03 1.088498e+03 0.000000e+00 0.000000e+00 0.000000e+00 0.000000e+00 0.000000e+00 0.000000e+00 0.000000e+00 0.000000e+00 0.000000e+00
1.255000e+00 0.000000e+00 -7.433814e+03 -6.462496e+03 0.000000e+00 0.000000e+00 0.000000e+00 -4.158594e+02 -4.152367e+02 2.054770e+03 1.084971e+03 0.000000e+00 0.000000e+00 0.000000e+00 0.000000e+00 0.000000e+00 0.000000e+00 0.000000e+00 0.000000e+00 0.000000e+00
1.256000e+00 0.000000e+00 -7.440915e+03 -6.464446e+03 0.000000e+00 0.000000e+00 0.000000e+00 -4.142506e+02 -4.136154e+02 2.054122e+03 1.081432e+03 0.000000e+00 0.000000e+00 0.000000e+00 0.000000e+00 0.000000e+00 0.000000e+00 0.000000e+00 0.000000e+00 0.000000e+00
1.257000e+00 0.000000e+00 -7.447912e+03 -6.466115e+03 0.000000e+00 0.000000e+00 0.000000e+00 -4.126421e+02 -4.119935e+02 2.053454e+03 1.077883e+03 0.000000e+00 0.000000e+00 0.000000e+00 0.000000e+00 0.000000e+00 0.000000e+00 0.000000e+00 0.000000e+00 0.000000e+00
1.258000e+00 0.000000e+00 -7.454803e+03 -6.467507e+03 0.000000e+00 0.000000e+00 0.000000e+00 -4.110340e+02 -4.103712e+02 2.052766e+03 1.074323e+03 0.000000e+00 0.000000e+00 0.000000e+00 0.000000e+00 0.000000e+00 0.000000e+00 0.000000e+00 0.000000e+00 0.000000e+00
1.259000e+00 0.000000e+00 -7.461590e+03 -6.468622e+03 0.000000e+00 0.000000e+00 0.000000e+00 -4.094268e+02 -4.087491e+02 2.052058e+03 1.070754e+03 0.000000e+00 0.000000e+00 0.000000e+00 0.000000e+00 0.000000e+00 0.000000e+00 0.000000e+00 0.000000e+00 0.000000e+00
1.260000e+00 0.000000e+00 -7.468273e+03 -6.469464e+03 0.000000e+00 0.000000e+00 0.000000e+00 -4.078208e+02 -4.071273e+02 2.051330e+03 1.067176e+03 0.000000e+00 0.000000e+00 0.000000e+00 0.000000e+00 0.000000e+00 0.000000e+00 0.000000e+00 0.000000e+00 0.000000e+00
1.261000e+00 0.000000e+00 -7.474852e+03 -6.470034e+03 0.000000e+00 0.000000e+00 0.000000e+00 -4.062164e+02 -4.055063e+02 2.050582e+03 1.063591e+03 0.000000e+00 0.000000e+00 0.000000e+00 0.000000e+00 0.000000e+00 0.000000e+00 0.000000e+00 0.000000e+00 0.000000e+00
1.262000e+00 0.000000e+00 -7.481326e+03 -6.470334e+03 0.000000e+00 0.000000e+00 0.000000e+00 -4.046139e+02 -4.038864e+02 2.049815e+03 1.059998e+03 0.000000e+00 0.000000e+00 0.000000e+00 0.000000e+00 0.000000e+00 0.000000e+00 0.000000e+00 0.000000e+00 0.000000e+00
1.263000e+00 0.000000e+00 -7.487697e+03 -6.470368e+03 0.000000e+00 0.000000e+00 0.000000e+00 -4.030136e+02 -4.022679e+02 2.049028e+03 1.056398e+03 0.000000e+00 0.000000e+00 0.000000e+00 0.000000e+00 0.000000e+00 0.000000e+00 0.000000e+00 0.000000e+00 0.000000e+00
1.264000e+00 0.000000e+00 -7.493964e+03 -6.470137e+03 0.000000e+00 0.000000e+00 0.000000e+00 -4.014159e+02 -4.006512e+02 2.048221e+03 1.052793e+03 0.000000e+00 0.000000e+00 0.000000e+00 0.000000e+00 0.000000e+00 0.000000e+00 0.000000e+00 0.000000e+00 0.000000e+00
1.265000e+00 0.000000e+00 -7.500127e+03 -6.469645e+03 0.000000e+00 0.000000e+00 0.000000e+00 -3.998211e+02 -3.990365e+02 2.047395e+03 1.049182e+03 0.000000e+00 0.000000e+00 0.000000e+00 0.000000e+00 0.000000e+00 0.000000e+00 0.000000e+00 0.000000e+00 0.000000e+00
1.266000e+00 0.000000e+00 -7.506187e+03 -6.468894e+03 0.000000e+00 0.000000e+00 0.000000e+00 -3.982295e+02 -3.974241e+02 2.046550e+03 1.045566e+03 0.000000e+00 0.000000e+00 0.000000e+00 0.000000e+00 0.000000e+00 0.000000e+00 0.000000e+00 0.000000e+00 0.000000e+00
1.267000e+00 0.000000e+00 -7.512143e+03 -6.467887e+03 0.000000e+00 0.000000e+00 0.000000e+00 -3.966414e+02 -3.958145e+02 2.045685e+03 1.041947e+03 0.000000e+00 0.000000e+00 0.000000e+00 0.000000e+00 0.000000e+00 0.000000e+00 0.000000e+00 0.000000e+00 0.000000e+00
1.268000e+00 0.000000e+00 -7.517996e+03 -6.466626e+03 0.000000e+00 0.000000e+00 0.000000e+00 -3.950571e+02 -3.942078e+02 2.044801e+03 1.038324e+03 0.000000e+00 0.000000e+00 0.000000e+00 0.000000e+00 0.000000e+00 0.000000e+00 0.000000e+00 0.000000e+00 0.000000e+00
1.269000e+00 0.000000e+00 -7.523745e+03 -6.465116e+03 0.000000e+00 0.000000e+00 0.000000e+00 -3.934769e+02 -3.926045e+02 2.043897e+03 1.034698e+03 0.000000e+00 0.000000e+00 0.000000e+00 0.000000e+00 0.000000e+00 0.000000e+00 0.000000e+00 0.000000e+00 0.000000e+00
1.270000e+00 0.000000e+00 -7.529391e+03 -6.463358e+03 0.000000e+00 0.000000e+00 0.000000e+00 -3.919012e+02 -3.910046e+02 2.042975e+03 1.031070e+03 0.000000e+00 0.000000e+00 0.000000e+00 0.000000e+00 0.000000e+00 0.000000e+00 0.000000e+00 0.000000e+00 0.000000e+00
1.271000e+00 0.000000e+00 -7.534934e+03 -6.461357e+03 0.000000e+00 0.000000e+00 0.000000e+00 -3.903301e+02 -3.894087e+02 2.042033e+03 1.027440e+03 0.000000e+00 0.000000e+00 0.000000e+00 0.000000e+00 0.000000e+00 0.000000e+00 0.000000e+00 0.000000e+00 0.000000e+00
1.272000e+00 0.000000e+00 -7.540372e+03 -6.459115e+03 0.000000e+00 0.000000e+00 0.000000e+00 -3.887641e+02 -3.878169e+02 2.041072e+03 1.023810e+03 0.000000e+00 0.000000e+00 0.000000e+00 0.000000e+00 0.000000e+00 0.000000e+00 0.000000e+00 0.000000e+00 0.000000e+00
1.273000e+00 0.000000e+00 -7.545708e+03 -6.456637e+03 0.000000e+00 0.000000e+00 0.000000e+00 -3.872033e+02 -3.862295e+02 2.040093e+03 1.020178e+03 0.000000e+00 0.000000e+00 0.000000e+00 0.000000e+00 0.000000e+00 0.000000e+00 0.000000e+00 0.000000e+00 0.000000e+00
1.274000e+00 0.000000e+00 -7.550939e+03 -6.453924e+03 0.000000e+00 0.000000e+00 0.000000e+00 -3.856480e+02 -3.846469e+02 2.039094e+03 1.016547e+03 0.000000e+00 0.000000e+00 0.000000e+00 0.000000e+00 0.000000e+00 0.000000e+00 0.000000e+00 0.000000e+00 0.000000e+00
1.275000e+00 0.000000e+00 -7.556067e+03 -6.450981e+03 0.000000e+00 0.000000e+00 0.000000e+00 -3.840986e+02 -3.830692e+02 2.038077e+03 1.012916e+03 0.000000e+00 0.000000e+00 0.000000e+00 0.000000e+00 0.000000e+00 0.000000e+00 0.000000e+00 0.000000e+00 0.000000e+00
1.276000e+00 0.000000e+00 -7.561091e+03 -6.447811e+03 0.000000e+00 0.000000e+00 0.000000e+00 -3.825553e+02 -3.814967e+02 2.037040e+03 1.009287e+03 0.000000e+00 0.000000e+00 0.000000e+00 0.000000e+00 0.000000e+00 0.000000e+00 0.000000e+00 0.000000e+00 0.000000e+00
1.277000e+00 0.000000e+00 -7.566011e+03 -6.444419e+03 0.000000e+00 0.000000e+00 0.000000e+00 -3.810183e+02 -3.799297e+02 2.035985e+03 1.005659e+03 0.000000e+00 0.000000e+00 0.000000e+00 0.000000e+00 0.000000e+00 0.000000e+00 0.000000e+00 0.000000e+00 0.000000e+00
1.278000e+00 0.000000e+00 -7.570827e+03 -6.440807e+03 0.000000e+00 0.000000e+00 0.000000e+00 -3.794878e+02 -3.783685e+02 2.034911e+03 1.002033e+03 0.000000e+00 0.000000e+00 0.000000e+00 0.000000e+00 0.000000e+00 0.000000e+00 0.000000e+00 0.000000e+00 0.000000e+00
1.279000e+00 0.000000e+00 -7.575538e+03 -6.436979e+03 0.000000e+00 0.000000e+00 0.000000e+00 -3.779643e+02 -3.768132e+02 2.033818e+03 9.984091e+02 0.000000e+00 0.000000e+00 0.000000e+00 0.000000e+00 0.000000e+00 0.000000e+00 0.000000e+00 0.000000e+00 0.000000e+00
1.280000e+00 0.000000e+00 -7.580145e+03 -6.432940e+03 0.000000e+00 0.000000e+00 0.000000e+00 -3.764478e+02 -3.752642e+02 2.032706e+03 9.947887e+02 0.000000e+00 0.000000e+00 0.000000e+00 0.000000e+00 0.000000e+00 0.000000e+00 0.000000e+00 0.000000e+00 0.000000e+00
1.281000e+00 0.000000e+00 -7.584647e+03 -6.428693e+03 0.000000e+00 0.000000e+00 0.000000e+00 -3.749386e+02 -3.737216e+02 2.031575e+03 9.911717e+02 0.000000e+00 0.000000e+00 0.000000e+00 0.000000e+00 0.000000e+00 0.000000e+00 0.000000e+00 0.000000e+00 0.000000e+00
1.282000e+00 0.000000e+00 -7.589043e+03 -6.424241e+03 0.000000e+00 0.000000e+00 0.000000e+00 -3.734369e+02 -3.721858e+02 2.030426e+03 9.875586e+02 0.000000e+00 0.000000e+00 0.000000e+00 0.000000e+00 0.000000e+00 0.000000e+00 0.000000e+00 0.000000e+00 0.000000e+00
1.283000e+00 0.000000e+00 -7.593334e+03 -6.419589e+03 0.000000e+00 0.000000e+00 0.000000e+00 -3.719431e+02 -3.706568e+02 2.029258e+03 9.839499e+02 0.000000e+00 0.000000e+00 0.000000e+00 0.000000e+00 0.000000e+00 0.000000e+00 0.000000e+00 0.000000e+00 0.000000e+00
1.284000e+00 0.000000e+00 -7.597518e+03 -6.414742e+03 0.000000e+00 0.000000e+00 0.000000e+00 -3.704572e+02 -3.691350e+02 2.028071e+03 9.803459e+02 0.000000e+00 0.000000e+00 0.000000e+00 0.000000e+00 0.000000e+00 0.000000e+00 0.000000e+00 0.000000e+00 0.000000e+00
1.285000e+00 0.000000e+00 -7.601597e+03 -6.409702e+03 0.000000e+00 0.000000e+00 0.000000e+00 -3.689795e+02 -3.676205e+02 2.026865e+03 9.767471e+02 0.000000e+00 0.000000e+00 0.000000e+00 0.000000e+00 0.000000e+00 0.000000e+00 0.000000e+00 0.000000e+00 0.000000e+00
1.286000e+00 0.000000e+00 -7.605568e+03 -6.404474e+03 0.000000e+00 0.000000e+00 0.000000e+00 -3.675102e+02 -3.661136e+02 2.025641e+03 9.731538e+02 0.000000e+00 0.000000e+00 0.000000e+00 0.000000e+00 0.000000e+00 0.000000e+00 0.000000e+00 0.000000e+00 0.000000e+00
1.287000e+00 0.000000e+00 -7.609433e+03 -6.399062e+03 0.000000e+00 0.000000e+00 0.000000e+00 -3.660494e+02 -3.646144e+02 2.024398e+03 9.695665e+02 0.000000e+00 0.000000e+00 0.000000e+00 0.000000e+00 0.000000e+00 0.000000e+00 0.000000e+00 0.000000e+00 0.000000e+00
1.288000e+00 0.000000e+00 -7.613189e+03 -6.393469e+03 0.000000e+00 0.000000e+00 0.000000e+00 -3.645975e+02 -3.631231e+02 2.023136e+03 9.659853e+02 0.000000e+00 0.000000e+00 0.000000e+00 0.000000e+00 0.000000e+00 0.000000e+00 0.000000e+00 0.000000e+00 0.000000e+00
1.289000e+00 0.000000e+00 -7.616838e+03 -6.387701e+03 0.000000e+00 0.000000e+00 0.000000e+00 -3.631545e+02 -3.616400e+02 2.021855e+03 9.624108e+02 0.000000e+00 0.000000e+00 0.000000e+00 0.000000e+00 0.000000e+00 0.000000e+00 0.000000e+00 0.000000e+00 0.000000e+00
1.290000e+00 0.000000e+00 -7.620378e+03 -6.381761e+03 0.000000e+00 0.000000e+00 0.000000e+00 -3.617207e+02 -3.601651e+02 2.020555e+03 9.588433e+02 0.000000e+00 0.000000e+00 0.000000e+00 0.000000e+00 0.000000e+00 0.000000e+00 0.000000e+00 0.000000e+00 0.000000e+00
1.291000e+00 0.000000e+00 -7.623808e+03 -6.375653e+03 0.000000e+00 0.000000e+00 0.000000e+00 -3.602962e+02 -3.586988e+02 2.019237e+03 9.552829e+02 0.000000e+00 0.000000e+00 0.000000e+00 0.000000e+00 0.000000e+00 0.000000e+00 0.000000e+00 0.000000e+00 0.000000e+00
1.292000e+00 0.000000e+00 -7.627129e+03 -6.369382e+03 0.000000e+00 0.000000e+00 0.000000e+00 -3.588812e+02 -3.572410e+02 2.017900e+03 9.517302e+02 0.000000e+00 0.000000e+00 0.000000e+00 0.000000e+00 0.000000e+00 0.000000e+00 0.000000e+00 0.000000e+00 0.000000e+00
1.293000e+00 0.000000e+00 -7.630339e+03 -6.362951e+03 0.000000e+00 0.000000e+00 0.000000e+00 -3.574758e+02 -3.557921e+02 2.016543e+03 9.481853e+02 0.000000e+00 0.000000e+00 0.000000e+00 0.000000e+00 0.000000e+00 0.000000e+00 0.000000e+00 0.000000e+00 0.000000e+00
1.294000e+00 0.000000e+00 -7.633438e+03 -6.356366e+03 0.000000e+00 0.000000e+00 0.000000e+00 -3.560802e+02 -3.543521e+02 2.015168e+03 9.446485e+02 0.000000e+00 0.000000e+00 0.000000e+00 0.000000e+00 0.000000e+00 0.000000e+00 0.000000e+00 0.000000e+00 0.000000e+00
1.295000e+00 0.000000e+00 -7.636426e+03 -6.349629e+03 0.000000e+00 0.000000e+00 0.000000e+00 -3.546946e+02 -3.529213e+02 2.013774e+03 9.411202e+02 0.000000e+00 0.000000e+00 0.000000e+00 0.000000e+00 0.000000e+00 0.000000e+00 0.000000e+00 0.000000e+00 0.000000e+00
1.296000e+00 0.000000e+00 -7.639300e+03 -6.342745e+03 0.000000e+00 0.000000e+00 0.000000e+00 -3.533190e+02 -3.514997e+02 2.012361e+03 9.376005e+02 0.000000e+00 0.000000e+00 0.000000e+00 0.000000e+00 0.000000e+00 0.000000e+00 0.000000e+00 0.000000e+00 0.000000e+00
1.297000e+00 0.000000e+00 -7.642062e+03 -6.335719e+03 0.000000e+00 0.000000e+00 0.000000e+00 -3.519537e+02 -3.500875e+02 2.010929e+03 9.340897e+02 0.000000e+00 0.000000e+00 0.000000e+00 0.000000e+00 0.000000e+00 0.000000e+00 0.000000e+00 0.000000e+00 0.000000e+00
1.298000e+00 0.000000e+00 -7.644710e+03 -6.328554e+03 0.000000e+00 0.000000e+00 0.000000e+00 -3.505988e+02 -3.486848e+02 2.009478e+03 9.305881e+02 0.000000e+00 0.000000e+00 0.000000e+00 0.000000e+00 0.000000e+00 0.000000e+00 0.000000e+00 0.000000e+00 0.000000e+00
1.299000e+00 0.000000e+00 -7.647243e+03 -6.321255e+03 0.000000e+00 0.000000e+00 0.000000e+00 -3.492543e+02 -3.472918e+02 2.008008e+03 9.270958e+02 0.000000e+00 0.000000e+00 0.000000e+00 0.000000e+00 0.000000e+00 0.000000e+00 0.000000e+00 0.000000e+00 0.000000e+00
1.300000e+00 0.000000e+00 -7.649660e+03 -6.313825e+03 0.000000e+00 0.000000e+00 0.000000e+00 -3.479204e+02 -3.459086e+02 2.006519e+03 9.236131e+02 0.000000e+00 0.000000e+00 0.000000e+00 0.000000e+00 0.000000e+00 0.000000e+00 0.000000e+00 0.000000e+00 0.000000e+00
1.301000e+00 0.000000e+00 -7.651962e+03 -6.306270e+03 0.000000e+00 0.000000e+00 0.000000e+00 -3.465973e+02 -3.445353e+02 2.005010e+03 9.201401e+02 0.000000e+00 0.000000e+00 0.000000e+00 0.000000e+00 0.000000e+00 0.000000e+00 0.000000e+00 0.000000e+00 0.000000e+00
1.302000e+00 0.000000e+00 -7.654146e+03 -6.298592e+03 0.000000e+00 0.000000e+00 0.000000e+00 -3.452850e+02 -3.431719e+02 2.003482e+03 9.166771e+02 0.000000e+00 0.000000e+00 0.000000e+00 0.000000e+00 0.000000e+00 0.000000e+00 0.000000e+00 0.000000e+00 0.000000e+00
1.303000e+00 0.000000e+00 -7.656212e+03 -6.290797e+03 0.000000e+00 0.000000e+00 0.000000e+00 -3.439835e+02 -3.418187e+02 2.001936e+03 9.132242e+02 0.000000e+00 0.000000e+00 0.000000e+00 0.000000e+00 0.000000e+00 0.000000e+00 0.000000e+00 0.000000e+00 0.000000e+00
1.304000e+00 0.000000e+00 -7.658160e+03 -6.282888e+03 0.000000e+00 0.000000e+00 0.000000e+00 -3.426931e+02 -3.404757e+02 2.000369e+03 9.097816e+02 0.000000e+00 0.000000e+00 0.000000e+00 0.000000e+00 0.000000e+00 0.000000e+00 0.000000e+00 0.000000e+00 0.000000e+00
1.305000e+00 0.000000e+00 -7.659988e+03 -6.274869e+03 0.000000e+00 0.000000e+00 0.000000e+00 -3.414138e+02 -3.391430e+02 1.998784e+03 9.063495e+02 0.000000e+00 0.000000e+00 0.000000e+00 0.000000e+00 0.000000e+00 0.000000e+00 0.000000e+00 0.000000e+00 0.000000e+00
1.306000e+00 0.000000e+00 -7.661695e+03 -6.266744e+03 0.000000e+00 0.000000e+00 0.000000e+00 -3.401457e+02 -3.378206e+02 1.997179e+03 9.029278e+02 0.000000e+00 0.000000e+00 0.000000e+00 0.000000e+00 0.000000e+00 0.000000e+00 0.000000e+00 0.000000e+00 0.000000e+00
1.307000e+00 0.000000e+00 -7.663282e+03 -6.258518e+03 0.000000e+00 0.000000e+00 0.000000e+00 -3.388888e+02 -3.365087e+02 1.995554e+03 8.995169e+02 0.000000e+00 0.000000e+00 0.000000e+00 0.000000e+00 0.000000e+00 0.000000e+00 0.000000e+00 0.000000e+00 0.000000e+00
1.308000e+00 0.000000e+00 -7.664745e+03 -6.250194e+03 0.000000e+00 0.000000e+00 0.000000e+00 -3.376433e+02 -3.352073e+02 1.993910e+03 8.961168e+02 0.000000e+00 0.000000e+00 0.000000e+00 0.000000e+00 0.000000e+00 0.000000e+00 0.000000e+00 0.000000e+00 0.000000e+00
1.309000e+00 0.000000e+00 -7.666086e+03 -6.241776e+03 0.000000e+00 0.000000e+00 0.000000e+00 -3.364091e+02 -3.339166e+02 1.992247e+03 8.927276e+02 0.000000e+00 0.000000e+00 0.000000e+00 0.000000e+00 0.000000e+00 0.000000e+00 0.000000e+00 0.000000e+00 0.000000e+00
1.310000e+00 0.000000e+00 -7.667302e+03 -6.233269e+03 0.000000e+00 0.000000e+00 0.000000e+00 -3.351864e+02 -3.326365e+02 1.990564e+03 8.893494e+02 0.000000e+00 0.000000e+00 0.000000e+00 0.000000e+00 0.000000e+00 0.000000e+00 0.000000e+00 0.000000e+00 0.000000e+00
1.311000e+00 0.000000e+00 -7.668393e+03 -6.224675e+03 0.000000e+00 0.000000e+00 0.000000e+00 -3.339752e+02 -3.313671e+02 1.988861e+03 8.859823e+02 0.000000e+00 0.000000e+00 0.000000e+00 0.000000e+00 0.000000e+00 0.000000e+00 0.000000e+00 0.000000e+00 0.000000e+00
1.312000e+00 0.000000e+00 -7.669358e+03 -6.215999e+03 0.000000e+00 0.000000e+00 0.000000e+00 -3.327755e+02 -3.301085e+02 1.987139e+03 8.826264e+02 0.000000e+00 0.000000e+00 0.000000e+00 0.000000e+00 0.000000e+00 0.000000e+00 0.000000e+00 0.000000e+00 0.000000e+00
1.313000e+00 0.000000e+00 -7.670196e+03 -6.207245e+03 0.000000e+00 0.000000e+00 0.000000e+00 -3.315875e+02 -3.288607e+02 1.985397e+03 8.792818e+02 0.000000e+00 0.000000e+00 0.000000e+00 0.000000e+00 0.000000e+00 0.000000e+00 0.000000e+00 0.000000e+00 0.000000e+00
1.314000e+00 0.000000e+00 -7.670906e+03 -6.198417e+03 0.000000e+00 0.000000e+00 0.000000e+00 -3.304110e+02 -3.276238e+02 1.983636e+03 8.759484e+02 0.000000e+00 0.000000e+00 0.000000e+00 0.000000e+00 0.000000e+00 0.000000e+00 0.000000e+00 0.000000e+00 0.000000e+00
1.315000e+00 0.000000e+00 -7.671487e+03 -6.189517e+03 0.000000e+00 0.000000e+00 0.000000e+00 -3.292463e+02 -3.263978e+02 1.981854e+03 8.726264e+02 0.000000e+00 0.000000e+00 0.000000e+00 0.000000e+00 0.000000e+00 0.000000e+00 0.000000e+00 0.000000e+00 0.000000e+00
1.316000e+00 0.000000e+00 -7.671937e+03 -6.180551e+03 0.000000e+00 0.000000e+00 0.000000e+00 -3.280932e+02 -3.251828e+02 1.980053e+03 8.693159e+02 0.000000e+00 0.000000e+00 0.000000e+00 0.000000e+00 0.000000e+00 0.000000e+00 0.000000e+00 0.000000e+00 0.000000e+00
1.317000e+00 0.000000e+00 -7.672257e+03 -6.171522e+03 0.000000e+00 0.000000e+00 0.000000e+00 -3.269518e+02 -3.239787e+02 1.978232e+03 8.660168e+02 0.000000e+00 0.000000e+00 0.000000e+00 0.000000e+00 0.000000e+00 0.000000e+00 0.000000e+00 0.000000e+00 0.000000e+00
1.318000e+00 0.000000e+00 -7.672445e+03 -6.162433e+03 0.000000e+00 0.000000e+00 0.000000e+00 -3.258223e+02 -3.227857e+02 1.976391e+03 8.627292e+02 0.000000e+00 0.000000e+00 0.000000e+00 0.000000e+00 0.000000e+00 0.000000e+00 0.000000e+00 0.000000e+00 0.000000e+00
1.319000e+00 0.000000e+00 -7.672499e+03 -6.153288e+03 0.000000e+00 0.000000e+00 0.000000e+00 -3.247044e+02 -3.216036e+02 1.974530e+03 8.594532e+02 0.000000e+00 0.000000e+00 0.000000e+00 0.000000e+00 0.000000e+00 0.000000e+00 0.000000e+00 0.000000e+00 0.000000e+00
1.320000e+00 0.000000e+00 -7.672420e+03 -6.144090e+03 0.000000e+00 0.000000e+00 0.000000e+00 -3.235984e+02 -3.204326e+02 1.972650e+03 8.561887e+02 0.000000e+00 0.000000e+00 0.000000e+00 0.000000e+00 0.000000e+00 0.000000e+00 0.000000e+00 0.000000e+00 0.000000e+00
1.321000e+00 0.000000e+00 -7.672206e+03 -6.134844e+03 0.000000e+00 0.000000e+00 0.000000e+00 -3.225041e+02 -3.192727e+02 1.970749e+03 8.529358e+02 0.000000e+00 0.000000e+00 0.000000e+00 0.000000e+00 0.000000e+00 0.000000e+00 0.000000e+00 0.000000e+00 0.000000e+00
1.322000e+00 0.000000e+00 -7.671856e+03 -6.125552e+03 0.000000e+00 0.000000e+00 0.000000e+00 -3.214216e+02 -3.181238e+02 1.968829e+03 8.496945e+02 0.000000e+00 0.000000e+00 0.000000e+00 0.000000e+00 0.000000e+00 0.000000e+00 0.000000e+00 0.000000e+00 0.000000e+00
1.323000e+00 0.000000e+00 -7.671369e+03 -6.116218e+03 0.000000e+00 0.000000e+00 0.000000e+00 -3.203509e+02 -3.169860e+02 1.966888e+03 8.464647e+02 0.000000e+00 0.000000e+00 0.000000e+00 0.000000e+00 0.000000e+00 0.000000e+00 0.000000e+00 0.000000e+00 0.000000e+00
1.324000e+00 0.000000e+00 -7.670744e+03 -6.106846e+03 0.000000e+00 0.000000e+00 0.000000e+00 -3.192919e+02 -3.158593e+02 1.964928e+03 8.432465e+02 0.000000e+00 0.000000e+00 0.000000e+00 0.000000e+00 0.000000e+00 0.000000e+00 0.000000e+00 0.000000e+00 0.000000e+00
1.325000e+00 0.000000e+00 -7.669981e+03 -6.097438e+03 0.000000e+00 0.000000e+00 0.000000e+00 -3.182447e+02 -3.147436e+02 1.962948e+03 8.400399e+02 0.000000e+00 0.000000e+00 0.000000e+00 0.000000e+00 0.000000e+00 0.000000e+00 0.000000e+00 0.000000e+00 0.000000e+00
1.326000e+00 0.000000e+00 -7.669078e+03 -6.087998e+03 0.000000e+00 0.000000e+00 0.000000e+00 -3.172093e+02 -3.136390e+02 1.960948e+03 8.368448e+02 0.000000e+00 0.000000e+00 0.000000e+00 0.000000e+00 0.000000e+00 0.000000e+00 0.000000e+00 0.000000e+00 0.000000e+00
1.327000e+00 0.000000e+00 -7.668034e+03 -6.078530e+03 0.000000e+00 0.000000e+00 0.000000e+00 -3.161855e+02 -3.125454e+02 1.958928e+03 8.336612e+02 0.000000e+00 0.000000e+00 0.000000e+00 0.000000e+00 0.000000e+00 0.000000e+00 0.000000e+00 0.000000e+00 0.000000e+00
1.328000e+00 0.000000e+00 -7.666849e+03 -6.069035e+03 0.000000e+00 0.000000e+00 0.000000e+00 -3.151734e+02 -3.114628e+02 1.956888e+03 8.304891e+02 0.000000e+00 0.000000e+00 0.000000e+00 0.000000e+00 0.000000e+00 0.000000e+00 0.000000e+00 0.000000e+00 0.000000e+00
1.329000e+00 0.000000e+00 -7.665522e+03 -6.059519e+03 0.000000e+00 0.000000e+00 0.000000e+00 -3.141730e+02 -3.103912e+02 1.954828e+03 8.273285e+02 0.000000e+00 0.000000e+00 0.000000e+00 0.000000e+00 0.000000e+00 0.000000e+00 0.000000e+00 0.000000e+00 0.000000e+00
1.330000e+00 0.000000e+00 -7.664051e+03 -6.049983e+03 0.000000e+00 0.000000e+00 0.000000e+00 -3.131842e+02 -3.093306e+02 1.952748e+03 8.241792e+02 0.000000e+00 0.000000e+00 0.000000e+00 0.000000e+00 0.000000e+00 0.000000e+00 0.000000e+00 0.000000e+00 0.000000e+00
1.331000e+00 0.000000e+00 -7.662437e+03 -6.040431e+03 0.000000e+00 0.000000e+00 0.000000e+00 -3.122070e+02 -3.082809e+02 1.950649e+03 8.210414e+02 0.000000e+00 0.000000e+00 0.000000e+00 0.000000e+00 0.000000e+00 0.000000e+00 0.000000e+00 0.000000e+00 0.000000e+00
1.332000e+00 0.000000e+00 -7.660677e+03 -6.030865e+03 0.000000e+00 0.000000e+00 0.000000e+00 -3.112414e+02 -3.072421e+02 1.948530e+03 8.179150e+02 0.000000e+00 0.000000e+00 0.000000e+00 0.000000e+00 0.000000e+00 0.000000e+00 0.000000e+00 0.000000e+00 0.000000e+00
1.333000e+00 0.000000e+00 -7.658772e+03 -6.021289e+03 0.000000e+00 0.000000e+00 0.000000e+00 -3.102872e+02 -3.062142e+02 1.946391e+03 8.147998e+02 0.000000e+00 0.000000e+00 0.000000e+00 0.000000e+00 0.000000e+00 0.000000e+00 0.000000e+00 0.000000e+00 0.000000e+00
1.334000e+00 0.000000e+00 -7.656721e+03 -6.011706e+03 0.000000e+00 0.000000e+00 0.000000e+00 -3.093445e+02 -3.051971e+02 1.944232e+03 8.116959e+02 0.000000e+00 0.000000e+00 0.000000e+00 0.000000e+00 0.000000e+00 0.000000e+00 0.000000e+00 0.000000e+00 0.000000e+00
1.335000e+00 0.000000e+00 -7.654522e+03 -6.002118e+03 0.000000e+00 0.000000e+00 0.000000e+00 -3.084132e+02 -3.041908e+02 1.942054e+03 8.086032e+02 0.000000e+00 0.000000e+00 0.000000e+00 0.000000e+00 0.000000e+00 0.000000e+00 0.000000e+00 0.000000e+00 0.000000e+00
1.336000e+00 0.000000e+00 -7.652176e+03 -5.992529e+03 0.000000e+00 0.000000e+00 0.000000e+00 -3.074933e+02 -3.031953e+02 1.939856e+03 8.055217e+02 0.000000e+00 0.000000e+00 0.000000e+00 0.000000e+00 0.000000e+00 0.000000e+00 0.000000e+00 0.000000e+00 0.000000e+00
1.337000e+00 0.000000e+00 -7.649681e+03 -5.982941e+03 0.000000e+00 0.000000e+00 0.000000e+00 -3.065847e+02 -3.022105e+02 1.937639e+03 8.024513e+02 0.000000e+00 0.000000e+00 0.000000e+00 0.000000e+00 0.000000e+00 0.000000e+00 0.000000e+00 0.000000e+00 0.000000e+00
1.338000e+00 0.000000e+00 -7.647037e+03 -5.973357e+03 0.000000e+00 0.000000e+00 0.000000e+00 -3.056873e+02 -3.012363e+02 1.935402e+03 7.993920e+02 0.000000e+00 0.000000e+00 0.000000e+00 0.000000e+00 0.000000e+00 0.000000e+00 0.000000e+00 0.000000e+00 0.000000e+00
1.339000e+00 0.000000e+00 -7.644243e+03 -5.963779e+03 0.000000e+00 0.000000e+00 0.000000e+00 -3.048011e+02 -3.002727e+02 1.933147e+03 7.963436e+02 0.000000e+00 0.000000e+00 0.000000e+00 0.000000e+00 0.000000e+00 0.000000e+00 0.000000e+00 0.000000e+00 0.000000e+00
1.340000e+00 0.000000e+00 -7.641299e+03 -5.954211e+03 0.000000e+00 0.000000e+00 0.000000e+00 -3.039260e+02 -2.993197e+02 1.930872e+03 7.933062e+02 0.000000e+00 0.000000e+00 0.000000e+00 0.000000e+00 0.000000e+00 0.000000e+00 0.000000e+00 0.000000e+00 0.000000e+00
1.341000e+00 0.000000e+00 -7.638204e+03 -5.944654e+03 0.000000e+00 0.000000e+00 0.000000e+00 -3.030619e+02 -2.983771e+02 1.928577e+03 7.902797e+02 0.000000e+00 0.000000e+00 0.000000e+00 0.000000e+00 0.000000e+00 0.000000e+00 0.000000e+00 0.000000e+00 0.000000e+00
1.342000e+00 0.000000e+00 -7.634957e+03 -5.935111e+03 0.000000e+00 0.000000e+00 0.000000e+00 -3.022088e+02 -2.974449e+02 1.926264e+03 7.872639e+02 0.000000e+00 0.000000e+00 0.000000e+00 0.000000e+00 0.000000e+00 0.000000e+00 0.000000e+00 0.000000e+00 0.000000e+00
1.343000e+00 0.000000e+00 -7.631558e+03 -5.925586e+03 0.000000e+00 0.000000e+00 0.000000e+00 -3.013666e+02 -2.965231e+02 1.923932e+03 7.842589e+02 0.000000e+00 0.000000e+00 0.000000e+00 0.000000e+00 0.000000e+00 0.000000e+00 0.000000e+00 0.000000e+00 0.000000e+00
1.344000e+00 0.000000e+00 -7.628007e+03 -5.916079e+03 0.000000e+00 0.000000e+00 0.000000e+00 -3.005352e+02 -2.956116e+02 1.921582e+03 7.812646e+02 0.000000e+00 0.000000e+00 0.000000e+00 0.000000e+00 0.000000e+00 0.000000e+00 0.000000e+00 0.000000e+00 0.000000e+00
1.345000e+00 0.000000e+00 -7.624304e+03 -5.906594e+03 0.000000e+00 0.000000e+00 0.000000e+00 -2.997145e+02 -2.947103e+02 1.919213e+03 7.782809e+02 0.000000e+00 0.000000e+00 0.000000e+00 0.000000e+00 0.000000e+00 0.000000e+00 0.000000e+00 0.000000e+00 0.000000e+00
1.346000e+00 0.000000e+00 -7.620446e+03 -5.897134e+03 0.000000e+00 0.000000e+00 0.000000e+00 -2.989044e+02 -2.938191e+02 1.916825e+03 7.753077e+02 0.000000e+00 0.000000e+00 0.000000e+00 0.000000e+00 0.000000e+00 0.000000e+00 0.000000e+00 0.000000e+00 0.000000e+00
1.347000e+00 0.000000e+00 -7.616436e+03 -5.887699e+03 0.000000e+00 0.000000e+00 0.000000e+00 -2.981050e+02 -2.929379e+02 1.914419e+03 7.723449e+02 0.000000e+00 0.000000e+00 0.000000e+00 0.000000e+00 0.000000e+00 0.000000e+00 0.000000e+00 0.000000e+00 0.000000e+00
1.348000e+00 0.000000e+00 -7.612272e+03 -5.878293e+03 0.000000e+00 0.000000e+00 0.000000e+00 -2.973159e+02 -2.920668e+02 1.911995e+03 7.693926e+02 0.000000e+00 0.000000e+00 0.000000e+00 0.000000e+00 0.000000e+00 0.000000e+00 0.000000e+00 0.000000e+00 0.000000e+00
1.349000e+00 0.000000e+00 -7.607953e+03 -5.868918e+03 0.000000e+00 0.000000e+00 0.000000e+00 -2.965373e+02 -2.912055e+02 1.909552e+03 7.664506e+02 0.000000e+00 0.000000e+00 0.000000e+00 0.000000e+00 0.000000e+00 0.000000e+00 0.000000e+00 0.000000e+00 0.000000e+00
1.350000e+00 0.000000e+00 -7.603481e+03 -5.859576e+03 0.000000e+00 0.000000e+00 0.000000e+00 -2.957690e+02 -2.903541e+02 1.907093e+03 7.635189e+02 0.000000e+00 0.000000e+00 0.000000e+00 0.000000e+00 0.000000e+00 0.000000e+00 0.000000e+00 0.000000e+00 0.000000e+00
1.351000e+00 0.000000e+00 -7.598854e+03 -5.850269e+03 0.000000e+00 0.000000e+00 0.000000e+00 -2.950108e+02 -2.895124e+02 1.904615e+03 7.605973e+02 0.000000e+00 0.000000e+00 0.000000e+00 0.000000e+00 0.000000e+00 0.000000e+00 0.000000e+00 0.000000e+00 0.000000e+00
1.352000e+00 0.000000e+00 -7.594072e+03 -5.840999e+03 0.000000e+00 0.000000e+00 0.000000e+00 -2.942628e+02 -2.886803e+02 1.902120e+03 7.576859e+02 0.000000e+00 0.000000e+00 0.000000e+00 0.000000e+00 0.000000e+00 0.000000e+00 0.000000e+00 0.000000e+00 0.000000e+00
1.353000e+00 0.000000e+00 -7.589137e+03 -5.831768e+03 0.000000e+00 0.000000e+00 0.000000e+00 -2.935247e+02 -2.878578e+02 1.899608e+03 7.547845e+02 0.000000e+00 0.000000e+00 0.000000e+00 0.000000e+00 0.000000e+00 0.000000e+00 0.000000e+00 0.000000e+00 0.000000e+00
1.354000e+00 0.000000e+00 -7.584046e+03 -5.822579e+03 0.000000e+00 0.000000e+00 0.000000e+00 -2.927966e+02 -2.870448e+02 1.897078e+03 7.518931e+02 0.000000e+00 0.000000e+00 0.000000e+00 0.000000e+00 0.000000e+00 0.000000e+00 0.000000e+00 0.000000e+00 0.000000e+00
1.355000e+00 0.000000e+00 -7.578801e+03 -5.813433e+03 0.000000e+00 0.000000e+00 0.000000e+00 -2.920782e+02 -2.862412e+02 1.894532e+03 7.490116e+02 0.000000e+00 0.000000e+00 0.000000e+00 0.000000e+00 0.000000e+00 0.000000e+00 0.000000e+00 0.000000e+00 0.000000e+00
1.356000e+00 0.000000e+00 -7.573401e+03 -5.804332e+03 0.000000e+00 0.000000e+00 0.000000e+00 -2.913695e+02 -2.854468e+02 1.891970e+03 7.461400e+02 0.000000e+00 0.000000e+00 0.000000e+00 0.000000e+00 0.000000e+00 0.000000e+00 0.000000e+00 0.000000e+00 0.000000e+00
1.357000e+00 0.000000e+00 -7.567848e+03 -5.795278e+03 0.000000e+00 0.000000e+00 0.000000e+00 -2.906704e+02 -2.846616e+02 1.889391e+03 7.432781e+02 0.000000e+00 0.000000e+00 0.000000e+00 0.000000e+00 0.000000e+00 0.000000e+00 0.000000e+00 0.000000e+00 0.000000e+00
1.358000e+00 0.000000e+00 -7.562140e+03 -5.786273e+03 0.000000e+00 0.000000e+00 0.000000e+00 -2.899807e+02 -2.838855e+02 1.886796e+03 7.404259e+02 0.000000e+00 0.000000e+00 0.000000e+00 0.000000e+00 0.000000e+00 0.000000e+00 0.000000e+00 0.000000e+00 0.000000e+00
1.359000e+00 0.000000e+00 -7.556278e+03 -5.777319e+03 0.000000e+00 0.000000e+00 0.000000e+00 -2.893004e+02 -2.831184e+02 1.884185e+03 7.375832e+02 0.000000e+00 0.000000e+00 0.000000e+00 0.000000e+00 0.000000e+00 0.000000e+00 0.000000e+00 0.000000e+00 0.000000e+00
1.360000e+00 0.000000e+00 -7.550262e+03 -5.768417e+03 0.000000e+00 0.000000e+00 0.000000e+00 -2.886293e+02 -2.823601e+02 1.881558e+03 7.347502e+02 0.000000e+00 0.000000e+00 0.000000e+00 0.000000e+00 0.000000e+00 0.000000e+00 0.000000e+00 0.000000e+00 0.000000e+00
1.361000e+00 0.000000e+00 -7.544094e+03 -5.759568e+03 0.000000e+00 0.000000e+00 0.000000e+00 -2.879674e+02 -2.816106e+02 1.878916e+03 7.319266e+02 0.000000e+00 0.000000e+00 0.000000e+00 0.000000e+00 0.000000e+00 0.000000e+00 0.000000e+00 0.000000e+00 0.000000e+00
1.362000e+00 0.000000e+00 -7.537772e+03 -5.750776e+03 0.000000e+00 0.000000e+00 0.000000e+00 -2.873144e+02 -2.808698e+02 1.876259e+03 7.291124e+02 0.000000e+00 0.000000e+00 0.000000e+00 0.000000e+00 0.000000e+00 0.000000e+00 0.000000e+00 0.000000e+00 0.000000e+00
1.363000e+00 0.000000e+00 -7.531298e+03 -5.742041e+03 0.000000e+00 0.000000e+00 0.000000e+00 -2.866703e+02 -2.801375e+02 1.873587e+03 7.263075e+02 0.000000e+00 0.000000e+00 0.000000e+00 0.000000e+00 0.000000e+00 0.000000e+00 0.000000e+00 0.000000e+00 0.000000e+00
1.364000e+00 0.000000e+00 -7.524671e+03 -5.733365e+03 0.000000e+00 0.000000e+00 0.000000e+00 -2.860350e+02 -2.794137e+02 1.870901e+03 7.235119e+02 0.000000e+00 0.000000e+00 0.000000e+00 0.000000e+00 0.000000e+00 0.000000e+00 0.000000e+00 0.000000e+00 0.000000e+00
1.365000e+00 0.000000e+00 -7.517894e+03 -5.724750e+03 0.000000e+00 0.000000e+00 0.000000e+00 -2.854083e+02 -2.786983e+02 1.868200e+03 7.207255e+02 0.000000e+00 0.000000e+00 0.000000e+00 0.000000e+00 0.000000e+00 0.000000e+00 0.000000e+00 0.000000e+00 0.000000e+00
1.366000e+00 0.000000e+00 -7.510965e+03 -5.716196e+03 0.000000e+00 0.000000e+00 0.000000e+00 -2.847902e+02 -2.779910e+02 1.865486e+03 7.179482e+02 0.000000e+00 0.000000e+00 0.000000e+00 0.000000e+00 0.000000e+00 0.000000e+00 0.000000e+00 0.000000e+00 0.000000e+00
1.367000e+00 0.000000e+00 -7.503886e+03 -5.707707e+03 0.000000e+00 0.000000e+00 0.000000e+00 -2.841804e+02 -2.772919e+02 1.862758e+03 7.151800e+02 0.000000e+00 0.000000e+00 0.000000e+00 0.000000e+00 0.000000e+00 0.000000e+00 0.000000e+00 0.000000e+00 0.000000e+00
1.368000e+00 0.000000e+00 -7.496658e+03 -5.699282e+03 0.000000e+00 0.000000e+00 0.000000e+00 -2.835789e+02 -2.766008e+02 1.860016e+03 7.124207e+02 0.000000e+00 0.000000e+00 0.000000e+00 0.000000e+00 0.000000e+00 0.000000e+00 0.000000e+00 0.000000e+00 0.000000e+00
1.369000e+00 0.000000e+00 -7.489280e+03 -5.690923e+03 0.000000e+00 0.000000e+00 0.000000e+00 -2.829855e+02 -2.759175e+02 1.857262e+03 7.096703e+02 0.000000e+00 0.000000e+00 0.000000e+00 0.000000e+00 0.000000e+00 0.000000e+00 0.000000e+00 0.000000e+00 0.000000e+00
1.370000e+00 0.000000e+00 -7.481755e+03 -5.682632e+03 0.000000e+00 0.000000e+00 0.000000e+00 -2.824001e+02 -2.752421e+02 1.854494e+03 7.069288e+02 0.000000e+00 0.000000e+00 0.000000e+00 0.000000e+00 0.000000e+00 0.000000e+00 0.000000e+00 0.000000e+00 0.000000e+00
1.371000e+00 0.000000e+00 -7.474082e+03 -5.674410e+03 0.000000e+00 0.000000e+00 0.000000e+00 -2.818226e+02 -2.745742e+02 1.851715e+03 7.041960e+02 0.000000e+00 0.000000e+00 0.000000e+00 0.000000e+00 0.000000e+00 0.000000e+00 0.000000e+00 0.000000e+00 0.000000e+00
1.372000e+00 0.000000e+00 -7.466263e+03 -5.666258e+03 0.000000e+00 0.000000e+00 0.000000e+00 -2.812528e+02 -2.739139e+02 1.848923e+03 7.014719e+02 0.000000e+00 0.000000e+00 0.000000e+00 0.000000e+00 0.000000e+00 0.000000e+00 0.000000e+00 0.000000e+00 0.000000e+00
1.373000e+00 0.000000e+00 -7.458299e+03 -5.658177e+03 0.000000e+00 0.000000e+00 0.000000e+00 -2.806906e+02 -2.732610e+02 1.846120e+03 6.987565e+02 0.000000e+00 0.000000e+00 0.000000e+00 0.000000e+00 0.000000e+00 0.000000e+00 0.000000e+00 0.000000e+00 0.000000e+00
1.374000e+00 0.000000e+00 -7.450190e+03 -5.650169e+03 0.000000e+00 0.000000e+00 0.000000e+00 -2.801358e+02 -2.726153e+02 1.843305e+03 6.960495e+02 0.000000e+00 0.000000e+00 0.000000e+00 0.000000e+00 0.000000e+00 0.000000e+00 0.000000e+00 0.000000e+00 0.000000e+00
1.375000e+00 0.000000e+00 -7.441938e+03 -5.642235e+03 0.000000e+00 0.000000e+00 0.000000e+00 -2.795884e+02 -2.719768e+02 1.840480e+03 6.933510e+02 0.000000e+00 0.000000e+00 0.000000e+00 0.000000e+00 0.000000e+00 0.000000e+00 0.000000e+00 0.000000e+00 0.000000e+00
1.376000e+00 0.000000e+00 -7.433544e+03 -5.634376e+03 0.000000e+00 0.000000e+00 0.000000e+00 -2.790481e+02 -2.713452e+02 1.837644e+03 6.906610e+02 0.000000e+00 0.000000e+00 0.000000e+00 0.000000e+00 0.000000e+00 0.000000e+00 0.000000e+00 0.000000e+00 0.000000e+00
1.377000e+00 0.000000e+00 -7.425008e+03 -5.626592e+03 0.000000e+00 0.000000e+00 0.000000e+00 -2.785149e+02 -2.707206e+02 1.834797e+03 6.879792e+02 0.000000e+00 0.000000e+00 0.000000e+00 0.000000e+00 0.000000e+00 0.000000e+00 0.000000e+00 0.000000e+00 0.000000e+00
1.378000e+00 0.000000e+00 -7.416333e+03 -5.618886e+03 0.000000e+00 0.000000e+00 0.000000e+00 -2.779886e+02 -2.701028e+02 1.831941e+03 6.853057e+02 0.000000e+00 0.000000e+00 0.000000e+00 0.000000e+00 0.000000e+00 0.000000e+00 0.000000e+00 0.000000e+00 0.000000e+00
1.379000e+00 0.000000e+00 -7.407519e+03 -5.611257e+03 0.000000e+00 0.000000e+00 0.000000e+00 -2.774690e+02 -2.694915e+02 1.829075e+03 6.826404e+02 0.000000e+00 0.000000e+00 0.000000e+00 0.000000e+00 0.000000e+00 0.000000e+00 0.000000e+00 0.000000e+00 0.000000e+00
1.380000e+00 0.000000e+00 -7.398567e+03 -5.603708e+03 0.000000e+00 0.000000e+00 0.000000e+00 -2.769561e+02 -2.688868e+02 1.826200e+03 6.799832e+02 0.000000e+00 0.000000e+00 0.000000e+00 0.000000e+00 0.000000e+00 0.000000e+00 0.000000e+00 0.000000e+00 0.000000e+00
1.381000e+00 0.000000e+00 -7.389479e+03 -5.596238e+03 0.000000e+00 0.000000e+00 0.000000e+00 -2.764496e+02 -2.682884e+02 1.823316e+03 6.773340e+02 0.000000e+00 0.000000e+00 0.000000e+00 0.000000e+00 0.000000e+00 0.000000e+00 0.000000e+00 0.000000e+00 0.000000e+00
1.382000e+00 0.000000e+00 -7.380257e+03 -5.588849e+03 0.000000e+00 0.000000e+00 0.000000e+00 -2.759494e+02 -2.676963e+02 1.820424e+03 6.746928e+02 0.000000e+00 0.000000e+00 0.000000e+00 0.000000e+00 0.000000e+00 0.000000e+00 0.000000e+00 0.000000e+00 0.000000e+00
1.383000e+00 0.000000e+00 -7.370901e+03 -5.581541e+03 0.000000e+00 0.000000e+00 0.000000e+00 -2.754554e+02 -2.671102e+02 1.817523e+03 6.720594e+02 0.000000e+00 0.000000e+00 0.000000e+00 0.000000e+00 0.000000e+00 0.000000e+00 0.000000e+00 0.000000e+00 0.000000e+00
1.384000e+00 0.000000e+00 -7.361413e+03 -5.574316e+03 0.000000e+00 0.000000e+00 0.000000e+00 -2.749674e+02 -2.665301e+02 1.814615e+03 6.694338e+02 0.000000e+00 0.000000e+00 0.000000e+00 0.000000e+00 0.000000e+00 0.000000e+00 0.000000e+00 0.000000e+00 0.000000e+00
1.385000e+00 0.000000e+00 -7.351795e+03 -5.567173e+03 0.000000e+00 0.000000e+00 0.000000e+00 -2.744852e+02 -2.659558e+02 1.811700e+03 6.668159e+02 0.000000e+00 0.000000e+00 0.000000e+00 0.000000e+00 0.000000e+00 0.000000e+00 0.000000e+00 0.000000e+00 0.000000e+00
1.386000e+00 0.000000e+00 -7.342048e+03 -5.560115e+03 0.000000e+00 0.000000e+00 0.000000e+00 -2.740088e+02 -2.653871e+02 1.808778e+03 6.642056e+02 0.000000e+00 0.000000e+00 0.000000e+00 0.000000e+00 0.000000e+00 0.000000e+00 0.000000e+00 0.000000e+00 0.000000e+00
1.387000e+00 0.000000e+00 -7.332174e+03 -5.553140e+03 0.000000e+00 0.000000e+00 0.000000e+00 -2.735379e+02 -2.648240e+02 1.805850e+03 6.616029e+02 0.000000e+00 0.000000e+00 0.000000e+00 0.000000e+00 0.000000e+00 0.000000e+00 0.000000e+00 0.000000e+00 0.000000e+00
1.388000e+00 0.000000e+00 -7.322174e+03 -5.546251e+03 0.000000e+00 0.000000e+00 0.000000e+00 -2.730724e+02 -2.642663e+02 1.802915e+03 6.590076e+02 0.000000e+00 0.000000e+00 0.000000e+00 0.000000e+00 0.000000e+00 0.000000e+00 0.000000e+00 0.000000e+00 0.000000e+00
1.389000e+00 0.000000e+00 -7.312050e+03 -5.539447e+03 0.000000e+00 0.000000e+00 0.000000e+00 -2.726122e+02 -2.637138e+02 1.799975e+03 6.564196e+02 0.000000e+00 0.000000e+00 0.000000e+00 0.000000e+00 0.000000e+00 0.000000e+00 0.000000e+00 0.000000e+00 0.000000e+00
1.390000e+00 0.000000e+00 -7.301804e+03 -5.532729e+03 0.000000e+00 0.000000e+00 0.000000e+00 -2.721570e+02 -2.631664e+02 1.797030e+03 6.538390e+02 0.000000e+00 0.000000e+00 0.000000e+00 0.000000e+00 0.000000e+00 0.000000e+00 0.000000e+00 0.000000e+00 0.000000e+00
1.391000e+00 0.000000e+00 -7.291438e+03 -5.526098e+03 0.000000e+00 0.000000e+00 0.000000e+00 -2.717068e+02 -2.626239e+02 1.794080e+03 6.512655e+02 0.000000e+00 0.000000e+00 0.000000e+00 0.000000e+00 0.000000e+00 0.000000e+00 0.000000e+00 0.000000e+00 0.000000e+00
1.392000e+00 0.000000e+00 -7.280952e+03 -5.519554e+03 0.000000e+00 0.000000e+00 0.000000e+00 -2.712614e+02 -2.620863e+02 1.791125e+03 6.486991e+02 0.000000e+00 0.000000e+00 0.000000e+00 0.000000e+00 0.000000e+00 0.000000e+00 0.000000e+00 0.000000e+00 0.000000e+00
1.393000e+00 0.000000e+00 -7.270350e+03 -5.513097e+03 0.000000e+00 0.000000e+00 0.000000e+00 -2.708206e+02 -2.615533e+02 1.788166e+03 6.461398e+02 0.000000e+00 0.000000e+00 0.000000e+00 0.000000e+00 0.000000e+00 0.000000e+00 0.000000e+00 0.000000e+00 0.000000e+00
1.394000e+00 0.000000e+00 -7.259633e+03 -5.506729e+03 0.000000e+00 0.000000e+00 0.000000e+00 -2.703842e+02 -2.610249e+02 1.785204e+03 6.435873e+02 0.000000e+00 0.000000e+00 0.000000e+00 0.000000e+00 0.000000e+00 0.000000e+00 0.000000e+00 0.000000e+00 0.000000e+00
1.395000e+00 0.000000e+00 -7.248803e+03 -5.500448e+03 0.000000e+00 0.000000e+00 0.000000e+00 -2.699521e+02 -2.605008e+02 1.782238e+03 6.410417e+02 0.000000e+00 0.000000e+00 0.000000e+00 0.000000e+00 0.000000e+00 0.000000e+00 0.000000e+00 0.000000e+00 0.000000e+00
1.396000e+00 0.000000e+00 -7.237861e+03 -5.494256e+03 0.000000e+00 0.000000e+00 0.000000e+00 -2.695242e+02 -2.599809e+02 1.779270e+03 6.385027e+02 0.000000e+00 0.000000e+00 0.000000e+00 0.000000e+00 0.000000e+00 0.000000e+00 0.000000e+00 0.000000e+00 0.000000e+00
1.397000e+00 0.000000e+00 -7.226811e+03 -5.488152e+03 0.000000e+00 0.000000e+00 0.000000e+00 -2.691002e+02 -2.594651e+02 1.776299e+03 6.359704e+02 0.000000e+00 0.000000e+00 0.000000e+00 0.000000e+00 0.000000e+00 0.000000e+00 0.000000e+00 0.000000e+00 0.000000e+00
1.398000e+00 0.000000e+00 -7.215653e+03 -5.482137e+03 0.000000e+00 0.000000e+00 0.000000e+00 -2.686800e+02 -2.589532e+02 1.773326e+03 6.334446e+02 0.000000e+00 0.000000e+00 0.000000e+00 0.000000e+00 0.000000e+00 0.000000e+00 0.000000e+00 0.000000e+00 0.000000e+00
1.399000e+00 0.000000e+00 -7.204389e+03 -5.476211e+03 0.000000e+00 0.000000e+00 0.000000e+00 -2.682635e+02 -2.584450e+02 1.770352e+03 6.309252e+02 0.000000e+00 0.000000e+00 0.000000e+00 0.000000e+00 0.000000e+00 0.000000e+00 0.000000e+00 0.000000e+00 0.000000e+00
1.400000e+00 0.000000e+00 -7.193023e+03 -5.470375e+03 0.000000e+00 0.000000e+00 0.000000e+00 -2.678504e+02 -2.579404e+02 1.767376e+03 6.284121e+02 0.000000e+00 0.000000e+00 0.000000e+00 0.000000e+00 0.000000e+00 0.000000e+00 0.000000e+00 0.000000e+00 0.000000e+00
1.401000e+00 0.000000e+00 -7.181555e+03 -5.464627e+03 0.000000e+00 0.000000e+00 0.000000e+00 -2.674407e+02 -2.574393e+02 1.764400e+03 6.259052e+02 0.000000e+00 0.000000e+00 0.000000e+00 0.000000e+00 0.000000e+00 0.000000e+00 0.000000e+00 0.000000e+00 0.000000e+00
1.402000e+00 0.000000e+00 -7.169988e+03 -5.458969e+03 0.000000e+00 0.000000e+00 0.000000e+00 -2.670340e+02 -2.569414e+02 1.761423e+03 6.234043e+02 0.000000e+00 0.000000e+00 0.000000e+00 0.000000e+00 0.000000e+00 0.000000e+00 0.000000e+00 0.000000e+00 0.000000e+00
1.403000e+00 0.000000e+00 -7.158325e+03 -5.453399e+03 0.000000e+00 0.000000e+00 0.000000e+00 -2.666304e+02 -2.564467e+02 1.758446e+03 6.209095e+02 0.000000e+00 0.000000e+00 0.000000e+00 0.000000e+00 0.000000e+00 0.000000e+00 0.000000e+00 0.000000e+00 0.000000e+00
1.404000e+00 0.000000e+00 -7.146566e+03 -5.447919e+03 0.000000e+00 0.000000e+00 0.000000e+00 -2.662296e+02 -2.559550e+02 1.755470e+03 6.184204e+02 0.000000e+00 0.000000e+00 0.000000e+00 0.000000e+00 0.000000e+00 0.000000e+00 0.000000e+00 0.000000e+00 0.000000e+00
1.405000e+00 0.000000e+00 -7.134715e+03 -5.442528e+03 0.000000e+00 0.000000e+00 0.000000e+00 -2.658313e+02 -2.554661e+02 1.752494e+03 6.159371e+02 0.000000e+00 0.000000e+00 0.000000e+00 0.000000e+00 0.000000e+00 0.000000e+00 0.000000e+00 0.000000e+00 0.000000e+00
1.406000e+00 0.000000e+00 -7.122773e+03 -5.437226e+03 0.000000e+00 0.000000e+00 0.000000e+00 -2.654356e+02 -2.549799e+02 1.749520e+03 6.134594e+02 0.000000e+00 0.000000e+00 0.000000e+00 0.000000e+00 0.000000e+00 0.000000e+00 0.000000e+00 0.000000e+00 0.000000e+00
1.407000e+00 0.000000e+00 -7.110743e+03 -5.432012e+03 0.000000e+00 0.000000e+00 0.000000e+00 -2.650422e+02 -2.544961e+02 1.746547e+03 6.109873e+02 0.000000e+00 0.000000e+00 0.000000e+00 0.000000e+00 0.000000e+00 0.000000e+00 0.000000e+00 0.000000e+00 0.000000e+00
1.408000e+00 0.000000e+00 -7.098627e+03 -5.426886e+03 0.000000e+00 0.000000e+00 0.000000e+00 -2.646509e+02 -2.540147e+02 1.743576e+03 6.085204e+02 0.000000e+00 0.000000e+00 0.000000e+00 0.000000e+00 0.000000e+00 0.000000e+00 0.000000e+00 0.000000e+00 0.000000e+00
1.409000e+00 0.000000e+00 -7.086427e+03 -5.421849e+03 0.000000e+00 0.000000e+00 0.000000e+00 -2.642616e+02 -2.535355e+02 1.740608e+03 6.060589e+02 0.000000e+00 0.000000e+00 0.000000e+00 0.000000e+00 0.000000e+00 0.000000e+00 0.000000e+00 0.000000e+00 0.000000e+00
1.410000e+00 0.000000e+00 -7.074146e+03 -5.416899e+03 0.000000e+00 0.000000e+00 0.000000e+00 -2.638740e+02 -2.530583e+02 1.737642e+03 6.036024e+02 0.000000e+00 0.000000e+00 0.000000e+00 0.000000e+00 0.000000e+00 0.000000e+00 0.000000e+00 0.000000e+00 0.000000e+00
1.411000e+00 0.000000e+00 -7.061785e+03 -5.412036e+03 0.000000e+00 0.000000e+00 0.000000e+00 -2.634881e+02 -2.525830e+02 1.734680e+03 6.011509e+02 0.000000e+00 0.000000e+00 0.000000e+00 0.000000e+00 0.000000e+00 0.000000e+00 0.000000e+00 0.000000e+00 0.000000e+00
1.412000e+00 0.000000e+00 -7.049347e+03 -5.407261e+03 0.000000e+00 0.000000e+00 0.000000e+00 -2.631036e+02 -2.521094e+02 1.731721e+03 5.987043e+02 0.000000e+00 0.000000e+00 0.000000e+00 0.000000e+00 0.000000e+00 0.000000e+00 0.000000e+00 0.000000e+00 0.000000e+00
1.413000e+00 0.000000e+00 -7.036835e+03 -5.402571e+03 0.000000e+00 0.000000e+00 0.000000e+00 -2.627204e+02 -2.516373e+02 1.728766e+03 5.962623e+02 0.000000e+00 0.000000e+00 0.000000e+00 0.000000e+00 0.000000e+00 0.000000e+00 0.000000e+00 0.000000e+00 0.000000e+00
1.414000e+00 0.000000e+00 -7.024250e+03 -5.397968e+03 0.000000e+00 0.000000e+00 0.000000e+00 -2.623383e+02 -2.511666e+02 1.725815e+03 5.938250e+02 0.000000e+00 0.000000e+00 0.000000e+00 0.000000e+00 0.000000e+00 0.000000e+00 0.000000e+00 0.000000e+00 0.000000e+00
1.415000e+00 0.000000e+00 -7.011595e+03 -5.393450e+03 0.000000e+00 0.000000e+00 0.000000e+00 -2.619572e+02 -2.506972e+02 1.722869e+03 5.913920e+02 0.000000e+00 0.000000e+00 0.000000e+00 0.000000e+00 0.000000e+00 0.000000e+00 0.000000e+00 0.000000e+00 0.000000e+00
1.416000e+00 0.000000e+00 -6.998872e+03 -5.389016e+03 0.000000e+00 0.000000e+00 0.000000e+00 -2.615768e+02 -2.502288e+02 1.719927e+03 5.889634e+02 0.000000e+00 0.000000e+00 0.000000e+00 0.000000e+00 0.000000e+00 0.000000e+00 0.000000e+00 0.000000e+00 0.000000e+00
1.417000e+00 0.000000e+00 -6.986083e+03 -5.384667e+03 0.000000e+00 0.000000e+00 0.000000e+00 -2.611970e+02 -2.497612e+02 1.716992e+03 5.865389e+02 0.000000e+00 0.000000e+00 0.000000e+00 0.000000e+00 0.000000e+00 0.000000e+00 0.000000e+00 0.000000e+00 0.000000e+00
1.418000e+00 0.000000e+00 -6.973232e+03 -5.380401e+03 0.000000e+00 0.000000e+00 0.000000e+00 -2.608177e+02 -2.492945e+02 1.714062e+03 5.841184e+02 0.000000e+00 0.000000e+00 0.000000e+00 0.000000e+00 0.000000e+00 0.000000e+00 0.000000e+00 0.000000e+00 0.000000e+00
1.419000e+00 0.000000e+00 -6.960319e+03 -5.376217e+03 0.000000e+00 0.000000e+00 0.000000e+00 -2.604386e+02 -2.488283e+02 1.711138e+03 5.817017e+02 0.000000e+00 0.000000e+00 0.000000e+00 0.000000e+00 0.000000e+00 0.000000e+00 0.000000e+00 0.000000e+00 0.000000e+00
1.420000e+00 0.000000e+00 -6.947348e+03 -5.372116e+03 0.000000e+00 0.000000e+00 0.000000e+00 -2.600596e+02 -2.483625e+02 1.708220e+03 5.792888e+02 0.000000e+00 0.000000e+00 0.000000e+00 0.000000e+00 0.000000e+00 0.000000e+00 0.000000e+00 0.000000e+00 0.000000e+00
1.421000e+00 0.000000e+00 -6.934321e+03 -5.368095e+03 0.000000e+00 0.000000e+00 0.000000e+00 -2.596805e+02 -2.478970e+02 1.705309e+03 5.768794e+02 0.000000e+00 0.000000e+00 0.000000e+00 0.000000e+00 0.000000e+00 0.000000e+00 0.000000e+00 0.000000e+00 0.000000e+00
1.422000e+00 0.000000e+00 -6.921240e+03 -5.364155e+03 0.000000e+00 0.000000e+00 0.000000e+00 -2.593012e+02 -2.474316e+02 1.702405e+03 5.744734e+02 0.000000e+00 0.000000e+00 0.000000e+00 0.000000e+00 0.000000e+00 0.000000e+00 0.000000e+00 0.000000e+00 0.000000e+00
1.423000e+00 0.000000e+00 -6.908108e+03 -5.360293e+03 0.000000e+00 0.000000e+00 0.000000e+00 -2.589214e+02 -2.469662e+02 1.699509e+03 5.720706e+02 0.000000e+00 0.000000e+00 0.000000e+00 0.000000e+00 0.000000e+00 0.000000e+00 0.000000e+00 0.000000e+00 0.000000e+00
1.424000e+00 0.000000e+00 -6.894926e+03 -5.356510e+03 0.000000e+00 0.000000e+00 0.000000e+00 -2.585411e+02 -2.465005e+02 1.696620e+03 5.696710e+02 0.000000e+00 0.000000e+00 0.000000e+00 0.000000e+00 0.000000e+00 0.000000e+00 0.000000e+00 0.000000e+00 0.000000e+00
1.425000e+00 0.000000e+00 -6.881698e+03 -5.352804e+03 0.000000e+00 0.000000e+00 0.000000e+00 -2.581600e+02 -2.460344e+02 1.693740e+03 5.672742e+02 0.000000e+00 0.000000e+00 0.000000e+00 0.000000e+00 0.000000e+00 0.000000e+00 0.000000e+00 0.000000e+00 0.000000e+00
1.426000e+00 0.000000e+00 -6.868425e+03 -5.349175e+03 0.000000e+00 0.000000e+00 0.000000e+00 -2.577780e+02 -2.455678e+02 1.690868e+03 5.648802e+02 0.000000e+00 0.000000e+00 0.000000e+00 0.000000e+00 0.000000e+00 0.000000e+00 0.000000e+00 0.000000e+00 0.000000e+00
1.427000e+00 0.000000e+00 -6.855110e+03 -5.345620e+03 0.000000e+00 0.000000e+00 0.000000e+00 -2.573949e+02 -2.451005e+02 1.688004e+03 5.624888e+02 0.000000e+00 0.000000e+00 0.000000e+00 0.000000e+00 0.000000e+00 0.000000e+00 0.000000e+00 0.000000e+00 0.000000e+00
1.428000e+00 0.000000e+00 -6.841755e+03 -5.342140e+03 0.000000e+00 0.000000e+00 0.000000e+00 -2.570105e+02 -2.446323e+02 1.685150e+03 5.600998e+02 0.000000e+00 0.000000e+00 0.000000e+00 0.000000e+00 0.000000e+00 0.000000e+00 0.000000e+00 0.000000e+00 0.000000e+00
1.429000e+00 0.000000e+00 -6.828362e+03 -5.338732e+03 0.000000e+00 0.000000e+00 0.000000e+00 -2.566248e+02 -2.441631e+02 1.682305e+03 5.577131e+02 0.000000e+00 0.000000e+00 0.000000e+00 0.000000e+00 0.000000e+00 0.000000e+00 0.000000e+00 0.000000e+00 0.000000e+00
1.430000e+00 0.000000e+00 -6.814934e+03 -5.335396e+03 0.000000e+00 0.000000e+00 0.000000e+00 -2.562374e+02 -2.436928e+02 1.679469e+03 5.553285e+02 0.000000e+00 0.000000e+00 0.000000e+00 0.000000e+00 0.000000e+00 0.000000e+00 0.000000e+00 0.000000e+00 0.000000e+00
1.431000e+00 0.000000e+00 -6.801473e+03 -5.332131e+03 0.000000e+00 0.000000e+00 0.000000e+00 -2.558483e+02 -2.432211e+02 1.676644e+03 5.529458e+02 0.000000e+00 0.000000e+00 0.000000e+00 0.000000e+00 0.000000e+00 0.000000e+00 0.000000e+00 0.000000e+00 0.000000e+00
1.432000e+00 0.000000e+00 -6.787981e+03 -5.328934e+03 0.000000e+00 0.000000e+00 0.000000e+00 -2.554574e+02 -2.427479e+02 1.673828e+03 5.505649e+02 0.000000e+00 0.000000e+00 0.000000e+00 0.000000e+00 0.000000e+00 0.000000e+00 0.000000e+00 0.000000e+00 0.000000e+00
1.433000e+00 0.000000e+00 -6.774461e+03 -5.325806e+03 0.000000e+00 0.000000e+00 0.000000e+00 -2.550643e+02 -2.422731e+02 1.671023e+03 5.481855e+02 0.000000e+00 0.000000e+00 0.000000e+00 0.000000e+00 0.000000e+00 0.000000e+00 0.000000e+00 0.000000e+00 0.000000e+00
1.434000e+00 0.000000e+00 -6.760915e+03 -5.322744e+03 0.000000e+00 0.000000e+00 0.000000e+00 -2.546690e+02 -2.417965e+02 1.668229e+03 5.458076e+02 0.000000e+00 0.000000e+00 0.000000e+00 0.000000e+00 0.000000e+00 0.000000e+00 0.000000e+00 0.000000e+00 0.000000e+00
1.435000e+00 0.000000e+00 -6.747344e+03 -5.319747e+03 0.000000e+00 0.000000e+00 0.000000e+00 -2.542714e+02 -2.413180e+02 1.665446e+03 5.434309e+02 0.000000e+00 0.000000e+00 0.000000e+00 0.000000e+00 0.000000e+00 0.000000e+00 0.000000e+00 0.000000e+00 0.000000e+00
1.436000e+00 0.000000e+00 -6.733752e+03 -5.316814e+03 0.000000e+00 0.000000e+00 0.000000e+00 -2.538712e+02 -2.408373e+02 1.662673e+03 5.410553e+02 0.000000e+00 0.000000e+00 0.000000e+00 0.000000e+00 0.000000e+00 0.000000e+00 0.000000e+00 0.000000e+00 0.000000e+00
1.437000e+00 0.000000e+00 -6.720140e+03 -5.313943e+03 0.000000e+00 0.000000e+00 0.000000e+00 -2.534683e+02 -2.403545e+02 1.659913e+03 5.386806e+02 0.000000e+00 0.000000e+00 0.000000e+00 0.000000e+00 0.000000e+00 0.000000e+00 0.000000e+00 0.000000e+00 0.000000e+00
1.438000e+00 0.000000e+00 -6.706510e+03 -5.311134e+03 0.000000e+00 0.000000e+00 0.000000e+00 -2.530625e+02 -2.398692e+02 1.657164e+03 5.363067e+02 0.000000e+00 0.000000e+00 0.000000e+00 0.000000e+00 0.000000e+00 0.000000e+00 0.000000e+00 0.000000e+00 0.000000e+00
1.439000e+00 0.000000e+00 -6.692866e+03 -5.308383e+03 0.000000e+00 0.000000e+00 0.000000e+00 -2.526538e+02 -2.393814e+02 1.654427e+03 5.339333e+02 0.000000e+00 0.000000e+00 0.000000e+00 0.000000e+00 0.000000e+00 0.000000e+00 0.000000e+00 0.000000e+00 0.000000e+00
1.440000e+00 0.000000e+00 -6.679208e+03 -5.305691e+03 0.000000e+00 0.000000e+00 0.000000e+00 -2.522419e+02 -2.388909e+02 1.651702e+03 5.315602e+02 0.000000e+00 0.000000e+00 0.000000e+00 0.000000e+00 0.000000e+00 0.000000e+00 0.000000e+00 0.000000e+00 0.000000e+00
1.441000e+00 0.000000e+00 -6.665539e+03 -5.303055e+03 0.000000e+00 0.000000e+00 0.000000e+00 -2.518267e+02 -2.383976e+02 1.648990e+03 5.291874e+02 0.000000e+00 0.000000e+00 0.000000e+00 0.000000e+00 0.000000e+00 0.000000e+00 0.000000e+00 0.000000e+00 0.000000e+00
1.442000e+00 0.000000e+00 -6.651861e+03 -5.300473e+03 0.000000e+00 0.000000e+00 0.000000e+00 -2.514080e+02 -2.379013e+02 1.646291e+03 5.268146e+02 0.000000e+00 0.000000e+00 0.000000e+00 0.000000e+00 0.000000e+00 0.000000e+00 0.000000e+00 0.000000e+00 0.000000e+00
1.443000e+00 0.000000e+00 -6.638176e+03 -5.297945e+03 0.000000e+00 0.000000e+00 0.000000e+00 -2.509858e+02 -2.374020e+02 1.643604e+03 5.244416e+02 0.000000e+00 0.000000e+00 0.000000e+00 0.000000e+00 0.000000e+00 0.000000e+00 0.000000e+00 0.000000e+00 0.000000e+00
1.444000e+00 0.000000e+00 -6.624486e+03 -5.295468e+03 0.000000e+00 0.000000e+00 0.000000e+00 -2.505598e+02 -2.368993e+02 1.640930e+03 5.220683e+02 0.000000e+00 0.000000e+00 0.000000e+00 0.000000e+00 0.000000e+00 0.000000e+00 0.000000e+00 0.000000e+00 0.000000e+00
1.445000e+00 0.000000e+00 -6.610794e+03 -5.293041e+03 0.000000e+00 0.000000e+00 0.000000e+00 -2.501299e+02 -2.363933e+02 1.638270e+03 5.196945e+02 0.000000e+00 0.000000e+00 0.000000e+00 0.000000e+00 0.000000e+00 0.000000e+00 0.000000e+00 0.000000e+00 0.000000e+00
1.446000e+00 0.000000e+00 -6.597100e+03 -5.290662e+03 0.000000e+00 0.000000e+00 0.000000e+00 -2.496960e+02 -2.358837e+02 1.635623e+03 5.173200e+02 0.000000e+00 0.000000e+00 0.000000e+00 0.000000e+00 0.000000e+00 0.000000e+00 0.000000e+00 0.000000e+00 0.000000e+00
1.447000e+00 0.000000e+00 -6.583408e+03 -5.288329e+03 0.000000e+00 0.000000e+00 0.000000e+00 -2.492579e+02 -2.353705e+02 1.632990e+03 5.149447e+02 0.000000e+00 0.000000e+00 0.000000e+00 0.000000e+00 0.000000e+00 0.000000e+00 0.000000e+00 0.000000e+00 0.000000e+00
1.448000e+00 0.000000e+00 -6.569719e+03 -5.286042e+03 0.000000e+00 0.000000e+00 0.000000e+00 -2.488155e+02 -2.348534e+02 1.630371e+03 5.125684e+02 0.000000e+00 0.000000e+00 0.000000e+00 0.000000e+00 0.000000e+00 0.000000e+00 0.000000e+00 0.000000e+00 0.000000e+00
1.449000e+00 0.000000e+00 -6.556035e+03 -5.283797e+03 0.000000e+00 0.000000e+00 0.000000e+00 -2.483687e+02 -2.343325e+02 1.627765e+03 5.101909e+02 0.000000e+00 0.000000e+00 0.000000e+00 0.000000e+00 0.000000e+00 0.000000e+00 0.000000e+00 0.000000e+00 0.000000e+00
1.450000e+00 0.000000e+00 -6.542357e+03 -5.281593e+03 0.000000e+00 0.000000e+00 0.000000e+00 -2.479174e+02 -2.338075e+02 1.625174e+03 5.078120e+02 0.000000e+00 0.000000e+00 0.000000e+00 0.000000e+00 0.000000e+00 0.000000e+00 0.000000e+00 0.000000e+00 0.000000e+00
1.451000e+00 0.000000e+00 -6.528689e+03 -5.279429e+03 0.000000e+00 0.000000e+00 0.000000e+00 -2.474613e+02 -2.332783e+02 1.622598e+03 5.054316e+02 0.000000e+00 0.000000e+00 0.000000e+00 0.000000e+00 0.000000e+00 0.000000e+00 0.000000e+00 0.000000e+00 0.000000e+00
1.452000e+00 0.000000e+00 -6.515031e+03 -5.277303e+03 0.000000e+00 0.000000e+00 0.000000e+00 -2.470004e+02 -2.327447e+02 1.620035e+03 5.030494e+02 0.000000e+00 0.000000e+00 0.000000e+00 0.000000e+00 0.000000e+00 0.000000e+00 0.000000e+00 0.000000e+00 0.000000e+00
1.453000e+00 0.000000e+00 -6.501386e+03 -5.275213e+03 0.000000e+00 0.000000e+00 0.000000e+00 -2.465345e+02 -2.322068e+02 1.617488e+03 5.006654e+02 0.000000e+00 0.000000e+00 0.000000e+00 0.000000e+00 0.000000e+00 0.000000e+00 0.000000e+00 0.000000e+00 0.000000e+00
1.454000e+00 0.000000e+00 -6.487754e+03 -5.273156e+03 0.000000e+00 0.000000e+00 0.000000e+00 -2.460635e+02 -2.316643e+02 1.614955e+03 4.982793e+02 0.000000e+00 0.000000e+00 0.000000e+00 0.000000e+00 0.000000e+00 0.000000e+00 0.000000e+00 0.000000e+00 0.000000e+00
1.455000e+00 0.000000e+00 -6.474139e+03 -5.271132e+03 0.000000e+00 0.000000e+00 0.000000e+00 -2.455874e+02 -2.311171e+02 1.612438e+03 4.958911e+02 0.000000e+00 0.000000e+00 0.000000e+00 0.000000e+00 0.000000e+00 0.000000e+00 0.000000e+00 0.000000e+00 0.000000e+00
1.456000e+00 0.000000e+00 -6.460541e+03 -5.269138e+03 0.000000e+00 0.000000e+00 0.000000e+00 -2.451059e+02 -2.305651e+02 1.609935e+03 4.935004e+02 0.000000e+00 0.000000e+00 0.000000e+00 0.000000e+00 0.000000e+00 0.000000e+00 0.000000e+00 0.000000e+00 0.000000e+00
1.457000e+00 0.000000e+00 -6.446963e+03 -5.267173e+03 0.000000e+00 0.000000e+00 0.000000e+00 -2.446189e+02 -2.300081e+02 1.607448e+03 4.911072e+02 0.000000e+00 0.000000e+00 0.000000e+00 0.000000e+00 0.000000e+00 0.000000e+00 0.000000e+00 0.000000e+00 0.000000e+00
1.458000e+00 0.000000e+00 -6.433405e+03 -5.265235e+03 0.000000e+00 0.000000e+00 0.000000e+00 -2.441264e+02 -2.294462e+02 1.604976e+03 4.887113e+02 0.000000e+00 0.000000e+00 0.000000e+00 0.000000e+00 0.000000e+00 0.000000e+00 0.000000e+00 0.000000e+00 0.000000e+00
1.459000e+00 0.000000e+00 -6.419870e+03 -5.263321e+03 0.000000e+00 0.000000e+00 0.000000e+00 -2.436283e+02 -2.288791e+02 1.602519e+03 4.863125e+02 0.000000e+00 0.000000e+00 0.000000e+00 0.000000e+00 0.000000e+00 0.000000e+00 0.000000e+00 0.000000e+00 0.000000e+00
1.460000e+00 0.000000e+00 -6.406360e+03 -5.261430e+03 0.000000e+00 0.000000e+00 0.000000e+00 -2.431243e+02 -2.283068e+02 1.600078e+03 4.839107e+02 0.000000e+00 0.000000e+00 0.000000e+00 0.000000e+00 0.000000e+00 0.000000e+00 0.000000e+00 0.000000e+00 0.000000e+00
1.461000e+00 0.000000e+00 -6.392875e+03 -5.259561e+03 0.000000e+00 0.000000e+00 0.000000e+00 -2.426145e+02 -2.277291e+02 1.597653e+03 4.815058e+02 0.000000e+00 0.000000e+00 0.000000e+00 0.000000e+00 0.000000e+00 0.000000e+00 0.000000e+00 0.000000e+00 0.000000e+00
1.462000e+00 0.000000e+00 -6.379417e+03 -5.257710e+03 0.000000e+00 0.000000e+00 0.000000e+00 -2.420986e+02 -2.271460e+02 1.595243e+03 4.790975e+02 0.000000e+00 0.000000e+00 0.000000e+00 0.000000e+00 0.000000e+00 0.000000e+00 0.000000e+00 0.000000e+00 0.000000e+00
1.463000e+00 0.000000e+00 -6.365988e+03 -5.255878e+03 0.000000e+00 0.000000e+00 0.000000e+00 -2.415767e+02 -2.265573e+02 1.592850e+03 4.766857e+02 0.000000e+00 0.000000e+00 0.000000e+00 0.000000e+00 0.000000e+00 0.000000e+00 0.000000e+00 0.000000e+00 0.000000e+00
1.464000e+00 0.000000e+00 -6.352589e+03 -5.254061e+03 0.000000e+00 0.000000e+00 0.000000e+00 -2.410486e+02 -2.259630e+02 1.590472e+03 4.742703e+02 0.000000e+00 0.000000e+00 0.000000e+00 0.000000e+00 0.000000e+00 0.000000e+00 0.000000e+00 0.000000e+00 0.000000e+00
1.465000e+00 0.000000e+00 -6.339221e+03 -5.252257e+03 0.000000e+00 0.000000e+00 0.000000e+00 -2.405142e+02 -2.253629e+02 1.588110e+03 4.718512e+02 0.000000e+00 0.000000e+00 0.000000e+00 0.000000e+00 0.000000e+00 0.000000e+00 0.000000e+00 0.000000e+00 0.000000e+00
1.466000e+00 0.000000e+00 -6.325887e+03 -5.250466e+03 0.000000e+00 0.000000e+00 0.000000e+00 -2.399735e+02 -2.247570e+02 1.585765e+03 4.694281e+02 0.000000e+00 0.000000e+00 0.000000e+00 0.000000e+00 0.000000e+00 0.000000e+00 0.000000e+00 0.000000e+00 0.000000e+00
1.467000e+00 0.000000e+00 -6.312586e+03 -5.248684e+03 0.000000e+00 0.000000e+00 0.000000e+00 -2.394263e+02 -2.241452e+02 1.583436e+03 4.670010e+02 0.000000e+00 0.000000e+00 0.000000e+00 0.000000e+00 0.000000e+00 0.000000e+00 0.000000e+00 0.000000e+00 0.000000e+00
1.468000e+00 0.000000e+00 -6.299321e+03 -5.246911e+03 0.000000e+00 0.000000e+00 0.000000e+00 -2.388725e+02 -2.235274e+02 1.581123e+03 4.645698e+02 0.000000e+00 0.000000e+00 0.000000e+00 0.000000e+00 0.000000e+00 0.000000e+00 0.000000e+00 0.000000e+00 0.000000e+00
1.469000e+00 0.000000e+00 -6.286093e+03 -5.245145e+03 0.000000e+00 0.000000e+00 0.000000e+00 -2.383121e+02 -2.229034e+02 1.578826e+03 4.621342e+02 0.000000e+00 0.000000e+00 0.000000e+00 0.000000e+00 0.000000e+00 0.000000e+00 0.000000e+00 0.000000e+00 0.000000e+00
1.470000e+00 0.000000e+00 -6.272904e+03 -5.243383e+03 0.000000e+00 0.000000e+00 0.000000e+00 -2.377450e+02 -2.222734e+02 1.576546e+03 4.596942e+02 0.000000e+00 0.000000e+00 0.000000e+00 0.000000e+00 0.000000e+00 0.000000e+00 0.000000e+00 0.000000e+00 0.000000e+00
1.471000e+00 0.000000e+00 -6.259753e+03 -5.241623e+03 0.000000e+00 0.000000e+00 0.000000e+00 -2.371711e+02 -2.216370e+02 1.574282e+03 4.572496e+02 0.000000e+00 0.000000e+00 0.000000e+00 0.000000e+00 0.000000e+00 0.000000e+00 0.000000e+00 0.000000e+00 0.000000e+00
1.472000e+00 0.000000e+00 -6.246643e+03 -5.239865e+03 0.000000e+00 0.000000e+00 0.000000e+00 -2.365903e+02 -2.209943e+02 1.572034e+03 4.548003e+02 0.000000e+00 0.000000e+00 0.000000e+00 0.000000e+00 0.000000e+00 0.000000e+00 0.000000e+00 0.000000e+00 0.000000e+00
1.473000e+00 0.000000e+00 -6.233574e+03 -5.238106e+03 0.000000e+00 0.000000e+00 0.000000e+00 -2.360026e+02 -2.203452e+02 1.569803e+03 4.523462e+02 0.000000e+00 0.000000e+00 0.000000e+00 0.000000e+00 0.000000e+00 0.000000e+00 0.000000e+00 0.000000e+00 0.000000e+00
1.474000e+00 0.000000e+00 -6.220549e+03 -5.236344e+03 0.000000e+00 0.000000e+00 0.000000e+00 -2.354078e+02 -2.196896e+02 1.567589e+03 4.498871e+02 0.000000e+00 0.000000e+00 0.000000e+00 0.000000e+00 0.000000e+00 0.000000e+00 0.000000e+00 0.000000e+00 0.000000e+00
1.475000e+00 0.000000e+00 -6.207567e+03 -5.234578e+03 0.000000e+00 0.000000e+00 0.000000e+00 -2.348060e+02 -2.190275e+02 1.565391e+03 4.474230e+02 0.000000e+00 0.000000e+00 0.000000e+00 0.000000e+00 0.000000e+00 0.000000e+00 0.000000e+00 0.000000e+00 0.000000e+00
1.476000e+00 0.000000e+00 -6.194629e+03 -5.232806e+03 0.000000e+00 0.000000e+00 0.000000e+00 -2.341970e+02 -2.183588e+02 1.563210e+03 4.449537e+02 0.000000e+00 0.000000e+00 0.000000e+00 0.000000e+00 0.000000e+00 0.000000e+00 0.000000e+00 0.000000e+00 0.000000e+00
1.477000e+00 0.000000e+00 -6.181738e+03 -5.231025e+03 0.000000e+00 0.000000e+00 0.000000e+00 -2.335808e+02 -2.176834e+02 1.561046e+03 4.424792e+02 0.000000e+00 0.000000e+00 0.000000e+00 0.000000e+00 0.000000e+00 0.000000e+00 0.000000e+00 0.000000e+00 0.000000e+00
1.478000e+00 0.000000e+00 -6.168894e+03 -5.229236e+03 0.000000e+00 0.000000e+00 0.000000e+00 -2.329574e+02 -2.170012e+02 1.558898e+03 4.399993e+02 0.000000e+00 0.000000e+00 0.000000e+00 0.000000e+00 0.000000e+00 0.000000e+00 0.000000e+00 0.000000e+00 0.000000e+00
1.479000e+00 0.000000e+00 -6.156097e+03 -5.227435e+03 0.000000e+00 0.000000e+00 0.000000e+00 -2.323266e+02 -2.163123e+02 1.556767e+03 4.375139e+02 0.000000e+00 0.000000e+00 0.000000e+00 0.000000e+00 0.000000e+00 0.000000e+00 0.000000e+00 0.000000e+00 0.000000e+00
1.480000e+00 0.000000e+00 -6.143348e+03 -5.225621e+03 0.000000e+00 0.000000e+00 0.000000e+00 -2.316885e+02 -2.156165e+02 1.554652e+03 4.350229e+02 0.000000e+00 0.000000e+00 0.000000e+00 0.000000e+00 0.000000e+00 0.000000e+00 0.000000e+00 0.000000e+00 0.000000e+00
1.481000e+00 0.000000e+00 -6.130649e+03 -5.223793e+03 0.000000e+00 0.000000e+00 0.000000e+00 -2.310429e+02 -2.149139e+02 1.552555e+03 4.325263e+02 0.000000e+00 0.000000e+00 0.000000e+00 0.000000e+00 0.000000e+00 0.000000e+00 0.000000e+00 0.000000e+00 0.000000e+00
1.482000e+00 0.000000e+00 -6.118001e+03 -5.221948e+03 0.000000e+00 0.000000e+00 0.000000e+00 -2.303899e+02 -2.142043e+02 1.550474e+03 4.300240e+02 0.000000e+00 0.000000e+00 0.000000e+00 0.000000e+00 0.000000e+00 0.000000e+00 0.000000e+00 0.000000e+00 0.000000e+00
1.483000e+00 0.000000e+00 -6.105403e+03 -5.220086e+03 0.000000e+00 0.000000e+00 0.000000e+00 -2.297294e+02 -2.134878e+02 1.548409e+03 4.275159e+02 0.000000e+00 0.000000e+00 0.000000e+00 0.000000e+00 0.000000e+00 0.000000e+00 0.000000e+00 0.000000e+00 0.000000e+00
1.484000e+00 0.000000e+00 -6.092857e+03 -5.218205e+03 0.000000e+00 0.000000e+00 0.000000e+00 -2.290613e+02 -2.127642e+02 1.546361e+03 4.250019e+02 0.000000e+00 0.000000e+00 0.000000e+00 0.000000e+00 0.000000e+00 0.000000e+00 0.000000e+00 0.000000e+00 0.000000e+00
1.485000e+00 0.000000e+00 -6.080364e+03 -5.216303e+03 0.000000e+00 0.000000e+00 0.000000e+00 -2.283857e+02 -2.120336e+02 1.544330e+03 4.224819e+02 0.000000e+00 0.000000e+00 0.000000e+00 0.000000e+00 0.000000e+00 0.000000e+00 0.000000e+00 0.000000e+00 0.000000e+00
1.486000e+00 0.000000e+00 -6.067923e+03 -5.214379e+03 0.000000e+00 0.000000e+00 0.000000e+00 -2.277025e+02 -2.112959e+02 1.542316e+03 4.199559e+02 0.000000e+00 0.000000e+00 0.000000e+00 0.000000e+00 0.000000e+00 0.000000e+00 0.000000e+00 0.000000e+00 0.000000e+00
1.487000e+00 0.000000e+00 -6.055537e+03 -5.212431e+03 0.000000e+00 0.000000e+00 0.000000e+00 -2.270117e+02 -2.105511e+02 1.540318e+03 4.174238e+02 0.000000e+00 0.000000e+00 0.000000e+00 0.000000e+00 0.000000e+00 0.000000e+00 0.000000e+00 0.000000e+00 0.000000e+00
1.488000e+00 0.000000e+00 -6.043205e+03 -5.210458e+03 0.000000e+00 0.000000e+00 0.000000e+00 -2.263132e+02 -2.097992e+02 1.538337e+03 4.148856e+02 0.000000e+00 0.000000e+00 0.000000e+00 0.000000e+00 0.000000e+00 0.000000e+00 0.000000e+00 0.000000e+00 0.000000e+00
1.489000e+00 0.000000e+00 -6.030928e+03 -5.208459e+03 0.000000e+00 0.000000e+00 0.000000e+00 -2.256071e+02 -2.090402e+02 1.536373e+03 4.123412e+02 0.000000e+00 0.000000e+00 0.000000e+00 0.000000e+00 0.000000e+00 0.000000e+00 0.000000e+00 0.000000e+00 0.000000e+00
1.490000e+00 0.000000e+00 -6.018707e+03 -5.206431e+03 0.000000e+00 0.000000e+00 0.000000e+00 -2.248933e+02 -2.082739e+02 1.534425e+03 4.097905e+02 0.000000e+00 0.000000e+00 0.000000e+00 0.000000e+00 0.000000e+00 0.000000e+00 0.000000e+00 0.000000e+00 0.000000e+00
1.491000e+00 0.000000e+00 -6.006542e+03 -5.204374e+03 0.000000e+00 0.000000e+00 0.000000e+00 -2.241717e+02 -2.075004e+02 1.532493e+03 4.072335e+02 0.000000e+00 0.000000e+00 0.000000e+00 0.000000e+00 0.000000e+00 0.000000e+00 0.000000e+00 0.000000e+00 0.000000e+00
1.492000e+00 0.000000e+00 -5.994434e+03 -5.202286e+03 0.000000e+00 0.000000e+00 0.000000e+00 -2.234425e+02 -2.067197e+02 1.530578e+03 4.046702e+02 0.000000e+00 0.000000e+00 0.000000e+00 0.000000e+00 0.000000e+00 0.000000e+00 0.000000e+00 0.000000e+00 0.000000e+00
1.493000e+00 0.000000e+00 -5.982382e+03 -5.200167e+03 0.000000e+00 0.000000e+00 0.000000e+00 -2.227055e+02 -2.059318e+02 1.528680e+03 4.021005e+02 0.000000e+00 0.000000e+00 0.000000e+00 0.000000e+00 0.000000e+00 0.000000e+00 0.000000e+00 0.000000e+00 0.000000e+00
1.494000e+00 0.000000e+00 -5.970389e+03 -5.198014e+03 0.000000e+00 0.000000e+00 0.000000e+00 -2.219607e+02 -2.051367e+02 1.526798e+03 3.995244e+02 0.000000e+00 0.000000e+00 0.000000e+00 0.000000e+00 0.000000e+00 0.000000e+00 0.000000e+00 0.000000e+00 0.000000e+00
1.495000e+00 0.000000e+00 -5.958453e+03 -5.195827e+03 0.000000e+00 0.000000e+00 0.000000e+00 -2.212083e+02 -2.043343e+02 1.524933e+03 3.969419e+02 0.000000e+00 0.000000e+00 0.000000e+00 0.000000e+00 0.000000e+00 0.000000e+00 0.000000e+00 0.000000e+00 0.000000e+00
1.496000e+00 0.000000e+00 -5.946576e+03 -5.193604e+03 0.000000e+00 0.000000e+00 0.000000e+00 -2.204481e+02 -2.035247e+02 1.523083e+03 3.943529e+02 0.000000e+00 0.000000e+00 0.000000e+00 0.000000e+00 0.000000e+00 0.000000e+00 0.000000e+00 0.000000e+00 0.000000e+00
1.497000e+00 0.000000e+00 -5.934757e+03 -5.191345e+03 0.000000e+00 0.000000e+00 0.000000e+00 -2.196802e+02 -2.027078e+02 1.521250e+03 3.917575e+02 0.000000e+00 0.000000e+00 0.000000e+00 0.000000e+00 0.000000e+00 0.000000e+00 0.000000e+00 0.000000e+00 0.000000e+00
1.498000e+00 0.000000e+00 -5.922997e+03 -5.189047e+03 0.000000e+00 0.000000e+00 0.000000e+00 -2.189045e+02 -2.018837e+02 1.519434e+03 3.891556e+02 0.000000e+00 0.000000e+00 0.000000e+00 0.000000e+00 0.000000e+00 0.000000e+00 0.000000e+00 0.000000e+00 0.000000e+00
1.499000e+00 0.000000e+00 -5.911297e+03 -5.186711e+03 0.000000e+00 0.000000e+00 0.000000e+00 -2.181212e+02 -2.010524e+02 1.517633e+03 3.865473e+02 0.000000e+00 0.000000e+00 0.000000e+00 0.000000e+00 0.000000e+00 0.000000e+00 0.000000e+00 0.000000e+00 0.000000e+00
1.500000e+00 0.000000e+00 -5.899657e+03 -5.184336e+03 0.000000e+00 0.000000e+00 0.000000e+00 -2.173302e+02 -2.002139e+02 1.515849e+03 3.839325e+02 0.000000e+00 0.000000e+00 0.000000e+00 0.000000e+00 0.000000e+00 0.000000e+00 0.000000e+00 0.000000e+00 0.000000e+00
1.501000e+00 0.000000e+00 -5.888076e+03 -5.181919e+03 0.000000e+00 0.000000e+00 0.000000e+00 -2.165315e+02 -1.993681e+02 1.514081e+03 3.813113e+02 0.000000e+00 0.000000e+00 0.000000e+00 0.000000e+00 0.000000e+00 0.000000e+00 0.000000e+00 0.000000e+00 0.000000e+00
1.502000e+00 0.000000e+00 -5.876555e+03 -5.179461e+03 0.000000e+00 0.000000e+00 0.000000e+00 -2.157252e+02 -1.985153e+02 1.512329e+03 3.786836e+02 0.000000e+00 0.000000e+00 0.000000e+00 0.000000e+00 0.000000e+00 0.000000e+00 0.000000e+00 0.000000e+00 0.000000e+00
1.503000e+00 0.000000e+00 -5.865094e+03 -5.176960e+03 0.000000e+00 0.000000e+00 0.000000e+00 -2.149113e+02 -1.976553e+02 1.510593e+03 3.760495e+02 0.000000e+00 0.000000e+00 0.000000e+00 0.000000e+00 0.000000e+00 0.000000e+00 0.000000e+00 0.000000e+00 0.000000e+00
1.504000e+00 0.000000e+00 -5.853694e+03 -5.174416e+03 0.000000e+00 0.000000e+00 0.000000e+00 -2.140899e+02 -1.967881e+02 1.508872e+03 3.734090e+02 0.000000e+00 0.000000e+00 0.000000e+00 0.000000e+00 0.000000e+00 0.000000e+00 0.000000e+00 0.000000e+00 0.000000e+00
1.505000e+00 0.000000e+00 -5.842354e+03 -5.171827e+03 0.000000e+00 0.000000e+00 0.000000e+00 -2.132608e+02 -1.959139e+02 1.507168e+03 3.707622e+02 0.000000e+00 0.000000e+00 0.000000e+00 0.000000e+00 0.000000e+00 0.000000e+00 0.000000e+00 0.000000e+00 0.000000e+00
1.506000e+00 0.000000e+00 -5.831074e+03 -5.169194e+03 0.000000e+00 0.000000e+00 0.000000e+00 -2.124243e+02 -1.950326e+02 1.505479e+03 3.681090e+02 0.000000e+00 0.000000e+00 0.000000e+00 0.000000e+00 0.000000e+00 0.000000e+00 0.000000e+00 0.000000e+00 0.000000e+00
1.507000e+00 0.000000e+00 -5.819856e+03 -5.166515e+03 0.000000e+00 0.000000e+00 0.000000e+00 -2.115802e+02 -1.941443e+02 1.503806e+03 3.654496e+02 0.000000e+00 0.000000e+00 0.000000e+00 0.000000e+00 0.000000e+00 0.000000e+00 0.000000e+00 0.000000e+00 0.000000e+00
1.508000e+00 0.000000e+00 -5.808698e+03 -5.163789e+03 0.000000e+00 0.000000e+00 0.000000e+00 -2.107287e+02 -1.932489e+02 1.502149e+03 3.627839e+02 0.000000e+00 0.000000e+00 0.000000e+00 0.000000e+00 0.000000e+00 0.000000e+00 0.000000e+00 0.000000e+00 0.000000e+00
1.509000e+00 0.000000e+00 -5.797601e+03 -5.161016e+03 0.000000e+00 0.000000e+00 0.000000e+00 -2.098699e+02 -1.923467e+02 1.500508e+03 3.601120e+02 0.000000e+00 0.000000e+00 0.000000e+00 0.000000e+00 0.000000e+00 0.000000e+00 0.000000e+00 0.000000e+00 0.000000e+00
1.510000e+00 0.000000e+00 -5.786565e+03 -5.158196e+03 0.000000e+00 0.000000e+00 0.000000e+00 -2.090036e+02 -1.914375e+02 1.498881e+03 3.574339e+02 0.000000e+00 0.000000e+00 0.000000e+00 0.000000e+00 0.000000e+00 0.000000e+00 0.000000e+00 0.000000e+00 0.000000e+00
1.511000e+00 0.000000e+00 -5.775590e+03 -5.155327e+03 0.000000e+00 0.000000e+00 0.000000e+00 -2.081301e+02 -1.905214e+02 1.497271e+03 3.547497e+02 0.000000e+00 0.000000e+00 0.000000e+00 0.000000e+00 0.000000e+00 0.000000e+00 0.000000e+00 0.000000e+00 0.000000e+00
1.512000e+00 0.000000e+00 -5.764676e+03 -5.152409e+03 0.000000e+00 0.000000e+00 0.000000e+00 -2.072493e+02 -1.895985e+02 1.495676e+03 3.520596e+02 0.000000e+00 0.000000e+00 0.000000e+00 0.000000e+00 0.000000e+00 0.000000e+00 0.000000e+00 0.000000e+00 0.000000e+00
1.513000e+00 0.000000e+00 -5.753822e+03 -5.149443e+03 0.000000e+00 0.000000e+00 0.000000e+00 -2.063613e+02 -1.886689e+02 1.494096e+03 3.493635e+02 0.000000e+00 0.000000e+00 0.000000e+00 0.000000e+00 0.000000e+00 0.000000e+00 0.000000e+00 0.000000e+00 0.000000e+00
1.514000e+00 0.000000e+00 -5.743030e+03 -5.146427e+03 0.000000e+00 0.000000e+00 0.000000e+00 -2.054663e+02 -1.877325e+02 1.492531e+03 3.466615e+02 0.000000e+00 0.000000e+00 0.000000e+00 0.000000e+00 0.000000e+00 0.000000e+00 0.000000e+00 0.000000e+00 0.000000e+00
1.515000e+00 0.000000e+00 -5.732298e+03 -5.143361e+03 0.000000e+00 0.000000e+00 0.000000e+00 -2.045641e+02 -1.867895e+02 1.490981e+03 3.439537e+02 0.000000e+00 0.000000e+00 0.000000e+00 0.000000e+00 0.000000e+00 0.000000e+00 0.000000e+00 0.000000e+00 0.000000e+00
1.516000e+00 0.000000e+00 -5.721626e+03 -5.140245e+03 0.000000e+00 0.000000e+00 0.000000e+00 -2.036550e+02 -1.858400e+02 1.489447e+03 3.412403e+02 0.000000e+00 0.000000e+00 0.000000e+00 0.000000e+00 0.000000e+00 0.000000e+00 0.000000e+00 0.000000e+00 0.000000e+00
1.517000e+00 0.000000e+00 -5.711015e+03 -5.137078e+03 0.000000e+00 0.000000e+00 0.000000e+00 -2.027389e+02 -1.848839e+02 1.487927e+03 3.385212e+02 0.000000e+00 0.000000e+00 0.000000e+00 0.000000e+00 0.000000e+00 0.000000e+00 0.000000e+00 0.000000e+00 0.000000e+00
1.518000e+00 0.000000e+00 -5.700465e+03 -5.133861e+03 0.000000e+00 0.000000e+00 0.000000e+00 -2.018161e+02 -1.839214e+02 1.486422e+03 3.357967e+02 0.000000e+00 0.000000e+00 0.000000e+00 0.000000e+00 0.000000e+00 0.000000e+00 0.000000e+00 0.000000e+00 0.000000e+00
1.519000e+00 0.000000e+00 -5.689974e+03 -5.130593e+03 0.000000e+00 0.000000e+00 0.000000e+00 -2.008864e+02 -1.829525e+02 1.484933e+03 3.330668e+02 0.000000e+00 0.000000e+00 0.000000e+00 0.000000e+00 0.000000e+00 0.000000e+00 0.000000e+00 0.000000e+00 0.000000e+00
1.520000e+00 0.000000e+00 -5.679543e+03 -5.127274e+03 0.000000e+00 0.000000e+00 0.000000e+00 -1.999501e+02 -1.819774e+02 1.483458e+03 3.303316e+02 0.000000e+00 0.000000e+00 0.000000e+00 0.000000e+00 0.000000e+00 0.000000e+00 0.000000e+00 0.000000e+00 0.000000e+00
1.521000e+00 0.000000e+00 -5.669173e+03 -5.123904e+03 0.000000e+00 0.000000e+00 0.000000e+00 -1.990072e+02 -1.809960e+02 1.481997e+03 3.275913e+02 0.000000e+00 0.000000e+00 0.000000e+00 0.000000e+00 0.000000e+00 0.000000e+00 0.000000e+00 0.000000e+00 0.000000e+00
1.522000e+00 0.000000e+00 -5.658862e+03 -5.120484e+03 0.000000e+00 0.000000e+00 0.000000e+00 -1.980577e+02 -1.800085e+02 1.480551e+03 3.248459e+02 0.000000e+00 0.000000e+00 0.000000e+00 0.000000e+00 0.000000e+00 0.000000e+00 0.000000e+00 0.000000e+00 0.000000e+00
1.523000e+00 0.000000e+00 -5.648610e+03 -5.117012e+03 0.000000e+00 0.000000e+00 0.000000e+00 -1.971018e+02 -1.790149e+02 1.479120e+03 3.220956e+02 0.000000e+00 0.000000e+00 0.000000e+00 0.000000e+00 0.000000e+00 0.000000e+00 0.000000e+00 0.000000e+00 0.000000e+00
1.524000e+00 0.000000e+00 -5.638417e+03 -5.113489e+03 0.000000e+00 0.000000e+00 0.000000e+00 -1.961396e+02 -1.780154e+02 1.477703e+03 3.193405e+02 0.000000e+00 0.000000e+00 0.000000e+00 0.000000e+00 0.000000e+00 0.000000e+00 0.000000e+00 0.000000e+00 0.000000e+00
1.525000e+00 0.000000e+00 -5.628284e+03 -5.109915e+03 0.000000e+00 0.000000e+00 0.000000e+00 -1.951711e+02 -1.770100e+02 1.476301e+03 3.165808e+02 0.000000e+00 0.000000e+00 0.000000e+00 0.000000e+00 0.000000e+00 0.000000e+00 0.000000e+00 0.000000e+00 0.000000e+00
1.526000e+00 0.000000e+00 -5.618209e+03 -5.106291e+03 0.000000e+00 0.000000e+00 0.000000e+00 -1.941965e+02 -1.759988e+02 1.474913e+03 3.138165e+02 0.000000e+00 0.000000e+00 0.000000e+00 0.000000e+00 0.000000e+00 0.000000e+00 0.000000e+00 0.000000e+00 0.000000e+00
1.527000e+00 0.000000e+00 -5.608193e+03 -5.102616e+03 0.000000e+00 0.000000e+00 0.000000e+00 -1.932158e+02 -1.749819e+02 1.473539e+03 3.110479e+02 0.000000e+00 0.000000e+00 0.000000e+00 0.000000e+00 0.000000e+00 0.000000e+00 0.000000e+00 0.000000e+00 0.000000e+00
1.528000e+00 0.000000e+00 -5.598235e+03 -5.098891e+03 0.000000e+00 0.000000e+00 0.000000e+00 -1.922292e+02 -1.739594e+02 1.472179e+03 3.082751e+02 0.000000e+00 0.000000e+00 0.000000e+00 0.000000e+00 0.000000e+00 0.000000e+00 0.000000e+00 0.000000e+00 0.000000e+00
1.529000e+00 0.000000e+00 -5.588335e+03 -5.095116e+03 0.000000e+00 0.000000e+00 0.000000e+00 -1.912367e+02 -1.729315e+02 1.470833e+03 3.054982e+02 0.000000e+00 0.000000e+00 0.000000e+00 0.000000e+00 0.000000e+00 0.000000e+00 0.000000e+00 0.000000e+00 0.000000e+00
1.530000e+00 0.000000e+00 -5.578493e+03 -5.091292e+03 0.000000e+00 0.000000e+00 0.000000e+00 -1.902385e+02 -1.718981e+02 1.469501e+03 3.027174e+02 0.000000e+00 0.000000e+00 0.000000e+00 0.000000e+00 0.000000e+00 0.000000e+00 0.000000e+00 0.000000e+00 0.000000e+00
1.531000e+00 0.000000e+00 -5.568708e+03 -5.087418e+03 0.000000e+00 0.000000e+00 0.000000e+00 -1.892346e+02 -1.708594e+02 1.468183e+03 2.999329e+02 0.000000e+00 0.000000e+00 0.000000e+00 0.000000e+00 0.000000e+00 0.000000e+00 0.000000e+00 0.000000e+00 0.000000e+00
1.532000e+00 0.000000e+00 -5.558981e+03 -5.083496e+03 0.000000e+00 0.000000e+00 0.000000e+00 -1.882252e+02 -1.698156e+02 1.466879e+03 2.971448e+02 0.000000e+00 0.000000e+00 0.000000e+00 0.000000e+00 0.000000e+00 0.000000e+00 0.000000e+00 0.000000e+00 0.000000e+00
1.533000e+00 0.000000e+00 -5.549309e+03 -5.079526e+03 0.000000e+00 0.000000e+00 0.000000e+00 -1.872105e+02 -1.687667e+02 1.465588e+03 2.943534e+02 0.000000e+00 0.000000e+00 0.000000e+00 0.000000e+00 0.000000e+00 0.000000e+00 0.000000e+00 0.000000e+00 0.000000e+00
1.534000e+00 0.000000e+00 -5.539695e+03 -5.075509e+03 0.000000e+00 0.000000e+00 0.000000e+00 -1.861905e+02 -1.677129e+02 1.464312e+03 2.915588e+02 0.000000e+00 0.000000e+00 0.000000e+00 0.000000e+00 0.000000e+00 0.000000e+00 0.000000e+00 0.000000e+00 0.000000e+00
1.535000e+00 0.000000e+00 -5.530136e+03 -5.071444e+03 0.000000e+00 0.000000e+00 0.000000e+00 -1.851653e+02 -1.666543e+02 1.463048e+03 2.887612e+02 0.000000e+00 0.000000e+00 0.000000e+00 0.000000e+00 0.000000e+00 0.000000e+00 0.000000e+00 0.000000e+00 0.000000e+00
1.536000e+00 0.000000e+00 -5.520633e+03 -5.067333e+03 0.000000e+00 0.000000e+00 0.000000e+00 -1.841351e+02 -1.655909e+02 1.461798e+03 2.859608e+02 0.000000e+00 0.000000e+00 0.000000e+00 0.000000e+00 0.000000e+00 0.000000e+00 0.000000e+00 0.000000e+00 0.000000e+00
1.537000e+00 0.000000e+00 -5.511186e+03 -5.063177e+03 0.000000e+00 0.000000e+00 0.000000e+00 -1.830999e+02 -1.645230e+02 1.460562e+03 2.831578e+02 0.000000e+00 0.000000e+00 0.000000e+00 0.000000e+00 0.000000e+00 0.000000e+00 0.000000e+00 0.000000e+00 0.000000e+00
1.538000e+00 0.000000e+00 -5.501793e+03 -5.058975e+03 0.000000e+00 0.000000e+00 0.000000e+00 -1.820600e+02 -1.634506e+02 1.459339e+03 2.803523e+02 0.000000e+00 0.000000e+00 0.000000e+00 0.000000e+00 0.000000e+00 0.000000e+00 0.000000e+00 0.000000e+00 0.000000e+00
1.539000e+00 0.000000e+00 -5.492456e+03 -5.054730e+03 0.000000e+00 0.000000e+00 0.000000e+00 -1.810155e+02 -1.623738e+02 1.458129e+03 2.775446e+02 0.000000e+00 0.000000e+00 0.000000e+00 0.000000e+00 0.000000e+00 0.000000e+00 0.000000e+00 0.000000e+00 0.000000e+00
1.540000e+00 0.000000e+00 -5.483173e+03 -5.050441e+03 0.000000e+00 0.000000e+00 0.000000e+00 -1.799664e+02 -1.612928e+02 1.456932e+03 2.747349e+02 0.000000e+00 0.000000e+00 0.000000e+00 0.000000e+00 0.000000e+00 0.000000e+00 0.000000e+00 0.000000e+00 0.000000e+00
1.541000e+00 0.000000e+00 -5.473943e+03 -5.046109e+03 0.000000e+00 0.000000e+00 0.000000e+00 -1.789130e+02 -1.602078e+02 1.455749e+03 2.719234e+02 0.000000e+00 0.000000e+00 0.000000e+00 0.000000e+00 0.000000e+00 0.000000e+00 0.000000e+00 0.000000e+00 0.000000e+00
1.542000e+00 0.000000e+00 -5.464768e+03 -5.041737e+03 0.000000e+00 0.000000e+00 0.000000e+00 -1.778552e+02 -1.591187e+02 1.454578e+03 2.691104e+02 0.000000e+00 0.000000e+00 0.000000e+00 0.000000e+00 0.000000e+00 0.000000e+00 0.000000e+00 0.000000e+00 0.000000e+00
1.543000e+00 0.000000e+00 -5.455646e+03 -5.037323e+03 0.000000e+00 0.000000e+00 0.000000e+00 -1.767934e+02 -1.580259e+02 1.453420e+03 2.662960e+02 0.000000e+00 0.000000e+00 0.000000e+00 0.000000e+00 0.000000e+00 0.000000e+00 0.000000e+00 0.000000e+00 0.000000e+00
1.544000e+00 0.000000e+00 -5.446576e+03 -5.032870e+03 0.000000e+00 0.000000e+00 0.000000e+00 -1.757277e+02 -1.569294e+02 1.452276e+03 2.634804e+02 0.000000e+00 0.000000e+00 0.000000e+00 0.000000e+00 0.000000e+00 0.000000e+00 0.000000e+00 0.000000e+00 0.000000e+00
1.545000e+00 0.000000e+00 -5.437559e+03 -5.028379e+03 0.000000e+00 0.000000e+00 0.000000e+00 -1.746580e+02 -1.558293e+02 1.451144e+03 2.606639e+02 0.000000e+00 0.000000e+00 0.000000e+00 0.000000e+00 0.000000e+00 0.000000e+00 0.000000e+00 0.000000e+00 0.000000e+00
1.546000e+00 0.000000e+00 -5.428595e+03 -5.023850e+03 0.000000e+00 0.000000e+00 0.000000e+00 -1.735848e+02 -1.547259e+02 1.450024e+03 2.578468e+02 0.000000e+00 0.000000e+00 0.000000e+00 0.000000e+00 0.000000e+00 0.000000e+00 0.000000e+00 0.000000e+00 0.000000e+00
1.547000e+00 0.000000e+00 -5.419682e+03 -5.019285e+03 0.000000e+00 0.000000e+00 0.000000e+00 -1.725080e+02 -1.536192e+02 1.448918e+03 2.550293e+02 0.000000e+00 0.000000e+00 0.000000e+00 0.000000e+00 0.000000e+00 0.000000e+00 0.000000e+00 0.000000e+00 0.000000e+00
1.548000e+00 0.000000e+00 -5.410821e+03 -5.014685e+03 0.000000e+00 0.000000e+00 0.000000e+00 -1.714278e+02 -1.525094e+02 1.447824e+03 2.522115e+02 0.000000e+00 0.000000e+00 0.000000e+00 0.000000e+00 0.000000e+00 0.000000e+00 0.000000e+00 0.000000e+00 0.000000e+00
1.549000e+00 0.000000e+00 -5.402010e+03 -5.010052e+03 0.000000e+00 0.000000e+00 0.000000e+00 -1.703444e+02 -1.513966e+02 1.446742e+03 2.493939e+02 0.000000e+00 0.000000e+00 0.000000e+00 0.000000e+00 0.000000e+00 0.000000e+00 0.000000e+00 0.000000e+00 0.000000e+00
1.550000e+00 0.000000e+00 -5.393250e+03 -5.005386e+03 0.000000e+00 0.000000e+00 0.000000e+00 -1.692579e+02 -1.502810e+02 1.445673e+03 2.465765e+02 0.000000e+00 0.000000e+00 0.000000e+00 0.000000e+00 0.000000e+00 0.000000e+00 0.000000e+00 0.000000e+00 0.000000e+00
1.551000e+00 0.000000e+00 -5.384541e+03 -5.000688e+03 0.000000e+00 0.000000e+00 0.000000e+00 -1.681686e+02 -1.491628e+02 1.444616e+03 2.437597e+02 0.000000e+00 0.000000e+00 0.000000e+00 0.000000e+00 0.000000e+00 0.000000e+00 0.000000e+00 0.000000e+00 0.000000e+00
1.552000e+00 0.000000e+00 -5.375882e+03 -4.995961e+03 0.000000e+00 0.000000e+00 0.000000e+00 -1.670764e+02 -1.480420e+02 1.443572e+03 2.409437e+02 0.000000e+00 0.000000e+00 0.000000e+00 0.000000e+00 0.000000e+00 0.000000e+00 0.000000e+00 0.000000e+00 0.000000e+00
1.553000e+00 0.000000e+00 -5.367272e+03 -4.991205e+03 0.000000e+00 0.000000e+00 0.000000e+00 -1.659817e+02 -1.469189e+02 1.442540e+03 2.381288e+02 0.000000e+00 0.000000e+00 0.000000e+00 0.000000e+00 0.000000e+00 0.000000e+00 0.000000e+00 0.000000e+00 0.000000e+00
1.554000e+00 0.000000e+00 -5.358711e+03 -4.986422e+03 0.000000e+00 0.000000e+00 0.000000e+00 -1.648845e+02 -1.457936e+02 1.441520e+03 2.353152e+02 0.000000e+00 0.000000e+00 0.000000e+00 0.000000e+00 0.000000e+00 0.000000e+00 0.000000e+00 0.000000e+00 0.000000e+00
1.555000e+00 0.000000e+00 -5.350199e+03 -4.981614e+03 0.000000e+00 0.000000e+00 0.000000e+00 -1.637850e+02 -1.446663e+02 1.440512e+03 2.325032e+02 0.000000e+00 0.000000e+00 0.000000e+00 0.000000e+00 0.000000e+00 0.000000e+00 0.000000e+00 0.000000e+00 0.000000e+00
1.556000e+00 0.000000e+00 -5.341736e+03 -4.976781e+03 0.000000e+00 0.000000e+00 0.000000e+00 -1.626835e+02 -1.435370e+02 1.439517e+03 2.296930e+02 0.000000e+00 0.000000e+00 0.000000e+00 0.000000e+00 0.000000e+00 0.000000e+00 0.000000e+00 0.000000e+00 0.000000e+00
1.557000e+00 0.000000e+00 -5.333321e+03 -4.971926e+03 0.000000e+00 0.000000e+00 0.000000e+00 -1.615799e+02 -1.424061e+02 1.438533e+03 2.268850e+02 0.000000e+00 0.000000e+00 0.000000e+00 0.000000e+00 0.000000e+00 0.000000e+00 0.000000e+00 0.000000e+00 0.000000e+00
1.558000e+00 0.000000e+00 -5.324953e+03 -4.967051e+03 0.000000e+00 0.000000e+00 0.000000e+00 -1.604746e+02 -1.412735e+02 1.437561e+03 2.240794e+02 0.000000e+00 0.000000e+00 0.000000e+00 0.000000e+00 0.000000e+00 0.000000e+00 0.000000e+00 0.000000e+00 0.000000e+00
1.559000e+00 0.000000e+00 -5.316634e+03 -4.962155e+03 0.000000e+00 0.000000e+00 0.000000e+00 -1.593677e+02 -1.401396e+02 1.436601e+03 2.212765e+02 0.000000e+00 0.000000e+00 0.000000e+00 0.000000e+00 0.000000e+00 0.000000e+00 0.000000e+00 0.000000e+00 0.000000e+00
1.560000e+00 0.000000e+00 -5.308361e+03 -4.957243e+03 0.000000e+00 0.000000e+00 0.000000e+00 -1.582593e+02 -1.390045e+02 1.435653e+03 2.184765e+02 0.000000e+00 0.000000e+00 0.000000e+00 0.000000e+00 0.000000e+00 0.000000e+00 0.000000e+00 0.000000e+00 0.000000e+00
1.561000e+00 0.000000e+00 -5.300134e+03 -4.952314e+03 0.000000e+00 0.000000e+00 0.000000e+00 -1.571496e+02 -1.378683e+02 1.434717e+03 2.156798e+02 0.000000e+00 0.000000e+00 0.000000e+00 0.000000e+00 0.000000e+00 0.000000e+00 0.000000e+00 0.000000e+00 0.000000e+00
1.562000e+00 0.000000e+00 -5.291955e+03 -4.947371e+03 0.000000e+00 0.000000e+00 0.000000e+00 -1.560389e+02 -1.367312e+02 1.433792e+03 2.128866e+02 0.000000e+00 0.000000e+00 0.000000e+00 0.000000e+00 0.000000e+00 0.000000e+00 0.000000e+00 0.000000e+00 0.000000e+00
1.563000e+00 0.000000e+00 -5.283821e+03 -4.942416e+03 0.000000e+00 0.000000e+00 0.000000e+00 -1.549272e+02 -1.355933e+02 1.432879e+03 2.100972e+02 0.000000e+00 0.000000e+00 0.000000e+00 0.000000e+00 0.000000e+00 0.000000e+00 0.000000e+00 0.000000e+00 0.000000e+00
1.564000e+00 0.000000e+00 -5.275733e+03 -4.937450e+03 0.000000e+00 0.000000e+00 0.000000e+00 -1.538147e+02 -1.344549e+02 1.431978e+03 2.073120e+02 0.000000e+00 0.000000e+00 0.000000e+00 0.000000e+00 0.000000e+00 0.000000e+00 0.000000e+00 0.000000e+00 0.000000e+00
1.565000e+00 0.000000e+00 -5.267690e+03 -4.932476e+03 0.000000e+00 0.000000e+00 0.000000e+00 -1.527017e+02 -1.333162e+02 1.431089e+03 2.045311e+02 0.000000e+00 0.000000e+00 0.000000e+00 0.000000e+00 0.000000e+00 0.000000e+00 0.000000e+00 0.000000e+00 0.000000e+00
1.566000e+00 0.000000e+00 -5.259693e+03 -4.927495e+03 0.000000e+00 0.000000e+00 0.000000e+00 -1.515883e+02 -1.321772e+02 1.430210e+03 2.017549e+02 0.000000e+00 0.000000e+00 0.000000e+00 0.000000e+00 0.000000e+00 0.000000e+00 0.000000e+00 0.000000e+00 0.000000e+00
1.567000e+00 0.000000e+00 -5.251740e+03 -4.922509e+03 0.000000e+00 0.000000e+00 0.000000e+00 -1.504746e+02 -1.310382e+02 1.429344e+03 1.989837e+02 0.000000e+00 0.000000e+00 0.000000e+00 0.000000e+00 0.000000e+00 0.000000e+00 0.000000e+00 0.000000e+00 0.000000e+00
1.568000e+00 0.000000e+00 -5.243831e+03 -4.917519e+03 0.000000e+00 0.000000e+00 0.000000e+00 -1.493609e+02 -1.298993e+02 1.428488e+03 1.962178e+02 0.000000e+00 0.000000e+00 0.000000e+00 0.000000e+00 0.000000e+00 0.000000e+00 0.000000e+00 0.000000e+00 0.000000e+00
1.569000e+00 0.000000e+00 -5.235967e+03 -4.912529e+03 0.000000e+00 0.000000e+00 0.000000e+00 -1.482473e+02 -1.287607e+02 1.427645e+03 1.934574e+02 0.000000e+00 0.000000e+00 0.000000e+00 0.000000e+00 0.000000e+00 0.000000e+00 0.000000e+00 0.000000e+00 0.000000e+00
1.570000e+00 0.000000e+00 -5.228147e+03 -4.907539e+03 0.000000e+00 0.000000e+00 0.000000e+00 -1.471340e+02 -1.276226e+02 1.426812e+03 1.907029e+02 0.000000e+00 0.000000e+00 0.000000e+00 0.000000e+00 0.000000e+00 0.000000e+00 0.000000e+00 0.000000e+00 0.000000e+00
1.571000e+00 0.000000e+00 -5.220371e+03 -4.902553e+03 0.000000e+00 0.000000e+00 0.000000e+00 -1.460212e+02 -1.264851e+02 1.425991e+03 1.879546e+02 0.000000e+00 0.000000e+00 0.000000e+00 0.000000e+00 0.000000e+00 0.000000e+00 0.000000e+00 0.000000e+00 0.000000e+00
1.572000e+00 0.000000e+00 -5.212637e+03 -4.897571e+03 0.000000e+00 0.000000e+00 0.000000e+00 -1.449091e+02 -1.253485e+02 1.425181e+03 1.852127e+02 0.000000e+00 0.000000e+00 0.000000e+00 0.000000e+00 0.000000e+00 0.000000e+00 0.000000e+00 0.000000e+00 0.000000e+00
1.573000e+00 0.000000e+00 -5.204947e+03 -4.892597e+03 0.000000e+00 0.000000e+00 0.000000e+00 -1.437978e+02 -1.242129e+02 1.424382e+03 1.824776e+02 0.000000e+00 0.000000e+00 0.000000e+00 0.000000e+00 0.000000e+00 0.000000e+00 0.000000e+00 0.000000e+00 0.000000e+00
1.574000e+00 0.000000e+00 -5.197300e+03 -4.887632e+03 0.000000e+00 0.000000e+00 0.000000e+00 -1.426875e+02 -1.230784e+02 1.423594e+03 1.797495e+02 0.000000e+00 0.000000e+00 0.000000e+00 0.000000e+00 0.000000e+00 0.000000e+00 0.000000e+00 0.000000e+00 0.000000e+00
1.575000e+00 0.000000e+00 -5.189695e+03 -4.882678e+03 0.000000e+00 0.000000e+00 0.000000e+00 -1.415785e+02 -1.219454e+02 1.422818e+03 1.770288e+02 0.000000e+00 0.000000e+00 0.000000e+00 0.000000e+00 0.000000e+00 0.000000e+00 0.000000e+00 0.000000e+00 0.000000e+00
1.576000e+00 0.000000e+00 -5.182133e+03 -4.877737e+03 0.000000e+00 0.000000e+00 0.000000e+00 -1.404708e+02 -1.208138e+02 1.422053e+03 1.743158e+02 0.000000e+00 0.000000e+00 0.000000e+00 0.000000e+00 0.000000e+00 0.000000e+00 0.000000e+00 0.000000e+00 0.000000e+00
1.577000e+00 0.000000e+00 -5.174613e+03 -4.872813e+03 0.000000e+00 0.000000e+00 0.000000e+00 -1.393647e+02 -1.196841e+02 1.421298e+03 1.716108e+02 0.000000e+00 0.000000e+00 0.000000e+00 0.000000e+00 0.000000e+00 0.000000e+00 0.000000e+00 0.000000e+00 0.000000e+00
1.578000e+00 0.000000e+00 -5.167135e+03 -4.867906e+03 0.000000e+00 0.000000e+00 0.000000e+00 -1.382604e+02 -1.185562e+02 1.420555e+03 1.689141e+02 0.000000e+00 0.000000e+00 0.000000e+00 0.000000e+00 0.000000e+00 0.000000e+00 0.000000e+00 0.000000e+00 0.000000e+00
1.579000e+00 0.000000e+00 -5.159698e+03 -4.863019e+03 0.000000e+00 0.000000e+00 0.000000e+00 -1.371580e+02 -1.174304e+02 1.419823e+03 1.662260e+02 0.000000e+00 0.000000e+00 0.000000e+00 0.000000e+00 0.000000e+00 0.000000e+00 0.000000e+00 0.000000e+00 0.000000e+00
1.580000e+00 0.000000e+00 -5.152302e+03 -4.858155e+03 0.000000e+00 0.000000e+00 0.000000e+00 -1.360578e+02 -1.163069e+02 1.419102e+03 1.635469e+02 0.000000e+00 0.000000e+00 0.000000e+00 0.000000e+00 0.000000e+00 0.000000e+00 0.000000e+00 0.000000e+00 0.000000e+00
1.581000e+00 0.000000e+00 -5.144948e+03 -4.853315e+03 0.000000e+00 0.000000e+00 0.000000e+00 -1.349599e+02 -1.151858e+02 1.418391e+03 1.608769e+02 0.000000e+00 0.000000e+00 0.000000e+00 0.000000e+00 0.000000e+00 0.000000e+00 0.000000e+00 0.000000e+00 0.000000e+00
1.582000e+00 0.000000e+00 -5.137635e+03 -4.848503e+03 0.000000e+00 0.000000e+00 0.000000e+00 -1.338644e+02 -1.140673e+02 1.417692e+03 1.582164e+02 0.000000e+00 0.000000e+00 0.000000e+00 0.000000e+00 0.000000e+00 0.000000e+00 0.000000e+00 0.000000e+00 0.000000e+00
1.583000e+00 0.000000e+00 -5.130363e+03 -4.843720e+03 0.000000e+00 0.000000e+00 0.000000e+00 -1.327717e+02 -1.129517e+02 1.417003e+03 1.555658e+02 0.000000e+00 0.000000e+00 0.000000e+00 0.000000e+00 0.000000e+00 0.000000e+00 0.000000e+00 0.000000e+00 0.000000e+00
1.584000e+00 0.000000e+00 -5.123132e+03 -4.838968e+03 0.000000e+00 0.000000e+00 0.000000e+00 -1.316818e+02 -1.118390e+02 1.416326e+03 1.529253e+02 0.000000e+00 0.000000e+00 0.000000e+00 0.000000e+00 0.000000e+00 0.000000e+00 0.000000e+00 0.000000e+00 0.000000e+00
1.585000e+00 0.000000e+00 -5.115941e+03 -4.834250e+03 0.000000e+00 0.000000e+00 0.000000e+00 -1.305949e+02 -1.107295e+02 1.415659e+03 1.502953e+02 0.000000e+00 0.000000e+00 0.000000e+00 0.000000e+00 0.000000e+00 0.000000e+00 0.000000e+00 0.000000e+00 0.000000e+00
1.586000e+00 0.000000e+00 -5.108791e+03 -4.829568e+03 0.000000e+00 0.000000e+00 0.000000e+00 -1.295113e+02 -1.096233e+02 1.415003e+03 1.476759e+02 0.000000e+00 0.000000e+00 0.000000e+00 0.000000e+00 0.000000e+00 0.000000e+00 0.000000e+00 0.000000e+00 0.000000e+00
1.587000e+00 0.000000e+00 -5.101680e+03 -4.824925e+03 0.000000e+00 0.000000e+00 0.000000e+00 -1.284311e+02 -1.085207e+02 1.414357e+03 1.450676e+02 0.000000e+00 0.000000e+00 0.000000e+00 0.000000e+00 0.000000e+00 0.000000e+00 0.000000e+00 0.000000e+00 0.000000e+00
1.588000e+00 0.000000e+00 -5.094611e+03 -4.820323e+03 0.000000e+00 0.000000e+00 0.000000e+00 -1.273544e+02 -1.074217e+02 1.413723e+03 1.424707e+02 0.000000e+00 0.000000e+00 0.000000e+00 0.000000e+00 0.000000e+00 0.000000e+00 0.000000e+00 0.000000e+00 0.000000e+00
1.589000e+00 0.000000e+00 -5.087581e+03 -4.815764e+03 0.000000e+00 0.000000e+00 0.000000e+00 -1.262815e+02 -1.063266e+02 1.413099e+03 1.398854e+02 0.000000e+00 0.000000e+00 0.000000e+00 0.000000e+00 0.000000e+00 0.000000e+00 0.000000e+00 0.000000e+00 0.000000e+00
1.590000e+00 0.000000e+00 -5.080591e+03 -4.811251e+03 0.000000e+00 0.000000e+00 0.000000e+00 -1.252126e+02 -1.052356e+02 1.412486e+03 1.373120e+02 0.000000e+00 0.000000e+00 0.000000e+00 0.000000e+00 0.000000e+00 0.000000e+00 0.000000e+00 0.000000e+00 0.000000e+00
1.591000e+00 0.000000e+00 -5.073641e+03 -4.806787e+03 0.000000e+00 0.000000e+00 0.000000e+00 -1.241478e+02 -1.041488e+02 1.411883e+03 1.347510e+02 0.000000e+00 0.000000e+00 0.000000e+00 0.000000e+00 0.000000e+00 0.000000e+00 0.000000e+00 0.000000e+00 0.000000e+00
1.592000e+00 0.000000e+00 -5.066731e+03 -4.802373e+03 0.000000e+00 0.000000e+00 0.000000e+00 -1.230873e+02 -1.030664e+02 1.411292e+03 1.322024e+02 0.000000e+00 0.000000e+00 0.000000e+00 0.000000e+00 0.000000e+00 0.000000e+00 0.000000e+00 0.000000e+00 0.000000e+00
1.593000e+00 0.000000e+00 -5.059860e+03 -4.798012e+03 0.000000e+00 0.000000e+00 0.000000e+00 -1.220313e+02 -1.019886e+02 1.410711e+03 1.296667e+02 0.000000e+00 0.000000e+00 0.000000e+00 0.000000e+00 0.000000e+00 0.000000e+00 0.000000e+00 0.000000e+00 0.000000e+00
1.594000e+00 0.000000e+00 -5.053029e+03 -4.793706e+03 0.000000e+00 0.000000e+00 0.000000e+00 -1.209800e+02 -1.009155e+02 1.410140e+03 1.271442e+02 0.000000e+00 0.000000e+00 0.000000e+00 0.000000e+00 0.000000e+00 0.000000e+00 0.000000e+00 0.000000e+00 0.000000e+00
1.595000e+00 0.000000e+00 -5.046237e+03 -4.789459e+03 0.000000e+00 0.000000e+00 0.000000e+00 -1.199335e+02 -9.984736e+01 1.409581e+03 1.246351e+02 0.000000e+00 0.000000e+00 0.000000e+00 0.000000e+00 0.000000e+00 0.000000e+00 0.000000e+00 0.000000e+00 0.000000e+00
1.596000e+00 0.000000e+00 -5.039486e+03 -4.785272e+03 0.000000e+00 0.000000e+00 0.000000e+00 -1.188920e+02 -9.878434e+01 1.409031e+03 1.221397e+02 0.000000e+00 0.000000e+00 0.000000e+00 0.000000e+00 0.000000e+00 0.000000e+00 0.000000e+00 0.000000e+00 0.000000e+00
1.597000e+00 0.000000e+00 -5.032773e+03 -4.781148e+03 0.000000e+00 0.000000e+00 0.000000e+00 -1.178557e+02 -9.772660e+01 1.408493e+03 1.196584e+02 0.000000e+00 0.000000e+00 0.000000e+00 0.000000e+00 0.000000e+00 0.000000e+00 0.000000e+00 0.000000e+00 0.000000e+00
1.598000e+00 0.000000e+00 -5.026100e+03 -4.777090e+03 0.000000e+00 0.000000e+00 0.000000e+00 -1.168248e+02 -9.667430e+01 1.407965e+03 1.171914e+02 0.000000e+00 0.000000e+00 0.000000e+00 0.000000e+00 0.000000e+00 0.000000e+00 0.000000e+00 0.000000e+00 0.000000e+00
1.599000e+00 0.000000e+00 -5.019466e+03 -4.773099e+03 0.000000e+00 0.000000e+00 0.000000e+00 -1.157995e+02 -9.562763e+01 1.407447e+03 1.147390e+02 0.000000e+00 0.000000e+00 0.000000e+00 0.000000e+00 0.000000e+00 0.000000e+00 0.000000e+00 0.000000e+00 0.000000e+00
1.600000e+00 0.000000e+00 -5.012872e+03 -4.769178e+03 0.000000e+00 0.000000e+00 0.000000e+00 -1.147799e+02 -9.458674e+01 1.406941e+03 1.123015e+02 0.000000e+00 0.000000e+00 0.000000e+00 0.000000e+00 0.000000e+00 0.000000e+00 0.000000e+00 0.000000e+00 0.000000e+00
1.601000e+00 0.000000e+00 -5.006317e+03 -4.765330e+03 0.000000e+00 0.000000e+00 0.000000e+00 -1.137661e+02 -9.355180e+01 1.406444e+03 1.098792e+02 0.000000e+00 0.000000e+00 0.000000e+00 0.000000e+00 0.000000e+00 0.000000e+00 0.000000e+00 0.000000e+00 0.000000e+00
1.602000e+00 0.000000e+00 -4.999802e+03 -4.761558e+03 0.000000e+00 0.000000e+00 0.000000e+00 -1.127584e+02 -9.252298e+01 1.405959e+03 1.074723e+02 0.000000e+00 0.000000e+00 0.000000e+00 0.000000e+00 0.000000e+00 0.000000e+00 0.000000e+00 0.000000e+00 0.000000e+00
1.603000e+00 0.000000e+00 -4.993326e+03 -4.757863e+03 0.000000e+00 0.000000e+00 0.000000e+00 -1.117569e+02 -9.150044e+01 1.405483e+03 1.050812e+02 0.000000e+00 0.000000e+00 0.000000e+00 0.000000e+00 0.000000e+00 0.000000e+00 0.000000e+00 0.000000e+00 0.000000e+00
1.604000e+00 0.000000e+00 -4.986890e+03 -4.754248e+03 0.000000e+00 0.000000e+00 0.000000e+00 -1.107619e+02 -9.048435e+01 1.405019e+03 1.027060e+02 0.000000e+00 0.000000e+00 0.000000e+00 0.000000e+00 0.000000e+00 0.000000e+00 0.000000e+00 0.000000e+00 0.000000e+00
1.605000e+00 0.000000e+00 -4.980493e+03 -4.750716e+03 0.000000e+00 0.000000e+00 0.000000e+00 -1.097733e+02 -8.947488e+01 1.404565e+03 1.003472e+02 0.000000e+00 0.000000e+00 0.000000e+00 0.000000e+00 0.000000e+00 0.000000e+00 0.000000e+00 0.000000e+00 0.000000e+00
1.606000e+00 0.000000e+00 -4.974136e+03 -4.747268e+03 0.000000e+00 0.000000e+00 0.000000e+00 -1.087915e+02 -8.847217e+01 1.404121e+03 9.800487e+01 0.000000e+00 0.000000e+00 0.000000e+00 0.000000e+00 0.000000e+00 0.000000e+00 0.000000e+00 0.000000e+00 0.000000e+00
1.607000e+00 0.000000e+00 -4.967818e+03 -4.743908e+03 0.000000e+00 0.000000e+00 0.000000e+00 -1.078166e+02 -8.747639e+01 1.403688e+03 9.567938e+01 0.000000e+00 0.000000e+00 0.000000e+00 0.000000e+00 0.000000e+00 0.000000e+00 0.000000e+00 0.000000e+00 0.000000e+00
1.608000e+00 0.000000e+00 -4.961540e+03 -4.740638e+03 0.000000e+00 0.000000e+00 0.000000e+00 -1.068487e+02 -8.648769e+01 1.403265e+03 9.337096e+01 0.000000e+00 0.000000e+00 0.000000e+00 0.000000e+00 0.000000e+00 0.000000e+00 0.000000e+00 0.000000e+00 0.000000e+00
1.609000e+00 0.000000e+00 -4.955302e+03 -4.737460e+03 0.000000e+00 0.000000e+00 0.000000e+00 -1.058880e+02 -8.550624e+01 1.402853e+03 9.107988e+01 0.000000e+00 0.000000e+00 0.000000e+00 0.000000e+00 0.000000e+00 0.000000e+00 0.000000e+00 0.000000e+00 0.000000e+00
1.610000e+00 0.000000e+00 -4.949105e+03 -4.734377e+03 0.000000e+00 0.000000e+00 0.000000e+00 -1.049346e+02 -8.453219e+01 1.402451e+03 8.880639e+01 0.000000e+00 0.000000e+00 0.000000e+00 0.000000e+00 0.000000e+00 0.000000e+00 0.000000e+00 0.000000e+00 0.000000e+00
1.611000e+00 0.000000e+00 -4.942947e+03 -4.731390e+03 0.000000e+00 0.000000e+00 0.000000e+00 -1.039888e+02 -8.356568e+01 1.402060e+03 8.655075e+01 0.000000e+00 0.000000e+00 0.000000e+00 0.000000e+00 0.000000e+00 0.000000e+00 0.000000e+00 0.000000e+00 0.000000e+00
1.612000e+00 0.000000e+00 -4.936829e+03 -4.728504e+03 0.000000e+00 0.000000e+00 0.000000e+00 -1.030506e+02 -8.260686e+01 1.401679e+03 8.431321e+01 0.000000e+00 0.000000e+00 0.000000e+00 0.000000e+00 0.000000e+00 0.000000e+00 0.000000e+00 0.000000e+00 0.000000e+00
1.613000e+00 0.000000e+00 -4.930752e+03 -4.725718e+03 0.000000e+00 0.000000e+00 0.000000e+00 -1.021202e+02 -8.165589e+01 1.401309e+03 8.209401e+01 0.000000e+00 0.000000e+00 0.000000e+00 0.000000e+00 0.000000e+00 0.000000e+00 0.000000e+00 0.000000e+00 0.000000e+00
1.614000e+00 0.000000e+00 -4.924715e+03 -4.723037e+03 0.000000e+00 0.000000e+00 0.000000e+00 -1.011978e+02 -8.071291e+01 1.400949e+03 7.989339e+01 0.000000e+00 0.000000e+00 0.000000e+00 0.000000e+00 0.000000e+00 0.000000e+00 0.000000e+00 0.000000e+00 0.000000e+00
1.615000e+00 0.000000e+00 -4.918719e+03 -4.720462e+03 0.000000e+00 0.000000e+00 0.000000e+00 -1.002835e+02 -7.977807e+01 1.400600e+03 7.771159e+01 0.000000e+00 0.000000e+00 0.000000e+00 0.000000e+00 0.000000e+00 0.000000e+00 0.000000e+00 0.000000e+00 0.000000e+00
1.616000e+00 0.000000e+00 -4.912764e+03 -4.717996e+03 0.000000e+00 0.000000e+00 0.000000e+00 -9.937746e+01 -7.885149e+01 1.400261e+03 7.554885e+01 0.000000e+00 0.000000e+00 0.000000e+00 0.000000e+00 0.000000e+00 0.000000e+00 0.000000e+00 0.000000e+00 0.000000e+00
1.617000e+00 0.000000e+00 -4.906850e+03 -4.715641e+03 0.000000e+00 0.000000e+00 0.000000e+00 -9.847978e+01 -7.793333e+01 1.399933e+03 7.340539e+01 0.000000e+00 0.000000e+00 0.000000e+00 0.000000e+00 0.000000e+00 0.000000e+00 0.000000e+00 0.000000e+00 0.000000e+00
1.618000e+00 0.000000e+00 -4.900976e+03 -4.713398e+03 0.000000e+00 0.000000e+00 0.000000e+00 -9.759063e+01 -7.702372e+01 1.399615e+03 7.128145e+01 0.000000e+00 0.000000e+00 0.000000e+00 0.000000e+00 0.000000e+00 0.000000e+00 0.000000e+00 0.000000e+00 0.000000e+00
1.619000e+00 0.000000e+00 -4.895145e+03 -4.711272e+03 0.000000e+00 0.000000e+00 0.000000e+00 -9.671014e+01 -7.612279e+01 1.399307e+03 6.917723e+01 0.000000e+00 0.000000e+00 0.000000e+00 0.000000e+00 0.000000e+00 0.000000e+00 0.000000e+00 0.000000e+00 0.000000e+00
1.620000e+00 0.000000e+00 -4.889354e+03 -4.709263e+03 0.000000e+00 0.000000e+00 0.000000e+00 -9.583844e+01 -7.523068e+01 1.399010e+03 6.709295e+01 0.000000e+00 0.000000e+00 0.000000e+00 0.000000e+00 0.000000e+00 0.000000e+00 0.000000e+00 0.000000e+00 0.000000e+00
1.621000e+00 0.000000e+00 -4.883606e+03 -4.707373e+03 0.000000e+00 0.000000e+00 0.000000e+00 -9.497567e+01 -7.434750e+01 1.398724e+03 6.502882e+01 0.000000e+00 0.000000e+00 0.000000e+00 0.000000e+00 0.000000e+00 0.000000e+00 0.000000e+00 0.000000e+00 0.000000e+00
1.622000e+00 0.000000e+00 -4.877900e+03 -4.705606e+03 0.000000e+00 0.000000e+00 0.000000e+00 -9.412194e+01 -7.347339e+01 1.398448e+03 6.298505e+01 0.000000e+00 0.000000e+00 0.000000e+00 0.000000e+00 0.000000e+00 0.000000e+00 0.000000e+00 0.000000e+00 0.000000e+00
1.623000e+00 0.000000e+00 -4.872235e+03 -4.703962e+03 0.000000e+00 0.000000e+00 0.000000e+00 -9.327739e+01 -7.260847e+01 1.398182e+03 6.096184e+01 0.000000e+00 0.000000e+00 0.000000e+00 0.000000e+00 0.000000e+00 0.000000e+00 0.000000e+00 0.000000e+00 0.000000e+00
1.624000e+00 0.000000e+00 -4.866614e+03 -4.702445e+03 0.000000e+00 0.000000e+00 0.000000e+00 -9.244215e+01 -7.175286e+01 1.397927e+03 5.895940e+01 0.000000e+00 0.000000e+00 0.000000e+00 0.000000e+00 0.000000e+00 0.000000e+00 0.000000e+00 0.000000e+00 0.000000e+00
1.625000e+00 0.000000e+00 -4.861035e+03 -4.701056e+03 0.000000e+00 0.000000e+00 0.000000e+00 -9.161634e+01 -7.090670e+01 1.397682e+03 5.697792e+01 0.000000e+00 0.000000e+00 0.000000e+00 0.000000e+00 0.000000e+00 0.000000e+00 0.000000e+00 0.000000e+00 0.000000e+00
1.626000e+00 0.000000e+00 -4.855499e+03 -4.699797e+03 0.000000e+00 0.000000e+00 0.000000e+00 -9.080008e+01 -7.007009e+01 1.397448e+03 5.501759e+01 0.000000e+00 0.000000e+00 0.000000e+00 0.000000e+00 0.000000e+00 0.000000e+00 0.000000e+00 0.000000e+00 0.000000e+00
1.627000e+00 0.000000e+00 -4.850006e+03 -4.698671e+03 0.000000e+00 0.000000e+00 0.000000e+00 -8.999349e+01 -6.924316e+01 1.397224e+03 5.307860e+01 0.000000e+00 0.000000e+00 0.000000e+00 0.000000e+00 0.000000e+00 0.000000e+00 0.000000e+00 0.000000e+00 0.000000e+00
1.628000e+00 0.000000e+00 -4.844557e+03 -4.697679e+03 0.000000e+00 0.000000e+00 0.000000e+00 -8.919669e+01 -6.842602e+01 1.397011e+03 5.116114e+01 0.000000e+00 0.000000e+00 0.000000e+00 0.000000e+00 0.000000e+00 0.000000e+00 0.000000e+00 0.000000e+00 0.000000e+00
1.629000e+00 0.000000e+00 -4.839151e+03 -4.696823e+03 0.000000e+00 0.000000e+00 0.000000e+00 -8.840979e+01 -6.761877e+01 1.396808e+03 4.926537e+01 0.000000e+00 0.000000e+00 0.000000e+00 0.000000e+00 0.000000e+00 0.000000e+00 0.000000e+00 0.000000e+00 0.000000e+00
1.630000e+00 0.000000e+00 -4.833789e+03 -4.696106e+03 0.000000e+00 0.000000e+00 0.000000e+00 -8.763289e+01 -6.682154e+01 1.396615e+03 4.739146e+01 0.000000e+00 0.000000e+00 0.000000e+00 0.000000e+00 0.000000e+00 0.000000e+00 0.000000e+00 0.000000e+00 0.000000e+00
1.631000e+00 0.000000e+00 -4.828472e+03 -4.695528e+03 0.000000e+00 0.000000e+00 0.000000e+00 -8.686610e+01 -6.603440e+01 1.396433e+03 4.553959e+01 0.000000e+00 0.000000e+00 0.000000e+00 0.000000e+00 0.000000e+00 0.000000e+00 0.000000e+00 0.000000e+00 0.000000e+00
1.632000e+00 0.000000e+00 -4.823199e+03 -4.695093e+03 0.000000e+00 0.000000e+00 0.000000e+00 -8.610952e+01 -6.525748e+01 1.396261e+03 4.370990e+01 0.000000e+00 0.000000e+00 0.000000e+00 0.000000e+00 0.000000e+00 0.000000e+00 0.000000e+00 0.000000e+00 0.000000e+00
1.633000e+00 0.000000e+00 -4.817972e+03 -4.694801e+03 0.000000e+00 0.000000e+00 0.000000e+00 -8.536325e+01 -6.449086e+01 1.396100e+03 4.190254e+01 0.000000e+00 0.000000e+00 0.000000e+00 0.000000e+00 0.000000e+00 0.000000e+00 0.000000e+00 0.000000e+00 0.000000e+00
1.634000e+00 0.000000e+00 -4.812789e+03 -4.694655e+03 0.000000e+00 0.000000e+00 0.000000e+00 -8.462739e+01 -6.373464e+01 1.395949e+03 4.011767e+01 0.000000e+00 0.000000e+00 0.000000e+00 0.000000e+00 0.000000e+00 0.000000e+00 0.000000e+00 0.000000e+00 0.000000e+00
1.635000e+00 0.000000e+00 -4.807652e+03 -4.694656e+03 0.000000e+00 0.000000e+00 0.000000e+00 -8.390201e+01 -6.298890e+01 1.395809e+03 3.835542e+01 0.000000e+00 0.000000e+00 0.000000e+00 0.000000e+00 0.000000e+00 0.000000e+00 0.000000e+00 0.000000e+00 0.000000e+00
1.636000e+00 0.000000e+00 -4.802562e+03 -4.694805e+03 0.000000e+00 0.000000e+00 0.000000e+00 -8.318722e+01 -6.225373e+01 1.395679e+03 3.661593e+01 0.000000e+00 0.000000e+00 0.000000e+00 0.000000e+00 0.000000e+00 0.000000e+00 0.000000e+00 0.000000e+00 0.000000e+00
1.637000e+00 0.000000e+00 -4.797517e+03 -4.695106e+03 0.000000e+00 0.000000e+00 0.000000e+00 -8.248309e+01 -6.152921e+01 1.395559e+03 3.489931e+01 0.000000e+00 0.000000e+00 0.000000e+00 0.000000e+00 0.000000e+00 0.000000e+00 0.000000e+00 0.000000e+00 0.000000e+00
1.638000e+00 0.000000e+00 -4.792519e+03 -4.695558e+03 0.000000e+00 0.000000e+00 0.000000e+00 -8.178969e+01 -6.081543e+01 1.395450e+03 3.320570e+01 0.000000e+00 0.000000e+00 0.000000e+00 0.000000e+00 0.000000e+00 0.000000e+00 0.000000e+00 0.000000e+00 0.000000e+00
1.639000e+00 0.000000e+00 -4.787569e+03 -4.696163e+03 0.000000e+00 0.000000e+00 0.000000e+00 -8.110712e+01 -6.011244e+01 1.395352e+03 3.153519e+01 0.000000e+00 0.000000e+00 0.000000e+00 0.000000e+00 0.000000e+00 0.000000e+00 0.000000e+00 0.000000e+00 0.000000e+00
1.640000e+00 0.000000e+00 -4.782665e+03 -4.696924e+03 0.000000e+00 0.000000e+00 0.000000e+00 -8.043543e+01 -5.942033e+01 1.395263e+03 2.988791e+01 0.000000e+00 0.000000e+00 0.000000e+00 0.000000e+00 0.000000e+00 0.000000e+00 0.000000e+00 0.000000e+00 0.000000e+00
1.641000e+00 0.000000e+00 -4.777810e+03 -4.697841e+03 0.000000e+00 0.000000e+00 0.000000e+00 -7.977469e+01 -5.873916e+01 1.395185e+03 2.826395e+01 0.000000e+00 0.000000e+00 0.000000e+00 0.000000e+00 0.000000e+00 0.000000e+00 0.000000e+00 0.000000e+00 0.000000e+00
1.642000e+00 0.000000e+00 -4.773003e+03 -4.698916e+03 0.000000e+00 0.000000e+00 0.000000e+00 -7.912497e+01 -5.806900e+01 1.395118e+03 2.666341e+01 0.000000e+00 0.000000e+00 0.000000e+00 0.000000e+00 0.000000e+00 0.000000e+00 0.000000e+00 0.000000e+00 0.000000e+00
1.643000e+00 0.000000e+00 -4.768244e+03 -4.700149e+03 0.000000e+00 0.000000e+00 0.000000e+00 -7.848632e+01 -5.740990e+01 1.395061e+03 2.508637e+01 0.000000e+00 0.000000e+00 0.000000e+00 0.000000e+00 0.000000e+00 0.000000e+00 0.000000e+00 0.000000e+00 0.000000e+00
1.644000e+00 0.000000e+00 -4.763535e+03 -4.701544e+03 0.000000e+00 0.000000e+00 0.000000e+00 -7.785883e+01 -5.676193e+01 1.395014e+03 2.353293e+01 0.000000e+00 0.000000e+00 0.000000e+00 0.000000e+00 0.000000e+00 0.000000e+00 0.000000e+00 0.000000e+00 0.000000e+00
1.645000e+00 0.000000e+00 -4.758875e+03 -4.703100e+03 0.000000e+00 0.000000e+00 0.000000e+00 -7.724254e+01 -5.612516e+01 1.394978e+03 2.200319e+01 0.000000e+00 0.000000e+00 0.000000e+00 0.000000e+00 0.000000e+00 0.000000e+00 0.000000e+00 0.000000e+00 0.000000e+00
1.646000e+00 0.000000e+00 -4.754265e+03 -4.704818e+03 0.000000e+00 0.000000e+00 0.000000e+00 -7.663754e+01 -5.549965e+01 1.394952e+03 2.049722e+01 0.000000e+00 0.000000e+00 0.000000e+00 0.000000e+00 0.000000e+00 0.000000e+00 0.000000e+00 0.000000e+00 0.000000e+00
1.647000e+00 0.000000e+00 -4.749705e+03 -4.706702e+03 0.000000e+00 0.000000e+00 0.000000e+00 -7.604386e+01 -5.488545e+01 1.394936e+03 1.901511e+01 0.000000e+00 0.000000e+00 0.000000e+00 0.000000e+00 0.000000e+00 0.000000e+00 0.000000e+00 0.000000e+00 0.000000e+00
1.648000e+00 0.000000e+00 -4.745195e+03 -4.708750e+03 0.000000e+00 0.000000e+00 0.000000e+00 -7.546157e+01 -5.428261e+01 1.394931e+03 1.755691e+01 0.000000e+00 0.000000e+00 0.000000e+00 0.000000e+00 0.000000e+00 0.000000e+00 0.000000e+00 0.000000e+00 0.000000e+00
1.649000e+00 0.000000e+00 -4.740737e+03 -4.710965e+03 0.000000e+00 0.000000e+00 0.000000e+00 -7.489071e+01 -5.369119e+01 1.394936e+03 1.612270e+01 0.000000e+00 0.000000e+00 0.000000e+00 0.000000e+00 0.000000e+00 0.000000e+00 0.000000e+00 0.000000e+00 0.000000e+00
1.650000e+00 0.000000e+00 -4.736330e+03 -4.713347e+03 0.000000e+00 0.000000e+00 0.000000e+00 -7.433134e+01 -5.311123e+01 1.394951e+03 1.471253e+01 0.000000e+00 0.000000e+00 0.000000e+00 0.000000e+00 0.000000e+00 0.000000e+00 0.000000e+00 0.000000e+00 0.000000e+00
1.651000e+00 0.000000e+00 -4.731974e+03 -4.715898e+03 0.000000e+00 0.000000e+00 0.000000e+00 -7.378347e+01 -5.254276e+01 1.394977e+03 1.332644e+01 0.000000e+00 0.000000e+00 0.000000e+00 0.000000e+00 0.000000e+00 0.000000e+00 0.000000e+00 0.000000e+00 0.000000e+00
1.652000e+00 0.000000e+00 -4.727671e+03 -4.718618e+03 0.000000e+00 0.000000e+00 0.000000e+00 -7.324717e+01 -5.198582e+01 1.395013e+03 1.196448e+01 0.000000e+00 0.000000e+00 0.000000e+00 0.000000e+00 0.000000e+00 0.000000e+00 0.000000e+00 0.000000e+00 0.000000e+00
1.653000e+00 0.000000e+00 -4.723420e+03 -4.721508e+03 0.000000e+00 0.000000e+00 0.000000e+00 -7.272244e+01 -5.144045e+01 1.395060e+03 1.062667e+01 0.000000e+00 0.000000e+00 0.000000e+00 0.000000e+00 0.000000e+00 0.000000e+00 0.000000e+00 0.000000e+00 0.000000e+00
1.654000e+00 0.000000e+00 -4.719223e+03 -4.724569e+03 0.000000e+00 0.000000e+00 0.000000e+00 -7.220932e+01 -5.090665e+01 1.395116e+03 9.313053e+00 0.000000e+00 0.000000e+00 0.000000e+00 0.000000e+00 0.000000e+00 0.000000e+00 0.000000e+00 0.000000e+00 0.000000e+00
1.655000e+00 0.000000e+00 -4.715079e+03 -4.727802e+03 0.000000e+00 0.000000e+00 0.000000e+00 -7.170783e+01 -5.038447e+01 1.395183e+03 8.023635e+00 0.000000e+00 0.000000e+00 0.000000e+00 0.000000e+00 0.000000e+00 0.000000e+00 0.000000e+00 0.000000e+00 0.000000e+00
1.656000e+00 0.000000e+00 -4.710989e+03 -4.731207e+03 0.000000e+00 0.000000e+00 0.000000e+00 -7.121798e+01 -4.987391e+01 1.395260e+03 6.758430e+00 0.000000e+00 0.000000e+00 0.000000e+00 0.000000e+00 0.000000e+00 0.000000e+00 0.000000e+00 0.000000e+00 0.000000e+00
1.657000e+00 0.000000e+00 -4.706953e+03 -4.734785e+03 0.000000e+00 0.000000e+00 0.000000e+00 -7.073979e+01 -4.937498e+01 1.395348e+03 5.517442e+00 0.000000e+00 0.000000e+00 0.000000e+00 0.000000e+00 0.000000e+00 0.000000e+00 0.000000e+00 0.000000e+00 0.000000e+00
1.658000e+00 0.000000e+00 -4.702973e+03 -4.738536e+03 0.000000e+00 0.000000e+00 0.000000e+00 -7.027327e+01 -4.888770e+01 1.395445e+03 4.300667e+00 0.000000e+00 0.000000e+00 0.000000e+00 0.000000e+00 0.000000e+00 0.000000e+00 0.000000e+00 0.000000e+00 0.000000e+00
1.659000e+00 0.000000e+00 -4.699048e+03 -4.742461e+03 0.000000e+00 0.000000e+00 0.000000e+00 -6.981842e+01 -4.841207e+01 1.395553e+03 3.108093e+00 0.000000e+00 0.000000e+00 0.000000e+00 0.000000e+00 0.000000e+00 0.000000e+00 0.000000e+00 0.000000e+00 0.000000e+00
1.660000e+00 0.000000e+00 -4.695179e+03 -4.746560e+03 0.000000e+00 0.000000e+00 0.000000e+00 -6.937523e+01 -4.794808e+01 1.395671e+03 1.939703e+00 0.000000e+00 0.000000e+00 0.000000e+00 0.000000e+00 0.000000e+00 0.000000e+00 0.000000e+00 0.000000e+00 0.000000e+00
1.661000e+00 0.000000e+00 -4.691366e+03 -4.750834e+03 0.000000e+00 0.000000e+00 0.000000e+00 -6.894370e+01 -4.749574e+01 1.395799e+03 7.954706e-01 0.000000e+00 0.000000e+00 0.000000e+00 0.000000e+00 0.000000e+00 0.000000e+00 0.000000e+00 0.000000e+00 0.000000e+00
1.662000e+00 0.000000e+00 -4.687610e+03 -4.755282e+03 0.000000e+00 0.000000e+00 0.000000e+00 -6.852382e+01 -4.705502e+01 1.395938e+03 -3.246374e-01 0.000000e+00 0.000000e+00 0.000000e+00 0.000000e+00 0.000000e+00 0.000000e+00 0.000000e+00 0.000000e+00 0.000000e+00
1.663000e+00 0.000000e+00 -4.683912e+03 -4.759906e+03 0.000000e+00 0.000000e+00 0.000000e+00 -6.811557e+01 -4.662592e+01 1.396086e+03 -1.420661e+00 0.000000e+00 0.000000e+00 0.000000e+00 0.000000e+00 0.000000e+00 0.000000e+00 0.000000e+00 0.000000e+00 0.000000e+00
1.664000e+00 0.000000e+00 -4.680271e+03 -4.764704e+03 0.000000e+00 0.000000e+00 0.000000e+00 -6.771894e+01 -4.620843e+01 1.396245e+03 -2.492642e+00 0.000000e+00 0.000000e+00 0.000000e+00 0.000000e+00 0.000000e+00 0.000000e+00 0.000000e+00 0.000000e+00 0.000000e+00
1.665000e+00 0.000000e+00 -4.676690e+03 -4.769678e+03 0.000000e+00 0.000000e+00 0.000000e+00 -6.733392e+01 -4.580253e+01 1.396413e+03 -3.540611e+00 0.000000e+00 0.000000e+00 0.000000e+00 0.000000e+00 0.000000e+00 0.000000e+00 0.000000e+00 0.000000e+00 0.000000e+00
1.666000e+00 0.000000e+00 -4.673166e+03 -4.774828e+03 0.000000e+00 0.000000e+00 0.000000e+00 -6.696052e+01 -4.540823e+01 1.396592e+03 -4.564606e+00 0.000000e+00 0.000000e+00 0.000000e+00 0.000000e+00 0.000000e+00 0.000000e+00 0.000000e+00 0.000000e+00 0.000000e+00
1.667000e+00 0.000000e+00 -4.669702e+03 -4.780152e+03 0.000000e+00 0.000000e+00 0.000000e+00 -6.659870e+01 -4.502550e+01 1.396781e+03 -5.564676e+00 0.000000e+00 0.000000e+00 0.000000e+00 0.000000e+00 0.000000e+00 0.000000e+00 0.000000e+00 0.000000e+00 0.000000e+00
1.668000e+00 0.000000e+00 -4.666298e+03 -4.785653e+03 0.000000e+00 0.000000e+00 0.000000e+00 -6.624847e+01 -4.465433e+01 1.396979e+03 -6.540873e+00 0.000000e+00 0.000000e+00 0.000000e+00 0.000000e+00 0.000000e+00 0.000000e+00 0.000000e+00 0.000000e+00 0.000000e+00
1.669000e+00 0.000000e+00 -4.662954e+03 -4.791329e+03 0.000000e+00 0.000000e+00 0.000000e+00 -6.590979e+01 -4.429471e+01 1.397188e+03 -7.493258e+00 0.000000e+00 0.000000e+00 0.000000e+00 0.000000e+00 0.000000e+00 0.000000e+00 0.000000e+00 0.000000e+00 0.000000e+00
1.670000e+00 0.000000e+00 -4.659670e+03 -4.797180e+03 0.000000e+00 0.000000e+00 0.000000e+00 -6.558264e+01 -4.394660e+01 1.397407e+03 -8.421899e+00 0.000000e+00 0.000000e+00 0.000000e+00 0.000000e+00 0.000000e+00 0.000000e+00 0.000000e+00 0.000000e+00 0.000000e+00
1.671000e+00 0.000000e+00 -4.656448e+03 -4.803207e+03 0.000000e+00 0.000000e+00 0.000000e+00 -6.526699e+01 -4.360997e+01 1.397636e+03 -9.326874e+00 0.000000e+00 0.000000e+00 0.000000e+00 0.000000e+00 0.000000e+00 0.000000e+00 0.000000e+00 0.000000e+00 0.000000e+00
1.672000e+00 0.000000e+00 -4.653287e+03 -4.809408e+03 0.000000e+00 0.000000e+00 0.000000e+00 -6.496279e+01 -4.328479e+01 1.397874e+03 -1.020826e+01 0.000000e+00 0.000000e+00 0.000000e+00 0.000000e+00 0.000000e+00 0.000000e+00 0.000000e+00 0.000000e+00 0.000000e+00
1.673000e+00 0.000000e+00 -4.650188e+03 -4.815784e+03 0.000000e+00 0.000000e+00 0.000000e+00 -6.467002e+01 -4.297101e+01 1.398123e+03 -1.106616e+01 0.000000e+00 0.000000e+00 0.000000e+00 0.000000e+00 0.000000e+00 0.000000e+00 0.000000e+00 0.000000e+00 0.000000e+00
1.674000e+00 0.000000e+00 -4.647151e+03 -4.822334e+03 0.000000e+00 0.000000e+00 0.000000e+00 -6.438862e+01 -4.266860e+01 1.398381e+03 -1.190066e+01 0.000000e+00 0.000000e+00 0.000000e+00 0.000000e+00 0.000000e+00 0.000000e+00 0.000000e+00 0.000000e+00 0.000000e+00
1.675000e+00 0.000000e+00 -4.644177e+03 -4.829058e+03 0.000000e+00 0.000000e+00 0.000000e+00 -6.411855e+01 -4.237750e+01 1.398649e+03 -1.271187e+01 0.000000e+00 0.000000e+00 0.000000e+00 0.000000e+00 0.000000e+00 0.000000e+00 0.000000e+00 0.000000e+00 0.000000e+00
1.676000e+00 0.000000e+00 -4.641266e+03 -4.835956e+03 0.000000e+00 0.000000e+00 0.000000e+00 -6.385975e+01 -4.209766e+01 1.398927e+03 -1.349989e+01 0.000000e+00 0.000000e+00 0.000000e+00 0.000000e+00 0.000000e+00 0.000000e+00 0.000000e+00 0.000000e+00 0.000000e+00
1.677000e+00 0.000000e+00 -4.638419e+03 -4.843025e+03 0.000000e+00 0.000000e+00 0.000000e+00 -6.361216e+01 -4.182903e+01 1.399214e+03 -1.426486e+01 0.000000e+00 0.000000e+00 0.000000e+00 0.000000e+00 0.000000e+00 0.000000e+00 0.000000e+00 0.000000e+00 0.000000e+00
1.678000e+00 0.000000e+00 -4.635637e+03 -4.850267e+03 0.000000e+00 0.000000e+00 0.000000e+00 -6.337572e+01 -4.157153e+01 1.399512e+03 -1.500689e+01 0.000000e+00 0.000000e+00 0.000000e+00 0.000000e+00 0.000000e+00 0.000000e+00 0.000000e+00 0.000000e+00 0.000000e+00
1.679000e+00 0.000000e+00 -4.632919e+03 -4.857680e+03 0.000000e+00 0.000000e+00 0.000000e+00 -6.315036e+01 -4.132511e+01 1.399819e+03 -1.572611e+01 0.000000e+00 0.000000e+00 0.000000e+00 0.000000e+00 0.000000e+00 0.000000e+00 0.000000e+00 0.000000e+00 0.000000e+00
1.680000e+00 0.000000e+00 -4.630267e+03 -4.865263e+03 0.000000e+00 0.000000e+00 0.000000e+00 -6.293600e+01 -4.108970e+01 1.400135e+03 -1.642268e+01 0.000000e+00 0.000000e+00 0.000000e+00 0.000000e+00 0.000000e+00 0.000000e+00 0.000000e+00 0.000000e+00 0.000000e+00
1.681000e+00 0.000000e+00 -4.627680e+03 -4.873015e+03 0.000000e+00 0.000000e+00 0.000000e+00 -6.273258e+01 -4.086521e+01 1.400461e+03 -1.709673e+01 0.000000e+00 0.000000e+00 0.000000e+00 0.000000e+00 0.000000e+00 0.000000e+00 0.000000e+00 0.000000e+00 0.000000e+00
1.682000e+00 0.000000e+00 -4.625160e+03 -4.880936e+03 0.000000e+00 0.000000e+00 0.000000e+00 -6.254000e+01 -4.065158e+01 1.400797e+03 -1.774841e+01 0.000000e+00 0.000000e+00 0.000000e+00 0.000000e+00 0.000000e+00 0.000000e+00 0.000000e+00 0.000000e+00 0.000000e+00
1.683000e+00 0.000000e+00 -4.622707e+03 -4.889024e+03 0.000000e+00 0.000000e+00 0.000000e+00 -6.235819e+01 -4.044871e+01 1.401143e+03 -1.837789e+01 0.000000e+00 0.000000e+00 0.000000e+00 0.000000e+00 0.000000e+00 0.000000e+00 0.000000e+00 0.000000e+00 0.000000e+00
1.684000e+00 0.000000e+00 -4.620320e+03 -4.897279e+03 0.000000e+00 0.000000e+00 0.000000e+00 -6.218705e+01 -4.025651e+01 1.401497e+03 -1.898534e+01 0.000000e+00 0.000000e+00 0.000000e+00 0.000000e+00 0.000000e+00 0.000000e+00 0.000000e+00 0.000000e+00 0.000000e+00
1.685000e+00 0.000000e+00 -4.618002e+03 -4.905699e+03 0.000000e+00 0.000000e+00 0.000000e+00 -6.202650e+01 -4.007492e+01 1.401862e+03 -1.957090e+01 0.000000e+00 0.000000e+00 0.000000e+00 0.000000e+00 0.000000e+00 0.000000e+00 0.000000e+00 0.000000e+00 0.000000e+00
1.686000e+00 0.000000e+00 -4.615751e+03 -4.914283e+03 0.000000e+00 0.000000e+00 0.000000e+00 -6.187647e+01 -3.990386e+01 1.402235e+03 -2.013474e+01 0.000000e+00 0.000000e+00 0.000000e+00 0.000000e+00 0.000000e+00 0.000000e+00 0.000000e+00 0.000000e+00 0.000000e+00
1.687000e+00 0.000000e+00 -4.613569e+03 -4.923031e+03 0.000000e+00 0.000000e+00 0.000000e+00 -6.173689e+01 -3.974324e+01 1.402618e+03 -2.067702e+01 0.000000e+00 0.000000e+00 0.000000e+00 0.000000e+00 0.000000e+00 0.000000e+00 0.000000e+00 0.000000e+00 0.000000e+00
1.688000e+00 0.000000e+00 -4.611456e+03 -4.931940e+03 0.000000e+00 0.000000e+00 0.000000e+00 -6.160766e+01 -3.959298e+01 1.403011e+03 -2.119790e+01 0.000000e+00 0.000000e+00 0.000000e+00 0.000000e+00 0.000000e+00 0.000000e+00 0.000000e+00 0.000000e+00 0.000000e+00
1.689000e+00 0.000000e+00 -4.609412e+03 -4.941011e+03 0.000000e+00 0.000000e+00 0.000000e+00 -6.148869e+01 -3.945301e+01 1.403412e+03 -2.169756e+01 0.000000e+00 0.000000e+00 0.000000e+00 0.000000e+00 0.000000e+00 0.000000e+00 0.000000e+00 0.000000e+00 0.000000e+00
1.690000e+00 0.000000e+00 -4.607438e+03 -4.950241e+03 0.000000e+00 0.000000e+00 0.000000e+00 -6.137990e+01 -3.932322e+01 1.403823e+03 -2.217618e+01 0.000000e+00 0.000000e+00 0.000000e+00 0.000000e+00 0.000000e+00 0.000000e+00 0.000000e+00 0.000000e+00 0.000000e+00
1.691000e+00 0.000000e+00 -4.605533e+03 -4.959629e+03 0.000000e+00 0.000000e+00 0.000000e+00 -6.128119e+01 -3.920352e+01 1.404243e+03 -2.263394e+01 0.000000e+00 0.000000e+00 0.000000e+00 0.000000e+00 0.000000e+00 0.000000e+00 0.000000e+00 0.000000e+00 0.000000e+00
1.692000e+00 0.000000e+00 -4.603699e+03 -4.969173e+03 0.000000e+00 0.000000e+00 0.000000e+00 -6.119246e+01 -3.909382e+01 1.404672e+03 -2.307104e+01 0.000000e+00 0.000000e+00 0.000000e+00 0.000000e+00 0.000000e+00 0.000000e+00 0.000000e+00 0.000000e+00 0.000000e+00
1.693000e+00 0.000000e+00 -4.601936e+03 -4.978873e+03 0.000000e+00 0.000000e+00 0.000000e+00 -6.111360e+01 -3.899400e+01 1.405110e+03 -2.348769e+01 0.000000e+00 0.000000e+00 0.000000e+00 0.000000e+00 0.000000e+00 0.000000e+00 0.000000e+00 0.000000e+00 0.000000e+00
1.694000e+00 0.000000e+00 -4.600243e+03 -4.988727e+03 0.000000e+00 0.000000e+00 0.000000e+00 -6.104451e+01 -3.890397e+01 1.405558e+03 -2.388407e+01 0.000000e+00 0.000000e+00 0.000000e+00 0.000000e+00 0.000000e+00 0.000000e+00 0.000000e+00 0.000000e+00 0.000000e+00
1.695000e+00 0.000000e+00 -4.598622e+03 -4.998733e+03 0.000000e+00 0.000000e+00 0.000000e+00 -6.098508e+01 -3.882361e+01 1.406014e+03 -2.426041e+01 0.000000e+00 0.000000e+00 0.000000e+00 0.000000e+00 0.000000e+00 0.000000e+00 0.000000e+00 0.000000e+00 0.000000e+00
1.696000e+00 0.000000e+00 -4.597073e+03 -5.008889e+03 0.000000e+00 0.000000e+00 0.000000e+00 -6.093518e+01 -3.875282e+01 1.406479e+03 -2.461691e+01 0.000000e+00 0.000000e+00 0.000000e+00 0.000000e+00 0.000000e+00 0.000000e+00 0.000000e+00 0.000000e+00 0.000000e+00
1.697000e+00 0.000000e+00 -4.595596e+03 -5.019194e+03 0.000000e+00 0.000000e+00 0.000000e+00 -6.089470e+01 -3.869146e+01 1.406953e+03 -2.495381e+01 0.000000e+00 0.000000e+00 0.000000e+00 0.000000e+00 0.000000e+00 0.000000e+00 0.000000e+00 0.000000e+00 0.000000e+00
1.698000e+00 0.000000e+00 -4.594192e+03 -5.029646e+03 0.000000e+00 0.000000e+00 0.000000e+00 -6.086352e+01 -3.863943e+01 1.407436e+03 -2.527133e+01 0.000000e+00 0.000000e+00 0.000000e+00 0.000000e+00 0.000000e+00 0.000000e+00 0.000000e+00 0.000000e+00 0.000000e+00
1.699000e+00 0.000000e+00 -4.592861e+03 -5.040243e+03 0.000000e+00 0.000000e+00 0.000000e+00 -6.084152e+01 -3.859660e+01 1.407928e+03 -2.556970e+01 0.000000e+00 0.000000e+00 0.000000e+00 0.000000e+00 0.000000e+00 0.000000e+00 0.000000e+00 0.000000e+00 0.000000e+00
1.700000e+00 0.000000e+00 -4.591603e+03 -5.050983e+03 0.000000e+00 0.000000e+00 0.000000e+00 -6.082855e+01 -3.856283e+01 1.408428e+03 -2.584916e+01 0.000000e+00 0.000000e+00 0.000000e+00 0.000000e+00 0.000000e+00 0.000000e+00 0.000000e+00 0.000000e+00 0.000000e+00
1.701000e+00 0.000000e+00 -4.590418e+03 -5.061865e+03 0.000000e+00 0.000000e+00 0.000000e+00 -6.082449e+01 -3.853801e+01 1.408937e+03 -2.610996e+01 0.000000e+00 0.000000e+00 0.000000e+00 0.000000e+00 0.000000e+00 0.000000e+00 0.000000e+00 0.000000e+00 0.000000e+00
1.702000e+00 0.000000e+00 -4.589308e+03 -5.072886e+03 0.000000e+00 0.000000e+00 0.000000e+00 -6.082919e+01 -3.852199e+01 1.409455e+03 -2.635235e+01 0.000000e+00 0.000000e+00 0.000000e+00 0.000000e+00 0.000000e+00 0.000000e+00 0.000000e+00 0.000000e+00 0.000000e+00
1.703000e+00 0.000000e+00 -4.588271e+03 -5.084043e+03 0.000000e+00 0.000000e+00 0.000000e+00 -6.084253e+01 -3.851464e+01 1.409981e+03 -2.657657e+01 0.000000e+00 0.000000e+00 0.000000e+00 0.000000e+00 0.000000e+00 0.000000e+00 0.000000e+00 0.000000e+00 0.000000e+00
1.704000e+00 0.000000e+00 -4.587310e+03 -5.095336e+03 0.000000e+00 0.000000e+00 0.000000e+00 -6.086436e+01 -3.851581e+01 1.410516e+03 -2.678288e+01 0.000000e+00 0.000000e+00 0.000000e+00 0.000000e+00 0.000000e+00 0.000000e+00 0.000000e+00 0.000000e+00 0.000000e+00
1.705000e+00 0.000000e+00 -4.586423e+03 -5.106762e+03 0.000000e+00 0.000000e+00 0.000000e+00 -6.089453e+01 -3.852537e+01 1.411059e+03 -2.697155e+01 0.000000e+00 0.000000e+00 0.000000e+00 0.000000e+00 0.000000e+00 0.000000e+00 0.000000e+00 0.000000e+00 0.000000e+00
1.706000e+00 0.000000e+00 -4.585611e+03 -5.118319e+03 0.000000e+00 0.000000e+00 0.000000e+00 -6.093292e+01 -3.854320e+01 1.411611e+03 -2.714282e+01 0.000000e+00 0.000000e+00 0.000000e+00 0.000000e+00 0.000000e+00 0.000000e+00 0.000000e+00 0.000000e+00 0.000000e+00
1.707000e+00 0.000000e+00 -4.584875e+03 -5.130005e+03 0.000000e+00 0.000000e+00 0.000000e+00 -6.097941e+01 -3.856916e+01 1.412171e+03 -2.729693e+01 0.000000e+00 0.000000e+00 0.000000e+00 0.000000e+00 0.000000e+00 0.000000e+00 0.000000e+00 0.000000e+00 0.000000e+00
1.708000e+00 0.000000e+00 -4.584214e+03 -5.141818e+03 0.000000e+00 0.000000e+00 0.000000e+00 -6.103384e+01 -3.860312e+01 1.412739e+03 -2.743414e+01 0.000000e+00 0.000000e+00 0.000000e+00 0.000000e+00 0.000000e+00 0.000000e+00 0.000000e+00 0.000000e+00 0.000000e+00
1.709000e+00 0.000000e+00 -4.583629e+03 -5.153755e+03 0.000000e+00 0.000000e+00 0.000000e+00 -6.109610e+01 -3.864494e+01 1.413315e+03 -2.755471e+01 0.000000e+00 0.000000e+00 0.000000e+00 0.000000e+00 0.000000e+00 0.000000e+00 0.000000e+00 0.000000e+00 0.000000e+00
1.710000e+00 0.000000e+00 -4.583120e+03 -5.165814e+03 0.000000e+00 0.000000e+00 0.000000e+00 -6.116603e+01 -3.869449e+01 1.413900e+03 -2.765891e+01 0.000000e+00 0.000000e+00 0.000000e+00 0.000000e+00 0.000000e+00 0.000000e+00 0.000000e+00 0.000000e+00 0.000000e+00
1.711000e+00 0.000000e+00 -4.582687e+03 -5.177994e+03 0.000000e+00 0.000000e+00 0.000000e+00 -6.124349e+01 -3.875161e+01 1.414492e+03 -2.774700e+01 0.000000e+00 0.000000e+00 0.000000e+00 0.000000e+00 0.000000e+00 0.000000e+00 0.000000e+00 0.000000e+00 0.000000e+00
1.712000e+00 0.000000e+00 -4.582330e+03 -5.190291e+03 0.000000e+00 0.000000e+00 0.000000e+00 -6.132833e+01 -3.881618e+01 1.415093e+03 -2.781926e+01 0.000000e+00 0.000000e+00 0.000000e+00 0.000000e+00 0.000000e+00 0.000000e+00 0.000000e+00 0.000000e+00 0.000000e+00
1.713000e+00 0.000000e+00 -4.582050e+03 -5.202704e+03 0.000000e+00 0.000000e+00 0.000000e+00 -6.142041e+01 -3.888803e+01 1.415702e+03 -2.787596e+01 0.000000e+00 0.000000e+00 0.000000e+00 0.000000e+00 0.000000e+00 0.000000e+00 0.000000e+00 0.000000e+00 0.000000e+00
1.714000e+00 0.000000e+00 -4.581846e+03 -5.215229e+03 0.000000e+00 0.000000e+00 0.000000e+00 -6.151958e+01 -3.896702e+01 1.416318e+03 -2.791739e+01 0.000000e+00 0.000000e+00 0.000000e+00 0.000000e+00 0.000000e+00 0.000000e+00 0.000000e+00 0.000000e+00 0.000000e+00
1.715000e+00 0.000000e+00 -4.581719e+03 -5.227865e+03 0.000000e+00 0.000000e+00 0.000000e+00 -6.162568e+01 -3.905300e+01 1.416942e+03 -2.794382e+01 0.000000e+00 0.000000e+00 0.000000e+00 0.000000e+00 0.000000e+00 0.000000e+00 0.000000e+00 0.000000e+00 0.000000e+00
1.716000e+00 0.000000e+00 -4.581668e+03 -5.240610e+03 0.000000e+00 0.000000e+00 0.000000e+00 -6.173855e+01 -3.914582e+01 1.417575e+03 -2.795555e+01 0.000000e+00 0.000000e+00 0.000000e+00 0.000000e+00 0.000000e+00 0.000000e+00 0.000000e+00 0.000000e+00 0.000000e+00
1.717000e+00 0.000000e+00 -4.581694e+03 -5.253459e+03 0.000000e+00 0.000000e+00 0.000000e+00 -6.185804e+01 -3.924530e+01 1.418214e+03 -2.795286e+01 0.000000e+00 0.000000e+00 0.000000e+00 0.000000e+00 0.000000e+00 0.000000e+00 0.000000e+00 0.000000e+00 0.000000e+00
1.718000e+00 0.000000e+00 -4.581798e+03 -5.266412e+03 0.000000e+00 0.000000e+00 0.000000e+00 -6.198398e+01 -3.935131e+01 1.418862e+03 -2.793605e+01 0.000000e+00 0.000000e+00 0.000000e+00 0.000000e+00 0.000000e+00 0.000000e+00 0.000000e+00 0.000000e+00 0.000000e+00
1.719000e+00 0.000000e+00 -4.581978e+03 -5.279465e+03 0.000000e+00 0.000000e+00 0.000000e+00 -6.211621e+01 -3.946367e+01 1.419517e+03 -2.790542e+01 0.000000e+00 0.000000e+00 0.000000e+00 0.000000e+00 0.000000e+00 0.000000e+00 0.000000e+00 0.000000e+00 0.000000e+00
1.720000e+00 0.000000e+00 -4.582236e+03 -5.292615e+03 0.000000e+00 0.000000e+00 0.000000e+00 -6.225456e+01 -3.958222e+01 1.420180e+03 -2.786128e+01 0.000000e+00 0.000000e+00 0.000000e+00 0.000000e+00 0.000000e+00 0.000000e+00 0.000000e+00 0.000000e+00 0.000000e+00
1.721000e+00 0.000000e+00 -4.582571e+03 -5.305861e+03 0.000000e+00 0.000000e+00 0.000000e+00 -6.239888e+01 -3.970679e+01 1.420850e+03 -2.780391e+01 0.000000e+00 0.000000e+00 0.000000e+00 0.000000e+00 0.000000e+00 0.000000e+00 0.000000e+00 0.000000e+00 0.000000e+00
1.722000e+00 0.000000e+00 -4.582983e+03 -5.319199e+03 0.000000e+00 0.000000e+00 0.000000e+00 -6.254898e+01 -3.983723e+01 1.421527e+03 -2.773364e+01 0.000000e+00 0.000000e+00 0.000000e+00 0.000000e+00 0.000000e+00 0.000000e+00 0.000000e+00 0.000000e+00 0.000000e+00
1.723000e+00 0.000000e+00 -4.583472e+03 -5.332627e+03 0.000000e+00 0.000000e+00 0.000000e+00 -6.270470e+01 -3.997335e+01 1.422212e+03 -2.765076e+01 0.000000e+00 0.000000e+00 0.000000e+00 0.000000e+00 0.000000e+00 0.000000e+00 0.000000e+00 0.000000e+00 0.000000e+00
1.724000e+00 0.000000e+00 -4.584039e+03 -5.346141e+03 0.000000e+00 0.000000e+00 0.000000e+00 -6.286587e+01 -4.011500e+01 1.422904e+03 -2.755560e+01 0.000000e+00 0.000000e+00 0.000000e+00 0.000000e+00 0.000000e+00 0.000000e+00 0.000000e+00 0.000000e+00 0.000000e+00
1.725000e+00 0.000000e+00 -4.584683e+03 -5.359740e+03 0.000000e+00 0.000000e+00 0.000000e+00 -6.303230e+01 -4.026199e+01 1.423603e+03 -2.744846e+01 0.000000e+00 0.000000e+00 0.000000e+00 0.000000e+00 0.000000e+00 0.000000e+00 0.000000e+00 0.000000e+00 0.000000e+00
1.726000e+00 0.000000e+00 -4.585405e+03 -5.373420e+03 0.000000e+00 0.000000e+00 0.000000e+00 -6.320386e+01 -4.041418e+01 1.424309e+03 -2.732965e+01 0.000000e+00 0.000000e+00 0.000000e+00 0.000000e+00 0.000000e+00 0.000000e+00 0.000000e+00 0.000000e+00 0.000000e+00
1.727000e+00 0.000000e+00 -4.586203e+03 -5.387179e+03 0.000000e+00 0.000000e+00 0.000000e+00 -6.338036e+01 -4.057139e+01 1.425023e+03 -2.719945e+01 0.000000e+00 0.000000e+00 0.000000e+00 0.000000e+00 0.000000e+00 0.000000e+00 0.000000e+00 0.000000e+00 0.000000e+00
1.728000e+00 0.000000e+00 -4.587079e+03 -5.401014e+03 0.000000e+00 0.000000e+00 0.000000e+00 -6.356166e+01 -4.073349e+01 1.425743e+03 -2.705818e+01 0.000000e+00 0.000000e+00 0.000000e+00 0.000000e+00 0.000000e+00 0.000000e+00 0.000000e+00 0.000000e+00 0.000000e+00
1.729000e+00 0.000000e+00 -4.588031e+03 -5.414923e+03 0.000000e+00 0.000000e+00 0.000000e+00 -6.374759e+01 -4.090028e+01 1.426470e+03 -2.690614e+01 0.000000e+00 0.000000e+00 0.000000e+00 0.000000e+00 0.000000e+00 0.000000e+00 0.000000e+00 0.000000e+00 0.000000e+00
1.730000e+00 0.000000e+00 -4.589061e+03 -5.428901e+03 0.000000e+00 0.000000e+00 0.000000e+00 -6.393798e+01 -4.107163e+01 1.427205e+03 -2.674364e+01 0.000000e+00 0.000000e+00 0.000000e+00 0.000000e+00 0.000000e+00 0.000000e+00 0.000000e+00 0.000000e+00 0.000000e+00
1.731000e+00 0.000000e+00 -4.590167e+03 -5.442948e+03 0.000000e+00 0.000000e+00 0.000000e+00 -6.413266e+01 -4.124734e+01 1.427945e+03 -2.657099e+01 0.000000e+00 0.000000e+00 0.000000e+00 0.000000e+00 0.000000e+00 0.000000e+00 0.000000e+00 0.000000e+00 0.000000e+00
1.732000e+00 0.000000e+00 -4.591349e+03 -5.457060e+03 0.000000e+00 0.000000e+00 0.000000e+00 -6.433147e+01 -4.142727e+01 1.428693e+03 -2.638849e+01 0.000000e+00 0.000000e+00 0.000000e+00 0.000000e+00 0.000000e+00 0.000000e+00 0.000000e+00 0.000000e+00 0.000000e+00
1.733000e+00 0.000000e+00 -4.592607e+03 -5.471233e+03 0.000000e+00 0.000000e+00 0.000000e+00 -6.453423e+01 -4.161124e+01 1.429447e+03 -2.619648e+01 0.000000e+00 0.000000e+00 0.000000e+00 0.000000e+00 0.000000e+00 0.000000e+00 0.000000e+00 0.000000e+00 0.000000e+00
1.734000e+00 0.000000e+00 -4.593942e+03 -5.485466e+03 0.000000e+00 0.000000e+00 0.000000e+00 -6.474079e+01 -4.179909e+01 1.430208e+03 -2.599525e+01 0.000000e+00 0.000000e+00 0.000000e+00 0.000000e+00 0.000000e+00 0.000000e+00 0.000000e+00 0.000000e+00 0.000000e+00
1.735000e+00 0.000000e+00 -4.595352e+03 -5.499756e+03 0.000000e+00 0.000000e+00 0.000000e+00 -6.495096e+01 -4.199064e+01 1.430976e+03 -2.578512e+01 0.000000e+00 0.000000e+00 0.000000e+00 0.000000e+00 0.000000e+00 0.000000e+00 0.000000e+00 0.000000e+00 0.000000e+00
1.736000e+00 0.000000e+00 -4.596838e+03 -5.514098e+03 0.000000e+00 0.000000e+00 0.000000e+00 -6.516457e+01 -4.218572e+01 1.431750e+03 -2.556641e+01 0.000000e+00 0.000000e+00 0.000000e+00 0.000000e+00 0.000000e+00 0.000000e+00 0.000000e+00 0.000000e+00 0.000000e+00
1.737000e+00 0.000000e+00 -4.598400e+03 -5.528492e+03 0.000000e+00 0.000000e+00 0.000000e+00 -6.538146e+01 -4.238416e+01 1.432530e+03 -2.533944e+01 0.000000e+00 0.000000e+00 0.000000e+00 0.000000e+00 0.000000e+00 0.000000e+00 0.000000e+00 0.000000e+00 0.000000e+00
1.738000e+00 0.000000e+00 -4.600036e+03 -5.542933e+03 0.000000e+00 0.000000e+00 0.000000e+00 -6.560144e+01 -4.258579e+01 1.433316e+03 -2.510452e+01 0.000000e+00 0.000000e+00 0.000000e+00 0.000000e+00 0.000000e+00 0.000000e+00 0.000000e+00 0.000000e+00 0.000000e+00
1.739000e+00 0.000000e+00 -4.601747e+03 -5.557419e+03 0.000000e+00 0.000000e+00 0.000000e+00 -6.582436e+01 -4.279044e+01 1.434109e+03 -2.486198e+01 0.000000e+00 0.000000e+00 0.000000e+00 0.000000e+00 0.000000e+00 0.000000e+00 0.000000e+00 0.000000e+00 0.000000e+00
1.740000e+00 0.000000e+00 -4.603532e+03 -5.571947e+03 0.000000e+00 0.000000e+00 0.000000e+00 -6.605002e+01 -4.299793e+01 1.434908e+03 -2.461213e+01 0.000000e+00 0.000000e+00 0.000000e+00 0.000000e+00 0.000000e+00 0.000000e+00 0.000000e+00 0.000000e+00 0.000000e+00
1.741000e+00 0.000000e+00 -4.605392e+03 -5.586514e+03 0.000000e+00 0.000000e+00 0.000000e+00 -6.627826e+01 -4.320809e+01 1.435713e+03 -2.435530e+01 0.000000e+00 0.000000e+00 0.000000e+00 0.000000e+00 0.000000e+00 0.000000e+00 0.000000e+00 0.000000e+00 0.000000e+00
1.742000e+00 0.000000e+00 -4.607325e+03 -5.601117e+03 0.000000e+00 0.000000e+00 0.000000e+00 -6.650890e+01 -4.342075e+01 1.436524e+03 -2.409181e+01 0.000000e+00 0.000000e+00 0.000000e+00 0.000000e+00 0.000000e+00 0.000000e+00 0.000000e+00 0.000000e+00 0.000000e+00
1.743000e+00 0.000000e+00 -4.609331e+03 -5.615754e+03 0.000000e+00 0.000000e+00 0.000000e+00 -6.674176e+01 -4.363574e+01 1.437342e+03 -2.382196e+01 0.000000e+00 0.000000e+00 0.000000e+00 0.000000e+00 0.000000e+00 0.000000e+00 0.000000e+00 0.000000e+00 0.000000e+00
1.744000e+00 0.000000e+00 -4.611411e+03 -5.630420e+03 0.000000e+00 0.000000e+00 0.000000e+00 -6.697668e+01 -4.385287e+01 1.438165e+03 -2.354610e+01 0.000000e+00 0.000000e+00 0.000000e+00 0.000000e+00 0.000000e+00 0.000000e+00 0.000000e+00 0.000000e+00 0.000000e+00
1.745000e+00 0.000000e+00 -4.613563e+03 -5.645114e+03 0.000000e+00 0.000000e+00 0.000000e+00 -6.721347e+01 -4.407197e+01 1.438993e+03 -2.326453e+01 0.000000e+00 0.000000e+00 0.000000e+00 0.000000e+00 0.000000e+00 0.000000e+00 0.000000e+00 0.000000e+00 0.000000e+00
1.746000e+00 0.000000e+00 -4.615787e+03 -5.659832e+03 0.000000e+00 0.000000e+00 0.000000e+00 -6.745197e+01 -4.429287e+01 1.439828e+03 -2.297758e+01 0.000000e+00 0.000000e+00 0.000000e+00 0.000000e+00 0.000000e+00 0.000000e+00 0.000000e+00 0.000000e+00 0.000000e+00
1.747000e+00 0.000000e+00 -4.618083e+03 -5.674571e+03 0.000000e+00 0.000000e+00 0.000000e+00 -6.769200e+01 -4.451542e+01 1.440669e+03 -2.268555e+01 0.000000e+00 0.000000e+00 0.000000e+00 0.000000e+00 0.000000e+00 0.000000e+00 0.000000e+00 0.000000e+00 0.000000e+00
1.748000e+00 0.000000e+00 -4.620450e+03 -5.689329e+03 0.000000e+00 0.000000e+00 0.000000e+00 -6.793342e+01 -4.473944e+01 1.441515e+03 -2.238875e+01 0.000000e+00 0.000000e+00 0.000000e+00 0.000000e+00 0.000000e+00 0.000000e+00 0.000000e+00 0.000000e+00 0.000000e+00
1.749000e+00 0.000000e+00 -4.622887e+03 -5.704103e+03 0.000000e+00 0.000000e+00 0.000000e+00 -6.817605e+01 -4.496478e+01 1.442366e+03 -2.208747e+01 0.000000e+00 0.000000e+00 0.000000e+00 0.000000e+00 0.000000e+00 0.000000e+00 0.000000e+00 0.000000e+00 0.000000e+00
1.750000e+00 0.000000e+00 -4.625395e+03 -5.718890e+03 0.000000e+00 0.000000e+00 0.000000e+00 -6.841972e+01 -4.519127e+01 1.443223e+03 -2.178205e+01 0.000000e+00 0.000000e+00 0.000000e+00 0.000000e+00 0.000000e+00 0.000000e+00 0.000000e+00 0.000000e+00 0.000000e+00
1.751000e+00 0.000000e+00 -4.627971e+03 -5.733687e+03 0.000000e+00 0.000000e+00 0.000000e+00 -6.866428e+01 -4.541873e+01 1.444086e+03 -2.147278e+01 0.000000e+00 0.000000e+00 0.000000e+00 0.000000e+00 0.000000e+00 0.000000e+00 0.000000e+00 0.000000e+00 0.000000e+00
1.752000e+00 0.000000e+00 -4.630617e+03 -5.748490e+03 0.000000e+00 0.000000e+00 0.000000e+00 -6.890955e+01 -4.564701e+01 1.444954e+03 -2.115997e+01 0.000000e+00 0.000000e+00 0.000000e+00 0.000000e+00 0.000000e+00 0.000000e+00 0.000000e+00 0.000000e+00 0.000000e+00
1.753000e+00 0.000000e+00 -4.633331e+03 -5.763299e+03 0.000000e+00 0.000000e+00 0.000000e+00 -6.915537e+01 -4.587595e+01 1.445827e+03 -2.084392e+01 0.000000e+00 0.000000e+00 0.000000e+00 0.000000e+00 0.000000e+00 0.000000e+00 0.000000e+00 0.000000e+00 0.000000e+00
1.754000e+00 0.000000e+00 -4.636113e+03 -5.778108e+03 0.000000e+00 0.000000e+00 0.000000e+00 -6.940158e+01 -4.610537e+01 1.446706e+03 -2.052496e+01 0.000000e+00 0.000000e+00 0.000000e+00 0.000000e+00 0.000000e+00 0.000000e+00 0.000000e+00 0.000000e+00 0.000000e+00
1.755000e+00 0.000000e+00 -4.638962e+03 -5.792917e+03 0.000000e+00 0.000000e+00 0.000000e+00 -6.964802e+01 -4.633512e+01 1.447590e+03 -2.020337e+01 0.000000e+00 0.000000e+00 0.000000e+00 0.000000e+00 0.000000e+00 0.000000e+00 0.000000e+00 0.000000e+00 0.000000e+00
1.756000e+00 0.000000e+00 -4.641877e+03 -5.807721e+03 0.000000e+00 0.000000e+00 0.000000e+00 -6.989451e+01 -4.656503e+01 1.448479e+03 -1.987945e+01 0.000000e+00 0.000000e+00 0.000000e+00 0.000000e+00 0.000000e+00 0.000000e+00 0.000000e+00 0.000000e+00 0.000000e+00
1.757000e+00 0.000000e+00 -4.644857e+03 -5.822518e+03 0.000000e+00 0.000000e+00 0.000000e+00 -7.014090e+01 -4.679494e+01 1.449373e+03 -1.955352e+01 0.000000e+00 0.000000e+00 0.000000e+00 0.000000e+00 0.000000e+00 0.000000e+00 0.000000e+00 0.000000e+00 0.000000e+00
1.758000e+00 0.000000e+00 -4.647903e+03 -5.837305e+03 0.000000e+00 0.000000e+00 0.000000e+00 -7.038704e+01 -4.702469e+01 1.450272e+03 -1.922587e+01 0.000000e+00 0.000000e+00 0.000000e+00 0.000000e+00 0.000000e+00 0.000000e+00 0.000000e+00 0.000000e+00 0.000000e+00
1.759000e+00 0.000000e+00 -4.651013e+03 -5.852079e+03 0.000000e+00 0.000000e+00 0.000000e+00 -7.063275e+01 -4.725413e+01 1.451176e+03 -1.889680e+01 0.000000e+00 0.000000e+00 0.000000e+00 0.000000e+00 0.000000e+00 0.000000e+00 0.000000e+00 0.000000e+00 0.000000e+00
1.760000e+00 0.000000e+00 -4.654186e+03 -5.866838e+03 0.000000e+00 0.000000e+00 0.000000e+00 -7.087789e+01 -4.748309e+01 1.452085e+03 -1.856660e+01 0.000000e+00 0.000000e+00 0.000000e+00 0.000000e+00 0.000000e+00 0.000000e+00 0.000000e+00 0.000000e+00 0.000000e+00
1.761000e+00 0.000000e+00 -4.657422e+03 -5.881579e+03 0.000000e+00 0.000000e+00 0.000000e+00 -7.112229e+01 -4.771142e+01 1.452999e+03 -1.823556e+01 0.000000e+00 0.000000e+00 0.000000e+00 0.000000e+00 0.000000e+00 0.000000e+00 0.000000e+00 0.000000e+00 0.000000e+00
1.762000e+00 0.000000e+00 -4.660720e+03 -5.896299e+03 0.000000e+00 0.000000e+00 0.000000e+00 -7.136580e+01 -4.793896e+01 1.453917e+03 -1.790398e+01 0.000000e+00 0.000000e+00 0.000000e+00 0.000000e+00 0.000000e+00 0.000000e+00 0.000000e+00 0.000000e+00 0.000000e+00
1.763000e+00 0.000000e+00 -4.664079e+03 -5.910995e+03 0.000000e+00 0.000000e+00 0.000000e+00 -7.160826e+01 -4.816556e+01 1.454840e+03 -1.757214e+01 0.000000e+00 0.000000e+00 0.000000e+00 0.000000e+00 0.000000e+00 0.000000e+00 0.000000e+00 0.000000e+00 0.000000e+00
1.764000e+00 0.000000e+00 -4.667498e+03 -5.925664e+03 0.000000e+00 0.000000e+00 0.000000e+00 -7.184953e+01 -4.839106e+01 1.455768e+03 -1.724033e+01 0.000000e+00 0.000000e+00 0.000000e+00 0.000000e+00 0.000000e+00 0.000000e+00 0.000000e+00 0.000000e+00 0.000000e+00
1.765000e+00 0.000000e+00 -4.670977e+03 -5.940305e+03 0.000000e+00 0.000000e+00 0.000000e+00 -7.208945e+01 -4.861531e+01 1.456701e+03 -1.690884e+01 0.000000e+00 0.000000e+00 0.000000e+00 0.000000e+00 0.000000e+00 0.000000e+00 0.000000e+00 0.000000e+00 0.000000e+00
1.766000e+00 0.000000e+00 -4.674514e+03 -5.954913e+03 0.000000e+00 0.000000e+00 0.000000e+00 -7.232787e+01 -4.883816e+01 1.457638e+03 -1.657794e+01 0.000000e+00 0.000000e+00 0.000000e+00 0.000000e+00 0.000000e+00 0.000000e+00 0.000000e+00 0.000000e+00 0.000000e+00
1.767000e+00 0.000000e+00 -4.678109e+03 -5.969488e+03 0.000000e+00 0.000000e+00 0.000000e+00 -7.256463e+01 -4.905947e+01 1.458580e+03 -1.624791e+01 0.000000e+00 0.000000e+00 0.000000e+00 0.000000e+00 0.000000e+00 0.000000e+00 0.000000e+00 0.000000e+00 0.000000e+00
1.768000e+00 0.000000e+00 -4.681761e+03 -5.984025e+03 0.000000e+00 0.000000e+00 0.000000e+00 -7.279960e+01 -4.927908e+01 1.459526e+03 -1.591903e+01 0.000000e+00 0.000000e+00 0.000000e+00 0.000000e+00 0.000000e+00 0.000000e+00 0.000000e+00 0.000000e+00 0.000000e+00
1.769000e+00 0.000000e+00 -4.685469e+03 -5.998522e+03 0.000000e+00 0.000000e+00 0.000000e+00 -7.303264e+01 -4.949686e+01 1.460476e+03 -1.559157e+01 0.000000e+00 0.000000e+00 0.000000e+00 0.000000e+00 0.000000e+00 0.000000e+00 0.000000e+00 0.000000e+00 0.000000e+00
1.770000e+00 0.000000e+00 -4.689232e+03 -6.012977e+03 0.000000e+00 0.000000e+00 0.000000e+00 -7.326360e+01 -4.971266e+01 1.461431e+03 -1.526579e+01 0.000000e+00 0.000000e+00 0.000000e+00 0.000000e+00 0.000000e+00 0.000000e+00 0.000000e+00 0.000000e+00 0.000000e+00
1.771000e+00 0.000000e+00 -4.693048e+03 -6.027387e+03 0.000000e+00 0.000000e+00 0.000000e+00 -7.349235e+01 -4.992636e+01 1.462390e+03 -1.494193e+01 0.000000e+00 0.000000e+00 0.000000e+00 0.000000e+00 0.000000e+00 0.000000e+00 0.000000e+00 0.000000e+00 0.000000e+00
1.772000e+00 0.000000e+00 -4.696918e+03 -6.041749e+03 0.000000e+00 0.000000e+00 0.000000e+00 -7.371876e+01 -5.013780e+01 1.463353e+03 -1.462028e+01 0.000000e+00 0.000000e+00 0.000000e+00 0.000000e+00 0.000000e+00 0.000000e+00 0.000000e+00 0.000000e+00 0.000000e+00
1.773000e+00 0.000000e+00 -4.700839e+03 -6.056062e+03 0.000000e+00 0.000000e+00 0.000000e+00 -7.394267e+01 -5.034685e+01 1.464320e+03 -1.430109e+01 0.000000e+00 0.000000e+00 0.000000e+00 0.000000e+00 0.000000e+00 0.000000e+00 0.000000e+00 0.000000e+00 0.000000e+00
1.774000e+00 0.000000e+00 -4.704812e+03 -6.070322e+03 0.000000e+00 0.000000e+00 0.000000e+00 -7.416395e+01 -5.055337e+01 1.465292e+03 -1.398463e+01 0.000000e+00 0.000000e+00 0.000000e+00 0.000000e+00 0.000000e+00 0.000000e+00 0.000000e+00 0.000000e+00 0.000000e+00
1.775000e+00 0.000000e+00 -4.708835e+03 -6.084527e+03 0.000000e+00 0.000000e+00 0.000000e+00 -7.438245e+01 -5.075721e+01 1.466268e+03 -1.367115e+01 0.000000e+00 0.000000e+00 0.000000e+00 0.000000e+00 0.000000e+00 0.000000e+00 0.000000e+00 0.000000e+00 0.000000e+00
1.776000e+00 0.000000e+00 -4.712906e+03 -6.098675e+03 0.000000e+00 0.000000e+00 0.000000e+00 -7.459805e+01 -5.095825e+01 1.467247e+03 -1.336090e+01 0.000000e+00 0.000000e+00 0.000000e+00 0.000000e+00 0.000000e+00 0.000000e+00 0.000000e+00 0.000000e+00 0.000000e+00
1.777000e+00 0.000000e+00 -4.717026e+03 -6.112762e+03 0.000000e+00 0.000000e+00 0.000000e+00 -7.481062e+01 -5.115634e+01 1.468231e+03 -1.305413e+01 0.000000e+00 0.000000e+00 0.000000e+00 0.000000e+00 0.000000e+00 0.000000e+00 0.000000e+00 0.000000e+00 0.000000e+00
1.778000e+00 0.000000e+00 -4.721192e+03 -6.126787e+03 0.000000e+00 0.000000e+00 0.000000e+00 -7.502001e+01 -5.135137e+01 1.469218e+03 -1.275109e+01 0.000000e+00 0.000000e+00 0.000000e+00 0.000000e+00 0.000000e+00 0.000000e+00 0.000000e+00 0.000000e+00 0.000000e+00
1.779000e+00 0.000000e+00 -4.725404e+03 -6.140748e+03 0.000000e+00 0.000000e+00 0.000000e+00 -7.522610e+01 -5.154319e+01 1.470210e+03 -1.245202e+01 0.000000e+00 0.000000e+00 0.000000e+00 0.000000e+00 0.000000e+00 0.000000e+00 0.000000e+00 0.000000e+00 0.000000e+00
1.780000e+00 0.000000e+00 -4.729661e+03 -6.154641e+03 0.000000e+00 0.000000e+00 0.000000e+00 -7.542877e+01 -5.173169e+01 1.471205e+03 -1.215714e+01 0.000000e+00 0.000000e+00 0.000000e+00 0.000000e+00 0.000000e+00 0.000000e+00 0.000000e+00 0.000000e+00 0.000000e+00
1.781000e+00 0.000000e+00 -4.733962e+03 -6.168464e+03 0.000000e+00 0.000000e+00 0.000000e+00 -7.562790e+01 -5.191675e+01 1.472204e+03 -1.186670e+01 0.000000e+00 0.000000e+00 0.000000e+00 0.000000e+00 0.000000e+00 0.000000e+00 0.000000e+00 0.000000e+00 0.000000e+00
1.782000e+00 0.000000e+00 -4.738304e+03 -6.182216e+03 0.000000e+00 0.000000e+00 0.000000e+00 -7.582337e+01 -5.209823e+01 1.473206e+03 -1.158091e+01 0.000000e+00 0.000000e+00 0.000000e+00 0.000000e+00 0.000000e+00 0.000000e+00 0.000000e+00 0.000000e+00 0.000000e+00
1.783000e+00 0.000000e+00 -4.742689e+03 -6.195893e+03 0.000000e+00 0.000000e+00 0.000000e+00 -7.601505e+01 -5.227603e+01 1.474213e+03 -1.129999e+01 0.000000e+00 0.000000e+00 0.000000e+00 0.000000e+00 0.000000e+00 0.000000e+00 0.000000e+00 0.000000e+00 0.000000e+00
1.784000e+00 0.000000e+00 -4.747113e+03 -6.209495e+03 0.000000e+00 0.000000e+00 0.000000e+00 -7.620285e+01 -5.245003e+01 1.475223e+03 -1.102417e+01 0.000000e+00 0.000000e+00 0.000000e+00 0.000000e+00 0.000000e+00 0.000000e+00 0.000000e+00 0.000000e+00 0.000000e+00
1.785000e+00 0.000000e+00 -4.751577e+03 -6.223017e+03 0.000000e+00 0.000000e+00 0.000000e+00 -7.638663e+01 -5.262012e+01 1.476236e+03 -1.075366e+01 0.000000e+00 0.000000e+00 0.000000e+00 0.000000e+00 0.000000e+00 0.000000e+00 0.000000e+00 0.000000e+00 0.000000e+00
1.786000e+00 0.000000e+00 -4.756078e+03 -6.236459e+03 0.000000e+00 0.000000e+00 0.000000e+00 -7.656631e+01 -5.278619e+01 1.477254e+03 -1.048865e+01 0.000000e+00 0.000000e+00 0.000000e+00 0.000000e+00 0.000000e+00 0.000000e+00 0.000000e+00 0.000000e+00 0.000000e+00
1.787000e+00 0.000000e+00 -4.760616e+03 -6.249818e+03 0.000000e+00 0.000000e+00 0.000000e+00 -7.674176e+01 -5.294814e+01 1.478274e+03 -1.022936e+01 0.000000e+00 0.000000e+00 0.000000e+00 0.000000e+00 0.000000e+00 0.000000e+00 0.000000e+00 0.000000e+00 0.000000e+00
1.788000e+00 0.000000e+00 -4.765189e+03 -6.263091e+03 0.000000e+00 0.000000e+00 0.000000e+00 -7.691290e+01 -5.310585e+01 1.479298e+03 -9.975970e+00 0.000000e+00 0.000000e+00 0.000000e+00 0.000000e+00 0.000000e+00 0.000000e+00 0.000000e+00 0.000000e+00 0.000000e+00
1.789000e+00 0.000000e+00 -4.769796e+03 -6.276278e+03 0.000000e+00 0.000000e+00 0.000000e+00 -7.707962e+01 -5.325924e+01 1.480326e+03 -9.728683e+00 0.000000e+00 0.000000e+00 0.000000e+00 0.000000e+00 0.000000e+00 0.000000e+00 0.000000e+00 0.000000e+00 0.000000e+00
1.790000e+00 0.000000e+00 -4.774437e+03 -6.289376e+03 0.000000e+00 0.000000e+00 0.000000e+00 -7.724182e+01 -5.340820e+01 1.481357e+03 -9.487680e+00 0.000000e+00 0.000000e+00 0.000000e+00 0.000000e+00 0.000000e+00 0.000000e+00 0.000000e+00 0.000000e+00 0.000000e+00
1.791000e+00 0.000000e+00 -4.779109e+03 -6.302382e+03 0.000000e+00 0.000000e+00 0.000000e+00 -7.739942e+01 -5.355264e+01 1.482391e+03 -9.253141e+00 0.000000e+00 0.000000e+00 0.000000e+00 0.000000e+00 0.000000e+00 0.000000e+00 0.000000e+00 0.000000e+00 0.000000e+00
1.792000e+00 0.000000e+00 -4.783811e+03 -6.315295e+03 0.000000e+00 0.000000e+00 0.000000e+00 -7.755232e+01 -5.369248e+01 1.483428e+03 -9.025242e+00 0.000000e+00 0.000000e+00 0.000000e+00 0.000000e+00 0.000000e+00 0.000000e+00 0.000000e+00 0.000000e+00 0.000000e+00
1.793000e+00 0.000000e+00 -4.788543e+03 -6.328113e+03 0.000000e+00 0.000000e+00 0.000000e+00 -7.770044e+01 -5.382761e+01 1.484469e+03 -8.804149e+00 0.000000e+00 0.000000e+00 0.000000e+00 0.000000e+00 0.000000e+00 0.000000e+00 0.000000e+00 0.000000e+00 0.000000e+00
1.794000e+00 0.000000e+00 -4.793303e+03 -6.340835e+03 0.000000e+00 0.000000e+00 0.000000e+00 -7.784368e+01 -5.395796e+01 1.485513e+03 -8.590042e+00 0.000000e+00 0.000000e+00 0.000000e+00 0.000000e+00 0.000000e+00 0.000000e+00 0.000000e+00 0.000000e+00 0.000000e+00
1.795000e+00 0.000000e+00 -4.798089e+03 -6.353457e+03 0.000000e+00 0.000000e+00 0.000000e+00 -7.798195e+01 -5.408341e+01 1.486560e+03 -8.383098e+00 0.000000e+00 0.000000e+00 0.000000e+00 0.000000e+00 0.000000e+00 0.000000e+00 0.000000e+00 0.000000e+00 0.000000e+00
1.796000e+00 0.000000e+00 -4.802901e+03 -6.365978e+03 0.000000e+00 0.000000e+00 0.000000e+00 -7.811514e+01 -5.420388e+01 1.487611e+03 -8.183491e+00 0.000000e+00 0.000000e+00 0.000000e+00 0.000000e+00 0.000000e+00 0.000000e+00 0.000000e+00 0.000000e+00 0.000000e+00
1.797000e+00 0.000000e+00 -4.807737e+03 -6.378396e+03 0.000000e+00 0.000000e+00 0.000000e+00 -7.824316e+01 -5.431926e+01 1.488664e+03 -7.991387e+00 0.000000e+00 0.000000e+00 0.000000e+00 0.000000e+00 0.000000e+00 0.000000e+00 0.000000e+00 0.000000e+00 0.000000e+00
1.798000e+00 0.000000e+00 -4.812596e+03 -6.390709e+03 0.000000e+00 0.000000e+00 0.000000e+00 -7.836594e+01 -5.442948e+01 1.489721e+03 -7.806948e+00 0.000000e+00 0.000000e+00 0.000000e+00 0.000000e+00 0.000000e+00 0.000000e+00 0.000000e+00 0.000000e+00 0.000000e+00
1.799000e+00 0.000000e+00 -4.817477e+03 -6.402916e+03 0.000000e+00 0.000000e+00 0.000000e+00 -7.848337e+01 -5.453445e+01 1.490780e+03 -7.630329e+00 0.000000e+00 0.000000e+00 0.000000e+00 0.000000e+00 0.000000e+00 0.000000e+00 0.000000e+00 0.000000e+00 0.000000e+00
1.800000e+00 0.000000e+00 -4.822379e+03 -6.415014e+03 0.000000e+00 0.000000e+00 0.000000e+00 -7.859539e+01 -5.463408e+01 1.491843e+03 -7.461676e+00 0.000000e+00 0.000000e+00 0.000000e+00 0.000000e+00 0.000000e+00 0.000000e+00 0.000000e+00 0.000000e+00 0.000000e+00
1.801000e+00 0.000000e+00 -4.827300e+03 -6.427002e+03 0.000000e+00 0.000000e+00 0.000000e+00 -7.870190e+01 -5.472830e+01 1.492908e+03 -7.301133e+00 0.000000e+00 0.000000e+00 0.000000e+00 0.000000e+00 0.000000e+00 0.000000e+00 0.000000e+00 0.000000e+00 0.000000e+00
1.802000e+00 0.000000e+00 -4.832238e+03 -6.438877e+03 0.000000e+00 0.000000e+00 0.000000e+00 -7.880285e+01 -5.481703e+01 1.493977e+03 -7.148835e+00 0.000000e+00 0.000000e+00 0.000000e+00 0.000000e+00 0.000000e+00 0.000000e+00 0.000000e+00 0.000000e+00 0.000000e+00
1.803000e+00 0.000000e+00 -4.837194e+03 -6.450639e+03 0.000000e+00 0.000000e+00 0.000000e+00 -7.889816e+01 -5.490021e+01 1.495048e+03 -7.004911e+00 0.000000e+00 0.000000e+00 0.000000e+00 0.000000e+00 0.000000e+00 0.000000e+00 0.000000e+00 0.000000e+00 0.000000e+00
1.804000e+00 0.000000e+00 -4.842165e+03 -6.462286e+03 0.000000e+00 0.000000e+00 0.000000e+00 -7.898776e+01 -5.497777e+01 1.496122e+03 -6.869484e+00 0.000000e+00 0.000000e+00 0.000000e+00 0.000000e+00 0.000000e+00 0.000000e+00 0.000000e+00 0.000000e+00 0.000000e+00
1.805000e+00 0.000000e+00 -4.847150e+03 -6.473815e+03 0.000000e+00 0.000000e+00 0.000000e+00 -7.907159e+01 -5.504964e+01 1.497199e+03 -6.742670e+00 0.000000e+00 0.000000e+00 0.000000e+00 0.000000e+00 0.000000e+00 0.000000e+00 0.000000e+00 0.000000e+00 0.000000e+00
1.806000e+00 0.000000e+00 -4.852148e+03 -6.485226e+03 0.000000e+00 0.000000e+00 0.000000e+00 -7.914959e+01 -5.511577e+01 1.498279e+03 -6.624579e+00 0.000000e+00 0.000000e+00 0.000000e+00 0.000000e+00 0.000000e+00 0.000000e+00 0.000000e+00 0.000000e+00 0.000000e+00
1.807000e+00 0.000000e+00 -4.857157e+03 -6.496517e+03 0.000000e+00 0.000000e+00 0.000000e+00 -7.922172e+01 -5.517610e+01 1.499361e+03 -6.515314e+00 0.000000e+00 0.000000e+00 0.000000e+00 0.000000e+00 0.000000e+00 0.000000e+00 0.000000e+00 0.000000e+00 0.000000e+00
1.808000e+00 0.000000e+00 -4.862177e+03 -6.507686e+03 0.000000e+00 0.000000e+00 0.000000e+00 -7.928791e+01 -5.523058e+01 1.500447e+03 -6.414971e+00 0.000000e+00 0.000000e+00 0.000000e+00 0.000000e+00 0.000000e+00 0.000000e+00 0.000000e+00 0.000000e+00 0.000000e+00
1.809000e+00 0.000000e+00 -4.867205e+03 -6.518732e+03 0.000000e+00 0.000000e+00 0.000000e+00 -7.934813e+01 -5.527917e+01 1.501535e+03 -6.323640e+00 0.000000e+00 0.000000e+00 0.000000e+00 0.000000e+00 0.000000e+00 0.000000e+00 0.000000e+00 0.000000e+00 0.000000e+00
1.810000e+00 0.000000e+00 -4.872241e+03 -6.529654e+03 0.000000e+00 0.000000e+00 0.000000e+00 -7.940232e+01 -5.532181e+01 1.502625e+03 -6.241404e+00 0.000000e+00 0.000000e+00 0.000000e+00 0.000000e+00 0.000000e+00 0.000000e+00 0.000000e+00 0.000000e+00 0.000000e+00
1.811000e+00 0.000000e+00 -4.877284e+03 -6.540450e+03 0.000000e+00 0.000000e+00 0.000000e+00 -7.945046e+01 -5.535848e+01 1.503719e+03 -6.168340e+00 0.000000e+00 0.000000e+00 0.000000e+00 0.000000e+00 0.000000e+00 0.000000e+00 0.000000e+00 0.000000e+00 0.000000e+00
1.812000e+00 0.000000e+00 -4.882331e+03 -6.551119e+03 0.000000e+00 0.000000e+00 0.000000e+00 -7.949251e+01 -5.538914e+01 1.504815e+03 -6.104516e+00 0.000000e+00 0.000000e+00 0.000000e+00 0.000000e+00 0.000000e+00 0.000000e+00 0.000000e+00 0.000000e+00 0.000000e+00
1.813000e+00 0.000000e+00 -4.887382e+03 -6.561660e+03 0.000000e+00 0.000000e+00 0.000000e+00 -7.952843e+01 -5.541375e+01 1.505913e+03 -6.049996e+00 0.000000e+00 0.000000e+00 0.000000e+00 0.000000e+00 0.000000e+00 0.000000e+00 0.000000e+00 0.000000e+00 0.000000e+00
1.814000e+00 0.000000e+00 -4.892436e+03 -6.572071e+03 0.000000e+00 0.000000e+00 0.000000e+00 -7.955820e+01 -5.543228e+01 1.507014e+03 -6.004835e+00 0.000000e+00 0.000000e+00 0.000000e+00 0.000000e+00 0.000000e+00 0.000000e+00 0.000000e+00 0.000000e+00 0.000000e+00
1.815000e+00 0.000000e+00 -4.897491e+03 -6.582351e+03 0.000000e+00 0.000000e+00 0.000000e+00 -7.958180e+01 -5.544473e+01 1.508118e+03 -5.969081e+00 0.000000e+00 0.000000e+00 0.000000e+00 0.000000e+00 0.000000e+00 0.000000e+00 0.000000e+00 0.000000e+00 0.000000e+00
1.816000e+00 0.000000e+00 -4.902545e+03 -6.592499e+03 0.000000e+00 0.000000e+00 0.000000e+00 -7.959920e+01 -5.545104e+01 1.509224e+03 -5.942792e+00 0.000000e+00 0.000000e+00 0.000000e+00 0.000000e+00 0.000000e+00 0.000000e+00 0.000000e+00 0.000000e+00 0.000000e+00
1.817000e+00 0.000000e+00 -4.907598e+03 -6.602514e+03 0.000000e+00 0.000000e+00 0.000000e+00 -7.961035e+01 -5.545118e+01 1.510332e+03 -5.926037e+00 0.000000e+00 0.000000e+00 0.000000e+00 0.000000e+00 0.000000e+00 0.000000e+00 0.000000e+00 0.000000e+00 0.000000e+00
1.818000e+00 0.000000e+00 -4.912649e+03 -6.612394e+03 0.000000e+00 0.000000e+00 0.000000e+00 -7.961521e+01 -5.544511e+01 1.511443e+03 -5.918874e+00 0.000000e+00 0.000000e+00 0.000000e+00 0.000000e+00 0.000000e+00 0.000000e+00 0.000000e+00 0.000000e+00 0.000000e+00
1.819000e+00 0.000000e+00 -4.917696e+03 -6.622138e+03 0.000000e+00 0.000000e+00 0.000000e+00 -7.961375e+01 -5.543280e+01 1.512556e+03 -5.921352e+00 0.000000e+00 0.000000e+00 0.000000e+00 0.000000e+00 0.000000e+00 0.000000e+00 0.000000e+00 0.000000e+00 0.000000e+00
1.820000e+00 0.000000e+00 -4.922738e+03 -6.631745e+03 0.000000e+00 0.000000e+00 0.000000e+00 -7.960593e+01 -5.541422e+01 1.513672e+03 -5.933514e+00 0.000000e+00 0.000000e+00 0.000000e+00 0.000000e+00 0.000000e+00 0.000000e+00 0.000000e+00 0.000000e+00 0.000000e+00
1.821000e+00 0.000000e+00 -4.927773e+03 -6.641214e+03 0.000000e+00 0.000000e+00 0.000000e+00 -7.959175e+01 -5.538935e+01 1.514790e+03 -5.955395e+00 0.000000e+00 0.000000e+00 0.000000e+00 0.000000e+00 0.000000e+00 0.000000e+00 0.000000e+00 0.000000e+00 0.000000e+00
1.822000e+00 0.000000e+00 -4.932802e+03 -6.650543e+03 0.000000e+00 0.000000e+00 0.000000e+00 -7.957116e+01 -5.535816e+01 1.515910e+03 -5.987025e+00 0.000000e+00 0.000000e+00 0.000000e+00 0.000000e+00 0.000000e+00 0.000000e+00 0.000000e+00 0.000000e+00 0.000000e+00
1.823000e+00 0.000000e+00 -4.937821e+03 -6.659733e+03 0.000000e+00 0.000000e+00 0.000000e+00 -7.954417e+01 -5.532064e+01 1.517033e+03 -6.028425e+00 0.000000e+00 0.000000e+00 0.000000e+00 0.000000e+00 0.000000e+00 0.000000e+00 0.000000e+00 0.000000e+00 0.000000e+00
1.824000e+00 0.000000e+00 -4.942831e+03 -6.668781e+03 0.000000e+00 0.000000e+00 0.000000e+00 -7.951075e+01 -5.527679e+01 1.518158e+03 -6.079610e+00 0.000000e+00 0.000000e+00 0.000000e+00 0.000000e+00 0.000000e+00 0.000000e+00 0.000000e+00 0.000000e+00 0.000000e+00
1.825000e+00 0.000000e+00 -4.947830e+03 -6.677686e+03 0.000000e+00 0.000000e+00 0.000000e+00 -7.947090e+01 -5.522658e+01 1.519285e+03 -6.140588e+00 0.000000e+00 0.000000e+00 0.000000e+00 0.000000e+00 0.000000e+00 0.000000e+00 0.000000e+00 0.000000e+00 0.000000e+00
1.826000e+00 0.000000e+00 -4.952817e+03 -6.686449e+03 0.000000e+00 0.000000e+00 0.000000e+00 -7.942461e+01 -5.517001e+01 1.520414e+03 -6.211360e+00 0.000000e+00 0.000000e+00 0.000000e+00 0.000000e+00 0.000000e+00 0.000000e+00 0.000000e+00 0.000000e+00 0.000000e+00
1.827000e+00 0.000000e+00 -4.957791e+03 -6.695067e+03 0.000000e+00 0.000000e+00 0.000000e+00 -7.937188e+01 -5.510710e+01 1.521546e+03 -6.291921e+00 0.000000e+00 0.000000e+00 0.000000e+00 0.000000e+00 0.000000e+00 0.000000e+00 0.000000e+00 0.000000e+00 0.000000e+00
1.828000e+00 0.000000e+00 -4.962750e+03 -6.703541e+03 0.000000e+00 0.000000e+00 0.000000e+00 -7.931272e+01 -5.503783e+01 1.522679e+03 -6.382256e+00 0.000000e+00 0.000000e+00 0.000000e+00 0.000000e+00 0.000000e+00 0.000000e+00 0.000000e+00 0.000000e+00 0.000000e+00
1.829000e+00 0.000000e+00 -4.967693e+03 -6.711868e+03 0.000000e+00 0.000000e+00 0.000000e+00 -7.924713e+01 -5.496222e+01 1.523815e+03 -6.482347e+00 0.000000e+00 0.000000e+00 0.000000e+00 0.000000e+00 0.000000e+00 0.000000e+00 0.000000e+00 0.000000e+00 0.000000e+00
1.830000e+00 0.000000e+00 -4.972620e+03 -6.720050e+03 0.000000e+00 0.000000e+00 0.000000e+00 -7.917513e+01 -5.488028e+01 1.524953e+03 -6.592167e+00 0.000000e+00 0.000000e+00 0.000000e+00 0.000000e+00 0.000000e+00 0.000000e+00 0.000000e+00 0.000000e+00 0.000000e+00
1.831000e+00 0.000000e+00 -4.977529e+03 -6.728084e+03 0.000000e+00 0.000000e+00 0.000000e+00 -7.909672e+01 -5.479203e+01 1.526093e+03 -6.711681e+00 0.000000e+00 0.000000e+00 0.000000e+00 0.000000e+00 0.000000e+00 0.000000e+00 0.000000e+00 0.000000e+00 0.000000e+00
1.832000e+00 0.000000e+00 -4.982419e+03 -6.735970e+03 0.000000e+00 0.000000e+00 0.000000e+00 -7.901194e+01 -5.469749e+01 1.527235e+03 -6.840851e+00 0.000000e+00 0.000000e+00 0.000000e+00 0.000000e+00 0.000000e+00 0.000000e+00 0.000000e+00 0.000000e+00 0.000000e+00
1.833000e+00 0.000000e+00 -4.987288e+03 -6.743708e+03 0.000000e+00 0.000000e+00 0.000000e+00 -7.892081e+01 -5.459667e+01 1.528379e+03 -6.979627e+00 0.000000e+00 0.000000e+00 0.000000e+00 0.000000e+00 0.000000e+00 0.000000e+00 0.000000e+00 0.000000e+00 0.000000e+00
1.834000e+00 0.000000e+00 -4.992137e+03 -6.751298e+03 0.000000e+00 0.000000e+00 0.000000e+00 -7.882334e+01 -5.448962e+01 1.529525e+03 -7.127957e+00 0.000000e+00 0.000000e+00 0.000000e+00 0.000000e+00 0.000000e+00 0.000000e+00 0.000000e+00 0.000000e+00 0.000000e+00
1.835000e+00 0.000000e+00 -4.996963e+03 -6.758737e+03 0.000000e+00 0.000000e+00 0.000000e+00 -7.871958e+01 -5.437636e+01 1.530673e+03 -7.285778e+00 0.000000e+00 0.000000e+00 0.000000e+00 0.000000e+00 0.000000e+00 0.000000e+00 0.000000e+00 0.000000e+00 0.000000e+00
1.836000e+00 0.000000e+00 -5.001766e+03 -6.766027e+03 0.000000e+00 0.000000e+00 0.000000e+00 -7.860957e+01 -5.425692e+01 1.531823e+03 -7.453025e+00 0.000000e+00 0.000000e+00 0.000000e+00 0.000000e+00 0.000000e+00 0.000000e+00 0.000000e+00 0.000000e+00 0.000000e+00
1.837000e+00 0.000000e+00 -5.006544e+03 -6.773167e+03 0.000000e+00 0.000000e+00 0.000000e+00 -7.849333e+01 -5.413135e+01 1.532974e+03 -7.629622e+00 0.000000e+00 0.000000e+00 0.000000e+00 0.000000e+00 0.000000e+00 0.000000e+00 0.000000e+00 0.000000e+00 0.000000e+00
1.838000e+00 0.000000e+00 -5.011297e+03 -6.780156e+03 0.000000e+00 0.000000e+00 0.000000e+00 -7.837089e+01 -5.399967e+01 1.534128e+03 -7.815515e+00 0.000000e+00 0.000000e+00 0.000000e+00 0.000000e+00 0.000000e+00 0.000000e+00 0.000000e+00 0.000000e+00 0.000000e+00
1.839000e+00 0.000000e+00 -5.016024e+03 -6.786993e+03 0.000000e+00 0.000000e+00 0.000000e+00 -7.824227e+01 -5.386190e+01 1.535283e+03 -8.010645e+00 0.000000e+00 0.000000e+00 0.000000e+00 0.000000e+00 0.000000e+00 0.000000e+00 0.000000e+00 0.000000e+00 0.000000e+00
1.840000e+00 0.000000e+00 -5.020724e+03 -6.793678e+03 0.000000e+00 0.000000e+00 0.000000e+00 -7.810749e+01 -5.371807e+01 1.536441e+03 -8.214946e+00 0.000000e+00 0.000000e+00 0.000000e+00 0.000000e+00 0.000000e+00 0.000000e+00 0.000000e+00 0.000000e+00 0.000000e+00
1.841000e+00 0.000000e+00 -5.025395e+03 -6.800211e+03 0.000000e+00 0.000000e+00 0.000000e+00 -7.796660e+01 -5.356820e+01 1.537600e+03 -8.428343e+00 0.000000e+00 0.000000e+00 0.000000e+00 0.000000e+00 0.000000e+00 0.000000e+00 0.000000e+00 0.000000e+00 0.000000e+00
1.842000e+00 0.000000e+00 -5.030037e+03 -6.806592e+03 0.000000e+00 0.000000e+00 0.000000e+00 -7.781960e+01 -5.341234e+01 1.538760e+03 -8.650755e+00 0.000000e+00 0.000000e+00 0.000000e+00 0.000000e+00 0.000000e+00 0.000000e+00 0.000000e+00 0.000000e+00 0.000000e+00
1.843000e+00 0.000000e+00 -5.034648e+03 -6.812819e+03 0.000000e+00 0.000000e+00 0.000000e+00 -7.766656e+01 -5.325053e+01 1.539923e+03 -8.882095e+00 0.000000e+00 0.000000e+00 0.000000e+00 0.000000e+00 0.000000e+00 0.000000e+00 0.000000e+00 0.000000e+00 0.000000e+00
1.844000e+00 0.000000e+00 -5.039229e+03 -6.818893e+03 0.000000e+00 0.000000e+00 0.000000e+00 -7.750751e+01 -5.308280e+01 1.541087e+03 -9.122268e+00 0.000000e+00 0.000000e+00 0.000000e+00 0.000000e+00 0.000000e+00 0.000000e+00 0.000000e+00 0.000000e+00 0.000000e+00
1.845000e+00 0.000000e+00 -5.043778e+03 -6.824813e+03 0.000000e+00 0.000000e+00 0.000000e+00 -7.734249e+01 -5.290921e+01 1.542253e+03 -9.371176e+00 0.000000e+00 0.000000e+00 0.000000e+00 0.000000e+00 0.000000e+00 0.000000e+00 0.000000e+00 0.000000e+00 0.000000e+00
1.846000e+00 0.000000e+00 -5.048294e+03 -6.830579e+03 0.000000e+00 0.000000e+00 0.000000e+00 -7.717155e+01 -5.272981e+01 1.543420e+03 -9.628711e+00 0.000000e+00 0.000000e+00 0.000000e+00 0.000000e+00 0.000000e+00 0.000000e+00 0.000000e+00 0.000000e+00 0.000000e+00
1.847000e+00 0.000000e+00 -5.052776e+03 -6.836192e+03 0.000000e+00 0.000000e+00 0.000000e+00 -7.699475e+01 -5.254464e+01 1.544589e+03 -9.894759e+00 0.000000e+00 0.000000e+00 0.000000e+00 0.000000e+00 0.000000e+00 0.000000e+00 0.000000e+00 0.000000e+00 0.000000e+00
1.848000e+00 0.000000e+00 -5.057224e+03 -6.841650e+03 0.000000e+00 0.000000e+00 0.000000e+00 -7.681215e+01 -5.235378e+01 1.545760e+03 -1.016920e+01 0.000000e+00 0.000000e+00 0.000000e+00 0.000000e+00 0.000000e+00 0.000000e+00 0.000000e+00 0.000000e+00 0.000000e+00
1.849000e+00 0.000000e+00 -5.061637e+03 -6.846954e+03 0.000000e+00 0.000000e+00 0.000000e+00 -7.662380e+01 -5.215728e+01 1.546932e+03 -1.045192e+01 0.000000e+00 0.000000e+00 0.000000e+00 0.000000e+00 0.000000e+00 0.000000e+00 0.000000e+00 0.000000e+00 0.000000e+00
1.850000e+00 0.000000e+00 -5.066013e+03 -6.852104e+03 0.000000e+00 0.000000e+00 0.000000e+00 -7.642977e+01 -5.195521e+01 1.548105e+03 -1.074277e+01 0.000000e+00 0.000000e+00 0.000000e+00 0.000000e+00 0.000000e+00 0.000000e+00 0.000000e+00 0.000000e+00 0.000000e+00
1.851000e+00 0.000000e+00 -5.070353e+03 -6.857100e+03 0.000000e+00 0.000000e+00 0.000000e+00 -7.623012e+01 -5.174763e+01 1.549281e+03 -1.104162e+01 0.000000e+00 0.000000e+00 0.000000e+00 0.000000e+00 0.000000e+00 0.000000e+00 0.000000e+00 0.000000e+00 0.000000e+00
1.852000e+00 0.000000e+00 -5.074655e+03 -6.861942e+03 0.000000e+00 0.000000e+00 0.000000e+00 -7.602494e+01 -5.153462e+01 1.550457e+03 -1.134833e+01 0.000000e+00 0.000000e+00 0.000000e+00 0.000000e+00 0.000000e+00 0.000000e+00 0.000000e+00 0.000000e+00 0.000000e+00
1.853000e+00 0.000000e+00 -5.078918e+03 -6.866630e+03 0.000000e+00 0.000000e+00 0.000000e+00 -7.581429e+01 -5.131626e+01 1.551635e+03 -1.166275e+01 0.000000e+00 0.000000e+00 0.000000e+00 0.000000e+00 0.000000e+00 0.000000e+00 0.000000e+00 0.000000e+00 0.000000e+00
1.854000e+00 0.000000e+00 -5.083142e+03 -6.871164e+03 0.000000e+00 0.000000e+00 0.000000e+00 -7.559825e+01 -5.109263e+01 1.552814e+03 -1.198472e+01 0.000000e+00 0.000000e+00 0.000000e+00 0.000000e+00 0.000000e+00 0.000000e+00 0.000000e+00 0.000000e+00 0.000000e+00
1.855000e+00 0.000000e+00 -5.087327e+03 -6.875545e+03 0.000000e+00 0.000000e+00 0.000000e+00 -7.537690e+01 -5.086381e+01 1.553995e+03 -1.231409e+01 0.000000e+00 0.000000e+00 0.000000e+00 0.000000e+00 0.000000e+00 0.000000e+00 0.000000e+00 0.000000e+00 0.000000e+00
1.856000e+00 0.000000e+00 -5.091471e+03 -6.879772e+03 0.000000e+00 0.000000e+00 0.000000e+00 -7.515034e+01 -5.062988e+01 1.555177e+03 -1.265068e+01 0.000000e+00 0.000000e+00 0.000000e+00 0.000000e+00 0.000000e+00 0.000000e+00 0.000000e+00 0.000000e+00 0.000000e+00
1.857000e+00 0.000000e+00 -5.095573e+03 -6.883847e+03 0.000000e+00 0.000000e+00 0.000000e+00 -7.491865e+01 -5.039094e+01 1.556360e+03 -1.299432e+01 0.000000e+00 0.000000e+00 0.000000e+00 0.000000e+00 0.000000e+00 0.000000e+00 0.000000e+00 0.000000e+00 0.000000e+00
1.858000e+00 0.000000e+00 -5.099634e+03 -6.887768e+03 0.000000e+00 0.000000e+00 0.000000e+00 -7.468192e+01 -5.014709e+01 1.557544e+03 -1.334484e+01 0.000000e+00 0.000000e+00 0.000000e+00 0.000000e+00 0.000000e+00 0.000000e+00 0.000000e+00 0.000000e+00 0.000000e+00
1.859000e+00 0.000000e+00 -5.103652e+03 -6.891538e+03 0.000000e+00 0.000000e+00 0.000000e+00 -7.444022e+01 -4.989839e+01 1.558730e+03 -1.370207e+01 0.000000e+00 0.000000e+00 0.000000e+00 0.000000e+00 0.000000e+00 0.000000e+00 0.000000e+00 0.000000e+00 0.000000e+00
1.860000e+00 0.000000e+00 -5.107627e+03 -6.895156e+03 0.000000e+00 0.000000e+00 0.000000e+00 -7.419364e+01 -4.964492e+01 1.559916e+03 -1.406586e+01 0.000000e+00 0.000000e+00 0.000000e+00 0.000000e+00 0.000000e+00 0.000000e+00 0.000000e+00 0.000000e+00 0.000000e+00
1.861000e+00 0.000000e+00 -5.111559e+03 -6.898621e+03 0.000000e+00 0.000000e+00 0.000000e+00 -7.394225e+01 -4.938678e+01 1.561104e+03 -1.443602e+01 0.000000e+00 0.000000e+00 0.000000e+00 0.000000e+00 0.000000e+00 0.000000e+00 0.000000e+00 0.000000e+00 0.000000e+00
1.862000e+00 0.000000e+00 -5.115446e+03 -6.901936e+03 0.000000e+00 0.000000e+00 0.000000e+00 -7.368613e+01 -4.912403e+01 1.562293e+03 -1.481240e+01 0.000000e+00 0.000000e+00 0.000000e+00 0.000000e+00 0.000000e+00 0.000000e+00 0.000000e+00 0.000000e+00 0.000000e+00
1.863000e+00 0.000000e+00 -5.119289e+03 -6.905099e+03 0.000000e+00 0.000000e+00 0.000000e+00 -7.342538e+01 -4.885679e+01 1.563483e+03 -1.519480e+01 0.000000e+00 0.000000e+00 0.000000e+00 0.000000e+00 0.000000e+00 0.000000e+00 0.000000e+00 0.000000e+00 0.000000e+00
1.864000e+00 0.000000e+00 -5.123087e+03 -6.908113e+03 0.000000e+00 0.000000e+00 0.000000e+00 -7.316007e+01 -4.858512e+01 1.564674e+03 -1.558304e+01 0.000000e+00 0.000000e+00 0.000000e+00 0.000000e+00 0.000000e+00 0.000000e+00 0.000000e+00 0.000000e+00 0.000000e+00
1.865000e+00 0.000000e+00 -5.126838e+03 -6.910976e+03 0.000000e+00 0.000000e+00 0.000000e+00 -7.289031e+01 -4.830914e+01 1.565865e+03 -1.597693e+01 0.000000e+00 0.000000e+00 0.000000e+00 0.000000e+00 0.000000e+00 0.000000e+00 0.000000e+00 0.000000e+00 0.000000e+00
1.866000e+00 0.000000e+00 -5.130544e+03 -6.913690e+03 0.000000e+00 0.000000e+00 0.000000e+00 -7.261619e+01 -4.802893e+01 1.567058e+03 -1.637628e+01 0.000000e+00 0.000000e+00 0.000000e+00 0.000000e+00 0.000000e+00 0.000000e+00 0.000000e+00 0.000000e+00 0.000000e+00
1.867000e+00 0.000000e+00 -5.134203e+03 -6.916256e+03 0.000000e+00 0.000000e+00 0.000000e+00 -7.233781e+01 -4.774461e+01 1.568252e+03 -1.678088e+01 0.000000e+00 0.000000e+00 0.000000e+00 0.000000e+00 0.000000e+00 0.000000e+00 0.000000e+00 0.000000e+00 0.000000e+00
1.868000e+00 0.000000e+00 -5.137815e+03 -6.918673e+03 0.000000e+00 0.000000e+00 0.000000e+00 -7.205527e+01 -4.745627e+01 1.569446e+03 -1.719053e+01 0.000000e+00 0.000000e+00 0.000000e+00 0.000000e+00 0.000000e+00 0.000000e+00 0.000000e+00 0.000000e+00 0.000000e+00
1.869000e+00 0.000000e+00 -5.141380e+03 -6.920943e+03 0.000000e+00 0.000000e+00 0.000000e+00 -7.176867e+01 -4.716402e+01 1.570641e+03 -1.760502e+01 0.000000e+00 0.000000e+00 0.000000e+00 0.000000e+00 0.000000e+00 0.000000e+00 0.000000e+00 0.000000e+00 0.000000e+00
1.870000e+00 0.000000e+00 -5.144897e+03 -6.923067e+03 0.000000e+00 0.000000e+00 0.000000e+00 -7.147813e+01 -4.686798e+01 1.571837e+03 -1.802413e+01 0.000000e+00 0.000000e+00 0.000000e+00 0.000000e+00 0.000000e+00 0.000000e+00 0.000000e+00 0.000000e+00 0.000000e+00
1.871000e+00 0.000000e+00 -5.148366e+03 -6.925045e+03 0.000000e+00 0.000000e+00 0.000000e+00 -7.118375e+01 -4.656825e+01 1.573034e+03 -1.844765e+01 0.000000e+00 0.000000e+00 0.000000e+00 0.000000e+00 0.000000e+00 0.000000e+00 0.000000e+00 0.000000e+00 0.000000e+00
1.872000e+00 0.000000e+00 -5.151786e+03 -6.926879e+03 0.000000e+00 0.000000e+00 0.000000e+00 -7.088566e+01 -4.626495e+01 1.574231e+03 -1.887535e+01 0.000000e+00 0.000000e+00 0.000000e+00 0.000000e+00 0.000000e+00 0.000000e+00 0.000000e+00 0.000000e+00 0.000000e+00
1.873000e+00 0.000000e+00 -5.155158e+03 -6.928568e+03 0.000000e+00 0.000000e+00 0.000000e+00 -7.058396e+01 -4.595820e+01 1.575429e+03 -1.930701e+01 0.000000e+00 0.000000e+00 0.000000e+00 0.000000e+00 0.000000e+00 0.000000e+00 0.000000e+00 0.000000e+00 0.000000e+00
1.874000e+00 0.000000e+00 -5.158480e+03 -6.930115e+03 0.000000e+00 0.000000e+00 0.000000e+00 -7.027877e+01 -4.564813e+01 1.576627e+03 -1.974239e+01 0.000000e+00 0.000000e+00 0.000000e+00 0.000000e+00 0.000000e+00 0.000000e+00 0.000000e+00 0.000000e+00 0.000000e+00
1.875000e+00 0.000000e+00 -5.161753e+03 -6.931520e+03 0.000000e+00 0.000000e+00 0.000000e+00 -6.997022e+01 -4.533485e+01 1.577826e+03 -2.018126e+01 0.000000e+00 0.000000e+00 0.000000e+00 0.000000e+00 0.000000e+00 0.000000e+00 0.000000e+00 0.000000e+00 0.000000e+00
1.876000e+00 0.000000e+00 -5.164977e+03 -6.932785e+03 0.000000e+00 0.000000e+00 0.000000e+00 -6.965844e+01 -4.501849e+01 1.579026e+03 -2.062338e+01 0.000000e+00 0.000000e+00 0.000000e+00 0.000000e+00 0.000000e+00 0.000000e+00 0.000000e+00 0.000000e+00 0.000000e+00
1.877000e+00 0.000000e+00 -5.168150e+03 -6.933910e+03 0.000000e+00 0.000000e+00 0.000000e+00 -6.934354e+01 -4.469918e+01 1.580226e+03 -2.106851e+01 0.000000e+00 0.000000e+00 0.000000e+00 0.000000e+00 0.000000e+00 0.000000e+00 0.000000e+00 0.000000e+00 0.000000e+00
1.878000e+00 0.000000e+00 -5.171274e+03 -6.934897e+03 0.000000e+00 0.000000e+00 0.000000e+00 -6.902567e+01 -4.437706e+01 1.581426e+03 -2.151640e+01 0.000000e+00 0.000000e+00 0.000000e+00 0.000000e+00 0.000000e+00 0.000000e+00 0.000000e+00 0.000000e+00 0.000000e+00
1.879000e+00 0.000000e+00 -5.174348e+03 -6.935746e+03 0.000000e+00 0.000000e+00 0.000000e+00 -6.870495e+01 -4.405225e+01 1.582626e+03 -2.196680e+01 0.000000e+00 0.000000e+00 0.000000e+00 0.000000e+00 0.000000e+00 0.000000e+00 0.000000e+00 0.000000e+00 0.000000e+00
1.880000e+00 0.000000e+00 -5.177371e+03 -6.936460e+03 0.000000e+00 0.000000e+00 0.000000e+00 -6.838150e+01 -4.372489e+01 1.583827e+03 -2.241946e+01 0.000000e+00 0.000000e+00 0.000000e+00 0.000000e+00 0.000000e+00 0.000000e+00 0.000000e+00 0.000000e+00 0.000000e+00
1.881000e+00 0.000000e+00 -5.180343e+03 -6.937039e+03 0.000000e+00 0.000000e+00 0.000000e+00 -6.805544e+01 -4.339508e+01 1.585028e+03 -2.287417e+01 0.000000e+00 0.000000e+00 0.000000e+00 0.000000e+00 0.000000e+00 0.000000e+00 0.000000e+00 0.000000e+00 0.000000e+00
1.882000e+00 0.000000e+00 -5.183265e+03 -6.937484e+03 0.000000e+00 0.000000e+00 0.000000e+00 -6.772689e+01 -4.306295e+01 1.586230e+03 -2.333067e+01 0.000000e+00 0.000000e+00 0.000000e+00 0.000000e+00 0.000000e+00 0.000000e+00 0.000000e+00 0.000000e+00 0.000000e+00
1.883000e+00 0.000000e+00 -5.186137e+03 -6.937797e+03 0.000000e+00 0.000000e+00 0.000000e+00 -6.739598e+01 -4.272864e+01 1.587431e+03 -2.378872e+01 0.000000e+00 0.000000e+00 0.000000e+00 0.000000e+00 0.000000e+00 0.000000e+00 0.000000e+00 0.000000e+00 0.000000e+00
1.884000e+00 0.000000e+00 -5.188958e+03 -6.937980e+03 0.000000e+00 0.000000e+00 0.000000e+00 -6.706281e+01 -4.239225e+01 1.588633e+03 -2.424808e+01 0.000000e+00 0.000000e+00 0.000000e+00 0.000000e+00 0.000000e+00 0.000000e+00 0.000000e+00 0.000000e+00 0.000000e+00
1.885000e+00 0.000000e+00 -5.191728e+03 -6.938033e+03 0.000000e+00 0.000000e+00 0.000000e+00 -6.672754e+01 -4.205394e+01 1.589834e+03 -2.470850e+01 0.000000e+00 0.000000e+00 0.000000e+00 0.000000e+00 0.000000e+00 0.000000e+00 0.000000e+00 0.000000e+00 0.000000e+00
1.886000e+00 0.000000e+00 -5.194447e+03 -6.937958e+03 0.000000e+00 0.000000e+00 0.000000e+00 -6.639028e+01 -4.171382e+01 1.591036e+03 -2.516972e+01 0.000000e+00 0.000000e+00 0.000000e+00 0.000000e+00 0.000000e+00 0.000000e+00 0.000000e+00 0.000000e+00 0.000000e+00
1.887000e+00 0.000000e+00 -5.197115e+03 -6.937756e+03 0.000000e+00 0.000000e+00 0.000000e+00 -6.605116e+01 -4.137203e+01 1.592237e+03 -2.563149e+01 0.000000e+00 0.000000e+00 0.000000e+00 0.000000e+00 0.000000e+00 0.000000e+00 0.000000e+00 0.000000e+00 0.000000e+00
1.888000e+00 0.000000e+00 -5.199733e+03 -6.937430e+03 0.000000e+00 0.000000e+00 0.000000e+00 -6.571032e+01 -4.102870e+01 1.593438e+03 -2.609355e+01 0.000000e+00 0.000000e+00 0.000000e+00 0.000000e+00 0.000000e+00 0.000000e+00 0.000000e+00 0.000000e+00 0.000000e+00
1.889000e+00 0.000000e+00 -5.202300e+03 -6.936980e+03 0.000000e+00 0.000000e+00 0.000000e+00 -6.536790e+01 -4.068399e+01 1.594640e+03 -2.655563e+01 0.000000e+00 0.000000e+00 0.000000e+00 0.000000e+00 0.000000e+00 0.000000e+00 0.000000e+00 0.000000e+00 0.000000e+00
1.890000e+00 0.000000e+00 -5.204816e+03 -6.936409e+03 0.000000e+00 0.000000e+00 0.000000e+00 -6.502402e+01 -4.033801e+01 1.595841e+03 -2.701749e+01 0.000000e+00 0.000000e+00 0.000000e+00 0.000000e+00 0.000000e+00 0.000000e+00 0.000000e+00 0.000000e+00 0.000000e+00
1.891000e+00 0.000000e+00 -5.207282e+03 -6.935718e+03 0.000000e+00 0.000000e+00 0.000000e+00 -6.467885e+01 -3.999093e+01 1.597041e+03 -2.747884e+01 0.000000e+00 0.000000e+00 0.000000e+00 0.000000e+00 0.000000e+00 0.000000e+00 0.000000e+00 0.000000e+00 0.000000e+00
1.892000e+00 0.000000e+00 -5.209698e+03 -6.934909e+03 0.000000e+00 0.000000e+00 0.000000e+00 -6.433250e+01 -3.964287e+01 1.598242e+03 -2.793943e+01 0.000000e+00 0.000000e+00 0.000000e+00 0.000000e+00 0.000000e+00 0.000000e+00 0.000000e+00 0.000000e+00 0.000000e+00
1.893000e+00 0.000000e+00 -5.212063e+03 -6.933983e+03 0.000000e+00 0.000000e+00 0.000000e+00 -6.398513e+01 -3.929399e+01 1.599442e+03 -2.839898e+01 0.000000e+00 0.000000e+00 0.000000e+00 0.000000e+00 0.000000e+00 0.000000e+00 0.000000e+00 0.000000e+00 0.000000e+00
1.894000e+00 0.000000e+00 -5.214378e+03 -6.932943e+03 0.000000e+00 0.000000e+00 0.000000e+00 -6.363688e+01 -3.894443e+01 1.600642e+03 -2.885722e+01 0.000000e+00 0.000000e+00 0.000000e+00 0.000000e+00 0.000000e+00 0.000000e+00 0.000000e+00 0.000000e+00 0.000000e+00
1.895000e+00 0.000000e+00 -5.216643e+03 -6.931790e+03 0.000000e+00 0.000000e+00 0.000000e+00 -6.328790e+01 -3.859434e+01 1.601841e+03 -2.931388e+01 0.000000e+00 0.000000e+00 0.000000e+00 0.000000e+00 0.000000e+00 0.000000e+00 0.000000e+00 0.000000e+00 0.000000e+00
1.896000e+00 0.000000e+00 -5.218858e+03 -6.930527e+03 0.000000e+00 0.000000e+00 0.000000e+00 -6.293834e+01 -3.824387e+01 1.603040e+03 -2.976868e+01 0.000000e+00 0.000000e+00 0.000000e+00 0.000000e+00 0.000000e+00 0.000000e+00 0.000000e+00 0.000000e+00 0.000000e+00
1.897000e+00 0.000000e+00 -5.221024e+03 -6.929156e+03 0.000000e+00 0.000000e+00 0.000000e+00 -6.258834e+01 -3.789317e+01 1.604238e+03 -3.022135e+01 0.000000e+00 0.000000e+00 0.000000e+00 0.000000e+00 0.000000e+00 0.000000e+00 0.000000e+00 0.000000e+00 0.000000e+00
1.898000e+00 0.000000e+00 -5.223141e+03 -6.927677e+03 0.000000e+00 0.000000e+00 0.000000e+00 -6.223806e+01 -3.754239e+01 1.605435e+03 -3.067160e+01 0.000000e+00 0.000000e+00 0.000000e+00 0.000000e+00 0.000000e+00 0.000000e+00 0.000000e+00 0.000000e+00 0.000000e+00
1.899000e+00 0.000000e+00 -5.225208e+03 -6.926095e+03 0.000000e+00 0.000000e+00 0.000000e+00 -6.188764e+01 -3.719169e+01 1.606632e+03 -3.111916e+01 0.000000e+00 0.000000e+00 0.000000e+00 0.000000e+00 0.000000e+00 0.000000e+00 0.000000e+00 0.000000e+00 0.000000e+00
1.900000e+00 0.000000e+00 -5.227227e+03 -6.924410e+03 0.000000e+00 0.000000e+00 0.000000e+00 -6.153725e+01 -3.684122e+01 1.607828e+03 -3.156375e+01 0.000000e+00 0.000000e+00 0.000000e+00 0.000000e+00 0.000000e+00 0.000000e+00 0.000000e+00 0.000000e+00 0.000000e+00
1.901000e+00 0.000000e+00 -5.229197e+03 -6.922625e+03 0.000000e+00 0.000000e+00 0.000000e+00 -6.118704e+01 -3.649113e+01 1.609023e+03 -3.200508e+01 0.000000e+00 0.000000e+00 0.000000e+00 0.000000e+00 0.000000e+00 0.000000e+00 0.000000e+00 0.000000e+00 0.000000e+00
1.902000e+00 0.000000e+00 -5.231120e+03 -6.920743e+03 0.000000e+00 0.000000e+00 0.000000e+00 -6.083715e+01 -3.614159e+01 1.610218e+03 -3.244288e+01 0.000000e+00 0.000000e+00 0.000000e+00 0.000000e+00 0.000000e+00 0.000000e+00 0.000000e+00 0.000000e+00 0.000000e+00
1.903000e+00 0.000000e+00 -5.232995e+03 -6.918765e+03 0.000000e+00 0.000000e+00 0.000000e+00 -6.048772e+01 -3.579271e+01 1.611412e+03 -3.287689e+01 0.000000e+00 0.000000e+00 0.000000e+00 0.000000e+00 0.000000e+00 0.000000e+00 0.000000e+00 0.000000e+00 0.000000e+00
1.904000e+00 0.000000e+00 -5.234822e+03 -6.916693e+03 0.000000e+00 0.000000e+00 0.000000e+00 -6.013889e+01 -3.544466e+01 1.612604e+03 -3.330684e+01 0.000000e+00 0.000000e+00 0.000000e+00 0.000000e+00 0.000000e+00 0.000000e+00 0.000000e+00 0.000000e+00 0.000000e+00
1.905000e+00 0.000000e+00 -5.236602e+03 -6.914531e+03 0.000000e+00 0.000000e+00 0.000000e+00 -5.979081e+01 -3.509757e+01 1.613796e+03 -3.373246e+01 0.000000e+00 0.000000e+00 0.000000e+00 0.000000e+00 0.000000e+00 0.000000e+00 0.000000e+00 0.000000e+00 0.000000e+00
1.906000e+00 0.000000e+00 -5.238336e+03 -6.912279e+03 0.000000e+00 0.000000e+00 0.000000e+00 -5.944363e+01 -3.475160e+01 1.614987e+03 -3.415347e+01 0.000000e+00 0.000000e+00 0.000000e+00 0.000000e+00 0.000000e+00 0.000000e+00 0.000000e+00 0.000000e+00 0.000000e+00
1.907000e+00 0.000000e+00 -5.240024e+03 -6.909942e+03 0.000000e+00 0.000000e+00 0.000000e+00 -5.909749e+01 -3.440690e+01 1.616177e+03 -3.456959e+01 0.000000e+00 0.000000e+00 0.000000e+00 0.000000e+00 0.000000e+00 0.000000e+00 0.000000e+00 0.000000e+00 0.000000e+00
1.908000e+00 0.000000e+00 -5.241666e+03 -6.907520e+03 0.000000e+00 0.000000e+00 0.000000e+00 -5.875255e+01 -3.406361e+01 1.617365e+03 -3.498056e+01 0.000000e+00 0.000000e+00 0.000000e+00 0.000000e+00 0.000000e+00 0.000000e+00 0.000000e+00 0.000000e+00 0.000000e+00
1.909000e+00 0.000000e+00 -5.243263e+03 -6.905018e+03 0.000000e+00 0.000000e+00 0.000000e+00 -5.840895e+01 -3.372189e+01 1.618552e+03 -3.538611e+01 0.000000e+00 0.000000e+00 0.000000e+00 0.000000e+00 0.000000e+00 0.000000e+00 0.000000e+00 0.000000e+00 0.000000e+00
1.910000e+00 0.000000e+00 -5.244816e+03 -6.902436e+03 0.000000e+00 0.000000e+00 0.000000e+00 -5.806685e+01 -3.338190e+01 1.619739e+03 -3.578595e+01 0.000000e+00 0.000000e+00 0.000000e+00 0.000000e+00 0.000000e+00 0.000000e+00 0.000000e+00 0.000000e+00 0.000000e+00
1.911000e+00 0.000000e+00 -5.246324e+03 -6.899778e+03 0.000000e+00 0.000000e+00 0.000000e+00 -5.772639e+01 -3.304377e+01 1.620924e+03 -3.617981e+01 0.000000e+00 0.000000e+00 0.000000e+00 0.000000e+00 0.000000e+00 0.000000e+00 0.000000e+00 0.000000e+00 0.000000e+00
1.912000e+00 0.000000e+00 -5.247789e+03 -6.897047e+03 0.000000e+00 0.000000e+00 0.000000e+00 -5.738773e+01 -3.270767e+01 1.622107e+03 -3.656742e+01 0.000000e+00 0.000000e+00 0.000000e+00 0.000000e+00 0.000000e+00 0.000000e+00 0.000000e+00 0.000000e+00 0.000000e+00
1.913000e+00 0.000000e+00 -5.249211e+03 -6.894245e+03 0.000000e+00 0.000000e+00 0.000000e+00 -5.705101e+01 -3.237375e+01 1.623289e+03 -3.694851e+01 0.000000e+00 0.000000e+00 0.000000e+00 0.000000e+00 0.000000e+00 0.000000e+00 0.000000e+00 0.000000e+00 0.000000e+00
1.914000e+00 0.000000e+00 -5.250590e+03 -6.891374e+03 0.000000e+00 0.000000e+00 0.000000e+00 -5.671640e+01 -3.204215e+01 1.624470e+03 -3.732280e+01 0.000000e+00 0.000000e+00 0.000000e+00 0.000000e+00 0.000000e+00 0.000000e+00 0.000000e+00 0.000000e+00 0.000000e+00
1.915000e+00 0.000000e+00 -5.251928e+03 -6.888438e+03 0.000000e+00 0.000000e+00 0.000000e+00 -5.638404e+01 -3.171304e+01 1.625650e+03 -3.769001e+01 0.000000e+00 0.000000e+00 0.000000e+00 0.000000e+00 0.000000e+00 0.000000e+00 0.000000e+00 0.000000e+00 0.000000e+00
1.916000e+00 0.000000e+00 -5.253224e+03 -6.885440e+03 0.000000e+00 0.000000e+00 0.000000e+00 -5.605408e+01 -3.138658e+01 1.626828e+03 -3.804987e+01 0.000000e+00 0.000000e+00 0.000000e+00 0.000000e+00 0.000000e+00 0.000000e+00 0.000000e+00 0.000000e+00 0.000000e+00
1.917000e+00 0.000000e+00 -5.254480e+03 -6.882382e+03 0.000000e+00 0.000000e+00 0.000000e+00 -5.572669e+01 -3.106290e+01 1.628004e+03 -3.840211e+01 0.000000e+00 0.000000e+00 0.000000e+00 0.000000e+00 0.000000e+00 0.000000e+00 0.000000e+00 0.000000e+00 0.000000e+00
1.918000e+00 0.000000e+00 -5.255696e+03 -6.879267e+03 0.000000e+00 0.000000e+00 0.000000e+00 -5.540201e+01 -3.074217e+01 1.629179e+03 -3.874646e+01 0.000000e+00 0.000000e+00 0.000000e+00 0.000000e+00 0.000000e+00 0.000000e+00 0.000000e+00 0.000000e+00 0.000000e+00
1.919000e+00 0.000000e+00 -5.256873e+03 -6.876098e+03 0.000000e+00 0.000000e+00 0.000000e+00 -5.508020e+01 -3.042454e+01 1.630352e+03 -3.908265e+01 0.000000e+00 0.000000e+00 0.000000e+00 0.000000e+00 0.000000e+00 0.000000e+00 0.000000e+00 0.000000e+00 0.000000e+00
1.920000e+00 0.000000e+00 -5.258012e+03 -6.872878e+03 0.000000e+00 0.000000e+00 0.000000e+00 -5.476141e+01 -3.011016e+01 1.631524e+03 -3.941040e+01 0.000000e+00 0.000000e+00 0.000000e+00 0.000000e+00 0.000000e+00 0.000000e+00 0.000000e+00 0.000000e+00 0.000000e+00
1.921000e+00 0.000000e+00 -5.259112e+03 -6.869610e+03 0.000000e+00 0.000000e+00 0.000000e+00 -5.444579e+01 -2.979919e+01 1.632694e+03 -3.972944e+01 0.000000e+00 0.000000e+00 0.000000e+00 0.000000e+00 0.000000e+00 0.000000e+00 0.000000e+00 0.000000e+00 0.000000e+00
1.922000e+00 0.000000e+00 -5.260176e+03 -6.866297e+03 0.000000e+00 0.000000e+00 0.000000e+00 -5.413350e+01 -2.949179e+01 1.633862e+03 -4.003952e+01 0.000000e+00 0.000000e+00 0.000000e+00 0.000000e+00 0.000000e+00 0.000000e+00 0.000000e+00 0.000000e+00 0.000000e+00
1.923000e+00 0.000000e+00 -5.261204e+03 -6.862943e+03 0.000000e+00 0.000000e+00 0.000000e+00 -5.382469e+01 -2.918810e+01 1.635028e+03 -4.034035e+01 0.000000e+00 0.000000e+00 0.000000e+00 0.000000e+00 0.000000e+00 0.000000e+00 0.000000e+00 0.000000e+00 0.000000e+00
1.924000e+00 0.000000e+00 -5.262196e+03 -6.859549e+03 0.000000e+00 0.000000e+00 0.000000e+00 -5.351951e+01 -2.888828e+01 1.636193e+03 -4.063168e+01 0.000000e+00 0.000000e+00 0.000000e+00 0.000000e+00 0.000000e+00 0.000000e+00 0.000000e+00 0.000000e+00 0.000000e+00
1.925000e+00 0.000000e+00 -5.263154e+03 -6.856120e+03 0.000000e+00 0.000000e+00 0.000000e+00 -5.321813e+01 -2.859248e+01 1.637356e+03 -4.091325e+01 0.000000e+00 0.000000e+00 0.000000e+00 0.000000e+00 0.000000e+00 0.000000e+00 0.000000e+00 0.000000e+00 0.000000e+00
1.926000e+00 0.000000e+00 -5.264078e+03 -6.852658e+03 0.000000e+00 0.000000e+00 0.000000e+00 -5.292065e+01 -2.830083e+01 1.638517e+03 -4.118481e+01 0.000000e+00 0.000000e+00 0.000000e+00 0.000000e+00 0.000000e+00 0.000000e+00 0.000000e+00 0.000000e+00 0.000000e+00
1.927000e+00 0.000000e+00 -5.264969e+03 -6.849167e+03 0.000000e+00 0.000000e+00 0.000000e+00 -5.262723e+01 -2.801347e+01 1.639676e+03 -4.144611e+01 0.000000e+00 0.000000e+00 0.000000e+00 0.000000e+00 0.000000e+00 0.000000e+00 0.000000e+00 0.000000e+00 0.000000e+00
1.928000e+00 0.000000e+00 -5.265828e+03 -6.845649e+03 0.000000e+00 0.000000e+00 0.000000e+00 -5.233801e+01 -2.773056e+01 1.640833e+03 -4.169690e+01 0.000000e+00 0.000000e+00 0.000000e+00 0.000000e+00 0.000000e+00 0.000000e+00 0.000000e+00 0.000000e+00 0.000000e+00
1.929000e+00 0.000000e+00 -5.266656e+03 -6.842109e+03 0.000000e+00 0.000000e+00 0.000000e+00 -5.205315e+01 -2.745223e+01 1.641988e+03 -4.193691e+01 0.000000e+00 0.000000e+00 0.000000e+00 0.000000e+00 0.000000e+00 0.000000e+00 0.000000e+00 0.000000e+00 0.000000e+00
1.930000e+00 0.000000e+00 -5.267454e+03 -6.838548e+03 0.000000e+00 0.000000e+00 0.000000e+00 -5.177280e+01 -2.717865e+01 1.643141e+03 -4.216589e+01 0.000000e+00 0.000000e+00 0.000000e+00 0.000000e+00 0.000000e+00 0.000000e+00 0.000000e+00 0.000000e+00 0.000000e+00
1.931000e+00 0.000000e+00 -5.268222e+03 -6.834972e+03 0.000000e+00 0.000000e+00 0.000000e+00 -5.149709e+01 -2.690996e+01 1.644292e+03 -4.238360e+01 0.000000e+00 0.000000e+00 0.000000e+00 0.000000e+00 0.000000e+00 0.000000e+00 0.000000e+00 0.000000e+00 0.000000e+00
1.932000e+00 0.000000e+00 -5.268963e+03 -6.831382e+03 0.000000e+00 0.000000e+00 0.000000e+00 -5.122619e+01 -2.664630e+01 1.645442e+03 -4.258977e+01 0.000000e+00 0.000000e+00 0.000000e+00 0.000000e+00 0.000000e+00 0.000000e+00 0.000000e+00 0.000000e+00 0.000000e+00
1.933000e+00 0.000000e+00 -5.269675e+03 -6.827782e+03 0.000000e+00 0.000000e+00 0.000000e+00 -5.096024e+01 -2.638783e+01 1.646589e+03 -4.278416e+01 0.000000e+00 0.000000e+00 0.000000e+00 0.000000e+00 0.000000e+00 0.000000e+00 0.000000e+00 0.000000e+00 0.000000e+00
1.934000e+00 0.000000e+00 -5.270362e+03 -6.824176e+03 0.000000e+00 0.000000e+00 0.000000e+00 -5.069938e+01 -2.613468e+01 1.647734e+03 -4.296652e+01 0.000000e+00 0.000000e+00 0.000000e+00 0.000000e+00 0.000000e+00 0.000000e+00 0.000000e+00 0.000000e+00 0.000000e+00
1.935000e+00 0.000000e+00 -5.271023e+03 -6.820567e+03 0.000000e+00 0.000000e+00 0.000000e+00 -5.044376e+01 -2.588700e+01 1.648877e+03 -4.313661e+01 0.000000e+00 0.000000e+00 0.000000e+00 0.000000e+00 0.000000e+00 0.000000e+00 0.000000e+00 0.000000e+00 0.000000e+00
1.936000e+00 0.000000e+00 -5.271660e+03 -6.816958e+03 0.000000e+00 0.000000e+00 0.000000e+00 -5.019352e+01 -2.564493e+01 1.650018e+03 -4.329420e+01 0.000000e+00 0.000000e+00 0.000000e+00 0.000000e+00 0.000000e+00 0.000000e+00 0.000000e+00 0.000000e+00 0.000000e+00
1.937000e+00 0.000000e+00 -5.272273e+03 -6.813354e+03 0.000000e+00 0.000000e+00 0.000000e+00 -4.994880e+01 -2.540862e+01 1.651157e+03 -4.343903e+01 0.000000e+00 0.000000e+00 0.000000e+00 0.000000e+00 0.000000e+00 0.000000e+00 0.000000e+00 0.000000e+00 0.000000e+00
1.938000e+00 0.000000e+00 -5.272865e+03 -6.809756e+03 0.000000e+00 0.000000e+00 0.000000e+00 -4.970973e+01 -2.517820e+01 1.652293e+03 -4.357087e+01 0.000000e+00 0.000000e+00 0.000000e+00 0.000000e+00 0.000000e+00 0.000000e+00 0.000000e+00 0.000000e+00 0.000000e+00
1.939000e+00 0.000000e+00 -5.273435e+03 -6.806169e+03 0.000000e+00 0.000000e+00 0.000000e+00 -4.947647e+01 -2.495380e+01 1.653428e+03 -4.368950e+01 0.000000e+00 0.000000e+00 0.000000e+00 0.000000e+00 0.000000e+00 0.000000e+00 0.000000e+00 0.000000e+00 0.000000e+00
1.940000e+00 0.000000e+00 -5.273985e+03 -6.802597e+03 0.000000e+00 0.000000e+00 0.000000e+00 -4.924914e+01 -2.473557e+01 1.654560e+03 -4.379468e+01 0.000000e+00 0.000000e+00 0.000000e+00 0.000000e+00 0.000000e+00 0.000000e+00 0.000000e+00 0.000000e+00 0.000000e+00
1.941000e+00 0.000000e+00 -5.274517e+03 -6.799042e+03 0.000000e+00 0.000000e+00 0.000000e+00 -4.902788e+01 -2.452364e+01 1.655690e+03 -4.388619e+01 0.000000e+00 0.000000e+00 0.000000e+00 0.000000e+00 0.000000e+00 0.000000e+00 0.000000e+00 0.000000e+00 0.000000e+00
1.942000e+00 0.000000e+00 -5.275030e+03 -6.795509e+03 0.000000e+00 0.000000e+00 0.000000e+00 -4.881283e+01 -2.431814e+01 1.656818e+03 -4.396380e+01 0.000000e+00 0.000000e+00 0.000000e+00 0.000000e+00 0.000000e+00 0.000000e+00 0.000000e+00 0.000000e+00 0.000000e+00
1.943000e+00 0.000000e+00 -5.275527e+03 -6.792000e+03 0.000000e+00 0.000000e+00 0.000000e+00 -4.860411e+01 -2.411921e+01 1.657944e+03 -4.402730e+01 0.000000e+00 0.000000e+00 0.000000e+00 0.000000e+00 0.000000e+00 0.000000e+00 0.000000e+00 0.000000e+00 0.000000e+00
1.944000e+00 0.000000e+00 -5.276009e+03 -6.788519e+03 0.000000e+00 0.000000e+00 0.000000e+00 -4.840186e+01 -2.392696e+01 1.659068e+03 -4.407646e+01 0.000000e+00 0.000000e+00 0.000000e+00 0.000000e+00 0.000000e+00 0.000000e+00 0.000000e+00 0.000000e+00 0.000000e+00
1.945000e+00 0.000000e+00 -5.276477e+03 -6.785070e+03 0.000000e+00 0.000000e+00 0.000000e+00 -4.820621e+01 -2.374154e+01 1.660190e+03 -4.411107e+01 0.000000e+00 0.000000e+00 0.000000e+00 0.000000e+00 0.000000e+00 0.000000e+00 0.000000e+00 0.000000e+00 0.000000e+00
1.946000e+00 0.000000e+00 -5.276931e+03 -6.781656e+03 0.000000e+00 0.000000e+00 0.000000e+00 -4.801727e+01 -2.356306e+01 1.661309e+03 -4.413092e+01 0.000000e+00 0.000000e+00 0.000000e+00 0.000000e+00 0.000000e+00 0.000000e+00 0.000000e+00 0.000000e+00 0.000000e+00
1.947000e+00 0.000000e+00 -5.277374e+03 -6.778281e+03 0.000000e+00 0.000000e+00 0.000000e+00 -4.783518e+01 -2.339164e+01 1.662426e+03 -4.413581e+01 0.000000e+00 0.000000e+00 0.000000e+00 0.000000e+00 0.000000e+00 0.000000e+00 0.000000e+00 0.000000e+00 0.000000e+00
1.948000e+00 0.000000e+00 -5.277806e+03 -6.774948e+03 0.000000e+00 0.000000e+00 0.000000e+00 -4.766006e+01 -2.322742e+01 1.663542e+03 -4.412552e+01 0.000000e+00 0.000000e+00 0.000000e+00 0.000000e+00 0.000000e+00 0.000000e+00 0.000000e+00 0.000000e+00 0.000000e+00
1.949000e+00 0.000000e+00 -5.278229e+03 -6.771660e+03 0.000000e+00 0.000000e+00 0.000000e+00 -4.749202e+01 -2.307050e+01 1.664655e+03 -4.409988e+01 0.000000e+00 0.000000e+00 0.000000e+00 0.000000e+00 0.000000e+00 0.000000e+00 0.000000e+00 0.000000e+00 0.000000e+00
1.950000e+00 0.000000e+00 -5.278644e+03 -6.768422e+03 0.000000e+00 0.000000e+00 0.000000e+00 -4.733120e+01 -2.292101e+01 1.665766e+03 -4.405866e+01 0.000000e+00 0.000000e+00 0.000000e+00 0.000000e+00 0.000000e+00 0.000000e+00 0.000000e+00 0.000000e+00 0.000000e+00
1.951000e+00 0.000000e+00 -5.279052e+03 -6.765237e+03 0.000000e+00 0.000000e+00 0.000000e+00 -4.717769e+01 -2.277906e+01 1.666874e+03 -4.400170e+01 0.000000e+00 0.000000e+00 0.000000e+00 0.000000e+00 0.000000e+00 0.000000e+00 0.000000e+00 0.000000e+00 0.000000e+00
1.952000e+00 0.000000e+00 -5.279455e+03 -6.762108e+03 0.000000e+00 0.000000e+00 0.000000e+00 -4.703163e+01 -2.264476e+01 1.667981e+03 -4.392878e+01 0.000000e+00 0.000000e+00 0.000000e+00 0.000000e+00 0.000000e+00 0.000000e+00 0.000000e+00 0.000000e+00 0.000000e+00
1.953000e+00 0.000000e+00 -5.279854e+03 -6.759039e+03 0.000000e+00 0.000000e+00 0.000000e+00 -4.689311e+01 -2.251823e+01 1.669086e+03 -4.383974e+01 0.000000e+00 0.000000e+00 0.000000e+00 0.000000e+00 0.000000e+00 0.000000e+00 0.000000e+00 0.000000e+00 0.000000e+00
1.954000e+00 0.000000e+00 -5.280250e+03 -6.756032e+03 0.000000e+00 0.000000e+00 0.000000e+00 -4.676227e+01 -2.239958e+01 1.670189e+03 -4.373438e+01 0.000000e+00 0.000000e+00 0.000000e+00 0.000000e+00 0.000000e+00 0.000000e+00 0.000000e+00 0.000000e+00 0.000000e+00
1.955000e+00 0.000000e+00 -5.280645e+03 -6.753093e+03 0.000000e+00 0.000000e+00 0.000000e+00 -4.663922e+01 -2.228893e+01 1.671289e+03 -4.361250e+01 0.000000e+00 0.000000e+00 0.000000e+00 0.000000e+00 0.000000e+00 0.000000e+00 0.000000e+00 0.000000e+00 0.000000e+00
1.956000e+00 0.000000e+00 -5.281039e+03 -6.750224e+03 0.000000e+00 0.000000e+00 0.000000e+00 -4.652408e+01 -2.218641e+01 1.672388e+03 -4.347392e+01 0.000000e+00 0.000000e+00 0.000000e+00 0.000000e+00 0.000000e+00 0.000000e+00 0.000000e+00 0.000000e+00 0.000000e+00
1.957000e+00 0.000000e+00 -5.281435e+03 -6.747429e+03 0.000000e+00 0.000000e+00 0.000000e+00 -4.641697e+01 -2.209212e+01 1.673485e+03 -4.331845e+01 0.000000e+00 0.000000e+00 0.000000e+00 0.000000e+00 0.000000e+00 0.000000e+00 0.000000e+00 0.000000e+00 0.000000e+00
1.958000e+00 0.000000e+00 -5.281834e+03 -6.744711e+03 0.000000e+00 0.000000e+00 0.000000e+00 -4.631801e+01 -2.200618e+01 1.674580e+03 -4.314592e+01 0.000000e+00 0.000000e+00 0.000000e+00 0.000000e+00 0.000000e+00 0.000000e+00 0.000000e+00 0.000000e+00 0.000000e+00
1.959000e+00 0.000000e+00 -5.282238e+03 -6.742074e+03 0.000000e+00 0.000000e+00 0.000000e+00 -4.622731e+01 -2.192870e+01 1.675673e+03 -4.295614e+01 0.000000e+00 0.000000e+00 0.000000e+00 0.000000e+00 0.000000e+00 0.000000e+00 0.000000e+00 0.000000e+00 0.000000e+00
1.960000e+00 0.000000e+00 -5.282646e+03 -6.739522e+03 0.000000e+00 0.000000e+00 0.000000e+00 -4.614496e+01 -2.185977e+01 1.676764e+03 -4.274895e+01 0.000000e+00 0.000000e+00 0.000000e+00 0.000000e+00 0.000000e+00 0.000000e+00 0.000000e+00 0.000000e+00 0.000000e+00
1.961000e+00 0.000000e+00 -5.283063e+03 -6.737057e+03 0.000000e+00 0.000000e+00 0.000000e+00 -4.607109e+01 -2.179952e+01 1.677854e+03 -4.252419e+01 0.000000e+00 0.000000e+00 0.000000e+00 0.000000e+00 0.000000e+00 0.000000e+00 0.000000e+00 0.000000e+00 0.000000e+00
1.962000e+00 0.000000e+00 -5.283487e+03 -6.734683e+03 0.000000e+00 0.000000e+00 0.000000e+00 -4.600579e+01 -2.174803e+01 1.678941e+03 -4.228169e+01 0.000000e+00 0.000000e+00 0.000000e+00 0.000000e+00 0.000000e+00 0.000000e+00 0.000000e+00 0.000000e+00 0.000000e+00
1.963000e+00 0.000000e+00 -5.283922e+03 -6.732404e+03 0.000000e+00 0.000000e+00 0.000000e+00 -4.594916e+01 -2.170540e+01 1.680027e+03 -4.202129e+01 0.000000e+00 0.000000e+00 0.000000e+00 0.000000e+00 0.000000e+00 0.000000e+00 0.000000e+00 0.000000e+00 0.000000e+00
1.964000e+00 0.000000e+00 -5.284368e+03 -6.730223e+03 0.000000e+00 0.000000e+00 0.000000e+00 -4.590130e+01 -2.167173e+01 1.681112e+03 -4.174284e+01 0.000000e+00 0.000000e+00 0.000000e+00 0.000000e+00 0.000000e+00 0.000000e+00 0.000000e+00 0.000000e+00 0.000000e+00
1.965000e+00 0.000000e+00 -5.284828e+03 -6.728143e+03 0.000000e+00 0.000000e+00 0.000000e+00 -4.586231e+01 -2.164711e+01 1.682194e+03 -4.144620e+01 0.000000e+00 0.000000e+00 0.000000e+00 0.000000e+00 0.000000e+00 0.000000e+00 0.000000e+00 0.000000e+00 0.000000e+00
1.966000e+00 0.000000e+00 -5.285301e+03 -6.726167e+03 0.000000e+00 0.000000e+00 0.000000e+00 -4.583227e+01 -2.163163e+01 1.683275e+03 -4.113122e+01 0.000000e+00 0.000000e+00 0.000000e+00 0.000000e+00 0.000000e+00 0.000000e+00 0.000000e+00 0.000000e+00 0.000000e+00
1.967000e+00 0.000000e+00 -5.285791e+03 -6.724299e+03 0.000000e+00 0.000000e+00 0.000000e+00 -4.581127e+01 -2.162537e+01 1.684355e+03 -4.079776e+01 0.000000e+00 0.000000e+00 0.000000e+00 0.000000e+00 0.000000e+00 0.000000e+00 0.000000e+00 0.000000e+00 0.000000e+00
1.968000e+00 0.000000e+00 -5.286299e+03 -6.722542e+03 0.000000e+00 0.000000e+00 0.000000e+00 -4.579940e+01 -2.162842e+01 1.685433e+03 -4.044569e+01 0.000000e+00 0.000000e+00 0.000000e+00 0.000000e+00 0.000000e+00 0.000000e+00 0.000000e+00 0.000000e+00 0.000000e+00
1.969000e+00 0.000000e+00 -5.286826e+03 -6.720899e+03 0.000000e+00 0.000000e+00 0.000000e+00 -4.579673e+01 -2.164086e+01 1.686510e+03 -4.007489e+01 0.000000e+00 0.000000e+00 0.000000e+00 0.000000e+00 0.000000e+00 0.000000e+00 0.000000e+00 0.000000e+00 0.000000e+00
1.970000e+00 0.000000e+00 -5.287373e+03 -6.719374e+03 0.000000e+00 0.000000e+00 0.000000e+00 -4.580336e+01 -2.166276e+01 1.687586e+03 -3.968522e+01 0.000000e+00 0.000000e+00 0.000000e+00 0.000000e+00 0.000000e+00 0.000000e+00 0.000000e+00 0.000000e+00 0.000000e+00
1.971000e+00 0.000000e+00 -5.287942e+03 -6.717968e+03 0.000000e+00 0.000000e+00 0.000000e+00 -4.581934e+01 -2.169420e+01 1.688660e+03 -3.927656e+01 0.000000e+00 0.000000e+00 0.000000e+00 0.000000e+00 0.000000e+00 0.000000e+00 0.000000e+00 0.000000e+00 0.000000e+00
1.972000e+00 0.000000e+00 -5.288536e+03 -6.716686e+03 0.000000e+00 0.000000e+00 0.000000e+00 -4.584476e+01 -2.173524e+01 1.689734e+03 -3.884881e+01 0.000000e+00 0.000000e+00 0.000000e+00 0.000000e+00 0.000000e+00 0.000000e+00 0.000000e+00 0.000000e+00 0.000000e+00
1.973000e+00 0.000000e+00 -5.289154e+03 -6.715530e+03 0.000000e+00 0.000000e+00 0.000000e+00 -4.587968e+01 -2.178596e+01 1.690806e+03 -3.840186e+01 0.000000e+00 0.000000e+00 0.000000e+00 0.000000e+00 0.000000e+00 0.000000e+00 0.000000e+00 0.000000e+00 0.000000e+00
1.974000e+00 0.000000e+00 -5.289799e+03 -6.714503e+03 0.000000e+00 0.000000e+00 0.000000e+00 -4.592418e+01 -2.184641e+01 1.691877e+03 -3.793560e+01 0.000000e+00 0.000000e+00 0.000000e+00 0.000000e+00 0.000000e+00 0.000000e+00 0.000000e+00 0.000000e+00 0.000000e+00
1.975000e+00 0.000000e+00 -5.290473e+03 -6.713608e+03 0.000000e+00 0.000000e+00 0.000000e+00 -4.597830e+01 -2.191666e+01 1.692947e+03 -3.744992e+01 0.000000e+00 0.000000e+00 0.000000e+00 0.000000e+00 0.000000e+00 0.000000e+00 0.000000e+00 0.000000e+00 0.000000e+00
1.976000e+00 0.000000e+00 -5.291177e+03 -6.712848e+03 0.000000e+00 0.000000e+00 0.000000e+00 -4.604212e+01 -2.199678e+01 1.694016e+03 -3.694473e+01 0.000000e+00 0.000000e+00 0.000000e+00 0.000000e+00 0.000000e+00 0.000000e+00 0.000000e+00 0.000000e+00 0.000000e+00
1.977000e+00 0.000000e+00 -5.291912e+03 -6.712226e+03 0.000000e+00 0.000000e+00 0.000000e+00 -4.611573e+01 -2.208684e+01 1.695085e+03 -3.641991e+01 0.000000e+00 0.000000e+00 0.000000e+00 0.000000e+00 0.000000e+00 0.000000e+00 0.000000e+00 0.000000e+00 0.000000e+00
1.978000e+00 0.000000e+00 -5.292681e+03 -6.711744e+03 0.000000e+00 0.000000e+00 0.000000e+00 -4.619919e+01 -2.218691e+01 1.696153e+03 -3.587534e+01 0.000000e+00 0.000000e+00 0.000000e+00 0.000000e+00 0.000000e+00 0.000000e+00 0.000000e+00 0.000000e+00 0.000000e+00
1.979000e+00 0.000000e+00 -5.293484e+03 -6.711406e+03 0.000000e+00 0.000000e+00 0.000000e+00 -4.629258e+01 -2.229706e+01 1.697220e+03 -3.531094e+01 0.000000e+00 0.000000e+00 0.000000e+00 0.000000e+00 0.000000e+00 0.000000e+00 0.000000e+00 0.000000e+00 0.000000e+00
1.980000e+00 0.000000e+00 -5.294324e+03 -6.711214e+03 0.000000e+00 0.000000e+00 0.000000e+00 -4.639596e+01 -2.241735e+01 1.698287e+03 -3.472661e+01 0.000000e+00 0.000000e+00 0.000000e+00 0.000000e+00 0.000000e+00 0.000000e+00 0.000000e+00 0.000000e+00 0.000000e+00
1.981000e+00 0.000000e+00 -5.295202e+03 -6.711171e+03 0.000000e+00 0.000000e+00 0.000000e+00 -4.650940e+01 -2.254785e+01 1.699353e+03 -3.412225e+01 0.000000e+00 0.000000e+00 0.000000e+00 0.000000e+00 0.000000e+00 0.000000e+00 0.000000e+00 0.000000e+00 0.000000e+00
1.982000e+00 0.000000e+00 -5.296120e+03 -6.711280e+03 0.000000e+00 0.000000e+00 0.000000e+00 -4.663294e+01 -2.268860e+01 1.700419e+03 -3.349779e+01 0.000000e+00 0.000000e+00 0.000000e+00 0.000000e+00 0.000000e+00 0.000000e+00 0.000000e+00 0.000000e+00 0.000000e+00
1.983000e+00 0.000000e+00 -5.297079e+03 -6.711543e+03 0.000000e+00 0.000000e+00 0.000000e+00 -4.676666e+01 -2.283966e+01 1.701485e+03 -3.285313e+01 0.000000e+00 0.000000e+00 0.000000e+00 0.000000e+00 0.000000e+00 0.000000e+00 0.000000e+00 0.000000e+00 0.000000e+00
1.984000e+00 0.000000e+00 -5.298081e+03 -6.711962e+03 0.000000e+00 0.000000e+00 0.000000e+00 -4.691059e+01 -2.300108e+01 1.702551e+03 -3.218822e+01 0.000000e+00 0.000000e+00 0.000000e+00 0.000000e+00 0.000000e+00 0.000000e+00 0.000000e+00 0.000000e+00 0.000000e+00
1.985000e+00 0.000000e+00 -5.299128e+03 -6.712539e+03 0.000000e+00 0.000000e+00 0.000000e+00 -4.706479e+01 -2.317290e+01 1.703616e+03 -3.150298e+01 0.000000e+00 0.000000e+00 0.000000e+00 0.000000e+00 0.000000e+00 0.000000e+00 0.000000e+00 0.000000e+00 0.000000e+00
1.986000e+00 0.000000e+00 -5.300220e+03 -6.713278e+03 0.000000e+00 0.000000e+00 0.000000e+00 -4.722929e+01 -2.335516e+01 1.704682e+03 -3.079734e+01 0.000000e+00 0.000000e+00 0.000000e+00 0.000000e+00 0.000000e+00 0.000000e+00 0.000000e+00 0.000000e+00 0.000000e+00
1.987000e+00 0.000000e+00 -5.301361e+03 -6.714180e+03 0.000000e+00 0.000000e+00 0.000000e+00 -4.740414e+01 -2.354790e+01 1.705748e+03 -3.007127e+01 0.000000e+00 0.000000e+00 0.000000e+00 0.000000e+00 0.000000e+00 0.000000e+00 0.000000e+00 0.000000e+00 0.000000e+00
1.988000e+00 0.000000e+00 -5.302551e+03 -6.715248e+03 0.000000e+00 0.000000e+00 0.000000e+00 -4.758937e+01 -2.375115e+01 1.706814e+03 -2.932469e+01 0.000000e+00 0.000000e+00 0.000000e+00 0.000000e+00 0.000000e+00 0.000000e+00 0.000000e+00 0.000000e+00 0.000000e+00
1.989000e+00 0.000000e+00 -5.303791e+03 -6.716483e+03 0.000000e+00 0.000000e+00 0.000000e+00 -4.778501e+01 -2.396494e+01 1.707880e+03 -2.855757e+01 0.000000e+00 0.000000e+00 0.000000e+00 0.000000e+00 0.000000e+00 0.000000e+00 0.000000e+00 0.000000e+00 0.000000e+00
1.990000e+00 0.000000e+00 -5.305085e+03 -6.717888e+03 0.000000e+00 0.000000e+00 0.000000e+00 -4.799109e+01 -2.418929e+01 1.708947e+03 -2.776986e+01 0.000000e+00 0.000000e+00 0.000000e+00 0.000000e+00 0.000000e+00 0.000000e+00 0.000000e+00 0.000000e+00 0.000000e+00
1.991000e+00 0.000000e+00 -5.306432e+03 -6.719464e+03 0.000000e+00 0.000000e+00 0.000000e+00 -4.820763e+01 -2.442422e+01 1.710015e+03 -2.696154e+01 0.000000e+00 0.000000e+00 0.000000e+00 0.000000e+00 0.000000e+00 0.000000e+00 0.000000e+00 0.000000e+00 0.000000e+00
1.992000e+00 0.000000e+00 -5.307835e+03 -6.721213e+03 0.000000e+00 0.000000e+00 0.000000e+00 -4.843465e+01 -2.466976e+01 1.711083e+03 -2.613258e+01 0.000000e+00 0.000000e+00 0.000000e+00 0.000000e+00 0.000000e+00 0.000000e+00 0.000000e+00 0.000000e+00 0.000000e+00
1.993000e+00 0.000000e+00 -5.309295e+03 -6.723138e+03 0.000000e+00 0.000000e+00 0.000000e+00 -4.867217e+01 -2.492590e+01 1.712152e+03 -2.528295e+01 0.000000e+00 0.000000e+00 0.000000e+00 0.000000e+00 0.000000e+00 0.000000e+00 0.000000e+00 0.000000e+00 0.000000e+00
1.994000e+00 0.000000e+00 -5.310814e+03 -6.725239e+03 0.000000e+00 0.000000e+00 0.000000e+00 -4.892019e+01 -2.519268e+01 1.713222e+03 -2.441263e+01 0.000000e+00 0.000000e+00 0.000000e+00 0.000000e+00 0.000000e+00 0.000000e+00 0.000000e+00 0.000000e+00 0.000000e+00
1.995000e+00 0.000000e+00 -5.312393e+03 -6.727518e+03 0.000000e+00 0.000000e+00 0.000000e+00 -4.917872e+01 -2.547007e+01 1.714293e+03 -2.352162e+01 0.000000e+00 0.000000e+00 0.000000e+00 0.000000e+00 0.000000e+00 0.000000e+00 0.000000e+00 0.000000e+00 0.000000e+00
1.996000e+00 0.000000e+00 -5.314034e+03 -6.729976e+03 0.000000e+00 0.000000e+00 0.000000e+00 -4.944776e+01 -2.575810e+01 1.715365e+03 -2.260991e+01 0.000000e+00 0.000000e+00 0.000000e+00 0.000000e+00 0.000000e+00 0.000000e+00 0.000000e+00 0.000000e+00 0.000000e+00
1.997000e+00 0.000000e+00 -5.315739e+03 -6.732616e+03 0.000000e+00 0.000000e+00 0.000000e+00 -4.972733e+01 -2.605677e+01 1.716438e+03 -2.167748e+01 0.000000e+00 0.000000e+00 0.000000e+00 0.000000e+00 0.000000e+00 0.000000e+00 0.000000e+00 0.000000e+00 0.000000e+00
1.998000e+00 0.000000e+00 -5.317508e+03 -6.735439e+03 0.000000e+00 0.000000e+00 0.000000e+00 -5.001745e+01 -2.636610e+01 1.717513e+03 -2.072431e+01 0.000000e+00 0.000000e+00 0.000000e+00 0.000000e+00 0.000000e+00 0.000000e+00 0.000000e+00 0.000000e+00 0.000000e+00
1.999000e+00 0.000000e+00 -5.319344e+03 -6.738445e+03 0.000000e+00 0.000000e+00 0.000000e+00 -5.031814e+01 -2.668610e+01 1.718589e+03 -1.975038e+01 0.000000e+00 0.000000e+00 0.000000e+00 0.000000e+00 0.000000e+00 0.000000e+00 0.000000e+00 0.000000e+00 0.000000e+00
2.000000e+00 0.000000e+00 -5.321247e+03 -6.741637e+03 0.000000e+00 0.000000e+00 0.000000e+00 -5.062941e+01 -2.701680e+01 1.719667e+03 -1.875569e+01 0.000000e+00 0.000000e+00 0.000000e+00 0.000000e+00 0.000000e+00 0.000000e+00 0.000000e+00 0.000000e+00 0.000000e+00
2.001000e+00 0.000000e+00 -5.323220e+03 -6.745015e+03 0.000000e+00 0.000000e+00 0.000000e+00 -5.095128e+01 -2.735818e+01 1.720747e+03 -1.774022e+01 0.000000e+00 0.000000e+00 0.000000e+00 0.000000e+00 0.000000e+00 0.000000e+00 0.000000e+00 0.000000e+00 0.000000e+00
2.002000e+00 0.000000e+00 -5.325264e+03 -6.748580e+03 0.000000e+00 0.000000e+00 0.000000e+00 -5.128374e+01 -2.771027e+01 1.721829e+03 -1.670398e+01 0.000000e+00 0.000000e+00 0.000000e+00 0.000000e+00 0.000000e+00 0.000000e+00 0.000000e+00 0.000000e+00 0.000000e+00
2.003000e+00 0.000000e+00 -5.327381e+03 -6.752334e+03 0.000000e+00 0.000000e+00 0.000000e+00 -5.162681e+01 -2.807304e+01 1.722912e+03 -1.564698e+01 0.000000e+00 0.000000e+00 0.000000e+00 0.000000e+00 0.000000e+00 0.000000e+00 0.000000e+00 0.000000e+00 0.000000e+00
2.004000e+00 0.000000e+00 -5.329571e+03 -6.756278e+03 0.000000e+00 0.000000e+00 0.000000e+00 -5.198046e+01 -2.844651e+01 1.723998e+03 -1.456922e+01 0.000000e+00 0.000000e+00 0.000000e+00 0.000000e+00 0.000000e+00 0.000000e+00 0.000000e+00 0.000000e+00 0.000000e+00
2.005000e+00 0.000000e+00 -5.331836e+03 -6.760412e+03 0.000000e+00 0.000000e+00 0.000000e+00 -5.234471e+01 -2.883065e+01 1.725086e+03 -1.347074e+01 0.000000e+00 0.000000e+00 0.000000e+00 0.000000e+00 0.000000e+00 0.000000e+00 0.000000e+00 0.000000e+00 0.000000e+00
2.006000e+00 0.000000e+00 -5.334178e+03 -6.764736e+03 0.000000e+00 0.000000e+00 0.000000e+00 -5.271953e+01 -2.922546e+01 1.726176e+03 -1.235155e+01 0.000000e+00 0.000000e+00 0.000000e+00 0.000000e+00 0.000000e+00 0.000000e+00 0.000000e+00 0.000000e+00 0.000000e+00
2.007000e+00 0.000000e+00 -5.336598e+03 -6.769253e+03 0.000000e+00 0.000000e+00 0.000000e+00 -5.310491e+01 -2.963092e+01 1.727269e+03 -1.121168e+01 0.000000e+00 0.000000e+00 0.000000e+00 0.000000e+00 0.000000e+00 0.000000e+00 0.000000e+00 0.000000e+00 0.000000e+00
2.008000e+00 0.000000e+00 -5.339098e+03 -6.773961e+03 0.000000e+00 0.000000e+00 0.000000e+00 -5.350083e+01 -3.004700e+01 1.728364e+03 -1.005118e+01 0.000000e+00 0.000000e+00 0.000000e+00 0.000000e+00 0.000000e+00 0.000000e+00 0.000000e+00 0.000000e+00 0.000000e+00
2.009000e+00 0.000000e+00 -5.341678e+03 -6.778861e+03 0.000000e+00 0.000000e+00 0.000000e+00 -5.390727e+01 -3.047369e+01 1.729462e+03 -8.870074e+00 0.000000e+00 0.000000e+00 0.000000e+00 0.000000e+00 0.000000e+00 0.000000e+00 0.000000e+00 0.000000e+00 0.000000e+00
2.010000e+00 0.000000e+00 -5.344340e+03 -6.783954e+03 0.000000e+00 0.000000e+00 0.000000e+00 -5.432419e+01 -3.091094e+01 1.730563e+03 -7.668424e+00 0.000000e+00 0.000000e+00 0.000000e+00 0.000000e+00 0.000000e+00 0.000000e+00 0.000000e+00 0.000000e+00 0.000000e+00
2.011000e+00 0.000000e+00 -5.347086e+03 -6.789240e+03 0.000000e+00 0.000000e+00 0.000000e+00 -5.475156e+01 -3.135873e+01 1.731667e+03 -6.446279e+00 0.000000e+00 0.000000e+00 0.000000e+00 0.000000e+00 0.000000e+00 0.000000e+00 0.000000e+00 0.000000e+00 0.000000e+00
2.012000e+00 0.000000e+00 -5.349916e+03 -6.794719e+03 0.000000e+00 0.000000e+00 0.000000e+00 -5.518936e+01 -3.181702e+01 1.732773e+03 -5.203698e+00 0.000000e+00 0.000000e+00 0.000000e+00 0.000000e+00 0.000000e+00 0.000000e+00 0.000000e+00 0.000000e+00 0.000000e+00
2.013000e+00 0.000000e+00 -5.352831e+03 -6.800390e+03 0.000000e+00 0.000000e+00 0.000000e+00 -5.563753e+01 -3.228576e+01 1.733883e+03 -3.940748e+00 0.000000e+00 0.000000e+00 0.000000e+00 0.000000e+00 0.000000e+00 0.000000e+00 0.000000e+00 0.000000e+00 0.000000e+00
2.014000e+00 0.000000e+00 -5.355834e+03 -6.806254e+03 0.000000e+00 0.000000e+00 0.000000e+00 -5.609603e+01 -3.276492e+01 1.734997e+03 -2.657498e+00 0.000000e+00 0.000000e+00 0.000000e+00 0.000000e+00 0.000000e+00 0.000000e+00 0.000000e+00 0.000000e+00 0.000000e+00
2.015000e+00 0.000000e+00 -5.358924e+03 -6.812310e+03 0.000000e+00 0.000000e+00 0.000000e+00 -5.656482e+01 -3.325444e+01 1.736113e+03 -1.354026e+00 0.000000e+00 0.000000e+00 0.000000e+00 0.000000e+00 0.000000e+00 0.000000e+00 0.000000e+00 0.000000e+00 0.000000e+00
2.016000e+00 0.000000e+00 -5.362104e+03 -6.818559e+03 0.000000e+00 0.000000e+00 0.000000e+00 -5.704384e+01 -3.375427e+01 1.737233e+03 -3.041331e-02 0.000000e+00 0.000000e+00 0.000000e+00 0.000000e+00 0.000000e+00 0.000000e+00 0.000000e+00 0.000000e+00 0.000000e+00
2.017000e+00 0.000000e+00 -5.365374e+03 -6.824999e+03 0.000000e+00 0.000000e+00 0.000000e+00 -5.753303e+01 -3.426435e+01 1.738357e+03 1.313254e+00 0.000000e+00 0.000000e+00 0.000000e+00 0.000000e+00 0.000000e+00 0.000000e+00 0.000000e+00 0.000000e+00 0.000000e+00
2.018000e+00 0.000000e+00 -5.368735e+03 -6.831630e+03 0.000000e+00 0.000000e+00 0.000000e+00 -5.803236e+01 -3.478464e+01 1.739485e+03 2.676906e+00 0.000000e+00 0.000000e+00 0.000000e+00 0.000000e+00 0.000000e+00 0.000000e+00 0.000000e+00 0.000000e+00 0.000000e+00
2.019000e+00 0.000000e+00 -5.372188e+03 -6.838452e+03 0.000000e+00 0.000000e+00 0.000000e+00 -5.854180e+01 -3.531512e+01 1.740616e+03 4.060476e+00 0.000000e+00 0.000000e+00 0.000000e+00 0.000000e+00 0.000000e+00 0.000000e+00 0.000000e+00 0.000000e+00 0.000000e+00
2.020000e+00 0.000000e+00 -5.375735e+03 -6.845464e+03 0.000000e+00 0.000000e+00 0.000000e+00 -5.906130e+01 -3.585573e+01 1.741752e+03 5.463884e+00 0.000000e+00 0.000000e+00 0.000000e+00 0.000000e+00 0.000000e+00 0.000000e+00 0.000000e+00 0.000000e+00 0.000000e+00
2.021000e+00 0.000000e+00 -5.379377e+03 -6.852665e+03 0.000000e+00 0.000000e+00 0.000000e+00 -5.959081e+01 -3.640642e+01 1.742891e+03 6.887047e+00 0.000000e+00 0.000000e+00 0.000000e+00 0.000000e+00 0.000000e+00 0.000000e+00 0.000000e+00 0.000000e+00 0.000000e+00
2.022000e+00 0.000000e+00 -5.383114e+03 -6.860055e+03 0.000000e+00 0.000000e+00 0.000000e+00 -6.013029e+01 -3.696715e+01 1.744035e+03 8.329874e+00 0.000000e+00 0.000000e+00 0.000000e+00 0.000000e+00 0.000000e+00 0.000000e+00 0.000000e+00 0.000000e+00 0.000000e+00
2.023000e+00 0.000000e+00 -5.386947e+03 -6.867632e+03 0.000000e+00 0.000000e+00 0.000000e+00 -6.067968e+01 -3.753786e+01 1.745183e+03 9.792271e+00 0.000000e+00 0.000000e+00 0.000000e+00 0.000000e+00 0.000000e+00 0.000000e+00 0.000000e+00 0.000000e+00 0.000000e+00
2.024000e+00 0.000000e+00 -5.390877e+03 -6.875396e+03 0.000000e+00 0.000000e+00 0.000000e+00 -6.123893e+01 -3.811849e+01 1.746335e+03 1.127414e+01 0.000000e+00 0.000000e+00 0.000000e+00 0.000000e+00 0.000000e+00 0.000000e+00 0.000000e+00 0.000000e+00 0.000000e+00
2.025000e+00 0.000000e+00 -5.394905e+03 -6.883346e+03 0.000000e+00 0.000000e+00 0.000000e+00 -6.180796e+01 -3.870897e+01 1.747492e+03 1.277536e+01 0.000000e+00 0.000000e+00 0.000000e+00 0.000000e+00 0.000000e+00 0.000000e+00 0.000000e+00 0.000000e+00 0.000000e+00
2.026000e+00 0.000000e+00 -5.399032e+03 -6.891479e+03 0.000000e+00 0.000000e+00 0.000000e+00 -6.238672e+01 -3.930924e+01 1.748653e+03 1.429584e+01 0.000000e+00 0.000000e+00 0.000000e+00 0.000000e+00 0.000000e+00 0.000000e+00 0.000000e+00 0.000000e+00 0.000000e+00
2.027000e+00 0.000000e+00 -5.403259e+03 -6.899795e+03 0.000000e+00 0.000000e+00 0.000000e+00 -6.297514e+01 -3.991923e+01 1.749819e+03 1.583546e+01 0.000000e+00 0.000000e+00 0.000000e+00 0.000000e+00 0.000000e+00 0.000000e+00 0.000000e+00 0.000000e+00 0.000000e+00
2.028000e+00 0.000000e+00 -5.407585e+03 -6.908293e+03 0.000000e+00 0.000000e+00 0.000000e+00 -6.357314e+01 -4.053887e+01 1.750990e+03 1.739408e+01 0.000000e+00 0.000000e+00 0.000000e+00 0.000000e+00 0.000000e+00 0.000000e+00 0.000000e+00 0.000000e+00 0.000000e+00
2.029000e+00 0.000000e+00 -5.412013e+03 -6.916970e+03 0.000000e+00 0.000000e+00 0.000000e+00 -6.418064e+01 -4.116807e+01 1.752165e+03 1.897159e+01 0.000000e+00 0.000000e+00 0.000000e+00 0.000000e+00 0.000000e+00 0.000000e+00 0.000000e+00 0.000000e+00 0.000000e+00
2.030000e+00 0.000000e+00 -5.416542e+03 -6.925826e+03 0.000000e+00 0.000000e+00 0.000000e+00 -6.479757e+01 -4.180677e+01 1.753346e+03 2.056784e+01 0.000000e+00 0.000000e+00 0.000000e+00 0.000000e+00 0.000000e+00 0.000000e+00 0.000000e+00 0.000000e+00 0.000000e+00
2.031000e+00 0.000000e+00 -5.421173e+03 -6.934857e+03 0.000000e+00 0.000000e+00 0.000000e+00 -6.542385e+01 -4.245486e+01 1.754531e+03 2.218271e+01 0.000000e+00 0.000000e+00 0.000000e+00 0.000000e+00 0.000000e+00 0.000000e+00 0.000000e+00 0.000000e+00 0.000000e+00
2.032000e+00 0.000000e+00 -5.425907e+03 -6.944063e+03 0.000000e+00 0.000000e+00 0.000000e+00 -6.605937e+01 -4.311228e+01 1.755722e+03 2.381605e+01 0.000000e+00 0.000000e+00 0.000000e+00 0.000000e+00 0.000000e+00 0.000000e+00 0.000000e+00 0.000000e+00 0.000000e+00
2.033000e+00 0.000000e+00 -5.430744e+03 -6.953442e+03 0.000000e+00 0.000000e+00 0.000000e+00 -6.670406e+01 -4.377891e+01 1.756917e+03 2.546771e+01 0.000000e+00 0.000000e+00 0.000000e+00 0.000000e+00 0.000000e+00 0.000000e+00 0.000000e+00 0.000000e+00 0.000000e+00
2.034000e+00 0.000000e+00 -5.435684e+03 -6.962991e+03 0.000000e+00 0.000000e+00 0.000000e+00 -6.735782e+01 -4.445468e+01 1.758118e+03 2.713753e+01 0.000000e+00 0.000000e+00 0.000000e+00 0.000000e+00 0.000000e+00 0.000000e+00 0.000000e+00 0.000000e+00 0.000000e+00
2.035000e+00 0.000000e+00 -5.440728e+03 -6.972708e+03 0.000000e+00 0.000000e+00 0.000000e+00 -6.802055e+01 -4.513949e+01 1.759324e+03 2.882537e+01 0.000000e+00 0.000000e+00 0.000000e+00 0.000000e+00 0.000000e+00 0.000000e+00 0.000000e+00 0.000000e+00 0.000000e+00
2.036000e+00 0.000000e+00 -5.445877e+03 -6.982590e+03 0.000000e+00 0.000000e+00 0.000000e+00 -6.869215e+01 -4.583322e+01 1.760536e+03 3.053105e+01 0.000000e+00 0.000000e+00 0.000000e+00 0.000000e+00 0.000000e+00 0.000000e+00 0.000000e+00 0.000000e+00 0.000000e+00
2.037000e+00 0.000000e+00 -5.451129e+03 -6.992637e+03 0.000000e+00 0.000000e+00 0.000000e+00 -6.937252e+01 -4.653580e+01 1.761752e+03 3.225441e+01 0.000000e+00 0.000000e+00 0.000000e+00 0.000000e+00 0.000000e+00 0.000000e+00 0.000000e+00 0.000000e+00 0.000000e+00
2.038000e+00 0.000000e+00 -5.456487e+03 -7.002844e+03 0.000000e+00 0.000000e+00 0.000000e+00 -7.006157e+01 -4.724712e+01 1.762975e+03 3.399530e+01 0.000000e+00 0.000000e+00 0.000000e+00 0.000000e+00 0.000000e+00 0.000000e+00 0.000000e+00 0.000000e+00 0.000000e+00
2.039000e+00 0.000000e+00 -5.461949e+03 -7.013210e+03 0.000000e+00 0.000000e+00 0.000000e+00 -7.075923e+01 -4.796711e+01 1.764202e+03 3.575358e+01 0.000000e+00 0.000000e+00 0.000000e+00 0.000000e+00 0.000000e+00 0.000000e+00 0.000000e+00 0.000000e+00 0.000000e+00
2.040000e+00 0.000000e+00 -5.467516e+03 -7.023732e+03 0.000000e+00 0.000000e+00 0.000000e+00 -7.146540e+01 -4.869566e+01 1.765436e+03 3.752907e+01 0.000000e+00 0.000000e+00 0.000000e+00 0.000000e+00 0.000000e+00 0.000000e+00 0.000000e+00 0.000000e+00 0.000000e+00
2.041000e+00 0.000000e+00 -5.473188e+03 -7.034408e+03 0.000000e+00 0.000000e+00 0.000000e+00 -7.217998e+01 -4.943270e+01 1.766674e+03 3.932161e+01 0.000000e+00 0.000000e+00 0.000000e+00 0.000000e+00 0.000000e+00 0.000000e+00 0.000000e+00 0.000000e+00 0.000000e+00
2.042000e+00 0.000000e+00 -5.478966e+03 -7.045235e+03 0.000000e+00 0.000000e+00 0.000000e+00 -7.290288e+01 -5.017811e+01 1.767919e+03 4.113104e+01 0.000000e+00 0.000000e+00 0.000000e+00 0.000000e+00 0.000000e+00 0.000000e+00 0.000000e+00 0.000000e+00 0.000000e+00
2.043000e+00 0.000000e+00 -5.484849e+03 -7.056210e+03 0.000000e+00 0.000000e+00 0.000000e+00 -7.363400e+01 -5.093179e+01 1.769169e+03 4.295717e+01 0.000000e+00 0.000000e+00 0.000000e+00 0.000000e+00 0.000000e+00 0.000000e+00 0.000000e+00 0.000000e+00 0.000000e+00
2.044000e+00 0.000000e+00 -5.490836e+03 -7.067330e+03 0.000000e+00 0.000000e+00 0.000000e+00 -7.437322e+01 -5.169365e+01 1.770425e+03 4.479983e+01 0.000000e+00 0.000000e+00 0.000000e+00 0.000000e+00 0.000000e+00 0.000000e+00 0.000000e+00 0.000000e+00 0.000000e+00
2.045000e+00 0.000000e+00 -5.496929e+03 -7.078593e+03 0.000000e+00 0.000000e+00 0.000000e+00 -7.512045e+01 -5.246357e+01 1.771686e+03 4.665883e+01 0.000000e+00 0.000000e+00 0.000000e+00 0.000000e+00 0.000000e+00 0.000000e+00 0.000000e+00 0.000000e+00 0.000000e+00
2.046000e+00 0.000000e+00 -5.503127e+03 -7.089994e+03 0.000000e+00 0.000000e+00 0.000000e+00 -7.587557e+01 -5.324145e+01 1.772953e+03 4.853398e+01 0.000000e+00 0.000000e+00 0.000000e+00 0.000000e+00 0.000000e+00 0.000000e+00 0.000000e+00 0.000000e+00 0.000000e+00
2.047000e+00 0.000000e+00 -5.509429e+03 -7.101531e+03 0.000000e+00 0.000000e+00 0.000000e+00 -7.663847e+01 -5.402717e+01 1.774226e+03 5.042509e+01 0.000000e+00 0.000000e+00 0.000000e+00 0.000000e+00 0.000000e+00 0.000000e+00 0.000000e+00 0.000000e+00 0.000000e+00
2.048000e+00 0.000000e+00 -5.515836e+03 -7.113201e+03 0.000000e+00 0.000000e+00 0.000000e+00 -7.740904e+01 -5.482061e+01 1.775504e+03 5.233196e+01 0.000000e+00 0.000000e+00 0.000000e+00 0.000000e+00 0.000000e+00 0.000000e+00 0.000000e+00 0.000000e+00 0.000000e+00
2.049000e+00 0.000000e+00 -5.522346e+03 -7.125001e+03 0.000000e+00 0.000000e+00 0.000000e+00 -7.818715e+01 -5.562167e+01 1.776788e+03 5.425438e+01 0.000000e+00 0.000000e+00 0.000000e+00 0.000000e+00 0.000000e+00 0.000000e+00 0.000000e+00 0.000000e+00 0.000000e+00
2.050000e+00 0.000000e+00 -5.528960e+03 -7.136926e+03 0.000000e+00 0.000000e+00 0.000000e+00 -7.897269e+01 -5.643021e+01 1.778078e+03 5.619216e+01 0.000000e+00 0.000000e+00 0.000000e+00 0.000000e+00 0.000000e+00 0.000000e+00 0.000000e+00 0.000000e+00 0.000000e+00
2.051000e+00 0.000000e+00 -5.535677e+03 -7.148974e+03 0.000000e+00 0.000000e+00 0.000000e+00 -7.976553e+01 -5.724612e+01 1.779373e+03 5.814508e+01 0.000000e+00 0.000000e+00 0.000000e+00 0.000000e+00 0.000000e+00 0.000000e+00 0.000000e+00 0.000000e+00 0.000000e+00
2.052000e+00 0.000000e+00 -5.542496e+03 -7.161141e+03 0.000000e+00 0.000000e+00 0.000000e+00 -8.056555e+01 -5.806927e+01 1.780675e+03 6.011292e+01 0.000000e+00 0.000000e+00 0.000000e+00 0.000000e+00 0.000000e+00 0.000000e+00 0.000000e+00 0.000000e+00 0.000000e+00
2.053000e+00 0.000000e+00 -5.549417e+03 -7.173423e+03 0.000000e+00 0.000000e+00 0.000000e+00 -8.137261e+01 -5.889953e+01 1.781981e+03 6.209547e+01 0.000000e+00 0.000000e+00 0.000000e+00 0.000000e+00 0.000000e+00 0.000000e+00 0.000000e+00 0.000000e+00 0.000000e+00
2.054000e+00 0.000000e+00 -5.556440e+03 -7.185816e+03 0.000000e+00 0.000000e+00 0.000000e+00 -8.218659e+01 -5.973677e+01 1.783294e+03 6.409250e+01 0.000000e+00 0.000000e+00 0.000000e+00 0.000000e+00 0.000000e+00 0.000000e+00 0.000000e+00 0.000000e+00 0.000000e+00
2.055000e+00 0.000000e+00 -5.563563e+03 -7.198317e+03 0.000000e+00 0.000000e+00 0.000000e+00 -8.300736e+01 -6.058087e+01 1.784612e+03 6.610378e+01 0.000000e+00 0.000000e+00 0.000000e+00 0.000000e+00 0.000000e+00 0.000000e+00 0.000000e+00 0.000000e+00 0.000000e+00
2.056000e+00 0.000000e+00 -5.570785e+03 -7.210922e+03 0.000000e+00 0.000000e+00 0.000000e+00 -8.383477e+01 -6.143169e+01 1.785935e+03 6.812909e+01 0.000000e+00 0.000000e+00 0.000000e+00 0.000000e+00 0.000000e+00 0.000000e+00 0.000000e+00 0.000000e+00 0.000000e+00
2.057000e+00 0.000000e+00 -5.578107e+03 -7.223627e+03 0.000000e+00 0.000000e+00 0.000000e+00 -8.466871e+01 -6.228910e+01 1.787264e+03 7.016821e+01 0.000000e+00 0.000000e+00 0.000000e+00 0.000000e+00 0.000000e+00 0.000000e+00 0.000000e+00 0.000000e+00 0.000000e+00
2.058000e+00 0.000000e+00 -5.585526e+03 -7.236428e+03 0.000000e+00 0.000000e+00 0.000000e+00 -8.550906e+01 -6.315299e+01 1.788599e+03 7.222092e+01 0.000000e+00 0.000000e+00 0.000000e+00 0.000000e+00 0.000000e+00 0.000000e+00 0.000000e+00 0.000000e+00 0.000000e+00
2.059000e+00 0.000000e+00 -5.593043e+03 -7.249321e+03 0.000000e+00 0.000000e+00 0.000000e+00 -8.635569e+01 -6.402323e+01 1.789939e+03 7.428699e+01 0.000000e+00 0.000000e+00 0.000000e+00 0.000000e+00 0.000000e+00 0.000000e+00 0.000000e+00 0.000000e+00 0.000000e+00
2.060000e+00 0.000000e+00 -5.600656e+03 -7.262303e+03 0.000000e+00 0.000000e+00 0.000000e+00 -8.720847e+01 -6.489970e+01 1.791284e+03 7.636619e+01 0.000000e+00 0.000000e+00 0.000000e+00 0.000000e+00 0.000000e+00 0.000000e+00 0.000000e+00 0.000000e+00 0.000000e+00
2.061000e+00 0.000000e+00 -5.608364e+03 -7.275369e+03 0.000000e+00 0.000000e+00 0.000000e+00 -8.806729e+01 -6.578226e+01 1.792634e+03 7.845830e+01 0.000000e+00 0.000000e+00 0.000000e+00 0.000000e+00 0.000000e+00 0.000000e+00 0.000000e+00 0.000000e+00 0.000000e+00
2.062000e+00 0.000000e+00 -5.616166e+03 -7.288514e+03 0.000000e+00 0.000000e+00 0.000000e+00 -8.893200e+01 -6.667079e+01 1.793990e+03 8.056307e+01 0.000000e+00 0.000000e+00 0.000000e+00 0.000000e+00 0.000000e+00 0.000000e+00 0.000000e+00 0.000000e+00 0.000000e+00
2.063000e+00 0.000000e+00 -5.624061e+03 -7.301735e+03 0.000000e+00 0.000000e+00 0.000000e+00 -8.980247e+01 -6.756516e+01 1.795350e+03 8.268027e+01 0.000000e+00 0.000000e+00 0.000000e+00 0.000000e+00 0.000000e+00 0.000000e+00 0.000000e+00 0.000000e+00 0.000000e+00
2.064000e+00 0.000000e+00 -5.632047e+03 -7.315028e+03 0.000000e+00 0.000000e+00 0.000000e+00 -9.067858e+01 -6.846523e+01 1.796716e+03 8.480965e+01 0.000000e+00 0.000000e+00 0.000000e+00 0.000000e+00 0.000000e+00 0.000000e+00 0.000000e+00 0.000000e+00 0.000000e+00
2.065000e+00 0.000000e+00 -5.640124e+03 -7.328388e+03 0.000000e+00 0.000000e+00 0.000000e+00 -9.156017e+01 -6.937086e+01 1.798086e+03 8.695096e+01 0.000000e+00 0.000000e+00 0.000000e+00 0.000000e+00 0.000000e+00 0.000000e+00 0.000000e+00 0.000000e+00 0.000000e+00
2.066000e+00 0.000000e+00 -5.648290e+03 -7.341811e+03 0.000000e+00 0.000000e+00 0.000000e+00 -9.244711e+01 -7.028191e+01 1.799461e+03 8.910396e+01 0.000000e+00 0.000000e+00 0.000000e+00 0.000000e+00 0.000000e+00 0.000000e+00 0.000000e+00 0.000000e+00 0.000000e+00
2.067000e+00 0.000000e+00 -5.656543e+03 -7.355293e+03 0.000000e+00 0.000000e+00 0.000000e+00 -9.333927e+01 -7.119826e+01 1.800841e+03 9.126839e+01 0.000000e+00 0.000000e+00 0.000000e+00 0.000000e+00 0.000000e+00 0.000000e+00 0.000000e+00 0.000000e+00 0.000000e+00
2.068000e+00 0.000000e+00 -5.664882e+03 -7.368828e+03 0.000000e+00 0.000000e+00 0.000000e+00 -9.423650e+01 -7.211974e+01 1.802226e+03 9.344399e+01 0.000000e+00 0.000000e+00 0.000000e+00 0.000000e+00 0.000000e+00 0.000000e+00 0.000000e+00 0.000000e+00 0.000000e+00
2.069000e+00 0.000000e+00 -5.673306e+03 -7.382413e+03 0.000000e+00 0.000000e+00 0.000000e+00 -9.513866e+01 -7.304624e+01 1.803615e+03 9.563050e+01 0.000000e+00 0.000000e+00 0.000000e+00 0.000000e+00 0.000000e+00 0.000000e+00 0.000000e+00 0.000000e+00 0.000000e+00
2.070000e+00 0.000000e+00 -5.681813e+03 -7.396043e+03 0.000000e+00 0.000000e+00 0.000000e+00 -9.604559e+01 -7.397759e+01 1.805008e+03 9.782767e+01 0.000000e+00 0.000000e+00 0.000000e+00 0.000000e+00 0.000000e+00 0.000000e+00 0.000000e+00 0.000000e+00 0.000000e+00
2.071000e+00 0.000000e+00 -5.690401e+03 -7.409713e+03 0.000000e+00 0.000000e+00 0.000000e+00 -9.695716e+01 -7.491365e+01 1.806405e+03 1.000352e+02 0.000000e+00 0.000000e+00 0.000000e+00 0.000000e+00 0.000000e+00 0.000000e+00 0.000000e+00 0.000000e+00 0.000000e+00
2.072000e+00 0.000000e+00 -5.699069e+03 -7.423419e+03 0.000000e+00 0.000000e+00 0.000000e+00 -9.787322e+01 -7.585428e+01 1.807806e+03 1.022529e+02 0.000000e+00 0.000000e+00 0.000000e+00 0.000000e+00 0.000000e+00 0.000000e+00 0.000000e+00 0.000000e+00 0.000000e+00
2.073000e+00 0.000000e+00 -5.707814e+03 -7.437156e+03 0.000000e+00 0.000000e+00 0.000000e+00 -9.879362e+01 -7.679933e+01 1.809211e+03 1.044804e+02 0.000000e+00 0.000000e+00 0.000000e+00 0.000000e+00 0.000000e+00 0.000000e+00 0.000000e+00 0.000000e+00 0.000000e+00
2.074000e+00 0.000000e+00 -5.716635e+03 -7.450919e+03 0.000000e+00 0.000000e+00 0.000000e+00 -9.971821e+01 -7.774865e+01 1.810620e+03 1.067175e+02 0.000000e+00 0.000000e+00 0.000000e+00 0.000000e+00 0.000000e+00 0.000000e+00 0.000000e+00 0.000000e+00 0.000000e+00
2.075000e+00 0.000000e+00 -5.725531e+03 -7.464704e+03 0.000000e+00 0.000000e+00 0.000000e+00 -1.006468e+02 -7.870209e+01 1.812033e+03 1.089638e+02 0.000000e+00 0.000000e+00 0.000000e+00 0.000000e+00 0.000000e+00 0.000000e+00 0.000000e+00 0.000000e+00 0.000000e+00
2.076000e+00 0.000000e+00 -5.734498e+03 -7.478507e+03 0.000000e+00 0.000000e+00 0.000000e+00 -1.015794e+02 -7.965950e+01 1.813448e+03 1.112192e+02 0.000000e+00 0.000000e+00 0.000000e+00 0.000000e+00 0.000000e+00 0.000000e+00 0.000000e+00 0.000000e+00 0.000000e+00
2.077000e+00 0.000000e+00 -5.743536e+03 -7.492321e+03 0.000000e+00 0.000000e+00 0.000000e+00 -1.025156e+02 -8.062076e+01 1.814867e+03 1.134834e+02 0.000000e+00 0.000000e+00 0.000000e+00 0.000000e+00 0.000000e+00 0.000000e+00 0.000000e+00 0.000000e+00 0.000000e+00
2.078000e+00 0.000000e+00 -5.752642e+03 -7.506143e+03 0.000000e+00 0.000000e+00 0.000000e+00 -1.034555e+02 -8.158571e+01 1.816289e+03 1.157560e+02 0.000000e+00 0.000000e+00 0.000000e+00 0.000000e+00 0.000000e+00 0.000000e+00 0.000000e+00 0.000000e+00 0.000000e+00
2.079000e+00 0.000000e+00 -5.761813e+03 -7.519968e+03 0.000000e+00 0.000000e+00 0.000000e+00 -1.043989e+02 -8.255422e+01 1.817714e+03 1.180369e+02 0.000000e+00 0.000000e+00 0.000000e+00 0.000000e+00 0.000000e+00 0.000000e+00 0.000000e+00 0.000000e+00 0.000000e+00
2.080000e+00 0.000000e+00 -5.771049e+03 -7.533792e+03 0.000000e+00 0.000000e+00 0.000000e+00 -1.053456e+02 -8.352614e+01 1.819141e+03 1.203257e+02 0.000000e+00 0.000000e+00 0.000000e+00 0.000000e+00 0.000000e+00 0.000000e+00 0.000000e+00 0.000000e+00 0.000000e+00
2.081000e+00 0.000000e+00 -5.780346e+03 -7.547608e+03 0.000000e+00 0.000000e+00 0.000000e+00 -1.062954e+02 -8.450132e+01 1.820571e+03 1.226221e+02 0.000000e+00 0.000000e+00 0.000000e+00 0.000000e+00 0.000000e+00 0.000000e+00 0.000000e+00 0.000000e+00 0.000000e+00
2.082000e+00 0.000000e+00 -5.789703e+03 -7.561414e+03 0.000000e+00 0.000000e+00 0.000000e+00 -1.072483e+02 -8.547961e+01 1.822003e+03 1.249259e+02 0.000000e+00 0.000000e+00 0.000000e+00 0.000000e+00 0.000000e+00 0.000000e+00 0.000000e+00 0.000000e+00 0.000000e+00
2.083000e+00 0.000000e+00 -5.799117e+03 -7.575203e+03 0.000000e+00 0.000000e+00 0.000000e+00 -1.082041e+02 -8.646087e+01 1.823437e+03 1.272367e+02 0.000000e+00 0.000000e+00 0.000000e+00 0.000000e+00 0.000000e+00 0.000000e+00 0.000000e+00 0.000000e+00 0.000000e+00
2.084000e+00 0.000000e+00 -5.808585e+03 -7.588971e+03 0.000000e+00 0.000000e+00 0.000000e+00 -1.091626e+02 -8.744495e+01 1.824873e+03 1.295544e+02 0.000000e+00 0.000000e+00 0.000000e+00 0.000000e+00 0.000000e+00 0.000000e+00 0.000000e+00 0.000000e+00 0.000000e+00
2.085000e+00 0.000000e+00 -5.818106e+03 -7.602713e+03 0.000000e+00 0.000000e+00 0.000000e+00 -1.101237e+02 -8.843171e+01 1.826310e+03 1.318785e+02 0.000000e+00 0.000000e+00 0.000000e+00 0.000000e+00 0.000000e+00 0.000000e+00 0.000000e+00 0.000000e+00 0.000000e+00
2.086000e+00 0.000000e+00 -5.827677e+03 -7.616424e+03 0.000000e+00 0.000000e+00 0.000000e+00 -1.110872e+02 -8.942098e+01 1.827748e+03 1.342089e+02 0.000000e+00 0.000000e+00 0.000000e+00 0.000000e+00 0.000000e+00 0.000000e+00 0.000000e+00 0.000000e+00 0.000000e+00
2.087000e+00 0.000000e+00 -5.837295e+03 -7.630100e+03 0.000000e+00 0.000000e+00 0.000000e+00 -1.120530e+02 -9.041262e+01 1.829188e+03 1.365451e+02 0.000000e+00 0.000000e+00 0.000000e+00 0.000000e+00 0.000000e+00 0.000000e+00 0.000000e+00 0.000000e+00 0.000000e+00
2.088000e+00 0.000000e+00 -5.846958e+03 -7.643736e+03 0.000000e+00 0.000000e+00 0.000000e+00 -1.130209e+02 -9.140649e+01 1.830628e+03 1.388870e+02 0.000000e+00 0.000000e+00 0.000000e+00 0.000000e+00 0.000000e+00 0.000000e+00 0.000000e+00 0.000000e+00 0.000000e+00
2.089000e+00 0.000000e+00 -5.856663e+03 -7.657327e+03 0.000000e+00 0.000000e+00 0.000000e+00 -1.139908e+02 -9.240242e+01 1.832069e+03 1.412342e+02 0.000000e+00 0.000000e+00 0.000000e+00 0.000000e+00 0.000000e+00 0.000000e+00 0.000000e+00 0.000000e+00 0.000000e+00
2.090000e+00 0.000000e+00 -5.866408e+03 -7.670867e+03 0.000000e+00 0.000000e+00 0.000000e+00 -1.149626e+02 -9.340027e+01 1.833510e+03 1.435865e+02 0.000000e+00 0.000000e+00 0.000000e+00 0.000000e+00 0.000000e+00 0.000000e+00 0.000000e+00 0.000000e+00 0.000000e+00
2.091000e+00 0.000000e+00 -5.876189e+03 -7.684353e+03 0.000000e+00 0.000000e+00 0.000000e+00 -1.159360e+02 -9.439989e+01 1.834951e+03 1.459434e+02 0.000000e+00 0.000000e+00 0.000000e+00 0.000000e+00 0.000000e+00 0.000000e+00 0.000000e+00 0.000000e+00 0.000000e+00
2.092000e+00 0.000000e+00 -5.886005e+03 -7.697779e+03 0.000000e+00 0.000000e+00 0.000000e+00 -1.169109e+02 -9.540111e+01 1.836391e+03 1.483048e+02 0.000000e+00 0.000000e+00 0.000000e+00 0.000000e+00 0.000000e+00 0.000000e+00 0.000000e+00 0.000000e+00 0.000000e+00
2.093000e+00 0.000000e+00 -5.895852e+03 -7.711141e+03 0.000000e+00 0.000000e+00 0.000000e+00 -1.178872e+02 -9.640380e+01 1.837831e+03 1.506702e+02 0.000000e+00 0.000000e+00 0.000000e+00 0.000000e+00 0.000000e+00 0.000000e+00 0.000000e+00 0.000000e+00 0.000000e+00
2.094000e+00 0.000000e+00 -5.905727e+03 -7.724433e+03 0.000000e+00 0.000000e+00 0.000000e+00 -1.188647e+02 -9.740779e+01 1.839271e+03 1.530395e+02 0.000000e+00 0.000000e+00 0.000000e+00 0.000000e+00 0.000000e+00 0.000000e+00 0.000000e+00 0.000000e+00 0.000000e+00
2.095000e+00 0.000000e+00 -5.915628e+03 -7.737652e+03 0.000000e+00 0.000000e+00 0.000000e+00 -1.198433e+02 -9.841294e+01 1.840709e+03 1.554122e+02 0.000000e+00 0.000000e+00 0.000000e+00 0.000000e+00 0.000000e+00 0.000000e+00 0.000000e+00 0.000000e+00 0.000000e+00
2.096000e+00 0.000000e+00 -5.925551e+03 -7.750792e+03 0.000000e+00 0.000000e+00 0.000000e+00 -1.208228e+02 -9.941910e+01 1.842145e+03 1.577882e+02 0.000000e+00 0.000000e+00 0.000000e+00 0.000000e+00 0.000000e+00 0.000000e+00 0.000000e+00 0.000000e+00 0.000000e+00
2.097000e+00 0.000000e+00 -5.935494e+03 -7.763849e+03 0.000000e+00 0.000000e+00 0.000000e+00 -1.218031e+02 -1.004261e+02 1.843580e+03 1.601670e+02 0.000000e+00 0.000000e+00 0.000000e+00 0.000000e+00 0.000000e+00 0.000000e+00 0.000000e+00 0.000000e+00 0.000000e+00
2.098000e+00 0.000000e+00 -5.945454e+03 -7.776818e+03 0.000000e+00 0.000000e+00 0.000000e+00 -1.227840e+02 -1.014339e+02 1.845013e+03 1.625485e+02 0.000000e+00 0.000000e+00 0.000000e+00 0.000000e+00 0.000000e+00 0.000000e+00 0.000000e+00 0.000000e+00 0.000000e+00
2.099000e+00 0.000000e+00 -5.955428e+03 -7.789694e+03 0.000000e+00 0.000000e+00 0.000000e+00 -1.237654e+02 -1.024422e+02 1.846444e+03 1.649322e+02 0.000000e+00 0.000000e+00 0.000000e+00 0.000000e+00 0.000000e+00 0.000000e+00 0.000000e+00 0.000000e+00 0.000000e+00
2.100000e+00 0.000000e+00 -5.965412e+03 -7.802473e+03 0.000000e+00 0.000000e+00 0.000000e+00 -1.247470e+02 -1.034509e+02 1.847871e+03 1.673179e+02 0.000000e+00 0.000000e+00 0.000000e+00 0.000000e+00 0.000000e+00 0.000000e+00 0.000000e+00 0.000000e+00 0.000000e+00
2.101000e+00 0.000000e+00 -5.975404e+03 -7.815150e+03 0.000000e+00 0.000000e+00 0.000000e+00 -1.257289e+02 -1.044599e+02 1.849296e+03 1.697052e+02 0.000000e+00 0.000000e+00 0.000000e+00 0.000000e+00 0.000000e+00 0.000000e+00 0.000000e+00 0.000000e+00 0.000000e+00
2.102000e+00 0.000000e+00 -5.985400e+03 -7.827721e+03 0.000000e+00 0.000000e+00 0.000000e+00 -1.267108e+02 -1.054690e+02 1.850717e+03 1.720939e+02 0.000000e+00 0.000000e+00 0.000000e+00 0.000000e+00 0.000000e+00 0.000000e+00 0.000000e+00 0.000000e+00 0.000000e+00
2.103000e+00 0.000000e+00 -5.995398e+03 -7.840180e+03 0.000000e+00 0.000000e+00 0.000000e+00 -1.276926e+02 -1.064781e+02 1.852135e+03 1.744836e+02 0.000000e+00 0.000000e+00 0.000000e+00 0.000000e+00 0.000000e+00 0.000000e+00 0.000000e+00 0.000000e+00 0.000000e+00
2.104000e+00 0.000000e+00 -6.005393e+03 -7.852525e+03 0.000000e+00 0.000000e+00 0.000000e+00 -1.286741e+02 -1.074870e+02 1.853548e+03 1.768740e+02 0.000000e+00 0.000000e+00 0.000000e+00 0.000000e+00 0.000000e+00 0.000000e+00 0.000000e+00 0.000000e+00 0.000000e+00
2.105000e+00 0.000000e+00 -6.015384e+03 -7.864749e+03 0.000000e+00 0.000000e+00 0.000000e+00 -1.296552e+02 -1.084956e+02 1.854957e+03 1.792648e+02 0.000000e+00 0.000000e+00 0.000000e+00 0.000000e+00 0.000000e+00 0.000000e+00 0.000000e+00 0.000000e+00 0.000000e+00
2.106000e+00 0.000000e+00 -6.025366e+03 -7.876849e+03 0.000000e+00 0.000000e+00 0.000000e+00 -1.306357e+02 -1.095036e+02 1.856362e+03 1.816557e+02 0.000000e+00 0.000000e+00 0.000000e+00 0.000000e+00 0.000000e+00 0.000000e+00 0.000000e+00 0.000000e+00 0.000000e+00
2.107000e+00 0.000000e+00 -6.035337e+03 -7.888821e+03 0.000000e+00 0.000000e+00 0.000000e+00 -1.316155e+02 -1.105111e+02 1.857761e+03 1.840463e+02 0.000000e+00 0.000000e+00 0.000000e+00 0.000000e+00 0.000000e+00 0.000000e+00 0.000000e+00 0.000000e+00 0.000000e+00
2.108000e+00 0.000000e+00 -6.045293e+03 -7.900660e+03 0.000000e+00 0.000000e+00 0.000000e+00 -1.325944e+02 -1.115178e+02 1.859155e+03 1.864364e+02 0.000000e+00 0.000000e+00 0.000000e+00 0.000000e+00 0.000000e+00 0.000000e+00 0.000000e+00 0.000000e+00 0.000000e+00
2.109000e+00 0.000000e+00 -6.055231e+03 -7.912361e+03 0.000000e+00 0.000000e+00 0.000000e+00 -1.335724e+02 -1.125236e+02 1.860543e+03 1.888256e+02 0.000000e+00 0.000000e+00 0.000000e+00 0.000000e+00 0.000000e+00 0.000000e+00 0.000000e+00 0.000000e+00 0.000000e+00
2.110000e+00 0.000000e+00 -6.065147e+03 -7.923921e+03 0.000000e+00 0.000000e+00 0.000000e+00 -1.345491e+02 -1.135283e+02 1.861924e+03 1.912136e+02 0.000000e+00 0.000000e+00 0.000000e+00 0.000000e+00 0.000000e+00 0.000000e+00 0.000000e+00 0.000000e+00 0.000000e+00
2.111000e+00 0.000000e+00 -6.075039e+03 -7.935335e+03 0.000000e+00 0.000000e+00 0.000000e+00 -1.355246e+02 -1.145318e+02 1.863300e+03 1.936001e+02 0.000000e+00 0.000000e+00 0.000000e+00 0.000000e+00 0.000000e+00 0.000000e+00 0.000000e+00 0.000000e+00 0.000000e+00
2.112000e+00 0.000000e+00 -6.084902e+03 -7.946599e+03 0.000000e+00 0.000000e+00 0.000000e+00 -1.364986e+02 -1.155339e+02 1.864668e+03 1.959848e+02 0.000000e+00 0.000000e+00 0.000000e+00 0.000000e+00 0.000000e+00 0.000000e+00 0.000000e+00 0.000000e+00 0.000000e+00
2.113000e+00 0.000000e+00 -6.094733e+03 -7.957709e+03 0.000000e+00 0.000000e+00 0.000000e+00 -1.374710e+02 -1.165345e+02 1.866029e+03 1.983673e+02 0.000000e+00 0.000000e+00 0.000000e+00 0.000000e+00 0.000000e+00 0.000000e+00 0.000000e+00 0.000000e+00 0.000000e+00
2.114000e+00 0.000000e+00 -6.104530e+03 -7.968662e+03 0.000000e+00 0.000000e+00 0.000000e+00 -1.384417e+02 -1.175335e+02 1.867382e+03 2.007473e+02 0.000000e+00 0.000000e+00 0.000000e+00 0.000000e+00 0.000000e+00 0.000000e+00 0.000000e+00 0.000000e+00 0.000000e+00
2.115000e+00 0.000000e+00 -6.114288e+03 -7.979452e+03 0.000000e+00 0.000000e+00 0.000000e+00 -1.394105e+02 -1.185306e+02 1.868727e+03 2.031245e+02 0.000000e+00 0.000000e+00 0.000000e+00 0.000000e+00 0.000000e+00 0.000000e+00 0.000000e+00 0.000000e+00 0.000000e+00
2.116000e+00 0.000000e+00 -6.124005e+03 -7.990077e+03 0.000000e+00 0.000000e+00 0.000000e+00 -1.403773e+02 -1.195259e+02 1.870063e+03 2.054986e+02 0.000000e+00 0.000000e+00 0.000000e+00 0.000000e+00 0.000000e+00 0.000000e+00 0.000000e+00 0.000000e+00 0.000000e+00
2.117000e+00 0.000000e+00 -6.133676e+03 -8.000532e+03 0.000000e+00 0.000000e+00 0.000000e+00 -1.413419e+02 -1.205190e+02 1.871391e+03 2.078693e+02 0.000000e+00 0.000000e+00 0.000000e+00 0.000000e+00 0.000000e+00 0.000000e+00 0.000000e+00 0.000000e+00 0.000000e+00
2.118000e+00 0.000000e+00 -6.143299e+03 -8.010813e+03 0.000000e+00 0.000000e+00 0.000000e+00 -1.423042e+02 -1.215099e+02 1.872709e+03 2.102362e+02 0.000000e+00 0.000000e+00 0.000000e+00 0.000000e+00 0.000000e+00 0.000000e+00 0.000000e+00 0.000000e+00 0.000000e+00
2.119000e+00 0.000000e+00 -6.152869e+03 -8.020918e+03 0.000000e+00 0.000000e+00 0.000000e+00 -1.432640e+02 -1.224985e+02 1.874017e+03 2.125990e+02 0.000000e+00 0.000000e+00 0.000000e+00 0.000000e+00 0.000000e+00 0.000000e+00 0.000000e+00 0.000000e+00 0.000000e+00
2.120000e+00 0.000000e+00 -6.162384e+03 -8.030841e+03 0.000000e+00 0.000000e+00 0.000000e+00 -1.442213e+02 -1.234845e+02 1.875316e+03 2.149573e+02 0.000000e+00 0.000000e+00 0.000000e+00 0.000000e+00 0.000000e+00 0.000000e+00 0.000000e+00 0.000000e+00 0.000000e+00
2.121000e+00 0.000000e+00 -6.171840e+03 -8.040580e+03 0.000000e+00 0.000000e+00 0.000000e+00 -1.451758e+02 -1.244679e+02 1.876603e+03 2.173109e+02 0.000000e+00 0.000000e+00 0.000000e+00 0.000000e+00 0.000000e+00 0.000000e+00 0.000000e+00 0.000000e+00 0.000000e+00
2.122000e+00 0.000000e+00 -6.181233e+03 -8.050131e+03 0.000000e+00 0.000000e+00 0.000000e+00 -1.461274e+02 -1.254484e+02 1.877880e+03 2.196595e+02 0.000000e+00 0.000000e+00 0.000000e+00 0.000000e+00 0.000000e+00 0.000000e+00 0.000000e+00 0.000000e+00 0.000000e+00
2.123000e+00 0.000000e+00 -6.190560e+03 -8.059490e+03 0.000000e+00 0.000000e+00 0.000000e+00 -1.470760e+02 -1.264261e+02 1.879146e+03 2.220026e+02 0.000000e+00 0.000000e+00 0.000000e+00 0.000000e+00 0.000000e+00 0.000000e+00 0.000000e+00 0.000000e+00 0.000000e+00
2.124000e+00 0.000000e+00 -6.199818e+03 -8.068654e+03 0.000000e+00 0.000000e+00 0.000000e+00 -1.480214e+02 -1.274006e+02 1.880400e+03 2.243400e+02 0.000000e+00 0.000000e+00 0.000000e+00 0.000000e+00 0.000000e+00 0.000000e+00 0.000000e+00 0.000000e+00 0.000000e+00
2.125000e+00 0.000000e+00 -6.209003e+03 -8.077620e+03 0.000000e+00 0.000000e+00 0.000000e+00 -1.489635e+02 -1.283718e+02 1.881641e+03 2.266713e+02 0.000000e+00 0.000000e+00 0.000000e+00 0.000000e+00 0.000000e+00 0.000000e+00 0.000000e+00 0.000000e+00 0.000000e+00
2.126000e+00 0.000000e+00 -6.218111e+03 -8.086385e+03 0.000000e+00 0.000000e+00 0.000000e+00 -1.499022e+02 -1.293398e+02 1.882870e+03 2.289962e+02 0.000000e+00 0.000000e+00 0.000000e+00 0.000000e+00 0.000000e+00 0.000000e+00 0.000000e+00 0.000000e+00 0.000000e+00
2.127000e+00 0.000000e+00 -6.227140e+03 -8.094945e+03 0.000000e+00 0.000000e+00 0.000000e+00 -1.508373e+02 -1.303041e+02 1.884086e+03 2.313144e+02 0.000000e+00 0.000000e+00 0.000000e+00 0.000000e+00 0.000000e+00 0.000000e+00 0.000000e+00 0.000000e+00 0.000000e+00
2.128000e+00 0.000000e+00 -6.236085e+03 -8.103297e+03 0.000000e+00 0.000000e+00 0.000000e+00 -1.517686e+02 -1.312649e+02 1.885289e+03 2.336256e+02 0.000000e+00 0.000000e+00 0.000000e+00 0.000000e+00 0.000000e+00 0.000000e+00 0.000000e+00 0.000000e+00 0.000000e+00
2.129000e+00 0.000000e+00 -6.244944e+03 -8.111438e+03 0.000000e+00 0.000000e+00 0.000000e+00 -1.526961e+02 -1.322218e+02 1.886478e+03 2.359293e+02 0.000000e+00 0.000000e+00 0.000000e+00 0.000000e+00 0.000000e+00 0.000000e+00 0.000000e+00 0.000000e+00 0.000000e+00
2.130000e+00 0.000000e+00 -6.253713e+03 -8.119365e+03 0.000000e+00 0.000000e+00 0.000000e+00 -1.536196e+02 -1.331749e+02 1.887652e+03 2.382254e+02 0.000000e+00 0.000000e+00 0.000000e+00 0.000000e+00 0.000000e+00 0.000000e+00 0.000000e+00 0.000000e+00 0.000000e+00
2.131000e+00 0.000000e+00 -6.262388e+03 -8.127076e+03 0.000000e+00 0.000000e+00 0.000000e+00 -1.545390e+02 -1.341239e+02 1.888812e+03 2.405135e+02 0.000000e+00 0.000000e+00 0.000000e+00 0.000000e+00 0.000000e+00 0.000000e+00 0.000000e+00 0.000000e+00 0.000000e+00
2.132000e+00 0.000000e+00 -6.270967e+03 -8.134567e+03 0.000000e+00 0.000000e+00 0.000000e+00 -1.554542e+02 -1.350686e+02 1.889957e+03 2.427932e+02 0.000000e+00 0.000000e+00 0.000000e+00 0.000000e+00 0.000000e+00 0.000000e+00 0.000000e+00 0.000000e+00 0.000000e+00
2.133000e+00 0.000000e+00 -6.279446e+03 -8.141837e+03 0.000000e+00 0.000000e+00 0.000000e+00 -1.563649e+02 -1.360091e+02 1.891086e+03 2.450643e+02 0.000000e+00 0.000000e+00 0.000000e+00 0.000000e+00 0.000000e+00 0.000000e+00 0.000000e+00 0.000000e+00 0.000000e+00
2.134000e+00 0.000000e+00 -6.287821e+03 -8.148881e+03 0.000000e+00 0.000000e+00 0.000000e+00 -1.572712e+02 -1.369451e+02 1.892199e+03 2.473264e+02 0.000000e+00 0.000000e+00 0.000000e+00 0.000000e+00 0.000000e+00 0.000000e+00 0.000000e+00 0.000000e+00 0.000000e+00
2.135000e+00 0.000000e+00 -6.296089e+03 -8.155699e+03 0.000000e+00 0.000000e+00 0.000000e+00 -1.581728e+02 -1.378765e+02 1.893296e+03 2.495792e+02 0.000000e+00 0.000000e+00 0.000000e+00 0.000000e+00 0.000000e+00 0.000000e+00 0.000000e+00 0.000000e+00 0.000000e+00
2.136000e+00 0.000000e+00 -6.304247e+03 -8.162287e+03 0.000000e+00 0.000000e+00 0.000000e+00 -1.590696e+02 -1.388032e+02 1.894376e+03 2.518223e+02 0.000000e+00 0.000000e+00 0.000000e+00 0.000000e+00 0.000000e+00 0.000000e+00 0.000000e+00 0.000000e+00 0.000000e+00
2.137000e+00 0.000000e+00 -6.312292e+03 -8.168643e+03 0.000000e+00 0.000000e+00 0.000000e+00 -1.599616e+02 -1.397251e+02 1.895439e+03 2.540555e+02 0.000000e+00 0.000000e+00 0.000000e+00 0.000000e+00 0.000000e+00 0.000000e+00 0.000000e+00 0.000000e+00 0.000000e+00
2.138000e+00 0.000000e+00 -6.320220e+03 -8.174765e+03 0.000000e+00 0.000000e+00 0.000000e+00 -1.608485e+02 -1.406420e+02 1.896484e+03 2.562784e+02 0.000000e+00 0.000000e+00 0.000000e+00 0.000000e+00 0.000000e+00 0.000000e+00 0.000000e+00 0.000000e+00 0.000000e+00
2.139000e+00 0.000000e+00 -6.328028e+03 -8.180650e+03 0.000000e+00 0.000000e+00 0.000000e+00 -1.617303e+02 -1.415538e+02 1.897511e+03 2.584908e+02 0.000000e+00 0.000000e+00 0.000000e+00 0.000000e+00 0.000000e+00 0.000000e+00 0.000000e+00 0.000000e+00 0.000000e+00
2.140000e+00 0.000000e+00 -6.335714e+03 -8.186297e+03 0.000000e+00 0.000000e+00 0.000000e+00 -1.626068e+02 -1.424603e+02 1.898520e+03 2.606922e+02 0.000000e+00 0.000000e+00 0.000000e+00 0.000000e+00 0.000000e+00 0.000000e+00 0.000000e+00 0.000000e+00 0.000000e+00
2.141000e+00 0.000000e+00 -6.343273e+03 -8.191704e+03 0.000000e+00 0.000000e+00 0.000000e+00 -1.634779e+02 -1.433616e+02 1.899509e+03 2.628824e+02 0.000000e+00 0.000000e+00 0.000000e+00 0.000000e+00 0.000000e+00 0.000000e+00 0.000000e+00 0.000000e+00 0.000000e+00
2.142000e+00 0.000000e+00 -6.350703e+03 -8.196868e+03 0.000000e+00 0.000000e+00 0.000000e+00 -1.643435e+02 -1.442573e+02 1.900480e+03 2.650610e+02 0.000000e+00 0.000000e+00 0.000000e+00 0.000000e+00 0.000000e+00 0.000000e+00 0.000000e+00 0.000000e+00 0.000000e+00
2.143000e+00 0.000000e+00 -6.358000e+03 -8.201788e+03 0.000000e+00 0.000000e+00 0.000000e+00 -1.652035e+02 -1.451474e+02 1.901431e+03 2.672278e+02 0.000000e+00 0.000000e+00 0.000000e+00 0.000000e+00 0.000000e+00 0.000000e+00 0.000000e+00 0.000000e+00 0.000000e+00
2.144000e+00 0.000000e+00 -6.365163e+03 -8.206462e+03 0.000000e+00 0.000000e+00 0.000000e+00 -1.660577e+02 -1.460318e+02 1.902361e+03 2.693824e+02 0.000000e+00 0.000000e+00 0.000000e+00 0.000000e+00 0.000000e+00 0.000000e+00 0.000000e+00 0.000000e+00 0.000000e+00
2.145000e+00 0.000000e+00 -6.372186e+03 -8.210889e+03 0.000000e+00 0.000000e+00 0.000000e+00 -1.669059e+02 -1.469103e+02 1.903271e+03 2.715244e+02 0.000000e+00 0.000000e+00 0.000000e+00 0.000000e+00 0.000000e+00 0.000000e+00 0.000000e+00 0.000000e+00 0.000000e+00
2.146000e+00 0.000000e+00 -6.379068e+03 -8.215066e+03 0.000000e+00 0.000000e+00 0.000000e+00 -1.677482e+02 -1.477828e+02 1.904161e+03 2.736536e+02 0.000000e+00 0.000000e+00 0.000000e+00 0.000000e+00 0.000000e+00 0.000000e+00 0.000000e+00 0.000000e+00 0.000000e+00
2.147000e+00 0.000000e+00 -6.385806e+03 -8.218992e+03 0.000000e+00 0.000000e+00 0.000000e+00 -1.685842e+02 -1.486491e+02 1.905029e+03 2.757697e+02 0.000000e+00 0.000000e+00 0.000000e+00 0.000000e+00 0.000000e+00 0.000000e+00 0.000000e+00 0.000000e+00 0.000000e+00
2.148000e+00 0.000000e+00 -6.392396e+03 -8.222666e+03 0.000000e+00 0.000000e+00 0.000000e+00 -1.694140e+02 -1.495092e+02 1.905875e+03 2.778722e+02 0.000000e+00 0.000000e+00 0.000000e+00 0.000000e+00 0.000000e+00 0.000000e+00 0.000000e+00 0.000000e+00 0.000000e+00
2.149000e+00 0.000000e+00 -6.398835e+03 -8.226087e+03 0.000000e+00 0.000000e+00 0.000000e+00 -1.702374e+02 -1.503630e+02 1.906699e+03 2.799610e+02 0.000000e+00 0.000000e+00 0.000000e+00 0.000000e+00 0.000000e+00 0.000000e+00 0.000000e+00 0.000000e+00 0.000000e+00
2.150000e+00 0.000000e+00 -6.405122e+03 -8.229253e+03 0.000000e+00 0.000000e+00 0.000000e+00 -1.710543e+02 -1.512102e+02 1.907500e+03 2.820356e+02 0.000000e+00 0.000000e+00 0.000000e+00 0.000000e+00 0.000000e+00 0.000000e+00 0.000000e+00 0.000000e+00 0.000000e+00
2.151000e+00 0.000000e+00 -6.411253e+03 -8.232163e+03 0.000000e+00 0.000000e+00 0.000000e+00 -1.718646e+02 -1.520508e+02 1.908279e+03 2.840959e+02 0.000000e+00 0.000000e+00 0.000000e+00 0.000000e+00 0.000000e+00 0.000000e+00 0.000000e+00 0.000000e+00 0.000000e+00
2.152000e+00 0.000000e+00 -6.417226e+03 -8.234817e+03 0.000000e+00 0.000000e+00 0.000000e+00 -1.726681e+02 -1.528847e+02 1.909034e+03 2.861414e+02 0.000000e+00 0.000000e+00 0.000000e+00 0.000000e+00 0.000000e+00 0.000000e+00 0.000000e+00 0.000000e+00 0.000000e+00
2.153000e+00 0.000000e+00 -6.423037e+03 -8.237213e+03 0.000000e+00 0.000000e+00 0.000000e+00 -1.734648e+02 -1.537118e+02 1.909766e+03 2.881719e+02 0.000000e+00 0.000000e+00 0.000000e+00 0.000000e+00 0.000000e+00 0.000000e+00 0.000000e+00 0.000000e+00 0.000000e+00
2.154000e+00 0.000000e+00 -6.428684e+03 -8.239352e+03 0.000000e+00 0.000000e+00 0.000000e+00 -1.742545e+02 -1.545319e+02 1.910474e+03 2.901871e+02 0.000000e+00 0.000000e+00 0.000000e+00 0.000000e+00 0.000000e+00 0.000000e+00 0.000000e+00 0.000000e+00 0.000000e+00
2.155000e+00 0.000000e+00 -6.434166e+03 -8.241231e+03 0.000000e+00 0.000000e+00 0.000000e+00 -1.750371e+02 -1.553449e+02 1.911157e+03 2.921867e+02 0.000000e+00 0.000000e+00 0.000000e+00 0.000000e+00 0.000000e+00 0.000000e+00 0.000000e+00 0.000000e+00 0.000000e+00
2.156000e+00 0.000000e+00 -6.439478e+03 -8.242850e+03 0.000000e+00 0.000000e+00 0.000000e+00 -1.758126e+02 -1.561507e+02 1.911816e+03 2.941704e+02 0.000000e+00 0.000000e+00 0.000000e+00 0.000000e+00 0.000000e+00 0.000000e+00 0.000000e+00 0.000000e+00 0.000000e+00
2.157000e+00 0.000000e+00 -6.444619e+03 -8.244210e+03 0.000000e+00 0.000000e+00 0.000000e+00 -1.765808e+02 -1.569493e+02 1.912449e+03 2.961378e+02 0.000000e+00 0.000000e+00 0.000000e+00 0.000000e+00 0.000000e+00 0.000000e+00 0.000000e+00 0.000000e+00 0.000000e+00
2.158000e+00 0.000000e+00 -6.449587e+03 -8.245310e+03 0.000000e+00 0.000000e+00 0.000000e+00 -1.773416e+02 -1.577405e+02 1.913057e+03 2.980888e+02 0.000000e+00 0.000000e+00 0.000000e+00 0.000000e+00 0.000000e+00 0.000000e+00 0.000000e+00 0.000000e+00 0.000000e+00
2.159000e+00 0.000000e+00 -6.454378e+03 -8.246149e+03 0.000000e+00 0.000000e+00 0.000000e+00 -1.780949e+02 -1.585242e+02 1.913640e+03 3.000230e+02 0.000000e+00 0.000000e+00 0.000000e+00 0.000000e+00 0.000000e+00 0.000000e+00 0.000000e+00 0.000000e+00 0.000000e+00
2.160000e+00 0.000000e+00 -6.458992e+03 -8.246727e+03 0.000000e+00 0.000000e+00 0.000000e+00 -1.788406e+02 -1.593003e+02 1.914196e+03 3.019401e+02 0.000000e+00 0.000000e+00 0.000000e+00 0.000000e+00 0.000000e+00 0.000000e+00 0.000000e+00 0.000000e+00 0.000000e+00
2.161000e+00 0.000000e+00 -6.463425e+03 -8.247045e+03 0.000000e+00 0.000000e+00 0.000000e+00 -1.795787e+02 -1.600687e+02 1.914725e+03 3.038399e+02 0.000000e+00 0.000000e+00 0.000000e+00 0.000000e+00 0.000000e+00 0.000000e+00 0.000000e+00 0.000000e+00 0.000000e+00
2.162000e+00 0.000000e+00 -6.467676e+03 -8.247102e+03 0.000000e+00 0.000000e+00 0.000000e+00 -1.803091e+02 -1.608293e+02 1.915228e+03 3.057220e+02 0.000000e+00 0.000000e+00 0.000000e+00 0.000000e+00 0.000000e+00 0.000000e+00 0.000000e+00 0.000000e+00 0.000000e+00
2.163000e+00 0.000000e+00 -6.471742e+03 -8.246898e+03 0.000000e+00 0.000000e+00 0.000000e+00 -1.810315e+02 -1.615820e+02 1.915704e+03 3.075863e+02 0.000000e+00 0.000000e+00 0.000000e+00 0.000000e+00 0.000000e+00 0.000000e+00 0.000000e+00 0.000000e+00 0.000000e+00
2.164000e+00 0.000000e+00 -6.475621e+03 -8.246434e+03 0.000000e+00 0.000000e+00 0.000000e+00 -1.817461e+02 -1.623268e+02 1.916152e+03 3.094323e+02 0.000000e+00 0.000000e+00 0.000000e+00 0.000000e+00 0.000000e+00 0.000000e+00 0.000000e+00 0.000000e+00 0.000000e+00
2.165000e+00 0.000000e+00 -6.479313e+03 -8.245710e+03 0.000000e+00 0.000000e+00 0.000000e+00 -1.824525e+02 -1.630634e+02 1.916572e+03 3.112599e+02 0.000000e+00 0.000000e+00 0.000000e+00 0.000000e+00 0.000000e+00 0.000000e+00 0.000000e+00 0.000000e+00 0.000000e+00
2.166000e+00 0.000000e+00 -6.482813e+03 -8.244727e+03 0.000000e+00 0.000000e+00 0.000000e+00 -1.831508e+02 -1.637919e+02 1.916965e+03 3.130688e+02 0.000000e+00 0.000000e+00 0.000000e+00 0.000000e+00 0.000000e+00 0.000000e+00 0.000000e+00 0.000000e+00 0.000000e+00
2.167000e+00 0.000000e+00 -6.486122e+03 -8.243484e+03 0.000000e+00 0.000000e+00 0.000000e+00 -1.838408e+02 -1.645120e+02 1.917329e+03 3.148587e+02 0.000000e+00 0.000000e+00 0.000000e+00 0.000000e+00 0.000000e+00 0.000000e+00 0.000000e+00 0.000000e+00 0.000000e+00
2.168000e+00 0.000000e+00 -6.489236e+03 -8.241982e+03 0.000000e+00 0.000000e+00 0.000000e+00 -1.845225e+02 -1.652238e+02 1.917664e+03 3.166293e+02 0.000000e+00 0.000000e+00 0.000000e+00 0.000000e+00 0.000000e+00 0.000000e+00 0.000000e+00 0.000000e+00 0.000000e+00
2.169000e+00 0.000000e+00 -6.492155e+03 -8.240223e+03 0.000000e+00 0.000000e+00 0.000000e+00 -1.851957e+02 -1.659270e+02 1.917971e+03 3.183803e+02 0.000000e+00 0.000000e+00 0.000000e+00 0.000000e+00 0.000000e+00 0.000000e+00 0.000000e+00 0.000000e+00 0.000000e+00
2.170000e+00 0.000000e+00 -6.494877e+03 -8.238206e+03 0.000000e+00 0.000000e+00 0.000000e+00 -1.858604e+02 -1.666217e+02 1.918248e+03 3.201116e+02 0.000000e+00 0.000000e+00 0.000000e+00 0.000000e+00 0.000000e+00 0.000000e+00 0.000000e+00 0.000000e+00 0.000000e+00
2.171000e+00 0.000000e+00 -6.497400e+03 -8.235933e+03 0.000000e+00 0.000000e+00 0.000000e+00 -1.865165e+02 -1.673077e+02 1.918496e+03 3.218228e+02 0.000000e+00 0.000000e+00 0.000000e+00 0.000000e+00 0.000000e+00 0.000000e+00 0.000000e+00 0.000000e+00 0.000000e+00
2.172000e+00 0.000000e+00 -6.499723e+03 -8.233404e+03 0.000000e+00 0.000000e+00 0.000000e+00 -1.871639e+02 -1.679849e+02 1.918714e+03 3.235136e+02 0.000000e+00 0.000000e+00 0.000000e+00 0.000000e+00 0.000000e+00 0.000000e+00 0.000000e+00 0.000000e+00 0.000000e+00
2.173000e+00 0.000000e+00 -6.501844e+03 -8.230622e+03 0.000000e+00 0.000000e+00 0.000000e+00 -1.878025e+02 -1.686533e+02 1.918902e+03 3.251840e+02 0.000000e+00 0.000000e+00 0.000000e+00 0.000000e+00 0.000000e+00 0.000000e+00 0.000000e+00 0.000000e+00 0.000000e+00
2.174000e+00 0.000000e+00 -6.503763e+03 -8.227586e+03 0.000000e+00 0.000000e+00 0.000000e+00 -1.884322e+02 -1.693127e+02 1.919060e+03 3.268335e+02 0.000000e+00 0.000000e+00 0.000000e+00 0.000000e+00 0.000000e+00 0.000000e+00 0.000000e+00 0.000000e+00 0.000000e+00
2.175000e+00 0.000000e+00 -6.505477e+03 -8.224298e+03 0.000000e+00 0.000000e+00 0.000000e+00 -1.890530e+02 -1.699631e+02 1.919188e+03 3.284621e+02 0.000000e+00 0.000000e+00 0.000000e+00 0.000000e+00 0.000000e+00 0.000000e+00 0.000000e+00 0.000000e+00 0.000000e+00
2.176000e+00 0.000000e+00 -6.506987e+03 -8.220761e+03 0.000000e+00 0.000000e+00 0.000000e+00 -1.896648e+02 -1.706045e+02 1.919285e+03 3.300694e+02 0.000000e+00 0.000000e+00 0.000000e+00 0.000000e+00 0.000000e+00 0.000000e+00 0.000000e+00 0.000000e+00 0.000000e+00
2.177000e+00 0.000000e+00 -6.508290e+03 -8.216974e+03 0.000000e+00 0.000000e+00 0.000000e+00 -1.902675e+02 -1.712367e+02 1.919351e+03 3.316552e+02 0.000000e+00 0.000000e+00 0.000000e+00 0.000000e+00 0.000000e+00 0.000000e+00 0.000000e+00 0.000000e+00 0.000000e+00
2.178000e+00 0.000000e+00 -6.509386e+03 -8.212940e+03 0.000000e+00 0.000000e+00 0.000000e+00 -1.908610e+02 -1.718596e+02 1.919387e+03 3.332194e+02 0.000000e+00 0.000000e+00 0.000000e+00 0.000000e+00 0.000000e+00 0.000000e+00 0.000000e+00 0.000000e+00 0.000000e+00
2.179000e+00 0.000000e+00 -6.510275e+03 -8.208661e+03 0.000000e+00 0.000000e+00 0.000000e+00 -1.914454e+02 -1.724733e+02 1.919391e+03 3.347617e+02 0.000000e+00 0.000000e+00 0.000000e+00 0.000000e+00 0.000000e+00 0.000000e+00 0.000000e+00 0.000000e+00 0.000000e+00
2.180000e+00 0.000000e+00 -6.510954e+03 -8.204137e+03 0.000000e+00 0.000000e+00 0.000000e+00 -1.920205e+02 -1.730776e+02 1.919363e+03 3.362819e+02 0.000000e+00 0.000000e+00 0.000000e+00 0.000000e+00 0.000000e+00 0.000000e+00 0.000000e+00 0.000000e+00 0.000000e+00
2.181000e+00 0.000000e+00 -6.511425e+03 -8.199372e+03 0.000000e+00 0.000000e+00 0.000000e+00 -1.925862e+02 -1.736725e+02 1.919305e+03 3.377798e+02 0.000000e+00 0.000000e+00 0.000000e+00 0.000000e+00 0.000000e+00 0.000000e+00 0.000000e+00 0.000000e+00 0.000000e+00
2.182000e+00 0.000000e+00 -6.511685e+03 -8.194368e+03 0.000000e+00 0.000000e+00 0.000000e+00 -1.931426e+02 -1.742579e+02 1.919214e+03 3.392553e+02 0.000000e+00 0.000000e+00 0.000000e+00 0.000000e+00 0.000000e+00 0.000000e+00 0.000000e+00 0.000000e+00 0.000000e+00
2.183000e+00 0.000000e+00 -6.511735e+03 -8.189125e+03 0.000000e+00 0.000000e+00 0.000000e+00 -1.936896e+02 -1.748337e+02 1.919092e+03 3.407081e+02 0.000000e+00 0.000000e+00 0.000000e+00 0.000000e+00 0.000000e+00 0.000000e+00 0.000000e+00 0.000000e+00 0.000000e+00
2.184000e+00 0.000000e+00 -6.511575e+03 -8.183647e+03 0.000000e+00 0.000000e+00 0.000000e+00 -1.942271e+02 -1.754000e+02 1.918937e+03 3.421381e+02 0.000000e+00 0.000000e+00 0.000000e+00 0.000000e+00 0.000000e+00 0.000000e+00 0.000000e+00 0.000000e+00 0.000000e+00
2.185000e+00 0.000000e+00 -6.511203e+03 -8.177936e+03 0.000000e+00 0.000000e+00 0.000000e+00 -1.947551e+02 -1.759567e+02 1.918751e+03 3.435451e+02 0.000000e+00 0.000000e+00 0.000000e+00 0.000000e+00 0.000000e+00 0.000000e+00 0.000000e+00 0.000000e+00 0.000000e+00
2.186000e+00 0.000000e+00 -6.510619e+03 -8.171995e+03 0.000000e+00 0.000000e+00 0.000000e+00 -1.952736e+02 -1.765037e+02 1.918532e+03 3.449290e+02 0.000000e+00 0.000000e+00 0.000000e+00 0.000000e+00 0.000000e+00 0.000000e+00 0.000000e+00 0.000000e+00 0.000000e+00
2.187000e+00 0.000000e+00 -6.509824e+03 -8.165824e+03 0.000000e+00 0.000000e+00 0.000000e+00 -1.957824e+02 -1.770410e+02 1.918281e+03 3.462896e+02 0.000000e+00 0.000000e+00 0.000000e+00 0.000000e+00 0.000000e+00 0.000000e+00 0.000000e+00 0.000000e+00 0.000000e+00
2.188000e+00 0.000000e+00 -6.508817e+03 -8.159428e+03 0.000000e+00 0.000000e+00 0.000000e+00 -1.962816e+02 -1.775685e+02 1.917998e+03 3.476266e+02 0.000000e+00 0.000000e+00 0.000000e+00 0.000000e+00 0.000000e+00 0.000000e+00 0.000000e+00 0.000000e+00 0.000000e+00
2.189000e+00 0.000000e+00 -6.507598e+03 -8.152808e+03 0.000000e+00 0.000000e+00 0.000000e+00 -1.967711e+02 -1.780861e+02 1.917682e+03 3.489401e+02 0.000000e+00 0.000000e+00 0.000000e+00 0.000000e+00 0.000000e+00 0.000000e+00 0.000000e+00 0.000000e+00 0.000000e+00
2.190000e+00 0.000000e+00 -6.506167e+03 -8.145968e+03 0.000000e+00 0.000000e+00 0.000000e+00 -1.972508e+02 -1.785939e+02 1.917334e+03 3.502297e+02 0.000000e+00 0.000000e+00 0.000000e+00 0.000000e+00 0.000000e+00 0.000000e+00 0.000000e+00 0.000000e+00 0.000000e+00
2.191000e+00 0.000000e+00 -6.504525e+03 -8.138909e+03 0.000000e+00 0.000000e+00 0.000000e+00 -1.977208e+02 -1.790917e+02 1.916953e+03 3.514954e+02 0.000000e+00 0.000000e+00 0.000000e+00 0.000000e+00 0.000000e+00 0.000000e+00 0.000000e+00 0.000000e+00 0.000000e+00
2.192000e+00 0.000000e+00 -6.502671e+03 -8.131635e+03 0.000000e+00 0.000000e+00 0.000000e+00 -1.981809e+02 -1.795795e+02 1.916539e+03 3.527371e+02 0.000000e+00 0.000000e+00 0.000000e+00 0.000000e+00 0.000000e+00 0.000000e+00 0.000000e+00 0.000000e+00 0.000000e+00
2.193000e+00 0.000000e+00 -6.500607e+03 -8.124148e+03 0.000000e+00 0.000000e+00 0.000000e+00 -1.986312e+02 -1.800574e+02 1.916093e+03 3.539546e+02 0.000000e+00 0.000000e+00 0.000000e+00 0.000000e+00 0.000000e+00 0.000000e+00 0.000000e+00 0.000000e+00 0.000000e+00
2.194000e+00 0.000000e+00 -6.498332e+03 -8.116453e+03 0.000000e+00 0.000000e+00 0.000000e+00 -1.990716e+02 -1.805252e+02 1.915614e+03 3.551478e+02 0.000000e+00 0.000000e+00 0.000000e+00 0.000000e+00 0.000000e+00 0.000000e+00 0.000000e+00 0.000000e+00 0.000000e+00
2.195000e+00 0.000000e+00 -6.495846e+03 -8.108551e+03 0.000000e+00 0.000000e+00 0.000000e+00 -1.995021e+02 -1.809830e+02 1.915102e+03 3.563166e+02 0.000000e+00 0.000000e+00 0.000000e+00 0.000000e+00 0.000000e+00 0.000000e+00 0.000000e+00 0.000000e+00 0.000000e+00
2.196000e+00 0.000000e+00 -6.493152e+03 -8.100446e+03 0.000000e+00 0.000000e+00 0.000000e+00 -1.999227e+02 -1.814307e+02 1.914558e+03 3.574610e+02 0.000000e+00 0.000000e+00 0.000000e+00 0.000000e+00 0.000000e+00 0.000000e+00 0.000000e+00 0.000000e+00 0.000000e+00
2.197000e+00 0.000000e+00 -6.490248e+03 -8.092141e+03 0.000000e+00 0.000000e+00 0.000000e+00 -2.003334e+02 -1.818683e+02 1.913980e+03 3.585808e+02 0.000000e+00 0.000000e+00 0.000000e+00 0.000000e+00 0.000000e+00 0.000000e+00 0.000000e+00 0.000000e+00 0.000000e+00
2.198000e+00 0.000000e+00 -6.487137e+03 -8.083639e+03 0.000000e+00 0.000000e+00 0.000000e+00 -2.007341e+02 -1.822958e+02 1.913371e+03 3.596759e+02 0.000000e+00 0.000000e+00 0.000000e+00 0.000000e+00 0.000000e+00 0.000000e+00 0.000000e+00 0.000000e+00 0.000000e+00
2.199000e+00 0.000000e+00 -6.483819e+03 -8.074945e+03 0.000000e+00 0.000000e+00 0.000000e+00 -2.011249e+02 -1.827132e+02 1.912729e+03 3.607464e+02 0.000000e+00 0.000000e+00 0.000000e+00 0.000000e+00 0.000000e+00 0.000000e+00 0.000000e+00 0.000000e+00 0.000000e+00
2.200000e+00 0.000000e+00 -6.480295e+03 -8.066061e+03 0.000000e+00 0.000000e+00 0.000000e+00 -2.015057e+02 -1.831204e+02 1.912054e+03 3.617921e+02 0.000000e+00 0.000000e+00 0.000000e+00 0.000000e+00 0.000000e+00 0.000000e+00 0.000000e+00 0.000000e+00 0.000000e+00
2.201000e+00 0.000000e+00 -6.476566e+03 -8.056991e+03 0.000000e+00 0.000000e+00 0.000000e+00 -2.018766e+02 -1.835175e+02 1.911346e+03 3.628130e+02 0.000000e+00 0.000000e+00 0.000000e+00 0.000000e+00 0.000000e+00 0.000000e+00 0.000000e+00 0.000000e+00 0.000000e+00
2.202000e+00 0.000000e+00 -6.472633e+03 -8.047738e+03 0.000000e+00 0.000000e+00 0.000000e+00 -2.022376e+02 -1.839046e+02 1.910607e+03 3.638091e+02 0.000000e+00 0.000000e+00 0.000000e+00 0.000000e+00 0.000000e+00 0.000000e+00 0.000000e+00 0.000000e+00 0.000000e+00
2.203000e+00 0.000000e+00 -6.468498e+03 -8.038308e+03 0.000000e+00 0.000000e+00 0.000000e+00 -2.025887e+02 -1.842815e+02 1.909835e+03 3.647804e+02 0.000000e+00 0.000000e+00 0.000000e+00 0.000000e+00 0.000000e+00 0.000000e+00 0.000000e+00 0.000000e+00 0.000000e+00
2.204000e+00 0.000000e+00 -6.464162e+03 -8.028702e+03 0.000000e+00 0.000000e+00 0.000000e+00 -2.029298e+02 -1.846483e+02 1.909031e+03 3.657268e+02 0.000000e+00 0.000000e+00 0.000000e+00 0.000000e+00 0.000000e+00 0.000000e+00 0.000000e+00 0.000000e+00 0.000000e+00
2.205000e+00 0.000000e+00 -6.459626e+03 -8.018926e+03 0.000000e+00 0.000000e+00 0.000000e+00 -2.032611e+02 -1.850050e+02 1.908194e+03 3.666483e+02 0.000000e+00 0.000000e+00 0.000000e+00 0.000000e+00 0.000000e+00 0.000000e+00 0.000000e+00 0.000000e+00 0.000000e+00
2.206000e+00 0.000000e+00 -6.454892e+03 -8.008983e+03 0.000000e+00 0.000000e+00 0.000000e+00 -2.035825e+02 -1.853517e+02 1.907326e+03 3.675450e+02 0.000000e+00 0.000000e+00 0.000000e+00 0.000000e+00 0.000000e+00 0.000000e+00 0.000000e+00 0.000000e+00 0.000000e+00
2.207000e+00 0.000000e+00 -6.449961e+03 -7.998877e+03 0.000000e+00 0.000000e+00 0.000000e+00 -2.038942e+02 -1.856883e+02 1.906426e+03 3.684169e+02 0.000000e+00 0.000000e+00 0.000000e+00 0.000000e+00 0.000000e+00 0.000000e+00 0.000000e+00 0.000000e+00 0.000000e+00
2.208000e+00 0.000000e+00 -6.444836e+03 -7.988612e+03 0.000000e+00 0.000000e+00 0.000000e+00 -2.041960e+02 -1.860150e+02 1.905495e+03 3.692639e+02 0.000000e+00 0.000000e+00 0.000000e+00 0.000000e+00 0.000000e+00 0.000000e+00 0.000000e+00 0.000000e+00 0.000000e+00
2.209000e+00 0.000000e+00 -6.439518e+03 -7.978193e+03 0.000000e+00 0.000000e+00 0.000000e+00 -2.044881e+02 -1.863316e+02 1.904532e+03 3.700862e+02 0.000000e+00 0.000000e+00 0.000000e+00 0.000000e+00 0.000000e+00 0.000000e+00 0.000000e+00 0.000000e+00 0.000000e+00
2.210000e+00 0.000000e+00 -6.434009e+03 -7.967623e+03 0.000000e+00 0.000000e+00 0.000000e+00 -2.047705e+02 -1.866384e+02 1.903538e+03 3.708838e+02 0.000000e+00 0.000000e+00 0.000000e+00 0.000000e+00 0.000000e+00 0.000000e+00 0.000000e+00 0.000000e+00 0.000000e+00
2.211000e+00 0.000000e+00 -6.428310e+03 -7.956907e+03 0.000000e+00 0.000000e+00 0.000000e+00 -2.050432e+02 -1.869352e+02 1.902512e+03 3.716567e+02 0.000000e+00 0.000000e+00 0.000000e+00 0.000000e+00 0.000000e+00 0.000000e+00 0.000000e+00 0.000000e+00 0.000000e+00
2.212000e+00 0.000000e+00 -6.422425e+03 -7.946049e+03 0.000000e+00 0.000000e+00 0.000000e+00 -2.053063e+02 -1.872221e+02 1.901456e+03 3.724049e+02 0.000000e+00 0.000000e+00 0.000000e+00 0.000000e+00 0.000000e+00 0.000000e+00 0.000000e+00 0.000000e+00 0.000000e+00
2.213000e+00 0.000000e+00 -6.416354e+03 -7.935053e+03 0.000000e+00 0.000000e+00 0.000000e+00 -2.055597e+02 -1.874992e+02 1.900369e+03 3.731286e+02 0.000000e+00 0.000000e+00 0.000000e+00 0.000000e+00 0.000000e+00 0.000000e+00 0.000000e+00 0.000000e+00 0.000000e+00
2.214000e+00 0.000000e+00 -6.410101e+03 -7.923923e+03 0.000000e+00 0.000000e+00 0.000000e+00 -2.058036e+02 -1.877666e+02 1.899252e+03 3.738279e+02 0.000000e+00 0.000000e+00 0.000000e+00 0.000000e+00 0.000000e+00 0.000000e+00 0.000000e+00 0.000000e+00 0.000000e+00
2.215000e+00 0.000000e+00 -6.403667e+03 -7.912665e+03 0.000000e+00 0.000000e+00 0.000000e+00 -2.060380e+02 -1.880241e+02 1.898104e+03 3.745028e+02 0.000000e+00 0.000000e+00 0.000000e+00 0.000000e+00 0.000000e+00 0.000000e+00 0.000000e+00 0.000000e+00 0.000000e+00
2.216000e+00 0.000000e+00 -6.397055e+03 -7.901282e+03 0.000000e+00 0.000000e+00 0.000000e+00 -2.062629e+02 -1.882720e+02 1.896927e+03 3.751534e+02 0.000000e+00 0.000000e+00 0.000000e+00 0.000000e+00 0.000000e+00 0.000000e+00 0.000000e+00 0.000000e+00 0.000000e+00
2.217000e+00 0.000000e+00 -6.390267e+03 -7.889780e+03 0.000000e+00 0.000000e+00 0.000000e+00 -2.064785e+02 -1.885103e+02 1.895720e+03 3.757799e+02 0.000000e+00 0.000000e+00 0.000000e+00 0.000000e+00 0.000000e+00 0.000000e+00 0.000000e+00 0.000000e+00 0.000000e+00
2.218000e+00 0.000000e+00 -6.383306e+03 -7.878162e+03 0.000000e+00 0.000000e+00 0.000000e+00 -2.066848e+02 -1.887389e+02 1.894484e+03 3.763823e+02 0.000000e+00 0.000000e+00 0.000000e+00 0.000000e+00 0.000000e+00 0.000000e+00 0.000000e+00 0.000000e+00 0.000000e+00
2.219000e+00 0.000000e+00 -6.376175e+03 -7.866433e+03 0.000000e+00 0.000000e+00 0.000000e+00 -2.068818e+02 -1.889582e+02 1.893219e+03 3.769610e+02 0.000000e+00 0.000000e+00 0.000000e+00 0.000000e+00 0.000000e+00 0.000000e+00 0.000000e+00 0.000000e+00 0.000000e+00
2.220000e+00 0.000000e+00 -6.368875e+03 -7.854598e+03 0.000000e+00 0.000000e+00 0.000000e+00 -2.070697e+02 -1.891679e+02 1.891925e+03 3.775159e+02 0.000000e+00 0.000000e+00 0.000000e+00 0.000000e+00 0.000000e+00 0.000000e+00 0.000000e+00 0.000000e+00 0.000000e+00
2.221000e+00 0.000000e+00 -6.361411e+03 -7.842662e+03 0.000000e+00 0.000000e+00 0.000000e+00 -2.072485e+02 -1.893684e+02 1.890602e+03 3.780473e+02 0.000000e+00 0.000000e+00 0.000000e+00 0.000000e+00 0.000000e+00 0.000000e+00 0.000000e+00 0.000000e+00 0.000000e+00
2.222000e+00 0.000000e+00 -6.353785e+03 -7.830629e+03 0.000000e+00 0.000000e+00 0.000000e+00 -2.074184e+02 -1.895596e+02 1.889252e+03 3.785553e+02 0.000000e+00 0.000000e+00 0.000000e+00 0.000000e+00 0.000000e+00 0.000000e+00 0.000000e+00 0.000000e+00 0.000000e+00
2.223000e+00 0.000000e+00 -6.345999e+03 -7.818505e+03 0.000000e+00 0.000000e+00 0.000000e+00 -2.075793e+02 -1.897417e+02 1.887874e+03 3.790402e+02 0.000000e+00 0.000000e+00 0.000000e+00 0.000000e+00 0.000000e+00 0.000000e+00 0.000000e+00 0.000000e+00 0.000000e+00
2.224000e+00 0.000000e+00 -6.338058e+03 -7.806294e+03 0.000000e+00 0.000000e+00 0.000000e+00 -2.077316e+02 -1.899148e+02 1.886468e+03 3.795022e+02 0.000000e+00 0.000000e+00 0.000000e+00 0.000000e+00 0.000000e+00 0.000000e+00 0.000000e+00 0.000000e+00 0.000000e+00
2.225000e+00 0.000000e+00 -6.329963e+03 -7.794001e+03 0.000000e+00 0.000000e+00 0.000000e+00 -2.078751e+02 -1.900789e+02 1.885036e+03 3.799415e+02 0.000000e+00 0.000000e+00 0.000000e+00 0.000000e+00 0.000000e+00 0.000000e+00 0.000000e+00 0.000000e+00 0.000000e+00
2.226000e+00 0.000000e+00 -6.321718e+03 -7.781630e+03 0.000000e+00 0.000000e+00 0.000000e+00 -2.080101e+02 -1.902341e+02 1.883577e+03 3.803583e+02 0.000000e+00 0.000000e+00 0.000000e+00 0.000000e+00 0.000000e+00 0.000000e+00 0.000000e+00 0.000000e+00 0.000000e+00
2.227000e+00 0.000000e+00 -6.313327e+03 -7.769188e+03 0.000000e+00 0.000000e+00 0.000000e+00 -2.081366e+02 -1.903806e+02 1.882091e+03 3.807528e+02 0.000000e+00 0.000000e+00 0.000000e+00 0.000000e+00 0.000000e+00 0.000000e+00 0.000000e+00 0.000000e+00 0.000000e+00
2.228000e+00 0.000000e+00 -6.304792e+03 -7.756679e+03 0.000000e+00 0.000000e+00 0.000000e+00 -2.082549e+02 -1.905186e+02 1.880580e+03 3.811254e+02 0.000000e+00 0.000000e+00 0.000000e+00 0.000000e+00 0.000000e+00 0.000000e+00 0.000000e+00 0.000000e+00 0.000000e+00
2.229000e+00 0.000000e+00 -6.296117e+03 -7.744108e+03 0.000000e+00 0.000000e+00 0.000000e+00 -2.083650e+02 -1.906480e+02 1.879044e+03 3.814763e+02 0.000000e+00 0.000000e+00 0.000000e+00 0.000000e+00 0.000000e+00 0.000000e+00 0.000000e+00 0.000000e+00 0.000000e+00
2.230000e+00 0.000000e+00 -6.287305e+03 -7.731480e+03 0.000000e+00 0.000000e+00 0.000000e+00 -2.084670e+02 -1.907691e+02 1.877483e+03 3.818058e+02 0.000000e+00 0.000000e+00 0.000000e+00 0.000000e+00 0.000000e+00 0.000000e+00 0.000000e+00 0.000000e+00 0.000000e+00
2.231000e+00 0.000000e+00 -6.278360e+03 -7.718800e+03 0.000000e+00 0.000000e+00 0.000000e+00 -2.085611e+02 -1.908820e+02 1.875897e+03 3.821142e+02 0.000000e+00 0.000000e+00 0.000000e+00 0.000000e+00 0.000000e+00 0.000000e+00 0.000000e+00 0.000000e+00 0.000000e+00
2.232000e+00 0.000000e+00 -6.269285e+03 -7.706074e+03 0.000000e+00 0.000000e+00 0.000000e+00 -2.086474e+02 -1.909869e+02 1.874287e+03 3.824017e+02 0.000000e+00 0.000000e+00 0.000000e+00 0.000000e+00 0.000000e+00 0.000000e+00 0.000000e+00 0.000000e+00 0.000000e+00
2.233000e+00 0.000000e+00 -6.260085e+03 -7.693306e+03 0.000000e+00 0.000000e+00 0.000000e+00 -2.087261e+02 -1.910837e+02 1.872653e+03 3.826688e+02 0.000000e+00 0.000000e+00 0.000000e+00 0.000000e+00 0.000000e+00 0.000000e+00 0.000000e+00 0.000000e+00 0.000000e+00
2.234000e+00 0.000000e+00 -6.250762e+03 -7.680501e+03 0.000000e+00 0.000000e+00 0.000000e+00 -2.087974e+02 -1.911728e+02 1.870997e+03 3.829157e+02 0.000000e+00 0.000000e+00 0.000000e+00 0.000000e+00 0.000000e+00 0.000000e+00 0.000000e+00 0.000000e+00 0.000000e+00
2.235000e+00 0.000000e+00 -6.241320e+03 -7.667664e+03 0.000000e+00 0.000000e+00 0.000000e+00 -2.088612e+02 -1.912542e+02 1.869318e+03 3.831428e+02 0.000000e+00 0.000000e+00 0.000000e+00 0.000000e+00 0.000000e+00 0.000000e+00 0.000000e+00 0.000000e+00 0.000000e+00
2.236000e+00 0.000000e+00 -6.231764e+03 -7.654801e+03 0.000000e+00 0.000000e+00 0.000000e+00 -2.089179e+02 -1.913281e+02 1.867616e+03 3.833504e+02 0.000000e+00 0.000000e+00 0.000000e+00 0.000000e+00 0.000000e+00 0.000000e+00 0.000000e+00 0.000000e+00 0.000000e+00
2.237000e+00 0.000000e+00 -6.222096e+03 -7.641916e+03 0.000000e+00 0.000000e+00 0.000000e+00 -2.089675e+02 -1.913946e+02 1.865893e+03 3.835389e+02 0.000000e+00 0.000000e+00 0.000000e+00 0.000000e+00 0.000000e+00 0.000000e+00 0.000000e+00 0.000000e+00 0.000000e+00
2.238000e+00 0.000000e+00 -6.212321e+03 -7.629015e+03 0.000000e+00 0.000000e+00 0.000000e+00 -2.090102e+02 -1.914540e+02 1.864149e+03 3.837086e+02 0.000000e+00 0.000000e+00 0.000000e+00 0.000000e+00 0.000000e+00 0.000000e+00 0.000000e+00 0.000000e+00 0.000000e+00
2.239000e+00 0.000000e+00 -6.202443e+03 -7.616102e+03 0.000000e+00 0.000000e+00 0.000000e+00 -2.090462e+02 -1.915063e+02 1.862385e+03 3.838599e+02 0.000000e+00 0.000000e+00 0.000000e+00 0.000000e+00 0.000000e+00 0.000000e+00 0.000000e+00 0.000000e+00 0.000000e+00
2.240000e+00 0.000000e+00 -6.192466e+03 -7.603184e+03 0.000000e+00 0.000000e+00 0.000000e+00 -2.090757e+02 -1.915517e+02 1.860600e+03 3.839933e+02 0.000000e+00 0.000000e+00 0.000000e+00 0.000000e+00 0.000000e+00 0.000000e+00 0.000000e+00 0.000000e+00 0.000000e+00
2.241000e+00 0.000000e+00 -6.182393e+03 -7.590264e+03 0.000000e+00 0.000000e+00 0.000000e+00 -2.090988e+02 -1.915904e+02 1.858796e+03 3.841092e+02 0.000000e+00 0.000000e+00 0.000000e+00 0.000000e+00 0.000000e+00 0.000000e+00 0.000000e+00 0.000000e+00 0.000000e+00
2.242000e+00 0.000000e+00 -6.172230e+03 -7.577349e+03 0.000000e+00 0.000000e+00 0.000000e+00 -2.091157e+02 -1.916227e+02 1.856973e+03 3.842079e+02 0.000000e+00 0.000000e+00 0.000000e+00 0.000000e+00 0.000000e+00 0.000000e+00 0.000000e+00 0.000000e+00 0.000000e+00
2.243000e+00 0.000000e+00 -6.161979e+03 -7.564443e+03 0.000000e+00 0.000000e+00 0.000000e+00 -2.091267e+02 -1.916486e+02 1.855131e+03 3.842899e+02 0.000000e+00 0.000000e+00 0.000000e+00 0.000000e+00 0.000000e+00 0.000000e+00 0.000000e+00 0.000000e+00 0.000000e+00
2.244000e+00 0.000000e+00 -6.151645e+03 -7.551551e+03 0.000000e+00 0.000000e+00 0.000000e+00 -2.091318e+02 -1.916683e+02 1.853271e+03 3.843557e+02 0.000000e+00 0.000000e+00 0.000000e+00 0.000000e+00 0.000000e+00 0.000000e+00 0.000000e+00 0.000000e+00 0.000000e+00
2.245000e+00 0.000000e+00 -6.141233e+03 -7.538679e+03 0.000000e+00 0.000000e+00 0.000000e+00 -2.091314e+02 -1.916822e+02 1.851395e+03 3.844058e+02 0.000000e+00 0.000000e+00 0.000000e+00 0.000000e+00 0.000000e+00 0.000000e+00 0.000000e+00 0.000000e+00 0.000000e+00
2.246000e+00 0.000000e+00 -6.130746e+03 -7.525831e+03 0.000000e+00 0.000000e+00 0.000000e+00 -2.091255e+02 -1.916903e+02 1.849501e+03 3.844405e+02 0.000000e+00 0.000000e+00 0.000000e+00 0.000000e+00 0.000000e+00 0.000000e+00 0.000000e+00 0.000000e+00 0.000000e+00
2.247000e+00 0.000000e+00 -6.120189e+03 -7.513013e+03 0.000000e+00 0.000000e+00 0.000000e+00 -2.091145e+02 -1.916928e+02 1.847591e+03 3.844604e+02 0.000000e+00 0.000000e+00 0.000000e+00 0.000000e+00 0.000000e+00 0.000000e+00 0.000000e+00 0.000000e+00 0.000000e+00
2.248000e+00 0.000000e+00 -6.109566e+03 -7.500230e+03 0.000000e+00 0.000000e+00 0.000000e+00 -2.090984e+02 -1.916901e+02 1.845666e+03 3.844660e+02 0.000000e+00 0.000000e+00 0.000000e+00 0.000000e+00 0.000000e+00 0.000000e+00 0.000000e+00 0.000000e+00 0.000000e+00
2.249000e+00 0.000000e+00 -6.098881e+03 -7.487487e+03 0.000000e+00 0.000000e+00 0.000000e+00 -2.090777e+02 -1.916822e+02 1.843726e+03 3.844577e+02 0.000000e+00 0.000000e+00 0.000000e+00 0.000000e+00 0.000000e+00 0.000000e+00 0.000000e+00 0.000000e+00 0.000000e+00
2.250000e+00 0.000000e+00 -6.088139e+03 -7.474788e+03 0.000000e+00 0.000000e+00 0.000000e+00 -2.090523e+02 -1.916695e+02 1.841772e+03 3.844362e+02 0.000000e+00 0.000000e+00 0.000000e+00 0.000000e+00 0.000000e+00 0.000000e+00 0.000000e+00 0.000000e+00 0.000000e+00
2.251000e+00 0.000000e+00 -6.077344e+03 -7.462140e+03 0.000000e+00 0.000000e+00 0.000000e+00 -2.090227e+02 -1.916521e+02 1.839803e+03 3.844019e+02 0.000000e+00 0.000000e+00 0.000000e+00 0.000000e+00 0.000000e+00 0.000000e+00 0.000000e+00 0.000000e+00 0.000000e+00
2.252000e+00 0.000000e+00 -6.066501e+03 -7.449546e+03 0.000000e+00 0.000000e+00 0.000000e+00 -2.089890e+02 -1.916302e+02 1.837822e+03 3.843554e+02 0.000000e+00 0.000000e+00 0.000000e+00 0.000000e+00 0.000000e+00 0.000000e+00 0.000000e+00 0.000000e+00 0.000000e+00
2.253000e+00 0.000000e+00 -6.055614e+03 -7.437012e+03 0.000000e+00 0.000000e+00 0.000000e+00 -2.089514e+02 -1.916042e+02 1.835828e+03 3.842971e+02 0.000000e+00 0.000000e+00 0.000000e+00 0.000000e+00 0.000000e+00 0.000000e+00 0.000000e+00 0.000000e+00 0.000000e+00
2.254000e+00 0.000000e+00 -6.044687e+03 -7.424543e+03 0.000000e+00 0.000000e+00 0.000000e+00 -2.089103e+02 -1.915741e+02 1.833823e+03 3.842278e+02 0.000000e+00 0.000000e+00 0.000000e+00 0.000000e+00 0.000000e+00 0.000000e+00 0.000000e+00 0.000000e+00 0.000000e+00
2.255000e+00 0.000000e+00 -6.033725e+03 -7.412144e+03 0.000000e+00 0.000000e+00 0.000000e+00 -2.088657e+02 -1.915404e+02 1.831806e+03 3.841479e+02 0.000000e+00 0.000000e+00 0.000000e+00 0.000000e+00 0.000000e+00 0.000000e+00 0.000000e+00 0.000000e+00 0.000000e+00
2.256000e+00 0.000000e+00 -6.022733e+03 -7.399820e+03 0.000000e+00 0.000000e+00 0.000000e+00 -2.088181e+02 -1.915032e+02 1.829778e+03 3.840579e+02 0.000000e+00 0.000000e+00 0.000000e+00 0.000000e+00 0.000000e+00 0.000000e+00 0.000000e+00 0.000000e+00 0.000000e+00
2.257000e+00 0.000000e+00 -6.011714e+03 -7.387575e+03 0.000000e+00 0.000000e+00 0.000000e+00 -2.087675e+02 -1.914627e+02 1.827741e+03 3.839586e+02 0.000000e+00 0.000000e+00 0.000000e+00 0.000000e+00 0.000000e+00 0.000000e+00 0.000000e+00 0.000000e+00 0.000000e+00
2.258000e+00 0.000000e+00 -6.000673e+03 -7.375414e+03 0.000000e+00 0.000000e+00 0.000000e+00 -2.087143e+02 -1.914192e+02 1.825694e+03 3.838505e+02 0.000000e+00 0.000000e+00 0.000000e+00 0.000000e+00 0.000000e+00 0.000000e+00 0.000000e+00 0.000000e+00 0.000000e+00
2.259000e+00 0.000000e+00 -5.989615e+03 -7.363342e+03 0.000000e+00 0.000000e+00 0.000000e+00 -2.086587e+02 -1.913730e+02 1.823639e+03 3.837341e+02 0.000000e+00 0.000000e+00 0.000000e+00 0.000000e+00 0.000000e+00 0.000000e+00 0.000000e+00 0.000000e+00 0.000000e+00
2.260000e+00 0.000000e+00 -5.978545e+03 -7.351363e+03 0.000000e+00 0.000000e+00 0.000000e+00 -2.086009e+02 -1.913242e+02 1.821576e+03 3.836101e+02 0.000000e+00 0.000000e+00 0.000000e+00 0.000000e+00 0.000000e+00 0.000000e+00 0.000000e+00 0.000000e+00 0.000000e+00
2.261000e+00 0.000000e+00 -5.967466e+03 -7.339483e+03 0.000000e+00 0.000000e+00 0.000000e+00 -2.085413e+02 -1.912732e+02 1.819505e+03 3.834790e+02 0.000000e+00 0.000000e+00 0.000000e+00 0.000000e+00 0.000000e+00 0.000000e+00 0.000000e+00 0.000000e+00 0.000000e+00
2.262000e+00 0.000000e+00 -5.956384e+03 -7.327705e+03 0.000000e+00 0.000000e+00 0.000000e+00 -2.084800e+02 -1.912202e+02 1.817427e+03 3.833416e+02 0.000000e+00 0.000000e+00 0.000000e+00 0.000000e+00 0.000000e+00 0.000000e+00 0.000000e+00 0.000000e+00 0.000000e+00
2.263000e+00 0.000000e+00 -5.945302e+03 -7.316035e+03 0.000000e+00 0.000000e+00 0.000000e+00 -2.084174e+02 -1.911654e+02 1.815344e+03 3.831984e+02 0.000000e+00 0.000000e+00 0.000000e+00 0.000000e+00 0.000000e+00 0.000000e+00 0.000000e+00 0.000000e+00 0.000000e+00
2.264000e+00 0.000000e+00 -5.934226e+03 -7.304477e+03 0.000000e+00 0.000000e+00 0.000000e+00 -2.083537e+02 -1.911092e+02 1.813255e+03 3.830501e+02 0.000000e+00 0.000000e+00 0.000000e+00 0.000000e+00 0.000000e+00 0.000000e+00 0.000000e+00 0.000000e+00 0.000000e+00
2.265000e+00 0.000000e+00 -5.923160e+03 -7.293035e+03 0.000000e+00 0.000000e+00 0.000000e+00 -2.082891e+02 -1.910518e+02 1.811161e+03 3.828972e+02 0.000000e+00 0.000000e+00 0.000000e+00 0.000000e+00 0.000000e+00 0.000000e+00 0.000000e+00 0.000000e+00 0.000000e+00
2.266000e+00 0.000000e+00 -5.912107e+03 -7.281714e+03 0.000000e+00 0.000000e+00 0.000000e+00 -2.082240e+02 -1.909935e+02 1.809063e+03 3.827406e+02 0.000000e+00 0.000000e+00 0.000000e+00 0.000000e+00 0.000000e+00 0.000000e+00 0.000000e+00 0.000000e+00 0.000000e+00
2.267000e+00 0.000000e+00 -5.901074e+03 -7.270517e+03 0.000000e+00 0.000000e+00 0.000000e+00 -2.081586e+02 -1.909345e+02 1.806962e+03 3.825807e+02 0.000000e+00 0.000000e+00 0.000000e+00 0.000000e+00 0.000000e+00 0.000000e+00 0.000000e+00 0.000000e+00 0.000000e+00
2.268000e+00 0.000000e+00 -5.890064e+03 -7.259450e+03 0.000000e+00 0.000000e+00 0.000000e+00 -2.080932e+02 -1.908752e+02 1.804858e+03 3.824184e+02 0.000000e+00 0.000000e+00 0.000000e+00 0.000000e+00 0.000000e+00 0.000000e+00 0.000000e+00 0.000000e+00 0.000000e+00
2.269000e+00 0.000000e+00 -5.879081e+03 -7.248517e+03 0.000000e+00 0.000000e+00 0.000000e+00 -2.080281e+02 -1.908157e+02 1.802752e+03 3.822542e+02 0.000000e+00 0.000000e+00 0.000000e+00 0.000000e+00 0.000000e+00 0.000000e+00 0.000000e+00 0.000000e+00 0.000000e+00
2.270000e+00 0.000000e+00 -5.868131e+03 -7.237721e+03 0.000000e+00 0.000000e+00 0.000000e+00 -2.079636e+02 -1.907564e+02 1.800644e+03 3.820887e+02 0.000000e+00 0.000000e+00 0.000000e+00 0.000000e+00 0.000000e+00 0.000000e+00 0.000000e+00 0.000000e+00 0.000000e+00
2.271000e+00 0.000000e+00 -5.857217e+03 -7.227067e+03 0.000000e+00 0.000000e+00 0.000000e+00 -2.078998e+02 -1.906976e+02 1.798536e+03 3.819228e+02 0.000000e+00 0.000000e+00 0.000000e+00 0.000000e+00 0.000000e+00 0.000000e+00 0.000000e+00 0.000000e+00 0.000000e+00
2.272000e+00 0.000000e+00 -5.846344e+03 -7.216559e+03 0.000000e+00 0.000000e+00 0.000000e+00 -2.078372e+02 -1.906396e+02 1.796428e+03 3.817571e+02 0.000000e+00 0.000000e+00 0.000000e+00 0.000000e+00 0.000000e+00 0.000000e+00 0.000000e+00 0.000000e+00 0.000000e+00
2.273000e+00 0.000000e+00 -5.835516e+03 -7.206200e+03 0.000000e+00 0.000000e+00 0.000000e+00 -2.077760e+02 -1.905826e+02 1.794319e+03 3.815921e+02 0.000000e+00 0.000000e+00 0.000000e+00 0.000000e+00 0.000000e+00 0.000000e+00 0.000000e+00 0.000000e+00 0.000000e+00
2.274000e+00 0.000000e+00 -5.824738e+03 -7.195995e+03 0.000000e+00 0.000000e+00 0.000000e+00 -2.077166e+02 -1.905269e+02 1.792213e+03 3.814288e+02 0.000000e+00 0.000000e+00 0.000000e+00 0.000000e+00 0.000000e+00 0.000000e+00 0.000000e+00 0.000000e+00 0.000000e+00
2.275000e+00 0.000000e+00 -5.814013e+03 -7.185948e+03 0.000000e+00 0.000000e+00 0.000000e+00 -2.076591e+02 -1.904728e+02 1.790108e+03 3.812676e+02 0.000000e+00 0.000000e+00 0.000000e+00 0.000000e+00 0.000000e+00 0.000000e+00 0.000000e+00 0.000000e+00 0.000000e+00
2.276000e+00 0.000000e+00 -5.803347e+03 -7.176062e+03 0.000000e+00 0.000000e+00 0.000000e+00 -2.076038e+02 -1.904206e+02 1.788005e+03 3.811094e+02 0.000000e+00 0.000000e+00 0.000000e+00 0.000000e+00 0.000000e+00 0.000000e+00 0.000000e+00 0.000000e+00 0.000000e+00
2.277000e+00 0.000000e+00 -5.792742e+03 -7.166341e+03 0.000000e+00 0.000000e+00 0.000000e+00 -2.075512e+02 -1.903706e+02 1.785905e+03 3.809548e+02 0.000000e+00 0.000000e+00 0.000000e+00 0.000000e+00 0.000000e+00 0.000000e+00 0.000000e+00 0.000000e+00 0.000000e+00
2.278000e+00 0.000000e+00 -5.782205e+03 -7.156788e+03 0.000000e+00 0.000000e+00 0.000000e+00 -2.075014e+02 -1.903232e+02 1.783809e+03 3.808045e+02 0.000000e+00 0.000000e+00 0.000000e+00 0.000000e+00 0.000000e+00 0.000000e+00 0.000000e+00 0.000000e+00 0.000000e+00
2.279000e+00 0.000000e+00 -5.771738e+03 -7.147407e+03 0.000000e+00 0.000000e+00 0.000000e+00 -2.074548e+02 -1.902785e+02 1.781718e+03 3.806592e+02 0.000000e+00 0.000000e+00 0.000000e+00 0.000000e+00 0.000000e+00 0.000000e+00 0.000000e+00 0.000000e+00 0.000000e+00
2.280000e+00 0.000000e+00 -5.761345e+03 -7.138201e+03 0.000000e+00 0.000000e+00 0.000000e+00 -2.074117e+02 -1.902368e+02 1.779631e+03 3.805196e+02 0.000000e+00 0.000000e+00 0.000000e+00 0.000000e+00 0.000000e+00 0.000000e+00 0.000000e+00 0.000000e+00 0.000000e+00
2.281000e+00 0.000000e+00 -5.751032e+03 -7.129174e+03 0.000000e+00 0.000000e+00 0.000000e+00 -2.073723e+02 -1.901986e+02 1.777550e+03 3.803864e+02 0.000000e+00 0.000000e+00 0.000000e+00 0.000000e+00 0.000000e+00 0.000000e+00 0.000000e+00 0.000000e+00 0.000000e+00
2.282000e+00 0.000000e+00 -5.740801e+03 -7.120330e+03 0.000000e+00 0.000000e+00 0.000000e+00 -2.073369e+02 -1.901640e+02 1.775476e+03 3.802603e+02 0.000000e+00 0.000000e+00 0.000000e+00 0.000000e+00 0.000000e+00 0.000000e+00 0.000000e+00 0.000000e+00 0.000000e+00
2.283000e+00 0.000000e+00 -5.730657e+03 -7.111670e+03 0.000000e+00 0.000000e+00 0.000000e+00 -2.073059e+02 -1.901334e+02 1.773408e+03 3.801420e+02 0.000000e+00 0.000000e+00 0.000000e+00 0.000000e+00 0.000000e+00 0.000000e+00 0.000000e+00 0.000000e+00 0.000000e+00
2.284000e+00 0.000000e+00 -5.720604e+03 -7.103198e+03 0.000000e+00 0.000000e+00 0.000000e+00 -2.072794e+02 -1.901069e+02 1.771347e+03 3.800321e+02 0.000000e+00 0.000000e+00 0.000000e+00 0.000000e+00 0.000000e+00 0.000000e+00 0.000000e+00 0.000000e+00 0.000000e+00
2.285000e+00 0.000000e+00 -5.710645e+03 -7.094917e+03 0.000000e+00 0.000000e+00 0.000000e+00 -2.072579e+02 -1.900851e+02 1.769295e+03 3.799314e+02 0.000000e+00 0.000000e+00 0.000000e+00 0.000000e+00 0.000000e+00 0.000000e+00 0.000000e+00 0.000000e+00 0.000000e+00
2.286000e+00 0.000000e+00 -5.700785e+03 -7.086830e+03 0.000000e+00 0.000000e+00 0.000000e+00 -2.072416e+02 -1.900680e+02 1.767251e+03 3.798406e+02 0.000000e+00 0.000000e+00 0.000000e+00 0.000000e+00 0.000000e+00 0.000000e+00 0.000000e+00 0.000000e+00 0.000000e+00
2.287000e+00 0.000000e+00 -5.691027e+03 -7.078940e+03 0.000000e+00 0.000000e+00 0.000000e+00 -2.072308e+02 -1.900561e+02 1.765216e+03 3.797604e+02 0.000000e+00 0.000000e+00 0.000000e+00 0.000000e+00 0.000000e+00 0.000000e+00 0.000000e+00 0.000000e+00 0.000000e+00
2.288000e+00 0.000000e+00 -5.681375e+03 -7.071250e+03 0.000000e+00 0.000000e+00 0.000000e+00 -2.072257e+02 -1.900496e+02 1.763192e+03 3.796914e+02 0.000000e+00 0.000000e+00 0.000000e+00 0.000000e+00 0.000000e+00 0.000000e+00 0.000000e+00 0.000000e+00 0.000000e+00
2.289000e+00 0.000000e+00 -5.671832e+03 -7.063761e+03 0.000000e+00 0.000000e+00 0.000000e+00 -2.072268e+02 -1.900488e+02 1.761177e+03 3.796344e+02 0.000000e+00 0.000000e+00 0.000000e+00 0.000000e+00 0.000000e+00 0.000000e+00 0.000000e+00 0.000000e+00 0.000000e+00
2.290000e+00 0.000000e+00 -5.662402e+03 -7.056478e+03 0.000000e+00 0.000000e+00 0.000000e+00 -2.072343e+02 -1.900540e+02 1.759174e+03 3.795899e+02 0.000000e+00 0.000000e+00 0.000000e+00 0.000000e+00 0.000000e+00 0.000000e+00 0.000000e+00 0.000000e+00 0.000000e+00
2.291000e+00 0.000000e+00 -5.653089e+03 -7.049402e+03 0.000000e+00 0.000000e+00 0.000000e+00 -2.072484e+02 -1.900655e+02 1.757181e+03 3.795588e+02 0.000000e+00 0.000000e+00 0.000000e+00 0.000000e+00 0.000000e+00 0.000000e+00 0.000000e+00 0.000000e+00 0.000000e+00
2.292000e+00 0.000000e+00 -5.643895e+03 -7.042535e+03 0.000000e+00 0.000000e+00 0.000000e+00 -2.072695e+02 -1.900836e+02 1.755201e+03 3.795417e+02 0.000000e+00 0.000000e+00 0.000000e+00 0.000000e+00 0.000000e+00 0.000000e+00 0.000000e+00 0.000000e+00 0.000000e+00
2.293000e+00 0.000000e+00 -5.634825e+03 -7.035880e+03 0.000000e+00 0.000000e+00 0.000000e+00 -2.072978e+02 -1.901086e+02 1.753234e+03 3.795392e+02 0.000000e+00 0.000000e+00 0.000000e+00 0.000000e+00 0.000000e+00 0.000000e+00 0.000000e+00 0.000000e+00 0.000000e+00
2.294000e+00 0.000000e+00 -5.625882e+03 -7.029438e+03 0.000000e+00 0.000000e+00 0.000000e+00 -2.073337e+02 -1.901407e+02 1.751280e+03 3.795520e+02 0.000000e+00 0.000000e+00 0.000000e+00 0.000000e+00 0.000000e+00 0.000000e+00 0.000000e+00 0.000000e+00 0.000000e+00
2.295000e+00 0.000000e+00 -5.617068e+03 -7.023213e+03 0.000000e+00 0.000000e+00 0.000000e+00 -2.073773e+02 -1.901803e+02 1.749339e+03 3.795808e+02 0.000000e+00 0.000000e+00 0.000000e+00 0.000000e+00 0.000000e+00 0.000000e+00 0.000000e+00 0.000000e+00 0.000000e+00
2.296000e+00 0.000000e+00 -5.608387e+03 -7.017205e+03 0.000000e+00 0.000000e+00 0.000000e+00 -2.074291e+02 -1.902276e+02 1.747412e+03 3.796263e+02 0.000000e+00 0.000000e+00 0.000000e+00 0.000000e+00 0.000000e+00 0.000000e+00 0.000000e+00 0.000000e+00 0.000000e+00
2.297000e+00 0.000000e+00 -5.599842e+03 -7.011418e+03 0.000000e+00 0.000000e+00 0.000000e+00 -2.074892e+02 -1.902828e+02 1.745500e+03 3.796889e+02 0.000000e+00 0.000000e+00 0.000000e+00 0.000000e+00 0.000000e+00 0.000000e+00 0.000000e+00 0.000000e+00 0.000000e+00
2.298000e+00 0.000000e+00 -5.591437e+03 -7.005851e+03 0.000000e+00 0.000000e+00 0.000000e+00 -2.075580e+02 -1.903464e+02 1.743603e+03 3.797695e+02 0.000000e+00 0.000000e+00 0.000000e+00 0.000000e+00 0.000000e+00 0.000000e+00 0.000000e+00 0.000000e+00 0.000000e+00
2.299000e+00 0.000000e+00 -5.583173e+03 -7.000508e+03 0.000000e+00 0.000000e+00 0.000000e+00 -2.076357e+02 -1.904184e+02 1.741722e+03 3.798686e+02 0.000000e+00 0.000000e+00 0.000000e+00 0.000000e+00 0.000000e+00 0.000000e+00 0.000000e+00 0.000000e+00 0.000000e+00
2.300000e+00 0.000000e+00 -5.575054e+03 -6.995389e+03 0.000000e+00 0.000000e+00 0.000000e+00 -2.077225e+02 -1.904993e+02 1.739857e+03 3.799869e+02 0.000000e+00 0.000000e+00 0.000000e+00 0.000000e+00 0.000000e+00 0.000000e+00 0.000000e+00 0.000000e+00 0.000000e+00
2.301000e+00 0.000000e+00 -5.567083e+03 -6.990496e+03 0.000000e+00 0.000000e+00 0.000000e+00 -2.078188e+02 -1.905892e+02 1.738008e+03 3.801249e+02 0.000000e+00 0.000000e+00 0.000000e+00 0.000000e+00 0.000000e+00 0.000000e+00 0.000000e+00 0.000000e+00 0.000000e+00
2.302000e+00 0.000000e+00 -5.559262e+03 -6.985830e+03 0.000000e+00 0.000000e+00 0.000000e+00 -2.079247e+02 -1.906884e+02 1.736176e+03 3.802833e+02 0.000000e+00 0.000000e+00 0.000000e+00 0.000000e+00 0.000000e+00 0.000000e+00 0.000000e+00 0.000000e+00 0.000000e+00
2.303000e+00 0.000000e+00 -5.551594e+03 -6.981392e+03 0.000000e+00 0.000000e+00 0.000000e+00 -2.080406e+02 -1.907972e+02 1.734361e+03 3.804626e+02 0.000000e+00 0.000000e+00 0.000000e+00 0.000000e+00 0.000000e+00 0.000000e+00 0.000000e+00 0.000000e+00 0.000000e+00
2.304000e+00 0.000000e+00 -5.544081e+03 -6.977184e+03 0.000000e+00 0.000000e+00 0.000000e+00 -2.081667e+02 -1.909159e+02 1.732565e+03 3.806634e+02 0.000000e+00 0.000000e+00 0.000000e+00 0.000000e+00 0.000000e+00 0.000000e+00 0.000000e+00 0.000000e+00 0.000000e+00
2.305000e+00 0.000000e+00 -5.536726e+03 -6.973207e+03 0.000000e+00 0.000000e+00 0.000000e+00 -2.083033e+02 -1.910446e+02 1.730787e+03 3.808863e+02 0.000000e+00 0.000000e+00 0.000000e+00 0.000000e+00 0.000000e+00 0.000000e+00 0.000000e+00 0.000000e+00 0.000000e+00
2.306000e+00 0.000000e+00 -5.529531e+03 -6.969460e+03 0.000000e+00 0.000000e+00 0.000000e+00 -2.084505e+02 -1.911836e+02 1.729027e+03 3.811319e+02 0.000000e+00 0.000000e+00 0.000000e+00 0.000000e+00 0.000000e+00 0.000000e+00 0.000000e+00 0.000000e+00 0.000000e+00
2.307000e+00 0.000000e+00 -5.522499e+03 -6.965946e+03 0.000000e+00 0.000000e+00 0.000000e+00 -2.086087e+02 -1.913332e+02 1.727286e+03 3.814007e+02 0.000000e+00 0.000000e+00 0.000000e+00 0.000000e+00 0.000000e+00 0.000000e+00 0.000000e+00 0.000000e+00 0.000000e+00
2.308000e+00 0.000000e+00 -5.515631e+03 -6.962664e+03 0.000000e+00 0.000000e+00 0.000000e+00 -2.087780e+02 -1.914936e+02 1.725565e+03 3.816933e+02 0.000000e+00 0.000000e+00 0.000000e+00 0.000000e+00 0.000000e+00 0.000000e+00 0.000000e+00 0.000000e+00 0.000000e+00
2.309000e+00 0.000000e+00 -5.508929e+03 -6.959615e+03 0.000000e+00 0.000000e+00 0.000000e+00 -2.089587e+02 -1.916650e+02 1.723863e+03 3.820101e+02 0.000000e+00 0.000000e+00 0.000000e+00 0.000000e+00 0.000000e+00 0.000000e+00 0.000000e+00 0.000000e+00 0.000000e+00
2.310000e+00 0.000000e+00 -5.502396e+03 -6.956800e+03 0.000000e+00 0.000000e+00 0.000000e+00 -2.091510e+02 -1.918477e+02 1.722182e+03 3.823517e+02 0.000000e+00 0.000000e+00 0.000000e+00 0.000000e+00 0.000000e+00 0.000000e+00 0.000000e+00 0.000000e+00 0.000000e+00
2.311000e+00 0.000000e+00 -5.496034e+03 -6.954220e+03 0.000000e+00 0.000000e+00 0.000000e+00 -2.093552e+02 -1.920418e+02 1.720521e+03 3.827187e+02 0.000000e+00 0.000000e+00 0.000000e+00 0.000000e+00 0.000000e+00 0.000000e+00 0.000000e+00 0.000000e+00 0.000000e+00
2.312000e+00 0.000000e+00 -5.489844e+03 -6.951873e+03 0.000000e+00 0.000000e+00 0.000000e+00 -2.095714e+02 -1.922477e+02 1.718880e+03 3.831114e+02 0.000000e+00 0.000000e+00 0.000000e+00 0.000000e+00 0.000000e+00 0.000000e+00 0.000000e+00 0.000000e+00 0.000000e+00
2.313000e+00 0.000000e+00 -5.483827e+03 -6.949762e+03 0.000000e+00 0.000000e+00 0.000000e+00 -2.098000e+02 -1.924656e+02 1.717261e+03 3.835305e+02 0.000000e+00 0.000000e+00 0.000000e+00 0.000000e+00 0.000000e+00 0.000000e+00 0.000000e+00 0.000000e+00 0.000000e+00
2.314000e+00 0.000000e+00 -5.477986e+03 -6.947885e+03 0.000000e+00 0.000000e+00 0.000000e+00 -2.100411e+02 -1.926955e+02 1.715663e+03 3.839763e+02 0.000000e+00 0.000000e+00 0.000000e+00 0.000000e+00 0.000000e+00 0.000000e+00 0.000000e+00 0.000000e+00 0.000000e+00
2.315000e+00 0.000000e+00 -5.472322e+03 -6.946243e+03 0.000000e+00 0.000000e+00 0.000000e+00 -2.102949e+02 -1.929379e+02 1.714087e+03 3.844494e+02 0.000000e+00 0.000000e+00 0.000000e+00 0.000000e+00 0.000000e+00 0.000000e+00 0.000000e+00 0.000000e+00 0.000000e+00
2.316000e+00 0.000000e+00 -5.466836e+03 -6.944835e+03 0.000000e+00 0.000000e+00 0.000000e+00 -2.105617e+02 -1.931928e+02 1.712533e+03 3.849501e+02 0.000000e+00 0.000000e+00 0.000000e+00 0.000000e+00 0.000000e+00 0.000000e+00 0.000000e+00 0.000000e+00 0.000000e+00
2.317000e+00 0.000000e+00 -5.461530e+03 -6.943662e+03 0.000000e+00 0.000000e+00 0.000000e+00 -2.108416e+02 -1.934605e+02 1.711001e+03 3.854789e+02 0.000000e+00 0.000000e+00 0.000000e+00 0.000000e+00 0.000000e+00 0.000000e+00 0.000000e+00 0.000000e+00 0.000000e+00
2.318000e+00 0.000000e+00 -5.456404e+03 -6.942722e+03 0.000000e+00 0.000000e+00 0.000000e+00 -2.111348e+02 -1.937412e+02 1.709491e+03 3.860363e+02 0.000000e+00 0.000000e+00 0.000000e+00 0.000000e+00 0.000000e+00 0.000000e+00 0.000000e+00 0.000000e+00 0.000000e+00
2.319000e+00 0.000000e+00 -5.451460e+03 -6.942017e+03 0.000000e+00 0.000000e+00 0.000000e+00 -2.114415e+02 -1.940350e+02 1.708004e+03 3.866226e+02 0.000000e+00 0.000000e+00 0.000000e+00 0.000000e+00 0.000000e+00 0.000000e+00 0.000000e+00 0.000000e+00 0.000000e+00
2.320000e+00 0.000000e+00 -5.446699e+03 -6.941544e+03 0.000000e+00 0.000000e+00 0.000000e+00 -2.117619e+02 -1.943421e+02 1.706539e+03 3.872382e+02 0.000000e+00 0.000000e+00 0.000000e+00 0.000000e+00 0.000000e+00 0.000000e+00 0.000000e+00 0.000000e+00 0.000000e+00
2.321000e+00 0.000000e+00 -5.442122e+03 -6.941303e+03 0.000000e+00 0.000000e+00 0.000000e+00 -2.120961e+02 -1.946627e+02 1.705098e+03 3.878834e+02 0.000000e+00 0.000000e+00 0.000000e+00 0.000000e+00 0.000000e+00 0.000000e+00 0.000000e+00 0.000000e+00 0.000000e+00
2.322000e+00 0.000000e+00 -5.437729e+03 -6.941294e+03 0.000000e+00 0.000000e+00 0.000000e+00 -2.124444e+02 -1.949970e+02 1.703680e+03 3.885586e+02 0.000000e+00 0.000000e+00 0.000000e+00 0.000000e+00 0.000000e+00 0.000000e+00 0.000000e+00 0.000000e+00 0.000000e+00
2.323000e+00 0.000000e+00 -5.433521e+03 -6.941516e+03 0.000000e+00 0.000000e+00 0.000000e+00 -2.128068e+02 -1.953451e+02 1.702286e+03 3.892642e+02 0.000000e+00 0.000000e+00 0.000000e+00 0.000000e+00 0.000000e+00 0.000000e+00 0.000000e+00 0.000000e+00 0.000000e+00
2.324000e+00 0.000000e+00 -5.429499e+03 -6.941967e+03 0.000000e+00 0.000000e+00 0.000000e+00 -2.131835e+02 -1.957071e+02 1.700915e+03 3.900004e+02 0.000000e+00 0.000000e+00 0.000000e+00 0.000000e+00 0.000000e+00 0.000000e+00 0.000000e+00 0.000000e+00 0.000000e+00
2.325000e+00 0.000000e+00 -5.425663e+03 -6.942647e+03 0.000000e+00 0.000000e+00 0.000000e+00 -2.135747e+02 -1.960833e+02 1.699567e+03 3.907676e+02 0.000000e+00 0.000000e+00 0.000000e+00 0.000000e+00 0.000000e+00 0.000000e+00 0.000000e+00 0.000000e+00 0.000000e+00
2.326000e+00 0.000000e+00 -5.422014e+03 -6.943554e+03 0.000000e+00 0.000000e+00 0.000000e+00 -2.139805e+02 -1.964737e+02 1.698244e+03 3.915659e+02 0.000000e+00 0.000000e+00 0.000000e+00 0.000000e+00 0.000000e+00 0.000000e+00 0.000000e+00 0.000000e+00 0.000000e+00
2.327000e+00 0.000000e+00 -5.418551e+03 -6.944687e+03 0.000000e+00 0.000000e+00 0.000000e+00 -2.144011e+02 -1.968784e+02 1.696944e+03 3.923958e+02 0.000000e+00 0.000000e+00 0.000000e+00 0.000000e+00 0.000000e+00 0.000000e+00 0.000000e+00 0.000000e+00 0.000000e+00
2.328000e+00 0.000000e+00 -5.415276e+03 -6.946045e+03 0.000000e+00 0.000000e+00 0.000000e+00 -2.148364e+02 -1.972977e+02 1.695669e+03 3.932574e+02 0.000000e+00 0.000000e+00 0.000000e+00 0.000000e+00 0.000000e+00 0.000000e+00 0.000000e+00 0.000000e+00 0.000000e+00
2.329000e+00 0.000000e+00 -5.412188e+03 -6.947626e+03 0.000000e+00 0.000000e+00 0.000000e+00 -2.152867e+02 -1.977315e+02 1.694418e+03 3.941509e+02 0.000000e+00 0.000000e+00 0.000000e+00 0.000000e+00 0.000000e+00 0.000000e+00 0.000000e+00 0.000000e+00 0.000000e+00
2.330000e+00 0.000000e+00 -5.409287e+03 -6.949429e+03 0.000000e+00 0.000000e+00 0.000000e+00 -2.157520e+02 -1.981801e+02 1.693190e+03 3.950766e+02 0.000000e+00 0.000000e+00 0.000000e+00 0.000000e+00 0.000000e+00 0.000000e+00 0.000000e+00 0.000000e+00 0.000000e+00
2.331000e+00 0.000000e+00 -5.406574e+03 -6.951452e+03 0.000000e+00 0.000000e+00 0.000000e+00 -2.162325e+02 -1.986434e+02 1.691988e+03 3.960346e+02 0.000000e+00 0.000000e+00 0.000000e+00 0.000000e+00 0.000000e+00 0.000000e+00 0.000000e+00 0.000000e+00 0.000000e+00
2.332000e+00 0.000000e+00 -5.404047e+03 -6.953693e+03 0.000000e+00 0.000000e+00 0.000000e+00 -2.167283e+02 -1.991217e+02 1.690809e+03 3.970252e+02 0.000000e+00 0.000000e+00 0.000000e+00 0.000000e+00 0.000000e+00 0.000000e+00 0.000000e+00 0.000000e+00 0.000000e+00
2.333000e+00 0.000000e+00 -5.401706e+03 -6.956150e+03 0.000000e+00 0.000000e+00 0.000000e+00 -2.172393e+02 -1.996149e+02 1.689655e+03 3.980484e+02 0.000000e+00 0.000000e+00 0.000000e+00 0.000000e+00 0.000000e+00 0.000000e+00 0.000000e+00 0.000000e+00 0.000000e+00
2.334000e+00 0.000000e+00 -5.399552e+03 -6.958822e+03 0.000000e+00 0.000000e+00 0.000000e+00 -2.177659e+02 -2.001232e+02 1.688525e+03 3.991045e+02 0.000000e+00 0.000000e+00 0.000000e+00 0.000000e+00 0.000000e+00 0.000000e+00 0.000000e+00 0.000000e+00 0.000000e+00
2.335000e+00 0.000000e+00 -5.397584e+03 -6.961707e+03 0.000000e+00 0.000000e+00 0.000000e+00 -2.183079e+02 -2.006467e+02 1.687419e+03 4.001936e+02 0.000000e+00 0.000000e+00 0.000000e+00 0.000000e+00 0.000000e+00 0.000000e+00 0.000000e+00 0.000000e+00 0.000000e+00
2.336000e+00 0.000000e+00 -5.395800e+03 -6.964803e+03 0.000000e+00 0.000000e+00 0.000000e+00 -2.188655e+02 -2.011855e+02 1.686338e+03 4.013157e+02 0.000000e+00 0.000000e+00 0.000000e+00 0.000000e+00 0.000000e+00 0.000000e+00 0.000000e+00 0.000000e+00 0.000000e+00
2.337000e+00 0.000000e+00 -5.394201e+03 -6.968108e+03 0.000000e+00 0.000000e+00 0.000000e+00 -2.194388e+02 -2.017395e+02 1.685281e+03 4.024710e+02 0.000000e+00 0.000000e+00 0.000000e+00 0.000000e+00 0.000000e+00 0.000000e+00 0.000000e+00 0.000000e+00 0.000000e+00
2.338000e+00 0.000000e+00 -5.392784e+03 -6.971620e+03 0.000000e+00 0.000000e+00 0.000000e+00 -2.200278e+02 -2.023090e+02 1.684249e+03 4.036596e+02 0.000000e+00 0.000000e+00 0.000000e+00 0.000000e+00 0.000000e+00 0.000000e+00 0.000000e+00 0.000000e+00 0.000000e+00
2.339000e+00 0.000000e+00 -5.391551e+03 -6.975336e+03 0.000000e+00 0.000000e+00 0.000000e+00 -2.206326e+02 -2.028939e+02 1.683240e+03 4.048816e+02 0.000000e+00 0.000000e+00 0.000000e+00 0.000000e+00 0.000000e+00 0.000000e+00 0.000000e+00 0.000000e+00 0.000000e+00
2.340000e+00 0.000000e+00 -5.390498e+03 -6.979254e+03 0.000000e+00 0.000000e+00 0.000000e+00 -2.212533e+02 -2.034943e+02 1.682256e+03 4.061368e+02 0.000000e+00 0.000000e+00 0.000000e+00 0.000000e+00 0.000000e+00 0.000000e+00 0.000000e+00 0.000000e+00 0.000000e+00
2.341000e+00 0.000000e+00 -5.389626e+03 -6.983372e+03 0.000000e+00 0.000000e+00 0.000000e+00 -2.218898e+02 -2.041102e+02 1.681296e+03 4.074255e+02 0.000000e+00 0.000000e+00 0.000000e+00 0.000000e+00 0.000000e+00 0.000000e+00 0.000000e+00 0.000000e+00 0.000000e+00
2.342000e+00 0.000000e+00 -5.388933e+03 -6.987687e+03 0.000000e+00 0.000000e+00 0.000000e+00 -2.225421e+02 -2.047416e+02 1.680359e+03 4.087475e+02 0.000000e+00 0.000000e+00 0.000000e+00 0.000000e+00 0.000000e+00 0.000000e+00 0.000000e+00 0.000000e+00 0.000000e+00
2.343000e+00 0.000000e+00 -5.388417e+03 -6.992197e+03 0.000000e+00 0.000000e+00 0.000000e+00 -2.232104e+02 -2.053886e+02 1.679447e+03 4.101029e+02 0.000000e+00 0.000000e+00 0.000000e+00 0.000000e+00 0.000000e+00 0.000000e+00 0.000000e+00 0.000000e+00 0.000000e+00
2.344000e+00 0.000000e+00 -5.388078e+03 -6.996899e+03 0.000000e+00 0.000000e+00 0.000000e+00 -2.238946e+02 -2.060511e+02 1.678559e+03 4.114916e+02 0.000000e+00 0.000000e+00 0.000000e+00 0.000000e+00 0.000000e+00 0.000000e+00 0.000000e+00 0.000000e+00 0.000000e+00
2.345000e+00 0.000000e+00 -5.387914e+03 -7.001790e+03 0.000000e+00 0.000000e+00 0.000000e+00 -2.245947e+02 -2.067293e+02 1.677694e+03 4.129135e+02 0.000000e+00 0.000000e+00 0.000000e+00 0.000000e+00 0.000000e+00 0.000000e+00 0.000000e+00 0.000000e+00 0.000000e+00
2.346000e+00 0.000000e+00 -5.387923e+03 -7.006868e+03 0.000000e+00 0.000000e+00 0.000000e+00 -2.253107e+02 -2.074230e+02 1.676852e+03 4.143686e+02 0.000000e+00 0.000000e+00 0.000000e+00 0.000000e+00 0.000000e+00 0.000000e+00 0.000000e+00 0.000000e+00 0.000000e+00
2.347000e+00 0.000000e+00 -5.388104e+03 -7.012131e+03 0.000000e+00 0.000000e+00 0.000000e+00 -2.260425e+02 -2.081322e+02 1.676034e+03 4.158568e+02 0.000000e+00 0.000000e+00 0.000000e+00 0.000000e+00 0.000000e+00 0.000000e+00 0.000000e+00 0.000000e+00 0.000000e+00
2.348000e+00 0.000000e+00 -5.388455e+03 -7.017574e+03 0.000000e+00 0.000000e+00 0.000000e+00 -2.267903e+02 -2.088569e+02 1.675239e+03 4.173779e+02 0.000000e+00 0.000000e+00 0.000000e+00 0.000000e+00 0.000000e+00 0.000000e+00 0.000000e+00 0.000000e+00 0.000000e+00
2.349000e+00 0.000000e+00 -5.388974e+03 -7.023195e+03 0.000000e+00 0.000000e+00 0.000000e+00 -2.275538e+02 -2.095971e+02 1.674467e+03 4.189318e+02 0.000000e+00 0.000000e+00 0.000000e+00 0.000000e+00 0.000000e+00 0.000000e+00 0.000000e+00 0.000000e+00 0.000000e+00
2.350000e+00 0.000000e+00 -5.389659e+03 -7.028990e+03 0.000000e+00 0.000000e+00 0.000000e+00 -2.283331e+02 -2.103528e+02 1.673718e+03 4.205183e+02 0.000000e+00 0.000000e+00 0.000000e+00 0.000000e+00 0.000000e+00 0.000000e+00 0.000000e+00 0.000000e+00 0.000000e+00
2.351000e+00 0.000000e+00 -5.390508e+03 -7.034958e+03 0.000000e+00 0.000000e+00 0.000000e+00 -2.291282e+02 -2.111239e+02 1.672991e+03 4.221373e+02 0.000000e+00 0.000000e+00 0.000000e+00 0.000000e+00 0.000000e+00 0.000000e+00 0.000000e+00 0.000000e+00 0.000000e+00
2.352000e+00 0.000000e+00 -5.391520e+03 -7.041095e+03 0.000000e+00 0.000000e+00 0.000000e+00 -2.299389e+02 -2.119102e+02 1.672287e+03 4.237886e+02 0.000000e+00 0.000000e+00 0.000000e+00 0.000000e+00 0.000000e+00 0.000000e+00 0.000000e+00 0.000000e+00 0.000000e+00
2.353000e+00 0.000000e+00 -5.392692e+03 -7.047397e+03 0.000000e+00 0.000000e+00 0.000000e+00 -2.307652e+02 -2.127119e+02 1.671605e+03 4.254719e+02 0.000000e+00 0.000000e+00 0.000000e+00 0.000000e+00 0.000000e+00 0.000000e+00 0.000000e+00 0.000000e+00 0.000000e+00
2.354000e+00 0.000000e+00 -5.394022e+03 -7.053861e+03 0.000000e+00 0.000000e+00 0.000000e+00 -2.316070e+02 -2.135287e+02 1.670945e+03 4.271870e+02 0.000000e+00 0.000000e+00 0.000000e+00 0.000000e+00 0.000000e+00 0.000000e+00 0.000000e+00 0.000000e+00 0.000000e+00
2.355000e+00 0.000000e+00 -5.395507e+03 -7.060485e+03 0.000000e+00 0.000000e+00 0.000000e+00 -2.324642e+02 -2.143606e+02 1.670306e+03 4.289338e+02 0.000000e+00 0.000000e+00 0.000000e+00 0.000000e+00 0.000000e+00 0.000000e+00 0.000000e+00 0.000000e+00 0.000000e+00
2.356000e+00 0.000000e+00 -5.397146e+03 -7.067264e+03 0.000000e+00 0.000000e+00 0.000000e+00 -2.333368e+02 -2.152076e+02 1.669689e+03 4.307118e+02 0.000000e+00 0.000000e+00 0.000000e+00 0.000000e+00 0.000000e+00 0.000000e+00 0.000000e+00 0.000000e+00 0.000000e+00
2.357000e+00 0.000000e+00 -5.398935e+03 -7.074197e+03 0.000000e+00 0.000000e+00 0.000000e+00 -2.342248e+02 -2.160696e+02 1.669093e+03 4.325209e+02 0.000000e+00 0.000000e+00 0.000000e+00 0.000000e+00 0.000000e+00 0.000000e+00 0.000000e+00 0.000000e+00 0.000000e+00
2.358000e+00 0.000000e+00 -5.400872e+03 -7.081279e+03 0.000000e+00 0.000000e+00 0.000000e+00 -2.351279e+02 -2.169465e+02 1.668518e+03 4.343609e+02 0.000000e+00 0.000000e+00 0.000000e+00 0.000000e+00 0.000000e+00 0.000000e+00 0.000000e+00 0.000000e+00 0.000000e+00
2.359000e+00 0.000000e+00 -5.402955e+03 -7.088507e+03 0.000000e+00 0.000000e+00 0.000000e+00 -2.360462e+02 -2.178381e+02 1.667964e+03 4.362313e+02 0.000000e+00 0.000000e+00 0.000000e+00 0.000000e+00 0.000000e+00 0.000000e+00 0.000000e+00 0.000000e+00 0.000000e+00
2.360000e+00 0.000000e+00 -5.405180e+03 -7.095878e+03 0.000000e+00 0.000000e+00 0.000000e+00 -2.369796e+02 -2.187445e+02 1.667430e+03 4.381319e+02 0.000000e+00 0.000000e+00 0.000000e+00 0.000000e+00 0.000000e+00 0.000000e+00 0.000000e+00 0.000000e+00 0.000000e+00
2.361000e+00 0.000000e+00 -5.407545e+03 -7.103388e+03 0.000000e+00 0.000000e+00 0.000000e+00 -2.379278e+02 -2.196654e+02 1.666916e+03 4.400623e+02 0.000000e+00 0.000000e+00 0.000000e+00 0.000000e+00 0.000000e+00 0.000000e+00 0.000000e+00 0.000000e+00 0.000000e+00
2.362000e+00 0.000000e+00 -5.410048e+03 -7.111035e+03 0.000000e+00 0.000000e+00 0.000000e+00 -2.388908e+02 -2.206009e+02 1.666421e+03 4.420223e+02 0.000000e+00 0.000000e+00 0.000000e+00 0.000000e+00 0.000000e+00 0.000000e+00 0.000000e+00 0.000000e+00 0.000000e+00
2.363000e+00 0.000000e+00 -5.412684e+03 -7.118814e+03 0.000000e+00 0.000000e+00 0.000000e+00 -2.398685e+02 -2.215506e+02 1.665946e+03 4.440113e+02 0.000000e+00 0.000000e+00 0.000000e+00 0.000000e+00 0.000000e+00 0.000000e+00 0.000000e+00 0.000000e+00 0.000000e+00
2.364000e+00 0.000000e+00 -5.415452e+03 -7.126722e+03 0.000000e+00 0.000000e+00 0.000000e+00 -2.408608e+02 -2.225146e+02 1.665490e+03 4.460291e+02 0.000000e+00 0.000000e+00 0.000000e+00 0.000000e+00 0.000000e+00 0.000000e+00 0.000000e+00 0.000000e+00 0.000000e+00
2.365000e+00 0.000000e+00 -5.418348e+03 -7.134757e+03 0.000000e+00 0.000000e+00 0.000000e+00 -2.418674e+02 -2.234927e+02 1.665052e+03 4.480752e+02 0.000000e+00 0.000000e+00 0.000000e+00 0.000000e+00 0.000000e+00 0.000000e+00 0.000000e+00 0.000000e+00 0.000000e+00
2.366000e+00 0.000000e+00 -5.421369e+03 -7.142913e+03 0.000000e+00 0.000000e+00 0.000000e+00 -2.428883e+02 -2.244846e+02 1.664633e+03 4.501493e+02 0.000000e+00 0.000000e+00 0.000000e+00 0.000000e+00 0.000000e+00 0.000000e+00 0.000000e+00 0.000000e+00 0.000000e+00
2.367000e+00 0.000000e+00 -5.424513e+03 -7.151188e+03 0.000000e+00 0.000000e+00 0.000000e+00 -2.439233e+02 -2.254904e+02 1.664232e+03 4.522508e+02 0.000000e+00 0.000000e+00 0.000000e+00 0.000000e+00 0.000000e+00 0.000000e+00 0.000000e+00 0.000000e+00 0.000000e+00
2.368000e+00 0.000000e+00 -5.427775e+03 -7.159578e+03 0.000000e+00 0.000000e+00 0.000000e+00 -2.449722e+02 -2.265097e+02 1.663849e+03 4.543794e+02 0.000000e+00 0.000000e+00 0.000000e+00 0.000000e+00 0.000000e+00 0.000000e+00 0.000000e+00 0.000000e+00 0.000000e+00
2.369000e+00 0.000000e+00 -5.431153e+03 -7.168079e+03 0.000000e+00 0.000000e+00 0.000000e+00 -2.460349e+02 -2.275425e+02 1.663482e+03 4.565345e+02 0.000000e+00 0.000000e+00 0.000000e+00 0.000000e+00 0.000000e+00 0.000000e+00 0.000000e+00 0.000000e+00 0.000000e+00
2.370000e+00 0.000000e+00 -5.434643e+03 -7.176688e+03 0.000000e+00 0.000000e+00 0.000000e+00 -2.471112e+02 -2.285885e+02 1.663133e+03 4.587157e+02 0.000000e+00 0.000000e+00 0.000000e+00 0.000000e+00 0.000000e+00 0.000000e+00 0.000000e+00 0.000000e+00 0.000000e+00
2.371000e+00 0.000000e+00 -5.438243e+03 -7.185401e+03 0.000000e+00 0.000000e+00 0.000000e+00 -2.482008e+02 -2.296476e+02 1.662800e+03 4.609224e+02 0.000000e+00 0.000000e+00 0.000000e+00 0.000000e+00 0.000000e+00 0.000000e+00 0.000000e+00 0.000000e+00 0.000000e+00
2.372000e+00 0.000000e+00 -5.441948e+03 -7.194215e+03 0.000000e+00 0.000000e+00 0.000000e+00 -2.493036e+02 -2.307196e+02 1.662483e+03 4.631543e+02 0.000000e+00 0.000000e+00 0.000000e+00 0.000000e+00 0.000000e+00 0.000000e+00 0.000000e+00 0.000000e+00 0.000000e+00
2.373000e+00 0.000000e+00 -5.445756e+03 -7.203125e+03 0.000000e+00 0.000000e+00 0.000000e+00 -2.504194e+02 -2.318042e+02 1.662182e+03 4.654107e+02 0.000000e+00 0.000000e+00 0.000000e+00 0.000000e+00 0.000000e+00 0.000000e+00 0.000000e+00 0.000000e+00 0.000000e+00
2.374000e+00 0.000000e+00 -5.449662e+03 -7.212129e+03 0.000000e+00 0.000000e+00 0.000000e+00 -2.515480e+02 -2.329013e+02 1.661897e+03 4.676911e+02 0.000000e+00 0.000000e+00 0.000000e+00 0.000000e+00 0.000000e+00 0.000000e+00 0.000000e+00 0.000000e+00 0.000000e+00
2.375000e+00 0.000000e+00 -5.453665e+03 -7.221222e+03 0.000000e+00 0.000000e+00 0.000000e+00 -2.526892e+02 -2.340106e+02 1.661626e+03 4.699949e+02 0.000000e+00 0.000000e+00 0.000000e+00 0.000000e+00 0.000000e+00 0.000000e+00 0.000000e+00 0.000000e+00 0.000000e+00
2.376000e+00 0.000000e+00 -5.457759e+03 -7.230400e+03 0.000000e+00 0.000000e+00 0.000000e+00 -2.538427e+02 -2.351320e+02 1.661370e+03 4.723216e+02 0.000000e+00 0.000000e+00 0.000000e+00 0.000000e+00 0.000000e+00 0.000000e+00 0.000000e+00 0.000000e+00 0.000000e+00
2.377000e+00 0.000000e+00 -5.461942e+03 -7.239661e+03 0.000000e+00 0.000000e+00 0.000000e+00 -2.550083e+02 -2.362652e+02 1.661128e+03 4.746707e+02 0.000000e+00 0.000000e+00 0.000000e+00 0.000000e+00 0.000000e+00 0.000000e+00 0.000000e+00 0.000000e+00 0.000000e+00
2.378000e+00 0.000000e+00 -5.466209e+03 -7.249001e+03 0.000000e+00 0.000000e+00 0.000000e+00 -2.561859e+02 -2.374101e+02 1.660899e+03 4.770415e+02 0.000000e+00 0.000000e+00 0.000000e+00 0.000000e+00 0.000000e+00 0.000000e+00 0.000000e+00 0.000000e+00 0.000000e+00
2.379000e+00 0.000000e+00 -5.470558e+03 -7.258416e+03 0.000000e+00 0.000000e+00 0.000000e+00 -2.573752e+02 -2.385663e+02 1.660684e+03 4.794336e+02 0.000000e+00 0.000000e+00 0.000000e+00 0.000000e+00 0.000000e+00 0.000000e+00 0.000000e+00 0.000000e+00 0.000000e+00
2.380000e+00 0.000000e+00 -5.474984e+03 -7.267902e+03 0.000000e+00 0.000000e+00 0.000000e+00 -2.585760e+02 -2.397337e+02 1.660482e+03 4.818462e+02 0.000000e+00 0.000000e+00 0.000000e+00 0.000000e+00 0.000000e+00 0.000000e+00 0.000000e+00 0.000000e+00 0.000000e+00
2.381000e+00 0.000000e+00 -5.479483e+03 -7.277457e+03 0.000000e+00 0.000000e+00 0.000000e+00 -2.597880e+02 -2.409121e+02 1.660292e+03 4.842788e+02 0.000000e+00 0.000000e+00 0.000000e+00 0.000000e+00 0.000000e+00 0.000000e+00 0.000000e+00 0.000000e+00 0.000000e+00
2.382000e+00 0.000000e+00 -5.484053e+03 -7.287076e+03 0.000000e+00 0.000000e+00 0.000000e+00 -2.610111e+02 -2.421012e+02 1.660115e+03 4.867309e+02 0.000000e+00 0.000000e+00 0.000000e+00 0.000000e+00 0.000000e+00 0.000000e+00 0.000000e+00 0.000000e+00 0.000000e+00
2.383000e+00 0.000000e+00 -5.488689e+03 -7.296756e+03 0.000000e+00 0.000000e+00 0.000000e+00 -2.622450e+02 -2.433008e+02 1.659948e+03 4.892017e+02 0.000000e+00 0.000000e+00 0.000000e+00 0.000000e+00 0.000000e+00 0.000000e+00 0.000000e+00 0.000000e+00 0.000000e+00
2.384000e+00 0.000000e+00 -5.493387e+03 -7.306494e+03 0.000000e+00 0.000000e+00 0.000000e+00 -2.634895e+02 -2.445106e+02 1.659793e+03 4.916907e+02 0.000000e+00 0.000000e+00 0.000000e+00 0.000000e+00 0.000000e+00 0.000000e+00 0.000000e+00 0.000000e+00 0.000000e+00
2.385000e+00 0.000000e+00 -5.498144e+03 -7.316286e+03 0.000000e+00 0.000000e+00 0.000000e+00 -2.647442e+02 -2.457305e+02 1.659649e+03 4.941972e+02 0.000000e+00 0.000000e+00 0.000000e+00 0.000000e+00 0.000000e+00 0.000000e+00 0.000000e+00 0.000000e+00 0.000000e+00
2.386000e+00 0.000000e+00 -5.502955e+03 -7.326129e+03 0.000000e+00 0.000000e+00 0.000000e+00 -2.660090e+02 -2.469600e+02 1.659515e+03 4.967205e+02 0.000000e+00 0.000000e+00 0.000000e+00 0.000000e+00 0.000000e+00 0.000000e+00 0.000000e+00 0.000000e+00 0.000000e+00
2.387000e+00 0.000000e+00 -5.507818e+03 -7.336019e+03 0.000000e+00 0.000000e+00 0.000000e+00 -2.672836e+02 -2.481991e+02 1.659390e+03 4.992600e+02 0.000000e+00 0.000000e+00 0.000000e+00 0.000000e+00 0.000000e+00 0.000000e+00 0.000000e+00 0.000000e+00 0.000000e+00
2.388000e+00 0.000000e+00 -5.512728e+03 -7.345952e+03 0.000000e+00 0.000000e+00 0.000000e+00 -2.685677e+02 -2.494473e+02 1.659276e+03 5.018151e+02 0.000000e+00 0.000000e+00 0.000000e+00 0.000000e+00 0.000000e+00 0.000000e+00 0.000000e+00 0.000000e+00 0.000000e+00
2.389000e+00 0.000000e+00 -5.517681e+03 -7.355926e+03 0.000000e+00 0.000000e+00 0.000000e+00 -2.698610e+02 -2.507045e+02 1.659170e+03 5.043850e+02 0.000000e+00 0.000000e+00 0.000000e+00 0.000000e+00 0.000000e+00 0.000000e+00 0.000000e+00 0.000000e+00 0.000000e+00
2.390000e+00 0.000000e+00 -5.522673e+03 -7.365936e+03 0.000000e+00 0.000000e+00 0.000000e+00 -2.711633e+02 -2.519704e+02 1.659072e+03 5.069690e+02 0.000000e+00 0.000000e+00 0.000000e+00 0.000000e+00 0.000000e+00 0.000000e+00 0.000000e+00 0.000000e+00 0.000000e+00
2.391000e+00 0.000000e+00 -5.527702e+03 -7.375980e+03 0.000000e+00 0.000000e+00 0.000000e+00 -2.724743e+02 -2.532447e+02 1.658983e+03 5.095666e+02 0.000000e+00 0.000000e+00 0.000000e+00 0.000000e+00 0.000000e+00 0.000000e+00 0.000000e+00 0.000000e+00 0.000000e+00
2.392000e+00 0.000000e+00 -5.532762e+03 -7.386055e+03 0.000000e+00 0.000000e+00 0.000000e+00 -2.737937e+02 -2.545270e+02 1.658901e+03 5.121769e+02 0.000000e+00 0.000000e+00 0.000000e+00 0.000000e+00 0.000000e+00 0.000000e+00 0.000000e+00 0.000000e+00 0.000000e+00
2.393000e+00 0.000000e+00 -5.537850e+03 -7.396155e+03 0.000000e+00 0.000000e+00 0.000000e+00 -2.751212e+02 -2.558172e+02 1.658826e+03 5.147992e+02 0.000000e+00 0.000000e+00 0.000000e+00 0.000000e+00 0.000000e+00 0.000000e+00 0.000000e+00 0.000000e+00 0.000000e+00
2.394000e+00 0.000000e+00 -5.542962e+03 -7.406279e+03 0.000000e+00 0.000000e+00 0.000000e+00 -2.764565e+02 -2.571149e+02 1.658759e+03 5.174329e+02 0.000000e+00 0.000000e+00 0.000000e+00 0.000000e+00 0.000000e+00 0.000000e+00 0.000000e+00 0.000000e+00 0.000000e+00
2.395000e+00 0.000000e+00 -5.548095e+03 -7.416423e+03 0.000000e+00 0.000000e+00 0.000000e+00 -2.777994e+02 -2.584198e+02 1.658697e+03 5.200773e+02 0.000000e+00 0.000000e+00 0.000000e+00 0.000000e+00 0.000000e+00 0.000000e+00 0.000000e+00 0.000000e+00 0.000000e+00
2.396000e+00 0.000000e+00 -5.553244e+03 -7.426584e+03 0.000000e+00 0.000000e+00 0.000000e+00 -2.791495e+02 -2.597317e+02 1.658641e+03 5.227315e+02 0.000000e+00 0.000000e+00 0.000000e+00 0.000000e+00 0.000000e+00 0.000000e+00 0.000000e+00 0.000000e+00 0.000000e+00
2.397000e+00 0.000000e+00 -5.558406e+03 -7.436758e+03 0.000000e+00 0.000000e+00 0.000000e+00 -2.805064e+02 -2.610502e+02 1.658591e+03 5.253950e+02 0.000000e+00 0.000000e+00 0.000000e+00 0.000000e+00 0.000000e+00 0.000000e+00 0.000000e+00 0.000000e+00 0.000000e+00
2.398000e+00 0.000000e+00 -5.563577e+03 -7.446943e+03 0.000000e+00 0.000000e+00 0.000000e+00 -2.818700e+02 -2.623750e+02 1.658545e+03 5.280669e+02 0.000000e+00 0.000000e+00 0.000000e+00 0.000000e+00 0.000000e+00 0.000000e+00 0.000000e+00 0.000000e+00 0.000000e+00
2.399000e+00 0.000000e+00 -5.568752e+03 -7.457134e+03 0.000000e+00 0.000000e+00 0.000000e+00 -2.832400e+02 -2.637059e+02 1.658505e+03 5.307466e+02 0.000000e+00 0.000000e+00 0.000000e+00 0.000000e+00 0.000000e+00 0.000000e+00 0.000000e+00 0.000000e+00 0.000000e+00
2.400000e+00 0.000000e+00 -5.573929e+03 -7.467330e+03 0.000000e+00 0.000000e+00 0.000000e+00 -2.846160e+02 -2.650425e+02 1.658468e+03 5.334333e+02 0.000000e+00 0.000000e+00 0.000000e+00 0.000000e+00 0.000000e+00 0.000000e+00 0.000000e+00 0.000000e+00 0.000000e+00
2.401000e+00 0.000000e+00 -5.579104e+03 -7.477528e+03 0.000000e+00 0.000000e+00 0.000000e+00 -2.859977e+02 -2.663846e+02 1.658435e+03 5.361263e+02 0.000000e+00 0.000000e+00 0.000000e+00 0.000000e+00 0.000000e+00 0.000000e+00 0.000000e+00 0.000000e+00 0.000000e+00
2.402000e+00 0.000000e+00 -5.584272e+03 -7.487723e+03 0.000000e+00 0.000000e+00 0.000000e+00 -2.873849e+02 -2.677319e+02 1.658405e+03 5.388249e+02 0.000000e+00 0.000000e+00 0.000000e+00 0.000000e+00 0.000000e+00 0.000000e+00 0.000000e+00 0.000000e+00 0.000000e+00
2.403000e+00 0.000000e+00 -5.589429e+03 -7.497914e+03 0.000000e+00 0.000000e+00 0.000000e+00 -2.887772e+02 -2.690840e+02 1.658378e+03 5.415284e+02 0.000000e+00 0.000000e+00 0.000000e+00 0.000000e+00 0.000000e+00 0.000000e+00 0.000000e+00 0.000000e+00 0.000000e+00
2.404000e+00 0.000000e+00 -5.594573e+03 -7.508097e+03 0.000000e+00 0.000000e+00 0.000000e+00 -2.901744e+02 -2.704407e+02 1.658353e+03 5.442361e+02 0.000000e+00 0.000000e+00 0.000000e+00 0.000000e+00 0.000000e+00 0.000000e+00 0.000000e+00 0.000000e+00 0.000000e+00
2.405000e+00 0.000000e+00 -5.599699e+03 -7.518270e+03 0.000000e+00 0.000000e+00 0.000000e+00 -2.915761e+02 -2.718017e+02 1.658330e+03 5.469471e+02 0.000000e+00 0.000000e+00 0.000000e+00 0.000000e+00 0.000000e+00 0.000000e+00 0.000000e+00 0.000000e+00 0.000000e+00
2.406000e+00 0.000000e+00 -5.604803e+03 -7.528429e+03 0.000000e+00 0.000000e+00 0.000000e+00 -2.929821e+02 -2.731666e+02 1.658309e+03 5.496608e+02 0.000000e+00 0.000000e+00 0.000000e+00 0.000000e+00 0.000000e+00 0.000000e+00 0.000000e+00 0.000000e+00 0.000000e+00
2.407000e+00 0.000000e+00 -5.609882e+03 -7.538573e+03 0.000000e+00 0.000000e+00 0.000000e+00 -2.943919e+02 -2.745352e+02 1.658289e+03 5.523765e+02 0.000000e+00 0.000000e+00 0.000000e+00 0.000000e+00 0.000000e+00 0.000000e+00 0.000000e+00 0.000000e+00 0.000000e+00
2.408000e+00 0.000000e+00 -5.614932e+03 -7.548697e+03 0.000000e+00 0.000000e+00 0.000000e+00 -2.958054e+02 -2.759071e+02 1.658269e+03 5.550934e+02 0.000000e+00 0.000000e+00 0.000000e+00 0.000000e+00 0.000000e+00 0.000000e+00 0.000000e+00 0.000000e+00 0.000000e+00
2.409000e+00 0.000000e+00 -5.619950e+03 -7.558800e+03 0.000000e+00 0.000000e+00 0.000000e+00 -2.972221e+02 -2.772820e+02 1.658250e+03 5.578107e+02 0.000000e+00 0.000000e+00 0.000000e+00 0.000000e+00 0.000000e+00 0.000000e+00 0.000000e+00 0.000000e+00 0.000000e+00
2.410000e+00 0.000000e+00 -5.624932e+03 -7.568878e+03 0.000000e+00 0.000000e+00 0.000000e+00 -2.986419e+02 -2.786597e+02 1.658230e+03 5.605278e+02 0.000000e+00 0.000000e+00 0.000000e+00 0.000000e+00 0.000000e+00 0.000000e+00 0.000000e+00 0.000000e+00 0.000000e+00
2.411000e+00 0.000000e+00 -5.629874e+03 -7.578929e+03 0.000000e+00 0.000000e+00 0.000000e+00 -3.000643e+02 -2.800397e+02 1.658211e+03 5.632438e+02 0.000000e+00 0.000000e+00 0.000000e+00 0.000000e+00 0.000000e+00 0.000000e+00 0.000000e+00 0.000000e+00 0.000000e+00
2.412000e+00 0.000000e+00 -5.634773e+03 -7.588951e+03 0.000000e+00 0.000000e+00 0.000000e+00 -3.014890e+02 -2.814218e+02 1.658190e+03 5.659582e+02 0.000000e+00 0.000000e+00 0.000000e+00 0.000000e+00 0.000000e+00 0.000000e+00 0.000000e+00 0.000000e+00 0.000000e+00
2.413000e+00 0.000000e+00 -5.639625e+03 -7.598940e+03 0.000000e+00 0.000000e+00 0.000000e+00 -3.029157e+02 -2.828056e+02 1.658167e+03 5.686700e+02 0.000000e+00 0.000000e+00 0.000000e+00 0.000000e+00 0.000000e+00 0.000000e+00 0.000000e+00 0.000000e+00 0.000000e+00
2.414000e+00 0.000000e+00 -5.644428e+03 -7.608895e+03 0.000000e+00 0.000000e+00 0.000000e+00 -3.043441e+02 -2.841909e+02 1.658144e+03 5.713787e+02 0.000000e+00 0.000000e+00 0.000000e+00 0.000000e+00 0.000000e+00 0.000000e+00 0.000000e+00 0.000000e+00 0.000000e+00
2.415000e+00 0.000000e+00 -5.649176e+03 -7.618812e+03 0.000000e+00 0.000000e+00 0.000000e+00 -3.057739e+02 -2.855773e+02 1.658118e+03 5.740834e+02 0.000000e+00 0.000000e+00 0.000000e+00 0.000000e+00 0.000000e+00 0.000000e+00 0.000000e+00 0.000000e+00 0.000000e+00
2.416000e+00 0.000000e+00 -5.653869e+03 -7.628689e+03 0.000000e+00 0.000000e+00 0.000000e+00 -3.072047e+02 -2.869645e+02 1.658089e+03 5.767834e+02 0.000000e+00 0.000000e+00 0.000000e+00 0.000000e+00 0.000000e+00 0.000000e+00 0.000000e+00 0.000000e+00 0.000000e+00
2.417000e+00 0.000000e+00 -5.658501e+03 -7.638524e+03 0.000000e+00 0.000000e+00 0.000000e+00 -3.086362e+02 -2.883521e+02 1.658058e+03 5.794781e+02 0.000000e+00 0.000000e+00 0.000000e+00 0.000000e+00 0.000000e+00 0.000000e+00 0.000000e+00 0.000000e+00 0.000000e+00
2.418000e+00 0.000000e+00 -5.663069e+03 -7.648314e+03 0.000000e+00 0.000000e+00 0.000000e+00 -3.100682e+02 -2.897399e+02 1.658023e+03 5.821667e+02 0.000000e+00 0.000000e+00 0.000000e+00 0.000000e+00 0.000000e+00 0.000000e+00 0.000000e+00 0.000000e+00 0.000000e+00
2.419000e+00 0.000000e+00 -5.667571e+03 -7.658057e+03 0.000000e+00 0.000000e+00 0.000000e+00 -3.115002e+02 -2.911276e+02 1.657985e+03 5.848484e+02 0.000000e+00 0.000000e+00 0.000000e+00 0.000000e+00 0.000000e+00 0.000000e+00 0.000000e+00 0.000000e+00 0.000000e+00
2.420000e+00 0.000000e+00 -5.672003e+03 -7.667751e+03 0.000000e+00 0.000000e+00 0.000000e+00 -3.129320e+02 -2.925148e+02 1.657943e+03 5.875226e+02 0.000000e+00 0.000000e+00 0.000000e+00 0.000000e+00 0.000000e+00 0.000000e+00 0.000000e+00 0.000000e+00 0.000000e+00
2.421000e+00 0.000000e+00 -5.676362e+03 -7.677393e+03 0.000000e+00 0.000000e+00 0.000000e+00 -3.143632e+02 -2.939012e+02 1.657896e+03 5.901886e+02 0.000000e+00 0.000000e+00 0.000000e+00 0.000000e+00 0.000000e+00 0.000000e+00 0.000000e+00 0.000000e+00 0.000000e+00
2.422000e+00 0.000000e+00 -5.680645e+03 -7.686982e+03 0.000000e+00 0.000000e+00 0.000000e+00 -3.157936e+02 -2.952865e+02 1.657845e+03 5.928457e+02 0.000000e+00 0.000000e+00 0.000000e+00 0.000000e+00 0.000000e+00 0.000000e+00 0.000000e+00 0.000000e+00 0.000000e+00
2.423000e+00 0.000000e+00 -5.684848e+03 -7.696515e+03 0.000000e+00 0.000000e+00 0.000000e+00 -3.172229e+02 -2.966705e+02 1.657789e+03 5.954932e+02 0.000000e+00 0.000000e+00 0.000000e+00 0.000000e+00 0.000000e+00 0.000000e+00 0.000000e+00 0.000000e+00 0.000000e+00
2.424000e+00 0.000000e+00 -5.688969e+03 -7.705990e+03 0.000000e+00 0.000000e+00 0.000000e+00 -3.186507e+02 -2.980528e+02 1.657727e+03 5.981304e+02 0.000000e+00 0.000000e+00 0.000000e+00 0.000000e+00 0.000000e+00 0.000000e+00 0.000000e+00 0.000000e+00 0.000000e+00
2.425000e+00 0.000000e+00 -5.693005e+03 -7.715406e+03 0.000000e+00 0.000000e+00 0.000000e+00 -3.200767e+02 -2.994331e+02 1.657660e+03 6.007567e+02 0.000000e+00 0.000000e+00 0.000000e+00 0.000000e+00 0.000000e+00 0.000000e+00 0.000000e+00 0.000000e+00 0.000000e+00
2.426000e+00 0.000000e+00 -5.696952e+03 -7.724759e+03 0.000000e+00 0.000000e+00 0.000000e+00 -3.215007e+02 -3.008111e+02 1.657587e+03 6.033714e+02 0.000000e+00 0.000000e+00 0.000000e+00 0.000000e+00 0.000000e+00 0.000000e+00 0.000000e+00 0.000000e+00 0.000000e+00
2.427000e+00 0.000000e+00 -5.700808e+03 -7.734049e+03 0.000000e+00 0.000000e+00 0.000000e+00 -3.229223e+02 -3.021865e+02 1.657507e+03 6.059737e+02 0.000000e+00 0.000000e+00 0.000000e+00 0.000000e+00 0.000000e+00 0.000000e+00 0.000000e+00 0.000000e+00 0.000000e+00
2.428000e+00 0.000000e+00 -5.704570e+03 -7.743273e+03 0.000000e+00 0.000000e+00 0.000000e+00 -3.243412e+02 -3.035590e+02 1.657421e+03 6.085631e+02 0.000000e+00 0.000000e+00 0.000000e+00 0.000000e+00 0.000000e+00 0.000000e+00 0.000000e+00 0.000000e+00 0.000000e+00
2.429000e+00 0.000000e+00 -5.708234e+03 -7.752430e+03 0.000000e+00 0.000000e+00 0.000000e+00 -3.257571e+02 -3.049283e+02 1.657327e+03 6.111389e+02 0.000000e+00 0.000000e+00 0.000000e+00 0.000000e+00 0.000000e+00 0.000000e+00 0.000000e+00 0.000000e+00 0.000000e+00
2.430000e+00 0.000000e+00 -5.711800e+03 -7.761517e+03 0.000000e+00 0.000000e+00 0.000000e+00 -3.271697e+02 -3.062941e+02 1.657227e+03 6.137004e+02 0.000000e+00 0.000000e+00 0.000000e+00 0.000000e+00 0.000000e+00 0.000000e+00 0.000000e+00 0.000000e+00 0.000000e+00
2.431000e+00 0.000000e+00 -5.715263e+03 -7.770533e+03 0.000000e+00 0.000000e+00 0.000000e+00 -3.285788e+02 -3.076561e+02 1.657119e+03 6.162470e+02 0.000000e+00 0.000000e+00 0.000000e+00 0.000000e+00 0.000000e+00 0.000000e+00 0.000000e+00 0.000000e+00 0.000000e+00
2.432000e+00 0.000000e+00 -5.718621e+03 -7.779476e+03 0.000000e+00 0.000000e+00 0.000000e+00 -3.299839e+02 -3.090140e+02 1.657003e+03 6.187781e+02 0.000000e+00 0.000000e+00 0.000000e+00 0.000000e+00 0.000000e+00 0.000000e+00 0.000000e+00 0.000000e+00 0.000000e+00
2.433000e+00 0.000000e+00 -5.721872e+03 -7.788343e+03 0.000000e+00 0.000000e+00 0.000000e+00 -3.313848e+02 -3.103674e+02 1.656879e+03 6.212929e+02 0.000000e+00 0.000000e+00 0.000000e+00 0.000000e+00 0.000000e+00 0.000000e+00 0.000000e+00 0.000000e+00 0.000000e+00
2.434000e+00 0.000000e+00 -5.725013e+03 -7.797135e+03 0.000000e+00 0.000000e+00 0.000000e+00 -3.327812e+02 -3.117162e+02 1.656746e+03 6.237909e+02 0.000000e+00 0.000000e+00 0.000000e+00 0.000000e+00 0.000000e+00 0.000000e+00 0.000000e+00 0.000000e+00 0.000000e+00
2.435000e+00 0.000000e+00 -5.728042e+03 -7.805847e+03 0.000000e+00 0.000000e+00 0.000000e+00 -3.341728e+02 -3.130600e+02 1.656605e+03 6.262715e+02 0.000000e+00 0.000000e+00 0.000000e+00 0.000000e+00 0.000000e+00 0.000000e+00 0.000000e+00 0.000000e+00 0.000000e+00
2.436000e+00 0.000000e+00 -5.730956e+03 -7.814480e+03 0.000000e+00 0.000000e+00 0.000000e+00 -3.355594e+02 -3.143986e+02 1.656455e+03 6.287341e+02 0.000000e+00 0.000000e+00 0.000000e+00 0.000000e+00 0.000000e+00 0.000000e+00 0.000000e+00 0.000000e+00 0.000000e+00
2.437000e+00 0.000000e+00 -5.733753e+03 -7.823032e+03 0.000000e+00 0.000000e+00 0.000000e+00 -3.369405e+02 -3.157315e+02 1.656296e+03 6.311780e+02 0.000000e+00 0.000000e+00 0.000000e+00 0.000000e+00 0.000000e+00 0.000000e+00 0.000000e+00 0.000000e+00 0.000000e+00
2.438000e+00 0.000000e+00 -5.736431e+03 -7.831500e+03 0.000000e+00 0.000000e+00 0.000000e+00 -3.383159e+02 -3.170586e+02 1.656127e+03 6.336027e+02 0.000000e+00 0.000000e+00 0.000000e+00 0.000000e+00 0.000000e+00 0.000000e+00 0.000000e+00 0.000000e+00 0.000000e+00
2.439000e+00 0.000000e+00 -5.738988e+03 -7.839883e+03 0.000000e+00 0.000000e+00 0.000000e+00 -3.396854e+02 -3.183795e+02 1.655948e+03 6.360075e+02 0.000000e+00 0.000000e+00 0.000000e+00 0.000000e+00 0.000000e+00 0.000000e+00 0.000000e+00 0.000000e+00 0.000000e+00
2.440000e+00 0.000000e+00 -5.741421e+03 -7.848180e+03 0.000000e+00 0.000000e+00 0.000000e+00 -3.410486e+02 -3.196941e+02 1.655760e+03 6.383919e+02 0.000000e+00 0.000000e+00 0.000000e+00 0.000000e+00 0.000000e+00 0.000000e+00 0.000000e+00 0.000000e+00 0.000000e+00
2.441000e+00 0.000000e+00 -5.743729e+03 -7.856390e+03 0.000000e+00 0.000000e+00 0.000000e+00 -3.424053e+02 -3.210019e+02 1.655561e+03 6.407553e+02 0.000000e+00 0.000000e+00 0.000000e+00 0.000000e+00 0.000000e+00 0.000000e+00 0.000000e+00 0.000000e+00 0.000000e+00
2.442000e+00 0.000000e+00 -5.745909e+03 -7.864510e+03 0.000000e+00 0.000000e+00 0.000000e+00 -3.437552e+02 -3.223027e+02 1.655352e+03 6.430973e+02 0.000000e+00 0.000000e+00 0.000000e+00 0.000000e+00 0.000000e+00 0.000000e+00 0.000000e+00 0.000000e+00 0.000000e+00
2.443000e+00 0.000000e+00 -5.747960e+03 -7.872540e+03 0.000000e+00 0.000000e+00 0.000000e+00 -3.450980e+02 -3.235964e+02 1.655132e+03 6.454171e+02 0.000000e+00 0.000000e+00 0.000000e+00 0.000000e+00 0.000000e+00 0.000000e+00 0.000000e+00 0.000000e+00 0.000000e+00
2.444000e+00 0.000000e+00 -5.749879e+03 -7.880479e+03 0.000000e+00 0.000000e+00 0.000000e+00 -3.464335e+02 -3.248825e+02 1.654901e+03 6.477144e+02 0.000000e+00 0.000000e+00 0.000000e+00 0.000000e+00 0.000000e+00 0.000000e+00 0.000000e+00 0.000000e+00 0.000000e+00
2.445000e+00 0.000000e+00 -5.751665e+03 -7.888324e+03 0.000000e+00 0.000000e+00 0.000000e+00 -3.477614e+02 -3.261609e+02 1.654660e+03 6.499886e+02 0.000000e+00 0.000000e+00 0.000000e+00 0.000000e+00 0.000000e+00 0.000000e+00 0.000000e+00 0.000000e+00 0.000000e+00
2.446000e+00 0.000000e+00 -5.753316e+03 -7.896075e+03 0.000000e+00 0.000000e+00 0.000000e+00 -3.490814e+02 -3.274313e+02 1.654407e+03 6.522391e+02 0.000000e+00 0.000000e+00 0.000000e+00 0.000000e+00 0.000000e+00 0.000000e+00 0.000000e+00 0.000000e+00 0.000000e+00
2.447000e+00 0.000000e+00 -5.754830e+03 -7.903730e+03 0.000000e+00 0.000000e+00 0.000000e+00 -3.503933e+02 -3.286934e+02 1.654142e+03 6.544655e+02 0.000000e+00 0.000000e+00 0.000000e+00 0.000000e+00 0.000000e+00 0.000000e+00 0.000000e+00 0.000000e+00 0.000000e+00
2.448000e+00 0.000000e+00 -5.756206e+03 -7.911289e+03 0.000000e+00 0.000000e+00 0.000000e+00 -3.516968e+02 -3.299470e+02 1.653866e+03 6.566672e+02 0.000000e+00 0.000000e+00 0.000000e+00 0.000000e+00 0.000000e+00 0.000000e+00 0.000000e+00 0.000000e+00 0.000000e+00
2.449000e+00 0.000000e+00 -5.757441e+03 -7.918749e+03 0.000000e+00 0.000000e+00 0.000000e+00 -3.529916e+02 -3.311918e+02 1.653578e+03 6.588438e+02 0.000000e+00 0.000000e+00 0.000000e+00 0.000000e+00 0.000000e+00 0.000000e+00 0.000000e+00 0.000000e+00 0.000000e+00
2.450000e+00 0.000000e+00 -5.758536e+03 -7.926110e+03 0.000000e+00 0.000000e+00 0.000000e+00 -3.542776e+02 -3.324275e+02 1.653278e+03 6.609948e+02 0.000000e+00 0.000000e+00 0.000000e+00 0.000000e+00 0.000000e+00 0.000000e+00 0.000000e+00 0.000000e+00 0.000000e+00
2.451000e+00 0.000000e+00 -5.759487e+03 -7.933371e+03 0.000000e+00 0.000000e+00 0.000000e+00 -3.555544e+02 -3.336540e+02 1.652966e+03 6.631196e+02 0.000000e+00 0.000000e+00 0.000000e+00 0.000000e+00 0.000000e+00 0.000000e+00 0.000000e+00 0.000000e+00 0.000000e+00
2.452000e+00 0.000000e+00 -5.760294e+03 -7.940530e+03 0.000000e+00 0.000000e+00 0.000000e+00 -3.568218e+02 -3.348710e+02 1.652642e+03 6.652180e+02 0.000000e+00 0.000000e+00 0.000000e+00 0.000000e+00 0.000000e+00 0.000000e+00 0.000000e+00 0.000000e+00 0.000000e+00
2.453000e+00 0.000000e+00 -5.760955e+03 -7.947586e+03 0.000000e+00 0.000000e+00 0.000000e+00 -3.580796e+02 -3.360783e+02 1.652305e+03 6.672893e+02 0.000000e+00 0.000000e+00 0.000000e+00 0.000000e+00 0.000000e+00 0.000000e+00 0.000000e+00 0.000000e+00 0.000000e+00
2.454000e+00 0.000000e+00 -5.761470e+03 -7.954539e+03 0.000000e+00 0.000000e+00 0.000000e+00 -3.593275e+02 -3.372755e+02 1.651955e+03 6.693332e+02 0.000000e+00 0.000000e+00 0.000000e+00 0.000000e+00 0.000000e+00 0.000000e+00 0.000000e+00 0.000000e+00 0.000000e+00
2.455000e+00 0.000000e+00 -5.761837e+03 -7.961387e+03 0.000000e+00 0.000000e+00 0.000000e+00 -3.605653e+02 -3.384626e+02 1.651593e+03 6.713492e+02 0.000000e+00 0.000000e+00 0.000000e+00 0.000000e+00 0.000000e+00 0.000000e+00 0.000000e+00 0.000000e+00 0.000000e+00
2.456000e+00 0.000000e+00 -5.762054e+03 -7.968129e+03 0.000000e+00 0.000000e+00 0.000000e+00 -3.617928e+02 -3.396392e+02 1.651218e+03 6.733369e+02 0.000000e+00 0.000000e+00 0.000000e+00 0.000000e+00 0.000000e+00 0.000000e+00 0.000000e+00 0.000000e+00 0.000000e+00
2.457000e+00 0.000000e+00 -5.762121e+03 -7.974764e+03 0.000000e+00 0.000000e+00 0.000000e+00 -3.630096e+02 -3.408051e+02 1.650830e+03 6.752958e+02 0.000000e+00 0.000000e+00 0.000000e+00 0.000000e+00 0.000000e+00 0.000000e+00 0.000000e+00 0.000000e+00 0.000000e+00
2.458000e+00 0.000000e+00 -5.762037e+03 -7.981291e+03 0.000000e+00 0.000000e+00 0.000000e+00 -3.642157e+02 -3.419601e+02 1.650428e+03 6.772257e+02 0.000000e+00 0.000000e+00 0.000000e+00 0.000000e+00 0.000000e+00 0.000000e+00 0.000000e+00 0.000000e+00 0.000000e+00
2.459000e+00 0.000000e+00 -5.761801e+03 -7.987709e+03 0.000000e+00 0.000000e+00 0.000000e+00 -3.654108e+02 -3.431041e+02 1.650014e+03 6.791261e+02 0.000000e+00 0.000000e+00 0.000000e+00 0.000000e+00 0.000000e+00 0.000000e+00 0.000000e+00 0.000000e+00 0.000000e+00
2.460000e+00 0.000000e+00 -5.761412e+03 -7.994017e+03 0.000000e+00 0.000000e+00 0.000000e+00 -3.665946e+02 -3.442367e+02 1.649585e+03 6.809966e+02 0.000000e+00 0.000000e+00 0.000000e+00 0.000000e+00 0.000000e+00 0.000000e+00 0.000000e+00 0.000000e+00 0.000000e+00
2.461000e+00 0.000000e+00 -5.760869e+03 -8.000214e+03 0.000000e+00 0.000000e+00 0.000000e+00 -3.677669e+02 -3.453577e+02 1.649144e+03 6.828368e+02 0.000000e+00 0.000000e+00 0.000000e+00 0.000000e+00 0.000000e+00 0.000000e+00 0.000000e+00 0.000000e+00 0.000000e+00
2.462000e+00 0.000000e+00 -5.760172e+03 -8.006300e+03 0.000000e+00 0.000000e+00 0.000000e+00 -3.689276e+02 -3.464670e+02 1.648689e+03 6.846464e+02 0.000000e+00 0.000000e+00 0.000000e+00 0.000000e+00 0.000000e+00 0.000000e+00 0.000000e+00 0.000000e+00 0.000000e+00
2.463000e+00 0.000000e+00 -5.759319e+03 -8.012273e+03 0.000000e+00 0.000000e+00 0.000000e+00 -3.700764e+02 -3.475644e+02 1.648220e+03 6.864250e+02 0.000000e+00 0.000000e+00 0.000000e+00 0.000000e+00 0.000000e+00 0.000000e+00 0.000000e+00 0.000000e+00 0.000000e+00
2.464000e+00 0.000000e+00 -5.758311e+03 -8.018132e+03 0.000000e+00 0.000000e+00 0.000000e+00 -3.712131e+02 -3.486497e+02 1.647737e+03 6.881724e+02 0.000000e+00 0.000000e+00 0.000000e+00 0.000000e+00 0.000000e+00 0.000000e+00 0.000000e+00 0.000000e+00 0.000000e+00
2.465000e+00 0.000000e+00 -5.757146e+03 -8.023877e+03 0.000000e+00 0.000000e+00 0.000000e+00 -3.723376e+02 -3.497227e+02 1.647240e+03 6.898882e+02 0.000000e+00 0.000000e+00 0.000000e+00 0.000000e+00 0.000000e+00 0.000000e+00 0.000000e+00 0.000000e+00 0.000000e+00
2.466000e+00 0.000000e+00 -5.755825e+03 -8.029507e+03 0.000000e+00 0.000000e+00 0.000000e+00 -3.734496e+02 -3.507831e+02 1.646730e+03 6.915720e+02 0.000000e+00 0.000000e+00 0.000000e+00 0.000000e+00 0.000000e+00 0.000000e+00 0.000000e+00 0.000000e+00 0.000000e+00
2.467000e+00 0.000000e+00 -5.754346e+03 -8.035021e+03 0.000000e+00 0.000000e+00 0.000000e+00 -3.745490e+02 -3.518309e+02 1.646205e+03 6.932237e+02 0.000000e+00 0.000000e+00 0.000000e+00 0.000000e+00 0.000000e+00 0.000000e+00 0.000000e+00 0.000000e+00 0.000000e+00
2.468000e+00 0.000000e+00 -5.752709e+03 -8.040418e+03 0.000000e+00 0.000000e+00 0.000000e+00 -3.756355e+02 -3.528657e+02 1.645667e+03 6.948427e+02 0.000000e+00 0.000000e+00 0.000000e+00 0.000000e+00 0.000000e+00 0.000000e+00 0.000000e+00 0.000000e+00 0.000000e+00
2.469000e+00 0.000000e+00 -5.750914e+03 -8.045698e+03 0.000000e+00 0.000000e+00 0.000000e+00 -3.767091e+02 -3.538876e+02 1.645114e+03 6.964290e+02 0.000000e+00 0.000000e+00 0.000000e+00 0.000000e+00 0.000000e+00 0.000000e+00 0.000000e+00 0.000000e+00 0.000000e+00
2.470000e+00 0.000000e+00 -5.748961e+03 -8.050859e+03 0.000000e+00 0.000000e+00 0.000000e+00 -3.777694e+02 -3.548961e+02 1.644547e+03 6.979822e+02 0.000000e+00 0.000000e+00 0.000000e+00 0.000000e+00 0.000000e+00 0.000000e+00 0.000000e+00 0.000000e+00 0.000000e+00
2.471000e+00 0.000000e+00 -5.746850e+03 -8.055900e+03 0.000000e+00 0.000000e+00 0.000000e+00 -3.788163e+02 -3.558913e+02 1.643966e+03 6.995020e+02 0.000000e+00 0.000000e+00 0.000000e+00 0.000000e+00 0.000000e+00 0.000000e+00 0.000000e+00 0.000000e+00 0.000000e+00
2.472000e+00 0.000000e+00 -5.744581e+03 -8.060822e+03 0.000000e+00 0.000000e+00 0.000000e+00 -3.798497e+02 -3.568729e+02 1.643370e+03 7.009882e+02 0.000000e+00 0.000000e+00 0.000000e+00 0.000000e+00 0.000000e+00 0.000000e+00 0.000000e+00 0.000000e+00 0.000000e+00
2.473000e+00 0.000000e+00 -5.742152e+03 -8.065622e+03 0.000000e+00 0.000000e+00 0.000000e+00 -3.808694e+02 -3.578408e+02 1.642761e+03 7.024406e+02 0.000000e+00 0.000000e+00 0.000000e+00 0.000000e+00 0.000000e+00 0.000000e+00 0.000000e+00 0.000000e+00 0.000000e+00
2.474000e+00 0.000000e+00 -5.739566e+03 -8.070302e+03 0.000000e+00 0.000000e+00 0.000000e+00 -3.818751e+02 -3.587948e+02 1.642136e+03 7.038588e+02 0.000000e+00 0.000000e+00 0.000000e+00 0.000000e+00 0.000000e+00 0.000000e+00 0.000000e+00 0.000000e+00 0.000000e+00
2.475000e+00 0.000000e+00 -5.736820e+03 -8.074858e+03 0.000000e+00 0.000000e+00 0.000000e+00 -3.828669e+02 -3.597348e+02 1.641498e+03 7.052428e+02 0.000000e+00 0.000000e+00 0.000000e+00 0.000000e+00 0.000000e+00 0.000000e+00 0.000000e+00 0.000000e+00 0.000000e+00
2.476000e+00 0.000000e+00 -5.733917e+03 -8.079292e+03 0.000000e+00 0.000000e+00 0.000000e+00 -3.838444e+02 -3.606606e+02 1.640845e+03 7.065923e+02 0.000000e+00 0.000000e+00 0.000000e+00 0.000000e+00 0.000000e+00 0.000000e+00 0.000000e+00 0.000000e+00 0.000000e+00
2.477000e+00 0.000000e+00 -5.730855e+03 -8.083602e+03 0.000000e+00 0.000000e+00 0.000000e+00 -3.848076e+02 -3.615720e+02 1.640178e+03 7.079071e+02 0.000000e+00 0.000000e+00 0.000000e+00 0.000000e+00 0.000000e+00 0.000000e+00 0.000000e+00 0.000000e+00 0.000000e+00
2.478000e+00 0.000000e+00 -5.727635e+03 -8.087788e+03 0.000000e+00 0.000000e+00 0.000000e+00 -3.857564e+02 -3.624690e+02 1.639496e+03 7.091869e+02 0.000000e+00 0.000000e+00 0.000000e+00 0.000000e+00 0.000000e+00 0.000000e+00 0.000000e+00 0.000000e+00 0.000000e+00
2.479000e+00 0.000000e+00 -5.724257e+03 -8.091848e+03 0.000000e+00 0.000000e+00 0.000000e+00 -3.866905e+02 -3.633514e+02 1.638800e+03 7.104317e+02 0.000000e+00 0.000000e+00 0.000000e+00 0.000000e+00 0.000000e+00 0.000000e+00 0.000000e+00 0.000000e+00 0.000000e+00
2.480000e+00 0.000000e+00 -5.720722e+03 -8.095783e+03 0.000000e+00 0.000000e+00 0.000000e+00 -3.876099e+02 -3.642190e+02 1.638089e+03 7.116413e+02 0.000000e+00 0.000000e+00 0.000000e+00 0.000000e+00 0.000000e+00 0.000000e+00 0.000000e+00 0.000000e+00 0.000000e+00
2.481000e+00 0.000000e+00 -5.717030e+03 -8.099591e+03 0.000000e+00 0.000000e+00 0.000000e+00 -3.885143e+02 -3.650718e+02 1.637364e+03 7.128154e+02 0.000000e+00 0.000000e+00 0.000000e+00 0.000000e+00 0.000000e+00 0.000000e+00 0.000000e+00 0.000000e+00 0.000000e+00
2.482000e+00 0.000000e+00 -5.713181e+03 -8.103272e+03 0.000000e+00 0.000000e+00 0.000000e+00 -3.894038e+02 -3.659097e+02 1.636624e+03 7.139541e+02 0.000000e+00 0.000000e+00 0.000000e+00 0.000000e+00 0.000000e+00 0.000000e+00 0.000000e+00 0.000000e+00 0.000000e+00
2.483000e+00 0.000000e+00 -5.709175e+03 -8.106826e+03 0.000000e+00 0.000000e+00 0.000000e+00 -3.902781e+02 -3.667324e+02 1.635870e+03 7.150571e+02 0.000000e+00 0.000000e+00 0.000000e+00 0.000000e+00 0.000000e+00 0.000000e+00 0.000000e+00 0.000000e+00 0.000000e+00
2.484000e+00 0.000000e+00 -5.705014e+03 -8.110251e+03 0.000000e+00 0.000000e+00 0.000000e+00 -3.911372e+02 -3.675400e+02 1.635102e+03 7.161243e+02 0.000000e+00 0.000000e+00 0.000000e+00 0.000000e+00 0.000000e+00 0.000000e+00 0.000000e+00 0.000000e+00 0.000000e+00
2.485000e+00 0.000000e+00 -5.700698e+03 -8.113547e+03 0.000000e+00 0.000000e+00 0.000000e+00 -3.919810e+02 -3.683322e+02 1.634319e+03 7.171556e+02 0.000000e+00 0.000000e+00 0.000000e+00 0.000000e+00 0.000000e+00 0.000000e+00 0.000000e+00 0.000000e+00 0.000000e+00
2.486000e+00 0.000000e+00 -5.696228e+03 -8.116714e+03 0.000000e+00 0.000000e+00 0.000000e+00 -3.928093e+02 -3.691091e+02 1.633522e+03 7.181509e+02 0.000000e+00 0.000000e+00 0.000000e+00 0.000000e+00 0.000000e+00 0.000000e+00 0.000000e+00 0.000000e+00 0.000000e+00
2.487000e+00 0.000000e+00 -5.691603e+03 -8.119751e+03 0.000000e+00 0.000000e+00 0.000000e+00 -3.936220e+02 -3.698705e+02 1.632711e+03 7.191102e+02 0.000000e+00 0.000000e+00 0.000000e+00 0.000000e+00 0.000000e+00 0.000000e+00 0.000000e+00 0.000000e+00 0.000000e+00
2.488000e+00 0.000000e+00 -5.686826e+03 -8.122657e+03 0.000000e+00 0.000000e+00 0.000000e+00 -3.944191e+02 -3.706162e+02 1.631885e+03 7.200333e+02 0.000000e+00 0.000000e+00 0.000000e+00 0.000000e+00 0.000000e+00 0.000000e+00 0.000000e+00 0.000000e+00 0.000000e+00
2.489000e+00 0.000000e+00 -5.681896e+03 -8.125432e+03 0.000000e+00 0.000000e+00 0.000000e+00 -3.952004e+02 -3.713464e+02 1.631046e+03 7.209202e+02 0.000000e+00 0.000000e+00 0.000000e+00 0.000000e+00 0.000000e+00 0.000000e+00 0.000000e+00 0.000000e+00 0.000000e+00
2.490000e+00 0.000000e+00 -5.676815e+03 -8.128075e+03 0.000000e+00 0.000000e+00 0.000000e+00 -3.959660e+02 -3.720607e+02 1.630192e+03 7.217708e+02 0.000000e+00 0.000000e+00 0.000000e+00 0.000000e+00 0.000000e+00 0.000000e+00 0.000000e+00 0.000000e+00 0.000000e+00
2.491000e+00 0.000000e+00 -5.671583e+03 -8.130586e+03 0.000000e+00 0.000000e+00 0.000000e+00 -3.967155e+02 -3.727593e+02 1.629323e+03 7.225851e+02 0.000000e+00 0.000000e+00 0.000000e+00 0.000000e+00 0.000000e+00 0.000000e+00 0.000000e+00 0.000000e+00 0.000000e+00
2.492000e+00 0.000000e+00 -5.666202e+03 -8.132964e+03 0.000000e+00 0.000000e+00 0.000000e+00 -3.974491e+02 -3.734419e+02 1.628441e+03 7.233629e+02 0.000000e+00 0.000000e+00 0.000000e+00 0.000000e+00 0.000000e+00 0.000000e+00 0.000000e+00 0.000000e+00 0.000000e+00
2.493000e+00 0.000000e+00 -5.660672e+03 -8.135208e+03 0.000000e+00 0.000000e+00 0.000000e+00 -3.981665e+02 -3.741085e+02 1.627545e+03 7.241044e+02 0.000000e+00 0.000000e+00 0.000000e+00 0.000000e+00 0.000000e+00 0.000000e+00 0.000000e+00 0.000000e+00 0.000000e+00
2.494000e+00 0.000000e+00 -5.654994e+03 -8.137318e+03 0.000000e+00 0.000000e+00 0.000000e+00 -3.988678e+02 -3.747590e+02 1.626635e+03 7.248094e+02 0.000000e+00 0.000000e+00 0.000000e+00 0.000000e+00 0.000000e+00 0.000000e+00 0.000000e+00 0.000000e+00 0.000000e+00
2.495000e+00 0.000000e+00 -5.649170e+03 -8.139293e+03 0.000000e+00 0.000000e+00 0.000000e+00 -3.995528e+02 -3.753934e+02 1.625711e+03 7.254780e+02 0.000000e+00 0.000000e+00 0.000000e+00 0.000000e+00 0.000000e+00 0.000000e+00 0.000000e+00 0.000000e+00 0.000000e+00
2.496000e+00 0.000000e+00 -5.643201e+03 -8.141133e+03 0.000000e+00 0.000000e+00 0.000000e+00 -4.002215e+02 -3.760116e+02 1.624773e+03 7.261100e+02 0.000000e+00 0.000000e+00 0.000000e+00 0.000000e+00 0.000000e+00 0.000000e+00 0.000000e+00 0.000000e+00 0.000000e+00
2.497000e+00 0.000000e+00 -5.637087e+03 -8.142838e+03 0.000000e+00 0.000000e+00 0.000000e+00 -4.008739e+02 -3.766135e+02 1.623821e+03 7.267057e+02 0.000000e+00 0.000000e+00 0.000000e+00 0.000000e+00 0.000000e+00 0.000000e+00 0.000000e+00 0.000000e+00 0.000000e+00
2.498000e+00 0.000000e+00 -5.630831e+03 -8.144406e+03 0.000000e+00 0.000000e+00 0.000000e+00 -4.015098e+02 -3.771992e+02 1.622856e+03 7.272649e+02 0.000000e+00 0.000000e+00 0.000000e+00 0.000000e+00 0.000000e+00 0.000000e+00 0.000000e+00 0.000000e+00 0.000000e+00
2.499000e+00 0.000000e+00 -5.624432e+03 -8.145837e+03 0.000000e+00 0.000000e+00 0.000000e+00 -4.021293e+02 -3.777685e+02 1.621877e+03 7.277877e+02 0.000000e+00 0.000000e+00 0.000000e+00 0.000000e+00 0.000000e+00 0.000000e+00 0.000000e+00 0.000000e+00 0.000000e+00
2.500000e+00 0.000000e+00 -5.617894e+03 -8.147131e+03 0.000000e+00 0.000000e+00 0.000000e+00 -4.027322e+02 -3.783214e+02 1.620884e+03 7.282742e+02 0.000000e+00 0.000000e+00 0.000000e+00 0.000000e+00 0.000000e+00 0.000000e+00 0.000000e+00 0.000000e+00 0.000000e+00
2.501000e+00 0.000000e+00 -5.611216e+03 -8.148288e+03 0.000000e+00 0.000000e+00 0.000000e+00 -4.033186e+02 -3.788579e+02 1.619879e+03 7.287244e+02 0.000000e+00 0.000000e+00 0.000000e+00 0.000000e+00 0.000000e+00 0.000000e+00 0.000000e+00 0.000000e+00 0.000000e+00
2.502000e+00 0.000000e+00 -5.604400e+03 -8.149306e+03 0.000000e+00 0.000000e+00 0.000000e+00 -4.038883e+02 -3.793780e+02 1.618859e+03 7.291383e+02 0.000000e+00 0.000000e+00 0.000000e+00 0.000000e+00 0.000000e+00 0.000000e+00 0.000000e+00 0.000000e+00 0.000000e+00
2.503000e+00 0.000000e+00 -5.597447e+03 -8.150186e+03 0.000000e+00 0.000000e+00 0.000000e+00 -4.044415e+02 -3.798816e+02 1.617827e+03 7.295161e+02 0.000000e+00 0.000000e+00 0.000000e+00 0.000000e+00 0.000000e+00 0.000000e+00 0.000000e+00 0.000000e+00 0.000000e+00
2.504000e+00 0.000000e+00 -5.590360e+03 -8.150927e+03 0.000000e+00 0.000000e+00 0.000000e+00 -4.049780e+02 -3.803688e+02 1.616782e+03 7.298578e+02 0.000000e+00 0.000000e+00 0.000000e+00 0.000000e+00 0.000000e+00 0.000000e+00 0.000000e+00 0.000000e+00 0.000000e+00
2.505000e+00 0.000000e+00 -5.583139e+03 -8.151529e+03 0.000000e+00 0.000000e+00 0.000000e+00 -4.054979e+02 -3.808394e+02 1.615723e+03 7.301635e+02 0.000000e+00 0.000000e+00 0.000000e+00 0.000000e+00 0.000000e+00 0.000000e+00 0.000000e+00 0.000000e+00 0.000000e+00
2.506000e+00 0.000000e+00 -5.575786e+03 -8.151991e+03 0.000000e+00 0.000000e+00 0.000000e+00 -4.060010e+02 -3.812935e+02 1.614652e+03 7.304333e+02 0.000000e+00 0.000000e+00 0.000000e+00 0.000000e+00 0.000000e+00 0.000000e+00 0.000000e+00 0.000000e+00 0.000000e+00
2.507000e+00 0.000000e+00 -5.568302e+03 -8.152313e+03 0.000000e+00 0.000000e+00 0.000000e+00 -4.064875e+02 -3.817312e+02 1.613568e+03 7.306673e+02 0.000000e+00 0.000000e+00 0.000000e+00 0.000000e+00 0.000000e+00 0.000000e+00 0.000000e+00 0.000000e+00 0.000000e+00
2.508000e+00 0.000000e+00 -5.560690e+03 -8.152495e+03 0.000000e+00 0.000000e+00 0.000000e+00 -4.069574e+02 -3.821523e+02 1.612471e+03 7.308657e+02 0.000000e+00 0.000000e+00 0.000000e+00 0.000000e+00 0.000000e+00 0.000000e+00 0.000000e+00 0.000000e+00 0.000000e+00
2.509000e+00 0.000000e+00 -5.552950e+03 -8.152535e+03 0.000000e+00 0.000000e+00 0.000000e+00 -4.074105e+02 -3.825569e+02 1.611361e+03 7.310286e+02 0.000000e+00 0.000000e+00 0.000000e+00 0.000000e+00 0.000000e+00 0.000000e+00 0.000000e+00 0.000000e+00 0.000000e+00
2.510000e+00 0.000000e+00 -5.545084e+03 -8.152435e+03 0.000000e+00 0.000000e+00 0.000000e+00 -4.078470e+02 -3.829451e+02 1.610240e+03 7.311561e+02 0.000000e+00 0.000000e+00 0.000000e+00 0.000000e+00 0.000000e+00 0.000000e+00 0.000000e+00 0.000000e+00 0.000000e+00
2.511000e+00 0.000000e+00 -5.537094e+03 -8.152193e+03 0.000000e+00 0.000000e+00 0.000000e+00 -4.082667e+02 -3.833168e+02 1.609106e+03 7.312484e+02 0.000000e+00 0.000000e+00 0.000000e+00 0.000000e+00 0.000000e+00 0.000000e+00 0.000000e+00 0.000000e+00 0.000000e+00
2.512000e+00 0.000000e+00 -5.528981e+03 -8.151810e+03 0.000000e+00 0.000000e+00 0.000000e+00 -4.086698e+02 -3.836719e+02 1.607959e+03 7.313056e+02 0.000000e+00 0.000000e+00 0.000000e+00 0.000000e+00 0.000000e+00 0.000000e+00 0.000000e+00 0.000000e+00 0.000000e+00
2.513000e+00 0.000000e+00 -5.520748e+03 -8.151284e+03 0.000000e+00 0.000000e+00 0.000000e+00 -4.090562e+02 -3.840107e+02 1.606801e+03 7.313279e+02 0.000000e+00 0.000000e+00 0.000000e+00 0.000000e+00 0.000000e+00 0.000000e+00 0.000000e+00 0.000000e+00 0.000000e+00
2.514000e+00 0.000000e+00 -5.512396e+03 -8.150616e+03 0.000000e+00 0.000000e+00 0.000000e+00 -4.094260e+02 -3.843330e+02 1.605631e+03 7.313154e+02 0.000000e+00 0.000000e+00 0.000000e+00 0.000000e+00 0.000000e+00 0.000000e+00 0.000000e+00 0.000000e+00 0.000000e+00
2.515000e+00 0.000000e+00 -5.503927e+03 -8.149805e+03 0.000000e+00 0.000000e+00 0.000000e+00 -4.097792e+02 -3.846389e+02 1.604449e+03 7.312684e+02 0.000000e+00 0.000000e+00 0.000000e+00 0.000000e+00 0.000000e+00 0.000000e+00 0.000000e+00 0.000000e+00 0.000000e+00
2.516000e+00 0.000000e+00 -5.495343e+03 -8.148851e+03 0.000000e+00 0.000000e+00 0.000000e+00 -4.101158e+02 -3.849284e+02 1.603255e+03 7.311870e+02 0.000000e+00 0.000000e+00 0.000000e+00 0.000000e+00 0.000000e+00 0.000000e+00 0.000000e+00 0.000000e+00 0.000000e+00
2.517000e+00 0.000000e+00 -5.486646e+03 -8.147755e+03 0.000000e+00 0.000000e+00 0.000000e+00 -4.104358e+02 -3.852017e+02 1.602051e+03 7.310715e+02 0.000000e+00 0.000000e+00 0.000000e+00 0.000000e+00 0.000000e+00 0.000000e+00 0.000000e+00 0.000000e+00 0.000000e+00
2.518000e+00 0.000000e+00 -5.477837e+03 -8.146515e+03 0.000000e+00 0.000000e+00 0.000000e+00 -4.107394e+02 -3.854586e+02 1.600834e+03 7.309220e+02 0.000000e+00 0.000000e+00 0.000000e+00 0.000000e+00 0.000000e+00 0.000000e+00 0.000000e+00 0.000000e+00 0.000000e+00
2.519000e+00 0.000000e+00 -5.468918e+03 -8.145131e+03 0.000000e+00 0.000000e+00 0.000000e+00 -4.110264e+02 -3.856994e+02 1.599607e+03 7.307388e+02 0.000000e+00 0.000000e+00 0.000000e+00 0.000000e+00 0.000000e+00 0.000000e+00 0.000000e+00 0.000000e+00 0.000000e+00
2.520000e+00 0.000000e+00 -5.459891e+03 -8.143604e+03 0.000000e+00 0.000000e+00 0.000000e+00 -4.112971e+02 -3.859239e+02 1.598368e+03 7.305221e+02 0.000000e+00 0.000000e+00 0.000000e+00 0.000000e+00 0.000000e+00 0.000000e+00 0.000000e+00 0.000000e+00 0.000000e+00
2.521000e+00 0.000000e+00 -5.450759e+03 -8.141933e+03 0.000000e+00 0.000000e+00 0.000000e+00 -4.115514e+02 -3.861324e+02 1.597119e+03 7.302722e+02 0.000000e+00 0.000000e+00 0.000000e+00 0.000000e+00 0.000000e+00 0.000000e+00 0.000000e+00 0.000000e+00 0.000000e+00
2.522000e+00 0.000000e+00 -5.441523e+03 -8.140118e+03 0.000000e+00 0.000000e+00 0.000000e+00 -4.117894e+02 -3.863248e+02 1.595859e+03 7.299893e+02 0.000000e+00 0.000000e+00 0.000000e+00 0.000000e+00 0.000000e+00 0.000000e+00 0.000000e+00 0.000000e+00 0.000000e+00
2.523000e+00 0.000000e+00 -5.432185e+03 -8.138160e+03 0.000000e+00 0.000000e+00 0.000000e+00 -4.120113e+02 -3.865013e+02 1.594589e+03 7.296737e+02 0.000000e+00 0.000000e+00 0.000000e+00 0.000000e+00 0.000000e+00 0.000000e+00 0.000000e+00 0.000000e+00 0.000000e+00
2.524000e+00 0.000000e+00 -5.422747e+03 -8.136058e+03 0.000000e+00 0.000000e+00 0.000000e+00 -4.122169e+02 -3.866619e+02 1.593308e+03 7.293256e+02 0.000000e+00 0.000000e+00 0.000000e+00 0.000000e+00 0.000000e+00 0.000000e+00 0.000000e+00 0.000000e+00 0.000000e+00
2.525000e+00 0.000000e+00 -5.413212e+03 -8.133811e+03 0.000000e+00 0.000000e+00 0.000000e+00 -4.124066e+02 -3.868067e+02 1.592017e+03 7.289454e+02 0.000000e+00 0.000000e+00 0.000000e+00 0.000000e+00 0.000000e+00 0.000000e+00 0.000000e+00 0.000000e+00 0.000000e+00
2.526000e+00 0.000000e+00 -5.403580e+03 -8.131422e+03 0.000000e+00 0.000000e+00 0.000000e+00 -4.125802e+02 -3.869358e+02 1.590716e+03 7.285333e+02 0.000000e+00 0.000000e+00 0.000000e+00 0.000000e+00 0.000000e+00 0.000000e+00 0.000000e+00 0.000000e+00 0.000000e+00
2.527000e+00 0.000000e+00 -5.393855e+03 -8.128888e+03 0.000000e+00 0.000000e+00 0.000000e+00 -4.127380e+02 -3.870493e+02 1.589405e+03 7.280896e+02 0.000000e+00 0.000000e+00 0.000000e+00 0.000000e+00 0.000000e+00 0.000000e+00 0.000000e+00 0.000000e+00 0.000000e+00
2.528000e+00 0.000000e+00 -5.384038e+03 -8.126210e+03 0.000000e+00 0.000000e+00 0.000000e+00 -4.128799e+02 -3.871473e+02 1.588085e+03 7.276147e+02 0.000000e+00 0.000000e+00 0.000000e+00 0.000000e+00 0.000000e+00 0.000000e+00 0.000000e+00 0.000000e+00 0.000000e+00
2.529000e+00 0.000000e+00 -5.374132e+03 -8.123389e+03 0.000000e+00 0.000000e+00 0.000000e+00 -4.130061e+02 -3.872298e+02 1.586755e+03 7.271088e+02 0.000000e+00 0.000000e+00 0.000000e+00 0.000000e+00 0.000000e+00 0.000000e+00 0.000000e+00 0.000000e+00 0.000000e+00
2.530000e+00 0.000000e+00 -5.364138e+03 -8.120424e+03 0.000000e+00 0.000000e+00 0.000000e+00 -4.131168e+02 -3.872969e+02 1.585416e+03 7.265722e+02 0.000000e+00 0.000000e+00 0.000000e+00 0.000000e+00 0.000000e+00 0.000000e+00 0.000000e+00 0.000000e+00 0.000000e+00
2.531000e+00 0.000000e+00 -5.354059e+03 -8.117316e+03 0.000000e+00 0.000000e+00 0.000000e+00 -4.132118e+02 -3.873489e+02 1.584068e+03 7.260053e+02 0.000000e+00 0.000000e+00 0.000000e+00 0.000000e+00 0.000000e+00 0.000000e+00 0.000000e+00 0.000000e+00 0.000000e+00
2.532000e+00 0.000000e+00 -5.343897e+03 -8.114064e+03 0.000000e+00 0.000000e+00 0.000000e+00 -4.132915e+02 -3.873857e+02 1.582711e+03 7.254085e+02 0.000000e+00 0.000000e+00 0.000000e+00 0.000000e+00 0.000000e+00 0.000000e+00 0.000000e+00 0.000000e+00 0.000000e+00
2.533000e+00 0.000000e+00 -5.333654e+03 -8.110670e+03 0.000000e+00 0.000000e+00 0.000000e+00 -4.133559e+02 -3.874075e+02 1.581345e+03 7.247820e+02 0.000000e+00 0.000000e+00 0.000000e+00 0.000000e+00 0.000000e+00 0.000000e+00 0.000000e+00 0.000000e+00 0.000000e+00
2.534000e+00 0.000000e+00 -5.323333e+03 -8.107132e+03 0.000000e+00 0.000000e+00 0.000000e+00 -4.134051e+02 -3.874145e+02 1.579971e+03 7.241262e+02 0.000000e+00 0.000000e+00 0.000000e+00 0.000000e+00 0.000000e+00 0.000000e+00 0.000000e+00 0.000000e+00 0.000000e+00
2.535000e+00 0.000000e+00 -5.312935e+03 -8.103452e+03 0.000000e+00 0.000000e+00 0.000000e+00 -4.134392e+02 -3.874067e+02 1.578589e+03 7.234415e+02 0.000000e+00 0.000000e+00 0.000000e+00 0.000000e+00 0.000000e+00 0.000000e+00 0.000000e+00 0.000000e+00 0.000000e+00
2.536000e+00 0.000000e+00 -5.302463e+03 -8.099629e+03 0.000000e+00 0.000000e+00 0.000000e+00 -4.134584e+02 -3.873842e+02 1.577198e+03 7.227282e+02 0.000000e+00 0.000000e+00 0.000000e+00 0.000000e+00 0.000000e+00 0.000000e+00 0.000000e+00 0.000000e+00 0.000000e+00
2.537000e+00 0.000000e+00 -5.291919e+03 -8.095665e+03 0.000000e+00 0.000000e+00 0.000000e+00 -4.134629e+02 -3.873473e+02 1.575800e+03 7.219868e+02 0.000000e+00 0.000000e+00 0.000000e+00 0.000000e+00 0.000000e+00 0.000000e+00 0.000000e+00 0.000000e+00 0.000000e+00
2.538000e+00 0.000000e+00 -5.281305e+03 -8.091560e+03 0.000000e+00 0.000000e+00 0.000000e+00 -4.134527e+02 -3.872961e+02 1.574394e+03 7.212177e+02 0.000000e+00 0.000000e+00 0.000000e+00 0.000000e+00 0.000000e+00 0.000000e+00 0.000000e+00 0.000000e+00 0.000000e+00
2.539000e+00 0.000000e+00 -5.270624e+03 -8.087313e+03 0.000000e+00 0.000000e+00 0.000000e+00 -4.134280e+02 -3.872307e+02 1.572981e+03 7.204212e+02 0.000000e+00 0.000000e+00 0.000000e+00 0.000000e+00 0.000000e+00 0.000000e+00 0.000000e+00 0.000000e+00 0.000000e+00
2.540000e+00 0.000000e+00 -5.259877e+03 -8.082926e+03 0.000000e+00 0.000000e+00 0.000000e+00 -4.133889e+02 -3.871513e+02 1.571560e+03 7.195977e+02 0.000000e+00 0.000000e+00 0.000000e+00 0.000000e+00 0.000000e+00 0.000000e+00 0.000000e+00 0.000000e+00 0.000000e+00
2.541000e+00 0.000000e+00 -5.249068e+03 -8.078399e+03 0.000000e+00 0.000000e+00 0.000000e+00 -4.133357e+02 -3.870580e+02 1.570132e+03 7.187477e+02 0.000000e+00 0.000000e+00 0.000000e+00 0.000000e+00 0.000000e+00 0.000000e+00 0.000000e+00 0.000000e+00 0.000000e+00
2.542000e+00 0.000000e+00 -5.238197e+03 -8.073733e+03 0.000000e+00 0.000000e+00 0.000000e+00 -4.132684e+02 -3.869510e+02 1.568698e+03 7.178716e+02 0.000000e+00 0.000000e+00 0.000000e+00 0.000000e+00 0.000000e+00 0.000000e+00 0.000000e+00 0.000000e+00 0.000000e+00
2.543000e+00 0.000000e+00 -5.227268e+03 -8.068927e+03 0.000000e+00 0.000000e+00 0.000000e+00 -4.131873e+02 -3.868304e+02 1.567257e+03 7.169699e+02 0.000000e+00 0.000000e+00 0.000000e+00 0.000000e+00 0.000000e+00 0.000000e+00 0.000000e+00 0.000000e+00 0.000000e+00
2.544000e+00 0.000000e+00 -5.216283e+03 -8.063984e+03 0.000000e+00 0.000000e+00 0.000000e+00 -4.130925e+02 -3.866965e+02 1.565809e+03 7.160429e+02 0.000000e+00 0.000000e+00 0.000000e+00 0.000000e+00 0.000000e+00 0.000000e+00 0.000000e+00 0.000000e+00 0.000000e+00
2.545000e+00 0.000000e+00 -5.205245e+03 -8.058903e+03 0.000000e+00 0.000000e+00 0.000000e+00 -4.129842e+02 -3.865494e+02 1.564356e+03 7.150911e+02 0.000000e+00 0.000000e+00 0.000000e+00 0.000000e+00 0.000000e+00 0.000000e+00 0.000000e+00 0.000000e+00 0.000000e+00
2.546000e+00 0.000000e+00 -5.194154e+03 -8.053686e+03 0.000000e+00 0.000000e+00 0.000000e+00 -4.128625e+02 -3.863893e+02 1.562896e+03 7.141149e+02 0.000000e+00 0.000000e+00 0.000000e+00 0.000000e+00 0.000000e+00 0.000000e+00 0.000000e+00 0.000000e+00 0.000000e+00
2.547000e+00 0.000000e+00 -5.183015e+03 -8.048332e+03 0.000000e+00 0.000000e+00 0.000000e+00 -4.127277e+02 -3.862164e+02 1.561431e+03 7.131149e+02 0.000000e+00 0.000000e+00 0.000000e+00 0.000000e+00 0.000000e+00 0.000000e+00 0.000000e+00 0.000000e+00 0.000000e+00
2.548000e+00 0.000000e+00 -5.171829e+03 -8.042843e+03 0.000000e+00 0.000000e+00 0.000000e+00 -4.125798e+02 -3.860308e+02 1.559961e+03 7.120915e+02 0.000000e+00 0.000000e+00 0.000000e+00 0.000000e+00 0.000000e+00 0.000000e+00 0.000000e+00 0.000000e+00 0.000000e+00
2.549000e+00 0.000000e+00 -5.160598e+03 -8.037219e+03 0.000000e+00 0.000000e+00 0.000000e+00 -4.124192e+02 -3.858327e+02 1.558485e+03 7.110451e+02 0.000000e+00 0.000000e+00 0.000000e+00 0.000000e+00 0.000000e+00 0.000000e+00 0.000000e+00 0.000000e+00 0.000000e+00
2.550000e+00 0.000000e+00 -5.149325e+03 -8.031462e+03 0.000000e+00 0.000000e+00 0.000000e+00 -4.122460e+02 -3.856224e+02 1.557005e+03 7.099763e+02 0.000000e+00 0.000000e+00 0.000000e+00 0.000000e+00 0.000000e+00 0.000000e+00 0.000000e+00 0.000000e+00 0.000000e+00
2.551000e+00 0.000000e+00 -5.138013e+03 -8.025572e+03 0.000000e+00 0.000000e+00 0.000000e+00 -4.120603e+02 -3.854000e+02 1.555519e+03 7.088854e+02 0.000000e+00 0.000000e+00 0.000000e+00 0.000000e+00 0.000000e+00 0.000000e+00 0.000000e+00 0.000000e+00 0.000000e+00
2.552000e+00 0.000000e+00 -5.126663e+03 -8.019551e+03 0.000000e+00 0.000000e+00 0.000000e+00 -4.118625e+02 -3.851658e+02 1.554030e+03 7.077732e+02 0.000000e+00 0.000000e+00 0.000000e+00 0.000000e+00 0.000000e+00 0.000000e+00 0.000000e+00 0.000000e+00 0.000000e+00
2.553000e+00 0.000000e+00 -5.115278e+03 -8.013399e+03 0.000000e+00 0.000000e+00 0.000000e+00 -4.116527e+02 -3.849200e+02 1.552536e+03 7.066399e+02 0.000000e+00 0.000000e+00 0.000000e+00 0.000000e+00 0.000000e+00 0.000000e+00 0.000000e+00 0.000000e+00 0.000000e+00
2.554000e+00 0.000000e+00 -5.103860e+03 -8.007117e+03 0.000000e+00 0.000000e+00 0.000000e+00 -4.114312e+02 -3.846627e+02 1.551038e+03 7.054862e+02 0.000000e+00 0.000000e+00 0.000000e+00 0.000000e+00 0.000000e+00 0.000000e+00 0.000000e+00 0.000000e+00 0.000000e+00
2.555000e+00 0.000000e+00 -5.092412e+03 -8.000708e+03 0.000000e+00 0.000000e+00 0.000000e+00 -4.111981e+02 -3.843943e+02 1.549536e+03 7.043126e+02 0.000000e+00 0.000000e+00 0.000000e+00 0.000000e+00 0.000000e+00 0.000000e+00 0.000000e+00 0.000000e+00 0.000000e+00
2.556000e+00 0.000000e+00 -5.080936e+03 -7.994170e+03 0.000000e+00 0.000000e+00 0.000000e+00 -4.109537e+02 -3.841148e+02 1.548031e+03 7.031196e+02 0.000000e+00 0.000000e+00 0.000000e+00 0.000000e+00 0.000000e+00 0.000000e+00 0.000000e+00 0.000000e+00 0.000000e+00
2.557000e+00 0.000000e+00 -5.069434e+03 -7.987507e+03 0.000000e+00 0.000000e+00 0.000000e+00 -4.106982e+02 -3.838247e+02 1.546523e+03 7.019078e+02 0.000000e+00 0.000000e+00 0.000000e+00 0.000000e+00 0.000000e+00 0.000000e+00 0.000000e+00 0.000000e+00 0.000000e+00
2.558000e+00 0.000000e+00 -5.057909e+03 -7.980720e+03 0.000000e+00 0.000000e+00 0.000000e+00 -4.104319e+02 -3.835240e+02 1.545012e+03 7.006776e+02 0.000000e+00 0.000000e+00 0.000000e+00 0.000000e+00 0.000000e+00 0.000000e+00 0.000000e+00 0.000000e+00 0.000000e+00
2.559000e+00 0.000000e+00 -5.046363e+03 -7.973809e+03 0.000000e+00 0.000000e+00 0.000000e+00 -4.101550e+02 -3.832131e+02 1.543498e+03 6.994297e+02 0.000000e+00 0.000000e+00 0.000000e+00 0.000000e+00 0.000000e+00 0.000000e+00 0.000000e+00 0.000000e+00 0.000000e+00
2.560000e+00 0.000000e+00 -5.034798e+03 -7.966776e+03 0.000000e+00 0.000000e+00 0.000000e+00 -4.098677e+02 -3.828922e+02 1.541982e+03 6.981645e+02 0.000000e+00 0.000000e+00 0.000000e+00 0.000000e+00 0.000000e+00 0.000000e+00 0.000000e+00 0.000000e+00 0.000000e+00
2.561000e+00 0.000000e+00 -5.023217e+03 -7.959622e+03 0.000000e+00 0.000000e+00 0.000000e+00 -4.095703e+02 -3.825615e+02 1.540464e+03 6.968827e+02 0.000000e+00 0.000000e+00 0.000000e+00 0.000000e+00 0.000000e+00 0.000000e+00 0.000000e+00 0.000000e+00 0.000000e+00
2.562000e+00 0.000000e+00 -5.011623e+03 -7.952350e+03 0.000000e+00 0.000000e+00 0.000000e+00 -4.092631e+02 -3.822213e+02 1.538943e+03 6.955848e+02 0.000000e+00 0.000000e+00 0.000000e+00 0.000000e+00 0.000000e+00 0.000000e+00 0.000000e+00 0.000000e+00 0.000000e+00
2.563000e+00 0.000000e+00 -5.000016e+03 -7.944959e+03 0.000000e+00 0.000000e+00 0.000000e+00 -4.089461e+02 -3.818717e+02 1.537422e+03 6.942713e+02 0.000000e+00 0.000000e+00 0.000000e+00 0.000000e+00 0.000000e+00 0.000000e+00 0.000000e+00 0.000000e+00 0.000000e+00
2.564000e+00 0.000000e+00 -4.988401e+03 -7.937453e+03 0.000000e+00 0.000000e+00 0.000000e+00 -4.086199e+02 -3.815132e+02 1.535898e+03 6.929429e+02 0.000000e+00 0.000000e+00 0.000000e+00 0.000000e+00 0.000000e+00 0.000000e+00 0.000000e+00 0.000000e+00 0.000000e+00
2.565000e+00 0.000000e+00 -4.976779e+03 -7.929832e+03 0.000000e+00 0.000000e+00 0.000000e+00 -4.082845e+02 -3.811459e+02 1.534374e+03 6.916001e+02 0.000000e+00 0.000000e+00 0.000000e+00 0.000000e+00 0.000000e+00 0.000000e+00 0.000000e+00 0.000000e+00 0.000000e+00
2.566000e+00 0.000000e+00 -4.965153e+03 -7.922098e+03 0.000000e+00 0.000000e+00 0.000000e+00 -4.079403e+02 -3.807702e+02 1.532849e+03 6.902435e+02 0.000000e+00 0.000000e+00 0.000000e+00 0.000000e+00 0.000000e+00 0.000000e+00 0.000000e+00 0.000000e+00 0.000000e+00
2.567000e+00 0.000000e+00 -4.953524e+03 -7.914253e+03 0.000000e+00 0.000000e+00 0.000000e+00 -4.075875e+02 -3.803862e+02 1.531323e+03 6.888738e+02 0.000000e+00 0.000000e+00 0.000000e+00 0.000000e+00 0.000000e+00 0.000000e+00 0.000000e+00 0.000000e+00 0.000000e+00
2.568000e+00 0.000000e+00 -4.941896e+03 -7.906299e+03 0.000000e+00 0.000000e+00 0.000000e+00 -4.072265e+02 -3.799942e+02 1.529797e+03 6.874914e+02 0.000000e+00 0.000000e+00 0.000000e+00 0.000000e+00 0.000000e+00 0.000000e+00 0.000000e+00 0.000000e+00 0.000000e+00
2.569000e+00 0.000000e+00 -4.930271e+03 -7.898237e+03 0.000000e+00 0.000000e+00 0.000000e+00 -4.068574e+02 -3.795946e+02 1.528271e+03 6.860971e+02 0.000000e+00 0.000000e+00 0.000000e+00 0.000000e+00 0.000000e+00 0.000000e+00 0.000000e+00 0.000000e+00 0.000000e+00
2.570000e+00 0.000000e+00 -4.918650e+03 -7.890070e+03 0.000000e+00 0.000000e+00 0.000000e+00 -4.064807e+02 -3.791876e+02 1.526746e+03 6.846913e+02 0.000000e+00 0.000000e+00 0.000000e+00 0.000000e+00 0.000000e+00 0.000000e+00 0.000000e+00 0.000000e+00 0.000000e+00
2.571000e+00 0.000000e+00 -4.907037e+03 -7.881799e+03 0.000000e+00 0.000000e+00 0.000000e+00 -4.060965e+02 -3.787735e+02 1.525221e+03 6.832749e+02 0.000000e+00 0.000000e+00 0.000000e+00 0.000000e+00 0.000000e+00 0.000000e+00 0.000000e+00 0.000000e+00 0.000000e+00
2.572000e+00 0.000000e+00 -4.895433e+03 -7.873427e+03 0.000000e+00 0.000000e+00 0.000000e+00 -4.057051e+02 -3.783527e+02 1.523696e+03 6.818483e+02 0.000000e+00 0.000000e+00 0.000000e+00 0.000000e+00 0.000000e+00 0.000000e+00 0.000000e+00 0.000000e+00 0.000000e+00
2.573000e+00 0.000000e+00 -4.883841e+03 -7.864955e+03 0.000000e+00 0.000000e+00 0.000000e+00 -4.053069e+02 -3.779253e+02 1.522173e+03 6.804121e+02 0.000000e+00 0.000000e+00 0.000000e+00 0.000000e+00 0.000000e+00 0.000000e+00 0.000000e+00 0.000000e+00 0.000000e+00
2.574000e+00 0.000000e+00 -4.872263e+03 -7.856385e+03 0.000000e+00 0.000000e+00 0.000000e+00 -4.049022e+02 -3.774916e+02 1.520652e+03 6.789671e+02 0.000000e+00 0.000000e+00 0.000000e+00 0.000000e+00 0.000000e+00 0.000000e+00 0.000000e+00 0.000000e+00 0.000000e+00
2.575000e+00 0.000000e+00 -4.860701e+03 -7.847719e+03 0.000000e+00 0.000000e+00 0.000000e+00 -4.044912e+02 -3.770521e+02 1.519132e+03 6.775138e+02 0.000000e+00 0.000000e+00 0.000000e+00 0.000000e+00 0.000000e+00 0.000000e+00 0.000000e+00 0.000000e+00 0.000000e+00
2.576000e+00 0.000000e+00 -4.849159e+03 -7.838961e+03 0.000000e+00 0.000000e+00 0.000000e+00 -4.040742e+02 -3.766069e+02 1.517614e+03 6.760529e+02 0.000000e+00 0.000000e+00 0.000000e+00 0.000000e+00 0.000000e+00 0.000000e+00 0.000000e+00 0.000000e+00 0.000000e+00
2.577000e+00 0.000000e+00 -4.837637e+03 -7.830111e+03 0.000000e+00 0.000000e+00 0.000000e+00 -4.036516e+02 -3.761564e+02 1.516098e+03 6.745850e+02 0.000000e+00 0.000000e+00 0.000000e+00 0.000000e+00 0.000000e+00 0.000000e+00 0.000000e+00 0.000000e+00 0.000000e+00
2.578000e+00 0.000000e+00 -4.826139e+03 -7.821172e+03 0.000000e+00 0.000000e+00 0.000000e+00 -4.032237e+02 -3.757009e+02 1.514585e+03 6.731108e+02 0.000000e+00 0.000000e+00 0.000000e+00 0.000000e+00 0.000000e+00 0.000000e+00 0.000000e+00 0.000000e+00 0.000000e+00
2.579000e+00 0.000000e+00 -4.814667e+03 -7.812147e+03 0.000000e+00 0.000000e+00 0.000000e+00 -4.027907e+02 -3.752407e+02 1.513074e+03 6.716309e+02 0.000000e+00 0.000000e+00 0.000000e+00 0.000000e+00 0.000000e+00 0.000000e+00 0.000000e+00 0.000000e+00 0.000000e+00
2.580000e+00 0.000000e+00 -4.803222e+03 -7.803037e+03 0.000000e+00 0.000000e+00 0.000000e+00 -4.023530e+02 -3.747761e+02 1.511567e+03 6.701459e+02 0.000000e+00 0.000000e+00 0.000000e+00 0.000000e+00 0.000000e+00 0.000000e+00 0.000000e+00 0.000000e+00 0.000000e+00
2.581000e+00 0.000000e+00 -4.791807e+03 -7.793846e+03 0.000000e+00 0.000000e+00 0.000000e+00 -4.019110e+02 -3.743074e+02 1.510063e+03 6.686565e+02 0.000000e+00 0.000000e+00 0.000000e+00 0.000000e+00 0.000000e+00 0.000000e+00 0.000000e+00 0.000000e+00 0.000000e+00
2.582000e+00 0.000000e+00 -4.780425e+03 -7.784575e+03 0.000000e+00 0.000000e+00 0.000000e+00 -4.014649e+02 -3.738350e+02 1.508563e+03 6.671634e+02 0.000000e+00 0.000000e+00 0.000000e+00 0.000000e+00 0.000000e+00 0.000000e+00 0.000000e+00 0.000000e+00 0.000000e+00
2.583000e+00 0.000000e+00 -4.769077e+03 -7.775227e+03 0.000000e+00 0.000000e+00 0.000000e+00 -4.010150e+02 -3.733591e+02 1.507067e+03 6.656672e+02 0.000000e+00 0.000000e+00 0.000000e+00 0.000000e+00 0.000000e+00 0.000000e+00 0.000000e+00 0.000000e+00 0.000000e+00
2.584000e+00 0.000000e+00 -4.757766e+03 -7.765806e+03 0.000000e+00 0.000000e+00 0.000000e+00 -4.005617e+02 -3.728802e+02 1.505575e+03 6.641686e+02 0.000000e+00 0.000000e+00 0.000000e+00 0.000000e+00 0.000000e+00 0.000000e+00 0.000000e+00 0.000000e+00 0.000000e+00
2.585000e+00 0.000000e+00 -4.746493e+03 -7.756312e+03 0.000000e+00 0.000000e+00 0.000000e+00 -4.001054e+02 -3.723984e+02 1.504088e+03 6.626683e+02 0.000000e+00 0.000000e+00 0.000000e+00 0.000000e+00 0.000000e+00 0.000000e+00 0.000000e+00 0.000000e+00 0.000000e+00
2.586000e+00 0.000000e+00 -4.735262e+03 -7.746749e+03 0.000000e+00 0.000000e+00 0.000000e+00 -3.996463e+02 -3.719142e+02 1.502606e+03 6.611669e+02 0.000000e+00 0.000000e+00 0.000000e+00 0.000000e+00 0.000000e+00 0.000000e+00 0.000000e+00 0.000000e+00 0.000000e+00
2.587000e+00 0.000000e+00 -4.724074e+03 -7.737120e+03 0.000000e+00 0.000000e+00 0.000000e+00 -3.991848e+02 -3.714279e+02 1.501128e+03 6.596650e+02 0.000000e+00 0.000000e+00 0.000000e+00 0.000000e+00 0.000000e+00 0.000000e+00 0.000000e+00 0.000000e+00 0.000000e+00
2.588000e+00 0.000000e+00 -4.712931e+03 -7.727427e+03 0.000000e+00 0.000000e+00 0.000000e+00 -3.987212e+02 -3.709398e+02 1.499657e+03 6.581634e+02 0.000000e+00 0.000000e+00 0.000000e+00 0.000000e+00 0.000000e+00 0.000000e+00 0.000000e+00 0.000000e+00 0.000000e+00
2.589000e+00 0.000000e+00 -4.701836e+03 -7.717674e+03 0.000000e+00 0.000000e+00 0.000000e+00 -3.982559e+02 -3.704502e+02 1.498190e+03 6.566627e+02 0.000000e+00 0.000000e+00 0.000000e+00 0.000000e+00 0.000000e+00 0.000000e+00 0.000000e+00 0.000000e+00 0.000000e+00
2.590000e+00 0.000000e+00 -4.690791e+03 -7.707862e+03 0.000000e+00 0.000000e+00 0.000000e+00 -3.977891e+02 -3.699595e+02 1.496730e+03 6.551636e+02 0.000000e+00 0.000000e+00 0.000000e+00 0.000000e+00 0.000000e+00 0.000000e+00 0.000000e+00 0.000000e+00 0.000000e+00
2.591000e+00 0.000000e+00 -4.679797e+03 -7.697994e+03 0.000000e+00 0.000000e+00 0.000000e+00 -3.973213e+02 -3.694680e+02 1.495277e+03 6.536668e+02 0.000000e+00 0.000000e+00 0.000000e+00 0.000000e+00 0.000000e+00 0.000000e+00 0.000000e+00 0.000000e+00 0.000000e+00
2.592000e+00 0.000000e+00 -4.668857e+03 -7.688074e+03 0.000000e+00 0.000000e+00 0.000000e+00 -3.968528e+02 -3.689760e+02 1.493830e+03 6.521729e+02 0.000000e+00 0.000000e+00 0.000000e+00 0.000000e+00 0.000000e+00 0.000000e+00 0.000000e+00 0.000000e+00 0.000000e+00
2.593000e+00 0.000000e+00 -4.657973e+03 -7.678105e+03 0.000000e+00 0.000000e+00 0.000000e+00 -3.963840e+02 -3.684840e+02 1.492389e+03 6.506826e+02 0.000000e+00 0.000000e+00 0.000000e+00 0.000000e+00 0.000000e+00 0.000000e+00 0.000000e+00 0.000000e+00 0.000000e+00
2.594000e+00 0.000000e+00 -4.647148e+03 -7.668089e+03 0.000000e+00 0.000000e+00 0.000000e+00 -3.959151e+02 -3.679922e+02 1.490956e+03 6.491967e+02 0.000000e+00 0.000000e+00 0.000000e+00 0.000000e+00 0.000000e+00 0.000000e+00 0.000000e+00 0.000000e+00 0.000000e+00
2.595000e+00 0.000000e+00 -4.636382e+03 -7.658029e+03 0.000000e+00 0.000000e+00 0.000000e+00 -3.954465e+02 -3.675010e+02 1.489531e+03 6.477156e+02 0.000000e+00 0.000000e+00 0.000000e+00 0.000000e+00 0.000000e+00 0.000000e+00 0.000000e+00 0.000000e+00 0.000000e+00
2.596000e+00 0.000000e+00 -4.625678e+03 -7.647929e+03 0.000000e+00 0.000000e+00 0.000000e+00 -3.949786e+02 -3.670107e+02 1.488113e+03 6.462402e+02 0.000000e+00 0.000000e+00 0.000000e+00 0.000000e+00 0.000000e+00 0.000000e+00 0.000000e+00 0.000000e+00 0.000000e+00
2.597000e+00 0.000000e+00 -4.615038e+03 -7.637791e+03 0.000000e+00 0.000000e+00 0.000000e+00 -3.945117e+02 -3.665216e+02 1.486703e+03 6.447711e+02 0.000000e+00 0.000000e+00 0.000000e+00 0.000000e+00 0.000000e+00 0.000000e+00 0.000000e+00 0.000000e+00 0.000000e+00
2.598000e+00 0.000000e+00 -4.604464e+03 -7.627619e+03 0.000000e+00 0.000000e+00 0.000000e+00 -3.940462e+02 -3.660342e+02 1.485302e+03 6.433090e+02 0.000000e+00 0.000000e+00 0.000000e+00 0.000000e+00 0.000000e+00 0.000000e+00 0.000000e+00 0.000000e+00 0.000000e+00
2.599000e+00 0.000000e+00 -4.593958e+03 -7.617416e+03 0.000000e+00 0.000000e+00 0.000000e+00 -3.935825e+02 -3.655487e+02 1.483909e+03 6.418546e+02 0.000000e+00 0.000000e+00 0.000000e+00 0.000000e+00 0.000000e+00 0.000000e+00 0.000000e+00 0.000000e+00 0.000000e+00
2.600000e+00 0.000000e+00 -4.583522e+03 -7.607184e+03 0.000000e+00 0.000000e+00 0.000000e+00 -3.931208e+02 -3.650656e+02 1.482525e+03 6.404084e+02 0.000000e+00 0.000000e+00 0.000000e+00 0.000000e+00 0.000000e+00 0.000000e+00 0.000000e+00 0.000000e+00 0.000000e+00
2.601000e+00 0.000000e+00 -4.573158e+03 -7.596927e+03 0.000000e+00 0.000000e+00 0.000000e+00 -3.926615e+02 -3.645851e+02 1.481150e+03 6.389713e+02 0.000000e+00 0.000000e+00 0.000000e+00 0.000000e+00 0.000000e+00 0.000000e+00 0.000000e+00 0.000000e+00 0.000000e+00
2.602000e+00 0.000000e+00 -4.562867e+03 -7.586648e+03 0.000000e+00 0.000000e+00 0.000000e+00 -3.922050e+02 -3.641076e+02 1.479785e+03 6.375438e+02 0.000000e+00 0.000000e+00 0.000000e+00 0.000000e+00 0.000000e+00 0.000000e+00 0.000000e+00 0.000000e+00 0.000000e+00
2.603000e+00 0.000000e+00 -4.552653e+03 -7.576351e+03 0.000000e+00 0.000000e+00 0.000000e+00 -3.917517e+02 -3.636334e+02 1.478429e+03 6.361266e+02 0.000000e+00 0.000000e+00 0.000000e+00 0.000000e+00 0.000000e+00 0.000000e+00 0.000000e+00 0.000000e+00 0.000000e+00
2.604000e+00 0.000000e+00 -4.542515e+03 -7.566038e+03 0.000000e+00 0.000000e+00 0.000000e+00 -3.913019e+02 -3.631630e+02 1.477083e+03 6.347204e+02 0.000000e+00 0.000000e+00 0.000000e+00 0.000000e+00 0.000000e+00 0.000000e+00 0.000000e+00 0.000000e+00 0.000000e+00
2.605000e+00 0.000000e+00 -4.532457e+03 -7.555713e+03 0.000000e+00 0.000000e+00 0.000000e+00 -3.908559e+02 -3.626965e+02 1.475748e+03 6.333259e+02 0.000000e+00 0.000000e+00 0.000000e+00 0.000000e+00 0.000000e+00 0.000000e+00 0.000000e+00 0.000000e+00 0.000000e+00
2.606000e+00 0.000000e+00 -4.522480e+03 -7.545379e+03 0.000000e+00 0.000000e+00 0.000000e+00 -3.904141e+02 -3.622345e+02 1.474423e+03 6.319436e+02 0.000000e+00 0.000000e+00 0.000000e+00 0.000000e+00 0.000000e+00 0.000000e+00 0.000000e+00 0.000000e+00 0.000000e+00
2.607000e+00 0.000000e+00 -4.512586e+03 -7.535040e+03 0.000000e+00 0.000000e+00 0.000000e+00 -3.899768e+02 -3.617772e+02 1.473109e+03 6.305743e+02 0.000000e+00 0.000000e+00 0.000000e+00 0.000000e+00 0.000000e+00 0.000000e+00 0.000000e+00 0.000000e+00 0.000000e+00
2.608000e+00 0.000000e+00 -4.502777e+03 -7.524699e+03 0.000000e+00 0.000000e+00 0.000000e+00 -3.895445e+02 -3.613250e+02 1.471807e+03 6.292186e+02 0.000000e+00 0.000000e+00 0.000000e+00 0.000000e+00 0.000000e+00 0.000000e+00 0.000000e+00 0.000000e+00 0.000000e+00
2.609000e+00 0.000000e+00 -4.493054e+03 -7.514358e+03 0.000000e+00 0.000000e+00 0.000000e+00 -3.891174e+02 -3.608782e+02 1.470515e+03 6.278772e+02 0.000000e+00 0.000000e+00 0.000000e+00 0.000000e+00 0.000000e+00 0.000000e+00 0.000000e+00 0.000000e+00 0.000000e+00
2.610000e+00 0.000000e+00 -4.483419e+03 -7.504023e+03 0.000000e+00 0.000000e+00 0.000000e+00 -3.886960e+02 -3.604372e+02 1.469235e+03 6.265507e+02 0.000000e+00 0.000000e+00 0.000000e+00 0.000000e+00 0.000000e+00 0.000000e+00 0.000000e+00 0.000000e+00 0.000000e+00
2.611000e+00 0.000000e+00 -4.473874e+03 -7.493695e+03 0.000000e+00 0.000000e+00 0.000000e+00 -3.882805e+02 -3.600023e+02 1.467967e+03 6.252397e+02 0.000000e+00 0.000000e+00 0.000000e+00 0.000000e+00 0.000000e+00 0.000000e+00 0.000000e+00 0.000000e+00 0.000000e+00
2.612000e+00 0.000000e+00 -4.464421e+03 -7.483378e+03 0.000000e+00 0.000000e+00 0.000000e+00 -3.878713e+02 -3.595739e+02 1.466712e+03 6.239449e+02 0.000000e+00 0.000000e+00 0.000000e+00 0.000000e+00 0.000000e+00 0.000000e+00 0.000000e+00 0.000000e+00 0.000000e+00
2.613000e+00 0.000000e+00 -4.455060e+03 -7.473076e+03 0.000000e+00 0.000000e+00 0.000000e+00 -3.874687e+02 -3.591522e+02 1.465468e+03 6.226668e+02 0.000000e+00 0.000000e+00 0.000000e+00 0.000000e+00 0.000000e+00 0.000000e+00 0.000000e+00 0.000000e+00 0.000000e+00
2.614000e+00 0.000000e+00 -4.445795e+03 -7.462792e+03 0.000000e+00 0.000000e+00 0.000000e+00 -3.870731e+02 -3.587377e+02 1.464238e+03 6.214062e+02 0.000000e+00 0.000000e+00 0.000000e+00 0.000000e+00 0.000000e+00 0.000000e+00 0.000000e+00 0.000000e+00 0.000000e+00
2.615000e+00 0.000000e+00 -4.436625e+03 -7.452530e+03 0.000000e+00 0.000000e+00 0.000000e+00 -3.866849e+02 -3.583306e+02 1.463020e+03 6.201636e+02 0.000000e+00 0.000000e+00 0.000000e+00 0.000000e+00 0.000000e+00 0.000000e+00 0.000000e+00 0.000000e+00 0.000000e+00
2.616000e+00 0.000000e+00 -4.427554e+03 -7.442293e+03 0.000000e+00 0.000000e+00 0.000000e+00 -3.863044e+02 -3.579314e+02 1.461815e+03 6.189397e+02 0.000000e+00 0.000000e+00 0.000000e+00 0.000000e+00 0.000000e+00 0.000000e+00 0.000000e+00 0.000000e+00 0.000000e+00
2.617000e+00 0.000000e+00 -4.418581e+03 -7.432084e+03 0.000000e+00 0.000000e+00 0.000000e+00 -3.859319e+02 -3.575403e+02 1.460624e+03 6.177351e+02 0.000000e+00 0.000000e+00 0.000000e+00 0.000000e+00 0.000000e+00 0.000000e+00 0.000000e+00 0.000000e+00 0.000000e+00
2.618000e+00 0.000000e+00 -4.409710e+03 -7.421906e+03 0.000000e+00 0.000000e+00 0.000000e+00 -3.855677e+02 -3.571576e+02 1.459446e+03 6.165503e+02 0.000000e+00 0.000000e+00 0.000000e+00 0.000000e+00 0.000000e+00 0.000000e+00 0.000000e+00 0.000000e+00 0.000000e+00
2.619000e+00 0.000000e+00 -4.400941e+03 -7.411764e+03 0.000000e+00 0.000000e+00 0.000000e+00 -3.852122e+02 -3.567838e+02 1.458283e+03 6.153860e+02 0.000000e+00 0.000000e+00 0.000000e+00 0.000000e+00 0.000000e+00 0.000000e+00 0.000000e+00 0.000000e+00 0.000000e+00
2.620000e+00 0.000000e+00 -4.392276e+03 -7.401661e+03 0.000000e+00 0.000000e+00 0.000000e+00 -3.848658e+02 -3.564191e+02 1.457133e+03 6.142427e+02 0.000000e+00 0.000000e+00 0.000000e+00 0.000000e+00 0.000000e+00 0.000000e+00 0.000000e+00 0.000000e+00 0.000000e+00
2.621000e+00 0.000000e+00 -4.383716e+03 -7.391600e+03 0.000000e+00 0.000000e+00 0.000000e+00 -3.845287e+02 -3.560638e+02 1.455998e+03 6.131210e+02 0.000000e+00 0.000000e+00 0.000000e+00 0.000000e+00 0.000000e+00 0.000000e+00 0.000000e+00 0.000000e+00 0.000000e+00
2.622000e+00 0.000000e+00 -4.375263e+03 -7.381584e+03 0.000000e+00 0.000000e+00 0.000000e+00 -3.842013e+02 -3.557183e+02 1.454878e+03 6.120216e+02 0.000000e+00 0.000000e+00 0.000000e+00 0.000000e+00 0.000000e+00 0.000000e+00 0.000000e+00 0.000000e+00 0.000000e+00
2.623000e+00 0.000000e+00 -4.366917e+03 -7.371617e+03 0.000000e+00 0.000000e+00 0.000000e+00 -3.838840e+02 -3.553828e+02 1.453772e+03 6.109449e+02 0.000000e+00 0.000000e+00 0.000000e+00 0.000000e+00 0.000000e+00 0.000000e+00 0.000000e+00 0.000000e+00 0.000000e+00
2.624000e+00 0.000000e+00 -4.358681e+03 -7.361702e+03 0.000000e+00 0.000000e+00 0.000000e+00 -3.835769e+02 -3.550578e+02 1.452681e+03 6.098916e+02 0.000000e+00 0.000000e+00 0.000000e+00 0.000000e+00 0.000000e+00 0.000000e+00 0.000000e+00 0.000000e+00 0.000000e+00
2.625000e+00 0.000000e+00 -4.350555e+03 -7.351843e+03 0.000000e+00 0.000000e+00 0.000000e+00 -3.832805e+02 -3.547435e+02 1.451606e+03 6.088621e+02 0.000000e+00 0.000000e+00 0.000000e+00 0.000000e+00 0.000000e+00 0.000000e+00 0.000000e+00 0.000000e+00 0.000000e+00
2.626000e+00 0.000000e+00 -4.342541e+03 -7.342044e+03 0.000000e+00 0.000000e+00 0.000000e+00 -3.829951e+02 -3.544401e+02 1.450546e+03 6.078571e+02 0.000000e+00 0.000000e+00 0.000000e+00 0.000000e+00 0.000000e+00 0.000000e+00 0.000000e+00 0.000000e+00 0.000000e+00
2.627000e+00 0.000000e+00 -4.334640e+03 -7.332306e+03 0.000000e+00 0.000000e+00 0.000000e+00 -3.827209e+02 -3.541481e+02 1.449502e+03 6.068770e+02 0.000000e+00 0.000000e+00 0.000000e+00 0.000000e+00 0.000000e+00 0.000000e+00 0.000000e+00 0.000000e+00 0.000000e+00
2.628000e+00 0.000000e+00 -4.326853e+03 -7.322635e+03 0.000000e+00 0.000000e+00 0.000000e+00 -3.824584e+02 -3.538678e+02 1.448473e+03 6.059224e+02 0.000000e+00 0.000000e+00 0.000000e+00 0.000000e+00 0.000000e+00 0.000000e+00 0.000000e+00 0.000000e+00 0.000000e+00
2.629000e+00 0.000000e+00 -4.319182e+03 -7.313033e+03 0.000000e+00 0.000000e+00 0.000000e+00 -3.822077e+02 -3.535993e+02 1.447461e+03 6.049938e+02 0.000000e+00 0.000000e+00 0.000000e+00 0.000000e+00 0.000000e+00 0.000000e+00 0.000000e+00 0.000000e+00 0.000000e+00
2.630000e+00 0.000000e+00 -4.311626e+03 -7.303503e+03 0.000000e+00 0.000000e+00 0.000000e+00 -3.819692e+02 -3.533430e+02 1.446465e+03 6.040917e+02 0.000000e+00 0.000000e+00 0.000000e+00 0.000000e+00 0.000000e+00 0.000000e+00 0.000000e+00 0.000000e+00 0.000000e+00
2.631000e+00 0.000000e+00 -4.304189e+03 -7.294050e+03 0.000000e+00 0.000000e+00 0.000000e+00 -3.817432e+02 -3.530992e+02 1.445486e+03 6.032167e+02 0.000000e+00 0.000000e+00 0.000000e+00 0.000000e+00 0.000000e+00 0.000000e+00 0.000000e+00 0.000000e+00 0.000000e+00
2.632000e+00 0.000000e+00 -4.296870e+03 -7.284675e+03 0.000000e+00 0.000000e+00 0.000000e+00 -3.815299e+02 -3.528682e+02 1.444523e+03 6.023691e+02 0.000000e+00 0.000000e+00 0.000000e+00 0.000000e+00 0.000000e+00 0.000000e+00 0.000000e+00 0.000000e+00 0.000000e+00
2.633000e+00 0.000000e+00 -4.289670e+03 -7.275383e+03 0.000000e+00 0.000000e+00 0.000000e+00 -3.813297e+02 -3.526503e+02 1.443577e+03 6.015495e+02 0.000000e+00 0.000000e+00 0.000000e+00 0.000000e+00 0.000000e+00 0.000000e+00 0.000000e+00 0.000000e+00 0.000000e+00
2.634000e+00 0.000000e+00 -4.282591e+03 -7.266176e+03 0.000000e+00 0.000000e+00 0.000000e+00 -3.811429e+02 -3.524457e+02 1.442648e+03 6.007583e+02 0.000000e+00 0.000000e+00 0.000000e+00 0.000000e+00 0.000000e+00 0.000000e+00 0.000000e+00 0.000000e+00 0.000000e+00
2.635000e+00 0.000000e+00 -4.275634e+03 -7.257058e+03 0.000000e+00 0.000000e+00 0.000000e+00 -3.809696e+02 -3.522547e+02 1.441737e+03 5.999960e+02 0.000000e+00 0.000000e+00 0.000000e+00 0.000000e+00 0.000000e+00 0.000000e+00 0.000000e+00 0.000000e+00 0.000000e+00
2.636000e+00 0.000000e+00 -4.268798e+03 -7.248033e+03 0.000000e+00 0.000000e+00 0.000000e+00 -3.808103e+02 -3.520775e+02 1.440843e+03 5.992631e+02 0.000000e+00 0.000000e+00 0.000000e+00 0.000000e+00 0.000000e+00 0.000000e+00 0.000000e+00 0.000000e+00 0.000000e+00
2.637000e+00 0.000000e+00 -4.262086e+03 -7.239102e+03 0.000000e+00 0.000000e+00 0.000000e+00 -3.806651e+02 -3.519145e+02 1.439966e+03 5.985599e+02 0.000000e+00 0.000000e+00 0.000000e+00 0.000000e+00 0.000000e+00 0.000000e+00 0.000000e+00 0.000000e+00 0.000000e+00
2.638000e+00 0.000000e+00 -4.255499e+03 -7.230270e+03 0.000000e+00 0.000000e+00 0.000000e+00 -3.805343e+02 -3.517658e+02 1.439107e+03 5.978870e+02 0.000000e+00 0.000000e+00 0.000000e+00 0.000000e+00 0.000000e+00 0.000000e+00 0.000000e+00 0.000000e+00 0.000000e+00
2.639000e+00 0.000000e+00 -4.249036e+03 -7.221539e+03 0.000000e+00 0.000000e+00 0.000000e+00 -3.804182e+02 -3.516317e+02 1.438266e+03 5.972446e+02 0.000000e+00 0.000000e+00 0.000000e+00 0.000000e+00 0.000000e+00 0.000000e+00 0.000000e+00 0.000000e+00 0.000000e+00
2.640000e+00 0.000000e+00 -4.242698e+03 -7.212913e+03 0.000000e+00 0.000000e+00 0.000000e+00 -3.803170e+02 -3.515126e+02 1.437443e+03 5.966333e+02 0.000000e+00 0.000000e+00 0.000000e+00 0.000000e+00 0.000000e+00 0.000000e+00 0.000000e+00 0.000000e+00 0.000000e+00
2.641000e+00 0.000000e+00 -4.236487e+03 -7.204394e+03 0.000000e+00 0.000000e+00 0.000000e+00 -3.802309e+02 -3.514085e+02 1.436638e+03 5.960533e+02 0.000000e+00 0.000000e+00 0.000000e+00 0.000000e+00 0.000000e+00 0.000000e+00 0.000000e+00 0.000000e+00 0.000000e+00
2.642000e+00 0.000000e+00 -4.230403e+03 -7.195986e+03 0.000000e+00 0.000000e+00 0.000000e+00 -3.801603e+02 -3.513197e+02 1.435852e+03 5.955052e+02 0.000000e+00 0.000000e+00 0.000000e+00 0.000000e+00 0.000000e+00 0.000000e+00 0.000000e+00 0.000000e+00 0.000000e+00
2.643000e+00 0.000000e+00 -4.224447e+03 -7.187691e+03 0.000000e+00 0.000000e+00 0.000000e+00 -3.801053e+02 -3.512465e+02 1.435083e+03 5.949892e+02 0.000000e+00 0.000000e+00 0.000000e+00 0.000000e+00 0.000000e+00 0.000000e+00 0.000000e+00 0.000000e+00 0.000000e+00
2.644000e+00 0.000000e+00 -4.218619e+03 -7.179512e+03 0.000000e+00 0.000000e+00 0.000000e+00 -3.800661e+02 -3.511891e+02 1.434334e+03 5.945056e+02 0.000000e+00 0.000000e+00 0.000000e+00 0.000000e+00 0.000000e+00 0.000000e+00 0.000000e+00 0.000000e+00 0.000000e+00
2.645000e+00 0.000000e+00 -4.212920e+03 -7.171453e+03 0.000000e+00 0.000000e+00 0.000000e+00 -3.800430e+02 -3.511477e+02 1.433603e+03 5.940550e+02 0.000000e+00 0.000000e+00 0.000000e+00 0.000000e+00 0.000000e+00 0.000000e+00 0.000000e+00 0.000000e+00 0.000000e+00
2.646000e+00 0.000000e+00 -4.207350e+03 -7.163515e+03 0.000000e+00 0.000000e+00 0.000000e+00 -3.800362e+02 -3.511224e+02 1.432891e+03 5.936374e+02 0.000000e+00 0.000000e+00 0.000000e+00 0.000000e+00 0.000000e+00 0.000000e+00 0.000000e+00 0.000000e+00 0.000000e+00
2.647000e+00 0.000000e+00 -4.201910e+03 -7.155702e+03 0.000000e+00 0.000000e+00 0.000000e+00 -3.800459e+02 -3.511136e+02 1.432198e+03 5.932534e+02 0.000000e+00 0.000000e+00 0.000000e+00 0.000000e+00 0.000000e+00 0.000000e+00 0.000000e+00 0.000000e+00 0.000000e+00
2.648000e+00 0.000000e+00 -4.196600e+03 -7.148017e+03 0.000000e+00 0.000000e+00 0.000000e+00 -3.800724e+02 -3.511214e+02 1.431524e+03 5.929032e+02 0.000000e+00 0.000000e+00 0.000000e+00 0.000000e+00 0.000000e+00 0.000000e+00 0.000000e+00 0.000000e+00 0.000000e+00
2.649000e+00 0.000000e+00 -4.191421e+03 -7.140462e+03 0.000000e+00 0.000000e+00 0.000000e+00 -3.801157e+02 -3.511459e+02 1.430869e+03 5.925870e+02 0.000000e+00 0.000000e+00 0.000000e+00 0.000000e+00 0.000000e+00 0.000000e+00 0.000000e+00 0.000000e+00 0.000000e+00
2.650000e+00 0.000000e+00 -4.186372e+03 -7.133040e+03 0.000000e+00 0.000000e+00 0.000000e+00 -3.801761e+02 -3.511875e+02 1.430233e+03 5.923051e+02 0.000000e+00 0.000000e+00 0.000000e+00 0.000000e+00 0.000000e+00 0.000000e+00 0.000000e+00 0.000000e+00 0.000000e+00
2.651000e+00 0.000000e+00 -4.181456e+03 -7.125754e+03 0.000000e+00 0.000000e+00 0.000000e+00 -3.802538e+02 -3.512461e+02 1.429617e+03 5.920579e+02 0.000000e+00 0.000000e+00 0.000000e+00 0.000000e+00 0.000000e+00 0.000000e+00 0.000000e+00 0.000000e+00 0.000000e+00
2.652000e+00 0.000000e+00 -4.176670e+03 -7.118605e+03 0.000000e+00 0.000000e+00 0.000000e+00 -3.803489e+02 -3.513221e+02 1.429020e+03 5.918456e+02 0.000000e+00 0.000000e+00 0.000000e+00 0.000000e+00 0.000000e+00 0.000000e+00 0.000000e+00 0.000000e+00 0.000000e+00
2.653000e+00 0.000000e+00 -4.172017e+03 -7.111597e+03 0.000000e+00 0.000000e+00 0.000000e+00 -3.804616e+02 -3.514155e+02 1.428443e+03 5.916683e+02 0.000000e+00 0.000000e+00 0.000000e+00 0.000000e+00 0.000000e+00 0.000000e+00 0.000000e+00 0.000000e+00 0.000000e+00
2.654000e+00 0.000000e+00 -4.167496e+03 -7.104731e+03 0.000000e+00 0.000000e+00 0.000000e+00 -3.805921e+02 -3.515266e+02 1.427885e+03 5.915264e+02 0.000000e+00 0.000000e+00 0.000000e+00 0.000000e+00 0.000000e+00 0.000000e+00 0.000000e+00 0.000000e+00 0.000000e+00
2.655000e+00 0.000000e+00 -4.163107e+03 -7.098011e+03 0.000000e+00 0.000000e+00 0.000000e+00 -3.807405e+02 -3.516554e+02 1.427347e+03 5.914199e+02 0.000000e+00 0.000000e+00 0.000000e+00 0.000000e+00 0.000000e+00 0.000000e+00 0.000000e+00 0.000000e+00 0.000000e+00
2.656000e+00 0.000000e+00 -4.158851e+03 -7.091438e+03 0.000000e+00 0.000000e+00 0.000000e+00 -3.809069e+02 -3.518022e+02 1.426828e+03 5.913492e+02 0.000000e+00 0.000000e+00 0.000000e+00 0.000000e+00 0.000000e+00 0.000000e+00 0.000000e+00 0.000000e+00 0.000000e+00
2.657000e+00 0.000000e+00 -4.154727e+03 -7.085014e+03 0.000000e+00 0.000000e+00 0.000000e+00 -3.810916e+02 -3.519669e+02 1.426329e+03 5.913144e+02 0.000000e+00 0.000000e+00 0.000000e+00 0.000000e+00 0.000000e+00 0.000000e+00 0.000000e+00 0.000000e+00 0.000000e+00
2.658000e+00 0.000000e+00 -4.150735e+03 -7.078743e+03 0.000000e+00 0.000000e+00 0.000000e+00 -3.812945e+02 -3.521498e+02 1.425850e+03 5.913156e+02 0.000000e+00 0.000000e+00 0.000000e+00 0.000000e+00 0.000000e+00 0.000000e+00 0.000000e+00 0.000000e+00 0.000000e+00
2.659000e+00 0.000000e+00 -4.146876e+03 -7.072625e+03 0.000000e+00 0.000000e+00 0.000000e+00 -3.815159e+02 -3.523510e+02 1.425391e+03 5.913530e+02 0.000000e+00 0.000000e+00 0.000000e+00 0.000000e+00 0.000000e+00 0.000000e+00 0.000000e+00 0.000000e+00 0.000000e+00
2.660000e+00 0.000000e+00 -4.143150e+03 -7.066664e+03 0.000000e+00 0.000000e+00 0.000000e+00 -3.817559e+02 -3.525706e+02 1.424951e+03 5.914267e+02 0.000000e+00 0.000000e+00 0.000000e+00 0.000000e+00 0.000000e+00 0.000000e+00 0.000000e+00 0.000000e+00 0.000000e+00
2.661000e+00 0.000000e+00 -4.139556e+03 -7.060860e+03 0.000000e+00 0.000000e+00 0.000000e+00 -3.820145e+02 -3.528086e+02 1.424532e+03 5.915369e+02 0.000000e+00 0.000000e+00 0.000000e+00 0.000000e+00 0.000000e+00 0.000000e+00 0.000000e+00 0.000000e+00 0.000000e+00
2.662000e+00 0.000000e+00 -4.136095e+03 -7.055216e+03 0.000000e+00 0.000000e+00 0.000000e+00 -3.822918e+02 -3.530652e+02 1.424133e+03 5.916836e+02 0.000000e+00 0.000000e+00 0.000000e+00 0.000000e+00 0.000000e+00 0.000000e+00 0.000000e+00 0.000000e+00 0.000000e+00
2.663000e+00 0.000000e+00 -4.132766e+03 -7.049734e+03 0.000000e+00 0.000000e+00 0.000000e+00 -3.825880e+02 -3.533404e+02 1.423753e+03 5.918670e+02 0.000000e+00 0.000000e+00 0.000000e+00 0.000000e+00 0.000000e+00 0.000000e+00 0.000000e+00 0.000000e+00 0.000000e+00
2.664000e+00 0.000000e+00 -4.129569e+03 -7.044415e+03 0.000000e+00 0.000000e+00 0.000000e+00 -3.829031e+02 -3.536344e+02 1.423393e+03 5.920871e+02 0.000000e+00 0.000000e+00 0.000000e+00 0.000000e+00 0.000000e+00 0.000000e+00 0.000000e+00 0.000000e+00 0.000000e+00
2.665000e+00 0.000000e+00 -4.126504e+03 -7.039261e+03 0.000000e+00 0.000000e+00 0.000000e+00 -3.832372e+02 -3.539472e+02 1.423054e+03 5.923439e+02 0.000000e+00 0.000000e+00 0.000000e+00 0.000000e+00 0.000000e+00 0.000000e+00 0.000000e+00 0.000000e+00 0.000000e+00
2.666000e+00 0.000000e+00 -4.123570e+03 -7.034275e+03 0.000000e+00 0.000000e+00 0.000000e+00 -3.835904e+02 -3.542788e+02 1.422734e+03 5.926375e+02 0.000000e+00 0.000000e+00 0.000000e+00 0.000000e+00 0.000000e+00 0.000000e+00 0.000000e+00 0.000000e+00 0.000000e+00
2.667000e+00 0.000000e+00 -4.120768e+03 -7.029456e+03 0.000000e+00 0.000000e+00 0.000000e+00 -3.839626e+02 -3.546293e+02 1.422434e+03 5.929681e+02 0.000000e+00 0.000000e+00 0.000000e+00 0.000000e+00 0.000000e+00 0.000000e+00 0.000000e+00 0.000000e+00 0.000000e+00
2.668000e+00 0.000000e+00 -4.118097e+03 -7.024807e+03 0.000000e+00 0.000000e+00 0.000000e+00 -3.843540e+02 -3.549988e+02 1.422155e+03 5.933354e+02 0.000000e+00 0.000000e+00 0.000000e+00 0.000000e+00 0.000000e+00 0.000000e+00 0.000000e+00 0.000000e+00 0.000000e+00
2.669000e+00 0.000000e+00 -4.115556e+03 -7.020330e+03 0.000000e+00 0.000000e+00 0.000000e+00 -3.847647e+02 -3.553872e+02 1.421895e+03 5.937397e+02 0.000000e+00 0.000000e+00 0.000000e+00 0.000000e+00 0.000000e+00 0.000000e+00 0.000000e+00 0.000000e+00 0.000000e+00
2.670000e+00 0.000000e+00 -4.113145e+03 -7.016026e+03 0.000000e+00 0.000000e+00 0.000000e+00 -3.851945e+02 -3.557947e+02 1.421655e+03 5.941808e+02 0.000000e+00 0.000000e+00 0.000000e+00 0.000000e+00 0.000000e+00 0.000000e+00 0.000000e+00 0.000000e+00 0.000000e+00
2.671000e+00 0.000000e+00 -4.110864e+03 -7.011895e+03 0.000000e+00 0.000000e+00 0.000000e+00 -3.856437e+02 -3.562213e+02 1.421435e+03 5.946588e+02 0.000000e+00 0.000000e+00 0.000000e+00 0.000000e+00 0.000000e+00 0.000000e+00 0.000000e+00 0.000000e+00 0.000000e+00
2.672000e+00 0.000000e+00 -4.108712e+03 -7.007940e+03 0.000000e+00 0.000000e+00 0.000000e+00 -3.861121e+02 -3.566669e+02 1.421235e+03 5.951736e+02 0.000000e+00 0.000000e+00 0.000000e+00 0.000000e+00 0.000000e+00 0.000000e+00 0.000000e+00 0.000000e+00 0.000000e+00
2.673000e+00 0.000000e+00 -4.106689e+03 -7.004161e+03 0.000000e+00 0.000000e+00 0.000000e+00 -3.865999e+02 -3.571316e+02 1.421055e+03 5.957251e+02 0.000000e+00 0.000000e+00 0.000000e+00 0.000000e+00 0.000000e+00 0.000000e+00 0.000000e+00 0.000000e+00 0.000000e+00
2.674000e+00 0.000000e+00 -4.104793e+03 -7.000559e+03 0.000000e+00 0.000000e+00 0.000000e+00 -3.871069e+02 -3.576154e+02 1.420894e+03 5.963133e+02 0.000000e+00 0.000000e+00 0.000000e+00 0.000000e+00 0.000000e+00 0.000000e+00 0.000000e+00 0.000000e+00 0.000000e+00
2.675000e+00 0.000000e+00 -4.103026e+03 -6.997136e+03 0.000000e+00 0.000000e+00 0.000000e+00 -3.876332e+02 -3.581182e+02 1.420753e+03 5.969382e+02 0.000000e+00 0.000000e+00 0.000000e+00 0.000000e+00 0.000000e+00 0.000000e+00 0.000000e+00 0.000000e+00 0.000000e+00
2.676000e+00 0.000000e+00 -4.101385e+03 -6.993892e+03 0.000000e+00 0.000000e+00 0.000000e+00 -3.881788e+02 -3.586400e+02 1.420632e+03 5.975995e+02 0.000000e+00 0.000000e+00 0.000000e+00 0.000000e+00 0.000000e+00 0.000000e+00 0.000000e+00 0.000000e+00 0.000000e+00
2.677000e+00 0.000000e+00 -4.099870e+03 -6.990828e+03 0.000000e+00 0.000000e+00 0.000000e+00 -3.887436e+02 -3.591809e+02 1.420531e+03 5.982971e+02 0.000000e+00 0.000000e+00 0.000000e+00 0.000000e+00 0.000000e+00 0.000000e+00 0.000000e+00 0.000000e+00 0.000000e+00
2.678000e+00 0.000000e+00 -4.098480e+03 -6.987945e+03 0.000000e+00 0.000000e+00 0.000000e+00 -3.893276e+02 -3.597407e+02 1.420449e+03 5.990310e+02 0.000000e+00 0.000000e+00 0.000000e+00 0.000000e+00 0.000000e+00 0.000000e+00 0.000000e+00 0.000000e+00 0.000000e+00
2.679000e+00 0.000000e+00 -4.097216e+03 -6.985244e+03 0.000000e+00 0.000000e+00 0.000000e+00 -3.899308e+02 -3.603195e+02 1.420386e+03 5.998011e+02 0.000000e+00 0.000000e+00 0.000000e+00 0.000000e+00 0.000000e+00 0.000000e+00 0.000000e+00 0.000000e+00 0.000000e+00
2.680000e+00 0.000000e+00 -4.096075e+03 -6.982724e+03 0.000000e+00 0.000000e+00 0.000000e+00 -3.905530e+02 -3.609171e+02 1.420343e+03 6.006070e+02 0.000000e+00 0.000000e+00 0.000000e+00 0.000000e+00 0.000000e+00 0.000000e+00 0.000000e+00 0.000000e+00 0.000000e+00
2.681000e+00 0.000000e+00 -4.095057e+03 -6.980387e+03 0.000000e+00 0.000000e+00 0.000000e+00 -3.911944e+02 -3.615335e+02 1.420319e+03 6.014488e+02 0.000000e+00 0.000000e+00 0.000000e+00 0.000000e+00 0.000000e+00 0.000000e+00 0.000000e+00 0.000000e+00 0.000000e+00
2.682000e+00 0.000000e+00 -4.094162e+03 -6.978233e+03 0.000000e+00 0.000000e+00 0.000000e+00 -3.918547e+02 -3.621687e+02 1.420315e+03 6.023261e+02 0.000000e+00 0.000000e+00 0.000000e+00 0.000000e+00 0.000000e+00 0.000000e+00 0.000000e+00 0.000000e+00 0.000000e+00
2.683000e+00 0.000000e+00 -4.093388e+03 -6.976262e+03 0.000000e+00 0.000000e+00 0.000000e+00 -3.925338e+02 -3.628225e+02 1.420329e+03 6.032387e+02 0.000000e+00 0.000000e+00 0.000000e+00 0.000000e+00 0.000000e+00 0.000000e+00 0.000000e+00 0.000000e+00 0.000000e+00
2.684000e+00 0.000000e+00 -4.092735e+03 -6.974475e+03 0.000000e+00 0.000000e+00 0.000000e+00 -3.932318e+02 -3.634948e+02 1.420363e+03 6.041866e+02 0.000000e+00 0.000000e+00 0.000000e+00 0.000000e+00 0.000000e+00 0.000000e+00 0.000000e+00 0.000000e+00 0.000000e+00
2.685000e+00 0.000000e+00 -4.092201e+03 -6.972871e+03 0.000000e+00 0.000000e+00 0.000000e+00 -3.939485e+02 -3.641857e+02 1.420415e+03 6.051693e+02 0.000000e+00 0.000000e+00 0.000000e+00 0.000000e+00 0.000000e+00 0.000000e+00 0.000000e+00 0.000000e+00 0.000000e+00
2.686000e+00 0.000000e+00 -4.091786e+03 -6.971451e+03 0.000000e+00 0.000000e+00 0.000000e+00 -3.946838e+02 -3.648949e+02 1.420487e+03 6.061868e+02 0.000000e+00 0.000000e+00 0.000000e+00 0.000000e+00 0.000000e+00 0.000000e+00 0.000000e+00 0.000000e+00 0.000000e+00
2.687000e+00 0.000000e+00 -4.091488e+03 -6.970215e+03 0.000000e+00 0.000000e+00 0.000000e+00 -3.954377e+02 -3.656224e+02 1.420577e+03 6.072387e+02 0.000000e+00 0.000000e+00 0.000000e+00 0.000000e+00 0.000000e+00 0.000000e+00 0.000000e+00 0.000000e+00 0.000000e+00
2.688000e+00 0.000000e+00 -4.091308e+03 -6.969163e+03 0.000000e+00 0.000000e+00 0.000000e+00 -3.962099e+02 -3.663680e+02 1.420685e+03 6.083248e+02 0.000000e+00 0.000000e+00 0.000000e+00 0.000000e+00 0.000000e+00 0.000000e+00 0.000000e+00 0.000000e+00 0.000000e+00
2.689000e+00 0.000000e+00 -4.091242e+03 -6.968295e+03 0.000000e+00 0.000000e+00 0.000000e+00 -3.970004e+02 -3.671317e+02 1.420812e+03 6.094448e+02 0.000000e+00 0.000000e+00 0.000000e+00 0.000000e+00 0.000000e+00 0.000000e+00 0.000000e+00 0.000000e+00 0.000000e+00
2.690000e+00 0.000000e+00 -4.091291e+03 -6.967609e+03 0.000000e+00 0.000000e+00 0.000000e+00 -3.978090e+02 -3.679133e+02 1.420958e+03 6.105984e+02 0.000000e+00 0.000000e+00 0.000000e+00 0.000000e+00 0.000000e+00 0.000000e+00 0.000000e+00 0.000000e+00 0.000000e+00
2.691000e+00 0.000000e+00 -4.091453e+03 -6.967107e+03 0.000000e+00 0.000000e+00 0.000000e+00 -3.986357e+02 -3.687127e+02 1.421121e+03 6.117854e+02 0.000000e+00 0.000000e+00 0.000000e+00 0.000000e+00 0.000000e+00 0.000000e+00 0.000000e+00 0.000000e+00 0.000000e+00
2.692000e+00 0.000000e+00 -4.091728e+03 -6.966788e+03 0.000000e+00 0.000000e+00 0.000000e+00 -3.994802e+02 -3.695297e+02 1.421303e+03 6.130053e+02 0.000000e+00 0.000000e+00 0.000000e+00 0.000000e+00 0.000000e+00 0.000000e+00 0.000000e+00 0.000000e+00 0.000000e+00
2.693000e+00 0.000000e+00 -4.092113e+03 -6.966651e+03 0.000000e+00 0.000000e+00 0.000000e+00 -4.003425e+02 -3.703642e+02 1.421502e+03 6.142579e+02 0.000000e+00 0.000000e+00 0.000000e+00 0.000000e+00 0.000000e+00 0.000000e+00 0.000000e+00 0.000000e+00 0.000000e+00
2.694000e+00 0.000000e+00 -4.092608e+03 -6.966696e+03 0.000000e+00 0.000000e+00 0.000000e+00 -4.012222e+02 -3.712160e+02 1.421720e+03 6.155428e+02 0.000000e+00 0.000000e+00 0.000000e+00 0.000000e+00 0.000000e+00 0.000000e+00 0.000000e+00 0.000000e+00 0.000000e+00
2.695000e+00 0.000000e+00 -4.093211e+03 -6.966922e+03 0.000000e+00 0.000000e+00 0.000000e+00 -4.021194e+02 -3.720849e+02 1.421955e+03 6.168597e+02 0.000000e+00 0.000000e+00 0.000000e+00 0.000000e+00 0.000000e+00 0.000000e+00 0.000000e+00 0.000000e+00 0.000000e+00
2.696000e+00 0.000000e+00 -4.093922e+03 -6.967329e+03 0.000000e+00 0.000000e+00 0.000000e+00 -4.030337e+02 -3.729708e+02 1.422207e+03 6.182082e+02 0.000000e+00 0.000000e+00 0.000000e+00 0.000000e+00 0.000000e+00 0.000000e+00 0.000000e+00 0.000000e+00 0.000000e+00
2.697000e+00 0.000000e+00 -4.094738e+03 -6.967915e+03 0.000000e+00 0.000000e+00 0.000000e+00 -4.039651e+02 -3.738735e+02 1.422477e+03 6.195880e+02 0.000000e+00 0.000000e+00 0.000000e+00 0.000000e+00 0.000000e+00 0.000000e+00 0.000000e+00 0.000000e+00 0.000000e+00
2.698000e+00 0.000000e+00 -4.095660e+03 -6.968679e+03 0.000000e+00 0.000000e+00 0.000000e+00 -4.049133e+02 -3.747928e+02 1.422764e+03 6.209985e+02 0.000000e+00 0.000000e+00 0.000000e+00 0.000000e+00 0.000000e+00 0.000000e+00 0.000000e+00 0.000000e+00 0.000000e+00
2.699000e+00 0.000000e+00 -4.096684e+03 -6.969622e+03 0.000000e+00 0.000000e+00 0.000000e+00 -4.058781e+02 -3.757284e+02 1.423067e+03 6.224395e+02 0.000000e+00 0.000000e+00 0.000000e+00 0.000000e+00 0.000000e+00 0.000000e+00 0.000000e+00 0.000000e+00 0.000000e+00
2.700000e+00 0.000000e+00 -4.097811e+03 -6.970741e+03 0.000000e+00 0.000000e+00 0.000000e+00 -4.068592e+02 -3.766802e+02 1.423388e+03 6.239106e+02 0.000000e+00 0.000000e+00 0.000000e+00 0.000000e+00 0.000000e+00 0.000000e+00 0.000000e+00 0.000000e+00 0.000000e+00
2.701000e+00 0.000000e+00 -4.099039e+03 -6.972035e+03 0.000000e+00 0.000000e+00 0.000000e+00 -4.078566e+02 -3.776480e+02 1.423725e+03 6.254112e+02 0.000000e+00 0.000000e+00 0.000000e+00 0.000000e+00 0.000000e+00 0.000000e+00 0.000000e+00 0.000000e+00 0.000000e+00
2.702000e+00 0.000000e+00 -4.100365e+03 -6.973504e+03 0.000000e+00 0.000000e+00 0.000000e+00 -4.088699e+02 -3.786316e+02 1.424079e+03 6.269409e+02 0.000000e+00 0.000000e+00 0.000000e+00 0.000000e+00 0.000000e+00 0.000000e+00 0.000000e+00 0.000000e+00 0.000000e+00
2.703000e+00 0.000000e+00 -4.101790e+03 -6.975146e+03 0.000000e+00 0.000000e+00 0.000000e+00 -4.098990e+02 -3.796306e+02 1.424449e+03 6.284994e+02 0.000000e+00 0.000000e+00 0.000000e+00 0.000000e+00 0.000000e+00 0.000000e+00 0.000000e+00 0.000000e+00 0.000000e+00
2.704000e+00 0.000000e+00 -4.103311e+03 -6.976960e+03 0.000000e+00 0.000000e+00 0.000000e+00 -4.109435e+02 -3.806450e+02 1.424835e+03 6.300861e+02 0.000000e+00 0.000000e+00 0.000000e+00 0.000000e+00 0.000000e+00 0.000000e+00 0.000000e+00 0.000000e+00 0.000000e+00
2.705000e+00 0.000000e+00 -4.104927e+03 -6.978944e+03 0.000000e+00 0.000000e+00 0.000000e+00 -4.120033e+02 -3.816744e+02 1.425237e+03 6.317006e+02 0.000000e+00 0.000000e+00 0.000000e+00 0.000000e+00 0.000000e+00 0.000000e+00 0.000000e+00 0.000000e+00 0.000000e+00
2.706000e+00 0.000000e+00 -4.106637e+03 -6.981096e+03 0.000000e+00 0.000000e+00 0.000000e+00 -4.130781e+02 -3.827186e+02 1.425655e+03 6.333425e+02 0.000000e+00 0.000000e+00 0.000000e+00 0.000000e+00 0.000000e+00 0.000000e+00 0.000000e+00 0.000000e+00 0.000000e+00
2.707000e+00 0.000000e+00 -4.108439e+03 -6.983416e+03 0.000000e+00 0.000000e+00 0.000000e+00 -4.141676e+02 -3.837774e+02 1.426088e+03 6.350112e+02 0.000000e+00 0.000000e+00 0.000000e+00 0.000000e+00 0.000000e+00 0.000000e+00 0.000000e+00 0.000000e+00 0.000000e+00
2.708000e+00 0.000000e+00 -4.110331e+03 -6.985902e+03 0.000000e+00 0.000000e+00 0.000000e+00 -4.152717e+02 -3.848505e+02 1.426536e+03 6.367062e+02 0.000000e+00 0.000000e+00 0.000000e+00 0.000000e+00 0.000000e+00 0.000000e+00 0.000000e+00 0.000000e+00 0.000000e+00
2.709000e+00 0.000000e+00 -4.112313e+03 -6.988551e+03 0.000000e+00 0.000000e+00 0.000000e+00 -4.163900e+02 -3.859377e+02 1.427000e+03 6.384272e+02 0.000000e+00 0.000000e+00 0.000000e+00 0.000000e+00 0.000000e+00 0.000000e+00 0.000000e+00 0.000000e+00 0.000000e+00
2.710000e+00 0.000000e+00 -4.114381e+03 -6.991363e+03 0.000000e+00 0.000000e+00 0.000000e+00 -4.175223e+02 -3.870386e+02 1.427478e+03 6.401735e+02 0.000000e+00 0.000000e+00 0.000000e+00 0.000000e+00 0.000000e+00 0.000000e+00 0.000000e+00 0.000000e+00 0.000000e+00
2.711000e+00 0.000000e+00 -4.116536e+03 -6.994335e+03 0.000000e+00 0.000000e+00 0.000000e+00 -4.186682e+02 -3.881531e+02 1.427972e+03 6.419446e+02 0.000000e+00 0.000000e+00 0.000000e+00 0.000000e+00 0.000000e+00 0.000000e+00 0.000000e+00 0.000000e+00 0.000000e+00
2.712000e+00 0.000000e+00 -4.118775e+03 -6.997465e+03 0.000000e+00 0.000000e+00 0.000000e+00 -4.198276e+02 -3.892808e+02 1.428479e+03 6.437401e+02 0.000000e+00 0.000000e+00 0.000000e+00 0.000000e+00 0.000000e+00 0.000000e+00 0.000000e+00 0.000000e+00 0.000000e+00
2.713000e+00 0.000000e+00 -4.121097e+03 -7.000751e+03 0.000000e+00 0.000000e+00 0.000000e+00 -4.210002e+02 -3.904215e+02 1.429001e+03 6.455594e+02 0.000000e+00 0.000000e+00 0.000000e+00 0.000000e+00 0.000000e+00 0.000000e+00 0.000000e+00 0.000000e+00 0.000000e+00
2.714000e+00 0.000000e+00 -4.123500e+03 -7.004192e+03 0.000000e+00 0.000000e+00 0.000000e+00 -4.221855e+02 -3.915749e+02 1.429538e+03 6.474020e+02 0.000000e+00 0.000000e+00 0.000000e+00 0.000000e+00 0.000000e+00 0.000000e+00 0.000000e+00 0.000000e+00 0.000000e+00
2.715000e+00 0.000000e+00 -4.125982e+03 -7.007785e+03 0.000000e+00 0.000000e+00 0.000000e+00 -4.233834e+02 -3.927407e+02 1.430088e+03 6.492672e+02 0.000000e+00 0.000000e+00 0.000000e+00 0.000000e+00 0.000000e+00 0.000000e+00 0.000000e+00 0.000000e+00 0.000000e+00
2.716000e+00 0.000000e+00 -4.128542e+03 -7.011527e+03 0.000000e+00 0.000000e+00 0.000000e+00 -4.245935e+02 -3.939185e+02 1.430651e+03 6.511546e+02 0.000000e+00 0.000000e+00 0.000000e+00 0.000000e+00 0.000000e+00 0.000000e+00 0.000000e+00 0.000000e+00 0.000000e+00
2.717000e+00 0.000000e+00 -4.131179e+03 -7.015417e+03 0.000000e+00 0.000000e+00 0.000000e+00 -4.258155e+02 -3.951081e+02 1.431228e+03 6.530637e+02 0.000000e+00 0.000000e+00 0.000000e+00 0.000000e+00 0.000000e+00 0.000000e+00 0.000000e+00 0.000000e+00 0.000000e+00
2.718000e+00 0.000000e+00 -4.133890e+03 -7.019452e+03 0.000000e+00 0.000000e+00 0.000000e+00 -4.270492e+02 -3.963092e+02 1.431819e+03 6.549937e+02 0.000000e+00 0.000000e+00 0.000000e+00 0.000000e+00 0.000000e+00 0.000000e+00 0.000000e+00 0.000000e+00 0.000000e+00
2.719000e+00 0.000000e+00 -4.136675e+03 -7.023630e+03 0.000000e+00 0.000000e+00 0.000000e+00 -4.282941e+02 -3.975214e+02 1.432422e+03 6.569442e+02 0.000000e+00 0.000000e+00 0.000000e+00 0.000000e+00 0.000000e+00 0.000000e+00 0.000000e+00 0.000000e+00 0.000000e+00
2.720000e+00 0.000000e+00 -4.139531e+03 -7.027948e+03 0.000000e+00 0.000000e+00 0.000000e+00 -4.295499e+02 -3.987445e+02 1.433038e+03 6.589145e+02 0.000000e+00 0.000000e+00 0.000000e+00 0.000000e+00 0.000000e+00 0.000000e+00 0.000000e+00 0.000000e+00 0.000000e+00
2.721000e+00 0.000000e+00 -4.142457e+03 -7.032404e+03 0.000000e+00 0.000000e+00 0.000000e+00 -4.308164e+02 -3.999781e+02 1.433666e+03 6.609042e+02 0.000000e+00 0.000000e+00 0.000000e+00 0.000000e+00 0.000000e+00 0.000000e+00 0.000000e+00 0.000000e+00 0.000000e+00
2.722000e+00 0.000000e+00 -4.145451e+03 -7.036995e+03 0.000000e+00 0.000000e+00 0.000000e+00 -4.320931e+02 -4.012218e+02 1.434307e+03 6.629125e+02 0.000000e+00 0.000000e+00 0.000000e+00 0.000000e+00 0.000000e+00 0.000000e+00 0.000000e+00 0.000000e+00 0.000000e+00
2.723000e+00 0.000000e+00 -4.148511e+03 -7.041718e+03 0.000000e+00 0.000000e+00 0.000000e+00 -4.333798e+02 -4.024754e+02 1.434960e+03 6.649389e+02 0.000000e+00 0.000000e+00 0.000000e+00 0.000000e+00 0.000000e+00 0.000000e+00 0.000000e+00 0.000000e+00 0.000000e+00
2.724000e+00 0.000000e+00 -4.151636e+03 -7.046570e+03 0.000000e+00 0.000000e+00 0.000000e+00 -4.346762e+02 -4.037386e+02 1.435625e+03 6.669829e+02 0.000000e+00 0.000000e+00 0.000000e+00 0.000000e+00 0.000000e+00 0.000000e+00 0.000000e+00 0.000000e+00 0.000000e+00
2.725000e+00 0.000000e+00 -4.154825e+03 -7.051550e+03 0.000000e+00 0.000000e+00 0.000000e+00 -4.359818e+02 -4.050109e+02 1.436302e+03 6.690437e+02 0.000000e+00 0.000000e+00 0.000000e+00 0.000000e+00 0.000000e+00 0.000000e+00 0.000000e+00 0.000000e+00 0.000000e+00
2.726000e+00 0.000000e+00 -4.158074e+03 -7.056654e+03 0.000000e+00 0.000000e+00 0.000000e+00 -4.372963e+02 -4.062921e+02 1.436989e+03 6.711208e+02 0.000000e+00 0.000000e+00 0.000000e+00 0.000000e+00 0.000000e+00 0.000000e+00 0.000000e+00 0.000000e+00 0.000000e+00
2.727000e+00 0.000000e+00 -4.161384e+03 -7.061878e+03 0.000000e+00 0.000000e+00 0.000000e+00 -4.386194e+02 -4.075818e+02 1.437688e+03 6.732137e+02 0.000000e+00 0.000000e+00 0.000000e+00 0.000000e+00 0.000000e+00 0.000000e+00 0.000000e+00 0.000000e+00 0.000000e+00
2.728000e+00 0.000000e+00 -4.164751e+03 -7.067221e+03 0.000000e+00 0.000000e+00 0.000000e+00 -4.399508e+02 -4.088797e+02 1.438398e+03 6.753216e+02 0.000000e+00 0.000000e+00 0.000000e+00 0.000000e+00 0.000000e+00 0.000000e+00 0.000000e+00 0.000000e+00 0.000000e+00
2.729000e+00 0.000000e+00 -4.168174e+03 -7.072680e+03 0.000000e+00 0.000000e+00 0.000000e+00 -4.412900e+02 -4.101854e+02 1.439119e+03 6.774440e+02 0.000000e+00 0.000000e+00 0.000000e+00 0.000000e+00 0.000000e+00 0.000000e+00 0.000000e+00 0.000000e+00 0.000000e+00
2.730000e+00 0.000000e+00 -4.171652e+03 -7.078250e+03 0.000000e+00 0.000000e+00 0.000000e+00 -4.426368e+02 -4.114986e+02 1.439850e+03 6.795802e+02 0.000000e+00 0.000000e+00 0.000000e+00 0.000000e+00 0.000000e+00 0.000000e+00 0.000000e+00 0.000000e+00 0.000000e+00
2.731000e+00 0.000000e+00 -4.175183e+03 -7.083930e+03 0.000000e+00 0.000000e+00 0.000000e+00 -4.439907e+02 -4.128189e+02 1.440591e+03 6.817297e+02 0.000000e+00 0.000000e+00 0.000000e+00 0.000000e+00 0.000000e+00 0.000000e+00 0.000000e+00 0.000000e+00 0.000000e+00
2.732000e+00 0.000000e+00 -4.178765e+03 -7.089715e+03 0.000000e+00 0.000000e+00 0.000000e+00 -4.453514e+02 -4.141460e+02 1.441343e+03 6.838917e+02 0.000000e+00 0.000000e+00 0.000000e+00 0.000000e+00 0.000000e+00 0.000000e+00 0.000000e+00 0.000000e+00 0.000000e+00
2.733000e+00 0.000000e+00 -4.182397e+03 -7.095604e+03 0.000000e+00 0.000000e+00 0.000000e+00 -4.467186e+02 -4.154795e+02 1.442104e+03 6.860657e+02 0.000000e+00 0.000000e+00 0.000000e+00 0.000000e+00 0.000000e+00 0.000000e+00 0.000000e+00 0.000000e+00 0.000000e+00
2.734000e+00 0.000000e+00 -4.186076e+03 -7.101591e+03 0.000000e+00 0.000000e+00 0.000000e+00 -4.480918e+02 -4.168191e+02 1.442874e+03 6.882511e+02 0.000000e+00 0.000000e+00 0.000000e+00 0.000000e+00 0.000000e+00 0.000000e+00 0.000000e+00 0.000000e+00 0.000000e+00
2.735000e+00 0.000000e+00 -4.189801e+03 -7.107675e+03 0.000000e+00 0.000000e+00 0.000000e+00 -4.494707e+02 -4.181643e+02 1.443654e+03 6.904471e+02 0.000000e+00 0.000000e+00 0.000000e+00 0.000000e+00 0.000000e+00 0.000000e+00 0.000000e+00 0.000000e+00 0.000000e+00
2.736000e+00 0.000000e+00 -4.193570e+03 -7.113852e+03 0.000000e+00 0.000000e+00 0.000000e+00 -4.508548e+02 -4.195148e+02 1.444443e+03 6.926532e+02 0.000000e+00 0.000000e+00 0.000000e+00 0.000000e+00 0.000000e+00 0.000000e+00 0.000000e+00 0.000000e+00 0.000000e+00
2.737000e+00 0.000000e+00 -4.197382e+03 -7.120118e+03 0.000000e+00 0.000000e+00 0.000000e+00 -4.522440e+02 -4.208703e+02 1.445240e+03 6.948687e+02 0.000000e+00 0.000000e+00 0.000000e+00 0.000000e+00 0.000000e+00 0.000000e+00 0.000000e+00 0.000000e+00 0.000000e+00
2.738000e+00 0.000000e+00 -4.201235e+03 -7.126471e+03 0.000000e+00 0.000000e+00 0.000000e+00 -4.536376e+02 -4.222304e+02 1.446046e+03 6.970930e+02 0.000000e+00 0.000000e+00 0.000000e+00 0.000000e+00 0.000000e+00 0.000000e+00 0.000000e+00 0.000000e+00 0.000000e+00
2.739000e+00 0.000000e+00 -4.205127e+03 -7.132906e+03 0.000000e+00 0.000000e+00 0.000000e+00 -4.550355e+02 -4.235947e+02 1.446861e+03 6.993255e+02 0.000000e+00 0.000000e+00 0.000000e+00 0.000000e+00 0.000000e+00 0.000000e+00 0.000000e+00 0.000000e+00 0.000000e+00
2.740000e+00 0.000000e+00 -4.209057e+03 -7.139420e+03 0.000000e+00 0.000000e+00 0.000000e+00 -4.564371e+02 -4.249628e+02 1.447684e+03 7.015654e+02 0.000000e+00 0.000000e+00 0.000000e+00 0.000000e+00 0.000000e+00 0.000000e+00 0.000000e+00 0.000000e+00 0.000000e+00
2.741000e+00 0.000000e+00 -4.213023e+03 -7.146009e+03 0.000000e+00 0.000000e+00 0.000000e+00 -4.578421e+02 -4.263343e+02 1.448514e+03 7.038122e+02 0.000000e+00 0.000000e+00 0.000000e+00 0.000000e+00 0.000000e+00 0.000000e+00 0.000000e+00 0.000000e+00 0.000000e+00
2.742000e+00 0.000000e+00 -4.217022e+03 -7.152671e+03 0.000000e+00 0.000000e+00 0.000000e+00 -4.592501e+02 -4.277089e+02 1.449352e+03 7.060652e+02 0.000000e+00 0.000000e+00 0.000000e+00 0.000000e+00 0.000000e+00 0.000000e+00 0.000000e+00 0.000000e+00 0.000000e+00
2.743000e+00 0.000000e+00 -4.221055e+03 -7.159401e+03 0.000000e+00 0.000000e+00 0.000000e+00 -4.606608e+02 -4.290863e+02 1.450197e+03 7.083238e+02 0.000000e+00 0.000000e+00 0.000000e+00 0.000000e+00 0.000000e+00 0.000000e+00 0.000000e+00 0.000000e+00 0.000000e+00
2.744000e+00 0.000000e+00 -4.225118e+03 -7.166195e+03 0.000000e+00 0.000000e+00 0.000000e+00 -4.620737e+02 -4.304660e+02 1.451050e+03 7.105874e+02 0.000000e+00 0.000000e+00 0.000000e+00 0.000000e+00 0.000000e+00 0.000000e+00 0.000000e+00 0.000000e+00 0.000000e+00
2.745000e+00 0.000000e+00 -4.229210e+03 -7.173052e+03 0.000000e+00 0.000000e+00 0.000000e+00 -4.634885e+02 -4.318477e+02 1.451909e+03 7.128552e+02 0.000000e+00 0.000000e+00 0.000000e+00 0.000000e+00 0.000000e+00 0.000000e+00 0.000000e+00 0.000000e+00 0.000000e+00
2.746000e+00 0.000000e+00 -4.233329e+03 -7.179965e+03 0.000000e+00 0.000000e+00 0.000000e+00 -4.649048e+02 -4.332309e+02 1.452775e+03 7.151268e+02 0.000000e+00 0.000000e+00 0.000000e+00 0.000000e+00 0.000000e+00 0.000000e+00 0.000000e+00 0.000000e+00 0.000000e+00
2.747000e+00 0.000000e+00 -4.237474e+03 -7.186933e+03 0.000000e+00 0.000000e+00 0.000000e+00 -4.663223e+02 -4.346154e+02 1.453648e+03 7.174014e+02 0.000000e+00 0.000000e+00 0.000000e+00 0.000000e+00 0.000000e+00 0.000000e+00 0.000000e+00 0.000000e+00 0.000000e+00
2.748000e+00 0.000000e+00 -4.241643e+03 -7.193951e+03 0.000000e+00 0.000000e+00 0.000000e+00 -4.677404e+02 -4.360008e+02 1.454527e+03 7.196784e+02 0.000000e+00 0.000000e+00 0.000000e+00 0.000000e+00 0.000000e+00 0.000000e+00 0.000000e+00 0.000000e+00 0.000000e+00
2.749000e+00 0.000000e+00 -4.245835e+03 -7.201015e+03 0.000000e+00 0.000000e+00 0.000000e+00 -4.691589e+02 -4.373866e+02 1.455411e+03 7.219572e+02 0.000000e+00 0.000000e+00 0.000000e+00 0.000000e+00 0.000000e+00 0.000000e+00 0.000000e+00 0.000000e+00 0.000000e+00
2.750000e+00 0.000000e+00 -4.250047e+03 -7.208122e+03 0.000000e+00 0.000000e+00 0.000000e+00 -4.705773e+02 -4.387725e+02 1.456302e+03 7.242371e+02 0.000000e+00 0.000000e+00 0.000000e+00 0.000000e+00 0.000000e+00 0.000000e+00 0.000000e+00 0.000000e+00 0.000000e+00
2.751000e+00 0.000000e+00 -4.254279e+03 -7.215268e+03 0.000000e+00 0.000000e+00 0.000000e+00 -4.719953e+02 -4.401581e+02 1.457198e+03 7.265176e+02 0.000000e+00 0.000000e+00 0.000000e+00 0.000000e+00 0.000000e+00 0.000000e+00 0.000000e+00 0.000000e+00 0.000000e+00
2.752000e+00 0.000000e+00 -4.258528e+03 -7.222449e+03 0.000000e+00 0.000000e+00 0.000000e+00 -4.734125e+02 -4.415430e+02 1.458099e+03 7.287980e+02 0.000000e+00 0.000000e+00 0.000000e+00 0.000000e+00 0.000000e+00 0.000000e+00 0.000000e+00 0.000000e+00 0.000000e+00
2.753000e+00 0.000000e+00 -4.262793e+03 -7.229662e+03 0.000000e+00 0.000000e+00 0.000000e+00 -4.748285e+02 -4.429270e+02 1.459005e+03 7.310776e+02 0.000000e+00 0.000000e+00 0.000000e+00 0.000000e+00 0.000000e+00 0.000000e+00 0.000000e+00 0.000000e+00 0.000000e+00
2.754000e+00 0.000000e+00 -4.267072e+03 -7.236902e+03 0.000000e+00 0.000000e+00 0.000000e+00 -4.762429e+02 -4.443095e+02 1.459916e+03 7.333558e+02 0.000000e+00 0.000000e+00 0.000000e+00 0.000000e+00 0.000000e+00 0.000000e+00 0.000000e+00 0.000000e+00 0.000000e+00
2.755000e+00 0.000000e+00 -4.271363e+03 -7.244166e+03 0.000000e+00 0.000000e+00 0.000000e+00 -4.776553e+02 -4.456902e+02 1.460832e+03 7.356321e+02 0.000000e+00 0.000000e+00 0.000000e+00 0.000000e+00 0.000000e+00 0.000000e+00 0.000000e+00 0.000000e+00 0.000000e+00
2.756000e+00 0.000000e+00 -4.275666e+03 -7.251450e+03 0.000000e+00 0.000000e+00 0.000000e+00 -4.790653e+02 -4.470688e+02 1.461752e+03 7.379058e+02 0.000000e+00 0.000000e+00 0.000000e+00 0.000000e+00 0.000000e+00 0.000000e+00 0.000000e+00 0.000000e+00 0.000000e+00
2.757000e+00 0.000000e+00 -4.279978e+03 -7.258750e+03 0.000000e+00 0.000000e+00 0.000000e+00 -4.804727e+02 -4.484449e+02 1.462676e+03 7.401762e+02 0.000000e+00 0.000000e+00 0.000000e+00 0.000000e+00 0.000000e+00 0.000000e+00 0.000000e+00 0.000000e+00 0.000000e+00
2.758000e+00 0.000000e+00 -4.284298e+03 -7.266062e+03 0.000000e+00 0.000000e+00 0.000000e+00 -4.818768e+02 -4.498180e+02 1.463604e+03 7.424429e+02 0.000000e+00 0.000000e+00 0.000000e+00 0.000000e+00 0.000000e+00 0.000000e+00 0.000000e+00 0.000000e+00 0.000000e+00
2.759000e+00 0.000000e+00 -4.288625e+03 -7.273382e+03 0.000000e+00 0.000000e+00 0.000000e+00 -4.832775e+02 -4.511879e+02 1.464535e+03 7.447050e+02 0.000000e+00 0.000000e+00 0.000000e+00 0.000000e+00 0.000000e+00 0.000000e+00 0.000000e+00 0.000000e+00 0.000000e+00
2.760000e+00 0.000000e+00 -4.292956e+03 -7.280707e+03 0.000000e+00 0.000000e+00 0.000000e+00 -4.846743e+02 -4.525541e+02 1.465471e+03 7.469622e+02 0.000000e+00 0.000000e+00 0.000000e+00 0.000000e+00 0.000000e+00 0.000000e+00 0.000000e+00 0.000000e+00 0.000000e+00
2.761000e+00 0.000000e+00 -4.297291e+03 -7.288032e+03 0.000000e+00 0.000000e+00 0.000000e+00 -4.860668e+02 -4.539163e+02 1.466409e+03 7.492137e+02 0.000000e+00 0.000000e+00 0.000000e+00 0.000000e+00 0.000000e+00 0.000000e+00 0.000000e+00 0.000000e+00 0.000000e+00
2.762000e+00 0.000000e+00 -4.301627e+03 -7.295354e+03 0.000000e+00 0.000000e+00 0.000000e+00 -4.874548e+02 -4.552742e+02 1.467350e+03 7.514589e+02 0.000000e+00 0.000000e+00 0.000000e+00 0.000000e+00 0.000000e+00 0.000000e+00 0.000000e+00 0.000000e+00 0.000000e+00
2.763000e+00 0.000000e+00 -4.305963e+03 -7.302670e+03 0.000000e+00 0.000000e+00 0.000000e+00 -4.888377e+02 -4.566274e+02 1.468295e+03 7.536974e+02 0.000000e+00 0.000000e+00 0.000000e+00 0.000000e+00 0.000000e+00 0.000000e+00 0.000000e+00 0.000000e+00 0.000000e+00
2.764000e+00 0.000000e+00 -4.310298e+03 -7.309974e+03 0.000000e+00 0.000000e+00 0.000000e+00 -4.902152e+02 -4.579754e+02 1.469241e+03 7.559284e+02 0.000000e+00 0.000000e+00 0.000000e+00 0.000000e+00 0.000000e+00 0.000000e+00 0.000000e+00 0.000000e+00 0.000000e+00
2.765000e+00 0.000000e+00 -4.314630e+03 -7.317264e+03 0.000000e+00 0.000000e+00 0.000000e+00 -4.915871e+02 -4.593180e+02 1.470191e+03 7.581515e+02 0.000000e+00 0.000000e+00 0.000000e+00 0.000000e+00 0.000000e+00 0.000000e+00 0.000000e+00 0.000000e+00 0.000000e+00
2.766000e+00 0.000000e+00 -4.318957e+03 -7.324535e+03 0.000000e+00 0.000000e+00 0.000000e+00 -4.929528e+02 -4.606549e+02 1.471142e+03 7.603659e+02 0.000000e+00 0.000000e+00 0.000000e+00 0.000000e+00 0.000000e+00 0.000000e+00 0.000000e+00 0.000000e+00 0.000000e+00
2.767000e+00 0.000000e+00 -4.323279e+03 -7.331785e+03 0.000000e+00 0.000000e+00 0.000000e+00 -4.943121e+02 -4.619856e+02 1.472095e+03 7.625712e+02 0.000000e+00 0.000000e+00 0.000000e+00 0.000000e+00 0.000000e+00 0.000000e+00 0.000000e+00 0.000000e+00 0.000000e+00
2.768000e+00 0.000000e+00 -4.327593e+03 -7.339008e+03 0.000000e+00 0.000000e+00 0.000000e+00 -4.956645e+02 -4.633098e+02 1.473050e+03 7.647669e+02 0.000000e+00 0.000000e+00 0.000000e+00 0.000000e+00 0.000000e+00 0.000000e+00 0.000000e+00 0.000000e+00 0.000000e+00
2.769000e+00 0.000000e+00 -4.331898e+03 -7.346201e+03 0.000000e+00 0.000000e+00 0.000000e+00 -4.970098e+02 -4.646271e+02 1.474007e+03 7.669522e+02 0.000000e+00 0.000000e+00 0.000000e+00 0.000000e+00 0.000000e+00 0.000000e+00 0.000000e+00 0.000000e+00 0.000000e+00
2.770000e+00 0.000000e+00 -4.336193e+03 -7.353360e+03 0.000000e+00 0.000000e+00 0.000000e+00 -4.983475e+02 -4.659372e+02 1.474965e+03 7.691267e+02 0.000000e+00 0.000000e+00 0.000000e+00 0.000000e+00 0.000000e+00 0.000000e+00 0.000000e+00 0.000000e+00 0.000000e+00
2.771000e+00 0.000000e+00 -4.340476e+03 -7.360483e+03 0.000000e+00 0.000000e+00 0.000000e+00 -4.996774e+02 -4.672399e+02 1.475924e+03 7.712898e+02 0.000000e+00 0.000000e+00 0.000000e+00 0.000000e+00 0.000000e+00 0.000000e+00 0.000000e+00 0.000000e+00 0.000000e+00
2.772000e+00 0.000000e+00 -4.344746e+03 -7.367564e+03 0.000000e+00 0.000000e+00 0.000000e+00 -5.009990e+02 -4.685346e+02 1.476884e+03 7.734409e+02 0.000000e+00 0.000000e+00 0.000000e+00 0.000000e+00 0.000000e+00 0.000000e+00 0.000000e+00 0.000000e+00 0.000000e+00
2.773000e+00 0.000000e+00 -4.349001e+03 -7.374600e+03 0.000000e+00 0.000000e+00 0.000000e+00 -5.023120e+02 -4.698211e+02 1.477844e+03 7.755796e+02 0.000000e+00 0.000000e+00 0.000000e+00 0.000000e+00 0.000000e+00 0.000000e+00 0.000000e+00 0.000000e+00 0.000000e+00
2.774000e+00 0.000000e+00 -4.353240e+03 -7.381588e+03 0.000000e+00 0.000000e+00 0.000000e+00 -5.036161e+02 -4.710991e+02 1.478805e+03 7.777053e+02 0.000000e+00 0.000000e+00 0.000000e+00 0.000000e+00 0.000000e+00 0.000000e+00 0.000000e+00 0.000000e+00 0.000000e+00
2.775000e+00 0.000000e+00 -4.357462e+03 -7.388524e+03 0.000000e+00 0.000000e+00 0.000000e+00 -5.049109e+02 -4.723682e+02 1.479767e+03 7.798173e+02 0.000000e+00 0.000000e+00 0.000000e+00 0.000000e+00 0.000000e+00 0.000000e+00 0.000000e+00 0.000000e+00 0.000000e+00
2.776000e+00 0.000000e+00 -4.361665e+03 -7.395403e+03 0.000000e+00 0.000000e+00 0.000000e+00 -5.061961e+02 -4.736280e+02 1.480728e+03 7.819153e+02 0.000000e+00 0.000000e+00 0.000000e+00 0.000000e+00 0.000000e+00 0.000000e+00 0.000000e+00 0.000000e+00 0.000000e+00
2.777000e+00 0.000000e+00 -4.365848e+03 -7.402224e+03 0.000000e+00 0.000000e+00 0.000000e+00 -5.074714e+02 -4.748783e+02 1.481690e+03 7.839987e+02 0.000000e+00 0.000000e+00 0.000000e+00 0.000000e+00 0.000000e+00 0.000000e+00 0.000000e+00 0.000000e+00 0.000000e+00
2.778000e+00 0.000000e+00 -4.370009e+03 -7.408981e+03 0.000000e+00 0.000000e+00 0.000000e+00 -5.087363e+02 -4.761188e+02 1.482651e+03 7.860670e+02 0.000000e+00 0.000000e+00 0.000000e+00 0.000000e+00 0.000000e+00 0.000000e+00 0.000000e+00 0.000000e+00 0.000000e+00
2.779000e+00 0.000000e+00 -4.374147e+03 -7.415672e+03 0.000000e+00 0.000000e+00 0.000000e+00 -5.099907e+02 -4.773491e+02 1.483612e+03 7.881196e+02 0.000000e+00 0.000000e+00 0.000000e+00 0.000000e+00 0.000000e+00 0.000000e+00 0.000000e+00 0.000000e+00 0.000000e+00
2.780000e+00 0.000000e+00 -4.378261e+03 -7.422293e+03 0.000000e+00 0.000000e+00 0.000000e+00 -5.112341e+02 -4.785689e+02 1.484572e+03 7.901561e+02 0.000000e+00 0.000000e+00 0.000000e+00 0.000000e+00 0.000000e+00 0.000000e+00 0.000000e+00 0.000000e+00 0.000000e+00
2.781000e+00 0.000000e+00 -4.382350e+03 -7.428840e+03 0.000000e+00 0.000000e+00 0.000000e+00 -5.124663e+02 -4.797779e+02 1.485531e+03 7.921760e+02 0.000000e+00 0.000000e+00 0.000000e+00 0.000000e+00 0.000000e+00 0.000000e+00 0.000000e+00 0.000000e+00 0.000000e+00
2.782000e+00 0.000000e+00 -4.386411e+03 -7.435310e+03 0.000000e+00 0.000000e+00 0.000000e+00 -5.136870e+02 -4.809758e+02 1.486489e+03 7.941788e+02 0.000000e+00 0.000000e+00 0.000000e+00 0.000000e+00 0.000000e+00 0.000000e+00 0.000000e+00 0.000000e+00 0.000000e+00
2.783000e+00 0.000000e+00 -4.390444e+03 -7.441700e+03 0.000000e+00 0.000000e+00 0.000000e+00 -5.148957e+02 -4.821623e+02 1.487446e+03 7.961640e+02 0.000000e+00 0.000000e+00 0.000000e+00 0.000000e+00 0.000000e+00 0.000000e+00 0.000000e+00 0.000000e+00 0.000000e+00
2.784000e+00 0.000000e+00 -4.394448e+03 -7.448006e+03 0.000000e+00 0.000000e+00 0.000000e+00 -5.160923e+02 -4.833370e+02 1.488402e+03 7.981311e+02 0.000000e+00 0.000000e+00 0.000000e+00 0.000000e+00 0.000000e+00 0.000000e+00 0.000000e+00 0.000000e+00 0.000000e+00
2.785000e+00 0.000000e+00 -4.398421e+03 -7.454225e+03 0.000000e+00 0.000000e+00 0.000000e+00 -5.172764e+02 -4.844998e+02 1.489356e+03 8.000797e+02 0.000000e+00 0.000000e+00 0.000000e+00 0.000000e+00 0.000000e+00 0.000000e+00 0.000000e+00 0.000000e+00 0.000000e+00
2.786000e+00 0.000000e+00 -4.402362e+03 -7.460353e+03 0.000000e+00 0.000000e+00 0.000000e+00 -5.184477e+02 -4.856503e+02 1.490308e+03 8.020093e+02 0.000000e+00 0.000000e+00 0.000000e+00 0.000000e+00 0.000000e+00 0.000000e+00 0.000000e+00 0.000000e+00 0.000000e+00
2.787000e+00 0.000000e+00 -4.406269e+03 -7.466388e+03 0.000000e+00 0.000000e+00 0.000000e+00 -5.196059e+02 -4.867881e+02 1.491258e+03 8.039194e+02 0.000000e+00 0.000000e+00 0.000000e+00 0.000000e+00 0.000000e+00 0.000000e+00 0.000000e+00 0.000000e+00 0.000000e+00
2.788000e+00 0.000000e+00 -4.410142e+03 -7.472325e+03 0.000000e+00 0.000000e+00 0.000000e+00 -5.207508e+02 -4.879132e+02 1.492206e+03 8.058096e+02 0.000000e+00 0.000000e+00 0.000000e+00 0.000000e+00 0.000000e+00 0.000000e+00 0.000000e+00 0.000000e+00 0.000000e+00
2.789000e+00 0.000000e+00 -4.413979e+03 -7.478163e+03 0.000000e+00 0.000000e+00 0.000000e+00 -5.218820e+02 -4.890250e+02 1.493152e+03 8.076794e+02 0.000000e+00 0.000000e+00 0.000000e+00 0.000000e+00 0.000000e+00 0.000000e+00 0.000000e+00 0.000000e+00 0.000000e+00
2.790000e+00 0.000000e+00 -4.417779e+03 -7.483898e+03 0.000000e+00 0.000000e+00 0.000000e+00 -5.229992e+02 -4.901235e+02 1.494095e+03 8.095285e+02 0.000000e+00 0.000000e+00 0.000000e+00 0.000000e+00 0.000000e+00 0.000000e+00 0.000000e+00 0.000000e+00 0.000000e+00
2.791000e+00 0.000000e+00 -4.421540e+03 -7.489526e+03 0.000000e+00 0.000000e+00 0.000000e+00 -5.241022e+02 -4.912083e+02 1.495036e+03 8.113563e+02 0.000000e+00 0.000000e+00 0.000000e+00 0.000000e+00 0.000000e+00 0.000000e+00 0.000000e+00 0.000000e+00 0.000000e+00
2.792000e+00 0.000000e+00 -4.425263e+03 -7.495045e+03 0.000000e+00 0.000000e+00 0.000000e+00 -5.251908e+02 -4.922791e+02 1.495973e+03 8.131626e+02 0.000000e+00 0.000000e+00 0.000000e+00 0.000000e+00 0.000000e+00 0.000000e+00 0.000000e+00 0.000000e+00 0.000000e+00
2.793000e+00 0.000000e+00 -4.428944e+03 -7.500452e+03 0.000000e+00 0.000000e+00 0.000000e+00 -5.262645e+02 -4.933357e+02 1.496908e+03 8.149467e+02 0.000000e+00 0.000000e+00 0.000000e+00 0.000000e+00 0.000000e+00 0.000000e+00 0.000000e+00 0.000000e+00 0.000000e+00
2.794000e+00 0.000000e+00 -4.432584e+03 -7.505744e+03 0.000000e+00 0.000000e+00 0.000000e+00 -5.273233e+02 -4.943778e+02 1.497840e+03 8.167085e+02 0.000000e+00 0.000000e+00 0.000000e+00 0.000000e+00 0.000000e+00 0.000000e+00 0.000000e+00 0.000000e+00 0.000000e+00
2.795000e+00 0.000000e+00 -4.436180e+03 -7.510918e+03 0.000000e+00 0.000000e+00 0.000000e+00 -5.283668e+02 -4.954052e+02 1.498768e+03 8.184473e+02 0.000000e+00 0.000000e+00 0.000000e+00 0.000000e+00 0.000000e+00 0.000000e+00 0.000000e+00 0.000000e+00 0.000000e+00
2.796000e+00 0.000000e+00 -4.439733e+03 -7.515970e+03 0.000000e+00 0.000000e+00 0.000000e+00 -5.293947e+02 -4.964176e+02 1.499693e+03 8.201629e+02 0.000000e+00 0.000000e+00 0.000000e+00 0.000000e+00 0.000000e+00 0.000000e+00 0.000000e+00 0.000000e+00 0.000000e+00
2.797000e+00 0.000000e+00 -4.443240e+03 -7.520900e+03 0.000000e+00 0.000000e+00 0.000000e+00 -5.304068e+02 -4.974148e+02 1.500614e+03 8.218549e+02 0.000000e+00 0.000000e+00 0.000000e+00 0.000000e+00 0.000000e+00 0.000000e+00 0.000000e+00 0.000000e+00 0.000000e+00
2.798000e+00 0.000000e+00 -4.446701e+03 -7.525703e+03 0.000000e+00 0.000000e+00 0.000000e+00 -5.314029e+02 -4.983965e+02 1.501531e+03 8.235229e+02 0.000000e+00 0.000000e+00 0.000000e+00 0.000000e+00 0.000000e+00 0.000000e+00 0.000000e+00 0.000000e+00 0.000000e+00
2.799000e+00 0.000000e+00 -4.450114e+03 -7.530377e+03 0.000000e+00 0.000000e+00 0.000000e+00 -5.323828e+02 -4.993626e+02 1.502444e+03 8.251665e+02 0.000000e+00 0.000000e+00 0.000000e+00 0.000000e+00 0.000000e+00 0.000000e+00 0.000000e+00 0.000000e+00 0.000000e+00
2.800000e+00 0.000000e+00 -4.453478e+03 -7.534919e+03 0.000000e+00 0.000000e+00 0.000000e+00 -5.333461e+02 -5.003128e+02 1.503354e+03 8.267854e+02 0.000000e+00 0.000000e+00 0.000000e+00 0.000000e+00 0.000000e+00 0.000000e+00 0.000000e+00 0.000000e+00 0.000000e+00
2.801000e+00 0.000000e+00 -4.456793e+03 -7.539328e+03 0.000000e+00 0.000000e+00 0.000000e+00 -5.342927e+02 -5.012468e+02 1.504258e+03 8.283792e+02 0.000000e+00 0.000000e+00 0.000000e+00 0.000000e+00 0.000000e+00 0.000000e+00 0.000000e+00 0.000000e+00 0.000000e+00
2.802000e+00 0.000000e+00 -4.460057e+03 -7.543600e+03 0.000000e+00 0.000000e+00 0.000000e+00 -5.352223e+02 -5.021645e+02 1.505159e+03 8.299475e+02 0.000000e+00 0.000000e+00 0.000000e+00 0.000000e+00 0.000000e+00 0.000000e+00 0.000000e+00 0.000000e+00 0.000000e+00
2.803000e+00 0.000000e+00 -4.463269e+03 -7.547733e+03 0.000000e+00 0.000000e+00 0.000000e+00 -5.361348e+02 -5.030656e+02 1.506054e+03 8.314900e+02 0.000000e+00 0.000000e+00 0.000000e+00 0.000000e+00 0.000000e+00 0.000000e+00 0.000000e+00 0.000000e+00 0.000000e+00
2.804000e+00 0.000000e+00 -4.466428e+03 -7.551725e+03 0.000000e+00 0.000000e+00 0.000000e+00 -5.370298e+02 -5.039499e+02 1.506945e+03 8.330065e+02 0.000000e+00 0.000000e+00 0.000000e+00 0.000000e+00 0.000000e+00 0.000000e+00 0.000000e+00 0.000000e+00 0.000000e+00
2.805000e+00 0.000000e+00 -4.469533e+03 -7.555573e+03 0.000000e+00 0.000000e+00 0.000000e+00 -5.379072e+02 -5.048173e+02 1.507832e+03 8.344965e+02 0.000000e+00 0.000000e+00 0.000000e+00 0.000000e+00 0.000000e+00 0.000000e+00 0.000000e+00 0.000000e+00 0.000000e+00
2.806000e+00 0.000000e+00 -4.472583e+03 -7.559276e+03 0.000000e+00 0.000000e+00 0.000000e+00 -5.387669e+02 -5.056674e+02 1.508713e+03 8.359597e+02 0.000000e+00 0.000000e+00 0.000000e+00 0.000000e+00 0.000000e+00 0.000000e+00 0.000000e+00 0.000000e+00 0.000000e+00
2.807000e+00 0.000000e+00 -4.475577e+03 -7.562831e+03 0.000000e+00 0.000000e+00 0.000000e+00 -5.396085e+02 -5.065002e+02 1.509588e+03 8.373959e+02 0.000000e+00 0.000000e+00 0.000000e+00 0.000000e+00 0.000000e+00 0.000000e+00 0.000000e+00 0.000000e+00 0.000000e+00
2.808000e+00 0.000000e+00 -4.478514e+03 -7.566235e+03 0.000000e+00 0.000000e+00 0.000000e+00 -5.404319e+02 -5.073154e+02 1.510459e+03 8.388046e+02 0.000000e+00 0.000000e+00 0.000000e+00 0.000000e+00 0.000000e+00 0.000000e+00 0.000000e+00 0.000000e+00 0.000000e+00
2.809000e+00 0.000000e+00 -4.481393e+03 -7.569488e+03 0.000000e+00 0.000000e+00 0.000000e+00 -5.412369e+02 -5.081129e+02 1.511324e+03 8.401858e+02 0.000000e+00 0.000000e+00 0.000000e+00 0.000000e+00 0.000000e+00 0.000000e+00 0.000000e+00 0.000000e+00 0.000000e+00
2.810000e+00 0.000000e+00 -4.484212e+03 -7.572587e+03 0.000000e+00 0.000000e+00 0.000000e+00 -5.420234e+02 -5.088925e+02 1.512183e+03 8.415390e+02 0.000000e+00 0.000000e+00 0.000000e+00 0.000000e+00 0.000000e+00 0.000000e+00 0.000000e+00 0.000000e+00 0.000000e+00
2.811000e+00 0.000000e+00 -4.486972e+03 -7.575530e+03 0.000000e+00 0.000000e+00 0.000000e+00 -5.427911e+02 -5.096540e+02 1.513037e+03 8.428639e+02 0.000000e+00 0.000000e+00 0.000000e+00 0.000000e+00 0.000000e+00 0.000000e+00 0.000000e+00 0.000000e+00 0.000000e+00
2.812000e+00 0.000000e+00 -4.489671e+03 -7.578315e+03 0.000000e+00 0.000000e+00 0.000000e+00 -5.435399e+02 -5.103972e+02 1.513884e+03 8.441604e+02 0.000000e+00 0.000000e+00 0.000000e+00 0.000000e+00 0.000000e+00 0.000000e+00 0.000000e+00 0.000000e+00 0.000000e+00
2.813000e+00 0.000000e+00 -4.492308e+03 -7.580941e+03 0.000000e+00 0.000000e+00 0.000000e+00 -5.442696e+02 -5.111220e+02 1.514726e+03 8.454281e+02 0.000000e+00 0.000000e+00 0.000000e+00 0.000000e+00 0.000000e+00 0.000000e+00 0.000000e+00 0.000000e+00 0.000000e+00
2.814000e+00 0.000000e+00 -4.494882e+03 -7.583406e+03 0.000000e+00 0.000000e+00 0.000000e+00 -5.449801e+02 -5.118283e+02 1.515561e+03 8.466668e+02 0.000000e+00 0.000000e+00 0.000000e+00 0.000000e+00 0.000000e+00 0.000000e+00 0.000000e+00 0.000000e+00 0.000000e+00
2.815000e+00 0.000000e+00 -4.497392e+03 -7.585709e+03 0.000000e+00 0.000000e+00 0.000000e+00 -5.456712e+02 -5.125158e+02 1.516390e+03 8.478763e+02 0.000000e+00 0.000000e+00 0.000000e+00 0.000000e+00 0.000000e+00 0.000000e+00 0.000000e+00 0.000000e+00 0.000000e+00
2.816000e+00 0.000000e+00 -4.499837e+03 -7.587847e+03 0.000000e+00 0.000000e+00 0.000000e+00 -5.463428e+02 -5.131845e+02 1.517212e+03 8.490563e+02 0.000000e+00 0.000000e+00 0.000000e+00 0.000000e+00 0.000000e+00 0.000000e+00 0.000000e+00 0.000000e+00 0.000000e+00
2.817000e+00 0.000000e+00 -4.502217e+03 -7.589820e+03 0.000000e+00 0.000000e+00 0.000000e+00 -5.469947e+02 -5.138342e+02 1.518028e+03 8.502066e+02 0.000000e+00 0.000000e+00 0.000000e+00 0.000000e+00 0.000000e+00 0.000000e+00 0.000000e+00 0.000000e+00 0.000000e+00
2.818000e+00 0.000000e+00 -4.504530e+03 -7.591627e+03 0.000000e+00 0.000000e+00 0.000000e+00 -5.476267e+02 -5.144648e+02 1.518837e+03 8.513269e+02 0.000000e+00 0.000000e+00 0.000000e+00 0.000000e+00 0.000000e+00 0.000000e+00 0.000000e+00 0.000000e+00 0.000000e+00
2.819000e+00 0.000000e+00 -4.506776e+03 -7.593264e+03 0.000000e+00 0.000000e+00 0.000000e+00 -5.482389e+02 -5.150761e+02 1.519640e+03 8.524171e+02 0.000000e+00 0.000000e+00 0.000000e+00 0.000000e+00 0.000000e+00 0.000000e+00 0.000000e+00 0.000000e+00 0.000000e+00
2.820000e+00 0.000000e+00 -4.508954e+03 -7.594733e+03 0.000000e+00 0.000000e+00 0.000000e+00 -5.488310e+02 -5.156680e+02 1.520435e+03 8.534770e+02 0.000000e+00 0.000000e+00 0.000000e+00 0.000000e+00 0.000000e+00 0.000000e+00 0.000000e+00 0.000000e+00 0.000000e+00
2.821000e+00 0.000000e+00 -4.511062e+03 -7.596031e+03 0.000000e+00 0.000000e+00 0.000000e+00 -5.494029e+02 -5.162405e+02 1.521223e+03 8.545063e+02 0.000000e+00 0.000000e+00 0.000000e+00 0.000000e+00 0.000000e+00 0.000000e+00 0.000000e+00 0.000000e+00 0.000000e+00
2.822000e+00 0.000000e+00 -4.513100e+03 -7.597158e+03 0.000000e+00 0.000000e+00 0.000000e+00 -5.499546e+02 -5.167934e+02 1.522004e+03 8.555049e+02 0.000000e+00 0.000000e+00 0.000000e+00 0.000000e+00 0.000000e+00 0.000000e+00 0.000000e+00 0.000000e+00 0.000000e+00
2.823000e+00 0.000000e+00 -4.515068e+03 -7.598112e+03 0.000000e+00 0.000000e+00 0.000000e+00 -5.504858e+02 -5.173266e+02 1.522778e+03 8.564726e+02 0.000000e+00 0.000000e+00 0.000000e+00 0.000000e+00 0.000000e+00 0.000000e+00 0.000000e+00 0.000000e+00 0.000000e+00
2.824000e+00 0.000000e+00 -4.516964e+03 -7.598892e+03 0.000000e+00 0.000000e+00 0.000000e+00 -5.509966e+02 -5.178400e+02 1.523544e+03 8.574092e+02 0.000000e+00 0.000000e+00 0.000000e+00 0.000000e+00 0.000000e+00 0.000000e+00 0.000000e+00 0.000000e+00 0.000000e+00
2.825000e+00 0.000000e+00 -4.518788e+03 -7.599498e+03 0.000000e+00 0.000000e+00 0.000000e+00 -5.514867e+02 -5.183335e+02 1.524302e+03 8.583145e+02 0.000000e+00 0.000000e+00 0.000000e+00 0.000000e+00 0.000000e+00 0.000000e+00 0.000000e+00 0.000000e+00 0.000000e+00
2.826000e+00 0.000000e+00 -4.520539e+03 -7.599929e+03 0.000000e+00 0.000000e+00 0.000000e+00 -5.519561e+02 -5.188070e+02 1.525053e+03 8.591884e+02 0.000000e+00 0.000000e+00 0.000000e+00 0.000000e+00 0.000000e+00 0.000000e+00 0.000000e+00 0.000000e+00 0.000000e+00
2.827000e+00 0.000000e+00 -4.522215e+03 -7.600184e+03 0.000000e+00 0.000000e+00 0.000000e+00 -5.524048e+02 -5.192604e+02 1.525796e+03 8.600307e+02 0.000000e+00 0.000000e+00 0.000000e+00 0.000000e+00 0.000000e+00 0.000000e+00 0.000000e+00 0.000000e+00 0.000000e+00
2.828000e+00 0.000000e+00 -4.523818e+03 -7.600262e+03 0.000000e+00 0.000000e+00 0.000000e+00 -5.528325e+02 -5.196936e+02 1.526531e+03 8.608413e+02 0.000000e+00 0.000000e+00 0.000000e+00 0.000000e+00 0.000000e+00 0.000000e+00 0.000000e+00 0.000000e+00 0.000000e+00
2.829000e+00 0.000000e+00 -4.525344e+03 -7.600163e+03 0.000000e+00 0.000000e+00 0.000000e+00 -5.532394e+02 -5.201067e+02 1.527258e+03 8.616200e+02 0.000000e+00 0.000000e+00 0.000000e+00 0.000000e+00 0.000000e+00 0.000000e+00 0.000000e+00 0.000000e+00 0.000000e+00
2.830000e+00 0.000000e+00 -4.526795e+03 -7.599887e+03 0.000000e+00 0.000000e+00 0.000000e+00 -5.536253e+02 -5.204994e+02 1.527977e+03 8.623668e+02 0.000000e+00 0.000000e+00 0.000000e+00 0.000000e+00 0.000000e+00 0.000000e+00 0.000000e+00 0.000000e+00 0.000000e+00
2.831000e+00 0.000000e+00 -4.528169e+03 -7.599433e+03 0.000000e+00 0.000000e+00 0.000000e+00 -5.539901e+02 -5.208718e+02 1.528687e+03 8.630815e+02 0.000000e+00 0.000000e+00 0.000000e+00 0.000000e+00 0.000000e+00 0.000000e+00 0.000000e+00 0.000000e+00 0.000000e+00
2.832000e+00 0.000000e+00 -4.529466e+03 -7.598800e+03 0.000000e+00 0.000000e+00 0.000000e+00 -5.543338e+02 -5.212239e+02 1.529389e+03 8.637640e+02 0.000000e+00 0.000000e+00 0.000000e+00 0.000000e+00 0.000000e+00 0.000000e+00 0.000000e+00 0.000000e+00 0.000000e+00
2.833000e+00 0.000000e+00 -4.530684e+03 -7.597989e+03 0.000000e+00 0.000000e+00 0.000000e+00 -5.546563e+02 -5.215554e+02 1.530083e+03 8.644142e+02 0.000000e+00 0.000000e+00 0.000000e+00 0.000000e+00 0.000000e+00 0.000000e+00 0.000000e+00 0.000000e+00 0.000000e+00
2.834000e+00 0.000000e+00 -4.531824e+03 -7.597000e+03 0.000000e+00 0.000000e+00 0.000000e+00 -5.549577e+02 -5.218665e+02 1.530768e+03 8.650321e+02 0.000000e+00 0.000000e+00 0.000000e+00 0.000000e+00 0.000000e+00 0.000000e+00 0.000000e+00 0.000000e+00 0.000000e+00
2.835000e+00 0.000000e+00 -4.532884e+03 -7.595832e+03 0.000000e+00 0.000000e+00 0.000000e+00 -5.552378e+02 -5.221571e+02 1.531444e+03 8.656175e+02 0.000000e+00 0.000000e+00 0.000000e+00 0.000000e+00 0.000000e+00 0.000000e+00 0.000000e+00 0.000000e+00 0.000000e+00
2.836000e+00 0.000000e+00 -4.533864e+03 -7.594485e+03 0.000000e+00 0.000000e+00 0.000000e+00 -5.554967e+02 -5.224272e+02 1.532111e+03 8.661703e+02 0.000000e+00 0.000000e+00 0.000000e+00 0.000000e+00 0.000000e+00 0.000000e+00 0.000000e+00 0.000000e+00 0.000000e+00
2.837000e+00 0.000000e+00 -4.534763e+03 -7.592960e+03 0.000000e+00 0.000000e+00 0.000000e+00 -5.557343e+02 -5.226767e+02 1.532770e+03 8.666906e+02 0.000000e+00 0.000000e+00 0.000000e+00 0.000000e+00 0.000000e+00 0.000000e+00 0.000000e+00 0.000000e+00 0.000000e+00
2.838000e+00 0.000000e+00 -4.535581e+03 -7.591256e+03 0.000000e+00 0.000000e+00 0.000000e+00 -5.559506e+02 -5.229056e+02 1.533419e+03 8.671782e+02 0.000000e+00 0.000000e+00 0.000000e+00 0.000000e+00 0.000000e+00 0.000000e+00 0.000000e+00 0.000000e+00 0.000000e+00
2.839000e+00 0.000000e+00 -4.536317e+03 -7.589375e+03 0.000000e+00 0.000000e+00 0.000000e+00 -5.561457e+02 -5.231140e+02 1.534060e+03 8.676332e+02 0.000000e+00 0.000000e+00 0.000000e+00 0.000000e+00 0.000000e+00 0.000000e+00 0.000000e+00 0.000000e+00 0.000000e+00
2.840000e+00 0.000000e+00 -4.536971e+03 -7.587316e+03 0.000000e+00 0.000000e+00 0.000000e+00 -5.563195e+02 -5.233017e+02 1.534691e+03 8.680554e+02 0.000000e+00 0.000000e+00 0.000000e+00 0.000000e+00 0.000000e+00 0.000000e+00 0.000000e+00 0.000000e+00 0.000000e+00
2.841000e+00 0.000000e+00 -4.537541e+03 -7.585079e+03 0.000000e+00 0.000000e+00 0.000000e+00 -5.564720e+02 -5.234689e+02 1.535313e+03 8.684449e+02 0.000000e+00 0.000000e+00 0.000000e+00 0.000000e+00 0.000000e+00 0.000000e+00 0.000000e+00 0.000000e+00 0.000000e+00
2.842000e+00 0.000000e+00 -4.538028e+03 -7.582666e+03 0.000000e+00 0.000000e+00 0.000000e+00 -5.566032e+02 -5.236156e+02 1.535925e+03 8.688017e+02 0.000000e+00 0.000000e+00 0.000000e+00 0.000000e+00 0.000000e+00 0.000000e+00 0.000000e+00 0.000000e+00 0.000000e+00
2.843000e+00 0.000000e+00 -4.538431e+03 -7.580076e+03 0.000000e+00 0.000000e+00 0.000000e+00 -5.567131e+02 -5.237417e+02 1.536528e+03 8.691256e+02 0.000000e+00 0.000000e+00 0.000000e+00 0.000000e+00 0.000000e+00 0.000000e+00 0.000000e+00 0.000000e+00 0.000000e+00
2.844000e+00 0.000000e+00 -4.538749e+03 -7.577311e+03 0.000000e+00 0.000000e+00 0.000000e+00 -5.568019e+02 -5.238472e+02 1.537122e+03 8.694168e+02 0.000000e+00 0.000000e+00 0.000000e+00 0.000000e+00 0.000000e+00 0.000000e+00 0.000000e+00 0.000000e+00 0.000000e+00
2.845000e+00 0.000000e+00 -4.538982e+03 -7.574371e+03 0.000000e+00 0.000000e+00 0.000000e+00 -5.568694e+02 -5.239323e+02 1.537706e+03 8.696752e+02 0.000000e+00 0.000000e+00 0.000000e+00 0.000000e+00 0.000000e+00 0.000000e+00 0.000000e+00 0.000000e+00 0.000000e+00
2.846000e+00 0.000000e+00 -4.539130e+03 -7.571257e+03 0.000000e+00 0.000000e+00 0.000000e+00 -5.569157e+02 -5.239968e+02 1.538280e+03 8.699008e+02 0.000000e+00 0.000000e+00 0.000000e+00 0.000000e+00 0.000000e+00 0.000000e+00 0.000000e+00 0.000000e+00 0.000000e+00
2.847000e+00 0.000000e+00 -4.539192e+03 -7.567969e+03 0.000000e+00 0.000000e+00 0.000000e+00 -5.569408e+02 -5.240409e+02 1.538844e+03 8.700936e+02 0.000000e+00 0.000000e+00 0.000000e+00 0.000000e+00 0.000000e+00 0.000000e+00 0.000000e+00 0.000000e+00 0.000000e+00
2.848000e+00 0.000000e+00 -4.539167e+03 -7.564509e+03 0.000000e+00 0.000000e+00 0.000000e+00 -5.569449e+02 -5.240645e+02 1.539399e+03 8.702537e+02 0.000000e+00 0.000000e+00 0.000000e+00 0.000000e+00 0.000000e+00 0.000000e+00 0.000000e+00 0.000000e+00 0.000000e+00
2.849000e+00 0.000000e+00 -4.539056e+03 -7.560877e+03 0.000000e+00 0.000000e+00 0.000000e+00 -5.569279e+02 -5.240678e+02 1.539943e+03 8.703811e+02 0.000000e+00 0.000000e+00 0.000000e+00 0.000000e+00 0.000000e+00 0.000000e+00 0.000000e+00 0.000000e+00 0.000000e+00
2.850000e+00 0.000000e+00 -4.538858e+03 -7.557075e+03 0.000000e+00 0.000000e+00 0.000000e+00 -5.568899e+02 -5.240508e+02 1.540478e+03 8.704758e+02 0.000000e+00 0.000000e+00 0.000000e+00 0.000000e+00 0.000000e+00 0.000000e+00 0.000000e+00 0.000000e+00 0.000000e+00
2.851000e+00 0.000000e+00 -4.538572e+03 -7.553104e+03 0.000000e+00 0.000000e+00 0.000000e+00 -5.568309e+02 -5.240135e+02 1.541003e+03 8.705379e+02 0.000000e+00 0.000000e+00 0.000000e+00 0.000000e+00 0.000000e+00 0.000000e+00 0.000000e+00 0.000000e+00 0.000000e+00
2.852000e+00 0.000000e+00 -4.538199e+03 -7.548964e+03 0.000000e+00 0.000000e+00 0.000000e+00 -5.567511e+02 -5.239560e+02 1.541517e+03 8.705675e+02 0.000000e+00 0.000000e+00 0.000000e+00 0.000000e+00 0.000000e+00 0.000000e+00 0.000000e+00 0.000000e+00 0.000000e+00
2.853000e+00 0.000000e+00 -4.537738e+03 -7.544658e+03 0.000000e+00 0.000000e+00 0.000000e+00 -5.566505e+02 -5.238784e+02 1.542021e+03 8.705647e+02 0.000000e+00 0.000000e+00 0.000000e+00 0.000000e+00 0.000000e+00 0.000000e+00 0.000000e+00 0.000000e+00 0.000000e+00
2.854000e+00 0.000000e+00 -4.537189e+03 -7.540187e+03 0.000000e+00 0.000000e+00 0.000000e+00 -5.565291e+02 -5.237808e+02 1.542515e+03 8.705294e+02 0.000000e+00 0.000000e+00 0.000000e+00 0.000000e+00 0.000000e+00 0.000000e+00 0.000000e+00 0.000000e+00 0.000000e+00
2.855000e+00 0.000000e+00 -4.536550e+03 -7.535552e+03 0.000000e+00 0.000000e+00 0.000000e+00 -5.563872e+02 -5.236632e+02 1.542998e+03 8.704619e+02 0.000000e+00 0.000000e+00 0.000000e+00 0.000000e+00 0.000000e+00 0.000000e+00 0.000000e+00 0.000000e+00 0.000000e+00
2.856000e+00 0.000000e+00 -4.535824e+03 -7.530754e+03 0.000000e+00 0.000000e+00 0.000000e+00 -5.562247e+02 -5.235258e+02 1.543472e+03 8.703622e+02 0.000000e+00 0.000000e+00 0.000000e+00 0.000000e+00 0.000000e+00 0.000000e+00 0.000000e+00 0.000000e+00 0.000000e+00
2.857000e+00 0.000000e+00 -4.535008e+03 -7.525796e+03 0.000000e+00 0.000000e+00 0.000000e+00 -5.560418e+02 -5.233686e+02 1.543934e+03 8.702305e+02 0.000000e+00 0.000000e+00 0.000000e+00 0.000000e+00 0.000000e+00 0.000000e+00 0.000000e+00 0.000000e+00 0.000000e+00
2.858000e+00 0.000000e+00 -4.534103e+03 -7.520679e+03 0.000000e+00 0.000000e+00 0.000000e+00 -5.558386e+02 -5.231917e+02 1.544387e+03 8.700668e+02 0.000000e+00 0.000000e+00 0.000000e+00 0.000000e+00 0.000000e+00 0.000000e+00 0.000000e+00 0.000000e+00 0.000000e+00
2.859000e+00 0.000000e+00 -4.533108e+03 -7.515404e+03 0.000000e+00 0.000000e+00 0.000000e+00 -5.556152e+02 -5.229954e+02 1.544828e+03 8.698713e+02 0.000000e+00 0.000000e+00 0.000000e+00 0.000000e+00 0.000000e+00 0.000000e+00 0.000000e+00 0.000000e+00 0.000000e+00
2.860000e+00 0.000000e+00 -4.532024e+03 -7.509974e+03 0.000000e+00 0.000000e+00 0.000000e+00 -5.553718e+02 -5.227795e+02 1.545259e+03 8.696441e+02 0.000000e+00 0.000000e+00 0.000000e+00 0.000000e+00 0.000000e+00 0.000000e+00 0.000000e+00 0.000000e+00 0.000000e+00
2.861000e+00 0.000000e+00 -4.530851e+03 -7.504391e+03 0.000000e+00 0.000000e+00 0.000000e+00 -5.551084e+02 -5.225444e+02 1.545680e+03 8.693855e+02 0.000000e+00 0.000000e+00 0.000000e+00 0.000000e+00 0.000000e+00 0.000000e+00 0.000000e+00 0.000000e+00 0.000000e+00
2.862000e+00 0.000000e+00 -4.529587e+03 -7.498655e+03 0.000000e+00 0.000000e+00 0.000000e+00 -5.548252e+02 -5.222901e+02 1.546090e+03 8.690954e+02 0.000000e+00 0.000000e+00 0.000000e+00 0.000000e+00 0.000000e+00 0.000000e+00 0.000000e+00 0.000000e+00 0.000000e+00
2.863000e+00 0.000000e+00 -4.528234e+03 -7.492771e+03 0.000000e+00 0.000000e+00 0.000000e+00 -5.545223e+02 -5.220168e+02 1.546489e+03 8.687742e+02 0.000000e+00 0.000000e+00 0.000000e+00 0.000000e+00 0.000000e+00 0.000000e+00 0.000000e+00 0.000000e+00 0.000000e+00
2.864000e+00 0.000000e+00 -4.526791e+03 -7.486738e+03 0.000000e+00 0.000000e+00 0.000000e+00 -5.542000e+02 -5.217246e+02 1.546877e+03 8.684219e+02 0.000000e+00 0.000000e+00 0.000000e+00 0.000000e+00 0.000000e+00 0.000000e+00 0.000000e+00 0.000000e+00 0.000000e+00
2.865000e+00 0.000000e+00 -4.525258e+03 -7.480560e+03 0.000000e+00 0.000000e+00 0.000000e+00 -5.538582e+02 -5.214136e+02 1.547255e+03 8.680388e+02 0.000000e+00 0.000000e+00 0.000000e+00 0.000000e+00 0.000000e+00 0.000000e+00 0.000000e+00 0.000000e+00 0.000000e+00
2.866000e+00 0.000000e+00 -4.523635e+03 -7.474239e+03 0.000000e+00 0.000000e+00 0.000000e+00 -5.534972e+02 -5.210839e+02 1.547622e+03 8.676251e+02 0.000000e+00 0.000000e+00 0.000000e+00 0.000000e+00 0.000000e+00 0.000000e+00 0.000000e+00 0.000000e+00 0.000000e+00
2.867000e+00 0.000000e+00 -4.521922e+03 -7.467777e+03 0.000000e+00 0.000000e+00 0.000000e+00 -5.531171e+02 -5.207358e+02 1.547978e+03 8.671809e+02 0.000000e+00 0.000000e+00 0.000000e+00 0.000000e+00 0.000000e+00 0.000000e+00 0.000000e+00 0.000000e+00 0.000000e+00
2.868000e+00 0.000000e+00 -4.520120e+03 -7.461176e+03 0.000000e+00 0.000000e+00 0.000000e+00 -5.527181e+02 -5.203694e+02 1.548323e+03 8.667064e+02 0.000000e+00 0.000000e+00 0.000000e+00 0.000000e+00 0.000000e+00 0.000000e+00 0.000000e+00 0.000000e+00 0.000000e+00
2.869000e+00 0.000000e+00 -4.518228e+03 -7.454438e+03 0.000000e+00 0.000000e+00 0.000000e+00 -5.523004e+02 -5.199849e+02 1.548657e+03 8.662019e+02 0.000000e+00 0.000000e+00 0.000000e+00 0.000000e+00 0.000000e+00 0.000000e+00 0.000000e+00 0.000000e+00 0.000000e+00
2.870000e+00 0.000000e+00 -4.516247e+03 -7.447567e+03 0.000000e+00 0.000000e+00 0.000000e+00 -5.518641e+02 -5.195823e+02 1.548981e+03 8.656676e+02 0.000000e+00 0.000000e+00 0.000000e+00 0.000000e+00 0.000000e+00 0.000000e+00 0.000000e+00 0.000000e+00 0.000000e+00
2.871000e+00 0.000000e+00 -4.514177e+03 -7.440564e+03 0.000000e+00 0.000000e+00 0.000000e+00 -5.514095e+02 -5.191620e+02 1.549293e+03 8.651037e+02 0.000000e+00 0.000000e+00 0.000000e+00 0.000000e+00 0.000000e+00 0.000000e+00 0.000000e+00 0.000000e+00 0.000000e+00
2.872000e+00 0.000000e+00 -4.512017e+03 -7.433432e+03 0.000000e+00 0.000000e+00 0.000000e+00 -5.509367e+02 -5.187240e+02 1.549595e+03 8.645105e+02 0.000000e+00 0.000000e+00 0.000000e+00 0.000000e+00 0.000000e+00 0.000000e+00 0.000000e+00 0.000000e+00 0.000000e+00
2.873000e+00 0.000000e+00 -4.509769e+03 -7.426174e+03 0.000000e+00 0.000000e+00 0.000000e+00 -5.504459e+02 -5.182687e+02 1.549886e+03 8.638882e+02 0.000000e+00 0.000000e+00 0.000000e+00 0.000000e+00 0.000000e+00 0.000000e+00 0.000000e+00 0.000000e+00 0.000000e+00
2.874000e+00 0.000000e+00 -4.507432e+03 -7.418793e+03 0.000000e+00 0.000000e+00 0.000000e+00 -5.499373e+02 -5.177961e+02 1.550166e+03 8.632372e+02 0.000000e+00 0.000000e+00 0.000000e+00 0.000000e+00 0.000000e+00 0.000000e+00 0.000000e+00 0.000000e+00 0.000000e+00
2.875000e+00 0.000000e+00 -4.505007e+03 -7.411290e+03 0.000000e+00 0.000000e+00 0.000000e+00 -5.494111e+02 -5.173064e+02 1.550435e+03 8.625576e+02 0.000000e+00 0.000000e+00 0.000000e+00 0.000000e+00 0.000000e+00 0.000000e+00 0.000000e+00 0.000000e+00 0.000000e+00
2.876000e+00 0.000000e+00 -4.502495e+03 -7.403670e+03 0.000000e+00 0.000000e+00 0.000000e+00 -5.488676e+02 -5.168000e+02 1.550693e+03 8.618498e+02 0.000000e+00 0.000000e+00 0.000000e+00 0.000000e+00 0.000000e+00 0.000000e+00 0.000000e+00 0.000000e+00 0.000000e+00
2.877000e+00 0.000000e+00 -4.499894e+03 -7.395934e+03 0.000000e+00 0.000000e+00 0.000000e+00 -5.483069e+02 -5.162769e+02 1.550941e+03 8.611141e+02 0.000000e+00 0.000000e+00 0.000000e+00 0.000000e+00 0.000000e+00 0.000000e+00 0.000000e+00 0.000000e+00 0.000000e+00
2.878000e+00 0.000000e+00 -4.497206e+03 -7.388086e+03 0.000000e+00 0.000000e+00 0.000000e+00 -5.477293e+02 -5.157375e+02 1.551178e+03 8.603508e+02 0.000000e+00 0.000000e+00 0.000000e+00 0.000000e+00 0.000000e+00 0.000000e+00 0.000000e+00 0.000000e+00 0.000000e+00
2.879000e+00 0.000000e+00 -4.494432e+03 -7.380128e+03 0.000000e+00 0.000000e+00 0.000000e+00 -5.471351e+02 -5.151819e+02 1.551403e+03 8.595602e+02 0.000000e+00 0.000000e+00 0.000000e+00 0.000000e+00 0.000000e+00 0.000000e+00 0.000000e+00 0.000000e+00 0.000000e+00
2.880000e+00 0.000000e+00 -4.491571e+03 -7.372065e+03 0.000000e+00 0.000000e+00 0.000000e+00 -5.465245e+02 -5.146103e+02 1.551619e+03 8.587426e+02 0.000000e+00 0.000000e+00 0.000000e+00 0.000000e+00 0.000000e+00 0.000000e+00 0.000000e+00 0.000000e+00 0.000000e+00
2.881000e+00 0.000000e+00 -4.488625e+03 -7.363898e+03 0.000000e+00 0.000000e+00 0.000000e+00 -5.458976e+02 -5.140231e+02 1.551823e+03 8.578983e+02 0.000000e+00 0.000000e+00 0.000000e+00 0.000000e+00 0.000000e+00 0.000000e+00 0.000000e+00 0.000000e+00 0.000000e+00
2.882000e+00 0.000000e+00 -4.485593e+03 -7.355630e+03 0.000000e+00 0.000000e+00 0.000000e+00 -5.452548e+02 -5.134204e+02 1.552017e+03 8.570278e+02 0.000000e+00 0.000000e+00 0.000000e+00 0.000000e+00 0.000000e+00 0.000000e+00 0.000000e+00 0.000000e+00 0.000000e+00
2.883000e+00 0.000000e+00 -4.482476e+03 -7.347266e+03 0.000000e+00 0.000000e+00 0.000000e+00 -5.445964e+02 -5.128025e+02 1.552200e+03 8.561313e+02 0.000000e+00 0.000000e+00 0.000000e+00 0.000000e+00 0.000000e+00 0.000000e+00 0.000000e+00 0.000000e+00 0.000000e+00
2.884000e+00 0.000000e+00 -4.479275e+03 -7.338808e+03 0.000000e+00 0.000000e+00 0.000000e+00 -5.439225e+02 -5.121697e+02 1.552372e+03 8.552093e+02 0.000000e+00 0.000000e+00 0.000000e+00 0.000000e+00 0.000000e+00 0.000000e+00 0.000000e+00 0.000000e+00 0.000000e+00
2.885000e+00 0.000000e+00 -4.475991e+03 -7.330259e+03 0.000000e+00 0.000000e+00 0.000000e+00 -5.432335e+02 -5.115221e+02 1.552534e+03 8.542620e+02 0.000000e+00 0.000000e+00 0.000000e+00 0.000000e+00 0.000000e+00 0.000000e+00 0.000000e+00 0.000000e+00 0.000000e+00
2.886000e+00 0.000000e+00 -4.472624e+03 -7.321623e+03 0.000000e+00 0.000000e+00 0.000000e+00 -5.425295e+02 -5.108601e+02 1.552685e+03 8.532899e+02 0.000000e+00 0.000000e+00 0.000000e+00 0.000000e+00 0.000000e+00 0.000000e+00 0.000000e+00 0.000000e+00 0.000000e+00
2.887000e+00 0.000000e+00 -4.469174e+03 -7.312902e+03 0.000000e+00 0.000000e+00 0.000000e+00 -5.418109e+02 -5.101839e+02 1.552826e+03 8.522934e+02 0.000000e+00 0.000000e+00 0.000000e+00 0.000000e+00 0.000000e+00 0.000000e+00 0.000000e+00 0.000000e+00 0.000000e+00
2.888000e+00 0.000000e+00 -4.465644e+03 -7.304101e+03 0.000000e+00 0.000000e+00 0.000000e+00 -5.410779e+02 -5.094937e+02 1.552956e+03 8.512728e+02 0.000000e+00 0.000000e+00 0.000000e+00 0.000000e+00 0.000000e+00 0.000000e+00 0.000000e+00 0.000000e+00 0.000000e+00
2.889000e+00 0.000000e+00 -4.462033e+03 -7.295222e+03 0.000000e+00 0.000000e+00 0.000000e+00 -5.403309e+02 -5.087899e+02 1.553077e+03 8.502285e+02 0.000000e+00 0.000000e+00 0.000000e+00 0.000000e+00 0.000000e+00 0.000000e+00 0.000000e+00 0.000000e+00 0.000000e+00
2.890000e+00 0.000000e+00 -4.458342e+03 -7.286269e+03 0.000000e+00 0.000000e+00 0.000000e+00 -5.395701e+02 -5.080728e+02 1.553187e+03 8.491610e+02 0.000000e+00 0.000000e+00 0.000000e+00 0.000000e+00 0.000000e+00 0.000000e+00 0.000000e+00 0.000000e+00 0.000000e+00
2.891000e+00 0.000000e+00 -4.454572e+03 -7.277245e+03 0.000000e+00 0.000000e+00 0.000000e+00 -5.387958e+02 -5.073425e+02 1.553286e+03 8.480708e+02 0.000000e+00 0.000000e+00 0.000000e+00 0.000000e+00 0.000000e+00 0.000000e+00 0.000000e+00 0.000000e+00 0.000000e+00
2.892000e+00 0.000000e+00 -4.450725e+03 -7.268154e+03 0.000000e+00 0.000000e+00 0.000000e+00 -5.380083e+02 -5.065994e+02 1.553376e+03 8.469581e+02 0.000000e+00 0.000000e+00 0.000000e+00 0.000000e+00 0.000000e+00 0.000000e+00 0.000000e+00 0.000000e+00 0.000000e+00
2.893000e+00 0.000000e+00 -4.446800e+03 -7.259000e+03 0.000000e+00 0.000000e+00 0.000000e+00 -5.372080e+02 -5.058438e+02 1.553456e+03 8.458236e+02 0.000000e+00 0.000000e+00 0.000000e+00 0.000000e+00 0.000000e+00 0.000000e+00 0.000000e+00 0.000000e+00 0.000000e+00
2.894000e+00 0.000000e+00 -4.442800e+03 -7.249786e+03 0.000000e+00 0.000000e+00 0.000000e+00 -5.363950e+02 -5.050760e+02 1.553526e+03 8.446676e+02 0.000000e+00 0.000000e+00 0.000000e+00 0.000000e+00 0.000000e+00 0.000000e+00 0.000000e+00 0.000000e+00 0.000000e+00
2.895000e+00 0.000000e+00 -4.438724e+03 -7.240515e+03 0.000000e+00 0.000000e+00 0.000000e+00 -5.355698e+02 -5.042963e+02 1.553586e+03 8.434905e+02 0.000000e+00 0.000000e+00 0.000000e+00 0.000000e+00 0.000000e+00 0.000000e+00 0.000000e+00 0.000000e+00 0.000000e+00
2.896000e+00 0.000000e+00 -4.434575e+03 -7.231191e+03 0.000000e+00 0.000000e+00 0.000000e+00 -5.347326e+02 -5.035050e+02 1.553636e+03 8.422930e+02 0.000000e+00 0.000000e+00 0.000000e+00 0.000000e+00 0.000000e+00 0.000000e+00 0.000000e+00 0.000000e+00 0.000000e+00
2.897000e+00 0.000000e+00 -4.430352e+03 -7.221818e+03 0.000000e+00 0.000000e+00 0.000000e+00 -5.338839e+02 -5.027024e+02 1.553677e+03 8.410755e+02 0.000000e+00 0.000000e+00 0.000000e+00 0.000000e+00 0.000000e+00 0.000000e+00 0.000000e+00 0.000000e+00 0.000000e+00
2.898000e+00 0.000000e+00 -4.426058e+03 -7.212400e+03 0.000000e+00 0.000000e+00 0.000000e+00 -5.330238e+02 -5.018889e+02 1.553708e+03 8.398384e+02 0.000000e+00 0.000000e+00 0.000000e+00 0.000000e+00 0.000000e+00 0.000000e+00 0.000000e+00 0.000000e+00 0.000000e+00
2.899000e+00 0.000000e+00 -4.421693e+03 -7.202940e+03 0.000000e+00 0.000000e+00 0.000000e+00 -5.321528e+02 -5.010647e+02 1.553731e+03 8.385823e+02 0.000000e+00 0.000000e+00 0.000000e+00 0.000000e+00 0.000000e+00 0.000000e+00 0.000000e+00 0.000000e+00 0.000000e+00
2.900000e+00 0.000000e+00 -4.417259e+03 -7.193441e+03 0.000000e+00 0.000000e+00 0.000000e+00 -5.312712e+02 -5.002302e+02 1.553743e+03 8.373077e+02 0.000000e+00 0.000000e+00 0.000000e+00 0.000000e+00 0.000000e+00 0.000000e+00 0.000000e+00 0.000000e+00 0.000000e+00
2.901000e+00 0.000000e+00 -4.412757e+03 -7.183909e+03 0.000000e+00 0.000000e+00 0.000000e+00 -5.303793e+02 -4.993858e+02 1.553747e+03 8.360150e+02 0.000000e+00 0.000000e+00 0.000000e+00 0.000000e+00 0.000000e+00 0.000000e+00 0.000000e+00 0.000000e+00 0.000000e+00
2.902000e+00 0.000000e+00 -4.408188e+03 -7.174346e+03 0.000000e+00 0.000000e+00 0.000000e+00 -5.294775e+02 -4.985316e+02 1.553742e+03 8.347050e+02 0.000000e+00 0.000000e+00 0.000000e+00 0.000000e+00 0.000000e+00 0.000000e+00 0.000000e+00 0.000000e+00 0.000000e+00
2.903000e+00 0.000000e+00 -4.403553e+03 -7.164756e+03 0.000000e+00 0.000000e+00 0.000000e+00 -5.285661e+02 -4.976682e+02 1.553728e+03 8.333780e+02 0.000000e+00 0.000000e+00 0.000000e+00 0.000000e+00 0.000000e+00 0.000000e+00 0.000000e+00 0.000000e+00 0.000000e+00
2.904000e+00 0.000000e+00 -4.398854e+03 -7.155143e+03 0.000000e+00 0.000000e+00 0.000000e+00 -5.276454e+02 -4.967958e+02 1.553706e+03 8.320346e+02 0.000000e+00 0.000000e+00 0.000000e+00 0.000000e+00 0.000000e+00 0.000000e+00 0.000000e+00 0.000000e+00 0.000000e+00
2.905000e+00 0.000000e+00 -4.394093e+03 -7.145511e+03 0.000000e+00 0.000000e+00 0.000000e+00 -5.267159e+02 -4.959148e+02 1.553675e+03 8.306753e+02 0.000000e+00 0.000000e+00 0.000000e+00 0.000000e+00 0.000000e+00 0.000000e+00 0.000000e+00 0.000000e+00 0.000000e+00
2.906000e+00 0.000000e+00 -4.389271e+03 -7.135863e+03 0.000000e+00 0.000000e+00 0.000000e+00 -5.257779e+02 -4.950254e+02 1.553635e+03 8.293008e+02 0.000000e+00 0.000000e+00 0.000000e+00 0.000000e+00 0.000000e+00 0.000000e+00 0.000000e+00 0.000000e+00 0.000000e+00
2.907000e+00 0.000000e+00 -4.384388e+03 -7.126204e+03 0.000000e+00 0.000000e+00 0.000000e+00 -5.248317e+02 -4.941282e+02 1.553588e+03 8.279116e+02 0.000000e+00 0.000000e+00 0.000000e+00 0.000000e+00 0.000000e+00 0.000000e+00 0.000000e+00 0.000000e+00 0.000000e+00
2.908000e+00 0.000000e+00 -4.379448e+03 -7.116537e+03 0.000000e+00 0.000000e+00 0.000000e+00 -5.238777e+02 -4.932234e+02 1.553533e+03 8.265082e+02 0.000000e+00 0.000000e+00 0.000000e+00 0.000000e+00 0.000000e+00 0.000000e+00 0.000000e+00 0.000000e+00 0.000000e+00
2.909000e+00 0.000000e+00 -4.374451e+03 -7.106866e+03 0.000000e+00 0.000000e+00 0.000000e+00 -5.229163e+02 -4.923113e+02 1.553469e+03 8.250913e+02 0.000000e+00 0.000000e+00 0.000000e+00 0.000000e+00 0.000000e+00 0.000000e+00 0.000000e+00 0.000000e+00 0.000000e+00
2.910000e+00 0.000000e+00 -4.369399e+03 -7.097195e+03 0.000000e+00 0.000000e+00 0.000000e+00 -5.219478e+02 -4.913924e+02 1.553399e+03 8.236615e+02 0.000000e+00 0.000000e+00 0.000000e+00 0.000000e+00 0.000000e+00 0.000000e+00 0.000000e+00 0.000000e+00 0.000000e+00
2.911000e+00 0.000000e+00 -4.364294e+03 -7.087527e+03 0.000000e+00 0.000000e+00 0.000000e+00 -5.209727e+02 -4.904669e+02 1.553320e+03 8.222193e+02 0.000000e+00 0.000000e+00 0.000000e+00 0.000000e+00 0.000000e+00 0.000000e+00 0.000000e+00 0.000000e+00 0.000000e+00
2.912000e+00 0.000000e+00 -4.359137e+03 -7.077868e+03 0.000000e+00 0.000000e+00 0.000000e+00 -5.199912e+02 -4.895354e+02 1.553235e+03 8.207653e+02 0.000000e+00 0.000000e+00 0.000000e+00 0.000000e+00 0.000000e+00 0.000000e+00 0.000000e+00 0.000000e+00 0.000000e+00
2.913000e+00 0.000000e+00 -4.353930e+03 -7.068220e+03 0.000000e+00 0.000000e+00 0.000000e+00 -5.190039e+02 -4.885981e+02 1.553143e+03 8.193003e+02 0.000000e+00 0.000000e+00 0.000000e+00 0.000000e+00 0.000000e+00 0.000000e+00 0.000000e+00 0.000000e+00 0.000000e+00
2.914000e+00 0.000000e+00 -4.348675e+03 -7.058587e+03 0.000000e+00 0.000000e+00 0.000000e+00 -5.180110e+02 -4.876554e+02 1.553043e+03 8.178247e+02 0.000000e+00 0.000000e+00 0.000000e+00 0.000000e+00 0.000000e+00 0.000000e+00 0.000000e+00 0.000000e+00 0.000000e+00
2.915000e+00 0.000000e+00 -4.343374e+03 -7.048973e+03 0.000000e+00 0.000000e+00 0.000000e+00 -5.170130e+02 -4.867077e+02 1.552938e+03 8.163393e+02 0.000000e+00 0.000000e+00 0.000000e+00 0.000000e+00 0.000000e+00 0.000000e+00 0.000000e+00 0.000000e+00 0.000000e+00
2.916000e+00 0.000000e+00 -4.338028e+03 -7.039383e+03 0.000000e+00 0.000000e+00 0.000000e+00 -5.160102e+02 -4.857553e+02 1.552825e+03 8.148447e+02 0.000000e+00 0.000000e+00 0.000000e+00 0.000000e+00 0.000000e+00 0.000000e+00 0.000000e+00 0.000000e+00 0.000000e+00
2.917000e+00 0.000000e+00 -4.332640e+03 -7.029820e+03 0.000000e+00 0.000000e+00 0.000000e+00 -5.150031e+02 -4.847988e+02 1.552707e+03 8.133415e+02 0.000000e+00 0.000000e+00 0.000000e+00 0.000000e+00 0.000000e+00 0.000000e+00 0.000000e+00 0.000000e+00 0.000000e+00
2.918000e+00 0.000000e+00 -4.327211e+03 -7.020288e+03 0.000000e+00 0.000000e+00 0.000000e+00 -5.139920e+02 -4.838384e+02 1.552583e+03 8.118303e+02 0.000000e+00 0.000000e+00 0.000000e+00 0.000000e+00 0.000000e+00 0.000000e+00 0.000000e+00 0.000000e+00 0.000000e+00
2.919000e+00 0.000000e+00 -4.321744e+03 -7.010790e+03 0.000000e+00 0.000000e+00 0.000000e+00 -5.129774e+02 -4.828745e+02 1.552453e+03 8.103120e+02 0.000000e+00 0.000000e+00 0.000000e+00 0.000000e+00 0.000000e+00 0.000000e+00 0.000000e+00 0.000000e+00 0.000000e+00
2.920000e+00 0.000000e+00 -4.316239e+03 -7.001331e+03 0.000000e+00 0.000000e+00 0.000000e+00 -5.119596e+02 -4.819076e+02 1.552318e+03 8.087871e+02 0.000000e+00 0.000000e+00 0.000000e+00 0.000000e+00 0.000000e+00 0.000000e+00 0.000000e+00 0.000000e+00 0.000000e+00
2.921000e+00 0.000000e+00 -4.310700e+03 -6.991915e+03 0.000000e+00 0.000000e+00 0.000000e+00 -5.109391e+02 -4.809379e+02 1.552177e+03 8.072562e+02 0.000000e+00 0.000000e+00 0.000000e+00 0.000000e+00 0.000000e+00 0.000000e+00 0.000000e+00 0.000000e+00 0.000000e+00
2.922000e+00 0.000000e+00 -4.305129e+03 -6.982545e+03 0.000000e+00 0.000000e+00 0.000000e+00 -5.099162e+02 -4.799660e+02 1.552032e+03 8.057202e+02 0.000000e+00 0.000000e+00 0.000000e+00 0.000000e+00 0.000000e+00 0.000000e+00 0.000000e+00 0.000000e+00 0.000000e+00
2.923000e+00 0.000000e+00 -4.299527e+03 -6.973225e+03 0.000000e+00 0.000000e+00 0.000000e+00 -5.088915e+02 -4.789922e+02 1.551882e+03 8.041796e+02 0.000000e+00 0.000000e+00 0.000000e+00 0.000000e+00 0.000000e+00 0.000000e+00 0.000000e+00 0.000000e+00 0.000000e+00
2.924000e+00 0.000000e+00 -4.293896e+03 -6.963959e+03 0.000000e+00 0.000000e+00 0.000000e+00 -5.078651e+02 -4.780169e+02 1.551728e+03 8.026351e+02 0.000000e+00 0.000000e+00 0.000000e+00 0.000000e+00 0.000000e+00 0.000000e+00 0.000000e+00 0.000000e+00 0.000000e+00
2.925000e+00 0.000000e+00 -4.288240e+03 -6.954751e+03 0.000000e+00 0.000000e+00 0.000000e+00 -5.068377e+02 -4.770405e+02 1.551569e+03 8.010875e+02 0.000000e+00 0.000000e+00 0.000000e+00 0.000000e+00 0.000000e+00 0.000000e+00 0.000000e+00 0.000000e+00 0.000000e+00
2.926000e+00 0.000000e+00 -4.282559e+03 -6.945605e+03 0.000000e+00 0.000000e+00 0.000000e+00 -5.058095e+02 -4.760634e+02 1.551407e+03 7.995374e+02 0.000000e+00 0.000000e+00 0.000000e+00 0.000000e+00 0.000000e+00 0.000000e+00 0.000000e+00 0.000000e+00 0.000000e+00
2.927000e+00 0.000000e+00 -4.276857e+03 -6.936523e+03 0.000000e+00 0.000000e+00 0.000000e+00 -5.047810e+02 -4.750859e+02 1.551241e+03 7.979856e+02 0.000000e+00 0.000000e+00 0.000000e+00 0.000000e+00 0.000000e+00 0.000000e+00 0.000000e+00 0.000000e+00 0.000000e+00
2.928000e+00 0.000000e+00 -4.271135e+03 -6.927511e+03 0.000000e+00 0.000000e+00 0.000000e+00 -5.037526e+02 -4.741086e+02 1.551072e+03 7.964327e+02 0.000000e+00 0.000000e+00 0.000000e+00 0.000000e+00 0.000000e+00 0.000000e+00 0.000000e+00 0.000000e+00 0.000000e+00
2.929000e+00 0.000000e+00 -4.265396e+03 -6.918571e+03 0.000000e+00 0.000000e+00 0.000000e+00 -5.027247e+02 -4.731317e+02 1.550900e+03 7.948794e+02 0.000000e+00 0.000000e+00 0.000000e+00 0.000000e+00 0.000000e+00 0.000000e+00 0.000000e+00 0.000000e+00 0.000000e+00
2.930000e+00 0.000000e+00 -4.259642e+03 -6.909707e+03 0.000000e+00 0.000000e+00 0.000000e+00 -5.016977e+02 -4.721557e+02 1.550725e+03 7.933266e+02 0.000000e+00 0.000000e+00 0.000000e+00 0.000000e+00 0.000000e+00 0.000000e+00 0.000000e+00 0.000000e+00 0.000000e+00
2.931000e+00 0.000000e+00 -4.253876e+03 -6.900923e+03 0.000000e+00 0.000000e+00 0.000000e+00 -5.006721e+02 -4.711810e+02 1.550548e+03 7.917749e+02 0.000000e+00 0.000000e+00 0.000000e+00 0.000000e+00 0.000000e+00 0.000000e+00 0.000000e+00 0.000000e+00 0.000000e+00
2.932000e+00 0.000000e+00 -4.248099e+03 -6.892224e+03 0.000000e+00 0.000000e+00 0.000000e+00 -4.996482e+02 -4.702080e+02 1.550369e+03 7.902250e+02 0.000000e+00 0.000000e+00 0.000000e+00 0.000000e+00 0.000000e+00 0.000000e+00 0.000000e+00 0.000000e+00 0.000000e+00
2.933000e+00 0.000000e+00 -4.242315e+03 -6.883611e+03 0.000000e+00 0.000000e+00 0.000000e+00 -4.986265e+02 -4.692371e+02 1.550188e+03 7.886777e+02 0.000000e+00 0.000000e+00 0.000000e+00 0.000000e+00 0.000000e+00 0.000000e+00 0.000000e+00 0.000000e+00 0.000000e+00
2.934000e+00 0.000000e+00 -4.236526e+03 -6.875089e+03 0.000000e+00 0.000000e+00 0.000000e+00 -4.976074e+02 -4.682687e+02 1.550005e+03 7.871337e+02 0.000000e+00 0.000000e+00 0.000000e+00 0.000000e+00 0.000000e+00 0.000000e+00 0.000000e+00 0.000000e+00 0.000000e+00
2.935000e+00 0.000000e+00 -4.230734e+03 -6.866661e+03 0.000000e+00 0.000000e+00 0.000000e+00 -4.965912e+02 -4.673033e+02 1.549822e+03 7.855937e+02 0.000000e+00 0.000000e+00 0.000000e+00 0.000000e+00 0.000000e+00 0.000000e+00 0.000000e+00 0.000000e+00 0.000000e+00
2.936000e+00 0.000000e+00 -4.224942e+03 -6.858331e+03 0.000000e+00 0.000000e+00 0.000000e+00 -4.955785e+02 -4.663411e+02 1.549638e+03 7.840585e+02 0.000000e+00 0.000000e+00 0.000000e+00 0.000000e+00 0.000000e+00 0.000000e+00 0.000000e+00 0.000000e+00 0.000000e+00
2.937000e+00 0.000000e+00 -4.219152e+03 -6.850103e+03 0.000000e+00 0.000000e+00 0.000000e+00 -4.945696e+02 -4.653826e+02 1.549453e+03 7.825288e+02 0.000000e+00 0.000000e+00 0.000000e+00 0.000000e+00 0.000000e+00 0.000000e+00 0.000000e+00 0.000000e+00 0.000000e+00
2.938000e+00 0.000000e+00 -4.213366e+03 -6.841979e+03 0.000000e+00 0.000000e+00 0.000000e+00 -4.935649e+02 -4.644283e+02 1.549268e+03 7.810054e+02 0.000000e+00 0.000000e+00 0.000000e+00 0.000000e+00 0.000000e+00 0.000000e+00 0.000000e+00 0.000000e+00 0.000000e+00
2.939000e+00 0.000000e+00 -4.207588e+03 -6.833964e+03 0.000000e+00 0.000000e+00 0.000000e+00 -4.925648e+02 -4.634784e+02 1.549084e+03 7.794890e+02 0.000000e+00 0.000000e+00 0.000000e+00 0.000000e+00 0.000000e+00 0.000000e+00 0.000000e+00 0.000000e+00 0.000000e+00
2.940000e+00 0.000000e+00 -4.201820e+03 -6.826060e+03 0.000000e+00 0.000000e+00 0.000000e+00 -4.915698e+02 -4.625335e+02 1.548900e+03 7.779804e+02 0.000000e+00 0.000000e+00 0.000000e+00 0.000000e+00 0.000000e+00 0.000000e+00 0.000000e+00 0.000000e+00 0.000000e+00
2.941000e+00 0.000000e+00 -4.196064e+03 -6.818271e+03 0.000000e+00 0.000000e+00 0.000000e+00 -4.905803e+02 -4.615940e+02 1.548717e+03 7.764803e+02 0.000000e+00 0.000000e+00 0.000000e+00 0.000000e+00 0.000000e+00 0.000000e+00 0.000000e+00 0.000000e+00 0.000000e+00
2.942000e+00 0.000000e+00 -4.190324e+03 -6.810600e+03 0.000000e+00 0.000000e+00 0.000000e+00 -4.895967e+02 -4.606601e+02 1.548535e+03 7.749894e+02 0.000000e+00 0.000000e+00 0.000000e+00 0.000000e+00 0.000000e+00 0.000000e+00 0.000000e+00 0.000000e+00 0.000000e+00
2.943000e+00 0.000000e+00 -4.184601e+03 -6.803050e+03 0.000000e+00 0.000000e+00 0.000000e+00 -4.886193e+02 -4.597323e+02 1.548355e+03 7.735086e+02 0.000000e+00 0.000000e+00 0.000000e+00 0.000000e+00 0.000000e+00 0.000000e+00 0.000000e+00 0.000000e+00 0.000000e+00
2.944000e+00 0.000000e+00 -4.178898e+03 -6.795625e+03 0.000000e+00 0.000000e+00 0.000000e+00 -4.876486e+02 -4.588111e+02 1.548177e+03 7.720385e+02 0.000000e+00 0.000000e+00 0.000000e+00 0.000000e+00 0.000000e+00 0.000000e+00 0.000000e+00 0.000000e+00 0.000000e+00
2.945000e+00 0.000000e+00 -4.173218e+03 -6.788328e+03 0.000000e+00 0.000000e+00 0.000000e+00 -4.866850e+02 -4.578967e+02 1.548002e+03 7.705799e+02 0.000000e+00 0.000000e+00 0.000000e+00 0.000000e+00 0.000000e+00 0.000000e+00 0.000000e+00 0.000000e+00 0.000000e+00
2.946000e+00 0.000000e+00 -4.167564e+03 -6.781162e+03 0.000000e+00 0.000000e+00 0.000000e+00 -4.857288e+02 -4.569896e+02 1.547829e+03 7.691335e+02 0.000000e+00 0.000000e+00 0.000000e+00 0.000000e+00 0.000000e+00 0.000000e+00 0.000000e+00 0.000000e+00 0.000000e+00
2.947000e+00 0.000000e+00 -4.161939e+03 -6.774129e+03 0.000000e+00 0.000000e+00 0.000000e+00 -4.847806e+02 -4.560902e+02 1.547659e+03 7.677001e+02 0.000000e+00 0.000000e+00 0.000000e+00 0.000000e+00 0.000000e+00 0.000000e+00 0.000000e+00 0.000000e+00 0.000000e+00
2.948000e+00 0.000000e+00 -4.156344e+03 -6.767233e+03 0.000000e+00 0.000000e+00 0.000000e+00 -4.838405e+02 -4.551989e+02 1.547493e+03 7.662805e+02 0.000000e+00 0.000000e+00 0.000000e+00 0.000000e+00 0.000000e+00 0.000000e+00 0.000000e+00 0.000000e+00 0.000000e+00
2.949000e+00 0.000000e+00 -4.150783e+03 -6.760477e+03 0.000000e+00 0.000000e+00 0.000000e+00 -4.829092e+02 -4.543159e+02 1.547331e+03 7.648753e+02 0.000000e+00 0.000000e+00 0.000000e+00 0.000000e+00 0.000000e+00 0.000000e+00 0.000000e+00 0.000000e+00 0.000000e+00
2.950000e+00 0.000000e+00 -4.145259e+03 -6.753863e+03 0.000000e+00 0.000000e+00 0.000000e+00 -4.819869e+02 -4.534419e+02 1.547173e+03 7.634854e+02 0.000000e+00 0.000000e+00 0.000000e+00 0.000000e+00 0.000000e+00 0.000000e+00 0.000000e+00 0.000000e+00 0.000000e+00
2.951000e+00 0.000000e+00 -4.139773e+03 -6.747395e+03 0.000000e+00 0.000000e+00 0.000000e+00 -4.810740e+02 -4.525770e+02 1.547019e+03 7.621114e+02 0.000000e+00 0.000000e+00 0.000000e+00 0.000000e+00 0.000000e+00 0.000000e+00 0.000000e+00 0.000000e+00 0.000000e+00
2.952000e+00 0.000000e+00 -4.134330e+03 -6.741075e+03 0.000000e+00 0.000000e+00 0.000000e+00 -4.801710e+02 -4.517217e+02 1.546871e+03 7.607541e+02 0.000000e+00 0.000000e+00 0.000000e+00 0.000000e+00 0.000000e+00 0.000000e+00 0.000000e+00 0.000000e+00 0.000000e+00
2.953000e+00 0.000000e+00 -4.128931e+03 -6.734906e+03 0.000000e+00 0.000000e+00 0.000000e+00 -4.792781e+02 -4.508763e+02 1.546728e+03 7.594142e+02 0.000000e+00 0.000000e+00 0.000000e+00 0.000000e+00 0.000000e+00 0.000000e+00 0.000000e+00 0.000000e+00 0.000000e+00
2.954000e+00 0.000000e+00 -4.123579e+03 -6.728891e+03 0.000000e+00 0.000000e+00 0.000000e+00 -4.783959e+02 -4.500412e+02 1.546590e+03 7.580925e+02 0.000000e+00 0.000000e+00 0.000000e+00 0.000000e+00 0.000000e+00 0.000000e+00 0.000000e+00 0.000000e+00 0.000000e+00
2.955000e+00 0.000000e+00 -4.118277e+03 -6.723032e+03 0.000000e+00 0.000000e+00 0.000000e+00 -4.775245e+02 -4.492169e+02 1.546459e+03 7.567897e+02 0.000000e+00 0.000000e+00 0.000000e+00 0.000000e+00 0.000000e+00 0.000000e+00 0.000000e+00 0.000000e+00 0.000000e+00
2.956000e+00 0.000000e+00 -4.113028e+03 -6.717331e+03 0.000000e+00 0.000000e+00 0.000000e+00 -4.766645e+02 -4.484035e+02 1.546335e+03 7.555065e+02 0.000000e+00 0.000000e+00 0.000000e+00 0.000000e+00 0.000000e+00 0.000000e+00 0.000000e+00 0.000000e+00 0.000000e+00
2.957000e+00 0.000000e+00 -4.107834e+03 -6.711792e+03 0.000000e+00 0.000000e+00 0.000000e+00 -4.758161e+02 -4.476016e+02 1.546217e+03 7.542435e+02 0.000000e+00 0.000000e+00 0.000000e+00 0.000000e+00 0.000000e+00 0.000000e+00 0.000000e+00 0.000000e+00 0.000000e+00
2.958000e+00 0.000000e+00 -4.102699e+03 -6.706417e+03 0.000000e+00 0.000000e+00 0.000000e+00 -4.749798e+02 -4.468114e+02 1.546107e+03 7.530017e+02 0.000000e+00 0.000000e+00 0.000000e+00 0.000000e+00 0.000000e+00 0.000000e+00 0.000000e+00 0.000000e+00 0.000000e+00
2.959000e+00 0.000000e+00 -4.097624e+03 -6.701207e+03 0.000000e+00 0.000000e+00 0.000000e+00 -4.741559e+02 -4.460333e+02 1.546004e+03 7.517815e+02 0.000000e+00 0.000000e+00 0.000000e+00 0.000000e+00 0.000000e+00 0.000000e+00 0.000000e+00 0.000000e+00 0.000000e+00
2.960000e+00 0.000000e+00 -4.092612e+03 -6.696166e+03 0.000000e+00 0.000000e+00 0.000000e+00 -4.733447e+02 -4.452676e+02 1.545910e+03 7.505838e+02 0.000000e+00 0.000000e+00 0.000000e+00 0.000000e+00 0.000000e+00 0.000000e+00 0.000000e+00 0.000000e+00 0.000000e+00
2.961000e+00 0.000000e+00 -4.087667e+03 -6.691296e+03 0.000000e+00 0.000000e+00 0.000000e+00 -4.725466e+02 -4.445147e+02 1.545824e+03 7.494092e+02 0.000000e+00 0.000000e+00 0.000000e+00 0.000000e+00 0.000000e+00 0.000000e+00 0.000000e+00 0.000000e+00 0.000000e+00
2.962000e+00 0.000000e+00 -4.082790e+03 -6.686598e+03 0.000000e+00 0.000000e+00 0.000000e+00 -4.717619e+02 -4.437749e+02 1.545747e+03 7.482584e+02 0.000000e+00 0.000000e+00 0.000000e+00 0.000000e+00 0.000000e+00 0.000000e+00 0.000000e+00 0.000000e+00 0.000000e+00
2.963000e+00 0.000000e+00 -4.077985e+03 -6.682074e+03 0.000000e+00 0.000000e+00 0.000000e+00 -4.709910e+02 -4.430486e+02 1.545680e+03 7.471321e+02 0.000000e+00 0.000000e+00 0.000000e+00 0.000000e+00 0.000000e+00 0.000000e+00 0.000000e+00 0.000000e+00 0.000000e+00
2.964000e+00 0.000000e+00 -4.073254e+03 -6.677728e+03 0.000000e+00 0.000000e+00 0.000000e+00 -4.702342e+02 -4.423360e+02 1.545622e+03 7.460310e+02 0.000000e+00 0.000000e+00 0.000000e+00 0.000000e+00 0.000000e+00 0.000000e+00 0.000000e+00 0.000000e+00 0.000000e+00
2.965000e+00 0.000000e+00 -4.068600e+03 -6.673560e+03 0.000000e+00 0.000000e+00 0.000000e+00 -4.694917e+02 -4.416375e+02 1.545574e+03 7.449556e+02 0.000000e+00 0.000000e+00 0.000000e+00 0.000000e+00 0.000000e+00 0.000000e+00 0.000000e+00 0.000000e+00 0.000000e+00
2.966000e+00 0.000000e+00 -4.064025e+03 -6.669572e+03 0.000000e+00 0.000000e+00 0.000000e+00 -4.687640e+02 -4.409534e+02 1.545537e+03 7.439068e+02 0.000000e+00 0.000000e+00 0.000000e+00 0.000000e+00 0.000000e+00 0.000000e+00 0.000000e+00 0.000000e+00 0.000000e+00
2.967000e+00 0.000000e+00 -4.059532e+03 -6.665767e+03 0.000000e+00 0.000000e+00 0.000000e+00 -4.680513e+02 -4.402839e+02 1.545511e+03 7.428851e+02 0.000000e+00 0.000000e+00 0.000000e+00 0.000000e+00 0.000000e+00 0.000000e+00 0.000000e+00 0.000000e+00 0.000000e+00
2.968000e+00 0.000000e+00 -4.055123e+03 -6.662146e+03 0.000000e+00 0.000000e+00 0.000000e+00 -4.673540e+02 -4.396295e+02 1.545496e+03 7.418912e+02 0.000000e+00 0.000000e+00 0.000000e+00 0.000000e+00 0.000000e+00 0.000000e+00 0.000000e+00 0.000000e+00 0.000000e+00
2.969000e+00 0.000000e+00 -4.050801e+03 -6.658711e+03 0.000000e+00 0.000000e+00 0.000000e+00 -4.666724e+02 -4.389904e+02 1.545492e+03 7.409257e+02 0.000000e+00 0.000000e+00 0.000000e+00 0.000000e+00 0.000000e+00 0.000000e+00 0.000000e+00 0.000000e+00 0.000000e+00
2.970000e+00 0.000000e+00 -4.046569e+03 -6.655463e+03 0.000000e+00 0.000000e+00 0.000000e+00 -4.660066e+02 -4.383669e+02 1.545501e+03 7.399892e+02 0.000000e+00 0.000000e+00 0.000000e+00 0.000000e+00 0.000000e+00 0.000000e+00 0.000000e+00 0.000000e+00 0.000000e+00
2.971000e+00 0.000000e+00 -4.042429e+03 -6.652404e+03 0.000000e+00 0.000000e+00 0.000000e+00 -4.653571e+02 -4.377592e+02 1.545522e+03 7.390823e+02 0.000000e+00 0.000000e+00 0.000000e+00 0.000000e+00 0.000000e+00 0.000000e+00 0.000000e+00 0.000000e+00 0.000000e+00
2.972000e+00 0.000000e+00 -4.038383e+03 -6.649535e+03 0.000000e+00 0.000000e+00 0.000000e+00 -4.647242e+02 -4.371677e+02 1.545556e+03 7.382057e+02 0.000000e+00 0.000000e+00 0.000000e+00 0.000000e+00 0.000000e+00 0.000000e+00 0.000000e+00 0.000000e+00 0.000000e+00
2.973000e+00 0.000000e+00 -4.034433e+03 -6.646857e+03 0.000000e+00 0.000000e+00 0.000000e+00 -4.641080e+02 -4.365926e+02 1.545603e+03 7.373599e+02 0.000000e+00 0.000000e+00 0.000000e+00 0.000000e+00 0.000000e+00 0.000000e+00 0.000000e+00 0.000000e+00 0.000000e+00
2.974000e+00 0.000000e+00 -4.030583e+03 -6.644372e+03 0.000000e+00 0.000000e+00 0.000000e+00 -4.635088e+02 -4.360342e+02 1.545664e+03 7.365455e+02 0.000000e+00 0.000000e+00 0.000000e+00 0.000000e+00 0.000000e+00 0.000000e+00 0.000000e+00 0.000000e+00 0.000000e+00
2.975000e+00 0.000000e+00 -4.026835e+03 -6.642082e+03 0.000000e+00 0.000000e+00 0.000000e+00 -4.629270e+02 -4.354927e+02 1.545739e+03 7.357630e+02 0.000000e+00 0.000000e+00 0.000000e+00 0.000000e+00 0.000000e+00 0.000000e+00 0.000000e+00 0.000000e+00 0.000000e+00
2.976000e+00 0.000000e+00 -4.023190e+03 -6.639986e+03 0.000000e+00 0.000000e+00 0.000000e+00 -4.623627e+02 -4.349683e+02 1.545828e+03 7.350131e+02 0.000000e+00 0.000000e+00 0.000000e+00 0.000000e+00 0.000000e+00 0.000000e+00 0.000000e+00 0.000000e+00 0.000000e+00
2.977000e+00 0.000000e+00 -4.019651e+03 -6.638086e+03 0.000000e+00 0.000000e+00 0.000000e+00 -4.618162e+02 -4.344614e+02 1.545932e+03 7.342962e+02 0.000000e+00 0.000000e+00 0.000000e+00 0.000000e+00 0.000000e+00 0.000000e+00 0.000000e+00 0.000000e+00 0.000000e+00
2.978000e+00 0.000000e+00 -4.016221e+03 -6.636384e+03 0.000000e+00 0.000000e+00 0.000000e+00 -4.612878e+02 -4.339722e+02 1.546051e+03 7.336130e+02 0.000000e+00 0.000000e+00 0.000000e+00 0.000000e+00 0.000000e+00 0.000000e+00 0.000000e+00 0.000000e+00 0.000000e+00
2.979000e+00 0.000000e+00 -4.012901e+03 -6.634879e+03 0.000000e+00 0.000000e+00 0.000000e+00 -4.607776e+02 -4.335008e+02 1.546185e+03 7.329638e+02 0.000000e+00 0.000000e+00 0.000000e+00 0.000000e+00 0.000000e+00 0.000000e+00 0.000000e+00 0.000000e+00 0.000000e+00
2.980000e+00 0.000000e+00 -4.009694e+03 -6.633573e+03 0.000000e+00 0.000000e+00 0.000000e+00 -4.602859e+02 -4.330475e+02 1.546335e+03 7.323492e+02 0.000000e+00 0.000000e+00 0.000000e+00 0.000000e+00 0.000000e+00 0.000000e+00 0.000000e+00 0.000000e+00 0.000000e+00
2.981000e+00 0.000000e+00 -4.006602e+03 -6.632467e+03 0.000000e+00 0.000000e+00 0.000000e+00 -4.598128e+02 -4.326125e+02 1.546501e+03 7.317696e+02 0.000000e+00 0.000000e+00 0.000000e+00 0.000000e+00 0.000000e+00 0.000000e+00 0.000000e+00 0.000000e+00 0.000000e+00
2.982000e+00 0.000000e+00 -4.003627e+03 -6.631560e+03 0.000000e+00 0.000000e+00 0.000000e+00 -4.593587e+02 -4.321960e+02 1.546683e+03 7.312257e+02 0.000000e+00 0.000000e+00 0.000000e+00 0.000000e+00 0.000000e+00 0.000000e+00 0.000000e+00 0.000000e+00 0.000000e+00
2.983000e+00 0.000000e+00 -4.000771e+03 -6.630854e+03 0.000000e+00 0.000000e+00 0.000000e+00 -4.589237e+02 -4.317982e+02 1.546883e+03 7.307177e+02 0.000000e+00 0.000000e+00 0.000000e+00 0.000000e+00 0.000000e+00 0.000000e+00 0.000000e+00 0.000000e+00 0.000000e+00
2.984000e+00 0.000000e+00 -3.998036e+03 -6.630349e+03 0.000000e+00 0.000000e+00 0.000000e+00 -4.585079e+02 -4.314192e+02 1.547099e+03 7.302462e+02 0.000000e+00 0.000000e+00 0.000000e+00 0.000000e+00 0.000000e+00 0.000000e+00 0.000000e+00 0.000000e+00 0.000000e+00
2.985000e+00 0.000000e+00 -3.995424e+03 -6.630045e+03 0.000000e+00 0.000000e+00 0.000000e+00 -4.581116e+02 -4.310594e+02 1.547333e+03 7.298116e+02 0.000000e+00 0.000000e+00 0.000000e+00 0.000000e+00 0.000000e+00 0.000000e+00 0.000000e+00 0.000000e+00 0.000000e+00
2.986000e+00 0.000000e+00 -3.992936e+03 -6.629942e+03 0.000000e+00 0.000000e+00 0.000000e+00 -4.577349e+02 -4.307187e+02 1.547585e+03 7.294143e+02 0.000000e+00 0.000000e+00 0.000000e+00 0.000000e+00 0.000000e+00 0.000000e+00 0.000000e+00 0.000000e+00 0.000000e+00
2.987000e+00 0.000000e+00 -3.990576e+03 -6.630042e+03 0.000000e+00 0.000000e+00 0.000000e+00 -4.573780e+02 -4.303974e+02 1.547855e+03 7.290548e+02 0.000000e+00 0.000000e+00 0.000000e+00 0.000000e+00 0.000000e+00 0.000000e+00 0.000000e+00 0.000000e+00 0.000000e+00
2.988000e+00 0.000000e+00 -3.988343e+03 -6.630343e+03 0.000000e+00 0.000000e+00 0.000000e+00 -4.570411e+02 -4.300957e+02 1.548143e+03 7.287333e+02 0.000000e+00 0.000000e+00 0.000000e+00 0.000000e+00 0.000000e+00 0.000000e+00 0.000000e+00 0.000000e+00 0.000000e+00
2.989000e+00 0.000000e+00 -3.986241e+03 -6.630846e+03 0.000000e+00 0.000000e+00 0.000000e+00 -4.567242e+02 -4.298136e+02 1.548451e+03 7.284502e+02 0.000000e+00 0.000000e+00 0.000000e+00 0.000000e+00 0.000000e+00 0.000000e+00 0.000000e+00 0.000000e+00 0.000000e+00
2.990000e+00 0.000000e+00 -3.984270e+03 -6.631551e+03 0.000000e+00 0.000000e+00 0.000000e+00 -4.564275e+02 -4.295513e+02 1.548777e+03 7.282060e+02 0.000000e+00 0.000000e+00 0.000000e+00 0.000000e+00 0.000000e+00 0.000000e+00 0.000000e+00 0.000000e+00 0.000000e+00
2.991000e+00 0.000000e+00 -3.982433e+03 -6.632458e+03 0.000000e+00 0.000000e+00 0.000000e+00 -4.561512e+02 -4.293090e+02 1.549122e+03 7.280009e+02 0.000000e+00 0.000000e+00 0.000000e+00 0.000000e+00 0.000000e+00 0.000000e+00 0.000000e+00 0.000000e+00 0.000000e+00
2.992000e+00 0.000000e+00 -3.980731e+03 -6.633566e+03 0.000000e+00 0.000000e+00 0.000000e+00 -4.558954e+02 -4.290868e+02 1.549487e+03 7.278353e+02 0.000000e+00 0.000000e+00 0.000000e+00 0.000000e+00 0.000000e+00 0.000000e+00 0.000000e+00 0.000000e+00 0.000000e+00
2.993000e+00 0.000000e+00 -3.979166e+03 -6.634876e+03 0.000000e+00 0.000000e+00 0.000000e+00 -4.556601e+02 -4.288847e+02 1.549872e+03 7.277094e+02 0.000000e+00 0.000000e+00 0.000000e+00 0.000000e+00 0.000000e+00 0.000000e+00 0.000000e+00 0.000000e+00 0.000000e+00
2.994000e+00 0.000000e+00 -3.977738e+03 -6.636386e+03 0.000000e+00 0.000000e+00 0.000000e+00 -4.554454e+02 -4.287028e+02 1.550277e+03 7.276236e+02 0.000000e+00 0.000000e+00 0.000000e+00 0.000000e+00 0.000000e+00 0.000000e+00 0.000000e+00 0.000000e+00 0.000000e+00
2.995000e+00 0.000000e+00 -3.976449e+03 -6.638097e+03 0.000000e+00 0.000000e+00 0.000000e+00 -4.552516e+02 -4.285413e+02 1.550703e+03 7.275780e+02 0.000000e+00 0.000000e+00 0.000000e+00 0.000000e+00 0.000000e+00 0.000000e+00 0.000000e+00 0.000000e+00 0.000000e+00
2.996000e+00 0.000000e+00 -3.975301e+03 -6.640007e+03 0.000000e+00 0.000000e+00 0.000000e+00 -4.550785e+02 -4.284003e+02 1.551149e+03 7.275731e+02 0.000000e+00 0.000000e+00 0.000000e+00 0.000000e+00 0.000000e+00 0.000000e+00 0.000000e+00 0.000000e+00 0.000000e+00
2.997000e+00 0.000000e+00 -3.974295e+03 -6.642116e+03 0.000000e+00 0.000000e+00 0.000000e+00 -4.549264e+02 -4.282797e+02 1.551617e+03 7.276089e+02 0.000000e+00 0.000000e+00 0.000000e+00 0.000000e+00 0.000000e+00 0.000000e+00 0.000000e+00 0.000000e+00 0.000000e+00
2.998000e+00 0.000000e+00 -3.973432e+03 -6.644424e+03 0.000000e+00 0.000000e+00 0.000000e+00 -4.547952e+02 -4.281797e+02 1.552105e+03 7.276857e+02 0.000000e+00 0.000000e+00 0.000000e+00 0.000000e+00 0.000000e+00 0.000000e+00 0.000000e+00 0.000000e+00 0.000000e+00
2.999000e+00 0.000000e+00 -3.972713e+03 -6.646930e+03 0.000000e+00 0.000000e+00 0.000000e+00 -4.546850e+02 -4.281002e+02 1.552615e+03 7.278037e+02 0.000000e+00 0.000000e+00 0.000000e+00 0.000000e+00 0.000000e+00 0.000000e+00 0.000000e+00 0.000000e+00 0.000000e+00
