0.000000e+00 0.000000e+00 -3.934702e+02 5.238569e+02 0.000000e+00 0.000000e+00 0.000000e+00 1.391701e+02 1.242156e+02 1.918546e+03 -1.677190e+02 0.000000e+00 0.000000e+00 0.000000e+00 0.000000e+00 0.000000e+00 0.000000e+00 0.000000e+00 0.000000e+00 0.000000e+00
1.000000e-03 0.000000e+00 -2.629077e+02 5.256038e+02 0.000000e+00 0.000000e+00 0.000000e+00 1.392095e+02 1.242422e+02 1.918375e+03 -1.677591e+02 0.000000e+00 0.000000e+00 0.000000e+00 0.000000e+00 0.000000e+00 0.000000e+00 0.000000e+00 0.000000e+00 0.000000e+00
2.000000e-03 0.000000e+00 -1.431862e+02 5.274354e+02 0.000000e+00 0.000000e+00 0.000000e+00 1.392313e+02 1.242519e+02 1.918427e+03 -1.677598e+02 0.000000e+00 0.000000e+00 0.000000e+00 0.000000e+00 0.000000e+00 0.000000e+00 0.000000e+00 0.000000e+00 0.000000e+00
3.000000e-03 0.000000e+00 -3.355189e+01 5.293524e+02 0.000000e+00 0.000000e+00 0.000000e+00 1.392355e+02 1.242450e+02 1.918698e+03 -1.677214e+02 0.000000e+00 0.000000e+00 0.000000e+00 0.000000e+00 0.000000e+00 0.000000e+00 0.000000e+00 0.000000e+00 0.000000e+00
4.000000e-03 0.000000e+00 6.670536e+01 5.313550e+02 0.000000e+00 0.000000e+00 0.000000e+00 1.392224e+02 1.242217e+02 1.919189e+03 -1.676443e+02 0.000000e+00 0.000000e+00 0.000000e+00 0.000000e+00 0.000000e+00 0.000000e+00 0.000000e+00 0.000000e+00 0.000000e+00
5.000000e-03 0.000000e+00 1.582468e+02 5.334434e+02 0.000000e+00 0.000000e+00 0.000000e+00 1.391922e+02 1.241821e+02 1.919898e+03 -1.675287e+02 0.000000e+00 0.000000e+00 0.000000e+00 0.000000e+00 0.000000e+00 0.000000e+00 0.000000e+00 0.000000e+00 0.000000e+00
6.000000e-03 0.000000e+00 2.416885e+02 5.356177e+02 0.000000e+00 0.000000e+00 0.000000e+00 1.391451e+02 1.241264e+02 1.920824e+03 -1.673749e+02 0.000000e+00 0.000000e+00 0.000000e+00 0.000000e+00 0.000000e+00 0.000000e+00 0.000000e+00 0.000000e+00 0.000000e+00
7.000000e-03 0.000000e+00 3.176104e+02 5.378780e+02 0.000000e+00 0.000000e+00 0.000000e+00 1.390812e+02 1.240548e+02 1.921964e+03 -1.671831e+02 0.000000e+00 0.000000e+00 0.000000e+00 0.000000e+00 0.000000e+00 0.000000e+00 0.000000e+00 0.000000e+00 0.000000e+00
8.000000e-03 0.000000e+00 3.865548e+02 5.402241e+02 0.000000e+00 0.000000e+00 0.000000e+00 1.390008e+02 1.239674e+02 1.923319e+03 -1.669537e+02 0.000000e+00 0.000000e+00 0.000000e+00 0.000000e+00 0.000000e+00 0.000000e+00 0.000000e+00 0.000000e+00 0.000000e+00
9.000000e-03 0.000000e+00 4.490220e+02 5.426559e+02 0.000000e+00 0.000000e+00 0.000000e+00 1.389038e+02 1.238644e+02 1.924885e+03 -1.666869e+02 0.000000e+00 0.000000e+00 0.000000e+00 0.000000e+00 0.000000e+00 0.000000e+00 0.000000e+00 0.000000e+00 0.000000e+00
1.000000e-02 0.000000e+00 5.054722e+02 5.451731e+02 0.000000e+00 0.000000e+00 0.000000e+00 1.387906e+02 1.237458e+02 1.926662e+03 -1.663831e+02 0.000000e+00 0.000000e+00 0.000000e+00 0.000000e+00 0.000000e+00 0.000000e+00 0.000000e+00 0.000000e+00 0.000000e+00
1.100000e-02 0.000000e+00 5.563379e+02 5.477755e+02 0.000000e+00 0.000000e+00 0.000000e+00 1.386611e+02 1.236118e+02 1.928647e+03 -1.660423e+02 0.000000e+00 0.000000e+00 0.000000e+00 0.000000e+00 0.000000e+00 0.000000e+00 0.000000e+00 0.000000e+00 0.000000e+00
1.200000e-02 0.000000e+00 6.020234e+02 5.504626e+02 0.000000e+00 0.000000e+00 0.000000e+00 1.385156e+02 1.234626e+02 1.930839e+03 -1.656651e+02 0.000000e+00 0.000000e+00 0.000000e+00 0.000000e+00 0.000000e+00 0.000000e+00 0.000000e+00 0.000000e+00 0.000000e+00
1.300000e-02 0.000000e+00 6.429049e+02 5.532342e+02 0.000000e+00 0.000000e+00 0.000000e+00 1.383542e+02 1.232982e+02 1.933236e+03 -1.652515e+02 0.000000e+00 0.000000e+00 0.000000e+00 0.000000e+00 0.000000e+00 0.000000e+00 0.000000e+00 0.000000e+00 0.000000e+00
1.400000e-02 0.000000e+00 6.793241e+02 5.560899e+02 0.000000e+00 0.000000e+00 0.000000e+00 1.381770e+02 1.231187e+02 1.935836e+03 -1.648020e+02 0.000000e+00 0.000000e+00 0.000000e+00 0.000000e+00 0.000000e+00 0.000000e+00 0.000000e+00 0.000000e+00 0.000000e+00
1.500000e-02 0.000000e+00 7.115942e+02 5.590291e+02 0.000000e+00 0.000000e+00 0.000000e+00 1.379841e+02 1.229244e+02 1.938637e+03 -1.643169e+02 0.000000e+00 0.000000e+00 0.000000e+00 0.000000e+00 0.000000e+00 0.000000e+00 0.000000e+00 0.000000e+00 0.000000e+00
1.600000e-02 0.000000e+00 7.400098e+02 5.620515e+02 0.000000e+00 0.000000e+00 0.000000e+00 1.377757e+02 1.227153e+02 1.941637e+03 -1.637964e+02 0.000000e+00 0.000000e+00 0.000000e+00 0.000000e+00 0.000000e+00 0.000000e+00 0.000000e+00 0.000000e+00 0.000000e+00
1.700000e-02 0.000000e+00 7.648460e+02 5.651565e+02 0.000000e+00 0.000000e+00 0.000000e+00 1.375518e+02 1.224915e+02 1.944833e+03 -1.632409e+02 0.000000e+00 0.000000e+00 0.000000e+00 0.000000e+00 0.000000e+00 0.000000e+00 0.000000e+00 0.000000e+00 0.000000e+00
1.800000e-02 0.000000e+00 7.863589e+02 5.683437e+02 0.000000e+00 0.000000e+00 0.000000e+00 1.373126e+02 1.222532e+02 1.948224e+03 -1.626508e+02 0.000000e+00 0.000000e+00 0.000000e+00 0.000000e+00 0.000000e+00 0.000000e+00 0.000000e+00 0.000000e+00 0.000000e+00
1.900000e-02 0.000000e+00 8.047842e+02 5.716125e+02 0.000000e+00 0.000000e+00 0.000000e+00 1.370583e+02 1.220004e+02 1.951807e+03 -1.620264e+02 0.000000e+00 0.000000e+00 0.000000e+00 0.000000e+00 0.000000e+00 0.000000e+00 0.000000e+00 0.000000e+00 0.000000e+00
2.000000e-02 0.000000e+00 8.203315e+02 5.749623e+02 0.000000e+00 0.000000e+00 0.000000e+00 1.367889e+02 1.217334e+02 1.955579e+03 -1.613680e+02 0.000000e+00 0.000000e+00 0.000000e+00 0.000000e+00 0.000000e+00 0.000000e+00 0.000000e+00 0.000000e+00 0.000000e+00
2.100000e-02 0.000000e+00 8.331957e+02 5.783926e+02 0.000000e+00 0.000000e+00 0.000000e+00 1.365047e+02 1.214522e+02 1.959539e+03 -1.606761e+02 0.000000e+00 0.000000e+00 0.000000e+00 0.000000e+00 0.000000e+00 0.000000e+00 0.000000e+00 0.000000e+00 0.000000e+00
2.200000e-02 0.000000e+00 8.435599e+02 5.819027e+02 0.000000e+00 0.000000e+00 0.000000e+00 1.362056e+02 1.211570e+02 1.963683e+03 -1.599511e+02 0.000000e+00 0.000000e+00 0.000000e+00 0.000000e+00 0.000000e+00 0.000000e+00 0.000000e+00 0.000000e+00 0.000000e+00
2.300000e-02 0.000000e+00 8.515960e+02 5.854920e+02 0.000000e+00 0.000000e+00 0.000000e+00 1.358920e+02 1.208478e+02 1.968009e+03 -1.591932e+02 0.000000e+00 0.000000e+00 0.000000e+00 0.000000e+00 0.000000e+00 0.000000e+00 0.000000e+00 0.000000e+00 0.000000e+00
2.400000e-02 0.000000e+00 8.574637e+02 5.891599e+02 0.000000e+00 0.000000e+00 0.000000e+00 1.355638e+02 1.205250e+02 1.972515e+03 -1.584031e+02 0.000000e+00 0.000000e+00 0.000000e+00 0.000000e+00 0.000000e+00 0.000000e+00 0.000000e+00 0.000000e+00 0.000000e+00
2.500000e-02 0.000000e+00 8.613108e+02 5.929056e+02 0.000000e+00 0.000000e+00 0.000000e+00 1.352214e+02 1.201885e+02 1.977196e+03 -1.575810e+02 0.000000e+00 0.000000e+00 0.000000e+00 0.000000e+00 0.000000e+00 0.000000e+00 0.000000e+00 0.000000e+00 0.000000e+00
2.600000e-02 0.000000e+00 8.632682e+02 5.967284e+02 0.000000e+00 0.000000e+00 0.000000e+00 1.348647e+02 1.198385e+02 1.982052e+03 -1.567275e+02 0.000000e+00 0.000000e+00 0.000000e+00 0.000000e+00 0.000000e+00 0.000000e+00 0.000000e+00 0.000000e+00 0.000000e+00
2.700000e-02 0.000000e+00 8.634540e+02 6.006275e+02 0.000000e+00 0.000000e+00 0.000000e+00 1.344940e+02 1.194752e+02 1.987078e+03 -1.558429e+02 0.000000e+00 0.000000e+00 0.000000e+00 0.000000e+00 0.000000e+00 0.000000e+00 0.000000e+00 0.000000e+00 0.000000e+00
2.800000e-02 0.000000e+00 8.619800e+02 6.046021e+02 0.000000e+00 0.000000e+00 0.000000e+00 1.341094e+02 1.190988e+02 1.992271e+03 -1.549278e+02 0.000000e+00 0.000000e+00 0.000000e+00 0.000000e+00 0.000000e+00 0.000000e+00 0.000000e+00 0.000000e+00 0.000000e+00
2.900000e-02 0.000000e+00 8.589516e+02 6.086514e+02 0.000000e+00 0.000000e+00 0.000000e+00 1.337111e+02 1.187094e+02 1.997628e+03 -1.539827e+02 0.000000e+00 0.000000e+00 0.000000e+00 0.000000e+00 0.000000e+00 0.000000e+00 0.000000e+00 0.000000e+00 0.000000e+00
3.000000e-02 0.000000e+00 8.544679e+02 6.127745e+02 0.000000e+00 0.000000e+00 0.000000e+00 1.332993e+02 1.183071e+02 2.003147e+03 -1.530080e+02 0.000000e+00 0.000000e+00 0.000000e+00 0.000000e+00 0.000000e+00 0.000000e+00 0.000000e+00 0.000000e+00 0.000000e+00
3.100000e-02 0.000000e+00 8.486212e+02 6.169703e+02 0.000000e+00 0.000000e+00 0.000000e+00 1.328741e+02 1.178922e+02 2.008823e+03 -1.520042e+02 0.000000e+00 0.000000e+00 0.000000e+00 0.000000e+00 0.000000e+00 0.000000e+00 0.000000e+00 0.000000e+00 0.000000e+00
3.200000e-02 0.000000e+00 8.414976e+02 6.212378e+02 0.000000e+00 0.000000e+00 0.000000e+00 1.324357e+02 1.174647e+02 2.014654e+03 -1.509718e+02 0.000000e+00 0.000000e+00 0.000000e+00 0.000000e+00 0.000000e+00 0.000000e+00 0.000000e+00 0.000000e+00 0.000000e+00
3.300000e-02 0.000000e+00 8.331729e+02 6.255761e+02 0.000000e+00 0.000000e+00 0.000000e+00 1.319843e+02 1.170249e+02 2.020636e+03 -1.499114e+02 0.000000e+00 0.000000e+00 0.000000e+00 0.000000e+00 0.000000e+00 0.000000e+00 0.000000e+00 0.000000e+00 0.000000e+00
3.400000e-02 0.000000e+00 8.237139e+02 6.299839e+02 0.000000e+00 0.000000e+00 0.000000e+00 1.315200e+02 1.165730e+02 2.026765e+03 -1.488236e+02 0.000000e+00 0.000000e+00 0.000000e+00 0.000000e+00 0.000000e+00 0.000000e+00 0.000000e+00 0.000000e+00 0.000000e+00
3.500000e-02 0.000000e+00 8.131841e+02 6.344600e+02 0.000000e+00 0.000000e+00 0.000000e+00 1.310431e+02 1.161091e+02 2.033037e+03 -1.477088e+02 0.000000e+00 0.000000e+00 0.000000e+00 0.000000e+00 0.000000e+00 0.000000e+00 0.000000e+00 0.000000e+00 0.000000e+00
3.600000e-02 0.000000e+00 8.016438e+02 6.390031e+02 0.000000e+00 0.000000e+00 0.000000e+00 1.305538e+02 1.156334e+02 2.039449e+03 -1.465676e+02 0.000000e+00 0.000000e+00 0.000000e+00 0.000000e+00 0.000000e+00 0.000000e+00 0.000000e+00 0.000000e+00 0.000000e+00
3.700000e-02 0.000000e+00 7.891503e+02 6.436118e+02 0.000000e+00 0.000000e+00 0.000000e+00 1.300522e+02 1.151462e+02 2.045998e+03 -1.454006e+02 0.000000e+00 0.000000e+00 0.000000e+00 0.000000e+00 0.000000e+00 0.000000e+00 0.000000e+00 0.000000e+00 0.000000e+00
3.800000e-02 0.000000e+00 7.757579e+02 6.482848e+02 0.000000e+00 0.000000e+00 0.000000e+00 1.295385e+02 1.146475e+02 2.052678e+03 -1.442083e+02 0.000000e+00 0.000000e+00 0.000000e+00 0.000000e+00 0.000000e+00 0.000000e+00 0.000000e+00 0.000000e+00 0.000000e+00
3.900000e-02 0.000000e+00 7.615177e+02 6.530204e+02 0.000000e+00 0.000000e+00 0.000000e+00 1.290129e+02 1.141376e+02 2.059486e+03 -1.429914e+02 0.000000e+00 0.000000e+00 0.000000e+00 0.000000e+00 0.000000e+00 0.000000e+00 0.000000e+00 0.000000e+00 0.000000e+00
4.000000e-02 0.000000e+00 7.464777e+02 6.578170e+02 0.000000e+00 0.000000e+00 0.000000e+00 1.284758e+02 1.136168e+02 2.066418e+03 -1.417504e+02 0.000000e+00 0.000000e+00 0.000000e+00 0.000000e+00 0.000000e+00 0.000000e+00 0.000000e+00 0.000000e+00 0.000000e+00
4.100000e-02 0.000000e+00 7.306801e+02 6.626728e+02 0.000000e+00 0.000000e+00 0.000000e+00 1.279271e+02 1.130851e+02 2.073470e+03 -1.404859e+02 0.000000e+00 0.000000e+00 0.000000e+00 0.000000e+00 0.000000e+00 0.000000e+00 0.000000e+00 0.000000e+00 0.000000e+00
4.200000e-02 0.000000e+00 7.141615e+02 6.675861e+02 0.000000e+00 0.000000e+00 0.000000e+00 1.273673e+02 1.125429e+02 2.080637e+03 -1.391985e+02 0.000000e+00 0.000000e+00 0.000000e+00 0.000000e+00 0.000000e+00 0.000000e+00 0.000000e+00 0.000000e+00 0.000000e+00
4.300000e-02 0.000000e+00 6.969568e+02 6.725549e+02 0.000000e+00 0.000000e+00 0.000000e+00 1.267965e+02 1.119903e+02 2.087915e+03 -1.378889e+02 0.000000e+00 0.000000e+00 0.000000e+00 0.000000e+00 0.000000e+00 0.000000e+00 0.000000e+00 0.000000e+00 0.000000e+00
4.400000e-02 0.000000e+00 6.790997e+02 6.775771e+02 0.000000e+00 0.000000e+00 0.000000e+00 1.262149e+02 1.114275e+02 2.095299e+03 -1.365577e+02 0.000000e+00 0.000000e+00 0.000000e+00 0.000000e+00 0.000000e+00 0.000000e+00 0.000000e+00 0.000000e+00 0.000000e+00
4.500000e-02 0.000000e+00 6.606227e+02 6.826505e+02 0.000000e+00 0.000000e+00 0.000000e+00 1.256227e+02 1.108548e+02 2.102786e+03 -1.352054e+02 0.000000e+00 0.000000e+00 0.000000e+00 0.000000e+00 0.000000e+00 0.000000e+00 0.000000e+00 0.000000e+00 0.000000e+00
4.600000e-02 0.000000e+00 6.415571e+02 6.877730e+02 0.000000e+00 0.000000e+00 0.000000e+00 1.250202e+02 1.102724e+02 2.110369e+03 -1.338328e+02 0.000000e+00 0.000000e+00 0.000000e+00 0.000000e+00 0.000000e+00 0.000000e+00 0.000000e+00 0.000000e+00 0.000000e+00
4.700000e-02 0.000000e+00 6.219330e+02 6.929420e+02 0.000000e+00 0.000000e+00 0.000000e+00 1.244077e+02 1.096805e+02 2.118045e+03 -1.324404e+02 0.000000e+00 0.000000e+00 0.000000e+00 0.000000e+00 0.000000e+00 0.000000e+00 0.000000e+00 0.000000e+00 0.000000e+00
4.800000e-02 0.000000e+00 6.017794e+02 6.981550e+02 0.000000e+00 0.000000e+00 0.000000e+00 1.237853e+02 1.090794e+02 2.125808e+03 -1.310289e+02 0.000000e+00 0.000000e+00 0.000000e+00 0.000000e+00 0.000000e+00 0.000000e+00 0.000000e+00 0.000000e+00 0.000000e+00
4.900000e-02 0.000000e+00 5.811239e+02 7.034094e+02 0.000000e+00 0.000000e+00 0.000000e+00 1.231533e+02 1.084692e+02 2.133654e+03 -1.295989e+02 0.000000e+00 0.000000e+00 0.000000e+00 0.000000e+00 0.000000e+00 0.000000e+00 0.000000e+00 0.000000e+00 0.000000e+00
5.000000e-02 0.000000e+00 5.599918e+02 7.087024e+02 0.000000e+00 0.000000e+00 0.000000e+00 1.225119e+02 1.078502e+02 2.141578e+03 -1.281511e+02 0.000000e+00 0.000000e+00 0.000000e+00 0.000000e+00 0.000000e+00 0.000000e+00 0.000000e+00 0.000000e+00 0.000000e+00
5.100000e-02 0.000000e+00 5.384042e+02 7.140310e+02 0.000000e+00 0.000000e+00 0.000000e+00 1.218614e+02 1.072227e+02 2.149574e+03 -1.266861e+02 0.000000e+00 0.000000e+00 0.000000e+00 0.000000e+00 0.000000e+00 0.000000e+00 0.000000e+00 0.000000e+00 0.000000e+00
5.200000e-02 0.000000e+00 5.163815e+02 7.193923e+02 0.000000e+00 0.000000e+00 0.000000e+00 1.212021e+02 1.065868e+02 2.157637e+03 -1.252045e+02 0.000000e+00 0.000000e+00 0.000000e+00 0.000000e+00 0.000000e+00 0.000000e+00 0.000000e+00 0.000000e+00 0.000000e+00
5.300000e-02 0.000000e+00 4.939442e+02 7.247830e+02 0.000000e+00 0.000000e+00 0.000000e+00 1.205341e+02 1.059429e+02 2.165763e+03 -1.237071e+02 0.000000e+00 0.000000e+00 0.000000e+00 0.000000e+00 0.000000e+00 0.000000e+00 0.000000e+00 0.000000e+00 0.000000e+00
5.400000e-02 0.000000e+00 4.711120e+02 7.301999e+02 0.000000e+00 0.000000e+00 0.000000e+00 1.198578e+02 1.052912e+02 2.173945e+03 -1.221944e+02 0.000000e+00 0.000000e+00 0.000000e+00 0.000000e+00 0.000000e+00 0.000000e+00 0.000000e+00 0.000000e+00 0.000000e+00
5.500000e-02 0.000000e+00 4.479047e+02 7.356394e+02 0.000000e+00 0.000000e+00 0.000000e+00 1.191734e+02 1.046318e+02 2.182179e+03 -1.206672e+02 0.000000e+00 0.000000e+00 0.000000e+00 0.000000e+00 0.000000e+00 0.000000e+00 0.000000e+00 0.000000e+00 0.000000e+00
5.600000e-02 0.000000e+00 4.243416e+02 7.410980e+02 0.000000e+00 0.000000e+00 0.000000e+00 1.184811e+02 1.039651e+02 2.190459e+03 -1.191259e+02 0.000000e+00 0.000000e+00 0.000000e+00 0.000000e+00 0.000000e+00 0.000000e+00 0.000000e+00 0.000000e+00 0.000000e+00
5.700000e-02 0.000000e+00 4.004418e+02 7.465719e+02 0.000000e+00 0.000000e+00 0.000000e+00 1.177812e+02 1.032914e+02 2.198779e+03 -1.175714e+02 0.000000e+00 0.000000e+00 0.000000e+00 0.000000e+00 0.000000e+00 0.000000e+00 0.000000e+00 0.000000e+00 0.000000e+00
5.800000e-02 0.000000e+00 3.762242e+02 7.520574e+02 0.000000e+00 0.000000e+00 0.000000e+00 1.170741e+02 1.026107e+02 2.207134e+03 -1.160043e+02 0.000000e+00 0.000000e+00 0.000000e+00 0.000000e+00 0.000000e+00 0.000000e+00 0.000000e+00 0.000000e+00 0.000000e+00
5.900000e-02 0.000000e+00 3.517074e+02 7.575504e+02 0.000000e+00 0.000000e+00 0.000000e+00 1.163598e+02 1.019235e+02 2.215518e+03 -1.144251e+02 0.000000e+00 0.000000e+00 0.000000e+00 0.000000e+00 0.000000e+00 0.000000e+00 0.000000e+00 0.000000e+00 0.000000e+00
6.000000e-02 0.000000e+00 3.269094e+02 7.630469e+02 0.000000e+00 0.000000e+00 0.000000e+00 1.156388e+02 1.012300e+02 2.223926e+03 -1.128346e+02 0.000000e+00 0.000000e+00 0.000000e+00 0.000000e+00 0.000000e+00 0.000000e+00 0.000000e+00 0.000000e+00 0.000000e+00
6.100000e-02 0.000000e+00 3.018462e+02 7.685425e+02 0.000000e+00 0.000000e+00 0.000000e+00 1.149113e+02 1.005304e+02 2.232351e+03 -1.112333e+02 0.000000e+00 0.000000e+00 0.000000e+00 0.000000e+00 0.000000e+00 0.000000e+00 0.000000e+00 0.000000e+00 0.000000e+00
6.200000e-02 0.000000e+00 2.765324e+02 7.740329e+02 0.000000e+00 0.000000e+00 0.000000e+00 1.141775e+02 9.982497e+01 2.240789e+03 -1.096220e+02 0.000000e+00 0.000000e+00 0.000000e+00 0.000000e+00 0.000000e+00 0.000000e+00 0.000000e+00 0.000000e+00 0.000000e+00
6.300000e-02 0.000000e+00 2.509829e+02 7.795137e+02 0.000000e+00 0.000000e+00 0.000000e+00 1.134377e+02 9.911396e+01 2.249232e+03 -1.080011e+02 0.000000e+00 0.000000e+00 0.000000e+00 0.000000e+00 0.000000e+00 0.000000e+00 0.000000e+00 0.000000e+00 0.000000e+00
6.400000e-02 0.000000e+00 2.252126e+02 7.849802e+02 0.000000e+00 0.000000e+00 0.000000e+00 1.126922e+02 9.839765e+01 2.257675e+03 -1.063715e+02 0.000000e+00 0.000000e+00 0.000000e+00 0.000000e+00 0.000000e+00 0.000000e+00 0.000000e+00 0.000000e+00 0.000000e+00
6.500000e-02 0.000000e+00 1.992364e+02 7.904277e+02 0.000000e+00 0.000000e+00 0.000000e+00 1.119413e+02 9.767628e+01 2.266113e+03 -1.047336e+02 0.000000e+00 0.000000e+00 0.000000e+00 0.000000e+00 0.000000e+00 0.000000e+00 0.000000e+00 0.000000e+00 0.000000e+00
6.600000e-02 0.000000e+00 1.730694e+02 7.958514e+02 0.000000e+00 0.000000e+00 0.000000e+00 1.111852e+02 9.695012e+01 2.274539e+03 -1.030882e+02 0.000000e+00 0.000000e+00 0.000000e+00 0.000000e+00 0.000000e+00 0.000000e+00 0.000000e+00 0.000000e+00 0.000000e+00
6.700000e-02 0.000000e+00 1.467267e+02 8.012464e+02 0.000000e+00 0.000000e+00 0.000000e+00 1.104242e+02 9.621942e+01 2.282947e+03 -1.014357e+02 0.000000e+00 0.000000e+00 0.000000e+00 0.000000e+00 0.000000e+00 0.000000e+00 0.000000e+00 0.000000e+00 0.000000e+00
6.800000e-02 0.000000e+00 1.202235e+02 8.066078e+02 0.000000e+00 0.000000e+00 0.000000e+00 1.096585e+02 9.548445e+01 2.291332e+03 -9.977685e+01 0.000000e+00 0.000000e+00 0.000000e+00 0.000000e+00 0.000000e+00 0.000000e+00 0.000000e+00 0.000000e+00 0.000000e+00
6.900000e-02 0.000000e+00 9.357509e+01 8.119304e+02 0.000000e+00 0.000000e+00 0.000000e+00 1.088885e+02 9.474545e+01 2.299687e+03 -9.811221e+01 0.000000e+00 0.000000e+00 0.000000e+00 0.000000e+00 0.000000e+00 0.000000e+00 0.000000e+00 0.000000e+00 0.000000e+00
7.000000e-02 0.000000e+00 6.679666e+01 8.172091e+02 0.000000e+00 0.000000e+00 0.000000e+00 1.081145e+02 9.400269e+01 2.308007e+03 -9.644237e+01 0.000000e+00 0.000000e+00 0.000000e+00 0.000000e+00 0.000000e+00 0.000000e+00 0.000000e+00 0.000000e+00 0.000000e+00
7.100000e-02 0.000000e+00 3.990357e+01 8.224386e+02 0.000000e+00 0.000000e+00 0.000000e+00 1.073366e+02 9.325642e+01 2.316284e+03 -9.476792e+01 0.000000e+00 0.000000e+00 0.000000e+00 0.000000e+00 0.000000e+00 0.000000e+00 0.000000e+00 0.000000e+00 0.000000e+00
7.200000e-02 0.000000e+00 1.291122e+01 8.276138e+02 0.000000e+00 0.000000e+00 0.000000e+00 1.065552e+02 9.250691e+01 2.324515e+03 -9.308941e+01 0.000000e+00 0.000000e+00 0.000000e+00 0.000000e+00 0.000000e+00 0.000000e+00 0.000000e+00 0.000000e+00 0.000000e+00
7.300000e-02 0.000000e+00 -1.416594e+01 8.327292e+02 0.000000e+00 0.000000e+00 0.000000e+00 1.057706e+02 9.175441e+01 2.332691e+03 -9.140743e+01 0.000000e+00 0.000000e+00 0.000000e+00 0.000000e+00 0.000000e+00 0.000000e+00 0.000000e+00 0.000000e+00 0.000000e+00
7.400000e-02 0.000000e+00 -4.131463e+01 8.377795e+02 0.000000e+00 0.000000e+00 0.000000e+00 1.049829e+02 9.099917e+01 2.340808e+03 -8.972253e+01 0.000000e+00 0.000000e+00 0.000000e+00 0.000000e+00 0.000000e+00 0.000000e+00 0.000000e+00 0.000000e+00 0.000000e+00
7.500000e-02 0.000000e+00 -6.852128e+01 8.427592e+02 0.000000e+00 0.000000e+00 0.000000e+00 1.041926e+02 9.024144e+01 2.348860e+03 -8.803525e+01 0.000000e+00 0.000000e+00 0.000000e+00 0.000000e+00 0.000000e+00 0.000000e+00 0.000000e+00 0.000000e+00 0.000000e+00
7.600000e-02 0.000000e+00 -9.577224e+01 8.476630e+02 0.000000e+00 0.000000e+00 0.000000e+00 1.033998e+02 8.948149e+01 2.356840e+03 -8.634614e+01 0.000000e+00 0.000000e+00 0.000000e+00 0.000000e+00 0.000000e+00 0.000000e+00 0.000000e+00 0.000000e+00 0.000000e+00
7.700000e-02 0.000000e+00 -1.230538e+02 8.524854e+02 0.000000e+00 0.000000e+00 0.000000e+00 1.026048e+02 8.871955e+01 2.364743e+03 -8.465573e+01 0.000000e+00 0.000000e+00 0.000000e+00 0.000000e+00 0.000000e+00 0.000000e+00 0.000000e+00 0.000000e+00 0.000000e+00
7.800000e-02 0.000000e+00 -1.503520e+02 8.572210e+02 0.000000e+00 0.000000e+00 0.000000e+00 1.018078e+02 8.795589e+01 2.372563e+03 -8.296453e+01 0.000000e+00 0.000000e+00 0.000000e+00 0.000000e+00 0.000000e+00 0.000000e+00 0.000000e+00 0.000000e+00 0.000000e+00
7.900000e-02 0.000000e+00 -1.776532e+02 8.618644e+02 0.000000e+00 0.000000e+00 0.000000e+00 1.010093e+02 8.719074e+01 2.380294e+03 -8.127306e+01 0.000000e+00 0.000000e+00 0.000000e+00 0.000000e+00 0.000000e+00 0.000000e+00 0.000000e+00 0.000000e+00 0.000000e+00
8.000000e-02 0.000000e+00 -2.049431e+02 8.664102e+02 0.000000e+00 0.000000e+00 0.000000e+00 1.002093e+02 8.642435e+01 2.387931e+03 -7.958181e+01 0.000000e+00 0.000000e+00 0.000000e+00 0.000000e+00 0.000000e+00 0.000000e+00 0.000000e+00 0.000000e+00 0.000000e+00
8.100000e-02 0.000000e+00 -2.322079e+02 8.708530e+02 0.000000e+00 0.000000e+00 0.000000e+00 9.940821e+01 8.565697e+01 2.395468e+03 -7.789128e+01 0.000000e+00 0.000000e+00 0.000000e+00 0.000000e+00 0.000000e+00 0.000000e+00 0.000000e+00 0.000000e+00 0.000000e+00
8.200000e-02 0.000000e+00 -2.594335e+02 8.751878e+02 0.000000e+00 0.000000e+00 0.000000e+00 9.860624e+01 8.488884e+01 2.402899e+03 -7.620196e+01 0.000000e+00 0.000000e+00 0.000000e+00 0.000000e+00 0.000000e+00 0.000000e+00 0.000000e+00 0.000000e+00 0.000000e+00
8.300000e-02 0.000000e+00 -2.866058e+02 8.794091e+02 0.000000e+00 0.000000e+00 0.000000e+00 9.780366e+01 8.412020e+01 2.410218e+03 -7.451431e+01 0.000000e+00 0.000000e+00 0.000000e+00 0.000000e+00 0.000000e+00 0.000000e+00 0.000000e+00 0.000000e+00 0.000000e+00
8.400000e-02 0.000000e+00 -3.137107e+02 8.835120e+02 0.000000e+00 0.000000e+00 0.000000e+00 9.700071e+01 8.335128e+01 2.417422e+03 -7.282879e+01 0.000000e+00 0.000000e+00 0.000000e+00 0.000000e+00 0.000000e+00 0.000000e+00 0.000000e+00 0.000000e+00 0.000000e+00
8.500000e-02 0.000000e+00 -3.407340e+02 8.874913e+02 0.000000e+00 0.000000e+00 0.000000e+00 9.619765e+01 8.258232e+01 2.424503e+03 -7.114585e+01 0.000000e+00 0.000000e+00 0.000000e+00 0.000000e+00 0.000000e+00 0.000000e+00 0.000000e+00 0.000000e+00 0.000000e+00
8.600000e-02 0.000000e+00 -3.676618e+02 8.913421e+02 0.000000e+00 0.000000e+00 0.000000e+00 9.539473e+01 8.181355e+01 2.431458e+03 -6.946593e+01 0.000000e+00 0.000000e+00 0.000000e+00 0.000000e+00 0.000000e+00 0.000000e+00 0.000000e+00 0.000000e+00 0.000000e+00
8.700000e-02 0.000000e+00 -3.944798e+02 8.950595e+02 0.000000e+00 0.000000e+00 0.000000e+00 9.459219e+01 8.104521e+01 2.438281e+03 -6.778947e+01 0.000000e+00 0.000000e+00 0.000000e+00 0.000000e+00 0.000000e+00 0.000000e+00 0.000000e+00 0.000000e+00 0.000000e+00
8.800000e-02 0.000000e+00 -4.211753e+02 8.986389e+02 0.000000e+00 0.000000e+00 0.000000e+00 9.379028e+01 8.027751e+01 2.444967e+03 -6.611687e+01 0.000000e+00 0.000000e+00 0.000000e+00 0.000000e+00 0.000000e+00 0.000000e+00 0.000000e+00 0.000000e+00 0.000000e+00
8.900000e-02 0.000000e+00 -4.477355e+02 9.020757e+02 0.000000e+00 0.000000e+00 0.000000e+00 9.298922e+01 7.951068e+01 2.451511e+03 -6.444856e+01 0.000000e+00 0.000000e+00 0.000000e+00 0.000000e+00 0.000000e+00 0.000000e+00 0.000000e+00 0.000000e+00 0.000000e+00
9.000000e-02 0.000000e+00 -4.741478e+02 9.053655e+02 0.000000e+00 0.000000e+00 0.000000e+00 9.218927e+01 7.874495e+01 2.457909e+03 -6.278492e+01 0.000000e+00 0.000000e+00 0.000000e+00 0.000000e+00 0.000000e+00 0.000000e+00 0.000000e+00 0.000000e+00 0.000000e+00
9.100000e-02 0.000000e+00 -5.003997e+02 9.085040e+02 0.000000e+00 0.000000e+00 0.000000e+00 9.139065e+01 7.798052e+01 2.464155e+03 -6.112635e+01 0.000000e+00 0.000000e+00 0.000000e+00 0.000000e+00 0.000000e+00 0.000000e+00 0.000000e+00 0.000000e+00 0.000000e+00
9.200000e-02 0.000000e+00 -5.264785e+02 9.114871e+02 0.000000e+00 0.000000e+00 0.000000e+00 9.059358e+01 7.721760e+01 2.470246e+03 -5.947322e+01 0.000000e+00 0.000000e+00 0.000000e+00 0.000000e+00 0.000000e+00 0.000000e+00 0.000000e+00 0.000000e+00 0.000000e+00
9.300000e-02 0.000000e+00 -5.523719e+02 9.143110e+02 0.000000e+00 0.000000e+00 0.000000e+00 8.979830e+01 7.645642e+01 2.476178e+03 -5.782589e+01 0.000000e+00 0.000000e+00 0.000000e+00 0.000000e+00 0.000000e+00 0.000000e+00 0.000000e+00 0.000000e+00 0.000000e+00
9.400000e-02 0.000000e+00 -5.780676e+02 9.169720e+02 0.000000e+00 0.000000e+00 0.000000e+00 8.900502e+01 7.569717e+01 2.481946e+03 -5.618473e+01 0.000000e+00 0.000000e+00 0.000000e+00 0.000000e+00 0.000000e+00 0.000000e+00 0.000000e+00 0.000000e+00 0.000000e+00
9.500000e-02 0.000000e+00 -6.035534e+02 9.194665e+02 0.000000e+00 0.000000e+00 0.000000e+00 8.821396e+01 7.494005e+01 2.487546e+03 -5.455008e+01 0.000000e+00 0.000000e+00 0.000000e+00 0.000000e+00 0.000000e+00 0.000000e+00 0.000000e+00 0.000000e+00 0.000000e+00
9.600000e-02 0.000000e+00 -6.288174e+02 9.217914e+02 0.000000e+00 0.000000e+00 0.000000e+00 8.742534e+01 7.418527e+01 2.492974e+03 -5.292228e+01 0.000000e+00 0.000000e+00 0.000000e+00 0.000000e+00 0.000000e+00 0.000000e+00 0.000000e+00 0.000000e+00 0.000000e+00
9.700000e-02 0.000000e+00 -6.538477e+02 9.239435e+02 0.000000e+00 0.000000e+00 0.000000e+00 8.663936e+01 7.343302e+01 2.498228e+03 -5.130167e+01 0.000000e+00 0.000000e+00 0.000000e+00 0.000000e+00 0.000000e+00 0.000000e+00 0.000000e+00 0.000000e+00 0.000000e+00
9.800000e-02 0.000000e+00 -6.786326e+02 9.259200e+02 0.000000e+00 0.000000e+00 0.000000e+00 8.585624e+01 7.268350e+01 2.503302e+03 -4.968856e+01 0.000000e+00 0.000000e+00 0.000000e+00 0.000000e+00 0.000000e+00 0.000000e+00 0.000000e+00 0.000000e+00 0.000000e+00
9.900000e-02 0.000000e+00 -7.031607e+02 9.277184e+02 0.000000e+00 0.000000e+00 0.000000e+00 8.507616e+01 7.193689e+01 2.508195e+03 -4.808327e+01 0.000000e+00 0.000000e+00 0.000000e+00 0.000000e+00 0.000000e+00 0.000000e+00 0.000000e+00 0.000000e+00 0.000000e+00
1.000000e-01 0.000000e+00 -7.274207e+02 9.293362e+02 0.000000e+00 0.000000e+00 0.000000e+00 8.429934e+01 7.119337e+01 2.512903e+03 -4.648609e+01 0.000000e+00 0.000000e+00 0.000000e+00 0.000000e+00 0.000000e+00 0.000000e+00 0.000000e+00 0.000000e+00 0.000000e+00
1.010000e-01 0.000000e+00 -7.514015e+02 9.307715e+02 0.000000e+00 0.000000e+00 0.000000e+00 8.352596e+01 7.045313e+01 2.517424e+03 -4.489734e+01 0.000000e+00 0.000000e+00 0.000000e+00 0.000000e+00 0.000000e+00 0.000000e+00 0.000000e+00 0.000000e+00 0.000000e+00
1.020000e-01 0.000000e+00 -7.750923e+02 9.320224e+02 0.000000e+00 0.000000e+00 0.000000e+00 8.275620e+01 6.971634e+01 2.521753e+03 -4.331729e+01 0.000000e+00 0.000000e+00 0.000000e+00 0.000000e+00 0.000000e+00 0.000000e+00 0.000000e+00 0.000000e+00 0.000000e+00
1.030000e-01 0.000000e+00 -7.984825e+02 9.330871e+02 0.000000e+00 0.000000e+00 0.000000e+00 8.199027e+01 6.898318e+01 2.525890e+03 -4.174622e+01 0.000000e+00 0.000000e+00 0.000000e+00 0.000000e+00 0.000000e+00 0.000000e+00 0.000000e+00 0.000000e+00 0.000000e+00
1.040000e-01 0.000000e+00 -8.215618e+02 9.339645e+02 0.000000e+00 0.000000e+00 0.000000e+00 8.122833e+01 6.825381e+01 2.529831e+03 -4.018441e+01 0.000000e+00 0.000000e+00 0.000000e+00 0.000000e+00 0.000000e+00 0.000000e+00 0.000000e+00 0.000000e+00 0.000000e+00
1.050000e-01 0.000000e+00 -8.443201e+02 9.346534e+02 0.000000e+00 0.000000e+00 0.000000e+00 8.047056e+01 6.752840e+01 2.533575e+03 -3.863212e+01 0.000000e+00 0.000000e+00 0.000000e+00 0.000000e+00 0.000000e+00 0.000000e+00 0.000000e+00 0.000000e+00 0.000000e+00
1.060000e-01 0.000000e+00 -8.667483e+02 9.351530e+02 0.000000e+00 0.000000e+00 0.000000e+00 7.971714e+01 6.680711e+01 2.537119e+03 -3.708961e+01 0.000000e+00 0.000000e+00 0.000000e+00 0.000000e+00 0.000000e+00 0.000000e+00 0.000000e+00 0.000000e+00 0.000000e+00
1.070000e-01 0.000000e+00 -8.888378e+02 9.354626e+02 0.000000e+00 0.000000e+00 0.000000e+00 7.896823e+01 6.609010e+01 2.540462e+03 -3.555714e+01 0.000000e+00 0.000000e+00 0.000000e+00 0.000000e+00 0.000000e+00 0.000000e+00 0.000000e+00 0.000000e+00 0.000000e+00
1.080000e-01 0.000000e+00 -9.105805e+02 9.355822e+02 0.000000e+00 0.000000e+00 0.000000e+00 7.822399e+01 6.537752e+01 2.543602e+03 -3.403495e+01 0.000000e+00 0.000000e+00 0.000000e+00 0.000000e+00 0.000000e+00 0.000000e+00 0.000000e+00 0.000000e+00 0.000000e+00
1.090000e-01 0.000000e+00 -9.319683e+02 9.355116e+02 0.000000e+00 0.000000e+00 0.000000e+00 7.748458e+01 6.466952e+01 2.546538e+03 -3.252328e+01 0.000000e+00 0.000000e+00 0.000000e+00 0.000000e+00 0.000000e+00 0.000000e+00 0.000000e+00 0.000000e+00 0.000000e+00
1.100000e-01 0.000000e+00 -9.529936e+02 9.352512e+02 0.000000e+00 0.000000e+00 0.000000e+00 7.675016e+01 6.396625e+01 2.549269e+03 -3.102235e+01 0.000000e+00 0.000000e+00 0.000000e+00 0.000000e+00 0.000000e+00 0.000000e+00 0.000000e+00 0.000000e+00 0.000000e+00
1.110000e-01 0.000000e+00 -9.736489e+02 9.348015e+02 0.000000e+00 0.000000e+00 0.000000e+00 7.602087e+01 6.326783e+01 2.551794e+03 -2.953241e+01 0.000000e+00 0.000000e+00 0.000000e+00 0.000000e+00 0.000000e+00 0.000000e+00 0.000000e+00 0.000000e+00 0.000000e+00
1.120000e-01 0.000000e+00 -9.939273e+02 9.341631e+02 0.000000e+00 0.000000e+00 0.000000e+00 7.529685e+01 6.257442e+01 2.554111e+03 -2.805367e+01 0.000000e+00 0.000000e+00 0.000000e+00 0.000000e+00 0.000000e+00 0.000000e+00 0.000000e+00 0.000000e+00 0.000000e+00
1.130000e-01 0.000000e+00 -1.013822e+03 9.333372e+02 0.000000e+00 0.000000e+00 0.000000e+00 7.457826e+01 6.188614e+01 2.556222e+03 -2.658635e+01 0.000000e+00 0.000000e+00 0.000000e+00 0.000000e+00 0.000000e+00 0.000000e+00 0.000000e+00 0.000000e+00 0.000000e+00
1.140000e-01 0.000000e+00 -1.033327e+03 9.323249e+02 0.000000e+00 0.000000e+00 0.000000e+00 7.386522e+01 6.120313e+01 2.558124e+03 -2.513068e+01 0.000000e+00 0.000000e+00 0.000000e+00 0.000000e+00 0.000000e+00 0.000000e+00 0.000000e+00 0.000000e+00 0.000000e+00
1.150000e-01 0.000000e+00 -1.052436e+03 9.311276e+02 0.000000e+00 0.000000e+00 0.000000e+00 7.315787e+01 6.052551e+01 2.559818e+03 -2.368686e+01 0.000000e+00 0.000000e+00 0.000000e+00 0.000000e+00 0.000000e+00 0.000000e+00 0.000000e+00 0.000000e+00 0.000000e+00
1.160000e-01 0.000000e+00 -1.071143e+03 9.297472e+02 0.000000e+00 0.000000e+00 0.000000e+00 7.245633e+01 5.985342e+01 2.561305e+03 -2.225512e+01 0.000000e+00 0.000000e+00 0.000000e+00 0.000000e+00 0.000000e+00 0.000000e+00 0.000000e+00 0.000000e+00 0.000000e+00
1.170000e-01 0.000000e+00 -1.089443e+03 9.281854e+02 0.000000e+00 0.000000e+00 0.000000e+00 7.176075e+01 5.918696e+01 2.562583e+03 -2.083564e+01 0.000000e+00 0.000000e+00 0.000000e+00 0.000000e+00 0.000000e+00 0.000000e+00 0.000000e+00 0.000000e+00 0.000000e+00
1.180000e-01 0.000000e+00 -1.107332e+03 9.264445e+02 0.000000e+00 0.000000e+00 0.000000e+00 7.107123e+01 5.852625e+01 2.563655e+03 -1.942865e+01 0.000000e+00 0.000000e+00 0.000000e+00 0.000000e+00 0.000000e+00 0.000000e+00 0.000000e+00 0.000000e+00 0.000000e+00
1.190000e-01 0.000000e+00 -1.124803e+03 9.245267e+02 0.000000e+00 0.000000e+00 0.000000e+00 7.038789e+01 5.787142e+01 2.564519e+03 -1.803434e+01 0.000000e+00 0.000000e+00 0.000000e+00 0.000000e+00 0.000000e+00 0.000000e+00 0.000000e+00 0.000000e+00 0.000000e+00
1.200000e-01 0.000000e+00 -1.141854e+03 9.224346e+02 0.000000e+00 0.000000e+00 0.000000e+00 6.971085e+01 5.722256e+01 2.565178e+03 -1.665292e+01 0.000000e+00 0.000000e+00 0.000000e+00 0.000000e+00 0.000000e+00 0.000000e+00 0.000000e+00 0.000000e+00 0.000000e+00
1.210000e-01 0.000000e+00 -1.158480e+03 9.201710e+02 0.000000e+00 0.000000e+00 0.000000e+00 6.904022e+01 5.657980e+01 2.565631e+03 -1.528457e+01 0.000000e+00 0.000000e+00 0.000000e+00 0.000000e+00 0.000000e+00 0.000000e+00 0.000000e+00 0.000000e+00 0.000000e+00
1.220000e-01 0.000000e+00 -1.174679e+03 9.177388e+02 0.000000e+00 0.000000e+00 0.000000e+00 6.837611e+01 5.594322e+01 2.565881e+03 -1.392950e+01 0.000000e+00 0.000000e+00 0.000000e+00 0.000000e+00 0.000000e+00 0.000000e+00 0.000000e+00 0.000000e+00 0.000000e+00
1.230000e-01 0.000000e+00 -1.190445e+03 9.151410e+02 0.000000e+00 0.000000e+00 0.000000e+00 6.771861e+01 5.531294e+01 2.565928e+03 -1.258790e+01 0.000000e+00 0.000000e+00 0.000000e+00 0.000000e+00 0.000000e+00 0.000000e+00 0.000000e+00 0.000000e+00 0.000000e+00
1.240000e-01 0.000000e+00 -1.205778e+03 9.123811e+02 0.000000e+00 0.000000e+00 0.000000e+00 6.706783e+01 5.468905e+01 2.565773e+03 -1.125996e+01 0.000000e+00 0.000000e+00 0.000000e+00 0.000000e+00 0.000000e+00 0.000000e+00 0.000000e+00 0.000000e+00 0.000000e+00
1.250000e-01 0.000000e+00 -1.220674e+03 9.094625e+02 0.000000e+00 0.000000e+00 0.000000e+00 6.642387e+01 5.407165e+01 2.565419e+03 -9.945879e+00 0.000000e+00 0.000000e+00 0.000000e+00 0.000000e+00 0.000000e+00 0.000000e+00 0.000000e+00 0.000000e+00 0.000000e+00
1.260000e-01 0.000000e+00 -1.235132e+03 9.063888e+02 0.000000e+00 0.000000e+00 0.000000e+00 6.578681e+01 5.346082e+01 2.564868e+03 -8.645833e+00 0.000000e+00 0.000000e+00 0.000000e+00 0.000000e+00 0.000000e+00 0.000000e+00 0.000000e+00 0.000000e+00 0.000000e+00
1.270000e-01 0.000000e+00 -1.249149e+03 9.031636e+02 0.000000e+00 0.000000e+00 0.000000e+00 6.515675e+01 5.285667e+01 2.564120e+03 -7.360020e+00 0.000000e+00 0.000000e+00 0.000000e+00 0.000000e+00 0.000000e+00 0.000000e+00 0.000000e+00 0.000000e+00 0.000000e+00
1.280000e-01 0.000000e+00 -1.262725e+03 8.997906e+02 0.000000e+00 0.000000e+00 0.000000e+00 6.453377e+01 5.225927e+01 2.563179e+03 -6.088633e+00 0.000000e+00 0.000000e+00 0.000000e+00 0.000000e+00 0.000000e+00 0.000000e+00 0.000000e+00 0.000000e+00 0.000000e+00
1.290000e-01 0.000000e+00 -1.275860e+03 8.962737e+02 0.000000e+00 0.000000e+00 0.000000e+00 6.391797e+01 5.166871e+01 2.562045e+03 -4.831857e+00 0.000000e+00 0.000000e+00 0.000000e+00 0.000000e+00 0.000000e+00 0.000000e+00 0.000000e+00 0.000000e+00 0.000000e+00
1.300000e-01 0.000000e+00 -1.288555e+03 8.926171e+02 0.000000e+00 0.000000e+00 0.000000e+00 6.330941e+01 5.108508e+01 2.560723e+03 -3.589875e+00 0.000000e+00 0.000000e+00 0.000000e+00 0.000000e+00 0.000000e+00 0.000000e+00 0.000000e+00 0.000000e+00 0.000000e+00
1.310000e-01 0.000000e+00 -1.300809e+03 8.888249e+02 0.000000e+00 0.000000e+00 0.000000e+00 6.270816e+01 5.050843e+01 2.559213e+03 -2.362870e+00 0.000000e+00 0.000000e+00 0.000000e+00 0.000000e+00 0.000000e+00 0.000000e+00 0.000000e+00 0.000000e+00 0.000000e+00
1.320000e-01 0.000000e+00 -1.312624e+03 8.849012e+02 0.000000e+00 0.000000e+00 0.000000e+00 6.211431e+01 4.993886e+01 2.557519e+03 -1.151027e+00 0.000000e+00 0.000000e+00 0.000000e+00 0.000000e+00 0.000000e+00 0.000000e+00 0.000000e+00 0.000000e+00 0.000000e+00
1.330000e-01 0.000000e+00 -1.324002e+03 8.808503e+02 0.000000e+00 0.000000e+00 0.000000e+00 6.152793e+01 4.937644e+01 2.555644e+03 4.547099e-02 0.000000e+00 0.000000e+00 0.000000e+00 0.000000e+00 0.000000e+00 0.000000e+00 0.000000e+00 0.000000e+00 0.000000e+00
1.340000e-01 0.000000e+00 -1.334943e+03 8.766766e+02 0.000000e+00 0.000000e+00 0.000000e+00 6.094907e+01 4.882123e+01 2.553589e+03 1.226439e+00 0.000000e+00 0.000000e+00 0.000000e+00 0.000000e+00 0.000000e+00 0.000000e+00 0.000000e+00 0.000000e+00 0.000000e+00
1.350000e-01 0.000000e+00 -1.345449e+03 8.723842e+02 0.000000e+00 0.000000e+00 0.000000e+00 6.037781e+01 4.827330e+01 2.551359e+03 2.391693e+00 0.000000e+00 0.000000e+00 0.000000e+00 0.000000e+00 0.000000e+00 0.000000e+00 0.000000e+00 0.000000e+00 0.000000e+00
1.360000e-01 0.000000e+00 -1.355523e+03 8.679776e+02 0.000000e+00 0.000000e+00 0.000000e+00 5.981420e+01 4.773272e+01 2.548956e+03 3.541049e+00 0.000000e+00 0.000000e+00 0.000000e+00 0.000000e+00 0.000000e+00 0.000000e+00 0.000000e+00 0.000000e+00 0.000000e+00
1.370000e-01 0.000000e+00 -1.365166e+03 8.634611e+02 0.000000e+00 0.000000e+00 0.000000e+00 5.925832e+01 4.719956e+01 2.546383e+03 4.674322e+00 0.000000e+00 0.000000e+00 0.000000e+00 0.000000e+00 0.000000e+00 0.000000e+00 0.000000e+00 0.000000e+00 0.000000e+00
1.380000e-01 0.000000e+00 -1.374382e+03 8.588390e+02 0.000000e+00 0.000000e+00 0.000000e+00 5.871021e+01 4.667387e+01 2.543643e+03 5.791328e+00 0.000000e+00 0.000000e+00 0.000000e+00 0.000000e+00 0.000000e+00 0.000000e+00 0.000000e+00 0.000000e+00 0.000000e+00
1.390000e-01 0.000000e+00 -1.383173e+03 8.541158e+02 0.000000e+00 0.000000e+00 0.000000e+00 5.816994e+01 4.615572e+01 2.540740e+03 6.891883e+00 0.000000e+00 0.000000e+00 0.000000e+00 0.000000e+00 0.000000e+00 0.000000e+00 0.000000e+00 0.000000e+00 0.000000e+00
1.400000e-01 0.000000e+00 -1.391541e+03 8.492957e+02 0.000000e+00 0.000000e+00 0.000000e+00 5.763755e+01 4.564516e+01 2.537676e+03 7.975804e+00 0.000000e+00 0.000000e+00 0.000000e+00 0.000000e+00 0.000000e+00 0.000000e+00 0.000000e+00 0.000000e+00 0.000000e+00
1.410000e-01 0.000000e+00 -1.399491e+03 8.443832e+02 0.000000e+00 0.000000e+00 0.000000e+00 5.711310e+01 4.514226e+01 2.534456e+03 9.042907e+00 0.000000e+00 0.000000e+00 0.000000e+00 0.000000e+00 0.000000e+00 0.000000e+00 0.000000e+00 0.000000e+00 0.000000e+00
1.420000e-01 0.000000e+00 -1.407026e+03 8.393825e+02 0.000000e+00 0.000000e+00 0.000000e+00 5.659664e+01 4.464706e+01 2.531082e+03 1.009301e+01 0.000000e+00 0.000000e+00 0.000000e+00 0.000000e+00 0.000000e+00 0.000000e+00 0.000000e+00 0.000000e+00 0.000000e+00
1.430000e-01 0.000000e+00 -1.414149e+03 8.342979e+02 0.000000e+00 0.000000e+00 0.000000e+00 5.608821e+01 4.415962e+01 2.527558e+03 1.112593e+01 0.000000e+00 0.000000e+00 0.000000e+00 0.000000e+00 0.000000e+00 0.000000e+00 0.000000e+00 0.000000e+00 0.000000e+00
1.440000e-01 0.000000e+00 -1.420865e+03 8.291336e+02 0.000000e+00 0.000000e+00 0.000000e+00 5.558786e+01 4.367999e+01 2.523887e+03 1.214149e+01 0.000000e+00 0.000000e+00 0.000000e+00 0.000000e+00 0.000000e+00 0.000000e+00 0.000000e+00 0.000000e+00 0.000000e+00
1.450000e-01 0.000000e+00 -1.427177e+03 8.238940e+02 0.000000e+00 0.000000e+00 0.000000e+00 5.509563e+01 4.320821e+01 2.520074e+03 1.313951e+01 0.000000e+00 0.000000e+00 0.000000e+00 0.000000e+00 0.000000e+00 0.000000e+00 0.000000e+00 0.000000e+00 0.000000e+00
1.460000e-01 0.000000e+00 -1.433090e+03 8.185831e+02 0.000000e+00 0.000000e+00 0.000000e+00 5.461156e+01 4.274434e+01 2.516121e+03 1.411980e+01 0.000000e+00 0.000000e+00 0.000000e+00 0.000000e+00 0.000000e+00 0.000000e+00 0.000000e+00 0.000000e+00 0.000000e+00
1.470000e-01 0.000000e+00 -1.438608e+03 8.132051e+02 0.000000e+00 0.000000e+00 0.000000e+00 5.413569e+01 4.228842e+01 2.512033e+03 1.508220e+01 0.000000e+00 0.000000e+00 0.000000e+00 0.000000e+00 0.000000e+00 0.000000e+00 0.000000e+00 0.000000e+00 0.000000e+00
1.480000e-01 0.000000e+00 -1.443736e+03 8.077641e+02 0.000000e+00 0.000000e+00 0.000000e+00 5.366806e+01 4.184049e+01 2.507812e+03 1.602653e+01 0.000000e+00 0.000000e+00 0.000000e+00 0.000000e+00 0.000000e+00 0.000000e+00 0.000000e+00 0.000000e+00 0.000000e+00
1.490000e-01 0.000000e+00 -1.448479e+03 8.022639e+02 0.000000e+00 0.000000e+00 0.000000e+00 5.320870e+01 4.140060e+01 2.503464e+03 1.695261e+01 0.000000e+00 0.000000e+00 0.000000e+00 0.000000e+00 0.000000e+00 0.000000e+00 0.000000e+00 0.000000e+00 0.000000e+00
1.500000e-01 0.000000e+00 -1.452843e+03 7.967087e+02 0.000000e+00 0.000000e+00 0.000000e+00 5.275764e+01 4.096877e+01 2.498991e+03 1.786028e+01 0.000000e+00 0.000000e+00 0.000000e+00 0.000000e+00 0.000000e+00 0.000000e+00 0.000000e+00 0.000000e+00 0.000000e+00
1.510000e-01 0.000000e+00 -1.456831e+03 7.911022e+02 0.000000e+00 0.000000e+00 0.000000e+00 5.231491e+01 4.054505e+01 2.494397e+03 1.874936e+01 0.000000e+00 0.000000e+00 0.000000e+00 0.000000e+00 0.000000e+00 0.000000e+00 0.000000e+00 0.000000e+00 0.000000e+00
1.520000e-01 0.000000e+00 -1.460450e+03 7.854480e+02 0.000000e+00 0.000000e+00 0.000000e+00 5.188054e+01 4.012948e+01 2.489685e+03 1.961969e+01 0.000000e+00 0.000000e+00 0.000000e+00 0.000000e+00 0.000000e+00 0.000000e+00 0.000000e+00 0.000000e+00 0.000000e+00
1.530000e-01 0.000000e+00 -1.463708e+03 7.797497e+02 0.000000e+00 0.000000e+00 0.000000e+00 5.145456e+01 3.972207e+01 2.484861e+03 2.047111e+01 0.000000e+00 0.000000e+00 0.000000e+00 0.000000e+00 0.000000e+00 0.000000e+00 0.000000e+00 0.000000e+00 0.000000e+00
1.540000e-01 0.000000e+00 -1.466609e+03 7.740107e+02 0.000000e+00 0.000000e+00 0.000000e+00 5.103697e+01 3.932287e+01 2.479926e+03 2.130346e+01 0.000000e+00 0.000000e+00 0.000000e+00 0.000000e+00 0.000000e+00 0.000000e+00 0.000000e+00 0.000000e+00 0.000000e+00
1.550000e-01 0.000000e+00 -1.469162e+03 7.682346e+02 0.000000e+00 0.000000e+00 0.000000e+00 5.062780e+01 3.893188e+01 2.474885e+03 2.211660e+01 0.000000e+00 0.000000e+00 0.000000e+00 0.000000e+00 0.000000e+00 0.000000e+00 0.000000e+00 0.000000e+00 0.000000e+00
1.560000e-01 0.000000e+00 -1.471374e+03 7.624245e+02 0.000000e+00 0.000000e+00 0.000000e+00 5.022707e+01 3.854915e+01 2.469742e+03 2.291037e+01 0.000000e+00 0.000000e+00 0.000000e+00 0.000000e+00 0.000000e+00 0.000000e+00 0.000000e+00 0.000000e+00 0.000000e+00
1.570000e-01 0.000000e+00 -1.473249e+03 7.565838e+02 0.000000e+00 0.000000e+00 0.000000e+00 4.983478e+01 3.817468e+01 2.464501e+03 2.368462e+01 0.000000e+00 0.000000e+00 0.000000e+00 0.000000e+00 0.000000e+00 0.000000e+00 0.000000e+00 0.000000e+00 0.000000e+00
1.580000e-01 0.000000e+00 -1.474796e+03 7.507154e+02 0.000000e+00 0.000000e+00 0.000000e+00 4.945095e+01 3.780850e+01 2.459164e+03 2.443922e+01 0.000000e+00 0.000000e+00 0.000000e+00 0.000000e+00 0.000000e+00 0.000000e+00 0.000000e+00 0.000000e+00 0.000000e+00
1.590000e-01 0.000000e+00 -1.476022e+03 7.448224e+02 0.000000e+00 0.000000e+00 0.000000e+00 4.907560e+01 3.745062e+01 2.453735e+03 2.517403e+01 0.000000e+00 0.000000e+00 0.000000e+00 0.000000e+00 0.000000e+00 0.000000e+00 0.000000e+00 0.000000e+00 0.000000e+00
1.600000e-01 0.000000e+00 -1.476933e+03 7.389076e+02 0.000000e+00 0.000000e+00 0.000000e+00 4.870872e+01 3.710107e+01 2.448219e+03 2.588891e+01 0.000000e+00 0.000000e+00 0.000000e+00 0.000000e+00 0.000000e+00 0.000000e+00 0.000000e+00 0.000000e+00 0.000000e+00
1.610000e-01 0.000000e+00 -1.477535e+03 7.329738e+02 0.000000e+00 0.000000e+00 0.000000e+00 4.835032e+01 3.675985e+01 2.442618e+03 2.658373e+01 0.000000e+00 0.000000e+00 0.000000e+00 0.000000e+00 0.000000e+00 0.000000e+00 0.000000e+00 0.000000e+00 0.000000e+00
1.620000e-01 0.000000e+00 -1.477837e+03 7.270237e+02 0.000000e+00 0.000000e+00 0.000000e+00 4.800041e+01 3.642697e+01 2.436937e+03 2.725837e+01 0.000000e+00 0.000000e+00 0.000000e+00 0.000000e+00 0.000000e+00 0.000000e+00 0.000000e+00 0.000000e+00 0.000000e+00
1.630000e-01 0.000000e+00 -1.477844e+03 7.210597e+02 0.000000e+00 0.000000e+00 0.000000e+00 4.765899e+01 3.610245e+01 2.431178e+03 2.791271e+01 0.000000e+00 0.000000e+00 0.000000e+00 0.000000e+00 0.000000e+00 0.000000e+00 0.000000e+00 0.000000e+00 0.000000e+00
1.640000e-01 0.000000e+00 -1.477564e+03 7.150844e+02 0.000000e+00 0.000000e+00 0.000000e+00 4.732605e+01 3.578629e+01 2.425346e+03 2.854663e+01 0.000000e+00 0.000000e+00 0.000000e+00 0.000000e+00 0.000000e+00 0.000000e+00 0.000000e+00 0.000000e+00 0.000000e+00
1.650000e-01 0.000000e+00 -1.477003e+03 7.091001e+02 0.000000e+00 0.000000e+00 0.000000e+00 4.700161e+01 3.547849e+01 2.419442e+03 2.916003e+01 0.000000e+00 0.000000e+00 0.000000e+00 0.000000e+00 0.000000e+00 0.000000e+00 0.000000e+00 0.000000e+00 0.000000e+00
1.660000e-01 0.000000e+00 -1.476168e+03 7.031090e+02 0.000000e+00 0.000000e+00 0.000000e+00 4.668564e+01 3.517907e+01 2.413472e+03 2.975279e+01 0.000000e+00 0.000000e+00 0.000000e+00 0.000000e+00 0.000000e+00 0.000000e+00 0.000000e+00 0.000000e+00 0.000000e+00
1.670000e-01 0.000000e+00 -1.475066e+03 6.971132e+02 0.000000e+00 0.000000e+00 0.000000e+00 4.637815e+01 3.488802e+01 2.407437e+03 3.032482e+01 0.000000e+00 0.000000e+00 0.000000e+00 0.000000e+00 0.000000e+00 0.000000e+00 0.000000e+00 0.000000e+00 0.000000e+00
1.680000e-01 0.000000e+00 -1.473704e+03 6.911147e+02 0.000000e+00 0.000000e+00 0.000000e+00 4.607913e+01 3.460534e+01 2.401342e+03 3.087602e+01 0.000000e+00 0.000000e+00 0.000000e+00 0.000000e+00 0.000000e+00 0.000000e+00 0.000000e+00 0.000000e+00 0.000000e+00
1.690000e-01 0.000000e+00 -1.472088e+03 6.851154e+02 0.000000e+00 0.000000e+00 0.000000e+00 4.578857e+01 3.433102e+01 2.395190e+03 3.140632e+01 0.000000e+00 0.000000e+00 0.000000e+00 0.000000e+00 0.000000e+00 0.000000e+00 0.000000e+00 0.000000e+00 0.000000e+00
1.700000e-01 0.000000e+00 -1.470226e+03 6.791172e+02 0.000000e+00 0.000000e+00 0.000000e+00 4.550645e+01 3.406507e+01 2.388983e+03 3.191561e+01 0.000000e+00 0.000000e+00 0.000000e+00 0.000000e+00 0.000000e+00 0.000000e+00 0.000000e+00 0.000000e+00 0.000000e+00
1.710000e-01 0.000000e+00 -1.468123e+03 6.731217e+02 0.000000e+00 0.000000e+00 0.000000e+00 4.523276e+01 3.380747e+01 2.382725e+03 3.240385e+01 0.000000e+00 0.000000e+00 0.000000e+00 0.000000e+00 0.000000e+00 0.000000e+00 0.000000e+00 0.000000e+00 0.000000e+00
1.720000e-01 0.000000e+00 -1.465786e+03 6.671305e+02 0.000000e+00 0.000000e+00 0.000000e+00 4.496749e+01 3.355822e+01 2.376419e+03 3.287094e+01 0.000000e+00 0.000000e+00 0.000000e+00 0.000000e+00 0.000000e+00 0.000000e+00 0.000000e+00 0.000000e+00 0.000000e+00
1.730000e-01 0.000000e+00 -1.463222e+03 6.611452e+02 0.000000e+00 0.000000e+00 0.000000e+00 4.471061e+01 3.331730e+01 2.370068e+03 3.331683e+01 0.000000e+00 0.000000e+00 0.000000e+00 0.000000e+00 0.000000e+00 0.000000e+00 0.000000e+00 0.000000e+00 0.000000e+00
1.740000e-01 0.000000e+00 -1.460437e+03 6.551672e+02 0.000000e+00 0.000000e+00 0.000000e+00 4.446212e+01 3.308470e+01 2.363675e+03 3.374147e+01 0.000000e+00 0.000000e+00 0.000000e+00 0.000000e+00 0.000000e+00 0.000000e+00 0.000000e+00 0.000000e+00 0.000000e+00
1.750000e-01 0.000000e+00 -1.457439e+03 6.491977e+02 0.000000e+00 0.000000e+00 0.000000e+00 4.422197e+01 3.286041e+01 2.357242e+03 3.414480e+01 0.000000e+00 0.000000e+00 0.000000e+00 0.000000e+00 0.000000e+00 0.000000e+00 0.000000e+00 0.000000e+00 0.000000e+00
1.760000e-01 0.000000e+00 -1.454233e+03 6.432379e+02 0.000000e+00 0.000000e+00 0.000000e+00 4.399015e+01 3.264439e+01 2.350773e+03 3.452680e+01 0.000000e+00 0.000000e+00 0.000000e+00 0.000000e+00 0.000000e+00 0.000000e+00 0.000000e+00 0.000000e+00 0.000000e+00
1.770000e-01 0.000000e+00 -1.450829e+03 6.372891e+02 0.000000e+00 0.000000e+00 0.000000e+00 4.376662e+01 3.243662e+01 2.344270e+03 3.488746e+01 0.000000e+00 0.000000e+00 0.000000e+00 0.000000e+00 0.000000e+00 0.000000e+00 0.000000e+00 0.000000e+00 0.000000e+00
1.780000e-01 0.000000e+00 -1.447232e+03 6.313520e+02 0.000000e+00 0.000000e+00 0.000000e+00 4.355133e+01 3.223707e+01 2.337736e+03 3.522675e+01 0.000000e+00 0.000000e+00 0.000000e+00 0.000000e+00 0.000000e+00 0.000000e+00 0.000000e+00 0.000000e+00 0.000000e+00
1.790000e-01 0.000000e+00 -1.443451e+03 6.254277e+02 0.000000e+00 0.000000e+00 0.000000e+00 4.334424e+01 3.204570e+01 2.331173e+03 3.554467e+01 0.000000e+00 0.000000e+00 0.000000e+00 0.000000e+00 0.000000e+00 0.000000e+00 0.000000e+00 0.000000e+00 0.000000e+00
1.800000e-01 0.000000e+00 -1.439493e+03 6.195170e+02 0.000000e+00 0.000000e+00 0.000000e+00 4.314533e+01 3.186248e+01 2.324585e+03 3.584121e+01 0.000000e+00 0.000000e+00 0.000000e+00 0.000000e+00 0.000000e+00 0.000000e+00 0.000000e+00 0.000000e+00 0.000000e+00
1.810000e-01 0.000000e+00 -1.435363e+03 6.136206e+02 0.000000e+00 0.000000e+00 0.000000e+00 4.295454e+01 3.168737e+01 2.317973e+03 3.611640e+01 0.000000e+00 0.000000e+00 0.000000e+00 0.000000e+00 0.000000e+00 0.000000e+00 0.000000e+00 0.000000e+00 0.000000e+00
1.820000e-01 0.000000e+00 -1.431069e+03 6.077392e+02 0.000000e+00 0.000000e+00 0.000000e+00 4.277183e+01 3.152034e+01 2.311340e+03 3.637025e+01 0.000000e+00 0.000000e+00 0.000000e+00 0.000000e+00 0.000000e+00 0.000000e+00 0.000000e+00 0.000000e+00 0.000000e+00
1.830000e-01 0.000000e+00 -1.426618e+03 6.018734e+02 0.000000e+00 0.000000e+00 0.000000e+00 4.259714e+01 3.136133e+01 2.304688e+03 3.660278e+01 0.000000e+00 0.000000e+00 0.000000e+00 0.000000e+00 0.000000e+00 0.000000e+00 0.000000e+00 0.000000e+00 0.000000e+00
1.840000e-01 0.000000e+00 -1.422016e+03 5.960238e+02 0.000000e+00 0.000000e+00 0.000000e+00 4.243043e+01 3.121031e+01 2.298021e+03 3.681402e+01 0.000000e+00 0.000000e+00 0.000000e+00 0.000000e+00 0.000000e+00 0.000000e+00 0.000000e+00 0.000000e+00 0.000000e+00
1.850000e-01 0.000000e+00 -1.417269e+03 5.901908e+02 0.000000e+00 0.000000e+00 0.000000e+00 4.227164e+01 3.106722e+01 2.291339e+03 3.700403e+01 0.000000e+00 0.000000e+00 0.000000e+00 0.000000e+00 0.000000e+00 0.000000e+00 0.000000e+00 0.000000e+00 0.000000e+00
1.860000e-01 0.000000e+00 -1.412384e+03 5.843749e+02 0.000000e+00 0.000000e+00 0.000000e+00 4.212073e+01 3.093202e+01 2.284645e+03 3.717286e+01 0.000000e+00 0.000000e+00 0.000000e+00 0.000000e+00 0.000000e+00 0.000000e+00 0.000000e+00 0.000000e+00 0.000000e+00
1.870000e-01 0.000000e+00 -1.407367e+03 5.785764e+02 0.000000e+00 0.000000e+00 0.000000e+00 4.197762e+01 3.080464e+01 2.277942e+03 3.732056e+01 0.000000e+00 0.000000e+00 0.000000e+00 0.000000e+00 0.000000e+00 0.000000e+00 0.000000e+00 0.000000e+00 0.000000e+00
1.880000e-01 0.000000e+00 -1.402224e+03 5.727956e+02 0.000000e+00 0.000000e+00 0.000000e+00 4.184226e+01 3.068505e+01 2.271231e+03 3.744720e+01 0.000000e+00 0.000000e+00 0.000000e+00 0.000000e+00 0.000000e+00 0.000000e+00 0.000000e+00 0.000000e+00 0.000000e+00
1.890000e-01 0.000000e+00 -1.396960e+03 5.670328e+02 0.000000e+00 0.000000e+00 0.000000e+00 4.171459e+01 3.057317e+01 2.264514e+03 3.755286e+01 0.000000e+00 0.000000e+00 0.000000e+00 0.000000e+00 0.000000e+00 0.000000e+00 0.000000e+00 0.000000e+00 0.000000e+00
1.900000e-01 0.000000e+00 -1.391583e+03 5.612880e+02 0.000000e+00 0.000000e+00 0.000000e+00 4.159453e+01 3.046895e+01 2.257794e+03 3.763763e+01 0.000000e+00 0.000000e+00 0.000000e+00 0.000000e+00 0.000000e+00 0.000000e+00 0.000000e+00 0.000000e+00 0.000000e+00
1.910000e-01 0.000000e+00 -1.386096e+03 5.555616e+02 0.000000e+00 0.000000e+00 0.000000e+00 4.148204e+01 3.037232e+01 2.251072e+03 3.770160e+01 0.000000e+00 0.000000e+00 0.000000e+00 0.000000e+00 0.000000e+00 0.000000e+00 0.000000e+00 0.000000e+00 0.000000e+00
1.920000e-01 0.000000e+00 -1.380506e+03 5.498534e+02 0.000000e+00 0.000000e+00 0.000000e+00 4.137703e+01 3.028323e+01 2.244349e+03 3.774488e+01 0.000000e+00 0.000000e+00 0.000000e+00 0.000000e+00 0.000000e+00 0.000000e+00 0.000000e+00 0.000000e+00 0.000000e+00
1.930000e-01 0.000000e+00 -1.374818e+03 5.441637e+02 0.000000e+00 0.000000e+00 0.000000e+00 4.127944e+01 3.020160e+01 2.237629e+03 3.776756e+01 0.000000e+00 0.000000e+00 0.000000e+00 0.000000e+00 0.000000e+00 0.000000e+00 0.000000e+00 0.000000e+00 0.000000e+00
1.940000e-01 0.000000e+00 -1.369038e+03 5.384924e+02 0.000000e+00 0.000000e+00 0.000000e+00 4.118919e+01 3.012737e+01 2.230912e+03 3.776978e+01 0.000000e+00 0.000000e+00 0.000000e+00 0.000000e+00 0.000000e+00 0.000000e+00 0.000000e+00 0.000000e+00 0.000000e+00
1.950000e-01 0.000000e+00 -1.363170e+03 5.328393e+02 0.000000e+00 0.000000e+00 0.000000e+00 4.110620e+01 3.006047e+01 2.224200e+03 3.775166e+01 0.000000e+00 0.000000e+00 0.000000e+00 0.000000e+00 0.000000e+00 0.000000e+00 0.000000e+00 0.000000e+00 0.000000e+00
1.960000e-01 0.000000e+00 -1.357220e+03 5.272046e+02 0.000000e+00 0.000000e+00 0.000000e+00 4.103041e+01 3.000081e+01 2.217495e+03 3.771333e+01 0.000000e+00 0.000000e+00 0.000000e+00 0.000000e+00 0.000000e+00 0.000000e+00 0.000000e+00 0.000000e+00 0.000000e+00
1.970000e-01 0.000000e+00 -1.351191e+03 5.215879e+02 0.000000e+00 0.000000e+00 0.000000e+00 4.096174e+01 2.994834e+01 2.210799e+03 3.765493e+01 0.000000e+00 0.000000e+00 0.000000e+00 0.000000e+00 0.000000e+00 0.000000e+00 0.000000e+00 0.000000e+00 0.000000e+00
1.980000e-01 0.000000e+00 -1.345090e+03 5.159893e+02 0.000000e+00 0.000000e+00 0.000000e+00 4.090009e+01 2.990296e+01 2.204112e+03 3.757662e+01 0.000000e+00 0.000000e+00 0.000000e+00 0.000000e+00 0.000000e+00 0.000000e+00 0.000000e+00 0.000000e+00 0.000000e+00
1.990000e-01 0.000000e+00 -1.338922e+03 5.104084e+02 0.000000e+00 0.000000e+00 0.000000e+00 4.084539e+01 2.986459e+01 2.197436e+03 3.747857e+01 0.000000e+00 0.000000e+00 0.000000e+00 0.000000e+00 0.000000e+00 0.000000e+00 0.000000e+00 0.000000e+00 0.000000e+00
2.000000e-01 0.000000e+00 -1.332692e+03 5.048450e+02 0.000000e+00 0.000000e+00 0.000000e+00 4.079753e+01 2.983314e+01 2.190773e+03 3.736097e+01 0.000000e+00 0.000000e+00 0.000000e+00 0.000000e+00 0.000000e+00 0.000000e+00 0.000000e+00 0.000000e+00 0.000000e+00
2.010000e-01 0.000000e+00 -1.326405e+03 4.992988e+02 0.000000e+00 0.000000e+00 0.000000e+00 4.075641e+01 2.980852e+01 2.184124e+03 3.722402e+01 0.000000e+00 0.000000e+00 0.000000e+00 0.000000e+00 0.000000e+00 0.000000e+00 0.000000e+00 0.000000e+00 0.000000e+00
2.020000e-01 0.000000e+00 -1.320067e+03 4.937694e+02 0.000000e+00 0.000000e+00 0.000000e+00 4.072194e+01 2.979062e+01 2.177490e+03 3.706791e+01 0.000000e+00 0.000000e+00 0.000000e+00 0.000000e+00 0.000000e+00 0.000000e+00 0.000000e+00 0.000000e+00 0.000000e+00
2.030000e-01 0.000000e+00 -1.313682e+03 4.882566e+02 0.000000e+00 0.000000e+00 0.000000e+00 4.069402e+01 2.977934e+01 2.170872e+03 3.689285e+01 0.000000e+00 0.000000e+00 0.000000e+00 0.000000e+00 0.000000e+00 0.000000e+00 0.000000e+00 0.000000e+00 0.000000e+00
2.040000e-01 0.000000e+00 -1.307255e+03 4.827600e+02 0.000000e+00 0.000000e+00 0.000000e+00 4.067253e+01 2.977460e+01 2.164273e+03 3.669905e+01 0.000000e+00 0.000000e+00 0.000000e+00 0.000000e+00 0.000000e+00 0.000000e+00 0.000000e+00 0.000000e+00 0.000000e+00
2.050000e-01 0.000000e+00 -1.300791e+03 4.772791e+02 0.000000e+00 0.000000e+00 0.000000e+00 4.065738e+01 2.977628e+01 2.157692e+03 3.648675e+01 0.000000e+00 0.000000e+00 0.000000e+00 0.000000e+00 0.000000e+00 0.000000e+00 0.000000e+00 0.000000e+00 0.000000e+00
2.060000e-01 0.000000e+00 -1.294295e+03 4.718137e+02 0.000000e+00 0.000000e+00 0.000000e+00 4.064847e+01 2.978429e+01 2.151130e+03 3.625617e+01 0.000000e+00 0.000000e+00 0.000000e+00 0.000000e+00 0.000000e+00 0.000000e+00 0.000000e+00 0.000000e+00 0.000000e+00
2.070000e-01 0.000000e+00 -1.287770e+03 4.663632e+02 0.000000e+00 0.000000e+00 0.000000e+00 4.064567e+01 2.979850e+01 2.144590e+03 3.600756e+01 0.000000e+00 0.000000e+00 0.000000e+00 0.000000e+00 0.000000e+00 0.000000e+00 0.000000e+00 0.000000e+00 0.000000e+00
2.080000e-01 0.000000e+00 -1.281221e+03 4.609272e+02 0.000000e+00 0.000000e+00 0.000000e+00 4.064887e+01 2.981883e+01 2.138072e+03 3.574118e+01 0.000000e+00 0.000000e+00 0.000000e+00 0.000000e+00 0.000000e+00 0.000000e+00 0.000000e+00 0.000000e+00 0.000000e+00
2.090000e-01 0.000000e+00 -1.274651e+03 4.555054e+02 0.000000e+00 0.000000e+00 0.000000e+00 4.065797e+01 2.984514e+01 2.131577e+03 3.545726e+01 0.000000e+00 0.000000e+00 0.000000e+00 0.000000e+00 0.000000e+00 0.000000e+00 0.000000e+00 0.000000e+00 0.000000e+00
2.100000e-01 0.000000e+00 -1.268066e+03 4.500973e+02 0.000000e+00 0.000000e+00 0.000000e+00 4.067285e+01 2.987733e+01 2.125105e+03 3.515610e+01 0.000000e+00 0.000000e+00 0.000000e+00 0.000000e+00 0.000000e+00 0.000000e+00 0.000000e+00 0.000000e+00 0.000000e+00
2.110000e-01 0.000000e+00 -1.261469e+03 4.447024e+02 0.000000e+00 0.000000e+00 0.000000e+00 4.069339e+01 2.991529e+01 2.118658e+03 3.483795e+01 0.000000e+00 0.000000e+00 0.000000e+00 0.000000e+00 0.000000e+00 0.000000e+00 0.000000e+00 0.000000e+00 0.000000e+00
2.120000e-01 0.000000e+00 -1.254863e+03 4.393203e+02 0.000000e+00 0.000000e+00 0.000000e+00 4.071947e+01 2.995889e+01 2.112237e+03 3.450310e+01 0.000000e+00 0.000000e+00 0.000000e+00 0.000000e+00 0.000000e+00 0.000000e+00 0.000000e+00 0.000000e+00 0.000000e+00
2.130000e-01 0.000000e+00 -1.248253e+03 4.339504e+02 0.000000e+00 0.000000e+00 0.000000e+00 4.075097e+01 3.000801e+01 2.105842e+03 3.415184e+01 0.000000e+00 0.000000e+00 0.000000e+00 0.000000e+00 0.000000e+00 0.000000e+00 0.000000e+00 0.000000e+00 0.000000e+00
2.140000e-01 0.000000e+00 -1.241640e+03 4.285924e+02 0.000000e+00 0.000000e+00 0.000000e+00 4.078777e+01 3.006254e+01 2.099474e+03 3.378446e+01 0.000000e+00 0.000000e+00 0.000000e+00 0.000000e+00 0.000000e+00 0.000000e+00 0.000000e+00 0.000000e+00 0.000000e+00
2.150000e-01 0.000000e+00 -1.235030e+03 4.232458e+02 0.000000e+00 0.000000e+00 0.000000e+00 4.082974e+01 3.012235e+01 2.093134e+03 3.340127e+01 0.000000e+00 0.000000e+00 0.000000e+00 0.000000e+00 0.000000e+00 0.000000e+00 0.000000e+00 0.000000e+00 0.000000e+00
2.160000e-01 0.000000e+00 -1.228425e+03 4.179100e+02 0.000000e+00 0.000000e+00 0.000000e+00 4.087676e+01 3.018732e+01 2.086822e+03 3.300257e+01 0.000000e+00 0.000000e+00 0.000000e+00 0.000000e+00 0.000000e+00 0.000000e+00 0.000000e+00 0.000000e+00 0.000000e+00
2.170000e-01 0.000000e+00 -1.221829e+03 4.125846e+02 0.000000e+00 0.000000e+00 0.000000e+00 4.092870e+01 3.025733e+01 2.080540e+03 3.258868e+01 0.000000e+00 0.000000e+00 0.000000e+00 0.000000e+00 0.000000e+00 0.000000e+00 0.000000e+00 0.000000e+00 0.000000e+00
2.180000e-01 0.000000e+00 -1.215243e+03 4.072691e+02 0.000000e+00 0.000000e+00 0.000000e+00 4.098544e+01 3.033223e+01 2.074287e+03 3.215992e+01 0.000000e+00 0.000000e+00 0.000000e+00 0.000000e+00 0.000000e+00 0.000000e+00 0.000000e+00 0.000000e+00 0.000000e+00
2.190000e-01 0.000000e+00 -1.208672e+03 4.019631e+02 0.000000e+00 0.000000e+00 0.000000e+00 4.104684e+01 3.041191e+01 2.068065e+03 3.171663e+01 0.000000e+00 0.000000e+00 0.000000e+00 0.000000e+00 0.000000e+00 0.000000e+00 0.000000e+00 0.000000e+00 0.000000e+00
2.200000e-01 0.000000e+00 -1.202118e+03 3.966661e+02 0.000000e+00 0.000000e+00 0.000000e+00 4.111278e+01 3.049624e+01 2.061874e+03 3.125912e+01 0.000000e+00 0.000000e+00 0.000000e+00 0.000000e+00 0.000000e+00 0.000000e+00 0.000000e+00 0.000000e+00 0.000000e+00
2.210000e-01 0.000000e+00 -1.195582e+03 3.913775e+02 0.000000e+00 0.000000e+00 0.000000e+00 4.118312e+01 3.058509e+01 2.055714e+03 3.078774e+01 0.000000e+00 0.000000e+00 0.000000e+00 0.000000e+00 0.000000e+00 0.000000e+00 0.000000e+00 0.000000e+00 0.000000e+00
2.220000e-01 0.000000e+00 -1.189070e+03 3.860969e+02 0.000000e+00 0.000000e+00 0.000000e+00 4.125773e+01 3.067831e+01 2.049587e+03 3.030286e+01 0.000000e+00 0.000000e+00 0.000000e+00 0.000000e+00 0.000000e+00 0.000000e+00 0.000000e+00 0.000000e+00 0.000000e+00
2.230000e-01 0.000000e+00 -1.182583e+03 3.808238e+02 0.000000e+00 0.000000e+00 0.000000e+00 4.133644e+01 3.077575e+01 2.043491e+03 2.980484e+01 0.000000e+00 0.000000e+00 0.000000e+00 0.000000e+00 0.000000e+00 0.000000e+00 0.000000e+00 0.000000e+00 0.000000e+00
2.240000e-01 0.000000e+00 -1.176125e+03 3.755575e+02 0.000000e+00 0.000000e+00 0.000000e+00 4.141912e+01 3.087727e+01 2.037429e+03 2.929407e+01 0.000000e+00 0.000000e+00 0.000000e+00 0.000000e+00 0.000000e+00 0.000000e+00 0.000000e+00 0.000000e+00 0.000000e+00
2.250000e-01 0.000000e+00 -1.169699e+03 3.702976e+02 0.000000e+00 0.000000e+00 0.000000e+00 4.150562e+01 3.098273e+01 2.031400e+03 2.877092e+01 0.000000e+00 0.000000e+00 0.000000e+00 0.000000e+00 0.000000e+00 0.000000e+00 0.000000e+00 0.000000e+00 0.000000e+00
2.260000e-01 0.000000e+00 -1.163306e+03 3.650436e+02 0.000000e+00 0.000000e+00 0.000000e+00 4.159580e+01 3.109197e+01 2.025404e+03 2.823577e+01 0.000000e+00 0.000000e+00 0.000000e+00 0.000000e+00 0.000000e+00 0.000000e+00 0.000000e+00 0.000000e+00 0.000000e+00
2.270000e-01 0.000000e+00 -1.156951e+03 3.597950e+02 0.000000e+00 0.000000e+00 0.000000e+00 4.168949e+01 3.120485e+01 2.019443e+03 2.768901e+01 0.000000e+00 0.000000e+00 0.000000e+00 0.000000e+00 0.000000e+00 0.000000e+00 0.000000e+00 0.000000e+00 0.000000e+00
2.280000e-01 0.000000e+00 -1.150634e+03 3.545512e+02 0.000000e+00 0.000000e+00 0.000000e+00 4.178656e+01 3.132122e+01 2.013516e+03 2.713104e+01 0.000000e+00 0.000000e+00 0.000000e+00 0.000000e+00 0.000000e+00 0.000000e+00 0.000000e+00 0.000000e+00 0.000000e+00
2.290000e-01 0.000000e+00 -1.144358e+03 3.493118e+02 0.000000e+00 0.000000e+00 0.000000e+00 4.188685e+01 3.144092e+01 2.007624e+03 2.656226e+01 0.000000e+00 0.000000e+00 0.000000e+00 0.000000e+00 0.000000e+00 0.000000e+00 0.000000e+00 0.000000e+00 0.000000e+00
2.300000e-01 0.000000e+00 -1.138126e+03 3.440763e+02 0.000000e+00 0.000000e+00 0.000000e+00 4.199020e+01 3.156380e+01 2.001766e+03 2.598308e+01 0.000000e+00 0.000000e+00 0.000000e+00 0.000000e+00 0.000000e+00 0.000000e+00 0.000000e+00 0.000000e+00 0.000000e+00
2.310000e-01 0.000000e+00 -1.131940e+03 3.388442e+02 0.000000e+00 0.000000e+00 0.000000e+00 4.209647e+01 3.168971e+01 1.995944e+03 2.539391e+01 0.000000e+00 0.000000e+00 0.000000e+00 0.000000e+00 0.000000e+00 0.000000e+00 0.000000e+00 0.000000e+00 0.000000e+00
2.320000e-01 0.000000e+00 -1.125802e+03 3.336150e+02 0.000000e+00 0.000000e+00 0.000000e+00 4.220550e+01 3.181849e+01 1.990158e+03 2.479516e+01 0.000000e+00 0.000000e+00 0.000000e+00 0.000000e+00 0.000000e+00 0.000000e+00 0.000000e+00 0.000000e+00 0.000000e+00
2.330000e-01 0.000000e+00 -1.119713e+03 3.283883e+02 0.000000e+00 0.000000e+00 0.000000e+00 4.231712e+01 3.194998e+01 1.984407e+03 2.418727e+01 0.000000e+00 0.000000e+00 0.000000e+00 0.000000e+00 0.000000e+00 0.000000e+00 0.000000e+00 0.000000e+00 0.000000e+00
2.340000e-01 0.000000e+00 -1.113675e+03 3.231636e+02 0.000000e+00 0.000000e+00 0.000000e+00 4.243119e+01 3.208402e+01 1.978692e+03 2.357064e+01 0.000000e+00 0.000000e+00 0.000000e+00 0.000000e+00 0.000000e+00 0.000000e+00 0.000000e+00 0.000000e+00 0.000000e+00
2.350000e-01 0.000000e+00 -1.107691e+03 3.179404e+02 0.000000e+00 0.000000e+00 0.000000e+00 4.254754e+01 3.222047e+01 1.973013e+03 2.294573e+01 0.000000e+00 0.000000e+00 0.000000e+00 0.000000e+00 0.000000e+00 0.000000e+00 0.000000e+00 0.000000e+00 0.000000e+00
2.360000e-01 0.000000e+00 -1.101761e+03 3.127183e+02 0.000000e+00 0.000000e+00 0.000000e+00 4.266602e+01 3.235915e+01 1.967371e+03 2.231295e+01 0.000000e+00 0.000000e+00 0.000000e+00 0.000000e+00 0.000000e+00 0.000000e+00 0.000000e+00 0.000000e+00 0.000000e+00
2.370000e-01 0.000000e+00 -1.095889e+03 3.074968e+02 0.000000e+00 0.000000e+00 0.000000e+00 4.278646e+01 3.249990e+01 1.961765e+03 2.167275e+01 0.000000e+00 0.000000e+00 0.000000e+00 0.000000e+00 0.000000e+00 0.000000e+00 0.000000e+00 0.000000e+00 0.000000e+00
2.380000e-01 0.000000e+00 -1.090074e+03 3.022756e+02 0.000000e+00 0.000000e+00 0.000000e+00 4.290871e+01 3.264257e+01 1.956196e+03 2.102557e+01 0.000000e+00 0.000000e+00 0.000000e+00 0.000000e+00 0.000000e+00 0.000000e+00 0.000000e+00 0.000000e+00 0.000000e+00
2.390000e-01 0.000000e+00 -1.084318e+03 2.970542e+02 0.000000e+00 0.000000e+00 0.000000e+00 4.303260e+01 3.278699e+01 1.950663e+03 2.037186e+01 0.000000e+00 0.000000e+00 0.000000e+00 0.000000e+00 0.000000e+00 0.000000e+00 0.000000e+00 0.000000e+00 0.000000e+00
2.400000e-01 0.000000e+00 -1.078623e+03 2.918322e+02 0.000000e+00 0.000000e+00 0.000000e+00 4.315797e+01 3.293299e+01 1.945168e+03 1.971207e+01 0.000000e+00 0.000000e+00 0.000000e+00 0.000000e+00 0.000000e+00 0.000000e+00 0.000000e+00 0.000000e+00 0.000000e+00
2.410000e-01 0.000000e+00 -1.072989e+03 2.866092e+02 0.000000e+00 0.000000e+00 0.000000e+00 4.328466e+01 3.308043e+01 1.939709e+03 1.904663e+01 0.000000e+00 0.000000e+00 0.000000e+00 0.000000e+00 0.000000e+00 0.000000e+00 0.000000e+00 0.000000e+00 0.000000e+00
2.420000e-01 0.000000e+00 -1.067419e+03 2.813848e+02 0.000000e+00 0.000000e+00 0.000000e+00 4.341251e+01 3.322912e+01 1.934287e+03 1.837602e+01 0.000000e+00 0.000000e+00 0.000000e+00 0.000000e+00 0.000000e+00 0.000000e+00 0.000000e+00 0.000000e+00 0.000000e+00
2.430000e-01 0.000000e+00 -1.061913e+03 2.761587e+02 0.000000e+00 0.000000e+00 0.000000e+00 4.354135e+01 3.337892e+01 1.928903e+03 1.770068e+01 0.000000e+00 0.000000e+00 0.000000e+00 0.000000e+00 0.000000e+00 0.000000e+00 0.000000e+00 0.000000e+00 0.000000e+00
2.440000e-01 0.000000e+00 -1.056472e+03 2.709304e+02 0.000000e+00 0.000000e+00 0.000000e+00 4.367103e+01 3.352964e+01 1.923555e+03 1.702107e+01 0.000000e+00 0.000000e+00 0.000000e+00 0.000000e+00 0.000000e+00 0.000000e+00 0.000000e+00 0.000000e+00 0.000000e+00
2.450000e-01 0.000000e+00 -1.051096e+03 2.656996e+02 0.000000e+00 0.000000e+00 0.000000e+00 4.380138e+01 3.368114e+01 1.918245e+03 1.633765e+01 0.000000e+00 0.000000e+00 0.000000e+00 0.000000e+00 0.000000e+00 0.000000e+00 0.000000e+00 0.000000e+00 0.000000e+00
2.460000e-01 0.000000e+00 -1.045788e+03 2.604660e+02 0.000000e+00 0.000000e+00 0.000000e+00 4.393223e+01 3.383324e+01 1.912972e+03 1.565090e+01 0.000000e+00 0.000000e+00 0.000000e+00 0.000000e+00 0.000000e+00 0.000000e+00 0.000000e+00 0.000000e+00 0.000000e+00
2.470000e-01 0.000000e+00 -1.040548e+03 2.552289e+02 0.000000e+00 0.000000e+00 0.000000e+00 4.406339e+01 3.398575e+01 1.907736e+03 1.496131e+01 0.000000e+00 0.000000e+00 0.000000e+00 0.000000e+00 0.000000e+00 0.000000e+00 0.000000e+00 0.000000e+00 0.000000e+00
2.480000e-01 0.000000e+00 -1.035378e+03 2.499881e+02 0.000000e+00 0.000000e+00 0.000000e+00 4.419470e+01 3.413850e+01 1.902537e+03 1.426936e+01 0.000000e+00 0.000000e+00 0.000000e+00 0.000000e+00 0.000000e+00 0.000000e+00 0.000000e+00 0.000000e+00 0.000000e+00
2.490000e-01 0.000000e+00 -1.030278e+03 2.447433e+02 0.000000e+00 0.000000e+00 0.000000e+00 4.432599e+01 3.429133e+01 1.897375e+03 1.357553e+01 0.000000e+00 0.000000e+00 0.000000e+00 0.000000e+00 0.000000e+00 0.000000e+00 0.000000e+00 0.000000e+00 0.000000e+00
2.500000e-01 0.000000e+00 -1.025249e+03 2.394939e+02 0.000000e+00 0.000000e+00 0.000000e+00 4.445709e+01 3.444406e+01 1.892251e+03 1.288029e+01 0.000000e+00 0.000000e+00 0.000000e+00 0.000000e+00 0.000000e+00 0.000000e+00 0.000000e+00 0.000000e+00 0.000000e+00
2.510000e-01 0.000000e+00 -1.020291e+03 2.342398e+02 0.000000e+00 0.000000e+00 0.000000e+00 4.458782e+01 3.459652e+01 1.887164e+03 1.218413e+01 0.000000e+00 0.000000e+00 0.000000e+00 0.000000e+00 0.000000e+00 0.000000e+00 0.000000e+00 0.000000e+00 0.000000e+00
2.520000e-01 0.000000e+00 -1.015406e+03 2.289805e+02 0.000000e+00 0.000000e+00 0.000000e+00 4.471802e+01 3.474854e+01 1.882114e+03 1.148752e+01 0.000000e+00 0.000000e+00 0.000000e+00 0.000000e+00 0.000000e+00 0.000000e+00 0.000000e+00 0.000000e+00 0.000000e+00
2.530000e-01 0.000000e+00 -1.010594e+03 2.237157e+02 0.000000e+00 0.000000e+00 0.000000e+00 4.484752e+01 3.489994e+01 1.877101e+03 1.079096e+01 0.000000e+00 0.000000e+00 0.000000e+00 0.000000e+00 0.000000e+00 0.000000e+00 0.000000e+00 0.000000e+00 0.000000e+00
2.540000e-01 0.000000e+00 -1.005855e+03 2.184451e+02 0.000000e+00 0.000000e+00 0.000000e+00 4.497614e+01 3.505056e+01 1.872125e+03 1.009493e+01 0.000000e+00 0.000000e+00 0.000000e+00 0.000000e+00 0.000000e+00 0.000000e+00 0.000000e+00 0.000000e+00 0.000000e+00
2.550000e-01 0.000000e+00 -1.001190e+03 2.131683e+02 0.000000e+00 0.000000e+00 0.000000e+00 4.510372e+01 3.520022e+01 1.867185e+03 9.399911e+00 0.000000e+00 0.000000e+00 0.000000e+00 0.000000e+00 0.000000e+00 0.000000e+00 0.000000e+00 0.000000e+00 0.000000e+00
2.560000e-01 0.000000e+00 -9.965988e+02 2.078850e+02 0.000000e+00 0.000000e+00 0.000000e+00 4.523008e+01 3.534875e+01 1.862283e+03 8.706399e+00 0.000000e+00 0.000000e+00 0.000000e+00 0.000000e+00 0.000000e+00 0.000000e+00 0.000000e+00 0.000000e+00 0.000000e+00
2.570000e-01 0.000000e+00 -9.920825e+02 2.025949e+02 0.000000e+00 0.000000e+00 0.000000e+00 4.535506e+01 3.549597e+01 1.857418e+03 8.014883e+00 0.000000e+00 0.000000e+00 0.000000e+00 0.000000e+00 0.000000e+00 0.000000e+00 0.000000e+00 0.000000e+00 0.000000e+00
2.580000e-01 0.000000e+00 -9.876412e+02 1.972977e+02 0.000000e+00 0.000000e+00 0.000000e+00 4.547847e+01 3.564171e+01 1.852589e+03 7.325851e+00 0.000000e+00 0.000000e+00 0.000000e+00 0.000000e+00 0.000000e+00 0.000000e+00 0.000000e+00 0.000000e+00 0.000000e+00
2.590000e-01 0.000000e+00 -9.832750e+02 1.919930e+02 0.000000e+00 0.000000e+00 0.000000e+00 4.560014e+01 3.578579e+01 1.847797e+03 6.639797e+00 0.000000e+00 0.000000e+00 0.000000e+00 0.000000e+00 0.000000e+00 0.000000e+00 0.000000e+00 0.000000e+00 0.000000e+00
2.600000e-01 0.000000e+00 -9.789842e+02 1.866806e+02 0.000000e+00 0.000000e+00 0.000000e+00 4.571992e+01 3.592805e+01 1.843042e+03 5.957210e+00 0.000000e+00 0.000000e+00 0.000000e+00 0.000000e+00 0.000000e+00 0.000000e+00 0.000000e+00 0.000000e+00 0.000000e+00
2.610000e-01 0.000000e+00 -9.747690e+02 1.813601e+02 0.000000e+00 0.000000e+00 0.000000e+00 4.583761e+01 3.606831e+01 1.838323e+03 5.278583e+00 0.000000e+00 0.000000e+00 0.000000e+00 0.000000e+00 0.000000e+00 0.000000e+00 0.000000e+00 0.000000e+00 0.000000e+00
2.620000e-01 0.000000e+00 -9.706295e+02 1.760312e+02 0.000000e+00 0.000000e+00 0.000000e+00 4.595306e+01 3.620640e+01 1.833640e+03 4.604406e+00 0.000000e+00 0.000000e+00 0.000000e+00 0.000000e+00 0.000000e+00 0.000000e+00 0.000000e+00 0.000000e+00 0.000000e+00
2.630000e-01 0.000000e+00 -9.665657e+02 1.706936e+02 0.000000e+00 0.000000e+00 0.000000e+00 4.606609e+01 3.634214e+01 1.828993e+03 3.935170e+00 0.000000e+00 0.000000e+00 0.000000e+00 0.000000e+00 0.000000e+00 0.000000e+00 0.000000e+00 0.000000e+00 0.000000e+00
2.640000e-01 0.000000e+00 -9.625777e+02 1.653470e+02 0.000000e+00 0.000000e+00 0.000000e+00 4.617654e+01 3.647536e+01 1.824383e+03 3.271365e+00 0.000000e+00 0.000000e+00 0.000000e+00 0.000000e+00 0.000000e+00 0.000000e+00 0.000000e+00 0.000000e+00 0.000000e+00
2.650000e-01 0.000000e+00 -9.586655e+02 1.599912e+02 0.000000e+00 0.000000e+00 0.000000e+00 4.628422e+01 3.660589e+01 1.819808e+03 2.613480e+00 0.000000e+00 0.000000e+00 0.000000e+00 0.000000e+00 0.000000e+00 0.000000e+00 0.000000e+00 0.000000e+00 0.000000e+00
2.660000e-01 0.000000e+00 -9.548289e+02 1.546258e+02 0.000000e+00 0.000000e+00 0.000000e+00 4.638897e+01 3.673356e+01 1.815270e+03 1.962004e+00 0.000000e+00 0.000000e+00 0.000000e+00 0.000000e+00 0.000000e+00 0.000000e+00 0.000000e+00 0.000000e+00 0.000000e+00
2.670000e-01 0.000000e+00 -9.510680e+02 1.492505e+02 0.000000e+00 0.000000e+00 0.000000e+00 4.649062e+01 3.685820e+01 1.810767e+03 1.317423e+00 0.000000e+00 0.000000e+00 0.000000e+00 0.000000e+00 0.000000e+00 0.000000e+00 0.000000e+00 0.000000e+00 0.000000e+00
2.680000e-01 0.000000e+00 -9.473825e+02 1.438651e+02 0.000000e+00 0.000000e+00 0.000000e+00 4.658901e+01 3.697964e+01 1.806299e+03 6.802217e-01 0.000000e+00 0.000000e+00 0.000000e+00 0.000000e+00 0.000000e+00 0.000000e+00 0.000000e+00 0.000000e+00 0.000000e+00
2.690000e-01 0.000000e+00 -9.437722e+02 1.384693e+02 0.000000e+00 0.000000e+00 0.000000e+00 4.668396e+01 3.709770e+01 1.801867e+03 5.088463e-02 0.000000e+00 0.000000e+00 0.000000e+00 0.000000e+00 0.000000e+00 0.000000e+00 0.000000e+00 0.000000e+00 0.000000e+00
2.700000e-01 0.000000e+00 -9.402370e+02 1.330627e+02 0.000000e+00 0.000000e+00 0.000000e+00 4.677531e+01 3.721222e+01 1.797471e+03 -5.701070e-01 0.000000e+00 0.000000e+00 0.000000e+00 0.000000e+00 0.000000e+00 0.000000e+00 0.000000e+00 0.000000e+00 0.000000e+00
2.710000e-01 0.000000e+00 -9.367766e+02 1.276452e+02 0.000000e+00 0.000000e+00 0.000000e+00 4.686289e+01 3.732303e+01 1.793109e+03 -1.182274e+00 0.000000e+00 0.000000e+00 0.000000e+00 0.000000e+00 0.000000e+00 0.000000e+00 0.000000e+00 0.000000e+00 0.000000e+00
2.720000e-01 0.000000e+00 -9.333906e+02 1.222165e+02 0.000000e+00 0.000000e+00 0.000000e+00 4.694654e+01 3.742996e+01 1.788782e+03 -1.785139e+00 0.000000e+00 0.000000e+00 0.000000e+00 0.000000e+00 0.000000e+00 0.000000e+00 0.000000e+00 0.000000e+00 0.000000e+00
2.730000e-01 0.000000e+00 -9.300789e+02 1.167762e+02 0.000000e+00 0.000000e+00 0.000000e+00 4.702609e+01 3.753285e+01 1.784490e+03 -2.378219e+00 0.000000e+00 0.000000e+00 0.000000e+00 0.000000e+00 0.000000e+00 0.000000e+00 0.000000e+00 0.000000e+00 0.000000e+00
2.740000e-01 0.000000e+00 -9.268414e+02 1.113240e+02 0.000000e+00 0.000000e+00 0.000000e+00 4.710136e+01 3.763152e+01 1.780233e+03 -2.961020e+00 0.000000e+00 0.000000e+00 0.000000e+00 0.000000e+00 0.000000e+00 0.000000e+00 0.000000e+00 0.000000e+00 0.000000e+00
2.750000e-01 0.000000e+00 -9.236775e+02 1.058596e+02 0.000000e+00 0.000000e+00 0.000000e+00 4.717218e+01 3.772580e+01 1.776011e+03 -3.533075e+00 0.000000e+00 0.000000e+00 0.000000e+00 0.000000e+00 0.000000e+00 0.000000e+00 0.000000e+00 0.000000e+00 0.000000e+00
2.760000e-01 0.000000e+00 -9.205867e+02 1.003829e+02 0.000000e+00 0.000000e+00 0.000000e+00 4.723841e+01 3.781553e+01 1.771822e+03 -4.093922e+00 0.000000e+00 0.000000e+00 0.000000e+00 0.000000e+00 0.000000e+00 0.000000e+00 0.000000e+00 0.000000e+00 0.000000e+00
2.770000e-01 0.000000e+00 -9.175684e+02 9.489343e+01 0.000000e+00 0.000000e+00 0.000000e+00 4.729989e+01 3.790056e+01 1.767668e+03 -4.643100e+00 0.000000e+00 0.000000e+00 0.000000e+00 0.000000e+00 0.000000e+00 0.000000e+00 0.000000e+00 0.000000e+00 0.000000e+00
2.780000e-01 0.000000e+00 -9.146221e+02 8.939111e+01 0.000000e+00 0.000000e+00 0.000000e+00 4.735645e+01 3.798072e+01 1.763548e+03 -5.180150e+00 0.000000e+00 0.000000e+00 0.000000e+00 0.000000e+00 0.000000e+00 0.000000e+00 0.000000e+00 0.000000e+00 0.000000e+00
2.790000e-01 0.000000e+00 -9.117472e+02 8.387564e+01 0.000000e+00 0.000000e+00 0.000000e+00 4.740795e+01 3.805586e+01 1.759462e+03 -5.704617e+00 0.000000e+00 0.000000e+00 0.000000e+00 0.000000e+00 0.000000e+00 0.000000e+00 0.000000e+00 0.000000e+00 0.000000e+00
2.800000e-01 0.000000e+00 -9.089429e+02 7.834677e+01 0.000000e+00 0.000000e+00 0.000000e+00 4.745422e+01 3.812582e+01 1.755409e+03 -6.216047e+00 0.000000e+00 0.000000e+00 0.000000e+00 0.000000e+00 0.000000e+00 0.000000e+00 0.000000e+00 0.000000e+00 0.000000e+00
2.810000e-01 0.000000e+00 -9.062088e+02 7.280424e+01 0.000000e+00 0.000000e+00 0.000000e+00 4.749512e+01 3.819044e+01 1.751390e+03 -6.713991e+00 0.000000e+00 0.000000e+00 0.000000e+00 0.000000e+00 0.000000e+00 0.000000e+00 0.000000e+00 0.000000e+00 0.000000e+00
2.820000e-01 0.000000e+00 -9.035442e+02 6.724778e+01 0.000000e+00 0.000000e+00 0.000000e+00 4.753048e+01 3.824957e+01 1.747404e+03 -7.198001e+00 0.000000e+00 0.000000e+00 0.000000e+00 0.000000e+00 0.000000e+00 0.000000e+00 0.000000e+00 0.000000e+00 0.000000e+00
2.830000e-01 0.000000e+00 -9.009484e+02 6.167713e+01 0.000000e+00 0.000000e+00 0.000000e+00 4.756015e+01 3.830305e+01 1.743451e+03 -7.667633e+00 0.000000e+00 0.000000e+00 0.000000e+00 0.000000e+00 0.000000e+00 0.000000e+00 0.000000e+00 0.000000e+00 0.000000e+00
2.840000e-01 0.000000e+00 -8.984208e+02 5.609203e+01 0.000000e+00 0.000000e+00 0.000000e+00 4.758399e+01 3.835074e+01 1.739531e+03 -8.122446e+00 0.000000e+00 0.000000e+00 0.000000e+00 0.000000e+00 0.000000e+00 0.000000e+00 0.000000e+00 0.000000e+00 0.000000e+00
2.850000e-01 0.000000e+00 -8.959606e+02 5.049220e+01 0.000000e+00 0.000000e+00 0.000000e+00 4.760183e+01 3.839247e+01 1.735644e+03 -8.562003e+00 0.000000e+00 0.000000e+00 0.000000e+00 0.000000e+00 0.000000e+00 0.000000e+00 0.000000e+00 0.000000e+00 0.000000e+00
2.860000e-01 0.000000e+00 -8.935672e+02 4.487737e+01 0.000000e+00 0.000000e+00 0.000000e+00 4.761354e+01 3.842809e+01 1.731790e+03 -8.985871e+00 0.000000e+00 0.000000e+00 0.000000e+00 0.000000e+00 0.000000e+00 0.000000e+00 0.000000e+00 0.000000e+00 0.000000e+00
2.870000e-01 0.000000e+00 -8.912398e+02 3.924726e+01 0.000000e+00 0.000000e+00 0.000000e+00 4.761896e+01 3.845747e+01 1.727968e+03 -9.393620e+00 0.000000e+00 0.000000e+00 0.000000e+00 0.000000e+00 0.000000e+00 0.000000e+00 0.000000e+00 0.000000e+00 0.000000e+00
2.880000e-01 0.000000e+00 -8.889778e+02 3.360159e+01 0.000000e+00 0.000000e+00 0.000000e+00 4.761795e+01 3.848043e+01 1.724178e+03 -9.784825e+00 0.000000e+00 0.000000e+00 0.000000e+00 0.000000e+00 0.000000e+00 0.000000e+00 0.000000e+00 0.000000e+00 0.000000e+00
2.890000e-01 0.000000e+00 -8.867805e+02 2.794007e+01 0.000000e+00 0.000000e+00 0.000000e+00 4.761035e+01 3.849685e+01 1.720420e+03 -1.015906e+01 0.000000e+00 0.000000e+00 0.000000e+00 0.000000e+00 0.000000e+00 0.000000e+00 0.000000e+00 0.000000e+00 0.000000e+00
2.900000e-01 0.000000e+00 -8.846470e+02 2.226242e+01 0.000000e+00 0.000000e+00 0.000000e+00 4.759603e+01 3.850657e+01 1.716694e+03 -1.051592e+01 0.000000e+00 0.000000e+00 0.000000e+00 0.000000e+00 0.000000e+00 0.000000e+00 0.000000e+00 0.000000e+00 0.000000e+00
2.910000e-01 0.000000e+00 -8.825767e+02 1.656833e+01 0.000000e+00 0.000000e+00 0.000000e+00 4.757483e+01 3.850945e+01 1.713000e+03 -1.085498e+01 0.000000e+00 0.000000e+00 0.000000e+00 0.000000e+00 0.000000e+00 0.000000e+00 0.000000e+00 0.000000e+00 0.000000e+00
2.920000e-01 0.000000e+00 -8.805688e+02 1.085752e+01 0.000000e+00 0.000000e+00 0.000000e+00 4.754662e+01 3.850534e+01 1.709337e+03 -1.117584e+01 0.000000e+00 0.000000e+00 0.000000e+00 0.000000e+00 0.000000e+00 0.000000e+00 0.000000e+00 0.000000e+00 0.000000e+00
2.930000e-01 0.000000e+00 -8.786226e+02 5.129685e+00 0.000000e+00 0.000000e+00 0.000000e+00 4.751126e+01 3.849410e+01 1.705706e+03 -1.147809e+01 0.000000e+00 0.000000e+00 0.000000e+00 0.000000e+00 0.000000e+00 0.000000e+00 0.000000e+00 0.000000e+00 0.000000e+00
2.940000e-01 0.000000e+00 -8.767372e+02 -6.154826e-01 0.000000e+00 0.000000e+00 0.000000e+00 4.746860e+01 3.847559e+01 1.702105e+03 -1.176134e+01 0.000000e+00 0.000000e+00 0.000000e+00 0.000000e+00 0.000000e+00 0.000000e+00 0.000000e+00 0.000000e+00 0.000000e+00
2.950000e-01 0.000000e+00 -8.749119e+02 -6.378289e+00 0.000000e+00 0.000000e+00 0.000000e+00 4.741851e+01 3.844968e+01 1.698536e+03 -1.202520e+01 0.000000e+00 0.000000e+00 0.000000e+00 0.000000e+00 0.000000e+00 0.000000e+00 0.000000e+00 0.000000e+00 0.000000e+00
2.960000e-01 0.000000e+00 -8.731460e+02 -1.215905e+01 0.000000e+00 0.000000e+00 0.000000e+00 4.736085e+01 3.841622e+01 1.694997e+03 -1.226927e+01 0.000000e+00 0.000000e+00 0.000000e+00 0.000000e+00 0.000000e+00 0.000000e+00 0.000000e+00 0.000000e+00 0.000000e+00
2.970000e-01 0.000000e+00 -8.714386e+02 -1.795807e+01 0.000000e+00 0.000000e+00 0.000000e+00 4.729548e+01 3.837507e+01 1.691489e+03 -1.249317e+01 0.000000e+00 0.000000e+00 0.000000e+00 0.000000e+00 0.000000e+00 0.000000e+00 0.000000e+00 0.000000e+00 0.000000e+00
2.980000e-01 0.000000e+00 -8.697889e+02 -2.377568e+01 0.000000e+00 0.000000e+00 0.000000e+00 4.722227e+01 3.832612e+01 1.688011e+03 -1.269653e+01 0.000000e+00 0.000000e+00 0.000000e+00 0.000000e+00 0.000000e+00 0.000000e+00 0.000000e+00 0.000000e+00 0.000000e+00
2.990000e-01 0.000000e+00 -8.681961e+02 -2.961218e+01 0.000000e+00 0.000000e+00 0.000000e+00 4.714110e+01 3.826922e+01 1.684563e+03 -1.287898e+01 0.000000e+00 0.000000e+00 0.000000e+00 0.000000e+00 0.000000e+00 0.000000e+00 0.000000e+00 0.000000e+00 0.000000e+00
3.000000e-01 0.000000e+00 -8.666591e+02 -3.546779e+01 0.000000e+00 0.000000e+00 0.000000e+00 4.705185e+01 3.820426e+01 1.681146e+03 -1.304019e+01 0.000000e+00 0.000000e+00 0.000000e+00 0.000000e+00 0.000000e+00 0.000000e+00 0.000000e+00 0.000000e+00 0.000000e+00
3.010000e-01 0.000000e+00 -8.651767e+02 -4.134278e+01 0.000000e+00 0.000000e+00 0.000000e+00 4.695440e+01 3.813112e+01 1.677758e+03 -1.317980e+01 0.000000e+00 0.000000e+00 0.000000e+00 0.000000e+00 0.000000e+00 0.000000e+00 0.000000e+00 0.000000e+00 0.000000e+00
3.020000e-01 0.000000e+00 -8.637481e+02 -4.723739e+01 0.000000e+00 0.000000e+00 0.000000e+00 4.684864e+01 3.804969e+01 1.674400e+03 -1.329748e+01 0.000000e+00 0.000000e+00 0.000000e+00 0.000000e+00 0.000000e+00 0.000000e+00 0.000000e+00 0.000000e+00 0.000000e+00
3.030000e-01 0.000000e+00 -8.623722e+02 -5.315189e+01 0.000000e+00 0.000000e+00 0.000000e+00 4.673445e+01 3.795985e+01 1.671071e+03 -1.339291e+01 0.000000e+00 0.000000e+00 0.000000e+00 0.000000e+00 0.000000e+00 0.000000e+00 0.000000e+00 0.000000e+00 0.000000e+00
3.040000e-01 0.000000e+00 -8.610480e+02 -5.908655e+01 0.000000e+00 0.000000e+00 0.000000e+00 4.661172e+01 3.786148e+01 1.667771e+03 -1.346576e+01 0.000000e+00 0.000000e+00 0.000000e+00 0.000000e+00 0.000000e+00 0.000000e+00 0.000000e+00 0.000000e+00 0.000000e+00
3.050000e-01 0.000000e+00 -8.597744e+02 -6.504164e+01 0.000000e+00 0.000000e+00 0.000000e+00 4.648035e+01 3.775449e+01 1.664500e+03 -1.351572e+01 0.000000e+00 0.000000e+00 0.000000e+00 0.000000e+00 0.000000e+00 0.000000e+00 0.000000e+00 0.000000e+00 0.000000e+00
3.060000e-01 0.000000e+00 -8.585506e+02 -7.101742e+01 0.000000e+00 0.000000e+00 0.000000e+00 4.634022e+01 3.763876e+01 1.661259e+03 -1.354246e+01 0.000000e+00 0.000000e+00 0.000000e+00 0.000000e+00 0.000000e+00 0.000000e+00 0.000000e+00 0.000000e+00 0.000000e+00
3.070000e-01 0.000000e+00 -8.573755e+02 -7.701420e+01 0.000000e+00 0.000000e+00 0.000000e+00 4.619123e+01 3.751418e+01 1.658046e+03 -1.354570e+01 0.000000e+00 0.000000e+00 0.000000e+00 0.000000e+00 0.000000e+00 0.000000e+00 0.000000e+00 0.000000e+00 0.000000e+00
3.080000e-01 0.000000e+00 -8.562482e+02 -8.303223e+01 0.000000e+00 0.000000e+00 0.000000e+00 4.603329e+01 3.738066e+01 1.654861e+03 -1.352513e+01 0.000000e+00 0.000000e+00 0.000000e+00 0.000000e+00 0.000000e+00 0.000000e+00 0.000000e+00 0.000000e+00 0.000000e+00
3.090000e-01 0.000000e+00 -8.551676e+02 -8.907182e+01 0.000000e+00 0.000000e+00 0.000000e+00 4.586627e+01 3.723808e+01 1.651705e+03 -1.348047e+01 0.000000e+00 0.000000e+00 0.000000e+00 0.000000e+00 0.000000e+00 0.000000e+00 0.000000e+00 0.000000e+00 0.000000e+00
3.100000e-01 0.000000e+00 -8.541329e+02 -9.513324e+01 0.000000e+00 0.000000e+00 0.000000e+00 4.569010e+01 3.708635e+01 1.648576e+03 -1.341143e+01 0.000000e+00 0.000000e+00 0.000000e+00 0.000000e+00 0.000000e+00 0.000000e+00 0.000000e+00 0.000000e+00 0.000000e+00
3.110000e-01 0.000000e+00 -8.531431e+02 -1.012168e+02 0.000000e+00 0.000000e+00 0.000000e+00 4.550467e+01 3.692538e+01 1.645476e+03 -1.331774e+01 0.000000e+00 0.000000e+00 0.000000e+00 0.000000e+00 0.000000e+00 0.000000e+00 0.000000e+00 0.000000e+00 0.000000e+00
3.120000e-01 0.000000e+00 -8.521972e+02 -1.073228e+02 0.000000e+00 0.000000e+00 0.000000e+00 4.530988e+01 3.675507e+01 1.642403e+03 -1.319914e+01 0.000000e+00 0.000000e+00 0.000000e+00 0.000000e+00 0.000000e+00 0.000000e+00 0.000000e+00 0.000000e+00 0.000000e+00
3.130000e-01 0.000000e+00 -8.512943e+02 -1.134515e+02 0.000000e+00 0.000000e+00 0.000000e+00 4.510566e+01 3.657532e+01 1.639358e+03 -1.305535e+01 0.000000e+00 0.000000e+00 0.000000e+00 0.000000e+00 0.000000e+00 0.000000e+00 0.000000e+00 0.000000e+00 0.000000e+00
3.140000e-01 0.000000e+00 -8.504335e+02 -1.196033e+02 0.000000e+00 0.000000e+00 0.000000e+00 4.489189e+01 3.638605e+01 1.636340e+03 -1.288614e+01 0.000000e+00 0.000000e+00 0.000000e+00 0.000000e+00 0.000000e+00 0.000000e+00 0.000000e+00 0.000000e+00 0.000000e+00
3.150000e-01 0.000000e+00 -8.496138e+02 -1.257784e+02 0.000000e+00 0.000000e+00 0.000000e+00 4.466851e+01 3.618717e+01 1.633350e+03 -1.269124e+01 0.000000e+00 0.000000e+00 0.000000e+00 0.000000e+00 0.000000e+00 0.000000e+00 0.000000e+00 0.000000e+00 0.000000e+00
3.160000e-01 0.000000e+00 -8.488345e+02 -1.319771e+02 0.000000e+00 0.000000e+00 0.000000e+00 4.443542e+01 3.597860e+01 1.630386e+03 -1.247044e+01 0.000000e+00 0.000000e+00 0.000000e+00 0.000000e+00 0.000000e+00 0.000000e+00 0.000000e+00 0.000000e+00 0.000000e+00
3.170000e-01 0.000000e+00 -8.480945e+02 -1.381998e+02 0.000000e+00 0.000000e+00 0.000000e+00 4.419255e+01 3.576025e+01 1.627449e+03 -1.222349e+01 0.000000e+00 0.000000e+00 0.000000e+00 0.000000e+00 0.000000e+00 0.000000e+00 0.000000e+00 0.000000e+00 0.000000e+00
3.180000e-01 0.000000e+00 -8.473931e+02 -1.444468e+02 0.000000e+00 0.000000e+00 0.000000e+00 4.393980e+01 3.553204e+01 1.624539e+03 -1.195019e+01 0.000000e+00 0.000000e+00 0.000000e+00 0.000000e+00 0.000000e+00 0.000000e+00 0.000000e+00 0.000000e+00 0.000000e+00
3.190000e-01 0.000000e+00 -8.467293e+02 -1.507184e+02 0.000000e+00 0.000000e+00 0.000000e+00 4.367711e+01 3.529389e+01 1.621655e+03 -1.165030e+01 0.000000e+00 0.000000e+00 0.000000e+00 0.000000e+00 0.000000e+00 0.000000e+00 0.000000e+00 0.000000e+00 0.000000e+00
3.200000e-01 0.000000e+00 -8.461024e+02 -1.570149e+02 0.000000e+00 0.000000e+00 0.000000e+00 4.340440e+01 3.504574e+01 1.618798e+03 -1.132363e+01 0.000000e+00 0.000000e+00 0.000000e+00 0.000000e+00 0.000000e+00 0.000000e+00 0.000000e+00 0.000000e+00 0.000000e+00
3.210000e-01 0.000000e+00 -8.455114e+02 -1.633367e+02 0.000000e+00 0.000000e+00 0.000000e+00 4.312159e+01 3.478750e+01 1.615966e+03 -1.096998e+01 0.000000e+00 0.000000e+00 0.000000e+00 0.000000e+00 0.000000e+00 0.000000e+00 0.000000e+00 0.000000e+00 0.000000e+00
3.220000e-01 0.000000e+00 -8.449556e+02 -1.696840e+02 0.000000e+00 0.000000e+00 0.000000e+00 4.282862e+01 3.451911e+01 1.613160e+03 -1.058915e+01 0.000000e+00 0.000000e+00 0.000000e+00 0.000000e+00 0.000000e+00 0.000000e+00 0.000000e+00 0.000000e+00 0.000000e+00
3.230000e-01 0.000000e+00 -8.444341e+02 -1.760573e+02 0.000000e+00 0.000000e+00 0.000000e+00 4.252541e+01 3.424050e+01 1.610380e+03 -1.018098e+01 0.000000e+00 0.000000e+00 0.000000e+00 0.000000e+00 0.000000e+00 0.000000e+00 0.000000e+00 0.000000e+00 0.000000e+00
3.240000e-01 0.000000e+00 -8.439462e+02 -1.824568e+02 0.000000e+00 0.000000e+00 0.000000e+00 4.221191e+01 3.395160e+01 1.607626e+03 -9.745274e+00 0.000000e+00 0.000000e+00 0.000000e+00 0.000000e+00 0.000000e+00 0.000000e+00 0.000000e+00 0.000000e+00 0.000000e+00
3.250000e-01 0.000000e+00 -8.434908e+02 -1.888827e+02 0.000000e+00 0.000000e+00 0.000000e+00 4.188806e+01 3.365238e+01 1.604897e+03 -9.281907e+00 0.000000e+00 0.000000e+00 0.000000e+00 0.000000e+00 0.000000e+00 0.000000e+00 0.000000e+00 0.000000e+00 0.000000e+00
3.260000e-01 0.000000e+00 -8.430668e+02 -1.953353e+02 0.000000e+00 0.000000e+00 0.000000e+00 4.155384e+01 3.334278e+01 1.602193e+03 -8.790755e+00 0.000000e+00 0.000000e+00 0.000000e+00 0.000000e+00 0.000000e+00 0.000000e+00 0.000000e+00 0.000000e+00 0.000000e+00
3.270000e-01 0.000000e+00 -8.426734e+02 -2.018149e+02 0.000000e+00 0.000000e+00 0.000000e+00 4.120918e+01 3.302277e+01 1.599514e+03 -8.271682e+00 0.000000e+00 0.000000e+00 0.000000e+00 0.000000e+00 0.000000e+00 0.000000e+00 0.000000e+00 0.000000e+00 0.000000e+00
3.280000e-01 0.000000e+00 -8.423098e+02 -2.083216e+02 0.000000e+00 0.000000e+00 0.000000e+00 4.085405e+01 3.269229e+01 1.596859e+03 -7.724564e+00 0.000000e+00 0.000000e+00 0.000000e+00 0.000000e+00 0.000000e+00 0.000000e+00 0.000000e+00 0.000000e+00 0.000000e+00
3.290000e-01 0.000000e+00 -8.419751e+02 -2.148558e+02 0.000000e+00 0.000000e+00 0.000000e+00 4.048840e+01 3.235131e+01 1.594230e+03 -7.149283e+00 0.000000e+00 0.000000e+00 0.000000e+00 0.000000e+00 0.000000e+00 0.000000e+00 0.000000e+00 0.000000e+00 0.000000e+00
3.300000e-01 0.000000e+00 -8.416685e+02 -2.214178e+02 0.000000e+00 0.000000e+00 0.000000e+00 4.011219e+01 3.199978e+01 1.591625e+03 -6.545733e+00 0.000000e+00 0.000000e+00 0.000000e+00 0.000000e+00 0.000000e+00 0.000000e+00 0.000000e+00 0.000000e+00 0.000000e+00
3.310000e-01 0.000000e+00 -8.413892e+02 -2.280077e+02 0.000000e+00 0.000000e+00 0.000000e+00 3.972539e+01 3.163768e+01 1.589044e+03 -5.913817e+00 0.000000e+00 0.000000e+00 0.000000e+00 0.000000e+00 0.000000e+00 0.000000e+00 0.000000e+00 0.000000e+00 0.000000e+00
3.320000e-01 0.000000e+00 -8.411364e+02 -2.346260e+02 0.000000e+00 0.000000e+00 0.000000e+00 3.932797e+01 3.126496e+01 1.586487e+03 -5.253447e+00 0.000000e+00 0.000000e+00 0.000000e+00 0.000000e+00 0.000000e+00 0.000000e+00 0.000000e+00 0.000000e+00 0.000000e+00
3.330000e-01 0.000000e+00 -8.409093e+02 -2.412728e+02 0.000000e+00 0.000000e+00 0.000000e+00 3.891989e+01 3.088160e+01 1.583954e+03 -4.564545e+00 0.000000e+00 0.000000e+00 0.000000e+00 0.000000e+00 0.000000e+00 0.000000e+00 0.000000e+00 0.000000e+00 0.000000e+00
3.340000e-01 0.000000e+00 -8.407072e+02 -2.479485e+02 0.000000e+00 0.000000e+00 0.000000e+00 3.850113e+01 3.048757e+01 1.581445e+03 -3.847044e+00 0.000000e+00 0.000000e+00 0.000000e+00 0.000000e+00 0.000000e+00 0.000000e+00 0.000000e+00 0.000000e+00 0.000000e+00
3.350000e-01 0.000000e+00 -8.405293e+02 -2.546532e+02 0.000000e+00 0.000000e+00 0.000000e+00 3.807167e+01 3.008285e+01 1.578959e+03 -3.100885e+00 0.000000e+00 0.000000e+00 0.000000e+00 0.000000e+00 0.000000e+00 0.000000e+00 0.000000e+00 0.000000e+00 0.000000e+00
3.360000e-01 0.000000e+00 -8.403750e+02 -2.613873e+02 0.000000e+00 0.000000e+00 0.000000e+00 3.763148e+01 2.966743e+01 1.576497e+03 -2.326020e+00 0.000000e+00 0.000000e+00 0.000000e+00 0.000000e+00 0.000000e+00 0.000000e+00 0.000000e+00 0.000000e+00 0.000000e+00
3.370000e-01 0.000000e+00 -8.402434e+02 -2.681509e+02 0.000000e+00 0.000000e+00 0.000000e+00 3.718056e+01 2.924128e+01 1.574058e+03 -1.522409e+00 0.000000e+00 0.000000e+00 0.000000e+00 0.000000e+00 0.000000e+00 0.000000e+00 0.000000e+00 0.000000e+00 0.000000e+00
3.380000e-01 0.000000e+00 -8.401341e+02 -2.749444e+02 0.000000e+00 0.000000e+00 0.000000e+00 3.671888e+01 2.880440e+01 1.571642e+03 -6.900232e-01 0.000000e+00 0.000000e+00 0.000000e+00 0.000000e+00 0.000000e+00 0.000000e+00 0.000000e+00 0.000000e+00 0.000000e+00
3.390000e-01 0.000000e+00 -8.400461e+02 -2.817680e+02 0.000000e+00 0.000000e+00 0.000000e+00 3.624645e+01 2.835677e+01 1.569249e+03 1.711561e-01 0.000000e+00 0.000000e+00 0.000000e+00 0.000000e+00 0.000000e+00 0.000000e+00 0.000000e+00 0.000000e+00 0.000000e+00
3.400000e-01 0.000000e+00 -8.399791e+02 -2.886220e+02 0.000000e+00 0.000000e+00 0.000000e+00 3.576325e+01 2.789839e+01 1.566879e+03 1.061139e+00 0.000000e+00 0.000000e+00 0.000000e+00 0.000000e+00 0.000000e+00 0.000000e+00 0.000000e+00 0.000000e+00 0.000000e+00
3.410000e-01 0.000000e+00 -8.399322e+02 -2.955065e+02 0.000000e+00 0.000000e+00 0.000000e+00 3.526928e+01 2.742926e+01 1.564531e+03 1.979925e+00 0.000000e+00 0.000000e+00 0.000000e+00 0.000000e+00 0.000000e+00 0.000000e+00 0.000000e+00 0.000000e+00 0.000000e+00
3.420000e-01 0.000000e+00 -8.399048e+02 -3.024218e+02 0.000000e+00 0.000000e+00 0.000000e+00 3.476454e+01 2.694938e+01 1.562205e+03 2.927504e+00 0.000000e+00 0.000000e+00 0.000000e+00 0.000000e+00 0.000000e+00 0.000000e+00 0.000000e+00 0.000000e+00 0.000000e+00
3.430000e-01 0.000000e+00 -8.398965e+02 -3.093682e+02 0.000000e+00 0.000000e+00 0.000000e+00 3.424904e+01 2.645876e+01 1.559902e+03 3.903858e+00 0.000000e+00 0.000000e+00 0.000000e+00 0.000000e+00 0.000000e+00 0.000000e+00 0.000000e+00 0.000000e+00 0.000000e+00
3.440000e-01 0.000000e+00 -8.399066e+02 -3.163459e+02 0.000000e+00 0.000000e+00 0.000000e+00 3.372278e+01 2.595740e+01 1.557621e+03 4.908957e+00 0.000000e+00 0.000000e+00 0.000000e+00 0.000000e+00 0.000000e+00 0.000000e+00 0.000000e+00 0.000000e+00 0.000000e+00
3.450000e-01 0.000000e+00 -8.399346e+02 -3.233550e+02 0.000000e+00 0.000000e+00 0.000000e+00 3.318577e+01 2.544532e+01 1.555362e+03 5.942761e+00 0.000000e+00 0.000000e+00 0.000000e+00 0.000000e+00 0.000000e+00 0.000000e+00 0.000000e+00 0.000000e+00 0.000000e+00
3.460000e-01 0.000000e+00 -8.399799e+02 -3.303959e+02 0.000000e+00 0.000000e+00 0.000000e+00 3.263804e+01 2.492252e+01 1.553124e+03 7.005224e+00 0.000000e+00 0.000000e+00 0.000000e+00 0.000000e+00 0.000000e+00 0.000000e+00 0.000000e+00 0.000000e+00 0.000000e+00
3.470000e-01 0.000000e+00 -8.400420e+02 -3.374686e+02 0.000000e+00 0.000000e+00 0.000000e+00 3.207959e+01 2.438903e+01 1.550908e+03 8.096286e+00 0.000000e+00 0.000000e+00 0.000000e+00 0.000000e+00 0.000000e+00 0.000000e+00 0.000000e+00 0.000000e+00 0.000000e+00
3.480000e-01 0.000000e+00 -8.401205e+02 -3.445736e+02 0.000000e+00 0.000000e+00 0.000000e+00 3.151044e+01 2.384487e+01 1.548714e+03 9.215881e+00 0.000000e+00 0.000000e+00 0.000000e+00 0.000000e+00 0.000000e+00 0.000000e+00 0.000000e+00 0.000000e+00 0.000000e+00
3.490000e-01 0.000000e+00 -8.402148e+02 -3.517108e+02 0.000000e+00 0.000000e+00 0.000000e+00 3.093063e+01 2.329007e+01 1.546541e+03 1.036393e+01 0.000000e+00 0.000000e+00 0.000000e+00 0.000000e+00 0.000000e+00 0.000000e+00 0.000000e+00 0.000000e+00 0.000000e+00
3.500000e-01 0.000000e+00 -8.403245e+02 -3.588806e+02 0.000000e+00 0.000000e+00 0.000000e+00 3.034018e+01 2.272464e+01 1.544389e+03 1.154035e+01 0.000000e+00 0.000000e+00 0.000000e+00 0.000000e+00 0.000000e+00 0.000000e+00 0.000000e+00 0.000000e+00 0.000000e+00
3.510000e-01 0.000000e+00 -8.404493e+02 -3.660832e+02 0.000000e+00 0.000000e+00 0.000000e+00 2.973911e+01 2.214864e+01 1.542257e+03 1.274504e+01 0.000000e+00 0.000000e+00 0.000000e+00 0.000000e+00 0.000000e+00 0.000000e+00 0.000000e+00 0.000000e+00 0.000000e+00
3.520000e-01 0.000000e+00 -8.405886e+02 -3.733186e+02 0.000000e+00 0.000000e+00 0.000000e+00 2.912746e+01 2.156207e+01 1.540147e+03 1.397790e+01 0.000000e+00 0.000000e+00 0.000000e+00 0.000000e+00 0.000000e+00 0.000000e+00 0.000000e+00 0.000000e+00 0.000000e+00
3.530000e-01 0.000000e+00 -8.407419e+02 -3.805870e+02 0.000000e+00 0.000000e+00 0.000000e+00 2.850530e+01 2.096502e+01 1.538057e+03 1.523879e+01 0.000000e+00 0.000000e+00 0.000000e+00 0.000000e+00 0.000000e+00 0.000000e+00 0.000000e+00 0.000000e+00 0.000000e+00
3.540000e-01 0.000000e+00 -8.409087e+02 -3.878885e+02 0.000000e+00 0.000000e+00 0.000000e+00 2.787266e+01 2.035752e+01 1.535988e+03 1.652755e+01 0.000000e+00 0.000000e+00 0.000000e+00 0.000000e+00 0.000000e+00 0.000000e+00 0.000000e+00 0.000000e+00 0.000000e+00
3.550000e-01 0.000000e+00 -8.410888e+02 -3.952233e+02 0.000000e+00 0.000000e+00 0.000000e+00 2.722959e+01 1.973961e+01 1.533939e+03 1.784406e+01 0.000000e+00 0.000000e+00 0.000000e+00 0.000000e+00 0.000000e+00 0.000000e+00 0.000000e+00 0.000000e+00 0.000000e+00
3.560000e-01 0.000000e+00 -8.412818e+02 -4.025915e+02 0.000000e+00 0.000000e+00 0.000000e+00 2.657614e+01 1.911135e+01 1.531910e+03 1.918818e+01 0.000000e+00 0.000000e+00 0.000000e+00 0.000000e+00 0.000000e+00 0.000000e+00 0.000000e+00 0.000000e+00 0.000000e+00
3.570000e-01 0.000000e+00 -8.414875e+02 -4.099934e+02 0.000000e+00 0.000000e+00 0.000000e+00 2.591235e+01 1.847278e+01 1.529901e+03 2.055977e+01 0.000000e+00 0.000000e+00 0.000000e+00 0.000000e+00 0.000000e+00 0.000000e+00 0.000000e+00 0.000000e+00 0.000000e+00
3.580000e-01 0.000000e+00 -8.417057e+02 -4.174290e+02 0.000000e+00 0.000000e+00 0.000000e+00 2.523827e+01 1.782396e+01 1.527912e+03 2.195867e+01 0.000000e+00 0.000000e+00 0.000000e+00 0.000000e+00 0.000000e+00 0.000000e+00 0.000000e+00 0.000000e+00 0.000000e+00
3.590000e-01 0.000000e+00 -8.419360e+02 -4.248986e+02 0.000000e+00 0.000000e+00 0.000000e+00 2.455396e+01 1.716493e+01 1.525943e+03 2.338469e+01 0.000000e+00 0.000000e+00 0.000000e+00 0.000000e+00 0.000000e+00 0.000000e+00 0.000000e+00 0.000000e+00 0.000000e+00
3.600000e-01 0.000000e+00 -8.421784e+02 -4.324023e+02 0.000000e+00 0.000000e+00 0.000000e+00 2.385948e+01 1.649577e+01 1.523993e+03 2.483767e+01 0.000000e+00 0.000000e+00 0.000000e+00 0.000000e+00 0.000000e+00 0.000000e+00 0.000000e+00 0.000000e+00 0.000000e+00
3.610000e-01 0.000000e+00 -8.424325e+02 -4.399402e+02 0.000000e+00 0.000000e+00 0.000000e+00 2.315489e+01 1.581654e+01 1.522063e+03 2.631742e+01 0.000000e+00 0.000000e+00 0.000000e+00 0.000000e+00 0.000000e+00 0.000000e+00 0.000000e+00 0.000000e+00 0.000000e+00
3.620000e-01 0.000000e+00 -8.426982e+02 -4.475125e+02 0.000000e+00 0.000000e+00 0.000000e+00 2.244027e+01 1.512730e+01 1.520152e+03 2.782373e+01 0.000000e+00 0.000000e+00 0.000000e+00 0.000000e+00 0.000000e+00 0.000000e+00 0.000000e+00 0.000000e+00 0.000000e+00
3.630000e-01 0.000000e+00 -8.429752e+02 -4.551192e+02 0.000000e+00 0.000000e+00 0.000000e+00 2.171567e+01 1.442813e+01 1.518260e+03 2.935639e+01 0.000000e+00 0.000000e+00 0.000000e+00 0.000000e+00 0.000000e+00 0.000000e+00 0.000000e+00 0.000000e+00 0.000000e+00
3.640000e-01 0.000000e+00 -8.432636e+02 -4.627604e+02 0.000000e+00 0.000000e+00 0.000000e+00 2.098119e+01 1.371910e+01 1.516387e+03 3.091518e+01 0.000000e+00 0.000000e+00 0.000000e+00 0.000000e+00 0.000000e+00 0.000000e+00 0.000000e+00 0.000000e+00 0.000000e+00
3.650000e-01 0.000000e+00 -8.435630e+02 -4.704362e+02 0.000000e+00 0.000000e+00 0.000000e+00 2.023688e+01 1.300030e+01 1.514533e+03 3.249987e+01 0.000000e+00 0.000000e+00 0.000000e+00 0.000000e+00 0.000000e+00 0.000000e+00 0.000000e+00 0.000000e+00 0.000000e+00
3.660000e-01 0.000000e+00 -8.438734e+02 -4.781467e+02 0.000000e+00 0.000000e+00 0.000000e+00 1.948285e+01 1.227181e+01 1.512698e+03 3.411021e+01 0.000000e+00 0.000000e+00 0.000000e+00 0.000000e+00 0.000000e+00 0.000000e+00 0.000000e+00 0.000000e+00 0.000000e+00
3.670000e-01 0.000000e+00 -8.441946e+02 -4.858920e+02 0.000000e+00 0.000000e+00 0.000000e+00 1.871918e+01 1.153371e+01 1.510881e+03 3.574597e+01 0.000000e+00 0.000000e+00 0.000000e+00 0.000000e+00 0.000000e+00 0.000000e+00 0.000000e+00 0.000000e+00 0.000000e+00
3.680000e-01 0.000000e+00 -8.445266e+02 -4.936720e+02 0.000000e+00 0.000000e+00 0.000000e+00 1.794594e+01 1.078610e+01 1.509083e+03 3.740688e+01 0.000000e+00 0.000000e+00 0.000000e+00 0.000000e+00 0.000000e+00 0.000000e+00 0.000000e+00 0.000000e+00 0.000000e+00
3.690000e-01 0.000000e+00 -8.448693e+02 -5.014868e+02 0.000000e+00 0.000000e+00 0.000000e+00 1.716325e+01 1.002908e+01 1.507303e+03 3.909266e+01 0.000000e+00 0.000000e+00 0.000000e+00 0.000000e+00 0.000000e+00 0.000000e+00 0.000000e+00 0.000000e+00 0.000000e+00
3.700000e-01 0.000000e+00 -8.452226e+02 -5.093364e+02 0.000000e+00 0.000000e+00 0.000000e+00 1.637120e+01 9.262727e+00 1.505541e+03 4.080305e+01 0.000000e+00 0.000000e+00 0.000000e+00 0.000000e+00 0.000000e+00 0.000000e+00 0.000000e+00 0.000000e+00 0.000000e+00
3.710000e-01 0.000000e+00 -8.455864e+02 -5.172209e+02 0.000000e+00 0.000000e+00 0.000000e+00 1.556988e+01 8.487160e+00 1.503797e+03 4.253774e+01 0.000000e+00 0.000000e+00 0.000000e+00 0.000000e+00 0.000000e+00 0.000000e+00 0.000000e+00 0.000000e+00 0.000000e+00
3.720000e-01 0.000000e+00 -8.459608e+02 -5.251402e+02 0.000000e+00 0.000000e+00 0.000000e+00 1.475941e+01 7.702481e+00 1.502071e+03 4.429645e+01 0.000000e+00 0.000000e+00 0.000000e+00 0.000000e+00 0.000000e+00 0.000000e+00 0.000000e+00 0.000000e+00 0.000000e+00
3.730000e-01 0.000000e+00 -8.463457e+02 -5.330942e+02 0.000000e+00 0.000000e+00 0.000000e+00 1.393989e+01 6.908797e+00 1.500363e+03 4.607886e+01 0.000000e+00 0.000000e+00 0.000000e+00 0.000000e+00 0.000000e+00 0.000000e+00 0.000000e+00 0.000000e+00 0.000000e+00
3.740000e-01 0.000000e+00 -8.467412e+02 -5.410830e+02 0.000000e+00 0.000000e+00 0.000000e+00 1.311144e+01 6.106223e+00 1.498673e+03 4.788467e+01 0.000000e+00 0.000000e+00 0.000000e+00 0.000000e+00 0.000000e+00 0.000000e+00 0.000000e+00 0.000000e+00 0.000000e+00
3.750000e-01 0.000000e+00 -8.471472e+02 -5.491065e+02 0.000000e+00 0.000000e+00 0.000000e+00 1.227416e+01 5.294872e+00 1.497000e+03 4.971355e+01 0.000000e+00 0.000000e+00 0.000000e+00 0.000000e+00 0.000000e+00 0.000000e+00 0.000000e+00 0.000000e+00 0.000000e+00
3.760000e-01 0.000000e+00 -8.475637e+02 -5.571647e+02 0.000000e+00 0.000000e+00 0.000000e+00 1.142818e+01 4.474865e+00 1.495344e+03 5.156515e+01 0.000000e+00 0.000000e+00 0.000000e+00 0.000000e+00 0.000000e+00 0.000000e+00 0.000000e+00 0.000000e+00 0.000000e+00
3.770000e-01 0.000000e+00 -8.479909e+02 -5.652574e+02 0.000000e+00 0.000000e+00 0.000000e+00 1.057362e+01 3.646324e+00 1.493706e+03 5.343916e+01 0.000000e+00 0.000000e+00 0.000000e+00 0.000000e+00 0.000000e+00 0.000000e+00 0.000000e+00 0.000000e+00 0.000000e+00
3.780000e-01 0.000000e+00 -8.484288e+02 -5.733846e+02 0.000000e+00 0.000000e+00 0.000000e+00 9.710609e+00 2.809374e+00 1.492084e+03 5.533520e+01 0.000000e+00 0.000000e+00 0.000000e+00 0.000000e+00 0.000000e+00 0.000000e+00 0.000000e+00 0.000000e+00 0.000000e+00
3.790000e-01 0.000000e+00 -8.488775e+02 -5.815461e+02 0.000000e+00 0.000000e+00 0.000000e+00 8.839266e+00 1.964143e+00 1.490480e+03 5.725293e+01 0.000000e+00 0.000000e+00 0.000000e+00 0.000000e+00 0.000000e+00 0.000000e+00 0.000000e+00 0.000000e+00 0.000000e+00
3.800000e-01 0.000000e+00 -8.493373e+02 -5.897421e+02 0.000000e+00 0.000000e+00 0.000000e+00 7.959710e+00 1.110746e+00 1.488893e+03 5.919201e+01 0.000000e+00 0.000000e+00 0.000000e+00 0.000000e+00 0.000000e+00 0.000000e+00 0.000000e+00 0.000000e+00 0.000000e+00
3.810000e-01 0.000000e+00 -8.498084e+02 -5.979724e+02 0.000000e+00 0.000000e+00 0.000000e+00 7.072058e+00 2.493041e-01 1.487322e+03 6.115208e+01 0.000000e+00 0.000000e+00 0.000000e+00 0.000000e+00 0.000000e+00 0.000000e+00 0.000000e+00 0.000000e+00 0.000000e+00
3.820000e-01 0.000000e+00 -8.502912e+02 -6.062371e+02 0.000000e+00 0.000000e+00 0.000000e+00 6.176431e+00 -6.200615e-01 1.485768e+03 6.313280e+01 0.000000e+00 0.000000e+00 0.000000e+00 0.000000e+00 0.000000e+00 0.000000e+00 0.000000e+00 0.000000e+00 0.000000e+00
3.830000e-01 0.000000e+00 -8.507858e+02 -6.145361e+02 0.000000e+00 0.000000e+00 0.000000e+00 5.272953e+00 -1.497224e+00 1.484230e+03 6.513379e+01 0.000000e+00 0.000000e+00 0.000000e+00 0.000000e+00 0.000000e+00 0.000000e+00 0.000000e+00 0.000000e+00 0.000000e+00
3.840000e-01 0.000000e+00 -8.512926e+02 -6.228694e+02 0.000000e+00 0.000000e+00 0.000000e+00 4.361754e+00 -2.382056e+00 1.482709e+03 6.715470e+01 0.000000e+00 0.000000e+00 0.000000e+00 0.000000e+00 0.000000e+00 0.000000e+00 0.000000e+00 0.000000e+00 0.000000e+00
3.850000e-01 0.000000e+00 -8.518119e+02 -6.312369e+02 0.000000e+00 0.000000e+00 0.000000e+00 3.442964e+00 -3.274422e+00 1.481204e+03 6.919512e+01 0.000000e+00 0.000000e+00 0.000000e+00 0.000000e+00 0.000000e+00 0.000000e+00 0.000000e+00 0.000000e+00 0.000000e+00
3.860000e-01 0.000000e+00 -8.523440e+02 -6.396385e+02 0.000000e+00 0.000000e+00 0.000000e+00 2.516718e+00 -4.174188e+00 1.479716e+03 7.125469e+01 0.000000e+00 0.000000e+00 0.000000e+00 0.000000e+00 0.000000e+00 0.000000e+00 0.000000e+00 0.000000e+00 0.000000e+00
3.870000e-01 0.000000e+00 -8.528893e+02 -6.480742e+02 0.000000e+00 0.000000e+00 0.000000e+00 1.583155e+00 -5.081214e+00 1.478243e+03 7.333299e+01 0.000000e+00 0.000000e+00 0.000000e+00 0.000000e+00 0.000000e+00 0.000000e+00 0.000000e+00 0.000000e+00 0.000000e+00
3.880000e-01 0.000000e+00 -8.534479e+02 -6.565437e+02 0.000000e+00 0.000000e+00 0.000000e+00 6.424160e-01 -5.995357e+00 1.476786e+03 7.542963e+01 0.000000e+00 0.000000e+00 0.000000e+00 0.000000e+00 0.000000e+00 0.000000e+00 0.000000e+00 0.000000e+00 0.000000e+00
3.890000e-01 0.000000e+00 -8.540204e+02 -6.650470e+02 0.000000e+00 0.000000e+00 0.000000e+00 -3.053542e-01 -6.916472e+00 1.475345e+03 7.754418e+01 0.000000e+00 0.000000e+00 0.000000e+00 0.000000e+00 0.000000e+00 0.000000e+00 0.000000e+00 0.000000e+00 0.000000e+00
3.900000e-01 0.000000e+00 -8.546070e+02 -6.735839e+02 0.000000e+00 0.000000e+00 0.000000e+00 -1.260007e+00 -7.844410e+00 1.473920e+03 7.967624e+01 0.000000e+00 0.000000e+00 0.000000e+00 0.000000e+00 0.000000e+00 0.000000e+00 0.000000e+00 0.000000e+00 0.000000e+00
3.910000e-01 0.000000e+00 -8.552081e+02 -6.821542e+02 0.000000e+00 0.000000e+00 0.000000e+00 -2.221393e+00 -8.779020e+00 1.472511e+03 8.182537e+01 0.000000e+00 0.000000e+00 0.000000e+00 0.000000e+00 0.000000e+00 0.000000e+00 0.000000e+00 0.000000e+00 0.000000e+00
3.920000e-01 0.000000e+00 -8.558241e+02 -6.907577e+02 0.000000e+00 0.000000e+00 0.000000e+00 -3.189355e+00 -9.720145e+00 1.471117e+03 8.399114e+01 0.000000e+00 0.000000e+00 0.000000e+00 0.000000e+00 0.000000e+00 0.000000e+00 0.000000e+00 0.000000e+00 0.000000e+00
3.930000e-01 0.000000e+00 -8.564554e+02 -6.993943e+02 0.000000e+00 0.000000e+00 0.000000e+00 -4.163739e+00 -1.066763e+01 1.469738e+03 8.617310e+01 0.000000e+00 0.000000e+00 0.000000e+00 0.000000e+00 0.000000e+00 0.000000e+00 0.000000e+00 0.000000e+00 0.000000e+00
3.940000e-01 0.000000e+00 -8.571022e+02 -7.080637e+02 0.000000e+00 0.000000e+00 0.000000e+00 -5.144382e+00 -1.162131e+01 1.468374e+03 8.837081e+01 0.000000e+00 0.000000e+00 0.000000e+00 0.000000e+00 0.000000e+00 0.000000e+00 0.000000e+00 0.000000e+00 0.000000e+00
3.950000e-01 0.000000e+00 -8.577651e+02 -7.167657e+02 0.000000e+00 0.000000e+00 0.000000e+00 -6.131122e+00 -1.258103e+01 1.467026e+03 9.058381e+01 0.000000e+00 0.000000e+00 0.000000e+00 0.000000e+00 0.000000e+00 0.000000e+00 0.000000e+00 0.000000e+00 0.000000e+00
3.960000e-01 0.000000e+00 -8.584445e+02 -7.255000e+02 0.000000e+00 0.000000e+00 0.000000e+00 -7.123793e+00 -1.354661e+01 1.465693e+03 9.281164e+01 0.000000e+00 0.000000e+00 0.000000e+00 0.000000e+00 0.000000e+00 0.000000e+00 0.000000e+00 0.000000e+00 0.000000e+00
3.970000e-01 0.000000e+00 -8.591407e+02 -7.342663e+02 0.000000e+00 0.000000e+00 0.000000e+00 -8.122226e+00 -1.451790e+01 1.464375e+03 9.505384e+01 0.000000e+00 0.000000e+00 0.000000e+00 0.000000e+00 0.000000e+00 0.000000e+00 0.000000e+00 0.000000e+00 0.000000e+00
3.980000e-01 0.000000e+00 -8.598542e+02 -7.430644e+02 0.000000e+00 0.000000e+00 0.000000e+00 -9.126250e+00 -1.549471e+01 1.463071e+03 9.730992e+01 0.000000e+00 0.000000e+00 0.000000e+00 0.000000e+00 0.000000e+00 0.000000e+00 0.000000e+00 0.000000e+00 0.000000e+00
3.990000e-01 0.000000e+00 -8.605854e+02 -7.518939e+02 0.000000e+00 0.000000e+00 0.000000e+00 -1.013569e+01 -1.647687e+01 1.461783e+03 9.957941e+01 0.000000e+00 0.000000e+00 0.000000e+00 0.000000e+00 0.000000e+00 0.000000e+00 0.000000e+00 0.000000e+00 0.000000e+00
4.000000e-01 0.000000e+00 -8.613347e+02 -7.607545e+02 0.000000e+00 0.000000e+00 0.000000e+00 -1.115037e+01 -1.746422e+01 1.460509e+03 1.018618e+02 0.000000e+00 0.000000e+00 0.000000e+00 0.000000e+00 0.000000e+00 0.000000e+00 0.000000e+00 0.000000e+00 0.000000e+00
4.010000e-01 0.000000e+00 -8.621027e+02 -7.696459e+02 0.000000e+00 0.000000e+00 0.000000e+00 -1.217011e+01 -1.845655e+01 1.459249e+03 1.041567e+02 0.000000e+00 0.000000e+00 0.000000e+00 0.000000e+00 0.000000e+00 0.000000e+00 0.000000e+00 0.000000e+00 0.000000e+00
4.020000e-01 0.000000e+00 -8.628897e+02 -7.785677e+02 0.000000e+00 0.000000e+00 0.000000e+00 -1.319472e+01 -1.945371e+01 1.458005e+03 1.064634e+02 0.000000e+00 0.000000e+00 0.000000e+00 0.000000e+00 0.000000e+00 0.000000e+00 0.000000e+00 0.000000e+00 0.000000e+00
4.030000e-01 0.000000e+00 -8.636962e+02 -7.875195e+02 0.000000e+00 0.000000e+00 0.000000e+00 -1.422403e+01 -2.045550e+01 1.456774e+03 1.087816e+02 0.000000e+00 0.000000e+00 0.000000e+00 0.000000e+00 0.000000e+00 0.000000e+00 0.000000e+00 0.000000e+00 0.000000e+00
4.040000e-01 0.000000e+00 -8.645228e+02 -7.965011e+02 0.000000e+00 0.000000e+00 0.000000e+00 -1.525786e+01 -2.146174e+01 1.455558e+03 1.111108e+02 0.000000e+00 0.000000e+00 0.000000e+00 0.000000e+00 0.000000e+00 0.000000e+00 0.000000e+00 0.000000e+00 0.000000e+00
4.050000e-01 0.000000e+00 -8.653701e+02 -8.055121e+02 0.000000e+00 0.000000e+00 0.000000e+00 -1.629604e+01 -2.247227e+01 1.454356e+03 1.134504e+02 0.000000e+00 0.000000e+00 0.000000e+00 0.000000e+00 0.000000e+00 0.000000e+00 0.000000e+00 0.000000e+00 0.000000e+00
4.060000e-01 0.000000e+00 -8.662389e+02 -8.145525e+02 0.000000e+00 0.000000e+00 0.000000e+00 -1.733842e+01 -2.348694e+01 1.453168e+03 1.158000e+02 0.000000e+00 0.000000e+00 0.000000e+00 0.000000e+00 0.000000e+00 0.000000e+00 0.000000e+00 0.000000e+00 0.000000e+00
4.070000e-01 0.000000e+00 -8.671298e+02 -8.236219e+02 0.000000e+00 0.000000e+00 0.000000e+00 -1.838482e+01 -2.450557e+01 1.451994e+03 1.181591e+02 0.000000e+00 0.000000e+00 0.000000e+00 0.000000e+00 0.000000e+00 0.000000e+00 0.000000e+00 0.000000e+00 0.000000e+00
4.080000e-01 0.000000e+00 -8.680434e+02 -8.327200e+02 0.000000e+00 0.000000e+00 0.000000e+00 -1.943507e+01 -2.552797e+01 1.450834e+03 1.205273e+02 0.000000e+00 0.000000e+00 0.000000e+00 0.000000e+00 0.000000e+00 0.000000e+00 0.000000e+00 0.000000e+00 0.000000e+00
4.090000e-01 0.000000e+00 -8.689803e+02 -8.418465e+02 0.000000e+00 0.000000e+00 0.000000e+00 -2.048900e+01 -2.655399e+01 1.449687e+03 1.229039e+02 0.000000e+00 0.000000e+00 0.000000e+00 0.000000e+00 0.000000e+00 0.000000e+00 0.000000e+00 0.000000e+00 0.000000e+00
4.100000e-01 0.000000e+00 -8.699412e+02 -8.510011e+02 0.000000e+00 0.000000e+00 0.000000e+00 -2.154642e+01 -2.758343e+01 1.448555e+03 1.252886e+02 0.000000e+00 0.000000e+00 0.000000e+00 0.000000e+00 0.000000e+00 0.000000e+00 0.000000e+00 0.000000e+00 0.000000e+00
4.110000e-01 0.000000e+00 -8.709267e+02 -8.601835e+02 0.000000e+00 0.000000e+00 0.000000e+00 -2.260716e+01 -2.861612e+01 1.447436e+03 1.276809e+02 0.000000e+00 0.000000e+00 0.000000e+00 0.000000e+00 0.000000e+00 0.000000e+00 0.000000e+00 0.000000e+00 0.000000e+00
4.120000e-01 0.000000e+00 -8.719376e+02 -8.693932e+02 0.000000e+00 0.000000e+00 0.000000e+00 -2.367103e+01 -2.965189e+01 1.446331e+03 1.300801e+02 0.000000e+00 0.000000e+00 0.000000e+00 0.000000e+00 0.000000e+00 0.000000e+00 0.000000e+00 0.000000e+00 0.000000e+00
4.130000e-01 0.000000e+00 -8.729744e+02 -8.786299e+02 0.000000e+00 0.000000e+00 0.000000e+00 -2.473787e+01 -3.069054e+01 1.445239e+03 1.324859e+02 0.000000e+00 0.000000e+00 0.000000e+00 0.000000e+00 0.000000e+00 0.000000e+00 0.000000e+00 0.000000e+00 0.000000e+00
4.140000e-01 0.000000e+00 -8.740379e+02 -8.878932e+02 0.000000e+00 0.000000e+00 0.000000e+00 -2.580747e+01 -3.173189e+01 1.444161e+03 1.348976e+02 0.000000e+00 0.000000e+00 0.000000e+00 0.000000e+00 0.000000e+00 0.000000e+00 0.000000e+00 0.000000e+00 0.000000e+00
4.150000e-01 0.000000e+00 -8.751286e+02 -8.971828e+02 0.000000e+00 0.000000e+00 0.000000e+00 -2.687966e+01 -3.277576e+01 1.443096e+03 1.373148e+02 0.000000e+00 0.000000e+00 0.000000e+00 0.000000e+00 0.000000e+00 0.000000e+00 0.000000e+00 0.000000e+00 0.000000e+00
4.160000e-01 0.000000e+00 -8.762473e+02 -9.064981e+02 0.000000e+00 0.000000e+00 0.000000e+00 -2.795425e+01 -3.382196e+01 1.442044e+03 1.397370e+02 0.000000e+00 0.000000e+00 0.000000e+00 0.000000e+00 0.000000e+00 0.000000e+00 0.000000e+00 0.000000e+00 0.000000e+00
4.170000e-01 0.000000e+00 -8.773946e+02 -9.158388e+02 0.000000e+00 0.000000e+00 0.000000e+00 -2.903105e+01 -3.487030e+01 1.441005e+03 1.421637e+02 0.000000e+00 0.000000e+00 0.000000e+00 0.000000e+00 0.000000e+00 0.000000e+00 0.000000e+00 0.000000e+00 0.000000e+00
4.180000e-01 0.000000e+00 -8.785713e+02 -9.252044e+02 0.000000e+00 0.000000e+00 0.000000e+00 -3.010987e+01 -3.592059e+01 1.439979e+03 1.445943e+02 0.000000e+00 0.000000e+00 0.000000e+00 0.000000e+00 0.000000e+00 0.000000e+00 0.000000e+00 0.000000e+00 0.000000e+00
4.190000e-01 0.000000e+00 -8.797779e+02 -9.345944e+02 0.000000e+00 0.000000e+00 0.000000e+00 -3.119052e+01 -3.697264e+01 1.438967e+03 1.470282e+02 0.000000e+00 0.000000e+00 0.000000e+00 0.000000e+00 0.000000e+00 0.000000e+00 0.000000e+00 0.000000e+00 0.000000e+00
4.200000e-01 0.000000e+00 -8.810152e+02 -9.440084e+02 0.000000e+00 0.000000e+00 0.000000e+00 -3.227281e+01 -3.802627e+01 1.437967e+03 1.494651e+02 0.000000e+00 0.000000e+00 0.000000e+00 0.000000e+00 0.000000e+00 0.000000e+00 0.000000e+00 0.000000e+00 0.000000e+00
4.210000e-01 0.000000e+00 -8.822838e+02 -9.534459e+02 0.000000e+00 0.000000e+00 0.000000e+00 -3.335654e+01 -3.908127e+01 1.436980e+03 1.519043e+02 0.000000e+00 0.000000e+00 0.000000e+00 0.000000e+00 0.000000e+00 0.000000e+00 0.000000e+00 0.000000e+00 0.000000e+00
4.220000e-01 0.000000e+00 -8.835844e+02 -9.629062e+02 0.000000e+00 0.000000e+00 0.000000e+00 -3.444152e+01 -4.013745e+01 1.436006e+03 1.543453e+02 0.000000e+00 0.000000e+00 0.000000e+00 0.000000e+00 0.000000e+00 0.000000e+00 0.000000e+00 0.000000e+00 0.000000e+00
4.230000e-01 0.000000e+00 -8.849177e+02 -9.723891e+02 0.000000e+00 0.000000e+00 0.000000e+00 -3.552755e+01 -4.119462e+01 1.435045e+03 1.567875e+02 0.000000e+00 0.000000e+00 0.000000e+00 0.000000e+00 0.000000e+00 0.000000e+00 0.000000e+00 0.000000e+00 0.000000e+00
4.240000e-01 0.000000e+00 -8.862844e+02 -9.818937e+02 0.000000e+00 0.000000e+00 0.000000e+00 -3.661444e+01 -4.225258e+01 1.434096e+03 1.592306e+02 0.000000e+00 0.000000e+00 0.000000e+00 0.000000e+00 0.000000e+00 0.000000e+00 0.000000e+00 0.000000e+00 0.000000e+00
4.250000e-01 0.000000e+00 -8.876851e+02 -9.914198e+02 0.000000e+00 0.000000e+00 0.000000e+00 -3.770199e+01 -4.331114e+01 1.433160e+03 1.616738e+02 0.000000e+00 0.000000e+00 0.000000e+00 0.000000e+00 0.000000e+00 0.000000e+00 0.000000e+00 0.000000e+00 0.000000e+00
4.260000e-01 0.000000e+00 -8.891206e+02 -1.000967e+03 0.000000e+00 0.000000e+00 0.000000e+00 -3.879000e+01 -4.437009e+01 1.432236e+03 1.641167e+02 0.000000e+00 0.000000e+00 0.000000e+00 0.000000e+00 0.000000e+00 0.000000e+00 0.000000e+00 0.000000e+00 0.000000e+00
4.270000e-01 0.000000e+00 -8.905915e+02 -1.010533e+03 0.000000e+00 0.000000e+00 0.000000e+00 -3.987828e+01 -4.542924e+01 1.431325e+03 1.665588e+02 0.000000e+00 0.000000e+00 0.000000e+00 0.000000e+00 0.000000e+00 0.000000e+00 0.000000e+00 0.000000e+00 0.000000e+00
4.280000e-01 0.000000e+00 -8.920985e+02 -1.020120e+03 0.000000e+00 0.000000e+00 0.000000e+00 -4.096661e+01 -4.648840e+01 1.430426e+03 1.689995e+02 0.000000e+00 0.000000e+00 0.000000e+00 0.000000e+00 0.000000e+00 0.000000e+00 0.000000e+00 0.000000e+00 0.000000e+00
4.290000e-01 0.000000e+00 -8.936425e+02 -1.029726e+03 0.000000e+00 0.000000e+00 0.000000e+00 -4.205484e+01 -4.754738e+01 1.429539e+03 1.714383e+02 0.000000e+00 0.000000e+00 0.000000e+00 0.000000e+00 0.000000e+00 0.000000e+00 0.000000e+00 0.000000e+00 0.000000e+00
4.300000e-01 0.000000e+00 -8.952242e+02 -1.039350e+03 0.000000e+00 0.000000e+00 0.000000e+00 -4.314278e+01 -4.860601e+01 1.428665e+03 1.738747e+02 0.000000e+00 0.000000e+00 0.000000e+00 0.000000e+00 0.000000e+00 0.000000e+00 0.000000e+00 0.000000e+00 0.000000e+00
4.310000e-01 0.000000e+00 -8.968444e+02 -1.048993e+03 0.000000e+00 0.000000e+00 0.000000e+00 -4.423024e+01 -4.966410e+01 1.427802e+03 1.763082e+02 0.000000e+00 0.000000e+00 0.000000e+00 0.000000e+00 0.000000e+00 0.000000e+00 0.000000e+00 0.000000e+00 0.000000e+00
4.320000e-01 0.000000e+00 -8.985039e+02 -1.058653e+03 0.000000e+00 0.000000e+00 0.000000e+00 -4.531705e+01 -5.072148e+01 1.426952e+03 1.787384e+02 0.000000e+00 0.000000e+00 0.000000e+00 0.000000e+00 0.000000e+00 0.000000e+00 0.000000e+00 0.000000e+00 0.000000e+00
4.330000e-01 0.000000e+00 -9.002034e+02 -1.068330e+03 0.000000e+00 0.000000e+00 0.000000e+00 -4.640301e+01 -5.177794e+01 1.426113e+03 1.811646e+02 0.000000e+00 0.000000e+00 0.000000e+00 0.000000e+00 0.000000e+00 0.000000e+00 0.000000e+00 0.000000e+00 0.000000e+00
4.340000e-01 0.000000e+00 -9.019437e+02 -1.078024e+03 0.000000e+00 0.000000e+00 0.000000e+00 -4.748794e+01 -5.283332e+01 1.425287e+03 1.835864e+02 0.000000e+00 0.000000e+00 0.000000e+00 0.000000e+00 0.000000e+00 0.000000e+00 0.000000e+00 0.000000e+00 0.000000e+00
4.350000e-01 0.000000e+00 -9.037256e+02 -1.087734e+03 0.000000e+00 0.000000e+00 0.000000e+00 -4.857166e+01 -5.388743e+01 1.424473e+03 1.860033e+02 0.000000e+00 0.000000e+00 0.000000e+00 0.000000e+00 0.000000e+00 0.000000e+00 0.000000e+00 0.000000e+00 0.000000e+00
4.360000e-01 0.000000e+00 -9.055498e+02 -1.097459e+03 0.000000e+00 0.000000e+00 0.000000e+00 -4.965398e+01 -5.494007e+01 1.423670e+03 1.884148e+02 0.000000e+00 0.000000e+00 0.000000e+00 0.000000e+00 0.000000e+00 0.000000e+00 0.000000e+00 0.000000e+00 0.000000e+00
4.370000e-01 0.000000e+00 -9.074170e+02 -1.107200e+03 0.000000e+00 0.000000e+00 0.000000e+00 -5.073472e+01 -5.599107e+01 1.422879e+03 1.908204e+02 0.000000e+00 0.000000e+00 0.000000e+00 0.000000e+00 0.000000e+00 0.000000e+00 0.000000e+00 0.000000e+00 0.000000e+00
4.380000e-01 0.000000e+00 -9.093281e+02 -1.116954e+03 0.000000e+00 0.000000e+00 0.000000e+00 -5.181369e+01 -5.704024e+01 1.422099e+03 1.932196e+02 0.000000e+00 0.000000e+00 0.000000e+00 0.000000e+00 0.000000e+00 0.000000e+00 0.000000e+00 0.000000e+00 0.000000e+00
4.390000e-01 0.000000e+00 -9.112837e+02 -1.126722e+03 0.000000e+00 0.000000e+00 0.000000e+00 -5.289071e+01 -5.808741e+01 1.421332e+03 1.956118e+02 0.000000e+00 0.000000e+00 0.000000e+00 0.000000e+00 0.000000e+00 0.000000e+00 0.000000e+00 0.000000e+00 0.000000e+00
4.400000e-01 0.000000e+00 -9.132846e+02 -1.136503e+03 0.000000e+00 0.000000e+00 0.000000e+00 -5.396559e+01 -5.913238e+01 1.420576e+03 1.979967e+02 0.000000e+00 0.000000e+00 0.000000e+00 0.000000e+00 0.000000e+00 0.000000e+00 0.000000e+00 0.000000e+00 0.000000e+00
4.410000e-01 0.000000e+00 -9.153315e+02 -1.146297e+03 0.000000e+00 0.000000e+00 0.000000e+00 -5.503815e+01 -6.017498e+01 1.419831e+03 2.003736e+02 0.000000e+00 0.000000e+00 0.000000e+00 0.000000e+00 0.000000e+00 0.000000e+00 0.000000e+00 0.000000e+00 0.000000e+00
4.420000e-01 0.000000e+00 -9.174252e+02 -1.156102e+03 0.000000e+00 0.000000e+00 0.000000e+00 -5.610822e+01 -6.121502e+01 1.419098e+03 2.027422e+02 0.000000e+00 0.000000e+00 0.000000e+00 0.000000e+00 0.000000e+00 0.000000e+00 0.000000e+00 0.000000e+00 0.000000e+00
4.430000e-01 0.000000e+00 -9.195663e+02 -1.165918e+03 0.000000e+00 0.000000e+00 0.000000e+00 -5.717560e+01 -6.225233e+01 1.418376e+03 2.051018e+02 0.000000e+00 0.000000e+00 0.000000e+00 0.000000e+00 0.000000e+00 0.000000e+00 0.000000e+00 0.000000e+00 0.000000e+00
4.440000e-01 0.000000e+00 -9.217557e+02 -1.175745e+03 0.000000e+00 0.000000e+00 0.000000e+00 -5.824012e+01 -6.328672e+01 1.417665e+03 2.074521e+02 0.000000e+00 0.000000e+00 0.000000e+00 0.000000e+00 0.000000e+00 0.000000e+00 0.000000e+00 0.000000e+00 0.000000e+00
4.450000e-01 0.000000e+00 -9.239940e+02 -1.185582e+03 0.000000e+00 0.000000e+00 0.000000e+00 -5.930160e+01 -6.431801e+01 1.416966e+03 2.097926e+02 0.000000e+00 0.000000e+00 0.000000e+00 0.000000e+00 0.000000e+00 0.000000e+00 0.000000e+00 0.000000e+00 0.000000e+00
4.460000e-01 0.000000e+00 -9.262820e+02 -1.195427e+03 0.000000e+00 0.000000e+00 0.000000e+00 -6.035985e+01 -6.534603e+01 1.416278e+03 2.121228e+02 0.000000e+00 0.000000e+00 0.000000e+00 0.000000e+00 0.000000e+00 0.000000e+00 0.000000e+00 0.000000e+00 0.000000e+00
4.470000e-01 0.000000e+00 -9.286203e+02 -1.205282e+03 0.000000e+00 0.000000e+00 0.000000e+00 -6.141470e+01 -6.637060e+01 1.415601e+03 2.144422e+02 0.000000e+00 0.000000e+00 0.000000e+00 0.000000e+00 0.000000e+00 0.000000e+00 0.000000e+00 0.000000e+00 0.000000e+00
4.480000e-01 0.000000e+00 -9.310096e+02 -1.215144e+03 0.000000e+00 0.000000e+00 0.000000e+00 -6.246597e+01 -6.739154e+01 1.414935e+03 2.167503e+02 0.000000e+00 0.000000e+00 0.000000e+00 0.000000e+00 0.000000e+00 0.000000e+00 0.000000e+00 0.000000e+00 0.000000e+00
4.490000e-01 0.000000e+00 -9.334507e+02 -1.225013e+03 0.000000e+00 0.000000e+00 0.000000e+00 -6.351349e+01 -6.840868e+01 1.414281e+03 2.190467e+02 0.000000e+00 0.000000e+00 0.000000e+00 0.000000e+00 0.000000e+00 0.000000e+00 0.000000e+00 0.000000e+00 0.000000e+00
4.500000e-01 0.000000e+00 -9.359442e+02 -1.234888e+03 0.000000e+00 0.000000e+00 0.000000e+00 -6.455707e+01 -6.942185e+01 1.413637e+03 2.213309e+02 0.000000e+00 0.000000e+00 0.000000e+00 0.000000e+00 0.000000e+00 0.000000e+00 0.000000e+00 0.000000e+00 0.000000e+00
4.510000e-01 0.000000e+00 -9.384908e+02 -1.244769e+03 0.000000e+00 0.000000e+00 0.000000e+00 -6.559655e+01 -7.043086e+01 1.413004e+03 2.236025e+02 0.000000e+00 0.000000e+00 0.000000e+00 0.000000e+00 0.000000e+00 0.000000e+00 0.000000e+00 0.000000e+00 0.000000e+00
4.520000e-01 0.000000e+00 -9.410912e+02 -1.254655e+03 0.000000e+00 0.000000e+00 0.000000e+00 -6.663175e+01 -7.143555e+01 1.412382e+03 2.258610e+02 0.000000e+00 0.000000e+00 0.000000e+00 0.000000e+00 0.000000e+00 0.000000e+00 0.000000e+00 0.000000e+00 0.000000e+00
4.530000e-01 0.000000e+00 -9.437461e+02 -1.264545e+03 0.000000e+00 0.000000e+00 0.000000e+00 -6.766250e+01 -7.243576e+01 1.411771e+03 2.281060e+02 0.000000e+00 0.000000e+00 0.000000e+00 0.000000e+00 0.000000e+00 0.000000e+00 0.000000e+00 0.000000e+00 0.000000e+00
4.540000e-01 0.000000e+00 -9.464563e+02 -1.274439e+03 0.000000e+00 0.000000e+00 0.000000e+00 -6.868867e+01 -7.343135e+01 1.411170e+03 2.303371e+02 0.000000e+00 0.000000e+00 0.000000e+00 0.000000e+00 0.000000e+00 0.000000e+00 0.000000e+00 0.000000e+00 0.000000e+00
4.550000e-01 0.000000e+00 -9.492224e+02 -1.284336e+03 0.000000e+00 0.000000e+00 0.000000e+00 -6.971009e+01 -7.442215e+01 1.410581e+03 2.325538e+02 0.000000e+00 0.000000e+00 0.000000e+00 0.000000e+00 0.000000e+00 0.000000e+00 0.000000e+00 0.000000e+00 0.000000e+00
4.560000e-01 0.000000e+00 -9.520452e+02 -1.294235e+03 0.000000e+00 0.000000e+00 0.000000e+00 -7.072660e+01 -7.540800e+01 1.410002e+03 2.347557e+02 0.000000e+00 0.000000e+00 0.000000e+00 0.000000e+00 0.000000e+00 0.000000e+00 0.000000e+00 0.000000e+00 0.000000e+00
4.570000e-01 0.000000e+00 -9.549252e+02 -1.304135e+03 0.000000e+00 0.000000e+00 0.000000e+00 -7.173804e+01 -7.638873e+01 1.409433e+03 2.369425e+02 0.000000e+00 0.000000e+00 0.000000e+00 0.000000e+00 0.000000e+00 0.000000e+00 0.000000e+00 0.000000e+00 0.000000e+00
4.580000e-01 0.000000e+00 -9.578631e+02 -1.314037e+03 0.000000e+00 0.000000e+00 0.000000e+00 -7.274423e+01 -7.736420e+01 1.408875e+03 2.391136e+02 0.000000e+00 0.000000e+00 0.000000e+00 0.000000e+00 0.000000e+00 0.000000e+00 0.000000e+00 0.000000e+00 0.000000e+00
4.590000e-01 0.000000e+00 -9.608595e+02 -1.323939e+03 0.000000e+00 0.000000e+00 0.000000e+00 -7.374504e+01 -7.833425e+01 1.408328e+03 2.412688e+02 0.000000e+00 0.000000e+00 0.000000e+00 0.000000e+00 0.000000e+00 0.000000e+00 0.000000e+00 0.000000e+00 0.000000e+00
4.600000e-01 0.000000e+00 -9.639151e+02 -1.333840e+03 0.000000e+00 0.000000e+00 0.000000e+00 -7.474030e+01 -7.929872e+01 1.407791e+03 2.434075e+02 0.000000e+00 0.000000e+00 0.000000e+00 0.000000e+00 0.000000e+00 0.000000e+00 0.000000e+00 0.000000e+00 0.000000e+00
4.610000e-01 0.000000e+00 -9.670305e+02 -1.343739e+03 0.000000e+00 0.000000e+00 0.000000e+00 -7.572985e+01 -8.025745e+01 1.407265e+03 2.455294e+02 0.000000e+00 0.000000e+00 0.000000e+00 0.000000e+00 0.000000e+00 0.000000e+00 0.000000e+00 0.000000e+00 0.000000e+00
4.620000e-01 0.000000e+00 -9.702063e+02 -1.353637e+03 0.000000e+00 0.000000e+00 0.000000e+00 -7.671355e+01 -8.121031e+01 1.406749e+03 2.476341e+02 0.000000e+00 0.000000e+00 0.000000e+00 0.000000e+00 0.000000e+00 0.000000e+00 0.000000e+00 0.000000e+00 0.000000e+00
4.630000e-01 0.000000e+00 -9.734430e+02 -1.363531e+03 0.000000e+00 0.000000e+00 0.000000e+00 -7.769125e+01 -8.215714e+01 1.406243e+03 2.497213e+02 0.000000e+00 0.000000e+00 0.000000e+00 0.000000e+00 0.000000e+00 0.000000e+00 0.000000e+00 0.000000e+00 0.000000e+00
4.640000e-01 0.000000e+00 -9.767414e+02 -1.373422e+03 0.000000e+00 0.000000e+00 0.000000e+00 -7.866280e+01 -8.309780e+01 1.405747e+03 2.517905e+02 0.000000e+00 0.000000e+00 0.000000e+00 0.000000e+00 0.000000e+00 0.000000e+00 0.000000e+00 0.000000e+00 0.000000e+00
4.650000e-01 0.000000e+00 -9.801020e+02 -1.383309e+03 0.000000e+00 0.000000e+00 0.000000e+00 -7.962806e+01 -8.403215e+01 1.405262e+03 2.538414e+02 0.000000e+00 0.000000e+00 0.000000e+00 0.000000e+00 0.000000e+00 0.000000e+00 0.000000e+00 0.000000e+00 0.000000e+00
4.660000e-01 0.000000e+00 -9.835253e+02 -1.393190e+03 0.000000e+00 0.000000e+00 0.000000e+00 -8.058688e+01 -8.496005e+01 1.404787e+03 2.558736e+02 0.000000e+00 0.000000e+00 0.000000e+00 0.000000e+00 0.000000e+00 0.000000e+00 0.000000e+00 0.000000e+00 0.000000e+00
4.670000e-01 0.000000e+00 -9.870119e+02 -1.403066e+03 0.000000e+00 0.000000e+00 0.000000e+00 -8.153913e+01 -8.588136e+01 1.404322e+03 2.578868e+02 0.000000e+00 0.000000e+00 0.000000e+00 0.000000e+00 0.000000e+00 0.000000e+00 0.000000e+00 0.000000e+00 0.000000e+00
4.680000e-01 0.000000e+00 -9.905625e+02 -1.412935e+03 0.000000e+00 0.000000e+00 0.000000e+00 -8.248468e+01 -8.679594e+01 1.403867e+03 2.598807e+02 0.000000e+00 0.000000e+00 0.000000e+00 0.000000e+00 0.000000e+00 0.000000e+00 0.000000e+00 0.000000e+00 0.000000e+00
4.690000e-01 0.000000e+00 -9.941774e+02 -1.422797e+03 0.000000e+00 0.000000e+00 0.000000e+00 -8.342338e+01 -8.770367e+01 1.403422e+03 2.618549e+02 0.000000e+00 0.000000e+00 0.000000e+00 0.000000e+00 0.000000e+00 0.000000e+00 0.000000e+00 0.000000e+00 0.000000e+00
4.700000e-01 0.000000e+00 -9.978573e+02 -1.432651e+03 0.000000e+00 0.000000e+00 0.000000e+00 -8.435510e+01 -8.860442e+01 1.402987e+03 2.638090e+02 0.000000e+00 0.000000e+00 0.000000e+00 0.000000e+00 0.000000e+00 0.000000e+00 0.000000e+00 0.000000e+00 0.000000e+00
4.710000e-01 0.000000e+00 -1.001603e+03 -1.442496e+03 0.000000e+00 0.000000e+00 0.000000e+00 -8.527973e+01 -8.949806e+01 1.402562e+03 2.657428e+02 0.000000e+00 0.000000e+00 0.000000e+00 0.000000e+00 0.000000e+00 0.000000e+00 0.000000e+00 0.000000e+00 0.000000e+00
4.720000e-01 0.000000e+00 -1.005414e+03 -1.452331e+03 0.000000e+00 0.000000e+00 0.000000e+00 -8.619713e+01 -9.038447e+01 1.402147e+03 2.676559e+02 0.000000e+00 0.000000e+00 0.000000e+00 0.000000e+00 0.000000e+00 0.000000e+00 0.000000e+00 0.000000e+00 0.000000e+00
4.730000e-01 0.000000e+00 -1.009292e+03 -1.462156e+03 0.000000e+00 0.000000e+00 0.000000e+00 -8.710717e+01 -9.126352e+01 1.401741e+03 2.695481e+02 0.000000e+00 0.000000e+00 0.000000e+00 0.000000e+00 0.000000e+00 0.000000e+00 0.000000e+00 0.000000e+00 0.000000e+00
4.740000e-01 0.000000e+00 -1.013237e+03 -1.471970e+03 0.000000e+00 0.000000e+00 0.000000e+00 -8.800975e+01 -9.213510e+01 1.401346e+03 2.714191e+02 0.000000e+00 0.000000e+00 0.000000e+00 0.000000e+00 0.000000e+00 0.000000e+00 0.000000e+00 0.000000e+00 0.000000e+00
4.750000e-01 0.000000e+00 -1.017249e+03 -1.481772e+03 0.000000e+00 0.000000e+00 0.000000e+00 -8.890475e+01 -9.299910e+01 1.400960e+03 2.732685e+02 0.000000e+00 0.000000e+00 0.000000e+00 0.000000e+00 0.000000e+00 0.000000e+00 0.000000e+00 0.000000e+00 0.000000e+00
4.760000e-01 0.000000e+00 -1.021329e+03 -1.491562e+03 0.000000e+00 0.000000e+00 0.000000e+00 -8.979204e+01 -9.385540e+01 1.400584e+03 2.750961e+02 0.000000e+00 0.000000e+00 0.000000e+00 0.000000e+00 0.000000e+00 0.000000e+00 0.000000e+00 0.000000e+00 0.000000e+00
4.770000e-01 0.000000e+00 -1.025478e+03 -1.501338e+03 0.000000e+00 0.000000e+00 0.000000e+00 -9.067152e+01 -9.470390e+01 1.400218e+03 2.769017e+02 0.000000e+00 0.000000e+00 0.000000e+00 0.000000e+00 0.000000e+00 0.000000e+00 0.000000e+00 0.000000e+00 0.000000e+00
4.780000e-01 0.000000e+00 -1.029696e+03 -1.511101e+03 0.000000e+00 0.000000e+00 0.000000e+00 -9.154309e+01 -9.554449e+01 1.399861e+03 2.786849e+02 0.000000e+00 0.000000e+00 0.000000e+00 0.000000e+00 0.000000e+00 0.000000e+00 0.000000e+00 0.000000e+00 0.000000e+00
4.790000e-01 0.000000e+00 -1.033982e+03 -1.520848e+03 0.000000e+00 0.000000e+00 0.000000e+00 -9.240663e+01 -9.637706e+01 1.399514e+03 2.804455e+02 0.000000e+00 0.000000e+00 0.000000e+00 0.000000e+00 0.000000e+00 0.000000e+00 0.000000e+00 0.000000e+00 0.000000e+00
4.800000e-01 0.000000e+00 -1.038339e+03 -1.530580e+03 0.000000e+00 0.000000e+00 0.000000e+00 -9.326205e+01 -9.720152e+01 1.399176e+03 2.821833e+02 0.000000e+00 0.000000e+00 0.000000e+00 0.000000e+00 0.000000e+00 0.000000e+00 0.000000e+00 0.000000e+00 0.000000e+00
4.810000e-01 0.000000e+00 -1.042765e+03 -1.540296e+03 0.000000e+00 0.000000e+00 0.000000e+00 -9.410924e+01 -9.801777e+01 1.398848e+03 2.838981e+02 0.000000e+00 0.000000e+00 0.000000e+00 0.000000e+00 0.000000e+00 0.000000e+00 0.000000e+00 0.000000e+00 0.000000e+00
4.820000e-01 0.000000e+00 -1.047262e+03 -1.549995e+03 0.000000e+00 0.000000e+00 0.000000e+00 -9.494810e+01 -9.882571e+01 1.398529e+03 2.855895e+02 0.000000e+00 0.000000e+00 0.000000e+00 0.000000e+00 0.000000e+00 0.000000e+00 0.000000e+00 0.000000e+00 0.000000e+00
4.830000e-01 0.000000e+00 -1.051829e+03 -1.559677e+03 0.000000e+00 0.000000e+00 0.000000e+00 -9.577854e+01 -9.962524e+01 1.398219e+03 2.872575e+02 0.000000e+00 0.000000e+00 0.000000e+00 0.000000e+00 0.000000e+00 0.000000e+00 0.000000e+00 0.000000e+00 0.000000e+00
4.840000e-01 0.000000e+00 -1.056468e+03 -1.569339e+03 0.000000e+00 0.000000e+00 0.000000e+00 -9.660045e+01 -1.004163e+02 1.397919e+03 2.889017e+02 0.000000e+00 0.000000e+00 0.000000e+00 0.000000e+00 0.000000e+00 0.000000e+00 0.000000e+00 0.000000e+00 0.000000e+00
4.850000e-01 0.000000e+00 -1.061178e+03 -1.578982e+03 0.000000e+00 0.000000e+00 0.000000e+00 -9.741373e+01 -1.011987e+02 1.397629e+03 2.905219e+02 0.000000e+00 0.000000e+00 0.000000e+00 0.000000e+00 0.000000e+00 0.000000e+00 0.000000e+00 0.000000e+00 0.000000e+00
4.860000e-01 0.000000e+00 -1.065960e+03 -1.588606e+03 0.000000e+00 0.000000e+00 0.000000e+00 -9.821830e+01 -1.019724e+02 1.397347e+03 2.921180e+02 0.000000e+00 0.000000e+00 0.000000e+00 0.000000e+00 0.000000e+00 0.000000e+00 0.000000e+00 0.000000e+00 0.000000e+00
4.870000e-01 0.000000e+00 -1.070813e+03 -1.598208e+03 0.000000e+00 0.000000e+00 0.000000e+00 -9.901406e+01 -1.027374e+02 1.397075e+03 2.936898e+02 0.000000e+00 0.000000e+00 0.000000e+00 0.000000e+00 0.000000e+00 0.000000e+00 0.000000e+00 0.000000e+00 0.000000e+00
4.880000e-01 0.000000e+00 -1.075739e+03 -1.607788e+03 0.000000e+00 0.000000e+00 0.000000e+00 -9.980094e+01 -1.034935e+02 1.396812e+03 2.952370e+02 0.000000e+00 0.000000e+00 0.000000e+00 0.000000e+00 0.000000e+00 0.000000e+00 0.000000e+00 0.000000e+00 0.000000e+00
4.890000e-01 0.000000e+00 -1.080737e+03 -1.617347e+03 0.000000e+00 0.000000e+00 0.000000e+00 -1.005788e+02 -1.042407e+02 1.396558e+03 2.967596e+02 0.000000e+00 0.000000e+00 0.000000e+00 0.000000e+00 0.000000e+00 0.000000e+00 0.000000e+00 0.000000e+00 0.000000e+00
4.900000e-01 0.000000e+00 -1.085808e+03 -1.626882e+03 0.000000e+00 0.000000e+00 0.000000e+00 -1.013477e+02 -1.049789e+02 1.396313e+03 2.982573e+02 0.000000e+00 0.000000e+00 0.000000e+00 0.000000e+00 0.000000e+00 0.000000e+00 0.000000e+00 0.000000e+00 0.000000e+00
4.910000e-01 0.000000e+00 -1.090952e+03 -1.636393e+03 0.000000e+00 0.000000e+00 0.000000e+00 -1.021075e+02 -1.057080e+02 1.396077e+03 2.997300e+02 0.000000e+00 0.000000e+00 0.000000e+00 0.000000e+00 0.000000e+00 0.000000e+00 0.000000e+00 0.000000e+00 0.000000e+00
4.920000e-01 0.000000e+00 -1.096169e+03 -1.645879e+03 0.000000e+00 0.000000e+00 0.000000e+00 -1.028580e+02 -1.064280e+02 1.395851e+03 3.011776e+02 0.000000e+00 0.000000e+00 0.000000e+00 0.000000e+00 0.000000e+00 0.000000e+00 0.000000e+00 0.000000e+00 0.000000e+00
4.930000e-01 0.000000e+00 -1.101459e+03 -1.655340e+03 0.000000e+00 0.000000e+00 0.000000e+00 -1.035993e+02 -1.071388e+02 1.395633e+03 3.025999e+02 0.000000e+00 0.000000e+00 0.000000e+00 0.000000e+00 0.000000e+00 0.000000e+00 0.000000e+00 0.000000e+00 0.000000e+00
4.940000e-01 0.000000e+00 -1.106822e+03 -1.664775e+03 0.000000e+00 0.000000e+00 0.000000e+00 -1.043313e+02 -1.078403e+02 1.395424e+03 3.039969e+02 0.000000e+00 0.000000e+00 0.000000e+00 0.000000e+00 0.000000e+00 0.000000e+00 0.000000e+00 0.000000e+00 0.000000e+00
4.950000e-01 0.000000e+00 -1.112260e+03 -1.674183e+03 0.000000e+00 0.000000e+00 0.000000e+00 -1.050540e+02 -1.085325e+02 1.395224e+03 3.053684e+02 0.000000e+00 0.000000e+00 0.000000e+00 0.000000e+00 0.000000e+00 0.000000e+00 0.000000e+00 0.000000e+00 0.000000e+00
4.960000e-01 0.000000e+00 -1.117771e+03 -1.683564e+03 0.000000e+00 0.000000e+00 0.000000e+00 -1.057672e+02 -1.092154e+02 1.395033e+03 3.067143e+02 0.000000e+00 0.000000e+00 0.000000e+00 0.000000e+00 0.000000e+00 0.000000e+00 0.000000e+00 0.000000e+00 0.000000e+00
4.970000e-01 0.000000e+00 -1.123356e+03 -1.692917e+03 0.000000e+00 0.000000e+00 0.000000e+00 -1.064709e+02 -1.098888e+02 1.394851e+03 3.080345e+02 0.000000e+00 0.000000e+00 0.000000e+00 0.000000e+00 0.000000e+00 0.000000e+00 0.000000e+00 0.000000e+00 0.000000e+00
4.980000e-01 0.000000e+00 -1.129015e+03 -1.702241e+03 0.000000e+00 0.000000e+00 0.000000e+00 -1.071652e+02 -1.105528e+02 1.394677e+03 3.093290e+02 0.000000e+00 0.000000e+00 0.000000e+00 0.000000e+00 0.000000e+00 0.000000e+00 0.000000e+00 0.000000e+00 0.000000e+00
4.990000e-01 0.000000e+00 -1.134748e+03 -1.711536e+03 0.000000e+00 0.000000e+00 0.000000e+00 -1.078498e+02 -1.112073e+02 1.394512e+03 3.105978e+02 0.000000e+00 0.000000e+00 0.000000e+00 0.000000e+00 0.000000e+00 0.000000e+00 0.000000e+00 0.000000e+00 0.000000e+00
5.000000e-01 0.000000e+00 -1.140556e+03 -1.720800e+03 0.000000e+00 0.000000e+00 0.000000e+00 -1.085249e+02 -1.118523e+02 1.394356e+03 3.118406e+02 0.000000e+00 0.000000e+00 0.000000e+00 0.000000e+00 0.000000e+00 0.000000e+00 0.000000e+00 0.000000e+00 0.000000e+00
5.010000e-01 0.000000e+00 -1.146437e+03 -1.730034e+03 0.000000e+00 0.000000e+00 0.000000e+00 -1.091903e+02 -1.124877e+02 1.394209e+03 3.130576e+02 0.000000e+00 0.000000e+00 0.000000e+00 0.000000e+00 0.000000e+00 0.000000e+00 0.000000e+00 0.000000e+00 0.000000e+00
5.020000e-01 0.000000e+00 -1.152393e+03 -1.739236e+03 0.000000e+00 0.000000e+00 0.000000e+00 -1.098461e+02 -1.131135e+02 1.394070e+03 3.142487e+02 0.000000e+00 0.000000e+00 0.000000e+00 0.000000e+00 0.000000e+00 0.000000e+00 0.000000e+00 0.000000e+00 0.000000e+00
5.030000e-01 0.000000e+00 -1.158424e+03 -1.748407e+03 0.000000e+00 0.000000e+00 0.000000e+00 -1.104922e+02 -1.137297e+02 1.393940e+03 3.154138e+02 0.000000e+00 0.000000e+00 0.000000e+00 0.000000e+00 0.000000e+00 0.000000e+00 0.000000e+00 0.000000e+00 0.000000e+00
5.040000e-01 0.000000e+00 -1.164528e+03 -1.757544e+03 0.000000e+00 0.000000e+00 0.000000e+00 -1.111286e+02 -1.143363e+02 1.393818e+03 3.165529e+02 0.000000e+00 0.000000e+00 0.000000e+00 0.000000e+00 0.000000e+00 0.000000e+00 0.000000e+00 0.000000e+00 0.000000e+00
5.050000e-01 0.000000e+00 -1.170707e+03 -1.766649e+03 0.000000e+00 0.000000e+00 0.000000e+00 -1.117552e+02 -1.149332e+02 1.393705e+03 3.176660e+02 0.000000e+00 0.000000e+00 0.000000e+00 0.000000e+00 0.000000e+00 0.000000e+00 0.000000e+00 0.000000e+00 0.000000e+00
5.060000e-01 0.000000e+00 -1.176960e+03 -1.775719e+03 0.000000e+00 0.000000e+00 0.000000e+00 -1.123720e+02 -1.155204e+02 1.393600e+03 3.187531e+02 0.000000e+00 0.000000e+00 0.000000e+00 0.000000e+00 0.000000e+00 0.000000e+00 0.000000e+00 0.000000e+00 0.000000e+00
5.070000e-01 0.000000e+00 -1.183287e+03 -1.784754e+03 0.000000e+00 0.000000e+00 0.000000e+00 -1.129790e+02 -1.160979e+02 1.393503e+03 3.198142e+02 0.000000e+00 0.000000e+00 0.000000e+00 0.000000e+00 0.000000e+00 0.000000e+00 0.000000e+00 0.000000e+00 0.000000e+00
5.080000e-01 0.000000e+00 -1.189688e+03 -1.793754e+03 0.000000e+00 0.000000e+00 0.000000e+00 -1.135761e+02 -1.166656e+02 1.393415e+03 3.208492e+02 0.000000e+00 0.000000e+00 0.000000e+00 0.000000e+00 0.000000e+00 0.000000e+00 0.000000e+00 0.000000e+00 0.000000e+00
5.090000e-01 0.000000e+00 -1.196163e+03 -1.802718e+03 0.000000e+00 0.000000e+00 0.000000e+00 -1.141634e+02 -1.172235e+02 1.393336e+03 3.218581e+02 0.000000e+00 0.000000e+00 0.000000e+00 0.000000e+00 0.000000e+00 0.000000e+00 0.000000e+00 0.000000e+00 0.000000e+00
5.100000e-01 0.000000e+00 -1.202711e+03 -1.811645e+03 0.000000e+00 0.000000e+00 0.000000e+00 -1.147408e+02 -1.177717e+02 1.393264e+03 3.228411e+02 0.000000e+00 0.000000e+00 0.000000e+00 0.000000e+00 0.000000e+00 0.000000e+00 0.000000e+00 0.000000e+00 0.000000e+00
5.110000e-01 0.000000e+00 -1.209333e+03 -1.820534e+03 0.000000e+00 0.000000e+00 0.000000e+00 -1.153083e+02 -1.183101e+02 1.393201e+03 3.237982e+02 0.000000e+00 0.000000e+00 0.000000e+00 0.000000e+00 0.000000e+00 0.000000e+00 0.000000e+00 0.000000e+00 0.000000e+00
5.120000e-01 0.000000e+00 -1.216028e+03 -1.829386e+03 0.000000e+00 0.000000e+00 0.000000e+00 -1.158660e+02 -1.188387e+02 1.393147e+03 3.247294e+02 0.000000e+00 0.000000e+00 0.000000e+00 0.000000e+00 0.000000e+00 0.000000e+00 0.000000e+00 0.000000e+00 0.000000e+00
5.130000e-01 0.000000e+00 -1.222796e+03 -1.838199e+03 0.000000e+00 0.000000e+00 0.000000e+00 -1.164137e+02 -1.193575e+02 1.393100e+03 3.256347e+02 0.000000e+00 0.000000e+00 0.000000e+00 0.000000e+00 0.000000e+00 0.000000e+00 0.000000e+00 0.000000e+00 0.000000e+00
5.140000e-01 0.000000e+00 -1.229637e+03 -1.846972e+03 0.000000e+00 0.000000e+00 0.000000e+00 -1.169515e+02 -1.198666e+02 1.393061e+03 3.265143e+02 0.000000e+00 0.000000e+00 0.000000e+00 0.000000e+00 0.000000e+00 0.000000e+00 0.000000e+00 0.000000e+00 0.000000e+00
5.150000e-01 0.000000e+00 -1.236551e+03 -1.855707e+03 0.000000e+00 0.000000e+00 0.000000e+00 -1.174795e+02 -1.203659e+02 1.393031e+03 3.273683e+02 0.000000e+00 0.000000e+00 0.000000e+00 0.000000e+00 0.000000e+00 0.000000e+00 0.000000e+00 0.000000e+00 0.000000e+00
5.160000e-01 0.000000e+00 -1.243538e+03 -1.864401e+03 0.000000e+00 0.000000e+00 0.000000e+00 -1.179976e+02 -1.208555e+02 1.393009e+03 3.281966e+02 0.000000e+00 0.000000e+00 0.000000e+00 0.000000e+00 0.000000e+00 0.000000e+00 0.000000e+00 0.000000e+00 0.000000e+00
5.170000e-01 0.000000e+00 -1.250596e+03 -1.873054e+03 0.000000e+00 0.000000e+00 0.000000e+00 -1.185059e+02 -1.213353e+02 1.392995e+03 3.289996e+02 0.000000e+00 0.000000e+00 0.000000e+00 0.000000e+00 0.000000e+00 0.000000e+00 0.000000e+00 0.000000e+00 0.000000e+00
5.180000e-01 0.000000e+00 -1.257727e+03 -1.881666e+03 0.000000e+00 0.000000e+00 0.000000e+00 -1.190044e+02 -1.218055e+02 1.392988e+03 3.297772e+02 0.000000e+00 0.000000e+00 0.000000e+00 0.000000e+00 0.000000e+00 0.000000e+00 0.000000e+00 0.000000e+00 0.000000e+00
5.190000e-01 0.000000e+00 -1.264929e+03 -1.890237e+03 0.000000e+00 0.000000e+00 0.000000e+00 -1.194930e+02 -1.222660e+02 1.392990e+03 3.305296e+02 0.000000e+00 0.000000e+00 0.000000e+00 0.000000e+00 0.000000e+00 0.000000e+00 0.000000e+00 0.000000e+00 0.000000e+00
5.200000e-01 0.000000e+00 -1.272202e+03 -1.898765e+03 0.000000e+00 0.000000e+00 0.000000e+00 -1.199720e+02 -1.227169e+02 1.393000e+03 3.312569e+02 0.000000e+00 0.000000e+00 0.000000e+00 0.000000e+00 0.000000e+00 0.000000e+00 0.000000e+00 0.000000e+00 0.000000e+00
5.210000e-01 0.000000e+00 -1.279546e+03 -1.907252e+03 0.000000e+00 0.000000e+00 0.000000e+00 -1.204411e+02 -1.231582e+02 1.393018e+03 3.319593e+02 0.000000e+00 0.000000e+00 0.000000e+00 0.000000e+00 0.000000e+00 0.000000e+00 0.000000e+00 0.000000e+00 0.000000e+00
5.220000e-01 0.000000e+00 -1.286961e+03 -1.915695e+03 0.000000e+00 0.000000e+00 0.000000e+00 -1.209006e+02 -1.235899e+02 1.393043e+03 3.326370e+02 0.000000e+00 0.000000e+00 0.000000e+00 0.000000e+00 0.000000e+00 0.000000e+00 0.000000e+00 0.000000e+00 0.000000e+00
5.230000e-01 0.000000e+00 -1.294446e+03 -1.924095e+03 0.000000e+00 0.000000e+00 0.000000e+00 -1.213505e+02 -1.240122e+02 1.393076e+03 3.332902e+02 0.000000e+00 0.000000e+00 0.000000e+00 0.000000e+00 0.000000e+00 0.000000e+00 0.000000e+00 0.000000e+00 0.000000e+00
5.240000e-01 0.000000e+00 -1.302001e+03 -1.932452e+03 0.000000e+00 0.000000e+00 0.000000e+00 -1.217908e+02 -1.244250e+02 1.393118e+03 3.339189e+02 0.000000e+00 0.000000e+00 0.000000e+00 0.000000e+00 0.000000e+00 0.000000e+00 0.000000e+00 0.000000e+00 0.000000e+00
5.250000e-01 0.000000e+00 -1.309626e+03 -1.940764e+03 0.000000e+00 0.000000e+00 0.000000e+00 -1.222215e+02 -1.248283e+02 1.393167e+03 3.345234e+02 0.000000e+00 0.000000e+00 0.000000e+00 0.000000e+00 0.000000e+00 0.000000e+00 0.000000e+00 0.000000e+00 0.000000e+00
5.260000e-01 0.000000e+00 -1.317319e+03 -1.949032e+03 0.000000e+00 0.000000e+00 0.000000e+00 -1.226426e+02 -1.252223e+02 1.393223e+03 3.351038e+02 0.000000e+00 0.000000e+00 0.000000e+00 0.000000e+00 0.000000e+00 0.000000e+00 0.000000e+00 0.000000e+00 0.000000e+00
5.270000e-01 0.000000e+00 -1.325081e+03 -1.957255e+03 0.000000e+00 0.000000e+00 0.000000e+00 -1.230543e+02 -1.256070e+02 1.393288e+03 3.356604e+02 0.000000e+00 0.000000e+00 0.000000e+00 0.000000e+00 0.000000e+00 0.000000e+00 0.000000e+00 0.000000e+00 0.000000e+00
5.280000e-01 0.000000e+00 -1.332910e+03 -1.965432e+03 0.000000e+00 0.000000e+00 0.000000e+00 -1.234565e+02 -1.259823e+02 1.393360e+03 3.361932e+02 0.000000e+00 0.000000e+00 0.000000e+00 0.000000e+00 0.000000e+00 0.000000e+00 0.000000e+00 0.000000e+00 0.000000e+00
5.290000e-01 0.000000e+00 -1.340807e+03 -1.973563e+03 0.000000e+00 0.000000e+00 0.000000e+00 -1.238493e+02 -1.263484e+02 1.393440e+03 3.367026e+02 0.000000e+00 0.000000e+00 0.000000e+00 0.000000e+00 0.000000e+00 0.000000e+00 0.000000e+00 0.000000e+00 0.000000e+00
5.300000e-01 0.000000e+00 -1.348770e+03 -1.981648e+03 0.000000e+00 0.000000e+00 0.000000e+00 -1.242328e+02 -1.267053e+02 1.393527e+03 3.371887e+02 0.000000e+00 0.000000e+00 0.000000e+00 0.000000e+00 0.000000e+00 0.000000e+00 0.000000e+00 0.000000e+00 0.000000e+00
5.310000e-01 0.000000e+00 -1.356800e+03 -1.989687e+03 0.000000e+00 0.000000e+00 0.000000e+00 -1.246069e+02 -1.270531e+02 1.393622e+03 3.376518e+02 0.000000e+00 0.000000e+00 0.000000e+00 0.000000e+00 0.000000e+00 0.000000e+00 0.000000e+00 0.000000e+00 0.000000e+00
5.320000e-01 0.000000e+00 -1.364896e+03 -1.997678e+03 0.000000e+00 0.000000e+00 0.000000e+00 -1.249719e+02 -1.273919e+02 1.393725e+03 3.380921e+02 0.000000e+00 0.000000e+00 0.000000e+00 0.000000e+00 0.000000e+00 0.000000e+00 0.000000e+00 0.000000e+00 0.000000e+00
5.330000e-01 0.000000e+00 -1.373056e+03 -2.005623e+03 0.000000e+00 0.000000e+00 0.000000e+00 -1.253276e+02 -1.277216e+02 1.393835e+03 3.385099e+02 0.000000e+00 0.000000e+00 0.000000e+00 0.000000e+00 0.000000e+00 0.000000e+00 0.000000e+00 0.000000e+00 0.000000e+00
5.340000e-01 0.000000e+00 -1.381281e+03 -2.013520e+03 0.000000e+00 0.000000e+00 0.000000e+00 -1.256743e+02 -1.280425e+02 1.393952e+03 3.389053e+02 0.000000e+00 0.000000e+00 0.000000e+00 0.000000e+00 0.000000e+00 0.000000e+00 0.000000e+00 0.000000e+00 0.000000e+00
5.350000e-01 0.000000e+00 -1.389570e+03 -2.021369e+03 0.000000e+00 0.000000e+00 0.000000e+00 -1.260120e+02 -1.283545e+02 1.394077e+03 3.392788e+02 0.000000e+00 0.000000e+00 0.000000e+00 0.000000e+00 0.000000e+00 0.000000e+00 0.000000e+00 0.000000e+00 0.000000e+00
5.360000e-01 0.000000e+00 -1.397922e+03 -2.029170e+03 0.000000e+00 0.000000e+00 0.000000e+00 -1.263408e+02 -1.286578e+02 1.394210e+03 3.396305e+02 0.000000e+00 0.000000e+00 0.000000e+00 0.000000e+00 0.000000e+00 0.000000e+00 0.000000e+00 0.000000e+00 0.000000e+00
5.370000e-01 0.000000e+00 -1.406336e+03 -2.036924e+03 0.000000e+00 0.000000e+00 0.000000e+00 -1.266607e+02 -1.289524e+02 1.394350e+03 3.399607e+02 0.000000e+00 0.000000e+00 0.000000e+00 0.000000e+00 0.000000e+00 0.000000e+00 0.000000e+00 0.000000e+00 0.000000e+00
5.380000e-01 0.000000e+00 -1.414812e+03 -2.044629e+03 0.000000e+00 0.000000e+00 0.000000e+00 -1.269718e+02 -1.292385e+02 1.394497e+03 3.402698e+02 0.000000e+00 0.000000e+00 0.000000e+00 0.000000e+00 0.000000e+00 0.000000e+00 0.000000e+00 0.000000e+00 0.000000e+00
5.390000e-01 0.000000e+00 -1.423350e+03 -2.052286e+03 0.000000e+00 0.000000e+00 0.000000e+00 -1.272744e+02 -1.295160e+02 1.394652e+03 3.405581e+02 0.000000e+00 0.000000e+00 0.000000e+00 0.000000e+00 0.000000e+00 0.000000e+00 0.000000e+00 0.000000e+00 0.000000e+00
5.400000e-01 0.000000e+00 -1.431948e+03 -2.059894e+03 0.000000e+00 0.000000e+00 0.000000e+00 -1.275683e+02 -1.297853e+02 1.394814e+03 3.408259e+02 0.000000e+00 0.000000e+00 0.000000e+00 0.000000e+00 0.000000e+00 0.000000e+00 0.000000e+00 0.000000e+00 0.000000e+00
5.410000e-01 0.000000e+00 -1.440605e+03 -2.067454e+03 0.000000e+00 0.000000e+00 0.000000e+00 -1.278538e+02 -1.300462e+02 1.394984e+03 3.410735e+02 0.000000e+00 0.000000e+00 0.000000e+00 0.000000e+00 0.000000e+00 0.000000e+00 0.000000e+00 0.000000e+00 0.000000e+00
5.420000e-01 0.000000e+00 -1.449322e+03 -2.074966e+03 0.000000e+00 0.000000e+00 0.000000e+00 -1.281309e+02 -1.302990e+02 1.395160e+03 3.413013e+02 0.000000e+00 0.000000e+00 0.000000e+00 0.000000e+00 0.000000e+00 0.000000e+00 0.000000e+00 0.000000e+00 0.000000e+00
5.430000e-01 0.000000e+00 -1.458097e+03 -2.082429e+03 0.000000e+00 0.000000e+00 0.000000e+00 -1.283999e+02 -1.305438e+02 1.395344e+03 3.415096e+02 0.000000e+00 0.000000e+00 0.000000e+00 0.000000e+00 0.000000e+00 0.000000e+00 0.000000e+00 0.000000e+00 0.000000e+00
5.440000e-01 0.000000e+00 -1.466929e+03 -2.089844e+03 0.000000e+00 0.000000e+00 0.000000e+00 -1.286606e+02 -1.307806e+02 1.395535e+03 3.416988e+02 0.000000e+00 0.000000e+00 0.000000e+00 0.000000e+00 0.000000e+00 0.000000e+00 0.000000e+00 0.000000e+00 0.000000e+00
5.450000e-01 0.000000e+00 -1.475819e+03 -2.097209e+03 0.000000e+00 0.000000e+00 0.000000e+00 -1.289134e+02 -1.310096e+02 1.395734e+03 3.418691e+02 0.000000e+00 0.000000e+00 0.000000e+00 0.000000e+00 0.000000e+00 0.000000e+00 0.000000e+00 0.000000e+00 0.000000e+00
5.460000e-01 0.000000e+00 -1.484763e+03 -2.104527e+03 0.000000e+00 0.000000e+00 0.000000e+00 -1.291582e+02 -1.312308e+02 1.395939e+03 3.420209e+02 0.000000e+00 0.000000e+00 0.000000e+00 0.000000e+00 0.000000e+00 0.000000e+00 0.000000e+00 0.000000e+00 0.000000e+00
5.470000e-01 0.000000e+00 -1.493763e+03 -2.111795e+03 0.000000e+00 0.000000e+00 0.000000e+00 -1.293951e+02 -1.314445e+02 1.396152e+03 3.421546e+02 0.000000e+00 0.000000e+00 0.000000e+00 0.000000e+00 0.000000e+00 0.000000e+00 0.000000e+00 0.000000e+00 0.000000e+00
5.480000e-01 0.000000e+00 -1.502817e+03 -2.119014e+03 0.000000e+00 0.000000e+00 0.000000e+00 -1.296244e+02 -1.316506e+02 1.396372e+03 3.422706e+02 0.000000e+00 0.000000e+00 0.000000e+00 0.000000e+00 0.000000e+00 0.000000e+00 0.000000e+00 0.000000e+00 0.000000e+00
5.490000e-01 0.000000e+00 -1.511924e+03 -2.126185e+03 0.000000e+00 0.000000e+00 0.000000e+00 -1.298460e+02 -1.318493e+02 1.396599e+03 3.423692e+02 0.000000e+00 0.000000e+00 0.000000e+00 0.000000e+00 0.000000e+00 0.000000e+00 0.000000e+00 0.000000e+00 0.000000e+00
5.500000e-01 0.000000e+00 -1.521084e+03 -2.133307e+03 0.000000e+00 0.000000e+00 0.000000e+00 -1.300602e+02 -1.320407e+02 1.396833e+03 3.424508e+02 0.000000e+00 0.000000e+00 0.000000e+00 0.000000e+00 0.000000e+00 0.000000e+00 0.000000e+00 0.000000e+00 0.000000e+00
5.510000e-01 0.000000e+00 -1.530295e+03 -2.140381e+03 0.000000e+00 0.000000e+00 0.000000e+00 -1.302670e+02 -1.322251e+02 1.397075e+03 3.425158e+02 0.000000e+00 0.000000e+00 0.000000e+00 0.000000e+00 0.000000e+00 0.000000e+00 0.000000e+00 0.000000e+00 0.000000e+00
5.520000e-01 0.000000e+00 -1.539556e+03 -2.147406e+03 0.000000e+00 0.000000e+00 0.000000e+00 -1.304666e+02 -1.324024e+02 1.397323e+03 3.425647e+02 0.000000e+00 0.000000e+00 0.000000e+00 0.000000e+00 0.000000e+00 0.000000e+00 0.000000e+00 0.000000e+00 0.000000e+00
5.530000e-01 0.000000e+00 -1.548867e+03 -2.154383e+03 0.000000e+00 0.000000e+00 0.000000e+00 -1.306590e+02 -1.325728e+02 1.397578e+03 3.425977e+02 0.000000e+00 0.000000e+00 0.000000e+00 0.000000e+00 0.000000e+00 0.000000e+00 0.000000e+00 0.000000e+00 0.000000e+00
5.540000e-01 0.000000e+00 -1.558227e+03 -2.161311e+03 0.000000e+00 0.000000e+00 0.000000e+00 -1.308446e+02 -1.327365e+02 1.397841e+03 3.426153e+02 0.000000e+00 0.000000e+00 0.000000e+00 0.000000e+00 0.000000e+00 0.000000e+00 0.000000e+00 0.000000e+00 0.000000e+00
5.550000e-01 0.000000e+00 -1.567634e+03 -2.168192e+03 0.000000e+00 0.000000e+00 0.000000e+00 -1.310233e+02 -1.328936e+02 1.398110e+03 3.426180e+02 0.000000e+00 0.000000e+00 0.000000e+00 0.000000e+00 0.000000e+00 0.000000e+00 0.000000e+00 0.000000e+00 0.000000e+00
5.560000e-01 0.000000e+00 -1.577088e+03 -2.175025e+03 0.000000e+00 0.000000e+00 0.000000e+00 -1.311953e+02 -1.330442e+02 1.398387e+03 3.426062e+02 0.000000e+00 0.000000e+00 0.000000e+00 0.000000e+00 0.000000e+00 0.000000e+00 0.000000e+00 0.000000e+00 0.000000e+00
5.570000e-01 0.000000e+00 -1.586588e+03 -2.181811e+03 0.000000e+00 0.000000e+00 0.000000e+00 -1.313608e+02 -1.331886e+02 1.398670e+03 3.425804e+02 0.000000e+00 0.000000e+00 0.000000e+00 0.000000e+00 0.000000e+00 0.000000e+00 0.000000e+00 0.000000e+00 0.000000e+00
5.580000e-01 0.000000e+00 -1.596133e+03 -2.188550e+03 0.000000e+00 0.000000e+00 0.000000e+00 -1.315200e+02 -1.333268e+02 1.398961e+03 3.425409e+02 0.000000e+00 0.000000e+00 0.000000e+00 0.000000e+00 0.000000e+00 0.000000e+00 0.000000e+00 0.000000e+00 0.000000e+00
5.590000e-01 0.000000e+00 -1.605721e+03 -2.195242e+03 0.000000e+00 0.000000e+00 0.000000e+00 -1.316729e+02 -1.334590e+02 1.399258e+03 3.424883e+02 0.000000e+00 0.000000e+00 0.000000e+00 0.000000e+00 0.000000e+00 0.000000e+00 0.000000e+00 0.000000e+00 0.000000e+00
5.600000e-01 0.000000e+00 -1.615353e+03 -2.201888e+03 0.000000e+00 0.000000e+00 0.000000e+00 -1.318198e+02 -1.335854e+02 1.399563e+03 3.424230e+02 0.000000e+00 0.000000e+00 0.000000e+00 0.000000e+00 0.000000e+00 0.000000e+00 0.000000e+00 0.000000e+00 0.000000e+00
5.610000e-01 0.000000e+00 -1.625026e+03 -2.208489e+03 0.000000e+00 0.000000e+00 0.000000e+00 -1.319608e+02 -1.337061e+02 1.399874e+03 3.423455e+02 0.000000e+00 0.000000e+00 0.000000e+00 0.000000e+00 0.000000e+00 0.000000e+00 0.000000e+00 0.000000e+00 0.000000e+00
5.620000e-01 0.000000e+00 -1.634740e+03 -2.215044e+03 0.000000e+00 0.000000e+00 0.000000e+00 -1.320960e+02 -1.338213e+02 1.400192e+03 3.422563e+02 0.000000e+00 0.000000e+00 0.000000e+00 0.000000e+00 0.000000e+00 0.000000e+00 0.000000e+00 0.000000e+00 0.000000e+00
5.630000e-01 0.000000e+00 -1.644495e+03 -2.221554e+03 0.000000e+00 0.000000e+00 0.000000e+00 -1.322257e+02 -1.339312e+02 1.400517e+03 3.421557e+02 0.000000e+00 0.000000e+00 0.000000e+00 0.000000e+00 0.000000e+00 0.000000e+00 0.000000e+00 0.000000e+00 0.000000e+00
5.640000e-01 0.000000e+00 -1.654287e+03 -2.228019e+03 0.000000e+00 0.000000e+00 0.000000e+00 -1.323500e+02 -1.340359e+02 1.400850e+03 3.420444e+02 0.000000e+00 0.000000e+00 0.000000e+00 0.000000e+00 0.000000e+00 0.000000e+00 0.000000e+00 0.000000e+00 0.000000e+00
5.650000e-01 0.000000e+00 -1.664118e+03 -2.234441e+03 0.000000e+00 0.000000e+00 0.000000e+00 -1.324690e+02 -1.341356e+02 1.401189e+03 3.419228e+02 0.000000e+00 0.000000e+00 0.000000e+00 0.000000e+00 0.000000e+00 0.000000e+00 0.000000e+00 0.000000e+00 0.000000e+00
5.660000e-01 0.000000e+00 -1.673985e+03 -2.240818e+03 0.000000e+00 0.000000e+00 0.000000e+00 -1.325829e+02 -1.342304e+02 1.401534e+03 3.417913e+02 0.000000e+00 0.000000e+00 0.000000e+00 0.000000e+00 0.000000e+00 0.000000e+00 0.000000e+00 0.000000e+00 0.000000e+00
5.670000e-01 0.000000e+00 -1.683887e+03 -2.247153e+03 0.000000e+00 0.000000e+00 0.000000e+00 -1.326919e+02 -1.343205e+02 1.401887e+03 3.416504e+02 0.000000e+00 0.000000e+00 0.000000e+00 0.000000e+00 0.000000e+00 0.000000e+00 0.000000e+00 0.000000e+00 0.000000e+00
5.680000e-01 0.000000e+00 -1.693825e+03 -2.253445e+03 0.000000e+00 0.000000e+00 0.000000e+00 -1.327961e+02 -1.344060e+02 1.402247e+03 3.415007e+02 0.000000e+00 0.000000e+00 0.000000e+00 0.000000e+00 0.000000e+00 0.000000e+00 0.000000e+00 0.000000e+00 0.000000e+00
5.690000e-01 0.000000e+00 -1.703795e+03 -2.259694e+03 0.000000e+00 0.000000e+00 0.000000e+00 -1.328958e+02 -1.344873e+02 1.402614e+03 3.413426e+02 0.000000e+00 0.000000e+00 0.000000e+00 0.000000e+00 0.000000e+00 0.000000e+00 0.000000e+00 0.000000e+00 0.000000e+00
5.700000e-01 0.000000e+00 -1.713798e+03 -2.265903e+03 0.000000e+00 0.000000e+00 0.000000e+00 -1.329910e+02 -1.345644e+02 1.402987e+03 3.411767e+02 0.000000e+00 0.000000e+00 0.000000e+00 0.000000e+00 0.000000e+00 0.000000e+00 0.000000e+00 0.000000e+00 0.000000e+00
5.710000e-01 0.000000e+00 -1.723832e+03 -2.272071e+03 0.000000e+00 0.000000e+00 0.000000e+00 -1.330821e+02 -1.346374e+02 1.403367e+03 3.410034e+02 0.000000e+00 0.000000e+00 0.000000e+00 0.000000e+00 0.000000e+00 0.000000e+00 0.000000e+00 0.000000e+00 0.000000e+00
5.720000e-01 0.000000e+00 -1.733896e+03 -2.278198e+03 0.000000e+00 0.000000e+00 0.000000e+00 -1.331690e+02 -1.347067e+02 1.403754e+03 3.408233e+02 0.000000e+00 0.000000e+00 0.000000e+00 0.000000e+00 0.000000e+00 0.000000e+00 0.000000e+00 0.000000e+00 0.000000e+00
5.730000e-01 0.000000e+00 -1.743989e+03 -2.284286e+03 0.000000e+00 0.000000e+00 0.000000e+00 -1.332522e+02 -1.347724e+02 1.404149e+03 3.406370e+02 0.000000e+00 0.000000e+00 0.000000e+00 0.000000e+00 0.000000e+00 0.000000e+00 0.000000e+00 0.000000e+00 0.000000e+00
5.740000e-01 0.000000e+00 -1.754110e+03 -2.290336e+03 0.000000e+00 0.000000e+00 0.000000e+00 -1.333317e+02 -1.348347e+02 1.404549e+03 3.404449e+02 0.000000e+00 0.000000e+00 0.000000e+00 0.000000e+00 0.000000e+00 0.000000e+00 0.000000e+00 0.000000e+00 0.000000e+00
5.750000e-01 0.000000e+00 -1.764258e+03 -2.296348e+03 0.000000e+00 0.000000e+00 0.000000e+00 -1.334077e+02 -1.348937e+02 1.404957e+03 3.402475e+02 0.000000e+00 0.000000e+00 0.000000e+00 0.000000e+00 0.000000e+00 0.000000e+00 0.000000e+00 0.000000e+00 0.000000e+00
5.760000e-01 0.000000e+00 -1.774432e+03 -2.302322e+03 0.000000e+00 0.000000e+00 0.000000e+00 -1.334805e+02 -1.349497e+02 1.405372e+03 3.400456e+02 0.000000e+00 0.000000e+00 0.000000e+00 0.000000e+00 0.000000e+00 0.000000e+00 0.000000e+00 0.000000e+00 0.000000e+00
5.770000e-01 0.000000e+00 -1.784630e+03 -2.308261e+03 0.000000e+00 0.000000e+00 0.000000e+00 -1.335502e+02 -1.350028e+02 1.405794e+03 3.398395e+02 0.000000e+00 0.000000e+00 0.000000e+00 0.000000e+00 0.000000e+00 0.000000e+00 0.000000e+00 0.000000e+00 0.000000e+00
5.780000e-01 0.000000e+00 -1.794852e+03 -2.314164e+03 0.000000e+00 0.000000e+00 0.000000e+00 -1.336170e+02 -1.350534e+02 1.406222e+03 3.396298e+02 0.000000e+00 0.000000e+00 0.000000e+00 0.000000e+00 0.000000e+00 0.000000e+00 0.000000e+00 0.000000e+00 0.000000e+00
5.790000e-01 0.000000e+00 -1.805097e+03 -2.320033e+03 0.000000e+00 0.000000e+00 0.000000e+00 -1.336812e+02 -1.351015e+02 1.406657e+03 3.394171e+02 0.000000e+00 0.000000e+00 0.000000e+00 0.000000e+00 0.000000e+00 0.000000e+00 0.000000e+00 0.000000e+00 0.000000e+00
5.800000e-01 0.000000e+00 -1.815363e+03 -2.325869e+03 0.000000e+00 0.000000e+00 0.000000e+00 -1.337430e+02 -1.351474e+02 1.407100e+03 3.392020e+02 0.000000e+00 0.000000e+00 0.000000e+00 0.000000e+00 0.000000e+00 0.000000e+00 0.000000e+00 0.000000e+00 0.000000e+00
5.810000e-01 0.000000e+00 -1.825649e+03 -2.331672e+03 0.000000e+00 0.000000e+00 0.000000e+00 -1.338025e+02 -1.351912e+02 1.407549e+03 3.389849e+02 0.000000e+00 0.000000e+00 0.000000e+00 0.000000e+00 0.000000e+00 0.000000e+00 0.000000e+00 0.000000e+00 0.000000e+00
5.820000e-01 0.000000e+00 -1.835954e+03 -2.337444e+03 0.000000e+00 0.000000e+00 0.000000e+00 -1.338599e+02 -1.352332e+02 1.408005e+03 3.387665e+02 0.000000e+00 0.000000e+00 0.000000e+00 0.000000e+00 0.000000e+00 0.000000e+00 0.000000e+00 0.000000e+00 0.000000e+00
5.830000e-01 0.000000e+00 -1.846278e+03 -2.343185e+03 0.000000e+00 0.000000e+00 0.000000e+00 -1.339155e+02 -1.352736e+02 1.408468e+03 3.385473e+02 0.000000e+00 0.000000e+00 0.000000e+00 0.000000e+00 0.000000e+00 0.000000e+00 0.000000e+00 0.000000e+00 0.000000e+00
5.840000e-01 0.000000e+00 -1.856618e+03 -2.348896e+03 0.000000e+00 0.000000e+00 0.000000e+00 -1.339694e+02 -1.353126e+02 1.408938e+03 3.383279e+02 0.000000e+00 0.000000e+00 0.000000e+00 0.000000e+00 0.000000e+00 0.000000e+00 0.000000e+00 0.000000e+00 0.000000e+00
5.850000e-01 0.000000e+00 -1.866974e+03 -2.354579e+03 0.000000e+00 0.000000e+00 0.000000e+00 -1.340219e+02 -1.353504e+02 1.409414e+03 3.381088e+02 0.000000e+00 0.000000e+00 0.000000e+00 0.000000e+00 0.000000e+00 0.000000e+00 0.000000e+00 0.000000e+00 0.000000e+00
5.860000e-01 0.000000e+00 -1.877345e+03 -2.360234e+03 0.000000e+00 0.000000e+00 0.000000e+00 -1.340732e+02 -1.353872e+02 1.409898e+03 3.378905e+02 0.000000e+00 0.000000e+00 0.000000e+00 0.000000e+00 0.000000e+00 0.000000e+00 0.000000e+00 0.000000e+00 0.000000e+00
5.870000e-01 0.000000e+00 -1.887730e+03 -2.365862e+03 0.000000e+00 0.000000e+00 0.000000e+00 -1.341234e+02 -1.354231e+02 1.410389e+03 3.376737e+02 0.000000e+00 0.000000e+00 0.000000e+00 0.000000e+00 0.000000e+00 0.000000e+00 0.000000e+00 0.000000e+00 0.000000e+00
5.880000e-01 0.000000e+00 -1.898127e+03 -2.371465e+03 0.000000e+00 0.000000e+00 0.000000e+00 -1.341729e+02 -1.354585e+02 1.410887e+03 3.374589e+02 0.000000e+00 0.000000e+00 0.000000e+00 0.000000e+00 0.000000e+00 0.000000e+00 0.000000e+00 0.000000e+00 0.000000e+00
5.890000e-01 0.000000e+00 -1.908536e+03 -2.377044e+03 0.000000e+00 0.000000e+00 0.000000e+00 -1.342217e+02 -1.354935e+02 1.411392e+03 3.372467e+02 0.000000e+00 0.000000e+00 0.000000e+00 0.000000e+00 0.000000e+00 0.000000e+00 0.000000e+00 0.000000e+00 0.000000e+00
5.900000e-01 0.000000e+00 -1.918956e+03 -2.382600e+03 0.000000e+00 0.000000e+00 0.000000e+00 -1.342702e+02 -1.355284e+02 1.411903e+03 3.370377e+02 0.000000e+00 0.000000e+00 0.000000e+00 0.000000e+00 0.000000e+00 0.000000e+00 0.000000e+00 0.000000e+00 0.000000e+00
5.910000e-01 0.000000e+00 -1.929384e+03 -2.388134e+03 0.000000e+00 0.000000e+00 0.000000e+00 -1.343186e+02 -1.355633e+02 1.412422e+03 3.368324e+02 0.000000e+00 0.000000e+00 0.000000e+00 0.000000e+00 0.000000e+00 0.000000e+00 0.000000e+00 0.000000e+00 0.000000e+00
5.920000e-01 0.000000e+00 -1.939821e+03 -2.393648e+03 0.000000e+00 0.000000e+00 0.000000e+00 -1.343670e+02 -1.355985e+02 1.412948e+03 3.366315e+02 0.000000e+00 0.000000e+00 0.000000e+00 0.000000e+00 0.000000e+00 0.000000e+00 0.000000e+00 0.000000e+00 0.000000e+00
5.930000e-01 0.000000e+00 -1.950266e+03 -2.399142e+03 0.000000e+00 0.000000e+00 0.000000e+00 -1.344157e+02 -1.356343e+02 1.413481e+03 3.364355e+02 0.000000e+00 0.000000e+00 0.000000e+00 0.000000e+00 0.000000e+00 0.000000e+00 0.000000e+00 0.000000e+00 0.000000e+00
5.940000e-01 0.000000e+00 -1.960717e+03 -2.404618e+03 0.000000e+00 0.000000e+00 0.000000e+00 -1.344650e+02 -1.356708e+02 1.414021e+03 3.362450e+02 0.000000e+00 0.000000e+00 0.000000e+00 0.000000e+00 0.000000e+00 0.000000e+00 0.000000e+00 0.000000e+00 0.000000e+00
5.950000e-01 0.000000e+00 -1.971173e+03 -2.410077e+03 0.000000e+00 0.000000e+00 0.000000e+00 -1.345150e+02 -1.357082e+02 1.414569e+03 3.360606e+02 0.000000e+00 0.000000e+00 0.000000e+00 0.000000e+00 0.000000e+00 0.000000e+00 0.000000e+00 0.000000e+00 0.000000e+00
5.960000e-01 0.000000e+00 -1.981633e+03 -2.415522e+03 0.000000e+00 0.000000e+00 0.000000e+00 -1.345660e+02 -1.357468e+02 1.415123e+03 3.358829e+02 0.000000e+00 0.000000e+00 0.000000e+00 0.000000e+00 0.000000e+00 0.000000e+00 0.000000e+00 0.000000e+00 0.000000e+00
5.970000e-01 0.000000e+00 -1.992097e+03 -2.420952e+03 0.000000e+00 0.000000e+00 0.000000e+00 -1.346183e+02 -1.357869e+02 1.415685e+03 3.357124e+02 0.000000e+00 0.000000e+00 0.000000e+00 0.000000e+00 0.000000e+00 0.000000e+00 0.000000e+00 0.000000e+00 0.000000e+00
5.980000e-01 0.000000e+00 -2.002563e+03 -2.426370e+03 0.000000e+00 0.000000e+00 0.000000e+00 -1.346720e+02 -1.358286e+02 1.416254e+03 3.355499e+02 0.000000e+00 0.000000e+00 0.000000e+00 0.000000e+00 0.000000e+00 0.000000e+00 0.000000e+00 0.000000e+00 0.000000e+00
5.990000e-01 0.000000e+00 -2.013031e+03 -2.431776e+03 0.000000e+00 0.000000e+00 0.000000e+00 -1.347273e+02 -1.358722e+02 1.416830e+03 3.353958e+02 0.000000e+00 0.000000e+00 0.000000e+00 0.000000e+00 0.000000e+00 0.000000e+00 0.000000e+00 0.000000e+00 0.000000e+00
6.000000e-01 0.000000e+00 -2.023499e+03 -2.437173e+03 0.000000e+00 0.000000e+00 0.000000e+00 -1.347846e+02 -1.359178e+02 1.417413e+03 3.352507e+02 0.000000e+00 0.000000e+00 0.000000e+00 0.000000e+00 0.000000e+00 0.000000e+00 0.000000e+00 0.000000e+00 0.000000e+00
6.010000e-01 0.000000e+00 -2.033966e+03 -2.442562e+03 0.000000e+00 0.000000e+00 0.000000e+00 -1.348440e+02 -1.359658e+02 1.418004e+03 3.351152e+02 0.000000e+00 0.000000e+00 0.000000e+00 0.000000e+00 0.000000e+00 0.000000e+00 0.000000e+00 0.000000e+00 0.000000e+00
6.020000e-01 0.000000e+00 -2.044432e+03 -2.447943e+03 0.000000e+00 0.000000e+00 0.000000e+00 -1.349057e+02 -1.360163e+02 1.418602e+03 3.349899e+02 0.000000e+00 0.000000e+00 0.000000e+00 0.000000e+00 0.000000e+00 0.000000e+00 0.000000e+00 0.000000e+00 0.000000e+00
6.030000e-01 0.000000e+00 -2.054895e+03 -2.453319e+03 0.000000e+00 0.000000e+00 0.000000e+00 -1.349701e+02 -1.360696e+02 1.419207e+03 3.348753e+02 0.000000e+00 0.000000e+00 0.000000e+00 0.000000e+00 0.000000e+00 0.000000e+00 0.000000e+00 0.000000e+00 0.000000e+00
6.040000e-01 0.000000e+00 -2.065355e+03 -2.458692e+03 0.000000e+00 0.000000e+00 0.000000e+00 -1.350372e+02 -1.361259e+02 1.419820e+03 3.347721e+02 0.000000e+00 0.000000e+00 0.000000e+00 0.000000e+00 0.000000e+00 0.000000e+00 0.000000e+00 0.000000e+00 0.000000e+00
6.050000e-01 0.000000e+00 -2.075811e+03 -2.464061e+03 0.000000e+00 0.000000e+00 0.000000e+00 -1.351074e+02 -1.361854e+02 1.420441e+03 3.346809e+02 0.000000e+00 0.000000e+00 0.000000e+00 0.000000e+00 0.000000e+00 0.000000e+00 0.000000e+00 0.000000e+00 0.000000e+00
6.060000e-01 0.000000e+00 -2.086262e+03 -2.469430e+03 0.000000e+00 0.000000e+00 0.000000e+00 -1.351809e+02 -1.362483e+02 1.421068e+03 3.346021e+02 0.000000e+00 0.000000e+00 0.000000e+00 0.000000e+00 0.000000e+00 0.000000e+00 0.000000e+00 0.000000e+00 0.000000e+00
6.070000e-01 0.000000e+00 -2.096707e+03 -2.474800e+03 0.000000e+00 0.000000e+00 0.000000e+00 -1.352579e+02 -1.363150e+02 1.421704e+03 3.345364e+02 0.000000e+00 0.000000e+00 0.000000e+00 0.000000e+00 0.000000e+00 0.000000e+00 0.000000e+00 0.000000e+00 0.000000e+00
6.080000e-01 0.000000e+00 -2.107145e+03 -2.480172e+03 0.000000e+00 0.000000e+00 0.000000e+00 -1.353386e+02 -1.363855e+02 1.422347e+03 3.344844e+02 0.000000e+00 0.000000e+00 0.000000e+00 0.000000e+00 0.000000e+00 0.000000e+00 0.000000e+00 0.000000e+00 0.000000e+00
6.090000e-01 0.000000e+00 -2.117575e+03 -2.485548e+03 0.000000e+00 0.000000e+00 0.000000e+00 -1.354233e+02 -1.364602e+02 1.422998e+03 3.344466e+02 0.000000e+00 0.000000e+00 0.000000e+00 0.000000e+00 0.000000e+00 0.000000e+00 0.000000e+00 0.000000e+00 0.000000e+00
6.100000e-01 0.000000e+00 -2.127997e+03 -2.490929e+03 0.000000e+00 0.000000e+00 0.000000e+00 -1.355123e+02 -1.365392e+02 1.423656e+03 3.344237e+02 0.000000e+00 0.000000e+00 0.000000e+00 0.000000e+00 0.000000e+00 0.000000e+00 0.000000e+00 0.000000e+00 0.000000e+00
6.110000e-01 0.000000e+00 -2.138410e+03 -2.496318e+03 0.000000e+00 0.000000e+00 0.000000e+00 -1.356056e+02 -1.366229e+02 1.424322e+03 3.344161e+02 0.000000e+00 0.000000e+00 0.000000e+00 0.000000e+00 0.000000e+00 0.000000e+00 0.000000e+00 0.000000e+00 0.000000e+00
6.120000e-01 0.000000e+00 -2.148813e+03 -2.501716e+03 0.000000e+00 0.000000e+00 0.000000e+00 -1.357037e+02 -1.367114e+02 1.424996e+03 3.344245e+02 0.000000e+00 0.000000e+00 0.000000e+00 0.000000e+00 0.000000e+00 0.000000e+00 0.000000e+00 0.000000e+00 0.000000e+00
6.130000e-01 0.000000e+00 -2.159205e+03 -2.507124e+03 0.000000e+00 0.000000e+00 0.000000e+00 -1.358067e+02 -1.368050e+02 1.425678e+03 3.344495e+02 0.000000e+00 0.000000e+00 0.000000e+00 0.000000e+00 0.000000e+00 0.000000e+00 0.000000e+00 0.000000e+00 0.000000e+00
6.140000e-01 0.000000e+00 -2.169586e+03 -2.512544e+03 0.000000e+00 0.000000e+00 0.000000e+00 -1.359148e+02 -1.369038e+02 1.426367e+03 3.344916e+02 0.000000e+00 0.000000e+00 0.000000e+00 0.000000e+00 0.000000e+00 0.000000e+00 0.000000e+00 0.000000e+00 0.000000e+00
6.150000e-01 0.000000e+00 -2.179955e+03 -2.517979e+03 0.000000e+00 0.000000e+00 0.000000e+00 -1.360284e+02 -1.370083e+02 1.427065e+03 3.345514e+02 0.000000e+00 0.000000e+00 0.000000e+00 0.000000e+00 0.000000e+00 0.000000e+00 0.000000e+00 0.000000e+00 0.000000e+00
6.160000e-01 0.000000e+00 -2.190311e+03 -2.523429e+03 0.000000e+00 0.000000e+00 0.000000e+00 -1.361476e+02 -1.371184e+02 1.427770e+03 3.346294e+02 0.000000e+00 0.000000e+00 0.000000e+00 0.000000e+00 0.000000e+00 0.000000e+00 0.000000e+00 0.000000e+00 0.000000e+00
6.170000e-01 0.000000e+00 -2.200654e+03 -2.528897e+03 0.000000e+00 0.000000e+00 0.000000e+00 -1.362726e+02 -1.372346e+02 1.428484e+03 3.347263e+02 0.000000e+00 0.000000e+00 0.000000e+00 0.000000e+00 0.000000e+00 0.000000e+00 0.000000e+00 0.000000e+00 0.000000e+00
6.180000e-01 0.000000e+00 -2.210982e+03 -2.534384e+03 0.000000e+00 0.000000e+00 0.000000e+00 -1.364038e+02 -1.373570e+02 1.429206e+03 3.348425e+02 0.000000e+00 0.000000e+00 0.000000e+00 0.000000e+00 0.000000e+00 0.000000e+00 0.000000e+00 0.000000e+00 0.000000e+00
6.190000e-01 0.000000e+00 -2.221296e+03 -2.539892e+03 0.000000e+00 0.000000e+00 0.000000e+00 -1.365413e+02 -1.374858e+02 1.429936e+03 3.349786e+02 0.000000e+00 0.000000e+00 0.000000e+00 0.000000e+00 0.000000e+00 0.000000e+00 0.000000e+00 0.000000e+00 0.000000e+00
6.200000e-01 0.000000e+00 -2.231595e+03 -2.545423e+03 0.000000e+00 0.000000e+00 0.000000e+00 -1.366853e+02 -1.376213e+02 1.430674e+03 3.351352e+02 0.000000e+00 0.000000e+00 0.000000e+00 0.000000e+00 0.000000e+00 0.000000e+00 0.000000e+00 0.000000e+00 0.000000e+00
6.210000e-01 0.000000e+00 -2.241878e+03 -2.550978e+03 0.000000e+00 0.000000e+00 0.000000e+00 -1.368361e+02 -1.377637e+02 1.431420e+03 3.353128e+02 0.000000e+00 0.000000e+00 0.000000e+00 0.000000e+00 0.000000e+00 0.000000e+00 0.000000e+00 0.000000e+00 0.000000e+00
6.220000e-01 0.000000e+00 -2.252145e+03 -2.556560e+03 0.000000e+00 0.000000e+00 0.000000e+00 -1.369939e+02 -1.379132e+02 1.432175e+03 3.355119e+02 0.000000e+00 0.000000e+00 0.000000e+00 0.000000e+00 0.000000e+00 0.000000e+00 0.000000e+00 0.000000e+00 0.000000e+00
6.230000e-01 0.000000e+00 -2.262395e+03 -2.562170e+03 0.000000e+00 0.000000e+00 0.000000e+00 -1.371589e+02 -1.380700e+02 1.432938e+03 3.357331e+02 0.000000e+00 0.000000e+00 0.000000e+00 0.000000e+00 0.000000e+00 0.000000e+00 0.000000e+00 0.000000e+00 0.000000e+00
6.240000e-01 0.000000e+00 -2.272627e+03 -2.567809e+03 0.000000e+00 0.000000e+00 0.000000e+00 -1.373314e+02 -1.382344e+02 1.433710e+03 3.359769e+02 0.000000e+00 0.000000e+00 0.000000e+00 0.000000e+00 0.000000e+00 0.000000e+00 0.000000e+00 0.000000e+00 0.000000e+00
6.250000e-01 0.000000e+00 -2.282842e+03 -2.573480e+03 0.000000e+00 0.000000e+00 0.000000e+00 -1.375116e+02 -1.384066e+02 1.434491e+03 3.362438e+02 0.000000e+00 0.000000e+00 0.000000e+00 0.000000e+00 0.000000e+00 0.000000e+00 0.000000e+00 0.000000e+00 0.000000e+00
6.260000e-01 0.000000e+00 -2.293038e+03 -2.579185e+03 0.000000e+00 0.000000e+00 0.000000e+00 -1.376997e+02 -1.385868e+02 1.435280e+03 3.365344e+02 0.000000e+00 0.000000e+00 0.000000e+00 0.000000e+00 0.000000e+00 0.000000e+00 0.000000e+00 0.000000e+00 0.000000e+00
6.270000e-01 0.000000e+00 -2.303216e+03 -2.584925e+03 0.000000e+00 0.000000e+00 0.000000e+00 -1.378960e+02 -1.387752e+02 1.436077e+03 3.368492e+02 0.000000e+00 0.000000e+00 0.000000e+00 0.000000e+00 0.000000e+00 0.000000e+00 0.000000e+00 0.000000e+00 0.000000e+00
6.280000e-01 0.000000e+00 -2.313375e+03 -2.590702e+03 0.000000e+00 0.000000e+00 0.000000e+00 -1.381006e+02 -1.389720e+02 1.436884e+03 3.371887e+02 0.000000e+00 0.000000e+00 0.000000e+00 0.000000e+00 0.000000e+00 0.000000e+00 0.000000e+00 0.000000e+00 0.000000e+00
6.290000e-01 0.000000e+00 -2.323514e+03 -2.596519e+03 0.000000e+00 0.000000e+00 0.000000e+00 -1.383138e+02 -1.391774e+02 1.437699e+03 3.375533e+02 0.000000e+00 0.000000e+00 0.000000e+00 0.000000e+00 0.000000e+00 0.000000e+00 0.000000e+00 0.000000e+00 0.000000e+00
6.300000e-01 0.000000e+00 -2.333634e+03 -2.602376e+03 0.000000e+00 0.000000e+00 0.000000e+00 -1.385357e+02 -1.393918e+02 1.438523e+03 3.379437e+02 0.000000e+00 0.000000e+00 0.000000e+00 0.000000e+00 0.000000e+00 0.000000e+00 0.000000e+00 0.000000e+00 0.000000e+00
6.310000e-01 0.000000e+00 -2.343734e+03 -2.608276e+03 0.000000e+00 0.000000e+00 0.000000e+00 -1.387667e+02 -1.396152e+02 1.439357e+03 3.383603e+02 0.000000e+00 0.000000e+00 0.000000e+00 0.000000e+00 0.000000e+00 0.000000e+00 0.000000e+00 0.000000e+00 0.000000e+00
6.320000e-01 0.000000e+00 -2.353813e+03 -2.614220e+03 0.000000e+00 0.000000e+00 0.000000e+00 -1.390070e+02 -1.398479e+02 1.440199e+03 3.388036e+02 0.000000e+00 0.000000e+00 0.000000e+00 0.000000e+00 0.000000e+00 0.000000e+00 0.000000e+00 0.000000e+00 0.000000e+00
6.330000e-01 0.000000e+00 -2.363872e+03 -2.620211e+03 0.000000e+00 0.000000e+00 0.000000e+00 -1.392566e+02 -1.400901e+02 1.441051e+03 3.392741e+02 0.000000e+00 0.000000e+00 0.000000e+00 0.000000e+00 0.000000e+00 0.000000e+00 0.000000e+00 0.000000e+00 0.000000e+00
6.340000e-01 0.000000e+00 -2.373910e+03 -2.626250e+03 0.000000e+00 0.000000e+00 0.000000e+00 -1.395160e+02 -1.403421e+02 1.441912e+03 3.397723e+02 0.000000e+00 0.000000e+00 0.000000e+00 0.000000e+00 0.000000e+00 0.000000e+00 0.000000e+00 0.000000e+00 0.000000e+00
6.350000e-01 0.000000e+00 -2.383927e+03 -2.632340e+03 0.000000e+00 0.000000e+00 0.000000e+00 -1.397852e+02 -1.406039e+02 1.442782e+03 3.402987e+02 0.000000e+00 0.000000e+00 0.000000e+00 0.000000e+00 0.000000e+00 0.000000e+00 0.000000e+00 0.000000e+00 0.000000e+00
6.360000e-01 0.000000e+00 -2.393923e+03 -2.638481e+03 0.000000e+00 0.000000e+00 0.000000e+00 -1.400646e+02 -1.408759e+02 1.443662e+03 3.408536e+02 0.000000e+00 0.000000e+00 0.000000e+00 0.000000e+00 0.000000e+00 0.000000e+00 0.000000e+00 0.000000e+00 0.000000e+00
6.370000e-01 0.000000e+00 -2.403897e+03 -2.644677e+03 0.000000e+00 0.000000e+00 0.000000e+00 -1.403542e+02 -1.411582e+02 1.444551e+03 3.414377e+02 0.000000e+00 0.000000e+00 0.000000e+00 0.000000e+00 0.000000e+00 0.000000e+00 0.000000e+00 0.000000e+00 0.000000e+00
6.380000e-01 0.000000e+00 -2.413851e+03 -2.650928e+03 0.000000e+00 0.000000e+00 0.000000e+00 -1.406543e+02 -1.414510e+02 1.445450e+03 3.420513e+02 0.000000e+00 0.000000e+00 0.000000e+00 0.000000e+00 0.000000e+00 0.000000e+00 0.000000e+00 0.000000e+00 0.000000e+00
6.390000e-01 0.000000e+00 -2.423783e+03 -2.657236e+03 0.000000e+00 0.000000e+00 0.000000e+00 -1.409651e+02 -1.417546e+02 1.446359e+03 3.426949e+02 0.000000e+00 0.000000e+00 0.000000e+00 0.000000e+00 0.000000e+00 0.000000e+00 0.000000e+00 0.000000e+00 0.000000e+00
6.400000e-01 0.000000e+00 -2.433693e+03 -2.663604e+03 0.000000e+00 0.000000e+00 0.000000e+00 -1.412869e+02 -1.420690e+02 1.447277e+03 3.433690e+02 0.000000e+00 0.000000e+00 0.000000e+00 0.000000e+00 0.000000e+00 0.000000e+00 0.000000e+00 0.000000e+00 0.000000e+00
6.410000e-01 0.000000e+00 -2.443582e+03 -2.670033e+03 0.000000e+00 0.000000e+00 0.000000e+00 -1.416197e+02 -1.423946e+02 1.448206e+03 3.440739e+02 0.000000e+00 0.000000e+00 0.000000e+00 0.000000e+00 0.000000e+00 0.000000e+00 0.000000e+00 0.000000e+00 0.000000e+00
6.420000e-01 0.000000e+00 -2.453449e+03 -2.676524e+03 0.000000e+00 0.000000e+00 0.000000e+00 -1.419638e+02 -1.427315e+02 1.449144e+03 3.448102e+02 0.000000e+00 0.000000e+00 0.000000e+00 0.000000e+00 0.000000e+00 0.000000e+00 0.000000e+00 0.000000e+00 0.000000e+00
6.430000e-01 0.000000e+00 -2.463295e+03 -2.683081e+03 0.000000e+00 0.000000e+00 0.000000e+00 -1.423194e+02 -1.430798e+02 1.450092e+03 3.455781e+02 0.000000e+00 0.000000e+00 0.000000e+00 0.000000e+00 0.000000e+00 0.000000e+00 0.000000e+00 0.000000e+00 0.000000e+00
6.440000e-01 0.000000e+00 -2.473119e+03 -2.689704e+03 0.000000e+00 0.000000e+00 0.000000e+00 -1.426867e+02 -1.434399e+02 1.451051e+03 3.463783e+02 0.000000e+00 0.000000e+00 0.000000e+00 0.000000e+00 0.000000e+00 0.000000e+00 0.000000e+00 0.000000e+00 0.000000e+00
6.450000e-01 0.000000e+00 -2.482923e+03 -2.696396e+03 0.000000e+00 0.000000e+00 0.000000e+00 -1.430659e+02 -1.438118e+02 1.452020e+03 3.472110e+02 0.000000e+00 0.000000e+00 0.000000e+00 0.000000e+00 0.000000e+00 0.000000e+00 0.000000e+00 0.000000e+00 0.000000e+00
6.460000e-01 0.000000e+00 -2.492705e+03 -2.703158e+03 0.000000e+00 0.000000e+00 0.000000e+00 -1.434571e+02 -1.441957e+02 1.452999e+03 3.480766e+02 0.000000e+00 0.000000e+00 0.000000e+00 0.000000e+00 0.000000e+00 0.000000e+00 0.000000e+00 0.000000e+00 0.000000e+00
6.470000e-01 0.000000e+00 -2.502465e+03 -2.709992e+03 0.000000e+00 0.000000e+00 0.000000e+00 -1.438606e+02 -1.445919e+02 1.453989e+03 3.489757e+02 0.000000e+00 0.000000e+00 0.000000e+00 0.000000e+00 0.000000e+00 0.000000e+00 0.000000e+00 0.000000e+00 0.000000e+00
6.480000e-01 0.000000e+00 -2.512206e+03 -2.716900e+03 0.000000e+00 0.000000e+00 0.000000e+00 -1.442765e+02 -1.450004e+02 1.454990e+03 3.499084e+02 0.000000e+00 0.000000e+00 0.000000e+00 0.000000e+00 0.000000e+00 0.000000e+00 0.000000e+00 0.000000e+00 0.000000e+00
6.490000e-01 0.000000e+00 -2.521925e+03 -2.723883e+03 0.000000e+00 0.000000e+00 0.000000e+00 -1.447050e+02 -1.454215e+02 1.456001e+03 3.508753e+02 0.000000e+00 0.000000e+00 0.000000e+00 0.000000e+00 0.000000e+00 0.000000e+00 0.000000e+00 0.000000e+00 0.000000e+00
6.500000e-01 0.000000e+00 -2.531624e+03 -2.730944e+03 0.000000e+00 0.000000e+00 0.000000e+00 -1.451462e+02 -1.458554e+02 1.457023e+03 3.518767e+02 0.000000e+00 0.000000e+00 0.000000e+00 0.000000e+00 0.000000e+00 0.000000e+00 0.000000e+00 0.000000e+00 0.000000e+00
6.510000e-01 0.000000e+00 -2.541303e+03 -2.738083e+03 0.000000e+00 0.000000e+00 0.000000e+00 -1.456004e+02 -1.463022e+02 1.458056e+03 3.529130e+02 0.000000e+00 0.000000e+00 0.000000e+00 0.000000e+00 0.000000e+00 0.000000e+00 0.000000e+00 0.000000e+00 0.000000e+00
6.520000e-01 0.000000e+00 -2.550962e+03 -2.745304e+03 0.000000e+00 0.000000e+00 0.000000e+00 -1.460678e+02 -1.467620e+02 1.459100e+03 3.539844e+02 0.000000e+00 0.000000e+00 0.000000e+00 0.000000e+00 0.000000e+00 0.000000e+00 0.000000e+00 0.000000e+00 0.000000e+00
6.530000e-01 0.000000e+00 -2.560601e+03 -2.752606e+03 0.000000e+00 0.000000e+00 0.000000e+00 -1.465484e+02 -1.472350e+02 1.460156e+03 3.550914e+02 0.000000e+00 0.000000e+00 0.000000e+00 0.000000e+00 0.000000e+00 0.000000e+00 0.000000e+00 0.000000e+00 0.000000e+00
6.540000e-01 0.000000e+00 -2.570222e+03 -2.759993e+03 0.000000e+00 0.000000e+00 0.000000e+00 -1.470424e+02 -1.477214e+02 1.461222e+03 3.562343e+02 0.000000e+00 0.000000e+00 0.000000e+00 0.000000e+00 0.000000e+00 0.000000e+00 0.000000e+00 0.000000e+00 0.000000e+00
6.550000e-01 0.000000e+00 -2.579823e+03 -2.767465e+03 0.000000e+00 0.000000e+00 0.000000e+00 -1.475501e+02 -1.482214e+02 1.462300e+03 3.574134e+02 0.000000e+00 0.000000e+00 0.000000e+00 0.000000e+00 0.000000e+00 0.000000e+00 0.000000e+00 0.000000e+00 0.000000e+00
6.560000e-01 0.000000e+00 -2.589406e+03 -2.775025e+03 0.000000e+00 0.000000e+00 0.000000e+00 -1.480714e+02 -1.487350e+02 1.463389e+03 3.586290e+02 0.000000e+00 0.000000e+00 0.000000e+00 0.000000e+00 0.000000e+00 0.000000e+00 0.000000e+00 0.000000e+00 0.000000e+00
6.570000e-01 0.000000e+00 -2.598971e+03 -2.782673e+03 0.000000e+00 0.000000e+00 0.000000e+00 -1.486067e+02 -1.492624e+02 1.464490e+03 3.598814e+02 0.000000e+00 0.000000e+00 0.000000e+00 0.000000e+00 0.000000e+00 0.000000e+00 0.000000e+00 0.000000e+00 0.000000e+00
6.580000e-01 0.000000e+00 -2.608519e+03 -2.790412e+03 0.000000e+00 0.000000e+00 0.000000e+00 -1.491561e+02 -1.498038e+02 1.465603e+03 3.611710e+02 0.000000e+00 0.000000e+00 0.000000e+00 0.000000e+00 0.000000e+00 0.000000e+00 0.000000e+00 0.000000e+00 0.000000e+00
6.590000e-01 0.000000e+00 -2.618050e+03 -2.798243e+03 0.000000e+00 0.000000e+00 0.000000e+00 -1.497196e+02 -1.503593e+02 1.466728e+03 3.624980e+02 0.000000e+00 0.000000e+00 0.000000e+00 0.000000e+00 0.000000e+00 0.000000e+00 0.000000e+00 0.000000e+00 0.000000e+00
6.600000e-01 0.000000e+00 -2.627564e+03 -2.806168e+03 0.000000e+00 0.000000e+00 0.000000e+00 -1.502974e+02 -1.509291e+02 1.467865e+03 3.638628e+02 0.000000e+00 0.000000e+00 0.000000e+00 0.000000e+00 0.000000e+00 0.000000e+00 0.000000e+00 0.000000e+00 0.000000e+00
6.610000e-01 0.000000e+00 -2.637062e+03 -2.814188e+03 0.000000e+00 0.000000e+00 0.000000e+00 -1.508897e+02 -1.515132e+02 1.469013e+03 3.652655e+02 0.000000e+00 0.000000e+00 0.000000e+00 0.000000e+00 0.000000e+00 0.000000e+00 0.000000e+00 0.000000e+00 0.000000e+00
6.620000e-01 0.000000e+00 -2.646545e+03 -2.822304e+03 0.000000e+00 0.000000e+00 0.000000e+00 -1.514966e+02 -1.521118e+02 1.470174e+03 3.667064e+02 0.000000e+00 0.000000e+00 0.000000e+00 0.000000e+00 0.000000e+00 0.000000e+00 0.000000e+00 0.000000e+00 0.000000e+00
6.630000e-01 0.000000e+00 -2.656012e+03 -2.830518e+03 0.000000e+00 0.000000e+00 0.000000e+00 -1.521182e+02 -1.527250e+02 1.471348e+03 3.681858e+02 0.000000e+00 0.000000e+00 0.000000e+00 0.000000e+00 0.000000e+00 0.000000e+00 0.000000e+00 0.000000e+00 0.000000e+00
6.640000e-01 0.000000e+00 -2.665466e+03 -2.838832e+03 0.000000e+00 0.000000e+00 0.000000e+00 -1.527547e+02 -1.533529e+02 1.472534e+03 3.697040e+02 0.000000e+00 0.000000e+00 0.000000e+00 0.000000e+00 0.000000e+00 0.000000e+00 0.000000e+00 0.000000e+00 0.000000e+00
6.650000e-01 0.000000e+00 -2.674906e+03 -2.847248e+03 0.000000e+00 0.000000e+00 0.000000e+00 -1.534062e+02 -1.539958e+02 1.473732e+03 3.712611e+02 0.000000e+00 0.000000e+00 0.000000e+00 0.000000e+00 0.000000e+00 0.000000e+00 0.000000e+00 0.000000e+00 0.000000e+00
6.660000e-01 0.000000e+00 -2.684334e+03 -2.855765e+03 0.000000e+00 0.000000e+00 0.000000e+00 -1.540727e+02 -1.546536e+02 1.474943e+03 3.728575e+02 0.000000e+00 0.000000e+00 0.000000e+00 0.000000e+00 0.000000e+00 0.000000e+00 0.000000e+00 0.000000e+00 0.000000e+00
6.670000e-01 0.000000e+00 -2.693749e+03 -2.864387e+03 0.000000e+00 0.000000e+00 0.000000e+00 -1.547545e+02 -1.553265e+02 1.476167e+03 3.744933e+02 0.000000e+00 0.000000e+00 0.000000e+00 0.000000e+00 0.000000e+00 0.000000e+00 0.000000e+00 0.000000e+00 0.000000e+00
6.680000e-01 0.000000e+00 -2.703153e+03 -2.873114e+03 0.000000e+00 0.000000e+00 0.000000e+00 -1.554516e+02 -1.560146e+02 1.477405e+03 3.761687e+02 0.000000e+00 0.000000e+00 0.000000e+00 0.000000e+00 0.000000e+00 0.000000e+00 0.000000e+00 0.000000e+00 0.000000e+00
6.690000e-01 0.000000e+00 -2.712546e+03 -2.881947e+03 0.000000e+00 0.000000e+00 0.000000e+00 -1.561641e+02 -1.567180e+02 1.478655e+03 3.778841e+02 0.000000e+00 0.000000e+00 0.000000e+00 0.000000e+00 0.000000e+00 0.000000e+00 0.000000e+00 0.000000e+00 0.000000e+00
6.700000e-01 0.000000e+00 -2.721929e+03 -2.890889e+03 0.000000e+00 0.000000e+00 0.000000e+00 -1.568922e+02 -1.574368e+02 1.479918e+03 3.796395e+02 0.000000e+00 0.000000e+00 0.000000e+00 0.000000e+00 0.000000e+00 0.000000e+00 0.000000e+00 0.000000e+00 0.000000e+00
6.710000e-01 0.000000e+00 -2.731304e+03 -2.899940e+03 0.000000e+00 0.000000e+00 0.000000e+00 -1.576360e+02 -1.581711e+02 1.481195e+03 3.814351e+02 0.000000e+00 0.000000e+00 0.000000e+00 0.000000e+00 0.000000e+00 0.000000e+00 0.000000e+00 0.000000e+00 0.000000e+00
6.720000e-01 0.000000e+00 -2.740670e+03 -2.909101e+03 0.000000e+00 0.000000e+00 0.000000e+00 -1.583955e+02 -1.589210e+02 1.482486e+03 3.832711e+02 0.000000e+00 0.000000e+00 0.000000e+00 0.000000e+00 0.000000e+00 0.000000e+00 0.000000e+00 0.000000e+00 0.000000e+00
6.730000e-01 0.000000e+00 -2.750028e+03 -2.918374e+03 0.000000e+00 0.000000e+00 0.000000e+00 -1.591708e+02 -1.596866e+02 1.483790e+03 3.851477e+02 0.000000e+00 0.000000e+00 0.000000e+00 0.000000e+00 0.000000e+00 0.000000e+00 0.000000e+00 0.000000e+00 0.000000e+00
6.740000e-01 0.000000e+00 -2.759381e+03 -2.927760e+03 0.000000e+00 0.000000e+00 0.000000e+00 -1.599620e+02 -1.604679e+02 1.485108e+03 3.870650e+02 0.000000e+00 0.000000e+00 0.000000e+00 0.000000e+00 0.000000e+00 0.000000e+00 0.000000e+00 0.000000e+00 0.000000e+00
6.750000e-01 0.000000e+00 -2.768727e+03 -2.937260e+03 0.000000e+00 0.000000e+00 0.000000e+00 -1.607693e+02 -1.612651e+02 1.486440e+03 3.890231e+02 0.000000e+00 0.000000e+00 0.000000e+00 0.000000e+00 0.000000e+00 0.000000e+00 0.000000e+00 0.000000e+00 0.000000e+00
6.760000e-01 0.000000e+00 -2.778069e+03 -2.946874e+03 0.000000e+00 0.000000e+00 0.000000e+00 -1.615926e+02 -1.620782e+02 1.487786e+03 3.910223e+02 0.000000e+00 0.000000e+00 0.000000e+00 0.000000e+00 0.000000e+00 0.000000e+00 0.000000e+00 0.000000e+00 0.000000e+00
6.770000e-01 0.000000e+00 -2.787407e+03 -2.956606e+03 0.000000e+00 0.000000e+00 0.000000e+00 -1.624320e+02 -1.629073e+02 1.489146e+03 3.930625e+02 0.000000e+00 0.000000e+00 0.000000e+00 0.000000e+00 0.000000e+00 0.000000e+00 0.000000e+00 0.000000e+00 0.000000e+00
6.780000e-01 0.000000e+00 -2.796742e+03 -2.966454e+03 0.000000e+00 0.000000e+00 0.000000e+00 -1.632877e+02 -1.637523e+02 1.490521e+03 3.951439e+02 0.000000e+00 0.000000e+00 0.000000e+00 0.000000e+00 0.000000e+00 0.000000e+00 0.000000e+00 0.000000e+00 0.000000e+00
6.790000e-01 0.000000e+00 -2.806075e+03 -2.976420e+03 0.000000e+00 0.000000e+00 0.000000e+00 -1.641596e+02 -1.646135e+02 1.491910e+03 3.972666e+02 0.000000e+00 0.000000e+00 0.000000e+00 0.000000e+00 0.000000e+00 0.000000e+00 0.000000e+00 0.000000e+00 0.000000e+00
6.800000e-01 0.000000e+00 -2.815407e+03 -2.986505e+03 0.000000e+00 0.000000e+00 0.000000e+00 -1.650478e+02 -1.654908e+02 1.493313e+03 3.994307e+02 0.000000e+00 0.000000e+00 0.000000e+00 0.000000e+00 0.000000e+00 0.000000e+00 0.000000e+00 0.000000e+00 0.000000e+00
6.810000e-01 0.000000e+00 -2.824739e+03 -2.996711e+03 0.000000e+00 0.000000e+00 0.000000e+00 -1.659525e+02 -1.663844e+02 1.494732e+03 4.016362e+02 0.000000e+00 0.000000e+00 0.000000e+00 0.000000e+00 0.000000e+00 0.000000e+00 0.000000e+00 0.000000e+00 0.000000e+00
6.820000e-01 0.000000e+00 -2.834072e+03 -3.007037e+03 0.000000e+00 0.000000e+00 0.000000e+00 -1.668735e+02 -1.672941e+02 1.496166e+03 4.038832e+02 0.000000e+00 0.000000e+00 0.000000e+00 0.000000e+00 0.000000e+00 0.000000e+00 0.000000e+00 0.000000e+00 0.000000e+00
6.830000e-01 0.000000e+00 -2.843407e+03 -3.017485e+03 0.000000e+00 0.000000e+00 0.000000e+00 -1.678110e+02 -1.682201e+02 1.497614e+03 4.061718e+02 0.000000e+00 0.000000e+00 0.000000e+00 0.000000e+00 0.000000e+00 0.000000e+00 0.000000e+00 0.000000e+00 0.000000e+00
6.840000e-01 0.000000e+00 -2.852746e+03 -3.028055e+03 0.000000e+00 0.000000e+00 0.000000e+00 -1.687650e+02 -1.691624e+02 1.499078e+03 4.085020e+02 0.000000e+00 0.000000e+00 0.000000e+00 0.000000e+00 0.000000e+00 0.000000e+00 0.000000e+00 0.000000e+00 0.000000e+00
6.850000e-01 0.000000e+00 -2.862088e+03 -3.038749e+03 0.000000e+00 0.000000e+00 0.000000e+00 -1.697356e+02 -1.701211e+02 1.500557e+03 4.108739e+02 0.000000e+00 0.000000e+00 0.000000e+00 0.000000e+00 0.000000e+00 0.000000e+00 0.000000e+00 0.000000e+00 0.000000e+00
6.860000e-01 0.000000e+00 -2.871436e+03 -3.049566e+03 0.000000e+00 0.000000e+00 0.000000e+00 -1.707227e+02 -1.710962e+02 1.502052e+03 4.132874e+02 0.000000e+00 0.000000e+00 0.000000e+00 0.000000e+00 0.000000e+00 0.000000e+00 0.000000e+00 0.000000e+00 0.000000e+00
6.870000e-01 0.000000e+00 -2.880791e+03 -3.060509e+03 0.000000e+00 0.000000e+00 0.000000e+00 -1.717264e+02 -1.720876e+02 1.503562e+03 4.157427e+02 0.000000e+00 0.000000e+00 0.000000e+00 0.000000e+00 0.000000e+00 0.000000e+00 0.000000e+00 0.000000e+00 0.000000e+00
6.880000e-01 0.000000e+00 -2.890153e+03 -3.071577e+03 0.000000e+00 0.000000e+00 0.000000e+00 -1.727469e+02 -1.730956e+02 1.505088e+03 4.182397e+02 0.000000e+00 0.000000e+00 0.000000e+00 0.000000e+00 0.000000e+00 0.000000e+00 0.000000e+00 0.000000e+00 0.000000e+00
6.890000e-01 0.000000e+00 -2.899523e+03 -3.082771e+03 0.000000e+00 0.000000e+00 0.000000e+00 -1.737839e+02 -1.741199e+02 1.506631e+03 4.207785e+02 0.000000e+00 0.000000e+00 0.000000e+00 0.000000e+00 0.000000e+00 0.000000e+00 0.000000e+00 0.000000e+00 0.000000e+00
6.900000e-01 0.000000e+00 -2.908904e+03 -3.094092e+03 0.000000e+00 0.000000e+00 0.000000e+00 -1.748377e+02 -1.751608e+02 1.508189e+03 4.233591e+02 0.000000e+00 0.000000e+00 0.000000e+00 0.000000e+00 0.000000e+00 0.000000e+00 0.000000e+00 0.000000e+00 0.000000e+00
6.910000e-01 0.000000e+00 -2.918296e+03 -3.105541e+03 0.000000e+00 0.000000e+00 0.000000e+00 -1.759082e+02 -1.762182e+02 1.509763e+03 4.259814e+02 0.000000e+00 0.000000e+00 0.000000e+00 0.000000e+00 0.000000e+00 0.000000e+00 0.000000e+00 0.000000e+00 0.000000e+00
6.920000e-01 0.000000e+00 -2.927700e+03 -3.117117e+03 0.000000e+00 0.000000e+00 0.000000e+00 -1.769955e+02 -1.772920e+02 1.511354e+03 4.286454e+02 0.000000e+00 0.000000e+00 0.000000e+00 0.000000e+00 0.000000e+00 0.000000e+00 0.000000e+00 0.000000e+00 0.000000e+00
6.930000e-01 0.000000e+00 -2.937117e+03 -3.128822e+03 0.000000e+00 0.000000e+00 0.000000e+00 -1.780994e+02 -1.783824e+02 1.512962e+03 4.313512e+02 0.000000e+00 0.000000e+00 0.000000e+00 0.000000e+00 0.000000e+00 0.000000e+00 0.000000e+00 0.000000e+00 0.000000e+00
6.940000e-01 0.000000e+00 -2.946549e+03 -3.140656e+03 0.000000e+00 0.000000e+00 0.000000e+00 -1.792201e+02 -1.794893e+02 1.514586e+03 4.340985e+02 0.000000e+00 0.000000e+00 0.000000e+00 0.000000e+00 0.000000e+00 0.000000e+00 0.000000e+00 0.000000e+00 0.000000e+00
6.950000e-01 0.000000e+00 -2.955997e+03 -3.152619e+03 0.000000e+00 0.000000e+00 0.000000e+00 -1.803575e+02 -1.806127e+02 1.516227e+03 4.368875e+02 0.000000e+00 0.000000e+00 0.000000e+00 0.000000e+00 0.000000e+00 0.000000e+00 0.000000e+00 0.000000e+00 0.000000e+00
6.960000e-01 0.000000e+00 -2.965462e+03 -3.164712e+03 0.000000e+00 0.000000e+00 0.000000e+00 -1.815116e+02 -1.817525e+02 1.517885e+03 4.397180e+02 0.000000e+00 0.000000e+00 0.000000e+00 0.000000e+00 0.000000e+00 0.000000e+00 0.000000e+00 0.000000e+00 0.000000e+00
6.970000e-01 0.000000e+00 -2.974946e+03 -3.176935e+03 0.000000e+00 0.000000e+00 0.000000e+00 -1.826824e+02 -1.829088e+02 1.519560e+03 4.425899e+02 0.000000e+00 0.000000e+00 0.000000e+00 0.000000e+00 0.000000e+00 0.000000e+00 0.000000e+00 0.000000e+00 0.000000e+00
6.980000e-01 0.000000e+00 -2.984449e+03 -3.189287e+03 0.000000e+00 0.000000e+00 0.000000e+00 -1.838699e+02 -1.840816e+02 1.521253e+03 4.455032e+02 0.000000e+00 0.000000e+00 0.000000e+00 0.000000e+00 0.000000e+00 0.000000e+00 0.000000e+00 0.000000e+00 0.000000e+00
6.990000e-01 0.000000e+00 -2.993973e+03 -3.201770e+03 0.000000e+00 0.000000e+00 0.000000e+00 -1.850740e+02 -1.852707e+02 1.522963e+03 4.484578e+02 0.000000e+00 0.000000e+00 0.000000e+00 0.000000e+00 0.000000e+00 0.000000e+00 0.000000e+00 0.000000e+00 0.000000e+00
7.000000e-01 0.000000e+00 -3.003518e+03 -3.214384e+03 0.000000e+00 0.000000e+00 0.000000e+00 -1.862948e+02 -1.864762e+02 1.524691e+03 4.514535e+02 0.000000e+00 0.000000e+00 0.000000e+00 0.000000e+00 0.000000e+00 0.000000e+00 0.000000e+00 0.000000e+00 0.000000e+00
7.010000e-01 0.000000e+00 -3.013088e+03 -3.227128e+03 0.000000e+00 0.000000e+00 0.000000e+00 -1.875321e+02 -1.876981e+02 1.526436e+03 4.544902e+02 0.000000e+00 0.000000e+00 0.000000e+00 0.000000e+00 0.000000e+00 0.000000e+00 0.000000e+00 0.000000e+00 0.000000e+00
7.020000e-01 0.000000e+00 -3.022681e+03 -3.240002e+03 0.000000e+00 0.000000e+00 0.000000e+00 -1.887859e+02 -1.889363e+02 1.528199e+03 4.575678e+02 0.000000e+00 0.000000e+00 0.000000e+00 0.000000e+00 0.000000e+00 0.000000e+00 0.000000e+00 0.000000e+00 0.000000e+00
7.030000e-01 0.000000e+00 -3.032301e+03 -3.253007e+03 0.000000e+00 0.000000e+00 0.000000e+00 -1.900563e+02 -1.901907e+02 1.529981e+03 4.606862e+02 0.000000e+00 0.000000e+00 0.000000e+00 0.000000e+00 0.000000e+00 0.000000e+00 0.000000e+00 0.000000e+00 0.000000e+00
7.040000e-01 0.000000e+00 -3.041947e+03 -3.266143e+03 0.000000e+00 0.000000e+00 0.000000e+00 -1.913430e+02 -1.914613e+02 1.531780e+03 4.638452e+02 0.000000e+00 0.000000e+00 0.000000e+00 0.000000e+00 0.000000e+00 0.000000e+00 0.000000e+00 0.000000e+00 0.000000e+00
7.050000e-01 0.000000e+00 -3.051622e+03 -3.279409e+03 0.000000e+00 0.000000e+00 0.000000e+00 -1.926462e+02 -1.927480e+02 1.533598e+03 4.670447e+02 0.000000e+00 0.000000e+00 0.000000e+00 0.000000e+00 0.000000e+00 0.000000e+00 0.000000e+00 0.000000e+00 0.000000e+00
7.060000e-01 0.000000e+00 -3.061327e+03 -3.292805e+03 0.000000e+00 0.000000e+00 0.000000e+00 -1.939656e+02 -1.940508e+02 1.535435e+03 4.702845e+02 0.000000e+00 0.000000e+00 0.000000e+00 0.000000e+00 0.000000e+00 0.000000e+00 0.000000e+00 0.000000e+00 0.000000e+00
7.070000e-01 0.000000e+00 -3.071063e+03 -3.306331e+03 0.000000e+00 0.000000e+00 0.000000e+00 -1.953014e+02 -1.953696e+02 1.537290e+03 4.735644e+02 0.000000e+00 0.000000e+00 0.000000e+00 0.000000e+00 0.000000e+00 0.000000e+00 0.000000e+00 0.000000e+00 0.000000e+00
7.080000e-01 0.000000e+00 -3.080830e+03 -3.319988e+03 0.000000e+00 0.000000e+00 0.000000e+00 -1.966533e+02 -1.967044e+02 1.539164e+03 4.768843e+02 0.000000e+00 0.000000e+00 0.000000e+00 0.000000e+00 0.000000e+00 0.000000e+00 0.000000e+00 0.000000e+00 0.000000e+00
7.090000e-01 0.000000e+00 -3.090632e+03 -3.333774e+03 0.000000e+00 0.000000e+00 0.000000e+00 -1.980214e+02 -1.980551e+02 1.541057e+03 4.802441e+02 0.000000e+00 0.000000e+00 0.000000e+00 0.000000e+00 0.000000e+00 0.000000e+00 0.000000e+00 0.000000e+00 0.000000e+00
7.100000e-01 0.000000e+00 -3.100468e+03 -3.347690e+03 0.000000e+00 0.000000e+00 0.000000e+00 -1.994057e+02 -1.994217e+02 1.542970e+03 4.836435e+02 0.000000e+00 0.000000e+00 0.000000e+00 0.000000e+00 0.000000e+00 0.000000e+00 0.000000e+00 0.000000e+00 0.000000e+00
7.110000e-01 0.000000e+00 -3.110341e+03 -3.361736e+03 0.000000e+00 0.000000e+00 0.000000e+00 -2.008059e+02 -2.008040e+02 1.544901e+03 4.870824e+02 0.000000e+00 0.000000e+00 0.000000e+00 0.000000e+00 0.000000e+00 0.000000e+00 0.000000e+00 0.000000e+00 0.000000e+00
7.120000e-01 0.000000e+00 -3.120251e+03 -3.375910e+03 0.000000e+00 0.000000e+00 0.000000e+00 -2.022221e+02 -2.022021e+02 1.546852e+03 4.905605e+02 0.000000e+00 0.000000e+00 0.000000e+00 0.000000e+00 0.000000e+00 0.000000e+00 0.000000e+00 0.000000e+00 0.000000e+00
7.130000e-01 0.000000e+00 -3.130200e+03 -3.390213e+03 0.000000e+00 0.000000e+00 0.000000e+00 -2.036542e+02 -2.036158e+02 1.548823e+03 4.940778e+02 0.000000e+00 0.000000e+00 0.000000e+00 0.000000e+00 0.000000e+00 0.000000e+00 0.000000e+00 0.000000e+00 0.000000e+00
7.140000e-01 0.000000e+00 -3.140189e+03 -3.404645e+03 0.000000e+00 0.000000e+00 0.000000e+00 -2.051021e+02 -2.050450e+02 1.550813e+03 4.976338e+02 0.000000e+00 0.000000e+00 0.000000e+00 0.000000e+00 0.000000e+00 0.000000e+00 0.000000e+00 0.000000e+00 0.000000e+00
7.150000e-01 0.000000e+00 -3.150220e+03 -3.419204e+03 0.000000e+00 0.000000e+00 0.000000e+00 -2.065657e+02 -2.064897e+02 1.552823e+03 5.012285e+02 0.000000e+00 0.000000e+00 0.000000e+00 0.000000e+00 0.000000e+00 0.000000e+00 0.000000e+00 0.000000e+00 0.000000e+00
7.160000e-01 0.000000e+00 -3.160293e+03 -3.433890e+03 0.000000e+00 0.000000e+00 0.000000e+00 -2.080449e+02 -2.079498e+02 1.554854e+03 5.048616e+02 0.000000e+00 0.000000e+00 0.000000e+00 0.000000e+00 0.000000e+00 0.000000e+00 0.000000e+00 0.000000e+00 0.000000e+00
7.170000e-01 0.000000e+00 -3.170411e+03 -3.448703e+03 0.000000e+00 0.000000e+00 0.000000e+00 -2.095397e+02 -2.094251e+02 1.556904e+03 5.085329e+02 0.000000e+00 0.000000e+00 0.000000e+00 0.000000e+00 0.000000e+00 0.000000e+00 0.000000e+00 0.000000e+00 0.000000e+00
7.180000e-01 0.000000e+00 -3.180574e+03 -3.463642e+03 0.000000e+00 0.000000e+00 0.000000e+00 -2.110499e+02 -2.109156e+02 1.558975e+03 5.122421e+02 0.000000e+00 0.000000e+00 0.000000e+00 0.000000e+00 0.000000e+00 0.000000e+00 0.000000e+00 0.000000e+00 0.000000e+00
7.190000e-01 0.000000e+00 -3.190783e+03 -3.478706e+03 0.000000e+00 0.000000e+00 0.000000e+00 -2.125753e+02 -2.124212e+02 1.561066e+03 5.159889e+02 0.000000e+00 0.000000e+00 0.000000e+00 0.000000e+00 0.000000e+00 0.000000e+00 0.000000e+00 0.000000e+00 0.000000e+00
7.200000e-01 0.000000e+00 -3.201040e+03 -3.493895e+03 0.000000e+00 0.000000e+00 0.000000e+00 -2.141160e+02 -2.139417e+02 1.563178e+03 5.197731e+02 0.000000e+00 0.000000e+00 0.000000e+00 0.000000e+00 0.000000e+00 0.000000e+00 0.000000e+00 0.000000e+00 0.000000e+00
7.210000e-01 0.000000e+00 -3.211347e+03 -3.509208e+03 0.000000e+00 0.000000e+00 0.000000e+00 -2.156718e+02 -2.154770e+02 1.565311e+03 5.235944e+02 0.000000e+00 0.000000e+00 0.000000e+00 0.000000e+00 0.000000e+00 0.000000e+00 0.000000e+00 0.000000e+00 0.000000e+00
7.220000e-01 0.000000e+00 -3.221704e+03 -3.524643e+03 0.000000e+00 0.000000e+00 0.000000e+00 -2.172426e+02 -2.170271e+02 1.567465e+03 5.274526e+02 0.000000e+00 0.000000e+00 0.000000e+00 0.000000e+00 0.000000e+00 0.000000e+00 0.000000e+00 0.000000e+00 0.000000e+00
7.230000e-01 0.000000e+00 -3.232112e+03 -3.540200e+03 0.000000e+00 0.000000e+00 0.000000e+00 -2.188282e+02 -2.185918e+02 1.569640e+03 5.313473e+02 0.000000e+00 0.000000e+00 0.000000e+00 0.000000e+00 0.000000e+00 0.000000e+00 0.000000e+00 0.000000e+00 0.000000e+00
7.240000e-01 0.000000e+00 -3.242574e+03 -3.555878e+03 0.000000e+00 0.000000e+00 0.000000e+00 -2.204285e+02 -2.201709e+02 1.571836e+03 5.352783e+02 0.000000e+00 0.000000e+00 0.000000e+00 0.000000e+00 0.000000e+00 0.000000e+00 0.000000e+00 0.000000e+00 0.000000e+00
7.250000e-01 0.000000e+00 -3.253090e+03 -3.571676e+03 0.000000e+00 0.000000e+00 0.000000e+00 -2.220434e+02 -2.217644e+02 1.574053e+03 5.392452e+02 0.000000e+00 0.000000e+00 0.000000e+00 0.000000e+00 0.000000e+00 0.000000e+00 0.000000e+00 0.000000e+00 0.000000e+00
7.260000e-01 0.000000e+00 -3.263661e+03 -3.587593e+03 0.000000e+00 0.000000e+00 0.000000e+00 -2.236727e+02 -2.233721e+02 1.576293e+03 5.432477e+02 0.000000e+00 0.000000e+00 0.000000e+00 0.000000e+00 0.000000e+00 0.000000e+00 0.000000e+00 0.000000e+00 0.000000e+00
7.270000e-01 0.000000e+00 -3.274288e+03 -3.603628e+03 0.000000e+00 0.000000e+00 0.000000e+00 -2.253164e+02 -2.249939e+02 1.578553e+03 5.472857e+02 0.000000e+00 0.000000e+00 0.000000e+00 0.000000e+00 0.000000e+00 0.000000e+00 0.000000e+00 0.000000e+00 0.000000e+00
7.280000e-01 0.000000e+00 -3.284974e+03 -3.619780e+03 0.000000e+00 0.000000e+00 0.000000e+00 -2.269743e+02 -2.266297e+02 1.580836e+03 5.513586e+02 0.000000e+00 0.000000e+00 0.000000e+00 0.000000e+00 0.000000e+00 0.000000e+00 0.000000e+00 0.000000e+00 0.000000e+00
7.290000e-01 0.000000e+00 -3.295718e+03 -3.636047e+03 0.000000e+00 0.000000e+00 0.000000e+00 -2.286463e+02 -2.282793e+02 1.583141e+03 5.554663e+02 0.000000e+00 0.000000e+00 0.000000e+00 0.000000e+00 0.000000e+00 0.000000e+00 0.000000e+00 0.000000e+00 0.000000e+00
7.300000e-01 0.000000e+00 -3.306523e+03 -3.652429e+03 0.000000e+00 0.000000e+00 0.000000e+00 -2.303322e+02 -2.299426e+02 1.585467e+03 5.596085e+02 0.000000e+00 0.000000e+00 0.000000e+00 0.000000e+00 0.000000e+00 0.000000e+00 0.000000e+00 0.000000e+00 0.000000e+00
7.310000e-01 0.000000e+00 -3.317389e+03 -3.668925e+03 0.000000e+00 0.000000e+00 0.000000e+00 -2.320320e+02 -2.316194e+02 1.587816e+03 5.637848e+02 0.000000e+00 0.000000e+00 0.000000e+00 0.000000e+00 0.000000e+00 0.000000e+00 0.000000e+00 0.000000e+00 0.000000e+00
7.320000e-01 0.000000e+00 -3.328318e+03 -3.685532e+03 0.000000e+00 0.000000e+00 0.000000e+00 -2.337453e+02 -2.333097e+02 1.590188e+03 5.679949e+02 0.000000e+00 0.000000e+00 0.000000e+00 0.000000e+00 0.000000e+00 0.000000e+00 0.000000e+00 0.000000e+00 0.000000e+00
7.330000e-01 0.000000e+00 -3.339311e+03 -3.702251e+03 0.000000e+00 0.000000e+00 0.000000e+00 -2.354722e+02 -2.350133e+02 1.592581e+03 5.722385e+02 0.000000e+00 0.000000e+00 0.000000e+00 0.000000e+00 0.000000e+00 0.000000e+00 0.000000e+00 0.000000e+00 0.000000e+00
7.340000e-01 0.000000e+00 -3.350368e+03 -3.719079e+03 0.000000e+00 0.000000e+00 0.000000e+00 -2.372125e+02 -2.367300e+02 1.594998e+03 5.765152e+02 0.000000e+00 0.000000e+00 0.000000e+00 0.000000e+00 0.000000e+00 0.000000e+00 0.000000e+00 0.000000e+00 0.000000e+00
7.350000e-01 0.000000e+00 -3.361492e+03 -3.736016e+03 0.000000e+00 0.000000e+00 0.000000e+00 -2.389660e+02 -2.384597e+02 1.597438e+03 5.808247e+02 0.000000e+00 0.000000e+00 0.000000e+00 0.000000e+00 0.000000e+00 0.000000e+00 0.000000e+00 0.000000e+00 0.000000e+00
7.360000e-01 0.000000e+00 -3.372683e+03 -3.753059e+03 0.000000e+00 0.000000e+00 0.000000e+00 -2.407326e+02 -2.402023e+02 1.599900e+03 5.851667e+02 0.000000e+00 0.000000e+00 0.000000e+00 0.000000e+00 0.000000e+00 0.000000e+00 0.000000e+00 0.000000e+00 0.000000e+00
7.370000e-01 0.000000e+00 -3.383943e+03 -3.770207e+03 0.000000e+00 0.000000e+00 0.000000e+00 -2.425120e+02 -2.419575e+02 1.602385e+03 5.895409e+02 0.000000e+00 0.000000e+00 0.000000e+00 0.000000e+00 0.000000e+00 0.000000e+00 0.000000e+00 0.000000e+00 0.000000e+00
7.380000e-01 0.000000e+00 -3.395272e+03 -3.787459e+03 0.000000e+00 0.000000e+00 0.000000e+00 -2.443043e+02 -2.437252e+02 1.604894e+03 5.939468e+02 0.000000e+00 0.000000e+00 0.000000e+00 0.000000e+00 0.000000e+00 0.000000e+00 0.000000e+00 0.000000e+00 0.000000e+00
7.390000e-01 0.000000e+00 -3.406671e+03 -3.804813e+03 0.000000e+00 0.000000e+00 0.000000e+00 -2.461091e+02 -2.455053e+02 1.607426e+03 5.983840e+02 0.000000e+00 0.000000e+00 0.000000e+00 0.000000e+00 0.000000e+00 0.000000e+00 0.000000e+00 0.000000e+00 0.000000e+00
7.400000e-01 0.000000e+00 -3.418142e+03 -3.822268e+03 0.000000e+00 0.000000e+00 0.000000e+00 -2.479263e+02 -2.472976e+02 1.609982e+03 6.028524e+02 0.000000e+00 0.000000e+00 0.000000e+00 0.000000e+00 0.000000e+00 0.000000e+00 0.000000e+00 0.000000e+00 0.000000e+00
7.410000e-01 0.000000e+00 -3.429685e+03 -3.839821e+03 0.000000e+00 0.000000e+00 0.000000e+00 -2.497557e+02 -2.491020e+02 1.612561e+03 6.073514e+02 0.000000e+00 0.000000e+00 0.000000e+00 0.000000e+00 0.000000e+00 0.000000e+00 0.000000e+00 0.000000e+00 0.000000e+00
7.420000e-01 0.000000e+00 -3.441302e+03 -3.857472e+03 0.000000e+00 0.000000e+00 0.000000e+00 -2.515973e+02 -2.509182e+02 1.615164e+03 6.118807e+02 0.000000e+00 0.000000e+00 0.000000e+00 0.000000e+00 0.000000e+00 0.000000e+00 0.000000e+00 0.000000e+00 0.000000e+00
7.430000e-01 0.000000e+00 -3.452994e+03 -3.875218e+03 0.000000e+00 0.000000e+00 0.000000e+00 -2.534507e+02 -2.527461e+02 1.617790e+03 6.164399e+02 0.000000e+00 0.000000e+00 0.000000e+00 0.000000e+00 0.000000e+00 0.000000e+00 0.000000e+00 0.000000e+00 0.000000e+00
7.440000e-01 0.000000e+00 -3.464761e+03 -3.893057e+03 0.000000e+00 0.000000e+00 0.000000e+00 -2.553158e+02 -2.545855e+02 1.620441e+03 6.210287e+02 0.000000e+00 0.000000e+00 0.000000e+00 0.000000e+00 0.000000e+00 0.000000e+00 0.000000e+00 0.000000e+00 0.000000e+00
7.450000e-01 0.000000e+00 -3.476605e+03 -3.910988e+03 0.000000e+00 0.000000e+00 0.000000e+00 -2.571925e+02 -2.564362e+02 1.623116e+03 6.256467e+02 0.000000e+00 0.000000e+00 0.000000e+00 0.000000e+00 0.000000e+00 0.000000e+00 0.000000e+00 0.000000e+00 0.000000e+00
7.460000e-01 0.000000e+00 -3.488526e+03 -3.929008e+03 0.000000e+00 0.000000e+00 0.000000e+00 -2.590806e+02 -2.582981e+02 1.625815e+03 6.302934e+02 0.000000e+00 0.000000e+00 0.000000e+00 0.000000e+00 0.000000e+00 0.000000e+00 0.000000e+00 0.000000e+00 0.000000e+00
7.470000e-01 0.000000e+00 -3.500525e+03 -3.947116e+03 0.000000e+00 0.000000e+00 0.000000e+00 -2.609798e+02 -2.601710e+02 1.628539e+03 6.349686e+02 0.000000e+00 0.000000e+00 0.000000e+00 0.000000e+00 0.000000e+00 0.000000e+00 0.000000e+00 0.000000e+00 0.000000e+00
7.480000e-01 0.000000e+00 -3.512604e+03 -3.965310e+03 0.000000e+00 0.000000e+00 0.000000e+00 -2.628900e+02 -2.620547e+02 1.631287e+03 6.396717e+02 0.000000e+00 0.000000e+00 0.000000e+00 0.000000e+00 0.000000e+00 0.000000e+00 0.000000e+00 0.000000e+00 0.000000e+00
7.490000e-01 0.000000e+00 -3.524763e+03 -3.983588e+03 0.000000e+00 0.000000e+00 0.000000e+00 -2.648110e+02 -2.639490e+02 1.634059e+03 6.444025e+02 0.000000e+00 0.000000e+00 0.000000e+00 0.000000e+00 0.000000e+00 0.000000e+00 0.000000e+00 0.000000e+00 0.000000e+00
7.500000e-01 0.000000e+00 -3.537002e+03 -4.001947e+03 0.000000e+00 0.000000e+00 0.000000e+00 -2.667426e+02 -2.658537e+02 1.636857e+03 6.491605e+02 0.000000e+00 0.000000e+00 0.000000e+00 0.000000e+00 0.000000e+00 0.000000e+00 0.000000e+00 0.000000e+00 0.000000e+00
7.510000e-01 0.000000e+00 -3.549324e+03 -4.020387e+03 0.000000e+00 0.000000e+00 0.000000e+00 -2.686847e+02 -2.677687e+02 1.639679e+03 6.539455e+02 0.000000e+00 0.000000e+00 0.000000e+00 0.000000e+00 0.000000e+00 0.000000e+00 0.000000e+00 0.000000e+00 0.000000e+00
7.520000e-01 0.000000e+00 -3.561728e+03 -4.038904e+03 0.000000e+00 0.000000e+00 0.000000e+00 -2.706371e+02 -2.696939e+02 1.642526e+03 6.587569e+02 0.000000e+00 0.000000e+00 0.000000e+00 0.000000e+00 0.000000e+00 0.000000e+00 0.000000e+00 0.000000e+00 0.000000e+00
7.530000e-01 0.000000e+00 -3.574216e+03 -4.057496e+03 0.000000e+00 0.000000e+00 0.000000e+00 -2.725996e+02 -2.716289e+02 1.645398e+03 6.635944e+02 0.000000e+00 0.000000e+00 0.000000e+00 0.000000e+00 0.000000e+00 0.000000e+00 0.000000e+00 0.000000e+00 0.000000e+00
7.540000e-01 0.000000e+00 -3.586788e+03 -4.076162e+03 0.000000e+00 0.000000e+00 0.000000e+00 -2.745719e+02 -2.735737e+02 1.648295e+03 6.684577e+02 0.000000e+00 0.000000e+00 0.000000e+00 0.000000e+00 0.000000e+00 0.000000e+00 0.000000e+00 0.000000e+00 0.000000e+00
7.550000e-01 0.000000e+00 -3.599444e+03 -4.094899e+03 0.000000e+00 0.000000e+00 0.000000e+00 -2.765540e+02 -2.755280e+02 1.651217e+03 6.733463e+02 0.000000e+00 0.000000e+00 0.000000e+00 0.000000e+00 0.000000e+00 0.000000e+00 0.000000e+00 0.000000e+00 0.000000e+00
7.560000e-01 0.000000e+00 -3.612187e+03 -4.113705e+03 0.000000e+00 0.000000e+00 0.000000e+00 -2.785455e+02 -2.774916e+02 1.654165e+03 6.782598e+02 0.000000e+00 0.000000e+00 0.000000e+00 0.000000e+00 0.000000e+00 0.000000e+00 0.000000e+00 0.000000e+00 0.000000e+00
7.570000e-01 0.000000e+00 -3.625016e+03 -4.132577e+03 0.000000e+00 0.000000e+00 0.000000e+00 -2.805464e+02 -2.794644e+02 1.657138e+03 6.831978e+02 0.000000e+00 0.000000e+00 0.000000e+00 0.000000e+00 0.000000e+00 0.000000e+00 0.000000e+00 0.000000e+00 0.000000e+00
7.580000e-01 0.000000e+00 -3.637931e+03 -4.151513e+03 0.000000e+00 0.000000e+00 0.000000e+00 -2.825564e+02 -2.814462e+02 1.660137e+03 6.881600e+02 0.000000e+00 0.000000e+00 0.000000e+00 0.000000e+00 0.000000e+00 0.000000e+00 0.000000e+00 0.000000e+00 0.000000e+00
7.590000e-01 0.000000e+00 -3.650935e+03 -4.170511e+03 0.000000e+00 0.000000e+00 0.000000e+00 -2.845754e+02 -2.834368e+02 1.663162e+03 6.931459e+02 0.000000e+00 0.000000e+00 0.000000e+00 0.000000e+00 0.000000e+00 0.000000e+00 0.000000e+00 0.000000e+00 0.000000e+00
7.600000e-01 0.000000e+00 -3.664026e+03 -4.189569e+03 0.000000e+00 0.000000e+00 0.000000e+00 -2.866030e+02 -2.854360e+02 1.666212e+03 6.981552e+02 0.000000e+00 0.000000e+00 0.000000e+00 0.000000e+00 0.000000e+00 0.000000e+00 0.000000e+00 0.000000e+00 0.000000e+00
7.610000e-01 0.000000e+00 -3.677206e+03 -4.208683e+03 0.000000e+00 0.000000e+00 0.000000e+00 -2.886392e+02 -2.874435e+02 1.669287e+03 7.031874e+02 0.000000e+00 0.000000e+00 0.000000e+00 0.000000e+00 0.000000e+00 0.000000e+00 0.000000e+00 0.000000e+00 0.000000e+00
7.620000e-01 0.000000e+00 -3.690476e+03 -4.227851e+03 0.000000e+00 0.000000e+00 0.000000e+00 -2.906837e+02 -2.894592e+02 1.672389e+03 7.082421e+02 0.000000e+00 0.000000e+00 0.000000e+00 0.000000e+00 0.000000e+00 0.000000e+00 0.000000e+00 0.000000e+00 0.000000e+00
7.630000e-01 0.000000e+00 -3.703835e+03 -4.247071e+03 0.000000e+00 0.000000e+00 0.000000e+00 -2.927363e+02 -2.914830e+02 1.675517e+03 7.133190e+02 0.000000e+00 0.000000e+00 0.000000e+00 0.000000e+00 0.000000e+00 0.000000e+00 0.000000e+00 0.000000e+00 0.000000e+00
7.640000e-01 0.000000e+00 -3.717284e+03 -4.266340e+03 0.000000e+00 0.000000e+00 0.000000e+00 -2.947968e+02 -2.935145e+02 1.678670e+03 7.184175e+02 0.000000e+00 0.000000e+00 0.000000e+00 0.000000e+00 0.000000e+00 0.000000e+00 0.000000e+00 0.000000e+00 0.000000e+00
7.650000e-01 0.000000e+00 -3.730824e+03 -4.285656e+03 0.000000e+00 0.000000e+00 0.000000e+00 -2.968651e+02 -2.955536e+02 1.681850e+03 7.235374e+02 0.000000e+00 0.000000e+00 0.000000e+00 0.000000e+00 0.000000e+00 0.000000e+00 0.000000e+00 0.000000e+00 0.000000e+00
7.660000e-01 0.000000e+00 -3.744456e+03 -4.305015e+03 0.000000e+00 0.000000e+00 0.000000e+00 -2.989408e+02 -2.976001e+02 1.685056e+03 7.286782e+02 0.000000e+00 0.000000e+00 0.000000e+00 0.000000e+00 0.000000e+00 0.000000e+00 0.000000e+00 0.000000e+00 0.000000e+00
7.670000e-01 0.000000e+00 -3.758178e+03 -4.324415e+03 0.000000e+00 0.000000e+00 0.000000e+00 -3.010238e+02 -2.996538e+02 1.688288e+03 7.338395e+02 0.000000e+00 0.000000e+00 0.000000e+00 0.000000e+00 0.000000e+00 0.000000e+00 0.000000e+00 0.000000e+00 0.000000e+00
7.680000e-01 0.000000e+00 -3.771993e+03 -4.343854e+03 0.000000e+00 0.000000e+00 0.000000e+00 -3.031139e+02 -3.017145e+02 1.691546e+03 7.390208e+02 0.000000e+00 0.000000e+00 0.000000e+00 0.000000e+00 0.000000e+00 0.000000e+00 0.000000e+00 0.000000e+00 0.000000e+00
7.690000e-01 0.000000e+00 -3.785899e+03 -4.363328e+03 0.000000e+00 0.000000e+00 0.000000e+00 -3.052109e+02 -3.037820e+02 1.694831e+03 7.442219e+02 0.000000e+00 0.000000e+00 0.000000e+00 0.000000e+00 0.000000e+00 0.000000e+00 0.000000e+00 0.000000e+00 0.000000e+00
7.700000e-01 0.000000e+00 -3.799898e+03 -4.382834e+03 0.000000e+00 0.000000e+00 0.000000e+00 -3.073146e+02 -3.058560e+02 1.698142e+03 7.494422e+02 0.000000e+00 0.000000e+00 0.000000e+00 0.000000e+00 0.000000e+00 0.000000e+00 0.000000e+00 0.000000e+00 0.000000e+00
7.710000e-01 0.000000e+00 -3.813990e+03 -4.402371e+03 0.000000e+00 0.000000e+00 0.000000e+00 -3.094247e+02 -3.079365e+02 1.701480e+03 7.546815e+02 0.000000e+00 0.000000e+00 0.000000e+00 0.000000e+00 0.000000e+00 0.000000e+00 0.000000e+00 0.000000e+00 0.000000e+00
7.720000e-01 0.000000e+00 -3.828174e+03 -4.421934e+03 0.000000e+00 0.000000e+00 0.000000e+00 -3.115411e+02 -3.100231e+02 1.704844e+03 7.599392e+02 0.000000e+00 0.000000e+00 0.000000e+00 0.000000e+00 0.000000e+00 0.000000e+00 0.000000e+00 0.000000e+00 0.000000e+00
7.730000e-01 0.000000e+00 -3.842452e+03 -4.441521e+03 0.000000e+00 0.000000e+00 0.000000e+00 -3.136635e+02 -3.121158e+02 1.708234e+03 7.652150e+02 0.000000e+00 0.000000e+00 0.000000e+00 0.000000e+00 0.000000e+00 0.000000e+00 0.000000e+00 0.000000e+00 0.000000e+00
7.740000e-01 0.000000e+00 -3.856823e+03 -4.461130e+03 0.000000e+00 0.000000e+00 0.000000e+00 -3.157918e+02 -3.142142e+02 1.711651e+03 7.705085e+02 0.000000e+00 0.000000e+00 0.000000e+00 0.000000e+00 0.000000e+00 0.000000e+00 0.000000e+00 0.000000e+00 0.000000e+00
7.750000e-01 0.000000e+00 -3.871287e+03 -4.480757e+03 0.000000e+00 0.000000e+00 0.000000e+00 -3.179258e+02 -3.163182e+02 1.715094e+03 7.758193e+02 0.000000e+00 0.000000e+00 0.000000e+00 0.000000e+00 0.000000e+00 0.000000e+00 0.000000e+00 0.000000e+00 0.000000e+00
7.760000e-01 0.000000e+00 -3.885844e+03 -4.500398e+03 0.000000e+00 0.000000e+00 0.000000e+00 -3.200651e+02 -3.184276e+02 1.718565e+03 7.811470e+02 0.000000e+00 0.000000e+00 0.000000e+00 0.000000e+00 0.000000e+00 0.000000e+00 0.000000e+00 0.000000e+00 0.000000e+00
7.770000e-01 0.000000e+00 -3.900495e+03 -4.520052e+03 0.000000e+00 0.000000e+00 0.000000e+00 -3.222097e+02 -3.205422e+02 1.722061e+03 7.864912e+02 0.000000e+00 0.000000e+00 0.000000e+00 0.000000e+00 0.000000e+00 0.000000e+00 0.000000e+00 0.000000e+00 0.000000e+00
7.780000e-01 0.000000e+00 -3.915239e+03 -4.539715e+03 0.000000e+00 0.000000e+00 0.000000e+00 -3.243593e+02 -3.226617e+02 1.725584e+03 7.918515e+02 0.000000e+00 0.000000e+00 0.000000e+00 0.000000e+00 0.000000e+00 0.000000e+00 0.000000e+00 0.000000e+00 0.000000e+00
7.790000e-01 0.000000e+00 -3.930076e+03 -4.559384e+03 0.000000e+00 0.000000e+00 0.000000e+00 -3.265137e+02 -3.247861e+02 1.729134e+03 7.972274e+02 0.000000e+00 0.000000e+00 0.000000e+00 0.000000e+00 0.000000e+00 0.000000e+00 0.000000e+00 0.000000e+00 0.000000e+00
7.800000e-01 0.000000e+00 -3.945007e+03 -4.579055e+03 0.000000e+00 0.000000e+00 0.000000e+00 -3.286727e+02 -3.269149e+02 1.732711e+03 8.026186e+02 0.000000e+00 0.000000e+00 0.000000e+00 0.000000e+00 0.000000e+00 0.000000e+00 0.000000e+00 0.000000e+00 0.000000e+00
7.810000e-01 0.000000e+00 -3.960031e+03 -4.598726e+03 0.000000e+00 0.000000e+00 0.000000e+00 -3.308360e+02 -3.290482e+02 1.736314e+03 8.080247e+02 0.000000e+00 0.000000e+00 0.000000e+00 0.000000e+00 0.000000e+00 0.000000e+00 0.000000e+00 0.000000e+00 0.000000e+00
7.820000e-01 0.000000e+00 -3.975148e+03 -4.618393e+03 0.000000e+00 0.000000e+00 0.000000e+00 -3.330035e+02 -3.311856e+02 1.739943e+03 8.134453e+02 0.000000e+00 0.000000e+00 0.000000e+00 0.000000e+00 0.000000e+00 0.000000e+00 0.000000e+00 0.000000e+00 0.000000e+00
7.830000e-01 0.000000e+00 -3.990357e+03 -4.638053e+03 0.000000e+00 0.000000e+00 0.000000e+00 -3.351750e+02 -3.333269e+02 1.743599e+03 8.188799e+02 0.000000e+00 0.000000e+00 0.000000e+00 0.000000e+00 0.000000e+00 0.000000e+00 0.000000e+00 0.000000e+00 0.000000e+00
7.840000e-01 0.000000e+00 -4.005659e+03 -4.657703e+03 0.000000e+00 0.000000e+00 0.000000e+00 -3.373502e+02 -3.354720e+02 1.747282e+03 8.243282e+02 0.000000e+00 0.000000e+00 0.000000e+00 0.000000e+00 0.000000e+00 0.000000e+00 0.000000e+00 0.000000e+00 0.000000e+00
7.850000e-01 0.000000e+00 -4.021053e+03 -4.677339e+03 0.000000e+00 0.000000e+00 0.000000e+00 -3.395289e+02 -3.376206e+02 1.750991e+03 8.297898e+02 0.000000e+00 0.000000e+00 0.000000e+00 0.000000e+00 0.000000e+00 0.000000e+00 0.000000e+00 0.000000e+00 0.000000e+00
7.860000e-01 0.000000e+00 -4.036539e+03 -4.696958e+03 0.000000e+00 0.000000e+00 0.000000e+00 -3.417108e+02 -3.397725e+02 1.754727e+03 8.352642e+02 0.000000e+00 0.000000e+00 0.000000e+00 0.000000e+00 0.000000e+00 0.000000e+00 0.000000e+00 0.000000e+00 0.000000e+00
7.870000e-01 0.000000e+00 -4.052117e+03 -4.716557e+03 0.000000e+00 0.000000e+00 0.000000e+00 -3.438959e+02 -3.419275e+02 1.758489e+03 8.407510e+02 0.000000e+00 0.000000e+00 0.000000e+00 0.000000e+00 0.000000e+00 0.000000e+00 0.000000e+00 0.000000e+00 0.000000e+00
7.880000e-01 0.000000e+00 -4.067785e+03 -4.736132e+03 0.000000e+00 0.000000e+00 0.000000e+00 -3.460838e+02 -3.440854e+02 1.762277e+03 8.462499e+02 0.000000e+00 0.000000e+00 0.000000e+00 0.000000e+00 0.000000e+00 0.000000e+00 0.000000e+00 0.000000e+00 0.000000e+00
7.890000e-01 0.000000e+00 -4.083544e+03 -4.755680e+03 0.000000e+00 0.000000e+00 0.000000e+00 -3.482744e+02 -3.462460e+02 1.766092e+03 8.517604e+02 0.000000e+00 0.000000e+00 0.000000e+00 0.000000e+00 0.000000e+00 0.000000e+00 0.000000e+00 0.000000e+00 0.000000e+00
7.900000e-01 0.000000e+00 -4.099393e+03 -4.775197e+03 0.000000e+00 0.000000e+00 0.000000e+00 -3.504674e+02 -3.484091e+02 1.769933e+03 8.572821e+02 0.000000e+00 0.000000e+00 0.000000e+00 0.000000e+00 0.000000e+00 0.000000e+00 0.000000e+00 0.000000e+00 0.000000e+00
7.910000e-01 0.000000e+00 -4.115331e+03 -4.794679e+03 0.000000e+00 0.000000e+00 0.000000e+00 -3.526626e+02 -3.505744e+02 1.773800e+03 8.628147e+02 0.000000e+00 0.000000e+00 0.000000e+00 0.000000e+00 0.000000e+00 0.000000e+00 0.000000e+00 0.000000e+00 0.000000e+00
7.920000e-01 0.000000e+00 -4.131358e+03 -4.814125e+03 0.000000e+00 0.000000e+00 0.000000e+00 -3.548598e+02 -3.527419e+02 1.777693e+03 8.683577e+02 0.000000e+00 0.000000e+00 0.000000e+00 0.000000e+00 0.000000e+00 0.000000e+00 0.000000e+00 0.000000e+00 0.000000e+00
7.930000e-01 0.000000e+00 -4.147474e+03 -4.833529e+03 0.000000e+00 0.000000e+00 0.000000e+00 -3.570588e+02 -3.549111e+02 1.781612e+03 8.739108e+02 0.000000e+00 0.000000e+00 0.000000e+00 0.000000e+00 0.000000e+00 0.000000e+00 0.000000e+00 0.000000e+00 0.000000e+00
7.940000e-01 0.000000e+00 -4.163677e+03 -4.852888e+03 0.000000e+00 0.000000e+00 0.000000e+00 -3.592593e+02 -3.570821e+02 1.785556e+03 8.794734e+02 0.000000e+00 0.000000e+00 0.000000e+00 0.000000e+00 0.000000e+00 0.000000e+00 0.000000e+00 0.000000e+00 0.000000e+00
7.950000e-01 0.000000e+00 -4.179966e+03 -4.872198e+03 0.000000e+00 0.000000e+00 0.000000e+00 -3.614612e+02 -3.592544e+02 1.789527e+03 8.850453e+02 0.000000e+00 0.000000e+00 0.000000e+00 0.000000e+00 0.000000e+00 0.000000e+00 0.000000e+00 0.000000e+00 0.000000e+00
7.960000e-01 0.000000e+00 -4.196342e+03 -4.891457e+03 0.000000e+00 0.000000e+00 0.000000e+00 -3.636642e+02 -3.614280e+02 1.793523e+03 8.906259e+02 0.000000e+00 0.000000e+00 0.000000e+00 0.000000e+00 0.000000e+00 0.000000e+00 0.000000e+00 0.000000e+00 0.000000e+00
7.970000e-01 0.000000e+00 -4.212802e+03 -4.910660e+03 0.000000e+00 0.000000e+00 0.000000e+00 -3.658681e+02 -3.636026e+02 1.797544e+03 8.962149e+02 0.000000e+00 0.000000e+00 0.000000e+00 0.000000e+00 0.000000e+00 0.000000e+00 0.000000e+00 0.000000e+00 0.000000e+00
7.980000e-01 0.000000e+00 -4.229347e+03 -4.929803e+03 0.000000e+00 0.000000e+00 0.000000e+00 -3.680727e+02 -3.657779e+02 1.801591e+03 9.018119e+02 0.000000e+00 0.000000e+00 0.000000e+00 0.000000e+00 0.000000e+00 0.000000e+00 0.000000e+00 0.000000e+00 0.000000e+00
7.990000e-01 0.000000e+00 -4.245975e+03 -4.948883e+03 0.000000e+00 0.000000e+00 0.000000e+00 -3.702777e+02 -3.679539e+02 1.805663e+03 9.074164e+02 0.000000e+00 0.000000e+00 0.000000e+00 0.000000e+00 0.000000e+00 0.000000e+00 0.000000e+00 0.000000e+00 0.000000e+00
8.000000e-01 0.000000e+00 -4.262685e+03 -4.967896e+03 0.000000e+00 0.000000e+00 0.000000e+00 -3.724829e+02 -3.701302e+02 1.809760e+03 9.130280e+02 0.000000e+00 0.000000e+00 0.000000e+00 0.000000e+00 0.000000e+00 0.000000e+00 0.000000e+00 0.000000e+00 0.000000e+00
8.010000e-01 0.000000e+00 -4.279476e+03 -4.986838e+03 0.000000e+00 0.000000e+00 0.000000e+00 -3.746882e+02 -3.723066e+02 1.813882e+03 9.186464e+02 0.000000e+00 0.000000e+00 0.000000e+00 0.000000e+00 0.000000e+00 0.000000e+00 0.000000e+00 0.000000e+00 0.000000e+00
8.020000e-01 0.000000e+00 -4.296347e+03 -5.005706e+03 0.000000e+00 0.000000e+00 0.000000e+00 -3.768932e+02 -3.744830e+02 1.818029e+03 9.242710e+02 0.000000e+00 0.000000e+00 0.000000e+00 0.000000e+00 0.000000e+00 0.000000e+00 0.000000e+00 0.000000e+00 0.000000e+00
8.030000e-01 0.000000e+00 -4.313297e+03 -5.024495e+03 0.000000e+00 0.000000e+00 0.000000e+00 -3.790978e+02 -3.766590e+02 1.822200e+03 9.299014e+02 0.000000e+00 0.000000e+00 0.000000e+00 0.000000e+00 0.000000e+00 0.000000e+00 0.000000e+00 0.000000e+00 0.000000e+00
8.040000e-01 0.000000e+00 -4.330324e+03 -5.043203e+03 0.000000e+00 0.000000e+00 0.000000e+00 -3.813017e+02 -3.788346e+02 1.826395e+03 9.355373e+02 0.000000e+00 0.000000e+00 0.000000e+00 0.000000e+00 0.000000e+00 0.000000e+00 0.000000e+00 0.000000e+00 0.000000e+00
8.050000e-01 0.000000e+00 -4.347428e+03 -5.061824e+03 0.000000e+00 0.000000e+00 0.000000e+00 -3.835047e+02 -3.810095e+02 1.830614e+03 9.411781e+02 0.000000e+00 0.000000e+00 0.000000e+00 0.000000e+00 0.000000e+00 0.000000e+00 0.000000e+00 0.000000e+00 0.000000e+00
8.060000e-01 0.000000e+00 -4.364607e+03 -5.080355e+03 0.000000e+00 0.000000e+00 0.000000e+00 -3.857065e+02 -3.831834e+02 1.834858e+03 9.468236e+02 0.000000e+00 0.000000e+00 0.000000e+00 0.000000e+00 0.000000e+00 0.000000e+00 0.000000e+00 0.000000e+00 0.000000e+00
8.070000e-01 0.000000e+00 -4.381860e+03 -5.098793e+03 0.000000e+00 0.000000e+00 0.000000e+00 -3.879071e+02 -3.853561e+02 1.839124e+03 9.524731e+02 0.000000e+00 0.000000e+00 0.000000e+00 0.000000e+00 0.000000e+00 0.000000e+00 0.000000e+00 0.000000e+00 0.000000e+00
8.080000e-01 0.000000e+00 -4.399184e+03 -5.117133e+03 0.000000e+00 0.000000e+00 0.000000e+00 -3.901060e+02 -3.875275e+02 1.843414e+03 9.581263e+02 0.000000e+00 0.000000e+00 0.000000e+00 0.000000e+00 0.000000e+00 0.000000e+00 0.000000e+00 0.000000e+00 0.000000e+00
8.090000e-01 0.000000e+00 -4.416580e+03 -5.135371e+03 0.000000e+00 0.000000e+00 0.000000e+00 -3.923031e+02 -3.896973e+02 1.847727e+03 9.637828e+02 0.000000e+00 0.000000e+00 0.000000e+00 0.000000e+00 0.000000e+00 0.000000e+00 0.000000e+00 0.000000e+00 0.000000e+00
8.100000e-01 0.000000e+00 -4.434045e+03 -5.153504e+03 0.000000e+00 0.000000e+00 0.000000e+00 -3.944982e+02 -3.918652e+02 1.852063e+03 9.694421e+02 0.000000e+00 0.000000e+00 0.000000e+00 0.000000e+00 0.000000e+00 0.000000e+00 0.000000e+00 0.000000e+00 0.000000e+00
8.110000e-01 0.000000e+00 -4.451577e+03 -5.171527e+03 0.000000e+00 0.000000e+00 0.000000e+00 -3.966910e+02 -3.940311e+02 1.856421e+03 9.751036e+02 0.000000e+00 0.000000e+00 0.000000e+00 0.000000e+00 0.000000e+00 0.000000e+00 0.000000e+00 0.000000e+00 0.000000e+00
8.120000e-01 0.000000e+00 -4.469175e+03 -5.189437e+03 0.000000e+00 0.000000e+00 0.000000e+00 -3.988813e+02 -3.961947e+02 1.860802e+03 9.807671e+02 0.000000e+00 0.000000e+00 0.000000e+00 0.000000e+00 0.000000e+00 0.000000e+00 0.000000e+00 0.000000e+00 0.000000e+00
8.130000e-01 0.000000e+00 -4.486837e+03 -5.207229e+03 0.000000e+00 0.000000e+00 0.000000e+00 -4.010689e+02 -3.983559e+02 1.865204e+03 9.864320e+02 0.000000e+00 0.000000e+00 0.000000e+00 0.000000e+00 0.000000e+00 0.000000e+00 0.000000e+00 0.000000e+00 0.000000e+00
8.140000e-01 0.000000e+00 -4.504561e+03 -5.224900e+03 0.000000e+00 0.000000e+00 0.000000e+00 -4.032534e+02 -4.005143e+02 1.869628e+03 9.920978e+02 0.000000e+00 0.000000e+00 0.000000e+00 0.000000e+00 0.000000e+00 0.000000e+00 0.000000e+00 0.000000e+00 0.000000e+00
8.150000e-01 0.000000e+00 -4.522346e+03 -5.242445e+03 0.000000e+00 0.000000e+00 0.000000e+00 -4.054348e+02 -4.026697e+02 1.874073e+03 9.977641e+02 0.000000e+00 0.000000e+00 0.000000e+00 0.000000e+00 0.000000e+00 0.000000e+00 0.000000e+00 0.000000e+00 0.000000e+00
8.160000e-01 0.000000e+00 -4.540190e+03 -5.259861e+03 0.000000e+00 0.000000e+00 0.000000e+00 -4.076127e+02 -4.048220e+02 1.878539e+03 1.003430e+03 0.000000e+00 0.000000e+00 0.000000e+00 0.000000e+00 0.000000e+00 0.000000e+00 0.000000e+00 0.000000e+00 0.000000e+00
8.170000e-01 0.000000e+00 -4.558090e+03 -5.277143e+03 0.000000e+00 0.000000e+00 0.000000e+00 -4.097869e+02 -4.069708e+02 1.883025e+03 1.009096e+03 0.000000e+00 0.000000e+00 0.000000e+00 0.000000e+00 0.000000e+00 0.000000e+00 0.000000e+00 0.000000e+00 0.000000e+00
8.180000e-01 0.000000e+00 -4.576045e+03 -5.294287e+03 0.000000e+00 0.000000e+00 0.000000e+00 -4.119571e+02 -4.091160e+02 1.887531e+03 1.014761e+03 0.000000e+00 0.000000e+00 0.000000e+00 0.000000e+00 0.000000e+00 0.000000e+00 0.000000e+00 0.000000e+00 0.000000e+00
8.190000e-01 0.000000e+00 -4.594052e+03 -5.311290e+03 0.000000e+00 0.000000e+00 0.000000e+00 -4.141231e+02 -4.112573e+02 1.892057e+03 1.020424e+03 0.000000e+00 0.000000e+00 0.000000e+00 0.000000e+00 0.000000e+00 0.000000e+00 0.000000e+00 0.000000e+00 0.000000e+00
8.200000e-01 0.000000e+00 -4.612110e+03 -5.328146e+03 0.000000e+00 0.000000e+00 0.000000e+00 -4.162847e+02 -4.133945e+02 1.896602e+03 1.026086e+03 0.000000e+00 0.000000e+00 0.000000e+00 0.000000e+00 0.000000e+00 0.000000e+00 0.000000e+00 0.000000e+00 0.000000e+00
8.210000e-01 0.000000e+00 -4.630216e+03 -5.344852e+03 0.000000e+00 0.000000e+00 0.000000e+00 -4.184416e+02 -4.155272e+02 1.901166e+03 1.031744e+03 0.000000e+00 0.000000e+00 0.000000e+00 0.000000e+00 0.000000e+00 0.000000e+00 0.000000e+00 0.000000e+00 0.000000e+00
8.220000e-01 0.000000e+00 -4.648367e+03 -5.361404e+03 0.000000e+00 0.000000e+00 0.000000e+00 -4.205935e+02 -4.176554e+02 1.905748e+03 1.037400e+03 0.000000e+00 0.000000e+00 0.000000e+00 0.000000e+00 0.000000e+00 0.000000e+00 0.000000e+00 0.000000e+00 0.000000e+00
8.230000e-01 0.000000e+00 -4.666563e+03 -5.377798e+03 0.000000e+00 0.000000e+00 0.000000e+00 -4.227403e+02 -4.197787e+02 1.910349e+03 1.043052e+03 0.000000e+00 0.000000e+00 0.000000e+00 0.000000e+00 0.000000e+00 0.000000e+00 0.000000e+00 0.000000e+00 0.000000e+00
8.240000e-01 0.000000e+00 -4.684799e+03 -5.394029e+03 0.000000e+00 0.000000e+00 0.000000e+00 -4.248815e+02 -4.218969e+02 1.914966e+03 1.048700e+03 0.000000e+00 0.000000e+00 0.000000e+00 0.000000e+00 0.000000e+00 0.000000e+00 0.000000e+00 0.000000e+00 0.000000e+00
8.250000e-01 0.000000e+00 -4.703074e+03 -5.410094e+03 0.000000e+00 0.000000e+00 0.000000e+00 -4.270171e+02 -4.240097e+02 1.919601e+03 1.054343e+03 0.000000e+00 0.000000e+00 0.000000e+00 0.000000e+00 0.000000e+00 0.000000e+00 0.000000e+00 0.000000e+00 0.000000e+00
8.260000e-01 0.000000e+00 -4.721385e+03 -5.425988e+03 0.000000e+00 0.000000e+00 0.000000e+00 -4.291466e+02 -4.261169e+02 1.924251e+03 1.059981e+03 0.000000e+00 0.000000e+00 0.000000e+00 0.000000e+00 0.000000e+00 0.000000e+00 0.000000e+00 0.000000e+00 0.000000e+00
8.270000e-01 0.000000e+00 -4.739729e+03 -5.441707e+03 0.000000e+00 0.000000e+00 0.000000e+00 -4.312700e+02 -4.282182e+02 1.928918e+03 1.065613e+03 0.000000e+00 0.000000e+00 0.000000e+00 0.000000e+00 0.000000e+00 0.000000e+00 0.000000e+00 0.000000e+00 0.000000e+00
8.280000e-01 0.000000e+00 -4.758105e+03 -5.457247e+03 0.000000e+00 0.000000e+00 0.000000e+00 -4.333868e+02 -4.303135e+02 1.933600e+03 1.071239e+03 0.000000e+00 0.000000e+00 0.000000e+00 0.000000e+00 0.000000e+00 0.000000e+00 0.000000e+00 0.000000e+00 0.000000e+00
8.290000e-01 0.000000e+00 -4.776508e+03 -5.472604e+03 0.000000e+00 0.000000e+00 0.000000e+00 -4.354969e+02 -4.324023e+02 1.938296e+03 1.076858e+03 0.000000e+00 0.000000e+00 0.000000e+00 0.000000e+00 0.000000e+00 0.000000e+00 0.000000e+00 0.000000e+00 0.000000e+00
8.300000e-01 0.000000e+00 -4.794937e+03 -5.487773e+03 0.000000e+00 0.000000e+00 0.000000e+00 -4.375999e+02 -4.344846e+02 1.943007e+03 1.082469e+03 0.000000e+00 0.000000e+00 0.000000e+00 0.000000e+00 0.000000e+00 0.000000e+00 0.000000e+00 0.000000e+00 0.000000e+00
8.310000e-01 0.000000e+00 -4.813388e+03 -5.502752e+03 0.000000e+00 0.000000e+00 0.000000e+00 -4.396956e+02 -4.365599e+02 1.947731e+03 1.088072e+03 0.000000e+00 0.000000e+00 0.000000e+00 0.000000e+00 0.000000e+00 0.000000e+00 0.000000e+00 0.000000e+00 0.000000e+00
8.320000e-01 0.000000e+00 -4.831859e+03 -5.517535e+03 0.000000e+00 0.000000e+00 0.000000e+00 -4.417837e+02 -4.386281e+02 1.952468e+03 1.093666e+03 0.000000e+00 0.000000e+00 0.000000e+00 0.000000e+00 0.000000e+00 0.000000e+00 0.000000e+00 0.000000e+00 0.000000e+00
8.330000e-01 0.000000e+00 -4.850347e+03 -5.532118e+03 0.000000e+00 0.000000e+00 0.000000e+00 -4.438640e+02 -4.406888e+02 1.957218e+03 1.099251e+03 0.000000e+00 0.000000e+00 0.000000e+00 0.000000e+00 0.000000e+00 0.000000e+00 0.000000e+00 0.000000e+00 0.000000e+00
8.340000e-01 0.000000e+00 -4.868848e+03 -5.546497e+03 0.000000e+00 0.000000e+00 0.000000e+00 -4.459361e+02 -4.427419e+02 1.961979e+03 1.104826e+03 0.000000e+00 0.000000e+00 0.000000e+00 0.000000e+00 0.000000e+00 0.000000e+00 0.000000e+00 0.000000e+00 0.000000e+00
8.350000e-01 0.000000e+00 -4.887359e+03 -5.560669e+03 0.000000e+00 0.000000e+00 0.000000e+00 -4.479998e+02 -4.447870e+02 1.966750e+03 1.110390e+03 0.000000e+00 0.000000e+00 0.000000e+00 0.000000e+00 0.000000e+00 0.000000e+00 0.000000e+00 0.000000e+00 0.000000e+00
8.360000e-01 0.000000e+00 -4.905878e+03 -5.574629e+03 0.000000e+00 0.000000e+00 0.000000e+00 -4.500548e+02 -4.468238e+02 1.971532e+03 1.115942e+03 0.000000e+00 0.000000e+00 0.000000e+00 0.000000e+00 0.000000e+00 0.000000e+00 0.000000e+00 0.000000e+00 0.000000e+00
8.370000e-01 0.000000e+00 -4.924401e+03 -5.588372e+03 0.000000e+00 0.000000e+00 0.000000e+00 -4.521007e+02 -4.488521e+02 1.976324e+03 1.121482e+03 0.000000e+00 0.000000e+00 0.000000e+00 0.000000e+00 0.000000e+00 0.000000e+00 0.000000e+00 0.000000e+00 0.000000e+00
8.380000e-01 0.000000e+00 -4.942924e+03 -5.601896e+03 0.000000e+00 0.000000e+00 0.000000e+00 -4.541374e+02 -4.508715e+02 1.981124e+03 1.127010e+03 0.000000e+00 0.000000e+00 0.000000e+00 0.000000e+00 0.000000e+00 0.000000e+00 0.000000e+00 0.000000e+00 0.000000e+00
8.390000e-01 0.000000e+00 -4.961445e+03 -5.615195e+03 0.000000e+00 0.000000e+00 0.000000e+00 -4.561644e+02 -4.528818e+02 1.985932e+03 1.132524e+03 0.000000e+00 0.000000e+00 0.000000e+00 0.000000e+00 0.000000e+00 0.000000e+00 0.000000e+00 0.000000e+00 0.000000e+00
8.400000e-01 0.000000e+00 -4.979959e+03 -5.628265e+03 0.000000e+00 0.000000e+00 0.000000e+00 -4.581816e+02 -4.548828e+02 1.990747e+03 1.138023e+03 0.000000e+00 0.000000e+00 0.000000e+00 0.000000e+00 0.000000e+00 0.000000e+00 0.000000e+00 0.000000e+00 0.000000e+00
8.410000e-01 0.000000e+00 -4.998464e+03 -5.641104e+03 0.000000e+00 0.000000e+00 0.000000e+00 -4.601885e+02 -4.568740e+02 1.995569e+03 1.143508e+03 0.000000e+00 0.000000e+00 0.000000e+00 0.000000e+00 0.000000e+00 0.000000e+00 0.000000e+00 0.000000e+00 0.000000e+00
8.420000e-01 0.000000e+00 -5.016956e+03 -5.653706e+03 0.000000e+00 0.000000e+00 0.000000e+00 -4.621850e+02 -4.588553e+02 2.000396e+03 1.148976e+03 0.000000e+00 0.000000e+00 0.000000e+00 0.000000e+00 0.000000e+00 0.000000e+00 0.000000e+00 0.000000e+00 0.000000e+00
8.430000e-01 0.000000e+00 -5.035431e+03 -5.666068e+03 0.000000e+00 0.000000e+00 0.000000e+00 -4.641706e+02 -4.608262e+02 2.005228e+03 1.154429e+03 0.000000e+00 0.000000e+00 0.000000e+00 0.000000e+00 0.000000e+00 0.000000e+00 0.000000e+00 0.000000e+00 0.000000e+00
8.440000e-01 0.000000e+00 -5.053886e+03 -5.678185e+03 0.000000e+00 0.000000e+00 0.000000e+00 -4.661451e+02 -4.627866e+02 2.010064e+03 1.159864e+03 0.000000e+00 0.000000e+00 0.000000e+00 0.000000e+00 0.000000e+00 0.000000e+00 0.000000e+00 0.000000e+00 0.000000e+00
8.450000e-01 0.000000e+00 -5.072316e+03 -5.690054e+03 0.000000e+00 0.000000e+00 0.000000e+00 -4.681081e+02 -4.647360e+02 2.014903e+03 1.165280e+03 0.000000e+00 0.000000e+00 0.000000e+00 0.000000e+00 0.000000e+00 0.000000e+00 0.000000e+00 0.000000e+00 0.000000e+00
8.460000e-01 0.000000e+00 -5.090718e+03 -5.701672e+03 0.000000e+00 0.000000e+00 0.000000e+00 -4.700594e+02 -4.666743e+02 2.019744e+03 1.170678e+03 0.000000e+00 0.000000e+00 0.000000e+00 0.000000e+00 0.000000e+00 0.000000e+00 0.000000e+00 0.000000e+00 0.000000e+00
8.470000e-01 0.000000e+00 -5.109089e+03 -5.713033e+03 0.000000e+00 0.000000e+00 0.000000e+00 -4.719987e+02 -4.686010e+02 2.024586e+03 1.176056e+03 0.000000e+00 0.000000e+00 0.000000e+00 0.000000e+00 0.000000e+00 0.000000e+00 0.000000e+00 0.000000e+00 0.000000e+00
8.480000e-01 0.000000e+00 -5.127423e+03 -5.724134e+03 0.000000e+00 0.000000e+00 0.000000e+00 -4.739255e+02 -4.705159e+02 2.029428e+03 1.181414e+03 0.000000e+00 0.000000e+00 0.000000e+00 0.000000e+00 0.000000e+00 0.000000e+00 0.000000e+00 0.000000e+00 0.000000e+00
8.490000e-01 0.000000e+00 -5.145718e+03 -5.734972e+03 0.000000e+00 0.000000e+00 0.000000e+00 -4.758396e+02 -4.724187e+02 2.034269e+03 1.186750e+03 0.000000e+00 0.000000e+00 0.000000e+00 0.000000e+00 0.000000e+00 0.000000e+00 0.000000e+00 0.000000e+00 0.000000e+00
8.500000e-01 0.000000e+00 -5.163969e+03 -5.745542e+03 0.000000e+00 0.000000e+00 0.000000e+00 -4.777406e+02 -4.743089e+02 2.039109e+03 1.192063e+03 0.000000e+00 0.000000e+00 0.000000e+00 0.000000e+00 0.000000e+00 0.000000e+00 0.000000e+00 0.000000e+00 0.000000e+00
8.510000e-01 0.000000e+00 -5.182172e+03 -5.755841e+03 0.000000e+00 0.000000e+00 0.000000e+00 -4.796282e+02 -4.761864e+02 2.043946e+03 1.197353e+03 0.000000e+00 0.000000e+00 0.000000e+00 0.000000e+00 0.000000e+00 0.000000e+00 0.000000e+00 0.000000e+00 0.000000e+00
8.520000e-01 0.000000e+00 -5.200323e+03 -5.765865e+03 0.000000e+00 0.000000e+00 0.000000e+00 -4.815021e+02 -4.780507e+02 2.048779e+03 1.202619e+03 0.000000e+00 0.000000e+00 0.000000e+00 0.000000e+00 0.000000e+00 0.000000e+00 0.000000e+00 0.000000e+00 0.000000e+00
8.530000e-01 0.000000e+00 -5.218418e+03 -5.775610e+03 0.000000e+00 0.000000e+00 0.000000e+00 -4.833618e+02 -4.799014e+02 2.053607e+03 1.207860e+03 0.000000e+00 0.000000e+00 0.000000e+00 0.000000e+00 0.000000e+00 0.000000e+00 0.000000e+00 0.000000e+00 0.000000e+00
8.540000e-01 0.000000e+00 -5.236452e+03 -5.785073e+03 0.000000e+00 0.000000e+00 0.000000e+00 -4.852071e+02 -4.817384e+02 2.058430e+03 1.213075e+03 0.000000e+00 0.000000e+00 0.000000e+00 0.000000e+00 0.000000e+00 0.000000e+00 0.000000e+00 0.000000e+00 0.000000e+00
8.550000e-01 0.000000e+00 -5.254421e+03 -5.794250e+03 0.000000e+00 0.000000e+00 0.000000e+00 -4.870377e+02 -4.835612e+02 2.063245e+03 1.218262e+03 0.000000e+00 0.000000e+00 0.000000e+00 0.000000e+00 0.000000e+00 0.000000e+00 0.000000e+00 0.000000e+00 0.000000e+00
8.560000e-01 0.000000e+00 -5.272321e+03 -5.803138e+03 0.000000e+00 0.000000e+00 0.000000e+00 -4.888530e+02 -4.853695e+02 2.068053e+03 1.223422e+03 0.000000e+00 0.000000e+00 0.000000e+00 0.000000e+00 0.000000e+00 0.000000e+00 0.000000e+00 0.000000e+00 0.000000e+00
8.570000e-01 0.000000e+00 -5.290147e+03 -5.811733e+03 0.000000e+00 0.000000e+00 0.000000e+00 -4.906529e+02 -4.871629e+02 2.072851e+03 1.228553e+03 0.000000e+00 0.000000e+00 0.000000e+00 0.000000e+00 0.000000e+00 0.000000e+00 0.000000e+00 0.000000e+00 0.000000e+00
8.580000e-01 0.000000e+00 -5.307895e+03 -5.820031e+03 0.000000e+00 0.000000e+00 0.000000e+00 -4.924369e+02 -4.889410e+02 2.077639e+03 1.233653e+03 0.000000e+00 0.000000e+00 0.000000e+00 0.000000e+00 0.000000e+00 0.000000e+00 0.000000e+00 0.000000e+00 0.000000e+00
8.590000e-01 0.000000e+00 -5.325561e+03 -5.828029e+03 0.000000e+00 0.000000e+00 0.000000e+00 -4.942047e+02 -4.907036e+02 2.082415e+03 1.238722e+03 0.000000e+00 0.000000e+00 0.000000e+00 0.000000e+00 0.000000e+00 0.000000e+00 0.000000e+00 0.000000e+00 0.000000e+00
8.600000e-01 0.000000e+00 -5.343139e+03 -5.835725e+03 0.000000e+00 0.000000e+00 0.000000e+00 -4.959559e+02 -4.924503e+02 2.087179e+03 1.243759e+03 0.000000e+00 0.000000e+00 0.000000e+00 0.000000e+00 0.000000e+00 0.000000e+00 0.000000e+00 0.000000e+00 0.000000e+00
8.610000e-01 0.000000e+00 -5.360625e+03 -5.843114e+03 0.000000e+00 0.000000e+00 0.000000e+00 -4.976902e+02 -4.941806e+02 2.091929e+03 1.248763e+03 0.000000e+00 0.000000e+00 0.000000e+00 0.000000e+00 0.000000e+00 0.000000e+00 0.000000e+00 0.000000e+00 0.000000e+00
8.620000e-01 0.000000e+00 -5.378015e+03 -5.850193e+03 0.000000e+00 0.000000e+00 0.000000e+00 -4.994071e+02 -4.958943e+02 2.096664e+03 1.253733e+03 0.000000e+00 0.000000e+00 0.000000e+00 0.000000e+00 0.000000e+00 0.000000e+00 0.000000e+00 0.000000e+00 0.000000e+00
8.630000e-01 0.000000e+00 -5.395303e+03 -5.856960e+03 0.000000e+00 0.000000e+00 0.000000e+00 -5.011063e+02 -4.975910e+02 2.101382e+03 1.258667e+03 0.000000e+00 0.000000e+00 0.000000e+00 0.000000e+00 0.000000e+00 0.000000e+00 0.000000e+00 0.000000e+00 0.000000e+00
8.640000e-01 0.000000e+00 -5.412486e+03 -5.863411e+03 0.000000e+00 0.000000e+00 0.000000e+00 -5.027874e+02 -4.992702e+02 2.106083e+03 1.263565e+03 0.000000e+00 0.000000e+00 0.000000e+00 0.000000e+00 0.000000e+00 0.000000e+00 0.000000e+00 0.000000e+00 0.000000e+00
8.650000e-01 0.000000e+00 -5.429559e+03 -5.869543e+03 0.000000e+00 0.000000e+00 0.000000e+00 -5.044501e+02 -5.009317e+02 2.110764e+03 1.268424e+03 0.000000e+00 0.000000e+00 0.000000e+00 0.000000e+00 0.000000e+00 0.000000e+00 0.000000e+00 0.000000e+00 0.000000e+00
8.660000e-01 0.000000e+00 -5.446515e+03 -5.875353e+03 0.000000e+00 0.000000e+00 0.000000e+00 -5.060939e+02 -5.025750e+02 2.115426e+03 1.273245e+03 0.000000e+00 0.000000e+00 0.000000e+00 0.000000e+00 0.000000e+00 0.000000e+00 0.000000e+00 0.000000e+00 0.000000e+00
8.670000e-01 0.000000e+00 -5.463352e+03 -5.880838e+03 0.000000e+00 0.000000e+00 0.000000e+00 -5.077185e+02 -5.041998e+02 2.120066e+03 1.278026e+03 0.000000e+00 0.000000e+00 0.000000e+00 0.000000e+00 0.000000e+00 0.000000e+00 0.000000e+00 0.000000e+00 0.000000e+00
8.680000e-01 0.000000e+00 -5.480064e+03 -5.885996e+03 0.000000e+00 0.000000e+00 0.000000e+00 -5.093235e+02 -5.058056e+02 2.124683e+03 1.282766e+03 0.000000e+00 0.000000e+00 0.000000e+00 0.000000e+00 0.000000e+00 0.000000e+00 0.000000e+00 0.000000e+00 0.000000e+00
8.690000e-01 0.000000e+00 -5.496645e+03 -5.890824e+03 0.000000e+00 0.000000e+00 0.000000e+00 -5.109084e+02 -5.073920e+02 2.129276e+03 1.287463e+03 0.000000e+00 0.000000e+00 0.000000e+00 0.000000e+00 0.000000e+00 0.000000e+00 0.000000e+00 0.000000e+00 0.000000e+00
8.700000e-01 0.000000e+00 -5.513092e+03 -5.895318e+03 0.000000e+00 0.000000e+00 0.000000e+00 -5.124729e+02 -5.089588e+02 2.133844e+03 1.292117e+03 0.000000e+00 0.000000e+00 0.000000e+00 0.000000e+00 0.000000e+00 0.000000e+00 0.000000e+00 0.000000e+00 0.000000e+00
8.710000e-01 0.000000e+00 -5.529399e+03 -5.899477e+03 0.000000e+00 0.000000e+00 0.000000e+00 -5.140166e+02 -5.105055e+02 2.138385e+03 1.296725e+03 0.000000e+00 0.000000e+00 0.000000e+00 0.000000e+00 0.000000e+00 0.000000e+00 0.000000e+00 0.000000e+00 0.000000e+00
8.720000e-01 0.000000e+00 -5.545561e+03 -5.903298e+03 0.000000e+00 0.000000e+00 0.000000e+00 -5.155391e+02 -5.120316e+02 2.142897e+03 1.301288e+03 0.000000e+00 0.000000e+00 0.000000e+00 0.000000e+00 0.000000e+00 0.000000e+00 0.000000e+00 0.000000e+00 0.000000e+00
8.730000e-01 0.000000e+00 -5.561574e+03 -5.906778e+03 0.000000e+00 0.000000e+00 0.000000e+00 -5.170400e+02 -5.135369e+02 2.147380e+03 1.305803e+03 0.000000e+00 0.000000e+00 0.000000e+00 0.000000e+00 0.000000e+00 0.000000e+00 0.000000e+00 0.000000e+00 0.000000e+00
8.740000e-01 0.000000e+00 -5.577432e+03 -5.909916e+03 0.000000e+00 0.000000e+00 0.000000e+00 -5.185189e+02 -5.150208e+02 2.151831e+03 1.310269e+03 0.000000e+00 0.000000e+00 0.000000e+00 0.000000e+00 0.000000e+00 0.000000e+00 0.000000e+00 0.000000e+00 0.000000e+00
8.750000e-01 0.000000e+00 -5.593130e+03 -5.912709e+03 0.000000e+00 0.000000e+00 0.000000e+00 -5.199754e+02 -5.164831e+02 2.156250e+03 1.314685e+03 0.000000e+00 0.000000e+00 0.000000e+00 0.000000e+00 0.000000e+00 0.000000e+00 0.000000e+00 0.000000e+00 0.000000e+00
8.760000e-01 0.000000e+00 -5.608664e+03 -5.915155e+03 0.000000e+00 0.000000e+00 0.000000e+00 -5.214091e+02 -5.179233e+02 2.160635e+03 1.319050e+03 0.000000e+00 0.000000e+00 0.000000e+00 0.000000e+00 0.000000e+00 0.000000e+00 0.000000e+00 0.000000e+00 0.000000e+00
8.770000e-01 0.000000e+00 -5.624029e+03 -5.917251e+03 0.000000e+00 0.000000e+00 0.000000e+00 -5.228196e+02 -5.193411e+02 2.164985e+03 1.323363e+03 0.000000e+00 0.000000e+00 0.000000e+00 0.000000e+00 0.000000e+00 0.000000e+00 0.000000e+00 0.000000e+00 0.000000e+00
8.780000e-01 0.000000e+00 -5.639219e+03 -5.918997e+03 0.000000e+00 0.000000e+00 0.000000e+00 -5.242066e+02 -5.207359e+02 2.169298e+03 1.327621e+03 0.000000e+00 0.000000e+00 0.000000e+00 0.000000e+00 0.000000e+00 0.000000e+00 0.000000e+00 0.000000e+00 0.000000e+00
8.790000e-01 0.000000e+00 -5.654230e+03 -5.920390e+03 0.000000e+00 0.000000e+00 0.000000e+00 -5.255695e+02 -5.221075e+02 2.173572e+03 1.331824e+03 0.000000e+00 0.000000e+00 0.000000e+00 0.000000e+00 0.000000e+00 0.000000e+00 0.000000e+00 0.000000e+00 0.000000e+00
8.800000e-01 0.000000e+00 -5.669056e+03 -5.921428e+03 0.000000e+00 0.000000e+00 0.000000e+00 -5.269081e+02 -5.234554e+02 2.177807e+03 1.335971e+03 0.000000e+00 0.000000e+00 0.000000e+00 0.000000e+00 0.000000e+00 0.000000e+00 0.000000e+00 0.000000e+00 0.000000e+00
8.810000e-01 0.000000e+00 -5.683693e+03 -5.922110e+03 0.000000e+00 0.000000e+00 0.000000e+00 -5.282218e+02 -5.247792e+02 2.182000e+03 1.340060e+03 0.000000e+00 0.000000e+00 0.000000e+00 0.000000e+00 0.000000e+00 0.000000e+00 0.000000e+00 0.000000e+00 0.000000e+00
8.820000e-01 0.000000e+00 -5.698136e+03 -5.922434e+03 0.000000e+00 0.000000e+00 0.000000e+00 -5.295104e+02 -5.260785e+02 2.186151e+03 1.344089e+03 0.000000e+00 0.000000e+00 0.000000e+00 0.000000e+00 0.000000e+00 0.000000e+00 0.000000e+00 0.000000e+00 0.000000e+00
8.830000e-01 0.000000e+00 -5.712379e+03 -5.922398e+03 0.000000e+00 0.000000e+00 0.000000e+00 -5.307733e+02 -5.273530e+02 2.190257e+03 1.348058e+03 0.000000e+00 0.000000e+00 0.000000e+00 0.000000e+00 0.000000e+00 0.000000e+00 0.000000e+00 0.000000e+00 0.000000e+00
8.840000e-01 0.000000e+00 -5.726419e+03 -5.922003e+03 0.000000e+00 0.000000e+00 0.000000e+00 -5.320103e+02 -5.286021e+02 2.194318e+03 1.351964e+03 0.000000e+00 0.000000e+00 0.000000e+00 0.000000e+00 0.000000e+00 0.000000e+00 0.000000e+00 0.000000e+00 0.000000e+00
8.850000e-01 0.000000e+00 -5.740249e+03 -5.921245e+03 0.000000e+00 0.000000e+00 0.000000e+00 -5.332208e+02 -5.298256e+02 2.198331e+03 1.355807e+03 0.000000e+00 0.000000e+00 0.000000e+00 0.000000e+00 0.000000e+00 0.000000e+00 0.000000e+00 0.000000e+00 0.000000e+00
8.860000e-01 0.000000e+00 -5.753866e+03 -5.920125e+03 0.000000e+00 0.000000e+00 0.000000e+00 -5.344046e+02 -5.310230e+02 2.202296e+03 1.359586e+03 0.000000e+00 0.000000e+00 0.000000e+00 0.000000e+00 0.000000e+00 0.000000e+00 0.000000e+00 0.000000e+00 0.000000e+00
8.870000e-01 0.000000e+00 -5.767264e+03 -5.918640e+03 0.000000e+00 0.000000e+00 0.000000e+00 -5.355612e+02 -5.321939e+02 2.206210e+03 1.363298e+03 0.000000e+00 0.000000e+00 0.000000e+00 0.000000e+00 0.000000e+00 0.000000e+00 0.000000e+00 0.000000e+00 0.000000e+00
8.880000e-01 0.000000e+00 -5.780438e+03 -5.916792e+03 0.000000e+00 0.000000e+00 0.000000e+00 -5.366903e+02 -5.333380e+02 2.210073e+03 1.366942e+03 0.000000e+00 0.000000e+00 0.000000e+00 0.000000e+00 0.000000e+00 0.000000e+00 0.000000e+00 0.000000e+00 0.000000e+00
8.890000e-01 0.000000e+00 -5.793385e+03 -5.914578e+03 0.000000e+00 0.000000e+00 0.000000e+00 -5.377914e+02 -5.344548e+02 2.213882e+03 1.370518e+03 0.000000e+00 0.000000e+00 0.000000e+00 0.000000e+00 0.000000e+00 0.000000e+00 0.000000e+00 0.000000e+00 0.000000e+00
8.900000e-01 0.000000e+00 -5.806099e+03 -5.911998e+03 0.000000e+00 0.000000e+00 0.000000e+00 -5.388642e+02 -5.355441e+02 2.217636e+03 1.374023e+03 0.000000e+00 0.000000e+00 0.000000e+00 0.000000e+00 0.000000e+00 0.000000e+00 0.000000e+00 0.000000e+00 0.000000e+00
8.910000e-01 0.000000e+00 -5.818576e+03 -5.909052e+03 0.000000e+00 0.000000e+00 0.000000e+00 -5.399083e+02 -5.366053e+02 2.221335e+03 1.377457e+03 0.000000e+00 0.000000e+00 0.000000e+00 0.000000e+00 0.000000e+00 0.000000e+00 0.000000e+00 0.000000e+00 0.000000e+00
8.920000e-01 0.000000e+00 -5.830810e+03 -5.905739e+03 0.000000e+00 0.000000e+00 0.000000e+00 -5.409234e+02 -5.376381e+02 2.224975e+03 1.380817e+03 0.000000e+00 0.000000e+00 0.000000e+00 0.000000e+00 0.000000e+00 0.000000e+00 0.000000e+00 0.000000e+00 0.000000e+00
8.930000e-01 0.000000e+00 -5.842799e+03 -5.902059e+03 0.000000e+00 0.000000e+00 0.000000e+00 -5.419090e+02 -5.386422e+02 2.228557e+03 1.384103e+03 0.000000e+00 0.000000e+00 0.000000e+00 0.000000e+00 0.000000e+00 0.000000e+00 0.000000e+00 0.000000e+00 0.000000e+00
8.940000e-01 0.000000e+00 -5.854536e+03 -5.898012e+03 0.000000e+00 0.000000e+00 0.000000e+00 -5.428649e+02 -5.396172e+02 2.232077e+03 1.387313e+03 0.000000e+00 0.000000e+00 0.000000e+00 0.000000e+00 0.000000e+00 0.000000e+00 0.000000e+00 0.000000e+00 0.000000e+00
8.950000e-01 0.000000e+00 -5.866018e+03 -5.893599e+03 0.000000e+00 0.000000e+00 0.000000e+00 -5.437907e+02 -5.405628e+02 2.235536e+03 1.390446e+03 0.000000e+00 0.000000e+00 0.000000e+00 0.000000e+00 0.000000e+00 0.000000e+00 0.000000e+00 0.000000e+00 0.000000e+00
8.960000e-01 0.000000e+00 -5.877241e+03 -5.888819e+03 0.000000e+00 0.000000e+00 0.000000e+00 -5.446859e+02 -5.414785e+02 2.238931e+03 1.393501e+03 0.000000e+00 0.000000e+00 0.000000e+00 0.000000e+00 0.000000e+00 0.000000e+00 0.000000e+00 0.000000e+00 0.000000e+00
8.970000e-01 0.000000e+00 -5.888201e+03 -5.883673e+03 0.000000e+00 0.000000e+00 0.000000e+00 -5.455504e+02 -5.423640e+02 2.242260e+03 1.396475e+03 0.000000e+00 0.000000e+00 0.000000e+00 0.000000e+00 0.000000e+00 0.000000e+00 0.000000e+00 0.000000e+00 0.000000e+00
8.980000e-01 0.000000e+00 -5.898892e+03 -5.878161e+03 0.000000e+00 0.000000e+00 0.000000e+00 -5.463837e+02 -5.432191e+02 2.245524e+03 1.399369e+03 0.000000e+00 0.000000e+00 0.000000e+00 0.000000e+00 0.000000e+00 0.000000e+00 0.000000e+00 0.000000e+00 0.000000e+00
8.990000e-01 0.000000e+00 -5.909311e+03 -5.872284e+03 0.000000e+00 0.000000e+00 0.000000e+00 -5.471855e+02 -5.440433e+02 2.248719e+03 1.402180e+03 0.000000e+00 0.000000e+00 0.000000e+00 0.000000e+00 0.000000e+00 0.000000e+00 0.000000e+00 0.000000e+00 0.000000e+00
9.000000e-01 0.000000e+00 -5.919455e+03 -5.866042e+03 0.000000e+00 0.000000e+00 0.000000e+00 -5.479555e+02 -5.448363e+02 2.251845e+03 1.404907e+03 0.000000e+00 0.000000e+00 0.000000e+00 0.000000e+00 0.000000e+00 0.000000e+00 0.000000e+00 0.000000e+00 0.000000e+00
9.010000e-01 0.000000e+00 -5.929319e+03 -5.859437e+03 0.000000e+00 0.000000e+00 0.000000e+00 -5.486934e+02 -5.455978e+02 2.254901e+03 1.407549e+03 0.000000e+00 0.000000e+00 0.000000e+00 0.000000e+00 0.000000e+00 0.000000e+00 0.000000e+00 0.000000e+00 0.000000e+00
9.020000e-01 0.000000e+00 -5.938900e+03 -5.852469e+03 0.000000e+00 0.000000e+00 0.000000e+00 -5.493989e+02 -5.463276e+02 2.257884e+03 1.410105e+03 0.000000e+00 0.000000e+00 0.000000e+00 0.000000e+00 0.000000e+00 0.000000e+00 0.000000e+00 0.000000e+00 0.000000e+00
9.030000e-01 0.000000e+00 -5.948193e+03 -5.845140e+03 0.000000e+00 0.000000e+00 0.000000e+00 -5.500717e+02 -5.470253e+02 2.260794e+03 1.412573e+03 0.000000e+00 0.000000e+00 0.000000e+00 0.000000e+00 0.000000e+00 0.000000e+00 0.000000e+00 0.000000e+00 0.000000e+00
9.040000e-01 0.000000e+00 -5.957196e+03 -5.837451e+03 0.000000e+00 0.000000e+00 0.000000e+00 -5.507116e+02 -5.476906e+02 2.263630e+03 1.414953e+03 0.000000e+00 0.000000e+00 0.000000e+00 0.000000e+00 0.000000e+00 0.000000e+00 0.000000e+00 0.000000e+00 0.000000e+00
9.050000e-01 0.000000e+00 -5.965905e+03 -5.829403e+03 0.000000e+00 0.000000e+00 0.000000e+00 -5.513182e+02 -5.483232e+02 2.266389e+03 1.417243e+03 0.000000e+00 0.000000e+00 0.000000e+00 0.000000e+00 0.000000e+00 0.000000e+00 0.000000e+00 0.000000e+00 0.000000e+00
9.060000e-01 0.000000e+00 -5.974317e+03 -5.820999e+03 0.000000e+00 0.000000e+00 0.000000e+00 -5.518913e+02 -5.489229e+02 2.269071e+03 1.419441e+03 0.000000e+00 0.000000e+00 0.000000e+00 0.000000e+00 0.000000e+00 0.000000e+00 0.000000e+00 0.000000e+00 0.000000e+00
9.070000e-01 0.000000e+00 -5.982429e+03 -5.812240e+03 0.000000e+00 0.000000e+00 0.000000e+00 -5.524307e+02 -5.494895e+02 2.271675e+03 1.421548e+03 0.000000e+00 0.000000e+00 0.000000e+00 0.000000e+00 0.000000e+00 0.000000e+00 0.000000e+00 0.000000e+00 0.000000e+00
9.080000e-01 0.000000e+00 -5.990236e+03 -5.803128e+03 0.000000e+00 0.000000e+00 0.000000e+00 -5.529362e+02 -5.500226e+02 2.274199e+03 1.423561e+03 0.000000e+00 0.000000e+00 0.000000e+00 0.000000e+00 0.000000e+00 0.000000e+00 0.000000e+00 0.000000e+00 0.000000e+00
9.090000e-01 0.000000e+00 -5.997738e+03 -5.793665e+03 0.000000e+00 0.000000e+00 0.000000e+00 -5.534075e+02 -5.505222e+02 2.276642e+03 1.425480e+03 0.000000e+00 0.000000e+00 0.000000e+00 0.000000e+00 0.000000e+00 0.000000e+00 0.000000e+00 0.000000e+00 0.000000e+00
9.100000e-01 0.000000e+00 -6.004930e+03 -5.783854e+03 0.000000e+00 0.000000e+00 0.000000e+00 -5.538444e+02 -5.509878e+02 2.279003e+03 1.427303e+03 0.000000e+00 0.000000e+00 0.000000e+00 0.000000e+00 0.000000e+00 0.000000e+00 0.000000e+00 0.000000e+00 0.000000e+00
9.110000e-01 0.000000e+00 -6.011811e+03 -5.773696e+03 0.000000e+00 0.000000e+00 0.000000e+00 -5.542467e+02 -5.514194e+02 2.281281e+03 1.429030e+03 0.000000e+00 0.000000e+00 0.000000e+00 0.000000e+00 0.000000e+00 0.000000e+00 0.000000e+00 0.000000e+00 0.000000e+00
9.120000e-01 0.000000e+00 -6.018377e+03 -5.763195e+03 0.000000e+00 0.000000e+00 0.000000e+00 -5.546143e+02 -5.518168e+02 2.283474e+03 1.430660e+03 0.000000e+00 0.000000e+00 0.000000e+00 0.000000e+00 0.000000e+00 0.000000e+00 0.000000e+00 0.000000e+00 0.000000e+00
9.130000e-01 0.000000e+00 -6.024627e+03 -5.752352e+03 0.000000e+00 0.000000e+00 0.000000e+00 -5.549470e+02 -5.521797e+02 2.285583e+03 1.432191e+03 0.000000e+00 0.000000e+00 0.000000e+00 0.000000e+00 0.000000e+00 0.000000e+00 0.000000e+00 0.000000e+00 0.000000e+00
9.140000e-01 0.000000e+00 -6.030558e+03 -5.741172e+03 0.000000e+00 0.000000e+00 0.000000e+00 -5.552446e+02 -5.525080e+02 2.287605e+03 1.433623e+03 0.000000e+00 0.000000e+00 0.000000e+00 0.000000e+00 0.000000e+00 0.000000e+00 0.000000e+00 0.000000e+00 0.000000e+00
9.150000e-01 0.000000e+00 -6.036168e+03 -5.729656e+03 0.000000e+00 0.000000e+00 0.000000e+00 -5.555071e+02 -5.528017e+02 2.289540e+03 1.434956e+03 0.000000e+00 0.000000e+00 0.000000e+00 0.000000e+00 0.000000e+00 0.000000e+00 0.000000e+00 0.000000e+00 0.000000e+00
9.160000e-01 0.000000e+00 -6.041455e+03 -5.717809e+03 0.000000e+00 0.000000e+00 0.000000e+00 -5.557342e+02 -5.530604e+02 2.291386e+03 1.436187e+03 0.000000e+00 0.000000e+00 0.000000e+00 0.000000e+00 0.000000e+00 0.000000e+00 0.000000e+00 0.000000e+00 0.000000e+00
9.170000e-01 0.000000e+00 -6.046418e+03 -5.705633e+03 0.000000e+00 0.000000e+00 0.000000e+00 -5.559260e+02 -5.532842e+02 2.293144e+03 1.437317e+03 0.000000e+00 0.000000e+00 0.000000e+00 0.000000e+00 0.000000e+00 0.000000e+00 0.000000e+00 0.000000e+00 0.000000e+00
9.180000e-01 0.000000e+00 -6.051055e+03 -5.693132e+03 0.000000e+00 0.000000e+00 0.000000e+00 -5.560823e+02 -5.534729e+02 2.294811e+03 1.438345e+03 0.000000e+00 0.000000e+00 0.000000e+00 0.000000e+00 0.000000e+00 0.000000e+00 0.000000e+00 0.000000e+00 0.000000e+00
9.190000e-01 0.000000e+00 -6.055365e+03 -5.680309e+03 0.000000e+00 0.000000e+00 0.000000e+00 -5.562030e+02 -5.536265e+02 2.296388e+03 1.439270e+03 0.000000e+00 0.000000e+00 0.000000e+00 0.000000e+00 0.000000e+00 0.000000e+00 0.000000e+00 0.000000e+00 0.000000e+00
9.200000e-01 0.000000e+00 -6.059346e+03 -5.667169e+03 0.000000e+00 0.000000e+00 0.000000e+00 -5.562882e+02 -5.537448e+02 2.297873e+03 1.440091e+03 0.000000e+00 0.000000e+00 0.000000e+00 0.000000e+00 0.000000e+00 0.000000e+00 0.000000e+00 0.000000e+00 0.000000e+00
9.210000e-01 0.000000e+00 -6.062998e+03 -5.653715e+03 0.000000e+00 0.000000e+00 0.000000e+00 -5.563377e+02 -5.538280e+02 2.299266e+03 1.440809e+03 0.000000e+00 0.000000e+00 0.000000e+00 0.000000e+00 0.000000e+00 0.000000e+00 0.000000e+00 0.000000e+00 0.000000e+00
9.220000e-01 0.000000e+00 -6.066320e+03 -5.639952e+03 0.000000e+00 0.000000e+00 0.000000e+00 -5.563517e+02 -5.538758e+02 2.300567e+03 1.441422e+03 0.000000e+00 0.000000e+00 0.000000e+00 0.000000e+00 0.000000e+00 0.000000e+00 0.000000e+00 0.000000e+00 0.000000e+00
9.230000e-01 0.000000e+00 -6.069311e+03 -5.625883e+03 0.000000e+00 0.000000e+00 0.000000e+00 -5.563301e+02 -5.538884e+02 2.301773e+03 1.441930e+03 0.000000e+00 0.000000e+00 0.000000e+00 0.000000e+00 0.000000e+00 0.000000e+00 0.000000e+00 0.000000e+00 0.000000e+00
9.240000e-01 0.000000e+00 -6.071970e+03 -5.611513e+03 0.000000e+00 0.000000e+00 0.000000e+00 -5.562729e+02 -5.538658e+02 2.302886e+03 1.442332e+03 0.000000e+00 0.000000e+00 0.000000e+00 0.000000e+00 0.000000e+00 0.000000e+00 0.000000e+00 0.000000e+00 0.000000e+00
9.250000e-01 0.000000e+00 -6.074298e+03 -5.596846e+03 0.000000e+00 0.000000e+00 0.000000e+00 -5.561802e+02 -5.538079e+02 2.303904e+03 1.442629e+03 0.000000e+00 0.000000e+00 0.000000e+00 0.000000e+00 0.000000e+00 0.000000e+00 0.000000e+00 0.000000e+00 0.000000e+00
9.260000e-01 0.000000e+00 -6.076294e+03 -5.581888e+03 0.000000e+00 0.000000e+00 0.000000e+00 -5.560520e+02 -5.537149e+02 2.304827e+03 1.442820e+03 0.000000e+00 0.000000e+00 0.000000e+00 0.000000e+00 0.000000e+00 0.000000e+00 0.000000e+00 0.000000e+00 0.000000e+00
9.270000e-01 0.000000e+00 -6.077959e+03 -5.566644e+03 0.000000e+00 0.000000e+00 0.000000e+00 -5.558886e+02 -5.535868e+02 2.305655e+03 1.442906e+03 0.000000e+00 0.000000e+00 0.000000e+00 0.000000e+00 0.000000e+00 0.000000e+00 0.000000e+00 0.000000e+00 0.000000e+00
9.280000e-01 0.000000e+00 -6.079292e+03 -5.551117e+03 0.000000e+00 0.000000e+00 0.000000e+00 -5.556899e+02 -5.534237e+02 2.306386e+03 1.442884e+03 0.000000e+00 0.000000e+00 0.000000e+00 0.000000e+00 0.000000e+00 0.000000e+00 0.000000e+00 0.000000e+00 0.000000e+00
9.290000e-01 0.000000e+00 -6.080294e+03 -5.535313e+03 0.000000e+00 0.000000e+00 0.000000e+00 -5.554561e+02 -5.532258e+02 2.307022e+03 1.442757e+03 0.000000e+00 0.000000e+00 0.000000e+00 0.000000e+00 0.000000e+00 0.000000e+00 0.000000e+00 0.000000e+00 0.000000e+00
9.300000e-01 0.000000e+00 -6.080967e+03 -5.519238e+03 0.000000e+00 0.000000e+00 0.000000e+00 -5.551874e+02 -5.529931e+02 2.307562e+03 1.442523e+03 0.000000e+00 0.000000e+00 0.000000e+00 0.000000e+00 0.000000e+00 0.000000e+00 0.000000e+00 0.000000e+00 0.000000e+00
9.310000e-01 0.000000e+00 -6.081310e+03 -5.502896e+03 0.000000e+00 0.000000e+00 0.000000e+00 -5.548840e+02 -5.527259e+02 2.308004e+03 1.442183e+03 0.000000e+00 0.000000e+00 0.000000e+00 0.000000e+00 0.000000e+00 0.000000e+00 0.000000e+00 0.000000e+00 0.000000e+00
9.320000e-01 0.000000e+00 -6.081325e+03 -5.486294e+03 0.000000e+00 0.000000e+00 0.000000e+00 -5.545460e+02 -5.524243e+02 2.308351e+03 1.441738e+03 0.000000e+00 0.000000e+00 0.000000e+00 0.000000e+00 0.000000e+00 0.000000e+00 0.000000e+00 0.000000e+00 0.000000e+00
9.330000e-01 0.000000e+00 -6.081013e+03 -5.469437e+03 0.000000e+00 0.000000e+00 0.000000e+00 -5.541737e+02 -5.520885e+02 2.308600e+03 1.441186e+03 0.000000e+00 0.000000e+00 0.000000e+00 0.000000e+00 0.000000e+00 0.000000e+00 0.000000e+00 0.000000e+00 0.000000e+00
9.340000e-01 0.000000e+00 -6.080376e+03 -5.452330e+03 0.000000e+00 0.000000e+00 0.000000e+00 -5.537673e+02 -5.517187e+02 2.308753e+03 1.440528e+03 0.000000e+00 0.000000e+00 0.000000e+00 0.000000e+00 0.000000e+00 0.000000e+00 0.000000e+00 0.000000e+00 0.000000e+00
9.350000e-01 0.000000e+00 -6.079415e+03 -5.434981e+03 0.000000e+00 0.000000e+00 0.000000e+00 -5.533271e+02 -5.513153e+02 2.308809e+03 1.439765e+03 0.000000e+00 0.000000e+00 0.000000e+00 0.000000e+00 0.000000e+00 0.000000e+00 0.000000e+00 0.000000e+00 0.000000e+00
9.360000e-01 0.000000e+00 -6.078132e+03 -5.417394e+03 0.000000e+00 0.000000e+00 0.000000e+00 -5.528533e+02 -5.508785e+02 2.308769e+03 1.438898e+03 0.000000e+00 0.000000e+00 0.000000e+00 0.000000e+00 0.000000e+00 0.000000e+00 0.000000e+00 0.000000e+00 0.000000e+00
9.370000e-01 0.000000e+00 -6.076530e+03 -5.399576e+03 0.000000e+00 0.000000e+00 0.000000e+00 -5.523464e+02 -5.504085e+02 2.308632e+03 1.437926e+03 0.000000e+00 0.000000e+00 0.000000e+00 0.000000e+00 0.000000e+00 0.000000e+00 0.000000e+00 0.000000e+00 0.000000e+00
9.380000e-01 0.000000e+00 -6.074610e+03 -5.381533e+03 0.000000e+00 0.000000e+00 0.000000e+00 -5.518066e+02 -5.499057e+02 2.308399e+03 1.436850e+03 0.000000e+00 0.000000e+00 0.000000e+00 0.000000e+00 0.000000e+00 0.000000e+00 0.000000e+00 0.000000e+00 0.000000e+00
9.390000e-01 0.000000e+00 -6.072375e+03 -5.363272e+03 0.000000e+00 0.000000e+00 0.000000e+00 -5.512344e+02 -5.493704e+02 2.308070e+03 1.435671e+03 0.000000e+00 0.000000e+00 0.000000e+00 0.000000e+00 0.000000e+00 0.000000e+00 0.000000e+00 0.000000e+00 0.000000e+00
9.400000e-01 0.000000e+00 -6.069829e+03 -5.344799e+03 0.000000e+00 0.000000e+00 0.000000e+00 -5.506300e+02 -5.488030e+02 2.307646e+03 1.434390e+03 0.000000e+00 0.000000e+00 0.000000e+00 0.000000e+00 0.000000e+00 0.000000e+00 0.000000e+00 0.000000e+00 0.000000e+00
9.410000e-01 0.000000e+00 -6.066972e+03 -5.326121e+03 0.000000e+00 0.000000e+00 0.000000e+00 -5.499938e+02 -5.482039e+02 2.307127e+03 1.433007e+03 0.000000e+00 0.000000e+00 0.000000e+00 0.000000e+00 0.000000e+00 0.000000e+00 0.000000e+00 0.000000e+00 0.000000e+00
9.420000e-01 0.000000e+00 -6.063810e+03 -5.307245e+03 0.000000e+00 0.000000e+00 0.000000e+00 -5.493264e+02 -5.475735e+02 2.306513e+03 1.431523e+03 0.000000e+00 0.000000e+00 0.000000e+00 0.000000e+00 0.000000e+00 0.000000e+00 0.000000e+00 0.000000e+00 0.000000e+00
9.430000e-01 0.000000e+00 -6.060344e+03 -5.288177e+03 0.000000e+00 0.000000e+00 0.000000e+00 -5.486282e+02 -5.469123e+02 2.305805e+03 1.429939e+03 0.000000e+00 0.000000e+00 0.000000e+00 0.000000e+00 0.000000e+00 0.000000e+00 0.000000e+00 0.000000e+00 0.000000e+00
9.440000e-01 0.000000e+00 -6.056579e+03 -5.268924e+03 0.000000e+00 0.000000e+00 0.000000e+00 -5.478996e+02 -5.462205e+02 2.305003e+03 1.428256e+03 0.000000e+00 0.000000e+00 0.000000e+00 0.000000e+00 0.000000e+00 0.000000e+00 0.000000e+00 0.000000e+00 0.000000e+00
9.450000e-01 0.000000e+00 -6.052518e+03 -5.249494e+03 0.000000e+00 0.000000e+00 0.000000e+00 -5.471411e+02 -5.454989e+02 2.304109e+03 1.426475e+03 0.000000e+00 0.000000e+00 0.000000e+00 0.000000e+00 0.000000e+00 0.000000e+00 0.000000e+00 0.000000e+00 0.000000e+00
9.460000e-01 0.000000e+00 -6.048165e+03 -5.229894e+03 0.000000e+00 0.000000e+00 0.000000e+00 -5.463532e+02 -5.447477e+02 2.303122e+03 1.424597e+03 0.000000e+00 0.000000e+00 0.000000e+00 0.000000e+00 0.000000e+00 0.000000e+00 0.000000e+00 0.000000e+00 0.000000e+00
9.470000e-01 0.000000e+00 -6.043524e+03 -5.210130e+03 0.000000e+00 0.000000e+00 0.000000e+00 -5.455366e+02 -5.439677e+02 2.302044e+03 1.422624e+03 0.000000e+00 0.000000e+00 0.000000e+00 0.000000e+00 0.000000e+00 0.000000e+00 0.000000e+00 0.000000e+00 0.000000e+00
9.480000e-01 0.000000e+00 -6.038599e+03 -5.190211e+03 0.000000e+00 0.000000e+00 0.000000e+00 -5.446916e+02 -5.431592e+02 2.300876e+03 1.420556e+03 0.000000e+00 0.000000e+00 0.000000e+00 0.000000e+00 0.000000e+00 0.000000e+00 0.000000e+00 0.000000e+00 0.000000e+00
9.490000e-01 0.000000e+00 -6.033394e+03 -5.170143e+03 0.000000e+00 0.000000e+00 0.000000e+00 -5.438190e+02 -5.423229e+02 2.299618e+03 1.418396e+03 0.000000e+00 0.000000e+00 0.000000e+00 0.000000e+00 0.000000e+00 0.000000e+00 0.000000e+00 0.000000e+00 0.000000e+00
9.500000e-01 0.000000e+00 -6.027914e+03 -5.149935e+03 0.000000e+00 0.000000e+00 0.000000e+00 -5.429193e+02 -5.414593e+02 2.298271e+03 1.416144e+03 0.000000e+00 0.000000e+00 0.000000e+00 0.000000e+00 0.000000e+00 0.000000e+00 0.000000e+00 0.000000e+00 0.000000e+00
9.510000e-01 0.000000e+00 -6.022164e+03 -5.129594e+03 0.000000e+00 0.000000e+00 0.000000e+00 -5.419931e+02 -5.405691e+02 2.296837e+03 1.413803e+03 0.000000e+00 0.000000e+00 0.000000e+00 0.000000e+00 0.000000e+00 0.000000e+00 0.000000e+00 0.000000e+00 0.000000e+00
9.520000e-01 0.000000e+00 -6.016149e+03 -5.109126e+03 0.000000e+00 0.000000e+00 0.000000e+00 -5.410411e+02 -5.396529e+02 2.295316e+03 1.411372e+03 0.000000e+00 0.000000e+00 0.000000e+00 0.000000e+00 0.000000e+00 0.000000e+00 0.000000e+00 0.000000e+00 0.000000e+00
9.530000e-01 0.000000e+00 -6.009873e+03 -5.088541e+03 0.000000e+00 0.000000e+00 0.000000e+00 -5.400640e+02 -5.387112e+02 2.293710e+03 1.408855e+03 0.000000e+00 0.000000e+00 0.000000e+00 0.000000e+00 0.000000e+00 0.000000e+00 0.000000e+00 0.000000e+00 0.000000e+00
9.540000e-01 0.000000e+00 -6.003342e+03 -5.067846e+03 0.000000e+00 0.000000e+00 0.000000e+00 -5.390623e+02 -5.377449e+02 2.292019e+03 1.406253e+03 0.000000e+00 0.000000e+00 0.000000e+00 0.000000e+00 0.000000e+00 0.000000e+00 0.000000e+00 0.000000e+00 0.000000e+00
9.550000e-01 0.000000e+00 -5.996561e+03 -5.047049e+03 0.000000e+00 0.000000e+00 0.000000e+00 -5.380369e+02 -5.367544e+02 2.290246e+03 1.403567e+03 0.000000e+00 0.000000e+00 0.000000e+00 0.000000e+00 0.000000e+00 0.000000e+00 0.000000e+00 0.000000e+00 0.000000e+00
9.560000e-01 0.000000e+00 -5.989535e+03 -5.026157e+03 0.000000e+00 0.000000e+00 0.000000e+00 -5.369884e+02 -5.357407e+02 2.288390e+03 1.400800e+03 0.000000e+00 0.000000e+00 0.000000e+00 0.000000e+00 0.000000e+00 0.000000e+00 0.000000e+00 0.000000e+00 0.000000e+00
9.570000e-01 0.000000e+00 -5.982271e+03 -5.005179e+03 0.000000e+00 0.000000e+00 0.000000e+00 -5.359176e+02 -5.347043e+02 2.286454e+03 1.397953e+03 0.000000e+00 0.000000e+00 0.000000e+00 0.000000e+00 0.000000e+00 0.000000e+00 0.000000e+00 0.000000e+00 0.000000e+00
9.580000e-01 0.000000e+00 -5.974774e+03 -4.984122e+03 0.000000e+00 0.000000e+00 0.000000e+00 -5.348251e+02 -5.336460e+02 2.284439e+03 1.395029e+03 0.000000e+00 0.000000e+00 0.000000e+00 0.000000e+00 0.000000e+00 0.000000e+00 0.000000e+00 0.000000e+00 0.000000e+00
9.590000e-01 0.000000e+00 -5.967050e+03 -4.962995e+03 0.000000e+00 0.000000e+00 0.000000e+00 -5.337119e+02 -5.325665e+02 2.282347e+03 1.392029e+03 0.000000e+00 0.000000e+00 0.000000e+00 0.000000e+00 0.000000e+00 0.000000e+00 0.000000e+00 0.000000e+00 0.000000e+00
9.600000e-01 0.000000e+00 -5.959105e+03 -4.941805e+03 0.000000e+00 0.000000e+00 0.000000e+00 -5.325786e+02 -5.314667e+02 2.280178e+03 1.388955e+03 0.000000e+00 0.000000e+00 0.000000e+00 0.000000e+00 0.000000e+00 0.000000e+00 0.000000e+00 0.000000e+00 0.000000e+00
9.610000e-01 0.000000e+00 -5.950945e+03 -4.920562e+03 0.000000e+00 0.000000e+00 0.000000e+00 -5.314260e+02 -5.303472e+02 2.277934e+03 1.385810e+03 0.000000e+00 0.000000e+00 0.000000e+00 0.000000e+00 0.000000e+00 0.000000e+00 0.000000e+00 0.000000e+00 0.000000e+00
9.620000e-01 0.000000e+00 -5.942576e+03 -4.899272e+03 0.000000e+00 0.000000e+00 0.000000e+00 -5.302551e+02 -5.292090e+02 2.275618e+03 1.382595e+03 0.000000e+00 0.000000e+00 0.000000e+00 0.000000e+00 0.000000e+00 0.000000e+00 0.000000e+00 0.000000e+00 0.000000e+00
9.630000e-01 0.000000e+00 -5.934006e+03 -4.877945e+03 0.000000e+00 0.000000e+00 0.000000e+00 -5.290665e+02 -5.280528e+02 2.273230e+03 1.379313e+03 0.000000e+00 0.000000e+00 0.000000e+00 0.000000e+00 0.000000e+00 0.000000e+00 0.000000e+00 0.000000e+00 0.000000e+00
9.640000e-01 0.000000e+00 -5.925239e+03 -4.856587e+03 0.000000e+00 0.000000e+00 0.000000e+00 -5.278612e+02 -5.268794e+02 2.270772e+03 1.375967e+03 0.000000e+00 0.000000e+00 0.000000e+00 0.000000e+00 0.000000e+00 0.000000e+00 0.000000e+00 0.000000e+00 0.000000e+00
9.650000e-01 0.000000e+00 -5.916284e+03 -4.835208e+03 0.000000e+00 0.000000e+00 0.000000e+00 -5.266399e+02 -5.256897e+02 2.268246e+03 1.372557e+03 0.000000e+00 0.000000e+00 0.000000e+00 0.000000e+00 0.000000e+00 0.000000e+00 0.000000e+00 0.000000e+00 0.000000e+00
9.660000e-01 0.000000e+00 -5.907146e+03 -4.813816e+03 0.000000e+00 0.000000e+00 0.000000e+00 -5.254036e+02 -5.244845e+02 2.265654e+03 1.369088e+03 0.000000e+00 0.000000e+00 0.000000e+00 0.000000e+00 0.000000e+00 0.000000e+00 0.000000e+00 0.000000e+00 0.000000e+00
9.670000e-01 0.000000e+00 -5.897833e+03 -4.792419e+03 0.000000e+00 0.000000e+00 0.000000e+00 -5.241532e+02 -5.232647e+02 2.262997e+03 1.365561e+03 0.000000e+00 0.000000e+00 0.000000e+00 0.000000e+00 0.000000e+00 0.000000e+00 0.000000e+00 0.000000e+00 0.000000e+00
9.680000e-01 0.000000e+00 -5.888351e+03 -4.771024e+03 0.000000e+00 0.000000e+00 0.000000e+00 -5.228894e+02 -5.220311e+02 2.260277e+03 1.361979e+03 0.000000e+00 0.000000e+00 0.000000e+00 0.000000e+00 0.000000e+00 0.000000e+00 0.000000e+00 0.000000e+00 0.000000e+00
9.690000e-01 0.000000e+00 -5.878708e+03 -4.749641e+03 0.000000e+00 0.000000e+00 0.000000e+00 -5.216133e+02 -5.207847e+02 2.257497e+03 1.358344e+03 0.000000e+00 0.000000e+00 0.000000e+00 0.000000e+00 0.000000e+00 0.000000e+00 0.000000e+00 0.000000e+00 0.000000e+00
9.700000e-01 0.000000e+00 -5.868910e+03 -4.728278e+03 0.000000e+00 0.000000e+00 0.000000e+00 -5.203257e+02 -5.195264e+02 2.254657e+03 1.354659e+03 0.000000e+00 0.000000e+00 0.000000e+00 0.000000e+00 0.000000e+00 0.000000e+00 0.000000e+00 0.000000e+00 0.000000e+00
9.710000e-01 0.000000e+00 -5.858965e+03 -4.706942e+03 0.000000e+00 0.000000e+00 0.000000e+00 -5.190275e+02 -5.182570e+02 2.251760e+03 1.350926e+03 0.000000e+00 0.000000e+00 0.000000e+00 0.000000e+00 0.000000e+00 0.000000e+00 0.000000e+00 0.000000e+00 0.000000e+00
9.720000e-01 0.000000e+00 -5.848879e+03 -4.685643e+03 0.000000e+00 0.000000e+00 0.000000e+00 -5.177197e+02 -5.169774e+02 2.248808e+03 1.347148e+03 0.000000e+00 0.000000e+00 0.000000e+00 0.000000e+00 0.000000e+00 0.000000e+00 0.000000e+00 0.000000e+00 0.000000e+00
9.730000e-01 0.000000e+00 -5.838661e+03 -4.664387e+03 0.000000e+00 0.000000e+00 0.000000e+00 -5.164032e+02 -5.156886e+02 2.245803e+03 1.343327e+03 0.000000e+00 0.000000e+00 0.000000e+00 0.000000e+00 0.000000e+00 0.000000e+00 0.000000e+00 0.000000e+00 0.000000e+00
9.740000e-01 0.000000e+00 -5.828316e+03 -4.643183e+03 0.000000e+00 0.000000e+00 0.000000e+00 -5.150789e+02 -5.143915e+02 2.242746e+03 1.339467e+03 0.000000e+00 0.000000e+00 0.000000e+00 0.000000e+00 0.000000e+00 0.000000e+00 0.000000e+00 0.000000e+00 0.000000e+00
9.750000e-01 0.000000e+00 -5.817853e+03 -4.622040e+03 0.000000e+00 0.000000e+00 0.000000e+00 -5.137477e+02 -5.130870e+02 2.239640e+03 1.335570e+03 0.000000e+00 0.000000e+00 0.000000e+00 0.000000e+00 0.000000e+00 0.000000e+00 0.000000e+00 0.000000e+00 0.000000e+00
9.760000e-01 0.000000e+00 -5.807279e+03 -4.600964e+03 0.000000e+00 0.000000e+00 0.000000e+00 -5.124106e+02 -5.117760e+02 2.236487e+03 1.331639e+03 0.000000e+00 0.000000e+00 0.000000e+00 0.000000e+00 0.000000e+00 0.000000e+00 0.000000e+00 0.000000e+00 0.000000e+00
9.770000e-01 0.000000e+00 -5.796601e+03 -4.579965e+03 0.000000e+00 0.000000e+00 0.000000e+00 -5.110685e+02 -5.104595e+02 2.233288e+03 1.327675e+03 0.000000e+00 0.000000e+00 0.000000e+00 0.000000e+00 0.000000e+00 0.000000e+00 0.000000e+00 0.000000e+00 0.000000e+00
9.780000e-01 0.000000e+00 -5.785826e+03 -4.559050e+03 0.000000e+00 0.000000e+00 0.000000e+00 -5.097224e+02 -5.091384e+02 2.230046e+03 1.323683e+03 0.000000e+00 0.000000e+00 0.000000e+00 0.000000e+00 0.000000e+00 0.000000e+00 0.000000e+00 0.000000e+00 0.000000e+00
9.790000e-01 0.000000e+00 -5.774963e+03 -4.538227e+03 0.000000e+00 0.000000e+00 0.000000e+00 -5.083732e+02 -5.078136e+02 2.226763e+03 1.319665e+03 0.000000e+00 0.000000e+00 0.000000e+00 0.000000e+00 0.000000e+00 0.000000e+00 0.000000e+00 0.000000e+00 0.000000e+00
9.800000e-01 0.000000e+00 -5.764017e+03 -4.517504e+03 0.000000e+00 0.000000e+00 0.000000e+00 -5.070218e+02 -5.064860e+02 2.223441e+03 1.315623e+03 0.000000e+00 0.000000e+00 0.000000e+00 0.000000e+00 0.000000e+00 0.000000e+00 0.000000e+00 0.000000e+00 0.000000e+00
9.810000e-01 0.000000e+00 -5.752998e+03 -4.496889e+03 0.000000e+00 0.000000e+00 0.000000e+00 -5.056692e+02 -5.051567e+02 2.220082e+03 1.311560e+03 0.000000e+00 0.000000e+00 0.000000e+00 0.000000e+00 0.000000e+00 0.000000e+00 0.000000e+00 0.000000e+00 0.000000e+00
9.820000e-01 0.000000e+00 -5.741912e+03 -4.476389e+03 0.000000e+00 0.000000e+00 0.000000e+00 -5.043164e+02 -5.038265e+02 2.216688e+03 1.307480e+03 0.000000e+00 0.000000e+00 0.000000e+00 0.000000e+00 0.000000e+00 0.000000e+00 0.000000e+00 0.000000e+00 0.000000e+00
9.830000e-01 0.000000e+00 -5.730766e+03 -4.456012e+03 0.000000e+00 0.000000e+00 0.000000e+00 -5.029642e+02 -5.024964e+02 2.213262e+03 1.303385e+03 0.000000e+00 0.000000e+00 0.000000e+00 0.000000e+00 0.000000e+00 0.000000e+00 0.000000e+00 0.000000e+00 0.000000e+00
9.840000e-01 0.000000e+00 -5.719569e+03 -4.435766e+03 0.000000e+00 0.000000e+00 0.000000e+00 -5.016137e+02 -5.011672e+02 2.209804e+03 1.299277e+03 0.000000e+00 0.000000e+00 0.000000e+00 0.000000e+00 0.000000e+00 0.000000e+00 0.000000e+00 0.000000e+00 0.000000e+00
9.850000e-01 0.000000e+00 -5.708327e+03 -4.415657e+03 0.000000e+00 0.000000e+00 0.000000e+00 -5.002656e+02 -4.998400e+02 2.206318e+03 1.295160e+03 0.000000e+00 0.000000e+00 0.000000e+00 0.000000e+00 0.000000e+00 0.000000e+00 0.000000e+00 0.000000e+00 0.000000e+00
9.860000e-01 0.000000e+00 -5.697048e+03 -4.395695e+03 0.000000e+00 0.000000e+00 0.000000e+00 -4.989211e+02 -4.985156e+02 2.202806e+03 1.291035e+03 0.000000e+00 0.000000e+00 0.000000e+00 0.000000e+00 0.000000e+00 0.000000e+00 0.000000e+00 0.000000e+00 0.000000e+00
9.870000e-01 0.000000e+00 -5.685739e+03 -4.375885e+03 0.000000e+00 0.000000e+00 0.000000e+00 -4.975809e+02 -4.971950e+02 2.199269e+03 1.286907e+03 0.000000e+00 0.000000e+00 0.000000e+00 0.000000e+00 0.000000e+00 0.000000e+00 0.000000e+00 0.000000e+00 0.000000e+00
9.880000e-01 0.000000e+00 -5.674407e+03 -4.356235e+03 0.000000e+00 0.000000e+00 0.000000e+00 -4.962460e+02 -4.958791e+02 2.195711e+03 1.282778e+03 0.000000e+00 0.000000e+00 0.000000e+00 0.000000e+00 0.000000e+00 0.000000e+00 0.000000e+00 0.000000e+00 0.000000e+00
9.890000e-01 0.000000e+00 -5.663060e+03 -4.336752e+03 0.000000e+00 0.000000e+00 0.000000e+00 -4.949173e+02 -4.945687e+02 2.192132e+03 1.278650e+03 0.000000e+00 0.000000e+00 0.000000e+00 0.000000e+00 0.000000e+00 0.000000e+00 0.000000e+00 0.000000e+00 0.000000e+00
9.900000e-01 0.000000e+00 -5.651706e+03 -4.317444e+03 0.000000e+00 0.000000e+00 0.000000e+00 -4.935958e+02 -4.932648e+02 2.188535e+03 1.274527e+03 0.000000e+00 0.000000e+00 0.000000e+00 0.000000e+00 0.000000e+00 0.000000e+00 0.000000e+00 0.000000e+00 0.000000e+00
9.910000e-01 0.000000e+00 -5.640350e+03 -4.298318e+03 0.000000e+00 0.000000e+00 0.000000e+00 -4.922823e+02 -4.919683e+02 2.184922e+03 1.270410e+03 0.000000e+00 0.000000e+00 0.000000e+00 0.000000e+00 0.000000e+00 0.000000e+00 0.000000e+00 0.000000e+00 0.000000e+00
9.920000e-01 0.000000e+00 -5.629001e+03 -4.279380e+03 0.000000e+00 0.000000e+00 0.000000e+00 -4.909777e+02 -4.906801e+02 2.181295e+03 1.266303e+03 0.000000e+00 0.000000e+00 0.000000e+00 0.000000e+00 0.000000e+00 0.000000e+00 0.000000e+00 0.000000e+00 0.000000e+00
9.930000e-01 0.000000e+00 -5.617665e+03 -4.260637e+03 0.000000e+00 0.000000e+00 0.000000e+00 -4.896829e+02 -4.894010e+02 2.177657e+03 1.262209e+03 0.000000e+00 0.000000e+00 0.000000e+00 0.000000e+00 0.000000e+00 0.000000e+00 0.000000e+00 0.000000e+00 0.000000e+00
9.940000e-01 0.000000e+00 -5.606350e+03 -4.242096e+03 0.000000e+00 0.000000e+00 0.000000e+00 -4.883988e+02 -4.881319e+02 2.174009e+03 1.258129e+03 0.000000e+00 0.000000e+00 0.000000e+00 0.000000e+00 0.000000e+00 0.000000e+00 0.000000e+00 0.000000e+00 0.000000e+00
9.950000e-01 0.000000e+00 -5.595062e+03 -4.223764e+03 0.000000e+00 0.000000e+00 0.000000e+00 -4.871262e+02 -4.868736e+02 2.170354e+03 1.254067e+03 0.000000e+00 0.000000e+00 0.000000e+00 0.000000e+00 0.000000e+00 0.000000e+00 0.000000e+00 0.000000e+00 0.000000e+00
9.960000e-01 0.000000e+00 -5.583808e+03 -4.205647e+03 0.000000e+00 0.000000e+00 0.000000e+00 -4.858659e+02 -4.856271e+02 2.166693e+03 1.250025e+03 0.000000e+00 0.000000e+00 0.000000e+00 0.000000e+00 0.000000e+00 0.000000e+00 0.000000e+00 0.000000e+00 0.000000e+00
9.970000e-01 0.000000e+00 -5.572595e+03 -4.187751e+03 0.000000e+00 0.000000e+00 0.000000e+00 -4.846188e+02 -4.843930e+02 2.163028e+03 1.246007e+03 0.000000e+00 0.000000e+00 0.000000e+00 0.000000e+00 0.000000e+00 0.000000e+00 0.000000e+00 0.000000e+00 0.000000e+00
9.980000e-01 0.000000e+00 -5.561430e+03 -4.170082e+03 0.000000e+00 0.000000e+00 0.000000e+00 -4.833856e+02 -4.831723e+02 2.159361e+03 1.242013e+03 0.000000e+00 0.000000e+00 0.000000e+00 0.000000e+00 0.000000e+00 0.000000e+00 0.000000e+00 0.000000e+00 0.000000e+00
9.990000e-01 0.000000e+00 -5.550319e+03 -4.152647e+03 0.000000e+00 0.000000e+00 0.000000e+00 -4.821673e+02 -4.819656e+02 2.155695e+03 1.238047e+03 0.000000e+00 0.000000e+00 0.000000e+00 0.000000e+00 0.000000e+00 0.000000e+00 0.000000e+00 0.000000e+00 0.000000e+00
1.000000e+00 0.000000e+00 -5.539269e+03 -4.135452e+03 0.000000e+00 0.000000e+00 0.000000e+00 -4.809645e+02 -4.807739e+02 2.152032e+03 1.234111e+03 0.000000e+00 0.000000e+00 0.000000e+00 0.000000e+00 0.000000e+00 0.000000e+00 0.000000e+00 0.000000e+00 0.000000e+00
1.001000e+00 0.000000e+00 -5.528286e+03 -4.118502e+03 0.000000e+00 0.000000e+00 0.000000e+00 -4.797780e+02 -4.795978e+02 2.148372e+03 1.230208e+03 0.000000e+00 0.000000e+00 0.000000e+00 0.000000e+00 0.000000e+00 0.000000e+00 0.000000e+00 0.000000e+00 0.000000e+00
1.002000e+00 0.000000e+00 -5.517376e+03 -4.101803e+03 0.000000e+00 0.000000e+00 0.000000e+00 -4.786086e+02 -4.784381e+02 2.144719e+03 1.226340e+03 0.000000e+00 0.000000e+00 0.000000e+00 0.000000e+00 0.000000e+00 0.000000e+00 0.000000e+00 0.000000e+00 0.000000e+00
1.003000e+00 0.000000e+00 -5.506547e+03 -4.085361e+03 0.000000e+00 0.000000e+00 0.000000e+00 -4.774569e+02 -4.772955e+02 2.141074e+03 1.222510e+03 0.000000e+00 0.000000e+00 0.000000e+00 0.000000e+00 0.000000e+00 0.000000e+00 0.000000e+00 0.000000e+00 0.000000e+00
1.004000e+00 0.000000e+00 -5.495803e+03 -4.069181e+03 0.000000e+00 0.000000e+00 0.000000e+00 -4.763238e+02 -4.761708e+02 2.137438e+03 1.218718e+03 0.000000e+00 0.000000e+00 0.000000e+00 0.000000e+00 0.000000e+00 0.000000e+00 0.000000e+00 0.000000e+00 0.000000e+00
1.005000e+00 0.000000e+00 -5.485151e+03 -4.053269e+03 0.000000e+00 0.000000e+00 0.000000e+00 -4.752099e+02 -4.750646e+02 2.133815e+03 1.214969e+03 0.000000e+00 0.000000e+00 0.000000e+00 0.000000e+00 0.000000e+00 0.000000e+00 0.000000e+00 0.000000e+00 0.000000e+00
1.006000e+00 0.000000e+00 -5.474597e+03 -4.037629e+03 0.000000e+00 0.000000e+00 0.000000e+00 -4.741158e+02 -4.739776e+02 2.130204e+03 1.211264e+03 0.000000e+00 0.000000e+00 0.000000e+00 0.000000e+00 0.000000e+00 0.000000e+00 0.000000e+00 0.000000e+00 0.000000e+00
1.007000e+00 0.000000e+00 -5.464146e+03 -4.022267e+03 0.000000e+00 0.000000e+00 0.000000e+00 -4.730423e+02 -4.729105e+02 2.126609e+03 1.207605e+03 0.000000e+00 0.000000e+00 0.000000e+00 0.000000e+00 0.000000e+00 0.000000e+00 0.000000e+00 0.000000e+00 0.000000e+00
1.008000e+00 0.000000e+00 -5.453805e+03 -4.007187e+03 0.000000e+00 0.000000e+00 0.000000e+00 -4.719899e+02 -4.718639e+02 2.123031e+03 1.203994e+03 0.000000e+00 0.000000e+00 0.000000e+00 0.000000e+00 0.000000e+00 0.000000e+00 0.000000e+00 0.000000e+00 0.000000e+00
1.009000e+00 0.000000e+00 -5.443579e+03 -3.992395e+03 0.000000e+00 0.000000e+00 0.000000e+00 -4.709594e+02 -4.708385e+02 2.119472e+03 1.200433e+03 0.000000e+00 0.000000e+00 0.000000e+00 0.000000e+00 0.000000e+00 0.000000e+00 0.000000e+00 0.000000e+00 0.000000e+00
1.010000e+00 0.000000e+00 -5.433474e+03 -3.977895e+03 0.000000e+00 0.000000e+00 0.000000e+00 -4.699512e+02 -4.698348e+02 2.115933e+03 1.196925e+03 0.000000e+00 0.000000e+00 0.000000e+00 0.000000e+00 0.000000e+00 0.000000e+00 0.000000e+00 0.000000e+00 0.000000e+00
1.011000e+00 0.000000e+00 -5.423494e+03 -3.963691e+03 0.000000e+00 0.000000e+00 0.000000e+00 -4.689661e+02 -4.688535e+02 2.112416e+03 1.193470e+03 0.000000e+00 0.000000e+00 0.000000e+00 0.000000e+00 0.000000e+00 0.000000e+00 0.000000e+00 0.000000e+00 0.000000e+00
1.012000e+00 0.000000e+00 -5.413645e+03 -3.949789e+03 0.000000e+00 0.000000e+00 0.000000e+00 -4.680045e+02 -4.678951e+02 2.108922e+03 1.190072e+03 0.000000e+00 0.000000e+00 0.000000e+00 0.000000e+00 0.000000e+00 0.000000e+00 0.000000e+00 0.000000e+00 0.000000e+00
1.013000e+00 0.000000e+00 -5.403933e+03 -3.936191e+03 0.000000e+00 0.000000e+00 0.000000e+00 -4.670670e+02 -4.669601e+02 2.105453e+03 1.186732e+03 0.000000e+00 0.000000e+00 0.000000e+00 0.000000e+00 0.000000e+00 0.000000e+00 0.000000e+00 0.000000e+00 0.000000e+00
1.014000e+00 0.000000e+00 -5.394361e+03 -3.922904e+03 0.000000e+00 0.000000e+00 0.000000e+00 -4.661541e+02 -4.660492e+02 2.102012e+03 1.183451e+03 0.000000e+00 0.000000e+00 0.000000e+00 0.000000e+00 0.000000e+00 0.000000e+00 0.000000e+00 0.000000e+00 0.000000e+00
1.015000e+00 0.000000e+00 -5.384936e+03 -3.909929e+03 0.000000e+00 0.000000e+00 0.000000e+00 -4.652664e+02 -4.651627e+02 2.098598e+03 1.180232e+03 0.000000e+00 0.000000e+00 0.000000e+00 0.000000e+00 0.000000e+00 0.000000e+00 0.000000e+00 0.000000e+00 0.000000e+00
1.016000e+00 0.000000e+00 -5.375662e+03 -3.897272e+03 0.000000e+00 0.000000e+00 0.000000e+00 -4.644043e+02 -4.643013e+02 2.095214e+03 1.177076e+03 0.000000e+00 0.000000e+00 0.000000e+00 0.000000e+00 0.000000e+00 0.000000e+00 0.000000e+00 0.000000e+00 0.000000e+00
1.017000e+00 0.000000e+00 -5.366543e+03 -3.884935e+03 0.000000e+00 0.000000e+00 0.000000e+00 -4.635682e+02 -4.634653e+02 2.091860e+03 1.173984e+03 0.000000e+00 0.000000e+00 0.000000e+00 0.000000e+00 0.000000e+00 0.000000e+00 0.000000e+00 0.000000e+00 0.000000e+00
1.018000e+00 0.000000e+00 -5.357584e+03 -3.872923e+03 0.000000e+00 0.000000e+00 0.000000e+00 -4.627587e+02 -4.626551e+02 2.088540e+03 1.170958e+03 0.000000e+00 0.000000e+00 0.000000e+00 0.000000e+00 0.000000e+00 0.000000e+00 0.000000e+00 0.000000e+00 0.000000e+00
1.019000e+00 0.000000e+00 -5.348790e+03 -3.861238e+03 0.000000e+00 0.000000e+00 0.000000e+00 -4.619760e+02 -4.618713e+02 2.085252e+03 1.168000e+03 0.000000e+00 0.000000e+00 0.000000e+00 0.000000e+00 0.000000e+00 0.000000e+00 0.000000e+00 0.000000e+00 0.000000e+00
1.020000e+00 0.000000e+00 -5.340164e+03 -3.849884e+03 0.000000e+00 0.000000e+00 0.000000e+00 -4.612207e+02 -4.611141e+02 2.082000e+03 1.165110e+03 0.000000e+00 0.000000e+00 0.000000e+00 0.000000e+00 0.000000e+00 0.000000e+00 0.000000e+00 0.000000e+00 0.000000e+00
1.021000e+00 0.000000e+00 -5.331711e+03 -3.838864e+03 0.000000e+00 0.000000e+00 0.000000e+00 -4.604930e+02 -4.603840e+02 2.078784e+03 1.162291e+03 0.000000e+00 0.000000e+00 0.000000e+00 0.000000e+00 0.000000e+00 0.000000e+00 0.000000e+00 0.000000e+00 0.000000e+00
1.022000e+00 0.000000e+00 -5.323434e+03 -3.828181e+03 0.000000e+00 0.000000e+00 0.000000e+00 -4.597933e+02 -4.596813e+02 2.075606e+03 1.159544e+03 0.000000e+00 0.000000e+00 0.000000e+00 0.000000e+00 0.000000e+00 0.000000e+00 0.000000e+00 0.000000e+00 0.000000e+00
1.023000e+00 0.000000e+00 -5.315338e+03 -3.817838e+03 0.000000e+00 0.000000e+00 0.000000e+00 -4.591219e+02 -4.590064e+02 2.072466e+03 1.156869e+03 0.000000e+00 0.000000e+00 0.000000e+00 0.000000e+00 0.000000e+00 0.000000e+00 0.000000e+00 0.000000e+00 0.000000e+00
1.024000e+00 0.000000e+00 -5.307427e+03 -3.807836e+03 0.000000e+00 0.000000e+00 0.000000e+00 -4.584791e+02 -4.583594e+02 2.069365e+03 1.154267e+03 0.000000e+00 0.000000e+00 0.000000e+00 0.000000e+00 0.000000e+00 0.000000e+00 0.000000e+00 0.000000e+00 0.000000e+00
1.025000e+00 0.000000e+00 -5.299703e+03 -3.798179e+03 0.000000e+00 0.000000e+00 0.000000e+00 -4.578652e+02 -4.577408e+02 2.066306e+03 1.151741e+03 0.000000e+00 0.000000e+00 0.000000e+00 0.000000e+00 0.000000e+00 0.000000e+00 0.000000e+00 0.000000e+00 0.000000e+00
1.026000e+00 0.000000e+00 -5.292170e+03 -3.788868e+03 0.000000e+00 0.000000e+00 0.000000e+00 -4.572805e+02 -4.571507e+02 2.063289e+03 1.149290e+03 0.000000e+00 0.000000e+00 0.000000e+00 0.000000e+00 0.000000e+00 0.000000e+00 0.000000e+00 0.000000e+00 0.000000e+00
1.027000e+00 0.000000e+00 -5.284832e+03 -3.779907e+03 0.000000e+00 0.000000e+00 0.000000e+00 -4.567250e+02 -4.565894e+02 2.060314e+03 1.146916e+03 0.000000e+00 0.000000e+00 0.000000e+00 0.000000e+00 0.000000e+00 0.000000e+00 0.000000e+00 0.000000e+00 0.000000e+00
1.028000e+00 0.000000e+00 -5.277691e+03 -3.771296e+03 0.000000e+00 0.000000e+00 0.000000e+00 -4.561991e+02 -4.560570e+02 2.057383e+03 1.144620e+03 0.000000e+00 0.000000e+00 0.000000e+00 0.000000e+00 0.000000e+00 0.000000e+00 0.000000e+00 0.000000e+00 0.000000e+00
1.029000e+00 0.000000e+00 -5.270752e+03 -3.763039e+03 0.000000e+00 0.000000e+00 0.000000e+00 -4.557029e+02 -4.555539e+02 2.054497e+03 1.142402e+03 0.000000e+00 0.000000e+00 0.000000e+00 0.000000e+00 0.000000e+00 0.000000e+00 0.000000e+00 0.000000e+00 0.000000e+00
1.030000e+00 0.000000e+00 -5.264016e+03 -3.755136e+03 0.000000e+00 0.000000e+00 0.000000e+00 -4.552366e+02 -4.550801e+02 2.051657e+03 1.140264e+03 0.000000e+00 0.000000e+00 0.000000e+00 0.000000e+00 0.000000e+00 0.000000e+00 0.000000e+00 0.000000e+00 0.000000e+00
1.031000e+00 0.000000e+00 -5.257487e+03 -3.747589e+03 0.000000e+00 0.000000e+00 0.000000e+00 -4.548004e+02 -4.546358e+02 2.048863e+03 1.138205e+03 0.000000e+00 0.000000e+00 0.000000e+00 0.000000e+00 0.000000e+00 0.000000e+00 0.000000e+00 0.000000e+00 0.000000e+00
1.032000e+00 0.000000e+00 -5.251168e+03 -3.740399e+03 0.000000e+00 0.000000e+00 0.000000e+00 -4.543942e+02 -4.542211e+02 2.046117e+03 1.136226e+03 0.000000e+00 0.000000e+00 0.000000e+00 0.000000e+00 0.000000e+00 0.000000e+00 0.000000e+00 0.000000e+00 0.000000e+00
1.033000e+00 0.000000e+00 -5.245060e+03 -3.733569e+03 0.000000e+00 0.000000e+00 0.000000e+00 -4.540183e+02 -4.538361e+02 2.043419e+03 1.134329e+03 0.000000e+00 0.000000e+00 0.000000e+00 0.000000e+00 0.000000e+00 0.000000e+00 0.000000e+00 0.000000e+00 0.000000e+00
1.034000e+00 0.000000e+00 -5.239167e+03 -3.727099e+03 0.000000e+00 0.000000e+00 0.000000e+00 -4.536728e+02 -4.534810e+02 2.040769e+03 1.132513e+03 0.000000e+00 0.000000e+00 0.000000e+00 0.000000e+00 0.000000e+00 0.000000e+00 0.000000e+00 0.000000e+00 0.000000e+00
1.035000e+00 0.000000e+00 -5.233491e+03 -3.720990e+03 0.000000e+00 0.000000e+00 0.000000e+00 -4.533575e+02 -4.531557e+02 2.038169e+03 1.130779e+03 0.000000e+00 0.000000e+00 0.000000e+00 0.000000e+00 0.000000e+00 0.000000e+00 0.000000e+00 0.000000e+00 0.000000e+00
1.036000e+00 0.000000e+00 -5.228033e+03 -3.715243e+03 0.000000e+00 0.000000e+00 0.000000e+00 -4.530727e+02 -4.528603e+02 2.035620e+03 1.129127e+03 0.000000e+00 0.000000e+00 0.000000e+00 0.000000e+00 0.000000e+00 0.000000e+00 0.000000e+00 0.000000e+00 0.000000e+00
1.037000e+00 0.000000e+00 -5.222797e+03 -3.709860e+03 0.000000e+00 0.000000e+00 0.000000e+00 -4.528183e+02 -4.525948e+02 2.033121e+03 1.127558e+03 0.000000e+00 0.000000e+00 0.000000e+00 0.000000e+00 0.000000e+00 0.000000e+00 0.000000e+00 0.000000e+00 0.000000e+00
1.038000e+00 0.000000e+00 -5.217783e+03 -3.704840e+03 0.000000e+00 0.000000e+00 0.000000e+00 -4.525942e+02 -4.523593e+02 2.030673e+03 1.126072e+03 0.000000e+00 0.000000e+00 0.000000e+00 0.000000e+00 0.000000e+00 0.000000e+00 0.000000e+00 0.000000e+00 0.000000e+00
1.039000e+00 0.000000e+00 -5.212995e+03 -3.700184e+03 0.000000e+00 0.000000e+00 0.000000e+00 -4.524005e+02 -4.521536e+02 2.028277e+03 1.124669e+03 0.000000e+00 0.000000e+00 0.000000e+00 0.000000e+00 0.000000e+00 0.000000e+00 0.000000e+00 0.000000e+00 0.000000e+00
1.040000e+00 0.000000e+00 -5.208433e+03 -3.695893e+03 0.000000e+00 0.000000e+00 0.000000e+00 -4.522370e+02 -4.519777e+02 2.025934e+03 1.123349e+03 0.000000e+00 0.000000e+00 0.000000e+00 0.000000e+00 0.000000e+00 0.000000e+00 0.000000e+00 0.000000e+00 0.000000e+00
1.041000e+00 0.000000e+00 -5.204100e+03 -3.691966e+03 0.000000e+00 0.000000e+00 0.000000e+00 -4.521038e+02 -4.518316e+02 2.023644e+03 1.122112e+03 0.000000e+00 0.000000e+00 0.000000e+00 0.000000e+00 0.000000e+00 0.000000e+00 0.000000e+00 0.000000e+00 0.000000e+00
1.042000e+00 0.000000e+00 -5.199996e+03 -3.688405e+03 0.000000e+00 0.000000e+00 0.000000e+00 -4.520006e+02 -4.517151e+02 2.021407e+03 1.120958e+03 0.000000e+00 0.000000e+00 0.000000e+00 0.000000e+00 0.000000e+00 0.000000e+00 0.000000e+00 0.000000e+00 0.000000e+00
1.043000e+00 0.000000e+00 -5.196124e+03 -3.685208e+03 0.000000e+00 0.000000e+00 0.000000e+00 -4.519274e+02 -4.516282e+02 2.019223e+03 1.119887e+03 0.000000e+00 0.000000e+00 0.000000e+00 0.000000e+00 0.000000e+00 0.000000e+00 0.000000e+00 0.000000e+00 0.000000e+00
1.044000e+00 0.000000e+00 -5.192484e+03 -3.682376e+03 0.000000e+00 0.000000e+00 0.000000e+00 -4.518840e+02 -4.515707e+02 2.017094e+03 1.118900e+03 0.000000e+00 0.000000e+00 0.000000e+00 0.000000e+00 0.000000e+00 0.000000e+00 0.000000e+00 0.000000e+00 0.000000e+00
1.045000e+00 0.000000e+00 -5.189077e+03 -3.679908e+03 0.000000e+00 0.000000e+00 0.000000e+00 -4.518703e+02 -4.515424e+02 2.015019e+03 1.117995e+03 0.000000e+00 0.000000e+00 0.000000e+00 0.000000e+00 0.000000e+00 0.000000e+00 0.000000e+00 0.000000e+00 0.000000e+00
1.046000e+00 0.000000e+00 -5.185905e+03 -3.677804e+03 0.000000e+00 0.000000e+00 0.000000e+00 -4.518860e+02 -4.515432e+02 2.012999e+03 1.117172e+03 0.000000e+00 0.000000e+00 0.000000e+00 0.000000e+00 0.000000e+00 0.000000e+00 0.000000e+00 0.000000e+00 0.000000e+00
1.047000e+00 0.000000e+00 -5.182969e+03 -3.676063e+03 0.000000e+00 0.000000e+00 0.000000e+00 -4.519310e+02 -4.515728e+02 2.011033e+03 1.116432e+03 0.000000e+00 0.000000e+00 0.000000e+00 0.000000e+00 0.000000e+00 0.000000e+00 0.000000e+00 0.000000e+00 0.000000e+00
1.048000e+00 0.000000e+00 -5.180269e+03 -3.674685e+03 0.000000e+00 0.000000e+00 0.000000e+00 -4.520050e+02 -4.516311e+02 2.009122e+03 1.115774e+03 0.000000e+00 0.000000e+00 0.000000e+00 0.000000e+00 0.000000e+00 0.000000e+00 0.000000e+00 0.000000e+00 0.000000e+00
1.049000e+00 0.000000e+00 -5.177806e+03 -3.673670e+03 0.000000e+00 0.000000e+00 0.000000e+00 -4.521078e+02 -4.517179e+02 2.007267e+03 1.115197e+03 0.000000e+00 0.000000e+00 0.000000e+00 0.000000e+00 0.000000e+00 0.000000e+00 0.000000e+00 0.000000e+00 0.000000e+00
1.050000e+00 0.000000e+00 -5.175581e+03 -3.673015e+03 0.000000e+00 0.000000e+00 0.000000e+00 -4.522391e+02 -4.518328e+02 2.005467e+03 1.114701e+03 0.000000e+00 0.000000e+00 0.000000e+00 0.000000e+00 0.000000e+00 0.000000e+00 0.000000e+00 0.000000e+00 0.000000e+00
1.051000e+00 0.000000e+00 -5.173595e+03 -3.672720e+03 0.000000e+00 0.000000e+00 0.000000e+00 -4.523986e+02 -4.519756e+02 2.003723e+03 1.114286e+03 0.000000e+00 0.000000e+00 0.000000e+00 0.000000e+00 0.000000e+00 0.000000e+00 0.000000e+00 0.000000e+00 0.000000e+00
1.052000e+00 0.000000e+00 -5.171847e+03 -3.672785e+03 0.000000e+00 0.000000e+00 0.000000e+00 -4.525862e+02 -4.521461e+02 2.002034e+03 1.113951e+03 0.000000e+00 0.000000e+00 0.000000e+00 0.000000e+00 0.000000e+00 0.000000e+00 0.000000e+00 0.000000e+00 0.000000e+00
1.053000e+00 0.000000e+00 -5.170339e+03 -3.673208e+03 0.000000e+00 0.000000e+00 0.000000e+00 -4.528014e+02 -4.523439e+02 2.000400e+03 1.113695e+03 0.000000e+00 0.000000e+00 0.000000e+00 0.000000e+00 0.000000e+00 0.000000e+00 0.000000e+00 0.000000e+00 0.000000e+00
1.054000e+00 0.000000e+00 -5.169070e+03 -3.673987e+03 0.000000e+00 0.000000e+00 0.000000e+00 -4.530439e+02 -4.525687e+02 1.998823e+03 1.113518e+03 0.000000e+00 0.000000e+00 0.000000e+00 0.000000e+00 0.000000e+00 0.000000e+00 0.000000e+00 0.000000e+00 0.000000e+00
1.055000e+00 0.000000e+00 -5.168041e+03 -3.675122e+03 0.000000e+00 0.000000e+00 0.000000e+00 -4.533134e+02 -4.528202e+02 1.997301e+03 1.113419e+03 0.000000e+00 0.000000e+00 0.000000e+00 0.000000e+00 0.000000e+00 0.000000e+00 0.000000e+00 0.000000e+00 0.000000e+00
1.056000e+00 0.000000e+00 -5.167252e+03 -3.676611e+03 0.000000e+00 0.000000e+00 0.000000e+00 -4.536096e+02 -4.530981e+02 1.995834e+03 1.113397e+03 0.000000e+00 0.000000e+00 0.000000e+00 0.000000e+00 0.000000e+00 0.000000e+00 0.000000e+00 0.000000e+00 0.000000e+00
1.057000e+00 0.000000e+00 -5.166702e+03 -3.678452e+03 0.000000e+00 0.000000e+00 0.000000e+00 -4.539321e+02 -4.534020e+02 1.994423e+03 1.113452e+03 0.000000e+00 0.000000e+00 0.000000e+00 0.000000e+00 0.000000e+00 0.000000e+00 0.000000e+00 0.000000e+00 0.000000e+00
1.058000e+00 0.000000e+00 -5.166392e+03 -3.680644e+03 0.000000e+00 0.000000e+00 0.000000e+00 -4.542804e+02 -4.537315e+02 1.993067e+03 1.113583e+03 0.000000e+00 0.000000e+00 0.000000e+00 0.000000e+00 0.000000e+00 0.000000e+00 0.000000e+00 0.000000e+00 0.000000e+00
1.059000e+00 0.000000e+00 -5.166322e+03 -3.683184e+03 0.000000e+00 0.000000e+00 0.000000e+00 -4.546542e+02 -4.540862e+02 1.991766e+03 1.113788e+03 0.000000e+00 0.000000e+00 0.000000e+00 0.000000e+00 0.000000e+00 0.000000e+00 0.000000e+00 0.000000e+00 0.000000e+00
1.060000e+00 0.000000e+00 -5.166491e+03 -3.686072e+03 0.000000e+00 0.000000e+00 0.000000e+00 -4.550530e+02 -4.544658e+02 1.990521e+03 1.114068e+03 0.000000e+00 0.000000e+00 0.000000e+00 0.000000e+00 0.000000e+00 0.000000e+00 0.000000e+00 0.000000e+00 0.000000e+00
1.061000e+00 0.000000e+00 -5.166898e+03 -3.689305e+03 0.000000e+00 0.000000e+00 0.000000e+00 -4.554765e+02 -4.548697e+02 1.989330e+03 1.114420e+03 0.000000e+00 0.000000e+00 0.000000e+00 0.000000e+00 0.000000e+00 0.000000e+00 0.000000e+00 0.000000e+00 0.000000e+00
1.062000e+00 0.000000e+00 -5.167545e+03 -3.692880e+03 0.000000e+00 0.000000e+00 0.000000e+00 -4.559242e+02 -4.552976e+02 1.988195e+03 1.114845e+03 0.000000e+00 0.000000e+00 0.000000e+00 0.000000e+00 0.000000e+00 0.000000e+00 0.000000e+00 0.000000e+00 0.000000e+00
1.063000e+00 0.000000e+00 -5.168429e+03 -3.696797e+03 0.000000e+00 0.000000e+00 0.000000e+00 -4.563955e+02 -4.557490e+02 1.987113e+03 1.115340e+03 0.000000e+00 0.000000e+00 0.000000e+00 0.000000e+00 0.000000e+00 0.000000e+00 0.000000e+00 0.000000e+00 0.000000e+00
1.064000e+00 0.000000e+00 -5.169551e+03 -3.701052e+03 0.000000e+00 0.000000e+00 0.000000e+00 -4.568902e+02 -4.562234e+02 1.986086e+03 1.115905e+03 0.000000e+00 0.000000e+00 0.000000e+00 0.000000e+00 0.000000e+00 0.000000e+00 0.000000e+00 0.000000e+00 0.000000e+00
1.065000e+00 0.000000e+00 -5.170909e+03 -3.705643e+03 0.000000e+00 0.000000e+00 0.000000e+00 -4.574075e+02 -4.567204e+02 1.985113e+03 1.116540e+03 0.000000e+00 0.000000e+00 0.000000e+00 0.000000e+00 0.000000e+00 0.000000e+00 0.000000e+00 0.000000e+00 0.000000e+00
1.066000e+00 0.000000e+00 -5.172503e+03 -3.710568e+03 0.000000e+00 0.000000e+00 0.000000e+00 -4.579471e+02 -4.572394e+02 1.984193e+03 1.117241e+03 0.000000e+00 0.000000e+00 0.000000e+00 0.000000e+00 0.000000e+00 0.000000e+00 0.000000e+00 0.000000e+00 0.000000e+00
1.067000e+00 0.000000e+00 -5.174333e+03 -3.715824e+03 0.000000e+00 0.000000e+00 0.000000e+00 -4.585084e+02 -4.577800e+02 1.983327e+03 1.118010e+03 0.000000e+00 0.000000e+00 0.000000e+00 0.000000e+00 0.000000e+00 0.000000e+00 0.000000e+00 0.000000e+00 0.000000e+00
1.068000e+00 0.000000e+00 -5.176397e+03 -3.721410e+03 0.000000e+00 0.000000e+00 0.000000e+00 -4.590910e+02 -4.583417e+02 1.982513e+03 1.118843e+03 0.000000e+00 0.000000e+00 0.000000e+00 0.000000e+00 0.000000e+00 0.000000e+00 0.000000e+00 0.000000e+00 0.000000e+00
1.069000e+00 0.000000e+00 -5.178695e+03 -3.727321e+03 0.000000e+00 0.000000e+00 0.000000e+00 -4.596942e+02 -4.589240e+02 1.981752e+03 1.119741e+03 0.000000e+00 0.000000e+00 0.000000e+00 0.000000e+00 0.000000e+00 0.000000e+00 0.000000e+00 0.000000e+00 0.000000e+00
1.070000e+00 0.000000e+00 -5.181224e+03 -3.733556e+03 0.000000e+00 0.000000e+00 0.000000e+00 -4.603175e+02 -4.595262e+02 1.981043e+03 1.120701e+03 0.000000e+00 0.000000e+00 0.000000e+00 0.000000e+00 0.000000e+00 0.000000e+00 0.000000e+00 0.000000e+00 0.000000e+00
1.071000e+00 0.000000e+00 -5.183986e+03 -3.740111e+03 0.000000e+00 0.000000e+00 0.000000e+00 -4.609605e+02 -4.601479e+02 1.980386e+03 1.121723e+03 0.000000e+00 0.000000e+00 0.000000e+00 0.000000e+00 0.000000e+00 0.000000e+00 0.000000e+00 0.000000e+00 0.000000e+00
1.072000e+00 0.000000e+00 -5.186977e+03 -3.746985e+03 0.000000e+00 0.000000e+00 0.000000e+00 -4.616224e+02 -4.607885e+02 1.979780e+03 1.122804e+03 0.000000e+00 0.000000e+00 0.000000e+00 0.000000e+00 0.000000e+00 0.000000e+00 0.000000e+00 0.000000e+00 0.000000e+00
1.073000e+00 0.000000e+00 -5.190198e+03 -3.754174e+03 0.000000e+00 0.000000e+00 0.000000e+00 -4.623029e+02 -4.614476e+02 1.979225e+03 1.123945e+03 0.000000e+00 0.000000e+00 0.000000e+00 0.000000e+00 0.000000e+00 0.000000e+00 0.000000e+00 0.000000e+00 0.000000e+00
1.074000e+00 0.000000e+00 -5.193646e+03 -3.761675e+03 0.000000e+00 0.000000e+00 0.000000e+00 -4.630012e+02 -4.621244e+02 1.978720e+03 1.125143e+03 0.000000e+00 0.000000e+00 0.000000e+00 0.000000e+00 0.000000e+00 0.000000e+00 0.000000e+00 0.000000e+00 0.000000e+00
1.075000e+00 0.000000e+00 -5.197321e+03 -3.769485e+03 0.000000e+00 0.000000e+00 0.000000e+00 -4.637168e+02 -4.628185e+02 1.978266e+03 1.126398e+03 0.000000e+00 0.000000e+00 0.000000e+00 0.000000e+00 0.000000e+00 0.000000e+00 0.000000e+00 0.000000e+00 0.000000e+00
1.076000e+00 0.000000e+00 -5.201221e+03 -3.777601e+03 0.000000e+00 0.000000e+00 0.000000e+00 -4.644492e+02 -4.635292e+02 1.977860e+03 1.127707e+03 0.000000e+00 0.000000e+00 0.000000e+00 0.000000e+00 0.000000e+00 0.000000e+00 0.000000e+00 0.000000e+00 0.000000e+00
1.077000e+00 0.000000e+00 -5.205345e+03 -3.786021e+03 0.000000e+00 0.000000e+00 0.000000e+00 -4.651977e+02 -4.642560e+02 1.977504e+03 1.129069e+03 0.000000e+00 0.000000e+00 0.000000e+00 0.000000e+00 0.000000e+00 0.000000e+00 0.000000e+00 0.000000e+00 0.000000e+00
1.078000e+00 0.000000e+00 -5.209691e+03 -3.794740e+03 0.000000e+00 0.000000e+00 0.000000e+00 -4.659617e+02 -4.649983e+02 1.977196e+03 1.130483e+03 0.000000e+00 0.000000e+00 0.000000e+00 0.000000e+00 0.000000e+00 0.000000e+00 0.000000e+00 0.000000e+00 0.000000e+00
1.079000e+00 0.000000e+00 -5.214258e+03 -3.803756e+03 0.000000e+00 0.000000e+00 0.000000e+00 -4.667405e+02 -4.657555e+02 1.976935e+03 1.131947e+03 0.000000e+00 0.000000e+00 0.000000e+00 0.000000e+00 0.000000e+00 0.000000e+00 0.000000e+00 0.000000e+00 0.000000e+00
1.080000e+00 0.000000e+00 -5.219044e+03 -3.813066e+03 0.000000e+00 0.000000e+00 0.000000e+00 -4.675337e+02 -4.665269e+02 1.976722e+03 1.133460e+03 0.000000e+00 0.000000e+00 0.000000e+00 0.000000e+00 0.000000e+00 0.000000e+00 0.000000e+00 0.000000e+00 0.000000e+00
1.081000e+00 0.000000e+00 -5.224048e+03 -3.822665e+03 0.000000e+00 0.000000e+00 0.000000e+00 -4.683405e+02 -4.673120e+02 1.976556e+03 1.135020e+03 0.000000e+00 0.000000e+00 0.000000e+00 0.000000e+00 0.000000e+00 0.000000e+00 0.000000e+00 0.000000e+00 0.000000e+00
1.082000e+00 0.000000e+00 -5.229268e+03 -3.832552e+03 0.000000e+00 0.000000e+00 0.000000e+00 -4.691603e+02 -4.681101e+02 1.976435e+03 1.136626e+03 0.000000e+00 0.000000e+00 0.000000e+00 0.000000e+00 0.000000e+00 0.000000e+00 0.000000e+00 0.000000e+00 0.000000e+00
1.083000e+00 0.000000e+00 -5.234702e+03 -3.842722e+03 0.000000e+00 0.000000e+00 0.000000e+00 -4.699925e+02 -4.689206e+02 1.976360e+03 1.138277e+03 0.000000e+00 0.000000e+00 0.000000e+00 0.000000e+00 0.000000e+00 0.000000e+00 0.000000e+00 0.000000e+00 0.000000e+00
1.084000e+00 0.000000e+00 -5.240349e+03 -3.853171e+03 0.000000e+00 0.000000e+00 0.000000e+00 -4.708365e+02 -4.697429e+02 1.976330e+03 1.139970e+03 0.000000e+00 0.000000e+00 0.000000e+00 0.000000e+00 0.000000e+00 0.000000e+00 0.000000e+00 0.000000e+00 0.000000e+00
1.085000e+00 0.000000e+00 -5.246206e+03 -3.863898e+03 0.000000e+00 0.000000e+00 0.000000e+00 -4.716915e+02 -4.705763e+02 1.976344e+03 1.141704e+03 0.000000e+00 0.000000e+00 0.000000e+00 0.000000e+00 0.000000e+00 0.000000e+00 0.000000e+00 0.000000e+00 0.000000e+00
1.086000e+00 0.000000e+00 -5.252272e+03 -3.874897e+03 0.000000e+00 0.000000e+00 0.000000e+00 -4.725569e+02 -4.714202e+02 1.976402e+03 1.143477e+03 0.000000e+00 0.000000e+00 0.000000e+00 0.000000e+00 0.000000e+00 0.000000e+00 0.000000e+00 0.000000e+00 0.000000e+00
1.087000e+00 0.000000e+00 -5.258545e+03 -3.886165e+03 0.000000e+00 0.000000e+00 0.000000e+00 -4.734322e+02 -4.722740e+02 1.976502e+03 1.145288e+03 0.000000e+00 0.000000e+00 0.000000e+00 0.000000e+00 0.000000e+00 0.000000e+00 0.000000e+00 0.000000e+00 0.000000e+00
1.088000e+00 0.000000e+00 -5.265023e+03 -3.897699e+03 0.000000e+00 0.000000e+00 0.000000e+00 -4.743165e+02 -4.731370e+02 1.976645e+03 1.147136e+03 0.000000e+00 0.000000e+00 0.000000e+00 0.000000e+00 0.000000e+00 0.000000e+00 0.000000e+00 0.000000e+00 0.000000e+00
1.089000e+00 0.000000e+00 -5.271703e+03 -3.909495e+03 0.000000e+00 0.000000e+00 0.000000e+00 -4.752093e+02 -4.740085e+02 1.976829e+03 1.149018e+03 0.000000e+00 0.000000e+00 0.000000e+00 0.000000e+00 0.000000e+00 0.000000e+00 0.000000e+00 0.000000e+00 0.000000e+00
1.090000e+00 0.000000e+00 -5.278585e+03 -3.921550e+03 0.000000e+00 0.000000e+00 0.000000e+00 -4.761100e+02 -4.748880e+02 1.977054e+03 1.150934e+03 0.000000e+00 0.000000e+00 0.000000e+00 0.000000e+00 0.000000e+00 0.000000e+00 0.000000e+00 0.000000e+00 0.000000e+00
1.091000e+00 0.000000e+00 -5.285666e+03 -3.933859e+03 0.000000e+00 0.000000e+00 0.000000e+00 -4.770177e+02 -4.757747e+02 1.977319e+03 1.152880e+03 0.000000e+00 0.000000e+00 0.000000e+00 0.000000e+00 0.000000e+00 0.000000e+00 0.000000e+00 0.000000e+00 0.000000e+00
1.092000e+00 0.000000e+00 -5.292944e+03 -3.946420e+03 0.000000e+00 0.000000e+00 0.000000e+00 -4.779320e+02 -4.766681e+02 1.977624e+03 1.154857e+03 0.000000e+00 0.000000e+00 0.000000e+00 0.000000e+00 0.000000e+00 0.000000e+00 0.000000e+00 0.000000e+00 0.000000e+00
1.093000e+00 0.000000e+00 -5.300416e+03 -3.959228e+03 0.000000e+00 0.000000e+00 0.000000e+00 -4.788521e+02 -4.775674e+02 1.977968e+03 1.156862e+03 0.000000e+00 0.000000e+00 0.000000e+00 0.000000e+00 0.000000e+00 0.000000e+00 0.000000e+00 0.000000e+00 0.000000e+00
1.094000e+00 0.000000e+00 -5.308081e+03 -3.972280e+03 0.000000e+00 0.000000e+00 0.000000e+00 -4.797773e+02 -4.784720e+02 1.978349e+03 1.158893e+03 0.000000e+00 0.000000e+00 0.000000e+00 0.000000e+00 0.000000e+00 0.000000e+00 0.000000e+00 0.000000e+00 0.000000e+00
1.095000e+00 0.000000e+00 -5.315937e+03 -3.985572e+03 0.000000e+00 0.000000e+00 0.000000e+00 -4.807071e+02 -4.793813e+02 1.978768e+03 1.160949e+03 0.000000e+00 0.000000e+00 0.000000e+00 0.000000e+00 0.000000e+00 0.000000e+00 0.000000e+00 0.000000e+00 0.000000e+00
1.096000e+00 0.000000e+00 -5.323981e+03 -3.999100e+03 0.000000e+00 0.000000e+00 0.000000e+00 -4.816407e+02 -4.802947e+02 1.979224e+03 1.163029e+03 0.000000e+00 0.000000e+00 0.000000e+00 0.000000e+00 0.000000e+00 0.000000e+00 0.000000e+00 0.000000e+00 0.000000e+00
1.097000e+00 0.000000e+00 -5.332210e+03 -4.012860e+03 0.000000e+00 0.000000e+00 0.000000e+00 -4.825774e+02 -4.812113e+02 1.979715e+03 1.165130e+03 0.000000e+00 0.000000e+00 0.000000e+00 0.000000e+00 0.000000e+00 0.000000e+00 0.000000e+00 0.000000e+00 0.000000e+00
1.098000e+00 0.000000e+00 -5.340624e+03 -4.026849e+03 0.000000e+00 0.000000e+00 0.000000e+00 -4.835167e+02 -4.821307e+02 1.980242e+03 1.167251e+03 0.000000e+00 0.000000e+00 0.000000e+00 0.000000e+00 0.000000e+00 0.000000e+00 0.000000e+00 0.000000e+00 0.000000e+00
1.099000e+00 0.000000e+00 -5.349218e+03 -4.041063e+03 0.000000e+00 0.000000e+00 0.000000e+00 -4.844578e+02 -4.830521e+02 1.980803e+03 1.169391e+03 0.000000e+00 0.000000e+00 0.000000e+00 0.000000e+00 0.000000e+00 0.000000e+00 0.000000e+00 0.000000e+00 0.000000e+00
1.100000e+00 0.000000e+00 -5.357992e+03 -4.055498e+03 0.000000e+00 0.000000e+00 0.000000e+00 -4.854001e+02 -4.839749e+02 1.981398e+03 1.171547e+03 0.000000e+00 0.000000e+00 0.000000e+00 0.000000e+00 0.000000e+00 0.000000e+00 0.000000e+00 0.000000e+00 0.000000e+00
1.101000e+00 0.000000e+00 -5.366943e+03 -4.070150e+03 0.000000e+00 0.000000e+00 0.000000e+00 -4.863429e+02 -4.848985e+02 1.982026e+03 1.173718e+03 0.000000e+00 0.000000e+00 0.000000e+00 0.000000e+00 0.000000e+00 0.000000e+00 0.000000e+00 0.000000e+00 0.000000e+00
1.102000e+00 0.000000e+00 -5.376067e+03 -4.085015e+03 0.000000e+00 0.000000e+00 0.000000e+00 -4.872856e+02 -4.858221e+02 1.982685e+03 1.175902e+03 0.000000e+00 0.000000e+00 0.000000e+00 0.000000e+00 0.000000e+00 0.000000e+00 0.000000e+00 0.000000e+00 0.000000e+00
1.103000e+00 0.000000e+00 -5.385364e+03 -4.100089e+03 0.000000e+00 0.000000e+00 0.000000e+00 -4.882274e+02 -4.867453e+02 1.983377e+03 1.178099e+03 0.000000e+00 0.000000e+00 0.000000e+00 0.000000e+00 0.000000e+00 0.000000e+00 0.000000e+00 0.000000e+00 0.000000e+00
1.104000e+00 0.000000e+00 -5.394830e+03 -4.115368e+03 0.000000e+00 0.000000e+00 0.000000e+00 -4.891678e+02 -4.876672e+02 1.984098e+03 1.180305e+03 0.000000e+00 0.000000e+00 0.000000e+00 0.000000e+00 0.000000e+00 0.000000e+00 0.000000e+00 0.000000e+00 0.000000e+00
1.105000e+00 0.000000e+00 -5.404463e+03 -4.130849e+03 0.000000e+00 0.000000e+00 0.000000e+00 -4.901062e+02 -4.885873e+02 1.984850e+03 1.182520e+03 0.000000e+00 0.000000e+00 0.000000e+00 0.000000e+00 0.000000e+00 0.000000e+00 0.000000e+00 0.000000e+00 0.000000e+00
1.106000e+00 0.000000e+00 -5.414260e+03 -4.146528e+03 0.000000e+00 0.000000e+00 0.000000e+00 -4.910417e+02 -4.895049e+02 1.985631e+03 1.184742e+03 0.000000e+00 0.000000e+00 0.000000e+00 0.000000e+00 0.000000e+00 0.000000e+00 0.000000e+00 0.000000e+00 0.000000e+00
1.107000e+00 0.000000e+00 -5.424219e+03 -4.162401e+03 0.000000e+00 0.000000e+00 0.000000e+00 -4.919739e+02 -4.904194e+02 1.986440e+03 1.186969e+03 0.000000e+00 0.000000e+00 0.000000e+00 0.000000e+00 0.000000e+00 0.000000e+00 0.000000e+00 0.000000e+00 0.000000e+00
1.108000e+00 0.000000e+00 -5.434337e+03 -4.178463e+03 0.000000e+00 0.000000e+00 0.000000e+00 -4.929020e+02 -4.913302e+02 1.987277e+03 1.189200e+03 0.000000e+00 0.000000e+00 0.000000e+00 0.000000e+00 0.000000e+00 0.000000e+00 0.000000e+00 0.000000e+00 0.000000e+00
1.109000e+00 0.000000e+00 -5.444613e+03 -4.194711e+03 0.000000e+00 0.000000e+00 0.000000e+00 -4.938255e+02 -4.922366e+02 1.988141e+03 1.191433e+03 0.000000e+00 0.000000e+00 0.000000e+00 0.000000e+00 0.000000e+00 0.000000e+00 0.000000e+00 0.000000e+00 0.000000e+00
1.110000e+00 0.000000e+00 -5.455042e+03 -4.211141e+03 0.000000e+00 0.000000e+00 0.000000e+00 -4.947437e+02 -4.931381e+02 1.989030e+03 1.193666e+03 0.000000e+00 0.000000e+00 0.000000e+00 0.000000e+00 0.000000e+00 0.000000e+00 0.000000e+00 0.000000e+00 0.000000e+00
1.111000e+00 0.000000e+00 -5.465623e+03 -4.227749e+03 0.000000e+00 0.000000e+00 0.000000e+00 -4.956560e+02 -4.940339e+02 1.989945e+03 1.195899e+03 0.000000e+00 0.000000e+00 0.000000e+00 0.000000e+00 0.000000e+00 0.000000e+00 0.000000e+00 0.000000e+00 0.000000e+00
1.112000e+00 0.000000e+00 -5.476353e+03 -4.244531e+03 0.000000e+00 0.000000e+00 0.000000e+00 -4.965617e+02 -4.949236e+02 1.990884e+03 1.198128e+03 0.000000e+00 0.000000e+00 0.000000e+00 0.000000e+00 0.000000e+00 0.000000e+00 0.000000e+00 0.000000e+00 0.000000e+00
1.113000e+00 0.000000e+00 -5.487229e+03 -4.261484e+03 0.000000e+00 0.000000e+00 0.000000e+00 -4.974603e+02 -4.958064e+02 1.991847e+03 1.200354e+03 0.000000e+00 0.000000e+00 0.000000e+00 0.000000e+00 0.000000e+00 0.000000e+00 0.000000e+00 0.000000e+00 0.000000e+00
1.114000e+00 0.000000e+00 -5.498249e+03 -4.278603e+03 0.000000e+00 0.000000e+00 0.000000e+00 -4.983511e+02 -4.966819e+02 1.992833e+03 1.202574e+03 0.000000e+00 0.000000e+00 0.000000e+00 0.000000e+00 0.000000e+00 0.000000e+00 0.000000e+00 0.000000e+00 0.000000e+00
1.115000e+00 0.000000e+00 -5.509410e+03 -4.295885e+03 0.000000e+00 0.000000e+00 0.000000e+00 -4.992336e+02 -4.975493e+02 1.993841e+03 1.204787e+03 0.000000e+00 0.000000e+00 0.000000e+00 0.000000e+00 0.000000e+00 0.000000e+00 0.000000e+00 0.000000e+00 0.000000e+00
1.116000e+00 0.000000e+00 -5.520709e+03 -4.313325e+03 0.000000e+00 0.000000e+00 0.000000e+00 -5.001070e+02 -4.984081e+02 1.994871e+03 1.206991e+03 0.000000e+00 0.000000e+00 0.000000e+00 0.000000e+00 0.000000e+00 0.000000e+00 0.000000e+00 0.000000e+00 0.000000e+00
1.117000e+00 0.000000e+00 -5.532143e+03 -4.330919e+03 0.000000e+00 0.000000e+00 0.000000e+00 -5.009710e+02 -4.992577e+02 1.995921e+03 1.209184e+03 0.000000e+00 0.000000e+00 0.000000e+00 0.000000e+00 0.000000e+00 0.000000e+00 0.000000e+00 0.000000e+00 0.000000e+00
1.118000e+00 0.000000e+00 -5.543710e+03 -4.348665e+03 0.000000e+00 0.000000e+00 0.000000e+00 -5.018248e+02 -5.000976e+02 1.996991e+03 1.211366e+03 0.000000e+00 0.000000e+00 0.000000e+00 0.000000e+00 0.000000e+00 0.000000e+00 0.000000e+00 0.000000e+00 0.000000e+00
1.119000e+00 0.000000e+00 -5.555407e+03 -4.366557e+03 0.000000e+00 0.000000e+00 0.000000e+00 -5.026679e+02 -5.009272e+02 1.998080e+03 1.213535e+03 0.000000e+00 0.000000e+00 0.000000e+00 0.000000e+00 0.000000e+00 0.000000e+00 0.000000e+00 0.000000e+00 0.000000e+00
1.120000e+00 0.000000e+00 -5.567231e+03 -4.384593e+03 0.000000e+00 0.000000e+00 0.000000e+00 -5.034997e+02 -5.017459e+02 1.999187e+03 1.215689e+03 0.000000e+00 0.000000e+00 0.000000e+00 0.000000e+00 0.000000e+00 0.000000e+00 0.000000e+00 0.000000e+00 0.000000e+00
1.121000e+00 0.000000e+00 -5.579180e+03 -4.402767e+03 0.000000e+00 0.000000e+00 0.000000e+00 -5.043196e+02 -5.025531e+02 2.000312e+03 1.217827e+03 0.000000e+00 0.000000e+00 0.000000e+00 0.000000e+00 0.000000e+00 0.000000e+00 0.000000e+00 0.000000e+00 0.000000e+00
1.122000e+00 0.000000e+00 -5.591250e+03 -4.421077e+03 0.000000e+00 0.000000e+00 0.000000e+00 -5.051272e+02 -5.033483e+02 2.001453e+03 1.219948e+03 0.000000e+00 0.000000e+00 0.000000e+00 0.000000e+00 0.000000e+00 0.000000e+00 0.000000e+00 0.000000e+00 0.000000e+00
1.123000e+00 0.000000e+00 -5.603439e+03 -4.439518e+03 0.000000e+00 0.000000e+00 0.000000e+00 -5.059218e+02 -5.041310e+02 2.002611e+03 1.222050e+03 0.000000e+00 0.000000e+00 0.000000e+00 0.000000e+00 0.000000e+00 0.000000e+00 0.000000e+00 0.000000e+00 0.000000e+00
1.124000e+00 0.000000e+00 -5.615744e+03 -4.458087e+03 0.000000e+00 0.000000e+00 0.000000e+00 -5.067029e+02 -5.049006e+02 2.003784e+03 1.224131e+03 0.000000e+00 0.000000e+00 0.000000e+00 0.000000e+00 0.000000e+00 0.000000e+00 0.000000e+00 0.000000e+00 0.000000e+00
1.125000e+00 0.000000e+00 -5.628162e+03 -4.476779e+03 0.000000e+00 0.000000e+00 0.000000e+00 -5.074700e+02 -5.056566e+02 2.004971e+03 1.226191e+03 0.000000e+00 0.000000e+00 0.000000e+00 0.000000e+00 0.000000e+00 0.000000e+00 0.000000e+00 0.000000e+00 0.000000e+00
1.126000e+00 0.000000e+00 -5.640691e+03 -4.495591e+03 0.000000e+00 0.000000e+00 0.000000e+00 -5.082225e+02 -5.063985e+02 2.006172e+03 1.228228e+03 0.000000e+00 0.000000e+00 0.000000e+00 0.000000e+00 0.000000e+00 0.000000e+00 0.000000e+00 0.000000e+00 0.000000e+00
1.127000e+00 0.000000e+00 -5.653326e+03 -4.514519e+03 0.000000e+00 0.000000e+00 0.000000e+00 -5.089601e+02 -5.071259e+02 2.007386e+03 1.230240e+03 0.000000e+00 0.000000e+00 0.000000e+00 0.000000e+00 0.000000e+00 0.000000e+00 0.000000e+00 0.000000e+00 0.000000e+00
1.128000e+00 0.000000e+00 -5.666067e+03 -4.533559e+03 0.000000e+00 0.000000e+00 0.000000e+00 -5.096820e+02 -5.078381e+02 2.008612e+03 1.232227e+03 0.000000e+00 0.000000e+00 0.000000e+00 0.000000e+00 0.000000e+00 0.000000e+00 0.000000e+00 0.000000e+00 0.000000e+00
1.129000e+00 0.000000e+00 -5.678908e+03 -4.552707e+03 0.000000e+00 0.000000e+00 0.000000e+00 -5.103879e+02 -5.085346e+02 2.009850e+03 1.234187e+03 0.000000e+00 0.000000e+00 0.000000e+00 0.000000e+00 0.000000e+00 0.000000e+00 0.000000e+00 0.000000e+00 0.000000e+00
1.130000e+00 0.000000e+00 -5.691849e+03 -4.571960e+03 0.000000e+00 0.000000e+00 0.000000e+00 -5.110773e+02 -5.092151e+02 2.011099e+03 1.236119e+03 0.000000e+00 0.000000e+00 0.000000e+00 0.000000e+00 0.000000e+00 0.000000e+00 0.000000e+00 0.000000e+00 0.000000e+00
1.131000e+00 0.000000e+00 -5.704885e+03 -4.591313e+03 0.000000e+00 0.000000e+00 0.000000e+00 -5.117497e+02 -5.098791e+02 2.012357e+03 1.238021e+03 0.000000e+00 0.000000e+00 0.000000e+00 0.000000e+00 0.000000e+00 0.000000e+00 0.000000e+00 0.000000e+00 0.000000e+00
1.132000e+00 0.000000e+00 -5.718013e+03 -4.610763e+03 0.000000e+00 0.000000e+00 0.000000e+00 -5.124046e+02 -5.105260e+02 2.013625e+03 1.239893e+03 0.000000e+00 0.000000e+00 0.000000e+00 0.000000e+00 0.000000e+00 0.000000e+00 0.000000e+00 0.000000e+00 0.000000e+00
1.133000e+00 0.000000e+00 -5.731232e+03 -4.630306e+03 0.000000e+00 0.000000e+00 0.000000e+00 -5.130415e+02 -5.111554e+02 2.014902e+03 1.241732e+03 0.000000e+00 0.000000e+00 0.000000e+00 0.000000e+00 0.000000e+00 0.000000e+00 0.000000e+00 0.000000e+00 0.000000e+00
1.134000e+00 0.000000e+00 -5.744538e+03 -4.649938e+03 0.000000e+00 0.000000e+00 0.000000e+00 -5.136601e+02 -5.117669e+02 2.016186e+03 1.243539e+03 0.000000e+00 0.000000e+00 0.000000e+00 0.000000e+00 0.000000e+00 0.000000e+00 0.000000e+00 0.000000e+00 0.000000e+00
1.135000e+00 0.000000e+00 -5.757928e+03 -4.669656e+03 0.000000e+00 0.000000e+00 0.000000e+00 -5.142598e+02 -5.123600e+02 2.017478e+03 1.245312e+03 0.000000e+00 0.000000e+00 0.000000e+00 0.000000e+00 0.000000e+00 0.000000e+00 0.000000e+00 0.000000e+00 0.000000e+00
1.136000e+00 0.000000e+00 -5.771398e+03 -4.689455e+03 0.000000e+00 0.000000e+00 0.000000e+00 -5.148403e+02 -5.129343e+02 2.018776e+03 1.247049e+03 0.000000e+00 0.000000e+00 0.000000e+00 0.000000e+00 0.000000e+00 0.000000e+00 0.000000e+00 0.000000e+00 0.000000e+00
1.137000e+00 0.000000e+00 -5.784947e+03 -4.709331e+03 0.000000e+00 0.000000e+00 0.000000e+00 -5.154011e+02 -5.134895e+02 2.020080e+03 1.248750e+03 0.000000e+00 0.000000e+00 0.000000e+00 0.000000e+00 0.000000e+00 0.000000e+00 0.000000e+00 0.000000e+00 0.000000e+00
1.138000e+00 0.000000e+00 -5.798571e+03 -4.729281e+03 0.000000e+00 0.000000e+00 0.000000e+00 -5.159418e+02 -5.140250e+02 2.021388e+03 1.250413e+03 0.000000e+00 0.000000e+00 0.000000e+00 0.000000e+00 0.000000e+00 0.000000e+00 0.000000e+00 0.000000e+00 0.000000e+00
1.139000e+00 0.000000e+00 -5.812267e+03 -4.749301e+03 0.000000e+00 0.000000e+00 0.000000e+00 -5.164621e+02 -5.145406e+02 2.022702e+03 1.252038e+03 0.000000e+00 0.000000e+00 0.000000e+00 0.000000e+00 0.000000e+00 0.000000e+00 0.000000e+00 0.000000e+00 0.000000e+00
1.140000e+00 0.000000e+00 -5.826032e+03 -4.769388e+03 0.000000e+00 0.000000e+00 0.000000e+00 -5.169615e+02 -5.150358e+02 2.024019e+03 1.253623e+03 0.000000e+00 0.000000e+00 0.000000e+00 0.000000e+00 0.000000e+00 0.000000e+00 0.000000e+00 0.000000e+00 0.000000e+00
1.141000e+00 0.000000e+00 -5.839863e+03 -4.789536e+03 0.000000e+00 0.000000e+00 0.000000e+00 -5.174397e+02 -5.155102e+02 2.025338e+03 1.255167e+03 0.000000e+00 0.000000e+00 0.000000e+00 0.000000e+00 0.000000e+00 0.000000e+00 0.000000e+00 0.000000e+00 0.000000e+00
1.142000e+00 0.000000e+00 -5.853757e+03 -4.809744e+03 0.000000e+00 0.000000e+00 0.000000e+00 -5.178964e+02 -5.159635e+02 2.026661e+03 1.256670e+03 0.000000e+00 0.000000e+00 0.000000e+00 0.000000e+00 0.000000e+00 0.000000e+00 0.000000e+00 0.000000e+00 0.000000e+00
1.143000e+00 0.000000e+00 -5.867712e+03 -4.830006e+03 0.000000e+00 0.000000e+00 0.000000e+00 -5.183311e+02 -5.163954e+02 2.027984e+03 1.258130e+03 0.000000e+00 0.000000e+00 0.000000e+00 0.000000e+00 0.000000e+00 0.000000e+00 0.000000e+00 0.000000e+00 0.000000e+00
1.144000e+00 0.000000e+00 -5.881724e+03 -4.850319e+03 0.000000e+00 0.000000e+00 0.000000e+00 -5.187436e+02 -5.168055e+02 2.029309e+03 1.259546e+03 0.000000e+00 0.000000e+00 0.000000e+00 0.000000e+00 0.000000e+00 0.000000e+00 0.000000e+00 0.000000e+00 0.000000e+00
1.145000e+00 0.000000e+00 -5.895790e+03 -4.870679e+03 0.000000e+00 0.000000e+00 0.000000e+00 -5.191335e+02 -5.171935e+02 2.030634e+03 1.260918e+03 0.000000e+00 0.000000e+00 0.000000e+00 0.000000e+00 0.000000e+00 0.000000e+00 0.000000e+00 0.000000e+00 0.000000e+00
1.146000e+00 0.000000e+00 -5.909908e+03 -4.891082e+03 0.000000e+00 0.000000e+00 0.000000e+00 -5.195006e+02 -5.175591e+02 2.031959e+03 1.262245e+03 0.000000e+00 0.000000e+00 0.000000e+00 0.000000e+00 0.000000e+00 0.000000e+00 0.000000e+00 0.000000e+00 0.000000e+00
1.147000e+00 0.000000e+00 -5.924073e+03 -4.911525e+03 0.000000e+00 0.000000e+00 0.000000e+00 -5.198444e+02 -5.179020e+02 2.033283e+03 1.263526e+03 0.000000e+00 0.000000e+00 0.000000e+00 0.000000e+00 0.000000e+00 0.000000e+00 0.000000e+00 0.000000e+00 0.000000e+00
1.148000e+00 0.000000e+00 -5.938284e+03 -4.932003e+03 0.000000e+00 0.000000e+00 0.000000e+00 -5.201648e+02 -5.182218e+02 2.034606e+03 1.264759e+03 0.000000e+00 0.000000e+00 0.000000e+00 0.000000e+00 0.000000e+00 0.000000e+00 0.000000e+00 0.000000e+00 0.000000e+00
1.149000e+00 0.000000e+00 -5.952538e+03 -4.952513e+03 0.000000e+00 0.000000e+00 0.000000e+00 -5.204614e+02 -5.185184e+02 2.035926e+03 1.265945e+03 0.000000e+00 0.000000e+00 0.000000e+00 0.000000e+00 0.000000e+00 0.000000e+00 0.000000e+00 0.000000e+00 0.000000e+00
1.150000e+00 0.000000e+00 -5.966830e+03 -4.973051e+03 0.000000e+00 0.000000e+00 0.000000e+00 -5.207340e+02 -5.187914e+02 2.037243e+03 1.267082e+03 0.000000e+00 0.000000e+00 0.000000e+00 0.000000e+00 0.000000e+00 0.000000e+00 0.000000e+00 0.000000e+00 0.000000e+00
1.151000e+00 0.000000e+00 -5.981159e+03 -4.993613e+03 0.000000e+00 0.000000e+00 0.000000e+00 -5.209823e+02 -5.190405e+02 2.038557e+03 1.268170e+03 0.000000e+00 0.000000e+00 0.000000e+00 0.000000e+00 0.000000e+00 0.000000e+00 0.000000e+00 0.000000e+00 0.000000e+00
1.152000e+00 0.000000e+00 -5.995522e+03 -5.014196e+03 0.000000e+00 0.000000e+00 0.000000e+00 -5.212061e+02 -5.192657e+02 2.039867e+03 1.269207e+03 0.000000e+00 0.000000e+00 0.000000e+00 0.000000e+00 0.000000e+00 0.000000e+00 0.000000e+00 0.000000e+00 0.000000e+00
1.153000e+00 0.000000e+00 -6.009915e+03 -5.034795e+03 0.000000e+00 0.000000e+00 0.000000e+00 -5.214052e+02 -5.194665e+02 2.041173e+03 1.270194e+03 0.000000e+00 0.000000e+00 0.000000e+00 0.000000e+00 0.000000e+00 0.000000e+00 0.000000e+00 0.000000e+00 0.000000e+00
1.154000e+00 0.000000e+00 -6.024336e+03 -5.055406e+03 0.000000e+00 0.000000e+00 0.000000e+00 -5.215794e+02 -5.196429e+02 2.042473e+03 1.271130e+03 0.000000e+00 0.000000e+00 0.000000e+00 0.000000e+00 0.000000e+00 0.000000e+00 0.000000e+00 0.000000e+00 0.000000e+00
1.155000e+00 0.000000e+00 -6.038781e+03 -5.076026e+03 0.000000e+00 0.000000e+00 0.000000e+00 -5.217284e+02 -5.197945e+02 2.043768e+03 1.272013e+03 0.000000e+00 0.000000e+00 0.000000e+00 0.000000e+00 0.000000e+00 0.000000e+00 0.000000e+00 0.000000e+00 0.000000e+00
1.156000e+00 0.000000e+00 -6.053248e+03 -5.096650e+03 0.000000e+00 0.000000e+00 0.000000e+00 -5.218521e+02 -5.199212e+02 2.045056e+03 1.272843e+03 0.000000e+00 0.000000e+00 0.000000e+00 0.000000e+00 0.000000e+00 0.000000e+00 0.000000e+00 0.000000e+00 0.000000e+00
1.157000e+00 0.000000e+00 -6.067733e+03 -5.117275e+03 0.000000e+00 0.000000e+00 0.000000e+00 -5.219502e+02 -5.200228e+02 2.046337e+03 1.273621e+03 0.000000e+00 0.000000e+00 0.000000e+00 0.000000e+00 0.000000e+00 0.000000e+00 0.000000e+00 0.000000e+00 0.000000e+00
1.158000e+00 0.000000e+00 -6.082235e+03 -5.137896e+03 0.000000e+00 0.000000e+00 0.000000e+00 -5.220226e+02 -5.200992e+02 2.047611e+03 1.274344e+03 0.000000e+00 0.000000e+00 0.000000e+00 0.000000e+00 0.000000e+00 0.000000e+00 0.000000e+00 0.000000e+00 0.000000e+00
1.159000e+00 0.000000e+00 -6.096749e+03 -5.158510e+03 0.000000e+00 0.000000e+00 0.000000e+00 -5.220692e+02 -5.201501e+02 2.048876e+03 1.275013e+03 0.000000e+00 0.000000e+00 0.000000e+00 0.000000e+00 0.000000e+00 0.000000e+00 0.000000e+00 0.000000e+00 0.000000e+00
1.160000e+00 0.000000e+00 -6.111273e+03 -5.179113e+03 0.000000e+00 0.000000e+00 0.000000e+00 -5.220897e+02 -5.201754e+02 2.050134e+03 1.275626e+03 0.000000e+00 0.000000e+00 0.000000e+00 0.000000e+00 0.000000e+00 0.000000e+00 0.000000e+00 0.000000e+00 0.000000e+00
1.161000e+00 0.000000e+00 -6.125805e+03 -5.199700e+03 0.000000e+00 0.000000e+00 0.000000e+00 -5.220842e+02 -5.201749e+02 2.051382e+03 1.276185e+03 0.000000e+00 0.000000e+00 0.000000e+00 0.000000e+00 0.000000e+00 0.000000e+00 0.000000e+00 0.000000e+00 0.000000e+00
1.162000e+00 0.000000e+00 -6.140341e+03 -5.220268e+03 0.000000e+00 0.000000e+00 0.000000e+00 -5.220524e+02 -5.201487e+02 2.052620e+03 1.276687e+03 0.000000e+00 0.000000e+00 0.000000e+00 0.000000e+00 0.000000e+00 0.000000e+00 0.000000e+00 0.000000e+00 0.000000e+00
1.163000e+00 0.000000e+00 -6.154878e+03 -5.240813e+03 0.000000e+00 0.000000e+00 0.000000e+00 -5.219942e+02 -5.200964e+02 2.053849e+03 1.277134e+03 0.000000e+00 0.000000e+00 0.000000e+00 0.000000e+00 0.000000e+00 0.000000e+00 0.000000e+00 0.000000e+00 0.000000e+00
1.164000e+00 0.000000e+00 -6.169414e+03 -5.261329e+03 0.000000e+00 0.000000e+00 0.000000e+00 -5.219096e+02 -5.200182e+02 2.055067e+03 1.277523e+03 0.000000e+00 0.000000e+00 0.000000e+00 0.000000e+00 0.000000e+00 0.000000e+00 0.000000e+00 0.000000e+00 0.000000e+00
1.165000e+00 0.000000e+00 -6.183946e+03 -5.281815e+03 0.000000e+00 0.000000e+00 0.000000e+00 -5.217985e+02 -5.199137e+02 2.056274e+03 1.277855e+03 0.000000e+00 0.000000e+00 0.000000e+00 0.000000e+00 0.000000e+00 0.000000e+00 0.000000e+00 0.000000e+00 0.000000e+00
1.166000e+00 0.000000e+00 -6.198471e+03 -5.302264e+03 0.000000e+00 0.000000e+00 0.000000e+00 -5.216609e+02 -5.197831e+02 2.057469e+03 1.278130e+03 0.000000e+00 0.000000e+00 0.000000e+00 0.000000e+00 0.000000e+00 0.000000e+00 0.000000e+00 0.000000e+00 0.000000e+00
1.167000e+00 0.000000e+00 -6.212986e+03 -5.322674e+03 0.000000e+00 0.000000e+00 0.000000e+00 -5.214966e+02 -5.196262e+02 2.058652e+03 1.278348e+03 0.000000e+00 0.000000e+00 0.000000e+00 0.000000e+00 0.000000e+00 0.000000e+00 0.000000e+00 0.000000e+00 0.000000e+00
1.168000e+00 0.000000e+00 -6.227489e+03 -5.343039e+03 0.000000e+00 0.000000e+00 0.000000e+00 -5.213056e+02 -5.194430e+02 2.059823e+03 1.278507e+03 0.000000e+00 0.000000e+00 0.000000e+00 0.000000e+00 0.000000e+00 0.000000e+00 0.000000e+00 0.000000e+00 0.000000e+00
1.169000e+00 0.000000e+00 -6.241977e+03 -5.363357e+03 0.000000e+00 0.000000e+00 0.000000e+00 -5.210880e+02 -5.192334e+02 2.060981e+03 1.278608e+03 0.000000e+00 0.000000e+00 0.000000e+00 0.000000e+00 0.000000e+00 0.000000e+00 0.000000e+00 0.000000e+00 0.000000e+00
1.170000e+00 0.000000e+00 -6.256447e+03 -5.383622e+03 0.000000e+00 0.000000e+00 0.000000e+00 -5.208436e+02 -5.189975e+02 2.062126e+03 1.278650e+03 0.000000e+00 0.000000e+00 0.000000e+00 0.000000e+00 0.000000e+00 0.000000e+00 0.000000e+00 0.000000e+00 0.000000e+00
1.171000e+00 0.000000e+00 -6.270897e+03 -5.403830e+03 0.000000e+00 0.000000e+00 0.000000e+00 -5.205726e+02 -5.187352e+02 2.063256e+03 1.278634e+03 0.000000e+00 0.000000e+00 0.000000e+00 0.000000e+00 0.000000e+00 0.000000e+00 0.000000e+00 0.000000e+00 0.000000e+00
1.172000e+00 0.000000e+00 -6.285323e+03 -5.423978e+03 0.000000e+00 0.000000e+00 0.000000e+00 -5.202749e+02 -5.184465e+02 2.064373e+03 1.278559e+03 0.000000e+00 0.000000e+00 0.000000e+00 0.000000e+00 0.000000e+00 0.000000e+00 0.000000e+00 0.000000e+00 0.000000e+00
1.173000e+00 0.000000e+00 -6.299724e+03 -5.444061e+03 0.000000e+00 0.000000e+00 0.000000e+00 -5.199505e+02 -5.181314e+02 2.065474e+03 1.278425e+03 0.000000e+00 0.000000e+00 0.000000e+00 0.000000e+00 0.000000e+00 0.000000e+00 0.000000e+00 0.000000e+00 0.000000e+00
1.174000e+00 0.000000e+00 -6.314097e+03 -5.464075e+03 0.000000e+00 0.000000e+00 0.000000e+00 -5.195994e+02 -5.177900e+02 2.066561e+03 1.278231e+03 0.000000e+00 0.000000e+00 0.000000e+00 0.000000e+00 0.000000e+00 0.000000e+00 0.000000e+00 0.000000e+00 0.000000e+00
1.175000e+00 0.000000e+00 -6.328439e+03 -5.484016e+03 0.000000e+00 0.000000e+00 0.000000e+00 -5.192218e+02 -5.174223e+02 2.067632e+03 1.277979e+03 0.000000e+00 0.000000e+00 0.000000e+00 0.000000e+00 0.000000e+00 0.000000e+00 0.000000e+00 0.000000e+00 0.000000e+00
1.176000e+00 0.000000e+00 -6.342747e+03 -5.503879e+03 0.000000e+00 0.000000e+00 0.000000e+00 -5.188177e+02 -5.170283e+02 2.068688e+03 1.277667e+03 0.000000e+00 0.000000e+00 0.000000e+00 0.000000e+00 0.000000e+00 0.000000e+00 0.000000e+00 0.000000e+00 0.000000e+00
1.177000e+00 0.000000e+00 -6.357020e+03 -5.523659e+03 0.000000e+00 0.000000e+00 0.000000e+00 -5.183871e+02 -5.166081e+02 2.069727e+03 1.277296e+03 0.000000e+00 0.000000e+00 0.000000e+00 0.000000e+00 0.000000e+00 0.000000e+00 0.000000e+00 0.000000e+00 0.000000e+00
1.178000e+00 0.000000e+00 -6.371254e+03 -5.543353e+03 0.000000e+00 0.000000e+00 0.000000e+00 -5.179302e+02 -5.161618e+02 2.070750e+03 1.276865e+03 0.000000e+00 0.000000e+00 0.000000e+00 0.000000e+00 0.000000e+00 0.000000e+00 0.000000e+00 0.000000e+00 0.000000e+00
1.179000e+00 0.000000e+00 -6.385448e+03 -5.562957e+03 0.000000e+00 0.000000e+00 0.000000e+00 -5.174469e+02 -5.156893e+02 2.071756e+03 1.276375e+03 0.000000e+00 0.000000e+00 0.000000e+00 0.000000e+00 0.000000e+00 0.000000e+00 0.000000e+00 0.000000e+00 0.000000e+00
1.180000e+00 0.000000e+00 -6.399599e+03 -5.582465e+03 0.000000e+00 0.000000e+00 0.000000e+00 -5.169374e+02 -5.151909e+02 2.072744e+03 1.275826e+03 0.000000e+00 0.000000e+00 0.000000e+00 0.000000e+00 0.000000e+00 0.000000e+00 0.000000e+00 0.000000e+00 0.000000e+00
1.181000e+00 0.000000e+00 -6.413704e+03 -5.601873e+03 0.000000e+00 0.000000e+00 0.000000e+00 -5.164019e+02 -5.146667e+02 2.073715e+03 1.275217e+03 0.000000e+00 0.000000e+00 0.000000e+00 0.000000e+00 0.000000e+00 0.000000e+00 0.000000e+00 0.000000e+00 0.000000e+00
1.182000e+00 0.000000e+00 -6.427761e+03 -5.621177e+03 0.000000e+00 0.000000e+00 0.000000e+00 -5.158403e+02 -5.141166e+02 2.074668e+03 1.274549e+03 0.000000e+00 0.000000e+00 0.000000e+00 0.000000e+00 0.000000e+00 0.000000e+00 0.000000e+00 0.000000e+00 0.000000e+00
1.183000e+00 0.000000e+00 -6.441769e+03 -5.640373e+03 0.000000e+00 0.000000e+00 0.000000e+00 -5.152529e+02 -5.135409e+02 2.075603e+03 1.273822e+03 0.000000e+00 0.000000e+00 0.000000e+00 0.000000e+00 0.000000e+00 0.000000e+00 0.000000e+00 0.000000e+00 0.000000e+00
1.184000e+00 0.000000e+00 -6.455724e+03 -5.659455e+03 0.000000e+00 0.000000e+00 0.000000e+00 -5.146399e+02 -5.129396e+02 2.076519e+03 1.273036e+03 0.000000e+00 0.000000e+00 0.000000e+00 0.000000e+00 0.000000e+00 0.000000e+00 0.000000e+00 0.000000e+00 0.000000e+00
1.185000e+00 0.000000e+00 -6.469624e+03 -5.678420e+03 0.000000e+00 0.000000e+00 0.000000e+00 -5.140012e+02 -5.123129e+02 2.077416e+03 1.272191e+03 0.000000e+00 0.000000e+00 0.000000e+00 0.000000e+00 0.000000e+00 0.000000e+00 0.000000e+00 0.000000e+00 0.000000e+00
1.186000e+00 0.000000e+00 -6.483468e+03 -5.697263e+03 0.000000e+00 0.000000e+00 0.000000e+00 -5.133373e+02 -5.116611e+02 2.078294e+03 1.271288e+03 0.000000e+00 0.000000e+00 0.000000e+00 0.000000e+00 0.000000e+00 0.000000e+00 0.000000e+00 0.000000e+00 0.000000e+00
1.187000e+00 0.000000e+00 -6.497253e+03 -5.715980e+03 0.000000e+00 0.000000e+00 0.000000e+00 -5.126481e+02 -5.109841e+02 2.079153e+03 1.270326e+03 0.000000e+00 0.000000e+00 0.000000e+00 0.000000e+00 0.000000e+00 0.000000e+00 0.000000e+00 0.000000e+00 0.000000e+00
1.188000e+00 0.000000e+00 -6.510977e+03 -5.734566e+03 0.000000e+00 0.000000e+00 0.000000e+00 -5.119339e+02 -5.102823e+02 2.079992e+03 1.269305e+03 0.000000e+00 0.000000e+00 0.000000e+00 0.000000e+00 0.000000e+00 0.000000e+00 0.000000e+00 0.000000e+00 0.000000e+00
1.189000e+00 0.000000e+00 -6.524639e+03 -5.753017e+03 0.000000e+00 0.000000e+00 0.000000e+00 -5.111949e+02 -5.095557e+02 2.080811e+03 1.268227e+03 0.000000e+00 0.000000e+00 0.000000e+00 0.000000e+00 0.000000e+00 0.000000e+00 0.000000e+00 0.000000e+00 0.000000e+00
1.190000e+00 0.000000e+00 -6.538235e+03 -5.771328e+03 0.000000e+00 0.000000e+00 0.000000e+00 -5.104313e+02 -5.088046e+02 2.081610e+03 1.267091e+03 0.000000e+00 0.000000e+00 0.000000e+00 0.000000e+00 0.000000e+00 0.000000e+00 0.000000e+00 0.000000e+00 0.000000e+00
1.191000e+00 0.000000e+00 -6.551765e+03 -5.789494e+03 0.000000e+00 0.000000e+00 0.000000e+00 -5.096433e+02 -5.080293e+02 2.082389e+03 1.265898e+03 0.000000e+00 0.000000e+00 0.000000e+00 0.000000e+00 0.000000e+00 0.000000e+00 0.000000e+00 0.000000e+00 0.000000e+00
1.192000e+00 0.000000e+00 -6.565226e+03 -5.807513e+03 0.000000e+00 0.000000e+00 0.000000e+00 -5.088311e+02 -5.072298e+02 2.083146e+03 1.264648e+03 0.000000e+00 0.000000e+00 0.000000e+00 0.000000e+00 0.000000e+00 0.000000e+00 0.000000e+00 0.000000e+00 0.000000e+00
1.193000e+00 0.000000e+00 -6.578616e+03 -5.825378e+03 0.000000e+00 0.000000e+00 0.000000e+00 -5.079951e+02 -5.064064e+02 2.083883e+03 1.263341e+03 0.000000e+00 0.000000e+00 0.000000e+00 0.000000e+00 0.000000e+00 0.000000e+00 0.000000e+00 0.000000e+00 0.000000e+00
1.194000e+00 0.000000e+00 -6.591934e+03 -5.843086e+03 0.000000e+00 0.000000e+00 0.000000e+00 -5.071354e+02 -5.055595e+02 2.084599e+03 1.261977e+03 0.000000e+00 0.000000e+00 0.000000e+00 0.000000e+00 0.000000e+00 0.000000e+00 0.000000e+00 0.000000e+00 0.000000e+00
1.195000e+00 0.000000e+00 -6.605178e+03 -5.860632e+03 0.000000e+00 0.000000e+00 0.000000e+00 -5.062523e+02 -5.046891e+02 2.085294e+03 1.260558e+03 0.000000e+00 0.000000e+00 0.000000e+00 0.000000e+00 0.000000e+00 0.000000e+00 0.000000e+00 0.000000e+00 0.000000e+00
1.196000e+00 0.000000e+00 -6.618346e+03 -5.878012e+03 0.000000e+00 0.000000e+00 0.000000e+00 -5.053460e+02 -5.037956e+02 2.085967e+03 1.259083e+03 0.000000e+00 0.000000e+00 0.000000e+00 0.000000e+00 0.000000e+00 0.000000e+00 0.000000e+00 0.000000e+00 0.000000e+00
1.197000e+00 0.000000e+00 -6.631436e+03 -5.895221e+03 0.000000e+00 0.000000e+00 0.000000e+00 -5.044169e+02 -5.028792e+02 2.086619e+03 1.257553e+03 0.000000e+00 0.000000e+00 0.000000e+00 0.000000e+00 0.000000e+00 0.000000e+00 0.000000e+00 0.000000e+00 0.000000e+00
1.198000e+00 0.000000e+00 -6.644447e+03 -5.912256e+03 0.000000e+00 0.000000e+00 0.000000e+00 -5.034652e+02 -5.019402e+02 2.087249e+03 1.255968e+03 0.000000e+00 0.000000e+00 0.000000e+00 0.000000e+00 0.000000e+00 0.000000e+00 0.000000e+00 0.000000e+00 0.000000e+00
1.199000e+00 0.000000e+00 -6.657378e+03 -5.929112e+03 0.000000e+00 0.000000e+00 0.000000e+00 -5.024912e+02 -5.009788e+02 2.087857e+03 1.254329e+03 0.000000e+00 0.000000e+00 0.000000e+00 0.000000e+00 0.000000e+00 0.000000e+00 0.000000e+00 0.000000e+00 0.000000e+00
1.200000e+00 0.000000e+00 -6.670226e+03 -5.945784e+03 0.000000e+00 0.000000e+00 0.000000e+00 -5.014951e+02 -4.999954e+02 2.088443e+03 1.252637e+03 0.000000e+00 0.000000e+00 0.000000e+00 0.000000e+00 0.000000e+00 0.000000e+00 0.000000e+00 0.000000e+00 0.000000e+00
1.201000e+00 0.000000e+00 -6.682991e+03 -5.962268e+03 0.000000e+00 0.000000e+00 0.000000e+00 -5.004774e+02 -4.989902e+02 2.089007e+03 1.250891e+03 0.000000e+00 0.000000e+00 0.000000e+00 0.000000e+00 0.000000e+00 0.000000e+00 0.000000e+00 0.000000e+00 0.000000e+00
1.202000e+00 0.000000e+00 -6.695670e+03 -5.978560e+03 0.000000e+00 0.000000e+00 0.000000e+00 -4.994382e+02 -4.979634e+02 2.089548e+03 1.249092e+03 0.000000e+00 0.000000e+00 0.000000e+00 0.000000e+00 0.000000e+00 0.000000e+00 0.000000e+00 0.000000e+00 0.000000e+00
1.203000e+00 0.000000e+00 -6.708263e+03 -5.994656e+03 0.000000e+00 0.000000e+00 0.000000e+00 -4.983779e+02 -4.969155e+02 2.090067e+03 1.247241e+03 0.000000e+00 0.000000e+00 0.000000e+00 0.000000e+00 0.000000e+00 0.000000e+00 0.000000e+00 0.000000e+00 0.000000e+00
1.204000e+00 0.000000e+00 -6.720768e+03 -6.010551e+03 0.000000e+00 0.000000e+00 0.000000e+00 -4.972967e+02 -4.958466e+02 2.090563e+03 1.245338e+03 0.000000e+00 0.000000e+00 0.000000e+00 0.000000e+00 0.000000e+00 0.000000e+00 0.000000e+00 0.000000e+00 0.000000e+00
1.205000e+00 0.000000e+00 -6.733184e+03 -6.026241e+03 0.000000e+00 0.000000e+00 0.000000e+00 -4.961952e+02 -4.947571e+02 2.091037e+03 1.243384e+03 0.000000e+00 0.000000e+00 0.000000e+00 0.000000e+00 0.000000e+00 0.000000e+00 0.000000e+00 0.000000e+00 0.000000e+00
1.206000e+00 0.000000e+00 -6.745509e+03 -6.041723e+03 0.000000e+00 0.000000e+00 0.000000e+00 -4.950734e+02 -4.936473e+02 2.091488e+03 1.241380e+03 0.000000e+00 0.000000e+00 0.000000e+00 0.000000e+00 0.000000e+00 0.000000e+00 0.000000e+00 0.000000e+00 0.000000e+00
1.207000e+00 0.000000e+00 -6.757743e+03 -6.056992e+03 0.000000e+00 0.000000e+00 0.000000e+00 -4.939319e+02 -4.925176e+02 2.091916e+03 1.239326e+03 0.000000e+00 0.000000e+00 0.000000e+00 0.000000e+00 0.000000e+00 0.000000e+00 0.000000e+00 0.000000e+00 0.000000e+00
1.208000e+00 0.000000e+00 -6.769884e+03 -6.072044e+03 0.000000e+00 0.000000e+00 0.000000e+00 -4.927709e+02 -4.913682e+02 2.092320e+03 1.237222e+03 0.000000e+00 0.000000e+00 0.000000e+00 0.000000e+00 0.000000e+00 0.000000e+00 0.000000e+00 0.000000e+00 0.000000e+00
1.209000e+00 0.000000e+00 -6.781931e+03 -6.086875e+03 0.000000e+00 0.000000e+00 0.000000e+00 -4.915907e+02 -4.901996e+02 2.092702e+03 1.235070e+03 0.000000e+00 0.000000e+00 0.000000e+00 0.000000e+00 0.000000e+00 0.000000e+00 0.000000e+00 0.000000e+00 0.000000e+00
1.210000e+00 0.000000e+00 -6.793883e+03 -6.101482e+03 0.000000e+00 0.000000e+00 0.000000e+00 -4.903919e+02 -4.890119e+02 2.093061e+03 1.232869e+03 0.000000e+00 0.000000e+00 0.000000e+00 0.000000e+00 0.000000e+00 0.000000e+00 0.000000e+00 0.000000e+00 0.000000e+00
1.211000e+00 0.000000e+00 -6.805740e+03 -6.115861e+03 0.000000e+00 0.000000e+00 0.000000e+00 -4.891746e+02 -4.878057e+02 2.093397e+03 1.230621e+03 0.000000e+00 0.000000e+00 0.000000e+00 0.000000e+00 0.000000e+00 0.000000e+00 0.000000e+00 0.000000e+00 0.000000e+00
1.212000e+00 0.000000e+00 -6.817500e+03 -6.130008e+03 0.000000e+00 0.000000e+00 0.000000e+00 -4.879393e+02 -4.865812e+02 2.093710e+03 1.228327e+03 0.000000e+00 0.000000e+00 0.000000e+00 0.000000e+00 0.000000e+00 0.000000e+00 0.000000e+00 0.000000e+00 0.000000e+00
1.213000e+00 0.000000e+00 -6.829162e+03 -6.143920e+03 0.000000e+00 0.000000e+00 0.000000e+00 -4.866863e+02 -4.853389e+02 2.093999e+03 1.225986e+03 0.000000e+00 0.000000e+00 0.000000e+00 0.000000e+00 0.000000e+00 0.000000e+00 0.000000e+00 0.000000e+00 0.000000e+00
1.214000e+00 0.000000e+00 -6.840726e+03 -6.157592e+03 0.000000e+00 0.000000e+00 0.000000e+00 -4.854160e+02 -4.840790e+02 2.094265e+03 1.223600e+03 0.000000e+00 0.000000e+00 0.000000e+00 0.000000e+00 0.000000e+00 0.000000e+00 0.000000e+00 0.000000e+00 0.000000e+00
1.215000e+00 0.000000e+00 -6.852190e+03 -6.171023e+03 0.000000e+00 0.000000e+00 0.000000e+00 -4.841289e+02 -4.828019e+02 2.094508e+03 1.221169e+03 0.000000e+00 0.000000e+00 0.000000e+00 0.000000e+00 0.000000e+00 0.000000e+00 0.000000e+00 0.000000e+00 0.000000e+00
1.216000e+00 0.000000e+00 -6.863554e+03 -6.184207e+03 0.000000e+00 0.000000e+00 0.000000e+00 -4.828252e+02 -4.815081e+02 2.094727e+03 1.218695e+03 0.000000e+00 0.000000e+00 0.000000e+00 0.000000e+00 0.000000e+00 0.000000e+00 0.000000e+00 0.000000e+00 0.000000e+00
1.217000e+00 0.000000e+00 -6.874818e+03 -6.197143e+03 0.000000e+00 0.000000e+00 0.000000e+00 -4.815054e+02 -4.801978e+02 2.094924e+03 1.216177e+03 0.000000e+00 0.000000e+00 0.000000e+00 0.000000e+00 0.000000e+00 0.000000e+00 0.000000e+00 0.000000e+00 0.000000e+00
1.218000e+00 0.000000e+00 -6.885980e+03 -6.209826e+03 0.000000e+00 0.000000e+00 0.000000e+00 -4.801699e+02 -4.788715e+02 2.095097e+03 1.213616e+03 0.000000e+00 0.000000e+00 0.000000e+00 0.000000e+00 0.000000e+00 0.000000e+00 0.000000e+00 0.000000e+00 0.000000e+00
1.219000e+00 0.000000e+00 -6.897041e+03 -6.222254e+03 0.000000e+00 0.000000e+00 0.000000e+00 -4.788191e+02 -4.775296e+02 2.095246e+03 1.211014e+03 0.000000e+00 0.000000e+00 0.000000e+00 0.000000e+00 0.000000e+00 0.000000e+00 0.000000e+00 0.000000e+00 0.000000e+00
1.220000e+00 0.000000e+00 -6.907998e+03 -6.234424e+03 0.000000e+00 0.000000e+00 0.000000e+00 -4.774534e+02 -4.761725e+02 2.095373e+03 1.208372e+03 0.000000e+00 0.000000e+00 0.000000e+00 0.000000e+00 0.000000e+00 0.000000e+00 0.000000e+00 0.000000e+00 0.000000e+00
1.221000e+00 0.000000e+00 -6.918853e+03 -6.246333e+03 0.000000e+00 0.000000e+00 0.000000e+00 -4.760731e+02 -4.748004e+02 2.095476e+03 1.205688e+03 0.000000e+00 0.000000e+00 0.000000e+00 0.000000e+00 0.000000e+00 0.000000e+00 0.000000e+00 0.000000e+00 0.000000e+00
1.222000e+00 0.000000e+00 -6.929604e+03 -6.257978e+03 0.000000e+00 0.000000e+00 0.000000e+00 -4.746786e+02 -4.734139e+02 2.095556e+03 1.202966e+03 0.000000e+00 0.000000e+00 0.000000e+00 0.000000e+00 0.000000e+00 0.000000e+00 0.000000e+00 0.000000e+00 0.000000e+00
1.223000e+00 0.000000e+00 -6.940251e+03 -6.269357e+03 0.000000e+00 0.000000e+00 0.000000e+00 -4.732705e+02 -4.720133e+02 2.095613e+03 1.200205e+03 0.000000e+00 0.000000e+00 0.000000e+00 0.000000e+00 0.000000e+00 0.000000e+00 0.000000e+00 0.000000e+00 0.000000e+00
1.224000e+00 0.000000e+00 -6.950794e+03 -6.280466e+03 0.000000e+00 0.000000e+00 0.000000e+00 -4.718489e+02 -4.705989e+02 2.095646e+03 1.197406e+03 0.000000e+00 0.000000e+00 0.000000e+00 0.000000e+00 0.000000e+00 0.000000e+00 0.000000e+00 0.000000e+00 0.000000e+00
1.225000e+00 0.000000e+00 -6.961232e+03 -6.291304e+03 0.000000e+00 0.000000e+00 0.000000e+00 -4.704145e+02 -4.691712e+02 2.095657e+03 1.194569e+03 0.000000e+00 0.000000e+00 0.000000e+00 0.000000e+00 0.000000e+00 0.000000e+00 0.000000e+00 0.000000e+00 0.000000e+00
1.226000e+00 0.000000e+00 -6.971564e+03 -6.301867e+03 0.000000e+00 0.000000e+00 0.000000e+00 -4.689675e+02 -4.677306e+02 2.095644e+03 1.191697e+03 0.000000e+00 0.000000e+00 0.000000e+00 0.000000e+00 0.000000e+00 0.000000e+00 0.000000e+00 0.000000e+00 0.000000e+00
1.227000e+00 0.000000e+00 -6.981792e+03 -6.312154e+03 0.000000e+00 0.000000e+00 0.000000e+00 -4.675084e+02 -4.662775e+02 2.095609e+03 1.188789e+03 0.000000e+00 0.000000e+00 0.000000e+00 0.000000e+00 0.000000e+00 0.000000e+00 0.000000e+00 0.000000e+00 0.000000e+00
1.228000e+00 0.000000e+00 -6.991913e+03 -6.322163e+03 0.000000e+00 0.000000e+00 0.000000e+00 -4.660375e+02 -4.648122e+02 2.095550e+03 1.185846e+03 0.000000e+00 0.000000e+00 0.000000e+00 0.000000e+00 0.000000e+00 0.000000e+00 0.000000e+00 0.000000e+00 0.000000e+00
1.229000e+00 0.000000e+00 -7.001929e+03 -6.331891e+03 0.000000e+00 0.000000e+00 0.000000e+00 -4.645554e+02 -4.633352e+02 2.095469e+03 1.182869e+03 0.000000e+00 0.000000e+00 0.000000e+00 0.000000e+00 0.000000e+00 0.000000e+00 0.000000e+00 0.000000e+00 0.000000e+00
1.230000e+00 0.000000e+00 -7.011839e+03 -6.341337e+03 0.000000e+00 0.000000e+00 0.000000e+00 -4.630623e+02 -4.618469e+02 2.095365e+03 1.179860e+03 0.000000e+00 0.000000e+00 0.000000e+00 0.000000e+00 0.000000e+00 0.000000e+00 0.000000e+00 0.000000e+00 0.000000e+00
1.231000e+00 0.000000e+00 -7.021642e+03 -6.350499e+03 0.000000e+00 0.000000e+00 0.000000e+00 -4.615588e+02 -4.603477e+02 2.095238e+03 1.176818e+03 0.000000e+00 0.000000e+00 0.000000e+00 0.000000e+00 0.000000e+00 0.000000e+00 0.000000e+00 0.000000e+00 0.000000e+00
1.232000e+00 0.000000e+00 -7.031340e+03 -6.359376e+03 0.000000e+00 0.000000e+00 0.000000e+00 -4.600452e+02 -4.588379e+02 2.095088e+03 1.173744e+03 0.000000e+00 0.000000e+00 0.000000e+00 0.000000e+00 0.000000e+00 0.000000e+00 0.000000e+00 0.000000e+00 0.000000e+00
1.233000e+00 0.000000e+00 -7.040930e+03 -6.367965e+03 0.000000e+00 0.000000e+00 0.000000e+00 -4.585220e+02 -4.573180e+02 2.094916e+03 1.170640e+03 0.000000e+00 0.000000e+00 0.000000e+00 0.000000e+00 0.000000e+00 0.000000e+00 0.000000e+00 0.000000e+00 0.000000e+00
1.234000e+00 0.000000e+00 -7.050415e+03 -6.376267e+03 0.000000e+00 0.000000e+00 0.000000e+00 -4.569895e+02 -4.557884e+02 2.094721e+03 1.167507e+03 0.000000e+00 0.000000e+00 0.000000e+00 0.000000e+00 0.000000e+00 0.000000e+00 0.000000e+00 0.000000e+00 0.000000e+00
1.235000e+00 0.000000e+00 -7.059792e+03 -6.384279e+03 0.000000e+00 0.000000e+00 0.000000e+00 -4.554482e+02 -4.542495e+02 2.094504e+03 1.164344e+03 0.000000e+00 0.000000e+00 0.000000e+00 0.000000e+00 0.000000e+00 0.000000e+00 0.000000e+00 0.000000e+00 0.000000e+00
1.236000e+00 0.000000e+00 -7.069064e+03 -6.392000e+03 0.000000e+00 0.000000e+00 0.000000e+00 -4.538984e+02 -4.527017e+02 2.094264e+03 1.161153e+03 0.000000e+00 0.000000e+00 0.000000e+00 0.000000e+00 0.000000e+00 0.000000e+00 0.000000e+00 0.000000e+00 0.000000e+00
1.237000e+00 0.000000e+00 -7.078228e+03 -6.399430e+03 0.000000e+00 0.000000e+00 0.000000e+00 -4.523407e+02 -4.511454e+02 2.094002e+03 1.157935e+03 0.000000e+00 0.000000e+00 0.000000e+00 0.000000e+00 0.000000e+00 0.000000e+00 0.000000e+00 0.000000e+00 0.000000e+00
1.238000e+00 0.000000e+00 -7.087286e+03 -6.406568e+03 0.000000e+00 0.000000e+00 0.000000e+00 -4.507755e+02 -4.495810e+02 2.093718e+03 1.154690e+03 0.000000e+00 0.000000e+00 0.000000e+00 0.000000e+00 0.000000e+00 0.000000e+00 0.000000e+00 0.000000e+00 0.000000e+00
1.239000e+00 0.000000e+00 -7.096238e+03 -6.413413e+03 0.000000e+00 0.000000e+00 0.000000e+00 -4.492030e+02 -4.480089e+02 2.093412e+03 1.151420e+03 0.000000e+00 0.000000e+00 0.000000e+00 0.000000e+00 0.000000e+00 0.000000e+00 0.000000e+00 0.000000e+00 0.000000e+00
1.240000e+00 0.000000e+00 -7.105084e+03 -6.419965e+03 0.000000e+00 0.000000e+00 0.000000e+00 -4.476238e+02 -4.464296e+02 2.093084e+03 1.148125e+03 0.000000e+00 0.000000e+00 0.000000e+00 0.000000e+00 0.000000e+00 0.000000e+00 0.000000e+00 0.000000e+00 0.000000e+00
1.241000e+00 0.000000e+00 -7.113823e+03 -6.426224e+03 0.000000e+00 0.000000e+00 0.000000e+00 -4.460383e+02 -4.448434e+02 2.092734e+03 1.144806e+03 0.000000e+00 0.000000e+00 0.000000e+00 0.000000e+00 0.000000e+00 0.000000e+00 0.000000e+00 0.000000e+00 0.000000e+00
1.242000e+00 0.000000e+00 -7.122456e+03 -6.432189e+03 0.000000e+00 0.000000e+00 0.000000e+00 -4.444469e+02 -4.432507e+02 2.092363e+03 1.141464e+03 0.000000e+00 0.000000e+00 0.000000e+00 0.000000e+00 0.000000e+00 0.000000e+00 0.000000e+00 0.000000e+00 0.000000e+00
1.243000e+00 0.000000e+00 -7.130983e+03 -6.437859e+03 0.000000e+00 0.000000e+00 0.000000e+00 -4.428499e+02 -4.416520e+02 2.091969e+03 1.138100e+03 0.000000e+00 0.000000e+00 0.000000e+00 0.000000e+00 0.000000e+00 0.000000e+00 0.000000e+00 0.000000e+00 0.000000e+00
1.244000e+00 0.000000e+00 -7.139404e+03 -6.443237e+03 0.000000e+00 0.000000e+00 0.000000e+00 -4.412478e+02 -4.400476e+02 2.091555e+03 1.134714e+03 0.000000e+00 0.000000e+00 0.000000e+00 0.000000e+00 0.000000e+00 0.000000e+00 0.000000e+00 0.000000e+00 0.000000e+00
1.245000e+00 0.000000e+00 -7.147719e+03 -6.448320e+03 0.000000e+00 0.000000e+00 0.000000e+00 -4.396409e+02 -4.384379e+02 2.091118e+03 1.131307e+03 0.000000e+00 0.000000e+00 0.000000e+00 0.000000e+00 0.000000e+00 0.000000e+00 0.000000e+00 0.000000e+00 0.000000e+00
1.246000e+00 0.000000e+00 -7.155929e+03 -6.453110e+03 0.000000e+00 0.000000e+00 0.000000e+00 -4.380298e+02 -4.368233e+02 2.090661e+03 1.127880e+03 0.000000e+00 0.000000e+00 0.000000e+00 0.000000e+00 0.000000e+00 0.000000e+00 0.000000e+00 0.000000e+00 0.000000e+00
1.247000e+00 0.000000e+00 -7.164034e+03 -6.457607e+03 0.000000e+00 0.000000e+00 0.000000e+00 -4.364147e+02 -4.352041e+02 2.090182e+03 1.124435e+03 0.000000e+00 0.000000e+00 0.000000e+00 0.000000e+00 0.000000e+00 0.000000e+00 0.000000e+00 0.000000e+00 0.000000e+00
1.248000e+00 0.000000e+00 -7.172033e+03 -6.461812e+03 0.000000e+00 0.000000e+00 0.000000e+00 -4.347960e+02 -4.335809e+02 2.089681e+03 1.120971e+03 0.000000e+00 0.000000e+00 0.000000e+00 0.000000e+00 0.000000e+00 0.000000e+00 0.000000e+00 0.000000e+00 0.000000e+00
1.249000e+00 0.000000e+00 -7.179928e+03 -6.465725e+03 0.000000e+00 0.000000e+00 0.000000e+00 -4.331742e+02 -4.319539e+02 2.089160e+03 1.117489e+03 0.000000e+00 0.000000e+00 0.000000e+00 0.000000e+00 0.000000e+00 0.000000e+00 0.000000e+00 0.000000e+00 0.000000e+00
1.250000e+00 0.000000e+00 -7.187717e+03 -6.469347e+03 0.000000e+00 0.000000e+00 0.000000e+00 -4.315495e+02 -4.303235e+02 2.088618e+03 1.113991e+03 0.000000e+00 0.000000e+00 0.000000e+00 0.000000e+00 0.000000e+00 0.000000e+00 0.000000e+00 0.000000e+00 0.000000e+00
1.251000e+00 0.000000e+00 -7.195402e+03 -6.472680e+03 0.000000e+00 0.000000e+00 0.000000e+00 -4.299225e+02 -4.286901e+02 2.088055e+03 1.110477e+03 0.000000e+00 0.000000e+00 0.000000e+00 0.000000e+00 0.000000e+00 0.000000e+00 0.000000e+00 0.000000e+00 0.000000e+00
1.252000e+00 0.000000e+00 -7.202982e+03 -6.475724e+03 0.000000e+00 0.000000e+00 0.000000e+00 -4.282935e+02 -4.270541e+02 2.087472e+03 1.106948e+03 0.000000e+00 0.000000e+00 0.000000e+00 0.000000e+00 0.000000e+00 0.000000e+00 0.000000e+00 0.000000e+00 0.000000e+00
1.253000e+00 0.000000e+00 -7.210459e+03 -6.478481e+03 0.000000e+00 0.000000e+00 0.000000e+00 -4.266629e+02 -4.254159e+02 2.086867e+03 1.103404e+03 0.000000e+00 0.000000e+00 0.000000e+00 0.000000e+00 0.000000e+00 0.000000e+00 0.000000e+00 0.000000e+00 0.000000e+00
1.254000e+00 0.000000e+00 -7.217831e+03 -6.480952e+03 0.000000e+00 0.000000e+00 0.000000e+00 -4.250309e+02 -4.237758e+02 2.086243e+03 1.099847e+03 0.000000e+00 0.000000e+00 0.000000e+00 0.000000e+00 0.000000e+00 0.000000e+00 0.000000e+00 0.000000e+00 0.000000e+00
1.255000e+00 0.000000e+00 -7.225099e+03 -6.483138e+03 0.000000e+00 0.000000e+00 0.000000e+00 -4.233981e+02 -4.221342e+02 2.085598e+03 1.096276e+03 0.000000e+00 0.000000e+00 0.000000e+00 0.000000e+00 0.000000e+00 0.000000e+00 0.000000e+00 0.000000e+00 0.000000e+00
1.256000e+00 0.000000e+00 -7.232264e+03 -6.485042e+03 0.000000e+00 0.000000e+00 0.000000e+00 -4.217648e+02 -4.204914e+02 2.084932e+03 1.092694e+03 0.000000e+00 0.000000e+00 0.000000e+00 0.000000e+00 0.000000e+00 0.000000e+00 0.000000e+00 0.000000e+00 0.000000e+00
1.257000e+00 0.000000e+00 -7.239325e+03 -6.486665e+03 0.000000e+00 0.000000e+00 0.000000e+00 -4.201313e+02 -4.188479e+02 2.084246e+03 1.089100e+03 0.000000e+00 0.000000e+00 0.000000e+00 0.000000e+00 0.000000e+00 0.000000e+00 0.000000e+00 0.000000e+00 0.000000e+00
1.258000e+00 0.000000e+00 -7.246283e+03 -6.488009e+03 0.000000e+00 0.000000e+00 0.000000e+00 -4.184981e+02 -4.172040e+02 2.083540e+03 1.085496e+03 0.000000e+00 0.000000e+00 0.000000e+00 0.000000e+00 0.000000e+00 0.000000e+00 0.000000e+00 0.000000e+00 0.000000e+00
1.259000e+00 0.000000e+00 -7.253138e+03 -6.489076e+03 0.000000e+00 0.000000e+00 0.000000e+00 -4.168653e+02 -4.155600e+02 2.082814e+03 1.081882e+03 0.000000e+00 0.000000e+00 0.000000e+00 0.000000e+00 0.000000e+00 0.000000e+00 0.000000e+00 0.000000e+00 0.000000e+00
1.260000e+00 0.000000e+00 -7.259890e+03 -6.489869e+03 0.000000e+00 0.000000e+00 0.000000e+00 -4.152335e+02 -4.139162e+02 2.082069e+03 1.078258e+03 0.000000e+00 0.000000e+00 0.000000e+00 0.000000e+00 0.000000e+00 0.000000e+00 0.000000e+00 0.000000e+00 0.000000e+00
1.261000e+00 0.000000e+00 -7.266539e+03 -6.490388e+03 0.000000e+00 0.000000e+00 0.000000e+00 -4.136030e+02 -4.122731e+02 2.081303e+03 1.074626e+03 0.000000e+00 0.000000e+00 0.000000e+00 0.000000e+00 0.000000e+00 0.000000e+00 0.000000e+00 0.000000e+00 0.000000e+00
1.262000e+00 0.000000e+00 -7.273085e+03 -6.490638e+03 0.000000e+00 0.000000e+00 0.000000e+00 -4.119741e+02 -4.106310e+02 2.080517e+03 1.070986e+03 0.000000e+00 0.000000e+00 0.000000e+00 0.000000e+00 0.000000e+00 0.000000e+00 0.000000e+00 0.000000e+00 0.000000e+00
1.263000e+00 0.000000e+00 -7.279529e+03 -6.490620e+03 0.000000e+00 0.000000e+00 0.000000e+00 -4.103471e+02 -4.089901e+02 2.079712e+03 1.067339e+03 0.000000e+00 0.000000e+00 0.000000e+00 0.000000e+00 0.000000e+00 0.000000e+00 0.000000e+00 0.000000e+00 0.000000e+00
1.264000e+00 0.000000e+00 -7.285871e+03 -6.490336e+03 0.000000e+00 0.000000e+00 0.000000e+00 -4.087225e+02 -4.073509e+02 2.078888e+03 1.063686e+03 0.000000e+00 0.000000e+00 0.000000e+00 0.000000e+00 0.000000e+00 0.000000e+00 0.000000e+00 0.000000e+00 0.000000e+00
1.265000e+00 0.000000e+00 -7.292110e+03 -6.489791e+03 0.000000e+00 0.000000e+00 0.000000e+00 -4.071004e+02 -4.057137e+02 2.078043e+03 1.060027e+03 0.000000e+00 0.000000e+00 0.000000e+00 0.000000e+00 0.000000e+00 0.000000e+00 0.000000e+00 0.000000e+00 0.000000e+00
1.266000e+00 0.000000e+00 -7.298247e+03 -6.488985e+03 0.000000e+00 0.000000e+00 0.000000e+00 -4.054813e+02 -4.040787e+02 2.077180e+03 1.056362e+03 0.000000e+00 0.000000e+00 0.000000e+00 0.000000e+00 0.000000e+00 0.000000e+00 0.000000e+00 0.000000e+00 0.000000e+00
1.267000e+00 0.000000e+00 -7.304281e+03 -6.487923e+03 0.000000e+00 0.000000e+00 0.000000e+00 -4.038654e+02 -4.024464e+02 2.076296e+03 1.052693e+03 0.000000e+00 0.000000e+00 0.000000e+00 0.000000e+00 0.000000e+00 0.000000e+00 0.000000e+00 0.000000e+00 0.000000e+00
1.268000e+00 0.000000e+00 -7.310214e+03 -6.486606e+03 0.000000e+00 0.000000e+00 0.000000e+00 -4.022530e+02 -4.008169e+02 2.075394e+03 1.049021e+03 0.000000e+00 0.000000e+00 0.000000e+00 0.000000e+00 0.000000e+00 0.000000e+00 0.000000e+00 0.000000e+00 0.000000e+00
1.269000e+00 0.000000e+00 -7.316044e+03 -6.485039e+03 0.000000e+00 0.000000e+00 0.000000e+00 -4.006446e+02 -3.991906e+02 2.074472e+03 1.045345e+03 0.000000e+00 0.000000e+00 0.000000e+00 0.000000e+00 0.000000e+00 0.000000e+00 0.000000e+00 0.000000e+00 0.000000e+00
1.270000e+00 0.000000e+00 -7.321772e+03 -6.483224e+03 0.000000e+00 0.000000e+00 0.000000e+00 -3.990402e+02 -3.975678e+02 2.073531e+03 1.041666e+03 0.000000e+00 0.000000e+00 0.000000e+00 0.000000e+00 0.000000e+00 0.000000e+00 0.000000e+00 0.000000e+00 0.000000e+00
1.271000e+00 0.000000e+00 -7.327398e+03 -6.481165e+03 0.000000e+00 0.000000e+00 0.000000e+00 -3.974404e+02 -3.959488e+02 2.072571e+03 1.037985e+03 0.000000e+00 0.000000e+00 0.000000e+00 0.000000e+00 0.000000e+00 0.000000e+00 0.000000e+00 0.000000e+00 0.000000e+00
1.272000e+00 0.000000e+00 -7.332921e+03 -6.478864e+03 0.000000e+00 0.000000e+00 0.000000e+00 -3.958453e+02 -3.943339e+02 2.071592e+03 1.034303e+03 0.000000e+00 0.000000e+00 0.000000e+00 0.000000e+00 0.000000e+00 0.000000e+00 0.000000e+00 0.000000e+00 0.000000e+00
1.273000e+00 0.000000e+00 -7.338343e+03 -6.476325e+03 0.000000e+00 0.000000e+00 0.000000e+00 -3.942552e+02 -3.927233e+02 2.070594e+03 1.030620e+03 0.000000e+00 0.000000e+00 0.000000e+00 0.000000e+00 0.000000e+00 0.000000e+00 0.000000e+00 0.000000e+00 0.000000e+00
1.274000e+00 0.000000e+00 -7.343662e+03 -6.473552e+03 0.000000e+00 0.000000e+00 0.000000e+00 -3.926704e+02 -3.911174e+02 2.069577e+03 1.026936e+03 0.000000e+00 0.000000e+00 0.000000e+00 0.000000e+00 0.000000e+00 0.000000e+00 0.000000e+00 0.000000e+00 0.000000e+00
1.275000e+00 0.000000e+00 -7.348878e+03 -6.470548e+03 0.000000e+00 0.000000e+00 0.000000e+00 -3.910912e+02 -3.895164e+02 2.068541e+03 1.023253e+03 0.000000e+00 0.000000e+00 0.000000e+00 0.000000e+00 0.000000e+00 0.000000e+00 0.000000e+00 0.000000e+00 0.000000e+00
1.276000e+00 0.000000e+00 -7.353992e+03 -6.467316e+03 0.000000e+00 0.000000e+00 0.000000e+00 -3.895179e+02 -3.879206e+02 2.067486e+03 1.019570e+03 0.000000e+00 0.000000e+00 0.000000e+00 0.000000e+00 0.000000e+00 0.000000e+00 0.000000e+00 0.000000e+00 0.000000e+00
1.277000e+00 0.000000e+00 -7.359003e+03 -6.463861e+03 0.000000e+00 0.000000e+00 0.000000e+00 -3.879507e+02 -3.863303e+02 2.066412e+03 1.015888e+03 0.000000e+00 0.000000e+00 0.000000e+00 0.000000e+00 0.000000e+00 0.000000e+00 0.000000e+00 0.000000e+00 0.000000e+00
1.278000e+00 0.000000e+00 -7.363911e+03 -6.460185e+03 0.000000e+00 0.000000e+00 0.000000e+00 -3.863899e+02 -3.847456e+02 2.065319e+03 1.012209e+03 0.000000e+00 0.000000e+00 0.000000e+00 0.000000e+00 0.000000e+00 0.000000e+00 0.000000e+00 0.000000e+00 0.000000e+00
1.279000e+00 0.000000e+00 -7.368716e+03 -6.456293e+03 0.000000e+00 0.000000e+00 0.000000e+00 -3.848357e+02 -3.831669e+02 2.064208e+03 1.008531e+03 0.000000e+00 0.000000e+00 0.000000e+00 0.000000e+00 0.000000e+00 0.000000e+00 0.000000e+00 0.000000e+00 0.000000e+00
1.280000e+00 0.000000e+00 -7.373417e+03 -6.452189e+03 0.000000e+00 0.000000e+00 0.000000e+00 -3.832883e+02 -3.815943e+02 2.063077e+03 1.004856e+03 0.000000e+00 0.000000e+00 0.000000e+00 0.000000e+00 0.000000e+00 0.000000e+00 0.000000e+00 0.000000e+00 0.000000e+00
1.281000e+00 0.000000e+00 -7.378014e+03 -6.447876e+03 0.000000e+00 0.000000e+00 0.000000e+00 -3.817481e+02 -3.800283e+02 2.061928e+03 1.001184e+03 0.000000e+00 0.000000e+00 0.000000e+00 0.000000e+00 0.000000e+00 0.000000e+00 0.000000e+00 0.000000e+00 0.000000e+00
1.282000e+00 0.000000e+00 -7.382508e+03 -6.443358e+03 0.000000e+00 0.000000e+00 0.000000e+00 -3.802152e+02 -3.784688e+02 2.060760e+03 9.975157e+02 0.000000e+00 0.000000e+00 0.000000e+00 0.000000e+00 0.000000e+00 0.000000e+00 0.000000e+00 0.000000e+00 0.000000e+00
1.283000e+00 0.000000e+00 -7.386897e+03 -6.438639e+03 0.000000e+00 0.000000e+00 0.000000e+00 -3.786899e+02 -3.769163e+02 2.059574e+03 9.938515e+02 0.000000e+00 0.000000e+00 0.000000e+00 0.000000e+00 0.000000e+00 0.000000e+00 0.000000e+00 0.000000e+00 0.000000e+00
1.284000e+00 0.000000e+00 -7.391181e+03 -6.433724e+03 0.000000e+00 0.000000e+00 0.000000e+00 -3.771723e+02 -3.753709e+02 2.058368e+03 9.901916e+02 0.000000e+00 0.000000e+00 0.000000e+00 0.000000e+00 0.000000e+00 0.000000e+00 0.000000e+00 0.000000e+00 0.000000e+00
1.285000e+00 0.000000e+00 -7.395361e+03 -6.428615e+03 0.000000e+00 0.000000e+00 0.000000e+00 -3.756628e+02 -3.738328e+02 2.057144e+03 9.865367e+02 0.000000e+00 0.000000e+00 0.000000e+00 0.000000e+00 0.000000e+00 0.000000e+00 0.000000e+00 0.000000e+00 0.000000e+00
1.286000e+00 0.000000e+00 -7.399434e+03 -6.423318e+03 0.000000e+00 0.000000e+00 0.000000e+00 -3.741615e+02 -3.723023e+02 2.055901e+03 9.828870e+02 0.000000e+00 0.000000e+00 0.000000e+00 0.000000e+00 0.000000e+00 0.000000e+00 0.000000e+00 0.000000e+00 0.000000e+00
1.287000e+00 0.000000e+00 -7.403402e+03 -6.417836e+03 0.000000e+00 0.000000e+00 0.000000e+00 -3.726687e+02 -3.707795e+02 2.054640e+03 9.792429e+02 0.000000e+00 0.000000e+00 0.000000e+00 0.000000e+00 0.000000e+00 0.000000e+00 0.000000e+00 0.000000e+00 0.000000e+00
1.288000e+00 0.000000e+00 -7.407263e+03 -6.412174e+03 0.000000e+00 0.000000e+00 0.000000e+00 -3.711844e+02 -3.692647e+02 2.053359e+03 9.756047e+02 0.000000e+00 0.000000e+00 0.000000e+00 0.000000e+00 0.000000e+00 0.000000e+00 0.000000e+00 0.000000e+00 0.000000e+00
1.289000e+00 0.000000e+00 -7.411018e+03 -6.406335e+03 0.000000e+00 0.000000e+00 0.000000e+00 -3.697089e+02 -3.677580e+02 2.052060e+03 9.719730e+02 0.000000e+00 0.000000e+00 0.000000e+00 0.000000e+00 0.000000e+00 0.000000e+00 0.000000e+00 0.000000e+00 0.000000e+00
1.290000e+00 0.000000e+00 -7.414665e+03 -6.400323e+03 0.000000e+00 0.000000e+00 0.000000e+00 -3.682424e+02 -3.662595e+02 2.050742e+03 9.683479e+02 0.000000e+00 0.000000e+00 0.000000e+00 0.000000e+00 0.000000e+00 0.000000e+00 0.000000e+00 0.000000e+00 0.000000e+00
1.291000e+00 0.000000e+00 -7.418203e+03 -6.394143e+03 0.000000e+00 0.000000e+00 0.000000e+00 -3.667851e+02 -3.647696e+02 2.049405e+03 9.647298e+02 0.000000e+00 0.000000e+00 0.000000e+00 0.000000e+00 0.000000e+00 0.000000e+00 0.000000e+00 0.000000e+00 0.000000e+00
1.292000e+00 0.000000e+00 -7.421634e+03 -6.387799e+03 0.000000e+00 0.000000e+00 0.000000e+00 -3.653370e+02 -3.632883e+02 2.048050e+03 9.611190e+02 0.000000e+00 0.000000e+00 0.000000e+00 0.000000e+00 0.000000e+00 0.000000e+00 0.000000e+00 0.000000e+00 0.000000e+00
1.293000e+00 0.000000e+00 -7.424955e+03 -6.381295e+03 0.000000e+00 0.000000e+00 0.000000e+00 -3.638985e+02 -3.618159e+02 2.046675e+03 9.575159e+02 0.000000e+00 0.000000e+00 0.000000e+00 0.000000e+00 0.000000e+00 0.000000e+00 0.000000e+00 0.000000e+00 0.000000e+00
1.294000e+00 0.000000e+00 -7.428166e+03 -6.374635e+03 0.000000e+00 0.000000e+00 0.000000e+00 -3.624697e+02 -3.603524e+02 2.045282e+03 9.539207e+02 0.000000e+00 0.000000e+00 0.000000e+00 0.000000e+00 0.000000e+00 0.000000e+00 0.000000e+00 0.000000e+00 0.000000e+00
1.295000e+00 0.000000e+00 -7.431267e+03 -6.367824e+03 0.000000e+00 0.000000e+00 0.000000e+00 -3.610506e+02 -3.588981e+02 2.043870e+03 9.503336e+02 0.000000e+00 0.000000e+00 0.000000e+00 0.000000e+00 0.000000e+00 0.000000e+00 0.000000e+00 0.000000e+00 0.000000e+00
1.296000e+00 0.000000e+00 -7.434256e+03 -6.360865e+03 0.000000e+00 0.000000e+00 0.000000e+00 -3.596415e+02 -3.574531e+02 2.042439e+03 9.467551e+02 0.000000e+00 0.000000e+00 0.000000e+00 0.000000e+00 0.000000e+00 0.000000e+00 0.000000e+00 0.000000e+00 0.000000e+00
1.297000e+00 0.000000e+00 -7.437134e+03 -6.353763e+03 0.000000e+00 0.000000e+00 0.000000e+00 -3.582425e+02 -3.560175e+02 2.040989e+03 9.431852e+02 0.000000e+00 0.000000e+00 0.000000e+00 0.000000e+00 0.000000e+00 0.000000e+00 0.000000e+00 0.000000e+00 0.000000e+00
1.298000e+00 0.000000e+00 -7.439899e+03 -6.346522e+03 0.000000e+00 0.000000e+00 0.000000e+00 -3.568537e+02 -3.545915e+02 2.039520e+03 9.396243e+02 0.000000e+00 0.000000e+00 0.000000e+00 0.000000e+00 0.000000e+00 0.000000e+00 0.000000e+00 0.000000e+00 0.000000e+00
1.299000e+00 0.000000e+00 -7.442551e+03 -6.339147e+03 0.000000e+00 0.000000e+00 0.000000e+00 -3.554753e+02 -3.531751e+02 2.038032e+03 9.360726e+02 0.000000e+00 0.000000e+00 0.000000e+00 0.000000e+00 0.000000e+00 0.000000e+00 0.000000e+00 0.000000e+00 0.000000e+00
1.300000e+00 0.000000e+00 -7.445088e+03 -6.331640e+03 0.000000e+00 0.000000e+00 0.000000e+00 -3.541073e+02 -3.517686e+02 2.036524e+03 9.325303e+02 0.000000e+00 0.000000e+00 0.000000e+00 0.000000e+00 0.000000e+00 0.000000e+00 0.000000e+00 0.000000e+00 0.000000e+00
1.301000e+00 0.000000e+00 -7.447511e+03 -6.324007e+03 0.000000e+00 0.000000e+00 0.000000e+00 -3.527500e+02 -3.503721e+02 2.034998e+03 9.289975e+02 0.000000e+00 0.000000e+00 0.000000e+00 0.000000e+00 0.000000e+00 0.000000e+00 0.000000e+00 0.000000e+00 0.000000e+00
1.302000e+00 0.000000e+00 -7.449818e+03 -6.316251e+03 0.000000e+00 0.000000e+00 0.000000e+00 -3.514033e+02 -3.489856e+02 2.033453e+03 9.254746e+02 0.000000e+00 0.000000e+00 0.000000e+00 0.000000e+00 0.000000e+00 0.000000e+00 0.000000e+00 0.000000e+00 0.000000e+00
1.303000e+00 0.000000e+00 -7.452009e+03 -6.308377e+03 0.000000e+00 0.000000e+00 0.000000e+00 -3.500675e+02 -3.476092e+02 2.031888e+03 9.219616e+02 0.000000e+00 0.000000e+00 0.000000e+00 0.000000e+00 0.000000e+00 0.000000e+00 0.000000e+00 0.000000e+00 0.000000e+00
1.304000e+00 0.000000e+00 -7.454082e+03 -6.300388e+03 0.000000e+00 0.000000e+00 0.000000e+00 -3.487426e+02 -3.462431e+02 2.030304e+03 9.184588e+02 0.000000e+00 0.000000e+00 0.000000e+00 0.000000e+00 0.000000e+00 0.000000e+00 0.000000e+00 0.000000e+00 0.000000e+00
1.305000e+00 0.000000e+00 -7.456037e+03 -6.292290e+03 0.000000e+00 0.000000e+00 0.000000e+00 -3.474286e+02 -3.448874e+02 2.028701e+03 9.149663e+02 0.000000e+00 0.000000e+00 0.000000e+00 0.000000e+00 0.000000e+00 0.000000e+00 0.000000e+00 0.000000e+00 0.000000e+00
1.306000e+00 0.000000e+00 -7.457873e+03 -6.284085e+03 0.000000e+00 0.000000e+00 0.000000e+00 -3.461258e+02 -3.435421e+02 2.027079e+03 9.114842e+02 0.000000e+00 0.000000e+00 0.000000e+00 0.000000e+00 0.000000e+00 0.000000e+00 0.000000e+00 0.000000e+00 0.000000e+00
1.307000e+00 0.000000e+00 -7.459588e+03 -6.275778e+03 0.000000e+00 0.000000e+00 0.000000e+00 -3.448341e+02 -3.422073e+02 2.025437e+03 9.080127e+02 0.000000e+00 0.000000e+00 0.000000e+00 0.000000e+00 0.000000e+00 0.000000e+00 0.000000e+00 0.000000e+00 0.000000e+00
1.308000e+00 0.000000e+00 -7.461183e+03 -6.267373e+03 0.000000e+00 0.000000e+00 0.000000e+00 -3.435536e+02 -3.408832e+02 2.023776e+03 9.045519e+02 0.000000e+00 0.000000e+00 0.000000e+00 0.000000e+00 0.000000e+00 0.000000e+00 0.000000e+00 0.000000e+00 0.000000e+00
1.309000e+00 0.000000e+00 -7.462657e+03 -6.258874e+03 0.000000e+00 0.000000e+00 0.000000e+00 -3.422844e+02 -3.395697e+02 2.022095e+03 9.011019e+02 0.000000e+00 0.000000e+00 0.000000e+00 0.000000e+00 0.000000e+00 0.000000e+00 0.000000e+00 0.000000e+00 0.000000e+00
1.310000e+00 0.000000e+00 -7.464007e+03 -6.250284e+03 0.000000e+00 0.000000e+00 0.000000e+00 -3.410267e+02 -3.382669e+02 2.020395e+03 8.976628e+02 0.000000e+00 0.000000e+00 0.000000e+00 0.000000e+00 0.000000e+00 0.000000e+00 0.000000e+00 0.000000e+00 0.000000e+00
1.311000e+00 0.000000e+00 -7.465234e+03 -6.241608e+03 0.000000e+00 0.000000e+00 0.000000e+00 -3.397803e+02 -3.369750e+02 2.018676e+03 8.942348e+02 0.000000e+00 0.000000e+00 0.000000e+00 0.000000e+00 0.000000e+00 0.000000e+00 0.000000e+00 0.000000e+00 0.000000e+00
1.312000e+00 0.000000e+00 -7.466336e+03 -6.232849e+03 0.000000e+00 0.000000e+00 0.000000e+00 -3.385454e+02 -3.356939e+02 2.016937e+03 8.908178e+02 0.000000e+00 0.000000e+00 0.000000e+00 0.000000e+00 0.000000e+00 0.000000e+00 0.000000e+00 0.000000e+00 0.000000e+00
1.313000e+00 0.000000e+00 -7.467312e+03 -6.224012e+03 0.000000e+00 0.000000e+00 0.000000e+00 -3.373220e+02 -3.344237e+02 2.015178e+03 8.874121e+02 0.000000e+00 0.000000e+00 0.000000e+00 0.000000e+00 0.000000e+00 0.000000e+00 0.000000e+00 0.000000e+00 0.000000e+00
1.314000e+00 0.000000e+00 -7.468162e+03 -6.215100e+03 0.000000e+00 0.000000e+00 0.000000e+00 -3.361102e+02 -3.331645e+02 2.013399e+03 8.840175e+02 0.000000e+00 0.000000e+00 0.000000e+00 0.000000e+00 0.000000e+00 0.000000e+00 0.000000e+00 0.000000e+00 0.000000e+00
1.315000e+00 0.000000e+00 -7.468885e+03 -6.206117e+03 0.000000e+00 0.000000e+00 0.000000e+00 -3.349099e+02 -3.319162e+02 2.011601e+03 8.806344e+02 0.000000e+00 0.000000e+00 0.000000e+00 0.000000e+00 0.000000e+00 0.000000e+00 0.000000e+00 0.000000e+00 0.000000e+00
1.316000e+00 0.000000e+00 -7.469479e+03 -6.197066e+03 0.000000e+00 0.000000e+00 0.000000e+00 -3.337213e+02 -3.306790e+02 2.009784e+03 8.772625e+02 0.000000e+00 0.000000e+00 0.000000e+00 0.000000e+00 0.000000e+00 0.000000e+00 0.000000e+00 0.000000e+00 0.000000e+00
1.317000e+00 0.000000e+00 -7.469943e+03 -6.187952e+03 0.000000e+00 0.000000e+00 0.000000e+00 -3.325444e+02 -3.294529e+02 2.007946e+03 8.739022e+02 0.000000e+00 0.000000e+00 0.000000e+00 0.000000e+00 0.000000e+00 0.000000e+00 0.000000e+00 0.000000e+00 0.000000e+00
1.318000e+00 0.000000e+00 -7.470277e+03 -6.178778e+03 0.000000e+00 0.000000e+00 0.000000e+00 -3.313792e+02 -3.282379e+02 2.006089e+03 8.705533e+02 0.000000e+00 0.000000e+00 0.000000e+00 0.000000e+00 0.000000e+00 0.000000e+00 0.000000e+00 0.000000e+00 0.000000e+00
1.319000e+00 0.000000e+00 -7.470480e+03 -6.169547e+03 0.000000e+00 0.000000e+00 0.000000e+00 -3.302257e+02 -3.270339e+02 2.004212e+03 8.672159e+02 0.000000e+00 0.000000e+00 0.000000e+00 0.000000e+00 0.000000e+00 0.000000e+00 0.000000e+00 0.000000e+00 0.000000e+00
1.320000e+00 0.000000e+00 -7.470550e+03 -6.160264e+03 0.000000e+00 0.000000e+00 0.000000e+00 -3.290839e+02 -3.258412e+02 2.002316e+03 8.638900e+02 0.000000e+00 0.000000e+00 0.000000e+00 0.000000e+00 0.000000e+00 0.000000e+00 0.000000e+00 0.000000e+00 0.000000e+00
1.321000e+00 0.000000e+00 -7.470487e+03 -6.150932e+03 0.000000e+00 0.000000e+00 0.000000e+00 -3.279538e+02 -3.246596e+02 2.000399e+03 8.605757e+02 0.000000e+00 0.000000e+00 0.000000e+00 0.000000e+00 0.000000e+00 0.000000e+00 0.000000e+00 0.000000e+00 0.000000e+00
1.322000e+00 0.000000e+00 -7.470290e+03 -6.141553e+03 0.000000e+00 0.000000e+00 0.000000e+00 -3.268355e+02 -3.234891e+02 1.998463e+03 8.572730e+02 0.000000e+00 0.000000e+00 0.000000e+00 0.000000e+00 0.000000e+00 0.000000e+00 0.000000e+00 0.000000e+00 0.000000e+00
1.323000e+00 0.000000e+00 -7.469957e+03 -6.132133e+03 0.000000e+00 0.000000e+00 0.000000e+00 -3.257289e+02 -3.223298e+02 1.996507e+03 8.539818e+02 0.000000e+00 0.000000e+00 0.000000e+00 0.000000e+00 0.000000e+00 0.000000e+00 0.000000e+00 0.000000e+00 0.000000e+00
1.324000e+00 0.000000e+00 -7.469489e+03 -6.122673e+03 0.000000e+00 0.000000e+00 0.000000e+00 -3.246341e+02 -3.211817e+02 1.994531e+03 8.507023e+02 0.000000e+00 0.000000e+00 0.000000e+00 0.000000e+00 0.000000e+00 0.000000e+00 0.000000e+00 0.000000e+00 0.000000e+00
1.325000e+00 0.000000e+00 -7.468883e+03 -6.113178e+03 0.000000e+00 0.000000e+00 0.000000e+00 -3.235509e+02 -3.200448e+02 1.992535e+03 8.474343e+02 0.000000e+00 0.000000e+00 0.000000e+00 0.000000e+00 0.000000e+00 0.000000e+00 0.000000e+00 0.000000e+00 0.000000e+00
1.326000e+00 0.000000e+00 -7.468139e+03 -6.103651e+03 0.000000e+00 0.000000e+00 0.000000e+00 -3.224795e+02 -3.189190e+02 1.990520e+03 8.441778e+02 0.000000e+00 0.000000e+00 0.000000e+00 0.000000e+00 0.000000e+00 0.000000e+00 0.000000e+00 0.000000e+00 0.000000e+00
1.327000e+00 0.000000e+00 -7.467257e+03 -6.094094e+03 0.000000e+00 0.000000e+00 0.000000e+00 -3.214197e+02 -3.178044e+02 1.988485e+03 8.409329e+02 0.000000e+00 0.000000e+00 0.000000e+00 0.000000e+00 0.000000e+00 0.000000e+00 0.000000e+00 0.000000e+00 0.000000e+00
1.328000e+00 0.000000e+00 -7.466235e+03 -6.084512e+03 0.000000e+00 0.000000e+00 0.000000e+00 -3.203716e+02 -3.167008e+02 1.986430e+03 8.376996e+02 0.000000e+00 0.000000e+00 0.000000e+00 0.000000e+00 0.000000e+00 0.000000e+00 0.000000e+00 0.000000e+00 0.000000e+00
1.329000e+00 0.000000e+00 -7.465072e+03 -6.074907e+03 0.000000e+00 0.000000e+00 0.000000e+00 -3.193352e+02 -3.156084e+02 1.984355e+03 8.344777e+02 0.000000e+00 0.000000e+00 0.000000e+00 0.000000e+00 0.000000e+00 0.000000e+00 0.000000e+00 0.000000e+00 0.000000e+00
1.330000e+00 0.000000e+00 -7.463768e+03 -6.065282e+03 0.000000e+00 0.000000e+00 0.000000e+00 -3.183103e+02 -3.145271e+02 1.982261e+03 8.312674e+02 0.000000e+00 0.000000e+00 0.000000e+00 0.000000e+00 0.000000e+00 0.000000e+00 0.000000e+00 0.000000e+00 0.000000e+00
1.331000e+00 0.000000e+00 -7.462321e+03 -6.055641e+03 0.000000e+00 0.000000e+00 0.000000e+00 -3.172971e+02 -3.134568e+02 1.980146e+03 8.280684e+02 0.000000e+00 0.000000e+00 0.000000e+00 0.000000e+00 0.000000e+00 0.000000e+00 0.000000e+00 0.000000e+00 0.000000e+00
1.332000e+00 0.000000e+00 -7.460731e+03 -6.045986e+03 0.000000e+00 0.000000e+00 0.000000e+00 -3.162953e+02 -3.123975e+02 1.978013e+03 8.248809e+02 0.000000e+00 0.000000e+00 0.000000e+00 0.000000e+00 0.000000e+00 0.000000e+00 0.000000e+00 0.000000e+00 0.000000e+00
1.333000e+00 0.000000e+00 -7.458998e+03 -6.036321e+03 0.000000e+00 0.000000e+00 0.000000e+00 -3.153051e+02 -3.113493e+02 1.975859e+03 8.217048e+02 0.000000e+00 0.000000e+00 0.000000e+00 0.000000e+00 0.000000e+00 0.000000e+00 0.000000e+00 0.000000e+00 0.000000e+00
1.334000e+00 0.000000e+00 -7.457119e+03 -6.026648e+03 0.000000e+00 0.000000e+00 0.000000e+00 -3.143263e+02 -3.103119e+02 1.973687e+03 8.185400e+02 0.000000e+00 0.000000e+00 0.000000e+00 0.000000e+00 0.000000e+00 0.000000e+00 0.000000e+00 0.000000e+00 0.000000e+00
1.335000e+00 0.000000e+00 -7.455096e+03 -6.016971e+03 0.000000e+00 0.000000e+00 0.000000e+00 -3.133589e+02 -3.092855e+02 1.971494e+03 8.153865e+02 0.000000e+00 0.000000e+00 0.000000e+00 0.000000e+00 0.000000e+00 0.000000e+00 0.000000e+00 0.000000e+00 0.000000e+00
1.336000e+00 0.000000e+00 -7.452926e+03 -6.007292e+03 0.000000e+00 0.000000e+00 0.000000e+00 -3.124029e+02 -3.082700e+02 1.969283e+03 8.122442e+02 0.000000e+00 0.000000e+00 0.000000e+00 0.000000e+00 0.000000e+00 0.000000e+00 0.000000e+00 0.000000e+00 0.000000e+00
1.337000e+00 0.000000e+00 -7.450610e+03 -5.997614e+03 0.000000e+00 0.000000e+00 0.000000e+00 -3.114582e+02 -3.072653e+02 1.967052e+03 8.091132e+02 0.000000e+00 0.000000e+00 0.000000e+00 0.000000e+00 0.000000e+00 0.000000e+00 0.000000e+00 0.000000e+00 0.000000e+00
1.338000e+00 0.000000e+00 -7.448146e+03 -5.987939e+03 0.000000e+00 0.000000e+00 0.000000e+00 -3.105247e+02 -3.062714e+02 1.964802e+03 8.059933e+02 0.000000e+00 0.000000e+00 0.000000e+00 0.000000e+00 0.000000e+00 0.000000e+00 0.000000e+00 0.000000e+00 0.000000e+00
1.339000e+00 0.000000e+00 -7.445534e+03 -5.978271e+03 0.000000e+00 0.000000e+00 0.000000e+00 -3.096024e+02 -3.052882e+02 1.962532e+03 8.028845e+02 0.000000e+00 0.000000e+00 0.000000e+00 0.000000e+00 0.000000e+00 0.000000e+00 0.000000e+00 0.000000e+00 0.000000e+00
1.340000e+00 0.000000e+00 -7.442774e+03 -5.968612e+03 0.000000e+00 0.000000e+00 0.000000e+00 -3.086912e+02 -3.043156e+02 1.960244e+03 7.997868e+02 0.000000e+00 0.000000e+00 0.000000e+00 0.000000e+00 0.000000e+00 0.000000e+00 0.000000e+00 0.000000e+00 0.000000e+00
1.341000e+00 0.000000e+00 -7.439864e+03 -5.958964e+03 0.000000e+00 0.000000e+00 0.000000e+00 -3.077911e+02 -3.033537e+02 1.957936e+03 7.967000e+02 0.000000e+00 0.000000e+00 0.000000e+00 0.000000e+00 0.000000e+00 0.000000e+00 0.000000e+00 0.000000e+00 0.000000e+00
1.342000e+00 0.000000e+00 -7.436805e+03 -5.949331e+03 0.000000e+00 0.000000e+00 0.000000e+00 -3.069019e+02 -3.024023e+02 1.955610e+03 7.936242e+02 0.000000e+00 0.000000e+00 0.000000e+00 0.000000e+00 0.000000e+00 0.000000e+00 0.000000e+00 0.000000e+00 0.000000e+00
1.343000e+00 0.000000e+00 -7.433595e+03 -5.939714e+03 0.000000e+00 0.000000e+00 0.000000e+00 -3.060237e+02 -3.014613e+02 1.953265e+03 7.905592e+02 0.000000e+00 0.000000e+00 0.000000e+00 0.000000e+00 0.000000e+00 0.000000e+00 0.000000e+00 0.000000e+00 0.000000e+00
1.344000e+00 0.000000e+00 -7.430235e+03 -5.930117e+03 0.000000e+00 0.000000e+00 0.000000e+00 -3.051563e+02 -3.005308e+02 1.950902e+03 7.875051e+02 0.000000e+00 0.000000e+00 0.000000e+00 0.000000e+00 0.000000e+00 0.000000e+00 0.000000e+00 0.000000e+00 0.000000e+00
1.345000e+00 0.000000e+00 -7.426724e+03 -5.920541e+03 0.000000e+00 0.000000e+00 0.000000e+00 -3.042997e+02 -2.996106e+02 1.948520e+03 7.844617e+02 0.000000e+00 0.000000e+00 0.000000e+00 0.000000e+00 0.000000e+00 0.000000e+00 0.000000e+00 0.000000e+00 0.000000e+00
1.346000e+00 0.000000e+00 -7.423061e+03 -5.910988e+03 0.000000e+00 0.000000e+00 0.000000e+00 -3.034537e+02 -2.987007e+02 1.946120e+03 7.814289e+02 0.000000e+00 0.000000e+00 0.000000e+00 0.000000e+00 0.000000e+00 0.000000e+00 0.000000e+00 0.000000e+00 0.000000e+00
1.347000e+00 0.000000e+00 -7.419247e+03 -5.901462e+03 0.000000e+00 0.000000e+00 0.000000e+00 -3.026183e+02 -2.978010e+02 1.943702e+03 7.784068e+02 0.000000e+00 0.000000e+00 0.000000e+00 0.000000e+00 0.000000e+00 0.000000e+00 0.000000e+00 0.000000e+00 0.000000e+00
1.348000e+00 0.000000e+00 -7.415281e+03 -5.891965e+03 0.000000e+00 0.000000e+00 0.000000e+00 -3.017934e+02 -2.969113e+02 1.941265e+03 7.753952e+02 0.000000e+00 0.000000e+00 0.000000e+00 0.000000e+00 0.000000e+00 0.000000e+00 0.000000e+00 0.000000e+00 0.000000e+00
1.349000e+00 0.000000e+00 -7.411162e+03 -5.882498e+03 0.000000e+00 0.000000e+00 0.000000e+00 -3.009790e+02 -2.960317e+02 1.938811e+03 7.723941e+02 0.000000e+00 0.000000e+00 0.000000e+00 0.000000e+00 0.000000e+00 0.000000e+00 0.000000e+00 0.000000e+00 0.000000e+00
1.350000e+00 0.000000e+00 -7.406892e+03 -5.873065e+03 0.000000e+00 0.000000e+00 0.000000e+00 -3.001748e+02 -2.951621e+02 1.936339e+03 7.694035e+02 0.000000e+00 0.000000e+00 0.000000e+00 0.000000e+00 0.000000e+00 0.000000e+00 0.000000e+00 0.000000e+00 0.000000e+00
1.351000e+00 0.000000e+00 -7.402468e+03 -5.863666e+03 0.000000e+00 0.000000e+00 0.000000e+00 -2.993809e+02 -2.943023e+02 1.933850e+03 7.664232e+02 0.000000e+00 0.000000e+00 0.000000e+00 0.000000e+00 0.000000e+00 0.000000e+00 0.000000e+00 0.000000e+00 0.000000e+00
1.352000e+00 0.000000e+00 -7.397892e+03 -5.854304e+03 0.000000e+00 0.000000e+00 0.000000e+00 -2.985972e+02 -2.934524e+02 1.931344e+03 7.634532e+02 0.000000e+00 0.000000e+00 0.000000e+00 0.000000e+00 0.000000e+00 0.000000e+00 0.000000e+00 0.000000e+00 0.000000e+00
1.353000e+00 0.000000e+00 -7.393163e+03 -5.844982e+03 0.000000e+00 0.000000e+00 0.000000e+00 -2.978235e+02 -2.926121e+02 1.928820e+03 7.604934e+02 0.000000e+00 0.000000e+00 0.000000e+00 0.000000e+00 0.000000e+00 0.000000e+00 0.000000e+00 0.000000e+00 0.000000e+00
1.354000e+00 0.000000e+00 -7.388281e+03 -5.835701e+03 0.000000e+00 0.000000e+00 0.000000e+00 -2.970597e+02 -2.917814e+02 1.926280e+03 7.575438e+02 0.000000e+00 0.000000e+00 0.000000e+00 0.000000e+00 0.000000e+00 0.000000e+00 0.000000e+00 0.000000e+00 0.000000e+00
1.355000e+00 0.000000e+00 -7.383246e+03 -5.826463e+03 0.000000e+00 0.000000e+00 0.000000e+00 -2.963058e+02 -2.909602e+02 1.923722e+03 7.546043e+02 0.000000e+00 0.000000e+00 0.000000e+00 0.000000e+00 0.000000e+00 0.000000e+00 0.000000e+00 0.000000e+00 0.000000e+00
1.356000e+00 0.000000e+00 -7.378059e+03 -5.817271e+03 0.000000e+00 0.000000e+00 0.000000e+00 -2.955616e+02 -2.901485e+02 1.921149e+03 7.516748e+02 0.000000e+00 0.000000e+00 0.000000e+00 0.000000e+00 0.000000e+00 0.000000e+00 0.000000e+00 0.000000e+00 0.000000e+00
1.357000e+00 0.000000e+00 -7.372719e+03 -5.808125e+03 0.000000e+00 0.000000e+00 0.000000e+00 -2.948270e+02 -2.893460e+02 1.918559e+03 7.487553e+02 0.000000e+00 0.000000e+00 0.000000e+00 0.000000e+00 0.000000e+00 0.000000e+00 0.000000e+00 0.000000e+00 0.000000e+00
1.358000e+00 0.000000e+00 -7.367226e+03 -5.799028e+03 0.000000e+00 0.000000e+00 0.000000e+00 -2.941020e+02 -2.885528e+02 1.915954e+03 7.458456e+02 0.000000e+00 0.000000e+00 0.000000e+00 0.000000e+00 0.000000e+00 0.000000e+00 0.000000e+00 0.000000e+00 0.000000e+00
1.359000e+00 0.000000e+00 -7.361581e+03 -5.789982e+03 0.000000e+00 0.000000e+00 0.000000e+00 -2.933864e+02 -2.877687e+02 1.913332e+03 7.429458e+02 0.000000e+00 0.000000e+00 0.000000e+00 0.000000e+00 0.000000e+00 0.000000e+00 0.000000e+00 0.000000e+00 0.000000e+00
1.360000e+00 0.000000e+00 -7.355785e+03 -5.780988e+03 0.000000e+00 0.000000e+00 0.000000e+00 -2.926800e+02 -2.869935e+02 1.910695e+03 7.400557e+02 0.000000e+00 0.000000e+00 0.000000e+00 0.000000e+00 0.000000e+00 0.000000e+00 0.000000e+00 0.000000e+00 0.000000e+00
1.361000e+00 0.000000e+00 -7.349837e+03 -5.772049e+03 0.000000e+00 0.000000e+00 0.000000e+00 -2.919829e+02 -2.862273e+02 1.908043e+03 7.371753e+02 0.000000e+00 0.000000e+00 0.000000e+00 0.000000e+00 0.000000e+00 0.000000e+00 0.000000e+00 0.000000e+00 0.000000e+00
1.362000e+00 0.000000e+00 -7.343737e+03 -5.763165e+03 0.000000e+00 0.000000e+00 0.000000e+00 -2.912948e+02 -2.854700e+02 1.905376e+03 7.343045e+02 0.000000e+00 0.000000e+00 0.000000e+00 0.000000e+00 0.000000e+00 0.000000e+00 0.000000e+00 0.000000e+00 0.000000e+00
1.363000e+00 0.000000e+00 -7.337487e+03 -5.754338e+03 0.000000e+00 0.000000e+00 0.000000e+00 -2.906157e+02 -2.847213e+02 1.902695e+03 7.314433e+02 0.000000e+00 0.000000e+00 0.000000e+00 0.000000e+00 0.000000e+00 0.000000e+00 0.000000e+00 0.000000e+00 0.000000e+00
1.364000e+00 0.000000e+00 -7.331086e+03 -5.745571e+03 0.000000e+00 0.000000e+00 0.000000e+00 -2.899454e+02 -2.839811e+02 1.899999e+03 7.285915e+02 0.000000e+00 0.000000e+00 0.000000e+00 0.000000e+00 0.000000e+00 0.000000e+00 0.000000e+00 0.000000e+00 0.000000e+00
1.365000e+00 0.000000e+00 -7.324535e+03 -5.736864e+03 0.000000e+00 0.000000e+00 0.000000e+00 -2.892839e+02 -2.832495e+02 1.897289e+03 7.257492e+02 0.000000e+00 0.000000e+00 0.000000e+00 0.000000e+00 0.000000e+00 0.000000e+00 0.000000e+00 0.000000e+00 0.000000e+00
1.366000e+00 0.000000e+00 -7.317835e+03 -5.728220e+03 0.000000e+00 0.000000e+00 0.000000e+00 -2.886309e+02 -2.825262e+02 1.894565e+03 7.229163e+02 0.000000e+00 0.000000e+00 0.000000e+00 0.000000e+00 0.000000e+00 0.000000e+00 0.000000e+00 0.000000e+00 0.000000e+00
1.367000e+00 0.000000e+00 -7.310986e+03 -5.719639e+03 0.000000e+00 0.000000e+00 0.000000e+00 -2.879864e+02 -2.818112e+02 1.891828e+03 7.200926e+02 0.000000e+00 0.000000e+00 0.000000e+00 0.000000e+00 0.000000e+00 0.000000e+00 0.000000e+00 0.000000e+00 0.000000e+00
1.368000e+00 0.000000e+00 -7.303990e+03 -5.711123e+03 0.000000e+00 0.000000e+00 0.000000e+00 -2.873503e+02 -2.811043e+02 1.889077e+03 7.172781e+02 0.000000e+00 0.000000e+00 0.000000e+00 0.000000e+00 0.000000e+00 0.000000e+00 0.000000e+00 0.000000e+00 0.000000e+00
1.369000e+00 0.000000e+00 -7.296846e+03 -5.702673e+03 0.000000e+00 0.000000e+00 0.000000e+00 -2.867224e+02 -2.804055e+02 1.886314e+03 7.144728e+02 0.000000e+00 0.000000e+00 0.000000e+00 0.000000e+00 0.000000e+00 0.000000e+00 0.000000e+00 0.000000e+00 0.000000e+00
1.370000e+00 0.000000e+00 -7.289555e+03 -5.694291e+03 0.000000e+00 0.000000e+00 0.000000e+00 -2.861025e+02 -2.797145e+02 1.883538e+03 7.116766e+02 0.000000e+00 0.000000e+00 0.000000e+00 0.000000e+00 0.000000e+00 0.000000e+00 0.000000e+00 0.000000e+00 0.000000e+00
1.371000e+00 0.000000e+00 -7.282119e+03 -5.685978e+03 0.000000e+00 0.000000e+00 0.000000e+00 -2.854906e+02 -2.790313e+02 1.880750e+03 7.088894e+02 0.000000e+00 0.000000e+00 0.000000e+00 0.000000e+00 0.000000e+00 0.000000e+00 0.000000e+00 0.000000e+00 0.000000e+00
1.372000e+00 0.000000e+00 -7.274537e+03 -5.677736e+03 0.000000e+00 0.000000e+00 0.000000e+00 -2.848866e+02 -2.783557e+02 1.877950e+03 7.061111e+02 0.000000e+00 0.000000e+00 0.000000e+00 0.000000e+00 0.000000e+00 0.000000e+00 0.000000e+00 0.000000e+00 0.000000e+00
1.373000e+00 0.000000e+00 -7.266812e+03 -5.669565e+03 0.000000e+00 0.000000e+00 0.000000e+00 -2.842902e+02 -2.776877e+02 1.875139e+03 7.033417e+02 0.000000e+00 0.000000e+00 0.000000e+00 0.000000e+00 0.000000e+00 0.000000e+00 0.000000e+00 0.000000e+00 0.000000e+00
1.374000e+00 0.000000e+00 -7.258944e+03 -5.661467e+03 0.000000e+00 0.000000e+00 0.000000e+00 -2.837014e+02 -2.770271e+02 1.872316e+03 7.005811e+02 0.000000e+00 0.000000e+00 0.000000e+00 0.000000e+00 0.000000e+00 0.000000e+00 0.000000e+00 0.000000e+00 0.000000e+00
1.375000e+00 0.000000e+00 -7.250934e+03 -5.653443e+03 0.000000e+00 0.000000e+00 0.000000e+00 -2.831199e+02 -2.763737e+02 1.869483e+03 6.978292e+02 0.000000e+00 0.000000e+00 0.000000e+00 0.000000e+00 0.000000e+00 0.000000e+00 0.000000e+00 0.000000e+00 0.000000e+00
1.376000e+00 0.000000e+00 -7.242783e+03 -5.645493e+03 0.000000e+00 0.000000e+00 0.000000e+00 -2.825458e+02 -2.757275e+02 1.866639e+03 6.950860e+02 0.000000e+00 0.000000e+00 0.000000e+00 0.000000e+00 0.000000e+00 0.000000e+00 0.000000e+00 0.000000e+00 0.000000e+00
1.377000e+00 0.000000e+00 -7.234492e+03 -5.637620e+03 0.000000e+00 0.000000e+00 0.000000e+00 -2.819788e+02 -2.750884e+02 1.863785e+03 6.923514e+02 0.000000e+00 0.000000e+00 0.000000e+00 0.000000e+00 0.000000e+00 0.000000e+00 0.000000e+00 0.000000e+00 0.000000e+00
1.378000e+00 0.000000e+00 -7.226062e+03 -5.629824e+03 0.000000e+00 0.000000e+00 0.000000e+00 -2.814189e+02 -2.744561e+02 1.860921e+03 6.896253e+02 0.000000e+00 0.000000e+00 0.000000e+00 0.000000e+00 0.000000e+00 0.000000e+00 0.000000e+00 0.000000e+00 0.000000e+00
1.379000e+00 0.000000e+00 -7.217495e+03 -5.622106e+03 0.000000e+00 0.000000e+00 0.000000e+00 -2.808657e+02 -2.738305e+02 1.858048e+03 6.869076e+02 0.000000e+00 0.000000e+00 0.000000e+00 0.000000e+00 0.000000e+00 0.000000e+00 0.000000e+00 0.000000e+00 0.000000e+00
1.380000e+00 0.000000e+00 -7.208792e+03 -5.614468e+03 0.000000e+00 0.000000e+00 0.000000e+00 -2.803194e+02 -2.732116e+02 1.855166e+03 6.841984e+02 0.000000e+00 0.000000e+00 0.000000e+00 0.000000e+00 0.000000e+00 0.000000e+00 0.000000e+00 0.000000e+00 0.000000e+00
1.381000e+00 0.000000e+00 -7.199954e+03 -5.606909e+03 0.000000e+00 0.000000e+00 0.000000e+00 -2.797795e+02 -2.725992e+02 1.852275e+03 6.814974e+02 0.000000e+00 0.000000e+00 0.000000e+00 0.000000e+00 0.000000e+00 0.000000e+00 0.000000e+00 0.000000e+00 0.000000e+00
1.382000e+00 0.000000e+00 -7.190982e+03 -5.599431e+03 0.000000e+00 0.000000e+00 0.000000e+00 -2.792461e+02 -2.719931e+02 1.849376e+03 6.788047e+02 0.000000e+00 0.000000e+00 0.000000e+00 0.000000e+00 0.000000e+00 0.000000e+00 0.000000e+00 0.000000e+00 0.000000e+00
1.383000e+00 0.000000e+00 -7.181878e+03 -5.592035e+03 0.000000e+00 0.000000e+00 0.000000e+00 -2.787190e+02 -2.713933e+02 1.846470e+03 6.761201e+02 0.000000e+00 0.000000e+00 0.000000e+00 0.000000e+00 0.000000e+00 0.000000e+00 0.000000e+00 0.000000e+00 0.000000e+00
1.384000e+00 0.000000e+00 -7.172643e+03 -5.584721e+03 0.000000e+00 0.000000e+00 0.000000e+00 -2.781980e+02 -2.707995e+02 1.843555e+03 6.734436e+02 0.000000e+00 0.000000e+00 0.000000e+00 0.000000e+00 0.000000e+00 0.000000e+00 0.000000e+00 0.000000e+00 0.000000e+00
1.385000e+00 0.000000e+00 -7.163280e+03 -5.577491e+03 0.000000e+00 0.000000e+00 0.000000e+00 -2.776830e+02 -2.702117e+02 1.840634e+03 6.707751e+02 0.000000e+00 0.000000e+00 0.000000e+00 0.000000e+00 0.000000e+00 0.000000e+00 0.000000e+00 0.000000e+00 0.000000e+00
1.386000e+00 0.000000e+00 -7.153788e+03 -5.570344e+03 0.000000e+00 0.000000e+00 0.000000e+00 -2.771739e+02 -2.696296e+02 1.837706e+03 6.681145e+02 0.000000e+00 0.000000e+00 0.000000e+00 0.000000e+00 0.000000e+00 0.000000e+00 0.000000e+00 0.000000e+00 0.000000e+00
1.387000e+00 0.000000e+00 -7.144170e+03 -5.563282e+03 0.000000e+00 0.000000e+00 0.000000e+00 -2.766703e+02 -2.690532e+02 1.834771e+03 6.654617e+02 0.000000e+00 0.000000e+00 0.000000e+00 0.000000e+00 0.000000e+00 0.000000e+00 0.000000e+00 0.000000e+00 0.000000e+00
1.388000e+00 0.000000e+00 -7.134428e+03 -5.556305e+03 0.000000e+00 0.000000e+00 0.000000e+00 -2.761724e+02 -2.684823e+02 1.831831e+03 6.628166e+02 0.000000e+00 0.000000e+00 0.000000e+00 0.000000e+00 0.000000e+00 0.000000e+00 0.000000e+00 0.000000e+00 0.000000e+00
1.389000e+00 0.000000e+00 -7.124563e+03 -5.549414e+03 0.000000e+00 0.000000e+00 0.000000e+00 -2.756798e+02 -2.679168e+02 1.828885e+03 6.601792e+02 0.000000e+00 0.000000e+00 0.000000e+00 0.000000e+00 0.000000e+00 0.000000e+00 0.000000e+00 0.000000e+00 0.000000e+00
1.390000e+00 0.000000e+00 -7.114576e+03 -5.542610e+03 0.000000e+00 0.000000e+00 0.000000e+00 -2.751924e+02 -2.673565e+02 1.825934e+03 6.575494e+02 0.000000e+00 0.000000e+00 0.000000e+00 0.000000e+00 0.000000e+00 0.000000e+00 0.000000e+00 0.000000e+00 0.000000e+00
1.391000e+00 0.000000e+00 -7.104470e+03 -5.535892e+03 0.000000e+00 0.000000e+00 0.000000e+00 -2.747100e+02 -2.668013e+02 1.822979e+03 6.549271e+02 0.000000e+00 0.000000e+00 0.000000e+00 0.000000e+00 0.000000e+00 0.000000e+00 0.000000e+00 0.000000e+00 0.000000e+00
1.392000e+00 0.000000e+00 -7.094246e+03 -5.529262e+03 0.000000e+00 0.000000e+00 0.000000e+00 -2.742326e+02 -2.662510e+02 1.820019e+03 6.523122e+02 0.000000e+00 0.000000e+00 0.000000e+00 0.000000e+00 0.000000e+00 0.000000e+00 0.000000e+00 0.000000e+00 0.000000e+00
1.393000e+00 0.000000e+00 -7.083906e+03 -5.522719e+03 0.000000e+00 0.000000e+00 0.000000e+00 -2.737599e+02 -2.657055e+02 1.817055e+03 6.497046e+02 0.000000e+00 0.000000e+00 0.000000e+00 0.000000e+00 0.000000e+00 0.000000e+00 0.000000e+00 0.000000e+00 0.000000e+00
1.394000e+00 0.000000e+00 -7.073452e+03 -5.516265e+03 0.000000e+00 0.000000e+00 0.000000e+00 -2.732919e+02 -2.651646e+02 1.814088e+03 6.471042e+02 0.000000e+00 0.000000e+00 0.000000e+00 0.000000e+00 0.000000e+00 0.000000e+00 0.000000e+00 0.000000e+00 0.000000e+00
1.395000e+00 0.000000e+00 -7.062885e+03 -5.509898e+03 0.000000e+00 0.000000e+00 0.000000e+00 -2.728282e+02 -2.646281e+02 1.811118e+03 6.445109e+02 0.000000e+00 0.000000e+00 0.000000e+00 0.000000e+00 0.000000e+00 0.000000e+00 0.000000e+00 0.000000e+00 0.000000e+00
1.396000e+00 0.000000e+00 -7.052208e+03 -5.503621e+03 0.000000e+00 0.000000e+00 0.000000e+00 -2.723688e+02 -2.640961e+02 1.808144e+03 6.419246e+02 0.000000e+00 0.000000e+00 0.000000e+00 0.000000e+00 0.000000e+00 0.000000e+00 0.000000e+00 0.000000e+00 0.000000e+00
1.397000e+00 0.000000e+00 -7.041423e+03 -5.497433e+03 0.000000e+00 0.000000e+00 0.000000e+00 -2.719135e+02 -2.635681e+02 1.805169e+03 6.393453e+02 0.000000e+00 0.000000e+00 0.000000e+00 0.000000e+00 0.000000e+00 0.000000e+00 0.000000e+00 0.000000e+00 0.000000e+00
1.398000e+00 0.000000e+00 -7.030531e+03 -5.491333e+03 0.000000e+00 0.000000e+00 0.000000e+00 -2.714622e+02 -2.630442e+02 1.802192e+03 6.367728e+02 0.000000e+00 0.000000e+00 0.000000e+00 0.000000e+00 0.000000e+00 0.000000e+00 0.000000e+00 0.000000e+00 0.000000e+00
1.399000e+00 0.000000e+00 -7.019534e+03 -5.485323e+03 0.000000e+00 0.000000e+00 0.000000e+00 -2.710146e+02 -2.625242e+02 1.799213e+03 6.342070e+02 0.000000e+00 0.000000e+00 0.000000e+00 0.000000e+00 0.000000e+00 0.000000e+00 0.000000e+00 0.000000e+00 0.000000e+00
1.400000e+00 0.000000e+00 -7.008435e+03 -5.479403e+03 0.000000e+00 0.000000e+00 0.000000e+00 -2.705706e+02 -2.620079e+02 1.796234e+03 6.316477e+02 0.000000e+00 0.000000e+00 0.000000e+00 0.000000e+00 0.000000e+00 0.000000e+00 0.000000e+00 0.000000e+00 0.000000e+00
1.401000e+00 0.000000e+00 -6.997235e+03 -5.473571e+03 0.000000e+00 0.000000e+00 0.000000e+00 -2.701301e+02 -2.614951e+02 1.793253e+03 6.290950e+02 0.000000e+00 0.000000e+00 0.000000e+00 0.000000e+00 0.000000e+00 0.000000e+00 0.000000e+00 0.000000e+00 0.000000e+00
1.402000e+00 0.000000e+00 -6.985936e+03 -5.467830e+03 0.000000e+00 0.000000e+00 0.000000e+00 -2.696928e+02 -2.609857e+02 1.790273e+03 6.265487e+02 0.000000e+00 0.000000e+00 0.000000e+00 0.000000e+00 0.000000e+00 0.000000e+00 0.000000e+00 0.000000e+00 0.000000e+00
1.403000e+00 0.000000e+00 -6.974541e+03 -5.462177e+03 0.000000e+00 0.000000e+00 0.000000e+00 -2.692587e+02 -2.604796e+02 1.787292e+03 6.240087e+02 0.000000e+00 0.000000e+00 0.000000e+00 0.000000e+00 0.000000e+00 0.000000e+00 0.000000e+00 0.000000e+00 0.000000e+00
1.404000e+00 0.000000e+00 -6.963052e+03 -5.456614e+03 0.000000e+00 0.000000e+00 0.000000e+00 -2.688275e+02 -2.599765e+02 1.784312e+03 6.214748e+02 0.000000e+00 0.000000e+00 0.000000e+00 0.000000e+00 0.000000e+00 0.000000e+00 0.000000e+00 0.000000e+00 0.000000e+00
1.405000e+00 0.000000e+00 -6.951471e+03 -5.451141e+03 0.000000e+00 0.000000e+00 0.000000e+00 -2.683991e+02 -2.594764e+02 1.781333e+03 6.189470e+02 0.000000e+00 0.000000e+00 0.000000e+00 0.000000e+00 0.000000e+00 0.000000e+00 0.000000e+00 0.000000e+00 0.000000e+00
1.406000e+00 0.000000e+00 -6.939800e+03 -5.445756e+03 0.000000e+00 0.000000e+00 0.000000e+00 -2.679734e+02 -2.589790e+02 1.778356e+03 6.164251e+02 0.000000e+00 0.000000e+00 0.000000e+00 0.000000e+00 0.000000e+00 0.000000e+00 0.000000e+00 0.000000e+00 0.000000e+00
1.407000e+00 0.000000e+00 -6.928040e+03 -5.440461e+03 0.000000e+00 0.000000e+00 0.000000e+00 -2.675500e+02 -2.584843e+02 1.775380e+03 6.139090e+02 0.000000e+00 0.000000e+00 0.000000e+00 0.000000e+00 0.000000e+00 0.000000e+00 0.000000e+00 0.000000e+00 0.000000e+00
1.408000e+00 0.000000e+00 -6.916195e+03 -5.435254e+03 0.000000e+00 0.000000e+00 0.000000e+00 -2.671290e+02 -2.579919e+02 1.772406e+03 6.113985e+02 0.000000e+00 0.000000e+00 0.000000e+00 0.000000e+00 0.000000e+00 0.000000e+00 0.000000e+00 0.000000e+00 0.000000e+00
1.409000e+00 0.000000e+00 -6.904267e+03 -5.430135e+03 0.000000e+00 0.000000e+00 0.000000e+00 -2.667100e+02 -2.575019e+02 1.769435e+03 6.088937e+02 0.000000e+00 0.000000e+00 0.000000e+00 0.000000e+00 0.000000e+00 0.000000e+00 0.000000e+00 0.000000e+00 0.000000e+00
1.410000e+00 0.000000e+00 -6.892257e+03 -5.425105e+03 0.000000e+00 0.000000e+00 0.000000e+00 -2.662930e+02 -2.570140e+02 1.766466e+03 6.063942e+02 0.000000e+00 0.000000e+00 0.000000e+00 0.000000e+00 0.000000e+00 0.000000e+00 0.000000e+00 0.000000e+00 0.000000e+00
1.411000e+00 0.000000e+00 -6.880169e+03 -5.420162e+03 0.000000e+00 0.000000e+00 0.000000e+00 -2.658778e+02 -2.565280e+02 1.763501e+03 6.039001e+02 0.000000e+00 0.000000e+00 0.000000e+00 0.000000e+00 0.000000e+00 0.000000e+00 0.000000e+00 0.000000e+00 0.000000e+00
1.412000e+00 0.000000e+00 -6.868003e+03 -5.415306e+03 0.000000e+00 0.000000e+00 0.000000e+00 -2.654642e+02 -2.560439e+02 1.760540e+03 6.014111e+02 0.000000e+00 0.000000e+00 0.000000e+00 0.000000e+00 0.000000e+00 0.000000e+00 0.000000e+00 0.000000e+00 0.000000e+00
1.413000e+00 0.000000e+00 -6.855763e+03 -5.410537e+03 0.000000e+00 0.000000e+00 0.000000e+00 -2.650520e+02 -2.555614e+02 1.757582e+03 5.989271e+02 0.000000e+00 0.000000e+00 0.000000e+00 0.000000e+00 0.000000e+00 0.000000e+00 0.000000e+00 0.000000e+00 0.000000e+00
1.414000e+00 0.000000e+00 -6.843451e+03 -5.405854e+03 0.000000e+00 0.000000e+00 0.000000e+00 -2.646410e+02 -2.550803e+02 1.754629e+03 5.964481e+02 0.000000e+00 0.000000e+00 0.000000e+00 0.000000e+00 0.000000e+00 0.000000e+00 0.000000e+00 0.000000e+00 0.000000e+00
1.415000e+00 0.000000e+00 -6.831069e+03 -5.401257e+03 0.000000e+00 0.000000e+00 0.000000e+00 -2.642311e+02 -2.546006e+02 1.751681e+03 5.939737e+02 0.000000e+00 0.000000e+00 0.000000e+00 0.000000e+00 0.000000e+00 0.000000e+00 0.000000e+00 0.000000e+00 0.000000e+00
1.416000e+00 0.000000e+00 -6.818619e+03 -5.396745e+03 0.000000e+00 0.000000e+00 0.000000e+00 -2.638222e+02 -2.541220e+02 1.748737e+03 5.915040e+02 0.000000e+00 0.000000e+00 0.000000e+00 0.000000e+00 0.000000e+00 0.000000e+00 0.000000e+00 0.000000e+00 0.000000e+00
1.417000e+00 0.000000e+00 -6.806103e+03 -5.392317e+03 0.000000e+00 0.000000e+00 0.000000e+00 -2.634140e+02 -2.536444e+02 1.745800e+03 5.890387e+02 0.000000e+00 0.000000e+00 0.000000e+00 0.000000e+00 0.000000e+00 0.000000e+00 0.000000e+00 0.000000e+00 0.000000e+00
1.418000e+00 0.000000e+00 -6.793525e+03 -5.387973e+03 0.000000e+00 0.000000e+00 0.000000e+00 -2.630064e+02 -2.531676e+02 1.742868e+03 5.865777e+02 0.000000e+00 0.000000e+00 0.000000e+00 0.000000e+00 0.000000e+00 0.000000e+00 0.000000e+00 0.000000e+00 0.000000e+00
1.419000e+00 0.000000e+00 -6.780886e+03 -5.383712e+03 0.000000e+00 0.000000e+00 0.000000e+00 -2.625992e+02 -2.526915e+02 1.739942e+03 5.841209e+02 0.000000e+00 0.000000e+00 0.000000e+00 0.000000e+00 0.000000e+00 0.000000e+00 0.000000e+00 0.000000e+00 0.000000e+00
1.420000e+00 0.000000e+00 -6.768188e+03 -5.379533e+03 0.000000e+00 0.000000e+00 0.000000e+00 -2.621922e+02 -2.522159e+02 1.737023e+03 5.816681e+02 0.000000e+00 0.000000e+00 0.000000e+00 0.000000e+00 0.000000e+00 0.000000e+00 0.000000e+00 0.000000e+00 0.000000e+00
1.421000e+00 0.000000e+00 -6.755434e+03 -5.375435e+03 0.000000e+00 0.000000e+00 0.000000e+00 -2.617853e+02 -2.517406e+02 1.734110e+03 5.792192e+02 0.000000e+00 0.000000e+00 0.000000e+00 0.000000e+00 0.000000e+00 0.000000e+00 0.000000e+00 0.000000e+00 0.000000e+00
1.422000e+00 0.000000e+00 -6.742626e+03 -5.371418e+03 0.000000e+00 0.000000e+00 0.000000e+00 -2.613783e+02 -2.512655e+02 1.731205e+03 5.767739e+02 0.000000e+00 0.000000e+00 0.000000e+00 0.000000e+00 0.000000e+00 0.000000e+00 0.000000e+00 0.000000e+00 0.000000e+00
1.423000e+00 0.000000e+00 -6.729767e+03 -5.367481e+03 0.000000e+00 0.000000e+00 0.000000e+00 -2.609711e+02 -2.507904e+02 1.728308e+03 5.743322e+02 0.000000e+00 0.000000e+00 0.000000e+00 0.000000e+00 0.000000e+00 0.000000e+00 0.000000e+00 0.000000e+00 0.000000e+00
1.424000e+00 0.000000e+00 -6.716858e+03 -5.363622e+03 0.000000e+00 0.000000e+00 0.000000e+00 -2.605634e+02 -2.503152e+02 1.725418e+03 5.718939e+02 0.000000e+00 0.000000e+00 0.000000e+00 0.000000e+00 0.000000e+00 0.000000e+00 0.000000e+00 0.000000e+00 0.000000e+00
1.425000e+00 0.000000e+00 -6.703903e+03 -5.359840e+03 0.000000e+00 0.000000e+00 0.000000e+00 -2.601551e+02 -2.498397e+02 1.722536e+03 5.694588e+02 0.000000e+00 0.000000e+00 0.000000e+00 0.000000e+00 0.000000e+00 0.000000e+00 0.000000e+00 0.000000e+00 0.000000e+00
1.426000e+00 0.000000e+00 -6.690902e+03 -5.356135e+03 0.000000e+00 0.000000e+00 0.000000e+00 -2.597460e+02 -2.493636e+02 1.719663e+03 5.670268e+02 0.000000e+00 0.000000e+00 0.000000e+00 0.000000e+00 0.000000e+00 0.000000e+00 0.000000e+00 0.000000e+00 0.000000e+00
1.427000e+00 0.000000e+00 -6.677860e+03 -5.352506e+03 0.000000e+00 0.000000e+00 0.000000e+00 -2.593360e+02 -2.488870e+02 1.716799e+03 5.645977e+02 0.000000e+00 0.000000e+00 0.000000e+00 0.000000e+00 0.000000e+00 0.000000e+00 0.000000e+00 0.000000e+00 0.000000e+00
1.428000e+00 0.000000e+00 -6.664777e+03 -5.348951e+03 0.000000e+00 0.000000e+00 0.000000e+00 -2.589249e+02 -2.484095e+02 1.713944e+03 5.621713e+02 0.000000e+00 0.000000e+00 0.000000e+00 0.000000e+00 0.000000e+00 0.000000e+00 0.000000e+00 0.000000e+00 0.000000e+00
1.429000e+00 0.000000e+00 -6.651656e+03 -5.345469e+03 0.000000e+00 0.000000e+00 0.000000e+00 -2.585126e+02 -2.479311e+02 1.711098e+03 5.597474e+02 0.000000e+00 0.000000e+00 0.000000e+00 0.000000e+00 0.000000e+00 0.000000e+00 0.000000e+00 0.000000e+00 0.000000e+00
1.430000e+00 0.000000e+00 -6.638500e+03 -5.342059e+03 0.000000e+00 0.000000e+00 0.000000e+00 -2.580988e+02 -2.474516e+02 1.708262e+03 5.573260e+02 0.000000e+00 0.000000e+00 0.000000e+00 0.000000e+00 0.000000e+00 0.000000e+00 0.000000e+00 0.000000e+00 0.000000e+00
1.431000e+00 0.000000e+00 -6.625310e+03 -5.338719e+03 0.000000e+00 0.000000e+00 0.000000e+00 -2.576834e+02 -2.469709e+02 1.705436e+03 5.549068e+02 0.000000e+00 0.000000e+00 0.000000e+00 0.000000e+00 0.000000e+00 0.000000e+00 0.000000e+00 0.000000e+00 0.000000e+00
1.432000e+00 0.000000e+00 -6.612090e+03 -5.335450e+03 0.000000e+00 0.000000e+00 0.000000e+00 -2.572662e+02 -2.464887e+02 1.702620e+03 5.524896e+02 0.000000e+00 0.000000e+00 0.000000e+00 0.000000e+00 0.000000e+00 0.000000e+00 0.000000e+00 0.000000e+00 0.000000e+00
1.433000e+00 0.000000e+00 -6.598840e+03 -5.332248e+03 0.000000e+00 0.000000e+00 0.000000e+00 -2.568471e+02 -2.460049e+02 1.699814e+03 5.500743e+02 0.000000e+00 0.000000e+00 0.000000e+00 0.000000e+00 0.000000e+00 0.000000e+00 0.000000e+00 0.000000e+00 0.000000e+00
1.434000e+00 0.000000e+00 -6.585564e+03 -5.329114e+03 0.000000e+00 0.000000e+00 0.000000e+00 -2.564260e+02 -2.455194e+02 1.697020e+03 5.476608e+02 0.000000e+00 0.000000e+00 0.000000e+00 0.000000e+00 0.000000e+00 0.000000e+00 0.000000e+00 0.000000e+00 0.000000e+00
1.435000e+00 0.000000e+00 -6.572264e+03 -5.326045e+03 0.000000e+00 0.000000e+00 0.000000e+00 -2.560026e+02 -2.450320e+02 1.694236e+03 5.452487e+02 0.000000e+00 0.000000e+00 0.000000e+00 0.000000e+00 0.000000e+00 0.000000e+00 0.000000e+00 0.000000e+00 0.000000e+00
1.436000e+00 0.000000e+00 -6.558941e+03 -5.323040e+03 0.000000e+00 0.000000e+00 0.000000e+00 -2.555768e+02 -2.445426e+02 1.691464e+03 5.428381e+02 0.000000e+00 0.000000e+00 0.000000e+00 0.000000e+00 0.000000e+00 0.000000e+00 0.000000e+00 0.000000e+00 0.000000e+00
1.437000e+00 0.000000e+00 -6.545598e+03 -5.320097e+03 0.000000e+00 0.000000e+00 0.000000e+00 -2.551485e+02 -2.440510e+02 1.688704e+03 5.404286e+02 0.000000e+00 0.000000e+00 0.000000e+00 0.000000e+00 0.000000e+00 0.000000e+00 0.000000e+00 0.000000e+00 0.000000e+00
1.438000e+00 0.000000e+00 -6.532238e+03 -5.317216e+03 0.000000e+00 0.000000e+00 0.000000e+00 -2.547175e+02 -2.435570e+02 1.685955e+03 5.380201e+02 0.000000e+00 0.000000e+00 0.000000e+00 0.000000e+00 0.000000e+00 0.000000e+00 0.000000e+00 0.000000e+00 0.000000e+00
1.439000e+00 0.000000e+00 -6.518861e+03 -5.314395e+03 0.000000e+00 0.000000e+00 0.000000e+00 -2.542836e+02 -2.430606e+02 1.683218e+03 5.356125e+02 0.000000e+00 0.000000e+00 0.000000e+00 0.000000e+00 0.000000e+00 0.000000e+00 0.000000e+00 0.000000e+00 0.000000e+00
1.440000e+00 0.000000e+00 -6.505471e+03 -5.311631e+03 0.000000e+00 0.000000e+00 0.000000e+00 -2.538467e+02 -2.425615e+02 1.680494e+03 5.332055e+02 0.000000e+00 0.000000e+00 0.000000e+00 0.000000e+00 0.000000e+00 0.000000e+00 0.000000e+00 0.000000e+00 0.000000e+00
1.441000e+00 0.000000e+00 -6.492069e+03 -5.308925e+03 0.000000e+00 0.000000e+00 0.000000e+00 -2.534067e+02 -2.420596e+02 1.677782e+03 5.307990e+02 0.000000e+00 0.000000e+00 0.000000e+00 0.000000e+00 0.000000e+00 0.000000e+00 0.000000e+00 0.000000e+00 0.000000e+00
1.442000e+00 0.000000e+00 -6.478658e+03 -5.306273e+03 0.000000e+00 0.000000e+00 0.000000e+00 -2.529633e+02 -2.415548e+02 1.675083e+03 5.283928e+02 0.000000e+00 0.000000e+00 0.000000e+00 0.000000e+00 0.000000e+00 0.000000e+00 0.000000e+00 0.000000e+00 0.000000e+00
1.443000e+00 0.000000e+00 -6.465240e+03 -5.303674e+03 0.000000e+00 0.000000e+00 0.000000e+00 -2.525165e+02 -2.410469e+02 1.672397e+03 5.259867e+02 0.000000e+00 0.000000e+00 0.000000e+00 0.000000e+00 0.000000e+00 0.000000e+00 0.000000e+00 0.000000e+00 0.000000e+00
1.444000e+00 0.000000e+00 -6.451816e+03 -5.301128e+03 0.000000e+00 0.000000e+00 0.000000e+00 -2.520660e+02 -2.405359e+02 1.669724e+03 5.235805e+02 0.000000e+00 0.000000e+00 0.000000e+00 0.000000e+00 0.000000e+00 0.000000e+00 0.000000e+00 0.000000e+00 0.000000e+00
1.445000e+00 0.000000e+00 -6.438388e+03 -5.298631e+03 0.000000e+00 0.000000e+00 0.000000e+00 -2.516119e+02 -2.400214e+02 1.667064e+03 5.211742e+02 0.000000e+00 0.000000e+00 0.000000e+00 0.000000e+00 0.000000e+00 0.000000e+00 0.000000e+00 0.000000e+00 0.000000e+00
1.446000e+00 0.000000e+00 -6.424959e+03 -5.296183e+03 0.000000e+00 0.000000e+00 0.000000e+00 -2.511538e+02 -2.395035e+02 1.664418e+03 5.187674e+02 0.000000e+00 0.000000e+00 0.000000e+00 0.000000e+00 0.000000e+00 0.000000e+00 0.000000e+00 0.000000e+00 0.000000e+00
1.447000e+00 0.000000e+00 -6.411531e+03 -5.293782e+03 0.000000e+00 0.000000e+00 0.000000e+00 -2.506917e+02 -2.389819e+02 1.661786e+03 5.163600e+02 0.000000e+00 0.000000e+00 0.000000e+00 0.000000e+00 0.000000e+00 0.000000e+00 0.000000e+00 0.000000e+00 0.000000e+00
1.448000e+00 0.000000e+00 -6.398105e+03 -5.291426e+03 0.000000e+00 0.000000e+00 0.000000e+00 -2.502255e+02 -2.384566e+02 1.659167e+03 5.139519e+02 0.000000e+00 0.000000e+00 0.000000e+00 0.000000e+00 0.000000e+00 0.000000e+00 0.000000e+00 0.000000e+00 0.000000e+00
1.449000e+00 0.000000e+00 -6.384683e+03 -5.289113e+03 0.000000e+00 0.000000e+00 0.000000e+00 -2.497549e+02 -2.379273e+02 1.656563e+03 5.115428e+02 0.000000e+00 0.000000e+00 0.000000e+00 0.000000e+00 0.000000e+00 0.000000e+00 0.000000e+00 0.000000e+00 0.000000e+00
1.450000e+00 0.000000e+00 -6.371268e+03 -5.286842e+03 0.000000e+00 0.000000e+00 0.000000e+00 -2.492800e+02 -2.373941e+02 1.653973e+03 5.091327e+02 0.000000e+00 0.000000e+00 0.000000e+00 0.000000e+00 0.000000e+00 0.000000e+00 0.000000e+00 0.000000e+00 0.000000e+00
1.451000e+00 0.000000e+00 -6.357861e+03 -5.284610e+03 0.000000e+00 0.000000e+00 0.000000e+00 -2.488004e+02 -2.368566e+02 1.651397e+03 5.067212e+02 0.000000e+00 0.000000e+00 0.000000e+00 0.000000e+00 0.000000e+00 0.000000e+00 0.000000e+00 0.000000e+00 0.000000e+00
1.452000e+00 0.000000e+00 -6.344463e+03 -5.282416e+03 0.000000e+00 0.000000e+00 0.000000e+00 -2.483162e+02 -2.363149e+02 1.648836e+03 5.043083e+02 0.000000e+00 0.000000e+00 0.000000e+00 0.000000e+00 0.000000e+00 0.000000e+00 0.000000e+00 0.000000e+00 0.000000e+00
1.453000e+00 0.000000e+00 -6.331078e+03 -5.280258e+03 0.000000e+00 0.000000e+00 0.000000e+00 -2.478271e+02 -2.357688e+02 1.646290e+03 5.018938e+02 0.000000e+00 0.000000e+00 0.000000e+00 0.000000e+00 0.000000e+00 0.000000e+00 0.000000e+00 0.000000e+00 0.000000e+00
1.454000e+00 0.000000e+00 -6.317706e+03 -5.278135e+03 0.000000e+00 0.000000e+00 0.000000e+00 -2.473330e+02 -2.352181e+02 1.643759e+03 4.994775e+02 0.000000e+00 0.000000e+00 0.000000e+00 0.000000e+00 0.000000e+00 0.000000e+00 0.000000e+00 0.000000e+00 0.000000e+00
1.455000e+00 0.000000e+00 -6.304349e+03 -5.276044e+03 0.000000e+00 0.000000e+00 0.000000e+00 -2.468339e+02 -2.346628e+02 1.641242e+03 4.970592e+02 0.000000e+00 0.000000e+00 0.000000e+00 0.000000e+00 0.000000e+00 0.000000e+00 0.000000e+00 0.000000e+00 0.000000e+00
1.456000e+00 0.000000e+00 -6.291009e+03 -5.273984e+03 0.000000e+00 0.000000e+00 0.000000e+00 -2.463296e+02 -2.341027e+02 1.638741e+03 4.946387e+02 0.000000e+00 0.000000e+00 0.000000e+00 0.000000e+00 0.000000e+00 0.000000e+00 0.000000e+00 0.000000e+00 0.000000e+00
1.457000e+00 0.000000e+00 -6.277687e+03 -5.271952e+03 0.000000e+00 0.000000e+00 0.000000e+00 -2.458199e+02 -2.335376e+02 1.636255e+03 4.922160e+02 0.000000e+00 0.000000e+00 0.000000e+00 0.000000e+00 0.000000e+00 0.000000e+00 0.000000e+00 0.000000e+00 0.000000e+00
1.458000e+00 0.000000e+00 -6.264386e+03 -5.269948e+03 0.000000e+00 0.000000e+00 0.000000e+00 -2.453049e+02 -2.329676e+02 1.633785e+03 4.897908e+02 0.000000e+00 0.000000e+00 0.000000e+00 0.000000e+00 0.000000e+00 0.000000e+00 0.000000e+00 0.000000e+00 0.000000e+00
1.459000e+00 0.000000e+00 -6.251106e+03 -5.267968e+03 0.000000e+00 0.000000e+00 0.000000e+00 -2.447843e+02 -2.323925e+02 1.631330e+03 4.873629e+02 0.000000e+00 0.000000e+00 0.000000e+00 0.000000e+00 0.000000e+00 0.000000e+00 0.000000e+00 0.000000e+00 0.000000e+00
1.460000e+00 0.000000e+00 -6.237850e+03 -5.266012e+03 0.000000e+00 0.000000e+00 0.000000e+00 -2.442580e+02 -2.318121e+02 1.628890e+03 4.849323e+02 0.000000e+00 0.000000e+00 0.000000e+00 0.000000e+00 0.000000e+00 0.000000e+00 0.000000e+00 0.000000e+00 0.000000e+00
1.461000e+00 0.000000e+00 -6.224619e+03 -5.264077e+03 0.000000e+00 0.000000e+00 0.000000e+00 -2.437259e+02 -2.312264e+02 1.626467e+03 4.824987e+02 0.000000e+00 0.000000e+00 0.000000e+00 0.000000e+00 0.000000e+00 0.000000e+00 0.000000e+00 0.000000e+00 0.000000e+00
1.462000e+00 0.000000e+00 -6.211414e+03 -5.262161e+03 0.000000e+00 0.000000e+00 0.000000e+00 -2.431880e+02 -2.306352e+02 1.624059e+03 4.800620e+02 0.000000e+00 0.000000e+00 0.000000e+00 0.000000e+00 0.000000e+00 0.000000e+00 0.000000e+00 0.000000e+00 0.000000e+00
1.463000e+00 0.000000e+00 -6.198237e+03 -5.260264e+03 0.000000e+00 0.000000e+00 0.000000e+00 -2.426441e+02 -2.300385e+02 1.621667e+03 4.776221e+02 0.000000e+00 0.000000e+00 0.000000e+00 0.000000e+00 0.000000e+00 0.000000e+00 0.000000e+00 0.000000e+00 0.000000e+00
1.464000e+00 0.000000e+00 -6.185089e+03 -5.258382e+03 0.000000e+00 0.000000e+00 0.000000e+00 -2.420942e+02 -2.294361e+02 1.619291e+03 4.751788e+02 0.000000e+00 0.000000e+00 0.000000e+00 0.000000e+00 0.000000e+00 0.000000e+00 0.000000e+00 0.000000e+00 0.000000e+00
1.465000e+00 0.000000e+00 -6.171972e+03 -5.256514e+03 0.000000e+00 0.000000e+00 0.000000e+00 -2.415381e+02 -2.288280e+02 1.616932e+03 4.727319e+02 0.000000e+00 0.000000e+00 0.000000e+00 0.000000e+00 0.000000e+00 0.000000e+00 0.000000e+00 0.000000e+00 0.000000e+00
1.466000e+00 0.000000e+00 -6.158887e+03 -5.254658e+03 0.000000e+00 0.000000e+00 0.000000e+00 -2.409757e+02 -2.282141e+02 1.614588e+03 4.702813e+02 0.000000e+00 0.000000e+00 0.000000e+00 0.000000e+00 0.000000e+00 0.000000e+00 0.000000e+00 0.000000e+00 0.000000e+00
1.467000e+00 0.000000e+00 -6.145836e+03 -5.252812e+03 0.000000e+00 0.000000e+00 0.000000e+00 -2.404070e+02 -2.275943e+02 1.612261e+03 4.678269e+02 0.000000e+00 0.000000e+00 0.000000e+00 0.000000e+00 0.000000e+00 0.000000e+00 0.000000e+00 0.000000e+00 0.000000e+00
1.468000e+00 0.000000e+00 -6.132819e+03 -5.250975e+03 0.000000e+00 0.000000e+00 0.000000e+00 -2.398318e+02 -2.269684e+02 1.609950e+03 4.653686e+02 0.000000e+00 0.000000e+00 0.000000e+00 0.000000e+00 0.000000e+00 0.000000e+00 0.000000e+00 0.000000e+00 0.000000e+00
1.469000e+00 0.000000e+00 -6.119838e+03 -5.249144e+03 0.000000e+00 0.000000e+00 0.000000e+00 -2.392501e+02 -2.263365e+02 1.607655e+03 4.629061e+02 0.000000e+00 0.000000e+00 0.000000e+00 0.000000e+00 0.000000e+00 0.000000e+00 0.000000e+00 0.000000e+00 0.000000e+00
1.470000e+00 0.000000e+00 -6.106894e+03 -5.247318e+03 0.000000e+00 0.000000e+00 0.000000e+00 -2.386618e+02 -2.256984e+02 1.605377e+03 4.604394e+02 0.000000e+00 0.000000e+00 0.000000e+00 0.000000e+00 0.000000e+00 0.000000e+00 0.000000e+00 0.000000e+00 0.000000e+00
1.471000e+00 0.000000e+00 -6.093989e+03 -5.245496e+03 0.000000e+00 0.000000e+00 0.000000e+00 -2.380669e+02 -2.250540e+02 1.603115e+03 4.579684e+02 0.000000e+00 0.000000e+00 0.000000e+00 0.000000e+00 0.000000e+00 0.000000e+00 0.000000e+00 0.000000e+00 0.000000e+00
1.472000e+00 0.000000e+00 -6.081123e+03 -5.243674e+03 0.000000e+00 0.000000e+00 0.000000e+00 -2.374651e+02 -2.244033e+02 1.600870e+03 4.554928e+02 0.000000e+00 0.000000e+00 0.000000e+00 0.000000e+00 0.000000e+00 0.000000e+00 0.000000e+00 0.000000e+00 0.000000e+00
1.473000e+00 0.000000e+00 -6.068298e+03 -5.241851e+03 0.000000e+00 0.000000e+00 0.000000e+00 -2.368565e+02 -2.237462e+02 1.598641e+03 4.530126e+02 0.000000e+00 0.000000e+00 0.000000e+00 0.000000e+00 0.000000e+00 0.000000e+00 0.000000e+00 0.000000e+00 0.000000e+00
1.474000e+00 0.000000e+00 -6.055515e+03 -5.240026e+03 0.000000e+00 0.000000e+00 0.000000e+00 -2.362410e+02 -2.230825e+02 1.596429e+03 4.505277e+02 0.000000e+00 0.000000e+00 0.000000e+00 0.000000e+00 0.000000e+00 0.000000e+00 0.000000e+00 0.000000e+00 0.000000e+00
1.475000e+00 0.000000e+00 -6.042775e+03 -5.238197e+03 0.000000e+00 0.000000e+00 0.000000e+00 -2.356185e+02 -2.224124e+02 1.594234e+03 4.480379e+02 0.000000e+00 0.000000e+00 0.000000e+00 0.000000e+00 0.000000e+00 0.000000e+00 0.000000e+00 0.000000e+00 0.000000e+00
1.476000e+00 0.000000e+00 -6.030079e+03 -5.236362e+03 0.000000e+00 0.000000e+00 0.000000e+00 -2.349890e+02 -2.217356e+02 1.592055e+03 4.455431e+02 0.000000e+00 0.000000e+00 0.000000e+00 0.000000e+00 0.000000e+00 0.000000e+00 0.000000e+00 0.000000e+00 0.000000e+00
1.477000e+00 0.000000e+00 -6.017427e+03 -5.234519e+03 0.000000e+00 0.000000e+00 0.000000e+00 -2.343523e+02 -2.210521e+02 1.589893e+03 4.430432e+02 0.000000e+00 0.000000e+00 0.000000e+00 0.000000e+00 0.000000e+00 0.000000e+00 0.000000e+00 0.000000e+00 0.000000e+00
1.478000e+00 0.000000e+00 -6.004822e+03 -5.232666e+03 0.000000e+00 0.000000e+00 0.000000e+00 -2.337085e+02 -2.203619e+02 1.587748e+03 4.405381e+02 0.000000e+00 0.000000e+00 0.000000e+00 0.000000e+00 0.000000e+00 0.000000e+00 0.000000e+00 0.000000e+00 0.000000e+00
1.479000e+00 0.000000e+00 -5.992263e+03 -5.230803e+03 0.000000e+00 0.000000e+00 0.000000e+00 -2.330574e+02 -2.196648e+02 1.585619e+03 4.380278e+02 0.000000e+00 0.000000e+00 0.000000e+00 0.000000e+00 0.000000e+00 0.000000e+00 0.000000e+00 0.000000e+00 0.000000e+00
1.480000e+00 0.000000e+00 -5.979752e+03 -5.228927e+03 0.000000e+00 0.000000e+00 0.000000e+00 -2.323991e+02 -2.189609e+02 1.583507e+03 4.355121e+02 0.000000e+00 0.000000e+00 0.000000e+00 0.000000e+00 0.000000e+00 0.000000e+00 0.000000e+00 0.000000e+00 0.000000e+00
1.481000e+00 0.000000e+00 -5.967289e+03 -5.227036e+03 0.000000e+00 0.000000e+00 0.000000e+00 -2.317335e+02 -2.182502e+02 1.581412e+03 4.329909e+02 0.000000e+00 0.000000e+00 0.000000e+00 0.000000e+00 0.000000e+00 0.000000e+00 0.000000e+00 0.000000e+00 0.000000e+00
1.482000e+00 0.000000e+00 -5.954876e+03 -5.225129e+03 0.000000e+00 0.000000e+00 0.000000e+00 -2.310605e+02 -2.175324e+02 1.579333e+03 4.304641e+02 0.000000e+00 0.000000e+00 0.000000e+00 0.000000e+00 0.000000e+00 0.000000e+00 0.000000e+00 0.000000e+00 0.000000e+00
1.483000e+00 0.000000e+00 -5.942513e+03 -5.223205e+03 0.000000e+00 0.000000e+00 0.000000e+00 -2.303801e+02 -2.168077e+02 1.577271e+03 4.279317e+02 0.000000e+00 0.000000e+00 0.000000e+00 0.000000e+00 0.000000e+00 0.000000e+00 0.000000e+00 0.000000e+00 0.000000e+00
1.484000e+00 0.000000e+00 -5.930200e+03 -5.221262e+03 0.000000e+00 0.000000e+00 0.000000e+00 -2.296922e+02 -2.160760e+02 1.575226e+03 4.253936e+02 0.000000e+00 0.000000e+00 0.000000e+00 0.000000e+00 0.000000e+00 0.000000e+00 0.000000e+00 0.000000e+00 0.000000e+00
1.485000e+00 0.000000e+00 -5.917940e+03 -5.219298e+03 0.000000e+00 0.000000e+00 0.000000e+00 -2.289969e+02 -2.153372e+02 1.573198e+03 4.228497e+02 0.000000e+00 0.000000e+00 0.000000e+00 0.000000e+00 0.000000e+00 0.000000e+00 0.000000e+00 0.000000e+00 0.000000e+00
1.486000e+00 0.000000e+00 -5.905731e+03 -5.217312e+03 0.000000e+00 0.000000e+00 0.000000e+00 -2.282940e+02 -2.145913e+02 1.571186e+03 4.202999e+02 0.000000e+00 0.000000e+00 0.000000e+00 0.000000e+00 0.000000e+00 0.000000e+00 0.000000e+00 0.000000e+00 0.000000e+00
1.487000e+00 0.000000e+00 -5.893575e+03 -5.215302e+03 0.000000e+00 0.000000e+00 0.000000e+00 -2.275837e+02 -2.138382e+02 1.569191e+03 4.177442e+02 0.000000e+00 0.000000e+00 0.000000e+00 0.000000e+00 0.000000e+00 0.000000e+00 0.000000e+00 0.000000e+00 0.000000e+00
1.488000e+00 0.000000e+00 -5.881473e+03 -5.213267e+03 0.000000e+00 0.000000e+00 0.000000e+00 -2.268657e+02 -2.130781e+02 1.567213e+03 4.151825e+02 0.000000e+00 0.000000e+00 0.000000e+00 0.000000e+00 0.000000e+00 0.000000e+00 0.000000e+00 0.000000e+00 0.000000e+00
1.489000e+00 0.000000e+00 -5.869425e+03 -5.211206e+03 0.000000e+00 0.000000e+00 0.000000e+00 -2.261402e+02 -2.123107e+02 1.565251e+03 4.126148e+02 0.000000e+00 0.000000e+00 0.000000e+00 0.000000e+00 0.000000e+00 0.000000e+00 0.000000e+00 0.000000e+00 0.000000e+00
1.490000e+00 0.000000e+00 -5.857432e+03 -5.209117e+03 0.000000e+00 0.000000e+00 0.000000e+00 -2.254070e+02 -2.115361e+02 1.563306e+03 4.100409e+02 0.000000e+00 0.000000e+00 0.000000e+00 0.000000e+00 0.000000e+00 0.000000e+00 0.000000e+00 0.000000e+00 0.000000e+00
1.491000e+00 0.000000e+00 -5.845494e+03 -5.206998e+03 0.000000e+00 0.000000e+00 0.000000e+00 -2.246663e+02 -2.107543e+02 1.561377e+03 4.074609e+02 0.000000e+00 0.000000e+00 0.000000e+00 0.000000e+00 0.000000e+00 0.000000e+00 0.000000e+00 0.000000e+00 0.000000e+00
1.492000e+00 0.000000e+00 -5.833611e+03 -5.204849e+03 0.000000e+00 0.000000e+00 0.000000e+00 -2.239178e+02 -2.099653e+02 1.559465e+03 4.048747e+02 0.000000e+00 0.000000e+00 0.000000e+00 0.000000e+00 0.000000e+00 0.000000e+00 0.000000e+00 0.000000e+00 0.000000e+00
1.493000e+00 0.000000e+00 -5.821785e+03 -5.202668e+03 0.000000e+00 0.000000e+00 0.000000e+00 -2.231618e+02 -2.091690e+02 1.557570e+03 4.022823e+02 0.000000e+00 0.000000e+00 0.000000e+00 0.000000e+00 0.000000e+00 0.000000e+00 0.000000e+00 0.000000e+00 0.000000e+00
1.494000e+00 0.000000e+00 -5.810016e+03 -5.200454e+03 0.000000e+00 0.000000e+00 0.000000e+00 -2.223980e+02 -2.083654e+02 1.555691e+03 3.996836e+02 0.000000e+00 0.000000e+00 0.000000e+00 0.000000e+00 0.000000e+00 0.000000e+00 0.000000e+00 0.000000e+00 0.000000e+00
1.495000e+00 0.000000e+00 -5.798304e+03 -5.198205e+03 0.000000e+00 0.000000e+00 0.000000e+00 -2.216266e+02 -2.075546e+02 1.553828e+03 3.970787e+02 0.000000e+00 0.000000e+00 0.000000e+00 0.000000e+00 0.000000e+00 0.000000e+00 0.000000e+00 0.000000e+00 0.000000e+00
1.496000e+00 0.000000e+00 -5.786649e+03 -5.195921e+03 0.000000e+00 0.000000e+00 0.000000e+00 -2.208476e+02 -2.067365e+02 1.551982e+03 3.944674e+02 0.000000e+00 0.000000e+00 0.000000e+00 0.000000e+00 0.000000e+00 0.000000e+00 0.000000e+00 0.000000e+00 0.000000e+00
1.497000e+00 0.000000e+00 -5.775051e+03 -5.193600e+03 0.000000e+00 0.000000e+00 0.000000e+00 -2.200609e+02 -2.059111e+02 1.550152e+03 3.918498e+02 0.000000e+00 0.000000e+00 0.000000e+00 0.000000e+00 0.000000e+00 0.000000e+00 0.000000e+00 0.000000e+00 0.000000e+00
1.498000e+00 0.000000e+00 -5.763512e+03 -5.191242e+03 0.000000e+00 0.000000e+00 0.000000e+00 -2.192665e+02 -2.050785e+02 1.548338e+03 3.892259e+02 0.000000e+00 0.000000e+00 0.000000e+00 0.000000e+00 0.000000e+00 0.000000e+00 0.000000e+00 0.000000e+00 0.000000e+00
1.499000e+00 0.000000e+00 -5.752032e+03 -5.188845e+03 0.000000e+00 0.000000e+00 0.000000e+00 -2.184645e+02 -2.042386e+02 1.546540e+03 3.865956e+02 0.000000e+00 0.000000e+00 0.000000e+00 0.000000e+00 0.000000e+00 0.000000e+00 0.000000e+00 0.000000e+00 0.000000e+00
1.500000e+00 0.000000e+00 -5.740610e+03 -5.186408e+03 0.000000e+00 0.000000e+00 0.000000e+00 -2.176550e+02 -2.033915e+02 1.544759e+03 3.839590e+02 0.000000e+00 0.000000e+00 0.000000e+00 0.000000e+00 0.000000e+00 0.000000e+00 0.000000e+00 0.000000e+00 0.000000e+00
1.501000e+00 0.000000e+00 -5.729246e+03 -5.183930e+03 0.000000e+00 0.000000e+00 0.000000e+00 -2.168378e+02 -2.025372e+02 1.542994e+03 3.813161e+02 0.000000e+00 0.000000e+00 0.000000e+00 0.000000e+00 0.000000e+00 0.000000e+00 0.000000e+00 0.000000e+00 0.000000e+00
1.502000e+00 0.000000e+00 -5.717942e+03 -5.181410e+03 0.000000e+00 0.000000e+00 0.000000e+00 -2.160130e+02 -2.016757e+02 1.541245e+03 3.786669e+02 0.000000e+00 0.000000e+00 0.000000e+00 0.000000e+00 0.000000e+00 0.000000e+00 0.000000e+00 0.000000e+00 0.000000e+00
1.503000e+00 0.000000e+00 -5.706697e+03 -5.178849e+03 0.000000e+00 0.000000e+00 0.000000e+00 -2.151807e+02 -2.008070e+02 1.539512e+03 3.760114e+02 0.000000e+00 0.000000e+00 0.000000e+00 0.000000e+00 0.000000e+00 0.000000e+00 0.000000e+00 0.000000e+00 0.000000e+00
1.504000e+00 0.000000e+00 -5.695512e+03 -5.176243e+03 0.000000e+00 0.000000e+00 0.000000e+00 -2.143409e+02 -1.999311e+02 1.537795e+03 3.733497e+02 0.000000e+00 0.000000e+00 0.000000e+00 0.000000e+00 0.000000e+00 0.000000e+00 0.000000e+00 0.000000e+00 0.000000e+00
1.505000e+00 0.000000e+00 -5.684386e+03 -5.173594e+03 0.000000e+00 0.000000e+00 0.000000e+00 -2.134936e+02 -1.990482e+02 1.536093e+03 3.706816e+02 0.000000e+00 0.000000e+00 0.000000e+00 0.000000e+00 0.000000e+00 0.000000e+00 0.000000e+00 0.000000e+00 0.000000e+00
1.506000e+00 0.000000e+00 -5.673320e+03 -5.170899e+03 0.000000e+00 0.000000e+00 0.000000e+00 -2.126388e+02 -1.981581e+02 1.534408e+03 3.680074e+02 0.000000e+00 0.000000e+00 0.000000e+00 0.000000e+00 0.000000e+00 0.000000e+00 0.000000e+00 0.000000e+00 0.000000e+00
1.507000e+00 0.000000e+00 -5.662313e+03 -5.168159e+03 0.000000e+00 0.000000e+00 0.000000e+00 -2.117766e+02 -1.972610e+02 1.532738e+03 3.653270e+02 0.000000e+00 0.000000e+00 0.000000e+00 0.000000e+00 0.000000e+00 0.000000e+00 0.000000e+00 0.000000e+00 0.000000e+00
1.508000e+00 0.000000e+00 -5.651367e+03 -5.165372e+03 0.000000e+00 0.000000e+00 0.000000e+00 -2.109071e+02 -1.963568e+02 1.531084e+03 3.626404e+02 0.000000e+00 0.000000e+00 0.000000e+00 0.000000e+00 0.000000e+00 0.000000e+00 0.000000e+00 0.000000e+00 0.000000e+00
1.509000e+00 0.000000e+00 -5.640480e+03 -5.162538e+03 0.000000e+00 0.000000e+00 0.000000e+00 -2.100302e+02 -1.954457e+02 1.529445e+03 3.599478e+02 0.000000e+00 0.000000e+00 0.000000e+00 0.000000e+00 0.000000e+00 0.000000e+00 0.000000e+00 0.000000e+00 0.000000e+00
1.510000e+00 0.000000e+00 -5.629653e+03 -5.159657e+03 0.000000e+00 0.000000e+00 0.000000e+00 -2.091459e+02 -1.945276e+02 1.527822e+03 3.572491e+02 0.000000e+00 0.000000e+00 0.000000e+00 0.000000e+00 0.000000e+00 0.000000e+00 0.000000e+00 0.000000e+00 0.000000e+00
1.511000e+00 0.000000e+00 -5.618887e+03 -5.156727e+03 0.000000e+00 0.000000e+00 0.000000e+00 -2.082545e+02 -1.936026e+02 1.526215e+03 3.545444e+02 0.000000e+00 0.000000e+00 0.000000e+00 0.000000e+00 0.000000e+00 0.000000e+00 0.000000e+00 0.000000e+00 0.000000e+00
1.512000e+00 0.000000e+00 -5.608180e+03 -5.153748e+03 0.000000e+00 0.000000e+00 0.000000e+00 -2.073559e+02 -1.926707e+02 1.524623e+03 3.518338e+02 0.000000e+00 0.000000e+00 0.000000e+00 0.000000e+00 0.000000e+00 0.000000e+00 0.000000e+00 0.000000e+00 0.000000e+00
1.513000e+00 0.000000e+00 -5.597533e+03 -5.150721e+03 0.000000e+00 0.000000e+00 0.000000e+00 -2.064501e+02 -1.917321e+02 1.523046e+03 3.491174e+02 0.000000e+00 0.000000e+00 0.000000e+00 0.000000e+00 0.000000e+00 0.000000e+00 0.000000e+00 0.000000e+00 0.000000e+00
1.514000e+00 0.000000e+00 -5.586946e+03 -5.147643e+03 0.000000e+00 0.000000e+00 0.000000e+00 -2.055372e+02 -1.907867e+02 1.521484e+03 3.463952e+02 0.000000e+00 0.000000e+00 0.000000e+00 0.000000e+00 0.000000e+00 0.000000e+00 0.000000e+00 0.000000e+00 0.000000e+00
1.515000e+00 0.000000e+00 -5.576419e+03 -5.144516e+03 0.000000e+00 0.000000e+00 0.000000e+00 -2.046174e+02 -1.898347e+02 1.519938e+03 3.436673e+02 0.000000e+00 0.000000e+00 0.000000e+00 0.000000e+00 0.000000e+00 0.000000e+00 0.000000e+00 0.000000e+00 0.000000e+00
1.516000e+00 0.000000e+00 -5.565951e+03 -5.141339e+03 0.000000e+00 0.000000e+00 0.000000e+00 -2.036906e+02 -1.888760e+02 1.518406e+03 3.409338e+02 0.000000e+00 0.000000e+00 0.000000e+00 0.000000e+00 0.000000e+00 0.000000e+00 0.000000e+00 0.000000e+00 0.000000e+00
1.517000e+00 0.000000e+00 -5.555543e+03 -5.138112e+03 0.000000e+00 0.000000e+00 0.000000e+00 -2.027570e+02 -1.879108e+02 1.516890e+03 3.381948e+02 0.000000e+00 0.000000e+00 0.000000e+00 0.000000e+00 0.000000e+00 0.000000e+00 0.000000e+00 0.000000e+00 0.000000e+00
1.518000e+00 0.000000e+00 -5.545194e+03 -5.134833e+03 0.000000e+00 0.000000e+00 0.000000e+00 -2.018165e+02 -1.869392e+02 1.515389e+03 3.354505e+02 0.000000e+00 0.000000e+00 0.000000e+00 0.000000e+00 0.000000e+00 0.000000e+00 0.000000e+00 0.000000e+00 0.000000e+00
1.519000e+00 0.000000e+00 -5.534905e+03 -5.131504e+03 0.000000e+00 0.000000e+00 0.000000e+00 -2.008694e+02 -1.859611e+02 1.513902e+03 3.327008e+02 0.000000e+00 0.000000e+00 0.000000e+00 0.000000e+00 0.000000e+00 0.000000e+00 0.000000e+00 0.000000e+00 0.000000e+00
1.520000e+00 0.000000e+00 -5.524674e+03 -5.128124e+03 0.000000e+00 0.000000e+00 0.000000e+00 -1.999156e+02 -1.849768e+02 1.512430e+03 3.299460e+02 0.000000e+00 0.000000e+00 0.000000e+00 0.000000e+00 0.000000e+00 0.000000e+00 0.000000e+00 0.000000e+00 0.000000e+00
1.521000e+00 0.000000e+00 -5.514503e+03 -5.124694e+03 0.000000e+00 0.000000e+00 0.000000e+00 -1.989553e+02 -1.839861e+02 1.510973e+03 3.271861e+02 0.000000e+00 0.000000e+00 0.000000e+00 0.000000e+00 0.000000e+00 0.000000e+00 0.000000e+00 0.000000e+00 0.000000e+00
1.522000e+00 0.000000e+00 -5.504390e+03 -5.121212e+03 0.000000e+00 0.000000e+00 0.000000e+00 -1.979885e+02 -1.829894e+02 1.509531e+03 3.244212e+02 0.000000e+00 0.000000e+00 0.000000e+00 0.000000e+00 0.000000e+00 0.000000e+00 0.000000e+00 0.000000e+00 0.000000e+00
1.523000e+00 0.000000e+00 -5.494336e+03 -5.117679e+03 0.000000e+00 0.000000e+00 0.000000e+00 -1.970153e+02 -1.819865e+02 1.508103e+03 3.216516e+02 0.000000e+00 0.000000e+00 0.000000e+00 0.000000e+00 0.000000e+00 0.000000e+00 0.000000e+00 0.000000e+00 0.000000e+00
1.524000e+00 0.000000e+00 -5.484340e+03 -5.114095e+03 0.000000e+00 0.000000e+00 0.000000e+00 -1.960358e+02 -1.809776e+02 1.506689e+03 3.188772e+02 0.000000e+00 0.000000e+00 0.000000e+00 0.000000e+00 0.000000e+00 0.000000e+00 0.000000e+00 0.000000e+00 0.000000e+00
1.525000e+00 0.000000e+00 -5.474402e+03 -5.110460e+03 0.000000e+00 0.000000e+00 0.000000e+00 -1.950501e+02 -1.799628e+02 1.505290e+03 3.160982e+02 0.000000e+00 0.000000e+00 0.000000e+00 0.000000e+00 0.000000e+00 0.000000e+00 0.000000e+00 0.000000e+00 0.000000e+00
1.526000e+00 0.000000e+00 -5.464522e+03 -5.106775e+03 0.000000e+00 0.000000e+00 0.000000e+00 -1.940583e+02 -1.789423e+02 1.503905e+03 3.133148e+02 0.000000e+00 0.000000e+00 0.000000e+00 0.000000e+00 0.000000e+00 0.000000e+00 0.000000e+00 0.000000e+00 0.000000e+00
1.527000e+00 0.000000e+00 -5.454700e+03 -5.103039e+03 0.000000e+00 0.000000e+00 0.000000e+00 -1.930605e+02 -1.779159e+02 1.502534e+03 3.105271e+02 0.000000e+00 0.000000e+00 0.000000e+00 0.000000e+00 0.000000e+00 0.000000e+00 0.000000e+00 0.000000e+00 0.000000e+00
1.528000e+00 0.000000e+00 -5.444935e+03 -5.099253e+03 0.000000e+00 0.000000e+00 0.000000e+00 -1.920567e+02 -1.768840e+02 1.501177e+03 3.077353e+02 0.000000e+00 0.000000e+00 0.000000e+00 0.000000e+00 0.000000e+00 0.000000e+00 0.000000e+00 0.000000e+00 0.000000e+00
1.529000e+00 0.000000e+00 -5.435227e+03 -5.095417e+03 0.000000e+00 0.000000e+00 0.000000e+00 -1.910472e+02 -1.758465e+02 1.499835e+03 3.049396e+02 0.000000e+00 0.000000e+00 0.000000e+00 0.000000e+00 0.000000e+00 0.000000e+00 0.000000e+00 0.000000e+00 0.000000e+00
1.530000e+00 0.000000e+00 -5.425575e+03 -5.091531e+03 0.000000e+00 0.000000e+00 0.000000e+00 -1.900320e+02 -1.748037e+02 1.498506e+03 3.021400e+02 0.000000e+00 0.000000e+00 0.000000e+00 0.000000e+00 0.000000e+00 0.000000e+00 0.000000e+00 0.000000e+00 0.000000e+00
1.531000e+00 0.000000e+00 -5.415981e+03 -5.087597e+03 0.000000e+00 0.000000e+00 0.000000e+00 -1.890112e+02 -1.737555e+02 1.497191e+03 2.993367e+02 0.000000e+00 0.000000e+00 0.000000e+00 0.000000e+00 0.000000e+00 0.000000e+00 0.000000e+00 0.000000e+00 0.000000e+00
1.532000e+00 0.000000e+00 -5.406442e+03 -5.083613e+03 0.000000e+00 0.000000e+00 0.000000e+00 -1.879849e+02 -1.727021e+02 1.495891e+03 2.965300e+02 0.000000e+00 0.000000e+00 0.000000e+00 0.000000e+00 0.000000e+00 0.000000e+00 0.000000e+00 0.000000e+00 0.000000e+00
1.533000e+00 0.000000e+00 -5.396959e+03 -5.079582e+03 0.000000e+00 0.000000e+00 0.000000e+00 -1.869533e+02 -1.716436e+02 1.494603e+03 2.937200e+02 0.000000e+00 0.000000e+00 0.000000e+00 0.000000e+00 0.000000e+00 0.000000e+00 0.000000e+00 0.000000e+00 0.000000e+00
1.534000e+00 0.000000e+00 -5.387532e+03 -5.075503e+03 0.000000e+00 0.000000e+00 0.000000e+00 -1.859164e+02 -1.705802e+02 1.493330e+03 2.909069e+02 0.000000e+00 0.000000e+00 0.000000e+00 0.000000e+00 0.000000e+00 0.000000e+00 0.000000e+00 0.000000e+00 0.000000e+00
1.535000e+00 0.000000e+00 -5.378160e+03 -5.071378e+03 0.000000e+00 0.000000e+00 0.000000e+00 -1.848745e+02 -1.695119e+02 1.492070e+03 2.880909e+02 0.000000e+00 0.000000e+00 0.000000e+00 0.000000e+00 0.000000e+00 0.000000e+00 0.000000e+00 0.000000e+00 0.000000e+00
1.536000e+00 0.000000e+00 -5.368843e+03 -5.067206e+03 0.000000e+00 0.000000e+00 0.000000e+00 -1.838275e+02 -1.684389e+02 1.490823e+03 2.852721e+02 0.000000e+00 0.000000e+00 0.000000e+00 0.000000e+00 0.000000e+00 0.000000e+00 0.000000e+00 0.000000e+00 0.000000e+00
1.537000e+00 0.000000e+00 -5.359580e+03 -5.062988e+03 0.000000e+00 0.000000e+00 0.000000e+00 -1.827757e+02 -1.673613e+02 1.489590e+03 2.824508e+02 0.000000e+00 0.000000e+00 0.000000e+00 0.000000e+00 0.000000e+00 0.000000e+00 0.000000e+00 0.000000e+00 0.000000e+00
1.538000e+00 0.000000e+00 -5.350371e+03 -5.058726e+03 0.000000e+00 0.000000e+00 0.000000e+00 -1.817192e+02 -1.662792e+02 1.488370e+03 2.796272e+02 0.000000e+00 0.000000e+00 0.000000e+00 0.000000e+00 0.000000e+00 0.000000e+00 0.000000e+00 0.000000e+00 0.000000e+00
1.539000e+00 0.000000e+00 -5.341216e+03 -5.054419e+03 0.000000e+00 0.000000e+00 0.000000e+00 -1.806580e+02 -1.651927e+02 1.487163e+03 2.768014e+02 0.000000e+00 0.000000e+00 0.000000e+00 0.000000e+00 0.000000e+00 0.000000e+00 0.000000e+00 0.000000e+00 0.000000e+00
1.540000e+00 0.000000e+00 -5.332115e+03 -5.050069e+03 0.000000e+00 0.000000e+00 0.000000e+00 -1.795924e+02 -1.641020e+02 1.485970e+03 2.739736e+02 0.000000e+00 0.000000e+00 0.000000e+00 0.000000e+00 0.000000e+00 0.000000e+00 0.000000e+00 0.000000e+00 0.000000e+00
1.541000e+00 0.000000e+00 -5.323067e+03 -5.045677e+03 0.000000e+00 0.000000e+00 0.000000e+00 -1.785224e+02 -1.630072e+02 1.484789e+03 2.711442e+02 0.000000e+00 0.000000e+00 0.000000e+00 0.000000e+00 0.000000e+00 0.000000e+00 0.000000e+00 0.000000e+00 0.000000e+00
1.542000e+00 0.000000e+00 -5.314071e+03 -5.041243e+03 0.000000e+00 0.000000e+00 0.000000e+00 -1.774482e+02 -1.619084e+02 1.483622e+03 2.683132e+02 0.000000e+00 0.000000e+00 0.000000e+00 0.000000e+00 0.000000e+00 0.000000e+00 0.000000e+00 0.000000e+00 0.000000e+00
1.543000e+00 0.000000e+00 -5.305128e+03 -5.036769e+03 0.000000e+00 0.000000e+00 0.000000e+00 -1.763699e+02 -1.608058e+02 1.482468e+03 2.654809e+02 0.000000e+00 0.000000e+00 0.000000e+00 0.000000e+00 0.000000e+00 0.000000e+00 0.000000e+00 0.000000e+00 0.000000e+00
1.544000e+00 0.000000e+00 -5.296237e+03 -5.032255e+03 0.000000e+00 0.000000e+00 0.000000e+00 -1.752877e+02 -1.596994e+02 1.481326e+03 2.626476e+02 0.000000e+00 0.000000e+00 0.000000e+00 0.000000e+00 0.000000e+00 0.000000e+00 0.000000e+00 0.000000e+00 0.000000e+00
1.545000e+00 0.000000e+00 -5.287397e+03 -5.027703e+03 0.000000e+00 0.000000e+00 0.000000e+00 -1.742018e+02 -1.585896e+02 1.480197e+03 2.598134e+02 0.000000e+00 0.000000e+00 0.000000e+00 0.000000e+00 0.000000e+00 0.000000e+00 0.000000e+00 0.000000e+00 0.000000e+00
1.546000e+00 0.000000e+00 -5.278609e+03 -5.023113e+03 0.000000e+00 0.000000e+00 0.000000e+00 -1.731122e+02 -1.574763e+02 1.479081e+03 2.569787e+02 0.000000e+00 0.000000e+00 0.000000e+00 0.000000e+00 0.000000e+00 0.000000e+00 0.000000e+00 0.000000e+00 0.000000e+00
1.547000e+00 0.000000e+00 -5.269872e+03 -5.018487e+03 0.000000e+00 0.000000e+00 0.000000e+00 -1.720191e+02 -1.563597e+02 1.477978e+03 2.541436e+02 0.000000e+00 0.000000e+00 0.000000e+00 0.000000e+00 0.000000e+00 0.000000e+00 0.000000e+00 0.000000e+00 0.000000e+00
1.548000e+00 0.000000e+00 -5.261185e+03 -5.013827e+03 0.000000e+00 0.000000e+00 0.000000e+00 -1.709227e+02 -1.552400e+02 1.476887e+03 2.513083e+02 0.000000e+00 0.000000e+00 0.000000e+00 0.000000e+00 0.000000e+00 0.000000e+00 0.000000e+00 0.000000e+00 0.000000e+00
1.549000e+00 0.000000e+00 -5.252548e+03 -5.009132e+03 0.000000e+00 0.000000e+00 0.000000e+00 -1.698232e+02 -1.541174e+02 1.475809e+03 2.484733e+02 0.000000e+00 0.000000e+00 0.000000e+00 0.000000e+00 0.000000e+00 0.000000e+00 0.000000e+00 0.000000e+00 0.000000e+00
1.550000e+00 0.000000e+00 -5.243961e+03 -5.004405e+03 0.000000e+00 0.000000e+00 0.000000e+00 -1.687206e+02 -1.529919e+02 1.474743e+03 2.456385e+02 0.000000e+00 0.000000e+00 0.000000e+00 0.000000e+00 0.000000e+00 0.000000e+00 0.000000e+00 0.000000e+00 0.000000e+00
1.551000e+00 0.000000e+00 -5.235423e+03 -4.999647e+03 0.000000e+00 0.000000e+00 0.000000e+00 -1.676151e+02 -1.518638e+02 1.473690e+03 2.428045e+02 0.000000e+00 0.000000e+00 0.000000e+00 0.000000e+00 0.000000e+00 0.000000e+00 0.000000e+00 0.000000e+00 0.000000e+00
1.552000e+00 0.000000e+00 -5.226934e+03 -4.994859e+03 0.000000e+00 0.000000e+00 0.000000e+00 -1.665069e+02 -1.507332e+02 1.472648e+03 2.399712e+02 0.000000e+00 0.000000e+00 0.000000e+00 0.000000e+00 0.000000e+00 0.000000e+00 0.000000e+00 0.000000e+00 0.000000e+00
1.553000e+00 0.000000e+00 -5.218494e+03 -4.990043e+03 0.000000e+00 0.000000e+00 0.000000e+00 -1.653962e+02 -1.496002e+02 1.471620e+03 2.371392e+02 0.000000e+00 0.000000e+00 0.000000e+00 0.000000e+00 0.000000e+00 0.000000e+00 0.000000e+00 0.000000e+00 0.000000e+00
1.554000e+00 0.000000e+00 -5.210102e+03 -4.985200e+03 0.000000e+00 0.000000e+00 0.000000e+00 -1.642830e+02 -1.484649e+02 1.470603e+03 2.343085e+02 0.000000e+00 0.000000e+00 0.000000e+00 0.000000e+00 0.000000e+00 0.000000e+00 0.000000e+00 0.000000e+00 0.000000e+00
1.555000e+00 0.000000e+00 -5.201758e+03 -4.980331e+03 0.000000e+00 0.000000e+00 0.000000e+00 -1.631677e+02 -1.473277e+02 1.469598e+03 2.314795e+02 0.000000e+00 0.000000e+00 0.000000e+00 0.000000e+00 0.000000e+00 0.000000e+00 0.000000e+00 0.000000e+00 0.000000e+00
1.556000e+00 0.000000e+00 -5.193462e+03 -4.975438e+03 0.000000e+00 0.000000e+00 0.000000e+00 -1.620502e+02 -1.461885e+02 1.468606e+03 2.286524e+02 0.000000e+00 0.000000e+00 0.000000e+00 0.000000e+00 0.000000e+00 0.000000e+00 0.000000e+00 0.000000e+00 0.000000e+00
1.557000e+00 0.000000e+00 -5.185212e+03 -4.970523e+03 0.000000e+00 0.000000e+00 0.000000e+00 -1.609308e+02 -1.450476e+02 1.467625e+03 2.258275e+02 0.000000e+00 0.000000e+00 0.000000e+00 0.000000e+00 0.000000e+00 0.000000e+00 0.000000e+00 0.000000e+00 0.000000e+00
1.558000e+00 0.000000e+00 -5.177010e+03 -4.965587e+03 0.000000e+00 0.000000e+00 0.000000e+00 -1.598097e+02 -1.439052e+02 1.466657e+03 2.230051e+02 0.000000e+00 0.000000e+00 0.000000e+00 0.000000e+00 0.000000e+00 0.000000e+00 0.000000e+00 0.000000e+00 0.000000e+00
1.559000e+00 0.000000e+00 -5.168854e+03 -4.960632e+03 0.000000e+00 0.000000e+00 0.000000e+00 -1.586871e+02 -1.427613e+02 1.465700e+03 2.201855e+02 0.000000e+00 0.000000e+00 0.000000e+00 0.000000e+00 0.000000e+00 0.000000e+00 0.000000e+00 0.000000e+00 0.000000e+00
1.560000e+00 0.000000e+00 -5.160744e+03 -4.955659e+03 0.000000e+00 0.000000e+00 0.000000e+00 -1.575630e+02 -1.416163e+02 1.464755e+03 2.173688e+02 0.000000e+00 0.000000e+00 0.000000e+00 0.000000e+00 0.000000e+00 0.000000e+00 0.000000e+00 0.000000e+00 0.000000e+00
1.561000e+00 0.000000e+00 -5.152679e+03 -4.950671e+03 0.000000e+00 0.000000e+00 0.000000e+00 -1.564377e+02 -1.404702e+02 1.463822e+03 2.145555e+02 0.000000e+00 0.000000e+00 0.000000e+00 0.000000e+00 0.000000e+00 0.000000e+00 0.000000e+00 0.000000e+00 0.000000e+00
1.562000e+00 0.000000e+00 -5.144660e+03 -4.945668e+03 0.000000e+00 0.000000e+00 0.000000e+00 -1.553114e+02 -1.393231e+02 1.462901e+03 2.117458e+02 0.000000e+00 0.000000e+00 0.000000e+00 0.000000e+00 0.000000e+00 0.000000e+00 0.000000e+00 0.000000e+00 0.000000e+00
1.563000e+00 0.000000e+00 -5.136687e+03 -4.940653e+03 0.000000e+00 0.000000e+00 0.000000e+00 -1.541842e+02 -1.381754e+02 1.461991e+03 2.089400e+02 0.000000e+00 0.000000e+00 0.000000e+00 0.000000e+00 0.000000e+00 0.000000e+00 0.000000e+00 0.000000e+00 0.000000e+00
1.564000e+00 0.000000e+00 -5.128757e+03 -4.935628e+03 0.000000e+00 0.000000e+00 0.000000e+00 -1.530563e+02 -1.370271e+02 1.461093e+03 2.061384e+02 0.000000e+00 0.000000e+00 0.000000e+00 0.000000e+00 0.000000e+00 0.000000e+00 0.000000e+00 0.000000e+00 0.000000e+00
1.565000e+00 0.000000e+00 -5.120873e+03 -4.930594e+03 0.000000e+00 0.000000e+00 0.000000e+00 -1.519278e+02 -1.358785e+02 1.460206e+03 2.033412e+02 0.000000e+00 0.000000e+00 0.000000e+00 0.000000e+00 0.000000e+00 0.000000e+00 0.000000e+00 0.000000e+00 0.000000e+00
1.566000e+00 0.000000e+00 -5.113032e+03 -4.925554e+03 0.000000e+00 0.000000e+00 0.000000e+00 -1.507990e+02 -1.347296e+02 1.459331e+03 2.005488e+02 0.000000e+00 0.000000e+00 0.000000e+00 0.000000e+00 0.000000e+00 0.000000e+00 0.000000e+00 0.000000e+00 0.000000e+00
1.567000e+00 0.000000e+00 -5.105235e+03 -4.920508e+03 0.000000e+00 0.000000e+00 0.000000e+00 -1.496700e+02 -1.335808e+02 1.458468e+03 1.977615e+02 0.000000e+00 0.000000e+00 0.000000e+00 0.000000e+00 0.000000e+00 0.000000e+00 0.000000e+00 0.000000e+00 0.000000e+00
1.568000e+00 0.000000e+00 -5.097481e+03 -4.915460e+03 0.000000e+00 0.000000e+00 0.000000e+00 -1.485410e+02 -1.324320e+02 1.457615e+03 1.949794e+02 0.000000e+00 0.000000e+00 0.000000e+00 0.000000e+00 0.000000e+00 0.000000e+00 0.000000e+00 0.000000e+00 0.000000e+00
1.569000e+00 0.000000e+00 -5.089771e+03 -4.910411e+03 0.000000e+00 0.000000e+00 0.000000e+00 -1.474122e+02 -1.312836e+02 1.456775e+03 1.922030e+02 0.000000e+00 0.000000e+00 0.000000e+00 0.000000e+00 0.000000e+00 0.000000e+00 0.000000e+00 0.000000e+00 0.000000e+00
1.570000e+00 0.000000e+00 -5.082103e+03 -4.905362e+03 0.000000e+00 0.000000e+00 0.000000e+00 -1.462838e+02 -1.301357e+02 1.455945e+03 1.894326e+02 0.000000e+00 0.000000e+00 0.000000e+00 0.000000e+00 0.000000e+00 0.000000e+00 0.000000e+00 0.000000e+00 0.000000e+00
1.571000e+00 0.000000e+00 -5.074479e+03 -4.900317e+03 0.000000e+00 0.000000e+00 0.000000e+00 -1.451559e+02 -1.289884e+02 1.455127e+03 1.866684e+02 0.000000e+00 0.000000e+00 0.000000e+00 0.000000e+00 0.000000e+00 0.000000e+00 0.000000e+00 0.000000e+00 0.000000e+00
1.572000e+00 0.000000e+00 -5.066896e+03 -4.895277e+03 0.000000e+00 0.000000e+00 0.000000e+00 -1.440287e+02 -1.278420e+02 1.454320e+03 1.839107e+02 0.000000e+00 0.000000e+00 0.000000e+00 0.000000e+00 0.000000e+00 0.000000e+00 0.000000e+00 0.000000e+00 0.000000e+00
1.573000e+00 0.000000e+00 -5.059355e+03 -4.890244e+03 0.000000e+00 0.000000e+00 0.000000e+00 -1.429024e+02 -1.266966e+02 1.453524e+03 1.811598e+02 0.000000e+00 0.000000e+00 0.000000e+00 0.000000e+00 0.000000e+00 0.000000e+00 0.000000e+00 0.000000e+00 0.000000e+00
1.574000e+00 0.000000e+00 -5.051857e+03 -4.885221e+03 0.000000e+00 0.000000e+00 0.000000e+00 -1.417771e+02 -1.255524e+02 1.452740e+03 1.784161e+02 0.000000e+00 0.000000e+00 0.000000e+00 0.000000e+00 0.000000e+00 0.000000e+00 0.000000e+00 0.000000e+00 0.000000e+00
1.575000e+00 0.000000e+00 -5.044399e+03 -4.880209e+03 0.000000e+00 0.000000e+00 0.000000e+00 -1.406532e+02 -1.244096e+02 1.451966e+03 1.756799e+02 0.000000e+00 0.000000e+00 0.000000e+00 0.000000e+00 0.000000e+00 0.000000e+00 0.000000e+00 0.000000e+00 0.000000e+00
1.576000e+00 0.000000e+00 -5.036983e+03 -4.875210e+03 0.000000e+00 0.000000e+00 0.000000e+00 -1.395307e+02 -1.232684e+02 1.451204e+03 1.729514e+02 0.000000e+00 0.000000e+00 0.000000e+00 0.000000e+00 0.000000e+00 0.000000e+00 0.000000e+00 0.000000e+00 0.000000e+00
1.577000e+00 0.000000e+00 -5.029608e+03 -4.870228e+03 0.000000e+00 0.000000e+00 0.000000e+00 -1.384098e+02 -1.221289e+02 1.450453e+03 1.702310e+02 0.000000e+00 0.000000e+00 0.000000e+00 0.000000e+00 0.000000e+00 0.000000e+00 0.000000e+00 0.000000e+00 0.000000e+00
1.578000e+00 0.000000e+00 -5.022274e+03 -4.865264e+03 0.000000e+00 0.000000e+00 0.000000e+00 -1.372908e+02 -1.209914e+02 1.449713e+03 1.675190e+02 0.000000e+00 0.000000e+00 0.000000e+00 0.000000e+00 0.000000e+00 0.000000e+00 0.000000e+00 0.000000e+00 0.000000e+00
1.579000e+00 0.000000e+00 -5.014980e+03 -4.860320e+03 0.000000e+00 0.000000e+00 0.000000e+00 -1.361738e+02 -1.198560e+02 1.448983e+03 1.648156e+02 0.000000e+00 0.000000e+00 0.000000e+00 0.000000e+00 0.000000e+00 0.000000e+00 0.000000e+00 0.000000e+00 0.000000e+00
1.580000e+00 0.000000e+00 -5.007726e+03 -4.855398e+03 0.000000e+00 0.000000e+00 0.000000e+00 -1.350590e+02 -1.187229e+02 1.448265e+03 1.621212e+02 0.000000e+00 0.000000e+00 0.000000e+00 0.000000e+00 0.000000e+00 0.000000e+00 0.000000e+00 0.000000e+00 0.000000e+00
1.581000e+00 0.000000e+00 -5.000513e+03 -4.850502e+03 0.000000e+00 0.000000e+00 0.000000e+00 -1.339465e+02 -1.175923e+02 1.447558e+03 1.594361e+02 0.000000e+00 0.000000e+00 0.000000e+00 0.000000e+00 0.000000e+00 0.000000e+00 0.000000e+00 0.000000e+00 0.000000e+00
1.582000e+00 0.000000e+00 -4.993340e+03 -4.845632e+03 0.000000e+00 0.000000e+00 0.000000e+00 -1.328366e+02 -1.164643e+02 1.446861e+03 1.567607e+02 0.000000e+00 0.000000e+00 0.000000e+00 0.000000e+00 0.000000e+00 0.000000e+00 0.000000e+00 0.000000e+00 0.000000e+00
1.583000e+00 0.000000e+00 -4.986206e+03 -4.840793e+03 0.000000e+00 0.000000e+00 0.000000e+00 -1.317295e+02 -1.153392e+02 1.446176e+03 1.540951e+02 0.000000e+00 0.000000e+00 0.000000e+00 0.000000e+00 0.000000e+00 0.000000e+00 0.000000e+00 0.000000e+00 0.000000e+00
1.584000e+00 0.000000e+00 -4.979112e+03 -4.835984e+03 0.000000e+00 0.000000e+00 0.000000e+00 -1.306252e+02 -1.142171e+02 1.445501e+03 1.514397e+02 0.000000e+00 0.000000e+00 0.000000e+00 0.000000e+00 0.000000e+00 0.000000e+00 0.000000e+00 0.000000e+00 0.000000e+00
1.585000e+00 0.000000e+00 -4.972057e+03 -4.831210e+03 0.000000e+00 0.000000e+00 0.000000e+00 -1.295241e+02 -1.130981e+02 1.444837e+03 1.487949e+02 0.000000e+00 0.000000e+00 0.000000e+00 0.000000e+00 0.000000e+00 0.000000e+00 0.000000e+00 0.000000e+00 0.000000e+00
1.586000e+00 0.000000e+00 -4.965041e+03 -4.826473e+03 0.000000e+00 0.000000e+00 0.000000e+00 -1.284263e+02 -1.119826e+02 1.444184e+03 1.461608e+02 0.000000e+00 0.000000e+00 0.000000e+00 0.000000e+00 0.000000e+00 0.000000e+00 0.000000e+00 0.000000e+00 0.000000e+00
1.587000e+00 0.000000e+00 -4.958065e+03 -4.821774e+03 0.000000e+00 0.000000e+00 0.000000e+00 -1.273319e+02 -1.108706e+02 1.443541e+03 1.435379e+02 0.000000e+00 0.000000e+00 0.000000e+00 0.000000e+00 0.000000e+00 0.000000e+00 0.000000e+00 0.000000e+00 0.000000e+00
1.588000e+00 0.000000e+00 -4.951128e+03 -4.817117e+03 0.000000e+00 0.000000e+00 0.000000e+00 -1.262412e+02 -1.097624e+02 1.442910e+03 1.409264e+02 0.000000e+00 0.000000e+00 0.000000e+00 0.000000e+00 0.000000e+00 0.000000e+00 0.000000e+00 0.000000e+00 0.000000e+00
1.589000e+00 0.000000e+00 -4.944229e+03 -4.812503e+03 0.000000e+00 0.000000e+00 0.000000e+00 -1.251543e+02 -1.086580e+02 1.442289e+03 1.383267e+02 0.000000e+00 0.000000e+00 0.000000e+00 0.000000e+00 0.000000e+00 0.000000e+00 0.000000e+00 0.000000e+00 0.000000e+00
1.590000e+00 0.000000e+00 -4.937369e+03 -4.807935e+03 0.000000e+00 0.000000e+00 0.000000e+00 -1.240714e+02 -1.075578e+02 1.441679e+03 1.357389e+02 0.000000e+00 0.000000e+00 0.000000e+00 0.000000e+00 0.000000e+00 0.000000e+00 0.000000e+00 0.000000e+00 0.000000e+00
1.591000e+00 0.000000e+00 -4.930548e+03 -4.803415e+03 0.000000e+00 0.000000e+00 0.000000e+00 -1.229928e+02 -1.064618e+02 1.441079e+03 1.331635e+02 0.000000e+00 0.000000e+00 0.000000e+00 0.000000e+00 0.000000e+00 0.000000e+00 0.000000e+00 0.000000e+00 0.000000e+00
1.592000e+00 0.000000e+00 -4.923766e+03 -4.798947e+03 0.000000e+00 0.000000e+00 0.000000e+00 -1.219185e+02 -1.053703e+02 1.440490e+03 1.306008e+02 0.000000e+00 0.000000e+00 0.000000e+00 0.000000e+00 0.000000e+00 0.000000e+00 0.000000e+00 0.000000e+00 0.000000e+00
1.593000e+00 0.000000e+00 -4.917022e+03 -4.794532e+03 0.000000e+00 0.000000e+00 0.000000e+00 -1.208488e+02 -1.042834e+02 1.439912e+03 1.280510e+02 0.000000e+00 0.000000e+00 0.000000e+00 0.000000e+00 0.000000e+00 0.000000e+00 0.000000e+00 0.000000e+00 0.000000e+00
1.594000e+00 0.000000e+00 -4.910316e+03 -4.790172e+03 0.000000e+00 0.000000e+00 0.000000e+00 -1.197838e+02 -1.032014e+02 1.439344e+03 1.255144e+02 0.000000e+00 0.000000e+00 0.000000e+00 0.000000e+00 0.000000e+00 0.000000e+00 0.000000e+00 0.000000e+00 0.000000e+00
1.595000e+00 0.000000e+00 -4.903648e+03 -4.785871e+03 0.000000e+00 0.000000e+00 0.000000e+00 -1.187237e+02 -1.021243e+02 1.438787e+03 1.229914e+02 0.000000e+00 0.000000e+00 0.000000e+00 0.000000e+00 0.000000e+00 0.000000e+00 0.000000e+00 0.000000e+00 0.000000e+00
1.596000e+00 0.000000e+00 -4.897019e+03 -4.781631e+03 0.000000e+00 0.000000e+00 0.000000e+00 -1.176688e+02 -1.010524e+02 1.438241e+03 1.204822e+02 0.000000e+00 0.000000e+00 0.000000e+00 0.000000e+00 0.000000e+00 0.000000e+00 0.000000e+00 0.000000e+00 0.000000e+00
1.597000e+00 0.000000e+00 -4.890428e+03 -4.777454e+03 0.000000e+00 0.000000e+00 0.000000e+00 -1.166191e+02 -9.998576e+01 1.437705e+03 1.179871e+02 0.000000e+00 0.000000e+00 0.000000e+00 0.000000e+00 0.000000e+00 0.000000e+00 0.000000e+00 0.000000e+00 0.000000e+00
1.598000e+00 0.000000e+00 -4.883875e+03 -4.773342e+03 0.000000e+00 0.000000e+00 0.000000e+00 -1.155748e+02 -9.892468e+01 1.437180e+03 1.155064e+02 0.000000e+00 0.000000e+00 0.000000e+00 0.000000e+00 0.000000e+00 0.000000e+00 0.000000e+00 0.000000e+00 0.000000e+00
1.599000e+00 0.000000e+00 -4.877360e+03 -4.769299e+03 0.000000e+00 0.000000e+00 0.000000e+00 -1.145362e+02 -9.786927e+01 1.436665e+03 1.130404e+02 0.000000e+00 0.000000e+00 0.000000e+00 0.000000e+00 0.000000e+00 0.000000e+00 0.000000e+00 0.000000e+00 0.000000e+00
1.600000e+00 0.000000e+00 -4.870883e+03 -4.765326e+03 0.000000e+00 0.000000e+00 0.000000e+00 -1.135034e+02 -9.681970e+01 1.436161e+03 1.105894e+02 0.000000e+00 0.000000e+00 0.000000e+00 0.000000e+00 0.000000e+00 0.000000e+00 0.000000e+00 0.000000e+00 0.000000e+00
1.601000e+00 0.000000e+00 -4.864445e+03 -4.761427e+03 0.000000e+00 0.000000e+00 0.000000e+00 -1.124765e+02 -9.577615e+01 1.435668e+03 1.081537e+02 0.000000e+00 0.000000e+00 0.000000e+00 0.000000e+00 0.000000e+00 0.000000e+00 0.000000e+00 0.000000e+00 0.000000e+00
1.602000e+00 0.000000e+00 -4.858044e+03 -4.757602e+03 0.000000e+00 0.000000e+00 0.000000e+00 -1.114558e+02 -9.473878e+01 1.435185e+03 1.057335e+02 0.000000e+00 0.000000e+00 0.000000e+00 0.000000e+00 0.000000e+00 0.000000e+00 0.000000e+00 0.000000e+00 0.000000e+00
1.603000e+00 0.000000e+00 -4.851682e+03 -4.753856e+03 0.000000e+00 0.000000e+00 0.000000e+00 -1.104414e+02 -9.370776e+01 1.434712e+03 1.033291e+02 0.000000e+00 0.000000e+00 0.000000e+00 0.000000e+00 0.000000e+00 0.000000e+00 0.000000e+00 0.000000e+00 0.000000e+00
1.604000e+00 0.000000e+00 -4.845358e+03 -4.750190e+03 0.000000e+00 0.000000e+00 0.000000e+00 -1.094335e+02 -9.268324e+01 1.434250e+03 1.009409e+02 0.000000e+00 0.000000e+00 0.000000e+00 0.000000e+00 0.000000e+00 0.000000e+00 0.000000e+00 0.000000e+00 0.000000e+00
1.605000e+00 0.000000e+00 -4.839072e+03 -4.746607e+03 0.000000e+00 0.000000e+00 0.000000e+00 -1.084321e+02 -9.166541e+01 1.433799e+03 9.856896e+01 0.000000e+00 0.000000e+00 0.000000e+00 0.000000e+00 0.000000e+00 0.000000e+00 0.000000e+00 0.000000e+00 0.000000e+00
1.606000e+00 0.000000e+00 -4.832824e+03 -4.743109e+03 0.000000e+00 0.000000e+00 0.000000e+00 -1.074376e+02 -9.065441e+01 1.433358e+03 9.621370e+01 0.000000e+00 0.000000e+00 0.000000e+00 0.000000e+00 0.000000e+00 0.000000e+00 0.000000e+00 0.000000e+00 0.000000e+00
1.607000e+00 0.000000e+00 -4.826615e+03 -4.739699e+03 0.000000e+00 0.000000e+00 0.000000e+00 -1.064501e+02 -8.965041e+01 1.432927e+03 9.387536e+01 0.000000e+00 0.000000e+00 0.000000e+00 0.000000e+00 0.000000e+00 0.000000e+00 0.000000e+00 0.000000e+00 0.000000e+00
1.608000e+00 0.000000e+00 -4.820444e+03 -4.736379e+03 0.000000e+00 0.000000e+00 0.000000e+00 -1.054697e+02 -8.865356e+01 1.432507e+03 9.155419e+01 0.000000e+00 0.000000e+00 0.000000e+00 0.000000e+00 0.000000e+00 0.000000e+00 0.000000e+00 0.000000e+00 0.000000e+00
1.609000e+00 0.000000e+00 -4.814312e+03 -4.733152e+03 0.000000e+00 0.000000e+00 0.000000e+00 -1.044965e+02 -8.766403e+01 1.432098e+03 8.925045e+01 0.000000e+00 0.000000e+00 0.000000e+00 0.000000e+00 0.000000e+00 0.000000e+00 0.000000e+00 0.000000e+00 0.000000e+00
1.610000e+00 0.000000e+00 -4.808218e+03 -4.730019e+03 0.000000e+00 0.000000e+00 0.000000e+00 -1.035308e+02 -8.668196e+01 1.431699e+03 8.696440e+01 0.000000e+00 0.000000e+00 0.000000e+00 0.000000e+00 0.000000e+00 0.000000e+00 0.000000e+00 0.000000e+00 0.000000e+00
1.611000e+00 0.000000e+00 -4.802163e+03 -4.726984e+03 0.000000e+00 0.000000e+00 0.000000e+00 -1.025727e+02 -8.570752e+01 1.431310e+03 8.469630e+01 0.000000e+00 0.000000e+00 0.000000e+00 0.000000e+00 0.000000e+00 0.000000e+00 0.000000e+00 0.000000e+00 0.000000e+00
1.612000e+00 0.000000e+00 -4.796146e+03 -4.724049e+03 0.000000e+00 0.000000e+00 0.000000e+00 -1.016223e+02 -8.474084e+01 1.430932e+03 8.244639e+01 0.000000e+00 0.000000e+00 0.000000e+00 0.000000e+00 0.000000e+00 0.000000e+00 0.000000e+00 0.000000e+00 0.000000e+00
1.613000e+00 0.000000e+00 -4.790169e+03 -4.721216e+03 0.000000e+00 0.000000e+00 0.000000e+00 -1.006799e+02 -8.378209e+01 1.430564e+03 8.021492e+01 0.000000e+00 0.000000e+00 0.000000e+00 0.000000e+00 0.000000e+00 0.000000e+00 0.000000e+00 0.000000e+00 0.000000e+00
1.614000e+00 0.000000e+00 -4.784230e+03 -4.718487e+03 0.000000e+00 0.000000e+00 0.000000e+00 -9.974544e+01 -8.283140e+01 1.430207e+03 7.800213e+01 0.000000e+00 0.000000e+00 0.000000e+00 0.000000e+00 0.000000e+00 0.000000e+00 0.000000e+00 0.000000e+00 0.000000e+00
1.615000e+00 0.000000e+00 -4.778331e+03 -4.715865e+03 0.000000e+00 0.000000e+00 0.000000e+00 -9.881922e+01 -8.188893e+01 1.429860e+03 7.580827e+01 0.000000e+00 0.000000e+00 0.000000e+00 0.000000e+00 0.000000e+00 0.000000e+00 0.000000e+00 0.000000e+00 0.000000e+00
1.616000e+00 0.000000e+00 -4.772471e+03 -4.713351e+03 0.000000e+00 0.000000e+00 0.000000e+00 -9.790133e+01 -8.095480e+01 1.429524e+03 7.363356e+01 0.000000e+00 0.000000e+00 0.000000e+00 0.000000e+00 0.000000e+00 0.000000e+00 0.000000e+00 0.000000e+00 0.000000e+00
1.617000e+00 0.000000e+00 -4.766651e+03 -4.710949e+03 0.000000e+00 0.000000e+00 0.000000e+00 -9.699192e+01 -8.002917e+01 1.429198e+03 7.147823e+01 0.000000e+00 0.000000e+00 0.000000e+00 0.000000e+00 0.000000e+00 0.000000e+00 0.000000e+00 0.000000e+00 0.000000e+00
1.618000e+00 0.000000e+00 -4.760870e+03 -4.708661e+03 0.000000e+00 0.000000e+00 0.000000e+00 -9.609112e+01 -7.911217e+01 1.428883e+03 6.934252e+01 0.000000e+00 0.000000e+00 0.000000e+00 0.000000e+00 0.000000e+00 0.000000e+00 0.000000e+00 0.000000e+00 0.000000e+00
1.619000e+00 0.000000e+00 -4.755130e+03 -4.706488e+03 0.000000e+00 0.000000e+00 0.000000e+00 -9.519909e+01 -7.820394e+01 1.428578e+03 6.722663e+01 0.000000e+00 0.000000e+00 0.000000e+00 0.000000e+00 0.000000e+00 0.000000e+00 0.000000e+00 0.000000e+00 0.000000e+00
1.620000e+00 0.000000e+00 -4.749429e+03 -4.704434e+03 0.000000e+00 0.000000e+00 0.000000e+00 -9.431594e+01 -7.730461e+01 1.428283e+03 6.513079e+01 0.000000e+00 0.000000e+00 0.000000e+00 0.000000e+00 0.000000e+00 0.000000e+00 0.000000e+00 0.000000e+00 0.000000e+00
1.621000e+00 0.000000e+00 -4.743769e+03 -4.702499e+03 0.000000e+00 0.000000e+00 0.000000e+00 -9.344181e+01 -7.641429e+01 1.427999e+03 6.305520e+01 0.000000e+00 0.000000e+00 0.000000e+00 0.000000e+00 0.000000e+00 0.000000e+00 0.000000e+00 0.000000e+00 0.000000e+00
1.622000e+00 0.000000e+00 -4.738149e+03 -4.700687e+03 0.000000e+00 0.000000e+00 0.000000e+00 -9.257681e+01 -7.553313e+01 1.427726e+03 6.100008e+01 0.000000e+00 0.000000e+00 0.000000e+00 0.000000e+00 0.000000e+00 0.000000e+00 0.000000e+00 0.000000e+00 0.000000e+00
1.623000e+00 0.000000e+00 -4.732570e+03 -4.698999e+03 0.000000e+00 0.000000e+00 0.000000e+00 -9.172110e+01 -7.466124e+01 1.427462e+03 5.896561e+01 0.000000e+00 0.000000e+00 0.000000e+00 0.000000e+00 0.000000e+00 0.000000e+00 0.000000e+00 0.000000e+00 0.000000e+00
1.624000e+00 0.000000e+00 -4.727032e+03 -4.697438e+03 0.000000e+00 0.000000e+00 0.000000e+00 -9.087478e+01 -7.379876e+01 1.427210e+03 5.695202e+01 0.000000e+00 0.000000e+00 0.000000e+00 0.000000e+00 0.000000e+00 0.000000e+00 0.000000e+00 0.000000e+00 0.000000e+00
1.625000e+00 0.000000e+00 -4.721535e+03 -4.696006e+03 0.000000e+00 0.000000e+00 0.000000e+00 -9.003799e+01 -7.294581e+01 1.426967e+03 5.495949e+01 0.000000e+00 0.000000e+00 0.000000e+00 0.000000e+00 0.000000e+00 0.000000e+00 0.000000e+00 0.000000e+00 0.000000e+00
1.626000e+00 0.000000e+00 -4.716079e+03 -4.694704e+03 0.000000e+00 0.000000e+00 0.000000e+00 -8.921086e+01 -7.210251e+01 1.426735e+03 5.298822e+01 0.000000e+00 0.000000e+00 0.000000e+00 0.000000e+00 0.000000e+00 0.000000e+00 0.000000e+00 0.000000e+00 0.000000e+00
1.627000e+00 0.000000e+00 -4.710666e+03 -4.693535e+03 0.000000e+00 0.000000e+00 0.000000e+00 -8.839349e+01 -7.126897e+01 1.426514e+03 5.103840e+01 0.000000e+00 0.000000e+00 0.000000e+00 0.000000e+00 0.000000e+00 0.000000e+00 0.000000e+00 0.000000e+00 0.000000e+00
1.628000e+00 0.000000e+00 -4.705294e+03 -4.692500e+03 0.000000e+00 0.000000e+00 0.000000e+00 -8.758601e+01 -7.044532e+01 1.426303e+03 4.911021e+01 0.000000e+00 0.000000e+00 0.000000e+00 0.000000e+00 0.000000e+00 0.000000e+00 0.000000e+00 0.000000e+00 0.000000e+00
1.629000e+00 0.000000e+00 -4.699964e+03 -4.691603e+03 0.000000e+00 0.000000e+00 0.000000e+00 -8.678852e+01 -6.963165e+01 1.426102e+03 4.720381e+01 0.000000e+00 0.000000e+00 0.000000e+00 0.000000e+00 0.000000e+00 0.000000e+00 0.000000e+00 0.000000e+00 0.000000e+00
1.630000e+00 0.000000e+00 -4.694677e+03 -4.690844e+03 0.000000e+00 0.000000e+00 0.000000e+00 -8.600114e+01 -6.882808e+01 1.425912e+03 4.531939e+01 0.000000e+00 0.000000e+00 0.000000e+00 0.000000e+00 0.000000e+00 0.000000e+00 0.000000e+00 0.000000e+00 0.000000e+00
1.631000e+00 0.000000e+00 -4.689432e+03 -4.690225e+03 0.000000e+00 0.000000e+00 0.000000e+00 -8.522397e+01 -6.803472e+01 1.425732e+03 4.345711e+01 0.000000e+00 0.000000e+00 0.000000e+00 0.000000e+00 0.000000e+00 0.000000e+00 0.000000e+00 0.000000e+00 0.000000e+00
1.632000e+00 0.000000e+00 -4.684231e+03 -4.689749e+03 0.000000e+00 0.000000e+00 0.000000e+00 -8.445711e+01 -6.725166e+01 1.425563e+03 4.161711e+01 0.000000e+00 0.000000e+00 0.000000e+00 0.000000e+00 0.000000e+00 0.000000e+00 0.000000e+00 0.000000e+00 0.000000e+00
1.633000e+00 0.000000e+00 -4.679073e+03 -4.689417e+03 0.000000e+00 0.000000e+00 0.000000e+00 -8.370066e+01 -6.647900e+01 1.425404e+03 3.979956e+01 0.000000e+00 0.000000e+00 0.000000e+00 0.000000e+00 0.000000e+00 0.000000e+00 0.000000e+00 0.000000e+00 0.000000e+00
1.634000e+00 0.000000e+00 -4.673958e+03 -4.689231e+03 0.000000e+00 0.000000e+00 0.000000e+00 -8.295472e+01 -6.571682e+01 1.425255e+03 3.800460e+01 0.000000e+00 0.000000e+00 0.000000e+00 0.000000e+00 0.000000e+00 0.000000e+00 0.000000e+00 0.000000e+00 0.000000e+00
1.635000e+00 0.000000e+00 -4.668888e+03 -4.689193e+03 0.000000e+00 0.000000e+00 0.000000e+00 -8.221937e+01 -6.496524e+01 1.425117e+03 3.623237e+01 0.000000e+00 0.000000e+00 0.000000e+00 0.000000e+00 0.000000e+00 0.000000e+00 0.000000e+00 0.000000e+00 0.000000e+00
1.636000e+00 0.000000e+00 -4.663862e+03 -4.689303e+03 0.000000e+00 0.000000e+00 0.000000e+00 -8.149470e+01 -6.422432e+01 1.424990e+03 3.448300e+01 0.000000e+00 0.000000e+00 0.000000e+00 0.000000e+00 0.000000e+00 0.000000e+00 0.000000e+00 0.000000e+00 0.000000e+00
1.637000e+00 0.000000e+00 -4.658881e+03 -4.689565e+03 0.000000e+00 0.000000e+00 0.000000e+00 -8.078080e+01 -6.349415e+01 1.424872e+03 3.275662e+01 0.000000e+00 0.000000e+00 0.000000e+00 0.000000e+00 0.000000e+00 0.000000e+00 0.000000e+00 0.000000e+00 0.000000e+00
1.638000e+00 0.000000e+00 -4.653944e+03 -4.689979e+03 0.000000e+00 0.000000e+00 0.000000e+00 -8.007774e+01 -6.277480e+01 1.424765e+03 3.105335e+01 0.000000e+00 0.000000e+00 0.000000e+00 0.000000e+00 0.000000e+00 0.000000e+00 0.000000e+00 0.000000e+00 0.000000e+00
1.639000e+00 0.000000e+00 -4.649054e+03 -4.690547e+03 0.000000e+00 0.000000e+00 0.000000e+00 -7.938560e+01 -6.206637e+01 1.424669e+03 2.937331e+01 0.000000e+00 0.000000e+00 0.000000e+00 0.000000e+00 0.000000e+00 0.000000e+00 0.000000e+00 0.000000e+00 0.000000e+00
1.640000e+00 0.000000e+00 -4.644209e+03 -4.691270e+03 0.000000e+00 0.000000e+00 0.000000e+00 -7.870445e+01 -6.136890e+01 1.424583e+03 2.771659e+01 0.000000e+00 0.000000e+00 0.000000e+00 0.000000e+00 0.000000e+00 0.000000e+00 0.000000e+00 0.000000e+00 0.000000e+00
1.641000e+00 0.000000e+00 -4.639410e+03 -4.692151e+03 0.000000e+00 0.000000e+00 0.000000e+00 -7.803436e+01 -6.068248e+01 1.424507e+03 2.608331e+01 0.000000e+00 0.000000e+00 0.000000e+00 0.000000e+00 0.000000e+00 0.000000e+00 0.000000e+00 0.000000e+00 0.000000e+00
1.642000e+00 0.000000e+00 -4.634659e+03 -4.693189e+03 0.000000e+00 0.000000e+00 0.000000e+00 -7.737539e+01 -6.000717e+01 1.424442e+03 2.447355e+01 0.000000e+00 0.000000e+00 0.000000e+00 0.000000e+00 0.000000e+00 0.000000e+00 0.000000e+00 0.000000e+00 0.000000e+00
1.643000e+00 0.000000e+00 -4.629954e+03 -4.694387e+03 0.000000e+00 0.000000e+00 0.000000e+00 -7.672761e+01 -5.934302e+01 1.424387e+03 2.288741e+01 0.000000e+00 0.000000e+00 0.000000e+00 0.000000e+00 0.000000e+00 0.000000e+00 0.000000e+00 0.000000e+00 0.000000e+00
1.644000e+00 0.000000e+00 -4.625296e+03 -4.695745e+03 0.000000e+00 0.000000e+00 0.000000e+00 -7.609108e+01 -5.869010e+01 1.424342e+03 2.132498e+01 0.000000e+00 0.000000e+00 0.000000e+00 0.000000e+00 0.000000e+00 0.000000e+00 0.000000e+00 0.000000e+00 0.000000e+00
1.645000e+00 0.000000e+00 -4.620687e+03 -4.697266e+03 0.000000e+00 0.000000e+00 0.000000e+00 -7.546587e+01 -5.804849e+01 1.424308e+03 1.978635e+01 0.000000e+00 0.000000e+00 0.000000e+00 0.000000e+00 0.000000e+00 0.000000e+00 0.000000e+00 0.000000e+00 0.000000e+00
1.646000e+00 0.000000e+00 -4.616125e+03 -4.698950e+03 0.000000e+00 0.000000e+00 0.000000e+00 -7.485204e+01 -5.741823e+01 1.424284e+03 1.827161e+01 0.000000e+00 0.000000e+00 0.000000e+00 0.000000e+00 0.000000e+00 0.000000e+00 0.000000e+00 0.000000e+00 0.000000e+00
1.647000e+00 0.000000e+00 -4.611612e+03 -4.700799e+03 0.000000e+00 0.000000e+00 0.000000e+00 -7.424965e+01 -5.679940e+01 1.424271e+03 1.678084e+01 0.000000e+00 0.000000e+00 0.000000e+00 0.000000e+00 0.000000e+00 0.000000e+00 0.000000e+00 0.000000e+00 0.000000e+00
1.648000e+00 0.000000e+00 -4.607148e+03 -4.702814e+03 0.000000e+00 0.000000e+00 0.000000e+00 -7.365875e+01 -5.619203e+01 1.424267e+03 1.531409e+01 0.000000e+00 0.000000e+00 0.000000e+00 0.000000e+00 0.000000e+00 0.000000e+00 0.000000e+00 0.000000e+00 0.000000e+00
1.649000e+00 0.000000e+00 -4.602733e+03 -4.704996e+03 0.000000e+00 0.000000e+00 0.000000e+00 -7.307940e+01 -5.559618e+01 1.424275e+03 1.387145e+01 0.000000e+00 0.000000e+00 0.000000e+00 0.000000e+00 0.000000e+00 0.000000e+00 0.000000e+00 0.000000e+00 0.000000e+00
1.650000e+00 0.000000e+00 -4.598368e+03 -4.707345e+03 0.000000e+00 0.000000e+00 0.000000e+00 -7.251163e+01 -5.501190e+01 1.424292e+03 1.245294e+01 0.000000e+00 0.000000e+00 0.000000e+00 0.000000e+00 0.000000e+00 0.000000e+00 0.000000e+00 0.000000e+00 0.000000e+00
1.651000e+00 0.000000e+00 -4.594053e+03 -4.709863e+03 0.000000e+00 0.000000e+00 0.000000e+00 -7.195548e+01 -5.443921e+01 1.424320e+03 1.105864e+01 0.000000e+00 0.000000e+00 0.000000e+00 0.000000e+00 0.000000e+00 0.000000e+00 0.000000e+00 0.000000e+00 0.000000e+00
1.652000e+00 0.000000e+00 -4.589789e+03 -4.712552e+03 0.000000e+00 0.000000e+00 0.000000e+00 -7.141099e+01 -5.387816e+01 1.424358e+03 9.688573e+00 0.000000e+00 0.000000e+00 0.000000e+00 0.000000e+00 0.000000e+00 0.000000e+00 0.000000e+00 0.000000e+00 0.000000e+00
1.653000e+00 0.000000e+00 -4.585576e+03 -4.715410e+03 0.000000e+00 0.000000e+00 0.000000e+00 -7.087820e+01 -5.332878e+01 1.424406e+03 8.342775e+00 0.000000e+00 0.000000e+00 0.000000e+00 0.000000e+00 0.000000e+00 0.000000e+00 0.000000e+00 0.000000e+00 0.000000e+00
1.654000e+00 0.000000e+00 -4.581414e+03 -4.718440e+03 0.000000e+00 0.000000e+00 0.000000e+00 -7.035712e+01 -5.279108e+01 1.424465e+03 7.021272e+00 0.000000e+00 0.000000e+00 0.000000e+00 0.000000e+00 0.000000e+00 0.000000e+00 0.000000e+00 0.000000e+00 0.000000e+00
1.655000e+00 0.000000e+00 -4.577303e+03 -4.721643e+03 0.000000e+00 0.000000e+00 0.000000e+00 -6.984777e+01 -5.226510e+01 1.424534e+03 5.724082e+00 0.000000e+00 0.000000e+00 0.000000e+00 0.000000e+00 0.000000e+00 0.000000e+00 0.000000e+00 0.000000e+00 0.000000e+00
1.656000e+00 0.000000e+00 -4.573246e+03 -4.725017e+03 0.000000e+00 0.000000e+00 0.000000e+00 -6.935018e+01 -5.175085e+01 1.424613e+03 4.451217e+00 0.000000e+00 0.000000e+00 0.000000e+00 0.000000e+00 0.000000e+00 0.000000e+00 0.000000e+00 0.000000e+00 0.000000e+00
1.657000e+00 0.000000e+00 -4.569241e+03 -4.728566e+03 0.000000e+00 0.000000e+00 0.000000e+00 -6.886436e+01 -5.124834e+01 1.424702e+03 3.202680e+00 0.000000e+00 0.000000e+00 0.000000e+00 0.000000e+00 0.000000e+00 0.000000e+00 0.000000e+00 0.000000e+00 0.000000e+00
1.658000e+00 0.000000e+00 -4.565289e+03 -4.732288e+03 0.000000e+00 0.000000e+00 0.000000e+00 -6.839031e+01 -5.075759e+01 1.424802e+03 1.978467e+00 0.000000e+00 0.000000e+00 0.000000e+00 0.000000e+00 0.000000e+00 0.000000e+00 0.000000e+00 0.000000e+00 0.000000e+00
1.659000e+00 0.000000e+00 -4.561391e+03 -4.736184e+03 0.000000e+00 0.000000e+00 0.000000e+00 -6.792803e+01 -5.027858e+01 1.424912e+03 7.785673e-01 0.000000e+00 0.000000e+00 0.000000e+00 0.000000e+00 0.000000e+00 0.000000e+00 0.000000e+00 0.000000e+00 0.000000e+00
1.660000e+00 0.000000e+00 -4.557548e+03 -4.740255e+03 0.000000e+00 0.000000e+00 0.000000e+00 -6.747754e+01 -4.981133e+01 1.425031e+03 -3.970370e-01 0.000000e+00 0.000000e+00 0.000000e+00 0.000000e+00 0.000000e+00 0.000000e+00 0.000000e+00 0.000000e+00 0.000000e+00
1.661000e+00 0.000000e+00 -4.553759e+03 -4.744501e+03 0.000000e+00 0.000000e+00 0.000000e+00 -6.703881e+01 -4.935582e+01 1.425162e+03 -1.548372e+00 0.000000e+00 0.000000e+00 0.000000e+00 0.000000e+00 0.000000e+00 0.000000e+00 0.000000e+00 0.000000e+00 0.000000e+00
1.662000e+00 0.000000e+00 -4.550026e+03 -4.748922e+03 0.000000e+00 0.000000e+00 0.000000e+00 -6.661183e+01 -4.891206e+01 1.425302e+03 -2.675470e+00 0.000000e+00 0.000000e+00 0.000000e+00 0.000000e+00 0.000000e+00 0.000000e+00 0.000000e+00 0.000000e+00 0.000000e+00
1.663000e+00 0.000000e+00 -4.546348e+03 -4.753518e+03 0.000000e+00 0.000000e+00 0.000000e+00 -6.619660e+01 -4.848001e+01 1.425452e+03 -3.778372e+00 0.000000e+00 0.000000e+00 0.000000e+00 0.000000e+00 0.000000e+00 0.000000e+00 0.000000e+00 0.000000e+00 0.000000e+00
1.664000e+00 0.000000e+00 -4.542727e+03 -4.758290e+03 0.000000e+00 0.000000e+00 0.000000e+00 -6.579310e+01 -4.805967e+01 1.425613e+03 -4.857118e+00 0.000000e+00 0.000000e+00 0.000000e+00 0.000000e+00 0.000000e+00 0.000000e+00 0.000000e+00 0.000000e+00 0.000000e+00
1.665000e+00 0.000000e+00 -4.539162e+03 -4.763238e+03 0.000000e+00 0.000000e+00 0.000000e+00 -6.540133e+01 -4.765104e+01 1.425783e+03 -5.911741e+00 0.000000e+00 0.000000e+00 0.000000e+00 0.000000e+00 0.000000e+00 0.000000e+00 0.000000e+00 0.000000e+00 0.000000e+00
1.666000e+00 0.000000e+00 -4.535655e+03 -4.768362e+03 0.000000e+00 0.000000e+00 0.000000e+00 -6.502127e+01 -4.725411e+01 1.425964e+03 -6.942279e+00 0.000000e+00 0.000000e+00 0.000000e+00 0.000000e+00 0.000000e+00 0.000000e+00 0.000000e+00 0.000000e+00 0.000000e+00
1.667000e+00 0.000000e+00 -4.532205e+03 -4.773661e+03 0.000000e+00 0.000000e+00 0.000000e+00 -6.465291e+01 -4.686886e+01 1.426154e+03 -7.948780e+00 0.000000e+00 0.000000e+00 0.000000e+00 0.000000e+00 0.000000e+00 0.000000e+00 0.000000e+00 0.000000e+00 0.000000e+00
1.668000e+00 0.000000e+00 -4.528813e+03 -4.779137e+03 0.000000e+00 0.000000e+00 0.000000e+00 -6.429624e+01 -4.649527e+01 1.426355e+03 -8.931298e+00 0.000000e+00 0.000000e+00 0.000000e+00 0.000000e+00 0.000000e+00 0.000000e+00 0.000000e+00 0.000000e+00 0.000000e+00
1.669000e+00 0.000000e+00 -4.525480e+03 -4.784789e+03 0.000000e+00 0.000000e+00 0.000000e+00 -6.395124e+01 -4.613334e+01 1.426565e+03 -9.889893e+00 0.000000e+00 0.000000e+00 0.000000e+00 0.000000e+00 0.000000e+00 0.000000e+00 0.000000e+00 0.000000e+00 0.000000e+00
1.670000e+00 0.000000e+00 -4.522205e+03 -4.790616e+03 0.000000e+00 0.000000e+00 0.000000e+00 -6.361787e+01 -4.578302e+01 1.426786e+03 -1.082464e+01 0.000000e+00 0.000000e+00 0.000000e+00 0.000000e+00 0.000000e+00 0.000000e+00 0.000000e+00 0.000000e+00 0.000000e+00
1.671000e+00 0.000000e+00 -4.518990e+03 -4.796619e+03 0.000000e+00 0.000000e+00 0.000000e+00 -6.329610e+01 -4.544428e+01 1.427016e+03 -1.173560e+01 0.000000e+00 0.000000e+00 0.000000e+00 0.000000e+00 0.000000e+00 0.000000e+00 0.000000e+00 0.000000e+00 0.000000e+00
1.672000e+00 0.000000e+00 -4.515835e+03 -4.802798e+03 0.000000e+00 0.000000e+00 0.000000e+00 -6.298591e+01 -4.511710e+01 1.427256e+03 -1.262287e+01 0.000000e+00 0.000000e+00 0.000000e+00 0.000000e+00 0.000000e+00 0.000000e+00 0.000000e+00 0.000000e+00 0.000000e+00
1.673000e+00 0.000000e+00 -4.512740e+03 -4.809151e+03 0.000000e+00 0.000000e+00 0.000000e+00 -6.268724e+01 -4.480143e+01 1.427507e+03 -1.348654e+01 0.000000e+00 0.000000e+00 0.000000e+00 0.000000e+00 0.000000e+00 0.000000e+00 0.000000e+00 0.000000e+00 0.000000e+00
1.674000e+00 0.000000e+00 -4.509706e+03 -4.815680e+03 0.000000e+00 0.000000e+00 0.000000e+00 -6.240006e+01 -4.449722e+01 1.427767e+03 -1.432670e+01 0.000000e+00 0.000000e+00 0.000000e+00 0.000000e+00 0.000000e+00 0.000000e+00 0.000000e+00 0.000000e+00 0.000000e+00
1.675000e+00 0.000000e+00 -4.506734e+03 -4.822382e+03 0.000000e+00 0.000000e+00 0.000000e+00 -6.212431e+01 -4.420443e+01 1.428036e+03 -1.514346e+01 0.000000e+00 0.000000e+00 0.000000e+00 0.000000e+00 0.000000e+00 0.000000e+00 0.000000e+00 0.000000e+00 0.000000e+00
1.676000e+00 0.000000e+00 -4.503823e+03 -4.829258e+03 0.000000e+00 0.000000e+00 0.000000e+00 -6.185993e+01 -4.392301e+01 1.428316e+03 -1.593694e+01 0.000000e+00 0.000000e+00 0.000000e+00 0.000000e+00 0.000000e+00 0.000000e+00 0.000000e+00 0.000000e+00 0.000000e+00
1.677000e+00 0.000000e+00 -4.500974e+03 -4.836307e+03 0.000000e+00 0.000000e+00 0.000000e+00 -6.160688e+01 -4.365289e+01 1.428605e+03 -1.670724e+01 0.000000e+00 0.000000e+00 0.000000e+00 0.000000e+00 0.000000e+00 0.000000e+00 0.000000e+00 0.000000e+00 0.000000e+00
1.678000e+00 0.000000e+00 -4.498188e+03 -4.843528e+03 0.000000e+00 0.000000e+00 0.000000e+00 -6.136507e+01 -4.339401e+01 1.428904e+03 -1.745450e+01 0.000000e+00 0.000000e+00 0.000000e+00 0.000000e+00 0.000000e+00 0.000000e+00 0.000000e+00 0.000000e+00 0.000000e+00
1.679000e+00 0.000000e+00 -4.495465e+03 -4.850921e+03 0.000000e+00 0.000000e+00 0.000000e+00 -6.113446e+01 -4.314631e+01 1.429213e+03 -1.817885e+01 0.000000e+00 0.000000e+00 0.000000e+00 0.000000e+00 0.000000e+00 0.000000e+00 0.000000e+00 0.000000e+00 0.000000e+00
1.680000e+00 0.000000e+00 -4.492806e+03 -4.858485e+03 0.000000e+00 0.000000e+00 0.000000e+00 -6.091496e+01 -4.290971e+01 1.429531e+03 -1.888043e+01 0.000000e+00 0.000000e+00 0.000000e+00 0.000000e+00 0.000000e+00 0.000000e+00 0.000000e+00 0.000000e+00 0.000000e+00
1.681000e+00 0.000000e+00 -4.490211e+03 -4.866218e+03 0.000000e+00 0.000000e+00 0.000000e+00 -6.070649e+01 -4.268414e+01 1.429859e+03 -1.955939e+01 0.000000e+00 0.000000e+00 0.000000e+00 0.000000e+00 0.000000e+00 0.000000e+00 0.000000e+00 0.000000e+00 0.000000e+00
1.682000e+00 0.000000e+00 -4.487681e+03 -4.874121e+03 0.000000e+00 0.000000e+00 0.000000e+00 -6.050898e+01 -4.246952e+01 1.430197e+03 -2.021587e+01 0.000000e+00 0.000000e+00 0.000000e+00 0.000000e+00 0.000000e+00 0.000000e+00 0.000000e+00 0.000000e+00 0.000000e+00
1.683000e+00 0.000000e+00 -4.485216e+03 -4.882191e+03 0.000000e+00 0.000000e+00 0.000000e+00 -6.032233e+01 -4.226576e+01 1.430543e+03 -2.085005e+01 0.000000e+00 0.000000e+00 0.000000e+00 0.000000e+00 0.000000e+00 0.000000e+00 0.000000e+00 0.000000e+00 0.000000e+00
1.684000e+00 0.000000e+00 -4.482817e+03 -4.890428e+03 0.000000e+00 0.000000e+00 0.000000e+00 -6.014647e+01 -4.207278e+01 1.430900e+03 -2.146208e+01 0.000000e+00 0.000000e+00 0.000000e+00 0.000000e+00 0.000000e+00 0.000000e+00 0.000000e+00 0.000000e+00 0.000000e+00
1.685000e+00 0.000000e+00 -4.480484e+03 -4.898830e+03 0.000000e+00 0.000000e+00 0.000000e+00 -5.998130e+01 -4.189050e+01 1.431266e+03 -2.205212e+01 0.000000e+00 0.000000e+00 0.000000e+00 0.000000e+00 0.000000e+00 0.000000e+00 0.000000e+00 0.000000e+00 0.000000e+00
1.686000e+00 0.000000e+00 -4.478217e+03 -4.907398e+03 0.000000e+00 0.000000e+00 0.000000e+00 -5.982676e+01 -4.171884e+01 1.431641e+03 -2.262034e+01 0.000000e+00 0.000000e+00 0.000000e+00 0.000000e+00 0.000000e+00 0.000000e+00 0.000000e+00 0.000000e+00 0.000000e+00
1.687000e+00 0.000000e+00 -4.476017e+03 -4.916129e+03 0.000000e+00 0.000000e+00 0.000000e+00 -5.968276e+01 -4.155773e+01 1.432026e+03 -2.316689e+01 0.000000e+00 0.000000e+00 0.000000e+00 0.000000e+00 0.000000e+00 0.000000e+00 0.000000e+00 0.000000e+00 0.000000e+00
1.688000e+00 0.000000e+00 -4.473885e+03 -4.925023e+03 0.000000e+00 0.000000e+00 0.000000e+00 -5.954922e+01 -4.140707e+01 1.432419e+03 -2.369193e+01 0.000000e+00 0.000000e+00 0.000000e+00 0.000000e+00 0.000000e+00 0.000000e+00 0.000000e+00 0.000000e+00 0.000000e+00
1.689000e+00 0.000000e+00 -4.471821e+03 -4.934077e+03 0.000000e+00 0.000000e+00 0.000000e+00 -5.942604e+01 -4.126679e+01 1.432823e+03 -2.419565e+01 0.000000e+00 0.000000e+00 0.000000e+00 0.000000e+00 0.000000e+00 0.000000e+00 0.000000e+00 0.000000e+00 0.000000e+00
1.690000e+00 0.000000e+00 -4.469824e+03 -4.943292e+03 0.000000e+00 0.000000e+00 0.000000e+00 -5.931315e+01 -4.113678e+01 1.433235e+03 -2.467823e+01 0.000000e+00 0.000000e+00 0.000000e+00 0.000000e+00 0.000000e+00 0.000000e+00 0.000000e+00 0.000000e+00 0.000000e+00
1.691000e+00 0.000000e+00 -4.467896e+03 -4.952665e+03 0.000000e+00 0.000000e+00 0.000000e+00 -5.921043e+01 -4.101696e+01 1.433657e+03 -2.513985e+01 0.000000e+00 0.000000e+00 0.000000e+00 0.000000e+00 0.000000e+00 0.000000e+00 0.000000e+00 0.000000e+00 0.000000e+00
1.692000e+00 0.000000e+00 -4.466037e+03 -4.962196e+03 0.000000e+00 0.000000e+00 0.000000e+00 -5.911780e+01 -4.090723e+01 1.434087e+03 -2.558071e+01 0.000000e+00 0.000000e+00 0.000000e+00 0.000000e+00 0.000000e+00 0.000000e+00 0.000000e+00 0.000000e+00 0.000000e+00
1.693000e+00 0.000000e+00 -4.464247e+03 -4.971882e+03 0.000000e+00 0.000000e+00 0.000000e+00 -5.903513e+01 -4.080747e+01 1.434527e+03 -2.600101e+01 0.000000e+00 0.000000e+00 0.000000e+00 0.000000e+00 0.000000e+00 0.000000e+00 0.000000e+00 0.000000e+00 0.000000e+00
1.694000e+00 0.000000e+00 -4.462527e+03 -4.981722e+03 0.000000e+00 0.000000e+00 0.000000e+00 -5.896234e+01 -4.071759e+01 1.434976e+03 -2.640094e+01 0.000000e+00 0.000000e+00 0.000000e+00 0.000000e+00 0.000000e+00 0.000000e+00 0.000000e+00 0.000000e+00 0.000000e+00
1.695000e+00 0.000000e+00 -4.460877e+03 -4.991714e+03 0.000000e+00 0.000000e+00 0.000000e+00 -5.889929e+01 -4.063747e+01 1.435433e+03 -2.678074e+01 0.000000e+00 0.000000e+00 0.000000e+00 0.000000e+00 0.000000e+00 0.000000e+00 0.000000e+00 0.000000e+00 0.000000e+00
1.696000e+00 0.000000e+00 -4.459297e+03 -5.001858e+03 0.000000e+00 0.000000e+00 0.000000e+00 -5.884589e+01 -4.056700e+01 1.435900e+03 -2.714060e+01 0.000000e+00 0.000000e+00 0.000000e+00 0.000000e+00 0.000000e+00 0.000000e+00 0.000000e+00 0.000000e+00 0.000000e+00
1.697000e+00 0.000000e+00 -4.457788e+03 -5.012150e+03 0.000000e+00 0.000000e+00 0.000000e+00 -5.880200e+01 -4.050606e+01 1.436376e+03 -2.748076e+01 0.000000e+00 0.000000e+00 0.000000e+00 0.000000e+00 0.000000e+00 0.000000e+00 0.000000e+00 0.000000e+00 0.000000e+00
1.698000e+00 0.000000e+00 -4.456350e+03 -5.022590e+03 0.000000e+00 0.000000e+00 0.000000e+00 -5.876750e+01 -4.045453e+01 1.436860e+03 -2.780144e+01 0.000000e+00 0.000000e+00 0.000000e+00 0.000000e+00 0.000000e+00 0.000000e+00 0.000000e+00 0.000000e+00 0.000000e+00
1.699000e+00 0.000000e+00 -4.454984e+03 -5.033176e+03 0.000000e+00 0.000000e+00 0.000000e+00 -5.874227e+01 -4.041228e+01 1.437353e+03 -2.810287e+01 0.000000e+00 0.000000e+00 0.000000e+00 0.000000e+00 0.000000e+00 0.000000e+00 0.000000e+00 0.000000e+00 0.000000e+00
1.700000e+00 0.000000e+00 -4.453689e+03 -5.043904e+03 0.000000e+00 0.000000e+00 0.000000e+00 -5.872618e+01 -4.037919e+01 1.437855e+03 -2.838530e+01 0.000000e+00 0.000000e+00 0.000000e+00 0.000000e+00 0.000000e+00 0.000000e+00 0.000000e+00 0.000000e+00 0.000000e+00
1.701000e+00 0.000000e+00 -4.452467e+03 -5.054775e+03 0.000000e+00 0.000000e+00 0.000000e+00 -5.871908e+01 -4.035511e+01 1.438365e+03 -2.864897e+01 0.000000e+00 0.000000e+00 0.000000e+00 0.000000e+00 0.000000e+00 0.000000e+00 0.000000e+00 0.000000e+00 0.000000e+00
1.702000e+00 0.000000e+00 -4.451318e+03 -5.065785e+03 0.000000e+00 0.000000e+00 0.000000e+00 -5.872085e+01 -4.033993e+01 1.438885e+03 -2.889413e+01 0.000000e+00 0.000000e+00 0.000000e+00 0.000000e+00 0.000000e+00 0.000000e+00 0.000000e+00 0.000000e+00 0.000000e+00
1.703000e+00 0.000000e+00 -4.450241e+03 -5.076933e+03 0.000000e+00 0.000000e+00 0.000000e+00 -5.873135e+01 -4.033349e+01 1.439412e+03 -2.912103e+01 0.000000e+00 0.000000e+00 0.000000e+00 0.000000e+00 0.000000e+00 0.000000e+00 0.000000e+00 0.000000e+00 0.000000e+00
1.704000e+00 0.000000e+00 -4.449238e+03 -5.088216e+03 0.000000e+00 0.000000e+00 0.000000e+00 -5.875042e+01 -4.033565e+01 1.439948e+03 -2.932993e+01 0.000000e+00 0.000000e+00 0.000000e+00 0.000000e+00 0.000000e+00 0.000000e+00 0.000000e+00 0.000000e+00 0.000000e+00
1.705000e+00 0.000000e+00 -4.448308e+03 -5.099633e+03 0.000000e+00 0.000000e+00 0.000000e+00 -5.877793e+01 -4.034628e+01 1.440493e+03 -2.952110e+01 0.000000e+00 0.000000e+00 0.000000e+00 0.000000e+00 0.000000e+00 0.000000e+00 0.000000e+00 0.000000e+00 0.000000e+00
1.706000e+00 0.000000e+00 -4.447452e+03 -5.111181e+03 0.000000e+00 0.000000e+00 0.000000e+00 -5.881375e+01 -4.036526e+01 1.441046e+03 -2.969476e+01 0.000000e+00 0.000000e+00 0.000000e+00 0.000000e+00 0.000000e+00 0.000000e+00 0.000000e+00 0.000000e+00 0.000000e+00
1.707000e+00 0.000000e+00 -4.446670e+03 -5.122858e+03 0.000000e+00 0.000000e+00 0.000000e+00 -5.885776e+01 -4.039244e+01 1.441607e+03 -2.985118e+01 0.000000e+00 0.000000e+00 0.000000e+00 0.000000e+00 0.000000e+00 0.000000e+00 0.000000e+00 0.000000e+00 0.000000e+00
1.708000e+00 0.000000e+00 -4.445962e+03 -5.134662e+03 0.000000e+00 0.000000e+00 0.000000e+00 -5.890980e+01 -4.042770e+01 1.442177e+03 -2.999061e+01 0.000000e+00 0.000000e+00 0.000000e+00 0.000000e+00 0.000000e+00 0.000000e+00 0.000000e+00 0.000000e+00 0.000000e+00
1.709000e+00 0.000000e+00 -4.445329e+03 -5.146591e+03 0.000000e+00 0.000000e+00 0.000000e+00 -5.896975e+01 -4.047090e+01 1.442754e+03 -3.011332e+01 0.000000e+00 0.000000e+00 0.000000e+00 0.000000e+00 0.000000e+00 0.000000e+00 0.000000e+00 0.000000e+00 0.000000e+00
1.710000e+00 0.000000e+00 -4.444771e+03 -5.158643e+03 0.000000e+00 0.000000e+00 0.000000e+00 -5.903747e+01 -4.052189e+01 1.443340e+03 -3.021956e+01 0.000000e+00 0.000000e+00 0.000000e+00 0.000000e+00 0.000000e+00 0.000000e+00 0.000000e+00 0.000000e+00 0.000000e+00
1.711000e+00 0.000000e+00 -4.444287e+03 -5.170815e+03 0.000000e+00 0.000000e+00 0.000000e+00 -5.911280e+01 -4.058053e+01 1.443934e+03 -3.030960e+01 0.000000e+00 0.000000e+00 0.000000e+00 0.000000e+00 0.000000e+00 0.000000e+00 0.000000e+00 0.000000e+00 0.000000e+00
1.712000e+00 0.000000e+00 -4.443878e+03 -5.183105e+03 0.000000e+00 0.000000e+00 0.000000e+00 -5.919559e+01 -4.064668e+01 1.444536e+03 -3.038373e+01 0.000000e+00 0.000000e+00 0.000000e+00 0.000000e+00 0.000000e+00 0.000000e+00 0.000000e+00 0.000000e+00 0.000000e+00
1.713000e+00 0.000000e+00 -4.443545e+03 -5.195511e+03 0.000000e+00 0.000000e+00 0.000000e+00 -5.928571e+01 -4.072019e+01 1.445146e+03 -3.044222e+01 0.000000e+00 0.000000e+00 0.000000e+00 0.000000e+00 0.000000e+00 0.000000e+00 0.000000e+00 0.000000e+00 0.000000e+00
1.714000e+00 0.000000e+00 -4.443287e+03 -5.208030e+03 0.000000e+00 0.000000e+00 0.000000e+00 -5.938300e+01 -4.080090e+01 1.445764e+03 -3.048534e+01 0.000000e+00 0.000000e+00 0.000000e+00 0.000000e+00 0.000000e+00 0.000000e+00 0.000000e+00 0.000000e+00 0.000000e+00
1.715000e+00 0.000000e+00 -4.443104e+03 -5.220660e+03 0.000000e+00 0.000000e+00 0.000000e+00 -5.948729e+01 -4.088867e+01 1.446390e+03 -3.051339e+01 0.000000e+00 0.000000e+00 0.000000e+00 0.000000e+00 0.000000e+00 0.000000e+00 0.000000e+00 0.000000e+00 0.000000e+00
1.716000e+00 0.000000e+00 -4.442997e+03 -5.233399e+03 0.000000e+00 0.000000e+00 0.000000e+00 -5.959844e+01 -4.098333e+01 1.447023e+03 -3.052666e+01 0.000000e+00 0.000000e+00 0.000000e+00 0.000000e+00 0.000000e+00 0.000000e+00 0.000000e+00 0.000000e+00 0.000000e+00
1.717000e+00 0.000000e+00 -4.442966e+03 -5.246243e+03 0.000000e+00 0.000000e+00 0.000000e+00 -5.971629e+01 -4.108473e+01 1.447664e+03 -3.052543e+01 0.000000e+00 0.000000e+00 0.000000e+00 0.000000e+00 0.000000e+00 0.000000e+00 0.000000e+00 0.000000e+00 0.000000e+00
1.718000e+00 0.000000e+00 -4.443010e+03 -5.259190e+03 0.000000e+00 0.000000e+00 0.000000e+00 -5.984066e+01 -4.119270e+01 1.448313e+03 -3.050999e+01 0.000000e+00 0.000000e+00 0.000000e+00 0.000000e+00 0.000000e+00 0.000000e+00 0.000000e+00 0.000000e+00 0.000000e+00
1.719000e+00 0.000000e+00 -4.443131e+03 -5.272238e+03 0.000000e+00 0.000000e+00 0.000000e+00 -5.997141e+01 -4.130710e+01 1.448969e+03 -3.048066e+01 0.000000e+00 0.000000e+00 0.000000e+00 0.000000e+00 0.000000e+00 0.000000e+00 0.000000e+00 0.000000e+00 0.000000e+00
1.720000e+00 0.000000e+00 -4.443327e+03 -5.285384e+03 0.000000e+00 0.000000e+00 0.000000e+00 -6.010835e+01 -4.142774e+01 1.449633e+03 -3.043774e+01 0.000000e+00 0.000000e+00 0.000000e+00 0.000000e+00 0.000000e+00 0.000000e+00 0.000000e+00 0.000000e+00 0.000000e+00
1.721000e+00 0.000000e+00 -4.443600e+03 -5.298626e+03 0.000000e+00 0.000000e+00 0.000000e+00 -6.025133e+01 -4.155447e+01 1.450304e+03 -3.038152e+01 0.000000e+00 0.000000e+00 0.000000e+00 0.000000e+00 0.000000e+00 0.000000e+00 0.000000e+00 0.000000e+00 0.000000e+00
1.722000e+00 0.000000e+00 -4.443949e+03 -5.311960e+03 0.000000e+00 0.000000e+00 0.000000e+00 -6.040017e+01 -4.168711e+01 1.450983e+03 -3.031231e+01 0.000000e+00 0.000000e+00 0.000000e+00 0.000000e+00 0.000000e+00 0.000000e+00 0.000000e+00 0.000000e+00 0.000000e+00
1.723000e+00 0.000000e+00 -4.444374e+03 -5.325384e+03 0.000000e+00 0.000000e+00 0.000000e+00 -6.055470e+01 -4.182549e+01 1.451669e+03 -3.023043e+01 0.000000e+00 0.000000e+00 0.000000e+00 0.000000e+00 0.000000e+00 0.000000e+00 0.000000e+00 0.000000e+00 0.000000e+00
1.724000e+00 0.000000e+00 -4.444876e+03 -5.338895e+03 0.000000e+00 0.000000e+00 0.000000e+00 -6.071474e+01 -4.196945e+01 1.452362e+03 -3.013619e+01 0.000000e+00 0.000000e+00 0.000000e+00 0.000000e+00 0.000000e+00 0.000000e+00 0.000000e+00 0.000000e+00 0.000000e+00
1.725000e+00 0.000000e+00 -4.445454e+03 -5.352490e+03 0.000000e+00 0.000000e+00 0.000000e+00 -6.088013e+01 -4.211880e+01 1.453063e+03 -3.002990e+01 0.000000e+00 0.000000e+00 0.000000e+00 0.000000e+00 0.000000e+00 0.000000e+00 0.000000e+00 0.000000e+00 0.000000e+00
1.726000e+00 0.000000e+00 -4.446108e+03 -5.366168e+03 0.000000e+00 0.000000e+00 0.000000e+00 -6.105070e+01 -4.227340e+01 1.453770e+03 -2.991186e+01 0.000000e+00 0.000000e+00 0.000000e+00 0.000000e+00 0.000000e+00 0.000000e+00 0.000000e+00 0.000000e+00 0.000000e+00
1.727000e+00 0.000000e+00 -4.446838e+03 -5.379924e+03 0.000000e+00 0.000000e+00 0.000000e+00 -6.122629e+01 -4.243308e+01 1.454485e+03 -2.978237e+01 0.000000e+00 0.000000e+00 0.000000e+00 0.000000e+00 0.000000e+00 0.000000e+00 0.000000e+00 0.000000e+00 0.000000e+00
1.728000e+00 0.000000e+00 -4.447644e+03 -5.393756e+03 0.000000e+00 0.000000e+00 0.000000e+00 -6.140675e+01 -4.259768e+01 1.455206e+03 -2.964174e+01 0.000000e+00 0.000000e+00 0.000000e+00 0.000000e+00 0.000000e+00 0.000000e+00 0.000000e+00 0.000000e+00 0.000000e+00
1.729000e+00 0.000000e+00 -4.448527e+03 -5.407663e+03 0.000000e+00 0.000000e+00 0.000000e+00 -6.159189e+01 -4.276703e+01 1.455935e+03 -2.949028e+01 0.000000e+00 0.000000e+00 0.000000e+00 0.000000e+00 0.000000e+00 0.000000e+00 0.000000e+00 0.000000e+00 0.000000e+00
1.730000e+00 0.000000e+00 -4.449485e+03 -5.421639e+03 0.000000e+00 0.000000e+00 0.000000e+00 -6.178155e+01 -4.294097e+01 1.456670e+03 -2.932829e+01 0.000000e+00 0.000000e+00 0.000000e+00 0.000000e+00 0.000000e+00 0.000000e+00 0.000000e+00 0.000000e+00 0.000000e+00
1.731000e+00 0.000000e+00 -4.450519e+03 -5.435684e+03 0.000000e+00 0.000000e+00 0.000000e+00 -6.197558e+01 -4.311933e+01 1.457412e+03 -2.915608e+01 0.000000e+00 0.000000e+00 0.000000e+00 0.000000e+00 0.000000e+00 0.000000e+00 0.000000e+00 0.000000e+00 0.000000e+00
1.732000e+00 0.000000e+00 -4.451628e+03 -5.449794e+03 0.000000e+00 0.000000e+00 0.000000e+00 -6.217379e+01 -4.330194e+01 1.458161e+03 -2.897397e+01 0.000000e+00 0.000000e+00 0.000000e+00 0.000000e+00 0.000000e+00 0.000000e+00 0.000000e+00 0.000000e+00 0.000000e+00
1.733000e+00 0.000000e+00 -4.452813e+03 -5.463967e+03 0.000000e+00 0.000000e+00 0.000000e+00 -6.237601e+01 -4.348863e+01 1.458917e+03 -2.878228e+01 0.000000e+00 0.000000e+00 0.000000e+00 0.000000e+00 0.000000e+00 0.000000e+00 0.000000e+00 0.000000e+00 0.000000e+00
1.734000e+00 0.000000e+00 -4.454073e+03 -5.478199e+03 0.000000e+00 0.000000e+00 0.000000e+00 -6.258208e+01 -4.367923e+01 1.459679e+03 -2.858131e+01 0.000000e+00 0.000000e+00 0.000000e+00 0.000000e+00 0.000000e+00 0.000000e+00 0.000000e+00 0.000000e+00 0.000000e+00
1.735000e+00 0.000000e+00 -4.455407e+03 -5.492487e+03 0.000000e+00 0.000000e+00 0.000000e+00 -6.279182e+01 -4.387357e+01 1.460447e+03 -2.837139e+01 0.000000e+00 0.000000e+00 0.000000e+00 0.000000e+00 0.000000e+00 0.000000e+00 0.000000e+00 0.000000e+00 0.000000e+00
1.736000e+00 0.000000e+00 -4.456817e+03 -5.506829e+03 0.000000e+00 0.000000e+00 0.000000e+00 -6.300506e+01 -4.407147e+01 1.461222e+03 -2.815284e+01 0.000000e+00 0.000000e+00 0.000000e+00 0.000000e+00 0.000000e+00 0.000000e+00 0.000000e+00 0.000000e+00 0.000000e+00
1.737000e+00 0.000000e+00 -4.458301e+03 -5.521222e+03 0.000000e+00 0.000000e+00 0.000000e+00 -6.322163e+01 -4.427277e+01 1.462004e+03 -2.792596e+01 0.000000e+00 0.000000e+00 0.000000e+00 0.000000e+00 0.000000e+00 0.000000e+00 0.000000e+00 0.000000e+00 0.000000e+00
1.738000e+00 0.000000e+00 -4.459859e+03 -5.535663e+03 0.000000e+00 0.000000e+00 0.000000e+00 -6.344135e+01 -4.447729e+01 1.462791e+03 -2.769109e+01 0.000000e+00 0.000000e+00 0.000000e+00 0.000000e+00 0.000000e+00 0.000000e+00 0.000000e+00 0.000000e+00 0.000000e+00
1.739000e+00 0.000000e+00 -4.461491e+03 -5.550149e+03 0.000000e+00 0.000000e+00 0.000000e+00 -6.366404e+01 -4.468486e+01 1.463585e+03 -2.744854e+01 0.000000e+00 0.000000e+00 0.000000e+00 0.000000e+00 0.000000e+00 0.000000e+00 0.000000e+00 0.000000e+00 0.000000e+00
1.740000e+00 0.000000e+00 -4.463197e+03 -5.564677e+03 0.000000e+00 0.000000e+00 0.000000e+00 -6.388953e+01 -4.489530e+01 1.464385e+03 -2.719864e+01 0.000000e+00 0.000000e+00 0.000000e+00 0.000000e+00 0.000000e+00 0.000000e+00 0.000000e+00 0.000000e+00 0.000000e+00
1.741000e+00 0.000000e+00 -4.464976e+03 -5.579245e+03 0.000000e+00 0.000000e+00 0.000000e+00 -6.411764e+01 -4.510843e+01 1.465192e+03 -2.694170e+01 0.000000e+00 0.000000e+00 0.000000e+00 0.000000e+00 0.000000e+00 0.000000e+00 0.000000e+00 0.000000e+00 0.000000e+00
1.742000e+00 0.000000e+00 -4.466828e+03 -5.593848e+03 0.000000e+00 0.000000e+00 0.000000e+00 -6.434820e+01 -4.532409e+01 1.466004e+03 -2.667805e+01 0.000000e+00 0.000000e+00 0.000000e+00 0.000000e+00 0.000000e+00 0.000000e+00 0.000000e+00 0.000000e+00 0.000000e+00
1.743000e+00 0.000000e+00 -4.468753e+03 -5.608485e+03 0.000000e+00 0.000000e+00 0.000000e+00 -6.458103e+01 -4.554209e+01 1.466822e+03 -2.640801e+01 0.000000e+00 0.000000e+00 0.000000e+00 0.000000e+00 0.000000e+00 0.000000e+00 0.000000e+00 0.000000e+00 0.000000e+00
1.744000e+00 0.000000e+00 -4.470750e+03 -5.623152e+03 0.000000e+00 0.000000e+00 0.000000e+00 -6.481595e+01 -4.576226e+01 1.467646e+03 -2.613191e+01 0.000000e+00 0.000000e+00 0.000000e+00 0.000000e+00 0.000000e+00 0.000000e+00 0.000000e+00 0.000000e+00 0.000000e+00
1.745000e+00 0.000000e+00 -4.472818e+03 -5.637846e+03 0.000000e+00 0.000000e+00 0.000000e+00 -6.505279e+01 -4.598442e+01 1.468476e+03 -2.585006e+01 0.000000e+00 0.000000e+00 0.000000e+00 0.000000e+00 0.000000e+00 0.000000e+00 0.000000e+00 0.000000e+00 0.000000e+00
1.746000e+00 0.000000e+00 -4.474959e+03 -5.652565e+03 0.000000e+00 0.000000e+00 0.000000e+00 -6.529137e+01 -4.620840e+01 1.469312e+03 -2.556278e+01 0.000000e+00 0.000000e+00 0.000000e+00 0.000000e+00 0.000000e+00 0.000000e+00 0.000000e+00 0.000000e+00 0.000000e+00
1.747000e+00 0.000000e+00 -4.477170e+03 -5.667306e+03 0.000000e+00 0.000000e+00 0.000000e+00 -6.553153e+01 -4.643404e+01 1.470153e+03 -2.527039e+01 0.000000e+00 0.000000e+00 0.000000e+00 0.000000e+00 0.000000e+00 0.000000e+00 0.000000e+00 0.000000e+00 0.000000e+00
1.748000e+00 0.000000e+00 -4.479451e+03 -5.682065e+03 0.000000e+00 0.000000e+00 0.000000e+00 -6.577310e+01 -4.666117e+01 1.471001e+03 -2.497318e+01 0.000000e+00 0.000000e+00 0.000000e+00 0.000000e+00 0.000000e+00 0.000000e+00 0.000000e+00 0.000000e+00 0.000000e+00
1.749000e+00 0.000000e+00 -4.481803e+03 -5.696840e+03 0.000000e+00 0.000000e+00 0.000000e+00 -6.601592e+01 -4.688963e+01 1.471853e+03 -2.467147e+01 0.000000e+00 0.000000e+00 0.000000e+00 0.000000e+00 0.000000e+00 0.000000e+00 0.000000e+00 0.000000e+00 0.000000e+00
1.750000e+00 0.000000e+00 -4.484224e+03 -5.711629e+03 0.000000e+00 0.000000e+00 0.000000e+00 -6.625982e+01 -4.711925e+01 1.472711e+03 -2.436557e+01 0.000000e+00 0.000000e+00 0.000000e+00 0.000000e+00 0.000000e+00 0.000000e+00 0.000000e+00 0.000000e+00 0.000000e+00
1.751000e+00 0.000000e+00 -4.486714e+03 -5.726427e+03 0.000000e+00 0.000000e+00 0.000000e+00 -6.650464e+01 -4.734985e+01 1.473575e+03 -2.405580e+01 0.000000e+00 0.000000e+00 0.000000e+00 0.000000e+00 0.000000e+00 0.000000e+00 0.000000e+00 0.000000e+00 0.000000e+00
1.752000e+00 0.000000e+00 -4.489272e+03 -5.741233e+03 0.000000e+00 0.000000e+00 0.000000e+00 -6.675019e+01 -4.758129e+01 1.474444e+03 -2.374245e+01 0.000000e+00 0.000000e+00 0.000000e+00 0.000000e+00 0.000000e+00 0.000000e+00 0.000000e+00 0.000000e+00 0.000000e+00
1.753000e+00 0.000000e+00 -4.491898e+03 -5.756043e+03 0.000000e+00 0.000000e+00 0.000000e+00 -6.699633e+01 -4.781338e+01 1.475319e+03 -2.342585e+01 0.000000e+00 0.000000e+00 0.000000e+00 0.000000e+00 0.000000e+00 0.000000e+00 0.000000e+00 0.000000e+00 0.000000e+00
1.754000e+00 0.000000e+00 -4.494591e+03 -5.770854e+03 0.000000e+00 0.000000e+00 0.000000e+00 -6.724287e+01 -4.804596e+01 1.476198e+03 -2.310629e+01 0.000000e+00 0.000000e+00 0.000000e+00 0.000000e+00 0.000000e+00 0.000000e+00 0.000000e+00 0.000000e+00 0.000000e+00
1.755000e+00 0.000000e+00 -4.497350e+03 -5.785664e+03 0.000000e+00 0.000000e+00 0.000000e+00 -6.748966e+01 -4.827887e+01 1.477083e+03 -2.278409e+01 0.000000e+00 0.000000e+00 0.000000e+00 0.000000e+00 0.000000e+00 0.000000e+00 0.000000e+00 0.000000e+00 0.000000e+00
1.756000e+00 0.000000e+00 -4.500175e+03 -5.800470e+03 0.000000e+00 0.000000e+00 0.000000e+00 -6.773654e+01 -4.851194e+01 1.477973e+03 -2.245954e+01 0.000000e+00 0.000000e+00 0.000000e+00 0.000000e+00 0.000000e+00 0.000000e+00 0.000000e+00 0.000000e+00 0.000000e+00
1.757000e+00 0.000000e+00 -4.503065e+03 -5.815269e+03 0.000000e+00 0.000000e+00 0.000000e+00 -6.798334e+01 -4.874502e+01 1.478868e+03 -2.213295e+01 0.000000e+00 0.000000e+00 0.000000e+00 0.000000e+00 0.000000e+00 0.000000e+00 0.000000e+00 0.000000e+00 0.000000e+00
1.758000e+00 0.000000e+00 -4.506020e+03 -5.830059e+03 0.000000e+00 0.000000e+00 0.000000e+00 -6.822989e+01 -4.897794e+01 1.479768e+03 -2.180462e+01 0.000000e+00 0.000000e+00 0.000000e+00 0.000000e+00 0.000000e+00 0.000000e+00 0.000000e+00 0.000000e+00 0.000000e+00
1.759000e+00 0.000000e+00 -4.509039e+03 -5.844835e+03 0.000000e+00 0.000000e+00 0.000000e+00 -6.847604e+01 -4.921053e+01 1.480673e+03 -2.147485e+01 0.000000e+00 0.000000e+00 0.000000e+00 0.000000e+00 0.000000e+00 0.000000e+00 0.000000e+00 0.000000e+00 0.000000e+00
1.760000e+00 0.000000e+00 -4.512120e+03 -5.859596e+03 0.000000e+00 0.000000e+00 0.000000e+00 -6.872163e+01 -4.944265e+01 1.481583e+03 -2.114394e+01 0.000000e+00 0.000000e+00 0.000000e+00 0.000000e+00 0.000000e+00 0.000000e+00 0.000000e+00 0.000000e+00 0.000000e+00
1.761000e+00 0.000000e+00 -4.515264e+03 -5.874339e+03 0.000000e+00 0.000000e+00 0.000000e+00 -6.896650e+01 -4.967412e+01 1.482498e+03 -2.081218e+01 0.000000e+00 0.000000e+00 0.000000e+00 0.000000e+00 0.000000e+00 0.000000e+00 0.000000e+00 0.000000e+00 0.000000e+00
1.762000e+00 0.000000e+00 -4.518469e+03 -5.889062e+03 0.000000e+00 0.000000e+00 0.000000e+00 -6.921049e+01 -4.990480e+01 1.483418e+03 -2.047985e+01 0.000000e+00 0.000000e+00 0.000000e+00 0.000000e+00 0.000000e+00 0.000000e+00 0.000000e+00 0.000000e+00 0.000000e+00
1.763000e+00 0.000000e+00 -4.521735e+03 -5.903760e+03 0.000000e+00 0.000000e+00 0.000000e+00 -6.945345e+01 -5.013453e+01 1.484342e+03 -2.014727e+01 0.000000e+00 0.000000e+00 0.000000e+00 0.000000e+00 0.000000e+00 0.000000e+00 0.000000e+00 0.000000e+00 0.000000e+00
1.764000e+00 0.000000e+00 -4.525061e+03 -5.918432e+03 0.000000e+00 0.000000e+00 0.000000e+00 -6.969521e+01 -5.036314e+01 1.485271e+03 -1.981470e+01 0.000000e+00 0.000000e+00 0.000000e+00 0.000000e+00 0.000000e+00 0.000000e+00 0.000000e+00 0.000000e+00 0.000000e+00
1.765000e+00 0.000000e+00 -4.528446e+03 -5.933075e+03 0.000000e+00 0.000000e+00 0.000000e+00 -6.993563e+01 -5.059050e+01 1.486204e+03 -1.948244e+01 0.000000e+00 0.000000e+00 0.000000e+00 0.000000e+00 0.000000e+00 0.000000e+00 0.000000e+00 0.000000e+00 0.000000e+00
1.766000e+00 0.000000e+00 -4.531889e+03 -5.947686e+03 0.000000e+00 0.000000e+00 0.000000e+00 -7.017456e+01 -5.081645e+01 1.487143e+03 -1.915077e+01 0.000000e+00 0.000000e+00 0.000000e+00 0.000000e+00 0.000000e+00 0.000000e+00 0.000000e+00 0.000000e+00 0.000000e+00
1.767000e+00 0.000000e+00 -4.535390e+03 -5.962262e+03 0.000000e+00 0.000000e+00 0.000000e+00 -7.041184e+01 -5.104083e+01 1.488085e+03 -1.881997e+01 0.000000e+00 0.000000e+00 0.000000e+00 0.000000e+00 0.000000e+00 0.000000e+00 0.000000e+00 0.000000e+00 0.000000e+00
1.768000e+00 0.000000e+00 -4.538947e+03 -5.976801e+03 0.000000e+00 0.000000e+00 0.000000e+00 -7.064733e+01 -5.126350e+01 1.489032e+03 -1.849031e+01 0.000000e+00 0.000000e+00 0.000000e+00 0.000000e+00 0.000000e+00 0.000000e+00 0.000000e+00 0.000000e+00 0.000000e+00
1.769000e+00 0.000000e+00 -4.542559e+03 -5.991301e+03 0.000000e+00 0.000000e+00 0.000000e+00 -7.088087e+01 -5.148431e+01 1.489984e+03 -1.816207e+01 0.000000e+00 0.000000e+00 0.000000e+00 0.000000e+00 0.000000e+00 0.000000e+00 0.000000e+00 0.000000e+00 0.000000e+00
1.770000e+00 0.000000e+00 -4.546226e+03 -6.005758e+03 0.000000e+00 0.000000e+00 0.000000e+00 -7.111235e+01 -5.170313e+01 1.490939e+03 -1.783551e+01 0.000000e+00 0.000000e+00 0.000000e+00 0.000000e+00 0.000000e+00 0.000000e+00 0.000000e+00 0.000000e+00 0.000000e+00
1.771000e+00 0.000000e+00 -4.549947e+03 -6.020170e+03 0.000000e+00 0.000000e+00 0.000000e+00 -7.134161e+01 -5.191982e+01 1.491899e+03 -1.751088e+01 0.000000e+00 0.000000e+00 0.000000e+00 0.000000e+00 0.000000e+00 0.000000e+00 0.000000e+00 0.000000e+00 0.000000e+00
1.772000e+00 0.000000e+00 -4.553721e+03 -6.034535e+03 0.000000e+00 0.000000e+00 0.000000e+00 -7.156852e+01 -5.213424e+01 1.492864e+03 -1.718846e+01 0.000000e+00 0.000000e+00 0.000000e+00 0.000000e+00 0.000000e+00 0.000000e+00 0.000000e+00 0.000000e+00 0.000000e+00
1.773000e+00 0.000000e+00 -4.557546e+03 -6.048850e+03 0.000000e+00 0.000000e+00 0.000000e+00 -7.179293e+01 -5.234623e+01 1.493832e+03 -1.686851e+01 0.000000e+00 0.000000e+00 0.000000e+00 0.000000e+00 0.000000e+00 0.000000e+00 0.000000e+00 0.000000e+00 0.000000e+00
1.774000e+00 0.000000e+00 -4.561422e+03 -6.063113e+03 0.000000e+00 0.000000e+00 0.000000e+00 -7.201470e+01 -5.255567e+01 1.494805e+03 -1.655129e+01 0.000000e+00 0.000000e+00 0.000000e+00 0.000000e+00 0.000000e+00 0.000000e+00 0.000000e+00 0.000000e+00 0.000000e+00
1.775000e+00 0.000000e+00 -4.565347e+03 -6.077320e+03 0.000000e+00 0.000000e+00 0.000000e+00 -7.223369e+01 -5.276240e+01 1.495781e+03 -1.623707e+01 0.000000e+00 0.000000e+00 0.000000e+00 0.000000e+00 0.000000e+00 0.000000e+00 0.000000e+00 0.000000e+00 0.000000e+00
1.776000e+00 0.000000e+00 -4.569322e+03 -6.091470e+03 0.000000e+00 0.000000e+00 0.000000e+00 -7.244976e+01 -5.296630e+01 1.496762e+03 -1.592609e+01 0.000000e+00 0.000000e+00 0.000000e+00 0.000000e+00 0.000000e+00 0.000000e+00 0.000000e+00 0.000000e+00 0.000000e+00
1.777000e+00 0.000000e+00 -4.573344e+03 -6.105559e+03 0.000000e+00 0.000000e+00 0.000000e+00 -7.266277e+01 -5.316723e+01 1.497746e+03 -1.561861e+01 0.000000e+00 0.000000e+00 0.000000e+00 0.000000e+00 0.000000e+00 0.000000e+00 0.000000e+00 0.000000e+00 0.000000e+00
1.778000e+00 0.000000e+00 -4.577413e+03 -6.119586e+03 0.000000e+00 0.000000e+00 0.000000e+00 -7.287261e+01 -5.336505e+01 1.498735e+03 -1.531487e+01 0.000000e+00 0.000000e+00 0.000000e+00 0.000000e+00 0.000000e+00 0.000000e+00 0.000000e+00 0.000000e+00 0.000000e+00
1.779000e+00 0.000000e+00 -4.581527e+03 -6.133548e+03 0.000000e+00 0.000000e+00 0.000000e+00 -7.307913e+01 -5.355964e+01 1.499727e+03 -1.501510e+01 0.000000e+00 0.000000e+00 0.000000e+00 0.000000e+00 0.000000e+00 0.000000e+00 0.000000e+00 0.000000e+00 0.000000e+00
1.780000e+00 0.000000e+00 -4.585686e+03 -6.147443e+03 0.000000e+00 0.000000e+00 0.000000e+00 -7.328221e+01 -5.375087e+01 1.500723e+03 -1.471956e+01 0.000000e+00 0.000000e+00 0.000000e+00 0.000000e+00 0.000000e+00 0.000000e+00 0.000000e+00 0.000000e+00 0.000000e+00
1.781000e+00 0.000000e+00 -4.589888e+03 -6.161268e+03 0.000000e+00 0.000000e+00 0.000000e+00 -7.348173e+01 -5.393862e+01 1.501723e+03 -1.442847e+01 0.000000e+00 0.000000e+00 0.000000e+00 0.000000e+00 0.000000e+00 0.000000e+00 0.000000e+00 0.000000e+00 0.000000e+00
1.782000e+00 0.000000e+00 -4.594133e+03 -6.175022e+03 0.000000e+00 0.000000e+00 0.000000e+00 -7.367756e+01 -5.412276e+01 1.502727e+03 -1.414205e+01 0.000000e+00 0.000000e+00 0.000000e+00 0.000000e+00 0.000000e+00 0.000000e+00 0.000000e+00 0.000000e+00 0.000000e+00
1.783000e+00 0.000000e+00 -4.598419e+03 -6.188701e+03 0.000000e+00 0.000000e+00 0.000000e+00 -7.386959e+01 -5.430318e+01 1.503734e+03 -1.386053e+01 0.000000e+00 0.000000e+00 0.000000e+00 0.000000e+00 0.000000e+00 0.000000e+00 0.000000e+00 0.000000e+00 0.000000e+00
1.784000e+00 0.000000e+00 -4.602745e+03 -6.202303e+03 0.000000e+00 0.000000e+00 0.000000e+00 -7.405771e+01 -5.447976e+01 1.504745e+03 -1.358413e+01 0.000000e+00 0.000000e+00 0.000000e+00 0.000000e+00 0.000000e+00 0.000000e+00 0.000000e+00 0.000000e+00 0.000000e+00
1.785000e+00 0.000000e+00 -4.607109e+03 -6.215827e+03 0.000000e+00 0.000000e+00 0.000000e+00 -7.424179e+01 -5.465239e+01 1.505760e+03 -1.331306e+01 0.000000e+00 0.000000e+00 0.000000e+00 0.000000e+00 0.000000e+00 0.000000e+00 0.000000e+00 0.000000e+00 0.000000e+00
1.786000e+00 0.000000e+00 -4.611512e+03 -6.229270e+03 0.000000e+00 0.000000e+00 0.000000e+00 -7.442174e+01 -5.482095e+01 1.506778e+03 -1.304753e+01 0.000000e+00 0.000000e+00 0.000000e+00 0.000000e+00 0.000000e+00 0.000000e+00 0.000000e+00 0.000000e+00 0.000000e+00
1.787000e+00 0.000000e+00 -4.615951e+03 -6.242630e+03 0.000000e+00 0.000000e+00 0.000000e+00 -7.459744e+01 -5.498535e+01 1.507800e+03 -1.278774e+01 0.000000e+00 0.000000e+00 0.000000e+00 0.000000e+00 0.000000e+00 0.000000e+00 0.000000e+00 0.000000e+00 0.000000e+00
1.788000e+00 0.000000e+00 -4.620425e+03 -6.255905e+03 0.000000e+00 0.000000e+00 0.000000e+00 -7.476879e+01 -5.514547e+01 1.508825e+03 -1.253389e+01 0.000000e+00 0.000000e+00 0.000000e+00 0.000000e+00 0.000000e+00 0.000000e+00 0.000000e+00 0.000000e+00 0.000000e+00
1.789000e+00 0.000000e+00 -4.624933e+03 -6.269092e+03 0.000000e+00 0.000000e+00 0.000000e+00 -7.493569e+01 -5.530122e+01 1.509853e+03 -1.228617e+01 0.000000e+00 0.000000e+00 0.000000e+00 0.000000e+00 0.000000e+00 0.000000e+00 0.000000e+00 0.000000e+00 0.000000e+00
1.790000e+00 0.000000e+00 -4.629475e+03 -6.282190e+03 0.000000e+00 0.000000e+00 0.000000e+00 -7.509804e+01 -5.545249e+01 1.510885e+03 -1.204476e+01 0.000000e+00 0.000000e+00 0.000000e+00 0.000000e+00 0.000000e+00 0.000000e+00 0.000000e+00 0.000000e+00 0.000000e+00
1.791000e+00 0.000000e+00 -4.634047e+03 -6.295197e+03 0.000000e+00 0.000000e+00 0.000000e+00 -7.525576e+01 -5.559920e+01 1.511920e+03 -1.180986e+01 0.000000e+00 0.000000e+00 0.000000e+00 0.000000e+00 0.000000e+00 0.000000e+00 0.000000e+00 0.000000e+00 0.000000e+00
1.792000e+00 0.000000e+00 -4.638651e+03 -6.308111e+03 0.000000e+00 0.000000e+00 0.000000e+00 -7.540874e+01 -5.574125e+01 1.512959e+03 -1.158163e+01 0.000000e+00 0.000000e+00 0.000000e+00 0.000000e+00 0.000000e+00 0.000000e+00 0.000000e+00 0.000000e+00 0.000000e+00
1.793000e+00 0.000000e+00 -4.643283e+03 -6.320930e+03 0.000000e+00 0.000000e+00 0.000000e+00 -7.555690e+01 -5.587855e+01 1.514000e+03 -1.136025e+01 0.000000e+00 0.000000e+00 0.000000e+00 0.000000e+00 0.000000e+00 0.000000e+00 0.000000e+00 0.000000e+00 0.000000e+00
1.794000e+00 0.000000e+00 -4.647943e+03 -6.333651e+03 0.000000e+00 0.000000e+00 0.000000e+00 -7.570015e+01 -5.601101e+01 1.515045e+03 -1.114589e+01 0.000000e+00 0.000000e+00 0.000000e+00 0.000000e+00 0.000000e+00 0.000000e+00 0.000000e+00 0.000000e+00 0.000000e+00
1.795000e+00 0.000000e+00 -4.652630e+03 -6.346273e+03 0.000000e+00 0.000000e+00 0.000000e+00 -7.583839e+01 -5.613853e+01 1.516094e+03 -1.093874e+01 0.000000e+00 0.000000e+00 0.000000e+00 0.000000e+00 0.000000e+00 0.000000e+00 0.000000e+00 0.000000e+00 0.000000e+00
1.796000e+00 0.000000e+00 -4.657343e+03 -6.358794e+03 0.000000e+00 0.000000e+00 0.000000e+00 -7.597151e+01 -5.626100e+01 1.517145e+03 -1.073897e+01 0.000000e+00 0.000000e+00 0.000000e+00 0.000000e+00 0.000000e+00 0.000000e+00 0.000000e+00 0.000000e+00 0.000000e+00
1.797000e+00 0.000000e+00 -4.662080e+03 -6.371212e+03 0.000000e+00 0.000000e+00 0.000000e+00 -7.609942e+01 -5.637834e+01 1.518199e+03 -1.054674e+01 0.000000e+00 0.000000e+00 0.000000e+00 0.000000e+00 0.000000e+00 0.000000e+00 0.000000e+00 0.000000e+00 0.000000e+00
1.798000e+00 0.000000e+00 -4.666839e+03 -6.383525e+03 0.000000e+00 0.000000e+00 0.000000e+00 -7.622204e+01 -5.649046e+01 1.519257e+03 -1.036221e+01 0.000000e+00 0.000000e+00 0.000000e+00 0.000000e+00 0.000000e+00 0.000000e+00 0.000000e+00 0.000000e+00 0.000000e+00
1.799000e+00 0.000000e+00 -4.671621e+03 -6.395731e+03 0.000000e+00 0.000000e+00 0.000000e+00 -7.633928e+01 -5.659727e+01 1.520317e+03 -1.018556e+01 0.000000e+00 0.000000e+00 0.000000e+00 0.000000e+00 0.000000e+00 0.000000e+00 0.000000e+00 0.000000e+00 0.000000e+00
1.800000e+00 0.000000e+00 -4.676423e+03 -6.407828e+03 0.000000e+00 0.000000e+00 0.000000e+00 -7.645106e+01 -5.669869e+01 1.521381e+03 -1.001691e+01 0.000000e+00 0.000000e+00 0.000000e+00 0.000000e+00 0.000000e+00 0.000000e+00 0.000000e+00 0.000000e+00 0.000000e+00
1.801000e+00 0.000000e+00 -4.681245e+03 -6.419815e+03 0.000000e+00 0.000000e+00 0.000000e+00 -7.655730e+01 -5.679464e+01 1.522447e+03 -9.856420e+00 0.000000e+00 0.000000e+00 0.000000e+00 0.000000e+00 0.000000e+00 0.000000e+00 0.000000e+00 0.000000e+00 0.000000e+00
1.802000e+00 0.000000e+00 -4.686084e+03 -6.431689e+03 0.000000e+00 0.000000e+00 0.000000e+00 -7.665792e+01 -5.688504e+01 1.523517e+03 -9.704221e+00 0.000000e+00 0.000000e+00 0.000000e+00 0.000000e+00 0.000000e+00 0.000000e+00 0.000000e+00 0.000000e+00 0.000000e+00
1.803000e+00 0.000000e+00 -4.690940e+03 -6.443450e+03 0.000000e+00 0.000000e+00 0.000000e+00 -7.675285e+01 -5.696983e+01 1.524589e+03 -9.560444e+00 0.000000e+00 0.000000e+00 0.000000e+00 0.000000e+00 0.000000e+00 0.000000e+00 0.000000e+00 0.000000e+00 0.000000e+00
1.804000e+00 0.000000e+00 -4.695812e+03 -6.455095e+03 0.000000e+00 0.000000e+00 0.000000e+00 -7.684203e+01 -5.704894e+01 1.525664e+03 -9.425212e+00 0.000000e+00 0.000000e+00 0.000000e+00 0.000000e+00 0.000000e+00 0.000000e+00 0.000000e+00 0.000000e+00 0.000000e+00
1.805000e+00 0.000000e+00 -4.700698e+03 -6.466623e+03 0.000000e+00 0.000000e+00 0.000000e+00 -7.692539e+01 -5.712230e+01 1.526742e+03 -9.298643e+00 0.000000e+00 0.000000e+00 0.000000e+00 0.000000e+00 0.000000e+00 0.000000e+00 0.000000e+00 0.000000e+00 0.000000e+00
1.806000e+00 0.000000e+00 -4.705597e+03 -6.478032e+03 0.000000e+00 0.000000e+00 0.000000e+00 -7.700288e+01 -5.718986e+01 1.527823e+03 -9.180847e+00 0.000000e+00 0.000000e+00 0.000000e+00 0.000000e+00 0.000000e+00 0.000000e+00 0.000000e+00 0.000000e+00 0.000000e+00
1.807000e+00 0.000000e+00 -4.710507e+03 -6.489321e+03 0.000000e+00 0.000000e+00 0.000000e+00 -7.707444e+01 -5.725156e+01 1.528907e+03 -9.071927e+00 0.000000e+00 0.000000e+00 0.000000e+00 0.000000e+00 0.000000e+00 0.000000e+00 0.000000e+00 0.000000e+00 0.000000e+00
1.808000e+00 0.000000e+00 -4.715428e+03 -6.500488e+03 0.000000e+00 0.000000e+00 0.000000e+00 -7.714002e+01 -5.730735e+01 1.529993e+03 -8.971981e+00 0.000000e+00 0.000000e+00 0.000000e+00 0.000000e+00 0.000000e+00 0.000000e+00 0.000000e+00 0.000000e+00 0.000000e+00
1.809000e+00 0.000000e+00 -4.720357e+03 -6.511531e+03 0.000000e+00 0.000000e+00 0.000000e+00 -7.719958e+01 -5.735718e+01 1.531082e+03 -8.881100e+00 0.000000e+00 0.000000e+00 0.000000e+00 0.000000e+00 0.000000e+00 0.000000e+00 0.000000e+00 0.000000e+00 0.000000e+00
1.810000e+00 0.000000e+00 -4.725295e+03 -6.522451e+03 0.000000e+00 0.000000e+00 0.000000e+00 -7.725306e+01 -5.740101e+01 1.532174e+03 -8.799367e+00 0.000000e+00 0.000000e+00 0.000000e+00 0.000000e+00 0.000000e+00 0.000000e+00 0.000000e+00 0.000000e+00 0.000000e+00
1.811000e+00 0.000000e+00 -4.730239e+03 -6.533244e+03 0.000000e+00 0.000000e+00 0.000000e+00 -7.730043e+01 -5.743880e+01 1.533268e+03 -8.726859e+00 0.000000e+00 0.000000e+00 0.000000e+00 0.000000e+00 0.000000e+00 0.000000e+00 0.000000e+00 0.000000e+00 0.000000e+00
1.812000e+00 0.000000e+00 -4.735188e+03 -6.543910e+03 0.000000e+00 0.000000e+00 0.000000e+00 -7.734165e+01 -5.747050e+01 1.534365e+03 -8.663646e+00 0.000000e+00 0.000000e+00 0.000000e+00 0.000000e+00 0.000000e+00 0.000000e+00 0.000000e+00 0.000000e+00 0.000000e+00
1.813000e+00 0.000000e+00 -4.740140e+03 -6.554447e+03 0.000000e+00 0.000000e+00 0.000000e+00 -7.737670e+01 -5.749610e+01 1.535464e+03 -8.609792e+00 0.000000e+00 0.000000e+00 0.000000e+00 0.000000e+00 0.000000e+00 0.000000e+00 0.000000e+00 0.000000e+00 0.000000e+00
1.814000e+00 0.000000e+00 -4.745096e+03 -6.564855e+03 0.000000e+00 0.000000e+00 0.000000e+00 -7.740555e+01 -5.751556e+01 1.536566e+03 -8.565352e+00 0.000000e+00 0.000000e+00 0.000000e+00 0.000000e+00 0.000000e+00 0.000000e+00 0.000000e+00 0.000000e+00 0.000000e+00
1.815000e+00 0.000000e+00 -4.750052e+03 -6.575131e+03 0.000000e+00 0.000000e+00 0.000000e+00 -7.742817e+01 -5.752886e+01 1.537671e+03 -8.530377e+00 0.000000e+00 0.000000e+00 0.000000e+00 0.000000e+00 0.000000e+00 0.000000e+00 0.000000e+00 0.000000e+00 0.000000e+00
1.816000e+00 0.000000e+00 -4.755009e+03 -6.585275e+03 0.000000e+00 0.000000e+00 0.000000e+00 -7.744453e+01 -5.753597e+01 1.538778e+03 -8.504922e+00 0.000000e+00 0.000000e+00 0.000000e+00 0.000000e+00 0.000000e+00 0.000000e+00 0.000000e+00 0.000000e+00 0.000000e+00
1.817000e+00 0.000000e+00 -4.759964e+03 -6.595286e+03 0.000000e+00 0.000000e+00 0.000000e+00 -7.745458e+01 -5.753684e+01 1.539888e+03 -8.489059e+00 0.000000e+00 0.000000e+00 0.000000e+00 0.000000e+00 0.000000e+00 0.000000e+00 0.000000e+00 0.000000e+00 0.000000e+00
1.818000e+00 0.000000e+00 -4.764917e+03 -6.605162e+03 0.000000e+00 0.000000e+00 0.000000e+00 -7.745830e+01 -5.753143e+01 1.540999e+03 -8.482844e+00 0.000000e+00 0.000000e+00 0.000000e+00 0.000000e+00 0.000000e+00 0.000000e+00 0.000000e+00 0.000000e+00 0.000000e+00
1.819000e+00 0.000000e+00 -4.769866e+03 -6.614902e+03 0.000000e+00 0.000000e+00 0.000000e+00 -7.745564e+01 -5.751972e+01 1.542114e+03 -8.486325e+00 0.000000e+00 0.000000e+00 0.000000e+00 0.000000e+00 0.000000e+00 0.000000e+00 0.000000e+00 0.000000e+00 0.000000e+00
1.820000e+00 0.000000e+00 -4.774810e+03 -6.624504e+03 0.000000e+00 0.000000e+00 0.000000e+00 -7.744657e+01 -5.750166e+01 1.543231e+03 -8.499547e+00 0.000000e+00 0.000000e+00 0.000000e+00 0.000000e+00 0.000000e+00 0.000000e+00 0.000000e+00 0.000000e+00 0.000000e+00
1.821000e+00 0.000000e+00 -4.779749e+03 -6.633968e+03 0.000000e+00 0.000000e+00 0.000000e+00 -7.743107e+01 -5.747725e+01 1.544350e+03 -8.522543e+00 0.000000e+00 0.000000e+00 0.000000e+00 0.000000e+00 0.000000e+00 0.000000e+00 0.000000e+00 0.000000e+00 0.000000e+00
1.822000e+00 0.000000e+00 -4.784680e+03 -6.643293e+03 0.000000e+00 0.000000e+00 0.000000e+00 -7.740913e+01 -5.744646e+01 1.545471e+03 -8.555343e+00 0.000000e+00 0.000000e+00 0.000000e+00 0.000000e+00 0.000000e+00 0.000000e+00 0.000000e+00 0.000000e+00 0.000000e+00
1.823000e+00 0.000000e+00 -4.789603e+03 -6.652477e+03 0.000000e+00 0.000000e+00 0.000000e+00 -7.738072e+01 -5.740927e+01 1.546595e+03 -8.597968e+00 0.000000e+00 0.000000e+00 0.000000e+00 0.000000e+00 0.000000e+00 0.000000e+00 0.000000e+00 0.000000e+00 0.000000e+00
1.824000e+00 0.000000e+00 -4.794516e+03 -6.661519e+03 0.000000e+00 0.000000e+00 0.000000e+00 -7.734583e+01 -5.736567e+01 1.547721e+03 -8.650434e+00 0.000000e+00 0.000000e+00 0.000000e+00 0.000000e+00 0.000000e+00 0.000000e+00 0.000000e+00 0.000000e+00 0.000000e+00
1.825000e+00 0.000000e+00 -4.799418e+03 -6.670419e+03 0.000000e+00 0.000000e+00 0.000000e+00 -7.730445e+01 -5.731566e+01 1.548849e+03 -8.712746e+00 0.000000e+00 0.000000e+00 0.000000e+00 0.000000e+00 0.000000e+00 0.000000e+00 0.000000e+00 0.000000e+00 0.000000e+00
1.826000e+00 0.000000e+00 -4.804308e+03 -6.679176e+03 0.000000e+00 0.000000e+00 0.000000e+00 -7.725658e+01 -5.725923e+01 1.549979e+03 -8.784907e+00 0.000000e+00 0.000000e+00 0.000000e+00 0.000000e+00 0.000000e+00 0.000000e+00 0.000000e+00 0.000000e+00 0.000000e+00
1.827000e+00 0.000000e+00 -4.809186e+03 -6.687788e+03 0.000000e+00 0.000000e+00 0.000000e+00 -7.720222e+01 -5.719637e+01 1.551112e+03 -8.866909e+00 0.000000e+00 0.000000e+00 0.000000e+00 0.000000e+00 0.000000e+00 0.000000e+00 0.000000e+00 0.000000e+00 0.000000e+00
1.828000e+00 0.000000e+00 -4.814048e+03 -6.696256e+03 0.000000e+00 0.000000e+00 0.000000e+00 -7.714137e+01 -5.712710e+01 1.552246e+03 -8.958740e+00 0.000000e+00 0.000000e+00 0.000000e+00 0.000000e+00 0.000000e+00 0.000000e+00 0.000000e+00 0.000000e+00 0.000000e+00
1.829000e+00 0.000000e+00 -4.818896e+03 -6.704577e+03 0.000000e+00 0.000000e+00 0.000000e+00 -7.707404e+01 -5.705143e+01 1.553383e+03 -9.060378e+00 0.000000e+00 0.000000e+00 0.000000e+00 0.000000e+00 0.000000e+00 0.000000e+00 0.000000e+00 0.000000e+00 0.000000e+00
1.830000e+00 0.000000e+00 -4.823727e+03 -6.712752e+03 0.000000e+00 0.000000e+00 0.000000e+00 -7.700025e+01 -5.696935e+01 1.554522e+03 -9.171798e+00 0.000000e+00 0.000000e+00 0.000000e+00 0.000000e+00 0.000000e+00 0.000000e+00 0.000000e+00 0.000000e+00 0.000000e+00
1.831000e+00 0.000000e+00 -4.828540e+03 -6.720779e+03 0.000000e+00 0.000000e+00 0.000000e+00 -7.692000e+01 -5.688090e+01 1.555663e+03 -9.292964e+00 0.000000e+00 0.000000e+00 0.000000e+00 0.000000e+00 0.000000e+00 0.000000e+00 0.000000e+00 0.000000e+00 0.000000e+00
1.832000e+00 0.000000e+00 -4.833335e+03 -6.728659e+03 0.000000e+00 0.000000e+00 0.000000e+00 -7.683333e+01 -5.678610e+01 1.556806e+03 -9.423837e+00 0.000000e+00 0.000000e+00 0.000000e+00 0.000000e+00 0.000000e+00 0.000000e+00 0.000000e+00 0.000000e+00 0.000000e+00
1.833000e+00 0.000000e+00 -4.838109e+03 -6.736390e+03 0.000000e+00 0.000000e+00 0.000000e+00 -7.674024e+01 -5.668496e+01 1.557951e+03 -9.564367e+00 0.000000e+00 0.000000e+00 0.000000e+00 0.000000e+00 0.000000e+00 0.000000e+00 0.000000e+00 0.000000e+00 0.000000e+00
1.834000e+00 0.000000e+00 -4.842863e+03 -6.743972e+03 0.000000e+00 0.000000e+00 0.000000e+00 -7.664078e+01 -5.657751e+01 1.559098e+03 -9.714500e+00 0.000000e+00 0.000000e+00 0.000000e+00 0.000000e+00 0.000000e+00 0.000000e+00 0.000000e+00 0.000000e+00 0.000000e+00
1.835000e+00 0.000000e+00 -4.847594e+03 -6.751404e+03 0.000000e+00 0.000000e+00 0.000000e+00 -7.653497e+01 -5.646379e+01 1.560247e+03 -9.874175e+00 0.000000e+00 0.000000e+00 0.000000e+00 0.000000e+00 0.000000e+00 0.000000e+00 0.000000e+00 0.000000e+00 0.000000e+00
1.836000e+00 0.000000e+00 -4.852303e+03 -6.758686e+03 0.000000e+00 0.000000e+00 0.000000e+00 -7.642286e+01 -5.634384e+01 1.561398e+03 -1.004332e+01 0.000000e+00 0.000000e+00 0.000000e+00 0.000000e+00 0.000000e+00 0.000000e+00 0.000000e+00 0.000000e+00 0.000000e+00
1.837000e+00 0.000000e+00 -4.856987e+03 -6.765818e+03 0.000000e+00 0.000000e+00 0.000000e+00 -7.630448e+01 -5.621769e+01 1.562551e+03 -1.022187e+01 0.000000e+00 0.000000e+00 0.000000e+00 0.000000e+00 0.000000e+00 0.000000e+00 0.000000e+00 0.000000e+00 0.000000e+00
1.838000e+00 0.000000e+00 -4.861646e+03 -6.772799e+03 0.000000e+00 0.000000e+00 0.000000e+00 -7.617984e+01 -5.608536e+01 1.563706e+03 -1.040976e+01 0.000000e+00 0.000000e+00 0.000000e+00 0.000000e+00 0.000000e+00 0.000000e+00 0.000000e+00 0.000000e+00 0.000000e+00
1.839000e+00 0.000000e+00 -4.866278e+03 -6.779628e+03 0.000000e+00 0.000000e+00 0.000000e+00 -7.604898e+01 -5.594688e+01 1.564862e+03 -1.060693e+01 0.000000e+00 0.000000e+00 0.000000e+00 0.000000e+00 0.000000e+00 0.000000e+00 0.000000e+00 0.000000e+00 0.000000e+00
1.840000e+00 0.000000e+00 -4.870884e+03 -6.786305e+03 0.000000e+00 0.000000e+00 0.000000e+00 -7.591192e+01 -5.580228e+01 1.566021e+03 -1.081332e+01 0.000000e+00 0.000000e+00 0.000000e+00 0.000000e+00 0.000000e+00 0.000000e+00 0.000000e+00 0.000000e+00 0.000000e+00
1.841000e+00 0.000000e+00 -4.875462e+03 -6.792829e+03 0.000000e+00 0.000000e+00 0.000000e+00 -7.576869e+01 -5.565159e+01 1.567181e+03 -1.102884e+01 0.000000e+00 0.000000e+00 0.000000e+00 0.000000e+00 0.000000e+00 0.000000e+00 0.000000e+00 0.000000e+00 0.000000e+00
1.842000e+00 0.000000e+00 -4.880010e+03 -6.799201e+03 0.000000e+00 0.000000e+00 0.000000e+00 -7.561932e+01 -5.549484e+01 1.568343e+03 -1.125342e+01 0.000000e+00 0.000000e+00 0.000000e+00 0.000000e+00 0.000000e+00 0.000000e+00 0.000000e+00 0.000000e+00 0.000000e+00
1.843000e+00 0.000000e+00 -4.884529e+03 -6.805419e+03 0.000000e+00 0.000000e+00 0.000000e+00 -7.546386e+01 -5.533208e+01 1.569506e+03 -1.148697e+01 0.000000e+00 0.000000e+00 0.000000e+00 0.000000e+00 0.000000e+00 0.000000e+00 0.000000e+00 0.000000e+00 0.000000e+00
1.844000e+00 0.000000e+00 -4.889017e+03 -6.811484e+03 0.000000e+00 0.000000e+00 0.000000e+00 -7.530234e+01 -5.516335e+01 1.570672e+03 -1.172939e+01 0.000000e+00 0.000000e+00 0.000000e+00 0.000000e+00 0.000000e+00 0.000000e+00 0.000000e+00 0.000000e+00 0.000000e+00
1.845000e+00 0.000000e+00 -4.893473e+03 -6.817395e+03 0.000000e+00 0.000000e+00 0.000000e+00 -7.513482e+01 -5.498870e+01 1.571838e+03 -1.198058e+01 0.000000e+00 0.000000e+00 0.000000e+00 0.000000e+00 0.000000e+00 0.000000e+00 0.000000e+00 0.000000e+00 0.000000e+00
1.846000e+00 0.000000e+00 -4.897896e+03 -6.823153e+03 0.000000e+00 0.000000e+00 0.000000e+00 -7.496135e+01 -5.480818e+01 1.573007e+03 -1.224043e+01 0.000000e+00 0.000000e+00 0.000000e+00 0.000000e+00 0.000000e+00 0.000000e+00 0.000000e+00 0.000000e+00 0.000000e+00
1.847000e+00 0.000000e+00 -4.902286e+03 -6.828756e+03 0.000000e+00 0.000000e+00 0.000000e+00 -7.478198e+01 -5.462185e+01 1.574177e+03 -1.250883e+01 0.000000e+00 0.000000e+00 0.000000e+00 0.000000e+00 0.000000e+00 0.000000e+00 0.000000e+00 0.000000e+00 0.000000e+00
1.848000e+00 0.000000e+00 -4.906642e+03 -6.834204e+03 0.000000e+00 0.000000e+00 0.000000e+00 -7.459676e+01 -5.442976e+01 1.575349e+03 -1.278566e+01 0.000000e+00 0.000000e+00 0.000000e+00 0.000000e+00 0.000000e+00 0.000000e+00 0.000000e+00 0.000000e+00 0.000000e+00
1.849000e+00 0.000000e+00 -4.910963e+03 -6.839499e+03 0.000000e+00 0.000000e+00 0.000000e+00 -7.440576e+01 -5.423198e+01 1.576522e+03 -1.307078e+01 0.000000e+00 0.000000e+00 0.000000e+00 0.000000e+00 0.000000e+00 0.000000e+00 0.000000e+00 0.000000e+00 0.000000e+00
1.850000e+00 0.000000e+00 -4.915248e+03 -6.844639e+03 0.000000e+00 0.000000e+00 0.000000e+00 -7.420905e+01 -5.402858e+01 1.577697e+03 -1.336407e+01 0.000000e+00 0.000000e+00 0.000000e+00 0.000000e+00 0.000000e+00 0.000000e+00 0.000000e+00 0.000000e+00 0.000000e+00
1.851000e+00 0.000000e+00 -4.919496e+03 -6.849626e+03 0.000000e+00 0.000000e+00 0.000000e+00 -7.400670e+01 -5.381962e+01 1.578873e+03 -1.366539e+01 0.000000e+00 0.000000e+00 0.000000e+00 0.000000e+00 0.000000e+00 0.000000e+00 0.000000e+00 0.000000e+00 0.000000e+00
1.852000e+00 0.000000e+00 -4.923707e+03 -6.854457e+03 0.000000e+00 0.000000e+00 0.000000e+00 -7.379877e+01 -5.360518e+01 1.580051e+03 -1.397459e+01 0.000000e+00 0.000000e+00 0.000000e+00 0.000000e+00 0.000000e+00 0.000000e+00 0.000000e+00 0.000000e+00 0.000000e+00
1.853000e+00 0.000000e+00 -4.927879e+03 -6.859135e+03 0.000000e+00 0.000000e+00 0.000000e+00 -7.358535e+01 -5.338534e+01 1.581230e+03 -1.429151e+01 0.000000e+00 0.000000e+00 0.000000e+00 0.000000e+00 0.000000e+00 0.000000e+00 0.000000e+00 0.000000e+00 0.000000e+00
1.854000e+00 0.000000e+00 -4.932013e+03 -6.863659e+03 0.000000e+00 0.000000e+00 0.000000e+00 -7.336651e+01 -5.316018e+01 1.582410e+03 -1.461602e+01 0.000000e+00 0.000000e+00 0.000000e+00 0.000000e+00 0.000000e+00 0.000000e+00 0.000000e+00 0.000000e+00 0.000000e+00
1.855000e+00 0.000000e+00 -4.936107e+03 -6.868030e+03 0.000000e+00 0.000000e+00 0.000000e+00 -7.314234e+01 -5.292978e+01 1.583592e+03 -1.494793e+01 0.000000e+00 0.000000e+00 0.000000e+00 0.000000e+00 0.000000e+00 0.000000e+00 0.000000e+00 0.000000e+00 0.000000e+00
1.856000e+00 0.000000e+00 -4.940160e+03 -6.872247e+03 0.000000e+00 0.000000e+00 0.000000e+00 -7.291293e+01 -5.269424e+01 1.584775e+03 -1.528709e+01 0.000000e+00 0.000000e+00 0.000000e+00 0.000000e+00 0.000000e+00 0.000000e+00 0.000000e+00 0.000000e+00 0.000000e+00
1.857000e+00 0.000000e+00 -4.944173e+03 -6.876311e+03 0.000000e+00 0.000000e+00 0.000000e+00 -7.267836e+01 -5.245363e+01 1.585959e+03 -1.563332e+01 0.000000e+00 0.000000e+00 0.000000e+00 0.000000e+00 0.000000e+00 0.000000e+00 0.000000e+00 0.000000e+00 0.000000e+00
1.858000e+00 0.000000e+00 -4.948144e+03 -6.880223e+03 0.000000e+00 0.000000e+00 0.000000e+00 -7.243874e+01 -5.220807e+01 1.587145e+03 -1.598643e+01 0.000000e+00 0.000000e+00 0.000000e+00 0.000000e+00 0.000000e+00 0.000000e+00 0.000000e+00 0.000000e+00 0.000000e+00
1.859000e+00 0.000000e+00 -4.952072e+03 -6.883982e+03 0.000000e+00 0.000000e+00 0.000000e+00 -7.219413e+01 -5.195762e+01 1.588332e+03 -1.634627e+01 0.000000e+00 0.000000e+00 0.000000e+00 0.000000e+00 0.000000e+00 0.000000e+00 0.000000e+00 0.000000e+00 0.000000e+00
1.860000e+00 0.000000e+00 -4.955958e+03 -6.887589e+03 0.000000e+00 0.000000e+00 0.000000e+00 -7.194462e+01 -5.170237e+01 1.589519e+03 -1.671267e+01 0.000000e+00 0.000000e+00 0.000000e+00 0.000000e+00 0.000000e+00 0.000000e+00 0.000000e+00 0.000000e+00 0.000000e+00
1.861000e+00 0.000000e+00 -4.959800e+03 -6.891044e+03 0.000000e+00 0.000000e+00 0.000000e+00 -7.169029e+01 -5.144239e+01 1.590708e+03 -1.708546e+01 0.000000e+00 0.000000e+00 0.000000e+00 0.000000e+00 0.000000e+00 0.000000e+00 0.000000e+00 0.000000e+00 0.000000e+00
1.862000e+00 0.000000e+00 -4.963599e+03 -6.894348e+03 0.000000e+00 0.000000e+00 0.000000e+00 -7.143121e+01 -5.117778e+01 1.591898e+03 -1.746446e+01 0.000000e+00 0.000000e+00 0.000000e+00 0.000000e+00 0.000000e+00 0.000000e+00 0.000000e+00 0.000000e+00 0.000000e+00
1.863000e+00 0.000000e+00 -4.967352e+03 -6.897501e+03 0.000000e+00 0.000000e+00 0.000000e+00 -7.116749e+01 -5.090863e+01 1.593089e+03 -1.784949e+01 0.000000e+00 0.000000e+00 0.000000e+00 0.000000e+00 0.000000e+00 0.000000e+00 0.000000e+00 0.000000e+00 0.000000e+00
1.864000e+00 0.000000e+00 -4.971061e+03 -6.900504e+03 0.000000e+00 0.000000e+00 0.000000e+00 -7.089921e+01 -5.063503e+01 1.594281e+03 -1.824035e+01 0.000000e+00 0.000000e+00 0.000000e+00 0.000000e+00 0.000000e+00 0.000000e+00 0.000000e+00 0.000000e+00 0.000000e+00
1.865000e+00 0.000000e+00 -4.974725e+03 -6.903357e+03 0.000000e+00 0.000000e+00 0.000000e+00 -7.062646e+01 -5.035708e+01 1.595474e+03 -1.863687e+01 0.000000e+00 0.000000e+00 0.000000e+00 0.000000e+00 0.000000e+00 0.000000e+00 0.000000e+00 0.000000e+00 0.000000e+00
1.866000e+00 0.000000e+00 -4.978342e+03 -6.906060e+03 0.000000e+00 0.000000e+00 0.000000e+00 -7.034935e+01 -5.007488e+01 1.596668e+03 -1.903882e+01 0.000000e+00 0.000000e+00 0.000000e+00 0.000000e+00 0.000000e+00 0.000000e+00 0.000000e+00 0.000000e+00 0.000000e+00
1.867000e+00 0.000000e+00 -4.981913e+03 -6.908615e+03 0.000000e+00 0.000000e+00 0.000000e+00 -7.006798e+01 -4.978852e+01 1.597863e+03 -1.944603e+01 0.000000e+00 0.000000e+00 0.000000e+00 0.000000e+00 0.000000e+00 0.000000e+00 0.000000e+00 0.000000e+00 0.000000e+00
1.868000e+00 0.000000e+00 -4.985438e+03 -6.911022e+03 0.000000e+00 0.000000e+00 0.000000e+00 -6.978245e+01 -4.949812e+01 1.599058e+03 -1.985827e+01 0.000000e+00 0.000000e+00 0.000000e+00 0.000000e+00 0.000000e+00 0.000000e+00 0.000000e+00 0.000000e+00 0.000000e+00
1.869000e+00 0.000000e+00 -4.988915e+03 -6.913281e+03 0.000000e+00 0.000000e+00 0.000000e+00 -6.949287e+01 -4.920379e+01 1.600255e+03 -2.027533e+01 0.000000e+00 0.000000e+00 0.000000e+00 0.000000e+00 0.000000e+00 0.000000e+00 0.000000e+00 0.000000e+00 0.000000e+00
1.870000e+00 0.000000e+00 -4.992344e+03 -6.915394e+03 0.000000e+00 0.000000e+00 0.000000e+00 -6.919934e+01 -4.890564e+01 1.601452e+03 -2.069700e+01 0.000000e+00 0.000000e+00 0.000000e+00 0.000000e+00 0.000000e+00 0.000000e+00 0.000000e+00 0.000000e+00 0.000000e+00
1.871000e+00 0.000000e+00 -4.995726e+03 -6.917362e+03 0.000000e+00 0.000000e+00 0.000000e+00 -6.890199e+01 -4.860378e+01 1.602650e+03 -2.112306e+01 0.000000e+00 0.000000e+00 0.000000e+00 0.000000e+00 0.000000e+00 0.000000e+00 0.000000e+00 0.000000e+00 0.000000e+00
1.872000e+00 0.000000e+00 -4.999059e+03 -6.919185e+03 0.000000e+00 0.000000e+00 0.000000e+00 -6.860093e+01 -4.829832e+01 1.603848e+03 -2.155328e+01 0.000000e+00 0.000000e+00 0.000000e+00 0.000000e+00 0.000000e+00 0.000000e+00 0.000000e+00 0.000000e+00 0.000000e+00
1.873000e+00 0.000000e+00 -5.002344e+03 -6.920864e+03 0.000000e+00 0.000000e+00 0.000000e+00 -6.829627e+01 -4.798940e+01 1.605047e+03 -2.198743e+01 0.000000e+00 0.000000e+00 0.000000e+00 0.000000e+00 0.000000e+00 0.000000e+00 0.000000e+00 0.000000e+00 0.000000e+00
1.874000e+00 0.000000e+00 -5.005580e+03 -6.922401e+03 0.000000e+00 0.000000e+00 0.000000e+00 -6.798814e+01 -4.767713e+01 1.606247e+03 -2.242527e+01 0.000000e+00 0.000000e+00 0.000000e+00 0.000000e+00 0.000000e+00 0.000000e+00 0.000000e+00 0.000000e+00 0.000000e+00
1.875000e+00 0.000000e+00 -5.008766e+03 -6.923796e+03 0.000000e+00 0.000000e+00 0.000000e+00 -6.767667e+01 -4.736164e+01 1.607447e+03 -2.286657e+01 0.000000e+00 0.000000e+00 0.000000e+00 0.000000e+00 0.000000e+00 0.000000e+00 0.000000e+00 0.000000e+00 0.000000e+00
1.876000e+00 0.000000e+00 -5.011904e+03 -6.925050e+03 0.000000e+00 0.000000e+00 0.000000e+00 -6.736197e+01 -4.704306e+01 1.608647e+03 -2.331109e+01 0.000000e+00 0.000000e+00 0.000000e+00 0.000000e+00 0.000000e+00 0.000000e+00 0.000000e+00 0.000000e+00 0.000000e+00
1.877000e+00 0.000000e+00 -5.014991e+03 -6.926165e+03 0.000000e+00 0.000000e+00 0.000000e+00 -6.704419e+01 -4.672152e+01 1.609848e+03 -2.375858e+01 0.000000e+00 0.000000e+00 0.000000e+00 0.000000e+00 0.000000e+00 0.000000e+00 0.000000e+00 0.000000e+00 0.000000e+00
1.878000e+00 0.000000e+00 -5.018029e+03 -6.927142e+03 0.000000e+00 0.000000e+00 0.000000e+00 -6.672344e+01 -4.639715e+01 1.611050e+03 -2.420879e+01 0.000000e+00 0.000000e+00 0.000000e+00 0.000000e+00 0.000000e+00 0.000000e+00 0.000000e+00 0.000000e+00 0.000000e+00
1.879000e+00 0.000000e+00 -5.021017e+03 -6.927981e+03 0.000000e+00 0.000000e+00 0.000000e+00 -6.639988e+01 -4.607008e+01 1.612251e+03 -2.466147e+01 0.000000e+00 0.000000e+00 0.000000e+00 0.000000e+00 0.000000e+00 0.000000e+00 0.000000e+00 0.000000e+00 0.000000e+00
1.880000e+00 0.000000e+00 -5.023954e+03 -6.928685e+03 0.000000e+00 0.000000e+00 0.000000e+00 -6.607362e+01 -4.574045e+01 1.613453e+03 -2.511638e+01 0.000000e+00 0.000000e+00 0.000000e+00 0.000000e+00 0.000000e+00 0.000000e+00 0.000000e+00 0.000000e+00 0.000000e+00
1.881000e+00 0.000000e+00 -5.026842e+03 -6.929254e+03 0.000000e+00 0.000000e+00 0.000000e+00 -6.574477e+01 -4.540838e+01 1.614656e+03 -2.557327e+01 0.000000e+00 0.000000e+00 0.000000e+00 0.000000e+00 0.000000e+00 0.000000e+00 0.000000e+00 0.000000e+00 0.000000e+00
1.882000e+00 0.000000e+00 -5.029679e+03 -6.929690e+03 0.000000e+00 0.000000e+00 0.000000e+00 -6.541347e+01 -4.507398e+01 1.615858e+03 -2.603191e+01 0.000000e+00 0.000000e+00 0.000000e+00 0.000000e+00 0.000000e+00 0.000000e+00 0.000000e+00 0.000000e+00 0.000000e+00
1.883000e+00 0.000000e+00 -5.032465e+03 -6.929994e+03 0.000000e+00 0.000000e+00 0.000000e+00 -6.507983e+01 -4.473738e+01 1.617061e+03 -2.649205e+01 0.000000e+00 0.000000e+00 0.000000e+00 0.000000e+00 0.000000e+00 0.000000e+00 0.000000e+00 0.000000e+00 0.000000e+00
1.884000e+00 0.000000e+00 -5.035201e+03 -6.930167e+03 0.000000e+00 0.000000e+00 0.000000e+00 -6.474399e+01 -4.439873e+01 1.618263e+03 -2.695344e+01 0.000000e+00 0.000000e+00 0.000000e+00 0.000000e+00 0.000000e+00 0.000000e+00 0.000000e+00 0.000000e+00 0.000000e+00
1.885000e+00 0.000000e+00 -5.037886e+03 -6.930211e+03 0.000000e+00 0.000000e+00 0.000000e+00 -6.440608e+01 -4.405814e+01 1.619466e+03 -2.741583e+01 0.000000e+00 0.000000e+00 0.000000e+00 0.000000e+00 0.000000e+00 0.000000e+00 0.000000e+00 0.000000e+00 0.000000e+00
1.886000e+00 0.000000e+00 -5.040521e+03 -6.930127e+03 0.000000e+00 0.000000e+00 0.000000e+00 -6.406622e+01 -4.371575e+01 1.620668e+03 -2.787895e+01 0.000000e+00 0.000000e+00 0.000000e+00 0.000000e+00 0.000000e+00 0.000000e+00 0.000000e+00 0.000000e+00 0.000000e+00
1.887000e+00 0.000000e+00 -5.043105e+03 -6.929917e+03 0.000000e+00 0.000000e+00 0.000000e+00 -6.372455e+01 -4.337170e+01 1.621871e+03 -2.834256e+01 0.000000e+00 0.000000e+00 0.000000e+00 0.000000e+00 0.000000e+00 0.000000e+00 0.000000e+00 0.000000e+00 0.000000e+00
1.888000e+00 0.000000e+00 -5.045638e+03 -6.929582e+03 0.000000e+00 0.000000e+00 0.000000e+00 -6.338120e+01 -4.302612e+01 1.623074e+03 -2.880639e+01 0.000000e+00 0.000000e+00 0.000000e+00 0.000000e+00 0.000000e+00 0.000000e+00 0.000000e+00 0.000000e+00 0.000000e+00
1.889000e+00 0.000000e+00 -5.048121e+03 -6.929124e+03 0.000000e+00 0.000000e+00 0.000000e+00 -6.303633e+01 -4.267916e+01 1.624276e+03 -2.927018e+01 0.000000e+00 0.000000e+00 0.000000e+00 0.000000e+00 0.000000e+00 0.000000e+00 0.000000e+00 0.000000e+00 0.000000e+00
1.890000e+00 0.000000e+00 -5.050553e+03 -6.928544e+03 0.000000e+00 0.000000e+00 0.000000e+00 -6.269006e+01 -4.233095e+01 1.625478e+03 -2.973366e+01 0.000000e+00 0.000000e+00 0.000000e+00 0.000000e+00 0.000000e+00 0.000000e+00 0.000000e+00 0.000000e+00 0.000000e+00
1.891000e+00 0.000000e+00 -5.052935e+03 -6.927845e+03 0.000000e+00 0.000000e+00 0.000000e+00 -6.234254e+01 -4.198165e+01 1.626680e+03 -3.019656e+01 0.000000e+00 0.000000e+00 0.000000e+00 0.000000e+00 0.000000e+00 0.000000e+00 0.000000e+00 0.000000e+00 0.000000e+00
1.892000e+00 0.000000e+00 -5.055267e+03 -6.927028e+03 0.000000e+00 0.000000e+00 0.000000e+00 -6.199391e+01 -4.163139e+01 1.627881e+03 -3.065861e+01 0.000000e+00 0.000000e+00 0.000000e+00 0.000000e+00 0.000000e+00 0.000000e+00 0.000000e+00 0.000000e+00 0.000000e+00
1.893000e+00 0.000000e+00 -5.057549e+03 -6.926095e+03 0.000000e+00 0.000000e+00 0.000000e+00 -6.164432e+01 -4.128033e+01 1.629082e+03 -3.111954e+01 0.000000e+00 0.000000e+00 0.000000e+00 0.000000e+00 0.000000e+00 0.000000e+00 0.000000e+00 0.000000e+00 0.000000e+00
1.894000e+00 0.000000e+00 -5.059780e+03 -6.925048e+03 0.000000e+00 0.000000e+00 0.000000e+00 -6.129391e+01 -4.092860e+01 1.630283e+03 -3.157908e+01 0.000000e+00 0.000000e+00 0.000000e+00 0.000000e+00 0.000000e+00 0.000000e+00 0.000000e+00 0.000000e+00 0.000000e+00
1.895000e+00 0.000000e+00 -5.061962e+03 -6.923888e+03 0.000000e+00 0.000000e+00 0.000000e+00 -6.094284e+01 -4.057637e+01 1.631483e+03 -3.203694e+01 0.000000e+00 0.000000e+00 0.000000e+00 0.000000e+00 0.000000e+00 0.000000e+00 0.000000e+00 0.000000e+00 0.000000e+00
1.896000e+00 0.000000e+00 -5.064094e+03 -6.922618e+03 0.000000e+00 0.000000e+00 0.000000e+00 -6.059125e+01 -4.022378e+01 1.632683e+03 -3.249285e+01 0.000000e+00 0.000000e+00 0.000000e+00 0.000000e+00 0.000000e+00 0.000000e+00 0.000000e+00 0.000000e+00 0.000000e+00
1.897000e+00 0.000000e+00 -5.066177e+03 -6.921240e+03 0.000000e+00 0.000000e+00 0.000000e+00 -6.023930e+01 -3.987099e+01 1.633882e+03 -3.294653e+01 0.000000e+00 0.000000e+00 0.000000e+00 0.000000e+00 0.000000e+00 0.000000e+00 0.000000e+00 0.000000e+00 0.000000e+00
1.898000e+00 0.000000e+00 -5.068210e+03 -6.919756e+03 0.000000e+00 0.000000e+00 0.000000e+00 -5.988713e+01 -3.951815e+01 1.635081e+03 -3.339770e+01 0.000000e+00 0.000000e+00 0.000000e+00 0.000000e+00 0.000000e+00 0.000000e+00 0.000000e+00 0.000000e+00 0.000000e+00
1.899000e+00 0.000000e+00 -5.070195e+03 -6.918167e+03 0.000000e+00 0.000000e+00 0.000000e+00 -5.953492e+01 -3.916541e+01 1.636279e+03 -3.384608e+01 0.000000e+00 0.000000e+00 0.000000e+00 0.000000e+00 0.000000e+00 0.000000e+00 0.000000e+00 0.000000e+00 0.000000e+00
1.900000e+00 0.000000e+00 -5.072131e+03 -6.916477e+03 0.000000e+00 0.000000e+00 0.000000e+00 -5.918280e+01 -3.881294e+01 1.637476e+03 -3.429138e+01 0.000000e+00 0.000000e+00 0.000000e+00 0.000000e+00 0.000000e+00 0.000000e+00 0.000000e+00 0.000000e+00 0.000000e+00
1.901000e+00 0.000000e+00 -5.074019e+03 -6.914687e+03 0.000000e+00 0.000000e+00 0.000000e+00 -5.883094e+01 -3.846089e+01 1.638672e+03 -3.473332e+01 0.000000e+00 0.000000e+00 0.000000e+00 0.000000e+00 0.000000e+00 0.000000e+00 0.000000e+00 0.000000e+00 0.000000e+00
1.902000e+00 0.000000e+00 -5.075859e+03 -6.912799e+03 0.000000e+00 0.000000e+00 0.000000e+00 -5.847949e+01 -3.810941e+01 1.639868e+03 -3.517161e+01 0.000000e+00 0.000000e+00 0.000000e+00 0.000000e+00 0.000000e+00 0.000000e+00 0.000000e+00 0.000000e+00 0.000000e+00
1.903000e+00 0.000000e+00 -5.077651e+03 -6.910816e+03 0.000000e+00 0.000000e+00 0.000000e+00 -5.812859e+01 -3.775864e+01 1.641062e+03 -3.560601e+01 0.000000e+00 0.000000e+00 0.000000e+00 0.000000e+00 0.000000e+00 0.000000e+00 0.000000e+00 0.000000e+00 0.000000e+00
1.904000e+00 0.000000e+00 -5.079396e+03 -6.908740e+03 0.000000e+00 0.000000e+00 0.000000e+00 -5.777837e+01 -3.740874e+01 1.642256e+03 -3.603623e+01 0.000000e+00 0.000000e+00 0.000000e+00 0.000000e+00 0.000000e+00 0.000000e+00 0.000000e+00 0.000000e+00 0.000000e+00
1.905000e+00 0.000000e+00 -5.081094e+03 -6.906574e+03 0.000000e+00 0.000000e+00 0.000000e+00 -5.742900e+01 -3.705984e+01 1.643449e+03 -3.646199e+01 0.000000e+00 0.000000e+00 0.000000e+00 0.000000e+00 0.000000e+00 0.000000e+00 0.000000e+00 0.000000e+00 0.000000e+00
1.906000e+00 0.000000e+00 -5.082746e+03 -6.904319e+03 0.000000e+00 0.000000e+00 0.000000e+00 -5.708062e+01 -3.671211e+01 1.644640e+03 -3.688303e+01 0.000000e+00 0.000000e+00 0.000000e+00 0.000000e+00 0.000000e+00 0.000000e+00 0.000000e+00 0.000000e+00 0.000000e+00
1.907000e+00 0.000000e+00 -5.084351e+03 -6.901978e+03 0.000000e+00 0.000000e+00 0.000000e+00 -5.673338e+01 -3.636569e+01 1.645831e+03 -3.729906e+01 0.000000e+00 0.000000e+00 0.000000e+00 0.000000e+00 0.000000e+00 0.000000e+00 0.000000e+00 0.000000e+00 0.000000e+00
1.908000e+00 0.000000e+00 -5.085912e+03 -6.899553e+03 0.000000e+00 0.000000e+00 0.000000e+00 -5.638744e+01 -3.602073e+01 1.647020e+03 -3.770981e+01 0.000000e+00 0.000000e+00 0.000000e+00 0.000000e+00 0.000000e+00 0.000000e+00 0.000000e+00 0.000000e+00 0.000000e+00
1.909000e+00 0.000000e+00 -5.087427e+03 -6.897048e+03 0.000000e+00 0.000000e+00 0.000000e+00 -5.604294e+01 -3.567739e+01 1.648209e+03 -3.811500e+01 0.000000e+00 0.000000e+00 0.000000e+00 0.000000e+00 0.000000e+00 0.000000e+00 0.000000e+00 0.000000e+00 0.000000e+00
1.910000e+00 0.000000e+00 -5.088897e+03 -6.894464e+03 0.000000e+00 0.000000e+00 0.000000e+00 -5.570003e+01 -3.533583e+01 1.649396e+03 -3.851435e+01 0.000000e+00 0.000000e+00 0.000000e+00 0.000000e+00 0.000000e+00 0.000000e+00 0.000000e+00 0.000000e+00 0.000000e+00
1.911000e+00 0.000000e+00 -5.090323e+03 -6.891805e+03 0.000000e+00 0.000000e+00 0.000000e+00 -5.535888e+01 -3.499619e+01 1.650582e+03 -3.890760e+01 0.000000e+00 0.000000e+00 0.000000e+00 0.000000e+00 0.000000e+00 0.000000e+00 0.000000e+00 0.000000e+00 0.000000e+00
1.912000e+00 0.000000e+00 -5.091706e+03 -6.889072e+03 0.000000e+00 0.000000e+00 0.000000e+00 -5.501964e+01 -3.465863e+01 1.651766e+03 -3.929445e+01 0.000000e+00 0.000000e+00 0.000000e+00 0.000000e+00 0.000000e+00 0.000000e+00 0.000000e+00 0.000000e+00 0.000000e+00
1.913000e+00 0.000000e+00 -5.093046e+03 -6.886269e+03 0.000000e+00 0.000000e+00 0.000000e+00 -5.468245e+01 -3.432331e+01 1.652949e+03 -3.967464e+01 0.000000e+00 0.000000e+00 0.000000e+00 0.000000e+00 0.000000e+00 0.000000e+00 0.000000e+00 0.000000e+00 0.000000e+00
1.914000e+00 0.000000e+00 -5.094344e+03 -6.883397e+03 0.000000e+00 0.000000e+00 0.000000e+00 -5.434748e+01 -3.399038e+01 1.654131e+03 -4.004788e+01 0.000000e+00 0.000000e+00 0.000000e+00 0.000000e+00 0.000000e+00 0.000000e+00 0.000000e+00 0.000000e+00 0.000000e+00
1.915000e+00 0.000000e+00 -5.095600e+03 -6.880461e+03 0.000000e+00 0.000000e+00 0.000000e+00 -5.401487e+01 -3.366000e+01 1.655311e+03 -4.041390e+01 0.000000e+00 0.000000e+00 0.000000e+00 0.000000e+00 0.000000e+00 0.000000e+00 0.000000e+00 0.000000e+00 0.000000e+00
1.916000e+00 0.000000e+00 -5.096814e+03 -6.877463e+03 0.000000e+00 0.000000e+00 0.000000e+00 -5.368480e+01 -3.333231e+01 1.656490e+03 -4.077243e+01 0.000000e+00 0.000000e+00 0.000000e+00 0.000000e+00 0.000000e+00 0.000000e+00 0.000000e+00 0.000000e+00 0.000000e+00
1.917000e+00 0.000000e+00 -5.097988e+03 -6.874406e+03 0.000000e+00 0.000000e+00 0.000000e+00 -5.335740e+01 -3.300749e+01 1.657667e+03 -4.112318e+01 0.000000e+00 0.000000e+00 0.000000e+00 0.000000e+00 0.000000e+00 0.000000e+00 0.000000e+00 0.000000e+00 0.000000e+00
1.918000e+00 0.000000e+00 -5.099123e+03 -6.871292e+03 0.000000e+00 0.000000e+00 0.000000e+00 -5.303283e+01 -3.268568e+01 1.658843e+03 -4.146589e+01 0.000000e+00 0.000000e+00 0.000000e+00 0.000000e+00 0.000000e+00 0.000000e+00 0.000000e+00 0.000000e+00 0.000000e+00
1.919000e+00 0.000000e+00 -5.100218e+03 -6.868124e+03 0.000000e+00 0.000000e+00 0.000000e+00 -5.271126e+01 -3.236705e+01 1.660017e+03 -4.180028e+01 0.000000e+00 0.000000e+00 0.000000e+00 0.000000e+00 0.000000e+00 0.000000e+00 0.000000e+00 0.000000e+00 0.000000e+00
1.920000e+00 0.000000e+00 -5.101275e+03 -6.864907e+03 0.000000e+00 0.000000e+00 0.000000e+00 -5.239284e+01 -3.205174e+01 1.661189e+03 -4.212608e+01 0.000000e+00 0.000000e+00 0.000000e+00 0.000000e+00 0.000000e+00 0.000000e+00 0.000000e+00 0.000000e+00 0.000000e+00
1.921000e+00 0.000000e+00 -5.102294e+03 -6.861641e+03 0.000000e+00 0.000000e+00 0.000000e+00 -5.207772e+01 -3.173991e+01 1.662360e+03 -4.244302e+01 0.000000e+00 0.000000e+00 0.000000e+00 0.000000e+00 0.000000e+00 0.000000e+00 0.000000e+00 0.000000e+00 0.000000e+00
1.922000e+00 0.000000e+00 -5.103276e+03 -6.858331e+03 0.000000e+00 0.000000e+00 0.000000e+00 -5.176605e+01 -3.143172e+01 1.663529e+03 -4.275082e+01 0.000000e+00 0.000000e+00 0.000000e+00 0.000000e+00 0.000000e+00 0.000000e+00 0.000000e+00 0.000000e+00 0.000000e+00
1.923000e+00 0.000000e+00 -5.104222e+03 -6.854980e+03 0.000000e+00 0.000000e+00 0.000000e+00 -5.145800e+01 -3.112732e+01 1.664696e+03 -4.304922e+01 0.000000e+00 0.000000e+00 0.000000e+00 0.000000e+00 0.000000e+00 0.000000e+00 0.000000e+00 0.000000e+00 0.000000e+00
1.924000e+00 0.000000e+00 -5.105132e+03 -6.851590e+03 0.000000e+00 0.000000e+00 0.000000e+00 -5.115372e+01 -3.082687e+01 1.665861e+03 -4.333795e+01 0.000000e+00 0.000000e+00 0.000000e+00 0.000000e+00 0.000000e+00 0.000000e+00 0.000000e+00 0.000000e+00 0.000000e+00
1.925000e+00 0.000000e+00 -5.106008e+03 -6.848165e+03 0.000000e+00 0.000000e+00 0.000000e+00 -5.085337e+01 -3.053053e+01 1.667025e+03 -4.361674e+01 0.000000e+00 0.000000e+00 0.000000e+00 0.000000e+00 0.000000e+00 0.000000e+00 0.000000e+00 0.000000e+00 0.000000e+00
1.926000e+00 0.000000e+00 -5.106850e+03 -6.844708e+03 0.000000e+00 0.000000e+00 0.000000e+00 -5.055706e+01 -3.023841e+01 1.668186e+03 -4.388536e+01 0.000000e+00 0.000000e+00 0.000000e+00 0.000000e+00 0.000000e+00 0.000000e+00 0.000000e+00 0.000000e+00 0.000000e+00
1.927000e+00 0.000000e+00 -5.107659e+03 -6.841223e+03 0.000000e+00 0.000000e+00 0.000000e+00 -5.026495e+01 -2.995067e+01 1.669346e+03 -4.414355e+01 0.000000e+00 0.000000e+00 0.000000e+00 0.000000e+00 0.000000e+00 0.000000e+00 0.000000e+00 0.000000e+00 0.000000e+00
1.928000e+00 0.000000e+00 -5.108436e+03 -6.837711e+03 0.000000e+00 0.000000e+00 0.000000e+00 -4.997719e+01 -2.966746e+01 1.670503e+03 -4.439105e+01 0.000000e+00 0.000000e+00 0.000000e+00 0.000000e+00 0.000000e+00 0.000000e+00 0.000000e+00 0.000000e+00 0.000000e+00
1.929000e+00 0.000000e+00 -5.109182e+03 -6.834177e+03 0.000000e+00 0.000000e+00 0.000000e+00 -4.969392e+01 -2.938893e+01 1.671659e+03 -4.462760e+01 0.000000e+00 0.000000e+00 0.000000e+00 0.000000e+00 0.000000e+00 0.000000e+00 0.000000e+00 0.000000e+00 0.000000e+00
1.930000e+00 0.000000e+00 -5.109898e+03 -6.830623e+03 0.000000e+00 0.000000e+00 0.000000e+00 -4.941531e+01 -2.911523e+01 1.672813e+03 -4.485294e+01 0.000000e+00 0.000000e+00 0.000000e+00 0.000000e+00 0.000000e+00 0.000000e+00 0.000000e+00 0.000000e+00 0.000000e+00
1.931000e+00 0.000000e+00 -5.110584e+03 -6.827054e+03 0.000000e+00 0.000000e+00 0.000000e+00 -4.914150e+01 -2.884651e+01 1.673965e+03 -4.506682e+01 0.000000e+00 0.000000e+00 0.000000e+00 0.000000e+00 0.000000e+00 0.000000e+00 0.000000e+00 0.000000e+00 0.000000e+00
1.932000e+00 0.000000e+00 -5.111242e+03 -6.823472e+03 0.000000e+00 0.000000e+00 0.000000e+00 -4.887264e+01 -2.858292e+01 1.675114e+03 -4.526899e+01 0.000000e+00 0.000000e+00 0.000000e+00 0.000000e+00 0.000000e+00 0.000000e+00 0.000000e+00 0.000000e+00 0.000000e+00
1.933000e+00 0.000000e+00 -5.111872e+03 -6.819880e+03 0.000000e+00 0.000000e+00 0.000000e+00 -4.860888e+01 -2.832460e+01 1.676262e+03 -4.545919e+01 0.000000e+00 0.000000e+00 0.000000e+00 0.000000e+00 0.000000e+00 0.000000e+00 0.000000e+00 0.000000e+00 0.000000e+00
1.934000e+00 0.000000e+00 -5.112476e+03 -6.816283e+03 0.000000e+00 0.000000e+00 0.000000e+00 -4.835037e+01 -2.807171e+01 1.677408e+03 -4.563718e+01 0.000000e+00 0.000000e+00 0.000000e+00 0.000000e+00 0.000000e+00 0.000000e+00 0.000000e+00 0.000000e+00 0.000000e+00
1.935000e+00 0.000000e+00 -5.113054e+03 -6.812684e+03 0.000000e+00 0.000000e+00 0.000000e+00 -4.809724e+01 -2.782439e+01 1.678551e+03 -4.580271e+01 0.000000e+00 0.000000e+00 0.000000e+00 0.000000e+00 0.000000e+00 0.000000e+00 0.000000e+00 0.000000e+00 0.000000e+00
1.936000e+00 0.000000e+00 -5.113608e+03 -6.809085e+03 0.000000e+00 0.000000e+00 0.000000e+00 -4.784965e+01 -2.758278e+01 1.679692e+03 -4.595555e+01 0.000000e+00 0.000000e+00 0.000000e+00 0.000000e+00 0.000000e+00 0.000000e+00 0.000000e+00 0.000000e+00 0.000000e+00
1.937000e+00 0.000000e+00 -5.114139e+03 -6.805491e+03 0.000000e+00 0.000000e+00 0.000000e+00 -4.760774e+01 -2.734702e+01 1.680832e+03 -4.609545e+01 0.000000e+00 0.000000e+00 0.000000e+00 0.000000e+00 0.000000e+00 0.000000e+00 0.000000e+00 0.000000e+00 0.000000e+00
1.938000e+00 0.000000e+00 -5.114647e+03 -6.801905e+03 0.000000e+00 0.000000e+00 0.000000e+00 -4.737165e+01 -2.711726e+01 1.681969e+03 -4.622217e+01 0.000000e+00 0.000000e+00 0.000000e+00 0.000000e+00 0.000000e+00 0.000000e+00 0.000000e+00 0.000000e+00 0.000000e+00
1.939000e+00 0.000000e+00 -5.115135e+03 -6.798330e+03 0.000000e+00 0.000000e+00 0.000000e+00 -4.714152e+01 -2.689362e+01 1.683104e+03 -4.633548e+01 0.000000e+00 0.000000e+00 0.000000e+00 0.000000e+00 0.000000e+00 0.000000e+00 0.000000e+00 0.000000e+00 0.000000e+00
1.940000e+00 0.000000e+00 -5.115601e+03 -6.794770e+03 0.000000e+00 0.000000e+00 0.000000e+00 -4.691748e+01 -2.667626e+01 1.684236e+03 -4.643515e+01 0.000000e+00 0.000000e+00 0.000000e+00 0.000000e+00 0.000000e+00 0.000000e+00 0.000000e+00 0.000000e+00 0.000000e+00
1.941000e+00 0.000000e+00 -5.116049e+03 -6.791228e+03 0.000000e+00 0.000000e+00 0.000000e+00 -4.669968e+01 -2.646530e+01 1.685367e+03 -4.652095e+01 0.000000e+00 0.000000e+00 0.000000e+00 0.000000e+00 0.000000e+00 0.000000e+00 0.000000e+00 0.000000e+00 0.000000e+00
1.942000e+00 0.000000e+00 -5.116479e+03 -6.787708e+03 0.000000e+00 0.000000e+00 0.000000e+00 -4.648824e+01 -2.626089e+01 1.686495e+03 -4.659266e+01 0.000000e+00 0.000000e+00 0.000000e+00 0.000000e+00 0.000000e+00 0.000000e+00 0.000000e+00 0.000000e+00 0.000000e+00
1.943000e+00 0.000000e+00 -5.116893e+03 -6.784213e+03 0.000000e+00 0.000000e+00 0.000000e+00 -4.628331e+01 -2.606314e+01 1.687621e+03 -4.665006e+01 0.000000e+00 0.000000e+00 0.000000e+00 0.000000e+00 0.000000e+00 0.000000e+00 0.000000e+00 0.000000e+00 0.000000e+00
1.944000e+00 0.000000e+00 -5.117290e+03 -6.780746e+03 0.000000e+00 0.000000e+00 0.000000e+00 -4.608501e+01 -2.587220e+01 1.688745e+03 -4.669292e+01 0.000000e+00 0.000000e+00 0.000000e+00 0.000000e+00 0.000000e+00 0.000000e+00 0.000000e+00 0.000000e+00 0.000000e+00
1.945000e+00 0.000000e+00 -5.117673e+03 -6.777312e+03 0.000000e+00 0.000000e+00 0.000000e+00 -4.589347e+01 -2.568818e+01 1.689867e+03 -4.672103e+01 0.000000e+00 0.000000e+00 0.000000e+00 0.000000e+00 0.000000e+00 0.000000e+00 0.000000e+00 0.000000e+00 0.000000e+00
1.946000e+00 0.000000e+00 -5.118044e+03 -6.773914e+03 0.000000e+00 0.000000e+00 0.000000e+00 -4.570882e+01 -2.551123e+01 1.690987e+03 -4.673419e+01 0.000000e+00 0.000000e+00 0.000000e+00 0.000000e+00 0.000000e+00 0.000000e+00 0.000000e+00 0.000000e+00 0.000000e+00
1.947000e+00 0.000000e+00 -5.118402e+03 -6.770555e+03 0.000000e+00 0.000000e+00 0.000000e+00 -4.553119e+01 -2.534145e+01 1.692104e+03 -4.673218e+01 0.000000e+00 0.000000e+00 0.000000e+00 0.000000e+00 0.000000e+00 0.000000e+00 0.000000e+00 0.000000e+00 0.000000e+00
1.948000e+00 0.000000e+00 -5.118749e+03 -6.767239e+03 0.000000e+00 0.000000e+00 0.000000e+00 -4.536069e+01 -2.517899e+01 1.693220e+03 -4.671480e+01 0.000000e+00 0.000000e+00 0.000000e+00 0.000000e+00 0.000000e+00 0.000000e+00 0.000000e+00 0.000000e+00 0.000000e+00
1.949000e+00 0.000000e+00 -5.119087e+03 -6.763970e+03 0.000000e+00 0.000000e+00 0.000000e+00 -4.519746e+01 -2.502394e+01 1.694333e+03 -4.668185e+01 0.000000e+00 0.000000e+00 0.000000e+00 0.000000e+00 0.000000e+00 0.000000e+00 0.000000e+00 0.000000e+00 0.000000e+00
1.950000e+00 0.000000e+00 -5.119416e+03 -6.760750e+03 0.000000e+00 0.000000e+00 0.000000e+00 -4.504161e+01 -2.487644e+01 1.695444e+03 -4.663313e+01 0.000000e+00 0.000000e+00 0.000000e+00 0.000000e+00 0.000000e+00 0.000000e+00 0.000000e+00 0.000000e+00 0.000000e+00
1.951000e+00 0.000000e+00 -5.119739e+03 -6.757583e+03 0.000000e+00 0.000000e+00 0.000000e+00 -4.489325e+01 -2.473660e+01 1.696553e+03 -4.656845e+01 0.000000e+00 0.000000e+00 0.000000e+00 0.000000e+00 0.000000e+00 0.000000e+00 0.000000e+00 0.000000e+00 0.000000e+00
1.952000e+00 0.000000e+00 -5.120056e+03 -6.754473e+03 0.000000e+00 0.000000e+00 0.000000e+00 -4.475251e+01 -2.460454e+01 1.697660e+03 -4.648763e+01 0.000000e+00 0.000000e+00 0.000000e+00 0.000000e+00 0.000000e+00 0.000000e+00 0.000000e+00 0.000000e+00 0.000000e+00
1.953000e+00 0.000000e+00 -5.120368e+03 -6.751424e+03 0.000000e+00 0.000000e+00 0.000000e+00 -4.461949e+01 -2.448036e+01 1.698764e+03 -4.639046e+01 0.000000e+00 0.000000e+00 0.000000e+00 0.000000e+00 0.000000e+00 0.000000e+00 0.000000e+00 0.000000e+00 0.000000e+00
1.954000e+00 0.000000e+00 -5.120678e+03 -6.748438e+03 0.000000e+00 0.000000e+00 0.000000e+00 -4.449432e+01 -2.436418e+01 1.699867e+03 -4.627677e+01 0.000000e+00 0.000000e+00 0.000000e+00 0.000000e+00 0.000000e+00 0.000000e+00 0.000000e+00 0.000000e+00 0.000000e+00
1.955000e+00 0.000000e+00 -5.120986e+03 -6.745520e+03 0.000000e+00 0.000000e+00 0.000000e+00 -4.437712e+01 -2.425614e+01 1.700968e+03 -4.614635e+01 0.000000e+00 0.000000e+00 0.000000e+00 0.000000e+00 0.000000e+00 0.000000e+00 0.000000e+00 0.000000e+00 0.000000e+00
1.956000e+00 0.000000e+00 -5.121293e+03 -6.742672e+03 0.000000e+00 0.000000e+00 0.000000e+00 -4.426801e+01 -2.415634e+01 1.702067e+03 -4.599903e+01 0.000000e+00 0.000000e+00 0.000000e+00 0.000000e+00 0.000000e+00 0.000000e+00 0.000000e+00 0.000000e+00 0.000000e+00
1.957000e+00 0.000000e+00 -5.121602e+03 -6.739899e+03 0.000000e+00 0.000000e+00 0.000000e+00 -4.416711e+01 -2.406490e+01 1.703163e+03 -4.583461e+01 0.000000e+00 0.000000e+00 0.000000e+00 0.000000e+00 0.000000e+00 0.000000e+00 0.000000e+00 0.000000e+00 0.000000e+00
1.958000e+00 0.000000e+00 -5.121913e+03 -6.737205e+03 0.000000e+00 0.000000e+00 0.000000e+00 -4.407454e+01 -2.398193e+01 1.704258e+03 -4.565291e+01 0.000000e+00 0.000000e+00 0.000000e+00 0.000000e+00 0.000000e+00 0.000000e+00 0.000000e+00 0.000000e+00 0.000000e+00
1.959000e+00 0.000000e+00 -5.122228e+03 -6.734591e+03 0.000000e+00 0.000000e+00 0.000000e+00 -4.399039e+01 -2.390755e+01 1.705351e+03 -4.545377e+01 0.000000e+00 0.000000e+00 0.000000e+00 0.000000e+00 0.000000e+00 0.000000e+00 0.000000e+00 0.000000e+00 0.000000e+00
1.960000e+00 0.000000e+00 -5.122548e+03 -6.732063e+03 0.000000e+00 0.000000e+00 0.000000e+00 -4.391480e+01 -2.384185e+01 1.706442e+03 -4.523701e+01 0.000000e+00 0.000000e+00 0.000000e+00 0.000000e+00 0.000000e+00 0.000000e+00 0.000000e+00 0.000000e+00 0.000000e+00
1.961000e+00 0.000000e+00 -5.122876e+03 -6.729623e+03 0.000000e+00 0.000000e+00 0.000000e+00 -4.384785e+01 -2.378495e+01 1.707531e+03 -4.500246e+01 0.000000e+00 0.000000e+00 0.000000e+00 0.000000e+00 0.000000e+00 0.000000e+00 0.000000e+00 0.000000e+00 0.000000e+00
1.962000e+00 0.000000e+00 -5.123211e+03 -6.727274e+03 0.000000e+00 0.000000e+00 0.000000e+00 -4.378965e+01 -2.373695e+01 1.708619e+03 -4.474997e+01 0.000000e+00 0.000000e+00 0.000000e+00 0.000000e+00 0.000000e+00 0.000000e+00 0.000000e+00 0.000000e+00 0.000000e+00
1.963000e+00 0.000000e+00 -5.123556e+03 -6.725021e+03 0.000000e+00 0.000000e+00 0.000000e+00 -4.374030e+01 -2.369794e+01 1.709704e+03 -4.447937e+01 0.000000e+00 0.000000e+00 0.000000e+00 0.000000e+00 0.000000e+00 0.000000e+00 0.000000e+00 0.000000e+00 0.000000e+00
1.964000e+00 0.000000e+00 -5.123912e+03 -6.722866e+03 0.000000e+00 0.000000e+00 0.000000e+00 -4.369991e+01 -2.366801e+01 1.710788e+03 -4.419052e+01 0.000000e+00 0.000000e+00 0.000000e+00 0.000000e+00 0.000000e+00 0.000000e+00 0.000000e+00 0.000000e+00 0.000000e+00
1.965000e+00 0.000000e+00 -5.124281e+03 -6.720813e+03 0.000000e+00 0.000000e+00 0.000000e+00 -4.366856e+01 -2.364727e+01 1.711871e+03 -4.388327e+01 0.000000e+00 0.000000e+00 0.000000e+00 0.000000e+00 0.000000e+00 0.000000e+00 0.000000e+00 0.000000e+00 0.000000e+00
1.966000e+00 0.000000e+00 -5.124664e+03 -6.718866e+03 0.000000e+00 0.000000e+00 0.000000e+00 -4.364634e+01 -2.363580e+01 1.712952e+03 -4.355746e+01 0.000000e+00 0.000000e+00 0.000000e+00 0.000000e+00 0.000000e+00 0.000000e+00 0.000000e+00 0.000000e+00 0.000000e+00
1.967000e+00 0.000000e+00 -5.125062e+03 -6.717026e+03 0.000000e+00 0.000000e+00 0.000000e+00 -4.363335e+01 -2.363369e+01 1.714031e+03 -4.321298e+01 0.000000e+00 0.000000e+00 0.000000e+00 0.000000e+00 0.000000e+00 0.000000e+00 0.000000e+00 0.000000e+00 0.000000e+00
1.968000e+00 0.000000e+00 -5.125478e+03 -6.715298e+03 0.000000e+00 0.000000e+00 0.000000e+00 -4.362967e+01 -2.364102e+01 1.715109e+03 -4.284967e+01 0.000000e+00 0.000000e+00 0.000000e+00 0.000000e+00 0.000000e+00 0.000000e+00 0.000000e+00 0.000000e+00 0.000000e+00
1.969000e+00 0.000000e+00 -5.125912e+03 -6.713684e+03 0.000000e+00 0.000000e+00 0.000000e+00 -4.363538e+01 -2.365787e+01 1.716185e+03 -4.246742e+01 0.000000e+00 0.000000e+00 0.000000e+00 0.000000e+00 0.000000e+00 0.000000e+00 0.000000e+00 0.000000e+00 0.000000e+00
1.970000e+00 0.000000e+00 -5.126367e+03 -6.712189e+03 0.000000e+00 0.000000e+00 0.000000e+00 -4.365055e+01 -2.368432e+01 1.717260e+03 -4.206610e+01 0.000000e+00 0.000000e+00 0.000000e+00 0.000000e+00 0.000000e+00 0.000000e+00 0.000000e+00 0.000000e+00 0.000000e+00
1.971000e+00 0.000000e+00 -5.126843e+03 -6.710814e+03 0.000000e+00 0.000000e+00 0.000000e+00 -4.367527e+01 -2.372043e+01 1.718334e+03 -4.164559e+01 0.000000e+00 0.000000e+00 0.000000e+00 0.000000e+00 0.000000e+00 0.000000e+00 0.000000e+00 0.000000e+00 0.000000e+00
1.972000e+00 0.000000e+00 -5.127342e+03 -6.709563e+03 0.000000e+00 0.000000e+00 0.000000e+00 -4.370961e+01 -2.376629e+01 1.719407e+03 -4.120577e+01 0.000000e+00 0.000000e+00 0.000000e+00 0.000000e+00 0.000000e+00 0.000000e+00 0.000000e+00 0.000000e+00 0.000000e+00
1.973000e+00 0.000000e+00 -5.127866e+03 -6.708439e+03 0.000000e+00 0.000000e+00 0.000000e+00 -4.375363e+01 -2.382196e+01 1.720479e+03 -4.074654e+01 0.000000e+00 0.000000e+00 0.000000e+00 0.000000e+00 0.000000e+00 0.000000e+00 0.000000e+00 0.000000e+00 0.000000e+00
1.974000e+00 0.000000e+00 -5.128417e+03 -6.707444e+03 0.000000e+00 0.000000e+00 0.000000e+00 -4.380740e+01 -2.388750e+01 1.721549e+03 -4.026780e+01 0.000000e+00 0.000000e+00 0.000000e+00 0.000000e+00 0.000000e+00 0.000000e+00 0.000000e+00 0.000000e+00 0.000000e+00
1.975000e+00 0.000000e+00 -5.128995e+03 -6.706583e+03 0.000000e+00 0.000000e+00 0.000000e+00 -4.387098e+01 -2.396297e+01 1.722619e+03 -3.976944e+01 0.000000e+00 0.000000e+00 0.000000e+00 0.000000e+00 0.000000e+00 0.000000e+00 0.000000e+00 0.000000e+00 0.000000e+00
1.976000e+00 0.000000e+00 -5.129603e+03 -6.705856e+03 0.000000e+00 0.000000e+00 0.000000e+00 -4.394445e+01 -2.404845e+01 1.723687e+03 -3.925135e+01 0.000000e+00 0.000000e+00 0.000000e+00 0.000000e+00 0.000000e+00 0.000000e+00 0.000000e+00 0.000000e+00 0.000000e+00
1.977000e+00 0.000000e+00 -5.130241e+03 -6.705268e+03 0.000000e+00 0.000000e+00 0.000000e+00 -4.402789e+01 -2.414401e+01 1.724755e+03 -3.871343e+01 0.000000e+00 0.000000e+00 0.000000e+00 0.000000e+00 0.000000e+00 0.000000e+00 0.000000e+00 0.000000e+00 0.000000e+00
1.978000e+00 0.000000e+00 -5.130913e+03 -6.704822e+03 0.000000e+00 0.000000e+00 0.000000e+00 -4.412136e+01 -2.424972e+01 1.725823e+03 -3.815557e+01 0.000000e+00 0.000000e+00 0.000000e+00 0.000000e+00 0.000000e+00 0.000000e+00 0.000000e+00 0.000000e+00 0.000000e+00
1.979000e+00 0.000000e+00 -5.131618e+03 -6.704519e+03 0.000000e+00 0.000000e+00 0.000000e+00 -4.422493e+01 -2.436564e+01 1.726889e+03 -3.757767e+01 0.000000e+00 0.000000e+00 0.000000e+00 0.000000e+00 0.000000e+00 0.000000e+00 0.000000e+00 0.000000e+00 0.000000e+00
1.980000e+00 0.000000e+00 -5.132360e+03 -6.704364e+03 0.000000e+00 0.000000e+00 0.000000e+00 -4.433868e+01 -2.449185e+01 1.727955e+03 -3.697963e+01 0.000000e+00 0.000000e+00 0.000000e+00 0.000000e+00 0.000000e+00 0.000000e+00 0.000000e+00 0.000000e+00 0.000000e+00
1.981000e+00 0.000000e+00 -5.133139e+03 -6.704357e+03 0.000000e+00 0.000000e+00 0.000000e+00 -4.446266e+01 -2.462840e+01 1.729021e+03 -3.636136e+01 0.000000e+00 0.000000e+00 0.000000e+00 0.000000e+00 0.000000e+00 0.000000e+00 0.000000e+00 0.000000e+00 0.000000e+00
1.982000e+00 0.000000e+00 -5.133957e+03 -6.704503e+03 0.000000e+00 0.000000e+00 0.000000e+00 -4.459693e+01 -2.477534e+01 1.730086e+03 -3.572279e+01 0.000000e+00 0.000000e+00 0.000000e+00 0.000000e+00 0.000000e+00 0.000000e+00 0.000000e+00 0.000000e+00 0.000000e+00
1.983000e+00 0.000000e+00 -5.134815e+03 -6.704804e+03 0.000000e+00 0.000000e+00 0.000000e+00 -4.474155e+01 -2.493272e+01 1.731151e+03 -3.506383e+01 0.000000e+00 0.000000e+00 0.000000e+00 0.000000e+00 0.000000e+00 0.000000e+00 0.000000e+00 0.000000e+00 0.000000e+00
1.984000e+00 0.000000e+00 -5.135716e+03 -6.705261e+03 0.000000e+00 0.000000e+00 0.000000e+00 -4.489657e+01 -2.510061e+01 1.732215e+03 -3.438441e+01 0.000000e+00 0.000000e+00 0.000000e+00 0.000000e+00 0.000000e+00 0.000000e+00 0.000000e+00 0.000000e+00 0.000000e+00
1.985000e+00 0.000000e+00 -5.136661e+03 -6.705878e+03 0.000000e+00 0.000000e+00 0.000000e+00 -4.506203e+01 -2.527903e+01 1.733280e+03 -3.368446e+01 0.000000e+00 0.000000e+00 0.000000e+00 0.000000e+00 0.000000e+00 0.000000e+00 0.000000e+00 0.000000e+00 0.000000e+00
1.986000e+00 0.000000e+00 -5.137651e+03 -6.706656e+03 0.000000e+00 0.000000e+00 0.000000e+00 -4.523797e+01 -2.546803e+01 1.734345e+03 -3.296393e+01 0.000000e+00 0.000000e+00 0.000000e+00 0.000000e+00 0.000000e+00 0.000000e+00 0.000000e+00 0.000000e+00 0.000000e+00
1.987000e+00 0.000000e+00 -5.138688e+03 -6.707598e+03 0.000000e+00 0.000000e+00 0.000000e+00 -4.542443e+01 -2.566765e+01 1.735410e+03 -3.222275e+01 0.000000e+00 0.000000e+00 0.000000e+00 0.000000e+00 0.000000e+00 0.000000e+00 0.000000e+00 0.000000e+00 0.000000e+00
1.988000e+00 0.000000e+00 -5.139774e+03 -6.708707e+03 0.000000e+00 0.000000e+00 0.000000e+00 -4.562145e+01 -2.587791e+01 1.736475e+03 -3.146088e+01 0.000000e+00 0.000000e+00 0.000000e+00 0.000000e+00 0.000000e+00 0.000000e+00 0.000000e+00 0.000000e+00 0.000000e+00
1.989000e+00 0.000000e+00 -5.140910e+03 -6.709983e+03 0.000000e+00 0.000000e+00 0.000000e+00 -4.582906e+01 -2.609885e+01 1.737540e+03 -3.067827e+01 0.000000e+00 0.000000e+00 0.000000e+00 0.000000e+00 0.000000e+00 0.000000e+00 0.000000e+00 0.000000e+00 0.000000e+00
1.990000e+00 0.000000e+00 -5.142098e+03 -6.711430e+03 0.000000e+00 0.000000e+00 0.000000e+00 -4.604728e+01 -2.633050e+01 1.738606e+03 -2.987489e+01 0.000000e+00 0.000000e+00 0.000000e+00 0.000000e+00 0.000000e+00 0.000000e+00 0.000000e+00 0.000000e+00 0.000000e+00
1.991000e+00 0.000000e+00 -5.143339e+03 -6.713048e+03 0.000000e+00 0.000000e+00 0.000000e+00 -4.627614e+01 -2.657286e+01 1.739672e+03 -2.905070e+01 0.000000e+00 0.000000e+00 0.000000e+00 0.000000e+00 0.000000e+00 0.000000e+00 0.000000e+00 0.000000e+00 0.000000e+00
1.992000e+00 0.000000e+00 -5.144635e+03 -6.714840e+03 0.000000e+00 0.000000e+00 0.000000e+00 -4.651565e+01 -2.682596e+01 1.740739e+03 -2.820567e+01 0.000000e+00 0.000000e+00 0.000000e+00 0.000000e+00 0.000000e+00 0.000000e+00 0.000000e+00 0.000000e+00 0.000000e+00
1.993000e+00 0.000000e+00 -5.145988e+03 -6.716808e+03 0.000000e+00 0.000000e+00 0.000000e+00 -4.676582e+01 -2.708982e+01 1.741807e+03 -2.733978e+01 0.000000e+00 0.000000e+00 0.000000e+00 0.000000e+00 0.000000e+00 0.000000e+00 0.000000e+00 0.000000e+00 0.000000e+00
1.994000e+00 0.000000e+00 -5.147398e+03 -6.718953e+03 0.000000e+00 0.000000e+00 0.000000e+00 -4.702668e+01 -2.736444e+01 1.742876e+03 -2.645302e+01 0.000000e+00 0.000000e+00 0.000000e+00 0.000000e+00 0.000000e+00 0.000000e+00 0.000000e+00 0.000000e+00 0.000000e+00
1.995000e+00 0.000000e+00 -5.148868e+03 -6.721277e+03 0.000000e+00 0.000000e+00 0.000000e+00 -4.729822e+01 -2.764982e+01 1.743946e+03 -2.554537e+01 0.000000e+00 0.000000e+00 0.000000e+00 0.000000e+00 0.000000e+00 0.000000e+00 0.000000e+00 0.000000e+00 0.000000e+00
1.996000e+00 0.000000e+00 -5.150398e+03 -6.723780e+03 0.000000e+00 0.000000e+00 0.000000e+00 -4.758044e+01 -2.794596e+01 1.745017e+03 -2.461683e+01 0.000000e+00 0.000000e+00 0.000000e+00 0.000000e+00 0.000000e+00 0.000000e+00 0.000000e+00 0.000000e+00 0.000000e+00
1.997000e+00 0.000000e+00 -5.151992e+03 -6.726466e+03 0.000000e+00 0.000000e+00 0.000000e+00 -4.787336e+01 -2.825289e+01 1.746089e+03 -2.366739e+01 0.000000e+00 0.000000e+00 0.000000e+00 0.000000e+00 0.000000e+00 0.000000e+00 0.000000e+00 0.000000e+00 0.000000e+00
1.998000e+00 0.000000e+00 -5.153649e+03 -6.729334e+03 0.000000e+00 0.000000e+00 0.000000e+00 -4.817701e+01 -2.857061e+01 1.747162e+03 -2.269702e+01 0.000000e+00 0.000000e+00 0.000000e+00 0.000000e+00 0.000000e+00 0.000000e+00 0.000000e+00 0.000000e+00 0.000000e+00
1.999000e+00 0.000000e+00 -5.155372e+03 -6.732387e+03 0.000000e+00 0.000000e+00 0.000000e+00 -4.849139e+01 -2.889914e+01 1.748237e+03 -2.170571e+01 0.000000e+00 0.000000e+00 0.000000e+00 0.000000e+00 0.000000e+00 0.000000e+00 0.000000e+00 0.000000e+00 0.000000e+00
2.000000e+00 0.000000e+00 -5.157162e+03 -6.735626e+03 0.000000e+00 0.000000e+00 0.000000e+00 -4.881652e+01 -2.923850e+01 1.749314e+03 -2.069345e+01 0.000000e+00 0.000000e+00 0.000000e+00 0.000000e+00 0.000000e+00 0.000000e+00 0.000000e+00 0.000000e+00 0.000000e+00
2.001000e+00 0.000000e+00 -5.159020e+03 -6.739052e+03 0.000000e+00 0.000000e+00 0.000000e+00 -4.915242e+01 -2.958868e+01 1.750392e+03 -1.966023e+01 0.000000e+00 0.000000e+00 0.000000e+00 0.000000e+00 0.000000e+00 0.000000e+00 0.000000e+00 0.000000e+00 0.000000e+00
2.002000e+00 0.000000e+00 -5.160949e+03 -6.742666e+03 0.000000e+00 0.000000e+00 0.000000e+00 -4.949907e+01 -2.994970e+01 1.751472e+03 -1.860606e+01 0.000000e+00 0.000000e+00 0.000000e+00 0.000000e+00 0.000000e+00 0.000000e+00 0.000000e+00 0.000000e+00 0.000000e+00
2.003000e+00 0.000000e+00 -5.162948e+03 -6.746469e+03 0.000000e+00 0.000000e+00 0.000000e+00 -4.985649e+01 -3.032154e+01 1.752554e+03 -1.753095e+01 0.000000e+00 0.000000e+00 0.000000e+00 0.000000e+00 0.000000e+00 0.000000e+00 0.000000e+00 0.000000e+00 0.000000e+00
2.004000e+00 0.000000e+00 -5.165021e+03 -6.750462e+03 0.000000e+00 0.000000e+00 0.000000e+00 -5.022468e+01 -3.070421e+01 1.753639e+03 -1.643491e+01 0.000000e+00 0.000000e+00 0.000000e+00 0.000000e+00 0.000000e+00 0.000000e+00 0.000000e+00 0.000000e+00 0.000000e+00
2.005000e+00 0.000000e+00 -5.167168e+03 -6.754645e+03 0.000000e+00 0.000000e+00 0.000000e+00 -5.060361e+01 -3.109769e+01 1.754725e+03 -1.531796e+01 0.000000e+00 0.000000e+00 0.000000e+00 0.000000e+00 0.000000e+00 0.000000e+00 0.000000e+00 0.000000e+00 0.000000e+00
2.006000e+00 0.000000e+00 -5.169391e+03 -6.759020e+03 0.000000e+00 0.000000e+00 0.000000e+00 -5.099328e+01 -3.150197e+01 1.755814e+03 -1.418013e+01 0.000000e+00 0.000000e+00 0.000000e+00 0.000000e+00 0.000000e+00 0.000000e+00 0.000000e+00 0.000000e+00 0.000000e+00
2.007000e+00 0.000000e+00 -5.171691e+03 -6.763587e+03 0.000000e+00 0.000000e+00 0.000000e+00 -5.139367e+01 -3.191703e+01 1.756905e+03 -1.302145e+01 0.000000e+00 0.000000e+00 0.000000e+00 0.000000e+00 0.000000e+00 0.000000e+00 0.000000e+00 0.000000e+00 0.000000e+00
2.008000e+00 0.000000e+00 -5.174069e+03 -6.768347e+03 0.000000e+00 0.000000e+00 0.000000e+00 -5.180476e+01 -3.234285e+01 1.757998e+03 -1.184196e+01 0.000000e+00 0.000000e+00 0.000000e+00 0.000000e+00 0.000000e+00 0.000000e+00 0.000000e+00 0.000000e+00 0.000000e+00
2.009000e+00 0.000000e+00 -5.176527e+03 -6.773299e+03 0.000000e+00 0.000000e+00 0.000000e+00 -5.222652e+01 -3.277939e+01 1.759095e+03 -1.064170e+01 0.000000e+00 0.000000e+00 0.000000e+00 0.000000e+00 0.000000e+00 0.000000e+00 0.000000e+00 0.000000e+00 0.000000e+00
2.010000e+00 0.000000e+00 -5.179066e+03 -6.778444e+03 0.000000e+00 0.000000e+00 0.000000e+00 -5.265893e+01 -3.322664e+01 1.760194e+03 -9.420726e+00 0.000000e+00 0.000000e+00 0.000000e+00 0.000000e+00 0.000000e+00 0.000000e+00 0.000000e+00 0.000000e+00 0.000000e+00
2.011000e+00 0.000000e+00 -5.181688e+03 -6.783783e+03 0.000000e+00 0.000000e+00 0.000000e+00 -5.310195e+01 -3.368456e+01 1.761296e+03 -8.179084e+00 0.000000e+00 0.000000e+00 0.000000e+00 0.000000e+00 0.000000e+00 0.000000e+00 0.000000e+00 0.000000e+00 0.000000e+00
2.012000e+00 0.000000e+00 -5.184392e+03 -6.789315e+03 0.000000e+00 0.000000e+00 0.000000e+00 -5.355555e+01 -3.415310e+01 1.762401e+03 -6.916838e+00 0.000000e+00 0.000000e+00 0.000000e+00 0.000000e+00 0.000000e+00 0.000000e+00 0.000000e+00 0.000000e+00 0.000000e+00
2.013000e+00 0.000000e+00 -5.187181e+03 -6.795040e+03 0.000000e+00 0.000000e+00 0.000000e+00 -5.401968e+01 -3.463223e+01 1.763509e+03 -5.634054e+00 0.000000e+00 0.000000e+00 0.000000e+00 0.000000e+00 0.000000e+00 0.000000e+00 0.000000e+00 0.000000e+00 0.000000e+00
2.014000e+00 0.000000e+00 -5.190057e+03 -6.800958e+03 0.000000e+00 0.000000e+00 0.000000e+00 -5.449430e+01 -3.512190e+01 1.764621e+03 -4.330805e+00 0.000000e+00 0.000000e+00 0.000000e+00 0.000000e+00 0.000000e+00 0.000000e+00 0.000000e+00 0.000000e+00 0.000000e+00
2.015000e+00 0.000000e+00 -5.193019e+03 -6.807069e+03 0.000000e+00 0.000000e+00 0.000000e+00 -5.497935e+01 -3.562206e+01 1.765735e+03 -3.007168e+00 0.000000e+00 0.000000e+00 0.000000e+00 0.000000e+00 0.000000e+00 0.000000e+00 0.000000e+00 0.000000e+00 0.000000e+00
2.016000e+00 0.000000e+00 -5.196069e+03 -6.813373e+03 0.000000e+00 0.000000e+00 0.000000e+00 -5.547479e+01 -3.613265e+01 1.766854e+03 -1.663226e+00 0.000000e+00 0.000000e+00 0.000000e+00 0.000000e+00 0.000000e+00 0.000000e+00 0.000000e+00 0.000000e+00 0.000000e+00
2.017000e+00 0.000000e+00 -5.199208e+03 -6.819869e+03 0.000000e+00 0.000000e+00 0.000000e+00 -5.598056e+01 -3.665362e+01 1.767976e+03 -2.990651e-01 0.000000e+00 0.000000e+00 0.000000e+00 0.000000e+00 0.000000e+00 0.000000e+00 0.000000e+00 0.000000e+00 0.000000e+00
2.018000e+00 0.000000e+00 -5.202438e+03 -6.826556e+03 0.000000e+00 0.000000e+00 0.000000e+00 -5.649661e+01 -3.718494e+01 1.769101e+03 1.085243e+00 0.000000e+00 0.000000e+00 0.000000e+00 0.000000e+00 0.000000e+00 0.000000e+00 0.000000e+00 0.000000e+00 0.000000e+00
2.019000e+00 0.000000e+00 -5.205759e+03 -6.833434e+03 0.000000e+00 0.000000e+00 0.000000e+00 -5.702293e+01 -3.772656e+01 1.770231e+03 2.489629e+00 0.000000e+00 0.000000e+00 0.000000e+00 0.000000e+00 0.000000e+00 0.000000e+00 0.000000e+00 0.000000e+00 0.000000e+00
2.020000e+00 0.000000e+00 -5.209172e+03 -6.840503e+03 0.000000e+00 0.000000e+00 0.000000e+00 -5.755945e+01 -3.827844e+01 1.771364e+03 3.914013e+00 0.000000e+00 0.000000e+00 0.000000e+00 0.000000e+00 0.000000e+00 0.000000e+00 0.000000e+00 0.000000e+00 0.000000e+00
2.021000e+00 0.000000e+00 -5.212679e+03 -6.847762e+03 0.000000e+00 0.000000e+00 0.000000e+00 -5.810614e+01 -3.884052e+01 1.772502e+03 5.358308e+00 0.000000e+00 0.000000e+00 0.000000e+00 0.000000e+00 0.000000e+00 0.000000e+00 0.000000e+00 0.000000e+00 0.000000e+00
2.022000e+00 0.000000e+00 -5.216279e+03 -6.855210e+03 0.000000e+00 0.000000e+00 0.000000e+00 -5.866294e+01 -3.941276e+01 1.773644e+03 6.822424e+00 0.000000e+00 0.000000e+00 0.000000e+00 0.000000e+00 0.000000e+00 0.000000e+00 0.000000e+00 0.000000e+00 0.000000e+00
2.023000e+00 0.000000e+00 -5.219976e+03 -6.862846e+03 0.000000e+00 0.000000e+00 0.000000e+00 -5.922980e+01 -3.999511e+01 1.774790e+03 8.306265e+00 0.000000e+00 0.000000e+00 0.000000e+00 0.000000e+00 0.000000e+00 0.000000e+00 0.000000e+00 0.000000e+00 0.000000e+00
2.024000e+00 0.000000e+00 -5.223768e+03 -6.870668e+03 0.000000e+00 0.000000e+00 0.000000e+00 -5.980666e+01 -4.058749e+01 1.775940e+03 9.809727e+00 0.000000e+00 0.000000e+00 0.000000e+00 0.000000e+00 0.000000e+00 0.000000e+00 0.000000e+00 0.000000e+00 0.000000e+00
2.025000e+00 0.000000e+00 -5.227657e+03 -6.878677e+03 0.000000e+00 0.000000e+00 0.000000e+00 -6.039345e+01 -4.118985e+01 1.777094e+03 1.133270e+01 0.000000e+00 0.000000e+00 0.000000e+00 0.000000e+00 0.000000e+00 0.000000e+00 0.000000e+00 0.000000e+00 0.000000e+00
2.026000e+00 0.000000e+00 -5.231643e+03 -6.886870e+03 0.000000e+00 0.000000e+00 0.000000e+00 -6.099010e+01 -4.180211e+01 1.778254e+03 1.287508e+01 0.000000e+00 0.000000e+00 0.000000e+00 0.000000e+00 0.000000e+00 0.000000e+00 0.000000e+00 0.000000e+00 0.000000e+00
2.027000e+00 0.000000e+00 -5.235728e+03 -6.895246e+03 0.000000e+00 0.000000e+00 0.000000e+00 -6.159656e+01 -4.242422e+01 1.779418e+03 1.443675e+01 0.000000e+00 0.000000e+00 0.000000e+00 0.000000e+00 0.000000e+00 0.000000e+00 0.000000e+00 0.000000e+00 0.000000e+00
2.028000e+00 0.000000e+00 -5.239913e+03 -6.903805e+03 0.000000e+00 0.000000e+00 0.000000e+00 -6.221273e+01 -4.305609e+01 1.780586e+03 1.601757e+01 0.000000e+00 0.000000e+00 0.000000e+00 0.000000e+00 0.000000e+00 0.000000e+00 0.000000e+00 0.000000e+00 0.000000e+00
2.029000e+00 0.000000e+00 -5.244197e+03 -6.912543e+03 0.000000e+00 0.000000e+00 0.000000e+00 -6.283855e+01 -4.369764e+01 1.781759e+03 1.761742e+01 0.000000e+00 0.000000e+00 0.000000e+00 0.000000e+00 0.000000e+00 0.000000e+00 0.000000e+00 0.000000e+00 0.000000e+00
2.030000e+00 0.000000e+00 -5.248581e+03 -6.921460e+03 0.000000e+00 0.000000e+00 0.000000e+00 -6.347394e+01 -4.434879e+01 1.782938e+03 1.923617e+01 0.000000e+00 0.000000e+00 0.000000e+00 0.000000e+00 0.000000e+00 0.000000e+00 0.000000e+00 0.000000e+00 0.000000e+00
2.031000e+00 0.000000e+00 -5.253066e+03 -6.930553e+03 0.000000e+00 0.000000e+00 0.000000e+00 -6.411880e+01 -4.500947e+01 1.784121e+03 2.087368e+01 0.000000e+00 0.000000e+00 0.000000e+00 0.000000e+00 0.000000e+00 0.000000e+00 0.000000e+00 0.000000e+00 0.000000e+00
2.032000e+00 0.000000e+00 -5.257653e+03 -6.939821e+03 0.000000e+00 0.000000e+00 0.000000e+00 -6.477306e+01 -4.567957e+01 1.785309e+03 2.252980e+01 0.000000e+00 0.000000e+00 0.000000e+00 0.000000e+00 0.000000e+00 0.000000e+00 0.000000e+00 0.000000e+00 0.000000e+00
2.033000e+00 0.000000e+00 -5.262342e+03 -6.949262e+03 0.000000e+00 0.000000e+00 0.000000e+00 -6.543661e+01 -4.635901e+01 1.786502e+03 2.420438e+01 0.000000e+00 0.000000e+00 0.000000e+00 0.000000e+00 0.000000e+00 0.000000e+00 0.000000e+00 0.000000e+00 0.000000e+00
2.034000e+00 0.000000e+00 -5.267133e+03 -6.958874e+03 0.000000e+00 0.000000e+00 0.000000e+00 -6.610936e+01 -4.704770e+01 1.787701e+03 2.589727e+01 0.000000e+00 0.000000e+00 0.000000e+00 0.000000e+00 0.000000e+00 0.000000e+00 0.000000e+00 0.000000e+00 0.000000e+00
2.035000e+00 0.000000e+00 -5.272026e+03 -6.968654e+03 0.000000e+00 0.000000e+00 0.000000e+00 -6.679122e+01 -4.774553e+01 1.788905e+03 2.760831e+01 0.000000e+00 0.000000e+00 0.000000e+00 0.000000e+00 0.000000e+00 0.000000e+00 0.000000e+00 0.000000e+00 0.000000e+00
2.036000e+00 0.000000e+00 -5.277023e+03 -6.978601e+03 0.000000e+00 0.000000e+00 0.000000e+00 -6.748209e+01 -4.845240e+01 1.790114e+03 2.933734e+01 0.000000e+00 0.000000e+00 0.000000e+00 0.000000e+00 0.000000e+00 0.000000e+00 0.000000e+00 0.000000e+00 0.000000e+00
2.037000e+00 0.000000e+00 -5.282123e+03 -6.988711e+03 0.000000e+00 0.000000e+00 0.000000e+00 -6.818185e+01 -4.916822e+01 1.791328e+03 3.108419e+01 0.000000e+00 0.000000e+00 0.000000e+00 0.000000e+00 0.000000e+00 0.000000e+00 0.000000e+00 0.000000e+00 0.000000e+00
2.038000e+00 0.000000e+00 -5.287326e+03 -6.998983e+03 0.000000e+00 0.000000e+00 0.000000e+00 -6.889044e+01 -4.989289e+01 1.792548e+03 3.284872e+01 0.000000e+00 0.000000e+00 0.000000e+00 0.000000e+00 0.000000e+00 0.000000e+00 0.000000e+00 0.000000e+00 0.000000e+00
2.039000e+00 0.000000e+00 -5.292634e+03 -7.009415e+03 0.000000e+00 0.000000e+00 0.000000e+00 -6.960775e+01 -5.062634e+01 1.793773e+03 3.463076e+01 0.000000e+00 0.000000e+00 0.000000e+00 0.000000e+00 0.000000e+00 0.000000e+00 0.000000e+00 0.000000e+00 0.000000e+00
2.040000e+00 0.000000e+00 -5.298045e+03 -7.020002e+03 0.000000e+00 0.000000e+00 0.000000e+00 -7.033370e+01 -5.136847e+01 1.795004e+03 3.643015e+01 0.000000e+00 0.000000e+00 0.000000e+00 0.000000e+00 0.000000e+00 0.000000e+00 0.000000e+00 0.000000e+00 0.000000e+00
2.041000e+00 0.000000e+00 -5.303560e+03 -7.030744e+03 0.000000e+00 0.000000e+00 0.000000e+00 -7.106819e+01 -5.211917e+01 1.796241e+03 3.824673e+01 0.000000e+00 0.000000e+00 0.000000e+00 0.000000e+00 0.000000e+00 0.000000e+00 0.000000e+00 0.000000e+00 0.000000e+00
2.042000e+00 0.000000e+00 -5.309179e+03 -7.041637e+03 0.000000e+00 0.000000e+00 0.000000e+00 -7.181113e+01 -5.287836e+01 1.797483e+03 4.008032e+01 0.000000e+00 0.000000e+00 0.000000e+00 0.000000e+00 0.000000e+00 0.000000e+00 0.000000e+00 0.000000e+00 0.000000e+00
2.043000e+00 0.000000e+00 -5.314902e+03 -7.052679e+03 0.000000e+00 0.000000e+00 0.000000e+00 -7.256240e+01 -5.364592e+01 1.798730e+03 4.193076e+01 0.000000e+00 0.000000e+00 0.000000e+00 0.000000e+00 0.000000e+00 0.000000e+00 0.000000e+00 0.000000e+00 0.000000e+00
2.044000e+00 0.000000e+00 -5.320730e+03 -7.063866e+03 0.000000e+00 0.000000e+00 0.000000e+00 -7.332191e+01 -5.442176e+01 1.799983e+03 4.379785e+01 0.000000e+00 0.000000e+00 0.000000e+00 0.000000e+00 0.000000e+00 0.000000e+00 0.000000e+00 0.000000e+00 0.000000e+00
2.045000e+00 0.000000e+00 -5.326661e+03 -7.075195e+03 0.000000e+00 0.000000e+00 0.000000e+00 -7.408955e+01 -5.520577e+01 1.801242e+03 4.568141e+01 0.000000e+00 0.000000e+00 0.000000e+00 0.000000e+00 0.000000e+00 0.000000e+00 0.000000e+00 0.000000e+00 0.000000e+00
2.046000e+00 0.000000e+00 -5.332696e+03 -7.086664e+03 0.000000e+00 0.000000e+00 0.000000e+00 -7.486520e+01 -5.599782e+01 1.802507e+03 4.758125e+01 0.000000e+00 0.000000e+00 0.000000e+00 0.000000e+00 0.000000e+00 0.000000e+00 0.000000e+00 0.000000e+00 0.000000e+00
2.047000e+00 0.000000e+00 -5.338835e+03 -7.098270e+03 0.000000e+00 0.000000e+00 0.000000e+00 -7.564875e+01 -5.679782e+01 1.803777e+03 4.949718e+01 0.000000e+00 0.000000e+00 0.000000e+00 0.000000e+00 0.000000e+00 0.000000e+00 0.000000e+00 0.000000e+00 0.000000e+00
2.048000e+00 0.000000e+00 -5.345076e+03 -7.110008e+03 0.000000e+00 0.000000e+00 0.000000e+00 -7.644008e+01 -5.760565e+01 1.805053e+03 5.142900e+01 0.000000e+00 0.000000e+00 0.000000e+00 0.000000e+00 0.000000e+00 0.000000e+00 0.000000e+00 0.000000e+00 0.000000e+00
2.049000e+00 0.000000e+00 -5.351421e+03 -7.121876e+03 0.000000e+00 0.000000e+00 0.000000e+00 -7.723908e+01 -5.842117e+01 1.806334e+03 5.337650e+01 0.000000e+00 0.000000e+00 0.000000e+00 0.000000e+00 0.000000e+00 0.000000e+00 0.000000e+00 0.000000e+00 0.000000e+00
2.050000e+00 0.000000e+00 -5.357868e+03 -7.133871e+03 0.000000e+00 0.000000e+00 0.000000e+00 -7.804562e+01 -5.924429e+01 1.807622e+03 5.533947e+01 0.000000e+00 0.000000e+00 0.000000e+00 0.000000e+00 0.000000e+00 0.000000e+00 0.000000e+00 0.000000e+00 0.000000e+00
2.051000e+00 0.000000e+00 -5.364417e+03 -7.145988e+03 0.000000e+00 0.000000e+00 0.000000e+00 -7.885958e+01 -6.007486e+01 1.808914e+03 5.731771e+01 0.000000e+00 0.000000e+00 0.000000e+00 0.000000e+00 0.000000e+00 0.000000e+00 0.000000e+00 0.000000e+00 0.000000e+00
2.052000e+00 0.000000e+00 -5.371067e+03 -7.158224e+03 0.000000e+00 0.000000e+00 0.000000e+00 -7.968083e+01 -6.091277e+01 1.810213e+03 5.931100e+01 0.000000e+00 0.000000e+00 0.000000e+00 0.000000e+00 0.000000e+00 0.000000e+00 0.000000e+00 0.000000e+00 0.000000e+00
2.053000e+00 0.000000e+00 -5.377819e+03 -7.170576e+03 0.000000e+00 0.000000e+00 0.000000e+00 -8.050925e+01 -6.175788e+01 1.811517e+03 6.131911e+01 0.000000e+00 0.000000e+00 0.000000e+00 0.000000e+00 0.000000e+00 0.000000e+00 0.000000e+00 0.000000e+00 0.000000e+00
2.054000e+00 0.000000e+00 -5.384670e+03 -7.183040e+03 0.000000e+00 0.000000e+00 0.000000e+00 -8.134469e+01 -6.261007e+01 1.812827e+03 6.334183e+01 0.000000e+00 0.000000e+00 0.000000e+00 0.000000e+00 0.000000e+00 0.000000e+00 0.000000e+00 0.000000e+00 0.000000e+00
2.055000e+00 0.000000e+00 -5.391621e+03 -7.195612e+03 0.000000e+00 0.000000e+00 0.000000e+00 -8.218703e+01 -6.346920e+01 1.814142e+03 6.537893e+01 0.000000e+00 0.000000e+00 0.000000e+00 0.000000e+00 0.000000e+00 0.000000e+00 0.000000e+00 0.000000e+00 0.000000e+00
2.056000e+00 0.000000e+00 -5.398671e+03 -7.208288e+03 0.000000e+00 0.000000e+00 0.000000e+00 -8.303613e+01 -6.433514e+01 1.815463e+03 6.743017e+01 0.000000e+00 0.000000e+00 0.000000e+00 0.000000e+00 0.000000e+00 0.000000e+00 0.000000e+00 0.000000e+00 0.000000e+00
2.057000e+00 0.000000e+00 -5.405819e+03 -7.221065e+03 0.000000e+00 0.000000e+00 0.000000e+00 -8.389187e+01 -6.520776e+01 1.816789e+03 6.949534e+01 0.000000e+00 0.000000e+00 0.000000e+00 0.000000e+00 0.000000e+00 0.000000e+00 0.000000e+00 0.000000e+00 0.000000e+00
2.058000e+00 0.000000e+00 -5.413064e+03 -7.233938e+03 0.000000e+00 0.000000e+00 0.000000e+00 -8.475413e+01 -6.608695e+01 1.818121e+03 7.157422e+01 0.000000e+00 0.000000e+00 0.000000e+00 0.000000e+00 0.000000e+00 0.000000e+00 0.000000e+00 0.000000e+00 0.000000e+00
2.059000e+00 0.000000e+00 -5.420405e+03 -7.246903e+03 0.000000e+00 0.000000e+00 0.000000e+00 -8.562278e+01 -6.697257e+01 1.819458e+03 7.366658e+01 0.000000e+00 0.000000e+00 0.000000e+00 0.000000e+00 0.000000e+00 0.000000e+00 0.000000e+00 0.000000e+00 0.000000e+00
2.060000e+00 0.000000e+00 -5.427841e+03 -7.259957e+03 0.000000e+00 0.000000e+00 0.000000e+00 -8.649769e+01 -6.786451e+01 1.820801e+03 7.577219e+01 0.000000e+00 0.000000e+00 0.000000e+00 0.000000e+00 0.000000e+00 0.000000e+00 0.000000e+00 0.000000e+00 0.000000e+00
2.061000e+00 0.000000e+00 -5.435371e+03 -7.273096e+03 0.000000e+00 0.000000e+00 0.000000e+00 -8.737874e+01 -6.876263e+01 1.822148e+03 7.789081e+01 0.000000e+00 0.000000e+00 0.000000e+00 0.000000e+00 0.000000e+00 0.000000e+00 0.000000e+00 0.000000e+00 0.000000e+00
2.062000e+00 0.000000e+00 -5.442995e+03 -7.286314e+03 0.000000e+00 0.000000e+00 0.000000e+00 -8.826578e+01 -6.966680e+01 1.823501e+03 8.002222e+01 0.000000e+00 0.000000e+00 0.000000e+00 0.000000e+00 0.000000e+00 0.000000e+00 0.000000e+00 0.000000e+00 0.000000e+00
2.063000e+00 0.000000e+00 -5.450711e+03 -7.299609e+03 0.000000e+00 0.000000e+00 0.000000e+00 -8.915870e+01 -7.057688e+01 1.824859e+03 8.216616e+01 0.000000e+00 0.000000e+00 0.000000e+00 0.000000e+00 0.000000e+00 0.000000e+00 0.000000e+00 0.000000e+00 0.000000e+00
2.064000e+00 0.000000e+00 -5.458517e+03 -7.312976e+03 0.000000e+00 0.000000e+00 0.000000e+00 -9.005735e+01 -7.149275e+01 1.826222e+03 8.432240e+01 0.000000e+00 0.000000e+00 0.000000e+00 0.000000e+00 0.000000e+00 0.000000e+00 0.000000e+00 0.000000e+00 0.000000e+00
2.065000e+00 0.000000e+00 -5.466413e+03 -7.326410e+03 0.000000e+00 0.000000e+00 0.000000e+00 -9.096159e+01 -7.241426e+01 1.827590e+03 8.649068e+01 0.000000e+00 0.000000e+00 0.000000e+00 0.000000e+00 0.000000e+00 0.000000e+00 0.000000e+00 0.000000e+00 0.000000e+00
2.066000e+00 0.000000e+00 -5.474397e+03 -7.339907e+03 0.000000e+00 0.000000e+00 0.000000e+00 -9.187128e+01 -7.334127e+01 1.828962e+03 8.867076e+01 0.000000e+00 0.000000e+00 0.000000e+00 0.000000e+00 0.000000e+00 0.000000e+00 0.000000e+00 0.000000e+00 0.000000e+00
2.067000e+00 0.000000e+00 -5.482468e+03 -7.353463e+03 0.000000e+00 0.000000e+00 0.000000e+00 -9.278629e+01 -7.427364e+01 1.830339e+03 9.086238e+01 0.000000e+00 0.000000e+00 0.000000e+00 0.000000e+00 0.000000e+00 0.000000e+00 0.000000e+00 0.000000e+00 0.000000e+00
2.068000e+00 0.000000e+00 -5.490625e+03 -7.367074e+03 0.000000e+00 0.000000e+00 0.000000e+00 -9.370646e+01 -7.521124e+01 1.831721e+03 9.306528e+01 0.000000e+00 0.000000e+00 0.000000e+00 0.000000e+00 0.000000e+00 0.000000e+00 0.000000e+00 0.000000e+00 0.000000e+00
2.069000e+00 0.000000e+00 -5.498865e+03 -7.380734e+03 0.000000e+00 0.000000e+00 0.000000e+00 -9.463166e+01 -7.615391e+01 1.833107e+03 9.527920e+01 0.000000e+00 0.000000e+00 0.000000e+00 0.000000e+00 0.000000e+00 0.000000e+00 0.000000e+00 0.000000e+00 0.000000e+00
2.070000e+00 0.000000e+00 -5.507187e+03 -7.394439e+03 0.000000e+00 0.000000e+00 0.000000e+00 -9.556175e+01 -7.710152e+01 1.834497e+03 9.750388e+01 0.000000e+00 0.000000e+00 0.000000e+00 0.000000e+00 0.000000e+00 0.000000e+00 0.000000e+00 0.000000e+00 0.000000e+00
2.071000e+00 0.000000e+00 -5.515590e+03 -7.408185e+03 0.000000e+00 0.000000e+00 0.000000e+00 -9.649656e+01 -7.805392e+01 1.835892e+03 9.973905e+01 0.000000e+00 0.000000e+00 0.000000e+00 0.000000e+00 0.000000e+00 0.000000e+00 0.000000e+00 0.000000e+00 0.000000e+00
2.072000e+00 0.000000e+00 -5.524072e+03 -7.421968e+03 0.000000e+00 0.000000e+00 0.000000e+00 -9.743596e+01 -7.901095e+01 1.837290e+03 1.019844e+02 0.000000e+00 0.000000e+00 0.000000e+00 0.000000e+00 0.000000e+00 0.000000e+00 0.000000e+00 0.000000e+00 0.000000e+00
2.073000e+00 0.000000e+00 -5.532631e+03 -7.435781e+03 0.000000e+00 0.000000e+00 0.000000e+00 -9.837979e+01 -7.997247e+01 1.838693e+03 1.042398e+02 0.000000e+00 0.000000e+00 0.000000e+00 0.000000e+00 0.000000e+00 0.000000e+00 0.000000e+00 0.000000e+00 0.000000e+00
2.074000e+00 0.000000e+00 -5.541265e+03 -7.449621e+03 0.000000e+00 0.000000e+00 0.000000e+00 -9.932790e+01 -8.093833e+01 1.840099e+03 1.065048e+02 0.000000e+00 0.000000e+00 0.000000e+00 0.000000e+00 0.000000e+00 0.000000e+00 0.000000e+00 0.000000e+00 0.000000e+00
2.075000e+00 0.000000e+00 -5.549973e+03 -7.463484e+03 0.000000e+00 0.000000e+00 0.000000e+00 -1.002801e+02 -8.190838e+01 1.841508e+03 1.087792e+02 0.000000e+00 0.000000e+00 0.000000e+00 0.000000e+00 0.000000e+00 0.000000e+00 0.000000e+00 0.000000e+00 0.000000e+00
2.076000e+00 0.000000e+00 -5.558752e+03 -7.477363e+03 0.000000e+00 0.000000e+00 0.000000e+00 -1.012364e+02 -8.288248e+01 1.842921e+03 1.110628e+02 0.000000e+00 0.000000e+00 0.000000e+00 0.000000e+00 0.000000e+00 0.000000e+00 0.000000e+00 0.000000e+00 0.000000e+00
2.077000e+00 0.000000e+00 -5.567601e+03 -7.491256e+03 0.000000e+00 0.000000e+00 0.000000e+00 -1.021964e+02 -8.386048e+01 1.844338e+03 1.133552e+02 0.000000e+00 0.000000e+00 0.000000e+00 0.000000e+00 0.000000e+00 0.000000e+00 0.000000e+00 0.000000e+00 0.000000e+00
2.078000e+00 0.000000e+00 -5.576518e+03 -7.505156e+03 0.000000e+00 0.000000e+00 0.000000e+00 -1.031602e+02 -8.484225e+01 1.845757e+03 1.156561e+02 0.000000e+00 0.000000e+00 0.000000e+00 0.000000e+00 0.000000e+00 0.000000e+00 0.000000e+00 0.000000e+00 0.000000e+00
2.079000e+00 0.000000e+00 -5.585501e+03 -7.519059e+03 0.000000e+00 0.000000e+00 0.000000e+00 -1.041276e+02 -8.582763e+01 1.847179e+03 1.179654e+02 0.000000e+00 0.000000e+00 0.000000e+00 0.000000e+00 0.000000e+00 0.000000e+00 0.000000e+00 0.000000e+00 0.000000e+00
2.080000e+00 0.000000e+00 -5.594546e+03 -7.532961e+03 0.000000e+00 0.000000e+00 0.000000e+00 -1.050983e+02 -8.681648e+01 1.848603e+03 1.202827e+02 0.000000e+00 0.000000e+00 0.000000e+00 0.000000e+00 0.000000e+00 0.000000e+00 0.000000e+00 0.000000e+00 0.000000e+00
2.081000e+00 0.000000e+00 -5.603653e+03 -7.546856e+03 0.000000e+00 0.000000e+00 0.000000e+00 -1.060723e+02 -8.780866e+01 1.850030e+03 1.226078e+02 0.000000e+00 0.000000e+00 0.000000e+00 0.000000e+00 0.000000e+00 0.000000e+00 0.000000e+00 0.000000e+00 0.000000e+00
2.082000e+00 0.000000e+00 -5.612820e+03 -7.560741e+03 0.000000e+00 0.000000e+00 0.000000e+00 -1.070494e+02 -8.880401e+01 1.851459e+03 1.249403e+02 0.000000e+00 0.000000e+00 0.000000e+00 0.000000e+00 0.000000e+00 0.000000e+00 0.000000e+00 0.000000e+00 0.000000e+00
2.083000e+00 0.000000e+00 -5.622043e+03 -7.574609e+03 0.000000e+00 0.000000e+00 0.000000e+00 -1.080295e+02 -8.980239e+01 1.852890e+03 1.272800e+02 0.000000e+00 0.000000e+00 0.000000e+00 0.000000e+00 0.000000e+00 0.000000e+00 0.000000e+00 0.000000e+00 0.000000e+00
2.084000e+00 0.000000e+00 -5.631320e+03 -7.588457e+03 0.000000e+00 0.000000e+00 0.000000e+00 -1.090124e+02 -9.080365e+01 1.854323e+03 1.296266e+02 0.000000e+00 0.000000e+00 0.000000e+00 0.000000e+00 0.000000e+00 0.000000e+00 0.000000e+00 0.000000e+00 0.000000e+00
2.085000e+00 0.000000e+00 -5.640650e+03 -7.602279e+03 0.000000e+00 0.000000e+00 0.000000e+00 -1.099980e+02 -9.180764e+01 1.855758e+03 1.319798e+02 0.000000e+00 0.000000e+00 0.000000e+00 0.000000e+00 0.000000e+00 0.000000e+00 0.000000e+00 0.000000e+00 0.000000e+00
2.086000e+00 0.000000e+00 -5.650029e+03 -7.616070e+03 0.000000e+00 0.000000e+00 0.000000e+00 -1.109861e+02 -9.281420e+01 1.857193e+03 1.343393e+02 0.000000e+00 0.000000e+00 0.000000e+00 0.000000e+00 0.000000e+00 0.000000e+00 0.000000e+00 0.000000e+00 0.000000e+00
2.087000e+00 0.000000e+00 -5.659456e+03 -7.629827e+03 0.000000e+00 0.000000e+00 0.000000e+00 -1.119766e+02 -9.382319e+01 1.858630e+03 1.367047e+02 0.000000e+00 0.000000e+00 0.000000e+00 0.000000e+00 0.000000e+00 0.000000e+00 0.000000e+00 0.000000e+00 0.000000e+00
2.088000e+00 0.000000e+00 -5.668927e+03 -7.643543e+03 0.000000e+00 0.000000e+00 0.000000e+00 -1.129692e+02 -9.483446e+01 1.860067e+03 1.390759e+02 0.000000e+00 0.000000e+00 0.000000e+00 0.000000e+00 0.000000e+00 0.000000e+00 0.000000e+00 0.000000e+00 0.000000e+00
2.089000e+00 0.000000e+00 -5.678440e+03 -7.657214e+03 0.000000e+00 0.000000e+00 0.000000e+00 -1.139639e+02 -9.584784e+01 1.861505e+03 1.414525e+02 0.000000e+00 0.000000e+00 0.000000e+00 0.000000e+00 0.000000e+00 0.000000e+00 0.000000e+00 0.000000e+00 0.000000e+00
2.090000e+00 0.000000e+00 -5.687993e+03 -7.670836e+03 0.000000e+00 0.000000e+00 0.000000e+00 -1.149606e+02 -9.686320e+01 1.862944e+03 1.438342e+02 0.000000e+00 0.000000e+00 0.000000e+00 0.000000e+00 0.000000e+00 0.000000e+00 0.000000e+00 0.000000e+00 0.000000e+00
2.091000e+00 0.000000e+00 -5.697582e+03 -7.684403e+03 0.000000e+00 0.000000e+00 0.000000e+00 -1.159589e+02 -9.788037e+01 1.864382e+03 1.462207e+02 0.000000e+00 0.000000e+00 0.000000e+00 0.000000e+00 0.000000e+00 0.000000e+00 0.000000e+00 0.000000e+00 0.000000e+00
2.092000e+00 0.000000e+00 -5.707206e+03 -7.697911e+03 0.000000e+00 0.000000e+00 0.000000e+00 -1.169589e+02 -9.889920e+01 1.865820e+03 1.486118e+02 0.000000e+00 0.000000e+00 0.000000e+00 0.000000e+00 0.000000e+00 0.000000e+00 0.000000e+00 0.000000e+00 0.000000e+00
2.093000e+00 0.000000e+00 -5.716861e+03 -7.711354e+03 0.000000e+00 0.000000e+00 0.000000e+00 -1.179603e+02 -9.991954e+01 1.867257e+03 1.510070e+02 0.000000e+00 0.000000e+00 0.000000e+00 0.000000e+00 0.000000e+00 0.000000e+00 0.000000e+00 0.000000e+00 0.000000e+00
2.094000e+00 0.000000e+00 -5.726544e+03 -7.724729e+03 0.000000e+00 0.000000e+00 0.000000e+00 -1.189630e+02 -1.009412e+02 1.868694e+03 1.534061e+02 0.000000e+00 0.000000e+00 0.000000e+00 0.000000e+00 0.000000e+00 0.000000e+00 0.000000e+00 0.000000e+00 0.000000e+00
2.095000e+00 0.000000e+00 -5.736254e+03 -7.738030e+03 0.000000e+00 0.000000e+00 0.000000e+00 -1.199669e+02 -1.019641e+02 1.870129e+03 1.558087e+02 0.000000e+00 0.000000e+00 0.000000e+00 0.000000e+00 0.000000e+00 0.000000e+00 0.000000e+00 0.000000e+00 0.000000e+00
2.096000e+00 0.000000e+00 -5.745986e+03 -7.751253e+03 0.000000e+00 0.000000e+00 0.000000e+00 -1.209717e+02 -1.029881e+02 1.871563e+03 1.582147e+02 0.000000e+00 0.000000e+00 0.000000e+00 0.000000e+00 0.000000e+00 0.000000e+00 0.000000e+00 0.000000e+00 0.000000e+00
2.097000e+00 0.000000e+00 -5.755738e+03 -7.764392e+03 0.000000e+00 0.000000e+00 0.000000e+00 -1.219773e+02 -1.040130e+02 1.872996e+03 1.606236e+02 0.000000e+00 0.000000e+00 0.000000e+00 0.000000e+00 0.000000e+00 0.000000e+00 0.000000e+00 0.000000e+00 0.000000e+00
2.098000e+00 0.000000e+00 -5.765507e+03 -7.777444e+03 0.000000e+00 0.000000e+00 0.000000e+00 -1.229837e+02 -1.050386e+02 1.874426e+03 1.630352e+02 0.000000e+00 0.000000e+00 0.000000e+00 0.000000e+00 0.000000e+00 0.000000e+00 0.000000e+00 0.000000e+00 0.000000e+00
2.099000e+00 0.000000e+00 -5.775290e+03 -7.790403e+03 0.000000e+00 0.000000e+00 0.000000e+00 -1.239906e+02 -1.060648e+02 1.875854e+03 1.654492e+02 0.000000e+00 0.000000e+00 0.000000e+00 0.000000e+00 0.000000e+00 0.000000e+00 0.000000e+00 0.000000e+00 0.000000e+00
2.100000e+00 0.000000e+00 -5.785084e+03 -7.803266e+03 0.000000e+00 0.000000e+00 0.000000e+00 -1.249979e+02 -1.070915e+02 1.877279e+03 1.678652e+02 0.000000e+00 0.000000e+00 0.000000e+00 0.000000e+00 0.000000e+00 0.000000e+00 0.000000e+00 0.000000e+00 0.000000e+00
2.101000e+00 0.000000e+00 -5.794886e+03 -7.816026e+03 0.000000e+00 0.000000e+00 0.000000e+00 -1.260054e+02 -1.081185e+02 1.878701e+03 1.702829e+02 0.000000e+00 0.000000e+00 0.000000e+00 0.000000e+00 0.000000e+00 0.000000e+00 0.000000e+00 0.000000e+00 0.000000e+00
2.102000e+00 0.000000e+00 -5.804694e+03 -7.828681e+03 0.000000e+00 0.000000e+00 0.000000e+00 -1.270130e+02 -1.091456e+02 1.880119e+03 1.727021e+02 0.000000e+00 0.000000e+00 0.000000e+00 0.000000e+00 0.000000e+00 0.000000e+00 0.000000e+00 0.000000e+00 0.000000e+00
2.103000e+00 0.000000e+00 -5.814503e+03 -7.841225e+03 0.000000e+00 0.000000e+00 0.000000e+00 -1.280206e+02 -1.101728e+02 1.881534e+03 1.751223e+02 0.000000e+00 0.000000e+00 0.000000e+00 0.000000e+00 0.000000e+00 0.000000e+00 0.000000e+00 0.000000e+00 0.000000e+00
2.104000e+00 0.000000e+00 -5.824310e+03 -7.853653e+03 0.000000e+00 0.000000e+00 0.000000e+00 -1.290280e+02 -1.111998e+02 1.882945e+03 1.775434e+02 0.000000e+00 0.000000e+00 0.000000e+00 0.000000e+00 0.000000e+00 0.000000e+00 0.000000e+00 0.000000e+00 0.000000e+00
2.105000e+00 0.000000e+00 -5.834113e+03 -7.865962e+03 0.000000e+00 0.000000e+00 0.000000e+00 -1.300350e+02 -1.122265e+02 1.884352e+03 1.799649e+02 0.000000e+00 0.000000e+00 0.000000e+00 0.000000e+00 0.000000e+00 0.000000e+00 0.000000e+00 0.000000e+00 0.000000e+00
2.106000e+00 0.000000e+00 -5.843909e+03 -7.878147e+03 0.000000e+00 0.000000e+00 0.000000e+00 -1.310414e+02 -1.132528e+02 1.885754e+03 1.823866e+02 0.000000e+00 0.000000e+00 0.000000e+00 0.000000e+00 0.000000e+00 0.000000e+00 0.000000e+00 0.000000e+00 0.000000e+00
2.107000e+00 0.000000e+00 -5.853694e+03 -7.890204e+03 0.000000e+00 0.000000e+00 0.000000e+00 -1.320473e+02 -1.142785e+02 1.887151e+03 1.848081e+02 0.000000e+00 0.000000e+00 0.000000e+00 0.000000e+00 0.000000e+00 0.000000e+00 0.000000e+00 0.000000e+00 0.000000e+00
2.108000e+00 0.000000e+00 -5.863464e+03 -7.902127e+03 0.000000e+00 0.000000e+00 0.000000e+00 -1.330523e+02 -1.153035e+02 1.888542e+03 1.872291e+02 0.000000e+00 0.000000e+00 0.000000e+00 0.000000e+00 0.000000e+00 0.000000e+00 0.000000e+00 0.000000e+00 0.000000e+00
2.109000e+00 0.000000e+00 -5.873217e+03 -7.913914e+03 0.000000e+00 0.000000e+00 0.000000e+00 -1.340563e+02 -1.163275e+02 1.889927e+03 1.896493e+02 0.000000e+00 0.000000e+00 0.000000e+00 0.000000e+00 0.000000e+00 0.000000e+00 0.000000e+00 0.000000e+00 0.000000e+00
2.110000e+00 0.000000e+00 -5.882950e+03 -7.925559e+03 0.000000e+00 0.000000e+00 0.000000e+00 -1.350593e+02 -1.173505e+02 1.891307e+03 1.920684e+02 0.000000e+00 0.000000e+00 0.000000e+00 0.000000e+00 0.000000e+00 0.000000e+00 0.000000e+00 0.000000e+00 0.000000e+00
2.111000e+00 0.000000e+00 -5.892658e+03 -7.937059e+03 0.000000e+00 0.000000e+00 0.000000e+00 -1.360610e+02 -1.183724e+02 1.892679e+03 1.944860e+02 0.000000e+00 0.000000e+00 0.000000e+00 0.000000e+00 0.000000e+00 0.000000e+00 0.000000e+00 0.000000e+00 0.000000e+00
2.112000e+00 0.000000e+00 -5.902340e+03 -7.948409e+03 0.000000e+00 0.000000e+00 0.000000e+00 -1.370613e+02 -1.193929e+02 1.894045e+03 1.969019e+02 0.000000e+00 0.000000e+00 0.000000e+00 0.000000e+00 0.000000e+00 0.000000e+00 0.000000e+00 0.000000e+00 0.000000e+00
2.113000e+00 0.000000e+00 -5.911990e+03 -7.959605e+03 0.000000e+00 0.000000e+00 0.000000e+00 -1.380601e+02 -1.204119e+02 1.895403e+03 1.993156e+02 0.000000e+00 0.000000e+00 0.000000e+00 0.000000e+00 0.000000e+00 0.000000e+00 0.000000e+00 0.000000e+00 0.000000e+00
2.114000e+00 0.000000e+00 -5.921607e+03 -7.970643e+03 0.000000e+00 0.000000e+00 0.000000e+00 -1.390571e+02 -1.214292e+02 1.896754e+03 2.017270e+02 0.000000e+00 0.000000e+00 0.000000e+00 0.000000e+00 0.000000e+00 0.000000e+00 0.000000e+00 0.000000e+00 0.000000e+00
2.115000e+00 0.000000e+00 -5.931186e+03 -7.981520e+03 0.000000e+00 0.000000e+00 0.000000e+00 -1.400524e+02 -1.224449e+02 1.898097e+03 2.041356e+02 0.000000e+00 0.000000e+00 0.000000e+00 0.000000e+00 0.000000e+00 0.000000e+00 0.000000e+00 0.000000e+00 0.000000e+00
2.116000e+00 0.000000e+00 -5.940725e+03 -7.992231e+03 0.000000e+00 0.000000e+00 0.000000e+00 -1.410456e+02 -1.234586e+02 1.899431e+03 2.065411e+02 0.000000e+00 0.000000e+00 0.000000e+00 0.000000e+00 0.000000e+00 0.000000e+00 0.000000e+00 0.000000e+00 0.000000e+00
2.117000e+00 0.000000e+00 -5.950220e+03 -8.002772e+03 0.000000e+00 0.000000e+00 0.000000e+00 -1.420368e+02 -1.244702e+02 1.900756e+03 2.089433e+02 0.000000e+00 0.000000e+00 0.000000e+00 0.000000e+00 0.000000e+00 0.000000e+00 0.000000e+00 0.000000e+00 0.000000e+00
2.118000e+00 0.000000e+00 -5.959667e+03 -8.013141e+03 0.000000e+00 0.000000e+00 0.000000e+00 -1.430256e+02 -1.254796e+02 1.902072e+03 2.113417e+02 0.000000e+00 0.000000e+00 0.000000e+00 0.000000e+00 0.000000e+00 0.000000e+00 0.000000e+00 0.000000e+00 0.000000e+00
2.119000e+00 0.000000e+00 -5.969064e+03 -8.023332e+03 0.000000e+00 0.000000e+00 0.000000e+00 -1.440121e+02 -1.264867e+02 1.903378e+03 2.137362e+02 0.000000e+00 0.000000e+00 0.000000e+00 0.000000e+00 0.000000e+00 0.000000e+00 0.000000e+00 0.000000e+00 0.000000e+00
2.120000e+00 0.000000e+00 -5.978406e+03 -8.033342e+03 0.000000e+00 0.000000e+00 0.000000e+00 -1.449960e+02 -1.274913e+02 1.904674e+03 2.161262e+02 0.000000e+00 0.000000e+00 0.000000e+00 0.000000e+00 0.000000e+00 0.000000e+00 0.000000e+00 0.000000e+00 0.000000e+00
2.121000e+00 0.000000e+00 -5.987690e+03 -8.043168e+03 0.000000e+00 0.000000e+00 0.000000e+00 -1.459772e+02 -1.284932e+02 1.905960e+03 2.185115e+02 0.000000e+00 0.000000e+00 0.000000e+00 0.000000e+00 0.000000e+00 0.000000e+00 0.000000e+00 0.000000e+00 0.000000e+00
2.122000e+00 0.000000e+00 -5.996914e+03 -8.052806e+03 0.000000e+00 0.000000e+00 0.000000e+00 -1.469555e+02 -1.294924e+02 1.907235e+03 2.208918e+02 0.000000e+00 0.000000e+00 0.000000e+00 0.000000e+00 0.000000e+00 0.000000e+00 0.000000e+00 0.000000e+00 0.000000e+00
2.123000e+00 0.000000e+00 -6.006073e+03 -8.062253e+03 0.000000e+00 0.000000e+00 0.000000e+00 -1.479309e+02 -1.304886e+02 1.908498e+03 2.232668e+02 0.000000e+00 0.000000e+00 0.000000e+00 0.000000e+00 0.000000e+00 0.000000e+00 0.000000e+00 0.000000e+00 0.000000e+00
2.124000e+00 0.000000e+00 -6.015164e+03 -8.071505e+03 0.000000e+00 0.000000e+00 0.000000e+00 -1.489031e+02 -1.314817e+02 1.909750e+03 2.256360e+02 0.000000e+00 0.000000e+00 0.000000e+00 0.000000e+00 0.000000e+00 0.000000e+00 0.000000e+00 0.000000e+00 0.000000e+00
2.125000e+00 0.000000e+00 -6.024184e+03 -8.080558e+03 0.000000e+00 0.000000e+00 0.000000e+00 -1.498721e+02 -1.324716e+02 1.910989e+03 2.279993e+02 0.000000e+00 0.000000e+00 0.000000e+00 0.000000e+00 0.000000e+00 0.000000e+00 0.000000e+00 0.000000e+00 0.000000e+00
2.126000e+00 0.000000e+00 -6.033129e+03 -8.089410e+03 0.000000e+00 0.000000e+00 0.000000e+00 -1.508376e+02 -1.334582e+02 1.912216e+03 2.303562e+02 0.000000e+00 0.000000e+00 0.000000e+00 0.000000e+00 0.000000e+00 0.000000e+00 0.000000e+00 0.000000e+00 0.000000e+00
2.127000e+00 0.000000e+00 -6.041996e+03 -8.098058e+03 0.000000e+00 0.000000e+00 0.000000e+00 -1.517996e+02 -1.344412e+02 1.913430e+03 2.327064e+02 0.000000e+00 0.000000e+00 0.000000e+00 0.000000e+00 0.000000e+00 0.000000e+00 0.000000e+00 0.000000e+00 0.000000e+00
2.128000e+00 0.000000e+00 -6.050781e+03 -8.106498e+03 0.000000e+00 0.000000e+00 0.000000e+00 -1.527579e+02 -1.354206e+02 1.914631e+03 2.350496e+02 0.000000e+00 0.000000e+00 0.000000e+00 0.000000e+00 0.000000e+00 0.000000e+00 0.000000e+00 0.000000e+00 0.000000e+00
2.129000e+00 0.000000e+00 -6.059482e+03 -8.114727e+03 0.000000e+00 0.000000e+00 0.000000e+00 -1.537123e+02 -1.363963e+02 1.915818e+03 2.373855e+02 0.000000e+00 0.000000e+00 0.000000e+00 0.000000e+00 0.000000e+00 0.000000e+00 0.000000e+00 0.000000e+00 0.000000e+00
2.130000e+00 0.000000e+00 -6.068094e+03 -8.122743e+03 0.000000e+00 0.000000e+00 0.000000e+00 -1.546628e+02 -1.373680e+02 1.916990e+03 2.397137e+02 0.000000e+00 0.000000e+00 0.000000e+00 0.000000e+00 0.000000e+00 0.000000e+00 0.000000e+00 0.000000e+00 0.000000e+00
2.131000e+00 0.000000e+00 -6.076615e+03 -8.130542e+03 0.000000e+00 0.000000e+00 0.000000e+00 -1.556092e+02 -1.383356e+02 1.918148e+03 2.420340e+02 0.000000e+00 0.000000e+00 0.000000e+00 0.000000e+00 0.000000e+00 0.000000e+00 0.000000e+00 0.000000e+00 0.000000e+00
2.132000e+00 0.000000e+00 -6.085041e+03 -8.138121e+03 0.000000e+00 0.000000e+00 0.000000e+00 -1.565514e+02 -1.392991e+02 1.919291e+03 2.443459e+02 0.000000e+00 0.000000e+00 0.000000e+00 0.000000e+00 0.000000e+00 0.000000e+00 0.000000e+00 0.000000e+00 0.000000e+00
2.133000e+00 0.000000e+00 -6.093369e+03 -8.145479e+03 0.000000e+00 0.000000e+00 0.000000e+00 -1.574892e+02 -1.402583e+02 1.920418e+03 2.466493e+02 0.000000e+00 0.000000e+00 0.000000e+00 0.000000e+00 0.000000e+00 0.000000e+00 0.000000e+00 0.000000e+00 0.000000e+00
2.134000e+00 0.000000e+00 -6.101596e+03 -8.152612e+03 0.000000e+00 0.000000e+00 0.000000e+00 -1.584225e+02 -1.412130e+02 1.921530e+03 2.489436e+02 0.000000e+00 0.000000e+00 0.000000e+00 0.000000e+00 0.000000e+00 0.000000e+00 0.000000e+00 0.000000e+00 0.000000e+00
2.135000e+00 0.000000e+00 -6.109718e+03 -8.159518e+03 0.000000e+00 0.000000e+00 0.000000e+00 -1.593512e+02 -1.421631e+02 1.922625e+03 2.512287e+02 0.000000e+00 0.000000e+00 0.000000e+00 0.000000e+00 0.000000e+00 0.000000e+00 0.000000e+00 0.000000e+00 0.000000e+00
2.136000e+00 0.000000e+00 -6.117732e+03 -8.166195e+03 0.000000e+00 0.000000e+00 0.000000e+00 -1.602751e+02 -1.431085e+02 1.923703e+03 2.535042e+02 0.000000e+00 0.000000e+00 0.000000e+00 0.000000e+00 0.000000e+00 0.000000e+00 0.000000e+00 0.000000e+00 0.000000e+00
2.137000e+00 0.000000e+00 -6.125635e+03 -8.172639e+03 0.000000e+00 0.000000e+00 0.000000e+00 -1.611941e+02 -1.440490e+02 1.924764e+03 2.557698e+02 0.000000e+00 0.000000e+00 0.000000e+00 0.000000e+00 0.000000e+00 0.000000e+00 0.000000e+00 0.000000e+00 0.000000e+00
2.138000e+00 0.000000e+00 -6.133424e+03 -8.178850e+03 0.000000e+00 0.000000e+00 0.000000e+00 -1.621082e+02 -1.449846e+02 1.925808e+03 2.580251e+02 0.000000e+00 0.000000e+00 0.000000e+00 0.000000e+00 0.000000e+00 0.000000e+00 0.000000e+00 0.000000e+00 0.000000e+00
2.139000e+00 0.000000e+00 -6.141095e+03 -8.184824e+03 0.000000e+00 0.000000e+00 0.000000e+00 -1.630171e+02 -1.459151e+02 1.926833e+03 2.602698e+02 0.000000e+00 0.000000e+00 0.000000e+00 0.000000e+00 0.000000e+00 0.000000e+00 0.000000e+00 0.000000e+00 0.000000e+00
2.140000e+00 0.000000e+00 -6.148645e+03 -8.190560e+03 0.000000e+00 0.000000e+00 0.000000e+00 -1.639207e+02 -1.468404e+02 1.927840e+03 2.625037e+02 0.000000e+00 0.000000e+00 0.000000e+00 0.000000e+00 0.000000e+00 0.000000e+00 0.000000e+00 0.000000e+00 0.000000e+00
2.141000e+00 0.000000e+00 -6.156072e+03 -8.196055e+03 0.000000e+00 0.000000e+00 0.000000e+00 -1.648190e+02 -1.477603e+02 1.928828e+03 2.647264e+02 0.000000e+00 0.000000e+00 0.000000e+00 0.000000e+00 0.000000e+00 0.000000e+00 0.000000e+00 0.000000e+00 0.000000e+00
2.142000e+00 0.000000e+00 -6.163372e+03 -8.201308e+03 0.000000e+00 0.000000e+00 0.000000e+00 -1.657117e+02 -1.486747e+02 1.929797e+03 2.669375e+02 0.000000e+00 0.000000e+00 0.000000e+00 0.000000e+00 0.000000e+00 0.000000e+00 0.000000e+00 0.000000e+00 0.000000e+00
2.143000e+00 0.000000e+00 -6.170542e+03 -8.206317e+03 0.000000e+00 0.000000e+00 0.000000e+00 -1.665988e+02 -1.495835e+02 1.930747e+03 2.691367e+02 0.000000e+00 0.000000e+00 0.000000e+00 0.000000e+00 0.000000e+00 0.000000e+00 0.000000e+00 0.000000e+00 0.000000e+00
2.144000e+00 0.000000e+00 -6.177579e+03 -8.211080e+03 0.000000e+00 0.000000e+00 0.000000e+00 -1.674802e+02 -1.504865e+02 1.931676e+03 2.713238e+02 0.000000e+00 0.000000e+00 0.000000e+00 0.000000e+00 0.000000e+00 0.000000e+00 0.000000e+00 0.000000e+00 0.000000e+00
2.145000e+00 0.000000e+00 -6.184480e+03 -8.215595e+03 0.000000e+00 0.000000e+00 0.000000e+00 -1.683556e+02 -1.513837e+02 1.932585e+03 2.734984e+02 0.000000e+00 0.000000e+00 0.000000e+00 0.000000e+00 0.000000e+00 0.000000e+00 0.000000e+00 0.000000e+00 0.000000e+00
2.146000e+00 0.000000e+00 -6.191242e+03 -8.219860e+03 0.000000e+00 0.000000e+00 0.000000e+00 -1.692249e+02 -1.522748e+02 1.933472e+03 2.756601e+02 0.000000e+00 0.000000e+00 0.000000e+00 0.000000e+00 0.000000e+00 0.000000e+00 0.000000e+00 0.000000e+00 0.000000e+00
2.147000e+00 0.000000e+00 -6.197863e+03 -8.223875e+03 0.000000e+00 0.000000e+00 0.000000e+00 -1.700882e+02 -1.531598e+02 1.934339e+03 2.778086e+02 0.000000e+00 0.000000e+00 0.000000e+00 0.000000e+00 0.000000e+00 0.000000e+00 0.000000e+00 0.000000e+00 0.000000e+00
2.148000e+00 0.000000e+00 -6.204339e+03 -8.227638e+03 0.000000e+00 0.000000e+00 0.000000e+00 -1.709451e+02 -1.540385e+02 1.935184e+03 2.799437e+02 0.000000e+00 0.000000e+00 0.000000e+00 0.000000e+00 0.000000e+00 0.000000e+00 0.000000e+00 0.000000e+00 0.000000e+00
2.149000e+00 0.000000e+00 -6.210667e+03 -8.231148e+03 0.000000e+00 0.000000e+00 0.000000e+00 -1.717956e+02 -1.549108e+02 1.936007e+03 2.820650e+02 0.000000e+00 0.000000e+00 0.000000e+00 0.000000e+00 0.000000e+00 0.000000e+00 0.000000e+00 0.000000e+00 0.000000e+00
2.150000e+00 0.000000e+00 -6.216846e+03 -8.234403e+03 0.000000e+00 0.000000e+00 0.000000e+00 -1.726396e+02 -1.557767e+02 1.936807e+03 2.841722e+02 0.000000e+00 0.000000e+00 0.000000e+00 0.000000e+00 0.000000e+00 0.000000e+00 0.000000e+00 0.000000e+00 0.000000e+00
2.151000e+00 0.000000e+00 -6.222871e+03 -8.237402e+03 0.000000e+00 0.000000e+00 0.000000e+00 -1.734770e+02 -1.566358e+02 1.937585e+03 2.862650e+02 0.000000e+00 0.000000e+00 0.000000e+00 0.000000e+00 0.000000e+00 0.000000e+00 0.000000e+00 0.000000e+00 0.000000e+00
2.152000e+00 0.000000e+00 -6.228741e+03 -8.240144e+03 0.000000e+00 0.000000e+00 0.000000e+00 -1.743076e+02 -1.574883e+02 1.938339e+03 2.883431e+02 0.000000e+00 0.000000e+00 0.000000e+00 0.000000e+00 0.000000e+00 0.000000e+00 0.000000e+00 0.000000e+00 0.000000e+00
2.153000e+00 0.000000e+00 -6.234452e+03 -8.242629e+03 0.000000e+00 0.000000e+00 0.000000e+00 -1.751313e+02 -1.583339e+02 1.939069e+03 2.904061e+02 0.000000e+00 0.000000e+00 0.000000e+00 0.000000e+00 0.000000e+00 0.000000e+00 0.000000e+00 0.000000e+00 0.000000e+00
2.154000e+00 0.000000e+00 -6.240003e+03 -8.244856e+03 0.000000e+00 0.000000e+00 0.000000e+00 -1.759481e+02 -1.591725e+02 1.939776e+03 2.924538e+02 0.000000e+00 0.000000e+00 0.000000e+00 0.000000e+00 0.000000e+00 0.000000e+00 0.000000e+00 0.000000e+00 0.000000e+00
2.155000e+00 0.000000e+00 -6.245390e+03 -8.246824e+03 0.000000e+00 0.000000e+00 0.000000e+00 -1.767578e+02 -1.600040e+02 1.940458e+03 2.944859e+02 0.000000e+00 0.000000e+00 0.000000e+00 0.000000e+00 0.000000e+00 0.000000e+00 0.000000e+00 0.000000e+00 0.000000e+00
2.156000e+00 0.000000e+00 -6.250612e+03 -8.248532e+03 0.000000e+00 0.000000e+00 0.000000e+00 -1.775602e+02 -1.608283e+02 1.941116e+03 2.965021e+02 0.000000e+00 0.000000e+00 0.000000e+00 0.000000e+00 0.000000e+00 0.000000e+00 0.000000e+00 0.000000e+00 0.000000e+00
2.157000e+00 0.000000e+00 -6.255666e+03 -8.249980e+03 0.000000e+00 0.000000e+00 0.000000e+00 -1.783554e+02 -1.616453e+02 1.941749e+03 2.985020e+02 0.000000e+00 0.000000e+00 0.000000e+00 0.000000e+00 0.000000e+00 0.000000e+00 0.000000e+00 0.000000e+00 0.000000e+00
2.158000e+00 0.000000e+00 -6.260549e+03 -8.251168e+03 0.000000e+00 0.000000e+00 0.000000e+00 -1.791432e+02 -1.624549e+02 1.942356e+03 3.004855e+02 0.000000e+00 0.000000e+00 0.000000e+00 0.000000e+00 0.000000e+00 0.000000e+00 0.000000e+00 0.000000e+00 0.000000e+00
2.159000e+00 0.000000e+00 -6.265260e+03 -8.252095e+03 0.000000e+00 0.000000e+00 0.000000e+00 -1.799234e+02 -1.632570e+02 1.942937e+03 3.024521e+02 0.000000e+00 0.000000e+00 0.000000e+00 0.000000e+00 0.000000e+00 0.000000e+00 0.000000e+00 0.000000e+00 0.000000e+00
2.160000e+00 0.000000e+00 -6.269796e+03 -8.252762e+03 0.000000e+00 0.000000e+00 0.000000e+00 -1.806961e+02 -1.640514e+02 1.943492e+03 3.044016e+02 0.000000e+00 0.000000e+00 0.000000e+00 0.000000e+00 0.000000e+00 0.000000e+00 0.000000e+00 0.000000e+00 0.000000e+00
2.161000e+00 0.000000e+00 -6.274155e+03 -8.253168e+03 0.000000e+00 0.000000e+00 0.000000e+00 -1.814610e+02 -1.648382e+02 1.944021e+03 3.063338e+02 0.000000e+00 0.000000e+00 0.000000e+00 0.000000e+00 0.000000e+00 0.000000e+00 0.000000e+00 0.000000e+00 0.000000e+00
2.162000e+00 0.000000e+00 -6.278334e+03 -8.253313e+03 0.000000e+00 0.000000e+00 0.000000e+00 -1.822182e+02 -1.656171e+02 1.944523e+03 3.082483e+02 0.000000e+00 0.000000e+00 0.000000e+00 0.000000e+00 0.000000e+00 0.000000e+00 0.000000e+00 0.000000e+00 0.000000e+00
2.163000e+00 0.000000e+00 -6.282333e+03 -8.253197e+03 0.000000e+00 0.000000e+00 0.000000e+00 -1.829674e+02 -1.663881e+02 1.944998e+03 3.101449e+02 0.000000e+00 0.000000e+00 0.000000e+00 0.000000e+00 0.000000e+00 0.000000e+00 0.000000e+00 0.000000e+00 0.000000e+00
2.164000e+00 0.000000e+00 -6.286148e+03 -8.252821e+03 0.000000e+00 0.000000e+00 0.000000e+00 -1.837087e+02 -1.671510e+02 1.945446e+03 3.120233e+02 0.000000e+00 0.000000e+00 0.000000e+00 0.000000e+00 0.000000e+00 0.000000e+00 0.000000e+00 0.000000e+00 0.000000e+00
2.165000e+00 0.000000e+00 -6.289779e+03 -8.252184e+03 0.000000e+00 0.000000e+00 0.000000e+00 -1.844419e+02 -1.679059e+02 1.945866e+03 3.138832e+02 0.000000e+00 0.000000e+00 0.000000e+00 0.000000e+00 0.000000e+00 0.000000e+00 0.000000e+00 0.000000e+00 0.000000e+00
2.166000e+00 0.000000e+00 -6.293222e+03 -8.251288e+03 0.000000e+00 0.000000e+00 0.000000e+00 -1.851668e+02 -1.686525e+02 1.946257e+03 3.157243e+02 0.000000e+00 0.000000e+00 0.000000e+00 0.000000e+00 0.000000e+00 0.000000e+00 0.000000e+00 0.000000e+00 0.000000e+00
2.167000e+00 0.000000e+00 -6.296477e+03 -8.250133e+03 0.000000e+00 0.000000e+00 0.000000e+00 -1.858835e+02 -1.693908e+02 1.946621e+03 3.175463e+02 0.000000e+00 0.000000e+00 0.000000e+00 0.000000e+00 0.000000e+00 0.000000e+00 0.000000e+00 0.000000e+00 0.000000e+00
2.168000e+00 0.000000e+00 -6.299541e+03 -8.248718e+03 0.000000e+00 0.000000e+00 0.000000e+00 -1.865917e+02 -1.701206e+02 1.946956e+03 3.193491e+02 0.000000e+00 0.000000e+00 0.000000e+00 0.000000e+00 0.000000e+00 0.000000e+00 0.000000e+00 0.000000e+00 0.000000e+00
2.169000e+00 0.000000e+00 -6.302413e+03 -8.247046e+03 0.000000e+00 0.000000e+00 0.000000e+00 -1.872915e+02 -1.708419e+02 1.947262e+03 3.211322e+02 0.000000e+00 0.000000e+00 0.000000e+00 0.000000e+00 0.000000e+00 0.000000e+00 0.000000e+00 0.000000e+00 0.000000e+00
2.170000e+00 0.000000e+00 -6.305092e+03 -8.245116e+03 0.000000e+00 0.000000e+00 0.000000e+00 -1.879827e+02 -1.715546e+02 1.947539e+03 3.228955e+02 0.000000e+00 0.000000e+00 0.000000e+00 0.000000e+00 0.000000e+00 0.000000e+00 0.000000e+00 0.000000e+00 0.000000e+00
2.171000e+00 0.000000e+00 -6.307576e+03 -8.242929e+03 0.000000e+00 0.000000e+00 0.000000e+00 -1.886652e+02 -1.722585e+02 1.947786e+03 3.246387e+02 0.000000e+00 0.000000e+00 0.000000e+00 0.000000e+00 0.000000e+00 0.000000e+00 0.000000e+00 0.000000e+00 0.000000e+00
2.172000e+00 0.000000e+00 -6.309863e+03 -8.240487e+03 0.000000e+00 0.000000e+00 0.000000e+00 -1.893389e+02 -1.729537e+02 1.948004e+03 3.263616e+02 0.000000e+00 0.000000e+00 0.000000e+00 0.000000e+00 0.000000e+00 0.000000e+00 0.000000e+00 0.000000e+00 0.000000e+00
2.173000e+00 0.000000e+00 -6.311952e+03 -8.237791e+03 0.000000e+00 0.000000e+00 0.000000e+00 -1.900038e+02 -1.736399e+02 1.948192e+03 3.280638e+02 0.000000e+00 0.000000e+00 0.000000e+00 0.000000e+00 0.000000e+00 0.000000e+00 0.000000e+00 0.000000e+00 0.000000e+00
2.174000e+00 0.000000e+00 -6.313843e+03 -8.234841e+03 0.000000e+00 0.000000e+00 0.000000e+00 -1.906598e+02 -1.743172e+02 1.948350e+03 3.297452e+02 0.000000e+00 0.000000e+00 0.000000e+00 0.000000e+00 0.000000e+00 0.000000e+00 0.000000e+00 0.000000e+00 0.000000e+00
2.175000e+00 0.000000e+00 -6.315533e+03 -8.231640e+03 0.000000e+00 0.000000e+00 0.000000e+00 -1.913067e+02 -1.749854e+02 1.948477e+03 3.314055e+02 0.000000e+00 0.000000e+00 0.000000e+00 0.000000e+00 0.000000e+00 0.000000e+00 0.000000e+00 0.000000e+00 0.000000e+00
2.176000e+00 0.000000e+00 -6.317021e+03 -8.228188e+03 0.000000e+00 0.000000e+00 0.000000e+00 -1.919446e+02 -1.756445e+02 1.948574e+03 3.330446e+02 0.000000e+00 0.000000e+00 0.000000e+00 0.000000e+00 0.000000e+00 0.000000e+00 0.000000e+00 0.000000e+00 0.000000e+00
2.177000e+00 0.000000e+00 -6.318308e+03 -8.224487e+03 0.000000e+00 0.000000e+00 0.000000e+00 -1.925734e+02 -1.762943e+02 1.948640e+03 3.346621e+02 0.000000e+00 0.000000e+00 0.000000e+00 0.000000e+00 0.000000e+00 0.000000e+00 0.000000e+00 0.000000e+00 0.000000e+00
2.178000e+00 0.000000e+00 -6.319391e+03 -8.220538e+03 0.000000e+00 0.000000e+00 0.000000e+00 -1.931929e+02 -1.769349e+02 1.948676e+03 3.362578e+02 0.000000e+00 0.000000e+00 0.000000e+00 0.000000e+00 0.000000e+00 0.000000e+00 0.000000e+00 0.000000e+00 0.000000e+00
2.179000e+00 0.000000e+00 -6.320270e+03 -8.216344e+03 0.000000e+00 0.000000e+00 0.000000e+00 -1.938031e+02 -1.775661e+02 1.948680e+03 3.378316e+02 0.000000e+00 0.000000e+00 0.000000e+00 0.000000e+00 0.000000e+00 0.000000e+00 0.000000e+00 0.000000e+00 0.000000e+00
2.180000e+00 0.000000e+00 -6.320945e+03 -8.211905e+03 0.000000e+00 0.000000e+00 0.000000e+00 -1.944041e+02 -1.781880e+02 1.948652e+03 3.393833e+02 0.000000e+00 0.000000e+00 0.000000e+00 0.000000e+00 0.000000e+00 0.000000e+00 0.000000e+00 0.000000e+00 0.000000e+00
2.181000e+00 0.000000e+00 -6.321413e+03 -8.207225e+03 0.000000e+00 0.000000e+00 0.000000e+00 -1.949956e+02 -1.788003e+02 1.948594e+03 3.409126e+02 0.000000e+00 0.000000e+00 0.000000e+00 0.000000e+00 0.000000e+00 0.000000e+00 0.000000e+00 0.000000e+00 0.000000e+00
2.182000e+00 0.000000e+00 -6.321676e+03 -8.202305e+03 0.000000e+00 0.000000e+00 0.000000e+00 -1.955776e+02 -1.794032e+02 1.948503e+03 3.424193e+02 0.000000e+00 0.000000e+00 0.000000e+00 0.000000e+00 0.000000e+00 0.000000e+00 0.000000e+00 0.000000e+00 0.000000e+00
2.183000e+00 0.000000e+00 -6.321733e+03 -8.197147e+03 0.000000e+00 0.000000e+00 0.000000e+00 -1.961502e+02 -1.799964e+02 1.948381e+03 3.439034e+02 0.000000e+00 0.000000e+00 0.000000e+00 0.000000e+00 0.000000e+00 0.000000e+00 0.000000e+00 0.000000e+00 0.000000e+00
2.184000e+00 0.000000e+00 -6.321582e+03 -8.191753e+03 0.000000e+00 0.000000e+00 0.000000e+00 -1.967132e+02 -1.805800e+02 1.948227e+03 3.453645e+02 0.000000e+00 0.000000e+00 0.000000e+00 0.000000e+00 0.000000e+00 0.000000e+00 0.000000e+00 0.000000e+00 0.000000e+00
2.185000e+00 0.000000e+00 -6.321224e+03 -8.186125e+03 0.000000e+00 0.000000e+00 0.000000e+00 -1.972667e+02 -1.811539e+02 1.948040e+03 3.468026e+02 0.000000e+00 0.000000e+00 0.000000e+00 0.000000e+00 0.000000e+00 0.000000e+00 0.000000e+00 0.000000e+00 0.000000e+00
2.186000e+00 0.000000e+00 -6.320658e+03 -8.180267e+03 0.000000e+00 0.000000e+00 0.000000e+00 -1.978104e+02 -1.817181e+02 1.947822e+03 3.482174e+02 0.000000e+00 0.000000e+00 0.000000e+00 0.000000e+00 0.000000e+00 0.000000e+00 0.000000e+00 0.000000e+00 0.000000e+00
2.187000e+00 0.000000e+00 -6.319885e+03 -8.174179e+03 0.000000e+00 0.000000e+00 0.000000e+00 -1.983445e+02 -1.822725e+02 1.947571e+03 3.496088e+02 0.000000e+00 0.000000e+00 0.000000e+00 0.000000e+00 0.000000e+00 0.000000e+00 0.000000e+00 0.000000e+00 0.000000e+00
2.188000e+00 0.000000e+00 -6.318904e+03 -8.167866e+03 0.000000e+00 0.000000e+00 0.000000e+00 -1.988689e+02 -1.828170e+02 1.947288e+03 3.509766e+02 0.000000e+00 0.000000e+00 0.000000e+00 0.000000e+00 0.000000e+00 0.000000e+00 0.000000e+00 0.000000e+00 0.000000e+00
2.189000e+00 0.000000e+00 -6.317715e+03 -8.161329e+03 0.000000e+00 0.000000e+00 0.000000e+00 -1.993834e+02 -1.833516e+02 1.946973e+03 3.523207e+02 0.000000e+00 0.000000e+00 0.000000e+00 0.000000e+00 0.000000e+00 0.000000e+00 0.000000e+00 0.000000e+00 0.000000e+00
2.190000e+00 0.000000e+00 -6.316318e+03 -8.154570e+03 0.000000e+00 0.000000e+00 0.000000e+00 -1.998881e+02 -1.838763e+02 1.946625e+03 3.536409e+02 0.000000e+00 0.000000e+00 0.000000e+00 0.000000e+00 0.000000e+00 0.000000e+00 0.000000e+00 0.000000e+00 0.000000e+00
2.191000e+00 0.000000e+00 -6.314714e+03 -8.147593e+03 0.000000e+00 0.000000e+00 0.000000e+00 -2.003829e+02 -1.843910e+02 1.946244e+03 3.549370e+02 0.000000e+00 0.000000e+00 0.000000e+00 0.000000e+00 0.000000e+00 0.000000e+00 0.000000e+00 0.000000e+00 0.000000e+00
2.192000e+00 0.000000e+00 -6.312902e+03 -8.140401e+03 0.000000e+00 0.000000e+00 0.000000e+00 -2.008678e+02 -1.848957e+02 1.945831e+03 3.562090e+02 0.000000e+00 0.000000e+00 0.000000e+00 0.000000e+00 0.000000e+00 0.000000e+00 0.000000e+00 0.000000e+00 0.000000e+00
2.193000e+00 0.000000e+00 -6.310883e+03 -8.132996e+03 0.000000e+00 0.000000e+00 0.000000e+00 -2.013428e+02 -1.853903e+02 1.945385e+03 3.574568e+02 0.000000e+00 0.000000e+00 0.000000e+00 0.000000e+00 0.000000e+00 0.000000e+00 0.000000e+00 0.000000e+00 0.000000e+00
2.194000e+00 0.000000e+00 -6.308658e+03 -8.125381e+03 0.000000e+00 0.000000e+00 0.000000e+00 -2.018077e+02 -1.858747e+02 1.944907e+03 3.586801e+02 0.000000e+00 0.000000e+00 0.000000e+00 0.000000e+00 0.000000e+00 0.000000e+00 0.000000e+00 0.000000e+00 0.000000e+00
2.195000e+00 0.000000e+00 -6.306226e+03 -8.117559e+03 0.000000e+00 0.000000e+00 0.000000e+00 -2.022627e+02 -1.863491e+02 1.944396e+03 3.598790e+02 0.000000e+00 0.000000e+00 0.000000e+00 0.000000e+00 0.000000e+00 0.000000e+00 0.000000e+00 0.000000e+00 0.000000e+00
2.196000e+00 0.000000e+00 -6.303589e+03 -8.109534e+03 0.000000e+00 0.000000e+00 0.000000e+00 -2.027076e+02 -1.868133e+02 1.943852e+03 3.610532e+02 0.000000e+00 0.000000e+00 0.000000e+00 0.000000e+00 0.000000e+00 0.000000e+00 0.000000e+00 0.000000e+00 0.000000e+00
2.197000e+00 0.000000e+00 -6.300747e+03 -8.101309e+03 0.000000e+00 0.000000e+00 0.000000e+00 -2.031425e+02 -1.872674e+02 1.943275e+03 3.622028e+02 0.000000e+00 0.000000e+00 0.000000e+00 0.000000e+00 0.000000e+00 0.000000e+00 0.000000e+00 0.000000e+00 0.000000e+00
2.198000e+00 0.000000e+00 -6.297702e+03 -8.092888e+03 0.000000e+00 0.000000e+00 0.000000e+00 -2.035673e+02 -1.877112e+02 1.942666e+03 3.633276e+02 0.000000e+00 0.000000e+00 0.000000e+00 0.000000e+00 0.000000e+00 0.000000e+00 0.000000e+00 0.000000e+00 0.000000e+00
2.199000e+00 0.000000e+00 -6.294453e+03 -8.084272e+03 0.000000e+00 0.000000e+00 0.000000e+00 -2.039821e+02 -1.881449e+02 1.942025e+03 3.644276e+02 0.000000e+00 0.000000e+00 0.000000e+00 0.000000e+00 0.000000e+00 0.000000e+00 0.000000e+00 0.000000e+00 0.000000e+00
2.200000e+00 0.000000e+00 -6.291002e+03 -8.075467e+03 0.000000e+00 0.000000e+00 0.000000e+00 -2.043868e+02 -1.885684e+02 1.941351e+03 3.655027e+02 0.000000e+00 0.000000e+00 0.000000e+00 0.000000e+00 0.000000e+00 0.000000e+00 0.000000e+00 0.000000e+00 0.000000e+00
2.201000e+00 0.000000e+00 -6.287351e+03 -8.066476e+03 0.000000e+00 0.000000e+00 0.000000e+00 -2.047815e+02 -1.889816e+02 1.940644e+03 3.665529e+02 0.000000e+00 0.000000e+00 0.000000e+00 0.000000e+00 0.000000e+00 0.000000e+00 0.000000e+00 0.000000e+00 0.000000e+00
2.202000e+00 0.000000e+00 -6.283499e+03 -8.057301e+03 0.000000e+00 0.000000e+00 0.000000e+00 -2.051661e+02 -1.893847e+02 1.939906e+03 3.675782e+02 0.000000e+00 0.000000e+00 0.000000e+00 0.000000e+00 0.000000e+00 0.000000e+00 0.000000e+00 0.000000e+00 0.000000e+00
2.203000e+00 0.000000e+00 -6.279449e+03 -8.047948e+03 0.000000e+00 0.000000e+00 0.000000e+00 -2.055407e+02 -1.897776e+02 1.939134e+03 3.685784e+02 0.000000e+00 0.000000e+00 0.000000e+00 0.000000e+00 0.000000e+00 0.000000e+00 0.000000e+00 0.000000e+00 0.000000e+00
2.204000e+00 0.000000e+00 -6.275202e+03 -8.038420e+03 0.000000e+00 0.000000e+00 0.000000e+00 -2.059053e+02 -1.901603e+02 1.938331e+03 3.695537e+02 0.000000e+00 0.000000e+00 0.000000e+00 0.000000e+00 0.000000e+00 0.000000e+00 0.000000e+00 0.000000e+00 0.000000e+00
2.205000e+00 0.000000e+00 -6.270759e+03 -8.028721e+03 0.000000e+00 0.000000e+00 0.000000e+00 -2.062598e+02 -1.905329e+02 1.937496e+03 3.705040e+02 0.000000e+00 0.000000e+00 0.000000e+00 0.000000e+00 0.000000e+00 0.000000e+00 0.000000e+00 0.000000e+00 0.000000e+00
2.206000e+00 0.000000e+00 -6.266122e+03 -8.018854e+03 0.000000e+00 0.000000e+00 0.000000e+00 -2.066044e+02 -1.908953e+02 1.936629e+03 3.714293e+02 0.000000e+00 0.000000e+00 0.000000e+00 0.000000e+00 0.000000e+00 0.000000e+00 0.000000e+00 0.000000e+00 0.000000e+00
2.207000e+00 0.000000e+00 -6.261292e+03 -8.008824e+03 0.000000e+00 0.000000e+00 0.000000e+00 -2.069391e+02 -1.912476e+02 1.935730e+03 3.723296e+02 0.000000e+00 0.000000e+00 0.000000e+00 0.000000e+00 0.000000e+00 0.000000e+00 0.000000e+00 0.000000e+00 0.000000e+00
2.208000e+00 0.000000e+00 -6.256271e+03 -7.998635e+03 0.000000e+00 0.000000e+00 0.000000e+00 -2.072638e+02 -1.915898e+02 1.934799e+03 3.732049e+02 0.000000e+00 0.000000e+00 0.000000e+00 0.000000e+00 0.000000e+00 0.000000e+00 0.000000e+00 0.000000e+00 0.000000e+00
2.209000e+00 0.000000e+00 -6.251061e+03 -7.988291e+03 0.000000e+00 0.000000e+00 0.000000e+00 -2.075786e+02 -1.919220e+02 1.933837e+03 3.740554e+02 0.000000e+00 0.000000e+00 0.000000e+00 0.000000e+00 0.000000e+00 0.000000e+00 0.000000e+00 0.000000e+00 0.000000e+00
2.210000e+00 0.000000e+00 -6.245663e+03 -7.977796e+03 0.000000e+00 0.000000e+00 0.000000e+00 -2.078836e+02 -1.922442e+02 1.932844e+03 3.748809e+02 0.000000e+00 0.000000e+00 0.000000e+00 0.000000e+00 0.000000e+00 0.000000e+00 0.000000e+00 0.000000e+00 0.000000e+00
2.211000e+00 0.000000e+00 -6.240080e+03 -7.967155e+03 0.000000e+00 0.000000e+00 0.000000e+00 -2.081788e+02 -1.925563e+02 1.931820e+03 3.756817e+02 0.000000e+00 0.000000e+00 0.000000e+00 0.000000e+00 0.000000e+00 0.000000e+00 0.000000e+00 0.000000e+00 0.000000e+00
2.212000e+00 0.000000e+00 -6.234314e+03 -7.956371e+03 0.000000e+00 0.000000e+00 0.000000e+00 -2.084642e+02 -1.928585e+02 1.930765e+03 3.764576e+02 0.000000e+00 0.000000e+00 0.000000e+00 0.000000e+00 0.000000e+00 0.000000e+00 0.000000e+00 0.000000e+00 0.000000e+00
2.213000e+00 0.000000e+00 -6.228366e+03 -7.945448e+03 0.000000e+00 0.000000e+00 0.000000e+00 -2.087398e+02 -1.931508e+02 1.929679e+03 3.772089e+02 0.000000e+00 0.000000e+00 0.000000e+00 0.000000e+00 0.000000e+00 0.000000e+00 0.000000e+00 0.000000e+00 0.000000e+00
2.214000e+00 0.000000e+00 -6.222239e+03 -7.934392e+03 0.000000e+00 0.000000e+00 0.000000e+00 -2.090058e+02 -1.934332e+02 1.928563e+03 3.779355e+02 0.000000e+00 0.000000e+00 0.000000e+00 0.000000e+00 0.000000e+00 0.000000e+00 0.000000e+00 0.000000e+00 0.000000e+00
2.215000e+00 0.000000e+00 -6.215935e+03 -7.923206e+03 0.000000e+00 0.000000e+00 0.000000e+00 -2.092621e+02 -1.937057e+02 1.927416e+03 3.786376e+02 0.000000e+00 0.000000e+00 0.000000e+00 0.000000e+00 0.000000e+00 0.000000e+00 0.000000e+00 0.000000e+00 0.000000e+00
2.216000e+00 0.000000e+00 -6.209456e+03 -7.911896e+03 0.000000e+00 0.000000e+00 0.000000e+00 -2.095088e+02 -1.939685e+02 1.926240e+03 3.793152e+02 0.000000e+00 0.000000e+00 0.000000e+00 0.000000e+00 0.000000e+00 0.000000e+00 0.000000e+00 0.000000e+00 0.000000e+00
2.217000e+00 0.000000e+00 -6.202806e+03 -7.900465e+03 0.000000e+00 0.000000e+00 0.000000e+00 -2.097460e+02 -1.942216e+02 1.925035e+03 3.799686e+02 0.000000e+00 0.000000e+00 0.000000e+00 0.000000e+00 0.000000e+00 0.000000e+00 0.000000e+00 0.000000e+00 0.000000e+00
2.218000e+00 0.000000e+00 -6.195985e+03 -7.888918e+03 0.000000e+00 0.000000e+00 0.000000e+00 -2.099737e+02 -1.944650e+02 1.923800e+03 3.805978e+02 0.000000e+00 0.000000e+00 0.000000e+00 0.000000e+00 0.000000e+00 0.000000e+00 0.000000e+00 0.000000e+00 0.000000e+00
2.219000e+00 0.000000e+00 -6.188998e+03 -7.877260e+03 0.000000e+00 0.000000e+00 0.000000e+00 -2.101921e+02 -1.946988e+02 1.922536e+03 3.812030e+02 0.000000e+00 0.000000e+00 0.000000e+00 0.000000e+00 0.000000e+00 0.000000e+00 0.000000e+00 0.000000e+00 0.000000e+00
2.220000e+00 0.000000e+00 -6.181846e+03 -7.865496e+03 0.000000e+00 0.000000e+00 0.000000e+00 -2.104012e+02 -1.949232e+02 1.921243e+03 3.817842e+02 0.000000e+00 0.000000e+00 0.000000e+00 0.000000e+00 0.000000e+00 0.000000e+00 0.000000e+00 0.000000e+00 0.000000e+00
2.221000e+00 0.000000e+00 -6.174533e+03 -7.853630e+03 0.000000e+00 0.000000e+00 0.000000e+00 -2.106010e+02 -1.951381e+02 1.919922e+03 3.823418e+02 0.000000e+00 0.000000e+00 0.000000e+00 0.000000e+00 0.000000e+00 0.000000e+00 0.000000e+00 0.000000e+00 0.000000e+00
2.222000e+00 0.000000e+00 -6.167060e+03 -7.841667e+03 0.000000e+00 0.000000e+00 0.000000e+00 -2.107918e+02 -1.953437e+02 1.918573e+03 3.828759e+02 0.000000e+00 0.000000e+00 0.000000e+00 0.000000e+00 0.000000e+00 0.000000e+00 0.000000e+00 0.000000e+00 0.000000e+00
2.223000e+00 0.000000e+00 -6.159432e+03 -7.829611e+03 0.000000e+00 0.000000e+00 0.000000e+00 -2.109735e+02 -1.955401e+02 1.917196e+03 3.833867e+02 0.000000e+00 0.000000e+00 0.000000e+00 0.000000e+00 0.000000e+00 0.000000e+00 0.000000e+00 0.000000e+00 0.000000e+00
2.224000e+00 0.000000e+00 -6.151651e+03 -7.817469e+03 0.000000e+00 0.000000e+00 0.000000e+00 -2.111463e+02 -1.957273e+02 1.915792e+03 3.838743e+02 0.000000e+00 0.000000e+00 0.000000e+00 0.000000e+00 0.000000e+00 0.000000e+00 0.000000e+00 0.000000e+00 0.000000e+00
2.225000e+00 0.000000e+00 -6.143720e+03 -7.805244e+03 0.000000e+00 0.000000e+00 0.000000e+00 -2.113102e+02 -1.959055e+02 1.914361e+03 3.843390e+02 0.000000e+00 0.000000e+00 0.000000e+00 0.000000e+00 0.000000e+00 0.000000e+00 0.000000e+00 0.000000e+00 0.000000e+00
2.226000e+00 0.000000e+00 -6.135642e+03 -7.792941e+03 0.000000e+00 0.000000e+00 0.000000e+00 -2.114655e+02 -1.960748e+02 1.912903e+03 3.847811e+02 0.000000e+00 0.000000e+00 0.000000e+00 0.000000e+00 0.000000e+00 0.000000e+00 0.000000e+00 0.000000e+00 0.000000e+00
2.227000e+00 0.000000e+00 -6.127420e+03 -7.780567e+03 0.000000e+00 0.000000e+00 0.000000e+00 -2.116121e+02 -1.962352e+02 1.911419e+03 3.852008e+02 0.000000e+00 0.000000e+00 0.000000e+00 0.000000e+00 0.000000e+00 0.000000e+00 0.000000e+00 0.000000e+00 0.000000e+00
2.228000e+00 0.000000e+00 -6.119058e+03 -7.768124e+03 0.000000e+00 0.000000e+00 0.000000e+00 -2.117503e+02 -1.963870e+02 1.909910e+03 3.855983e+02 0.000000e+00 0.000000e+00 0.000000e+00 0.000000e+00 0.000000e+00 0.000000e+00 0.000000e+00 0.000000e+00 0.000000e+00
2.229000e+00 0.000000e+00 -6.110558e+03 -7.755619e+03 0.000000e+00 0.000000e+00 0.000000e+00 -2.118802e+02 -1.965302e+02 1.908375e+03 3.859740e+02 0.000000e+00 0.000000e+00 0.000000e+00 0.000000e+00 0.000000e+00 0.000000e+00 0.000000e+00 0.000000e+00 0.000000e+00
2.230000e+00 0.000000e+00 -6.101925e+03 -7.743057e+03 0.000000e+00 0.000000e+00 0.000000e+00 -2.120018e+02 -1.966649e+02 1.906815e+03 3.863280e+02 0.000000e+00 0.000000e+00 0.000000e+00 0.000000e+00 0.000000e+00 0.000000e+00 0.000000e+00 0.000000e+00 0.000000e+00
2.231000e+00 0.000000e+00 -6.093161e+03 -7.730442e+03 0.000000e+00 0.000000e+00 0.000000e+00 -2.121154e+02 -1.967914e+02 1.905230e+03 3.866607e+02 0.000000e+00 0.000000e+00 0.000000e+00 0.000000e+00 0.000000e+00 0.000000e+00 0.000000e+00 0.000000e+00 0.000000e+00
2.232000e+00 0.000000e+00 -6.084271e+03 -7.717781e+03 0.000000e+00 0.000000e+00 0.000000e+00 -2.122211e+02 -1.969097e+02 1.903622e+03 3.869725e+02 0.000000e+00 0.000000e+00 0.000000e+00 0.000000e+00 0.000000e+00 0.000000e+00 0.000000e+00 0.000000e+00 0.000000e+00
2.233000e+00 0.000000e+00 -6.075257e+03 -7.705076e+03 0.000000e+00 0.000000e+00 0.000000e+00 -2.123189e+02 -1.970200e+02 1.901990e+03 3.872635e+02 0.000000e+00 0.000000e+00 0.000000e+00 0.000000e+00 0.000000e+00 0.000000e+00 0.000000e+00 0.000000e+00 0.000000e+00
2.234000e+00 0.000000e+00 -6.066124e+03 -7.692335e+03 0.000000e+00 0.000000e+00 0.000000e+00 -2.124091e+02 -1.971223e+02 1.900335e+03 3.875342e+02 0.000000e+00 0.000000e+00 0.000000e+00 0.000000e+00 0.000000e+00 0.000000e+00 0.000000e+00 0.000000e+00 0.000000e+00
2.235000e+00 0.000000e+00 -6.056874e+03 -7.679562e+03 0.000000e+00 0.000000e+00 0.000000e+00 -2.124918e+02 -1.972169e+02 1.898657e+03 3.877849e+02 0.000000e+00 0.000000e+00 0.000000e+00 0.000000e+00 0.000000e+00 0.000000e+00 0.000000e+00 0.000000e+00 0.000000e+00
2.236000e+00 0.000000e+00 -6.047512e+03 -7.666761e+03 0.000000e+00 0.000000e+00 0.000000e+00 -2.125671e+02 -1.973039e+02 1.896957e+03 3.880159e+02 0.000000e+00 0.000000e+00 0.000000e+00 0.000000e+00 0.000000e+00 0.000000e+00 0.000000e+00 0.000000e+00 0.000000e+00
2.237000e+00 0.000000e+00 -6.038041e+03 -7.653939e+03 0.000000e+00 0.000000e+00 0.000000e+00 -2.126353e+02 -1.973835e+02 1.895236e+03 3.882275e+02 0.000000e+00 0.000000e+00 0.000000e+00 0.000000e+00 0.000000e+00 0.000000e+00 0.000000e+00 0.000000e+00 0.000000e+00
2.238000e+00 0.000000e+00 -6.028466e+03 -7.641099e+03 0.000000e+00 0.000000e+00 0.000000e+00 -2.126963e+02 -1.974557e+02 1.893493e+03 3.884203e+02 0.000000e+00 0.000000e+00 0.000000e+00 0.000000e+00 0.000000e+00 0.000000e+00 0.000000e+00 0.000000e+00 0.000000e+00
2.239000e+00 0.000000e+00 -6.018789e+03 -7.628248e+03 0.000000e+00 0.000000e+00 0.000000e+00 -2.127505e+02 -1.975209e+02 1.891730e+03 3.885944e+02 0.000000e+00 0.000000e+00 0.000000e+00 0.000000e+00 0.000000e+00 0.000000e+00 0.000000e+00 0.000000e+00 0.000000e+00
2.240000e+00 0.000000e+00 -6.009016e+03 -7.615391e+03 0.000000e+00 0.000000e+00 0.000000e+00 -2.127980e+02 -1.975790e+02 1.889947e+03 3.887504e+02 0.000000e+00 0.000000e+00 0.000000e+00 0.000000e+00 0.000000e+00 0.000000e+00 0.000000e+00 0.000000e+00 0.000000e+00
2.241000e+00 0.000000e+00 -5.999149e+03 -7.602531e+03 0.000000e+00 0.000000e+00 0.000000e+00 -2.128390e+02 -1.976304e+02 1.888144e+03 3.888887e+02 0.000000e+00 0.000000e+00 0.000000e+00 0.000000e+00 0.000000e+00 0.000000e+00 0.000000e+00 0.000000e+00 0.000000e+00
2.242000e+00 0.000000e+00 -5.989194e+03 -7.589676e+03 0.000000e+00 0.000000e+00 0.000000e+00 -2.128736e+02 -1.976753e+02 1.886322e+03 3.890096e+02 0.000000e+00 0.000000e+00 0.000000e+00 0.000000e+00 0.000000e+00 0.000000e+00 0.000000e+00 0.000000e+00 0.000000e+00
2.243000e+00 0.000000e+00 -5.979153e+03 -7.576829e+03 0.000000e+00 0.000000e+00 0.000000e+00 -2.129021e+02 -1.977137e+02 1.884482e+03 3.891136e+02 0.000000e+00 0.000000e+00 0.000000e+00 0.000000e+00 0.000000e+00 0.000000e+00 0.000000e+00 0.000000e+00 0.000000e+00
2.244000e+00 0.000000e+00 -5.969031e+03 -7.563996e+03 0.000000e+00 0.000000e+00 0.000000e+00 -2.129246e+02 -1.977458e+02 1.882624e+03 3.892013e+02 0.000000e+00 0.000000e+00 0.000000e+00 0.000000e+00 0.000000e+00 0.000000e+00 0.000000e+00 0.000000e+00 0.000000e+00
2.245000e+00 0.000000e+00 -5.958833e+03 -7.551182e+03 0.000000e+00 0.000000e+00 0.000000e+00 -2.129414e+02 -1.977720e+02 1.880749e+03 3.892729e+02 0.000000e+00 0.000000e+00 0.000000e+00 0.000000e+00 0.000000e+00 0.000000e+00 0.000000e+00 0.000000e+00 0.000000e+00
2.246000e+00 0.000000e+00 -5.948562e+03 -7.538392e+03 0.000000e+00 0.000000e+00 0.000000e+00 -2.129526e+02 -1.977923e+02 1.878857e+03 3.893290e+02 0.000000e+00 0.000000e+00 0.000000e+00 0.000000e+00 0.000000e+00 0.000000e+00 0.000000e+00 0.000000e+00 0.000000e+00
2.247000e+00 0.000000e+00 -5.938222e+03 -7.525632e+03 0.000000e+00 0.000000e+00 0.000000e+00 -2.129584e+02 -1.978071e+02 1.876948e+03 3.893701e+02 0.000000e+00 0.000000e+00 0.000000e+00 0.000000e+00 0.000000e+00 0.000000e+00 0.000000e+00 0.000000e+00 0.000000e+00
2.248000e+00 0.000000e+00 -5.927818e+03 -7.512905e+03 0.000000e+00 0.000000e+00 0.000000e+00 -2.129591e+02 -1.978164e+02 1.875025e+03 3.893967e+02 0.000000e+00 0.000000e+00 0.000000e+00 0.000000e+00 0.000000e+00 0.000000e+00 0.000000e+00 0.000000e+00 0.000000e+00
2.249000e+00 0.000000e+00 -5.917354e+03 -7.500218e+03 0.000000e+00 0.000000e+00 0.000000e+00 -2.129549e+02 -1.978205e+02 1.873086e+03 3.894092e+02 0.000000e+00 0.000000e+00 0.000000e+00 0.000000e+00 0.000000e+00 0.000000e+00 0.000000e+00 0.000000e+00 0.000000e+00
2.250000e+00 0.000000e+00 -5.906835e+03 -7.487576e+03 0.000000e+00 0.000000e+00 0.000000e+00 -2.129460e+02 -1.978197e+02 1.871133e+03 3.894083e+02 0.000000e+00 0.000000e+00 0.000000e+00 0.000000e+00 0.000000e+00 0.000000e+00 0.000000e+00 0.000000e+00 0.000000e+00
2.251000e+00 0.000000e+00 -5.896263e+03 -7.474982e+03 0.000000e+00 0.000000e+00 0.000000e+00 -2.129326e+02 -1.978141e+02 1.869166e+03 3.893944e+02 0.000000e+00 0.000000e+00 0.000000e+00 0.000000e+00 0.000000e+00 0.000000e+00 0.000000e+00 0.000000e+00 0.000000e+00
2.252000e+00 0.000000e+00 -5.885645e+03 -7.462444e+03 0.000000e+00 0.000000e+00 0.000000e+00 -2.129150e+02 -1.978040e+02 1.867186e+03 3.893680e+02 0.000000e+00 0.000000e+00 0.000000e+00 0.000000e+00 0.000000e+00 0.000000e+00 0.000000e+00 0.000000e+00 0.000000e+00
2.253000e+00 0.000000e+00 -5.874984e+03 -7.449964e+03 0.000000e+00 0.000000e+00 0.000000e+00 -2.128934e+02 -1.977896e+02 1.865194e+03 3.893298e+02 0.000000e+00 0.000000e+00 0.000000e+00 0.000000e+00 0.000000e+00 0.000000e+00 0.000000e+00 0.000000e+00 0.000000e+00
2.254000e+00 0.000000e+00 -5.864284e+03 -7.437550e+03 0.000000e+00 0.000000e+00 0.000000e+00 -2.128680e+02 -1.977712e+02 1.863190e+03 3.892802e+02 0.000000e+00 0.000000e+00 0.000000e+00 0.000000e+00 0.000000e+00 0.000000e+00 0.000000e+00 0.000000e+00 0.000000e+00
2.255000e+00 0.000000e+00 -5.853551e+03 -7.425204e+03 0.000000e+00 0.000000e+00 0.000000e+00 -2.128390e+02 -1.977490e+02 1.861174e+03 3.892198e+02 0.000000e+00 0.000000e+00 0.000000e+00 0.000000e+00 0.000000e+00 0.000000e+00 0.000000e+00 0.000000e+00 0.000000e+00
2.256000e+00 0.000000e+00 -5.842787e+03 -7.412933e+03 0.000000e+00 0.000000e+00 0.000000e+00 -2.128068e+02 -1.977232e+02 1.859148e+03 3.891493e+02 0.000000e+00 0.000000e+00 0.000000e+00 0.000000e+00 0.000000e+00 0.000000e+00 0.000000e+00 0.000000e+00 0.000000e+00
2.257000e+00 0.000000e+00 -5.831999e+03 -7.400740e+03 0.000000e+00 0.000000e+00 0.000000e+00 -2.127716e+02 -1.976941e+02 1.857112e+03 3.890691e+02 0.000000e+00 0.000000e+00 0.000000e+00 0.000000e+00 0.000000e+00 0.000000e+00 0.000000e+00 0.000000e+00 0.000000e+00
2.258000e+00 0.000000e+00 -5.821189e+03 -7.388631e+03 0.000000e+00 0.000000e+00 0.000000e+00 -2.127336e+02 -1.976620e+02 1.855067e+03 3.889800e+02 0.000000e+00 0.000000e+00 0.000000e+00 0.000000e+00 0.000000e+00 0.000000e+00 0.000000e+00 0.000000e+00 0.000000e+00
2.259000e+00 0.000000e+00 -5.810363e+03 -7.376611e+03 0.000000e+00 0.000000e+00 0.000000e+00 -2.126930e+02 -1.976269e+02 1.853013e+03 3.888823e+02 0.000000e+00 0.000000e+00 0.000000e+00 0.000000e+00 0.000000e+00 0.000000e+00 0.000000e+00 0.000000e+00 0.000000e+00
2.260000e+00 0.000000e+00 -5.799525e+03 -7.364684e+03 0.000000e+00 0.000000e+00 0.000000e+00 -2.126501e+02 -1.975894e+02 1.850951e+03 3.887769e+02 0.000000e+00 0.000000e+00 0.000000e+00 0.000000e+00 0.000000e+00 0.000000e+00 0.000000e+00 0.000000e+00 0.000000e+00
2.261000e+00 0.000000e+00 -5.788680e+03 -7.352854e+03 0.000000e+00 0.000000e+00 0.000000e+00 -2.126051e+02 -1.975494e+02 1.848881e+03 3.886642e+02 0.000000e+00 0.000000e+00 0.000000e+00 0.000000e+00 0.000000e+00 0.000000e+00 0.000000e+00 0.000000e+00 0.000000e+00
2.262000e+00 0.000000e+00 -5.777831e+03 -7.341127e+03 0.000000e+00 0.000000e+00 0.000000e+00 -2.125584e+02 -1.975075e+02 1.846805e+03 3.885450e+02 0.000000e+00 0.000000e+00 0.000000e+00 0.000000e+00 0.000000e+00 0.000000e+00 0.000000e+00 0.000000e+00 0.000000e+00
2.263000e+00 0.000000e+00 -5.766983e+03 -7.329507e+03 0.000000e+00 0.000000e+00 0.000000e+00 -2.125102e+02 -1.974637e+02 1.844723e+03 3.884197e+02 0.000000e+00 0.000000e+00 0.000000e+00 0.000000e+00 0.000000e+00 0.000000e+00 0.000000e+00 0.000000e+00 0.000000e+00
2.264000e+00 0.000000e+00 -5.756141e+03 -7.317998e+03 0.000000e+00 0.000000e+00 0.000000e+00 -2.124608e+02 -1.974184e+02 1.842635e+03 3.882892e+02 0.000000e+00 0.000000e+00 0.000000e+00 0.000000e+00 0.000000e+00 0.000000e+00 0.000000e+00 0.000000e+00 0.000000e+00
2.265000e+00 0.000000e+00 -5.745309e+03 -7.306605e+03 0.000000e+00 0.000000e+00 0.000000e+00 -2.124103e+02 -1.973719e+02 1.840542e+03 3.881539e+02 0.000000e+00 0.000000e+00 0.000000e+00 0.000000e+00 0.000000e+00 0.000000e+00 0.000000e+00 0.000000e+00 0.000000e+00
2.266000e+00 0.000000e+00 -5.734491e+03 -7.295332e+03 0.000000e+00 0.000000e+00 0.000000e+00 -2.123592e+02 -1.973243e+02 1.838446e+03 3.880147e+02 0.000000e+00 0.000000e+00 0.000000e+00 0.000000e+00 0.000000e+00 0.000000e+00 0.000000e+00 0.000000e+00 0.000000e+00
2.267000e+00 0.000000e+00 -5.723692e+03 -7.284184e+03 0.000000e+00 0.000000e+00 0.000000e+00 -2.123077e+02 -1.972761e+02 1.836346e+03 3.878720e+02 0.000000e+00 0.000000e+00 0.000000e+00 0.000000e+00 0.000000e+00 0.000000e+00 0.000000e+00 0.000000e+00 0.000000e+00
2.268000e+00 0.000000e+00 -5.712916e+03 -7.273165e+03 0.000000e+00 0.000000e+00 0.000000e+00 -2.122560e+02 -1.972274e+02 1.834243e+03 3.877266e+02 0.000000e+00 0.000000e+00 0.000000e+00 0.000000e+00 0.000000e+00 0.000000e+00 0.000000e+00 0.000000e+00 0.000000e+00
2.269000e+00 0.000000e+00 -5.702168e+03 -7.262278e+03 0.000000e+00 0.000000e+00 0.000000e+00 -2.122044e+02 -1.971786e+02 1.832138e+03 3.875792e+02 0.000000e+00 0.000000e+00 0.000000e+00 0.000000e+00 0.000000e+00 0.000000e+00 0.000000e+00 0.000000e+00 0.000000e+00
2.270000e+00 0.000000e+00 -5.691452e+03 -7.251530e+03 0.000000e+00 0.000000e+00 0.000000e+00 -2.121533e+02 -1.971299e+02 1.830031e+03 3.874304e+02 0.000000e+00 0.000000e+00 0.000000e+00 0.000000e+00 0.000000e+00 0.000000e+00 0.000000e+00 0.000000e+00 0.000000e+00
2.271000e+00 0.000000e+00 -5.680772e+03 -7.240922e+03 0.000000e+00 0.000000e+00 0.000000e+00 -2.121028e+02 -1.970816e+02 1.827924e+03 3.872809e+02 0.000000e+00 0.000000e+00 0.000000e+00 0.000000e+00 0.000000e+00 0.000000e+00 0.000000e+00 0.000000e+00 0.000000e+00
2.272000e+00 0.000000e+00 -5.670132e+03 -7.230460e+03 0.000000e+00 0.000000e+00 0.000000e+00 -2.120534e+02 -1.970340e+02 1.825816e+03 3.871314e+02 0.000000e+00 0.000000e+00 0.000000e+00 0.000000e+00 0.000000e+00 0.000000e+00 0.000000e+00 0.000000e+00 0.000000e+00
2.273000e+00 0.000000e+00 -5.659537e+03 -7.220147e+03 0.000000e+00 0.000000e+00 0.000000e+00 -2.120052e+02 -1.969874e+02 1.823709e+03 3.869825e+02 0.000000e+00 0.000000e+00 0.000000e+00 0.000000e+00 0.000000e+00 0.000000e+00 0.000000e+00 0.000000e+00 0.000000e+00
2.274000e+00 0.000000e+00 -5.648991e+03 -7.209988e+03 0.000000e+00 0.000000e+00 0.000000e+00 -2.119587e+02 -1.969421e+02 1.821603e+03 3.868350e+02 0.000000e+00 0.000000e+00 0.000000e+00 0.000000e+00 0.000000e+00 0.000000e+00 0.000000e+00 0.000000e+00 0.000000e+00
2.275000e+00 0.000000e+00 -5.638498e+03 -7.199985e+03 0.000000e+00 0.000000e+00 0.000000e+00 -2.119139e+02 -1.968983e+02 1.819499e+03 3.866896e+02 0.000000e+00 0.000000e+00 0.000000e+00 0.000000e+00 0.000000e+00 0.000000e+00 0.000000e+00 0.000000e+00 0.000000e+00
2.276000e+00 0.000000e+00 -5.628063e+03 -7.190144e+03 0.000000e+00 0.000000e+00 0.000000e+00 -2.118714e+02 -1.968565e+02 1.817397e+03 3.865468e+02 0.000000e+00 0.000000e+00 0.000000e+00 0.000000e+00 0.000000e+00 0.000000e+00 0.000000e+00 0.000000e+00 0.000000e+00
2.277000e+00 0.000000e+00 -5.617689e+03 -7.180467e+03 0.000000e+00 0.000000e+00 0.000000e+00 -2.118313e+02 -1.968167e+02 1.815299e+03 3.864075e+02 0.000000e+00 0.000000e+00 0.000000e+00 0.000000e+00 0.000000e+00 0.000000e+00 0.000000e+00 0.000000e+00 0.000000e+00
2.278000e+00 0.000000e+00 -5.607380e+03 -7.170958e+03 0.000000e+00 0.000000e+00 0.000000e+00 -2.117939e+02 -1.967795e+02 1.813204e+03 3.862724e+02 0.000000e+00 0.000000e+00 0.000000e+00 0.000000e+00 0.000000e+00 0.000000e+00 0.000000e+00 0.000000e+00 0.000000e+00
2.279000e+00 0.000000e+00 -5.597141e+03 -7.161620e+03 0.000000e+00 0.000000e+00 0.000000e+00 -2.117596e+02 -1.967450e+02 1.811113e+03 3.861420e+02 0.000000e+00 0.000000e+00 0.000000e+00 0.000000e+00 0.000000e+00 0.000000e+00 0.000000e+00 0.000000e+00 0.000000e+00
2.280000e+00 0.000000e+00 -5.586976e+03 -7.152458e+03 0.000000e+00 0.000000e+00 0.000000e+00 -2.117286e+02 -1.967135e+02 1.809027e+03 3.860172e+02 0.000000e+00 0.000000e+00 0.000000e+00 0.000000e+00 0.000000e+00 0.000000e+00 0.000000e+00 0.000000e+00 0.000000e+00
2.281000e+00 0.000000e+00 -5.576889e+03 -7.143474e+03 0.000000e+00 0.000000e+00 0.000000e+00 -2.117013e+02 -1.966854e+02 1.806947e+03 3.858987e+02 0.000000e+00 0.000000e+00 0.000000e+00 0.000000e+00 0.000000e+00 0.000000e+00 0.000000e+00 0.000000e+00 0.000000e+00
2.282000e+00 0.000000e+00 -5.566883e+03 -7.134671e+03 0.000000e+00 0.000000e+00 0.000000e+00 -2.116778e+02 -1.966609e+02 1.804873e+03 3.857870e+02 0.000000e+00 0.000000e+00 0.000000e+00 0.000000e+00 0.000000e+00 0.000000e+00 0.000000e+00 0.000000e+00 0.000000e+00
2.283000e+00 0.000000e+00 -5.556962e+03 -7.126054e+03 0.000000e+00 0.000000e+00 0.000000e+00 -2.116586e+02 -1.966403e+02 1.802806e+03 3.856829e+02 0.000000e+00 0.000000e+00 0.000000e+00 0.000000e+00 0.000000e+00 0.000000e+00 0.000000e+00 0.000000e+00 0.000000e+00
2.284000e+00 0.000000e+00 -5.547131e+03 -7.117623e+03 0.000000e+00 0.000000e+00 0.000000e+00 -2.116439e+02 -1.966239e+02 1.800746e+03 3.855872e+02 0.000000e+00 0.000000e+00 0.000000e+00 0.000000e+00 0.000000e+00 0.000000e+00 0.000000e+00 0.000000e+00 0.000000e+00
2.285000e+00 0.000000e+00 -5.537393e+03 -7.109384e+03 0.000000e+00 0.000000e+00 0.000000e+00 -2.116340e+02 -1.966120e+02 1.798694e+03 3.855005e+02 0.000000e+00 0.000000e+00 0.000000e+00 0.000000e+00 0.000000e+00 0.000000e+00 0.000000e+00 0.000000e+00 0.000000e+00
2.286000e+00 0.000000e+00 -5.527752e+03 -7.101338e+03 0.000000e+00 0.000000e+00 0.000000e+00 -2.116292e+02 -1.966050e+02 1.796650e+03 3.854234e+02 0.000000e+00 0.000000e+00 0.000000e+00 0.000000e+00 0.000000e+00 0.000000e+00 0.000000e+00 0.000000e+00 0.000000e+00
2.287000e+00 0.000000e+00 -5.518211e+03 -7.093489e+03 0.000000e+00 0.000000e+00 0.000000e+00 -2.116298e+02 -1.966030e+02 1.794616e+03 3.853568e+02 0.000000e+00 0.000000e+00 0.000000e+00 0.000000e+00 0.000000e+00 0.000000e+00 0.000000e+00 0.000000e+00 0.000000e+00
2.288000e+00 0.000000e+00 -5.508774e+03 -7.085839e+03 0.000000e+00 0.000000e+00 0.000000e+00 -2.116361e+02 -1.966065e+02 1.792592e+03 3.853012e+02 0.000000e+00 0.000000e+00 0.000000e+00 0.000000e+00 0.000000e+00 0.000000e+00 0.000000e+00 0.000000e+00 0.000000e+00
2.289000e+00 0.000000e+00 -5.499445e+03 -7.078391e+03 0.000000e+00 0.000000e+00 0.000000e+00 -2.116484e+02 -1.966157e+02 1.790578e+03 3.852575e+02 0.000000e+00 0.000000e+00 0.000000e+00 0.000000e+00 0.000000e+00 0.000000e+00 0.000000e+00 0.000000e+00 0.000000e+00
2.290000e+00 0.000000e+00 -5.490227e+03 -7.071148e+03 0.000000e+00 0.000000e+00 0.000000e+00 -2.116670e+02 -1.966308e+02 1.788575e+03 3.852262e+02 0.000000e+00 0.000000e+00 0.000000e+00 0.000000e+00 0.000000e+00 0.000000e+00 0.000000e+00 0.000000e+00 0.000000e+00
2.291000e+00 0.000000e+00 -5.481124e+03 -7.064111e+03 0.000000e+00 0.000000e+00 0.000000e+00 -2.116922e+02 -1.966522e+02 1.786583e+03 3.852081e+02 0.000000e+00 0.000000e+00 0.000000e+00 0.000000e+00 0.000000e+00 0.000000e+00 0.000000e+00 0.000000e+00 0.000000e+00
2.292000e+00 0.000000e+00 -5.472138e+03 -7.057283e+03 0.000000e+00 0.000000e+00 0.000000e+00 -2.117242e+02 -1.966803e+02 1.784603e+03 3.852038e+02 0.000000e+00 0.000000e+00 0.000000e+00 0.000000e+00 0.000000e+00 0.000000e+00 0.000000e+00 0.000000e+00 0.000000e+00
2.293000e+00 0.000000e+00 -5.463274e+03 -7.050667e+03 0.000000e+00 0.000000e+00 0.000000e+00 -2.117634e+02 -1.967151e+02 1.782636e+03 3.852139e+02 0.000000e+00 0.000000e+00 0.000000e+00 0.000000e+00 0.000000e+00 0.000000e+00 0.000000e+00 0.000000e+00 0.000000e+00
2.294000e+00 0.000000e+00 -5.454534e+03 -7.044265e+03 0.000000e+00 0.000000e+00 0.000000e+00 -2.118100e+02 -1.967572e+02 1.780682e+03 3.852393e+02 0.000000e+00 0.000000e+00 0.000000e+00 0.000000e+00 0.000000e+00 0.000000e+00 0.000000e+00 0.000000e+00 0.000000e+00
2.295000e+00 0.000000e+00 -5.445921e+03 -7.038078e+03 0.000000e+00 0.000000e+00 0.000000e+00 -2.118644e+02 -1.968066e+02 1.778741e+03 3.852805e+02 0.000000e+00 0.000000e+00 0.000000e+00 0.000000e+00 0.000000e+00 0.000000e+00 0.000000e+00 0.000000e+00 0.000000e+00
2.296000e+00 0.000000e+00 -5.437440e+03 -7.032109e+03 0.000000e+00 0.000000e+00 0.000000e+00 -2.119268e+02 -1.968638e+02 1.776814e+03 3.853381e+02 0.000000e+00 0.000000e+00 0.000000e+00 0.000000e+00 0.000000e+00 0.000000e+00 0.000000e+00 0.000000e+00 0.000000e+00
2.297000e+00 0.000000e+00 -5.429092e+03 -7.026359e+03 0.000000e+00 0.000000e+00 0.000000e+00 -2.119974e+02 -1.969289e+02 1.774902e+03 3.854129e+02 0.000000e+00 0.000000e+00 0.000000e+00 0.000000e+00 0.000000e+00 0.000000e+00 0.000000e+00 0.000000e+00 0.000000e+00
2.298000e+00 0.000000e+00 -5.420880e+03 -7.020830e+03 0.000000e+00 0.000000e+00 0.000000e+00 -2.120766e+02 -1.970024e+02 1.773006e+03 3.855054e+02 0.000000e+00 0.000000e+00 0.000000e+00 0.000000e+00 0.000000e+00 0.000000e+00 0.000000e+00 0.000000e+00 0.000000e+00
2.299000e+00 0.000000e+00 -5.412808e+03 -7.015524e+03 0.000000e+00 0.000000e+00 0.000000e+00 -2.121647e+02 -1.970844e+02 1.771124e+03 3.856163e+02 0.000000e+00 0.000000e+00 0.000000e+00 0.000000e+00 0.000000e+00 0.000000e+00 0.000000e+00 0.000000e+00 0.000000e+00
2.300000e+00 0.000000e+00 -5.404879e+03 -7.010442e+03 0.000000e+00 0.000000e+00 0.000000e+00 -2.122618e+02 -1.971751e+02 1.769259e+03 3.857463e+02 0.000000e+00 0.000000e+00 0.000000e+00 0.000000e+00 0.000000e+00 0.000000e+00 0.000000e+00 0.000000e+00 0.000000e+00
2.301000e+00 0.000000e+00 -5.397094e+03 -7.005586e+03 0.000000e+00 0.000000e+00 0.000000e+00 -2.123683e+02 -1.972750e+02 1.767410e+03 3.858958e+02 0.000000e+00 0.000000e+00 0.000000e+00 0.000000e+00 0.000000e+00 0.000000e+00 0.000000e+00 0.000000e+00 0.000000e+00
2.302000e+00 0.000000e+00 -5.389456e+03 -7.000957e+03 0.000000e+00 0.000000e+00 0.000000e+00 -2.124845e+02 -1.973842e+02 1.765578e+03 3.860656e+02 0.000000e+00 0.000000e+00 0.000000e+00 0.000000e+00 0.000000e+00 0.000000e+00 0.000000e+00 0.000000e+00 0.000000e+00
2.303000e+00 0.000000e+00 -5.381969e+03 -6.996556e+03 0.000000e+00 0.000000e+00 0.000000e+00 -2.126105e+02 -1.975029e+02 1.763763e+03 3.862562e+02 0.000000e+00 0.000000e+00 0.000000e+00 0.000000e+00 0.000000e+00 0.000000e+00 0.000000e+00 0.000000e+00 0.000000e+00
2.304000e+00 0.000000e+00 -5.374635e+03 -6.992385e+03 0.000000e+00 0.000000e+00 0.000000e+00 -2.127466e+02 -1.976316e+02 1.761966e+03 3.864681e+02 0.000000e+00 0.000000e+00 0.000000e+00 0.000000e+00 0.000000e+00 0.000000e+00 0.000000e+00 0.000000e+00 0.000000e+00
2.305000e+00 0.000000e+00 -5.367455e+03 -6.988443e+03 0.000000e+00 0.000000e+00 0.000000e+00 -2.128932e+02 -1.977703e+02 1.760188e+03 3.867021e+02 0.000000e+00 0.000000e+00 0.000000e+00 0.000000e+00 0.000000e+00 0.000000e+00 0.000000e+00 0.000000e+00 0.000000e+00
2.306000e+00 0.000000e+00 -5.360432e+03 -6.984733e+03 0.000000e+00 0.000000e+00 0.000000e+00 -2.130503e+02 -1.979193e+02 1.758428e+03 3.869586e+02 0.000000e+00 0.000000e+00 0.000000e+00 0.000000e+00 0.000000e+00 0.000000e+00 0.000000e+00 0.000000e+00 0.000000e+00
2.307000e+00 0.000000e+00 -5.353569e+03 -6.981254e+03 0.000000e+00 0.000000e+00 0.000000e+00 -2.132183e+02 -1.980789e+02 1.756686e+03 3.872382e+02 0.000000e+00 0.000000e+00 0.000000e+00 0.000000e+00 0.000000e+00 0.000000e+00 0.000000e+00 0.000000e+00 0.000000e+00
2.308000e+00 0.000000e+00 -5.346867e+03 -6.978007e+03 0.000000e+00 0.000000e+00 0.000000e+00 -2.133975e+02 -1.982494e+02 1.754965e+03 3.875414e+02 0.000000e+00 0.000000e+00 0.000000e+00 0.000000e+00 0.000000e+00 0.000000e+00 0.000000e+00 0.000000e+00 0.000000e+00
2.309000e+00 0.000000e+00 -5.340329e+03 -6.974994e+03 0.000000e+00 0.000000e+00 0.000000e+00 -2.135879e+02 -1.984309e+02 1.753262e+03 3.878687e+02 0.000000e+00 0.000000e+00 0.000000e+00 0.000000e+00 0.000000e+00 0.000000e+00 0.000000e+00 0.000000e+00 0.000000e+00
2.310000e+00 0.000000e+00 -5.333956e+03 -6.972214e+03 0.000000e+00 0.000000e+00 0.000000e+00 -2.137899e+02 -1.986237e+02 1.751580e+03 3.882208e+02 0.000000e+00 0.000000e+00 0.000000e+00 0.000000e+00 0.000000e+00 0.000000e+00 0.000000e+00 0.000000e+00 0.000000e+00
2.311000e+00 0.000000e+00 -5.327750e+03 -6.969669e+03 0.000000e+00 0.000000e+00 0.000000e+00 -2.140038e+02 -1.988280e+02 1.749919e+03 3.885980e+02 0.000000e+00 0.000000e+00 0.000000e+00 0.000000e+00 0.000000e+00 0.000000e+00 0.000000e+00 0.000000e+00 0.000000e+00
2.312000e+00 0.000000e+00 -5.321714e+03 -6.967357e+03 0.000000e+00 0.000000e+00 0.000000e+00 -2.142297e+02 -1.990440e+02 1.748278e+03 3.890009e+02 0.000000e+00 0.000000e+00 0.000000e+00 0.000000e+00 0.000000e+00 0.000000e+00 0.000000e+00 0.000000e+00 0.000000e+00
2.313000e+00 0.000000e+00 -5.315847e+03 -6.965280e+03 0.000000e+00 0.000000e+00 0.000000e+00 -2.144678e+02 -1.992721e+02 1.746658e+03 3.894301e+02 0.000000e+00 0.000000e+00 0.000000e+00 0.000000e+00 0.000000e+00 0.000000e+00 0.000000e+00 0.000000e+00 0.000000e+00
2.314000e+00 0.000000e+00 -5.310153e+03 -6.963438e+03 0.000000e+00 0.000000e+00 0.000000e+00 -2.147185e+02 -1.995123e+02 1.745059e+03 3.898859e+02 0.000000e+00 0.000000e+00 0.000000e+00 0.000000e+00 0.000000e+00 0.000000e+00 0.000000e+00 0.000000e+00 0.000000e+00
2.315000e+00 0.000000e+00 -5.304633e+03 -6.961830e+03 0.000000e+00 0.000000e+00 0.000000e+00 -2.149818e+02 -1.997649e+02 1.743482e+03 3.903688e+02 0.000000e+00 0.000000e+00 0.000000e+00 0.000000e+00 0.000000e+00 0.000000e+00 0.000000e+00 0.000000e+00 0.000000e+00
2.316000e+00 0.000000e+00 -5.299287e+03 -6.960456e+03 0.000000e+00 0.000000e+00 0.000000e+00 -2.152580e+02 -2.000302e+02 1.741927e+03 3.908793e+02 0.000000e+00 0.000000e+00 0.000000e+00 0.000000e+00 0.000000e+00 0.000000e+00 0.000000e+00 0.000000e+00 0.000000e+00
2.317000e+00 0.000000e+00 -5.294117e+03 -6.959317e+03 0.000000e+00 0.000000e+00 0.000000e+00 -2.155473e+02 -2.003082e+02 1.740394e+03 3.914178e+02 0.000000e+00 0.000000e+00 0.000000e+00 0.000000e+00 0.000000e+00 0.000000e+00 0.000000e+00 0.000000e+00 0.000000e+00
2.318000e+00 0.000000e+00 -5.289125e+03 -6.958411e+03 0.000000e+00 0.000000e+00 0.000000e+00 -2.158499e+02 -2.005993e+02 1.738883e+03 3.919847e+02 0.000000e+00 0.000000e+00 0.000000e+00 0.000000e+00 0.000000e+00 0.000000e+00 0.000000e+00 0.000000e+00 0.000000e+00
2.319000e+00 0.000000e+00 -5.284310e+03 -6.957739e+03 0.000000e+00 0.000000e+00 0.000000e+00 -2.161659e+02 -2.009035e+02 1.737395e+03 3.925805e+02 0.000000e+00 0.000000e+00 0.000000e+00 0.000000e+00 0.000000e+00 0.000000e+00 0.000000e+00 0.000000e+00 0.000000e+00
2.320000e+00 0.000000e+00 -5.279675e+03 -6.957299e+03 0.000000e+00 0.000000e+00 0.000000e+00 -2.164957e+02 -2.012212e+02 1.735930e+03 3.932054e+02 0.000000e+00 0.000000e+00 0.000000e+00 0.000000e+00 0.000000e+00 0.000000e+00 0.000000e+00 0.000000e+00 0.000000e+00
2.321000e+00 0.000000e+00 -5.275220e+03 -6.957092e+03 0.000000e+00 0.000000e+00 0.000000e+00 -2.168392e+02 -2.015523e+02 1.734487e+03 3.938599e+02 0.000000e+00 0.000000e+00 0.000000e+00 0.000000e+00 0.000000e+00 0.000000e+00 0.000000e+00 0.000000e+00 0.000000e+00
2.322000e+00 0.000000e+00 -5.270946e+03 -6.957116e+03 0.000000e+00 0.000000e+00 0.000000e+00 -2.171967e+02 -2.018972e+02 1.733068e+03 3.945443e+02 0.000000e+00 0.000000e+00 0.000000e+00 0.000000e+00 0.000000e+00 0.000000e+00 0.000000e+00 0.000000e+00 0.000000e+00
2.323000e+00 0.000000e+00 -5.266853e+03 -6.957370e+03 0.000000e+00 0.000000e+00 0.000000e+00 -2.175683e+02 -2.022559e+02 1.731672e+03 3.952589e+02 0.000000e+00 0.000000e+00 0.000000e+00 0.000000e+00 0.000000e+00 0.000000e+00 0.000000e+00 0.000000e+00 0.000000e+00
2.324000e+00 0.000000e+00 -5.262943e+03 -6.957854e+03 0.000000e+00 0.000000e+00 0.000000e+00 -2.179543e+02 -2.026286e+02 1.730300e+03 3.960041e+02 0.000000e+00 0.000000e+00 0.000000e+00 0.000000e+00 0.000000e+00 0.000000e+00 0.000000e+00 0.000000e+00 0.000000e+00
2.325000e+00 0.000000e+00 -5.259215e+03 -6.958567e+03 0.000000e+00 0.000000e+00 0.000000e+00 -2.183547e+02 -2.030155e+02 1.728951e+03 3.967801e+02 0.000000e+00 0.000000e+00 0.000000e+00 0.000000e+00 0.000000e+00 0.000000e+00 0.000000e+00 0.000000e+00 0.000000e+00
2.326000e+00 0.000000e+00 -5.255669e+03 -6.959506e+03 0.000000e+00 0.000000e+00 0.000000e+00 -2.187696e+02 -2.034166e+02 1.727626e+03 3.975873e+02 0.000000e+00 0.000000e+00 0.000000e+00 0.000000e+00 0.000000e+00 0.000000e+00 0.000000e+00 0.000000e+00 0.000000e+00
2.327000e+00 0.000000e+00 -5.252307e+03 -6.960672e+03 0.000000e+00 0.000000e+00 0.000000e+00 -2.191993e+02 -2.038322e+02 1.726325e+03 3.984258e+02 0.000000e+00 0.000000e+00 0.000000e+00 0.000000e+00 0.000000e+00 0.000000e+00 0.000000e+00 0.000000e+00 0.000000e+00
2.328000e+00 0.000000e+00 -5.249129e+03 -6.962062e+03 0.000000e+00 0.000000e+00 0.000000e+00 -2.196437e+02 -2.042623e+02 1.725048e+03 3.992960e+02 0.000000e+00 0.000000e+00 0.000000e+00 0.000000e+00 0.000000e+00 0.000000e+00 0.000000e+00 0.000000e+00 0.000000e+00
2.329000e+00 0.000000e+00 -5.246133e+03 -6.963675e+03 0.000000e+00 0.000000e+00 0.000000e+00 -2.201031e+02 -2.047071e+02 1.723795e+03 4.001981e+02 0.000000e+00 0.000000e+00 0.000000e+00 0.000000e+00 0.000000e+00 0.000000e+00 0.000000e+00 0.000000e+00 0.000000e+00
2.330000e+00 0.000000e+00 -5.243322e+03 -6.965510e+03 0.000000e+00 0.000000e+00 0.000000e+00 -2.205775e+02 -2.051666e+02 1.722567e+03 4.011322e+02 0.000000e+00 0.000000e+00 0.000000e+00 0.000000e+00 0.000000e+00 0.000000e+00 0.000000e+00 0.000000e+00 0.000000e+00
2.331000e+00 0.000000e+00 -5.240693e+03 -6.967564e+03 0.000000e+00 0.000000e+00 0.000000e+00 -2.210671e+02 -2.056410e+02 1.721362e+03 4.020986e+02 0.000000e+00 0.000000e+00 0.000000e+00 0.000000e+00 0.000000e+00 0.000000e+00 0.000000e+00 0.000000e+00 0.000000e+00
2.332000e+00 0.000000e+00 -5.238248e+03 -6.969837e+03 0.000000e+00 0.000000e+00 0.000000e+00 -2.215718e+02 -2.061303e+02 1.720182e+03 4.030974e+02 0.000000e+00 0.000000e+00 0.000000e+00 0.000000e+00 0.000000e+00 0.000000e+00 0.000000e+00 0.000000e+00 0.000000e+00
2.333000e+00 0.000000e+00 -5.235985e+03 -6.972326e+03 0.000000e+00 0.000000e+00 0.000000e+00 -2.220919e+02 -2.066347e+02 1.719026e+03 4.041288e+02 0.000000e+00 0.000000e+00 0.000000e+00 0.000000e+00 0.000000e+00 0.000000e+00 0.000000e+00 0.000000e+00 0.000000e+00
2.334000e+00 0.000000e+00 -5.233905e+03 -6.975029e+03 0.000000e+00 0.000000e+00 0.000000e+00 -2.226274e+02 -2.071543e+02 1.717894e+03 4.051929e+02 0.000000e+00 0.000000e+00 0.000000e+00 0.000000e+00 0.000000e+00 0.000000e+00 0.000000e+00 0.000000e+00 0.000000e+00
2.335000e+00 0.000000e+00 -5.232006e+03 -6.977946e+03 0.000000e+00 0.000000e+00 0.000000e+00 -2.231784e+02 -2.076890e+02 1.716786e+03 4.062900e+02 0.000000e+00 0.000000e+00 0.000000e+00 0.000000e+00 0.000000e+00 0.000000e+00 0.000000e+00 0.000000e+00 0.000000e+00
2.336000e+00 0.000000e+00 -5.230288e+03 -6.981073e+03 0.000000e+00 0.000000e+00 0.000000e+00 -2.237450e+02 -2.082391e+02 1.715703e+03 4.074201e+02 0.000000e+00 0.000000e+00 0.000000e+00 0.000000e+00 0.000000e+00 0.000000e+00 0.000000e+00 0.000000e+00 0.000000e+00
2.337000e+00 0.000000e+00 -5.228751e+03 -6.984408e+03 0.000000e+00 0.000000e+00 0.000000e+00 -2.243273e+02 -2.088046e+02 1.714644e+03 4.085833e+02 0.000000e+00 0.000000e+00 0.000000e+00 0.000000e+00 0.000000e+00 0.000000e+00 0.000000e+00 0.000000e+00 0.000000e+00
2.338000e+00 0.000000e+00 -5.227393e+03 -6.987950e+03 0.000000e+00 0.000000e+00 0.000000e+00 -2.249253e+02 -2.093855e+02 1.713610e+03 4.097796e+02 0.000000e+00 0.000000e+00 0.000000e+00 0.000000e+00 0.000000e+00 0.000000e+00 0.000000e+00 0.000000e+00 0.000000e+00
2.339000e+00 0.000000e+00 -5.226214e+03 -6.991697e+03 0.000000e+00 0.000000e+00 0.000000e+00 -2.255390e+02 -2.099819e+02 1.712599e+03 4.110092e+02 0.000000e+00 0.000000e+00 0.000000e+00 0.000000e+00 0.000000e+00 0.000000e+00 0.000000e+00 0.000000e+00 0.000000e+00
2.340000e+00 0.000000e+00 -5.225212e+03 -6.995645e+03 0.000000e+00 0.000000e+00 0.000000e+00 -2.261685e+02 -2.105938e+02 1.711613e+03 4.122721e+02 0.000000e+00 0.000000e+00 0.000000e+00 0.000000e+00 0.000000e+00 0.000000e+00 0.000000e+00 0.000000e+00 0.000000e+00
2.341000e+00 0.000000e+00 -5.224387e+03 -6.999794e+03 0.000000e+00 0.000000e+00 0.000000e+00 -2.268139e+02 -2.112213e+02 1.710650e+03 4.135683e+02 0.000000e+00 0.000000e+00 0.000000e+00 0.000000e+00 0.000000e+00 0.000000e+00 0.000000e+00 0.000000e+00 0.000000e+00
2.342000e+00 0.000000e+00 -5.223737e+03 -7.004139e+03 0.000000e+00 0.000000e+00 0.000000e+00 -2.274752e+02 -2.118644e+02 1.709712e+03 4.148978e+02 0.000000e+00 0.000000e+00 0.000000e+00 0.000000e+00 0.000000e+00 0.000000e+00 0.000000e+00 0.000000e+00 0.000000e+00
2.343000e+00 0.000000e+00 -5.223260e+03 -7.008679e+03 0.000000e+00 0.000000e+00 0.000000e+00 -2.281523e+02 -2.125232e+02 1.708797e+03 4.162605e+02 0.000000e+00 0.000000e+00 0.000000e+00 0.000000e+00 0.000000e+00 0.000000e+00 0.000000e+00 0.000000e+00 0.000000e+00
2.344000e+00 0.000000e+00 -5.222957e+03 -7.013411e+03 0.000000e+00 0.000000e+00 0.000000e+00 -2.288454e+02 -2.131975e+02 1.707906e+03 4.176565e+02 0.000000e+00 0.000000e+00 0.000000e+00 0.000000e+00 0.000000e+00 0.000000e+00 0.000000e+00 0.000000e+00 0.000000e+00
2.345000e+00 0.000000e+00 -5.222824e+03 -7.018332e+03 0.000000e+00 0.000000e+00 0.000000e+00 -2.295543e+02 -2.138875e+02 1.707039e+03 4.190856e+02 0.000000e+00 0.000000e+00 0.000000e+00 0.000000e+00 0.000000e+00 0.000000e+00 0.000000e+00 0.000000e+00 0.000000e+00
2.346000e+00 0.000000e+00 -5.222861e+03 -7.023439e+03 0.000000e+00 0.000000e+00 0.000000e+00 -2.302791e+02 -2.145931e+02 1.706195e+03 4.205478e+02 0.000000e+00 0.000000e+00 0.000000e+00 0.000000e+00 0.000000e+00 0.000000e+00 0.000000e+00 0.000000e+00 0.000000e+00
2.347000e+00 0.000000e+00 -5.223066e+03 -7.028731e+03 0.000000e+00 0.000000e+00 0.000000e+00 -2.310198e+02 -2.153143e+02 1.705374e+03 4.220430e+02 0.000000e+00 0.000000e+00 0.000000e+00 0.000000e+00 0.000000e+00 0.000000e+00 0.000000e+00 0.000000e+00 0.000000e+00
2.348000e+00 0.000000e+00 -5.223437e+03 -7.034203e+03 0.000000e+00 0.000000e+00 0.000000e+00 -2.317763e+02 -2.160511e+02 1.704576e+03 4.235711e+02 0.000000e+00 0.000000e+00 0.000000e+00 0.000000e+00 0.000000e+00 0.000000e+00 0.000000e+00 0.000000e+00 0.000000e+00
2.349000e+00 0.000000e+00 -5.223973e+03 -7.039853e+03 0.000000e+00 0.000000e+00 0.000000e+00 -2.325487e+02 -2.168034e+02 1.703802e+03 4.251318e+02 0.000000e+00 0.000000e+00 0.000000e+00 0.000000e+00 0.000000e+00 0.000000e+00 0.000000e+00 0.000000e+00 0.000000e+00
2.350000e+00 0.000000e+00 -5.224671e+03 -7.045677e+03 0.000000e+00 0.000000e+00 0.000000e+00 -2.333368e+02 -2.175712e+02 1.703050e+03 4.267252e+02 0.000000e+00 0.000000e+00 0.000000e+00 0.000000e+00 0.000000e+00 0.000000e+00 0.000000e+00 0.000000e+00 0.000000e+00
2.351000e+00 0.000000e+00 -5.225529e+03 -7.051674e+03 0.000000e+00 0.000000e+00 0.000000e+00 -2.341406e+02 -2.183544e+02 1.702320e+03 4.283509e+02 0.000000e+00 0.000000e+00 0.000000e+00 0.000000e+00 0.000000e+00 0.000000e+00 0.000000e+00 0.000000e+00 0.000000e+00
2.352000e+00 0.000000e+00 -5.226547e+03 -7.057839e+03 0.000000e+00 0.000000e+00 0.000000e+00 -2.349600e+02 -2.191531e+02 1.701613e+03 4.300088e+02 0.000000e+00 0.000000e+00 0.000000e+00 0.000000e+00 0.000000e+00 0.000000e+00 0.000000e+00 0.000000e+00 0.000000e+00
2.353000e+00 0.000000e+00 -5.227720e+03 -7.064169e+03 0.000000e+00 0.000000e+00 0.000000e+00 -2.357950e+02 -2.199670e+02 1.700928e+03 4.316987e+02 0.000000e+00 0.000000e+00 0.000000e+00 0.000000e+00 0.000000e+00 0.000000e+00 0.000000e+00 0.000000e+00 0.000000e+00
2.354000e+00 0.000000e+00 -5.229049e+03 -7.070661e+03 0.000000e+00 0.000000e+00 0.000000e+00 -2.366455e+02 -2.207962e+02 1.700265e+03 4.334203e+02 0.000000e+00 0.000000e+00 0.000000e+00 0.000000e+00 0.000000e+00 0.000000e+00 0.000000e+00 0.000000e+00 0.000000e+00
2.355000e+00 0.000000e+00 -5.230529e+03 -7.077312e+03 0.000000e+00 0.000000e+00 0.000000e+00 -2.375115e+02 -2.216406e+02 1.699624e+03 4.351734e+02 0.000000e+00 0.000000e+00 0.000000e+00 0.000000e+00 0.000000e+00 0.000000e+00 0.000000e+00 0.000000e+00 0.000000e+00
2.356000e+00 0.000000e+00 -5.232158e+03 -7.084119e+03 0.000000e+00 0.000000e+00 0.000000e+00 -2.383928e+02 -2.225000e+02 1.699004e+03 4.369577e+02 0.000000e+00 0.000000e+00 0.000000e+00 0.000000e+00 0.000000e+00 0.000000e+00 0.000000e+00 0.000000e+00 0.000000e+00
2.357000e+00 0.000000e+00 -5.233935e+03 -7.091079e+03 0.000000e+00 0.000000e+00 0.000000e+00 -2.392894e+02 -2.233745e+02 1.698405e+03 4.387731e+02 0.000000e+00 0.000000e+00 0.000000e+00 0.000000e+00 0.000000e+00 0.000000e+00 0.000000e+00 0.000000e+00 0.000000e+00
2.358000e+00 0.000000e+00 -5.235857e+03 -7.098188e+03 0.000000e+00 0.000000e+00 0.000000e+00 -2.402011e+02 -2.242640e+02 1.697826e+03 4.406191e+02 0.000000e+00 0.000000e+00 0.000000e+00 0.000000e+00 0.000000e+00 0.000000e+00 0.000000e+00 0.000000e+00 0.000000e+00
2.359000e+00 0.000000e+00 -5.237920e+03 -7.105443e+03 0.000000e+00 0.000000e+00 0.000000e+00 -2.411280e+02 -2.251682e+02 1.697269e+03 4.424956e+02 0.000000e+00 0.000000e+00 0.000000e+00 0.000000e+00 0.000000e+00 0.000000e+00 0.000000e+00 0.000000e+00 0.000000e+00
2.360000e+00 0.000000e+00 -5.240123e+03 -7.112841e+03 0.000000e+00 0.000000e+00 0.000000e+00 -2.420700e+02 -2.260873e+02 1.696731e+03 4.444021e+02 0.000000e+00 0.000000e+00 0.000000e+00 0.000000e+00 0.000000e+00 0.000000e+00 0.000000e+00 0.000000e+00 0.000000e+00
2.361000e+00 0.000000e+00 -5.242462e+03 -7.120378e+03 0.000000e+00 0.000000e+00 0.000000e+00 -2.430267e+02 -2.270209e+02 1.696214e+03 4.463384e+02 0.000000e+00 0.000000e+00 0.000000e+00 0.000000e+00 0.000000e+00 0.000000e+00 0.000000e+00 0.000000e+00 0.000000e+00
2.362000e+00 0.000000e+00 -5.244935e+03 -7.128050e+03 0.000000e+00 0.000000e+00 0.000000e+00 -2.439983e+02 -2.279691e+02 1.695716e+03 4.483041e+02 0.000000e+00 0.000000e+00 0.000000e+00 0.000000e+00 0.000000e+00 0.000000e+00 0.000000e+00 0.000000e+00 0.000000e+00
2.363000e+00 0.000000e+00 -5.247539e+03 -7.135856e+03 0.000000e+00 0.000000e+00 0.000000e+00 -2.449845e+02 -2.289317e+02 1.695237e+03 4.502989e+02 0.000000e+00 0.000000e+00 0.000000e+00 0.000000e+00 0.000000e+00 0.000000e+00 0.000000e+00 0.000000e+00 0.000000e+00
2.364000e+00 0.000000e+00 -5.250271e+03 -7.143790e+03 0.000000e+00 0.000000e+00 0.000000e+00 -2.459853e+02 -2.299085e+02 1.694778e+03 4.523223e+02 0.000000e+00 0.000000e+00 0.000000e+00 0.000000e+00 0.000000e+00 0.000000e+00 0.000000e+00 0.000000e+00 0.000000e+00
2.365000e+00 0.000000e+00 -5.253128e+03 -7.151849e+03 0.000000e+00 0.000000e+00 0.000000e+00 -2.470003e+02 -2.308994e+02 1.694337e+03 4.543739e+02 0.000000e+00 0.000000e+00 0.000000e+00 0.000000e+00 0.000000e+00 0.000000e+00 0.000000e+00 0.000000e+00 0.000000e+00
2.366000e+00 0.000000e+00 -5.256107e+03 -7.160031e+03 0.000000e+00 0.000000e+00 0.000000e+00 -2.480297e+02 -2.319043e+02 1.693914e+03 4.564533e+02 0.000000e+00 0.000000e+00 0.000000e+00 0.000000e+00 0.000000e+00 0.000000e+00 0.000000e+00 0.000000e+00 0.000000e+00
2.367000e+00 0.000000e+00 -5.259205e+03 -7.168330e+03 0.000000e+00 0.000000e+00 0.000000e+00 -2.490730e+02 -2.329230e+02 1.693509e+03 4.585601e+02 0.000000e+00 0.000000e+00 0.000000e+00 0.000000e+00 0.000000e+00 0.000000e+00 0.000000e+00 0.000000e+00 0.000000e+00
2.368000e+00 0.000000e+00 -5.262419e+03 -7.176745e+03 0.000000e+00 0.000000e+00 0.000000e+00 -2.501303e+02 -2.339554e+02 1.693122e+03 4.606939e+02 0.000000e+00 0.000000e+00 0.000000e+00 0.000000e+00 0.000000e+00 0.000000e+00 0.000000e+00 0.000000e+00 0.000000e+00
2.369000e+00 0.000000e+00 -5.265745e+03 -7.185270e+03 0.000000e+00 0.000000e+00 0.000000e+00 -2.512013e+02 -2.350012e+02 1.692752e+03 4.628540e+02 0.000000e+00 0.000000e+00 0.000000e+00 0.000000e+00 0.000000e+00 0.000000e+00 0.000000e+00 0.000000e+00 0.000000e+00
2.370000e+00 0.000000e+00 -5.269181e+03 -7.193903e+03 0.000000e+00 0.000000e+00 0.000000e+00 -2.522858e+02 -2.360603e+02 1.692399e+03 4.650402e+02 0.000000e+00 0.000000e+00 0.000000e+00 0.000000e+00 0.000000e+00 0.000000e+00 0.000000e+00 0.000000e+00 0.000000e+00
2.371000e+00 0.000000e+00 -5.272723e+03 -7.202640e+03 0.000000e+00 0.000000e+00 0.000000e+00 -2.533836e+02 -2.371325e+02 1.692062e+03 4.672519e+02 0.000000e+00 0.000000e+00 0.000000e+00 0.000000e+00 0.000000e+00 0.000000e+00 0.000000e+00 0.000000e+00 0.000000e+00
2.372000e+00 0.000000e+00 -5.276368e+03 -7.211477e+03 0.000000e+00 0.000000e+00 0.000000e+00 -2.544946e+02 -2.382175e+02 1.691742e+03 4.694885e+02 0.000000e+00 0.000000e+00 0.000000e+00 0.000000e+00 0.000000e+00 0.000000e+00 0.000000e+00 0.000000e+00 0.000000e+00
2.373000e+00 0.000000e+00 -5.280113e+03 -7.220411e+03 0.000000e+00 0.000000e+00 0.000000e+00 -2.556186e+02 -2.393153e+02 1.691437e+03 4.717495e+02 0.000000e+00 0.000000e+00 0.000000e+00 0.000000e+00 0.000000e+00 0.000000e+00 0.000000e+00 0.000000e+00 0.000000e+00
2.374000e+00 0.000000e+00 -5.283953e+03 -7.229437e+03 0.000000e+00 0.000000e+00 0.000000e+00 -2.567552e+02 -2.404256e+02 1.691147e+03 4.740345e+02 0.000000e+00 0.000000e+00 0.000000e+00 0.000000e+00 0.000000e+00 0.000000e+00 0.000000e+00 0.000000e+00 0.000000e+00
2.375000e+00 0.000000e+00 -5.287887e+03 -7.238552e+03 0.000000e+00 0.000000e+00 0.000000e+00 -2.579044e+02 -2.415481e+02 1.690872e+03 4.763428e+02 0.000000e+00 0.000000e+00 0.000000e+00 0.000000e+00 0.000000e+00 0.000000e+00 0.000000e+00 0.000000e+00 0.000000e+00
2.376000e+00 0.000000e+00 -5.291910e+03 -7.247753e+03 0.000000e+00 0.000000e+00 0.000000e+00 -2.590659e+02 -2.426827e+02 1.690612e+03 4.786738e+02 0.000000e+00 0.000000e+00 0.000000e+00 0.000000e+00 0.000000e+00 0.000000e+00 0.000000e+00 0.000000e+00 0.000000e+00
2.377000e+00 0.000000e+00 -5.296019e+03 -7.257036e+03 0.000000e+00 0.000000e+00 0.000000e+00 -2.602395e+02 -2.438292e+02 1.690366e+03 4.810271e+02 0.000000e+00 0.000000e+00 0.000000e+00 0.000000e+00 0.000000e+00 0.000000e+00 0.000000e+00 0.000000e+00 0.000000e+00
2.378000e+00 0.000000e+00 -5.300210e+03 -7.266396e+03 0.000000e+00 0.000000e+00 0.000000e+00 -2.614249e+02 -2.449872e+02 1.690133e+03 4.834020e+02 0.000000e+00 0.000000e+00 0.000000e+00 0.000000e+00 0.000000e+00 0.000000e+00 0.000000e+00 0.000000e+00 0.000000e+00
2.379000e+00 0.000000e+00 -5.304479e+03 -7.275832e+03 0.000000e+00 0.000000e+00 0.000000e+00 -2.626221e+02 -2.461567e+02 1.689914e+03 4.857980e+02 0.000000e+00 0.000000e+00 0.000000e+00 0.000000e+00 0.000000e+00 0.000000e+00 0.000000e+00 0.000000e+00 0.000000e+00
2.380000e+00 0.000000e+00 -5.308824e+03 -7.285339e+03 0.000000e+00 0.000000e+00 0.000000e+00 -2.638306e+02 -2.473374e+02 1.689708e+03 4.882145e+02 0.000000e+00 0.000000e+00 0.000000e+00 0.000000e+00 0.000000e+00 0.000000e+00 0.000000e+00 0.000000e+00 0.000000e+00
2.381000e+00 0.000000e+00 -5.313240e+03 -7.294914e+03 0.000000e+00 0.000000e+00 0.000000e+00 -2.650504e+02 -2.485291e+02 1.689513e+03 4.906509e+02 0.000000e+00 0.000000e+00 0.000000e+00 0.000000e+00 0.000000e+00 0.000000e+00 0.000000e+00 0.000000e+00 0.000000e+00
2.382000e+00 0.000000e+00 -5.317723e+03 -7.304553e+03 0.000000e+00 0.000000e+00 0.000000e+00 -2.662811e+02 -2.497315e+02 1.689331e+03 4.931066e+02 0.000000e+00 0.000000e+00 0.000000e+00 0.000000e+00 0.000000e+00 0.000000e+00 0.000000e+00 0.000000e+00 0.000000e+00
2.383000e+00 0.000000e+00 -5.322271e+03 -7.314253e+03 0.000000e+00 0.000000e+00 0.000000e+00 -2.675226e+02 -2.509444e+02 1.689161e+03 4.955809e+02 0.000000e+00 0.000000e+00 0.000000e+00 0.000000e+00 0.000000e+00 0.000000e+00 0.000000e+00 0.000000e+00 0.000000e+00
2.384000e+00 0.000000e+00 -5.326878e+03 -7.324010e+03 0.000000e+00 0.000000e+00 0.000000e+00 -2.687745e+02 -2.521675e+02 1.689001e+03 4.980732e+02 0.000000e+00 0.000000e+00 0.000000e+00 0.000000e+00 0.000000e+00 0.000000e+00 0.000000e+00 0.000000e+00 0.000000e+00
2.385000e+00 0.000000e+00 -5.331542e+03 -7.333820e+03 0.000000e+00 0.000000e+00 0.000000e+00 -2.700367e+02 -2.534006e+02 1.688852e+03 5.005829e+02 0.000000e+00 0.000000e+00 0.000000e+00 0.000000e+00 0.000000e+00 0.000000e+00 0.000000e+00 0.000000e+00 0.000000e+00
2.386000e+00 0.000000e+00 -5.336259e+03 -7.343681e+03 0.000000e+00 0.000000e+00 0.000000e+00 -2.713088e+02 -2.546435e+02 1.688714e+03 5.031093e+02 0.000000e+00 0.000000e+00 0.000000e+00 0.000000e+00 0.000000e+00 0.000000e+00 0.000000e+00 0.000000e+00 0.000000e+00
2.387000e+00 0.000000e+00 -5.341024e+03 -7.353588e+03 0.000000e+00 0.000000e+00 0.000000e+00 -2.725907e+02 -2.558958e+02 1.688585e+03 5.056518e+02 0.000000e+00 0.000000e+00 0.000000e+00 0.000000e+00 0.000000e+00 0.000000e+00 0.000000e+00 0.000000e+00 0.000000e+00
2.388000e+00 0.000000e+00 -5.345835e+03 -7.363539e+03 0.000000e+00 0.000000e+00 0.000000e+00 -2.738820e+02 -2.571573e+02 1.688465e+03 5.082096e+02 0.000000e+00 0.000000e+00 0.000000e+00 0.000000e+00 0.000000e+00 0.000000e+00 0.000000e+00 0.000000e+00 0.000000e+00
2.389000e+00 0.000000e+00 -5.350687e+03 -7.373530e+03 0.000000e+00 0.000000e+00 0.000000e+00 -2.751824e+02 -2.584278e+02 1.688355e+03 5.107822e+02 0.000000e+00 0.000000e+00 0.000000e+00 0.000000e+00 0.000000e+00 0.000000e+00 0.000000e+00 0.000000e+00 0.000000e+00
2.390000e+00 0.000000e+00 -5.355577e+03 -7.383557e+03 0.000000e+00 0.000000e+00 0.000000e+00 -2.764918e+02 -2.597069e+02 1.688252e+03 5.133688e+02 0.000000e+00 0.000000e+00 0.000000e+00 0.000000e+00 0.000000e+00 0.000000e+00 0.000000e+00 0.000000e+00 0.000000e+00
2.391000e+00 0.000000e+00 -5.360501e+03 -7.393617e+03 0.000000e+00 0.000000e+00 0.000000e+00 -2.778097e+02 -2.609944e+02 1.688158e+03 5.159687e+02 0.000000e+00 0.000000e+00 0.000000e+00 0.000000e+00 0.000000e+00 0.000000e+00 0.000000e+00 0.000000e+00 0.000000e+00
2.392000e+00 0.000000e+00 -5.365455e+03 -7.403706e+03 0.000000e+00 0.000000e+00 0.000000e+00 -2.791359e+02 -2.622899e+02 1.688072e+03 5.185812e+02 0.000000e+00 0.000000e+00 0.000000e+00 0.000000e+00 0.000000e+00 0.000000e+00 0.000000e+00 0.000000e+00 0.000000e+00
2.393000e+00 0.000000e+00 -5.370435e+03 -7.413822e+03 0.000000e+00 0.000000e+00 0.000000e+00 -2.804702e+02 -2.635933e+02 1.687992e+03 5.212056e+02 0.000000e+00 0.000000e+00 0.000000e+00 0.000000e+00 0.000000e+00 0.000000e+00 0.000000e+00 0.000000e+00 0.000000e+00
2.394000e+00 0.000000e+00 -5.375438e+03 -7.423960e+03 0.000000e+00 0.000000e+00 0.000000e+00 -2.818122e+02 -2.649042e+02 1.687920e+03 5.238413e+02 0.000000e+00 0.000000e+00 0.000000e+00 0.000000e+00 0.000000e+00 0.000000e+00 0.000000e+00 0.000000e+00 0.000000e+00
2.395000e+00 0.000000e+00 -5.380459e+03 -7.434118e+03 0.000000e+00 0.000000e+00 0.000000e+00 -2.831616e+02 -2.662222e+02 1.687853e+03 5.264874e+02 0.000000e+00 0.000000e+00 0.000000e+00 0.000000e+00 0.000000e+00 0.000000e+00 0.000000e+00 0.000000e+00 0.000000e+00
2.396000e+00 0.000000e+00 -5.385496e+03 -7.444292e+03 0.000000e+00 0.000000e+00 0.000000e+00 -2.845181e+02 -2.675472e+02 1.687792e+03 5.291433e+02 0.000000e+00 0.000000e+00 0.000000e+00 0.000000e+00 0.000000e+00 0.000000e+00 0.000000e+00 0.000000e+00 0.000000e+00
2.397000e+00 0.000000e+00 -5.390544e+03 -7.454479e+03 0.000000e+00 0.000000e+00 0.000000e+00 -2.858815e+02 -2.688787e+02 1.687737e+03 5.318082e+02 0.000000e+00 0.000000e+00 0.000000e+00 0.000000e+00 0.000000e+00 0.000000e+00 0.000000e+00 0.000000e+00 0.000000e+00
2.398000e+00 0.000000e+00 -5.395599e+03 -7.464676e+03 0.000000e+00 0.000000e+00 0.000000e+00 -2.872513e+02 -2.702166e+02 1.687686e+03 5.344814e+02 0.000000e+00 0.000000e+00 0.000000e+00 0.000000e+00 0.000000e+00 0.000000e+00 0.000000e+00 0.000000e+00 0.000000e+00
2.399000e+00 0.000000e+00 -5.400659e+03 -7.474879e+03 0.000000e+00 0.000000e+00 0.000000e+00 -2.886274e+02 -2.715605e+02 1.687641e+03 5.371622e+02 0.000000e+00 0.000000e+00 0.000000e+00 0.000000e+00 0.000000e+00 0.000000e+00 0.000000e+00 0.000000e+00 0.000000e+00
2.400000e+00 0.000000e+00 -5.405718e+03 -7.485086e+03 0.000000e+00 0.000000e+00 0.000000e+00 -2.900094e+02 -2.729101e+02 1.687599e+03 5.398499e+02 0.000000e+00 0.000000e+00 0.000000e+00 0.000000e+00 0.000000e+00 0.000000e+00 0.000000e+00 0.000000e+00 0.000000e+00
2.401000e+00 0.000000e+00 -5.410773e+03 -7.495294e+03 0.000000e+00 0.000000e+00 0.000000e+00 -2.913971e+02 -2.742651e+02 1.687560e+03 5.425437e+02 0.000000e+00 0.000000e+00 0.000000e+00 0.000000e+00 0.000000e+00 0.000000e+00 0.000000e+00 0.000000e+00 0.000000e+00
2.402000e+00 0.000000e+00 -5.415821e+03 -7.505500e+03 0.000000e+00 0.000000e+00 0.000000e+00 -2.927901e+02 -2.756252e+02 1.687525e+03 5.452429e+02 0.000000e+00 0.000000e+00 0.000000e+00 0.000000e+00 0.000000e+00 0.000000e+00 0.000000e+00 0.000000e+00 0.000000e+00
2.403000e+00 0.000000e+00 -5.420857e+03 -7.515700e+03 0.000000e+00 0.000000e+00 0.000000e+00 -2.941881e+02 -2.769902e+02 1.687493e+03 5.479469e+02 0.000000e+00 0.000000e+00 0.000000e+00 0.000000e+00 0.000000e+00 0.000000e+00 0.000000e+00 0.000000e+00 0.000000e+00
2.404000e+00 0.000000e+00 -5.425879e+03 -7.525892e+03 0.000000e+00 0.000000e+00 0.000000e+00 -2.955908e+02 -2.783596e+02 1.687463e+03 5.506548e+02 0.000000e+00 0.000000e+00 0.000000e+00 0.000000e+00 0.000000e+00 0.000000e+00 0.000000e+00 0.000000e+00 0.000000e+00
2.405000e+00 0.000000e+00 -5.430882e+03 -7.536073e+03 0.000000e+00 0.000000e+00 0.000000e+00 -2.969980e+02 -2.797333e+02 1.687435e+03 5.533659e+02 0.000000e+00 0.000000e+00 0.000000e+00 0.000000e+00 0.000000e+00 0.000000e+00 0.000000e+00 0.000000e+00 0.000000e+00
2.406000e+00 0.000000e+00 -5.435862e+03 -7.546240e+03 0.000000e+00 0.000000e+00 0.000000e+00 -2.984093e+02 -2.811109e+02 1.687408e+03 5.560796e+02 0.000000e+00 0.000000e+00 0.000000e+00 0.000000e+00 0.000000e+00 0.000000e+00 0.000000e+00 0.000000e+00 0.000000e+00
2.407000e+00 0.000000e+00 -5.440817e+03 -7.556391e+03 0.000000e+00 0.000000e+00 0.000000e+00 -2.998243e+02 -2.824920e+02 1.687383e+03 5.587950e+02 0.000000e+00 0.000000e+00 0.000000e+00 0.000000e+00 0.000000e+00 0.000000e+00 0.000000e+00 0.000000e+00 0.000000e+00
2.408000e+00 0.000000e+00 -5.445742e+03 -7.566521e+03 0.000000e+00 0.000000e+00 0.000000e+00 -3.012428e+02 -2.838764e+02 1.687358e+03 5.615114e+02 0.000000e+00 0.000000e+00 0.000000e+00 0.000000e+00 0.000000e+00 0.000000e+00 0.000000e+00 0.000000e+00 0.000000e+00
2.409000e+00 0.000000e+00 -5.450633e+03 -7.576630e+03 0.000000e+00 0.000000e+00 0.000000e+00 -3.026645e+02 -2.852638e+02 1.687333e+03 5.642281e+02 0.000000e+00 0.000000e+00 0.000000e+00 0.000000e+00 0.000000e+00 0.000000e+00 0.000000e+00 0.000000e+00 0.000000e+00
2.410000e+00 0.000000e+00 -5.455489e+03 -7.586713e+03 0.000000e+00 0.000000e+00 0.000000e+00 -3.040890e+02 -2.866538e+02 1.687308e+03 5.669444e+02 0.000000e+00 0.000000e+00 0.000000e+00 0.000000e+00 0.000000e+00 0.000000e+00 0.000000e+00 0.000000e+00 0.000000e+00
2.411000e+00 0.000000e+00 -5.460304e+03 -7.596769e+03 0.000000e+00 0.000000e+00 0.000000e+00 -3.055160e+02 -2.880461e+02 1.687283e+03 5.696594e+02 0.000000e+00 0.000000e+00 0.000000e+00 0.000000e+00 0.000000e+00 0.000000e+00 0.000000e+00 0.000000e+00 0.000000e+00
2.412000e+00 0.000000e+00 -5.465075e+03 -7.606795e+03 0.000000e+00 0.000000e+00 0.000000e+00 -3.069452e+02 -2.894404e+02 1.687256e+03 5.723725e+02 0.000000e+00 0.000000e+00 0.000000e+00 0.000000e+00 0.000000e+00 0.000000e+00 0.000000e+00 0.000000e+00 0.000000e+00
2.413000e+00 0.000000e+00 -5.469799e+03 -7.616787e+03 0.000000e+00 0.000000e+00 0.000000e+00 -3.083763e+02 -2.908364e+02 1.687229e+03 5.750830e+02 0.000000e+00 0.000000e+00 0.000000e+00 0.000000e+00 0.000000e+00 0.000000e+00 0.000000e+00 0.000000e+00 0.000000e+00
2.414000e+00 0.000000e+00 -5.474474e+03 -7.626745e+03 0.000000e+00 0.000000e+00 0.000000e+00 -3.098089e+02 -2.922338e+02 1.687199e+03 5.777901e+02 0.000000e+00 0.000000e+00 0.000000e+00 0.000000e+00 0.000000e+00 0.000000e+00 0.000000e+00 0.000000e+00 0.000000e+00
2.415000e+00 0.000000e+00 -5.479094e+03 -7.636664e+03 0.000000e+00 0.000000e+00 0.000000e+00 -3.112428e+02 -2.936322e+02 1.687168e+03 5.804930e+02 0.000000e+00 0.000000e+00 0.000000e+00 0.000000e+00 0.000000e+00 0.000000e+00 0.000000e+00 0.000000e+00 0.000000e+00
2.416000e+00 0.000000e+00 -5.483657e+03 -7.646542e+03 0.000000e+00 0.000000e+00 0.000000e+00 -3.126775e+02 -2.950312e+02 1.687133e+03 5.831911e+02 0.000000e+00 0.000000e+00 0.000000e+00 0.000000e+00 0.000000e+00 0.000000e+00 0.000000e+00 0.000000e+00 0.000000e+00
2.417000e+00 0.000000e+00 -5.488160e+03 -7.656377e+03 0.000000e+00 0.000000e+00 0.000000e+00 -3.141128e+02 -2.964307e+02 1.687096e+03 5.858835e+02 0.000000e+00 0.000000e+00 0.000000e+00 0.000000e+00 0.000000e+00 0.000000e+00 0.000000e+00 0.000000e+00 0.000000e+00
2.418000e+00 0.000000e+00 -5.492600e+03 -7.666167e+03 0.000000e+00 0.000000e+00 0.000000e+00 -3.155483e+02 -2.978302e+02 1.687056e+03 5.885697e+02 0.000000e+00 0.000000e+00 0.000000e+00 0.000000e+00 0.000000e+00 0.000000e+00 0.000000e+00 0.000000e+00 0.000000e+00
2.419000e+00 0.000000e+00 -5.496973e+03 -7.675909e+03 0.000000e+00 0.000000e+00 0.000000e+00 -3.169837e+02 -2.992295e+02 1.687012e+03 5.912488e+02 0.000000e+00 0.000000e+00 0.000000e+00 0.000000e+00 0.000000e+00 0.000000e+00 0.000000e+00 0.000000e+00 0.000000e+00
2.420000e+00 0.000000e+00 -5.501276e+03 -7.685602e+03 0.000000e+00 0.000000e+00 0.000000e+00 -3.184188e+02 -3.006282e+02 1.686964e+03 5.939202e+02 0.000000e+00 0.000000e+00 0.000000e+00 0.000000e+00 0.000000e+00 0.000000e+00 0.000000e+00 0.000000e+00 0.000000e+00
2.421000e+00 0.000000e+00 -5.505506e+03 -7.695242e+03 0.000000e+00 0.000000e+00 0.000000e+00 -3.198531e+02 -3.020260e+02 1.686912e+03 5.965832e+02 0.000000e+00 0.000000e+00 0.000000e+00 0.000000e+00 0.000000e+00 0.000000e+00 0.000000e+00 0.000000e+00 0.000000e+00
2.422000e+00 0.000000e+00 -5.509659e+03 -7.704828e+03 0.000000e+00 0.000000e+00 0.000000e+00 -3.212865e+02 -3.034227e+02 1.686855e+03 5.992371e+02 0.000000e+00 0.000000e+00 0.000000e+00 0.000000e+00 0.000000e+00 0.000000e+00 0.000000e+00 0.000000e+00 0.000000e+00
2.423000e+00 0.000000e+00 -5.513734e+03 -7.714357e+03 0.000000e+00 0.000000e+00 0.000000e+00 -3.227185e+02 -3.048178e+02 1.686793e+03 6.018812e+02 0.000000e+00 0.000000e+00 0.000000e+00 0.000000e+00 0.000000e+00 0.000000e+00 0.000000e+00 0.000000e+00 0.000000e+00
2.424000e+00 0.000000e+00 -5.517726e+03 -7.723828e+03 0.000000e+00 0.000000e+00 0.000000e+00 -3.241489e+02 -3.062112e+02 1.686725e+03 6.045148e+02 0.000000e+00 0.000000e+00 0.000000e+00 0.000000e+00 0.000000e+00 0.000000e+00 0.000000e+00 0.000000e+00 0.000000e+00
2.425000e+00 0.000000e+00 -5.521634e+03 -7.733238e+03 0.000000e+00 0.000000e+00 0.000000e+00 -3.255774e+02 -3.076025e+02 1.686652e+03 6.071372e+02 0.000000e+00 0.000000e+00 0.000000e+00 0.000000e+00 0.000000e+00 0.000000e+00 0.000000e+00 0.000000e+00 0.000000e+00
2.426000e+00 0.000000e+00 -5.525453e+03 -7.742586e+03 0.000000e+00 0.000000e+00 0.000000e+00 -3.270036e+02 -3.089914e+02 1.686573e+03 6.097478e+02 0.000000e+00 0.000000e+00 0.000000e+00 0.000000e+00 0.000000e+00 0.000000e+00 0.000000e+00 0.000000e+00 0.000000e+00
2.427000e+00 0.000000e+00 -5.529182e+03 -7.751869e+03 0.000000e+00 0.000000e+00 0.000000e+00 -3.284273e+02 -3.103775e+02 1.686488e+03 6.123458e+02 0.000000e+00 0.000000e+00 0.000000e+00 0.000000e+00 0.000000e+00 0.000000e+00 0.000000e+00 0.000000e+00 0.000000e+00
2.428000e+00 0.000000e+00 -5.532816e+03 -7.761086e+03 0.000000e+00 0.000000e+00 0.000000e+00 -3.298481e+02 -3.117607e+02 1.686395e+03 6.149307e+02 0.000000e+00 0.000000e+00 0.000000e+00 0.000000e+00 0.000000e+00 0.000000e+00 0.000000e+00 0.000000e+00 0.000000e+00
2.429000e+00 0.000000e+00 -5.536355e+03 -7.770235e+03 0.000000e+00 0.000000e+00 0.000000e+00 -3.312657e+02 -3.131405e+02 1.686296e+03 6.175018e+02 0.000000e+00 0.000000e+00 0.000000e+00 0.000000e+00 0.000000e+00 0.000000e+00 0.000000e+00 0.000000e+00 0.000000e+00
2.430000e+00 0.000000e+00 -5.539794e+03 -7.779313e+03 0.000000e+00 0.000000e+00 0.000000e+00 -3.326799e+02 -3.145166e+02 1.686190e+03 6.200583e+02 0.000000e+00 0.000000e+00 0.000000e+00 0.000000e+00 0.000000e+00 0.000000e+00 0.000000e+00 0.000000e+00 0.000000e+00
2.431000e+00 0.000000e+00 -5.543132e+03 -7.788319e+03 0.000000e+00 0.000000e+00 0.000000e+00 -3.340902e+02 -3.158889e+02 1.686076e+03 6.225997e+02 0.000000e+00 0.000000e+00 0.000000e+00 0.000000e+00 0.000000e+00 0.000000e+00 0.000000e+00 0.000000e+00 0.000000e+00
2.432000e+00 0.000000e+00 -5.546366e+03 -7.797251e+03 0.000000e+00 0.000000e+00 0.000000e+00 -3.354965e+02 -3.172569e+02 1.685954e+03 6.251254e+02 0.000000e+00 0.000000e+00 0.000000e+00 0.000000e+00 0.000000e+00 0.000000e+00 0.000000e+00 0.000000e+00 0.000000e+00
2.433000e+00 0.000000e+00 -5.549493e+03 -7.806108e+03 0.000000e+00 0.000000e+00 0.000000e+00 -3.368984e+02 -3.186204e+02 1.685824e+03 6.276346e+02 0.000000e+00 0.000000e+00 0.000000e+00 0.000000e+00 0.000000e+00 0.000000e+00 0.000000e+00 0.000000e+00 0.000000e+00
2.434000e+00 0.000000e+00 -5.552511e+03 -7.814887e+03 0.000000e+00 0.000000e+00 0.000000e+00 -3.382956e+02 -3.199791e+02 1.685685e+03 6.301268e+02 0.000000e+00 0.000000e+00 0.000000e+00 0.000000e+00 0.000000e+00 0.000000e+00 0.000000e+00 0.000000e+00 0.000000e+00
2.435000e+00 0.000000e+00 -5.555418e+03 -7.823588e+03 0.000000e+00 0.000000e+00 0.000000e+00 -3.396878e+02 -3.213326e+02 1.685538e+03 6.326013e+02 0.000000e+00 0.000000e+00 0.000000e+00 0.000000e+00 0.000000e+00 0.000000e+00 0.000000e+00 0.000000e+00 0.000000e+00
2.436000e+00 0.000000e+00 -5.558210e+03 -7.832207e+03 0.000000e+00 0.000000e+00 0.000000e+00 -3.410747e+02 -3.226807e+02 1.685382e+03 6.350576e+02 0.000000e+00 0.000000e+00 0.000000e+00 0.000000e+00 0.000000e+00 0.000000e+00 0.000000e+00 0.000000e+00 0.000000e+00
2.437000e+00 0.000000e+00 -5.560887e+03 -7.840744e+03 0.000000e+00 0.000000e+00 0.000000e+00 -3.424561e+02 -3.240231e+02 1.685216e+03 6.374950e+02 0.000000e+00 0.000000e+00 0.000000e+00 0.000000e+00 0.000000e+00 0.000000e+00 0.000000e+00 0.000000e+00 0.000000e+00
2.438000e+00 0.000000e+00 -5.563446e+03 -7.849197e+03 0.000000e+00 0.000000e+00 0.000000e+00 -3.438315e+02 -3.253595e+02 1.685041e+03 6.399129e+02 0.000000e+00 0.000000e+00 0.000000e+00 0.000000e+00 0.000000e+00 0.000000e+00 0.000000e+00 0.000000e+00 0.000000e+00
2.439000e+00 0.000000e+00 -5.565884e+03 -7.857565e+03 0.000000e+00 0.000000e+00 0.000000e+00 -3.452008e+02 -3.266896e+02 1.684857e+03 6.423107e+02 0.000000e+00 0.000000e+00 0.000000e+00 0.000000e+00 0.000000e+00 0.000000e+00 0.000000e+00 0.000000e+00 0.000000e+00
2.440000e+00 0.000000e+00 -5.568200e+03 -7.865845e+03 0.000000e+00 0.000000e+00 0.000000e+00 -3.465636e+02 -3.280131e+02 1.684662e+03 6.446879e+02 0.000000e+00 0.000000e+00 0.000000e+00 0.000000e+00 0.000000e+00 0.000000e+00 0.000000e+00 0.000000e+00 0.000000e+00
2.441000e+00 0.000000e+00 -5.570392e+03 -7.874037e+03 0.000000e+00 0.000000e+00 0.000000e+00 -3.479197e+02 -3.293298e+02 1.684457e+03 6.470439e+02 0.000000e+00 0.000000e+00 0.000000e+00 0.000000e+00 0.000000e+00 0.000000e+00 0.000000e+00 0.000000e+00 0.000000e+00
2.442000e+00 0.000000e+00 -5.572457e+03 -7.882139e+03 0.000000e+00 0.000000e+00 0.000000e+00 -3.492688e+02 -3.306394e+02 1.684242e+03 6.493782e+02 0.000000e+00 0.000000e+00 0.000000e+00 0.000000e+00 0.000000e+00 0.000000e+00 0.000000e+00 0.000000e+00 0.000000e+00
2.443000e+00 0.000000e+00 -5.574394e+03 -7.890150e+03 0.000000e+00 0.000000e+00 0.000000e+00 -3.506107e+02 -3.319416e+02 1.684016e+03 6.516901e+02 0.000000e+00 0.000000e+00 0.000000e+00 0.000000e+00 0.000000e+00 0.000000e+00 0.000000e+00 0.000000e+00 0.000000e+00
2.444000e+00 0.000000e+00 -5.576200e+03 -7.898069e+03 0.000000e+00 0.000000e+00 0.000000e+00 -3.519450e+02 -3.332362e+02 1.683779e+03 6.539793e+02 0.000000e+00 0.000000e+00 0.000000e+00 0.000000e+00 0.000000e+00 0.000000e+00 0.000000e+00 0.000000e+00 0.000000e+00
2.445000e+00 0.000000e+00 -5.577875e+03 -7.905894e+03 0.000000e+00 0.000000e+00 0.000000e+00 -3.532714e+02 -3.345228e+02 1.683532e+03 6.562451e+02 0.000000e+00 0.000000e+00 0.000000e+00 0.000000e+00 0.000000e+00 0.000000e+00 0.000000e+00 0.000000e+00 0.000000e+00
2.446000e+00 0.000000e+00 -5.579416e+03 -7.913623e+03 0.000000e+00 0.000000e+00 0.000000e+00 -3.545899e+02 -3.358013e+02 1.683273e+03 6.584870e+02 0.000000e+00 0.000000e+00 0.000000e+00 0.000000e+00 0.000000e+00 0.000000e+00 0.000000e+00 0.000000e+00 0.000000e+00
2.447000e+00 0.000000e+00 -5.580821e+03 -7.921256e+03 0.000000e+00 0.000000e+00 0.000000e+00 -3.558999e+02 -3.370713e+02 1.683002e+03 6.607045e+02 0.000000e+00 0.000000e+00 0.000000e+00 0.000000e+00 0.000000e+00 0.000000e+00 0.000000e+00 0.000000e+00 0.000000e+00
2.448000e+00 0.000000e+00 -5.582090e+03 -7.928791e+03 0.000000e+00 0.000000e+00 0.000000e+00 -3.572014e+02 -3.383327e+02 1.682720e+03 6.628972e+02 0.000000e+00 0.000000e+00 0.000000e+00 0.000000e+00 0.000000e+00 0.000000e+00 0.000000e+00 0.000000e+00 0.000000e+00
2.449000e+00 0.000000e+00 -5.583220e+03 -7.936228e+03 0.000000e+00 0.000000e+00 0.000000e+00 -3.584940e+02 -3.395851e+02 1.682426e+03 6.650645e+02 0.000000e+00 0.000000e+00 0.000000e+00 0.000000e+00 0.000000e+00 0.000000e+00 0.000000e+00 0.000000e+00 0.000000e+00
2.450000e+00 0.000000e+00 -5.584210e+03 -7.943564e+03 0.000000e+00 0.000000e+00 0.000000e+00 -3.597776e+02 -3.408283e+02 1.682120e+03 6.672059e+02 0.000000e+00 0.000000e+00 0.000000e+00 0.000000e+00 0.000000e+00 0.000000e+00 0.000000e+00 0.000000e+00 0.000000e+00
2.451000e+00 0.000000e+00 -5.585058e+03 -7.950800e+03 0.000000e+00 0.000000e+00 0.000000e+00 -3.610517e+02 -3.420621e+02 1.681802e+03 6.693210e+02 0.000000e+00 0.000000e+00 0.000000e+00 0.000000e+00 0.000000e+00 0.000000e+00 0.000000e+00 0.000000e+00 0.000000e+00
2.452000e+00 0.000000e+00 -5.585764e+03 -7.957933e+03 0.000000e+00 0.000000e+00 0.000000e+00 -3.623163e+02 -3.432862e+02 1.681471e+03 6.714094e+02 0.000000e+00 0.000000e+00 0.000000e+00 0.000000e+00 0.000000e+00 0.000000e+00 0.000000e+00 0.000000e+00 0.000000e+00
2.453000e+00 0.000000e+00 -5.586326e+03 -7.964962e+03 0.000000e+00 0.000000e+00 0.000000e+00 -3.635710e+02 -3.445004e+02 1.681128e+03 6.734705e+02 0.000000e+00 0.000000e+00 0.000000e+00 0.000000e+00 0.000000e+00 0.000000e+00 0.000000e+00 0.000000e+00 0.000000e+00
2.454000e+00 0.000000e+00 -5.586743e+03 -7.971887e+03 0.000000e+00 0.000000e+00 0.000000e+00 -3.648157e+02 -3.457044e+02 1.680772e+03 6.755039e+02 0.000000e+00 0.000000e+00 0.000000e+00 0.000000e+00 0.000000e+00 0.000000e+00 0.000000e+00 0.000000e+00 0.000000e+00
2.455000e+00 0.000000e+00 -5.587013e+03 -7.978706e+03 0.000000e+00 0.000000e+00 0.000000e+00 -3.660500e+02 -3.468980e+02 1.680404e+03 6.775092e+02 0.000000e+00 0.000000e+00 0.000000e+00 0.000000e+00 0.000000e+00 0.000000e+00 0.000000e+00 0.000000e+00 0.000000e+00
2.456000e+00 0.000000e+00 -5.587136e+03 -7.985418e+03 0.000000e+00 0.000000e+00 0.000000e+00 -3.672737e+02 -3.480811e+02 1.680023e+03 6.794860e+02 0.000000e+00 0.000000e+00 0.000000e+00 0.000000e+00 0.000000e+00 0.000000e+00 0.000000e+00 0.000000e+00 0.000000e+00
2.457000e+00 0.000000e+00 -5.587110e+03 -7.992023e+03 0.000000e+00 0.000000e+00 0.000000e+00 -3.684867e+02 -3.492533e+02 1.679628e+03 6.814339e+02 0.000000e+00 0.000000e+00 0.000000e+00 0.000000e+00 0.000000e+00 0.000000e+00 0.000000e+00 0.000000e+00 0.000000e+00
2.458000e+00 0.000000e+00 -5.586935e+03 -7.998519e+03 0.000000e+00 0.000000e+00 0.000000e+00 -3.696886e+02 -3.504144e+02 1.679221e+03 6.833524e+02 0.000000e+00 0.000000e+00 0.000000e+00 0.000000e+00 0.000000e+00 0.000000e+00 0.000000e+00 0.000000e+00 0.000000e+00
2.459000e+00 0.000000e+00 -5.586610e+03 -8.004905e+03 0.000000e+00 0.000000e+00 0.000000e+00 -3.708793e+02 -3.515642e+02 1.678800e+03 6.852411e+02 0.000000e+00 0.000000e+00 0.000000e+00 0.000000e+00 0.000000e+00 0.000000e+00 0.000000e+00 0.000000e+00 0.000000e+00
2.460000e+00 0.000000e+00 -5.586133e+03 -8.011181e+03 0.000000e+00 0.000000e+00 0.000000e+00 -3.720586e+02 -3.527025e+02 1.678366e+03 6.870998e+02 0.000000e+00 0.000000e+00 0.000000e+00 0.000000e+00 0.000000e+00 0.000000e+00 0.000000e+00 0.000000e+00 0.000000e+00
2.461000e+00 0.000000e+00 -5.585505e+03 -8.017345e+03 0.000000e+00 0.000000e+00 0.000000e+00 -3.732262e+02 -3.538291e+02 1.677918e+03 6.889280e+02 0.000000e+00 0.000000e+00 0.000000e+00 0.000000e+00 0.000000e+00 0.000000e+00 0.000000e+00 0.000000e+00 0.000000e+00
2.462000e+00 0.000000e+00 -5.584724e+03 -8.023396e+03 0.000000e+00 0.000000e+00 0.000000e+00 -3.743819e+02 -3.549438e+02 1.677457e+03 6.907253e+02 0.000000e+00 0.000000e+00 0.000000e+00 0.000000e+00 0.000000e+00 0.000000e+00 0.000000e+00 0.000000e+00 0.000000e+00
2.463000e+00 0.000000e+00 -5.583790e+03 -8.029334e+03 0.000000e+00 0.000000e+00 0.000000e+00 -3.755255e+02 -3.560463e+02 1.676982e+03 6.924914e+02 0.000000e+00 0.000000e+00 0.000000e+00 0.000000e+00 0.000000e+00 0.000000e+00 0.000000e+00 0.000000e+00 0.000000e+00
2.464000e+00 0.000000e+00 -5.582701e+03 -8.035158e+03 0.000000e+00 0.000000e+00 0.000000e+00 -3.766569e+02 -3.571366e+02 1.676493e+03 6.942261e+02 0.000000e+00 0.000000e+00 0.000000e+00 0.000000e+00 0.000000e+00 0.000000e+00 0.000000e+00 0.000000e+00 0.000000e+00
2.465000e+00 0.000000e+00 -5.581459e+03 -8.040866e+03 0.000000e+00 0.000000e+00 0.000000e+00 -3.777757e+02 -3.582144e+02 1.675990e+03 6.959289e+02 0.000000e+00 0.000000e+00 0.000000e+00 0.000000e+00 0.000000e+00 0.000000e+00 0.000000e+00 0.000000e+00 0.000000e+00
2.466000e+00 0.000000e+00 -5.580061e+03 -8.046459e+03 0.000000e+00 0.000000e+00 0.000000e+00 -3.788819e+02 -3.592795e+02 1.675474e+03 6.975996e+02 0.000000e+00 0.000000e+00 0.000000e+00 0.000000e+00 0.000000e+00 0.000000e+00 0.000000e+00 0.000000e+00 0.000000e+00
2.467000e+00 0.000000e+00 -5.578508e+03 -8.051935e+03 0.000000e+00 0.000000e+00 0.000000e+00 -3.799753e+02 -3.603317e+02 1.674943e+03 6.992378e+02 0.000000e+00 0.000000e+00 0.000000e+00 0.000000e+00 0.000000e+00 0.000000e+00 0.000000e+00 0.000000e+00 0.000000e+00
2.468000e+00 0.000000e+00 -5.576800e+03 -8.057293e+03 0.000000e+00 0.000000e+00 0.000000e+00 -3.810556e+02 -3.613708e+02 1.674398e+03 7.008433e+02 0.000000e+00 0.000000e+00 0.000000e+00 0.000000e+00 0.000000e+00 0.000000e+00 0.000000e+00 0.000000e+00 0.000000e+00
2.469000e+00 0.000000e+00 -5.574936e+03 -8.062533e+03 0.000000e+00 0.000000e+00 0.000000e+00 -3.821227e+02 -3.623967e+02 1.673840e+03 7.024158e+02 0.000000e+00 0.000000e+00 0.000000e+00 0.000000e+00 0.000000e+00 0.000000e+00 0.000000e+00 0.000000e+00 0.000000e+00
2.470000e+00 0.000000e+00 -5.572915e+03 -8.067654e+03 0.000000e+00 0.000000e+00 0.000000e+00 -3.831763e+02 -3.634091e+02 1.673267e+03 7.039549e+02 0.000000e+00 0.000000e+00 0.000000e+00 0.000000e+00 0.000000e+00 0.000000e+00 0.000000e+00 0.000000e+00 0.000000e+00
2.471000e+00 0.000000e+00 -5.570739e+03 -8.072654e+03 0.000000e+00 0.000000e+00 0.000000e+00 -3.842164e+02 -3.644080e+02 1.672680e+03 7.054605e+02 0.000000e+00 0.000000e+00 0.000000e+00 0.000000e+00 0.000000e+00 0.000000e+00 0.000000e+00 0.000000e+00 0.000000e+00
2.472000e+00 0.000000e+00 -5.568406e+03 -8.077534e+03 0.000000e+00 0.000000e+00 0.000000e+00 -3.852427e+02 -3.653932e+02 1.672078e+03 7.069322e+02 0.000000e+00 0.000000e+00 0.000000e+00 0.000000e+00 0.000000e+00 0.000000e+00 0.000000e+00 0.000000e+00 0.000000e+00
2.473000e+00 0.000000e+00 -5.565916e+03 -8.082292e+03 0.000000e+00 0.000000e+00 0.000000e+00 -3.862551e+02 -3.663644e+02 1.671462e+03 7.083699e+02 0.000000e+00 0.000000e+00 0.000000e+00 0.000000e+00 0.000000e+00 0.000000e+00 0.000000e+00 0.000000e+00 0.000000e+00
2.474000e+00 0.000000e+00 -5.563271e+03 -8.086928e+03 0.000000e+00 0.000000e+00 0.000000e+00 -3.872533e+02 -3.673215e+02 1.670832e+03 7.097733e+02 0.000000e+00 0.000000e+00 0.000000e+00 0.000000e+00 0.000000e+00 0.000000e+00 0.000000e+00 0.000000e+00 0.000000e+00
2.475000e+00 0.000000e+00 -5.560469e+03 -8.091441e+03 0.000000e+00 0.000000e+00 0.000000e+00 -3.882374e+02 -3.682644e+02 1.670188e+03 7.111422e+02 0.000000e+00 0.000000e+00 0.000000e+00 0.000000e+00 0.000000e+00 0.000000e+00 0.000000e+00 0.000000e+00 0.000000e+00
2.476000e+00 0.000000e+00 -5.557511e+03 -8.095830e+03 0.000000e+00 0.000000e+00 0.000000e+00 -3.892070e+02 -3.691929e+02 1.669529e+03 7.124764e+02 0.000000e+00 0.000000e+00 0.000000e+00 0.000000e+00 0.000000e+00 0.000000e+00 0.000000e+00 0.000000e+00 0.000000e+00
2.477000e+00 0.000000e+00 -5.554396e+03 -8.100094e+03 0.000000e+00 0.000000e+00 0.000000e+00 -3.901622e+02 -3.701070e+02 1.668856e+03 7.137756e+02 0.000000e+00 0.000000e+00 0.000000e+00 0.000000e+00 0.000000e+00 0.000000e+00 0.000000e+00 0.000000e+00 0.000000e+00
2.478000e+00 0.000000e+00 -5.551126e+03 -8.104233e+03 0.000000e+00 0.000000e+00 0.000000e+00 -3.911026e+02 -3.710063e+02 1.668168e+03 7.150398e+02 0.000000e+00 0.000000e+00 0.000000e+00 0.000000e+00 0.000000e+00 0.000000e+00 0.000000e+00 0.000000e+00 0.000000e+00
2.479000e+00 0.000000e+00 -5.547701e+03 -8.108247e+03 0.000000e+00 0.000000e+00 0.000000e+00 -3.920282e+02 -3.718909e+02 1.667466e+03 7.162687e+02 0.000000e+00 0.000000e+00 0.000000e+00 0.000000e+00 0.000000e+00 0.000000e+00 0.000000e+00 0.000000e+00 0.000000e+00
2.480000e+00 0.000000e+00 -5.544120e+03 -8.112134e+03 0.000000e+00 0.000000e+00 0.000000e+00 -3.929388e+02 -3.727605e+02 1.666750e+03 7.174622e+02 0.000000e+00 0.000000e+00 0.000000e+00 0.000000e+00 0.000000e+00 0.000000e+00 0.000000e+00 0.000000e+00 0.000000e+00
2.481000e+00 0.000000e+00 -5.540384e+03 -8.115894e+03 0.000000e+00 0.000000e+00 0.000000e+00 -3.938344e+02 -3.736152e+02 1.666019e+03 7.186201e+02 0.000000e+00 0.000000e+00 0.000000e+00 0.000000e+00 0.000000e+00 0.000000e+00 0.000000e+00 0.000000e+00 0.000000e+00
2.482000e+00 0.000000e+00 -5.536495e+03 -8.119527e+03 0.000000e+00 0.000000e+00 0.000000e+00 -3.947148e+02 -3.744546e+02 1.665273e+03 7.197422e+02 0.000000e+00 0.000000e+00 0.000000e+00 0.000000e+00 0.000000e+00 0.000000e+00 0.000000e+00 0.000000e+00 0.000000e+00
2.483000e+00 0.000000e+00 -5.532451e+03 -8.123030e+03 0.000000e+00 0.000000e+00 0.000000e+00 -3.955798e+02 -3.752788e+02 1.664514e+03 7.208285e+02 0.000000e+00 0.000000e+00 0.000000e+00 0.000000e+00 0.000000e+00 0.000000e+00 0.000000e+00 0.000000e+00 0.000000e+00
2.484000e+00 0.000000e+00 -5.528254e+03 -8.126405e+03 0.000000e+00 0.000000e+00 0.000000e+00 -3.964294e+02 -3.760876e+02 1.663740e+03 7.218789e+02 0.000000e+00 0.000000e+00 0.000000e+00 0.000000e+00 0.000000e+00 0.000000e+00 0.000000e+00 0.000000e+00 0.000000e+00
2.485000e+00 0.000000e+00 -5.523904e+03 -8.129651e+03 0.000000e+00 0.000000e+00 0.000000e+00 -3.972635e+02 -3.768809e+02 1.662951e+03 7.228932e+02 0.000000e+00 0.000000e+00 0.000000e+00 0.000000e+00 0.000000e+00 0.000000e+00 0.000000e+00 0.000000e+00 0.000000e+00
2.486000e+00 0.000000e+00 -5.519402e+03 -8.132766e+03 0.000000e+00 0.000000e+00 0.000000e+00 -3.980819e+02 -3.776587e+02 1.662149e+03 7.238713e+02 0.000000e+00 0.000000e+00 0.000000e+00 0.000000e+00 0.000000e+00 0.000000e+00 0.000000e+00 0.000000e+00 0.000000e+00
2.487000e+00 0.000000e+00 -5.514748e+03 -8.135751e+03 0.000000e+00 0.000000e+00 0.000000e+00 -3.988846e+02 -3.784207e+02 1.661332e+03 7.248131e+02 0.000000e+00 0.000000e+00 0.000000e+00 0.000000e+00 0.000000e+00 0.000000e+00 0.000000e+00 0.000000e+00 0.000000e+00
2.488000e+00 0.000000e+00 -5.509944e+03 -8.138604e+03 0.000000e+00 0.000000e+00 0.000000e+00 -3.996714e+02 -3.791670e+02 1.660500e+03 7.257186e+02 0.000000e+00 0.000000e+00 0.000000e+00 0.000000e+00 0.000000e+00 0.000000e+00 0.000000e+00 0.000000e+00 0.000000e+00
2.489000e+00 0.000000e+00 -5.504990e+03 -8.141326e+03 0.000000e+00 0.000000e+00 0.000000e+00 -4.004423e+02 -3.798974e+02 1.659655e+03 7.265877e+02 0.000000e+00 0.000000e+00 0.000000e+00 0.000000e+00 0.000000e+00 0.000000e+00 0.000000e+00 0.000000e+00 0.000000e+00
2.490000e+00 0.000000e+00 -5.499887e+03 -8.143915e+03 0.000000e+00 0.000000e+00 0.000000e+00 -4.011971e+02 -3.806119e+02 1.658795e+03 7.274204e+02 0.000000e+00 0.000000e+00 0.000000e+00 0.000000e+00 0.000000e+00 0.000000e+00 0.000000e+00 0.000000e+00 0.000000e+00
2.491000e+00 0.000000e+00 -5.494635e+03 -8.146371e+03 0.000000e+00 0.000000e+00 0.000000e+00 -4.019359e+02 -3.813104e+02 1.657922e+03 7.282166e+02 0.000000e+00 0.000000e+00 0.000000e+00 0.000000e+00 0.000000e+00 0.000000e+00 0.000000e+00 0.000000e+00 0.000000e+00
2.492000e+00 0.000000e+00 -5.489237e+03 -8.148694e+03 0.000000e+00 0.000000e+00 0.000000e+00 -4.026585e+02 -3.819927e+02 1.657034e+03 7.289762e+02 0.000000e+00 0.000000e+00 0.000000e+00 0.000000e+00 0.000000e+00 0.000000e+00 0.000000e+00 0.000000e+00 0.000000e+00
2.493000e+00 0.000000e+00 -5.483692e+03 -8.150882e+03 0.000000e+00 0.000000e+00 0.000000e+00 -4.033647e+02 -3.826589e+02 1.656132e+03 7.296992e+02 0.000000e+00 0.000000e+00 0.000000e+00 0.000000e+00 0.000000e+00 0.000000e+00 0.000000e+00 0.000000e+00 0.000000e+00
2.494000e+00 0.000000e+00 -5.478002e+03 -8.152936e+03 0.000000e+00 0.000000e+00 0.000000e+00 -4.040547e+02 -3.833088e+02 1.655216e+03 7.303856e+02 0.000000e+00 0.000000e+00 0.000000e+00 0.000000e+00 0.000000e+00 0.000000e+00 0.000000e+00 0.000000e+00 0.000000e+00
2.495000e+00 0.000000e+00 -5.472168e+03 -8.154854e+03 0.000000e+00 0.000000e+00 0.000000e+00 -4.047282e+02 -3.839424e+02 1.654287e+03 7.310354e+02 0.000000e+00 0.000000e+00 0.000000e+00 0.000000e+00 0.000000e+00 0.000000e+00 0.000000e+00 0.000000e+00 0.000000e+00
2.496000e+00 0.000000e+00 -5.466191e+03 -8.156637e+03 0.000000e+00 0.000000e+00 0.000000e+00 -4.053852e+02 -3.845596e+02 1.653343e+03 7.316485e+02 0.000000e+00 0.000000e+00 0.000000e+00 0.000000e+00 0.000000e+00 0.000000e+00 0.000000e+00 0.000000e+00 0.000000e+00
2.497000e+00 0.000000e+00 -5.460073e+03 -8.158283e+03 0.000000e+00 0.000000e+00 0.000000e+00 -4.060257e+02 -3.851604e+02 1.652386e+03 7.322251e+02 0.000000e+00 0.000000e+00 0.000000e+00 0.000000e+00 0.000000e+00 0.000000e+00 0.000000e+00 0.000000e+00 0.000000e+00
2.498000e+00 0.000000e+00 -5.453814e+03 -8.159793e+03 0.000000e+00 0.000000e+00 0.000000e+00 -4.066495e+02 -3.857447e+02 1.651416e+03 7.327651e+02 0.000000e+00 0.000000e+00 0.000000e+00 0.000000e+00 0.000000e+00 0.000000e+00 0.000000e+00 0.000000e+00 0.000000e+00
2.499000e+00 0.000000e+00 -5.447415e+03 -8.161165e+03 0.000000e+00 0.000000e+00 0.000000e+00 -4.072568e+02 -3.863125e+02 1.650431e+03 7.332686e+02 0.000000e+00 0.000000e+00 0.000000e+00 0.000000e+00 0.000000e+00 0.000000e+00 0.000000e+00 0.000000e+00 0.000000e+00
2.500000e+00 0.000000e+00 -5.440879e+03 -8.162400e+03 0.000000e+00 0.000000e+00 0.000000e+00 -4.078474e+02 -3.868637e+02 1.649434e+03 7.337355e+02 0.000000e+00 0.000000e+00 0.000000e+00 0.000000e+00 0.000000e+00 0.000000e+00 0.000000e+00 0.000000e+00 0.000000e+00
2.501000e+00 0.000000e+00 -5.434205e+03 -8.163496e+03 0.000000e+00 0.000000e+00 0.000000e+00 -4.084212e+02 -3.873984e+02 1.648423e+03 7.341660e+02 0.000000e+00 0.000000e+00 0.000000e+00 0.000000e+00 0.000000e+00 0.000000e+00 0.000000e+00 0.000000e+00 0.000000e+00
2.502000e+00 0.000000e+00 -5.427397e+03 -8.164454e+03 0.000000e+00 0.000000e+00 0.000000e+00 -4.089783e+02 -3.879164e+02 1.647398e+03 7.345602e+02 0.000000e+00 0.000000e+00 0.000000e+00 0.000000e+00 0.000000e+00 0.000000e+00 0.000000e+00 0.000000e+00 0.000000e+00
2.503000e+00 0.000000e+00 -5.420454e+03 -8.165273e+03 0.000000e+00 0.000000e+00 0.000000e+00 -4.095186e+02 -3.884178e+02 1.646361e+03 7.349180e+02 0.000000e+00 0.000000e+00 0.000000e+00 0.000000e+00 0.000000e+00 0.000000e+00 0.000000e+00 0.000000e+00 0.000000e+00
2.504000e+00 0.000000e+00 -5.413379e+03 -8.165953e+03 0.000000e+00 0.000000e+00 0.000000e+00 -4.100421e+02 -3.889025e+02 1.645310e+03 7.352396e+02 0.000000e+00 0.000000e+00 0.000000e+00 0.000000e+00 0.000000e+00 0.000000e+00 0.000000e+00 0.000000e+00 0.000000e+00
2.505000e+00 0.000000e+00 -5.406172e+03 -8.166493e+03 0.000000e+00 0.000000e+00 0.000000e+00 -4.105488e+02 -3.893706e+02 1.644246e+03 7.355251e+02 0.000000e+00 0.000000e+00 0.000000e+00 0.000000e+00 0.000000e+00 0.000000e+00 0.000000e+00 0.000000e+00 0.000000e+00
2.506000e+00 0.000000e+00 -5.398836e+03 -8.166892e+03 0.000000e+00 0.000000e+00 0.000000e+00 -4.110387e+02 -3.898220e+02 1.643170e+03 7.357746e+02 0.000000e+00 0.000000e+00 0.000000e+00 0.000000e+00 0.000000e+00 0.000000e+00 0.000000e+00 0.000000e+00 0.000000e+00
2.507000e+00 0.000000e+00 -5.391372e+03 -8.167152e+03 0.000000e+00 0.000000e+00 0.000000e+00 -4.115118e+02 -3.902567e+02 1.642081e+03 7.359883e+02 0.000000e+00 0.000000e+00 0.000000e+00 0.000000e+00 0.000000e+00 0.000000e+00 0.000000e+00 0.000000e+00 0.000000e+00
2.508000e+00 0.000000e+00 -5.383781e+03 -8.167270e+03 0.000000e+00 0.000000e+00 0.000000e+00 -4.119680e+02 -3.906747e+02 1.640979e+03 7.361661e+02 0.000000e+00 0.000000e+00 0.000000e+00 0.000000e+00 0.000000e+00 0.000000e+00 0.000000e+00 0.000000e+00 0.000000e+00
2.509000e+00 0.000000e+00 -5.376064e+03 -8.167247e+03 0.000000e+00 0.000000e+00 0.000000e+00 -4.124074e+02 -3.910761e+02 1.639865e+03 7.363083e+02 0.000000e+00 0.000000e+00 0.000000e+00 0.000000e+00 0.000000e+00 0.000000e+00 0.000000e+00 0.000000e+00 0.000000e+00
2.510000e+00 0.000000e+00 -5.368225e+03 -8.167083e+03 0.000000e+00 0.000000e+00 0.000000e+00 -4.128300e+02 -3.914608e+02 1.638738e+03 7.364151e+02 0.000000e+00 0.000000e+00 0.000000e+00 0.000000e+00 0.000000e+00 0.000000e+00 0.000000e+00 0.000000e+00 0.000000e+00
2.511000e+00 0.000000e+00 -5.360264e+03 -8.166777e+03 0.000000e+00 0.000000e+00 0.000000e+00 -4.132358e+02 -3.918289e+02 1.637599e+03 7.364865e+02 0.000000e+00 0.000000e+00 0.000000e+00 0.000000e+00 0.000000e+00 0.000000e+00 0.000000e+00 0.000000e+00 0.000000e+00
2.512000e+00 0.000000e+00 -5.352183e+03 -8.166329e+03 0.000000e+00 0.000000e+00 0.000000e+00 -4.136247e+02 -3.921804e+02 1.636448e+03 7.365227e+02 0.000000e+00 0.000000e+00 0.000000e+00 0.000000e+00 0.000000e+00 0.000000e+00 0.000000e+00 0.000000e+00 0.000000e+00
2.513000e+00 0.000000e+00 -5.343984e+03 -8.165738e+03 0.000000e+00 0.000000e+00 0.000000e+00 -4.139969e+02 -3.925152e+02 1.635285e+03 7.365239e+02 0.000000e+00 0.000000e+00 0.000000e+00 0.000000e+00 0.000000e+00 0.000000e+00 0.000000e+00 0.000000e+00 0.000000e+00
2.514000e+00 0.000000e+00 -5.335668e+03 -8.165005e+03 0.000000e+00 0.000000e+00 0.000000e+00 -4.143523e+02 -3.928334e+02 1.634110e+03 7.364902e+02 0.000000e+00 0.000000e+00 0.000000e+00 0.000000e+00 0.000000e+00 0.000000e+00 0.000000e+00 0.000000e+00 0.000000e+00
2.515000e+00 0.000000e+00 -5.327237e+03 -8.164128e+03 0.000000e+00 0.000000e+00 0.000000e+00 -4.146910e+02 -3.931351e+02 1.632923e+03 7.364219e+02 0.000000e+00 0.000000e+00 0.000000e+00 0.000000e+00 0.000000e+00 0.000000e+00 0.000000e+00 0.000000e+00 0.000000e+00
2.516000e+00 0.000000e+00 -5.318694e+03 -8.163109e+03 0.000000e+00 0.000000e+00 0.000000e+00 -4.150129e+02 -3.934203e+02 1.631725e+03 7.363192e+02 0.000000e+00 0.000000e+00 0.000000e+00 0.000000e+00 0.000000e+00 0.000000e+00 0.000000e+00 0.000000e+00 0.000000e+00
2.517000e+00 0.000000e+00 -5.310039e+03 -8.161945e+03 0.000000e+00 0.000000e+00 0.000000e+00 -4.153182e+02 -3.936890e+02 1.630515e+03 7.361822e+02 0.000000e+00 0.000000e+00 0.000000e+00 0.000000e+00 0.000000e+00 0.000000e+00 0.000000e+00 0.000000e+00 0.000000e+00
2.518000e+00 0.000000e+00 -5.301276e+03 -8.160639e+03 0.000000e+00 0.000000e+00 0.000000e+00 -4.156069e+02 -3.939412e+02 1.629294e+03 7.360112e+02 0.000000e+00 0.000000e+00 0.000000e+00 0.000000e+00 0.000000e+00 0.000000e+00 0.000000e+00 0.000000e+00 0.000000e+00
2.519000e+00 0.000000e+00 -5.292405e+03 -8.159188e+03 0.000000e+00 0.000000e+00 0.000000e+00 -4.158790e+02 -3.941771e+02 1.628062e+03 7.358064e+02 0.000000e+00 0.000000e+00 0.000000e+00 0.000000e+00 0.000000e+00 0.000000e+00 0.000000e+00 0.000000e+00 0.000000e+00
2.520000e+00 0.000000e+00 -5.283429e+03 -8.157594e+03 0.000000e+00 0.000000e+00 0.000000e+00 -4.161346e+02 -3.943967e+02 1.626819e+03 7.355680e+02 0.000000e+00 0.000000e+00 0.000000e+00 0.000000e+00 0.000000e+00 0.000000e+00 0.000000e+00 0.000000e+00 0.000000e+00
2.521000e+00 0.000000e+00 -5.274349e+03 -8.155856e+03 0.000000e+00 0.000000e+00 0.000000e+00 -4.163737e+02 -3.946001e+02 1.625565e+03 7.352963e+02 0.000000e+00 0.000000e+00 0.000000e+00 0.000000e+00 0.000000e+00 0.000000e+00 0.000000e+00 0.000000e+00 0.000000e+00
2.522000e+00 0.000000e+00 -5.265167e+03 -8.153974e+03 0.000000e+00 0.000000e+00 0.000000e+00 -4.165965e+02 -3.947872e+02 1.624301e+03 7.349916e+02 0.000000e+00 0.000000e+00 0.000000e+00 0.000000e+00 0.000000e+00 0.000000e+00 0.000000e+00 0.000000e+00 0.000000e+00
2.523000e+00 0.000000e+00 -5.255886e+03 -8.151948e+03 0.000000e+00 0.000000e+00 0.000000e+00 -4.168029e+02 -3.949583e+02 1.623026e+03 7.346541e+02 0.000000e+00 0.000000e+00 0.000000e+00 0.000000e+00 0.000000e+00 0.000000e+00 0.000000e+00 0.000000e+00 0.000000e+00
2.524000e+00 0.000000e+00 -5.246508e+03 -8.149777e+03 0.000000e+00 0.000000e+00 0.000000e+00 -4.169931e+02 -3.951133e+02 1.621741e+03 7.342841e+02 0.000000e+00 0.000000e+00 0.000000e+00 0.000000e+00 0.000000e+00 0.000000e+00 0.000000e+00 0.000000e+00 0.000000e+00
2.525000e+00 0.000000e+00 -5.237033e+03 -8.147463e+03 0.000000e+00 0.000000e+00 0.000000e+00 -4.171672e+02 -3.952525e+02 1.620445e+03 7.338819e+02 0.000000e+00 0.000000e+00 0.000000e+00 0.000000e+00 0.000000e+00 0.000000e+00 0.000000e+00 0.000000e+00 0.000000e+00
2.526000e+00 0.000000e+00 -5.227465e+03 -8.145005e+03 0.000000e+00 0.000000e+00 0.000000e+00 -4.173251e+02 -3.953757e+02 1.619140e+03 7.334477e+02 0.000000e+00 0.000000e+00 0.000000e+00 0.000000e+00 0.000000e+00 0.000000e+00 0.000000e+00 0.000000e+00 0.000000e+00
2.527000e+00 0.000000e+00 -5.217806e+03 -8.142402e+03 0.000000e+00 0.000000e+00 0.000000e+00 -4.174671e+02 -3.954832e+02 1.617825e+03 7.329820e+02 0.000000e+00 0.000000e+00 0.000000e+00 0.000000e+00 0.000000e+00 0.000000e+00 0.000000e+00 0.000000e+00 0.000000e+00
2.528000e+00 0.000000e+00 -5.208057e+03 -8.139656e+03 0.000000e+00 0.000000e+00 0.000000e+00 -4.175933e+02 -3.955751e+02 1.616500e+03 7.324849e+02 0.000000e+00 0.000000e+00 0.000000e+00 0.000000e+00 0.000000e+00 0.000000e+00 0.000000e+00 0.000000e+00 0.000000e+00
2.529000e+00 0.000000e+00 -5.198221e+03 -8.136766e+03 0.000000e+00 0.000000e+00 0.000000e+00 -4.177036e+02 -3.956514e+02 1.615166e+03 7.319568e+02 0.000000e+00 0.000000e+00 0.000000e+00 0.000000e+00 0.000000e+00 0.000000e+00 0.000000e+00 0.000000e+00 0.000000e+00
2.530000e+00 0.000000e+00 -5.188299e+03 -8.133732e+03 0.000000e+00 0.000000e+00 0.000000e+00 -4.177982e+02 -3.957122e+02 1.613823e+03 7.313980e+02 0.000000e+00 0.000000e+00 0.000000e+00 0.000000e+00 0.000000e+00 0.000000e+00 0.000000e+00 0.000000e+00 0.000000e+00
2.531000e+00 0.000000e+00 -5.178295e+03 -8.130555e+03 0.000000e+00 0.000000e+00 0.000000e+00 -4.178772e+02 -3.957576e+02 1.612471e+03 7.308089e+02 0.000000e+00 0.000000e+00 0.000000e+00 0.000000e+00 0.000000e+00 0.000000e+00 0.000000e+00 0.000000e+00 0.000000e+00
2.532000e+00 0.000000e+00 -5.168209e+03 -8.127234e+03 0.000000e+00 0.000000e+00 0.000000e+00 -4.179408e+02 -3.957879e+02 1.611110e+03 7.301897e+02 0.000000e+00 0.000000e+00 0.000000e+00 0.000000e+00 0.000000e+00 0.000000e+00 0.000000e+00 0.000000e+00 0.000000e+00
2.533000e+00 0.000000e+00 -5.158045e+03 -8.123770e+03 0.000000e+00 0.000000e+00 0.000000e+00 -4.179889e+02 -3.958030e+02 1.609740e+03 7.295409e+02 0.000000e+00 0.000000e+00 0.000000e+00 0.000000e+00 0.000000e+00 0.000000e+00 0.000000e+00 0.000000e+00 0.000000e+00
2.534000e+00 0.000000e+00 -5.147804e+03 -8.120163e+03 0.000000e+00 0.000000e+00 0.000000e+00 -4.180219e+02 -3.958031e+02 1.608362e+03 7.288628e+02 0.000000e+00 0.000000e+00 0.000000e+00 0.000000e+00 0.000000e+00 0.000000e+00 0.000000e+00 0.000000e+00 0.000000e+00
2.535000e+00 0.000000e+00 -5.137489e+03 -8.116414e+03 0.000000e+00 0.000000e+00 0.000000e+00 -4.180397e+02 -3.957883e+02 1.606976e+03 7.281557e+02 0.000000e+00 0.000000e+00 0.000000e+00 0.000000e+00 0.000000e+00 0.000000e+00 0.000000e+00 0.000000e+00 0.000000e+00
2.536000e+00 0.000000e+00 -5.127102e+03 -8.112522e+03 0.000000e+00 0.000000e+00 0.000000e+00 -4.180425e+02 -3.957588e+02 1.605581e+03 7.274201e+02 0.000000e+00 0.000000e+00 0.000000e+00 0.000000e+00 0.000000e+00 0.000000e+00 0.000000e+00 0.000000e+00 0.000000e+00
2.537000e+00 0.000000e+00 -5.116644e+03 -8.108489e+03 0.000000e+00 0.000000e+00 0.000000e+00 -4.180305e+02 -3.957147e+02 1.604179e+03 7.266563e+02 0.000000e+00 0.000000e+00 0.000000e+00 0.000000e+00 0.000000e+00 0.000000e+00 0.000000e+00 0.000000e+00 0.000000e+00
2.538000e+00 0.000000e+00 -5.106119e+03 -8.104314e+03 0.000000e+00 0.000000e+00 0.000000e+00 -4.180039e+02 -3.956562e+02 1.602769e+03 7.258648e+02 0.000000e+00 0.000000e+00 0.000000e+00 0.000000e+00 0.000000e+00 0.000000e+00 0.000000e+00 0.000000e+00 0.000000e+00
2.539000e+00 0.000000e+00 -5.095528e+03 -8.099997e+03 0.000000e+00 0.000000e+00 0.000000e+00 -4.179626e+02 -3.955834e+02 1.601352e+03 7.250459e+02 0.000000e+00 0.000000e+00 0.000000e+00 0.000000e+00 0.000000e+00 0.000000e+00 0.000000e+00 0.000000e+00 0.000000e+00
2.540000e+00 0.000000e+00 -5.084874e+03 -8.095541e+03 0.000000e+00 0.000000e+00 0.000000e+00 -4.179070e+02 -3.954964e+02 1.599927e+03 7.242000e+02 0.000000e+00 0.000000e+00 0.000000e+00 0.000000e+00 0.000000e+00 0.000000e+00 0.000000e+00 0.000000e+00 0.000000e+00
2.541000e+00 0.000000e+00 -5.074159e+03 -8.090944e+03 0.000000e+00 0.000000e+00 0.000000e+00 -4.178372e+02 -3.953955e+02 1.598496e+03 7.233277e+02 0.000000e+00 0.000000e+00 0.000000e+00 0.000000e+00 0.000000e+00 0.000000e+00 0.000000e+00 0.000000e+00 0.000000e+00
2.542000e+00 0.000000e+00 -5.063384e+03 -8.086209e+03 0.000000e+00 0.000000e+00 0.000000e+00 -4.177533e+02 -3.952808e+02 1.597058e+03 7.224292e+02 0.000000e+00 0.000000e+00 0.000000e+00 0.000000e+00 0.000000e+00 0.000000e+00 0.000000e+00 0.000000e+00 0.000000e+00
2.543000e+00 0.000000e+00 -5.052553e+03 -8.081334e+03 0.000000e+00 0.000000e+00 0.000000e+00 -4.176555e+02 -3.951525e+02 1.595613e+03 7.215051e+02 0.000000e+00 0.000000e+00 0.000000e+00 0.000000e+00 0.000000e+00 0.000000e+00 0.000000e+00 0.000000e+00 0.000000e+00
2.544000e+00 0.000000e+00 -5.041668e+03 -8.076322e+03 0.000000e+00 0.000000e+00 0.000000e+00 -4.175440e+02 -3.950107e+02 1.594162e+03 7.205557e+02 0.000000e+00 0.000000e+00 0.000000e+00 0.000000e+00 0.000000e+00 0.000000e+00 0.000000e+00 0.000000e+00 0.000000e+00
2.545000e+00 0.000000e+00 -5.030730e+03 -8.071171e+03 0.000000e+00 0.000000e+00 0.000000e+00 -4.174189e+02 -3.948556e+02 1.592705e+03 7.195816e+02 0.000000e+00 0.000000e+00 0.000000e+00 0.000000e+00 0.000000e+00 0.000000e+00 0.000000e+00 0.000000e+00 0.000000e+00
2.546000e+00 0.000000e+00 -5.019743e+03 -8.065885e+03 0.000000e+00 0.000000e+00 0.000000e+00 -4.172804e+02 -3.946874e+02 1.591242e+03 7.185832e+02 0.000000e+00 0.000000e+00 0.000000e+00 0.000000e+00 0.000000e+00 0.000000e+00 0.000000e+00 0.000000e+00 0.000000e+00
2.547000e+00 0.000000e+00 -5.008708e+03 -8.060462e+03 0.000000e+00 0.000000e+00 0.000000e+00 -4.171288e+02 -3.945063e+02 1.589774e+03 7.175608e+02 0.000000e+00 0.000000e+00 0.000000e+00 0.000000e+00 0.000000e+00 0.000000e+00 0.000000e+00 0.000000e+00 0.000000e+00
2.548000e+00 0.000000e+00 -4.997629e+03 -8.054904e+03 0.000000e+00 0.000000e+00 0.000000e+00 -4.169642e+02 -3.943125e+02 1.588300e+03 7.165152e+02 0.000000e+00 0.000000e+00 0.000000e+00 0.000000e+00 0.000000e+00 0.000000e+00 0.000000e+00 0.000000e+00 0.000000e+00
2.549000e+00 0.000000e+00 -4.986506e+03 -8.049211e+03 0.000000e+00 0.000000e+00 0.000000e+00 -4.167867e+02 -3.941061e+02 1.586821e+03 7.154465e+02 0.000000e+00 0.000000e+00 0.000000e+00 0.000000e+00 0.000000e+00 0.000000e+00 0.000000e+00 0.000000e+00 0.000000e+00
2.550000e+00 0.000000e+00 -4.975343e+03 -8.043386e+03 0.000000e+00 0.000000e+00 0.000000e+00 -4.165967e+02 -3.938874e+02 1.585337e+03 7.143555e+02 0.000000e+00 0.000000e+00 0.000000e+00 0.000000e+00 0.000000e+00 0.000000e+00 0.000000e+00 0.000000e+00 0.000000e+00
2.551000e+00 0.000000e+00 -4.964142e+03 -8.037427e+03 0.000000e+00 0.000000e+00 0.000000e+00 -4.163942e+02 -3.936565e+02 1.583848e+03 7.132425e+02 0.000000e+00 0.000000e+00 0.000000e+00 0.000000e+00 0.000000e+00 0.000000e+00 0.000000e+00 0.000000e+00 0.000000e+00
2.552000e+00 0.000000e+00 -4.952904e+03 -8.031337e+03 0.000000e+00 0.000000e+00 0.000000e+00 -4.161796e+02 -3.934138e+02 1.582355e+03 7.121082e+02 0.000000e+00 0.000000e+00 0.000000e+00 0.000000e+00 0.000000e+00 0.000000e+00 0.000000e+00 0.000000e+00 0.000000e+00
2.553000e+00 0.000000e+00 -4.941634e+03 -8.025117e+03 0.000000e+00 0.000000e+00 0.000000e+00 -4.159530e+02 -3.931593e+02 1.580858e+03 7.109529e+02 0.000000e+00 0.000000e+00 0.000000e+00 0.000000e+00 0.000000e+00 0.000000e+00 0.000000e+00 0.000000e+00 0.000000e+00
2.554000e+00 0.000000e+00 -4.930332e+03 -8.018768e+03 0.000000e+00 0.000000e+00 0.000000e+00 -4.157146e+02 -3.928934e+02 1.579357e+03 7.097772e+02 0.000000e+00 0.000000e+00 0.000000e+00 0.000000e+00 0.000000e+00 0.000000e+00 0.000000e+00 0.000000e+00 0.000000e+00
2.555000e+00 0.000000e+00 -4.919001e+03 -8.012290e+03 0.000000e+00 0.000000e+00 0.000000e+00 -4.154647e+02 -3.926161e+02 1.577852e+03 7.085816e+02 0.000000e+00 0.000000e+00 0.000000e+00 0.000000e+00 0.000000e+00 0.000000e+00 0.000000e+00 0.000000e+00 0.000000e+00
2.556000e+00 0.000000e+00 -4.907643e+03 -8.005685e+03 0.000000e+00 0.000000e+00 0.000000e+00 -4.152035e+02 -3.923279e+02 1.576344e+03 7.073667e+02 0.000000e+00 0.000000e+00 0.000000e+00 0.000000e+00 0.000000e+00 0.000000e+00 0.000000e+00 0.000000e+00 0.000000e+00
2.557000e+00 0.000000e+00 -4.896261e+03 -7.998954e+03 0.000000e+00 0.000000e+00 0.000000e+00 -4.149312e+02 -3.920289e+02 1.574833e+03 7.061330e+02 0.000000e+00 0.000000e+00 0.000000e+00 0.000000e+00 0.000000e+00 0.000000e+00 0.000000e+00 0.000000e+00 0.000000e+00
2.558000e+00 0.000000e+00 -4.884857e+03 -7.992099e+03 0.000000e+00 0.000000e+00 0.000000e+00 -4.146481e+02 -3.917193e+02 1.573319e+03 7.048810e+02 0.000000e+00 0.000000e+00 0.000000e+00 0.000000e+00 0.000000e+00 0.000000e+00 0.000000e+00 0.000000e+00 0.000000e+00
2.559000e+00 0.000000e+00 -4.873433e+03 -7.985121e+03 0.000000e+00 0.000000e+00 0.000000e+00 -4.143544e+02 -3.913994e+02 1.571802e+03 7.036114e+02 0.000000e+00 0.000000e+00 0.000000e+00 0.000000e+00 0.000000e+00 0.000000e+00 0.000000e+00 0.000000e+00 0.000000e+00
2.560000e+00 0.000000e+00 -4.861992e+03 -7.978022e+03 0.000000e+00 0.000000e+00 0.000000e+00 -4.140503e+02 -3.910695e+02 1.570283e+03 7.023245e+02 0.000000e+00 0.000000e+00 0.000000e+00 0.000000e+00 0.000000e+00 0.000000e+00 0.000000e+00 0.000000e+00 0.000000e+00
2.561000e+00 0.000000e+00 -4.850536e+03 -7.970801e+03 0.000000e+00 0.000000e+00 0.000000e+00 -4.137362e+02 -3.907297e+02 1.568761e+03 7.010211e+02 0.000000e+00 0.000000e+00 0.000000e+00 0.000000e+00 0.000000e+00 0.000000e+00 0.000000e+00 0.000000e+00 0.000000e+00
2.562000e+00 0.000000e+00 -4.839067e+03 -7.963462e+03 0.000000e+00 0.000000e+00 0.000000e+00 -4.134122e+02 -3.903803e+02 1.567238e+03 6.997017e+02 0.000000e+00 0.000000e+00 0.000000e+00 0.000000e+00 0.000000e+00 0.000000e+00 0.000000e+00 0.000000e+00 0.000000e+00
2.563000e+00 0.000000e+00 -4.827588e+03 -7.956006e+03 0.000000e+00 0.000000e+00 0.000000e+00 -4.130786e+02 -3.900217e+02 1.565713e+03 6.983668e+02 0.000000e+00 0.000000e+00 0.000000e+00 0.000000e+00 0.000000e+00 0.000000e+00 0.000000e+00 0.000000e+00 0.000000e+00
2.564000e+00 0.000000e+00 -4.816101e+03 -7.948433e+03 0.000000e+00 0.000000e+00 0.000000e+00 -4.127357e+02 -3.896539e+02 1.564187e+03 6.970170e+02 0.000000e+00 0.000000e+00 0.000000e+00 0.000000e+00 0.000000e+00 0.000000e+00 0.000000e+00 0.000000e+00 0.000000e+00
2.565000e+00 0.000000e+00 -4.804608e+03 -7.940747e+03 0.000000e+00 0.000000e+00 0.000000e+00 -4.123837e+02 -3.892774e+02 1.562660e+03 6.956529e+02 0.000000e+00 0.000000e+00 0.000000e+00 0.000000e+00 0.000000e+00 0.000000e+00 0.000000e+00 0.000000e+00 0.000000e+00
2.566000e+00 0.000000e+00 -4.793111e+03 -7.932948e+03 0.000000e+00 0.000000e+00 0.000000e+00 -4.120229e+02 -3.888923e+02 1.561132e+03 6.942751e+02 0.000000e+00 0.000000e+00 0.000000e+00 0.000000e+00 0.000000e+00 0.000000e+00 0.000000e+00 0.000000e+00 0.000000e+00
2.567000e+00 0.000000e+00 -4.781614e+03 -7.925038e+03 0.000000e+00 0.000000e+00 0.000000e+00 -4.116536e+02 -3.884990e+02 1.559604e+03 6.928843e+02 0.000000e+00 0.000000e+00 0.000000e+00 0.000000e+00 0.000000e+00 0.000000e+00 0.000000e+00 0.000000e+00 0.000000e+00
2.568000e+00 0.000000e+00 -4.770117e+03 -7.917019e+03 0.000000e+00 0.000000e+00 0.000000e+00 -4.112760e+02 -3.880977e+02 1.558075e+03 6.914809e+02 0.000000e+00 0.000000e+00 0.000000e+00 0.000000e+00 0.000000e+00 0.000000e+00 0.000000e+00 0.000000e+00 0.000000e+00
2.569000e+00 0.000000e+00 -4.758624e+03 -7.908893e+03 0.000000e+00 0.000000e+00 0.000000e+00 -4.108905e+02 -3.876888e+02 1.556547e+03 6.900656e+02 0.000000e+00 0.000000e+00 0.000000e+00 0.000000e+00 0.000000e+00 0.000000e+00 0.000000e+00 0.000000e+00 0.000000e+00
2.570000e+00 0.000000e+00 -4.747137e+03 -7.900662e+03 0.000000e+00 0.000000e+00 0.000000e+00 -4.104973e+02 -3.872724e+02 1.555018e+03 6.886390e+02 0.000000e+00 0.000000e+00 0.000000e+00 0.000000e+00 0.000000e+00 0.000000e+00 0.000000e+00 0.000000e+00 0.000000e+00
2.571000e+00 0.000000e+00 -4.735658e+03 -7.892327e+03 0.000000e+00 0.000000e+00 0.000000e+00 -4.100968e+02 -3.868489e+02 1.553491e+03 6.872018e+02 0.000000e+00 0.000000e+00 0.000000e+00 0.000000e+00 0.000000e+00 0.000000e+00 0.000000e+00 0.000000e+00 0.000000e+00
2.572000e+00 0.000000e+00 -4.724188e+03 -7.883891e+03 0.000000e+00 0.000000e+00 0.000000e+00 -4.096891e+02 -3.864186e+02 1.551964e+03 6.857545e+02 0.000000e+00 0.000000e+00 0.000000e+00 0.000000e+00 0.000000e+00 0.000000e+00 0.000000e+00 0.000000e+00 0.000000e+00
2.573000e+00 0.000000e+00 -4.712732e+03 -7.875356e+03 0.000000e+00 0.000000e+00 0.000000e+00 -4.092747e+02 -3.859818e+02 1.550438e+03 6.842979e+02 0.000000e+00 0.000000e+00 0.000000e+00 0.000000e+00 0.000000e+00 0.000000e+00 0.000000e+00 0.000000e+00 0.000000e+00
2.574000e+00 0.000000e+00 -4.701290e+03 -7.866723e+03 0.000000e+00 0.000000e+00 0.000000e+00 -4.088537e+02 -3.855387e+02 1.548914e+03 6.828324e+02 0.000000e+00 0.000000e+00 0.000000e+00 0.000000e+00 0.000000e+00 0.000000e+00 0.000000e+00 0.000000e+00 0.000000e+00
2.575000e+00 0.000000e+00 -4.689865e+03 -7.857995e+03 0.000000e+00 0.000000e+00 0.000000e+00 -4.084266e+02 -3.850897e+02 1.547392e+03 6.813588e+02 0.000000e+00 0.000000e+00 0.000000e+00 0.000000e+00 0.000000e+00 0.000000e+00 0.000000e+00 0.000000e+00 0.000000e+00
2.576000e+00 0.000000e+00 -4.678460e+03 -7.849174e+03 0.000000e+00 0.000000e+00 0.000000e+00 -4.079936e+02 -3.846350e+02 1.545871e+03 6.798776e+02 0.000000e+00 0.000000e+00 0.000000e+00 0.000000e+00 0.000000e+00 0.000000e+00 0.000000e+00 0.000000e+00 0.000000e+00
2.577000e+00 0.000000e+00 -4.667076e+03 -7.840263e+03 0.000000e+00 0.000000e+00 0.000000e+00 -4.075549e+02 -3.841751e+02 1.544353e+03 6.783896e+02 0.000000e+00 0.000000e+00 0.000000e+00 0.000000e+00 0.000000e+00 0.000000e+00 0.000000e+00 0.000000e+00 0.000000e+00
2.578000e+00 0.000000e+00 -4.655715e+03 -7.831263e+03 0.000000e+00 0.000000e+00 0.000000e+00 -4.071111e+02 -3.837101e+02 1.542838e+03 6.768953e+02 0.000000e+00 0.000000e+00 0.000000e+00 0.000000e+00 0.000000e+00 0.000000e+00 0.000000e+00 0.000000e+00 0.000000e+00
2.579000e+00 0.000000e+00 -4.644381e+03 -7.822176e+03 0.000000e+00 0.000000e+00 0.000000e+00 -4.066622e+02 -3.832404e+02 1.541325e+03 6.753955e+02 0.000000e+00 0.000000e+00 0.000000e+00 0.000000e+00 0.000000e+00 0.000000e+00 0.000000e+00 0.000000e+00 0.000000e+00
2.580000e+00 0.000000e+00 -4.633075e+03 -7.813006e+03 0.000000e+00 0.000000e+00 0.000000e+00 -4.062087e+02 -3.827663e+02 1.539815e+03 6.738907e+02 0.000000e+00 0.000000e+00 0.000000e+00 0.000000e+00 0.000000e+00 0.000000e+00 0.000000e+00 0.000000e+00 0.000000e+00
2.581000e+00 0.000000e+00 -4.621799e+03 -7.803754e+03 0.000000e+00 0.000000e+00 0.000000e+00 -4.057509e+02 -3.822881e+02 1.538309e+03 6.723816e+02 0.000000e+00 0.000000e+00 0.000000e+00 0.000000e+00 0.000000e+00 0.000000e+00 0.000000e+00 0.000000e+00 0.000000e+00
2.582000e+00 0.000000e+00 -4.610555e+03 -7.794423e+03 0.000000e+00 0.000000e+00 0.000000e+00 -4.052892e+02 -3.818062e+02 1.536807e+03 6.708690e+02 0.000000e+00 0.000000e+00 0.000000e+00 0.000000e+00 0.000000e+00 0.000000e+00 0.000000e+00 0.000000e+00 0.000000e+00
2.583000e+00 0.000000e+00 -4.599347e+03 -7.785016e+03 0.000000e+00 0.000000e+00 0.000000e+00 -4.048237e+02 -3.813209e+02 1.535309e+03 6.693533e+02 0.000000e+00 0.000000e+00 0.000000e+00 0.000000e+00 0.000000e+00 0.000000e+00 0.000000e+00 0.000000e+00 0.000000e+00
2.584000e+00 0.000000e+00 -4.588175e+03 -7.775535e+03 0.000000e+00 0.000000e+00 0.000000e+00 -4.043549e+02 -3.808325e+02 1.533815e+03 6.678354e+02 0.000000e+00 0.000000e+00 0.000000e+00 0.000000e+00 0.000000e+00 0.000000e+00 0.000000e+00 0.000000e+00 0.000000e+00
2.585000e+00 0.000000e+00 -4.577041e+03 -7.765983e+03 0.000000e+00 0.000000e+00 0.000000e+00 -4.038832e+02 -3.803413e+02 1.532325e+03 6.663158e+02 0.000000e+00 0.000000e+00 0.000000e+00 0.000000e+00 0.000000e+00 0.000000e+00 0.000000e+00 0.000000e+00 0.000000e+00
2.586000e+00 0.000000e+00 -4.565949e+03 -7.756361e+03 0.000000e+00 0.000000e+00 0.000000e+00 -4.034087e+02 -3.798477e+02 1.530841e+03 6.647953e+02 0.000000e+00 0.000000e+00 0.000000e+00 0.000000e+00 0.000000e+00 0.000000e+00 0.000000e+00 0.000000e+00 0.000000e+00
2.587000e+00 0.000000e+00 -4.554901e+03 -7.746674e+03 0.000000e+00 0.000000e+00 0.000000e+00 -4.029319e+02 -3.793520e+02 1.529361e+03 6.632745e+02 0.000000e+00 0.000000e+00 0.000000e+00 0.000000e+00 0.000000e+00 0.000000e+00 0.000000e+00 0.000000e+00 0.000000e+00
2.588000e+00 0.000000e+00 -4.543897e+03 -7.736924e+03 0.000000e+00 0.000000e+00 0.000000e+00 -4.024532e+02 -3.788545e+02 1.527887e+03 6.617540e+02 0.000000e+00 0.000000e+00 0.000000e+00 0.000000e+00 0.000000e+00 0.000000e+00 0.000000e+00 0.000000e+00 0.000000e+00
2.589000e+00 0.000000e+00 -4.532941e+03 -7.727112e+03 0.000000e+00 0.000000e+00 0.000000e+00 -4.019727e+02 -3.783556e+02 1.526419e+03 6.602346e+02 0.000000e+00 0.000000e+00 0.000000e+00 0.000000e+00 0.000000e+00 0.000000e+00 0.000000e+00 0.000000e+00 0.000000e+00
2.590000e+00 0.000000e+00 -4.522034e+03 -7.717243e+03 0.000000e+00 0.000000e+00 0.000000e+00 -4.014910e+02 -3.778555e+02 1.524957e+03 6.587169e+02 0.000000e+00 0.000000e+00 0.000000e+00 0.000000e+00 0.000000e+00 0.000000e+00 0.000000e+00 0.000000e+00 0.000000e+00
2.591000e+00 0.000000e+00 -4.511178e+03 -7.707319e+03 0.000000e+00 0.000000e+00 0.000000e+00 -4.010083e+02 -3.773547e+02 1.523501e+03 6.572016e+02 0.000000e+00 0.000000e+00 0.000000e+00 0.000000e+00 0.000000e+00 0.000000e+00 0.000000e+00 0.000000e+00 0.000000e+00
2.592000e+00 0.000000e+00 -4.500377e+03 -7.697343e+03 0.000000e+00 0.000000e+00 0.000000e+00 -4.005249e+02 -3.768535e+02 1.522052e+03 6.556894e+02 0.000000e+00 0.000000e+00 0.000000e+00 0.000000e+00 0.000000e+00 0.000000e+00 0.000000e+00 0.000000e+00 0.000000e+00
2.593000e+00 0.000000e+00 -4.489630e+03 -7.687318e+03 0.000000e+00 0.000000e+00 0.000000e+00 -4.000413e+02 -3.763523e+02 1.520610e+03 6.541808e+02 0.000000e+00 0.000000e+00 0.000000e+00 0.000000e+00 0.000000e+00 0.000000e+00 0.000000e+00 0.000000e+00 0.000000e+00
2.594000e+00 0.000000e+00 -4.478942e+03 -7.677247e+03 0.000000e+00 0.000000e+00 0.000000e+00 -3.995577e+02 -3.758513e+02 1.519175e+03 6.526767e+02 0.000000e+00 0.000000e+00 0.000000e+00 0.000000e+00 0.000000e+00 0.000000e+00 0.000000e+00 0.000000e+00 0.000000e+00
2.595000e+00 0.000000e+00 -4.468312e+03 -7.667132e+03 0.000000e+00 0.000000e+00 0.000000e+00 -3.990746e+02 -3.753509e+02 1.517748e+03 6.511777e+02 0.000000e+00 0.000000e+00 0.000000e+00 0.000000e+00 0.000000e+00 0.000000e+00 0.000000e+00 0.000000e+00 0.000000e+00
2.596000e+00 0.000000e+00 -4.457744e+03 -7.656977e+03 0.000000e+00 0.000000e+00 0.000000e+00 -3.985922e+02 -3.748515e+02 1.516328e+03 6.496845e+02 0.000000e+00 0.000000e+00 0.000000e+00 0.000000e+00 0.000000e+00 0.000000e+00 0.000000e+00 0.000000e+00 0.000000e+00
2.597000e+00 0.000000e+00 -4.447240e+03 -7.646785e+03 0.000000e+00 0.000000e+00 0.000000e+00 -3.981110e+02 -3.743534e+02 1.514916e+03 6.481977e+02 0.000000e+00 0.000000e+00 0.000000e+00 0.000000e+00 0.000000e+00 0.000000e+00 0.000000e+00 0.000000e+00 0.000000e+00
2.598000e+00 0.000000e+00 -4.436801e+03 -7.636558e+03 0.000000e+00 0.000000e+00 0.000000e+00 -3.976312e+02 -3.738569e+02 1.513513e+03 6.467180e+02 0.000000e+00 0.000000e+00 0.000000e+00 0.000000e+00 0.000000e+00 0.000000e+00 0.000000e+00 0.000000e+00 0.000000e+00
2.599000e+00 0.000000e+00 -4.426429e+03 -7.626301e+03 0.000000e+00 0.000000e+00 0.000000e+00 -3.971533e+02 -3.733625e+02 1.512118e+03 6.452461e+02 0.000000e+00 0.000000e+00 0.000000e+00 0.000000e+00 0.000000e+00 0.000000e+00 0.000000e+00 0.000000e+00 0.000000e+00
2.600000e+00 0.000000e+00 -4.416126e+03 -7.616016e+03 0.000000e+00 0.000000e+00 0.000000e+00 -3.966775e+02 -3.728704e+02 1.510732e+03 6.437826e+02 0.000000e+00 0.000000e+00 0.000000e+00 0.000000e+00 0.000000e+00 0.000000e+00 0.000000e+00 0.000000e+00 0.000000e+00
2.601000e+00 0.000000e+00 -4.405894e+03 -7.605706e+03 0.000000e+00 0.000000e+00 0.000000e+00 -3.962043e+02 -3.723810e+02 1.509356e+03 6.423282e+02 0.000000e+00 0.000000e+00 0.000000e+00 0.000000e+00 0.000000e+00 0.000000e+00 0.000000e+00 0.000000e+00 0.000000e+00
2.602000e+00 0.000000e+00 -4.395736e+03 -7.595375e+03 0.000000e+00 0.000000e+00 0.000000e+00 -3.957339e+02 -3.718946e+02 1.507989e+03 6.408836e+02 0.000000e+00 0.000000e+00 0.000000e+00 0.000000e+00 0.000000e+00 0.000000e+00 0.000000e+00 0.000000e+00 0.000000e+00
2.603000e+00 0.000000e+00 -4.385651e+03 -7.585025e+03 0.000000e+00 0.000000e+00 0.000000e+00 -3.952668e+02 -3.714117e+02 1.506631e+03 6.394495e+02 0.000000e+00 0.000000e+00 0.000000e+00 0.000000e+00 0.000000e+00 0.000000e+00 0.000000e+00 0.000000e+00 0.000000e+00
2.604000e+00 0.000000e+00 -4.375644e+03 -7.574660e+03 0.000000e+00 0.000000e+00 0.000000e+00 -3.948033e+02 -3.709325e+02 1.505284e+03 6.380265e+02 0.000000e+00 0.000000e+00 0.000000e+00 0.000000e+00 0.000000e+00 0.000000e+00 0.000000e+00 0.000000e+00 0.000000e+00
2.605000e+00 0.000000e+00 -4.365714e+03 -7.564284e+03 0.000000e+00 0.000000e+00 0.000000e+00 -3.943437e+02 -3.704574e+02 1.503947e+03 6.366152e+02 0.000000e+00 0.000000e+00 0.000000e+00 0.000000e+00 0.000000e+00 0.000000e+00 0.000000e+00 0.000000e+00 0.000000e+00
2.606000e+00 0.000000e+00 -4.355865e+03 -7.553899e+03 0.000000e+00 0.000000e+00 0.000000e+00 -3.938884e+02 -3.699868e+02 1.502620e+03 6.352164e+02 0.000000e+00 0.000000e+00 0.000000e+00 0.000000e+00 0.000000e+00 0.000000e+00 0.000000e+00 0.000000e+00 0.000000e+00
2.607000e+00 0.000000e+00 -4.346097e+03 -7.543508e+03 0.000000e+00 0.000000e+00 0.000000e+00 -3.934378e+02 -3.695209e+02 1.501304e+03 6.338307e+02 0.000000e+00 0.000000e+00 0.000000e+00 0.000000e+00 0.000000e+00 0.000000e+00 0.000000e+00 0.000000e+00 0.000000e+00
2.608000e+00 0.000000e+00 -4.336413e+03 -7.533116e+03 0.000000e+00 0.000000e+00 0.000000e+00 -3.929922e+02 -3.690602e+02 1.500000e+03 6.324587e+02 0.000000e+00 0.000000e+00 0.000000e+00 0.000000e+00 0.000000e+00 0.000000e+00 0.000000e+00 0.000000e+00 0.000000e+00
2.609000e+00 0.000000e+00 -4.326813e+03 -7.522725e+03 0.000000e+00 0.000000e+00 0.000000e+00 -3.925519e+02 -3.686050e+02 1.498707e+03 6.311010e+02 0.000000e+00 0.000000e+00 0.000000e+00 0.000000e+00 0.000000e+00 0.000000e+00 0.000000e+00 0.000000e+00 0.000000e+00
2.610000e+00 0.000000e+00 -4.317301e+03 -7.512340e+03 0.000000e+00 0.000000e+00 0.000000e+00 -3.921173e+02 -3.681557e+02 1.497425e+03 6.297584e+02 0.000000e+00 0.000000e+00 0.000000e+00 0.000000e+00 0.000000e+00 0.000000e+00 0.000000e+00 0.000000e+00 0.000000e+00
2.611000e+00 0.000000e+00 -4.307877e+03 -7.501962e+03 0.000000e+00 0.000000e+00 0.000000e+00 -3.916888e+02 -3.677125e+02 1.496156e+03 6.284314e+02 0.000000e+00 0.000000e+00 0.000000e+00 0.000000e+00 0.000000e+00 0.000000e+00 0.000000e+00 0.000000e+00 0.000000e+00
2.612000e+00 0.000000e+00 -4.298543e+03 -7.491596e+03 0.000000e+00 0.000000e+00 0.000000e+00 -3.912668e+02 -3.672758e+02 1.494898e+03 6.271208e+02 0.000000e+00 0.000000e+00 0.000000e+00 0.000000e+00 0.000000e+00 0.000000e+00 0.000000e+00 0.000000e+00 0.000000e+00
2.613000e+00 0.000000e+00 -4.289300e+03 -7.481245e+03 0.000000e+00 0.000000e+00 0.000000e+00 -3.908514e+02 -3.668460e+02 1.493653e+03 6.258270e+02 0.000000e+00 0.000000e+00 0.000000e+00 0.000000e+00 0.000000e+00 0.000000e+00 0.000000e+00 0.000000e+00 0.000000e+00
2.614000e+00 0.000000e+00 -4.280151e+03 -7.470912e+03 0.000000e+00 0.000000e+00 0.000000e+00 -3.904432e+02 -3.664234e+02 1.492421e+03 6.245508e+02 0.000000e+00 0.000000e+00 0.000000e+00 0.000000e+00 0.000000e+00 0.000000e+00 0.000000e+00 0.000000e+00 0.000000e+00
2.615000e+00 0.000000e+00 -4.271097e+03 -7.460601e+03 0.000000e+00 0.000000e+00 0.000000e+00 -3.900424e+02 -3.660083e+02 1.491201e+03 6.232928e+02 0.000000e+00 0.000000e+00 0.000000e+00 0.000000e+00 0.000000e+00 0.000000e+00 0.000000e+00 0.000000e+00 0.000000e+00
2.616000e+00 0.000000e+00 -4.262138e+03 -7.450315e+03 0.000000e+00 0.000000e+00 0.000000e+00 -3.896494e+02 -3.656011e+02 1.489995e+03 6.220535e+02 0.000000e+00 0.000000e+00 0.000000e+00 0.000000e+00 0.000000e+00 0.000000e+00 0.000000e+00 0.000000e+00 0.000000e+00
2.617000e+00 0.000000e+00 -4.253278e+03 -7.440058e+03 0.000000e+00 0.000000e+00 0.000000e+00 -3.892645e+02 -3.652021e+02 1.488802e+03 6.208336e+02 0.000000e+00 0.000000e+00 0.000000e+00 0.000000e+00 0.000000e+00 0.000000e+00 0.000000e+00 0.000000e+00 0.000000e+00
2.618000e+00 0.000000e+00 -4.244516e+03 -7.429832e+03 0.000000e+00 0.000000e+00 0.000000e+00 -3.888880e+02 -3.648117e+02 1.487623e+03 6.196336e+02 0.000000e+00 0.000000e+00 0.000000e+00 0.000000e+00 0.000000e+00 0.000000e+00 0.000000e+00 0.000000e+00 0.000000e+00
2.619000e+00 0.000000e+00 -4.235855e+03 -7.419643e+03 0.000000e+00 0.000000e+00 0.000000e+00 -3.885204e+02 -3.644301e+02 1.486457e+03 6.184543e+02 0.000000e+00 0.000000e+00 0.000000e+00 0.000000e+00 0.000000e+00 0.000000e+00 0.000000e+00 0.000000e+00 0.000000e+00
2.620000e+00 0.000000e+00 -4.227296e+03 -7.409492e+03 0.000000e+00 0.000000e+00 0.000000e+00 -3.881618e+02 -3.640577e+02 1.485306e+03 6.172961e+02 0.000000e+00 0.000000e+00 0.000000e+00 0.000000e+00 0.000000e+00 0.000000e+00 0.000000e+00 0.000000e+00 0.000000e+00
2.621000e+00 0.000000e+00 -4.218840e+03 -7.399383e+03 0.000000e+00 0.000000e+00 0.000000e+00 -3.878128e+02 -3.636949e+02 1.484169e+03 6.161596e+02 0.000000e+00 0.000000e+00 0.000000e+00 0.000000e+00 0.000000e+00 0.000000e+00 0.000000e+00 0.000000e+00 0.000000e+00
2.622000e+00 0.000000e+00 -4.210489e+03 -7.389320e+03 0.000000e+00 0.000000e+00 0.000000e+00 -3.874735e+02 -3.633419e+02 1.483047e+03 6.150454e+02 0.000000e+00 0.000000e+00 0.000000e+00 0.000000e+00 0.000000e+00 0.000000e+00 0.000000e+00 0.000000e+00 0.000000e+00
2.623000e+00 0.000000e+00 -4.202244e+03 -7.379306e+03 0.000000e+00 0.000000e+00 0.000000e+00 -3.871443e+02 -3.629990e+02 1.481940e+03 6.139542e+02 0.000000e+00 0.000000e+00 0.000000e+00 0.000000e+00 0.000000e+00 0.000000e+00 0.000000e+00 0.000000e+00 0.000000e+00
2.624000e+00 0.000000e+00 -4.194106e+03 -7.369344e+03 0.000000e+00 0.000000e+00 0.000000e+00 -3.868255e+02 -3.626667e+02 1.480847e+03 6.128863e+02 0.000000e+00 0.000000e+00 0.000000e+00 0.000000e+00 0.000000e+00 0.000000e+00 0.000000e+00 0.000000e+00 0.000000e+00
2.625000e+00 0.000000e+00 -4.186076e+03 -7.359439e+03 0.000000e+00 0.000000e+00 0.000000e+00 -3.865175e+02 -3.623451e+02 1.479770e+03 6.118425e+02 0.000000e+00 0.000000e+00 0.000000e+00 0.000000e+00 0.000000e+00 0.000000e+00 0.000000e+00 0.000000e+00 0.000000e+00
2.626000e+00 0.000000e+00 -4.178156e+03 -7.349593e+03 0.000000e+00 0.000000e+00 0.000000e+00 -3.862206e+02 -3.620346e+02 1.478709e+03 6.108231e+02 0.000000e+00 0.000000e+00 0.000000e+00 0.000000e+00 0.000000e+00 0.000000e+00 0.000000e+00 0.000000e+00 0.000000e+00
2.627000e+00 0.000000e+00 -4.170346e+03 -7.339809e+03 0.000000e+00 0.000000e+00 0.000000e+00 -3.859350e+02 -3.617355e+02 1.477663e+03 6.098289e+02 0.000000e+00 0.000000e+00 0.000000e+00 0.000000e+00 0.000000e+00 0.000000e+00 0.000000e+00 0.000000e+00 0.000000e+00
2.628000e+00 0.000000e+00 -4.162649e+03 -7.330091e+03 0.000000e+00 0.000000e+00 0.000000e+00 -3.856611e+02 -3.614482e+02 1.476633e+03 6.088602e+02 0.000000e+00 0.000000e+00 0.000000e+00 0.000000e+00 0.000000e+00 0.000000e+00 0.000000e+00 0.000000e+00 0.000000e+00
2.629000e+00 0.000000e+00 -4.155064e+03 -7.320443e+03 0.000000e+00 0.000000e+00 0.000000e+00 -3.853991e+02 -3.611728e+02 1.475619e+03 6.079176e+02 0.000000e+00 0.000000e+00 0.000000e+00 0.000000e+00 0.000000e+00 0.000000e+00 0.000000e+00 0.000000e+00 0.000000e+00
2.630000e+00 0.000000e+00 -4.147594e+03 -7.310867e+03 0.000000e+00 0.000000e+00 0.000000e+00 -3.851495e+02 -3.609097e+02 1.474621e+03 6.070016e+02 0.000000e+00 0.000000e+00 0.000000e+00 0.000000e+00 0.000000e+00 0.000000e+00 0.000000e+00 0.000000e+00 0.000000e+00
2.631000e+00 0.000000e+00 -4.140238e+03 -7.301367e+03 0.000000e+00 0.000000e+00 0.000000e+00 -3.849124e+02 -3.606592e+02 1.473640e+03 6.061127e+02 0.000000e+00 0.000000e+00 0.000000e+00 0.000000e+00 0.000000e+00 0.000000e+00 0.000000e+00 0.000000e+00 0.000000e+00
2.632000e+00 0.000000e+00 -4.132999e+03 -7.291947e+03 0.000000e+00 0.000000e+00 0.000000e+00 -3.846881e+02 -3.604215e+02 1.472676e+03 6.052513e+02 0.000000e+00 0.000000e+00 0.000000e+00 0.000000e+00 0.000000e+00 0.000000e+00 0.000000e+00 0.000000e+00 0.000000e+00
2.633000e+00 0.000000e+00 -4.125877e+03 -7.282609e+03 0.000000e+00 0.000000e+00 0.000000e+00 -3.844770e+02 -3.601970e+02 1.471728e+03 6.044180e+02 0.000000e+00 0.000000e+00 0.000000e+00 0.000000e+00 0.000000e+00 0.000000e+00 0.000000e+00 0.000000e+00 0.000000e+00
2.634000e+00 0.000000e+00 -4.118872e+03 -7.273356e+03 0.000000e+00 0.000000e+00 0.000000e+00 -3.842794e+02 -3.599859e+02 1.470797e+03 6.036133e+02 0.000000e+00 0.000000e+00 0.000000e+00 0.000000e+00 0.000000e+00 0.000000e+00 0.000000e+00 0.000000e+00 0.000000e+00
2.635000e+00 0.000000e+00 -4.111987e+03 -7.264193e+03 0.000000e+00 0.000000e+00 0.000000e+00 -3.840954e+02 -3.597885e+02 1.469884e+03 6.028375e+02 0.000000e+00 0.000000e+00 0.000000e+00 0.000000e+00 0.000000e+00 0.000000e+00 0.000000e+00 0.000000e+00 0.000000e+00
2.636000e+00 0.000000e+00 -4.105221e+03 -7.255121e+03 0.000000e+00 0.000000e+00 0.000000e+00 -3.839254e+02 -3.596050e+02 1.468988e+03 6.020911e+02 0.000000e+00 0.000000e+00 0.000000e+00 0.000000e+00 0.000000e+00 0.000000e+00 0.000000e+00 0.000000e+00 0.000000e+00
2.637000e+00 0.000000e+00 -4.098576e+03 -7.246145e+03 0.000000e+00 0.000000e+00 0.000000e+00 -3.837696e+02 -3.594357e+02 1.468110e+03 6.013746e+02 0.000000e+00 0.000000e+00 0.000000e+00 0.000000e+00 0.000000e+00 0.000000e+00 0.000000e+00 0.000000e+00 0.000000e+00
2.638000e+00 0.000000e+00 -4.092053e+03 -7.237267e+03 0.000000e+00 0.000000e+00 0.000000e+00 -3.836283e+02 -3.592809e+02 1.467249e+03 6.006883e+02 0.000000e+00 0.000000e+00 0.000000e+00 0.000000e+00 0.000000e+00 0.000000e+00 0.000000e+00 0.000000e+00 0.000000e+00
2.639000e+00 0.000000e+00 -4.085651e+03 -7.228490e+03 0.000000e+00 0.000000e+00 0.000000e+00 -3.835017e+02 -3.591408e+02 1.466406e+03 6.000327e+02 0.000000e+00 0.000000e+00 0.000000e+00 0.000000e+00 0.000000e+00 0.000000e+00 0.000000e+00 0.000000e+00 0.000000e+00
2.640000e+00 0.000000e+00 -4.079373e+03 -7.219818e+03 0.000000e+00 0.000000e+00 0.000000e+00 -3.833901e+02 -3.590156e+02 1.465581e+03 5.994082e+02 0.000000e+00 0.000000e+00 0.000000e+00 0.000000e+00 0.000000e+00 0.000000e+00 0.000000e+00 0.000000e+00 0.000000e+00
2.641000e+00 0.000000e+00 -4.073218e+03 -7.211253e+03 0.000000e+00 0.000000e+00 0.000000e+00 -3.832938e+02 -3.589057e+02 1.464775e+03 5.988152e+02 0.000000e+00 0.000000e+00 0.000000e+00 0.000000e+00 0.000000e+00 0.000000e+00 0.000000e+00 0.000000e+00 0.000000e+00
2.642000e+00 0.000000e+00 -4.067187e+03 -7.202799e+03 0.000000e+00 0.000000e+00 0.000000e+00 -3.832129e+02 -3.588111e+02 1.463986e+03 5.982540e+02 0.000000e+00 0.000000e+00 0.000000e+00 0.000000e+00 0.000000e+00 0.000000e+00 0.000000e+00 0.000000e+00 0.000000e+00
2.643000e+00 0.000000e+00 -4.061281e+03 -7.194458e+03 0.000000e+00 0.000000e+00 0.000000e+00 -3.831477e+02 -3.587322e+02 1.463216e+03 5.977250e+02 0.000000e+00 0.000000e+00 0.000000e+00 0.000000e+00 0.000000e+00 0.000000e+00 0.000000e+00 0.000000e+00 0.000000e+00
2.644000e+00 0.000000e+00 -4.055500e+03 -7.186233e+03 0.000000e+00 0.000000e+00 0.000000e+00 -3.830985e+02 -3.586692e+02 1.462465e+03 5.972286e+02 0.000000e+00 0.000000e+00 0.000000e+00 0.000000e+00 0.000000e+00 0.000000e+00 0.000000e+00 0.000000e+00 0.000000e+00
2.645000e+00 0.000000e+00 -4.049845e+03 -7.178127e+03 0.000000e+00 0.000000e+00 0.000000e+00 -3.830654e+02 -3.586222e+02 1.461732e+03 5.967650e+02 0.000000e+00 0.000000e+00 0.000000e+00 0.000000e+00 0.000000e+00 0.000000e+00 0.000000e+00 0.000000e+00 0.000000e+00
2.646000e+00 0.000000e+00 -4.044316e+03 -7.170143e+03 0.000000e+00 0.000000e+00 0.000000e+00 -3.830486e+02 -3.585915e+02 1.461018e+03 5.963346e+02 0.000000e+00 0.000000e+00 0.000000e+00 0.000000e+00 0.000000e+00 0.000000e+00 0.000000e+00 0.000000e+00 0.000000e+00
2.647000e+00 0.000000e+00 -4.038915e+03 -7.162284e+03 0.000000e+00 0.000000e+00 0.000000e+00 -3.830484e+02 -3.585773e+02 1.460323e+03 5.959378e+02 0.000000e+00 0.000000e+00 0.000000e+00 0.000000e+00 0.000000e+00 0.000000e+00 0.000000e+00 0.000000e+00 0.000000e+00
2.648000e+00 0.000000e+00 -4.033640e+03 -7.154552e+03 0.000000e+00 0.000000e+00 0.000000e+00 -3.830650e+02 -3.585798e+02 1.459647e+03 5.955748e+02 0.000000e+00 0.000000e+00 0.000000e+00 0.000000e+00 0.000000e+00 0.000000e+00 0.000000e+00 0.000000e+00 0.000000e+00
2.649000e+00 0.000000e+00 -4.028493e+03 -7.146950e+03 0.000000e+00 0.000000e+00 0.000000e+00 -3.830985e+02 -3.585991e+02 1.458990e+03 5.952459e+02 0.000000e+00 0.000000e+00 0.000000e+00 0.000000e+00 0.000000e+00 0.000000e+00 0.000000e+00 0.000000e+00 0.000000e+00
2.650000e+00 0.000000e+00 -4.023474e+03 -7.139481e+03 0.000000e+00 0.000000e+00 0.000000e+00 -3.831492e+02 -3.586355e+02 1.458353e+03 5.949514e+02 0.000000e+00 0.000000e+00 0.000000e+00 0.000000e+00 0.000000e+00 0.000000e+00 0.000000e+00 0.000000e+00 0.000000e+00
2.651000e+00 0.000000e+00 -4.018583e+03 -7.132147e+03 0.000000e+00 0.000000e+00 0.000000e+00 -3.832172e+02 -3.586891e+02 1.457734e+03 5.946916e+02 0.000000e+00 0.000000e+00 0.000000e+00 0.000000e+00 0.000000e+00 0.000000e+00 0.000000e+00 0.000000e+00 0.000000e+00
2.652000e+00 0.000000e+00 -4.013821e+03 -7.124951e+03 0.000000e+00 0.000000e+00 0.000000e+00 -3.833026e+02 -3.587602e+02 1.457135e+03 5.944666e+02 0.000000e+00 0.000000e+00 0.000000e+00 0.000000e+00 0.000000e+00 0.000000e+00 0.000000e+00 0.000000e+00 0.000000e+00
2.653000e+00 0.000000e+00 -4.009188e+03 -7.117895e+03 0.000000e+00 0.000000e+00 0.000000e+00 -3.834058e+02 -3.588487e+02 1.456556e+03 5.942768e+02 0.000000e+00 0.000000e+00 0.000000e+00 0.000000e+00 0.000000e+00 0.000000e+00 0.000000e+00 0.000000e+00 0.000000e+00
2.654000e+00 0.000000e+00 -4.004683e+03 -7.110982e+03 0.000000e+00 0.000000e+00 0.000000e+00 -3.835267e+02 -3.589550e+02 1.455996e+03 5.941223e+02 0.000000e+00 0.000000e+00 0.000000e+00 0.000000e+00 0.000000e+00 0.000000e+00 0.000000e+00 0.000000e+00 0.000000e+00
2.655000e+00 0.000000e+00 -4.000307e+03 -7.104213e+03 0.000000e+00 0.000000e+00 0.000000e+00 -3.836656e+02 -3.590791e+02 1.455456e+03 5.940033e+02 0.000000e+00 0.000000e+00 0.000000e+00 0.000000e+00 0.000000e+00 0.000000e+00 0.000000e+00 0.000000e+00 0.000000e+00
2.656000e+00 0.000000e+00 -3.996061e+03 -7.097592e+03 0.000000e+00 0.000000e+00 0.000000e+00 -3.838226e+02 -3.592212e+02 1.454935e+03 5.939201e+02 0.000000e+00 0.000000e+00 0.000000e+00 0.000000e+00 0.000000e+00 0.000000e+00 0.000000e+00 0.000000e+00 0.000000e+00
2.657000e+00 0.000000e+00 -3.991944e+03 -7.091120e+03 0.000000e+00 0.000000e+00 0.000000e+00 -3.839978e+02 -3.593814e+02 1.454434e+03 5.938727e+02 0.000000e+00 0.000000e+00 0.000000e+00 0.000000e+00 0.000000e+00 0.000000e+00 0.000000e+00 0.000000e+00 0.000000e+00
2.658000e+00 0.000000e+00 -3.987956e+03 -7.084799e+03 0.000000e+00 0.000000e+00 0.000000e+00 -3.841914e+02 -3.595598e+02 1.453953e+03 5.938614e+02 0.000000e+00 0.000000e+00 0.000000e+00 0.000000e+00 0.000000e+00 0.000000e+00 0.000000e+00 0.000000e+00 0.000000e+00
2.659000e+00 0.000000e+00 -3.984097e+03 -7.078632e+03 0.000000e+00 0.000000e+00 0.000000e+00 -3.844034e+02 -3.597566e+02 1.453491e+03 5.938864e+02 0.000000e+00 0.000000e+00 0.000000e+00 0.000000e+00 0.000000e+00 0.000000e+00 0.000000e+00 0.000000e+00 0.000000e+00
2.660000e+00 0.000000e+00 -3.980368e+03 -7.072621e+03 0.000000e+00 0.000000e+00 0.000000e+00 -3.846340e+02 -3.599718e+02 1.453050e+03 5.939476e+02 0.000000e+00 0.000000e+00 0.000000e+00 0.000000e+00 0.000000e+00 0.000000e+00 0.000000e+00 0.000000e+00 0.000000e+00
2.661000e+00 0.000000e+00 -3.976768e+03 -7.066767e+03 0.000000e+00 0.000000e+00 0.000000e+00 -3.848833e+02 -3.602056e+02 1.452628e+03 5.940453e+02 0.000000e+00 0.000000e+00 0.000000e+00 0.000000e+00 0.000000e+00 0.000000e+00 0.000000e+00 0.000000e+00 0.000000e+00
2.662000e+00 0.000000e+00 -3.973297e+03 -7.061073e+03 0.000000e+00 0.000000e+00 0.000000e+00 -3.851514e+02 -3.604580e+02 1.452226e+03 5.941796e+02 0.000000e+00 0.000000e+00 0.000000e+00 0.000000e+00 0.000000e+00 0.000000e+00 0.000000e+00 0.000000e+00 0.000000e+00
2.663000e+00 0.000000e+00 -3.969954e+03 -7.055540e+03 0.000000e+00 0.000000e+00 0.000000e+00 -3.854384e+02 -3.607291e+02 1.451845e+03 5.943505e+02 0.000000e+00 0.000000e+00 0.000000e+00 0.000000e+00 0.000000e+00 0.000000e+00 0.000000e+00 0.000000e+00 0.000000e+00
2.664000e+00 0.000000e+00 -3.966741e+03 -7.050170e+03 0.000000e+00 0.000000e+00 0.000000e+00 -3.857443e+02 -3.610191e+02 1.451483e+03 5.945581e+02 0.000000e+00 0.000000e+00 0.000000e+00 0.000000e+00 0.000000e+00 0.000000e+00 0.000000e+00 0.000000e+00 0.000000e+00
2.665000e+00 0.000000e+00 -3.963656e+03 -7.044965e+03 0.000000e+00 0.000000e+00 0.000000e+00 -3.860692e+02 -3.613279e+02 1.451141e+03 5.948024e+02 0.000000e+00 0.000000e+00 0.000000e+00 0.000000e+00 0.000000e+00 0.000000e+00 0.000000e+00 0.000000e+00 0.000000e+00
2.666000e+00 0.000000e+00 -3.960699e+03 -7.039927e+03 0.000000e+00 0.000000e+00 0.000000e+00 -3.864131e+02 -3.616556e+02 1.450819e+03 5.950836e+02 0.000000e+00 0.000000e+00 0.000000e+00 0.000000e+00 0.000000e+00 0.000000e+00 0.000000e+00 0.000000e+00 0.000000e+00
2.667000e+00 0.000000e+00 -3.957871e+03 -7.035056e+03 0.000000e+00 0.000000e+00 0.000000e+00 -3.867762e+02 -3.620023e+02 1.450517e+03 5.954016e+02 0.000000e+00 0.000000e+00 0.000000e+00 0.000000e+00 0.000000e+00 0.000000e+00 0.000000e+00 0.000000e+00 0.000000e+00
2.668000e+00 0.000000e+00 -3.955169e+03 -7.030355e+03 0.000000e+00 0.000000e+00 0.000000e+00 -3.871585e+02 -3.623680e+02 1.450235e+03 5.957564e+02 0.000000e+00 0.000000e+00 0.000000e+00 0.000000e+00 0.000000e+00 0.000000e+00 0.000000e+00 0.000000e+00 0.000000e+00
2.669000e+00 0.000000e+00 -3.952595e+03 -7.025824e+03 0.000000e+00 0.000000e+00 0.000000e+00 -3.875600e+02 -3.627527e+02 1.449972e+03 5.961481e+02 0.000000e+00 0.000000e+00 0.000000e+00 0.000000e+00 0.000000e+00 0.000000e+00 0.000000e+00 0.000000e+00 0.000000e+00
2.670000e+00 0.000000e+00 -3.950148e+03 -7.021466e+03 0.000000e+00 0.000000e+00 0.000000e+00 -3.879807e+02 -3.631566e+02 1.449730e+03 5.965767e+02 0.000000e+00 0.000000e+00 0.000000e+00 0.000000e+00 0.000000e+00 0.000000e+00 0.000000e+00 0.000000e+00 0.000000e+00
2.671000e+00 0.000000e+00 -3.947826e+03 -7.017282e+03 0.000000e+00 0.000000e+00 0.000000e+00 -3.884208e+02 -3.635796e+02 1.449508e+03 5.970421e+02 0.000000e+00 0.000000e+00 0.000000e+00 0.000000e+00 0.000000e+00 0.000000e+00 0.000000e+00 0.000000e+00 0.000000e+00
2.672000e+00 0.000000e+00 -3.945631e+03 -7.013272e+03 0.000000e+00 0.000000e+00 0.000000e+00 -3.888801e+02 -3.640217e+02 1.449305e+03 5.975443e+02 0.000000e+00 0.000000e+00 0.000000e+00 0.000000e+00 0.000000e+00 0.000000e+00 0.000000e+00 0.000000e+00 0.000000e+00
2.673000e+00 0.000000e+00 -3.943561e+03 -7.009438e+03 0.000000e+00 0.000000e+00 0.000000e+00 -3.893587e+02 -3.644829e+02 1.449122e+03 5.980831e+02 0.000000e+00 0.000000e+00 0.000000e+00 0.000000e+00 0.000000e+00 0.000000e+00 0.000000e+00 0.000000e+00 0.000000e+00
2.674000e+00 0.000000e+00 -3.941615e+03 -7.005781e+03 0.000000e+00 0.000000e+00 0.000000e+00 -3.898566e+02 -3.649633e+02 1.448959e+03 5.986587e+02 0.000000e+00 0.000000e+00 0.000000e+00 0.000000e+00 0.000000e+00 0.000000e+00 0.000000e+00 0.000000e+00 0.000000e+00
2.675000e+00 0.000000e+00 -3.939794e+03 -7.002302e+03 0.000000e+00 0.000000e+00 0.000000e+00 -3.903738e+02 -3.654628e+02 1.448816e+03 5.992708e+02 0.000000e+00 0.000000e+00 0.000000e+00 0.000000e+00 0.000000e+00 0.000000e+00 0.000000e+00 0.000000e+00 0.000000e+00
2.676000e+00 0.000000e+00 -3.938096e+03 -6.999002e+03 0.000000e+00 0.000000e+00 0.000000e+00 -3.909103e+02 -3.659814e+02 1.448692e+03 5.999193e+02 0.000000e+00 0.000000e+00 0.000000e+00 0.000000e+00 0.000000e+00 0.000000e+00 0.000000e+00 0.000000e+00 0.000000e+00
2.677000e+00 0.000000e+00 -3.936520e+03 -6.995882e+03 0.000000e+00 0.000000e+00 0.000000e+00 -3.914660e+02 -3.665190e+02 1.448588e+03 6.006042e+02 0.000000e+00 0.000000e+00 0.000000e+00 0.000000e+00 0.000000e+00 0.000000e+00 0.000000e+00 0.000000e+00 0.000000e+00
2.678000e+00 0.000000e+00 -3.935067e+03 -6.992941e+03 0.000000e+00 0.000000e+00 0.000000e+00 -3.920409e+02 -3.670756e+02 1.448503e+03 6.013253e+02 0.000000e+00 0.000000e+00 0.000000e+00 0.000000e+00 0.000000e+00 0.000000e+00 0.000000e+00 0.000000e+00 0.000000e+00
2.679000e+00 0.000000e+00 -3.933735e+03 -6.990182e+03 0.000000e+00 0.000000e+00 0.000000e+00 -3.926349e+02 -3.676513e+02 1.448438e+03 6.020824e+02 0.000000e+00 0.000000e+00 0.000000e+00 0.000000e+00 0.000000e+00 0.000000e+00 0.000000e+00 0.000000e+00 0.000000e+00
2.680000e+00 0.000000e+00 -3.932524e+03 -6.987604e+03 0.000000e+00 0.000000e+00 0.000000e+00 -3.932480e+02 -3.682458e+02 1.448392e+03 6.028754e+02 0.000000e+00 0.000000e+00 0.000000e+00 0.000000e+00 0.000000e+00 0.000000e+00 0.000000e+00 0.000000e+00 0.000000e+00
2.681000e+00 0.000000e+00 -3.931432e+03 -6.985208e+03 0.000000e+00 0.000000e+00 0.000000e+00 -3.938802e+02 -3.688592e+02 1.448366e+03 6.037042e+02 0.000000e+00 0.000000e+00 0.000000e+00 0.000000e+00 0.000000e+00 0.000000e+00 0.000000e+00 0.000000e+00 0.000000e+00
2.682000e+00 0.000000e+00 -3.930460e+03 -6.982994e+03 0.000000e+00 0.000000e+00 0.000000e+00 -3.945313e+02 -3.694914e+02 1.448359e+03 6.045685e+02 0.000000e+00 0.000000e+00 0.000000e+00 0.000000e+00 0.000000e+00 0.000000e+00 0.000000e+00 0.000000e+00 0.000000e+00
2.683000e+00 0.000000e+00 -3.929605e+03 -6.980964e+03 0.000000e+00 0.000000e+00 0.000000e+00 -3.952013e+02 -3.701422e+02 1.448370e+03 6.054681e+02 0.000000e+00 0.000000e+00 0.000000e+00 0.000000e+00 0.000000e+00 0.000000e+00 0.000000e+00 0.000000e+00 0.000000e+00
2.684000e+00 0.000000e+00 -3.928868e+03 -6.979116e+03 0.000000e+00 0.000000e+00 0.000000e+00 -3.958901e+02 -3.708117e+02 1.448401e+03 6.064028e+02 0.000000e+00 0.000000e+00 0.000000e+00 0.000000e+00 0.000000e+00 0.000000e+00 0.000000e+00 0.000000e+00 0.000000e+00
2.685000e+00 0.000000e+00 -3.928247e+03 -6.977451e+03 0.000000e+00 0.000000e+00 0.000000e+00 -3.965975e+02 -3.714997e+02 1.448451e+03 6.073723e+02 0.000000e+00 0.000000e+00 0.000000e+00 0.000000e+00 0.000000e+00 0.000000e+00 0.000000e+00 0.000000e+00 0.000000e+00
2.686000e+00 0.000000e+00 -3.927742e+03 -6.975969e+03 0.000000e+00 0.000000e+00 0.000000e+00 -3.973236e+02 -3.722061e+02 1.448519e+03 6.083765e+02 0.000000e+00 0.000000e+00 0.000000e+00 0.000000e+00 0.000000e+00 0.000000e+00 0.000000e+00 0.000000e+00 0.000000e+00
2.687000e+00 0.000000e+00 -3.927351e+03 -6.974671e+03 0.000000e+00 0.000000e+00 0.000000e+00 -3.980681e+02 -3.729308e+02 1.448606e+03 6.094151e+02 0.000000e+00 0.000000e+00 0.000000e+00 0.000000e+00 0.000000e+00 0.000000e+00 0.000000e+00 0.000000e+00 0.000000e+00
2.688000e+00 0.000000e+00 -3.927073e+03 -6.973555e+03 0.000000e+00 0.000000e+00 0.000000e+00 -3.988311e+02 -3.736738e+02 1.448712e+03 6.104879e+02 0.000000e+00 0.000000e+00 0.000000e+00 0.000000e+00 0.000000e+00 0.000000e+00 0.000000e+00 0.000000e+00 0.000000e+00
2.689000e+00 0.000000e+00 -3.926908e+03 -6.972623e+03 0.000000e+00 0.000000e+00 0.000000e+00 -3.996122e+02 -3.744348e+02 1.448836e+03 6.115944e+02 0.000000e+00 0.000000e+00 0.000000e+00 0.000000e+00 0.000000e+00 0.000000e+00 0.000000e+00 0.000000e+00 0.000000e+00
2.690000e+00 0.000000e+00 -3.926853e+03 -6.971874e+03 0.000000e+00 0.000000e+00 0.000000e+00 -4.004115e+02 -3.752137e+02 1.448979e+03 6.127345e+02 0.000000e+00 0.000000e+00 0.000000e+00 0.000000e+00 0.000000e+00 0.000000e+00 0.000000e+00 0.000000e+00 0.000000e+00
2.691000e+00 0.000000e+00 -3.926909e+03 -6.971307e+03 0.000000e+00 0.000000e+00 0.000000e+00 -4.012288e+02 -3.760104e+02 1.449139e+03 6.139079e+02 0.000000e+00 0.000000e+00 0.000000e+00 0.000000e+00 0.000000e+00 0.000000e+00 0.000000e+00 0.000000e+00 0.000000e+00
2.692000e+00 0.000000e+00 -3.927074e+03 -6.970923e+03 0.000000e+00 0.000000e+00 0.000000e+00 -4.020639e+02 -3.768248e+02 1.449318e+03 6.151142e+02 0.000000e+00 0.000000e+00 0.000000e+00 0.000000e+00 0.000000e+00 0.000000e+00 0.000000e+00 0.000000e+00 0.000000e+00
2.693000e+00 0.000000e+00 -3.927347e+03 -6.970720e+03 0.000000e+00 0.000000e+00 0.000000e+00 -4.029167e+02 -3.776567e+02 1.449514e+03 6.163531e+02 0.000000e+00 0.000000e+00 0.000000e+00 0.000000e+00 0.000000e+00 0.000000e+00 0.000000e+00 0.000000e+00 0.000000e+00
2.694000e+00 0.000000e+00 -3.927726e+03 -6.970698e+03 0.000000e+00 0.000000e+00 0.000000e+00 -4.037870e+02 -3.785060e+02 1.449729e+03 6.176242e+02 0.000000e+00 0.000000e+00 0.000000e+00 0.000000e+00 0.000000e+00 0.000000e+00 0.000000e+00 0.000000e+00 0.000000e+00
2.695000e+00 0.000000e+00 -3.928211e+03 -6.970857e+03 0.000000e+00 0.000000e+00 0.000000e+00 -4.046746e+02 -3.793724e+02 1.449960e+03 6.189273e+02 0.000000e+00 0.000000e+00 0.000000e+00 0.000000e+00 0.000000e+00 0.000000e+00 0.000000e+00 0.000000e+00 0.000000e+00
2.696000e+00 0.000000e+00 -3.928800e+03 -6.971196e+03 0.000000e+00 0.000000e+00 0.000000e+00 -4.055794e+02 -3.802558e+02 1.450210e+03 6.202618e+02 0.000000e+00 0.000000e+00 0.000000e+00 0.000000e+00 0.000000e+00 0.000000e+00 0.000000e+00 0.000000e+00 0.000000e+00
2.697000e+00 0.000000e+00 -3.929491e+03 -6.971714e+03 0.000000e+00 0.000000e+00 0.000000e+00 -4.065011e+02 -3.811560e+02 1.450476e+03 6.216276e+02 0.000000e+00 0.000000e+00 0.000000e+00 0.000000e+00 0.000000e+00 0.000000e+00 0.000000e+00 0.000000e+00 0.000000e+00
2.698000e+00 0.000000e+00 -3.930285e+03 -6.972409e+03 0.000000e+00 0.000000e+00 0.000000e+00 -4.074397e+02 -3.820728e+02 1.450760e+03 6.230241e+02 0.000000e+00 0.000000e+00 0.000000e+00 0.000000e+00 0.000000e+00 0.000000e+00 0.000000e+00 0.000000e+00 0.000000e+00
2.699000e+00 0.000000e+00 -3.931179e+03 -6.973282e+03 0.000000e+00 0.000000e+00 0.000000e+00 -4.083948e+02 -3.830060e+02 1.451061e+03 6.244509e+02 0.000000e+00 0.000000e+00 0.000000e+00 0.000000e+00 0.000000e+00 0.000000e+00 0.000000e+00 0.000000e+00 0.000000e+00
2.700000e+00 0.000000e+00 -3.932172e+03 -6.974331e+03 0.000000e+00 0.000000e+00 0.000000e+00 -4.093662e+02 -3.839554e+02 1.451378e+03 6.259077e+02 0.000000e+00 0.000000e+00 0.000000e+00 0.000000e+00 0.000000e+00 0.000000e+00 0.000000e+00 0.000000e+00 0.000000e+00
2.701000e+00 0.000000e+00 -3.933263e+03 -6.975555e+03 0.000000e+00 0.000000e+00 0.000000e+00 -4.103538e+02 -3.849208e+02 1.451712e+03 6.273940e+02 0.000000e+00 0.000000e+00 0.000000e+00 0.000000e+00 0.000000e+00 0.000000e+00 0.000000e+00 0.000000e+00 0.000000e+00
2.702000e+00 0.000000e+00 -3.934451e+03 -6.976952e+03 0.000000e+00 0.000000e+00 0.000000e+00 -4.113573e+02 -3.859020e+02 1.452063e+03 6.289093e+02 0.000000e+00 0.000000e+00 0.000000e+00 0.000000e+00 0.000000e+00 0.000000e+00 0.000000e+00 0.000000e+00 0.000000e+00
2.703000e+00 0.000000e+00 -3.935734e+03 -6.978522e+03 0.000000e+00 0.000000e+00 0.000000e+00 -4.123765e+02 -3.868987e+02 1.452430e+03 6.304533e+02 0.000000e+00 0.000000e+00 0.000000e+00 0.000000e+00 0.000000e+00 0.000000e+00 0.000000e+00 0.000000e+00 0.000000e+00
2.704000e+00 0.000000e+00 -3.937110e+03 -6.980263e+03 0.000000e+00 0.000000e+00 0.000000e+00 -4.134111e+02 -3.879107e+02 1.452812e+03 6.320255e+02 0.000000e+00 0.000000e+00 0.000000e+00 0.000000e+00 0.000000e+00 0.000000e+00 0.000000e+00 0.000000e+00 0.000000e+00
2.705000e+00 0.000000e+00 -3.938579e+03 -6.982174e+03 0.000000e+00 0.000000e+00 0.000000e+00 -4.144609e+02 -3.889377e+02 1.453211e+03 6.336254e+02 0.000000e+00 0.000000e+00 0.000000e+00 0.000000e+00 0.000000e+00 0.000000e+00 0.000000e+00 0.000000e+00 0.000000e+00
2.706000e+00 0.000000e+00 -3.940139e+03 -6.984252e+03 0.000000e+00 0.000000e+00 0.000000e+00 -4.155257e+02 -3.899796e+02 1.453625e+03 6.352525e+02 0.000000e+00 0.000000e+00 0.000000e+00 0.000000e+00 0.000000e+00 0.000000e+00 0.000000e+00 0.000000e+00 0.000000e+00
2.707000e+00 0.000000e+00 -3.941788e+03 -6.986498e+03 0.000000e+00 0.000000e+00 0.000000e+00 -4.166052e+02 -3.910360e+02 1.454055e+03 6.369064e+02 0.000000e+00 0.000000e+00 0.000000e+00 0.000000e+00 0.000000e+00 0.000000e+00 0.000000e+00 0.000000e+00 0.000000e+00
2.708000e+00 0.000000e+00 -3.943525e+03 -6.988908e+03 0.000000e+00 0.000000e+00 0.000000e+00 -4.176992e+02 -3.921068e+02 1.454501e+03 6.385866e+02 0.000000e+00 0.000000e+00 0.000000e+00 0.000000e+00 0.000000e+00 0.000000e+00 0.000000e+00 0.000000e+00 0.000000e+00
2.709000e+00 0.000000e+00 -3.945348e+03 -6.991482e+03 0.000000e+00 0.000000e+00 0.000000e+00 -4.188073e+02 -3.931916e+02 1.454961e+03 6.402926e+02 0.000000e+00 0.000000e+00 0.000000e+00 0.000000e+00 0.000000e+00 0.000000e+00 0.000000e+00 0.000000e+00 0.000000e+00
2.710000e+00 0.000000e+00 -3.947257e+03 -6.994217e+03 0.000000e+00 0.000000e+00 0.000000e+00 -4.199294e+02 -3.942903e+02 1.455436e+03 6.420238e+02 0.000000e+00 0.000000e+00 0.000000e+00 0.000000e+00 0.000000e+00 0.000000e+00 0.000000e+00 0.000000e+00 0.000000e+00
2.711000e+00 0.000000e+00 -3.949249e+03 -6.997112e+03 0.000000e+00 0.000000e+00 0.000000e+00 -4.210651e+02 -3.954024e+02 1.455926e+03 6.437799e+02 0.000000e+00 0.000000e+00 0.000000e+00 0.000000e+00 0.000000e+00 0.000000e+00 0.000000e+00 0.000000e+00 0.000000e+00
2.712000e+00 0.000000e+00 -3.951322e+03 -7.000165e+03 0.000000e+00 0.000000e+00 0.000000e+00 -4.222142e+02 -3.965278e+02 1.456430e+03 6.455602e+02 0.000000e+00 0.000000e+00 0.000000e+00 0.000000e+00 0.000000e+00 0.000000e+00 0.000000e+00 0.000000e+00 0.000000e+00
2.713000e+00 0.000000e+00 -3.953476e+03 -7.003373e+03 0.000000e+00 0.000000e+00 0.000000e+00 -4.233764e+02 -3.976662e+02 1.456949e+03 6.473642e+02 0.000000e+00 0.000000e+00 0.000000e+00 0.000000e+00 0.000000e+00 0.000000e+00 0.000000e+00 0.000000e+00 0.000000e+00
2.714000e+00 0.000000e+00 -3.955709e+03 -7.006736e+03 0.000000e+00 0.000000e+00 0.000000e+00 -4.245514e+02 -3.988172e+02 1.457482e+03 6.491914e+02 0.000000e+00 0.000000e+00 0.000000e+00 0.000000e+00 0.000000e+00 0.000000e+00 0.000000e+00 0.000000e+00 0.000000e+00
2.715000e+00 0.000000e+00 -3.958020e+03 -7.010249e+03 0.000000e+00 0.000000e+00 0.000000e+00 -4.257388e+02 -3.999807e+02 1.458029e+03 6.510412e+02 0.000000e+00 0.000000e+00 0.000000e+00 0.000000e+00 0.000000e+00 0.000000e+00 0.000000e+00 0.000000e+00 0.000000e+00
2.716000e+00 0.000000e+00 -3.960406e+03 -7.013912e+03 0.000000e+00 0.000000e+00 0.000000e+00 -4.269384e+02 -4.011562e+02 1.458589e+03 6.529131e+02 0.000000e+00 0.000000e+00 0.000000e+00 0.000000e+00 0.000000e+00 0.000000e+00 0.000000e+00 0.000000e+00 0.000000e+00
2.717000e+00 0.000000e+00 -3.962866e+03 -7.017722e+03 0.000000e+00 0.000000e+00 0.000000e+00 -4.281499e+02 -4.023434e+02 1.459162e+03 6.548065e+02 0.000000e+00 0.000000e+00 0.000000e+00 0.000000e+00 0.000000e+00 0.000000e+00 0.000000e+00 0.000000e+00 0.000000e+00
2.718000e+00 0.000000e+00 -3.965399e+03 -7.021676e+03 0.000000e+00 0.000000e+00 0.000000e+00 -4.293729e+02 -4.035421e+02 1.459749e+03 6.567209e+02 0.000000e+00 0.000000e+00 0.000000e+00 0.000000e+00 0.000000e+00 0.000000e+00 0.000000e+00 0.000000e+00 0.000000e+00
2.719000e+00 0.000000e+00 -3.968002e+03 -7.025772e+03 0.000000e+00 0.000000e+00 0.000000e+00 -4.306071e+02 -4.047520e+02 1.460349e+03 6.586556e+02 0.000000e+00 0.000000e+00 0.000000e+00 0.000000e+00 0.000000e+00 0.000000e+00 0.000000e+00 0.000000e+00 0.000000e+00
2.720000e+00 0.000000e+00 -3.970676e+03 -7.030009e+03 0.000000e+00 0.000000e+00 0.000000e+00 -4.318523e+02 -4.059727e+02 1.460962e+03 6.606101e+02 0.000000e+00 0.000000e+00 0.000000e+00 0.000000e+00 0.000000e+00 0.000000e+00 0.000000e+00 0.000000e+00 0.000000e+00
2.721000e+00 0.000000e+00 -3.973417e+03 -7.034382e+03 0.000000e+00 0.000000e+00 0.000000e+00 -4.331080e+02 -4.072038e+02 1.461587e+03 6.625839e+02 0.000000e+00 0.000000e+00 0.000000e+00 0.000000e+00 0.000000e+00 0.000000e+00 0.000000e+00 0.000000e+00 0.000000e+00
2.722000e+00 0.000000e+00 -3.976224e+03 -7.038890e+03 0.000000e+00 0.000000e+00 0.000000e+00 -4.343739e+02 -4.084452e+02 1.462224e+03 6.645762e+02 0.000000e+00 0.000000e+00 0.000000e+00 0.000000e+00 0.000000e+00 0.000000e+00 0.000000e+00 0.000000e+00 0.000000e+00
2.723000e+00 0.000000e+00 -3.979096e+03 -7.043529e+03 0.000000e+00 0.000000e+00 0.000000e+00 -4.356498e+02 -4.096964e+02 1.462874e+03 6.665866e+02 0.000000e+00 0.000000e+00 0.000000e+00 0.000000e+00 0.000000e+00 0.000000e+00 0.000000e+00 0.000000e+00 0.000000e+00
2.724000e+00 0.000000e+00 -3.982031e+03 -7.048298e+03 0.000000e+00 0.000000e+00 0.000000e+00 -4.369352e+02 -4.109570e+02 1.463535e+03 6.686144e+02 0.000000e+00 0.000000e+00 0.000000e+00 0.000000e+00 0.000000e+00 0.000000e+00 0.000000e+00 0.000000e+00 0.000000e+00
2.725000e+00 0.000000e+00 -3.985027e+03 -7.053193e+03 0.000000e+00 0.000000e+00 0.000000e+00 -4.382298e+02 -4.122269e+02 1.464208e+03 6.706591e+02 0.000000e+00 0.000000e+00 0.000000e+00 0.000000e+00 0.000000e+00 0.000000e+00 0.000000e+00 0.000000e+00 0.000000e+00
2.726000e+00 0.000000e+00 -3.988083e+03 -7.058212e+03 0.000000e+00 0.000000e+00 0.000000e+00 -4.395333e+02 -4.135056e+02 1.464893e+03 6.727200e+02 0.000000e+00 0.000000e+00 0.000000e+00 0.000000e+00 0.000000e+00 0.000000e+00 0.000000e+00 0.000000e+00 0.000000e+00
2.727000e+00 0.000000e+00 -3.991197e+03 -7.063351e+03 0.000000e+00 0.000000e+00 0.000000e+00 -4.408454e+02 -4.147928e+02 1.465588e+03 6.747965e+02 0.000000e+00 0.000000e+00 0.000000e+00 0.000000e+00 0.000000e+00 0.000000e+00 0.000000e+00 0.000000e+00 0.000000e+00
2.728000e+00 0.000000e+00 -3.994367e+03 -7.068609e+03 0.000000e+00 0.000000e+00 0.000000e+00 -4.421657e+02 -4.160882e+02 1.466295e+03 6.768880e+02 0.000000e+00 0.000000e+00 0.000000e+00 0.000000e+00 0.000000e+00 0.000000e+00 0.000000e+00 0.000000e+00 0.000000e+00
2.729000e+00 0.000000e+00 -3.997592e+03 -7.073981e+03 0.000000e+00 0.000000e+00 0.000000e+00 -4.434938e+02 -4.173914e+02 1.467012e+03 6.789940e+02 0.000000e+00 0.000000e+00 0.000000e+00 0.000000e+00 0.000000e+00 0.000000e+00 0.000000e+00 0.000000e+00 0.000000e+00
2.730000e+00 0.000000e+00 -4.000870e+03 -7.079464e+03 0.000000e+00 0.000000e+00 0.000000e+00 -4.448293e+02 -4.187020e+02 1.467740e+03 6.811137e+02 0.000000e+00 0.000000e+00 0.000000e+00 0.000000e+00 0.000000e+00 0.000000e+00 0.000000e+00 0.000000e+00 0.000000e+00
2.731000e+00 0.000000e+00 -4.004199e+03 -7.085057e+03 0.000000e+00 0.000000e+00 0.000000e+00 -4.461720e+02 -4.200197e+02 1.468478e+03 6.832466e+02 0.000000e+00 0.000000e+00 0.000000e+00 0.000000e+00 0.000000e+00 0.000000e+00 0.000000e+00 0.000000e+00 0.000000e+00
2.732000e+00 0.000000e+00 -4.007578e+03 -7.090755e+03 0.000000e+00 0.000000e+00 0.000000e+00 -4.475215e+02 -4.213442e+02 1.469225e+03 6.853920e+02 0.000000e+00 0.000000e+00 0.000000e+00 0.000000e+00 0.000000e+00 0.000000e+00 0.000000e+00 0.000000e+00 0.000000e+00
2.733000e+00 0.000000e+00 -4.011005e+03 -7.096556e+03 0.000000e+00 0.000000e+00 0.000000e+00 -4.488773e+02 -4.226751e+02 1.469983e+03 6.875493e+02 0.000000e+00 0.000000e+00 0.000000e+00 0.000000e+00 0.000000e+00 0.000000e+00 0.000000e+00 0.000000e+00 0.000000e+00
2.734000e+00 0.000000e+00 -4.014479e+03 -7.102455e+03 0.000000e+00 0.000000e+00 0.000000e+00 -4.502391e+02 -4.240120e+02 1.470750e+03 6.897179e+02 0.000000e+00 0.000000e+00 0.000000e+00 0.000000e+00 0.000000e+00 0.000000e+00 0.000000e+00 0.000000e+00 0.000000e+00
2.735000e+00 0.000000e+00 -4.017997e+03 -7.108451e+03 0.000000e+00 0.000000e+00 0.000000e+00 -4.516066e+02 -4.253545e+02 1.471526e+03 6.918972e+02 0.000000e+00 0.000000e+00 0.000000e+00 0.000000e+00 0.000000e+00 0.000000e+00 0.000000e+00 0.000000e+00 0.000000e+00
2.736000e+00 0.000000e+00 -4.021559e+03 -7.114538e+03 0.000000e+00 0.000000e+00 0.000000e+00 -4.529794e+02 -4.267024e+02 1.472312e+03 6.940865e+02 0.000000e+00 0.000000e+00 0.000000e+00 0.000000e+00 0.000000e+00 0.000000e+00 0.000000e+00 0.000000e+00 0.000000e+00
2.737000e+00 0.000000e+00 -4.025162e+03 -7.120715e+03 0.000000e+00 0.000000e+00 0.000000e+00 -4.543570e+02 -4.280551e+02 1.473106e+03 6.962851e+02 0.000000e+00 0.000000e+00 0.000000e+00 0.000000e+00 0.000000e+00 0.000000e+00 0.000000e+00 0.000000e+00 0.000000e+00
2.738000e+00 0.000000e+00 -4.028805e+03 -7.126978e+03 0.000000e+00 0.000000e+00 0.000000e+00 -4.557392e+02 -4.294124e+02 1.473909e+03 6.984925e+02 0.000000e+00 0.000000e+00 0.000000e+00 0.000000e+00 0.000000e+00 0.000000e+00 0.000000e+00 0.000000e+00 0.000000e+00
2.739000e+00 0.000000e+00 -4.032486e+03 -7.133323e+03 0.000000e+00 0.000000e+00 0.000000e+00 -4.571255e+02 -4.307739e+02 1.474720e+03 7.007080e+02 0.000000e+00 0.000000e+00 0.000000e+00 0.000000e+00 0.000000e+00 0.000000e+00 0.000000e+00 0.000000e+00 0.000000e+00
2.740000e+00 0.000000e+00 -4.036204e+03 -7.139747e+03 0.000000e+00 0.000000e+00 0.000000e+00 -4.585155e+02 -4.321391e+02 1.475539e+03 7.029309e+02 0.000000e+00 0.000000e+00 0.000000e+00 0.000000e+00 0.000000e+00 0.000000e+00 0.000000e+00 0.000000e+00 0.000000e+00
2.741000e+00 0.000000e+00 -4.039957e+03 -7.146246e+03 0.000000e+00 0.000000e+00 0.000000e+00 -4.599089e+02 -4.335078e+02 1.476366e+03 7.051606e+02 0.000000e+00 0.000000e+00 0.000000e+00 0.000000e+00 0.000000e+00 0.000000e+00 0.000000e+00 0.000000e+00 0.000000e+00
2.742000e+00 0.000000e+00 -4.043743e+03 -7.152817e+03 0.000000e+00 0.000000e+00 0.000000e+00 -4.613053e+02 -4.348796e+02 1.477201e+03 7.073966e+02 0.000000e+00 0.000000e+00 0.000000e+00 0.000000e+00 0.000000e+00 0.000000e+00 0.000000e+00 0.000000e+00 0.000000e+00
2.743000e+00 0.000000e+00 -4.047561e+03 -7.159456e+03 0.000000e+00 0.000000e+00 0.000000e+00 -4.627043e+02 -4.362540e+02 1.478043e+03 7.096381e+02 0.000000e+00 0.000000e+00 0.000000e+00 0.000000e+00 0.000000e+00 0.000000e+00 0.000000e+00 0.000000e+00 0.000000e+00
2.744000e+00 0.000000e+00 -4.051409e+03 -7.166160e+03 0.000000e+00 0.000000e+00 0.000000e+00 -4.641055e+02 -4.376307e+02 1.478892e+03 7.118845e+02 0.000000e+00 0.000000e+00 0.000000e+00 0.000000e+00 0.000000e+00 0.000000e+00 0.000000e+00 0.000000e+00 0.000000e+00
2.745000e+00 0.000000e+00 -4.055285e+03 -7.172925e+03 0.000000e+00 0.000000e+00 0.000000e+00 -4.655087e+02 -4.390094e+02 1.479748e+03 7.141352e+02 0.000000e+00 0.000000e+00 0.000000e+00 0.000000e+00 0.000000e+00 0.000000e+00 0.000000e+00 0.000000e+00 0.000000e+00
2.746000e+00 0.000000e+00 -4.059189e+03 -7.179747e+03 0.000000e+00 0.000000e+00 0.000000e+00 -4.669132e+02 -4.403896e+02 1.480611e+03 7.163896e+02 0.000000e+00 0.000000e+00 0.000000e+00 0.000000e+00 0.000000e+00 0.000000e+00 0.000000e+00 0.000000e+00 0.000000e+00
2.747000e+00 0.000000e+00 -4.063117e+03 -7.186623e+03 0.000000e+00 0.000000e+00 0.000000e+00 -4.683189e+02 -4.417711e+02 1.481481e+03 7.186470e+02 0.000000e+00 0.000000e+00 0.000000e+00 0.000000e+00 0.000000e+00 0.000000e+00 0.000000e+00 0.000000e+00 0.000000e+00
2.748000e+00 0.000000e+00 -4.067069e+03 -7.193549e+03 0.000000e+00 0.000000e+00 0.000000e+00 -4.697253e+02 -4.431533e+02 1.482356e+03 7.209069e+02 0.000000e+00 0.000000e+00 0.000000e+00 0.000000e+00 0.000000e+00 0.000000e+00 0.000000e+00 0.000000e+00 0.000000e+00
2.749000e+00 0.000000e+00 -4.071043e+03 -7.200522e+03 0.000000e+00 0.000000e+00 0.000000e+00 -4.711320e+02 -4.445360e+02 1.483237e+03 7.231684e+02 0.000000e+00 0.000000e+00 0.000000e+00 0.000000e+00 0.000000e+00 0.000000e+00 0.000000e+00 0.000000e+00 0.000000e+00
2.750000e+00 0.000000e+00 -4.075038e+03 -7.207537e+03 0.000000e+00 0.000000e+00 0.000000e+00 -4.725386e+02 -4.459187e+02 1.484125e+03 7.254312e+02 0.000000e+00 0.000000e+00 0.000000e+00 0.000000e+00 0.000000e+00 0.000000e+00 0.000000e+00 0.000000e+00 0.000000e+00
2.751000e+00 0.000000e+00 -4.079051e+03 -7.214591e+03 0.000000e+00 0.000000e+00 0.000000e+00 -4.739448e+02 -4.473012e+02 1.485017e+03 7.276944e+02 0.000000e+00 0.000000e+00 0.000000e+00 0.000000e+00 0.000000e+00 0.000000e+00 0.000000e+00 0.000000e+00 0.000000e+00
2.752000e+00 0.000000e+00 -4.083082e+03 -7.221680e+03 0.000000e+00 0.000000e+00 0.000000e+00 -4.753502e+02 -4.486829e+02 1.485915e+03 7.299575e+02 0.000000e+00 0.000000e+00 0.000000e+00 0.000000e+00 0.000000e+00 0.000000e+00 0.000000e+00 0.000000e+00 0.000000e+00
2.753000e+00 0.000000e+00 -4.087128e+03 -7.228800e+03 0.000000e+00 0.000000e+00 0.000000e+00 -4.767543e+02 -4.500636e+02 1.486819e+03 7.322199e+02 0.000000e+00 0.000000e+00 0.000000e+00 0.000000e+00 0.000000e+00 0.000000e+00 0.000000e+00 0.000000e+00 0.000000e+00
2.754000e+00 0.000000e+00 -4.091188e+03 -7.235948e+03 0.000000e+00 0.000000e+00 0.000000e+00 -4.781569e+02 -4.514428e+02 1.487726e+03 7.344810e+02 0.000000e+00 0.000000e+00 0.000000e+00 0.000000e+00 0.000000e+00 0.000000e+00 0.000000e+00 0.000000e+00 0.000000e+00
2.755000e+00 0.000000e+00 -4.095261e+03 -7.243119e+03 0.000000e+00 0.000000e+00 0.000000e+00 -4.795575e+02 -4.528202e+02 1.488639e+03 7.367401e+02 0.000000e+00 0.000000e+00 0.000000e+00 0.000000e+00 0.000000e+00 0.000000e+00 0.000000e+00 0.000000e+00 0.000000e+00
2.756000e+00 0.000000e+00 -4.099345e+03 -7.250311e+03 0.000000e+00 0.000000e+00 0.000000e+00 -4.809557e+02 -4.541954e+02 1.489556e+03 7.389965e+02 0.000000e+00 0.000000e+00 0.000000e+00 0.000000e+00 0.000000e+00 0.000000e+00 0.000000e+00 0.000000e+00 0.000000e+00
2.757000e+00 0.000000e+00 -4.103439e+03 -7.257518e+03 0.000000e+00 0.000000e+00 0.000000e+00 -4.823512e+02 -4.555681e+02 1.490477e+03 7.412498e+02 0.000000e+00 0.000000e+00 0.000000e+00 0.000000e+00 0.000000e+00 0.000000e+00 0.000000e+00 0.000000e+00 0.000000e+00
2.758000e+00 0.000000e+00 -4.107541e+03 -7.264738e+03 0.000000e+00 0.000000e+00 0.000000e+00 -4.837435e+02 -4.569378e+02 1.491402e+03 7.434993e+02 0.000000e+00 0.000000e+00 0.000000e+00 0.000000e+00 0.000000e+00 0.000000e+00 0.000000e+00 0.000000e+00 0.000000e+00
2.759000e+00 0.000000e+00 -4.111649e+03 -7.271966e+03 0.000000e+00 0.000000e+00 0.000000e+00 -4.851324e+02 -4.583042e+02 1.492331e+03 7.457443e+02 0.000000e+00 0.000000e+00 0.000000e+00 0.000000e+00 0.000000e+00 0.000000e+00 0.000000e+00 0.000000e+00 0.000000e+00
2.760000e+00 0.000000e+00 -4.115762e+03 -7.279199e+03 0.000000e+00 0.000000e+00 0.000000e+00 -4.865174e+02 -4.596670e+02 1.493263e+03 7.479843e+02 0.000000e+00 0.000000e+00 0.000000e+00 0.000000e+00 0.000000e+00 0.000000e+00 0.000000e+00 0.000000e+00 0.000000e+00
2.761000e+00 0.000000e+00 -4.119879e+03 -7.286433e+03 0.000000e+00 0.000000e+00 0.000000e+00 -4.878981e+02 -4.610257e+02 1.494198e+03 7.502188e+02 0.000000e+00 0.000000e+00 0.000000e+00 0.000000e+00 0.000000e+00 0.000000e+00 0.000000e+00 0.000000e+00 0.000000e+00
2.762000e+00 0.000000e+00 -4.123997e+03 -7.293663e+03 0.000000e+00 0.000000e+00 0.000000e+00 -4.892743e+02 -4.623800e+02 1.495137e+03 7.524470e+02 0.000000e+00 0.000000e+00 0.000000e+00 0.000000e+00 0.000000e+00 0.000000e+00 0.000000e+00 0.000000e+00 0.000000e+00
2.763000e+00 0.000000e+00 -4.128117e+03 -7.300887e+03 0.000000e+00 0.000000e+00 0.000000e+00 -4.906454e+02 -4.637295e+02 1.496078e+03 7.546684e+02 0.000000e+00 0.000000e+00 0.000000e+00 0.000000e+00 0.000000e+00 0.000000e+00 0.000000e+00 0.000000e+00 0.000000e+00
2.764000e+00 0.000000e+00 -4.132235e+03 -7.308100e+03 0.000000e+00 0.000000e+00 0.000000e+00 -4.920113e+02 -4.650739e+02 1.497022e+03 7.568825e+02 0.000000e+00 0.000000e+00 0.000000e+00 0.000000e+00 0.000000e+00 0.000000e+00 0.000000e+00 0.000000e+00 0.000000e+00
2.765000e+00 0.000000e+00 -4.136351e+03 -7.315298e+03 0.000000e+00 0.000000e+00 0.000000e+00 -4.933714e+02 -4.664129e+02 1.497968e+03 7.590886e+02 0.000000e+00 0.000000e+00 0.000000e+00 0.000000e+00 0.000000e+00 0.000000e+00 0.000000e+00 0.000000e+00 0.000000e+00
2.766000e+00 0.000000e+00 -4.140463e+03 -7.322478e+03 0.000000e+00 0.000000e+00 0.000000e+00 -4.947254e+02 -4.677460e+02 1.498917e+03 7.612862e+02 0.000000e+00 0.000000e+00 0.000000e+00 0.000000e+00 0.000000e+00 0.000000e+00 0.000000e+00 0.000000e+00 0.000000e+00
2.767000e+00 0.000000e+00 -4.144569e+03 -7.329637e+03 0.000000e+00 0.000000e+00 0.000000e+00 -4.960730e+02 -4.690730e+02 1.499868e+03 7.634748e+02 0.000000e+00 0.000000e+00 0.000000e+00 0.000000e+00 0.000000e+00 0.000000e+00 0.000000e+00 0.000000e+00 0.000000e+00
2.768000e+00 0.000000e+00 -4.148669e+03 -7.336769e+03 0.000000e+00 0.000000e+00 0.000000e+00 -4.974139e+02 -4.703934e+02 1.500820e+03 7.656536e+02 0.000000e+00 0.000000e+00 0.000000e+00 0.000000e+00 0.000000e+00 0.000000e+00 0.000000e+00 0.000000e+00 0.000000e+00
2.769000e+00 0.000000e+00 -4.152761e+03 -7.343872e+03 0.000000e+00 0.000000e+00 0.000000e+00 -4.987476e+02 -4.717070e+02 1.501774e+03 7.678223e+02 0.000000e+00 0.000000e+00 0.000000e+00 0.000000e+00 0.000000e+00 0.000000e+00 0.000000e+00 0.000000e+00 0.000000e+00
2.770000e+00 0.000000e+00 -4.156843e+03 -7.350941e+03 0.000000e+00 0.000000e+00 0.000000e+00 -5.000737e+02 -4.730133e+02 1.502729e+03 7.699802e+02 0.000000e+00 0.000000e+00 0.000000e+00 0.000000e+00 0.000000e+00 0.000000e+00 0.000000e+00 0.000000e+00 0.000000e+00
2.771000e+00 0.000000e+00 -4.160914e+03 -7.357974e+03 0.000000e+00 0.000000e+00 0.000000e+00 -5.013921e+02 -4.743121e+02 1.503686e+03 7.721267e+02 0.000000e+00 0.000000e+00 0.000000e+00 0.000000e+00 0.000000e+00 0.000000e+00 0.000000e+00 0.000000e+00 0.000000e+00
2.772000e+00 0.000000e+00 -4.164973e+03 -7.364965e+03 0.000000e+00 0.000000e+00 0.000000e+00 -5.027022e+02 -4.756029e+02 1.504643e+03 7.742614e+02 0.000000e+00 0.000000e+00 0.000000e+00 0.000000e+00 0.000000e+00 0.000000e+00 0.000000e+00 0.000000e+00 0.000000e+00
2.773000e+00 0.000000e+00 -4.169019e+03 -7.371913e+03 0.000000e+00 0.000000e+00 0.000000e+00 -5.040039e+02 -4.768855e+02 1.505601e+03 7.763837e+02 0.000000e+00 0.000000e+00 0.000000e+00 0.000000e+00 0.000000e+00 0.000000e+00 0.000000e+00 0.000000e+00 0.000000e+00
2.774000e+00 0.000000e+00 -4.173049e+03 -7.378812e+03 0.000000e+00 0.000000e+00 0.000000e+00 -5.052966e+02 -4.781596e+02 1.506560e+03 7.784930e+02 0.000000e+00 0.000000e+00 0.000000e+00 0.000000e+00 0.000000e+00 0.000000e+00 0.000000e+00 0.000000e+00 0.000000e+00
2.775000e+00 0.000000e+00 -4.177062e+03 -7.385659e+03 0.000000e+00 0.000000e+00 0.000000e+00 -5.065801e+02 -4.794247e+02 1.507519e+03 7.805889e+02 0.000000e+00 0.000000e+00 0.000000e+00 0.000000e+00 0.000000e+00 0.000000e+00 0.000000e+00 0.000000e+00 0.000000e+00
2.776000e+00 0.000000e+00 -4.181059e+03 -7.392451e+03 0.000000e+00 0.000000e+00 0.000000e+00 -5.078540e+02 -4.806805e+02 1.508478e+03 7.826708e+02 0.000000e+00 0.000000e+00 0.000000e+00 0.000000e+00 0.000000e+00 0.000000e+00 0.000000e+00 0.000000e+00 0.000000e+00
2.777000e+00 0.000000e+00 -4.185036e+03 -7.399184e+03 0.000000e+00 0.000000e+00 0.000000e+00 -5.091181e+02 -4.819269e+02 1.509437e+03 7.847382e+02 0.000000e+00 0.000000e+00 0.000000e+00 0.000000e+00 0.000000e+00 0.000000e+00 0.000000e+00 0.000000e+00 0.000000e+00
2.778000e+00 0.000000e+00 -4.188992e+03 -7.405854e+03 0.000000e+00 0.000000e+00 0.000000e+00 -5.103719e+02 -4.831633e+02 1.510396e+03 7.867905e+02 0.000000e+00 0.000000e+00 0.000000e+00 0.000000e+00 0.000000e+00 0.000000e+00 0.000000e+00 0.000000e+00 0.000000e+00
2.779000e+00 0.000000e+00 -4.192927e+03 -7.412458e+03 0.000000e+00 0.000000e+00 0.000000e+00 -5.116152e+02 -4.843895e+02 1.511354e+03 7.888273e+02 0.000000e+00 0.000000e+00 0.000000e+00 0.000000e+00 0.000000e+00 0.000000e+00 0.000000e+00 0.000000e+00 0.000000e+00
2.780000e+00 0.000000e+00 -4.196839e+03 -7.418993e+03 0.000000e+00 0.000000e+00 0.000000e+00 -5.128477e+02 -4.856052e+02 1.512312e+03 7.908481e+02 0.000000e+00 0.000000e+00 0.000000e+00 0.000000e+00 0.000000e+00 0.000000e+00 0.000000e+00 0.000000e+00 0.000000e+00
2.781000e+00 0.000000e+00 -4.200727e+03 -7.425455e+03 0.000000e+00 0.000000e+00 0.000000e+00 -5.140690e+02 -4.868101e+02 1.513269e+03 7.928524e+02 0.000000e+00 0.000000e+00 0.000000e+00 0.000000e+00 0.000000e+00 0.000000e+00 0.000000e+00 0.000000e+00 0.000000e+00
2.782000e+00 0.000000e+00 -4.204589e+03 -7.431840e+03 0.000000e+00 0.000000e+00 0.000000e+00 -5.152787e+02 -4.880038e+02 1.514225e+03 7.948397e+02 0.000000e+00 0.000000e+00 0.000000e+00 0.000000e+00 0.000000e+00 0.000000e+00 0.000000e+00 0.000000e+00 0.000000e+00
2.783000e+00 0.000000e+00 -4.208424e+03 -7.438145e+03 0.000000e+00 0.000000e+00 0.000000e+00 -5.164767e+02 -4.891862e+02 1.515180e+03 7.968096e+02 0.000000e+00 0.000000e+00 0.000000e+00 0.000000e+00 0.000000e+00 0.000000e+00 0.000000e+00 0.000000e+00 0.000000e+00
2.784000e+00 0.000000e+00 -4.212231e+03 -7.444367e+03 0.000000e+00 0.000000e+00 0.000000e+00 -5.176626e+02 -4.903568e+02 1.516134e+03 7.987615e+02 0.000000e+00 0.000000e+00 0.000000e+00 0.000000e+00 0.000000e+00 0.000000e+00 0.000000e+00 0.000000e+00 0.000000e+00
2.785000e+00 0.000000e+00 -4.216009e+03 -7.450503e+03 0.000000e+00 0.000000e+00 0.000000e+00 -5.188361e+02 -4.915153e+02 1.517085e+03 8.006949e+02 0.000000e+00 0.000000e+00 0.000000e+00 0.000000e+00 0.000000e+00 0.000000e+00 0.000000e+00 0.000000e+00 0.000000e+00
2.786000e+00 0.000000e+00 -4.219757e+03 -7.456549e+03 0.000000e+00 0.000000e+00 0.000000e+00 -5.199969e+02 -4.926616e+02 1.518036e+03 8.026096e+02 0.000000e+00 0.000000e+00 0.000000e+00 0.000000e+00 0.000000e+00 0.000000e+00 0.000000e+00 0.000000e+00 0.000000e+00
2.787000e+00 0.000000e+00 -4.223472e+03 -7.462501e+03 0.000000e+00 0.000000e+00 0.000000e+00 -5.211447e+02 -4.937952e+02 1.518984e+03 8.045049e+02 0.000000e+00 0.000000e+00 0.000000e+00 0.000000e+00 0.000000e+00 0.000000e+00 0.000000e+00 0.000000e+00 0.000000e+00
2.788000e+00 0.000000e+00 -4.227155e+03 -7.468358e+03 0.000000e+00 0.000000e+00 0.000000e+00 -5.222792e+02 -4.949160e+02 1.519930e+03 8.063804e+02 0.000000e+00 0.000000e+00 0.000000e+00 0.000000e+00 0.000000e+00 0.000000e+00 0.000000e+00 0.000000e+00 0.000000e+00
2.789000e+00 0.000000e+00 -4.230804e+03 -7.474115e+03 0.000000e+00 0.000000e+00 0.000000e+00 -5.234002e+02 -4.960236e+02 1.520874e+03 8.082357e+02 0.000000e+00 0.000000e+00 0.000000e+00 0.000000e+00 0.000000e+00 0.000000e+00 0.000000e+00 0.000000e+00 0.000000e+00
2.790000e+00 0.000000e+00 -4.234417e+03 -7.479770e+03 0.000000e+00 0.000000e+00 0.000000e+00 -5.245073e+02 -4.971178e+02 1.521816e+03 8.100704e+02 0.000000e+00 0.000000e+00 0.000000e+00 0.000000e+00 0.000000e+00 0.000000e+00 0.000000e+00 0.000000e+00 0.000000e+00
2.791000e+00 0.000000e+00 -4.237994e+03 -7.485319e+03 0.000000e+00 0.000000e+00 0.000000e+00 -5.256003e+02 -4.981983e+02 1.522755e+03 8.118841e+02 0.000000e+00 0.000000e+00 0.000000e+00 0.000000e+00 0.000000e+00 0.000000e+00 0.000000e+00 0.000000e+00 0.000000e+00
2.792000e+00 0.000000e+00 -4.241533e+03 -7.490760e+03 0.000000e+00 0.000000e+00 0.000000e+00 -5.266789e+02 -4.992648e+02 1.523691e+03 8.136762e+02 0.000000e+00 0.000000e+00 0.000000e+00 0.000000e+00 0.000000e+00 0.000000e+00 0.000000e+00 0.000000e+00 0.000000e+00
2.793000e+00 0.000000e+00 -4.245033e+03 -7.496089e+03 0.000000e+00 0.000000e+00 0.000000e+00 -5.277429e+02 -5.003171e+02 1.524624e+03 8.154465e+02 0.000000e+00 0.000000e+00 0.000000e+00 0.000000e+00 0.000000e+00 0.000000e+00 0.000000e+00 0.000000e+00 0.000000e+00
2.794000e+00 0.000000e+00 -4.248493e+03 -7.501304e+03 0.000000e+00 0.000000e+00 0.000000e+00 -5.287919e+02 -5.013548e+02 1.525554e+03 8.171945e+02 0.000000e+00 0.000000e+00 0.000000e+00 0.000000e+00 0.000000e+00 0.000000e+00 0.000000e+00 0.000000e+00 0.000000e+00
2.795000e+00 0.000000e+00 -4.251913e+03 -7.506402e+03 0.000000e+00 0.000000e+00 0.000000e+00 -5.298258e+02 -5.023779e+02 1.526481e+03 8.189198e+02 0.000000e+00 0.000000e+00 0.000000e+00 0.000000e+00 0.000000e+00 0.000000e+00 0.000000e+00 0.000000e+00 0.000000e+00
2.796000e+00 0.000000e+00 -4.255290e+03 -7.511379e+03 0.000000e+00 0.000000e+00 0.000000e+00 -5.308443e+02 -5.033860e+02 1.527404e+03 8.206221e+02 0.000000e+00 0.000000e+00 0.000000e+00 0.000000e+00 0.000000e+00 0.000000e+00 0.000000e+00 0.000000e+00 0.000000e+00
2.797000e+00 0.000000e+00 -4.258624e+03 -7.516234e+03 0.000000e+00 0.000000e+00 0.000000e+00 -5.318470e+02 -5.043788e+02 1.528324e+03 8.223009e+02 0.000000e+00 0.000000e+00 0.000000e+00 0.000000e+00 0.000000e+00 0.000000e+00 0.000000e+00 0.000000e+00 0.000000e+00
2.798000e+00 0.000000e+00 -4.261913e+03 -7.520964e+03 0.000000e+00 0.000000e+00 0.000000e+00 -5.328339e+02 -5.053562e+02 1.529240e+03 8.239558e+02 0.000000e+00 0.000000e+00 0.000000e+00 0.000000e+00 0.000000e+00 0.000000e+00 0.000000e+00 0.000000e+00 0.000000e+00
2.799000e+00 0.000000e+00 -4.265157e+03 -7.525565e+03 0.000000e+00 0.000000e+00 0.000000e+00 -5.338047e+02 -5.063180e+02 1.530152e+03 8.255866e+02 0.000000e+00 0.000000e+00 0.000000e+00 0.000000e+00 0.000000e+00 0.000000e+00 0.000000e+00 0.000000e+00 0.000000e+00
2.800000e+00 0.000000e+00 -4.268354e+03 -7.530036e+03 0.000000e+00 0.000000e+00 0.000000e+00 -5.347591e+02 -5.072638e+02 1.531059e+03 8.271929e+02 0.000000e+00 0.000000e+00 0.000000e+00 0.000000e+00 0.000000e+00 0.000000e+00 0.000000e+00 0.000000e+00 0.000000e+00
2.801000e+00 0.000000e+00 -4.271504e+03 -7.534374e+03 0.000000e+00 0.000000e+00 0.000000e+00 -5.356968e+02 -5.081934e+02 1.531963e+03 8.287743e+02 0.000000e+00 0.000000e+00 0.000000e+00 0.000000e+00 0.000000e+00 0.000000e+00 0.000000e+00 0.000000e+00 0.000000e+00
2.802000e+00 0.000000e+00 -4.274605e+03 -7.538576e+03 0.000000e+00 0.000000e+00 0.000000e+00 -5.366178e+02 -5.091067e+02 1.532862e+03 8.303304e+02 0.000000e+00 0.000000e+00 0.000000e+00 0.000000e+00 0.000000e+00 0.000000e+00 0.000000e+00 0.000000e+00 0.000000e+00
2.803000e+00 0.000000e+00 -4.277657e+03 -7.542640e+03 0.000000e+00 0.000000e+00 0.000000e+00 -5.375216e+02 -5.100035e+02 1.533757e+03 8.318609e+02 0.000000e+00 0.000000e+00 0.000000e+00 0.000000e+00 0.000000e+00 0.000000e+00 0.000000e+00 0.000000e+00 0.000000e+00
2.804000e+00 0.000000e+00 -4.280658e+03 -7.546564e+03 0.000000e+00 0.000000e+00 0.000000e+00 -5.384083e+02 -5.108834e+02 1.534647e+03 8.333655e+02 0.000000e+00 0.000000e+00 0.000000e+00 0.000000e+00 0.000000e+00 0.000000e+00 0.000000e+00 0.000000e+00 0.000000e+00
2.805000e+00 0.000000e+00 -4.283607e+03 -7.550346e+03 0.000000e+00 0.000000e+00 0.000000e+00 -5.392775e+02 -5.117464e+02 1.535532e+03 8.348439e+02 0.000000e+00 0.000000e+00 0.000000e+00 0.000000e+00 0.000000e+00 0.000000e+00 0.000000e+00 0.000000e+00 0.000000e+00
2.806000e+00 0.000000e+00 -4.286503e+03 -7.553983e+03 0.000000e+00 0.000000e+00 0.000000e+00 -5.401290e+02 -5.125922e+02 1.536412e+03 8.362958e+02 0.000000e+00 0.000000e+00 0.000000e+00 0.000000e+00 0.000000e+00 0.000000e+00 0.000000e+00 0.000000e+00 0.000000e+00
2.807000e+00 0.000000e+00 -4.289346e+03 -7.557472e+03 0.000000e+00 0.000000e+00 0.000000e+00 -5.409626e+02 -5.134206e+02 1.537287e+03 8.377208e+02 0.000000e+00 0.000000e+00 0.000000e+00 0.000000e+00 0.000000e+00 0.000000e+00 0.000000e+00 0.000000e+00 0.000000e+00
2.808000e+00 0.000000e+00 -4.292135e+03 -7.560813e+03 0.000000e+00 0.000000e+00 0.000000e+00 -5.417782e+02 -5.142315e+02 1.538157e+03 8.391186e+02 0.000000e+00 0.000000e+00 0.000000e+00 0.000000e+00 0.000000e+00 0.000000e+00 0.000000e+00 0.000000e+00 0.000000e+00
2.809000e+00 0.000000e+00 -4.294867e+03 -7.564003e+03 0.000000e+00 0.000000e+00 0.000000e+00 -5.425756e+02 -5.150247e+02 1.539021e+03 8.404891e+02 0.000000e+00 0.000000e+00 0.000000e+00 0.000000e+00 0.000000e+00 0.000000e+00 0.000000e+00 0.000000e+00 0.000000e+00
2.810000e+00 0.000000e+00 -4.297543e+03 -7.567040e+03 0.000000e+00 0.000000e+00 0.000000e+00 -5.433546e+02 -5.157999e+02 1.539880e+03 8.418318e+02 0.000000e+00 0.000000e+00 0.000000e+00 0.000000e+00 0.000000e+00 0.000000e+00 0.000000e+00 0.000000e+00 0.000000e+00
2.811000e+00 0.000000e+00 -4.300161e+03 -7.569923e+03 0.000000e+00 0.000000e+00 0.000000e+00 -5.441149e+02 -5.165571e+02 1.540733e+03 8.431465e+02 0.000000e+00 0.000000e+00 0.000000e+00 0.000000e+00 0.000000e+00 0.000000e+00 0.000000e+00 0.000000e+00 0.000000e+00
2.812000e+00 0.000000e+00 -4.302721e+03 -7.572649e+03 0.000000e+00 0.000000e+00 0.000000e+00 -5.448566e+02 -5.172960e+02 1.541580e+03 8.444330e+02 0.000000e+00 0.000000e+00 0.000000e+00 0.000000e+00 0.000000e+00 0.000000e+00 0.000000e+00 0.000000e+00 0.000000e+00
2.813000e+00 0.000000e+00 -4.305222e+03 -7.575217e+03 0.000000e+00 0.000000e+00 0.000000e+00 -5.455793e+02 -5.180165e+02 1.542421e+03 8.456910e+02 0.000000e+00 0.000000e+00 0.000000e+00 0.000000e+00 0.000000e+00 0.000000e+00 0.000000e+00 0.000000e+00 0.000000e+00
2.814000e+00 0.000000e+00 -4.307662e+03 -7.577625e+03 0.000000e+00 0.000000e+00 0.000000e+00 -5.462829e+02 -5.187185e+02 1.543256e+03 8.469202e+02 0.000000e+00 0.000000e+00 0.000000e+00 0.000000e+00 0.000000e+00 0.000000e+00 0.000000e+00 0.000000e+00 0.000000e+00
2.815000e+00 0.000000e+00 -4.310041e+03 -7.579871e+03 0.000000e+00 0.000000e+00 0.000000e+00 -5.469674e+02 -5.194018e+02 1.544084e+03 8.481204e+02 0.000000e+00 0.000000e+00 0.000000e+00 0.000000e+00 0.000000e+00 0.000000e+00 0.000000e+00 0.000000e+00 0.000000e+00
2.816000e+00 0.000000e+00 -4.312358e+03 -7.581955e+03 0.000000e+00 0.000000e+00 0.000000e+00 -5.476324e+02 -5.200662e+02 1.544906e+03 8.492913e+02 0.000000e+00 0.000000e+00 0.000000e+00 0.000000e+00 0.000000e+00 0.000000e+00 0.000000e+00 0.000000e+00 0.000000e+00
2.817000e+00 0.000000e+00 -4.314612e+03 -7.583874e+03 0.000000e+00 0.000000e+00 0.000000e+00 -5.482780e+02 -5.207117e+02 1.545722e+03 8.504329e+02 0.000000e+00 0.000000e+00 0.000000e+00 0.000000e+00 0.000000e+00 0.000000e+00 0.000000e+00 0.000000e+00 0.000000e+00
2.818000e+00 0.000000e+00 -4.316802e+03 -7.585628e+03 0.000000e+00 0.000000e+00 0.000000e+00 -5.489040e+02 -5.213381e+02 1.546531e+03 8.515447e+02 0.000000e+00 0.000000e+00 0.000000e+00 0.000000e+00 0.000000e+00 0.000000e+00 0.000000e+00 0.000000e+00 0.000000e+00
2.819000e+00 0.000000e+00 -4.318927e+03 -7.587215e+03 0.000000e+00 0.000000e+00 0.000000e+00 -5.495102e+02 -5.219452e+02 1.547333e+03 8.526267e+02 0.000000e+00 0.000000e+00 0.000000e+00 0.000000e+00 0.000000e+00 0.000000e+00 0.000000e+00 0.000000e+00 0.000000e+00
2.820000e+00 0.000000e+00 -4.320987e+03 -7.588633e+03 0.000000e+00 0.000000e+00 0.000000e+00 -5.500965e+02 -5.225330e+02 1.548128e+03 8.536786e+02 0.000000e+00 0.000000e+00 0.000000e+00 0.000000e+00 0.000000e+00 0.000000e+00 0.000000e+00 0.000000e+00 0.000000e+00
2.821000e+00 0.000000e+00 -4.322980e+03 -7.589883e+03 0.000000e+00 0.000000e+00 0.000000e+00 -5.506629e+02 -5.231013e+02 1.548916e+03 8.547002e+02 0.000000e+00 0.000000e+00 0.000000e+00 0.000000e+00 0.000000e+00 0.000000e+00 0.000000e+00 0.000000e+00 0.000000e+00
2.822000e+00 0.000000e+00 -4.324907e+03 -7.590962e+03 0.000000e+00 0.000000e+00 0.000000e+00 -5.512091e+02 -5.236501e+02 1.549697e+03 8.556913e+02 0.000000e+00 0.000000e+00 0.000000e+00 0.000000e+00 0.000000e+00 0.000000e+00 0.000000e+00 0.000000e+00 0.000000e+00
2.823000e+00 0.000000e+00 -4.326765e+03 -7.591870e+03 0.000000e+00 0.000000e+00 0.000000e+00 -5.517351e+02 -5.241792e+02 1.550471e+03 8.566518e+02 0.000000e+00 0.000000e+00 0.000000e+00 0.000000e+00 0.000000e+00 0.000000e+00 0.000000e+00 0.000000e+00 0.000000e+00
2.824000e+00 0.000000e+00 -4.328554e+03 -7.592605e+03 0.000000e+00 0.000000e+00 0.000000e+00 -5.522409e+02 -5.246885e+02 1.551237e+03 8.575815e+02 0.000000e+00 0.000000e+00 0.000000e+00 0.000000e+00 0.000000e+00 0.000000e+00 0.000000e+00 0.000000e+00 0.000000e+00
2.825000e+00 0.000000e+00 -4.330274e+03 -7.593168e+03 0.000000e+00 0.000000e+00 0.000000e+00 -5.527262e+02 -5.251780e+02 1.551996e+03 8.584802e+02 0.000000e+00 0.000000e+00 0.000000e+00 0.000000e+00 0.000000e+00 0.000000e+00 0.000000e+00 0.000000e+00 0.000000e+00
2.826000e+00 0.000000e+00 -4.331924e+03 -7.593556e+03 0.000000e+00 0.000000e+00 0.000000e+00 -5.531910e+02 -5.256474e+02 1.552747e+03 8.593478e+02 0.000000e+00 0.000000e+00 0.000000e+00 0.000000e+00 0.000000e+00 0.000000e+00 0.000000e+00 0.000000e+00 0.000000e+00
2.827000e+00 0.000000e+00 -4.333503e+03 -7.593770e+03 0.000000e+00 0.000000e+00 0.000000e+00 -5.536352e+02 -5.260969e+02 1.553490e+03 8.601840e+02 0.000000e+00 0.000000e+00 0.000000e+00 0.000000e+00 0.000000e+00 0.000000e+00 0.000000e+00 0.000000e+00 0.000000e+00
2.828000e+00 0.000000e+00 -4.335010e+03 -7.593808e+03 0.000000e+00 0.000000e+00 0.000000e+00 -5.540587e+02 -5.265262e+02 1.554226e+03 8.609889e+02 0.000000e+00 0.000000e+00 0.000000e+00 0.000000e+00 0.000000e+00 0.000000e+00 0.000000e+00 0.000000e+00 0.000000e+00
2.829000e+00 0.000000e+00 -4.336444e+03 -7.593671e+03 0.000000e+00 0.000000e+00 0.000000e+00 -5.544616e+02 -5.269353e+02 1.554953e+03 8.617622e+02 0.000000e+00 0.000000e+00 0.000000e+00 0.000000e+00 0.000000e+00 0.000000e+00 0.000000e+00 0.000000e+00 0.000000e+00
2.830000e+00 0.000000e+00 -4.337805e+03 -7.593358e+03 0.000000e+00 0.000000e+00 0.000000e+00 -5.548436e+02 -5.273242e+02 1.555672e+03 8.625037e+02 0.000000e+00 0.000000e+00 0.000000e+00 0.000000e+00 0.000000e+00 0.000000e+00 0.000000e+00 0.000000e+00 0.000000e+00
2.831000e+00 0.000000e+00 -4.339093e+03 -7.592868e+03 0.000000e+00 0.000000e+00 0.000000e+00 -5.552048e+02 -5.276928e+02 1.556383e+03 8.632135e+02 0.000000e+00 0.000000e+00 0.000000e+00 0.000000e+00 0.000000e+00 0.000000e+00 0.000000e+00 0.000000e+00 0.000000e+00
2.832000e+00 0.000000e+00 -4.340306e+03 -7.592202e+03 0.000000e+00 0.000000e+00 0.000000e+00 -5.555451e+02 -5.280410e+02 1.557086e+03 8.638915e+02 0.000000e+00 0.000000e+00 0.000000e+00 0.000000e+00 0.000000e+00 0.000000e+00 0.000000e+00 0.000000e+00 0.000000e+00
2.833000e+00 0.000000e+00 -4.341444e+03 -7.591358e+03 0.000000e+00 0.000000e+00 0.000000e+00 -5.558644e+02 -5.283688e+02 1.557780e+03 8.645374e+02 0.000000e+00 0.000000e+00 0.000000e+00 0.000000e+00 0.000000e+00 0.000000e+00 0.000000e+00 0.000000e+00 0.000000e+00
2.834000e+00 0.000000e+00 -4.342506e+03 -7.590337e+03 0.000000e+00 0.000000e+00 0.000000e+00 -5.561628e+02 -5.286762e+02 1.558466e+03 8.651512e+02 0.000000e+00 0.000000e+00 0.000000e+00 0.000000e+00 0.000000e+00 0.000000e+00 0.000000e+00 0.000000e+00 0.000000e+00
2.835000e+00 0.000000e+00 -4.343491e+03 -7.589139e+03 0.000000e+00 0.000000e+00 0.000000e+00 -5.564401e+02 -5.289631e+02 1.559143e+03 8.657329e+02 0.000000e+00 0.000000e+00 0.000000e+00 0.000000e+00 0.000000e+00 0.000000e+00 0.000000e+00 0.000000e+00 0.000000e+00
2.836000e+00 0.000000e+00 -4.344399e+03 -7.587763e+03 0.000000e+00 0.000000e+00 0.000000e+00 -5.566964e+02 -5.292295e+02 1.559811e+03 8.662823e+02 0.000000e+00 0.000000e+00 0.000000e+00 0.000000e+00 0.000000e+00 0.000000e+00 0.000000e+00 0.000000e+00 0.000000e+00
2.837000e+00 0.000000e+00 -4.345230e+03 -7.586211e+03 0.000000e+00 0.000000e+00 0.000000e+00 -5.569317e+02 -5.294753e+02 1.560471e+03 8.667995e+02 0.000000e+00 0.000000e+00 0.000000e+00 0.000000e+00 0.000000e+00 0.000000e+00 0.000000e+00 0.000000e+00 0.000000e+00
2.838000e+00 0.000000e+00 -4.345982e+03 -7.584482e+03 0.000000e+00 0.000000e+00 0.000000e+00 -5.571459e+02 -5.297007e+02 1.561121e+03 8.672843e+02 0.000000e+00 0.000000e+00 0.000000e+00 0.000000e+00 0.000000e+00 0.000000e+00 0.000000e+00 0.000000e+00 0.000000e+00
2.839000e+00 0.000000e+00 -4.346655e+03 -7.582576e+03 0.000000e+00 0.000000e+00 0.000000e+00 -5.573390e+02 -5.299055e+02 1.561763e+03 8.677368e+02 0.000000e+00 0.000000e+00 0.000000e+00 0.000000e+00 0.000000e+00 0.000000e+00 0.000000e+00 0.000000e+00 0.000000e+00
2.840000e+00 0.000000e+00 -4.347249e+03 -7.580494e+03 0.000000e+00 0.000000e+00 0.000000e+00 -5.575110e+02 -5.300898e+02 1.562395e+03 8.681569e+02 0.000000e+00 0.000000e+00 0.000000e+00 0.000000e+00 0.000000e+00 0.000000e+00 0.000000e+00 0.000000e+00 0.000000e+00
2.841000e+00 0.000000e+00 -4.347763e+03 -7.578236e+03 0.000000e+00 0.000000e+00 0.000000e+00 -5.576620e+02 -5.302536e+02 1.563018e+03 8.685445e+02 0.000000e+00 0.000000e+00 0.000000e+00 0.000000e+00 0.000000e+00 0.000000e+00 0.000000e+00 0.000000e+00 0.000000e+00
2.842000e+00 0.000000e+00 -4.348196e+03 -7.575802e+03 0.000000e+00 0.000000e+00 0.000000e+00 -5.577919e+02 -5.303969e+02 1.563632e+03 8.688997e+02 0.000000e+00 0.000000e+00 0.000000e+00 0.000000e+00 0.000000e+00 0.000000e+00 0.000000e+00 0.000000e+00 0.000000e+00
2.843000e+00 0.000000e+00 -4.348548e+03 -7.573194e+03 0.000000e+00 0.000000e+00 0.000000e+00 -5.579008e+02 -5.305196e+02 1.564236e+03 8.692224e+02 0.000000e+00 0.000000e+00 0.000000e+00 0.000000e+00 0.000000e+00 0.000000e+00 0.000000e+00 0.000000e+00 0.000000e+00
2.844000e+00 0.000000e+00 -4.348819e+03 -7.570412e+03 0.000000e+00 0.000000e+00 0.000000e+00 -5.579887e+02 -5.306219e+02 1.564831e+03 8.695126e+02 0.000000e+00 0.000000e+00 0.000000e+00 0.000000e+00 0.000000e+00 0.000000e+00 0.000000e+00 0.000000e+00 0.000000e+00
2.845000e+00 0.000000e+00 -4.349008e+03 -7.567456e+03 0.000000e+00 0.000000e+00 0.000000e+00 -5.580556e+02 -5.307037e+02 1.565416e+03 8.697703e+02 0.000000e+00 0.000000e+00 0.000000e+00 0.000000e+00 0.000000e+00 0.000000e+00 0.000000e+00 0.000000e+00 0.000000e+00
2.846000e+00 0.000000e+00 -4.349114e+03 -7.564327e+03 0.000000e+00 0.000000e+00 0.000000e+00 -5.581015e+02 -5.307651e+02 1.565992e+03 8.699956e+02 0.000000e+00 0.000000e+00 0.000000e+00 0.000000e+00 0.000000e+00 0.000000e+00 0.000000e+00 0.000000e+00 0.000000e+00
2.847000e+00 0.000000e+00 -4.349137e+03 -7.561027e+03 0.000000e+00 0.000000e+00 0.000000e+00 -5.581264e+02 -5.308060e+02 1.566558e+03 8.701884e+02 0.000000e+00 0.000000e+00 0.000000e+00 0.000000e+00 0.000000e+00 0.000000e+00 0.000000e+00 0.000000e+00 0.000000e+00
2.848000e+00 0.000000e+00 -4.349077e+03 -7.557555e+03 0.000000e+00 0.000000e+00 0.000000e+00 -5.581305e+02 -5.308266e+02 1.567114e+03 8.703488e+02 0.000000e+00 0.000000e+00 0.000000e+00 0.000000e+00 0.000000e+00 0.000000e+00 0.000000e+00 0.000000e+00 0.000000e+00
2.849000e+00 0.000000e+00 -4.348934e+03 -7.553913e+03 0.000000e+00 0.000000e+00 0.000000e+00 -5.581138e+02 -5.308268e+02 1.567660e+03 8.704769e+02 0.000000e+00 0.000000e+00 0.000000e+00 0.000000e+00 0.000000e+00 0.000000e+00 0.000000e+00 0.000000e+00 0.000000e+00
2.850000e+00 0.000000e+00 -4.348707e+03 -7.550103e+03 0.000000e+00 0.000000e+00 0.000000e+00 -5.580762e+02 -5.308068e+02 1.568197e+03 8.705725e+02 0.000000e+00 0.000000e+00 0.000000e+00 0.000000e+00 0.000000e+00 0.000000e+00 0.000000e+00 0.000000e+00 0.000000e+00
2.851000e+00 0.000000e+00 -4.348395e+03 -7.546124e+03 0.000000e+00 0.000000e+00 0.000000e+00 -5.580180e+02 -5.307666e+02 1.568723e+03 8.706359e+02 0.000000e+00 0.000000e+00 0.000000e+00 0.000000e+00 0.000000e+00 0.000000e+00 0.000000e+00 0.000000e+00 0.000000e+00
2.852000e+00 0.000000e+00 -4.347999e+03 -7.541980e+03 0.000000e+00 0.000000e+00 0.000000e+00 -5.579391e+02 -5.307063e+02 1.569239e+03 8.706671e+02 0.000000e+00 0.000000e+00 0.000000e+00 0.000000e+00 0.000000e+00 0.000000e+00 0.000000e+00 0.000000e+00 0.000000e+00
2.853000e+00 0.000000e+00 -4.347517e+03 -7.537670e+03 0.000000e+00 0.000000e+00 0.000000e+00 -5.578396e+02 -5.306259e+02 1.569745e+03 8.706662e+02 0.000000e+00 0.000000e+00 0.000000e+00 0.000000e+00 0.000000e+00 0.000000e+00 0.000000e+00 0.000000e+00 0.000000e+00
2.854000e+00 0.000000e+00 -4.346951e+03 -7.533196e+03 0.000000e+00 0.000000e+00 0.000000e+00 -5.577196e+02 -5.305255e+02 1.570241e+03 8.706332e+02 0.000000e+00 0.000000e+00 0.000000e+00 0.000000e+00 0.000000e+00 0.000000e+00 0.000000e+00 0.000000e+00 0.000000e+00
2.855000e+00 0.000000e+00 -4.346299e+03 -7.528559e+03 0.000000e+00 0.000000e+00 0.000000e+00 -5.575792e+02 -5.304053e+02 1.570727e+03 8.705682e+02 0.000000e+00 0.000000e+00 0.000000e+00 0.000000e+00 0.000000e+00 0.000000e+00 0.000000e+00 0.000000e+00 0.000000e+00
2.856000e+00 0.000000e+00 -4.345561e+03 -7.523762e+03 0.000000e+00 0.000000e+00 0.000000e+00 -5.574186e+02 -5.302652e+02 1.571202e+03 8.704714e+02 0.000000e+00 0.000000e+00 0.000000e+00 0.000000e+00 0.000000e+00 0.000000e+00 0.000000e+00 0.000000e+00 0.000000e+00
2.857000e+00 0.000000e+00 -4.344737e+03 -7.518806e+03 0.000000e+00 0.000000e+00 0.000000e+00 -5.572377e+02 -5.301054e+02 1.571667e+03 8.703428e+02 0.000000e+00 0.000000e+00 0.000000e+00 0.000000e+00 0.000000e+00 0.000000e+00 0.000000e+00 0.000000e+00 0.000000e+00
2.858000e+00 0.000000e+00 -4.343827e+03 -7.513692e+03 0.000000e+00 0.000000e+00 0.000000e+00 -5.570368e+02 -5.299261e+02 1.572121e+03 8.701826e+02 0.000000e+00 0.000000e+00 0.000000e+00 0.000000e+00 0.000000e+00 0.000000e+00 0.000000e+00 0.000000e+00 0.000000e+00
2.859000e+00 0.000000e+00 -4.342831e+03 -7.508422e+03 0.000000e+00 0.000000e+00 0.000000e+00 -5.568159e+02 -5.297272e+02 1.572565e+03 8.699909e+02 0.000000e+00 0.000000e+00 0.000000e+00 0.000000e+00 0.000000e+00 0.000000e+00 0.000000e+00 0.000000e+00 0.000000e+00
2.860000e+00 0.000000e+00 -4.341748e+03 -7.502998e+03 0.000000e+00 0.000000e+00 0.000000e+00 -5.565751e+02 -5.295090e+02 1.572998e+03 8.697679e+02 0.000000e+00 0.000000e+00 0.000000e+00 0.000000e+00 0.000000e+00 0.000000e+00 0.000000e+00 0.000000e+00 0.000000e+00
2.861000e+00 0.000000e+00 -4.340578e+03 -7.497422e+03 0.000000e+00 0.000000e+00 0.000000e+00 -5.563146e+02 -5.292716e+02 1.573421e+03 8.695136e+02 0.000000e+00 0.000000e+00 0.000000e+00 0.000000e+00 0.000000e+00 0.000000e+00 0.000000e+00 0.000000e+00 0.000000e+00
2.862000e+00 0.000000e+00 -4.339321e+03 -7.491696e+03 0.000000e+00 0.000000e+00 0.000000e+00 -5.560346e+02 -5.290150e+02 1.573833e+03 8.692283e+02 0.000000e+00 0.000000e+00 0.000000e+00 0.000000e+00 0.000000e+00 0.000000e+00 0.000000e+00 0.000000e+00 0.000000e+00
2.863000e+00 0.000000e+00 -4.337978e+03 -7.485822e+03 0.000000e+00 0.000000e+00 0.000000e+00 -5.557351e+02 -5.287395e+02 1.574235e+03 8.689122e+02 0.000000e+00 0.000000e+00 0.000000e+00 0.000000e+00 0.000000e+00 0.000000e+00 0.000000e+00 0.000000e+00 0.000000e+00
2.864000e+00 0.000000e+00 -4.336548e+03 -7.479801e+03 0.000000e+00 0.000000e+00 0.000000e+00 -5.554162e+02 -5.284451e+02 1.574626e+03 8.685653e+02 0.000000e+00 0.000000e+00 0.000000e+00 0.000000e+00 0.000000e+00 0.000000e+00 0.000000e+00 0.000000e+00 0.000000e+00
2.865000e+00 0.000000e+00 -4.335031e+03 -7.473637e+03 0.000000e+00 0.000000e+00 0.000000e+00 -5.550783e+02 -5.281321e+02 1.575006e+03 8.681879e+02 0.000000e+00 0.000000e+00 0.000000e+00 0.000000e+00 0.000000e+00 0.000000e+00 0.000000e+00 0.000000e+00 0.000000e+00
2.866000e+00 0.000000e+00 -4.333427e+03 -7.467330e+03 0.000000e+00 0.000000e+00 0.000000e+00 -5.547213e+02 -5.278004e+02 1.575375e+03 8.677801e+02 0.000000e+00 0.000000e+00 0.000000e+00 0.000000e+00 0.000000e+00 0.000000e+00 0.000000e+00 0.000000e+00 0.000000e+00
2.867000e+00 0.000000e+00 -4.331736e+03 -7.460884e+03 0.000000e+00 0.000000e+00 0.000000e+00 -5.543454e+02 -5.274504e+02 1.575734e+03 8.673422e+02 0.000000e+00 0.000000e+00 0.000000e+00 0.000000e+00 0.000000e+00 0.000000e+00 0.000000e+00 0.000000e+00 0.000000e+00
2.868000e+00 0.000000e+00 -4.329958e+03 -7.454301e+03 0.000000e+00 0.000000e+00 0.000000e+00 -5.539509e+02 -5.270821e+02 1.576082e+03 8.668744e+02 0.000000e+00 0.000000e+00 0.000000e+00 0.000000e+00 0.000000e+00 0.000000e+00 0.000000e+00 0.000000e+00 0.000000e+00
2.869000e+00 0.000000e+00 -4.328094e+03 -7.447582e+03 0.000000e+00 0.000000e+00 0.000000e+00 -5.535378e+02 -5.266957e+02 1.576419e+03 8.663768e+02 0.000000e+00 0.000000e+00 0.000000e+00 0.000000e+00 0.000000e+00 0.000000e+00 0.000000e+00 0.000000e+00 0.000000e+00
2.870000e+00 0.000000e+00 -4.326143e+03 -7.440731e+03 0.000000e+00 0.000000e+00 0.000000e+00 -5.531064e+02 -5.262915e+02 1.576745e+03 8.658497e+02 0.000000e+00 0.000000e+00 0.000000e+00 0.000000e+00 0.000000e+00 0.000000e+00 0.000000e+00 0.000000e+00 0.000000e+00
2.871000e+00 0.000000e+00 -4.324106e+03 -7.433750e+03 0.000000e+00 0.000000e+00 0.000000e+00 -5.526568e+02 -5.258695e+02 1.577061e+03 8.652934e+02 0.000000e+00 0.000000e+00 0.000000e+00 0.000000e+00 0.000000e+00 0.000000e+00 0.000000e+00 0.000000e+00 0.000000e+00
2.872000e+00 0.000000e+00 -4.321983e+03 -7.426642e+03 0.000000e+00 0.000000e+00 0.000000e+00 -5.521892e+02 -5.254299e+02 1.577365e+03 8.647080e+02 0.000000e+00 0.000000e+00 0.000000e+00 0.000000e+00 0.000000e+00 0.000000e+00 0.000000e+00 0.000000e+00 0.000000e+00
2.873000e+00 0.000000e+00 -4.319773e+03 -7.419408e+03 0.000000e+00 0.000000e+00 0.000000e+00 -5.517039e+02 -5.249730e+02 1.577659e+03 8.640939e+02 0.000000e+00 0.000000e+00 0.000000e+00 0.000000e+00 0.000000e+00 0.000000e+00 0.000000e+00 0.000000e+00 0.000000e+00
2.874000e+00 0.000000e+00 -4.317478e+03 -7.412053e+03 0.000000e+00 0.000000e+00 0.000000e+00 -5.512010e+02 -5.244989e+02 1.577942e+03 8.634513e+02 0.000000e+00 0.000000e+00 0.000000e+00 0.000000e+00 0.000000e+00 0.000000e+00 0.000000e+00 0.000000e+00 0.000000e+00
2.875000e+00 0.000000e+00 -4.315097e+03 -7.404577e+03 0.000000e+00 0.000000e+00 0.000000e+00 -5.506807e+02 -5.240078e+02 1.578214e+03 8.627804e+02 0.000000e+00 0.000000e+00 0.000000e+00 0.000000e+00 0.000000e+00 0.000000e+00 0.000000e+00 0.000000e+00 0.000000e+00
2.876000e+00 0.000000e+00 -4.312632e+03 -7.396985e+03 0.000000e+00 0.000000e+00 0.000000e+00 -5.501433e+02 -5.235000e+02 1.578476e+03 8.620817e+02 0.000000e+00 0.000000e+00 0.000000e+00 0.000000e+00 0.000000e+00 0.000000e+00 0.000000e+00 0.000000e+00 0.000000e+00
2.877000e+00 0.000000e+00 -4.310081e+03 -7.389280e+03 0.000000e+00 0.000000e+00 0.000000e+00 -5.495889e+02 -5.229757e+02 1.578726e+03 8.613553e+02 0.000000e+00 0.000000e+00 0.000000e+00 0.000000e+00 0.000000e+00 0.000000e+00 0.000000e+00 0.000000e+00 0.000000e+00
2.878000e+00 0.000000e+00 -4.307446e+03 -7.381463e+03 0.000000e+00 0.000000e+00 0.000000e+00 -5.490179e+02 -5.224350e+02 1.578966e+03 8.606015e+02 0.000000e+00 0.000000e+00 0.000000e+00 0.000000e+00 0.000000e+00 0.000000e+00 0.000000e+00 0.000000e+00 0.000000e+00
2.879000e+00 0.000000e+00 -4.304727e+03 -7.373538e+03 0.000000e+00 0.000000e+00 0.000000e+00 -5.484303e+02 -5.218783e+02 1.579195e+03 8.598208e+02 0.000000e+00 0.000000e+00 0.000000e+00 0.000000e+00 0.000000e+00 0.000000e+00 0.000000e+00 0.000000e+00 0.000000e+00
2.880000e+00 0.000000e+00 -4.301924e+03 -7.365508e+03 0.000000e+00 0.000000e+00 0.000000e+00 -5.478266e+02 -5.213057e+02 1.579413e+03 8.590134e+02 0.000000e+00 0.000000e+00 0.000000e+00 0.000000e+00 0.000000e+00 0.000000e+00 0.000000e+00 0.000000e+00 0.000000e+00
2.881000e+00 0.000000e+00 -4.299037e+03 -7.357376e+03 0.000000e+00 0.000000e+00 0.000000e+00 -5.472068e+02 -5.207175e+02 1.579621e+03 8.581796e+02 0.000000e+00 0.000000e+00 0.000000e+00 0.000000e+00 0.000000e+00 0.000000e+00 0.000000e+00 0.000000e+00 0.000000e+00
2.882000e+00 0.000000e+00 -4.296068e+03 -7.349145e+03 0.000000e+00 0.000000e+00 0.000000e+00 -5.465713e+02 -5.201139e+02 1.579818e+03 8.573198e+02 0.000000e+00 0.000000e+00 0.000000e+00 0.000000e+00 0.000000e+00 0.000000e+00 0.000000e+00 0.000000e+00 0.000000e+00
2.883000e+00 0.000000e+00 -4.293017e+03 -7.340819e+03 0.000000e+00 0.000000e+00 0.000000e+00 -5.459203e+02 -5.194951e+02 1.580004e+03 8.564343e+02 0.000000e+00 0.000000e+00 0.000000e+00 0.000000e+00 0.000000e+00 0.000000e+00 0.000000e+00 0.000000e+00 0.000000e+00
2.884000e+00 0.000000e+00 -4.289884e+03 -7.332400e+03 0.000000e+00 0.000000e+00 0.000000e+00 -5.452541e+02 -5.188615e+02 1.580180e+03 8.555236e+02 0.000000e+00 0.000000e+00 0.000000e+00 0.000000e+00 0.000000e+00 0.000000e+00 0.000000e+00 0.000000e+00 0.000000e+00
2.885000e+00 0.000000e+00 -4.286670e+03 -7.323891e+03 0.000000e+00 0.000000e+00 0.000000e+00 -5.445729e+02 -5.182132e+02 1.580345e+03 8.545878e+02 0.000000e+00 0.000000e+00 0.000000e+00 0.000000e+00 0.000000e+00 0.000000e+00 0.000000e+00 0.000000e+00 0.000000e+00
2.886000e+00 0.000000e+00 -4.283376e+03 -7.315296e+03 0.000000e+00 0.000000e+00 0.000000e+00 -5.438769e+02 -5.175505e+02 1.580500e+03 8.536276e+02 0.000000e+00 0.000000e+00 0.000000e+00 0.000000e+00 0.000000e+00 0.000000e+00 0.000000e+00 0.000000e+00 0.000000e+00
2.887000e+00 0.000000e+00 -4.280002e+03 -7.306618e+03 0.000000e+00 0.000000e+00 0.000000e+00 -5.431665e+02 -5.168736e+02 1.580644e+03 8.526431e+02 0.000000e+00 0.000000e+00 0.000000e+00 0.000000e+00 0.000000e+00 0.000000e+00 0.000000e+00 0.000000e+00 0.000000e+00
2.888000e+00 0.000000e+00 -4.276549e+03 -7.297860e+03 0.000000e+00 0.000000e+00 0.000000e+00 -5.424420e+02 -5.161830e+02 1.580779e+03 8.516348e+02 0.000000e+00 0.000000e+00 0.000000e+00 0.000000e+00 0.000000e+00 0.000000e+00 0.000000e+00 0.000000e+00 0.000000e+00
2.889000e+00 0.000000e+00 -4.273018e+03 -7.289026e+03 0.000000e+00 0.000000e+00 0.000000e+00 -5.417035e+02 -5.154787e+02 1.580902e+03 8.506032e+02 0.000000e+00 0.000000e+00 0.000000e+00 0.000000e+00 0.000000e+00 0.000000e+00 0.000000e+00 0.000000e+00 0.000000e+00
2.890000e+00 0.000000e+00 -4.269410e+03 -7.280119e+03 0.000000e+00 0.000000e+00 0.000000e+00 -5.409514e+02 -5.147611e+02 1.581016e+03 8.495486e+02 0.000000e+00 0.000000e+00 0.000000e+00 0.000000e+00 0.000000e+00 0.000000e+00 0.000000e+00 0.000000e+00 0.000000e+00
2.891000e+00 0.000000e+00 -4.265725e+03 -7.271142e+03 0.000000e+00 0.000000e+00 0.000000e+00 -5.401860e+02 -5.140305e+02 1.581119e+03 8.484714e+02 0.000000e+00 0.000000e+00 0.000000e+00 0.000000e+00 0.000000e+00 0.000000e+00 0.000000e+00 0.000000e+00 0.000000e+00
2.892000e+00 0.000000e+00 -4.261964e+03 -7.262100e+03 0.000000e+00 0.000000e+00 0.000000e+00 -5.394076e+02 -5.132872e+02 1.581213e+03 8.473721e+02 0.000000e+00 0.000000e+00 0.000000e+00 0.000000e+00 0.000000e+00 0.000000e+00 0.000000e+00 0.000000e+00 0.000000e+00
2.893000e+00 0.000000e+00 -4.258129e+03 -7.252995e+03 0.000000e+00 0.000000e+00 0.000000e+00 -5.386165e+02 -5.125314e+02 1.581296e+03 8.462511e+02 0.000000e+00 0.000000e+00 0.000000e+00 0.000000e+00 0.000000e+00 0.000000e+00 0.000000e+00 0.000000e+00 0.000000e+00
2.894000e+00 0.000000e+00 -4.254220e+03 -7.243831e+03 0.000000e+00 0.000000e+00 0.000000e+00 -5.378129e+02 -5.117635e+02 1.581370e+03 8.451090e+02 0.000000e+00 0.000000e+00 0.000000e+00 0.000000e+00 0.000000e+00 0.000000e+00 0.000000e+00 0.000000e+00 0.000000e+00
2.895000e+00 0.000000e+00 -4.250237e+03 -7.234611e+03 0.000000e+00 0.000000e+00 0.000000e+00 -5.369973e+02 -5.109837e+02 1.581434e+03 8.439460e+02 0.000000e+00 0.000000e+00 0.000000e+00 0.000000e+00 0.000000e+00 0.000000e+00 0.000000e+00 0.000000e+00 0.000000e+00
2.896000e+00 0.000000e+00 -4.246183e+03 -7.225340e+03 0.000000e+00 0.000000e+00 0.000000e+00 -5.361698e+02 -5.101924e+02 1.581488e+03 8.427628e+02 0.000000e+00 0.000000e+00 0.000000e+00 0.000000e+00 0.000000e+00 0.000000e+00 0.000000e+00 0.000000e+00 0.000000e+00
2.897000e+00 0.000000e+00 -4.242058e+03 -7.216021e+03 0.000000e+00 0.000000e+00 0.000000e+00 -5.353309e+02 -5.093899e+02 1.581533e+03 8.415598e+02 0.000000e+00 0.000000e+00 0.000000e+00 0.000000e+00 0.000000e+00 0.000000e+00 0.000000e+00 0.000000e+00 0.000000e+00
2.898000e+00 0.000000e+00 -4.237863e+03 -7.206657e+03 0.000000e+00 0.000000e+00 0.000000e+00 -5.344809e+02 -5.085765e+02 1.581568e+03 8.403375e+02 0.000000e+00 0.000000e+00 0.000000e+00 0.000000e+00 0.000000e+00 0.000000e+00 0.000000e+00 0.000000e+00 0.000000e+00
2.899000e+00 0.000000e+00 -4.233600e+03 -7.197252e+03 0.000000e+00 0.000000e+00 0.000000e+00 -5.336200e+02 -5.077525e+02 1.581594e+03 8.390963e+02 0.000000e+00 0.000000e+00 0.000000e+00 0.000000e+00 0.000000e+00 0.000000e+00 0.000000e+00 0.000000e+00 0.000000e+00
2.900000e+00 0.000000e+00 -4.229269e+03 -7.187810e+03 0.000000e+00 0.000000e+00 0.000000e+00 -5.327487e+02 -5.069182e+02 1.581611e+03 8.378369e+02 0.000000e+00 0.000000e+00 0.000000e+00 0.000000e+00 0.000000e+00 0.000000e+00 0.000000e+00 0.000000e+00 0.000000e+00
2.901000e+00 0.000000e+00 -4.224872e+03 -7.178335e+03 0.000000e+00 0.000000e+00 0.000000e+00 -5.318673e+02 -5.060741e+02 1.581618e+03 8.365597e+02 0.000000e+00 0.000000e+00 0.000000e+00 0.000000e+00 0.000000e+00 0.000000e+00 0.000000e+00 0.000000e+00 0.000000e+00
2.902000e+00 0.000000e+00 -4.220410e+03 -7.168830e+03 0.000000e+00 0.000000e+00 0.000000e+00 -5.309761e+02 -5.052204e+02 1.581617e+03 8.352652e+02 0.000000e+00 0.000000e+00 0.000000e+00 0.000000e+00 0.000000e+00 0.000000e+00 0.000000e+00 0.000000e+00 0.000000e+00
2.903000e+00 0.000000e+00 -4.215884e+03 -7.159300e+03 0.000000e+00 0.000000e+00 0.000000e+00 -5.300754e+02 -5.043574e+02 1.581607e+03 8.339540e+02 0.000000e+00 0.000000e+00 0.000000e+00 0.000000e+00 0.000000e+00 0.000000e+00 0.000000e+00 0.000000e+00 0.000000e+00
2.904000e+00 0.000000e+00 -4.211295e+03 -7.149747e+03 0.000000e+00 0.000000e+00 0.000000e+00 -5.291657e+02 -5.034855e+02 1.581589e+03 8.326267e+02 0.000000e+00 0.000000e+00 0.000000e+00 0.000000e+00 0.000000e+00 0.000000e+00 0.000000e+00 0.000000e+00 0.000000e+00
2.905000e+00 0.000000e+00 -4.206646e+03 -7.140176e+03 0.000000e+00 0.000000e+00 0.000000e+00 -5.282472e+02 -5.026050e+02 1.581562e+03 8.312836e+02 0.000000e+00 0.000000e+00 0.000000e+00 0.000000e+00 0.000000e+00 0.000000e+00 0.000000e+00 0.000000e+00 0.000000e+00
2.906000e+00 0.000000e+00 -4.201937e+03 -7.130590e+03 0.000000e+00 0.000000e+00 0.000000e+00 -5.273203e+02 -5.017164e+02 1.581526e+03 8.299255e+02 0.000000e+00 0.000000e+00 0.000000e+00 0.000000e+00 0.000000e+00 0.000000e+00 0.000000e+00 0.000000e+00 0.000000e+00
2.907000e+00 0.000000e+00 -4.197170e+03 -7.120993e+03 0.000000e+00 0.000000e+00 0.000000e+00 -5.263853e+02 -5.008198e+02 1.581483e+03 8.285529e+02 0.000000e+00 0.000000e+00 0.000000e+00 0.000000e+00 0.000000e+00 0.000000e+00 0.000000e+00 0.000000e+00 0.000000e+00
2.908000e+00 0.000000e+00 -4.192346e+03 -7.111389e+03 0.000000e+00 0.000000e+00 0.000000e+00 -5.254427e+02 -4.999157e+02 1.581432e+03 8.271663e+02 0.000000e+00 0.000000e+00 0.000000e+00 0.000000e+00 0.000000e+00 0.000000e+00 0.000000e+00 0.000000e+00 0.000000e+00
2.909000e+00 0.000000e+00 -4.187467e+03 -7.101782e+03 0.000000e+00 0.000000e+00 0.000000e+00 -5.244928e+02 -4.990045e+02 1.581373e+03 8.257663e+02 0.000000e+00 0.000000e+00 0.000000e+00 0.000000e+00 0.000000e+00 0.000000e+00 0.000000e+00 0.000000e+00 0.000000e+00
2.910000e+00 0.000000e+00 -4.182534e+03 -7.092176e+03 0.000000e+00 0.000000e+00 0.000000e+00 -5.235359e+02 -4.980864e+02 1.581306e+03 8.243536e+02 0.000000e+00 0.000000e+00 0.000000e+00 0.000000e+00 0.000000e+00 0.000000e+00 0.000000e+00 0.000000e+00 0.000000e+00
2.911000e+00 0.000000e+00 -4.177550e+03 -7.082574e+03 0.000000e+00 0.000000e+00 0.000000e+00 -5.225725e+02 -4.971619e+02 1.581232e+03 8.229286e+02 0.000000e+00 0.000000e+00 0.000000e+00 0.000000e+00 0.000000e+00 0.000000e+00 0.000000e+00 0.000000e+00 0.000000e+00
2.912000e+00 0.000000e+00 -4.172515e+03 -7.072981e+03 0.000000e+00 0.000000e+00 0.000000e+00 -5.216029e+02 -4.962314e+02 1.581151e+03 8.214921e+02 0.000000e+00 0.000000e+00 0.000000e+00 0.000000e+00 0.000000e+00 0.000000e+00 0.000000e+00 0.000000e+00 0.000000e+00
2.913000e+00 0.000000e+00 -4.167431e+03 -7.063399e+03 0.000000e+00 0.000000e+00 0.000000e+00 -5.206275e+02 -4.952951e+02 1.581062e+03 8.200447e+02 0.000000e+00 0.000000e+00 0.000000e+00 0.000000e+00 0.000000e+00 0.000000e+00 0.000000e+00 0.000000e+00 0.000000e+00
2.914000e+00 0.000000e+00 -4.162301e+03 -7.053834e+03 0.000000e+00 0.000000e+00 0.000000e+00 -5.196466e+02 -4.943535e+02 1.580967e+03 8.185869e+02 0.000000e+00 0.000000e+00 0.000000e+00 0.000000e+00 0.000000e+00 0.000000e+00 0.000000e+00 0.000000e+00 0.000000e+00
2.915000e+00 0.000000e+00 -4.157125e+03 -7.044289e+03 0.000000e+00 0.000000e+00 0.000000e+00 -5.186607e+02 -4.934070e+02 1.580866e+03 8.171194e+02 0.000000e+00 0.000000e+00 0.000000e+00 0.000000e+00 0.000000e+00 0.000000e+00 0.000000e+00 0.000000e+00 0.000000e+00
2.916000e+00 0.000000e+00 -4.151906e+03 -7.034767e+03 0.000000e+00 0.000000e+00 0.000000e+00 -5.176702e+02 -4.924559e+02 1.580758e+03 8.156428e+02 0.000000e+00 0.000000e+00 0.000000e+00 0.000000e+00 0.000000e+00 0.000000e+00 0.000000e+00 0.000000e+00 0.000000e+00
2.917000e+00 0.000000e+00 -4.146645e+03 -7.025273e+03 0.000000e+00 0.000000e+00 0.000000e+00 -5.166754e+02 -4.915006e+02 1.580644e+03 8.141578e+02 0.000000e+00 0.000000e+00 0.000000e+00 0.000000e+00 0.000000e+00 0.000000e+00 0.000000e+00 0.000000e+00 0.000000e+00
2.918000e+00 0.000000e+00 -4.141345e+03 -7.015811e+03 0.000000e+00 0.000000e+00 0.000000e+00 -5.156767e+02 -4.905416e+02 1.580524e+03 8.126650e+02 0.000000e+00 0.000000e+00 0.000000e+00 0.000000e+00 0.000000e+00 0.000000e+00 0.000000e+00 0.000000e+00 0.000000e+00
2.919000e+00 0.000000e+00 -4.136006e+03 -7.006384e+03 0.000000e+00 0.000000e+00 0.000000e+00 -5.146746e+02 -4.895791e+02 1.580398e+03 8.111651e+02 0.000000e+00 0.000000e+00 0.000000e+00 0.000000e+00 0.000000e+00 0.000000e+00 0.000000e+00 0.000000e+00 0.000000e+00
2.920000e+00 0.000000e+00 -4.130632e+03 -6.996996e+03 0.000000e+00 0.000000e+00 0.000000e+00 -5.136694e+02 -4.886136e+02 1.580267e+03 8.096587e+02 0.000000e+00 0.000000e+00 0.000000e+00 0.000000e+00 0.000000e+00 0.000000e+00 0.000000e+00 0.000000e+00 0.000000e+00
2.921000e+00 0.000000e+00 -4.125224e+03 -6.987651e+03 0.000000e+00 0.000000e+00 0.000000e+00 -5.126615e+02 -4.876455e+02 1.580131e+03 8.081465e+02 0.000000e+00 0.000000e+00 0.000000e+00 0.000000e+00 0.000000e+00 0.000000e+00 0.000000e+00 0.000000e+00 0.000000e+00
2.922000e+00 0.000000e+00 -4.119784e+03 -6.978353e+03 0.000000e+00 0.000000e+00 0.000000e+00 -5.116514e+02 -4.866751e+02 1.579990e+03 8.066293e+02 0.000000e+00 0.000000e+00 0.000000e+00 0.000000e+00 0.000000e+00 0.000000e+00 0.000000e+00 0.000000e+00 0.000000e+00
2.923000e+00 0.000000e+00 -4.114314e+03 -6.969105e+03 0.000000e+00 0.000000e+00 0.000000e+00 -5.106394e+02 -4.857029e+02 1.579844e+03 8.051076e+02 0.000000e+00 0.000000e+00 0.000000e+00 0.000000e+00 0.000000e+00 0.000000e+00 0.000000e+00 0.000000e+00 0.000000e+00
2.924000e+00 0.000000e+00 -4.108816e+03 -6.959912e+03 0.000000e+00 0.000000e+00 0.000000e+00 -5.096259e+02 -4.847293e+02 1.579694e+03 8.035821e+02 0.000000e+00 0.000000e+00 0.000000e+00 0.000000e+00 0.000000e+00 0.000000e+00 0.000000e+00 0.000000e+00 0.000000e+00
2.925000e+00 0.000000e+00 -4.103292e+03 -6.950777e+03 0.000000e+00 0.000000e+00 0.000000e+00 -5.086114e+02 -4.837546e+02 1.579539e+03 8.020536e+02 0.000000e+00 0.000000e+00 0.000000e+00 0.000000e+00 0.000000e+00 0.000000e+00 0.000000e+00 0.000000e+00 0.000000e+00
2.926000e+00 0.000000e+00 -4.097745e+03 -6.941703e+03 0.000000e+00 0.000000e+00 0.000000e+00 -5.075962e+02 -4.827792e+02 1.579381e+03 8.005228e+02 0.000000e+00 0.000000e+00 0.000000e+00 0.000000e+00 0.000000e+00 0.000000e+00 0.000000e+00 0.000000e+00 0.000000e+00
2.927000e+00 0.000000e+00 -4.092177e+03 -6.932695e+03 0.000000e+00 0.000000e+00 0.000000e+00 -5.065808e+02 -4.818036e+02 1.579219e+03 7.989902e+02 0.000000e+00 0.000000e+00 0.000000e+00 0.000000e+00 0.000000e+00 0.000000e+00 0.000000e+00 0.000000e+00 0.000000e+00
2.928000e+00 0.000000e+00 -4.086589e+03 -6.923757e+03 0.000000e+00 0.000000e+00 0.000000e+00 -5.055655e+02 -4.808281e+02 1.579054e+03 7.974567e+02 0.000000e+00 0.000000e+00 0.000000e+00 0.000000e+00 0.000000e+00 0.000000e+00 0.000000e+00 0.000000e+00 0.000000e+00
2.929000e+00 0.000000e+00 -4.080984e+03 -6.914891e+03 0.000000e+00 0.000000e+00 0.000000e+00 -5.045508e+02 -4.798531e+02 1.578886e+03 7.959229e+02 0.000000e+00 0.000000e+00 0.000000e+00 0.000000e+00 0.000000e+00 0.000000e+00 0.000000e+00 0.000000e+00 0.000000e+00
2.930000e+00 0.000000e+00 -4.075365e+03 -6.906102e+03 0.000000e+00 0.000000e+00 0.000000e+00 -5.035370e+02 -4.788791e+02 1.578716e+03 7.943896e+02 0.000000e+00 0.000000e+00 0.000000e+00 0.000000e+00 0.000000e+00 0.000000e+00 0.000000e+00 0.000000e+00 0.000000e+00
2.931000e+00 0.000000e+00 -4.069733e+03 -6.897393e+03 0.000000e+00 0.000000e+00 0.000000e+00 -5.025247e+02 -4.779064e+02 1.578543e+03 7.928575e+02 0.000000e+00 0.000000e+00 0.000000e+00 0.000000e+00 0.000000e+00 0.000000e+00 0.000000e+00 0.000000e+00 0.000000e+00
2.932000e+00 0.000000e+00 -4.064091e+03 -6.888768e+03 0.000000e+00 0.000000e+00 0.000000e+00 -5.015141e+02 -4.769355e+02 1.578368e+03 7.913273e+02 0.000000e+00 0.000000e+00 0.000000e+00 0.000000e+00 0.000000e+00 0.000000e+00 0.000000e+00 0.000000e+00 0.000000e+00
2.933000e+00 0.000000e+00 -4.058442e+03 -6.880230e+03 0.000000e+00 0.000000e+00 0.000000e+00 -5.005057e+02 -4.759667e+02 1.578191e+03 7.897997e+02 0.000000e+00 0.000000e+00 0.000000e+00 0.000000e+00 0.000000e+00 0.000000e+00 0.000000e+00 0.000000e+00 0.000000e+00
2.934000e+00 0.000000e+00 -4.052787e+03 -6.871783e+03 0.000000e+00 0.000000e+00 0.000000e+00 -4.995000e+02 -4.750005e+02 1.578013e+03 7.882755e+02 0.000000e+00 0.000000e+00 0.000000e+00 0.000000e+00 0.000000e+00 0.000000e+00 0.000000e+00 0.000000e+00 0.000000e+00
2.935000e+00 0.000000e+00 -4.047129e+03 -6.863431e+03 0.000000e+00 0.000000e+00 0.000000e+00 -4.984972e+02 -4.740372e+02 1.577834e+03 7.867554e+02 0.000000e+00 0.000000e+00 0.000000e+00 0.000000e+00 0.000000e+00 0.000000e+00 0.000000e+00 0.000000e+00 0.000000e+00
2.936000e+00 0.000000e+00 -4.041471e+03 -6.855177e+03 0.000000e+00 0.000000e+00 0.000000e+00 -4.974979e+02 -4.730773e+02 1.577653e+03 7.852400e+02 0.000000e+00 0.000000e+00 0.000000e+00 0.000000e+00 0.000000e+00 0.000000e+00 0.000000e+00 0.000000e+00 0.000000e+00
2.937000e+00 0.000000e+00 -4.035814e+03 -6.847024e+03 0.000000e+00 0.000000e+00 0.000000e+00 -4.965025e+02 -4.721211e+02 1.577473e+03 7.837303e+02 0.000000e+00 0.000000e+00 0.000000e+00 0.000000e+00 0.000000e+00 0.000000e+00 0.000000e+00 0.000000e+00 0.000000e+00
2.938000e+00 0.000000e+00 -4.030162e+03 -6.838976e+03 0.000000e+00 0.000000e+00 0.000000e+00 -4.955113e+02 -4.711691e+02 1.577292e+03 7.822268e+02 0.000000e+00 0.000000e+00 0.000000e+00 0.000000e+00 0.000000e+00 0.000000e+00 0.000000e+00 0.000000e+00 0.000000e+00
2.939000e+00 0.000000e+00 -4.024516e+03 -6.831036e+03 0.000000e+00 0.000000e+00 0.000000e+00 -4.945248e+02 -4.702217e+02 1.577112e+03 7.807304e+02 0.000000e+00 0.000000e+00 0.000000e+00 0.000000e+00 0.000000e+00 0.000000e+00 0.000000e+00 0.000000e+00 0.000000e+00
2.940000e+00 0.000000e+00 -4.018880e+03 -6.823207e+03 0.000000e+00 0.000000e+00 0.000000e+00 -4.935433e+02 -4.692792e+02 1.576932e+03 7.792418e+02 0.000000e+00 0.000000e+00 0.000000e+00 0.000000e+00 0.000000e+00 0.000000e+00 0.000000e+00 0.000000e+00 0.000000e+00
2.941000e+00 0.000000e+00 -4.013256e+03 -6.815494e+03 0.000000e+00 0.000000e+00 0.000000e+00 -4.925673e+02 -4.683421e+02 1.576753e+03 7.777618e+02 0.000000e+00 0.000000e+00 0.000000e+00 0.000000e+00 0.000000e+00 0.000000e+00 0.000000e+00 0.000000e+00 0.000000e+00
2.942000e+00 0.000000e+00 -4.007646e+03 -6.807898e+03 0.000000e+00 0.000000e+00 0.000000e+00 -4.915973e+02 -4.674107e+02 1.576575e+03 7.762910e+02 0.000000e+00 0.000000e+00 0.000000e+00 0.000000e+00 0.000000e+00 0.000000e+00 0.000000e+00 0.000000e+00 0.000000e+00
2.943000e+00 0.000000e+00 -4.002053e+03 -6.800424e+03 0.000000e+00 0.000000e+00 0.000000e+00 -4.906335e+02 -4.664855e+02 1.576399e+03 7.748302e+02 0.000000e+00 0.000000e+00 0.000000e+00 0.000000e+00 0.000000e+00 0.000000e+00 0.000000e+00 0.000000e+00 0.000000e+00
2.944000e+00 0.000000e+00 -3.996479e+03 -6.793074e+03 0.000000e+00 0.000000e+00 0.000000e+00 -4.896763e+02 -4.655669e+02 1.576225e+03 7.733801e+02 0.000000e+00 0.000000e+00 0.000000e+00 0.000000e+00 0.000000e+00 0.000000e+00 0.000000e+00 0.000000e+00 0.000000e+00
2.945000e+00 0.000000e+00 -3.990928e+03 -6.785852e+03 0.000000e+00 0.000000e+00 0.000000e+00 -4.887263e+02 -4.646551e+02 1.576053e+03 7.719416e+02 0.000000e+00 0.000000e+00 0.000000e+00 0.000000e+00 0.000000e+00 0.000000e+00 0.000000e+00 0.000000e+00 0.000000e+00
2.946000e+00 0.000000e+00 -3.985401e+03 -6.778761e+03 0.000000e+00 0.000000e+00 0.000000e+00 -4.877837e+02 -4.637507e+02 1.575885e+03 7.705153e+02 0.000000e+00 0.000000e+00 0.000000e+00 0.000000e+00 0.000000e+00 0.000000e+00 0.000000e+00 0.000000e+00 0.000000e+00
2.947000e+00 0.000000e+00 -3.979901e+03 -6.771803e+03 0.000000e+00 0.000000e+00 0.000000e+00 -4.868491e+02 -4.628541e+02 1.575719e+03 7.691020e+02 0.000000e+00 0.000000e+00 0.000000e+00 0.000000e+00 0.000000e+00 0.000000e+00 0.000000e+00 0.000000e+00 0.000000e+00
2.948000e+00 0.000000e+00 -3.974432e+03 -6.764982e+03 0.000000e+00 0.000000e+00 0.000000e+00 -4.859226e+02 -4.619655e+02 1.575556e+03 7.677024e+02 0.000000e+00 0.000000e+00 0.000000e+00 0.000000e+00 0.000000e+00 0.000000e+00 0.000000e+00 0.000000e+00 0.000000e+00
2.949000e+00 0.000000e+00 -3.968995e+03 -6.758300e+03 0.000000e+00 0.000000e+00 0.000000e+00 -4.850049e+02 -4.610854e+02 1.575398e+03 7.663173e+02 0.000000e+00 0.000000e+00 0.000000e+00 0.000000e+00 0.000000e+00 0.000000e+00 0.000000e+00 0.000000e+00 0.000000e+00
2.950000e+00 0.000000e+00 -3.963593e+03 -6.751761e+03 0.000000e+00 0.000000e+00 0.000000e+00 -4.840961e+02 -4.602141e+02 1.575243e+03 7.649474e+02 0.000000e+00 0.000000e+00 0.000000e+00 0.000000e+00 0.000000e+00 0.000000e+00 0.000000e+00 0.000000e+00 0.000000e+00
2.951000e+00 0.000000e+00 -3.958229e+03 -6.745367e+03 0.000000e+00 0.000000e+00 0.000000e+00 -4.831968e+02 -4.593521e+02 1.575094e+03 7.635935e+02 0.000000e+00 0.000000e+00 0.000000e+00 0.000000e+00 0.000000e+00 0.000000e+00 0.000000e+00 0.000000e+00 0.000000e+00
2.952000e+00 0.000000e+00 -3.952905e+03 -6.739120e+03 0.000000e+00 0.000000e+00 0.000000e+00 -4.823073e+02 -4.584997e+02 1.574949e+03 7.622562e+02 0.000000e+00 0.000000e+00 0.000000e+00 0.000000e+00 0.000000e+00 0.000000e+00 0.000000e+00 0.000000e+00 0.000000e+00
2.953000e+00 0.000000e+00 -3.947624e+03 -6.733025e+03 0.000000e+00 0.000000e+00 0.000000e+00 -4.814280e+02 -4.576573e+02 1.574809e+03 7.609363e+02 0.000000e+00 0.000000e+00 0.000000e+00 0.000000e+00 0.000000e+00 0.000000e+00 0.000000e+00 0.000000e+00 0.000000e+00
2.954000e+00 0.000000e+00 -3.942389e+03 -6.727083e+03 0.000000e+00 0.000000e+00 0.000000e+00 -4.805593e+02 -4.568253e+02 1.574676e+03 7.596345e+02 0.000000e+00 0.000000e+00 0.000000e+00 0.000000e+00 0.000000e+00 0.000000e+00 0.000000e+00 0.000000e+00 0.000000e+00
2.955000e+00 0.000000e+00 -3.937203e+03 -6.721296e+03 0.000000e+00 0.000000e+00 0.000000e+00 -4.797014e+02 -4.560040e+02 1.574548e+03 7.583515e+02 0.000000e+00 0.000000e+00 0.000000e+00 0.000000e+00 0.000000e+00 0.000000e+00 0.000000e+00 0.000000e+00 0.000000e+00
2.956000e+00 0.000000e+00 -3.932067e+03 -6.715669e+03 0.000000e+00 0.000000e+00 0.000000e+00 -4.788549e+02 -4.551937e+02 1.574427e+03 7.570881e+02 0.000000e+00 0.000000e+00 0.000000e+00 0.000000e+00 0.000000e+00 0.000000e+00 0.000000e+00 0.000000e+00 0.000000e+00
2.957000e+00 0.000000e+00 -3.926985e+03 -6.710202e+03 0.000000e+00 0.000000e+00 0.000000e+00 -4.780200e+02 -4.543949e+02 1.574313e+03 7.558450e+02 0.000000e+00 0.000000e+00 0.000000e+00 0.000000e+00 0.000000e+00 0.000000e+00 0.000000e+00 0.000000e+00 0.000000e+00
2.958000e+00 0.000000e+00 -3.921959e+03 -6.704898e+03 0.000000e+00 0.000000e+00 0.000000e+00 -4.771971e+02 -4.536078e+02 1.574207e+03 7.546229e+02 0.000000e+00 0.000000e+00 0.000000e+00 0.000000e+00 0.000000e+00 0.000000e+00 0.000000e+00 0.000000e+00 0.000000e+00
2.959000e+00 0.000000e+00 -3.916992e+03 -6.699760e+03 0.000000e+00 0.000000e+00 0.000000e+00 -4.763866e+02 -4.528329e+02 1.574107e+03 7.534225e+02 0.000000e+00 0.000000e+00 0.000000e+00 0.000000e+00 0.000000e+00 0.000000e+00 0.000000e+00 0.000000e+00 0.000000e+00
2.960000e+00 0.000000e+00 -3.912087e+03 -6.694789e+03 0.000000e+00 0.000000e+00 0.000000e+00 -4.755887e+02 -4.520705e+02 1.574017e+03 7.522444e+02 0.000000e+00 0.000000e+00 0.000000e+00 0.000000e+00 0.000000e+00 0.000000e+00 0.000000e+00 0.000000e+00 0.000000e+00
2.961000e+00 0.000000e+00 -3.907246e+03 -6.689989e+03 0.000000e+00 0.000000e+00 0.000000e+00 -4.748040e+02 -4.513209e+02 1.573934e+03 7.510894e+02 0.000000e+00 0.000000e+00 0.000000e+00 0.000000e+00 0.000000e+00 0.000000e+00 0.000000e+00 0.000000e+00 0.000000e+00
2.962000e+00 0.000000e+00 -3.902471e+03 -6.685361e+03 0.000000e+00 0.000000e+00 0.000000e+00 -4.740326e+02 -4.505844e+02 1.573861e+03 7.499582e+02 0.000000e+00 0.000000e+00 0.000000e+00 0.000000e+00 0.000000e+00 0.000000e+00 0.000000e+00 0.000000e+00 0.000000e+00
2.963000e+00 0.000000e+00 -3.897766e+03 -6.680907e+03 0.000000e+00 0.000000e+00 0.000000e+00 -4.732750e+02 -4.498614e+02 1.573796e+03 7.488514e+02 0.000000e+00 0.000000e+00 0.000000e+00 0.000000e+00 0.000000e+00 0.000000e+00 0.000000e+00 0.000000e+00 0.000000e+00
2.964000e+00 0.000000e+00 -3.893132e+03 -6.676629e+03 0.000000e+00 0.000000e+00 0.000000e+00 -4.725313e+02 -4.491522e+02 1.573742e+03 7.477696e+02 0.000000e+00 0.000000e+00 0.000000e+00 0.000000e+00 0.000000e+00 0.000000e+00 0.000000e+00 0.000000e+00 0.000000e+00
2.965000e+00 0.000000e+00 -3.888573e+03 -6.672530e+03 0.000000e+00 0.000000e+00 0.000000e+00 -4.718021e+02 -4.484571e+02 1.573697e+03 7.467137e+02 0.000000e+00 0.000000e+00 0.000000e+00 0.000000e+00 0.000000e+00 0.000000e+00 0.000000e+00 0.000000e+00 0.000000e+00
2.966000e+00 0.000000e+00 -3.884091e+03 -6.668610e+03 0.000000e+00 0.000000e+00 0.000000e+00 -4.710875e+02 -4.477765e+02 1.573663e+03 7.456841e+02 0.000000e+00 0.000000e+00 0.000000e+00 0.000000e+00 0.000000e+00 0.000000e+00 0.000000e+00 0.000000e+00 0.000000e+00
2.967000e+00 0.000000e+00 -3.879688e+03 -6.664872e+03 0.000000e+00 0.000000e+00 0.000000e+00 -4.703880e+02 -4.471106e+02 1.573640e+03 7.446816e+02 0.000000e+00 0.000000e+00 0.000000e+00 0.000000e+00 0.000000e+00 0.000000e+00 0.000000e+00 0.000000e+00 0.000000e+00
2.968000e+00 0.000000e+00 -3.875368e+03 -6.661318e+03 0.000000e+00 0.000000e+00 0.000000e+00 -4.697038e+02 -4.464597e+02 1.573628e+03 7.437068e+02 0.000000e+00 0.000000e+00 0.000000e+00 0.000000e+00 0.000000e+00 0.000000e+00 0.000000e+00 0.000000e+00 0.000000e+00
2.969000e+00 0.000000e+00 -3.871131e+03 -6.657949e+03 0.000000e+00 0.000000e+00 0.000000e+00 -4.690351e+02 -4.458242e+02 1.573628e+03 7.427603e+02 0.000000e+00 0.000000e+00 0.000000e+00 0.000000e+00 0.000000e+00 0.000000e+00 0.000000e+00 0.000000e+00 0.000000e+00
2.970000e+00 0.000000e+00 -3.866982e+03 -6.654766e+03 0.000000e+00 0.000000e+00 0.000000e+00 -4.683824e+02 -4.452042e+02 1.573639e+03 7.418428e+02 0.000000e+00 0.000000e+00 0.000000e+00 0.000000e+00 0.000000e+00 0.000000e+00 0.000000e+00 0.000000e+00 0.000000e+00
2.971000e+00 0.000000e+00 -3.862921e+03 -6.651772e+03 0.000000e+00 0.000000e+00 0.000000e+00 -4.677458e+02 -4.446002e+02 1.573663e+03 7.409548e+02 0.000000e+00 0.000000e+00 0.000000e+00 0.000000e+00 0.000000e+00 0.000000e+00 0.000000e+00 0.000000e+00 0.000000e+00
2.972000e+00 0.000000e+00 -3.858953e+03 -6.648967e+03 0.000000e+00 0.000000e+00 0.000000e+00 -4.671258e+02 -4.440124e+02 1.573700e+03 7.400970e+02 0.000000e+00 0.000000e+00 0.000000e+00 0.000000e+00 0.000000e+00 0.000000e+00 0.000000e+00 0.000000e+00 0.000000e+00
2.973000e+00 0.000000e+00 -3.855078e+03 -6.646353e+03 0.000000e+00 0.000000e+00 0.000000e+00 -4.665224e+02 -4.434410e+02 1.573750e+03 7.392699e+02 0.000000e+00 0.000000e+00 0.000000e+00 0.000000e+00 0.000000e+00 0.000000e+00 0.000000e+00 0.000000e+00 0.000000e+00
2.974000e+00 0.000000e+00 -3.851300e+03 -6.643932e+03 0.000000e+00 0.000000e+00 0.000000e+00 -4.659360e+02 -4.428863e+02 1.573814e+03 7.384741e+02 0.000000e+00 0.000000e+00 0.000000e+00 0.000000e+00 0.000000e+00 0.000000e+00 0.000000e+00 0.000000e+00 0.000000e+00
2.975000e+00 0.000000e+00 -3.847620e+03 -6.641703e+03 0.000000e+00 0.000000e+00 0.000000e+00 -4.653670e+02 -4.423486e+02 1.573891e+03 7.377102e+02 0.000000e+00 0.000000e+00 0.000000e+00 0.000000e+00 0.000000e+00 0.000000e+00 0.000000e+00 0.000000e+00 0.000000e+00
2.976000e+00 0.000000e+00 -3.844041e+03 -6.639669e+03 0.000000e+00 0.000000e+00 0.000000e+00 -4.648154e+02 -4.418282e+02 1.573983e+03 7.369786e+02 0.000000e+00 0.000000e+00 0.000000e+00 0.000000e+00 0.000000e+00 0.000000e+00 0.000000e+00 0.000000e+00 0.000000e+00
2.977000e+00 0.000000e+00 -3.840565e+03 -6.637831e+03 0.000000e+00 0.000000e+00 0.000000e+00 -4.642815e+02 -4.413251e+02 1.574089e+03 7.362801e+02 0.000000e+00 0.000000e+00 0.000000e+00 0.000000e+00 0.000000e+00 0.000000e+00 0.000000e+00 0.000000e+00 0.000000e+00
2.978000e+00 0.000000e+00 -3.837195e+03 -6.636188e+03 0.000000e+00 0.000000e+00 0.000000e+00 -4.637657e+02 -4.408398e+02 1.574211e+03 7.356150e+02 0.000000e+00 0.000000e+00 0.000000e+00 0.000000e+00 0.000000e+00 0.000000e+00 0.000000e+00 0.000000e+00 0.000000e+00
2.979000e+00 0.000000e+00 -3.833932e+03 -6.634743e+03 0.000000e+00 0.000000e+00 0.000000e+00 -4.632680e+02 -4.403724e+02 1.574347e+03 7.349840e+02 0.000000e+00 0.000000e+00 0.000000e+00 0.000000e+00 0.000000e+00 0.000000e+00 0.000000e+00 0.000000e+00 0.000000e+00
2.980000e+00 0.000000e+00 -3.830779e+03 -6.633496e+03 0.000000e+00 0.000000e+00 0.000000e+00 -4.627888e+02 -4.399231e+02 1.574500e+03 7.343874e+02 0.000000e+00 0.000000e+00 0.000000e+00 0.000000e+00 0.000000e+00 0.000000e+00 0.000000e+00 0.000000e+00 0.000000e+00
2.981000e+00 0.000000e+00 -3.827737e+03 -6.632448e+03 0.000000e+00 0.000000e+00 0.000000e+00 -4.623282e+02 -4.394921e+02 1.574668e+03 7.338258e+02 0.000000e+00 0.000000e+00 0.000000e+00 0.000000e+00 0.000000e+00 0.000000e+00 0.000000e+00 0.000000e+00 0.000000e+00
2.982000e+00 0.000000e+00 -3.824809e+03 -6.631599e+03 0.000000e+00 0.000000e+00 0.000000e+00 -4.618865e+02 -4.390796e+02 1.574853e+03 7.332996e+02 0.000000e+00 0.000000e+00 0.000000e+00 0.000000e+00 0.000000e+00 0.000000e+00 0.000000e+00 0.000000e+00 0.000000e+00
2.983000e+00 0.000000e+00 -3.821997e+03 -6.630949e+03 0.000000e+00 0.000000e+00 0.000000e+00 -4.614637e+02 -4.386859e+02 1.575055e+03 7.328094e+02 0.000000e+00 0.000000e+00 0.000000e+00 0.000000e+00 0.000000e+00 0.000000e+00 0.000000e+00 0.000000e+00 0.000000e+00
2.984000e+00 0.000000e+00 -3.819302e+03 -6.630500e+03 0.000000e+00 0.000000e+00 0.000000e+00 -4.610602e+02 -4.383112e+02 1.575274e+03 7.323555e+02 0.000000e+00 0.000000e+00 0.000000e+00 0.000000e+00 0.000000e+00 0.000000e+00 0.000000e+00 0.000000e+00 0.000000e+00
2.985000e+00 0.000000e+00 -3.816727e+03 -6.630251e+03 0.000000e+00 0.000000e+00 0.000000e+00 -4.606762e+02 -4.379555e+02 1.575510e+03 7.319384e+02 0.000000e+00 0.000000e+00 0.000000e+00 0.000000e+00 0.000000e+00 0.000000e+00 0.000000e+00 0.000000e+00 0.000000e+00
2.986000e+00 0.000000e+00 -3.814273e+03 -6.630203e+03 0.000000e+00 0.000000e+00 0.000000e+00 -4.603116e+02 -4.376190e+02 1.575764e+03 7.315585e+02 0.000000e+00 0.000000e+00 0.000000e+00 0.000000e+00 0.000000e+00 0.000000e+00 0.000000e+00 0.000000e+00 0.000000e+00
2.987000e+00 0.000000e+00 -3.811943e+03 -6.630356e+03 0.000000e+00 0.000000e+00 0.000000e+00 -4.599668e+02 -4.373020e+02 1.576036e+03 7.312162e+02 0.000000e+00 0.000000e+00 0.000000e+00 0.000000e+00 0.000000e+00 0.000000e+00 0.000000e+00 0.000000e+00 0.000000e+00
2.988000e+00 0.000000e+00 -3.809737e+03 -6.630710e+03 0.000000e+00 0.000000e+00 0.000000e+00 -4.596419e+02 -4.370046e+02 1.576326e+03 7.309119e+02 0.000000e+00 0.000000e+00 0.000000e+00 0.000000e+00 0.000000e+00 0.000000e+00 0.000000e+00 0.000000e+00 0.000000e+00
2.989000e+00 0.000000e+00 -3.807658e+03 -6.631266e+03 0.000000e+00 0.000000e+00 0.000000e+00 -4.593370e+02 -4.367268e+02 1.576635e+03 7.306459e+02 0.000000e+00 0.000000e+00 0.000000e+00 0.000000e+00 0.000000e+00 0.000000e+00 0.000000e+00 0.000000e+00 0.000000e+00
2.990000e+00 0.000000e+00 -3.805707e+03 -6.632022e+03 0.000000e+00 0.000000e+00 0.000000e+00 -4.590523e+02 -4.364690e+02 1.576963e+03 7.304187e+02 0.000000e+00 0.000000e+00 0.000000e+00 0.000000e+00 0.000000e+00 0.000000e+00 0.000000e+00 0.000000e+00 0.000000e+00
2.991000e+00 0.000000e+00 -3.803886e+03 -6.632979e+03 0.000000e+00 0.000000e+00 0.000000e+00 -4.587878e+02 -4.362311e+02 1.577311e+03 7.302304e+02 0.000000e+00 0.000000e+00 0.000000e+00 0.000000e+00 0.000000e+00 0.000000e+00 0.000000e+00 0.000000e+00 0.000000e+00
2.992000e+00 0.000000e+00 -3.802196e+03 -6.634137e+03 0.000000e+00 0.000000e+00 0.000000e+00 -4.585438e+02 -4.360133e+02 1.577677e+03 7.300815e+02 0.000000e+00 0.000000e+00 0.000000e+00 0.000000e+00 0.000000e+00 0.000000e+00 0.000000e+00 0.000000e+00 0.000000e+00
2.993000e+00 0.000000e+00 -3.800639e+03 -6.635496e+03 0.000000e+00 0.000000e+00 0.000000e+00 -4.583203e+02 -4.358157e+02 1.578064e+03 7.299723e+02 0.000000e+00 0.000000e+00 0.000000e+00 0.000000e+00 0.000000e+00 0.000000e+00 0.000000e+00 0.000000e+00 0.000000e+00
2.994000e+00 0.000000e+00 -3.799216e+03 -6.637054e+03 0.000000e+00 0.000000e+00 0.000000e+00 -4.581174e+02 -4.356384e+02 1.578471e+03 7.299030e+02 0.000000e+00 0.000000e+00 0.000000e+00 0.000000e+00 0.000000e+00 0.000000e+00 0.000000e+00 0.000000e+00 0.000000e+00
2.995000e+00 0.000000e+00 -3.797928e+03 -6.638812e+03 0.000000e+00 0.000000e+00 0.000000e+00 -4.579352e+02 -4.354815e+02 1.578898e+03 7.298739e+02 0.000000e+00 0.000000e+00 0.000000e+00 0.000000e+00 0.000000e+00 0.000000e+00 0.000000e+00 0.000000e+00 0.000000e+00
2.996000e+00 0.000000e+00 -3.796777e+03 -6.640769e+03 0.000000e+00 0.000000e+00 0.000000e+00 -4.577737e+02 -4.353450e+02 1.579346e+03 7.298852e+02 0.000000e+00 0.000000e+00 0.000000e+00 0.000000e+00 0.000000e+00 0.000000e+00 0.000000e+00 0.000000e+00 0.000000e+00
2.997000e+00 0.000000e+00 -3.795765e+03 -6.642924e+03 0.000000e+00 0.000000e+00 0.000000e+00 -4.576331e+02 -4.352291e+02 1.579815e+03 7.299372e+02 0.000000e+00 0.000000e+00 0.000000e+00 0.000000e+00 0.000000e+00 0.000000e+00 0.000000e+00 0.000000e+00 0.000000e+00
2.998000e+00 0.000000e+00 -3.794891e+03 -6.645277e+03 0.000000e+00 0.000000e+00 0.000000e+00 -4.575134e+02 -4.351338e+02 1.580305e+03 7.300301e+02 0.000000e+00 0.000000e+00 0.000000e+00 0.000000e+00 0.000000e+00 0.000000e+00 0.000000e+00 0.000000e+00 0.000000e+00
2.999000e+00 0.000000e+00 -3.794158e+03 -6.647827e+03 0.000000e+00 0.000000e+00 0.000000e+00 -4.574147e+02 -4.350592e+02 1.580816e+03 7.301640e+02 0.000000e+00 0.000000e+00 0.000000e+00 0.000000e+00 0.000000e+00 0.000000e+00 0.000000e+00 0.000000e+00 0.000000e+00
