0.000000e+00 0.000000e+00 -3.628449e+02 4.427039e+02 0.000000e+00 0.000000e+00 0.000000e+00 1.232215e+02 1.060476e+02 1.779317e+03 -1.769228e+02 0.000000e+00 0.000000e+00 0.000000e+00 0.000000e+00 0.000000e+00 0.000000e+00 0.000000e+00 0.000000e+00 0.000000e+00
1.000000e-03 0.000000e+00 -2.322213e+02 4.444205e+02 0.000000e+00 0.000000e+00 0.000000e+00 1.232534e+02 1.060652e+02 1.779147e+03 -1.769632e+02 0.000000e+00 0.000000e+00 0.000000e+00 0.000000e+00 0.000000e+00 0.000000e+00 0.000000e+00 0.000000e+00 0.000000e+00
2.000000e-03 0.000000e+00 -1.124498e+02 4.462276e+02 0.000000e+00 0.000000e+00 0.000000e+00 1.232686e+02 1.060673e+02 1.779198e+03 -1.769636e+02 0.000000e+00 0.000000e+00 0.000000e+00 0.000000e+00 0.000000e+00 0.000000e+00 0.000000e+00 0.000000e+00 0.000000e+00
3.000000e-03 0.000000e+00 -2.776785e+00 4.481257e+02 0.000000e+00 0.000000e+00 0.000000e+00 1.232675e+02 1.060540e+02 1.779470e+03 -1.769243e+02 0.000000e+00 0.000000e+00 0.000000e+00 0.000000e+00 0.000000e+00 0.000000e+00 0.000000e+00 0.000000e+00 0.000000e+00
4.000000e-03 0.000000e+00 9.750819e+01 4.501150e+02 0.000000e+00 0.000000e+00 0.000000e+00 1.232501e+02 1.060255e+02 1.779961e+03 -1.768455e+02 0.000000e+00 0.000000e+00 0.000000e+00 0.000000e+00 0.000000e+00 0.000000e+00 0.000000e+00 0.000000e+00 0.000000e+00
5.000000e-03 0.000000e+00 1.890664e+02 4.521956e+02 0.000000e+00 0.000000e+00 0.000000e+00 1.232167e+02 1.059819e+02 1.780670e+03 -1.767276e+02 0.000000e+00 0.000000e+00 0.000000e+00 0.000000e+00 0.000000e+00 0.000000e+00 0.000000e+00 0.000000e+00 0.000000e+00
6.000000e-03 0.000000e+00 2.725139e+02 4.543676e+02 0.000000e+00 0.000000e+00 0.000000e+00 1.231673e+02 1.059234e+02 1.781596e+03 -1.765709e+02 0.000000e+00 0.000000e+00 0.000000e+00 0.000000e+00 0.000000e+00 0.000000e+00 0.000000e+00 0.000000e+00 0.000000e+00
7.000000e-03 0.000000e+00 3.484307e+02 4.566307e+02 0.000000e+00 0.000000e+00 0.000000e+00 1.231023e+02 1.058501e+02 1.782737e+03 -1.763756e+02 0.000000e+00 0.000000e+00 0.000000e+00 0.000000e+00 0.000000e+00 0.000000e+00 0.000000e+00 0.000000e+00 0.000000e+00
8.000000e-03 0.000000e+00 4.173593e+02 4.589849e+02 0.000000e+00 0.000000e+00 0.000000e+00 1.230216e+02 1.057622e+02 1.784092e+03 -1.761420e+02 0.000000e+00 0.000000e+00 0.000000e+00 0.000000e+00 0.000000e+00 0.000000e+00 0.000000e+00 0.000000e+00 0.000000e+00
9.000000e-03 0.000000e+00 4.798000e+02 4.614299e+02 0.000000e+00 0.000000e+00 0.000000e+00 1.229255e+02 1.056597e+02 1.785658e+03 -1.758704e+02 0.000000e+00 0.000000e+00 0.000000e+00 0.000000e+00 0.000000e+00 0.000000e+00 0.000000e+00 0.000000e+00 0.000000e+00
1.000000e-02 0.000000e+00 5.362130e+02 4.639655e+02 0.000000e+00 0.000000e+00 0.000000e+00 1.228141e+02 1.055429e+02 1.787436e+03 -1.755611e+02 0.000000e+00 0.000000e+00 0.000000e+00 0.000000e+00 0.000000e+00 0.000000e+00 0.000000e+00 0.000000e+00 0.000000e+00
1.100000e-02 0.000000e+00 5.870310e+02 4.665912e+02 0.000000e+00 0.000000e+00 0.000000e+00 1.226874e+02 1.054117e+02 1.789421e+03 -1.752143e+02 0.000000e+00 0.000000e+00 0.000000e+00 0.000000e+00 0.000000e+00 0.000000e+00 0.000000e+00 0.000000e+00 0.000000e+00
1.200000e-02 0.000000e+00 6.326585e+02 4.693068e+02 0.000000e+00 0.000000e+00 0.000000e+00 1.225457e+02 1.052664e+02 1.791614e+03 -1.748305e+02 0.000000e+00 0.000000e+00 0.000000e+00 0.000000e+00 0.000000e+00 0.000000e+00 0.000000e+00 0.000000e+00 0.000000e+00
1.300000e-02 0.000000e+00 6.734715e+02 4.721117e+02 0.000000e+00 0.000000e+00 0.000000e+00 1.223890e+02 1.051070e+02 1.794011e+03 -1.744097e+02 0.000000e+00 0.000000e+00 0.000000e+00 0.000000e+00 0.000000e+00 0.000000e+00 0.000000e+00 0.000000e+00 0.000000e+00
1.400000e-02 0.000000e+00 7.098120e+02 4.750056e+02 0.000000e+00 0.000000e+00 0.000000e+00 1.222174e+02 1.049337e+02 1.796612e+03 -1.739525e+02 0.000000e+00 0.000000e+00 0.000000e+00 0.000000e+00 0.000000e+00 0.000000e+00 0.000000e+00 0.000000e+00 0.000000e+00
1.500000e-02 0.000000e+00 7.419934e+02 4.779880e+02 0.000000e+00 0.000000e+00 0.000000e+00 1.220311e+02 1.047465e+02 1.799413e+03 -1.734590e+02 0.000000e+00 0.000000e+00 0.000000e+00 0.000000e+00 0.000000e+00 0.000000e+00 0.000000e+00 0.000000e+00 0.000000e+00
1.600000e-02 0.000000e+00 7.703101e+02 4.810584e+02 0.000000e+00 0.000000e+00 0.000000e+00 1.218302e+02 1.045456e+02 1.802414e+03 -1.729296e+02 0.000000e+00 0.000000e+00 0.000000e+00 0.000000e+00 0.000000e+00 0.000000e+00 0.000000e+00 0.000000e+00 0.000000e+00
1.700000e-02 0.000000e+00 7.950376e+02 4.842163e+02 0.000000e+00 0.000000e+00 0.000000e+00 1.216148e+02 1.043311e+02 1.805611e+03 -1.723647e+02 0.000000e+00 0.000000e+00 0.000000e+00 0.000000e+00 0.000000e+00 0.000000e+00 0.000000e+00 0.000000e+00 0.000000e+00
1.800000e-02 0.000000e+00 8.164321e+02 4.874611e+02 0.000000e+00 0.000000e+00 0.000000e+00 1.213851e+02 1.041031e+02 1.809002e+03 -1.717646e+02 0.000000e+00 0.000000e+00 0.000000e+00 0.000000e+00 0.000000e+00 0.000000e+00 0.000000e+00 0.000000e+00 0.000000e+00
1.900000e-02 0.000000e+00 8.347292e+02 4.907922e+02 0.000000e+00 0.000000e+00 0.000000e+00 1.211411e+02 1.038617e+02 1.812586e+03 -1.711296e+02 0.000000e+00 0.000000e+00 0.000000e+00 0.000000e+00 0.000000e+00 0.000000e+00 0.000000e+00 0.000000e+00 0.000000e+00
2.000000e-02 0.000000e+00 8.501388e+02 4.942090e+02 0.000000e+00 0.000000e+00 0.000000e+00 1.208829e+02 1.036070e+02 1.816359e+03 -1.704601e+02 0.000000e+00 0.000000e+00 0.000000e+00 0.000000e+00 0.000000e+00 0.000000e+00 0.000000e+00 0.000000e+00 0.000000e+00
2.100000e-02 0.000000e+00 8.628558e+02 4.977110e+02 0.000000e+00 0.000000e+00 0.000000e+00 1.206108e+02 1.033393e+02 1.820319e+03 -1.697565e+02 0.000000e+00 0.000000e+00 0.000000e+00 0.000000e+00 0.000000e+00 0.000000e+00 0.000000e+00 0.000000e+00 0.000000e+00
2.200000e-02 0.000000e+00 8.730637e+02 5.012975e+02 0.000000e+00 0.000000e+00 0.000000e+00 1.203248e+02 1.030585e+02 1.824464e+03 -1.690193e+02 0.000000e+00 0.000000e+00 0.000000e+00 0.000000e+00 0.000000e+00 0.000000e+00 0.000000e+00 0.000000e+00 0.000000e+00
2.300000e-02 0.000000e+00 8.809341e+02 5.049678e+02 0.000000e+00 0.000000e+00 0.000000e+00 1.200251e+02 1.027648e+02 1.828791e+03 -1.682487e+02 0.000000e+00 0.000000e+00 0.000000e+00 0.000000e+00 0.000000e+00 0.000000e+00 0.000000e+00 0.000000e+00 0.000000e+00
2.400000e-02 0.000000e+00 8.866272e+02 5.087212e+02 0.000000e+00 0.000000e+00 0.000000e+00 1.197118e+02 1.024584e+02 1.833297e+03 -1.674453e+02 0.000000e+00 0.000000e+00 0.000000e+00 0.000000e+00 0.000000e+00 0.000000e+00 0.000000e+00 0.000000e+00 0.000000e+00
2.500000e-02 0.000000e+00 8.902909e+02 5.125570e+02 0.000000e+00 0.000000e+00 0.000000e+00 1.193850e+02 1.021393e+02 1.837980e+03 -1.666094e+02 0.000000e+00 0.000000e+00 0.000000e+00 0.000000e+00 0.000000e+00 0.000000e+00 0.000000e+00 0.000000e+00 0.000000e+00
2.600000e-02 0.000000e+00 8.920561e+02 5.164745e+02 0.000000e+00 0.000000e+00 0.000000e+00 1.190449e+02 1.018078e+02 1.842836e+03 -1.657415e+02 0.000000e+00 0.000000e+00 0.000000e+00 0.000000e+00 0.000000e+00 0.000000e+00 0.000000e+00 0.000000e+00 0.000000e+00
2.700000e-02 0.000000e+00 8.920411e+02 5.204727e+02 0.000000e+00 0.000000e+00 0.000000e+00 1.186917e+02 1.014640e+02 1.847863e+03 -1.648421e+02 0.000000e+00 0.000000e+00 0.000000e+00 0.000000e+00 0.000000e+00 0.000000e+00 0.000000e+00 0.000000e+00 0.000000e+00
2.800000e-02 0.000000e+00 8.903579e+02 5.245509e+02 0.000000e+00 0.000000e+00 0.000000e+00 1.183254e+02 1.011080e+02 1.853057e+03 -1.639117e+02 0.000000e+00 0.000000e+00 0.000000e+00 0.000000e+00 0.000000e+00 0.000000e+00 0.000000e+00 0.000000e+00 0.000000e+00
2.900000e-02 0.000000e+00 8.871122e+02 5.287082e+02 0.000000e+00 0.000000e+00 0.000000e+00 1.179463e+02 1.007399e+02 1.858415e+03 -1.629507e+02 0.000000e+00 0.000000e+00 0.000000e+00 0.000000e+00 0.000000e+00 0.000000e+00 0.000000e+00 0.000000e+00 0.000000e+00
3.000000e-02 0.000000e+00 8.824029e+02 5.329436e+02 0.000000e+00 0.000000e+00 0.000000e+00 1.175545e+02 1.003600e+02 1.863935e+03 -1.619596e+02 0.000000e+00 0.000000e+00 0.000000e+00 0.000000e+00 0.000000e+00 0.000000e+00 0.000000e+00 0.000000e+00 0.000000e+00
3.100000e-02 0.000000e+00 8.763227e+02 5.372561e+02 0.000000e+00 0.000000e+00 0.000000e+00 1.171502e+02 9.996836e+01 1.869612e+03 -1.609389e+02 0.000000e+00 0.000000e+00 0.000000e+00 0.000000e+00 0.000000e+00 0.000000e+00 0.000000e+00 0.000000e+00 0.000000e+00
3.200000e-02 0.000000e+00 8.689580e+02 5.416447e+02 0.000000e+00 0.000000e+00 0.000000e+00 1.167335e+02 9.956516e+01 1.875444e+03 -1.598892e+02 0.000000e+00 0.000000e+00 0.000000e+00 0.000000e+00 0.000000e+00 0.000000e+00 0.000000e+00 0.000000e+00 0.000000e+00
3.300000e-02 0.000000e+00 8.603845e+02 5.461082e+02 0.000000e+00 0.000000e+00 0.000000e+00 1.163046e+02 9.915057e+01 1.881427e+03 -1.588110e+02 0.000000e+00 0.000000e+00 0.000000e+00 0.000000e+00 0.000000e+00 0.000000e+00 0.000000e+00 0.000000e+00 0.000000e+00
3.400000e-02 0.000000e+00 8.506694e+02 5.506455e+02 0.000000e+00 0.000000e+00 0.000000e+00 1.158637e+02 9.872477e+01 1.887557e+03 -1.577047e+02 0.000000e+00 0.000000e+00 0.000000e+00 0.000000e+00 0.000000e+00 0.000000e+00 0.000000e+00 0.000000e+00 0.000000e+00
3.500000e-02 0.000000e+00 8.398762e+02 5.552554e+02 0.000000e+00 0.000000e+00 0.000000e+00 1.154110e+02 9.828792e+01 1.893830e+03 -1.565711e+02 0.000000e+00 0.000000e+00 0.000000e+00 0.000000e+00 0.000000e+00 0.000000e+00 0.000000e+00 0.000000e+00 0.000000e+00
3.600000e-02 0.000000e+00 8.280656e+02 5.599363e+02 0.000000e+00 0.000000e+00 0.000000e+00 1.149466e+02 9.784020e+01 1.900244e+03 -1.554106e+02 0.000000e+00 0.000000e+00 0.000000e+00 0.000000e+00 0.000000e+00 0.000000e+00 0.000000e+00 0.000000e+00 0.000000e+00
3.700000e-02 0.000000e+00 8.152950e+02 5.646871e+02 0.000000e+00 0.000000e+00 0.000000e+00 1.144707e+02 9.738179e+01 1.906793e+03 -1.542238e+02 0.000000e+00 0.000000e+00 0.000000e+00 0.000000e+00 0.000000e+00 0.000000e+00 0.000000e+00 0.000000e+00 0.000000e+00
3.800000e-02 0.000000e+00 8.016189e+02 5.695060e+02 0.000000e+00 0.000000e+00 0.000000e+00 1.139836e+02 9.691288e+01 1.913474e+03 -1.530113e+02 0.000000e+00 0.000000e+00 0.000000e+00 0.000000e+00 0.000000e+00 0.000000e+00 0.000000e+00 0.000000e+00 0.000000e+00
3.900000e-02 0.000000e+00 7.870885e+02 5.743916e+02 0.000000e+00 0.000000e+00 0.000000e+00 1.134854e+02 9.643366e+01 1.920284e+03 -1.517736e+02 0.000000e+00 0.000000e+00 0.000000e+00 0.000000e+00 0.000000e+00 0.000000e+00 0.000000e+00 0.000000e+00 0.000000e+00
4.000000e-02 0.000000e+00 7.717522e+02 5.793422e+02 0.000000e+00 0.000000e+00 0.000000e+00 1.129764e+02 9.594432e+01 1.927217e+03 -1.505114e+02 0.000000e+00 0.000000e+00 0.000000e+00 0.000000e+00 0.000000e+00 0.000000e+00 0.000000e+00 0.000000e+00 0.000000e+00
4.100000e-02 0.000000e+00 7.556524e+02 5.843560e+02 0.000000e+00 0.000000e+00 0.000000e+00 1.124566e+02 9.544504e+01 1.934270e+03 -1.492253e+02 0.000000e+00 0.000000e+00 0.000000e+00 0.000000e+00 0.000000e+00 0.000000e+00 0.000000e+00 0.000000e+00 0.000000e+00
4.200000e-02 0.000000e+00 7.388258e+02 5.894310e+02 0.000000e+00 0.000000e+00 0.000000e+00 1.119264e+02 9.493604e+01 1.941438e+03 -1.479159e+02 0.000000e+00 0.000000e+00 0.000000e+00 0.000000e+00 0.000000e+00 0.000000e+00 0.000000e+00 0.000000e+00 0.000000e+00
4.300000e-02 0.000000e+00 7.213075e+02 5.945654e+02 0.000000e+00 0.000000e+00 0.000000e+00 1.113860e+02 9.441751e+01 1.948717e+03 -1.465838e+02 0.000000e+00 0.000000e+00 0.000000e+00 0.000000e+00 0.000000e+00 0.000000e+00 0.000000e+00 0.000000e+00 0.000000e+00
4.400000e-02 0.000000e+00 7.031316e+02 5.997568e+02 0.000000e+00 0.000000e+00 0.000000e+00 1.108354e+02 9.388965e+01 1.956103e+03 -1.452296e+02 0.000000e+00 0.000000e+00 0.000000e+00 0.000000e+00 0.000000e+00 0.000000e+00 0.000000e+00 0.000000e+00 0.000000e+00
4.500000e-02 0.000000e+00 6.843307e+02 6.050033e+02 0.000000e+00 0.000000e+00 0.000000e+00 1.102751e+02 9.335267e+01 1.963590e+03 -1.438540e+02 0.000000e+00 0.000000e+00 0.000000e+00 0.000000e+00 0.000000e+00 0.000000e+00 0.000000e+00 0.000000e+00 0.000000e+00
4.600000e-02 0.000000e+00 6.649364e+02 6.103023e+02 0.000000e+00 0.000000e+00 0.000000e+00 1.097052e+02 9.280679e+01 1.971175e+03 -1.424576e+02 0.000000e+00 0.000000e+00 0.000000e+00 0.000000e+00 0.000000e+00 0.000000e+00 0.000000e+00 0.000000e+00 0.000000e+00
4.700000e-02 0.000000e+00 6.449790e+02 6.156515e+02 0.000000e+00 0.000000e+00 0.000000e+00 1.091258e+02 9.225221e+01 1.978852e+03 -1.410410e+02 0.000000e+00 0.000000e+00 0.000000e+00 0.000000e+00 0.000000e+00 0.000000e+00 0.000000e+00 0.000000e+00 0.000000e+00
4.800000e-02 0.000000e+00 6.244878e+02 6.210482e+02 0.000000e+00 0.000000e+00 0.000000e+00 1.085373e+02 9.168915e+01 1.986617e+03 -1.396049e+02 0.000000e+00 0.000000e+00 0.000000e+00 0.000000e+00 0.000000e+00 0.000000e+00 0.000000e+00 0.000000e+00 0.000000e+00
4.900000e-02 0.000000e+00 6.034907e+02 6.264897e+02 0.000000e+00 0.000000e+00 0.000000e+00 1.079399e+02 9.111782e+01 1.994464e+03 -1.381500e+02 0.000000e+00 0.000000e+00 0.000000e+00 0.000000e+00 0.000000e+00 0.000000e+00 0.000000e+00 0.000000e+00 0.000000e+00
5.000000e-02 0.000000e+00 5.820130e+02 6.319732e+02 0.000000e+00 0.000000e+00 0.000000e+00 1.073338e+02 9.053845e+01 2.002389e+03 -1.366768e+02 0.000000e+00 0.000000e+00 0.000000e+00 0.000000e+00 0.000000e+00 0.000000e+00 0.000000e+00 0.000000e+00 0.000000e+00
5.100000e-02 0.000000e+00 5.600763e+02 6.374956e+02 0.000000e+00 0.000000e+00 0.000000e+00 1.067192e+02 8.995126e+01 2.010386e+03 -1.351860e+02 0.000000e+00 0.000000e+00 0.000000e+00 0.000000e+00 0.000000e+00 0.000000e+00 0.000000e+00 0.000000e+00 0.000000e+00
5.200000e-02 0.000000e+00 5.377014e+02 6.430539e+02 0.000000e+00 0.000000e+00 0.000000e+00 1.060964e+02 8.935647e+01 2.018451e+03 -1.336784e+02 0.000000e+00 0.000000e+00 0.000000e+00 0.000000e+00 0.000000e+00 0.000000e+00 0.000000e+00 0.000000e+00 0.000000e+00
5.300000e-02 0.000000e+00 5.149087e+02 6.486448e+02 0.000000e+00 0.000000e+00 0.000000e+00 1.054655e+02 8.875431e+01 2.026578e+03 -1.321545e+02 0.000000e+00 0.000000e+00 0.000000e+00 0.000000e+00 0.000000e+00 0.000000e+00 0.000000e+00 0.000000e+00 0.000000e+00
5.400000e-02 0.000000e+00 4.917184e+02 6.542649e+02 0.000000e+00 0.000000e+00 0.000000e+00 1.048269e+02 8.814500e+01 2.034762e+03 -1.306150e+02 0.000000e+00 0.000000e+00 0.000000e+00 0.000000e+00 0.000000e+00 0.000000e+00 0.000000e+00 0.000000e+00 0.000000e+00
5.500000e-02 0.000000e+00 4.681505e+02 6.599107e+02 0.000000e+00 0.000000e+00 0.000000e+00 1.041809e+02 8.752878e+01 2.042997e+03 -1.290605e+02 0.000000e+00 0.000000e+00 0.000000e+00 0.000000e+00 0.000000e+00 0.000000e+00 0.000000e+00 0.000000e+00 0.000000e+00
5.600000e-02 0.000000e+00 4.442246e+02 6.655785e+02 0.000000e+00 0.000000e+00 0.000000e+00 1.035275e+02 8.690587e+01 2.051278e+03 -1.274918e+02 0.000000e+00 0.000000e+00 0.000000e+00 0.000000e+00 0.000000e+00 0.000000e+00 0.000000e+00 0.000000e+00 0.000000e+00
5.700000e-02 0.000000e+00 4.199602e+02 6.712645e+02 0.000000e+00 0.000000e+00 0.000000e+00 1.028671e+02 8.627651e+01 2.059600e+03 -1.259095e+02 0.000000e+00 0.000000e+00 0.000000e+00 0.000000e+00 0.000000e+00 0.000000e+00 0.000000e+00 0.000000e+00 0.000000e+00
5.800000e-02 0.000000e+00 3.953763e+02 6.769648e+02 0.000000e+00 0.000000e+00 0.000000e+00 1.021999e+02 8.564092e+01 2.067956e+03 -1.243142e+02 0.000000e+00 0.000000e+00 0.000000e+00 0.000000e+00 0.000000e+00 0.000000e+00 0.000000e+00 0.000000e+00 0.000000e+00
5.900000e-02 0.000000e+00 3.704918e+02 6.826753e+02 0.000000e+00 0.000000e+00 0.000000e+00 1.015262e+02 8.499935e+01 2.076341e+03 -1.227066e+02 0.000000e+00 0.000000e+00 0.000000e+00 0.000000e+00 0.000000e+00 0.000000e+00 0.000000e+00 0.000000e+00 0.000000e+00
6.000000e-02 0.000000e+00 3.453252e+02 6.883918e+02 0.000000e+00 0.000000e+00 0.000000e+00 1.008463e+02 8.435203e+01 2.084750e+03 -1.210873e+02 0.000000e+00 0.000000e+00 0.000000e+00 0.000000e+00 0.000000e+00 0.000000e+00 0.000000e+00 0.000000e+00 0.000000e+00
6.100000e-02 0.000000e+00 3.198926e+02 6.941100e+02 0.000000e+00 0.000000e+00 0.000000e+00 1.001603e+02 8.369920e+01 2.093177e+03 -1.194571e+02 0.000000e+00 0.000000e+00 0.000000e+00 0.000000e+00 0.000000e+00 0.000000e+00 0.000000e+00 0.000000e+00 0.000000e+00
6.200000e-02 0.000000e+00 2.942089e+02 6.998254e+02 0.000000e+00 0.000000e+00 0.000000e+00 9.946851e+01 8.304109e+01 2.101616e+03 -1.178165e+02 0.000000e+00 0.000000e+00 0.000000e+00 0.000000e+00 0.000000e+00 0.000000e+00 0.000000e+00 0.000000e+00 0.000000e+00
6.300000e-02 0.000000e+00 2.682894e+02 7.055335e+02 0.000000e+00 0.000000e+00 0.000000e+00 9.877122e+01 8.237794e+01 2.110060e+03 -1.161661e+02 0.000000e+00 0.000000e+00 0.000000e+00 0.000000e+00 0.000000e+00 0.000000e+00 0.000000e+00 0.000000e+00 0.000000e+00
6.400000e-02 0.000000e+00 2.421492e+02 7.112296e+02 0.000000e+00 0.000000e+00 0.000000e+00 9.806866e+01 8.170998e+01 2.118505e+03 -1.145067e+02 0.000000e+00 0.000000e+00 0.000000e+00 0.000000e+00 0.000000e+00 0.000000e+00 0.000000e+00 0.000000e+00 0.000000e+00
6.500000e-02 0.000000e+00 2.158036e+02 7.169088e+02 0.000000e+00 0.000000e+00 0.000000e+00 9.736108e+01 8.103746e+01 2.126944e+03 -1.128388e+02 0.000000e+00 0.000000e+00 0.000000e+00 0.000000e+00 0.000000e+00 0.000000e+00 0.000000e+00 0.000000e+00 0.000000e+00
6.600000e-02 0.000000e+00 1.892680e+02 7.225663e+02 0.000000e+00 0.000000e+00 0.000000e+00 9.664875e+01 8.036060e+01 2.135371e+03 -1.111631e+02 0.000000e+00 0.000000e+00 0.000000e+00 0.000000e+00 0.000000e+00 0.000000e+00 0.000000e+00 0.000000e+00 0.000000e+00
6.700000e-02 0.000000e+00 1.625578e+02 7.281971e+02 0.000000e+00 0.000000e+00 0.000000e+00 9.593190e+01 7.967966e+01 2.143781e+03 -1.094802e+02 0.000000e+00 0.000000e+00 0.000000e+00 0.000000e+00 0.000000e+00 0.000000e+00 0.000000e+00 0.000000e+00 0.000000e+00
6.800000e-02 0.000000e+00 1.356884e+02 7.337960e+02 0.000000e+00 0.000000e+00 0.000000e+00 9.521080e+01 7.899486e+01 2.152167e+03 -1.077907e+02 0.000000e+00 0.000000e+00 0.000000e+00 0.000000e+00 0.000000e+00 0.000000e+00 0.000000e+00 0.000000e+00 0.000000e+00
6.900000e-02 0.000000e+00 1.086755e+02 7.393580e+02 0.000000e+00 0.000000e+00 0.000000e+00 9.448571e+01 7.830644e+01 2.160523e+03 -1.060952e+02 0.000000e+00 0.000000e+00 0.000000e+00 0.000000e+00 0.000000e+00 0.000000e+00 0.000000e+00 0.000000e+00 0.000000e+00
7.000000e-02 0.000000e+00 8.153454e+01 7.448776e+02 0.000000e+00 0.000000e+00 0.000000e+00 9.375687e+01 7.761464e+01 2.168844e+03 -1.043943e+02 0.000000e+00 0.000000e+00 0.000000e+00 0.000000e+00 0.000000e+00 0.000000e+00 0.000000e+00 0.000000e+00 0.000000e+00
7.100000e-02 0.000000e+00 5.428125e+01 7.503497e+02 0.000000e+00 0.000000e+00 0.000000e+00 9.302454e+01 7.691969e+01 2.177123e+03 -1.026887e+02 0.000000e+00 0.000000e+00 0.000000e+00 0.000000e+00 0.000000e+00 0.000000e+00 0.000000e+00 0.000000e+00 0.000000e+00
7.200000e-02 0.000000e+00 2.693129e+01 7.557689e+02 0.000000e+00 0.000000e+00 0.000000e+00 9.228898e+01 7.622183e+01 2.185355e+03 -1.009789e+02 0.000000e+00 0.000000e+00 0.000000e+00 0.000000e+00 0.000000e+00 0.000000e+00 0.000000e+00 0.000000e+00 0.000000e+00
7.300000e-02 0.000000e+00 -5.005558e-01 7.611296e+02 0.000000e+00 0.000000e+00 0.000000e+00 9.155043e+01 7.552130e+01 2.193533e+03 -9.926541e+01 0.000000e+00 0.000000e+00 0.000000e+00 0.000000e+00 0.000000e+00 0.000000e+00 0.000000e+00 0.000000e+00 0.000000e+00
7.400000e-02 0.000000e+00 -2.800070e+01 7.664265e+02 0.000000e+00 0.000000e+00 0.000000e+00 9.080914e+01 7.481832e+01 2.201651e+03 -9.754892e+01 0.000000e+00 0.000000e+00 0.000000e+00 0.000000e+00 0.000000e+00 0.000000e+00 0.000000e+00 0.000000e+00 0.000000e+00
7.500000e-02 0.000000e+00 -5.555530e+01 7.716540e+02 0.000000e+00 0.000000e+00 0.000000e+00 9.006537e+01 7.411313e+01 2.209704e+03 -9.582994e+01 0.000000e+00 0.000000e+00 0.000000e+00 0.000000e+00 0.000000e+00 0.000000e+00 0.000000e+00 0.000000e+00 0.000000e+00
7.600000e-02 0.000000e+00 -8.315038e+01 7.768065e+02 0.000000e+00 0.000000e+00 0.000000e+00 8.931937e+01 7.340595e+01 2.217685e+03 -9.410903e+01 0.000000e+00 0.000000e+00 0.000000e+00 0.000000e+00 0.000000e+00 0.000000e+00 0.000000e+00 0.000000e+00 0.000000e+00
7.700000e-02 0.000000e+00 -1.107719e+02 7.818786e+02 0.000000e+00 0.000000e+00 0.000000e+00 8.857137e+01 7.269701e+01 2.225590e+03 -9.238674e+01 0.000000e+00 0.000000e+00 0.000000e+00 0.000000e+00 0.000000e+00 0.000000e+00 0.000000e+00 0.000000e+00 0.000000e+00
7.800000e-02 0.000000e+00 -1.384057e+02 7.868647e+02 0.000000e+00 0.000000e+00 0.000000e+00 8.782164e+01 7.198655e+01 2.233411e+03 -9.066359e+01 0.000000e+00 0.000000e+00 0.000000e+00 0.000000e+00 0.000000e+00 0.000000e+00 0.000000e+00 0.000000e+00 0.000000e+00
7.900000e-02 0.000000e+00 -1.660377e+02 7.917593e+02 0.000000e+00 0.000000e+00 0.000000e+00 8.707040e+01 7.127478e+01 2.241143e+03 -8.894010e+01 0.000000e+00 0.000000e+00 0.000000e+00 0.000000e+00 0.000000e+00 0.000000e+00 0.000000e+00 0.000000e+00 0.000000e+00
8.000000e-02 0.000000e+00 -1.936535e+02 7.965569e+02 0.000000e+00 0.000000e+00 0.000000e+00 8.631791e+01 7.056193e+01 2.248781e+03 -8.721680e+01 0.000000e+00 0.000000e+00 0.000000e+00 0.000000e+00 0.000000e+00 0.000000e+00 0.000000e+00 0.000000e+00 0.000000e+00
8.100000e-02 0.000000e+00 -2.212388e+02 8.012522e+02 0.000000e+00 0.000000e+00 0.000000e+00 8.556439e+01 6.984821e+01 2.256319e+03 -8.549420e+01 0.000000e+00 0.000000e+00 0.000000e+00 0.000000e+00 0.000000e+00 0.000000e+00 0.000000e+00 0.000000e+00 0.000000e+00
8.200000e-02 0.000000e+00 -2.487794e+02 8.058396e+02 0.000000e+00 0.000000e+00 0.000000e+00 8.481011e+01 6.913386e+01 2.263751e+03 -8.377277e+01 0.000000e+00 0.000000e+00 0.000000e+00 0.000000e+00 0.000000e+00 0.000000e+00 0.000000e+00 0.000000e+00 0.000000e+00
8.300000e-02 0.000000e+00 -2.762607e+02 8.103140e+02 0.000000e+00 0.000000e+00 0.000000e+00 8.405527e+01 6.841907e+01 2.271072e+03 -8.205301e+01 0.000000e+00 0.000000e+00 0.000000e+00 0.000000e+00 0.000000e+00 0.000000e+00 0.000000e+00 0.000000e+00 0.000000e+00
8.400000e-02 0.000000e+00 -3.036686e+02 8.146701e+02 0.000000e+00 0.000000e+00 0.000000e+00 8.330013e+01 6.770408e+01 2.278276e+03 -8.033540e+01 0.000000e+00 0.000000e+00 0.000000e+00 0.000000e+00 0.000000e+00 0.000000e+00 0.000000e+00 0.000000e+00 0.000000e+00
8.500000e-02 0.000000e+00 -3.309884e+02 8.189027e+02 0.000000e+00 0.000000e+00 0.000000e+00 8.254491e+01 6.698908e+01 2.285359e+03 -7.862038e+01 0.000000e+00 0.000000e+00 0.000000e+00 0.000000e+00 0.000000e+00 0.000000e+00 0.000000e+00 0.000000e+00 0.000000e+00
8.600000e-02 0.000000e+00 -3.582060e+02 8.230068e+02 0.000000e+00 0.000000e+00 0.000000e+00 8.178984e+01 6.627430e+01 2.292315e+03 -7.690843e+01 0.000000e+00 0.000000e+00 0.000000e+00 0.000000e+00 0.000000e+00 0.000000e+00 0.000000e+00 0.000000e+00 0.000000e+00
8.700000e-02 0.000000e+00 -3.853070e+02 8.269773e+02 0.000000e+00 0.000000e+00 0.000000e+00 8.103515e+01 6.555993e+01 2.299139e+03 -7.519998e+01 0.000000e+00 0.000000e+00 0.000000e+00 0.000000e+00 0.000000e+00 0.000000e+00 0.000000e+00 0.000000e+00 0.000000e+00
8.800000e-02 0.000000e+00 -4.122781e+02 8.308097e+02 0.000000e+00 0.000000e+00 0.000000e+00 8.028105e+01 6.484618e+01 2.305826e+03 -7.349546e+01 0.000000e+00 0.000000e+00 0.000000e+00 0.000000e+00 0.000000e+00 0.000000e+00 0.000000e+00 0.000000e+00 0.000000e+00
8.900000e-02 0.000000e+00 -4.391067e+02 8.344991e+02 0.000000e+00 0.000000e+00 0.000000e+00 7.952778e+01 6.413325e+01 2.312371e+03 -7.179530e+01 0.000000e+00 0.000000e+00 0.000000e+00 0.000000e+00 0.000000e+00 0.000000e+00 0.000000e+00 0.000000e+00 0.000000e+00
9.000000e-02 0.000000e+00 -4.657796e+02 8.380410e+02 0.000000e+00 0.000000e+00 0.000000e+00 7.877553e+01 6.342134e+01 2.318770e+03 -7.009990e+01 0.000000e+00 0.000000e+00 0.000000e+00 0.000000e+00 0.000000e+00 0.000000e+00 0.000000e+00 0.000000e+00 0.000000e+00
9.100000e-02 0.000000e+00 -4.922841e+02 8.414312e+02 0.000000e+00 0.000000e+00 0.000000e+00 7.802454e+01 6.271064e+01 2.325017e+03 -6.840966e+01 0.000000e+00 0.000000e+00 0.000000e+00 0.000000e+00 0.000000e+00 0.000000e+00 0.000000e+00 0.000000e+00 0.000000e+00
9.200000e-02 0.000000e+00 -5.186075e+02 8.446654e+02 0.000000e+00 0.000000e+00 0.000000e+00 7.727500e+01 6.200134e+01 2.331109e+03 -6.672497e+01 0.000000e+00 0.000000e+00 0.000000e+00 0.000000e+00 0.000000e+00 0.000000e+00 0.000000e+00 0.000000e+00 0.000000e+00
9.300000e-02 0.000000e+00 -5.447371e+02 8.477396e+02 0.000000e+00 0.000000e+00 0.000000e+00 7.652712e+01 6.129364e+01 2.337042e+03 -6.504621e+01 0.000000e+00 0.000000e+00 0.000000e+00 0.000000e+00 0.000000e+00 0.000000e+00 0.000000e+00 0.000000e+00 0.000000e+00
9.400000e-02 0.000000e+00 -5.706604e+02 8.506500e+02 0.000000e+00 0.000000e+00 0.000000e+00 7.578111e+01 6.058772e+01 2.342811e+03 -6.337376e+01 0.000000e+00 0.000000e+00 0.000000e+00 0.000000e+00 0.000000e+00 0.000000e+00 0.000000e+00 0.000000e+00 0.000000e+00
9.500000e-02 0.000000e+00 -5.963650e+02 8.533932e+02 0.000000e+00 0.000000e+00 0.000000e+00 7.503717e+01 5.988376e+01 2.348412e+03 -6.170796e+01 0.000000e+00 0.000000e+00 0.000000e+00 0.000000e+00 0.000000e+00 0.000000e+00 0.000000e+00 0.000000e+00 0.000000e+00
9.600000e-02 0.000000e+00 -6.218389e+02 8.559656e+02 0.000000e+00 0.000000e+00 0.000000e+00 7.429548e+01 5.918194e+01 2.353841e+03 -6.004918e+01 0.000000e+00 0.000000e+00 0.000000e+00 0.000000e+00 0.000000e+00 0.000000e+00 0.000000e+00 0.000000e+00 0.000000e+00
9.700000e-02 0.000000e+00 -6.470699e+02 8.583642e+02 0.000000e+00 0.000000e+00 0.000000e+00 7.355626e+01 5.848244e+01 2.359095e+03 -5.839774e+01 0.000000e+00 0.000000e+00 0.000000e+00 0.000000e+00 0.000000e+00 0.000000e+00 0.000000e+00 0.000000e+00 0.000000e+00
9.800000e-02 0.000000e+00 -6.720462e+02 8.605861e+02 0.000000e+00 0.000000e+00 0.000000e+00 7.281967e+01 5.778543e+01 2.364171e+03 -5.675399e+01 0.000000e+00 0.000000e+00 0.000000e+00 0.000000e+00 0.000000e+00 0.000000e+00 0.000000e+00 0.000000e+00 0.000000e+00
9.900000e-02 0.000000e+00 -6.967562e+02 8.626286e+02 0.000000e+00 0.000000e+00 0.000000e+00 7.208592e+01 5.709107e+01 2.369065e+03 -5.511825e+01 0.000000e+00 0.000000e+00 0.000000e+00 0.000000e+00 0.000000e+00 0.000000e+00 0.000000e+00 0.000000e+00 0.000000e+00
1.000000e-01 0.000000e+00 -7.211884e+02 8.644892e+02 0.000000e+00 0.000000e+00 0.000000e+00 7.135517e+01 5.639955e+01 2.373774e+03 -5.349083e+01 0.000000e+00 0.000000e+00 0.000000e+00 0.000000e+00 0.000000e+00 0.000000e+00 0.000000e+00 0.000000e+00 0.000000e+00
1.010000e-01 0.000000e+00 -7.453317e+02 8.661659e+02 0.000000e+00 0.000000e+00 0.000000e+00 7.062762e+01 5.571101e+01 2.378295e+03 -5.187203e+01 0.000000e+00 0.000000e+00 0.000000e+00 0.000000e+00 0.000000e+00 0.000000e+00 0.000000e+00 0.000000e+00 0.000000e+00
1.020000e-01 0.000000e+00 -7.691750e+02 8.676566e+02 0.000000e+00 0.000000e+00 0.000000e+00 6.990343e+01 5.502563e+01 2.382625e+03 -5.026216e+01 0.000000e+00 0.000000e+00 0.000000e+00 0.000000e+00 0.000000e+00 0.000000e+00 0.000000e+00 0.000000e+00 0.000000e+00
1.030000e-01 0.000000e+00 -7.927076e+02 8.689597e+02 0.000000e+00 0.000000e+00 0.000000e+00 6.918277e+01 5.434355e+01 2.386762e+03 -4.866149e+01 0.000000e+00 0.000000e+00 0.000000e+00 0.000000e+00 0.000000e+00 0.000000e+00 0.000000e+00 0.000000e+00 0.000000e+00
1.040000e-01 0.000000e+00 -8.159191e+02 8.700738e+02 0.000000e+00 0.000000e+00 0.000000e+00 6.846581e+01 5.366493e+01 2.390704e+03 -4.707032e+01 0.000000e+00 0.000000e+00 0.000000e+00 0.000000e+00 0.000000e+00 0.000000e+00 0.000000e+00 0.000000e+00 0.000000e+00
1.050000e-01 0.000000e+00 -8.387993e+02 8.709977e+02 0.000000e+00 0.000000e+00 0.000000e+00 6.775272e+01 5.298992e+01 2.394449e+03 -4.548891e+01 0.000000e+00 0.000000e+00 0.000000e+00 0.000000e+00 0.000000e+00 0.000000e+00 0.000000e+00 0.000000e+00 0.000000e+00
1.060000e-01 0.000000e+00 -8.613391e+02 8.717305e+02 0.000000e+00 0.000000e+00 0.000000e+00 6.704365e+01 5.231867e+01 2.397993e+03 -4.391754e+01 0.000000e+00 0.000000e+00 0.000000e+00 0.000000e+00 0.000000e+00 0.000000e+00 0.000000e+00 0.000000e+00 0.000000e+00
1.070000e-01 0.000000e+00 -8.835297e+02 8.722716e+02 0.000000e+00 0.000000e+00 0.000000e+00 6.633876e+01 5.165133e+01 2.401337e+03 -4.235647e+01 0.000000e+00 0.000000e+00 0.000000e+00 0.000000e+00 0.000000e+00 0.000000e+00 0.000000e+00 0.000000e+00 0.000000e+00
1.080000e-01 0.000000e+00 -9.053628e+02 8.726207e+02 0.000000e+00 0.000000e+00 0.000000e+00 6.563820e+01 5.098802e+01 2.404478e+03 -4.080593e+01 0.000000e+00 0.000000e+00 0.000000e+00 0.000000e+00 0.000000e+00 0.000000e+00 0.000000e+00 0.000000e+00 0.000000e+00
1.090000e-01 0.000000e+00 -9.268304e+02 8.727777e+02 0.000000e+00 0.000000e+00 0.000000e+00 6.494211e+01 5.032889e+01 2.407415e+03 -3.926619e+01 0.000000e+00 0.000000e+00 0.000000e+00 0.000000e+00 0.000000e+00 0.000000e+00 0.000000e+00 0.000000e+00 0.000000e+00
1.100000e-01 0.000000e+00 -9.479248e+02 8.727430e+02 0.000000e+00 0.000000e+00 0.000000e+00 6.425064e+01 4.967406e+01 2.410146e+03 -3.773747e+01 0.000000e+00 0.000000e+00 0.000000e+00 0.000000e+00 0.000000e+00 0.000000e+00 0.000000e+00 0.000000e+00 0.000000e+00
1.110000e-01 0.000000e+00 -9.686385e+02 8.725168e+02 0.000000e+00 0.000000e+00 0.000000e+00 6.356393e+01 4.902368e+01 2.412671e+03 -3.622002e+01 0.000000e+00 0.000000e+00 0.000000e+00 0.000000e+00 0.000000e+00 0.000000e+00 0.000000e+00 0.000000e+00 0.000000e+00
1.120000e-01 0.000000e+00 -9.889646e+02 8.721000e+02 0.000000e+00 0.000000e+00 0.000000e+00 6.288211e+01 4.837787e+01 2.414990e+03 -3.471406e+01 0.000000e+00 0.000000e+00 0.000000e+00 0.000000e+00 0.000000e+00 0.000000e+00 0.000000e+00 0.000000e+00 0.000000e+00
1.130000e-01 0.000000e+00 -1.008896e+03 8.714935e+02 0.000000e+00 0.000000e+00 0.000000e+00 6.220532e+01 4.773675e+01 2.417100e+03 -3.321981e+01 0.000000e+00 0.000000e+00 0.000000e+00 0.000000e+00 0.000000e+00 0.000000e+00 0.000000e+00 0.000000e+00 0.000000e+00
1.140000e-01 0.000000e+00 -1.028427e+03 8.706984e+02 0.000000e+00 0.000000e+00 0.000000e+00 6.153368e+01 4.710044e+01 2.419003e+03 -3.173751e+01 0.000000e+00 0.000000e+00 0.000000e+00 0.000000e+00 0.000000e+00 0.000000e+00 0.000000e+00 0.000000e+00 0.000000e+00
1.150000e-01 0.000000e+00 -1.047551e+03 8.697163e+02 0.000000e+00 0.000000e+00 0.000000e+00 6.086733e+01 4.646907e+01 2.420698e+03 -3.026736e+01 0.000000e+00 0.000000e+00 0.000000e+00 0.000000e+00 0.000000e+00 0.000000e+00 0.000000e+00 0.000000e+00 0.000000e+00
1.160000e-01 0.000000e+00 -1.066262e+03 8.685486e+02 0.000000e+00 0.000000e+00 0.000000e+00 6.020638e+01 4.584274e+01 2.422185e+03 -2.880958e+01 0.000000e+00 0.000000e+00 0.000000e+00 0.000000e+00 0.000000e+00 0.000000e+00 0.000000e+00 0.000000e+00 0.000000e+00
1.170000e-01 0.000000e+00 -1.084556e+03 8.671975e+02 0.000000e+00 0.000000e+00 0.000000e+00 5.955096e+01 4.522159e+01 2.423464e+03 -2.736438e+01 0.000000e+00 0.000000e+00 0.000000e+00 0.000000e+00 0.000000e+00 0.000000e+00 0.000000e+00 0.000000e+00 0.000000e+00
1.180000e-01 0.000000e+00 -1.102427e+03 8.656648e+02 0.000000e+00 0.000000e+00 0.000000e+00 5.890118e+01 4.460571e+01 2.424536e+03 -2.593198e+01 0.000000e+00 0.000000e+00 0.000000e+00 0.000000e+00 0.000000e+00 0.000000e+00 0.000000e+00 0.000000e+00 0.000000e+00
1.190000e-01 0.000000e+00 -1.119871e+03 8.639531e+02 0.000000e+00 0.000000e+00 0.000000e+00 5.825716e+01 4.399521e+01 2.425401e+03 -2.451256e+01 0.000000e+00 0.000000e+00 0.000000e+00 0.000000e+00 0.000000e+00 0.000000e+00 0.000000e+00 0.000000e+00 0.000000e+00
1.200000e-01 0.000000e+00 -1.136883e+03 8.620647e+02 0.000000e+00 0.000000e+00 0.000000e+00 5.761900e+01 4.339020e+01 2.426060e+03 -2.310634e+01 0.000000e+00 0.000000e+00 0.000000e+00 0.000000e+00 0.000000e+00 0.000000e+00 0.000000e+00 0.000000e+00 0.000000e+00
1.210000e-01 0.000000e+00 -1.153460e+03 8.600024e+02 0.000000e+00 0.000000e+00 0.000000e+00 5.698682e+01 4.279079e+01 2.426514e+03 -2.171351e+01 0.000000e+00 0.000000e+00 0.000000e+00 0.000000e+00 0.000000e+00 0.000000e+00 0.000000e+00 0.000000e+00 0.000000e+00
1.220000e-01 0.000000e+00 -1.169598e+03 8.577692e+02 0.000000e+00 0.000000e+00 0.000000e+00 5.636071e+01 4.219708e+01 2.426763e+03 -2.033427e+01 0.000000e+00 0.000000e+00 0.000000e+00 0.000000e+00 0.000000e+00 0.000000e+00 0.000000e+00 0.000000e+00 0.000000e+00
1.230000e-01 0.000000e+00 -1.185294e+03 8.553682e+02 0.000000e+00 0.000000e+00 0.000000e+00 5.574078e+01 4.160916e+01 2.426811e+03 -1.896882e+01 0.000000e+00 0.000000e+00 0.000000e+00 0.000000e+00 0.000000e+00 0.000000e+00 0.000000e+00 0.000000e+00 0.000000e+00
1.240000e-01 0.000000e+00 -1.200545e+03 8.528026e+02 0.000000e+00 0.000000e+00 0.000000e+00 5.512712e+01 4.102712e+01 2.426657e+03 -1.761733e+01 0.000000e+00 0.000000e+00 0.000000e+00 0.000000e+00 0.000000e+00 0.000000e+00 0.000000e+00 0.000000e+00 0.000000e+00
1.250000e-01 0.000000e+00 -1.215350e+03 8.500759e+02 0.000000e+00 0.000000e+00 0.000000e+00 5.451983e+01 4.045108e+01 2.426303e+03 -1.628002e+01 0.000000e+00 0.000000e+00 0.000000e+00 0.000000e+00 0.000000e+00 0.000000e+00 0.000000e+00 0.000000e+00 0.000000e+00
1.260000e-01 0.000000e+00 -1.229705e+03 8.471917e+02 0.000000e+00 0.000000e+00 0.000000e+00 5.391900e+01 3.988111e+01 2.425752e+03 -1.495705e+01 0.000000e+00 0.000000e+00 0.000000e+00 0.000000e+00 0.000000e+00 0.000000e+00 0.000000e+00 0.000000e+00 0.000000e+00
1.270000e-01 0.000000e+00 -1.243611e+03 8.441537e+02 0.000000e+00 0.000000e+00 0.000000e+00 5.332473e+01 3.931730e+01 2.425004e+03 -1.364862e+01 0.000000e+00 0.000000e+00 0.000000e+00 0.000000e+00 0.000000e+00 0.000000e+00 0.000000e+00 0.000000e+00 0.000000e+00
1.280000e-01 0.000000e+00 -1.257065e+03 8.409655e+02 0.000000e+00 0.000000e+00 0.000000e+00 5.273709e+01 3.875975e+01 2.424063e+03 -1.235493e+01 0.000000e+00 0.000000e+00 0.000000e+00 0.000000e+00 0.000000e+00 0.000000e+00 0.000000e+00 0.000000e+00 0.000000e+00
1.290000e-01 0.000000e+00 -1.270068e+03 8.376311e+02 0.000000e+00 0.000000e+00 0.000000e+00 5.215618e+01 3.820854e+01 2.422930e+03 -1.107615e+01 0.000000e+00 0.000000e+00 0.000000e+00 0.000000e+00 0.000000e+00 0.000000e+00 0.000000e+00 0.000000e+00 0.000000e+00
1.300000e-01 0.000000e+00 -1.282620e+03 8.341545e+02 0.000000e+00 0.000000e+00 0.000000e+00 5.158208e+01 3.766375e+01 2.421607e+03 -9.812468e+00 0.000000e+00 0.000000e+00 0.000000e+00 0.000000e+00 0.000000e+00 0.000000e+00 0.000000e+00 0.000000e+00 0.000000e+00
1.310000e-01 0.000000e+00 -1.294723e+03 8.305401e+02 0.000000e+00 0.000000e+00 0.000000e+00 5.101485e+01 3.712546e+01 2.420098e+03 -8.564061e+00 0.000000e+00 0.000000e+00 0.000000e+00 0.000000e+00 0.000000e+00 0.000000e+00 0.000000e+00 0.000000e+00 0.000000e+00
1.320000e-01 0.000000e+00 -1.306376e+03 8.267918e+02 0.000000e+00 0.000000e+00 0.000000e+00 5.045458e+01 3.659375e+01 2.418404e+03 -7.331111e+00 0.000000e+00 0.000000e+00 0.000000e+00 0.000000e+00 0.000000e+00 0.000000e+00 0.000000e+00 0.000000e+00 0.000000e+00
1.330000e-01 0.000000e+00 -1.317583e+03 8.229141e+02 0.000000e+00 0.000000e+00 0.000000e+00 4.990133e+01 3.606869e+01 2.416529e+03 -6.113798e+00 0.000000e+00 0.000000e+00 0.000000e+00 0.000000e+00 0.000000e+00 0.000000e+00 0.000000e+00 0.000000e+00 0.000000e+00
1.340000e-01 0.000000e+00 -1.328344e+03 8.189112e+02 0.000000e+00 0.000000e+00 0.000000e+00 4.935519e+01 3.555036e+01 2.414475e+03 -4.912301e+00 0.000000e+00 0.000000e+00 0.000000e+00 0.000000e+00 0.000000e+00 0.000000e+00 0.000000e+00 0.000000e+00 0.000000e+00
1.350000e-01 0.000000e+00 -1.338661e+03 8.147875e+02 0.000000e+00 0.000000e+00 0.000000e+00 4.881621e+01 3.503883e+01 2.412244e+03 -3.726800e+00 0.000000e+00 0.000000e+00 0.000000e+00 0.000000e+00 0.000000e+00 0.000000e+00 0.000000e+00 0.000000e+00 0.000000e+00
1.360000e-01 0.000000e+00 -1.348536e+03 8.105472e+02 0.000000e+00 0.000000e+00 0.000000e+00 4.828448e+01 3.453418e+01 2.409841e+03 -2.557476e+00 0.000000e+00 0.000000e+00 0.000000e+00 0.000000e+00 0.000000e+00 0.000000e+00 0.000000e+00 0.000000e+00 0.000000e+00
1.370000e-01 0.000000e+00 -1.357972e+03 8.061949e+02 0.000000e+00 0.000000e+00 0.000000e+00 4.776004e+01 3.403647e+01 2.407268e+03 -1.404507e+00 0.000000e+00 0.000000e+00 0.000000e+00 0.000000e+00 0.000000e+00 0.000000e+00 0.000000e+00 0.000000e+00 0.000000e+00
1.380000e-01 0.000000e+00 -1.366972e+03 8.017348e+02 0.000000e+00 0.000000e+00 0.000000e+00 4.724296e+01 3.354577e+01 2.404529e+03 -2.680733e-01 0.000000e+00 0.000000e+00 0.000000e+00 0.000000e+00 0.000000e+00 0.000000e+00 0.000000e+00 0.000000e+00 0.000000e+00
1.390000e-01 0.000000e+00 -1.375538e+03 7.971714e+02 0.000000e+00 0.000000e+00 0.000000e+00 4.673331e+01 3.306215e+01 2.401625e+03 8.516476e-01 0.000000e+00 0.000000e+00 0.000000e+00 0.000000e+00 0.000000e+00 0.000000e+00 0.000000e+00 0.000000e+00 0.000000e+00
1.400000e-01 0.000000e+00 -1.383674e+03 7.925090e+02 0.000000e+00 0.000000e+00 0.000000e+00 4.623115e+01 3.258567e+01 2.398562e+03 1.954477e+00 0.000000e+00 0.000000e+00 0.000000e+00 0.000000e+00 0.000000e+00 0.000000e+00 0.000000e+00 0.000000e+00 0.000000e+00
1.410000e-01 0.000000e+00 -1.391383e+03 7.877521e+02 0.000000e+00 0.000000e+00 0.000000e+00 4.573652e+01 3.211640e+01 2.395341e+03 3.040239e+00 0.000000e+00 0.000000e+00 0.000000e+00 0.000000e+00 0.000000e+00 0.000000e+00 0.000000e+00 0.000000e+00 0.000000e+00
1.420000e-01 0.000000e+00 -1.398669e+03 7.829049e+02 0.000000e+00 0.000000e+00 0.000000e+00 4.524950e+01 3.165440e+01 2.391967e+03 4.108756e+00 0.000000e+00 0.000000e+00 0.000000e+00 0.000000e+00 0.000000e+00 0.000000e+00 0.000000e+00 0.000000e+00 0.000000e+00
1.430000e-01 0.000000e+00 -1.405535e+03 7.779719e+02 0.000000e+00 0.000000e+00 0.000000e+00 4.477012e+01 3.119972e+01 2.388443e+03 5.159852e+00 0.000000e+00 0.000000e+00 0.000000e+00 0.000000e+00 0.000000e+00 0.000000e+00 0.000000e+00 0.000000e+00 0.000000e+00
1.440000e-01 0.000000e+00 -1.411986e+03 7.729572e+02 0.000000e+00 0.000000e+00 0.000000e+00 4.429844e+01 3.075243e+01 2.384772e+03 6.193355e+00 0.000000e+00 0.000000e+00 0.000000e+00 0.000000e+00 0.000000e+00 0.000000e+00 0.000000e+00 0.000000e+00 0.000000e+00
1.450000e-01 0.000000e+00 -1.418027e+03 7.678652e+02 0.000000e+00 0.000000e+00 0.000000e+00 4.383451e+01 3.031257e+01 2.380959e+03 7.209089e+00 0.000000e+00 0.000000e+00 0.000000e+00 0.000000e+00 0.000000e+00 0.000000e+00 0.000000e+00 0.000000e+00 0.000000e+00
1.460000e-01 0.000000e+00 -1.423660e+03 7.627000e+02 0.000000e+00 0.000000e+00 0.000000e+00 4.337838e+01 2.988022e+01 2.377006e+03 8.206885e+00 0.000000e+00 0.000000e+00 0.000000e+00 0.000000e+00 0.000000e+00 0.000000e+00 0.000000e+00 0.000000e+00 0.000000e+00
1.470000e-01 0.000000e+00 -1.428892e+03 7.574658e+02 0.000000e+00 0.000000e+00 0.000000e+00 4.293010e+01 2.945541e+01 2.372918e+03 9.186571e+00 0.000000e+00 0.000000e+00 0.000000e+00 0.000000e+00 0.000000e+00 0.000000e+00 0.000000e+00 0.000000e+00 0.000000e+00
1.480000e-01 0.000000e+00 -1.433727e+03 7.521668e+02 0.000000e+00 0.000000e+00 0.000000e+00 4.248970e+01 2.903821e+01 2.368697e+03 1.014798e+01 0.000000e+00 0.000000e+00 0.000000e+00 0.000000e+00 0.000000e+00 0.000000e+00 0.000000e+00 0.000000e+00 0.000000e+00
1.490000e-01 0.000000e+00 -1.438171e+03 7.468069e+02 0.000000e+00 0.000000e+00 0.000000e+00 4.205723e+01 2.862866e+01 2.364349e+03 1.109095e+01 0.000000e+00 0.000000e+00 0.000000e+00 0.000000e+00 0.000000e+00 0.000000e+00 0.000000e+00 0.000000e+00 0.000000e+00
1.500000e-01 0.000000e+00 -1.442227e+03 7.413901e+02 0.000000e+00 0.000000e+00 0.000000e+00 4.163273e+01 2.822680e+01 2.359875e+03 1.201530e+01 0.000000e+00 0.000000e+00 0.000000e+00 0.000000e+00 0.000000e+00 0.000000e+00 0.000000e+00 0.000000e+00 0.000000e+00
1.510000e-01 0.000000e+00 -1.445903e+03 7.359203e+02 0.000000e+00 0.000000e+00 0.000000e+00 4.121624e+01 2.783269e+01 2.355281e+03 1.292089e+01 0.000000e+00 0.000000e+00 0.000000e+00 0.000000e+00 0.000000e+00 0.000000e+00 0.000000e+00 0.000000e+00 0.000000e+00
1.520000e-01 0.000000e+00 -1.449203e+03 7.304012e+02 0.000000e+00 0.000000e+00 0.000000e+00 4.080779e+01 2.744637e+01 2.350570e+03 1.380755e+01 0.000000e+00 0.000000e+00 0.000000e+00 0.000000e+00 0.000000e+00 0.000000e+00 0.000000e+00 0.000000e+00 0.000000e+00
1.530000e-01 0.000000e+00 -1.452136e+03 7.248364e+02 0.000000e+00 0.000000e+00 0.000000e+00 4.040741e+01 2.706787e+01 2.345745e+03 1.467513e+01 0.000000e+00 0.000000e+00 0.000000e+00 0.000000e+00 0.000000e+00 0.000000e+00 0.000000e+00 0.000000e+00 0.000000e+00
1.540000e-01 0.000000e+00 -1.454707e+03 7.192294e+02 0.000000e+00 0.000000e+00 0.000000e+00 4.001513e+01 2.669724e+01 2.340810e+03 1.552349e+01 0.000000e+00 0.000000e+00 0.000000e+00 0.000000e+00 0.000000e+00 0.000000e+00 0.000000e+00 0.000000e+00 0.000000e+00
1.550000e-01 0.000000e+00 -1.456924e+03 7.135837e+02 0.000000e+00 0.000000e+00 0.000000e+00 3.963098e+01 2.633451e+01 2.335769e+03 1.635247e+01 0.000000e+00 0.000000e+00 0.000000e+00 0.000000e+00 0.000000e+00 0.000000e+00 0.000000e+00 0.000000e+00 0.000000e+00
1.560000e-01 0.000000e+00 -1.458794e+03 7.079026e+02 0.000000e+00 0.000000e+00 0.000000e+00 3.925498e+01 2.597970e+01 2.330626e+03 1.716194e+01 0.000000e+00 0.000000e+00 0.000000e+00 0.000000e+00 0.000000e+00 0.000000e+00 0.000000e+00 0.000000e+00 0.000000e+00
1.570000e-01 0.000000e+00 -1.460323e+03 7.021894e+02 0.000000e+00 0.000000e+00 0.000000e+00 3.888716e+01 2.563287e+01 2.325384e+03 1.795176e+01 0.000000e+00 0.000000e+00 0.000000e+00 0.000000e+00 0.000000e+00 0.000000e+00 0.000000e+00 0.000000e+00 0.000000e+00
1.580000e-01 0.000000e+00 -1.461519e+03 6.964472e+02 0.000000e+00 0.000000e+00 0.000000e+00 3.852753e+01 2.529402e+01 2.320047e+03 1.872179e+01 0.000000e+00 0.000000e+00 0.000000e+00 0.000000e+00 0.000000e+00 0.000000e+00 0.000000e+00 0.000000e+00 0.000000e+00
1.590000e-01 0.000000e+00 -1.462388e+03 6.906790e+02 0.000000e+00 0.000000e+00 0.000000e+00 3.817611e+01 2.496320e+01 2.314618e+03 1.947191e+01 0.000000e+00 0.000000e+00 0.000000e+00 0.000000e+00 0.000000e+00 0.000000e+00 0.000000e+00 0.000000e+00 0.000000e+00
1.600000e-01 0.000000e+00 -1.462938e+03 6.848878e+02 0.000000e+00 0.000000e+00 0.000000e+00 3.783292e+01 2.464042e+01 2.309102e+03 2.020198e+01 0.000000e+00 0.000000e+00 0.000000e+00 0.000000e+00 0.000000e+00 0.000000e+00 0.000000e+00 0.000000e+00 0.000000e+00
1.610000e-01 0.000000e+00 -1.463175e+03 6.790763e+02 0.000000e+00 0.000000e+00 0.000000e+00 3.749797e+01 2.432572e+01 2.303501e+03 2.091189e+01 0.000000e+00 0.000000e+00 0.000000e+00 0.000000e+00 0.000000e+00 0.000000e+00 0.000000e+00 0.000000e+00 0.000000e+00
1.620000e-01 0.000000e+00 -1.463107e+03 6.732473e+02 0.000000e+00 0.000000e+00 0.000000e+00 3.717129e+01 2.401910e+01 2.297819e+03 2.160151e+01 0.000000e+00 0.000000e+00 0.000000e+00 0.000000e+00 0.000000e+00 0.000000e+00 0.000000e+00 0.000000e+00 0.000000e+00
1.630000e-01 0.000000e+00 -1.462741e+03 6.674033e+02 0.000000e+00 0.000000e+00 0.000000e+00 3.685287e+01 2.372060e+01 2.292060e+03 2.227074e+01 0.000000e+00 0.000000e+00 0.000000e+00 0.000000e+00 0.000000e+00 0.000000e+00 0.000000e+00 0.000000e+00 0.000000e+00
1.640000e-01 0.000000e+00 -1.462083e+03 6.615469e+02 0.000000e+00 0.000000e+00 0.000000e+00 3.654272e+01 2.343022e+01 2.286227e+03 2.291946e+01 0.000000e+00 0.000000e+00 0.000000e+00 0.000000e+00 0.000000e+00 0.000000e+00 0.000000e+00 0.000000e+00 0.000000e+00
1.650000e-01 0.000000e+00 -1.461141e+03 6.556804e+02 0.000000e+00 0.000000e+00 0.000000e+00 3.624086e+01 2.314799e+01 2.280324e+03 2.354757e+01 0.000000e+00 0.000000e+00 0.000000e+00 0.000000e+00 0.000000e+00 0.000000e+00 0.000000e+00 0.000000e+00 0.000000e+00
1.660000e-01 0.000000e+00 -1.459921e+03 6.498061e+02 0.000000e+00 0.000000e+00 0.000000e+00 3.594728e+01 2.287391e+01 2.274353e+03 2.415498e+01 0.000000e+00 0.000000e+00 0.000000e+00 0.000000e+00 0.000000e+00 0.000000e+00 0.000000e+00 0.000000e+00 0.000000e+00
1.670000e-01 0.000000e+00 -1.458431e+03 6.439262e+02 0.000000e+00 0.000000e+00 0.000000e+00 3.566199e+01 2.260800e+01 2.268318e+03 2.474160e+01 0.000000e+00 0.000000e+00 0.000000e+00 0.000000e+00 0.000000e+00 0.000000e+00 0.000000e+00 0.000000e+00 0.000000e+00
1.680000e-01 0.000000e+00 -1.456678e+03 6.380427e+02 0.000000e+00 0.000000e+00 0.000000e+00 3.538499e+01 2.235026e+01 2.262223e+03 2.530733e+01 0.000000e+00 0.000000e+00 0.000000e+00 0.000000e+00 0.000000e+00 0.000000e+00 0.000000e+00 0.000000e+00 0.000000e+00
1.690000e-01 0.000000e+00 -1.454667e+03 6.321575e+02 0.000000e+00 0.000000e+00 0.000000e+00 3.511628e+01 2.210070e+01 2.256070e+03 2.585209e+01 0.000000e+00 0.000000e+00 0.000000e+00 0.000000e+00 0.000000e+00 0.000000e+00 0.000000e+00 0.000000e+00 0.000000e+00
1.700000e-01 0.000000e+00 -1.452408e+03 6.262725e+02 0.000000e+00 0.000000e+00 0.000000e+00 3.485584e+01 2.185933e+01 2.249863e+03 2.637582e+01 0.000000e+00 0.000000e+00 0.000000e+00 0.000000e+00 0.000000e+00 0.000000e+00 0.000000e+00 0.000000e+00 0.000000e+00
1.710000e-01 0.000000e+00 -1.449905e+03 6.203895e+02 0.000000e+00 0.000000e+00 0.000000e+00 3.460369e+01 2.162614e+01 2.243605e+03 2.687844e+01 0.000000e+00 0.000000e+00 0.000000e+00 0.000000e+00 0.000000e+00 0.000000e+00 0.000000e+00 0.000000e+00 0.000000e+00
1.720000e-01 0.000000e+00 -1.447166e+03 6.145101e+02 0.000000e+00 0.000000e+00 0.000000e+00 3.435980e+01 2.140114e+01 2.237299e+03 2.735989e+01 0.000000e+00 0.000000e+00 0.000000e+00 0.000000e+00 0.000000e+00 0.000000e+00 0.000000e+00 0.000000e+00 0.000000e+00
1.730000e-01 0.000000e+00 -1.444197e+03 6.086358e+02 0.000000e+00 0.000000e+00 0.000000e+00 3.412417e+01 2.118433e+01 2.230947e+03 2.782011e+01 0.000000e+00 0.000000e+00 0.000000e+00 0.000000e+00 0.000000e+00 0.000000e+00 0.000000e+00 0.000000e+00 0.000000e+00
1.740000e-01 0.000000e+00 -1.441005e+03 6.027681e+02 0.000000e+00 0.000000e+00 0.000000e+00 3.389679e+01 2.097569e+01 2.224553e+03 2.825906e+01 0.000000e+00 0.000000e+00 0.000000e+00 0.000000e+00 0.000000e+00 0.000000e+00 0.000000e+00 0.000000e+00 0.000000e+00
1.750000e-01 0.000000e+00 -1.437597e+03 5.969083e+02 0.000000e+00 0.000000e+00 0.000000e+00 3.367763e+01 2.077523e+01 2.218120e+03 2.867668e+01 0.000000e+00 0.000000e+00 0.000000e+00 0.000000e+00 0.000000e+00 0.000000e+00 0.000000e+00 0.000000e+00 0.000000e+00
1.760000e-01 0.000000e+00 -1.433981e+03 5.910578e+02 0.000000e+00 0.000000e+00 0.000000e+00 3.346668e+01 2.058292e+01 2.211651e+03 2.907297e+01 0.000000e+00 0.000000e+00 0.000000e+00 0.000000e+00 0.000000e+00 0.000000e+00 0.000000e+00 0.000000e+00 0.000000e+00
1.770000e-01 0.000000e+00 -1.430164e+03 5.852175e+02 0.000000e+00 0.000000e+00 0.000000e+00 3.326390e+01 2.039874e+01 2.205147e+03 2.944790e+01 0.000000e+00 0.000000e+00 0.000000e+00 0.000000e+00 0.000000e+00 0.000000e+00 0.000000e+00 0.000000e+00 0.000000e+00
1.780000e-01 0.000000e+00 -1.426153e+03 5.793886e+02 0.000000e+00 0.000000e+00 0.000000e+00 3.306927e+01 2.022267e+01 2.198613e+03 2.980148e+01 0.000000e+00 0.000000e+00 0.000000e+00 0.000000e+00 0.000000e+00 0.000000e+00 0.000000e+00 0.000000e+00 0.000000e+00
1.790000e-01 0.000000e+00 -1.421956e+03 5.735719e+02 0.000000e+00 0.000000e+00 0.000000e+00 3.288276e+01 2.005469e+01 2.192050e+03 3.013369e+01 0.000000e+00 0.000000e+00 0.000000e+00 0.000000e+00 0.000000e+00 0.000000e+00 0.000000e+00 0.000000e+00 0.000000e+00
1.800000e-01 0.000000e+00 -1.417580e+03 5.677684e+02 0.000000e+00 0.000000e+00 0.000000e+00 3.270432e+01 1.989477e+01 2.185461e+03 3.044455e+01 0.000000e+00 0.000000e+00 0.000000e+00 0.000000e+00 0.000000e+00 0.000000e+00 0.000000e+00 0.000000e+00 0.000000e+00
1.810000e-01 0.000000e+00 -1.413032e+03 5.619789e+02 0.000000e+00 0.000000e+00 0.000000e+00 3.253393e+01 1.974288e+01 2.178849e+03 3.073406e+01 0.000000e+00 0.000000e+00 0.000000e+00 0.000000e+00 0.000000e+00 0.000000e+00 0.000000e+00 0.000000e+00 0.000000e+00
1.820000e-01 0.000000e+00 -1.408318e+03 5.562040e+02 0.000000e+00 0.000000e+00 0.000000e+00 3.237155e+01 1.959899e+01 2.172216e+03 3.100226e+01 0.000000e+00 0.000000e+00 0.000000e+00 0.000000e+00 0.000000e+00 0.000000e+00 0.000000e+00 0.000000e+00 0.000000e+00
1.830000e-01 0.000000e+00 -1.403447e+03 5.504444e+02 0.000000e+00 0.000000e+00 0.000000e+00 3.221712e+01 1.946306e+01 2.165564e+03 3.124917e+01 0.000000e+00 0.000000e+00 0.000000e+00 0.000000e+00 0.000000e+00 0.000000e+00 0.000000e+00 0.000000e+00 0.000000e+00
1.840000e-01 0.000000e+00 -1.398423e+03 5.447007e+02 0.000000e+00 0.000000e+00 0.000000e+00 3.207062e+01 1.933506e+01 2.158896e+03 3.147484e+01 0.000000e+00 0.000000e+00 0.000000e+00 0.000000e+00 0.000000e+00 0.000000e+00 0.000000e+00 0.000000e+00 0.000000e+00
1.850000e-01 0.000000e+00 -1.393254e+03 5.389734e+02 0.000000e+00 0.000000e+00 0.000000e+00 3.193198e+01 1.921494e+01 2.152213e+03 3.167931e+01 0.000000e+00 0.000000e+00 0.000000e+00 0.000000e+00 0.000000e+00 0.000000e+00 0.000000e+00 0.000000e+00 0.000000e+00
1.860000e-01 0.000000e+00 -1.387946e+03 5.332630e+02 0.000000e+00 0.000000e+00 0.000000e+00 3.180117e+01 1.910267e+01 2.145519e+03 3.186263e+01 0.000000e+00 0.000000e+00 0.000000e+00 0.000000e+00 0.000000e+00 0.000000e+00 0.000000e+00 0.000000e+00 0.000000e+00
1.870000e-01 0.000000e+00 -1.382505e+03 5.275697e+02 0.000000e+00 0.000000e+00 0.000000e+00 3.167813e+01 1.899819e+01 2.138816e+03 3.202488e+01 0.000000e+00 0.000000e+00 0.000000e+00 0.000000e+00 0.000000e+00 0.000000e+00 0.000000e+00 0.000000e+00 0.000000e+00
1.880000e-01 0.000000e+00 -1.376938e+03 5.218941e+02 0.000000e+00 0.000000e+00 0.000000e+00 3.156280e+01 1.890145e+01 2.132104e+03 3.216612e+01 0.000000e+00 0.000000e+00 0.000000e+00 0.000000e+00 0.000000e+00 0.000000e+00 0.000000e+00 0.000000e+00 0.000000e+00
1.890000e-01 0.000000e+00 -1.371251e+03 5.162363e+02 0.000000e+00 0.000000e+00 0.000000e+00 3.145513e+01 1.881242e+01 2.125387e+03 3.228644e+01 0.000000e+00 0.000000e+00 0.000000e+00 0.000000e+00 0.000000e+00 0.000000e+00 0.000000e+00 0.000000e+00 0.000000e+00
1.900000e-01 0.000000e+00 -1.365449e+03 5.105965e+02 0.000000e+00 0.000000e+00 0.000000e+00 3.135506e+01 1.873102e+01 2.118666e+03 3.238593e+01 0.000000e+00 0.000000e+00 0.000000e+00 0.000000e+00 0.000000e+00 0.000000e+00 0.000000e+00 0.000000e+00 0.000000e+00
1.910000e-01 0.000000e+00 -1.359538e+03 5.049749e+02 0.000000e+00 0.000000e+00 0.000000e+00 3.126253e+01 1.865721e+01 2.111944e+03 3.246468e+01 0.000000e+00 0.000000e+00 0.000000e+00 0.000000e+00 0.000000e+00 0.000000e+00 0.000000e+00 0.000000e+00 0.000000e+00
1.920000e-01 0.000000e+00 -1.353523e+03 4.993716e+02 0.000000e+00 0.000000e+00 0.000000e+00 3.117747e+01 1.859093e+01 2.105221e+03 3.252280e+01 0.000000e+00 0.000000e+00 0.000000e+00 0.000000e+00 0.000000e+00 0.000000e+00 0.000000e+00 0.000000e+00 0.000000e+00
1.930000e-01 0.000000e+00 -1.347411e+03 4.937867e+02 0.000000e+00 0.000000e+00 0.000000e+00 3.109982e+01 1.853211e+01 2.098500e+03 3.256041e+01 0.000000e+00 0.000000e+00 0.000000e+00 0.000000e+00 0.000000e+00 0.000000e+00 0.000000e+00 0.000000e+00 0.000000e+00
1.940000e-01 0.000000e+00 -1.341207e+03 4.882203e+02 0.000000e+00 0.000000e+00 0.000000e+00 3.102952e+01 1.848070e+01 2.091783e+03 3.257762e+01 0.000000e+00 0.000000e+00 0.000000e+00 0.000000e+00 0.000000e+00 0.000000e+00 0.000000e+00 0.000000e+00 0.000000e+00
1.950000e-01 0.000000e+00 -1.334915e+03 4.826721e+02 0.000000e+00 0.000000e+00 0.000000e+00 3.096648e+01 1.843662e+01 2.085071e+03 3.257456e+01 0.000000e+00 0.000000e+00 0.000000e+00 0.000000e+00 0.000000e+00 0.000000e+00 0.000000e+00 0.000000e+00 0.000000e+00
1.960000e-01 0.000000e+00 -1.328541e+03 4.771424e+02 0.000000e+00 0.000000e+00 0.000000e+00 3.091064e+01 1.839981e+01 2.078366e+03 3.255137e+01 0.000000e+00 0.000000e+00 0.000000e+00 0.000000e+00 0.000000e+00 0.000000e+00 0.000000e+00 0.000000e+00 0.000000e+00
1.970000e-01 0.000000e+00 -1.322090e+03 4.716308e+02 0.000000e+00 0.000000e+00 0.000000e+00 3.086193e+01 1.837020e+01 2.071669e+03 3.250820e+01 0.000000e+00 0.000000e+00 0.000000e+00 0.000000e+00 0.000000e+00 0.000000e+00 0.000000e+00 0.000000e+00 0.000000e+00
1.980000e-01 0.000000e+00 -1.315566e+03 4.661373e+02 0.000000e+00 0.000000e+00 0.000000e+00 3.082026e+01 1.834772e+01 2.064981e+03 3.244519e+01 0.000000e+00 0.000000e+00 0.000000e+00 0.000000e+00 0.000000e+00 0.000000e+00 0.000000e+00 0.000000e+00 0.000000e+00
1.990000e-01 0.000000e+00 -1.308976e+03 4.606617e+02 0.000000e+00 0.000000e+00 0.000000e+00 3.078555e+01 1.833227e+01 2.058305e+03 3.236254e+01 0.000000e+00 0.000000e+00 0.000000e+00 0.000000e+00 0.000000e+00 0.000000e+00 0.000000e+00 0.000000e+00 0.000000e+00
2.000000e-01 0.000000e+00 -1.302324e+03 4.552037e+02 0.000000e+00 0.000000e+00 0.000000e+00 3.075771e+01 1.832378e+01 2.051642e+03 3.226042e+01 0.000000e+00 0.000000e+00 0.000000e+00 0.000000e+00 0.000000e+00 0.000000e+00 0.000000e+00 0.000000e+00 0.000000e+00
2.010000e-01 0.000000e+00 -1.295617e+03 4.497632e+02 0.000000e+00 0.000000e+00 0.000000e+00 3.073664e+01 1.832215e+01 2.044992e+03 3.213903e+01 0.000000e+00 0.000000e+00 0.000000e+00 0.000000e+00 0.000000e+00 0.000000e+00 0.000000e+00 0.000000e+00 0.000000e+00
2.020000e-01 0.000000e+00 -1.288859e+03 4.443396e+02 0.000000e+00 0.000000e+00 0.000000e+00 3.072225e+01 1.832729e+01 2.038358e+03 3.199858e+01 0.000000e+00 0.000000e+00 0.000000e+00 0.000000e+00 0.000000e+00 0.000000e+00 0.000000e+00 0.000000e+00 0.000000e+00
2.030000e-01 0.000000e+00 -1.282055e+03 4.389329e+02 0.000000e+00 0.000000e+00 0.000000e+00 3.071444e+01 1.833912e+01 2.031740e+03 3.183927e+01 0.000000e+00 0.000000e+00 0.000000e+00 0.000000e+00 0.000000e+00 0.000000e+00 0.000000e+00 0.000000e+00 0.000000e+00
2.040000e-01 0.000000e+00 -1.275210e+03 4.335425e+02 0.000000e+00 0.000000e+00 0.000000e+00 3.071311e+01 1.835752e+01 2.025140e+03 3.166132e+01 0.000000e+00 0.000000e+00 0.000000e+00 0.000000e+00 0.000000e+00 0.000000e+00 0.000000e+00 0.000000e+00 0.000000e+00
2.050000e-01 0.000000e+00 -1.268330e+03 4.281682e+02 0.000000e+00 0.000000e+00 0.000000e+00 3.071816e+01 1.838241e+01 2.018559e+03 3.146497e+01 0.000000e+00 0.000000e+00 0.000000e+00 0.000000e+00 0.000000e+00 0.000000e+00 0.000000e+00 0.000000e+00 0.000000e+00
2.060000e-01 0.000000e+00 -1.261417e+03 4.228095e+02 0.000000e+00 0.000000e+00 0.000000e+00 3.072949e+01 1.841368e+01 2.011997e+03 3.125043e+01 0.000000e+00 0.000000e+00 0.000000e+00 0.000000e+00 0.000000e+00 0.000000e+00 0.000000e+00 0.000000e+00 0.000000e+00
2.070000e-01 0.000000e+00 -1.254477e+03 4.174661e+02 0.000000e+00 0.000000e+00 0.000000e+00 3.074698e+01 1.845123e+01 2.005456e+03 3.101797e+01 0.000000e+00 0.000000e+00 0.000000e+00 0.000000e+00 0.000000e+00 0.000000e+00 0.000000e+00 0.000000e+00 0.000000e+00
2.080000e-01 0.000000e+00 -1.247514e+03 4.121376e+02 0.000000e+00 0.000000e+00 0.000000e+00 3.077054e+01 1.849495e+01 1.998938e+03 3.076782e+01 0.000000e+00 0.000000e+00 0.000000e+00 0.000000e+00 0.000000e+00 0.000000e+00 0.000000e+00 0.000000e+00 0.000000e+00
2.090000e-01 0.000000e+00 -1.240533e+03 4.068235e+02 0.000000e+00 0.000000e+00 0.000000e+00 3.080005e+01 1.854474e+01 1.992442e+03 3.050025e+01 0.000000e+00 0.000000e+00 0.000000e+00 0.000000e+00 0.000000e+00 0.000000e+00 0.000000e+00 0.000000e+00 0.000000e+00
2.100000e-01 0.000000e+00 -1.233536e+03 4.015234e+02 0.000000e+00 0.000000e+00 0.000000e+00 3.083539e+01 1.860048e+01 1.985970e+03 3.021552e+01 0.000000e+00 0.000000e+00 0.000000e+00 0.000000e+00 0.000000e+00 0.000000e+00 0.000000e+00 0.000000e+00 0.000000e+00
2.110000e-01 0.000000e+00 -1.226529e+03 3.962369e+02 0.000000e+00 0.000000e+00 0.000000e+00 3.087645e+01 1.866206e+01 1.979523e+03 2.991392e+01 0.000000e+00 0.000000e+00 0.000000e+00 0.000000e+00 0.000000e+00 0.000000e+00 0.000000e+00 0.000000e+00 0.000000e+00
2.120000e-01 0.000000e+00 -1.219515e+03 3.909635e+02 0.000000e+00 0.000000e+00 0.000000e+00 3.092312e+01 1.872936e+01 1.973101e+03 2.959572e+01 0.000000e+00 0.000000e+00 0.000000e+00 0.000000e+00 0.000000e+00 0.000000e+00 0.000000e+00 0.000000e+00 0.000000e+00
2.130000e-01 0.000000e+00 -1.212497e+03 3.857027e+02 0.000000e+00 0.000000e+00 0.000000e+00 3.097528e+01 1.880227e+01 1.966706e+03 2.926120e+01 0.000000e+00 0.000000e+00 0.000000e+00 0.000000e+00 0.000000e+00 0.000000e+00 0.000000e+00 0.000000e+00 0.000000e+00
2.140000e-01 0.000000e+00 -1.205479e+03 3.804542e+02 0.000000e+00 0.000000e+00 0.000000e+00 3.103280e+01 1.888067e+01 1.960338e+03 2.891068e+01 0.000000e+00 0.000000e+00 0.000000e+00 0.000000e+00 0.000000e+00 0.000000e+00 0.000000e+00 0.000000e+00 0.000000e+00
2.150000e-01 0.000000e+00 -1.198465e+03 3.752174e+02 0.000000e+00 0.000000e+00 0.000000e+00 3.109556e+01 1.896445e+01 1.953997e+03 2.854444e+01 0.000000e+00 0.000000e+00 0.000000e+00 0.000000e+00 0.000000e+00 0.000000e+00 0.000000e+00 0.000000e+00 0.000000e+00
2.160000e-01 0.000000e+00 -1.191457e+03 3.699919e+02 0.000000e+00 0.000000e+00 0.000000e+00 3.116345e+01 1.905346e+01 1.947685e+03 2.816279e+01 0.000000e+00 0.000000e+00 0.000000e+00 0.000000e+00 0.000000e+00 0.000000e+00 0.000000e+00 0.000000e+00 0.000000e+00
2.170000e-01 0.000000e+00 -1.184459e+03 3.647771e+02 0.000000e+00 0.000000e+00 0.000000e+00 3.123633e+01 1.914760e+01 1.941403e+03 2.776606e+01 0.000000e+00 0.000000e+00 0.000000e+00 0.000000e+00 0.000000e+00 0.000000e+00 0.000000e+00 0.000000e+00 0.000000e+00
2.180000e-01 0.000000e+00 -1.177474e+03 3.595727e+02 0.000000e+00 0.000000e+00 0.000000e+00 3.131408e+01 1.924673e+01 1.935150e+03 2.735456e+01 0.000000e+00 0.000000e+00 0.000000e+00 0.000000e+00 0.000000e+00 0.000000e+00 0.000000e+00 0.000000e+00 0.000000e+00
2.190000e-01 0.000000e+00 -1.170505e+03 3.543781e+02 0.000000e+00 0.000000e+00 0.000000e+00 3.139656e+01 1.935074e+01 1.928927e+03 2.692862e+01 0.000000e+00 0.000000e+00 0.000000e+00 0.000000e+00 0.000000e+00 0.000000e+00 0.000000e+00 0.000000e+00 0.000000e+00
2.200000e-01 0.000000e+00 -1.163554e+03 3.491929e+02 0.000000e+00 0.000000e+00 0.000000e+00 3.148367e+01 1.945948e+01 1.922736e+03 2.648857e+01 0.000000e+00 0.000000e+00 0.000000e+00 0.000000e+00 0.000000e+00 0.000000e+00 0.000000e+00 0.000000e+00 0.000000e+00
2.210000e-01 0.000000e+00 -1.156625e+03 3.440167e+02 0.000000e+00 0.000000e+00 0.000000e+00 3.157525e+01 1.957283e+01 1.916576e+03 2.603474e+01 0.000000e+00 0.000000e+00 0.000000e+00 0.000000e+00 0.000000e+00 0.000000e+00 0.000000e+00 0.000000e+00 0.000000e+00
2.220000e-01 0.000000e+00 -1.149719e+03 3.388488e+02 0.000000e+00 0.000000e+00 0.000000e+00 3.167117e+01 1.969065e+01 1.910448e+03 2.556751e+01 0.000000e+00 0.000000e+00 0.000000e+00 0.000000e+00 0.000000e+00 0.000000e+00 0.000000e+00 0.000000e+00 0.000000e+00
2.230000e-01 0.000000e+00 -1.142841e+03 3.336887e+02 0.000000e+00 0.000000e+00 0.000000e+00 3.177129e+01 1.981279e+01 1.904352e+03 2.508723e+01 0.000000e+00 0.000000e+00 0.000000e+00 0.000000e+00 0.000000e+00 0.000000e+00 0.000000e+00 0.000000e+00 0.000000e+00
2.240000e-01 0.000000e+00 -1.135994e+03 3.285361e+02 0.000000e+00 0.000000e+00 0.000000e+00 3.187545e+01 1.993912e+01 1.898289e+03 2.459430e+01 0.000000e+00 0.000000e+00 0.000000e+00 0.000000e+00 0.000000e+00 0.000000e+00 0.000000e+00 0.000000e+00 0.000000e+00
2.250000e-01 0.000000e+00 -1.129180e+03 3.233902e+02 0.000000e+00 0.000000e+00 0.000000e+00 3.198352e+01 2.006947e+01 1.892260e+03 2.408908e+01 0.000000e+00 0.000000e+00 0.000000e+00 0.000000e+00 0.000000e+00 0.000000e+00 0.000000e+00 0.000000e+00 0.000000e+00
2.260000e-01 0.000000e+00 -1.122402e+03 3.182506e+02 0.000000e+00 0.000000e+00 0.000000e+00 3.209534e+01 2.020371e+01 1.886264e+03 2.357196e+01 0.000000e+00 0.000000e+00 0.000000e+00 0.000000e+00 0.000000e+00 0.000000e+00 0.000000e+00 0.000000e+00 0.000000e+00
2.270000e-01 0.000000e+00 -1.115662e+03 3.131169e+02 0.000000e+00 0.000000e+00 0.000000e+00 3.221077e+01 2.034169e+01 1.880303e+03 2.304332e+01 0.000000e+00 0.000000e+00 0.000000e+00 0.000000e+00 0.000000e+00 0.000000e+00 0.000000e+00 0.000000e+00 0.000000e+00
2.280000e-01 0.000000e+00 -1.108963e+03 3.079885e+02 0.000000e+00 0.000000e+00 0.000000e+00 3.232966e+01 2.048326e+01 1.874375e+03 2.250356e+01 0.000000e+00 0.000000e+00 0.000000e+00 0.000000e+00 0.000000e+00 0.000000e+00 0.000000e+00 0.000000e+00 0.000000e+00
2.290000e-01 0.000000e+00 -1.102307e+03 3.028649e+02 0.000000e+00 0.000000e+00 0.000000e+00 3.245185e+01 2.062827e+01 1.868483e+03 2.195307e+01 0.000000e+00 0.000000e+00 0.000000e+00 0.000000e+00 0.000000e+00 0.000000e+00 0.000000e+00 0.000000e+00 0.000000e+00
2.300000e-01 0.000000e+00 -1.095697e+03 2.977456e+02 0.000000e+00 0.000000e+00 0.000000e+00 3.257720e+01 2.077656e+01 1.862625e+03 2.139228e+01 0.000000e+00 0.000000e+00 0.000000e+00 0.000000e+00 0.000000e+00 0.000000e+00 0.000000e+00 0.000000e+00 0.000000e+00
2.310000e-01 0.000000e+00 -1.089134e+03 2.926303e+02 0.000000e+00 0.000000e+00 0.000000e+00 3.270555e+01 2.092799e+01 1.856803e+03 2.082157e+01 0.000000e+00 0.000000e+00 0.000000e+00 0.000000e+00 0.000000e+00 0.000000e+00 0.000000e+00 0.000000e+00 0.000000e+00
2.320000e-01 0.000000e+00 -1.082621e+03 2.875182e+02 0.000000e+00 0.000000e+00 0.000000e+00 3.283674e+01 2.108239e+01 1.851016e+03 2.024138e+01 0.000000e+00 0.000000e+00 0.000000e+00 0.000000e+00 0.000000e+00 0.000000e+00 0.000000e+00 0.000000e+00 0.000000e+00
2.330000e-01 0.000000e+00 -1.076160e+03 2.824091e+02 0.000000e+00 0.000000e+00 0.000000e+00 3.297063e+01 2.123960e+01 1.845265e+03 1.965211e+01 0.000000e+00 0.000000e+00 0.000000e+00 0.000000e+00 0.000000e+00 0.000000e+00 0.000000e+00 0.000000e+00 0.000000e+00
2.340000e-01 0.000000e+00 -1.069751e+03 2.773025e+02 0.000000e+00 0.000000e+00 0.000000e+00 3.310704e+01 2.139947e+01 1.839550e+03 1.905420e+01 0.000000e+00 0.000000e+00 0.000000e+00 0.000000e+00 0.000000e+00 0.000000e+00 0.000000e+00 0.000000e+00 0.000000e+00
2.350000e-01 0.000000e+00 -1.063398e+03 2.721978e+02 0.000000e+00 0.000000e+00 0.000000e+00 3.324583e+01 2.156185e+01 1.833871e+03 1.844807e+01 0.000000e+00 0.000000e+00 0.000000e+00 0.000000e+00 0.000000e+00 0.000000e+00 0.000000e+00 0.000000e+00 0.000000e+00
2.360000e-01 0.000000e+00 -1.057102e+03 2.670947e+02 0.000000e+00 0.000000e+00 0.000000e+00 3.338683e+01 2.172656e+01 1.828228e+03 1.783415e+01 0.000000e+00 0.000000e+00 0.000000e+00 0.000000e+00 0.000000e+00 0.000000e+00 0.000000e+00 0.000000e+00 0.000000e+00
2.370000e-01 0.000000e+00 -1.050864e+03 2.619927e+02 0.000000e+00 0.000000e+00 0.000000e+00 3.352988e+01 2.189345e+01 1.822622e+03 1.721289e+01 0.000000e+00 0.000000e+00 0.000000e+00 0.000000e+00 0.000000e+00 0.000000e+00 0.000000e+00 0.000000e+00 0.000000e+00
2.380000e-01 0.000000e+00 -1.044687e+03 2.568913e+02 0.000000e+00 0.000000e+00 0.000000e+00 3.367482e+01 2.206236e+01 1.817053e+03 1.658472e+01 0.000000e+00 0.000000e+00 0.000000e+00 0.000000e+00 0.000000e+00 0.000000e+00 0.000000e+00 0.000000e+00 0.000000e+00
2.390000e-01 0.000000e+00 -1.038570e+03 2.517903e+02 0.000000e+00 0.000000e+00 0.000000e+00 3.382150e+01 2.223312e+01 1.811520e+03 1.595008e+01 0.000000e+00 0.000000e+00 0.000000e+00 0.000000e+00 0.000000e+00 0.000000e+00 0.000000e+00 0.000000e+00 0.000000e+00
2.400000e-01 0.000000e+00 -1.032516e+03 2.466890e+02 0.000000e+00 0.000000e+00 0.000000e+00 3.396974e+01 2.240557e+01 1.806024e+03 1.530942e+01 0.000000e+00 0.000000e+00 0.000000e+00 0.000000e+00 0.000000e+00 0.000000e+00 0.000000e+00 0.000000e+00 0.000000e+00
2.410000e-01 0.000000e+00 -1.026526e+03 2.415872e+02 0.000000e+00 0.000000e+00 0.000000e+00 3.411939e+01 2.257955e+01 1.800565e+03 1.466318e+01 0.000000e+00 0.000000e+00 0.000000e+00 0.000000e+00 0.000000e+00 0.000000e+00 0.000000e+00 0.000000e+00 0.000000e+00
2.420000e-01 0.000000e+00 -1.020601e+03 2.364845e+02 0.000000e+00 0.000000e+00 0.000000e+00 3.427029e+01 2.275489e+01 1.795143e+03 1.401183e+01 0.000000e+00 0.000000e+00 0.000000e+00 0.000000e+00 0.000000e+00 0.000000e+00 0.000000e+00 0.000000e+00 0.000000e+00
2.430000e-01 0.000000e+00 -1.014742e+03 2.313804e+02 0.000000e+00 0.000000e+00 0.000000e+00 3.442226e+01 2.293143e+01 1.789759e+03 1.335580e+01 0.000000e+00 0.000000e+00 0.000000e+00 0.000000e+00 0.000000e+00 0.000000e+00 0.000000e+00 0.000000e+00 0.000000e+00
2.440000e-01 0.000000e+00 -1.008949e+03 2.262746e+02 0.000000e+00 0.000000e+00 0.000000e+00 3.457515e+01 2.310900e+01 1.784411e+03 1.269556e+01 0.000000e+00 0.000000e+00 0.000000e+00 0.000000e+00 0.000000e+00 0.000000e+00 0.000000e+00 0.000000e+00 0.000000e+00
2.450000e-01 0.000000e+00 -1.003225e+03 2.211667e+02 0.000000e+00 0.000000e+00 0.000000e+00 3.472880e+01 2.328743e+01 1.779100e+03 1.203155e+01 0.000000e+00 0.000000e+00 0.000000e+00 0.000000e+00 0.000000e+00 0.000000e+00 0.000000e+00 0.000000e+00 0.000000e+00
2.460000e-01 0.000000e+00 -9.975700e+02 2.160563e+02 0.000000e+00 0.000000e+00 0.000000e+00 3.488303e+01 2.346656e+01 1.773827e+03 1.136426e+01 0.000000e+00 0.000000e+00 0.000000e+00 0.000000e+00 0.000000e+00 0.000000e+00 0.000000e+00 0.000000e+00 0.000000e+00
2.470000e-01 0.000000e+00 -9.919854e+02 2.109430e+02 0.000000e+00 0.000000e+00 0.000000e+00 3.503766e+01 2.364620e+01 1.768591e+03 1.069418e+01 0.000000e+00 0.000000e+00 0.000000e+00 0.000000e+00 0.000000e+00 0.000000e+00 0.000000e+00 0.000000e+00 0.000000e+00
2.480000e-01 0.000000e+00 -9.864722e+02 2.058263e+02 0.000000e+00 0.000000e+00 0.000000e+00 3.519251e+01 2.382617e+01 1.763392e+03 1.002179e+01 0.000000e+00 0.000000e+00 0.000000e+00 0.000000e+00 0.000000e+00 0.000000e+00 0.000000e+00 0.000000e+00 0.000000e+00
2.490000e-01 0.000000e+00 -9.810313e+02 2.007059e+02 0.000000e+00 0.000000e+00 0.000000e+00 3.534743e+01 2.400631e+01 1.758230e+03 9.347549e+00 0.000000e+00 0.000000e+00 0.000000e+00 0.000000e+00 0.000000e+00 0.000000e+00 0.000000e+00 0.000000e+00 0.000000e+00
2.500000e-01 0.000000e+00 -9.756635e+02 1.955815e+02 0.000000e+00 0.000000e+00 0.000000e+00 3.550224e+01 2.418645e+01 1.753106e+03 8.671941e+00 0.000000e+00 0.000000e+00 0.000000e+00 0.000000e+00 0.000000e+00 0.000000e+00 0.000000e+00 0.000000e+00 0.000000e+00
2.510000e-01 0.000000e+00 -9.703692e+02 1.904526e+02 0.000000e+00 0.000000e+00 0.000000e+00 3.565676e+01 2.436641e+01 1.748018e+03 7.995441e+00 0.000000e+00 0.000000e+00 0.000000e+00 0.000000e+00 0.000000e+00 0.000000e+00 0.000000e+00 0.000000e+00 0.000000e+00
2.520000e-01 0.000000e+00 -9.651493e+02 1.853190e+02 0.000000e+00 0.000000e+00 0.000000e+00 3.581083e+01 2.454602e+01 1.742968e+03 7.318530e+00 0.000000e+00 0.000000e+00 0.000000e+00 0.000000e+00 0.000000e+00 0.000000e+00 0.000000e+00 0.000000e+00 0.000000e+00
2.530000e-01 0.000000e+00 -9.600043e+02 1.801802e+02 0.000000e+00 0.000000e+00 0.000000e+00 3.596428e+01 2.472511e+01 1.737955e+03 6.641689e+00 0.000000e+00 0.000000e+00 0.000000e+00 0.000000e+00 0.000000e+00 0.000000e+00 0.000000e+00 0.000000e+00 0.000000e+00
2.540000e-01 0.000000e+00 -9.549346e+02 1.750360e+02 0.000000e+00 0.000000e+00 0.000000e+00 3.611693e+01 2.490349e+01 1.732979e+03 5.965401e+00 0.000000e+00 0.000000e+00 0.000000e+00 0.000000e+00 0.000000e+00 0.000000e+00 0.000000e+00 0.000000e+00 0.000000e+00
2.550000e-01 0.000000e+00 -9.499408e+02 1.698860e+02 0.000000e+00 0.000000e+00 0.000000e+00 3.626862e+01 2.508100e+01 1.728040e+03 5.290150e+00 0.000000e+00 0.000000e+00 0.000000e+00 0.000000e+00 0.000000e+00 0.000000e+00 0.000000e+00 0.000000e+00 0.000000e+00
2.560000e-01 0.000000e+00 -9.450232e+02 1.647299e+02 0.000000e+00 0.000000e+00 0.000000e+00 3.641916e+01 2.525747e+01 1.723137e+03 4.616423e+00 0.000000e+00 0.000000e+00 0.000000e+00 0.000000e+00 0.000000e+00 0.000000e+00 0.000000e+00 0.000000e+00 0.000000e+00
2.570000e-01 0.000000e+00 -9.401822e+02 1.595673e+02 0.000000e+00 0.000000e+00 0.000000e+00 3.656839e+01 2.543271e+01 1.718272e+03 3.944706e+00 0.000000e+00 0.000000e+00 0.000000e+00 0.000000e+00 0.000000e+00 0.000000e+00 0.000000e+00 0.000000e+00 0.000000e+00
2.580000e-01 0.000000e+00 -9.354182e+02 1.543979e+02 0.000000e+00 0.000000e+00 0.000000e+00 3.671613e+01 2.560656e+01 1.713443e+03 3.275487e+00 0.000000e+00 0.000000e+00 0.000000e+00 0.000000e+00 0.000000e+00 0.000000e+00 0.000000e+00 0.000000e+00 0.000000e+00
2.590000e-01 0.000000e+00 -9.307313e+02 1.492214e+02 0.000000e+00 0.000000e+00 0.000000e+00 3.686221e+01 2.577883e+01 1.708651e+03 2.609253e+00 0.000000e+00 0.000000e+00 0.000000e+00 0.000000e+00 0.000000e+00 0.000000e+00 0.000000e+00 0.000000e+00 0.000000e+00
2.600000e-01 0.000000e+00 -9.261219e+02 1.440374e+02 0.000000e+00 0.000000e+00 0.000000e+00 3.700647e+01 2.594936e+01 1.703895e+03 1.946492e+00 0.000000e+00 0.000000e+00 0.000000e+00 0.000000e+00 0.000000e+00 0.000000e+00 0.000000e+00 0.000000e+00 0.000000e+00
2.610000e-01 0.000000e+00 -9.215899e+02 1.388457e+02 0.000000e+00 0.000000e+00 0.000000e+00 3.714871e+01 2.611797e+01 1.699176e+03 1.287693e+00 0.000000e+00 0.000000e+00 0.000000e+00 0.000000e+00 0.000000e+00 0.000000e+00 0.000000e+00 0.000000e+00 0.000000e+00
2.620000e-01 0.000000e+00 -9.171356e+02 1.336460e+02 0.000000e+00 0.000000e+00 0.000000e+00 3.728878e+01 2.628448e+01 1.694493e+03 6.333433e-01 0.000000e+00 0.000000e+00 0.000000e+00 0.000000e+00 0.000000e+00 0.000000e+00 0.000000e+00 0.000000e+00 0.000000e+00
2.630000e-01 0.000000e+00 -9.127591e+02 1.284378e+02 0.000000e+00 0.000000e+00 0.000000e+00 3.742650e+01 2.644872e+01 1.689847e+03 -1.606938e-02 0.000000e+00 0.000000e+00 0.000000e+00 0.000000e+00 0.000000e+00 0.000000e+00 0.000000e+00 0.000000e+00 0.000000e+00
2.640000e-01 0.000000e+00 -9.084603e+02 1.232210e+02 0.000000e+00 0.000000e+00 0.000000e+00 3.756170e+01 2.661052e+01 1.685236e+03 -6.600582e-01 0.000000e+00 0.000000e+00 0.000000e+00 0.000000e+00 0.000000e+00 0.000000e+00 0.000000e+00 0.000000e+00 0.000000e+00
2.650000e-01 0.000000e+00 -9.042392e+02 1.179952e+02 0.000000e+00 0.000000e+00 0.000000e+00 3.769421e+01 2.676970e+01 1.680662e+03 -1.298137e+00 0.000000e+00 0.000000e+00 0.000000e+00 0.000000e+00 0.000000e+00 0.000000e+00 0.000000e+00 0.000000e+00 0.000000e+00
2.660000e-01 0.000000e+00 -9.000958e+02 1.127601e+02 0.000000e+00 0.000000e+00 0.000000e+00 3.782385e+01 2.692609e+01 1.676123e+03 -1.929821e+00 0.000000e+00 0.000000e+00 0.000000e+00 0.000000e+00 0.000000e+00 0.000000e+00 0.000000e+00 0.000000e+00 0.000000e+00
2.670000e-01 0.000000e+00 -8.960300e+02 1.075155e+02 0.000000e+00 0.000000e+00 0.000000e+00 3.795046e+01 2.707952e+01 1.671620e+03 -2.554627e+00 0.000000e+00 0.000000e+00 0.000000e+00 0.000000e+00 0.000000e+00 0.000000e+00 0.000000e+00 0.000000e+00 0.000000e+00
2.680000e-01 0.000000e+00 -8.920415e+02 1.022610e+02 0.000000e+00 0.000000e+00 0.000000e+00 3.807387e+01 2.722981e+01 1.667152e+03 -3.172073e+00 0.000000e+00 0.000000e+00 0.000000e+00 0.000000e+00 0.000000e+00 0.000000e+00 0.000000e+00 0.000000e+00 0.000000e+00
2.690000e-01 0.000000e+00 -8.881302e+02 9.699631e+01 0.000000e+00 0.000000e+00 0.000000e+00 3.819391e+01 2.737680e+01 1.662720e+03 -3.781678e+00 0.000000e+00 0.000000e+00 0.000000e+00 0.000000e+00 0.000000e+00 0.000000e+00 0.000000e+00 0.000000e+00 0.000000e+00
2.700000e-01 0.000000e+00 -8.842959e+02 9.172121e+01 0.000000e+00 0.000000e+00 0.000000e+00 3.831041e+01 2.752032e+01 1.658324e+03 -4.382963e+00 0.000000e+00 0.000000e+00 0.000000e+00 0.000000e+00 0.000000e+00 0.000000e+00 0.000000e+00 0.000000e+00 0.000000e+00
2.710000e-01 0.000000e+00 -8.805383e+02 8.643540e+01 0.000000e+00 0.000000e+00 0.000000e+00 3.842320e+01 2.766019e+01 1.653962e+03 -4.975453e+00 0.000000e+00 0.000000e+00 0.000000e+00 0.000000e+00 0.000000e+00 0.000000e+00 0.000000e+00 0.000000e+00 0.000000e+00
2.720000e-01 0.000000e+00 -8.768571e+02 8.113859e+01 0.000000e+00 0.000000e+00 0.000000e+00 3.853212e+01 2.779625e+01 1.649635e+03 -5.558674e+00 0.000000e+00 0.000000e+00 0.000000e+00 0.000000e+00 0.000000e+00 0.000000e+00 0.000000e+00 0.000000e+00 0.000000e+00
2.730000e-01 0.000000e+00 -8.732520e+02 7.583047e+01 0.000000e+00 0.000000e+00 0.000000e+00 3.863700e+01 2.792832e+01 1.645344e+03 -6.132145e+00 0.000000e+00 0.000000e+00 0.000000e+00 0.000000e+00 0.000000e+00 0.000000e+00 0.000000e+00 0.000000e+00 0.000000e+00
2.740000e-01 0.000000e+00 -8.697230e+02 7.051069e+01 0.000000e+00 0.000000e+00 0.000000e+00 3.873766e+01 2.805624e+01 1.641086e+03 -6.695374e+00 0.000000e+00 0.000000e+00 0.000000e+00 0.000000e+00 0.000000e+00 0.000000e+00 0.000000e+00 0.000000e+00 0.000000e+00
2.750000e-01 0.000000e+00 -8.662696e+02 6.517898e+01 0.000000e+00 0.000000e+00 0.000000e+00 3.883394e+01 2.817983e+01 1.636864e+03 -7.247899e+00 0.000000e+00 0.000000e+00 0.000000e+00 0.000000e+00 0.000000e+00 0.000000e+00 0.000000e+00 0.000000e+00 0.000000e+00
2.760000e-01 0.000000e+00 -8.628911e+02 5.983509e+01 0.000000e+00 0.000000e+00 0.000000e+00 3.892568e+01 2.829893e+01 1.632675e+03 -7.789259e+00 0.000000e+00 0.000000e+00 0.000000e+00 0.000000e+00 0.000000e+00 0.000000e+00 0.000000e+00 0.000000e+00 0.000000e+00
2.770000e-01 0.000000e+00 -8.595870e+02 5.447877e+01 0.000000e+00 0.000000e+00 0.000000e+00 3.901272e+01 2.841339e+01 1.628521e+03 -8.318998e+00 0.000000e+00 0.000000e+00 0.000000e+00 0.000000e+00 0.000000e+00 0.000000e+00 0.000000e+00 0.000000e+00 0.000000e+00
2.780000e-01 0.000000e+00 -8.563568e+02 4.910976e+01 0.000000e+00 0.000000e+00 0.000000e+00 3.909491e+01 2.852304e+01 1.624401e+03 -8.836660e+00 0.000000e+00 0.000000e+00 0.000000e+00 0.000000e+00 0.000000e+00 0.000000e+00 0.000000e+00 0.000000e+00 0.000000e+00
2.790000e-01 0.000000e+00 -8.531997e+02 4.372781e+01 0.000000e+00 0.000000e+00 0.000000e+00 3.917208e+01 2.862772e+01 1.620315e+03 -9.341793e+00 0.000000e+00 0.000000e+00 0.000000e+00 0.000000e+00 0.000000e+00 0.000000e+00 0.000000e+00 0.000000e+00 0.000000e+00
2.800000e-01 0.000000e+00 -8.501153e+02 3.833266e+01 0.000000e+00 0.000000e+00 0.000000e+00 3.924408e+01 2.872727e+01 1.616262e+03 -9.833945e+00 0.000000e+00 0.000000e+00 0.000000e+00 0.000000e+00 0.000000e+00 0.000000e+00 0.000000e+00 0.000000e+00 0.000000e+00
2.810000e-01 0.000000e+00 -8.471028e+02 3.292403e+01 0.000000e+00 0.000000e+00 0.000000e+00 3.931075e+01 2.882154e+01 1.612243e+03 -1.031267e+01 0.000000e+00 0.000000e+00 0.000000e+00 0.000000e+00 0.000000e+00 0.000000e+00 0.000000e+00 0.000000e+00 0.000000e+00
2.820000e-01 0.000000e+00 -8.441616e+02 2.750166e+01 0.000000e+00 0.000000e+00 0.000000e+00 3.937194e+01 2.891037e+01 1.608257e+03 -1.077752e+01 0.000000e+00 0.000000e+00 0.000000e+00 0.000000e+00 0.000000e+00 0.000000e+00 0.000000e+00 0.000000e+00 0.000000e+00
2.830000e-01 0.000000e+00 -8.412910e+02 2.206529e+01 0.000000e+00 0.000000e+00 0.000000e+00 3.942750e+01 2.899360e+01 1.604304e+03 -1.122807e+01 0.000000e+00 0.000000e+00 0.000000e+00 0.000000e+00 0.000000e+00 0.000000e+00 0.000000e+00 0.000000e+00 0.000000e+00
2.840000e-01 0.000000e+00 -8.384904e+02 1.661463e+01 0.000000e+00 0.000000e+00 0.000000e+00 3.947727e+01 2.907108e+01 1.600384e+03 -1.166386e+01 0.000000e+00 0.000000e+00 0.000000e+00 0.000000e+00 0.000000e+00 0.000000e+00 0.000000e+00 0.000000e+00 0.000000e+00
2.850000e-01 0.000000e+00 -8.357591e+02 1.114941e+01 0.000000e+00 0.000000e+00 0.000000e+00 3.952110e+01 2.914265e+01 1.596497e+03 -1.208446e+01 0.000000e+00 0.000000e+00 0.000000e+00 0.000000e+00 0.000000e+00 0.000000e+00 0.000000e+00 0.000000e+00 0.000000e+00
2.860000e-01 0.000000e+00 -8.330964e+02 5.669352e+00 0.000000e+00 0.000000e+00 0.000000e+00 3.955883e+01 2.920817e+01 1.592643e+03 -1.248945e+01 0.000000e+00 0.000000e+00 0.000000e+00 0.000000e+00 0.000000e+00 0.000000e+00 0.000000e+00 0.000000e+00 0.000000e+00
2.870000e-01 0.000000e+00 -8.305015e+02 1.741725e-01 0.000000e+00 0.000000e+00 0.000000e+00 3.959033e+01 2.926748e+01 1.588821e+03 -1.287840e+01 0.000000e+00 0.000000e+00 0.000000e+00 0.000000e+00 0.000000e+00 0.000000e+00 0.000000e+00 0.000000e+00 0.000000e+00
2.880000e-01 0.000000e+00 -8.279737e+02 -5.336415e+00 0.000000e+00 0.000000e+00 0.000000e+00 3.961544e+01 2.932042e+01 1.585031e+03 -1.325088e+01 0.000000e+00 0.000000e+00 0.000000e+00 0.000000e+00 0.000000e+00 0.000000e+00 0.000000e+00 0.000000e+00 0.000000e+00
2.890000e-01 0.000000e+00 -8.255123e+02 -1.086270e+01 0.000000e+00 0.000000e+00 0.000000e+00 3.963401e+01 2.936687e+01 1.581273e+03 -1.360648e+01 0.000000e+00 0.000000e+00 0.000000e+00 0.000000e+00 0.000000e+00 0.000000e+00 0.000000e+00 0.000000e+00 0.000000e+00
2.900000e-01 0.000000e+00 -8.231166e+02 -1.640497e+01 0.000000e+00 0.000000e+00 0.000000e+00 3.964591e+01 2.940665e+01 1.577547e+03 -1.394478e+01 0.000000e+00 0.000000e+00 0.000000e+00 0.000000e+00 0.000000e+00 0.000000e+00 0.000000e+00 0.000000e+00 0.000000e+00
2.910000e-01 0.000000e+00 -8.207858e+02 -2.196353e+01 0.000000e+00 0.000000e+00 0.000000e+00 3.965097e+01 2.943964e+01 1.573853e+03 -1.426537e+01 0.000000e+00 0.000000e+00 0.000000e+00 0.000000e+00 0.000000e+00 0.000000e+00 0.000000e+00 0.000000e+00 0.000000e+00
2.920000e-01 0.000000e+00 -8.185191e+02 -2.753868e+01 0.000000e+00 0.000000e+00 0.000000e+00 3.964907e+01 2.946568e+01 1.570190e+03 -1.456784e+01 0.000000e+00 0.000000e+00 0.000000e+00 0.000000e+00 0.000000e+00 0.000000e+00 0.000000e+00 0.000000e+00 0.000000e+00
2.930000e-01 0.000000e+00 -8.163158e+02 -3.313071e+01 0.000000e+00 0.000000e+00 0.000000e+00 3.964006e+01 2.948464e+01 1.566559e+03 -1.485180e+01 0.000000e+00 0.000000e+00 0.000000e+00 0.000000e+00 0.000000e+00 0.000000e+00 0.000000e+00 0.000000e+00 0.000000e+00
2.940000e-01 0.000000e+00 -8.141751e+02 -3.873994e+01 0.000000e+00 0.000000e+00 0.000000e+00 3.962380e+01 2.949637e+01 1.562959e+03 -1.511685e+01 0.000000e+00 0.000000e+00 0.000000e+00 0.000000e+00 0.000000e+00 0.000000e+00 0.000000e+00 0.000000e+00 0.000000e+00
2.950000e-01 0.000000e+00 -8.120962e+02 -4.436667e+01 0.000000e+00 0.000000e+00 0.000000e+00 3.960016e+01 2.950073e+01 1.559389e+03 -1.536260e+01 0.000000e+00 0.000000e+00 0.000000e+00 0.000000e+00 0.000000e+00 0.000000e+00 0.000000e+00 0.000000e+00 0.000000e+00
2.960000e-01 0.000000e+00 -8.100784e+02 -5.001122e+01 0.000000e+00 0.000000e+00 0.000000e+00 3.956898e+01 2.949759e+01 1.555851e+03 -1.558866e+01 0.000000e+00 0.000000e+00 0.000000e+00 0.000000e+00 0.000000e+00 0.000000e+00 0.000000e+00 0.000000e+00 0.000000e+00
2.970000e-01 0.000000e+00 -8.081207e+02 -5.567391e+01 0.000000e+00 0.000000e+00 0.000000e+00 3.953015e+01 2.948681e+01 1.552343e+03 -1.579465e+01 0.000000e+00 0.000000e+00 0.000000e+00 0.000000e+00 0.000000e+00 0.000000e+00 0.000000e+00 0.000000e+00 0.000000e+00
2.980000e-01 0.000000e+00 -8.062225e+02 -6.135504e+01 0.000000e+00 0.000000e+00 0.000000e+00 3.948353e+01 2.946825e+01 1.548865e+03 -1.598019e+01 0.000000e+00 0.000000e+00 0.000000e+00 0.000000e+00 0.000000e+00 0.000000e+00 0.000000e+00 0.000000e+00 0.000000e+00
2.990000e-01 0.000000e+00 -8.043828e+02 -6.705493e+01 0.000000e+00 0.000000e+00 0.000000e+00 3.942898e+01 2.944180e+01 1.545417e+03 -1.614493e+01 0.000000e+00 0.000000e+00 0.000000e+00 0.000000e+00 0.000000e+00 0.000000e+00 0.000000e+00 0.000000e+00 0.000000e+00
3.000000e-01 0.000000e+00 -8.026005e+02 -7.277381e+01 0.000000e+00 0.000000e+00 0.000000e+00 3.936640e+01 2.940732e+01 1.542000e+03 -1.628853e+01 0.000000e+00 0.000000e+00 0.000000e+00 0.000000e+00 0.000000e+00 0.000000e+00 0.000000e+00 0.000000e+00 0.000000e+00
3.010000e-01 0.000000e+00 -8.008745e+02 -7.851193e+01 0.000000e+00 0.000000e+00 0.000000e+00 3.929567e+01 2.936471e+01 1.538612e+03 -1.641064e+01 0.000000e+00 0.000000e+00 0.000000e+00 0.000000e+00 0.000000e+00 0.000000e+00 0.000000e+00 0.000000e+00 0.000000e+00
3.020000e-01 0.000000e+00 -7.992039e+02 -8.426957e+01 0.000000e+00 0.000000e+00 0.000000e+00 3.921666e+01 2.931383e+01 1.535254e+03 -1.651094e+01 0.000000e+00 0.000000e+00 0.000000e+00 0.000000e+00 0.000000e+00 0.000000e+00 0.000000e+00 0.000000e+00 0.000000e+00
3.030000e-01 0.000000e+00 -7.975877e+02 -9.004699e+01 0.000000e+00 0.000000e+00 0.000000e+00 3.912928e+01 2.925459e+01 1.531925e+03 -1.658908e+01 0.000000e+00 0.000000e+00 0.000000e+00 0.000000e+00 0.000000e+00 0.000000e+00 0.000000e+00 0.000000e+00 0.000000e+00
3.040000e-01 0.000000e+00 -7.960247e+02 -9.584445e+01 0.000000e+00 0.000000e+00 0.000000e+00 3.903339e+01 2.918686e+01 1.528625e+03 -1.664476e+01 0.000000e+00 0.000000e+00 0.000000e+00 0.000000e+00 0.000000e+00 0.000000e+00 0.000000e+00 0.000000e+00 0.000000e+00
3.050000e-01 0.000000e+00 -7.945140e+02 -1.016622e+02 0.000000e+00 0.000000e+00 0.000000e+00 3.892891e+01 2.911054e+01 1.525355e+03 -1.667766e+01 0.000000e+00 0.000000e+00 0.000000e+00 0.000000e+00 0.000000e+00 0.000000e+00 0.000000e+00 0.000000e+00 0.000000e+00
3.060000e-01 0.000000e+00 -7.930547e+02 -1.075006e+02 0.000000e+00 0.000000e+00 0.000000e+00 3.881571e+01 2.902551e+01 1.522113e+03 -1.668746e+01 0.000000e+00 0.000000e+00 0.000000e+00 0.000000e+00 0.000000e+00 0.000000e+00 0.000000e+00 0.000000e+00 0.000000e+00
3.070000e-01 0.000000e+00 -7.916457e+02 -1.133599e+02 0.000000e+00 0.000000e+00 0.000000e+00 3.869369e+01 2.893168e+01 1.518900e+03 -1.667388e+01 0.000000e+00 0.000000e+00 0.000000e+00 0.000000e+00 0.000000e+00 0.000000e+00 0.000000e+00 0.000000e+00 0.000000e+00
3.080000e-01 0.000000e+00 -7.902860e+02 -1.192403e+02 0.000000e+00 0.000000e+00 0.000000e+00 3.856275e+01 2.882893e+01 1.515716e+03 -1.663661e+01 0.000000e+00 0.000000e+00 0.000000e+00 0.000000e+00 0.000000e+00 0.000000e+00 0.000000e+00 0.000000e+00 0.000000e+00
3.090000e-01 0.000000e+00 -7.889747e+02 -1.251422e+02 0.000000e+00 0.000000e+00 0.000000e+00 3.842279e+01 2.871716e+01 1.512559e+03 -1.657536e+01 0.000000e+00 0.000000e+00 0.000000e+00 0.000000e+00 0.000000e+00 0.000000e+00 0.000000e+00 0.000000e+00 0.000000e+00
3.100000e-01 0.000000e+00 -7.877107e+02 -1.310658e+02 0.000000e+00 0.000000e+00 0.000000e+00 3.827371e+01 2.859628e+01 1.509431e+03 -1.648986e+01 0.000000e+00 0.000000e+00 0.000000e+00 0.000000e+00 0.000000e+00 0.000000e+00 0.000000e+00 0.000000e+00 0.000000e+00
3.110000e-01 0.000000e+00 -7.864932e+02 -1.370114e+02 0.000000e+00 0.000000e+00 0.000000e+00 3.811542e+01 2.846619e+01 1.506331e+03 -1.637983e+01 0.000000e+00 0.000000e+00 0.000000e+00 0.000000e+00 0.000000e+00 0.000000e+00 0.000000e+00 0.000000e+00 0.000000e+00
3.120000e-01 0.000000e+00 -7.853211e+02 -1.429794e+02 0.000000e+00 0.000000e+00 0.000000e+00 3.794781e+01 2.832680e+01 1.503259e+03 -1.624501e+01 0.000000e+00 0.000000e+00 0.000000e+00 0.000000e+00 0.000000e+00 0.000000e+00 0.000000e+00 0.000000e+00 0.000000e+00
3.130000e-01 0.000000e+00 -7.841936e+02 -1.489700e+02 0.000000e+00 0.000000e+00 0.000000e+00 3.777081e+01 2.817800e+01 1.500214e+03 -1.608514e+01 0.000000e+00 0.000000e+00 0.000000e+00 0.000000e+00 0.000000e+00 0.000000e+00 0.000000e+00 0.000000e+00 0.000000e+00
3.140000e-01 0.000000e+00 -7.831097e+02 -1.549835e+02 0.000000e+00 0.000000e+00 0.000000e+00 3.758431e+01 2.801972e+01 1.497196e+03 -1.589996e+01 0.000000e+00 0.000000e+00 0.000000e+00 0.000000e+00 0.000000e+00 0.000000e+00 0.000000e+00 0.000000e+00 0.000000e+00
3.150000e-01 0.000000e+00 -7.820685e+02 -1.610203e+02 0.000000e+00 0.000000e+00 0.000000e+00 3.738823e+01 2.785186e+01 1.494205e+03 -1.568923e+01 0.000000e+00 0.000000e+00 0.000000e+00 0.000000e+00 0.000000e+00 0.000000e+00 0.000000e+00 0.000000e+00 0.000000e+00
3.160000e-01 0.000000e+00 -7.810690e+02 -1.670806e+02 0.000000e+00 0.000000e+00 0.000000e+00 3.718249e+01 2.767435e+01 1.491242e+03 -1.545272e+01 0.000000e+00 0.000000e+00 0.000000e+00 0.000000e+00 0.000000e+00 0.000000e+00 0.000000e+00 0.000000e+00 0.000000e+00
3.170000e-01 0.000000e+00 -7.801105e+02 -1.731648e+02 0.000000e+00 0.000000e+00 0.000000e+00 3.696701e+01 2.748709e+01 1.488305e+03 -1.519020e+01 0.000000e+00 0.000000e+00 0.000000e+00 0.000000e+00 0.000000e+00 0.000000e+00 0.000000e+00 0.000000e+00 0.000000e+00
3.180000e-01 0.000000e+00 -7.791919e+02 -1.792731e+02 0.000000e+00 0.000000e+00 0.000000e+00 3.674170e+01 2.729001e+01 1.485395e+03 -1.490144e+01 0.000000e+00 0.000000e+00 0.000000e+00 0.000000e+00 0.000000e+00 0.000000e+00 0.000000e+00 0.000000e+00 0.000000e+00
3.190000e-01 0.000000e+00 -7.783125e+02 -1.854060e+02 0.000000e+00 0.000000e+00 0.000000e+00 3.650649e+01 2.708304e+01 1.482511e+03 -1.458623e+01 0.000000e+00 0.000000e+00 0.000000e+00 0.000000e+00 0.000000e+00 0.000000e+00 0.000000e+00 0.000000e+00 0.000000e+00
3.200000e-01 0.000000e+00 -7.774714e+02 -1.915636e+02 0.000000e+00 0.000000e+00 0.000000e+00 3.626130e+01 2.686609e+01 1.479654e+03 -1.424438e+01 0.000000e+00 0.000000e+00 0.000000e+00 0.000000e+00 0.000000e+00 0.000000e+00 0.000000e+00 0.000000e+00 0.000000e+00
3.210000e-01 0.000000e+00 -7.766676e+02 -1.977464e+02 0.000000e+00 0.000000e+00 0.000000e+00 3.600607e+01 2.663910e+01 1.476822e+03 -1.387567e+01 0.000000e+00 0.000000e+00 0.000000e+00 0.000000e+00 0.000000e+00 0.000000e+00 0.000000e+00 0.000000e+00 0.000000e+00
3.220000e-01 0.000000e+00 -7.759005e+02 -2.039546e+02 0.000000e+00 0.000000e+00 0.000000e+00 3.574072e+01 2.640200e+01 1.474017e+03 -1.347992e+01 0.000000e+00 0.000000e+00 0.000000e+00 0.000000e+00 0.000000e+00 0.000000e+00 0.000000e+00 0.000000e+00 0.000000e+00
3.230000e-01 0.000000e+00 -7.751691e+02 -2.101886e+02 0.000000e+00 0.000000e+00 0.000000e+00 3.546519e+01 2.615472e+01 1.471237e+03 -1.305695e+01 0.000000e+00 0.000000e+00 0.000000e+00 0.000000e+00 0.000000e+00 0.000000e+00 0.000000e+00 0.000000e+00 0.000000e+00
3.240000e-01 0.000000e+00 -7.744727e+02 -2.164488e+02 0.000000e+00 0.000000e+00 0.000000e+00 3.517941e+01 2.589720e+01 1.468483e+03 -1.260659e+01 0.000000e+00 0.000000e+00 0.000000e+00 0.000000e+00 0.000000e+00 0.000000e+00 0.000000e+00 0.000000e+00 0.000000e+00
3.250000e-01 0.000000e+00 -7.738103e+02 -2.227352e+02 0.000000e+00 0.000000e+00 0.000000e+00 3.488333e+01 2.562939e+01 1.465754e+03 -1.212869e+01 0.000000e+00 0.000000e+00 0.000000e+00 0.000000e+00 0.000000e+00 0.000000e+00 0.000000e+00 0.000000e+00 0.000000e+00
3.260000e-01 0.000000e+00 -7.731807e+02 -2.290482e+02 0.000000e+00 0.000000e+00 0.000000e+00 3.457693e+01 2.535126e+01 1.463050e+03 -1.162314e+01 0.000000e+00 0.000000e+00 0.000000e+00 0.000000e+00 0.000000e+00 0.000000e+00 0.000000e+00 0.000000e+00 0.000000e+00
3.270000e-01 0.000000e+00 -7.725831e+02 -2.353879e+02 0.000000e+00 0.000000e+00 0.000000e+00 3.426014e+01 2.506274e+01 1.460371e+03 -1.108981e+01 0.000000e+00 0.000000e+00 0.000000e+00 0.000000e+00 0.000000e+00 0.000000e+00 0.000000e+00 0.000000e+00 0.000000e+00
3.280000e-01 0.000000e+00 -7.720167e+02 -2.417547e+02 0.000000e+00 0.000000e+00 0.000000e+00 3.393293e+01 2.476381e+01 1.457717e+03 -1.052856e+01 0.000000e+00 0.000000e+00 0.000000e+00 0.000000e+00 0.000000e+00 0.000000e+00 0.000000e+00 0.000000e+00 0.000000e+00
3.290000e-01 0.000000e+00 -7.714805e+02 -2.481489e+02 0.000000e+00 0.000000e+00 0.000000e+00 3.359524e+01 2.445441e+01 1.455088e+03 -9.939290e+00 0.000000e+00 0.000000e+00 0.000000e+00 0.000000e+00 0.000000e+00 0.000000e+00 0.000000e+00 0.000000e+00 0.000000e+00
3.300000e-01 0.000000e+00 -7.709738e+02 -2.545707e+02 0.000000e+00 0.000000e+00 0.000000e+00 3.324706e+01 2.413451e+01 1.452483e+03 -9.321882e+00 0.000000e+00 0.000000e+00 0.000000e+00 0.000000e+00 0.000000e+00 0.000000e+00 0.000000e+00 0.000000e+00 0.000000e+00
3.310000e-01 0.000000e+00 -7.704957e+02 -2.610204e+02 0.000000e+00 0.000000e+00 0.000000e+00 3.288833e+01 2.380408e+01 1.449902e+03 -8.676242e+00 0.000000e+00 0.000000e+00 0.000000e+00 0.000000e+00 0.000000e+00 0.000000e+00 0.000000e+00 0.000000e+00 0.000000e+00
3.320000e-01 0.000000e+00 -7.700455e+02 -2.674982e+02 0.000000e+00 0.000000e+00 0.000000e+00 3.251903e+01 2.346307e+01 1.447345e+03 -8.002284e+00 0.000000e+00 0.000000e+00 0.000000e+00 0.000000e+00 0.000000e+00 0.000000e+00 0.000000e+00 0.000000e+00 0.000000e+00
3.330000e-01 0.000000e+00 -7.696224e+02 -2.740044e+02 0.000000e+00 0.000000e+00 0.000000e+00 3.213913e+01 2.311148e+01 1.444812e+03 -7.299928e+00 0.000000e+00 0.000000e+00 0.000000e+00 0.000000e+00 0.000000e+00 0.000000e+00 0.000000e+00 0.000000e+00 0.000000e+00
3.340000e-01 0.000000e+00 -7.692255e+02 -2.805393e+02 0.000000e+00 0.000000e+00 0.000000e+00 3.174859e+01 2.274926e+01 1.442303e+03 -6.569107e+00 0.000000e+00 0.000000e+00 0.000000e+00 0.000000e+00 0.000000e+00 0.000000e+00 0.000000e+00 0.000000e+00 0.000000e+00
3.350000e-01 0.000000e+00 -7.688543e+02 -2.871031e+02 0.000000e+00 0.000000e+00 0.000000e+00 3.134741e+01 2.237640e+01 1.439818e+03 -5.809762e+00 0.000000e+00 0.000000e+00 0.000000e+00 0.000000e+00 0.000000e+00 0.000000e+00 0.000000e+00 0.000000e+00 0.000000e+00
3.360000e-01 0.000000e+00 -7.685078e+02 -2.936961e+02 0.000000e+00 0.000000e+00 0.000000e+00 3.093557e+01 2.199288e+01 1.437356e+03 -5.021845e+00 0.000000e+00 0.000000e+00 0.000000e+00 0.000000e+00 0.000000e+00 0.000000e+00 0.000000e+00 0.000000e+00 0.000000e+00
3.370000e-01 0.000000e+00 -7.681856e+02 -3.003186e+02 0.000000e+00 0.000000e+00 0.000000e+00 3.051304e+01 2.159868e+01 1.434917e+03 -4.205316e+00 0.000000e+00 0.000000e+00 0.000000e+00 0.000000e+00 0.000000e+00 0.000000e+00 0.000000e+00 0.000000e+00 0.000000e+00
3.380000e-01 0.000000e+00 -7.678867e+02 -3.069707e+02 0.000000e+00 0.000000e+00 0.000000e+00 3.007981e+01 2.119380e+01 1.432501e+03 -3.360145e+00 0.000000e+00 0.000000e+00 0.000000e+00 0.000000e+00 0.000000e+00 0.000000e+00 0.000000e+00 0.000000e+00 0.000000e+00
3.390000e-01 0.000000e+00 -7.676106e+02 -3.136527e+02 0.000000e+00 0.000000e+00 0.000000e+00 2.963588e+01 2.077823e+01 1.430108e+03 -2.486314e+00 0.000000e+00 0.000000e+00 0.000000e+00 0.000000e+00 0.000000e+00 0.000000e+00 0.000000e+00 0.000000e+00 0.000000e+00
3.400000e-01 0.000000e+00 -7.673566e+02 -3.203650e+02 0.000000e+00 0.000000e+00 0.000000e+00 2.918124e+01 2.035196e+01 1.427738e+03 -1.583812e+00 0.000000e+00 0.000000e+00 0.000000e+00 0.000000e+00 0.000000e+00 0.000000e+00 0.000000e+00 0.000000e+00 0.000000e+00
3.410000e-01 0.000000e+00 -7.671241e+02 -3.271076e+02 0.000000e+00 0.000000e+00 0.000000e+00 2.871589e+01 1.991498e+01 1.425391e+03 -6.526373e-01 0.000000e+00 0.000000e+00 0.000000e+00 0.000000e+00 0.000000e+00 0.000000e+00 0.000000e+00 0.000000e+00 0.000000e+00
3.420000e-01 0.000000e+00 -7.669124e+02 -3.338808e+02 0.000000e+00 0.000000e+00 0.000000e+00 2.823984e+01 1.946731e+01 1.423066e+03 3.071993e-01 0.000000e+00 0.000000e+00 0.000000e+00 0.000000e+00 0.000000e+00 0.000000e+00 0.000000e+00 0.000000e+00 0.000000e+00
3.430000e-01 0.000000e+00 -7.667209e+02 -3.406849e+02 0.000000e+00 0.000000e+00 0.000000e+00 2.775307e+01 1.900895e+01 1.420763e+03 1.295680e+00 0.000000e+00 0.000000e+00 0.000000e+00 0.000000e+00 0.000000e+00 0.000000e+00 0.000000e+00 0.000000e+00 0.000000e+00
3.440000e-01 0.000000e+00 -7.665492e+02 -3.475201e+02 0.000000e+00 0.000000e+00 0.000000e+00 2.725562e+01 1.853991e+01 1.418482e+03 2.312775e+00 0.000000e+00 0.000000e+00 0.000000e+00 0.000000e+00 0.000000e+00 0.000000e+00 0.000000e+00 0.000000e+00 0.000000e+00
3.450000e-01 0.000000e+00 -7.663965e+02 -3.543866e+02 0.000000e+00 0.000000e+00 0.000000e+00 2.674748e+01 1.806020e+01 1.416223e+03 3.358448e+00 0.000000e+00 0.000000e+00 0.000000e+00 0.000000e+00 0.000000e+00 0.000000e+00 0.000000e+00 0.000000e+00 0.000000e+00
3.460000e-01 0.000000e+00 -7.662624e+02 -3.612846e+02 0.000000e+00 0.000000e+00 0.000000e+00 2.622867e+01 1.756983e+01 1.413985e+03 4.432650e+00 0.000000e+00 0.000000e+00 0.000000e+00 0.000000e+00 0.000000e+00 0.000000e+00 0.000000e+00 0.000000e+00 0.000000e+00
3.470000e-01 0.000000e+00 -7.661464e+02 -3.682143e+02 0.000000e+00 0.000000e+00 0.000000e+00 2.569920e+01 1.706883e+01 1.411770e+03 5.535325e+00 0.000000e+00 0.000000e+00 0.000000e+00 0.000000e+00 0.000000e+00 0.000000e+00 0.000000e+00 0.000000e+00 0.000000e+00
3.480000e-01 0.000000e+00 -7.660479e+02 -3.751760e+02 0.000000e+00 0.000000e+00 0.000000e+00 2.515911e+01 1.655722e+01 1.409575e+03 6.666407e+00 0.000000e+00 0.000000e+00 0.000000e+00 0.000000e+00 0.000000e+00 0.000000e+00 0.000000e+00 0.000000e+00 0.000000e+00
3.490000e-01 0.000000e+00 -7.659665e+02 -3.821698e+02 0.000000e+00 0.000000e+00 0.000000e+00 2.460842e+01 1.603502e+01 1.407402e+03 7.825818e+00 0.000000e+00 0.000000e+00 0.000000e+00 0.000000e+00 0.000000e+00 0.000000e+00 0.000000e+00 0.000000e+00 0.000000e+00
3.500000e-01 0.000000e+00 -7.659017e+02 -3.891959e+02 0.000000e+00 0.000000e+00 0.000000e+00 2.404715e+01 1.550227e+01 1.405250e+03 9.013475e+00 0.000000e+00 0.000000e+00 0.000000e+00 0.000000e+00 0.000000e+00 0.000000e+00 0.000000e+00 0.000000e+00 0.000000e+00
3.510000e-01 0.000000e+00 -7.658531e+02 -3.962545e+02 0.000000e+00 0.000000e+00 0.000000e+00 2.347533e+01 1.495898e+01 1.403119e+03 1.022928e+01 0.000000e+00 0.000000e+00 0.000000e+00 0.000000e+00 0.000000e+00 0.000000e+00 0.000000e+00 0.000000e+00 0.000000e+00
3.520000e-01 0.000000e+00 -7.658202e+02 -4.033458e+02 0.000000e+00 0.000000e+00 0.000000e+00 2.289300e+01 1.440522e+01 1.401009e+03 1.147314e+01 0.000000e+00 0.000000e+00 0.000000e+00 0.000000e+00 0.000000e+00 0.000000e+00 0.000000e+00 0.000000e+00 0.000000e+00
3.530000e-01 0.000000e+00 -7.658025e+02 -4.104699e+02 0.000000e+00 0.000000e+00 0.000000e+00 2.230022e+01 1.384101e+01 1.398920e+03 1.274489e+01 0.000000e+00 0.000000e+00 0.000000e+00 0.000000e+00 0.000000e+00 0.000000e+00 0.000000e+00 0.000000e+00 0.000000e+00
3.540000e-01 0.000000e+00 -7.657996e+02 -4.176268e+02 0.000000e+00 0.000000e+00 0.000000e+00 2.169704e+01 1.326643e+01 1.396851e+03 1.404440e+01 0.000000e+00 0.000000e+00 0.000000e+00 0.000000e+00 0.000000e+00 0.000000e+00 0.000000e+00 0.000000e+00 0.000000e+00
3.550000e-01 0.000000e+00 -7.658110e+02 -4.248167e+02 0.000000e+00 0.000000e+00 0.000000e+00 2.108349e+01 1.268150e+01 1.394802e+03 1.537155e+01 0.000000e+00 0.000000e+00 0.000000e+00 0.000000e+00 0.000000e+00 0.000000e+00 0.000000e+00 0.000000e+00 0.000000e+00
3.560000e-01 0.000000e+00 -7.658365e+02 -4.320399e+02 0.000000e+00 0.000000e+00 0.000000e+00 2.045962e+01 1.208629e+01 1.392773e+03 1.672618e+01 0.000000e+00 0.000000e+00 0.000000e+00 0.000000e+00 0.000000e+00 0.000000e+00 0.000000e+00 0.000000e+00 0.000000e+00
3.570000e-01 0.000000e+00 -7.658759e+02 -4.392964e+02 0.000000e+00 0.000000e+00 0.000000e+00 1.982549e+01 1.148083e+01 1.390764e+03 1.810817e+01 0.000000e+00 0.000000e+00 0.000000e+00 0.000000e+00 0.000000e+00 0.000000e+00 0.000000e+00 0.000000e+00 0.000000e+00
3.580000e-01 0.000000e+00 -7.659289e+02 -4.465865e+02 0.000000e+00 0.000000e+00 0.000000e+00 1.918114e+01 1.086518e+01 1.388776e+03 1.951735e+01 0.000000e+00 0.000000e+00 0.000000e+00 0.000000e+00 0.000000e+00 0.000000e+00 0.000000e+00 0.000000e+00 0.000000e+00
3.590000e-01 0.000000e+00 -7.659952e+02 -4.539103e+02 0.000000e+00 0.000000e+00 0.000000e+00 1.852664e+01 1.023941e+01 1.386807e+03 2.095355e+01 0.000000e+00 0.000000e+00 0.000000e+00 0.000000e+00 0.000000e+00 0.000000e+00 0.000000e+00 0.000000e+00 0.000000e+00
3.600000e-01 0.000000e+00 -7.660746e+02 -4.612679e+02 0.000000e+00 0.000000e+00 0.000000e+00 1.786203e+01 9.603566e+00 1.384857e+03 2.241659e+01 0.000000e+00 0.000000e+00 0.000000e+00 0.000000e+00 0.000000e+00 0.000000e+00 0.000000e+00 0.000000e+00 0.000000e+00
3.610000e-01 0.000000e+00 -7.661669e+02 -4.686594e+02 0.000000e+00 0.000000e+00 0.000000e+00 1.718740e+01 8.957722e+00 1.382927e+03 2.390628e+01 0.000000e+00 0.000000e+00 0.000000e+00 0.000000e+00 0.000000e+00 0.000000e+00 0.000000e+00 0.000000e+00 0.000000e+00
3.620000e-01 0.000000e+00 -7.662719e+02 -4.760850e+02 0.000000e+00 0.000000e+00 0.000000e+00 1.650280e+01 8.301946e+00 1.381016e+03 2.542243e+01 0.000000e+00 0.000000e+00 0.000000e+00 0.000000e+00 0.000000e+00 0.000000e+00 0.000000e+00 0.000000e+00 0.000000e+00
3.630000e-01 0.000000e+00 -7.663894e+02 -4.835448e+02 0.000000e+00 0.000000e+00 0.000000e+00 1.580831e+01 7.636312e+00 1.379125e+03 2.696482e+01 0.000000e+00 0.000000e+00 0.000000e+00 0.000000e+00 0.000000e+00 0.000000e+00 0.000000e+00 0.000000e+00 0.000000e+00
3.640000e-01 0.000000e+00 -7.665192e+02 -4.910388e+02 0.000000e+00 0.000000e+00 0.000000e+00 1.510400e+01 6.960896e+00 1.377252e+03 2.853324e+01 0.000000e+00 0.000000e+00 0.000000e+00 0.000000e+00 0.000000e+00 0.000000e+00 0.000000e+00 0.000000e+00 0.000000e+00
3.650000e-01 0.000000e+00 -7.666612e+02 -4.985671e+02 0.000000e+00 0.000000e+00 0.000000e+00 1.438995e+01 6.275781e+00 1.375398e+03 3.012746e+01 0.000000e+00 0.000000e+00 0.000000e+00 0.000000e+00 0.000000e+00 0.000000e+00 0.000000e+00 0.000000e+00 0.000000e+00
3.660000e-01 0.000000e+00 -7.668153e+02 -5.061299e+02 0.000000e+00 0.000000e+00 0.000000e+00 1.366625e+01 5.581049e+00 1.373563e+03 3.174723e+01 0.000000e+00 0.000000e+00 0.000000e+00 0.000000e+00 0.000000e+00 0.000000e+00 0.000000e+00 0.000000e+00 0.000000e+00
3.670000e-01 0.000000e+00 -7.669813e+02 -5.137270e+02 0.000000e+00 0.000000e+00 0.000000e+00 1.293299e+01 4.876789e+00 1.371747e+03 3.339232e+01 0.000000e+00 0.000000e+00 0.000000e+00 0.000000e+00 0.000000e+00 0.000000e+00 0.000000e+00 0.000000e+00 0.000000e+00
3.680000e-01 0.000000e+00 -7.671592e+02 -5.213587e+02 0.000000e+00 0.000000e+00 0.000000e+00 1.219025e+01 4.163093e+00 1.369949e+03 3.506245e+01 0.000000e+00 0.000000e+00 0.000000e+00 0.000000e+00 0.000000e+00 0.000000e+00 0.000000e+00 0.000000e+00 0.000000e+00
3.690000e-01 0.000000e+00 -7.673488e+02 -5.290248e+02 0.000000e+00 0.000000e+00 0.000000e+00 1.143812e+01 3.440057e+00 1.368169e+03 3.675737e+01 0.000000e+00 0.000000e+00 0.000000e+00 0.000000e+00 0.000000e+00 0.000000e+00 0.000000e+00 0.000000e+00 0.000000e+00
3.700000e-01 0.000000e+00 -7.675501e+02 -5.367255e+02 0.000000e+00 0.000000e+00 0.000000e+00 1.067672e+01 2.707778e+00 1.366408e+03 3.847678e+01 0.000000e+00 0.000000e+00 0.000000e+00 0.000000e+00 0.000000e+00 0.000000e+00 0.000000e+00 0.000000e+00 0.000000e+00
3.710000e-01 0.000000e+00 -7.677630e+02 -5.444606e+02 0.000000e+00 0.000000e+00 0.000000e+00 9.906131e+00 1.966359e+00 1.364664e+03 4.022042e+01 0.000000e+00 0.000000e+00 0.000000e+00 0.000000e+00 0.000000e+00 0.000000e+00 0.000000e+00 0.000000e+00 0.000000e+00
3.720000e-01 0.000000e+00 -7.679875e+02 -5.522303e+02 0.000000e+00 0.000000e+00 0.000000e+00 9.126467e+00 1.215907e+00 1.362938e+03 4.198798e+01 0.000000e+00 0.000000e+00 0.000000e+00 0.000000e+00 0.000000e+00 0.000000e+00 0.000000e+00 0.000000e+00 0.000000e+00
3.730000e-01 0.000000e+00 -7.682235e+02 -5.600345e+02 0.000000e+00 0.000000e+00 0.000000e+00 8.337834e+00 4.565296e-01 1.361231e+03 4.377916e+01 0.000000e+00 0.000000e+00 0.000000e+00 0.000000e+00 0.000000e+00 0.000000e+00 0.000000e+00 0.000000e+00 0.000000e+00
3.740000e-01 0.000000e+00 -7.684711e+02 -5.678731e+02 0.000000e+00 0.000000e+00 0.000000e+00 7.540345e+00 -3.116602e-01 1.359540e+03 4.559364e+01 0.000000e+00 0.000000e+00 0.000000e+00 0.000000e+00 0.000000e+00 0.000000e+00 0.000000e+00 0.000000e+00 0.000000e+00
3.750000e-01 0.000000e+00 -7.687303e+02 -5.757461e+02 0.000000e+00 0.000000e+00 0.000000e+00 6.734114e+00 -1.088547e+00 1.357868e+03 4.743109e+01 0.000000e+00 0.000000e+00 0.000000e+00 0.000000e+00 0.000000e+00 0.000000e+00 0.000000e+00 0.000000e+00 0.000000e+00
3.760000e-01 0.000000e+00 -7.690011e+02 -5.836534e+02 0.000000e+00 0.000000e+00 0.000000e+00 5.919260e+00 -1.874011e+00 1.356212e+03 4.929120e+01 0.000000e+00 0.000000e+00 0.000000e+00 0.000000e+00 0.000000e+00 0.000000e+00 0.000000e+00 0.000000e+00 0.000000e+00
3.770000e-01 0.000000e+00 -7.692836e+02 -5.915949e+02 0.000000e+00 0.000000e+00 0.000000e+00 5.095905e+00 -2.667930e+00 1.354574e+03 5.117362e+01 0.000000e+00 0.000000e+00 0.000000e+00 0.000000e+00 0.000000e+00 0.000000e+00 0.000000e+00 0.000000e+00 0.000000e+00
3.780000e-01 0.000000e+00 -7.695777e+02 -5.995706e+02 0.000000e+00 0.000000e+00 0.000000e+00 4.264174e+00 -3.470179e+00 1.352953e+03 5.307800e+01 0.000000e+00 0.000000e+00 0.000000e+00 0.000000e+00 0.000000e+00 0.000000e+00 0.000000e+00 0.000000e+00 0.000000e+00
3.790000e-01 0.000000e+00 -7.698837e+02 -6.075804e+02 0.000000e+00 0.000000e+00 0.000000e+00 3.424192e+00 -4.280630e+00 1.351349e+03 5.500398e+01 0.000000e+00 0.000000e+00 0.000000e+00 0.000000e+00 0.000000e+00 0.000000e+00 0.000000e+00 0.000000e+00 0.000000e+00
3.800000e-01 0.000000e+00 -7.702018e+02 -6.156243e+02 0.000000e+00 0.000000e+00 0.000000e+00 2.576078e+00 -5.099167e+00 1.349762e+03 5.695123e+01 0.000000e+00 0.000000e+00 0.000000e+00 0.000000e+00 0.000000e+00 0.000000e+00 0.000000e+00 0.000000e+00 0.000000e+00
3.810000e-01 0.000000e+00 -7.705322e+02 -6.237022e+02 0.000000e+00 0.000000e+00 0.000000e+00 1.719947e+00 -5.925668e+00 1.348192e+03 5.891941e+01 0.000000e+00 0.000000e+00 0.000000e+00 0.000000e+00 0.000000e+00 0.000000e+00 0.000000e+00 0.000000e+00 0.000000e+00
3.820000e-01 0.000000e+00 -7.708753e+02 -6.318141e+02 0.000000e+00 0.000000e+00 0.000000e+00 8.559241e-01 -6.760009e+00 1.346638e+03 6.090815e+01 0.000000e+00 0.000000e+00 0.000000e+00 0.000000e+00 0.000000e+00 0.000000e+00 0.000000e+00 0.000000e+00 0.000000e+00
3.830000e-01 0.000000e+00 -7.712312e+02 -6.399601e+02 0.000000e+00 0.000000e+00 0.000000e+00 -1.586697e-02 -7.602064e+00 1.345101e+03 6.291710e+01 0.000000e+00 0.000000e+00 0.000000e+00 0.000000e+00 0.000000e+00 0.000000e+00 0.000000e+00 0.000000e+00 0.000000e+00
3.840000e-01 0.000000e+00 -7.716003e+02 -6.481399e+02 0.000000e+00 0.000000e+00 0.000000e+00 -8.952971e-01 -8.451702e+00 1.343580e+03 6.494590e+01 0.000000e+00 0.000000e+00 0.000000e+00 0.000000e+00 0.000000e+00 0.000000e+00 0.000000e+00 0.000000e+00 0.000000e+00
3.850000e-01 0.000000e+00 -7.719828e+02 -6.563537e+02 0.000000e+00 0.000000e+00 0.000000e+00 -1.782234e+00 -9.308790e+00 1.342075e+03 6.699415e+01 0.000000e+00 0.000000e+00 0.000000e+00 0.000000e+00 0.000000e+00 0.000000e+00 0.000000e+00 0.000000e+00 0.000000e+00
3.860000e-01 0.000000e+00 -7.723791e+02 -6.646012e+02 0.000000e+00 0.000000e+00 0.000000e+00 -2.676543e+00 -1.017319e+01 1.340587e+03 6.906147e+01 0.000000e+00 0.000000e+00 0.000000e+00 0.000000e+00 0.000000e+00 0.000000e+00 0.000000e+00 0.000000e+00 0.000000e+00
3.870000e-01 0.000000e+00 -7.727895e+02 -6.728823e+02 0.000000e+00 0.000000e+00 0.000000e+00 -3.578084e+00 -1.104476e+01 1.339114e+03 7.114747e+01 0.000000e+00 0.000000e+00 0.000000e+00 0.000000e+00 0.000000e+00 0.000000e+00 0.000000e+00 0.000000e+00 0.000000e+00
3.880000e-01 0.000000e+00 -7.732144e+02 -6.811970e+02 0.000000e+00 0.000000e+00 0.000000e+00 -4.486717e+00 -1.192337e+01 1.337658e+03 7.325175e+01 0.000000e+00 0.000000e+00 0.000000e+00 0.000000e+00 0.000000e+00 0.000000e+00 0.000000e+00 0.000000e+00 0.000000e+00
3.890000e-01 0.000000e+00 -7.736539e+02 -6.895451e+02 0.000000e+00 0.000000e+00 0.000000e+00 -5.402296e+00 -1.280886e+01 1.336217e+03 7.537389e+01 0.000000e+00 0.000000e+00 0.000000e+00 0.000000e+00 0.000000e+00 0.000000e+00 0.000000e+00 0.000000e+00 0.000000e+00
3.900000e-01 0.000000e+00 -7.741086e+02 -6.979264e+02 0.000000e+00 0.000000e+00 0.000000e+00 -6.324673e+00 -1.370108e+01 1.334793e+03 7.751347e+01 0.000000e+00 0.000000e+00 0.000000e+00 0.000000e+00 0.000000e+00 0.000000e+00 0.000000e+00 0.000000e+00 0.000000e+00
3.910000e-01 0.000000e+00 -7.745787e+02 -7.063408e+02 0.000000e+00 0.000000e+00 0.000000e+00 -7.253696e+00 -1.459988e+01 1.333383e+03 7.967008e+01 0.000000e+00 0.000000e+00 0.000000e+00 0.000000e+00 0.000000e+00 0.000000e+00 0.000000e+00 0.000000e+00 0.000000e+00
3.920000e-01 0.000000e+00 -7.750647e+02 -7.147881e+02 0.000000e+00 0.000000e+00 0.000000e+00 -8.189213e+00 -1.550512e+01 1.331989e+03 8.184327e+01 0.000000e+00 0.000000e+00 0.000000e+00 0.000000e+00 0.000000e+00 0.000000e+00 0.000000e+00 0.000000e+00 0.000000e+00
3.930000e-01 0.000000e+00 -7.755668e+02 -7.232681e+02 0.000000e+00 0.000000e+00 0.000000e+00 -9.131066e+00 -1.641662e+01 1.330611e+03 8.403262e+01 0.000000e+00 0.000000e+00 0.000000e+00 0.000000e+00 0.000000e+00 0.000000e+00 0.000000e+00 0.000000e+00 0.000000e+00
3.940000e-01 0.000000e+00 -7.760855e+02 -7.317805e+02 0.000000e+00 0.000000e+00 0.000000e+00 -1.007910e+01 -1.733423e+01 1.329248e+03 8.623766e+01 0.000000e+00 0.000000e+00 0.000000e+00 0.000000e+00 0.000000e+00 0.000000e+00 0.000000e+00 0.000000e+00 0.000000e+00
3.950000e-01 0.000000e+00 -7.766212e+02 -7.403251e+02 0.000000e+00 0.000000e+00 0.000000e+00 -1.103314e+01 -1.825780e+01 1.327900e+03 8.845795e+01 0.000000e+00 0.000000e+00 0.000000e+00 0.000000e+00 0.000000e+00 0.000000e+00 0.000000e+00 0.000000e+00 0.000000e+00
3.960000e-01 0.000000e+00 -7.771742e+02 -7.489016e+02 0.000000e+00 0.000000e+00 0.000000e+00 -1.199303e+01 -1.918714e+01 1.326567e+03 9.069303e+01 0.000000e+00 0.000000e+00 0.000000e+00 0.000000e+00 0.000000e+00 0.000000e+00 0.000000e+00 0.000000e+00 0.000000e+00
3.970000e-01 0.000000e+00 -7.777451e+02 -7.575099e+02 0.000000e+00 0.000000e+00 0.000000e+00 -1.295860e+01 -2.012209e+01 1.325249e+03 9.294243e+01 0.000000e+00 0.000000e+00 0.000000e+00 0.000000e+00 0.000000e+00 0.000000e+00 0.000000e+00 0.000000e+00 0.000000e+00
3.980000e-01 0.000000e+00 -7.783341e+02 -7.661495e+02 0.000000e+00 0.000000e+00 0.000000e+00 -1.392968e+01 -2.106249e+01 1.323946e+03 9.520568e+01 0.000000e+00 0.000000e+00 0.000000e+00 0.000000e+00 0.000000e+00 0.000000e+00 0.000000e+00 0.000000e+00 0.000000e+00
3.990000e-01 0.000000e+00 -7.789417e+02 -7.748203e+02 0.000000e+00 0.000000e+00 0.000000e+00 -1.490610e+01 -2.200816e+01 1.322658e+03 9.748229e+01 0.000000e+00 0.000000e+00 0.000000e+00 0.000000e+00 0.000000e+00 0.000000e+00 0.000000e+00 0.000000e+00 0.000000e+00
4.000000e-01 0.000000e+00 -7.795684e+02 -7.835218e+02 0.000000e+00 0.000000e+00 0.000000e+00 -1.588767e+01 -2.295892e+01 1.321384e+03 9.977180e+01 0.000000e+00 0.000000e+00 0.000000e+00 0.000000e+00 0.000000e+00 0.000000e+00 0.000000e+00 0.000000e+00 0.000000e+00
4.010000e-01 0.000000e+00 -7.802146e+02 -7.922537e+02 0.000000e+00 0.000000e+00 0.000000e+00 -1.687423e+01 -2.391459e+01 1.320125e+03 1.020737e+02 0.000000e+00 0.000000e+00 0.000000e+00 0.000000e+00 0.000000e+00 0.000000e+00 0.000000e+00 0.000000e+00 0.000000e+00
4.020000e-01 0.000000e+00 -7.808808e+02 -8.010157e+02 0.000000e+00 0.000000e+00 0.000000e+00 -1.786560e+01 -2.487501e+01 1.318880e+03 1.043875e+02 0.000000e+00 0.000000e+00 0.000000e+00 0.000000e+00 0.000000e+00 0.000000e+00 0.000000e+00 0.000000e+00 0.000000e+00
4.030000e-01 0.000000e+00 -7.815674e+02 -8.098074e+02 0.000000e+00 0.000000e+00 0.000000e+00 -1.886158e+01 -2.583997e+01 1.317650e+03 1.067127e+02 0.000000e+00 0.000000e+00 0.000000e+00 0.000000e+00 0.000000e+00 0.000000e+00 0.000000e+00 0.000000e+00 0.000000e+00
4.040000e-01 0.000000e+00 -7.822750e+02 -8.186285e+02 0.000000e+00 0.000000e+00 0.000000e+00 -1.986200e+01 -2.680931e+01 1.316434e+03 1.090488e+02 0.000000e+00 0.000000e+00 0.000000e+00 0.000000e+00 0.000000e+00 0.000000e+00 0.000000e+00 0.000000e+00 0.000000e+00
4.050000e-01 0.000000e+00 -7.830042e+02 -8.274788e+02 0.000000e+00 0.000000e+00 0.000000e+00 -2.086671e+01 -2.778287e+01 1.315233e+03 1.113954e+02 0.000000e+00 0.000000e+00 0.000000e+00 0.000000e+00 0.000000e+00 0.000000e+00 0.000000e+00 0.000000e+00 0.000000e+00
4.060000e-01 0.000000e+00 -7.837557e+02 -8.363581e+02 0.000000e+00 0.000000e+00 0.000000e+00 -2.187554e+01 -2.876048e+01 1.314045e+03 1.137519e+02 0.000000e+00 0.000000e+00 0.000000e+00 0.000000e+00 0.000000e+00 0.000000e+00 0.000000e+00 0.000000e+00 0.000000e+00
4.070000e-01 0.000000e+00 -7.845302e+02 -8.452660e+02 0.000000e+00 0.000000e+00 0.000000e+00 -2.288831e+01 -2.974196e+01 1.312871e+03 1.161179e+02 0.000000e+00 0.000000e+00 0.000000e+00 0.000000e+00 0.000000e+00 0.000000e+00 0.000000e+00 0.000000e+00 0.000000e+00
4.080000e-01 0.000000e+00 -7.853283e+02 -8.542023e+02 0.000000e+00 0.000000e+00 0.000000e+00 -2.390486e+01 -3.072714e+01 1.311712e+03 1.184930e+02 0.000000e+00 0.000000e+00 0.000000e+00 0.000000e+00 0.000000e+00 0.000000e+00 0.000000e+00 0.000000e+00 0.000000e+00
4.090000e-01 0.000000e+00 -7.861506e+02 -8.631667e+02 0.000000e+00 0.000000e+00 0.000000e+00 -2.492501e+01 -3.171585e+01 1.310566e+03 1.208765e+02 0.000000e+00 0.000000e+00 0.000000e+00 0.000000e+00 0.000000e+00 0.000000e+00 0.000000e+00 0.000000e+00 0.000000e+00
4.100000e-01 0.000000e+00 -7.869977e+02 -8.721589e+02 0.000000e+00 0.000000e+00 0.000000e+00 -2.594858e+01 -3.270791e+01 1.309434e+03 1.232681e+02 0.000000e+00 0.000000e+00 0.000000e+00 0.000000e+00 0.000000e+00 0.000000e+00 0.000000e+00 0.000000e+00 0.000000e+00
4.110000e-01 0.000000e+00 -7.878704e+02 -8.811784e+02 0.000000e+00 0.000000e+00 0.000000e+00 -2.697540e+01 -3.370315e+01 1.308315e+03 1.256671e+02 0.000000e+00 0.000000e+00 0.000000e+00 0.000000e+00 0.000000e+00 0.000000e+00 0.000000e+00 0.000000e+00 0.000000e+00
4.120000e-01 0.000000e+00 -7.887692e+02 -8.902250e+02 0.000000e+00 0.000000e+00 0.000000e+00 -2.800528e+01 -3.470137e+01 1.307210e+03 1.280732e+02 0.000000e+00 0.000000e+00 0.000000e+00 0.000000e+00 0.000000e+00 0.000000e+00 0.000000e+00 0.000000e+00 0.000000e+00
4.130000e-01 0.000000e+00 -7.896949e+02 -8.992982e+02 0.000000e+00 0.000000e+00 0.000000e+00 -2.903804e+01 -3.570239e+01 1.306119e+03 1.304858e+02 0.000000e+00 0.000000e+00 0.000000e+00 0.000000e+00 0.000000e+00 0.000000e+00 0.000000e+00 0.000000e+00 0.000000e+00
4.140000e-01 0.000000e+00 -7.906481e+02 -9.083978e+02 0.000000e+00 0.000000e+00 0.000000e+00 -3.007351e+01 -3.670605e+01 1.305041e+03 1.329044e+02 0.000000e+00 0.000000e+00 0.000000e+00 0.000000e+00 0.000000e+00 0.000000e+00 0.000000e+00 0.000000e+00 0.000000e+00
4.150000e-01 0.000000e+00 -7.916294e+02 -9.175232e+02 0.000000e+00 0.000000e+00 0.000000e+00 -3.111149e+01 -3.771214e+01 1.303976e+03 1.353284e+02 0.000000e+00 0.000000e+00 0.000000e+00 0.000000e+00 0.000000e+00 0.000000e+00 0.000000e+00 0.000000e+00 0.000000e+00
4.160000e-01 0.000000e+00 -7.926395e+02 -9.266741e+02 0.000000e+00 0.000000e+00 0.000000e+00 -3.215180e+01 -3.872048e+01 1.302924e+03 1.377575e+02 0.000000e+00 0.000000e+00 0.000000e+00 0.000000e+00 0.000000e+00 0.000000e+00 0.000000e+00 0.000000e+00 0.000000e+00
4.170000e-01 0.000000e+00 -7.936791e+02 -9.358500e+02 0.000000e+00 0.000000e+00 0.000000e+00 -3.319425e+01 -3.973089e+01 1.301886e+03 1.401910e+02 0.000000e+00 0.000000e+00 0.000000e+00 0.000000e+00 0.000000e+00 0.000000e+00 0.000000e+00 0.000000e+00 0.000000e+00
4.180000e-01 0.000000e+00 -7.947488e+02 -9.450505e+02 0.000000e+00 0.000000e+00 0.000000e+00 -3.423865e+01 -4.074318e+01 1.300861e+03 1.426284e+02 0.000000e+00 0.000000e+00 0.000000e+00 0.000000e+00 0.000000e+00 0.000000e+00 0.000000e+00 0.000000e+00 0.000000e+00
4.190000e-01 0.000000e+00 -7.958494e+02 -9.542751e+02 0.000000e+00 0.000000e+00 0.000000e+00 -3.528482e+01 -4.175716e+01 1.299849e+03 1.450692e+02 0.000000e+00 0.000000e+00 0.000000e+00 0.000000e+00 0.000000e+00 0.000000e+00 0.000000e+00 0.000000e+00 0.000000e+00
4.200000e-01 0.000000e+00 -7.969815e+02 -9.635234e+02 0.000000e+00 0.000000e+00 0.000000e+00 -3.633256e+01 -4.277263e+01 1.298849e+03 1.475128e+02 0.000000e+00 0.000000e+00 0.000000e+00 0.000000e+00 0.000000e+00 0.000000e+00 0.000000e+00 0.000000e+00 0.000000e+00
4.210000e-01 0.000000e+00 -7.981457e+02 -9.727948e+02 0.000000e+00 0.000000e+00 0.000000e+00 -3.738168e+01 -4.378941e+01 1.297863e+03 1.499589e+02 0.000000e+00 0.000000e+00 0.000000e+00 0.000000e+00 0.000000e+00 0.000000e+00 0.000000e+00 0.000000e+00 0.000000e+00
4.220000e-01 0.000000e+00 -7.993428e+02 -9.820889e+02 0.000000e+00 0.000000e+00 0.000000e+00 -3.843199e+01 -4.480730e+01 1.296889e+03 1.524067e+02 0.000000e+00 0.000000e+00 0.000000e+00 0.000000e+00 0.000000e+00 0.000000e+00 0.000000e+00 0.000000e+00 0.000000e+00
4.230000e-01 0.000000e+00 -8.005734e+02 -9.914052e+02 0.000000e+00 0.000000e+00 0.000000e+00 -3.948330e+01 -4.582612e+01 1.295928e+03 1.548559e+02 0.000000e+00 0.000000e+00 0.000000e+00 0.000000e+00 0.000000e+00 0.000000e+00 0.000000e+00 0.000000e+00 0.000000e+00
4.240000e-01 0.000000e+00 -8.018382e+02 -1.000743e+03 0.000000e+00 0.000000e+00 0.000000e+00 -4.053541e+01 -4.684566e+01 1.294980e+03 1.573058e+02 0.000000e+00 0.000000e+00 0.000000e+00 0.000000e+00 0.000000e+00 0.000000e+00 0.000000e+00 0.000000e+00 0.000000e+00
4.250000e-01 0.000000e+00 -8.031379e+02 -1.010102e+03 0.000000e+00 0.000000e+00 0.000000e+00 -4.158811e+01 -4.786573e+01 1.294044e+03 1.597559e+02 0.000000e+00 0.000000e+00 0.000000e+00 0.000000e+00 0.000000e+00 0.000000e+00 0.000000e+00 0.000000e+00 0.000000e+00
4.260000e-01 0.000000e+00 -8.044731e+02 -1.019481e+03 0.000000e+00 0.000000e+00 0.000000e+00 -4.264123e+01 -4.888614e+01 1.293120e+03 1.622058e+02 0.000000e+00 0.000000e+00 0.000000e+00 0.000000e+00 0.000000e+00 0.000000e+00 0.000000e+00 0.000000e+00 0.000000e+00
4.270000e-01 0.000000e+00 -8.058446e+02 -1.028881e+03 0.000000e+00 0.000000e+00 0.000000e+00 -4.369456e+01 -4.990670e+01 1.292209e+03 1.646548e+02 0.000000e+00 0.000000e+00 0.000000e+00 0.000000e+00 0.000000e+00 0.000000e+00 0.000000e+00 0.000000e+00 0.000000e+00
4.280000e-01 0.000000e+00 -8.072530e+02 -1.038299e+03 0.000000e+00 0.000000e+00 0.000000e+00 -4.474791e+01 -5.092719e+01 1.291311e+03 1.671024e+02 0.000000e+00 0.000000e+00 0.000000e+00 0.000000e+00 0.000000e+00 0.000000e+00 0.000000e+00 0.000000e+00 0.000000e+00
4.290000e-01 0.000000e+00 -8.086992e+02 -1.047737e+03 0.000000e+00 0.000000e+00 0.000000e+00 -4.580109e+01 -5.194746e+01 1.290424e+03 1.695482e+02 0.000000e+00 0.000000e+00 0.000000e+00 0.000000e+00 0.000000e+00 0.000000e+00 0.000000e+00 0.000000e+00 0.000000e+00
4.300000e-01 0.000000e+00 -8.101839e+02 -1.057193e+03 0.000000e+00 0.000000e+00 0.000000e+00 -4.685394e+01 -5.296733e+01 1.289550e+03 1.719916e+02 0.000000e+00 0.000000e+00 0.000000e+00 0.000000e+00 0.000000e+00 0.000000e+00 0.000000e+00 0.000000e+00 0.000000e+00
4.310000e-01 0.000000e+00 -8.117080e+02 -1.066667e+03 0.000000e+00 0.000000e+00 0.000000e+00 -4.790627e+01 -5.398660e+01 1.288688e+03 1.744322e+02 0.000000e+00 0.000000e+00 0.000000e+00 0.000000e+00 0.000000e+00 0.000000e+00 0.000000e+00 0.000000e+00 0.000000e+00
4.320000e-01 0.000000e+00 -8.132721e+02 -1.076158e+03 0.000000e+00 0.000000e+00 0.000000e+00 -4.895790e+01 -5.500510e+01 1.287838e+03 1.768693e+02 0.000000e+00 0.000000e+00 0.000000e+00 0.000000e+00 0.000000e+00 0.000000e+00 0.000000e+00 0.000000e+00 0.000000e+00
4.330000e-01 0.000000e+00 -8.148771e+02 -1.085667e+03 0.000000e+00 0.000000e+00 0.000000e+00 -5.000864e+01 -5.602264e+01 1.287000e+03 1.793027e+02 0.000000e+00 0.000000e+00 0.000000e+00 0.000000e+00 0.000000e+00 0.000000e+00 0.000000e+00 0.000000e+00 0.000000e+00
4.340000e-01 0.000000e+00 -8.165236e+02 -1.095191e+03 0.000000e+00 0.000000e+00 0.000000e+00 -5.105830e+01 -5.703904e+01 1.286174e+03 1.817316e+02 0.000000e+00 0.000000e+00 0.000000e+00 0.000000e+00 0.000000e+00 0.000000e+00 0.000000e+00 0.000000e+00 0.000000e+00
4.350000e-01 0.000000e+00 -8.182125e+02 -1.104732e+03 0.000000e+00 0.000000e+00 0.000000e+00 -5.210672e+01 -5.805412e+01 1.285360e+03 1.841556e+02 0.000000e+00 0.000000e+00 0.000000e+00 0.000000e+00 0.000000e+00 0.000000e+00 0.000000e+00 0.000000e+00 0.000000e+00
4.360000e-01 0.000000e+00 -8.199445e+02 -1.114288e+03 0.000000e+00 0.000000e+00 0.000000e+00 -5.315369e+01 -5.906769e+01 1.284558e+03 1.865743e+02 0.000000e+00 0.000000e+00 0.000000e+00 0.000000e+00 0.000000e+00 0.000000e+00 0.000000e+00 0.000000e+00 0.000000e+00
4.370000e-01 0.000000e+00 -8.217204e+02 -1.123858e+03 0.000000e+00 0.000000e+00 0.000000e+00 -5.419905e+01 -6.007958e+01 1.283767e+03 1.889871e+02 0.000000e+00 0.000000e+00 0.000000e+00 0.000000e+00 0.000000e+00 0.000000e+00 0.000000e+00 0.000000e+00 0.000000e+00
4.380000e-01 0.000000e+00 -8.235408e+02 -1.133442e+03 0.000000e+00 0.000000e+00 0.000000e+00 -5.524260e+01 -6.108960e+01 1.282988e+03 1.913935e+02 0.000000e+00 0.000000e+00 0.000000e+00 0.000000e+00 0.000000e+00 0.000000e+00 0.000000e+00 0.000000e+00 0.000000e+00
4.390000e-01 0.000000e+00 -8.254066e+02 -1.143040e+03 0.000000e+00 0.000000e+00 0.000000e+00 -5.628417e+01 -6.209756e+01 1.282221e+03 1.937930e+02 0.000000e+00 0.000000e+00 0.000000e+00 0.000000e+00 0.000000e+00 0.000000e+00 0.000000e+00 0.000000e+00 0.000000e+00
4.400000e-01 0.000000e+00 -8.273185e+02 -1.152651e+03 0.000000e+00 0.000000e+00 0.000000e+00 -5.732357e+01 -6.310329e+01 1.281465e+03 1.961851e+02 0.000000e+00 0.000000e+00 0.000000e+00 0.000000e+00 0.000000e+00 0.000000e+00 0.000000e+00 0.000000e+00 0.000000e+00
4.410000e-01 0.000000e+00 -8.292771e+02 -1.162274e+03 0.000000e+00 0.000000e+00 0.000000e+00 -5.836063e+01 -6.410661e+01 1.280721e+03 1.985694e+02 0.000000e+00 0.000000e+00 0.000000e+00 0.000000e+00 0.000000e+00 0.000000e+00 0.000000e+00 0.000000e+00 0.000000e+00
4.420000e-01 0.000000e+00 -8.312833e+02 -1.171909e+03 0.000000e+00 0.000000e+00 0.000000e+00 -5.939516e+01 -6.510735e+01 1.279988e+03 2.009454e+02 0.000000e+00 0.000000e+00 0.000000e+00 0.000000e+00 0.000000e+00 0.000000e+00 0.000000e+00 0.000000e+00 0.000000e+00
4.430000e-01 0.000000e+00 -8.333378e+02 -1.181554e+03 0.000000e+00 0.000000e+00 0.000000e+00 -6.042698e+01 -6.610531e+01 1.279267e+03 2.033125e+02 0.000000e+00 0.000000e+00 0.000000e+00 0.000000e+00 0.000000e+00 0.000000e+00 0.000000e+00 0.000000e+00 0.000000e+00
4.440000e-01 0.000000e+00 -8.354412e+02 -1.191210e+03 0.000000e+00 0.000000e+00 0.000000e+00 -6.145591e+01 -6.710032e+01 1.278557e+03 2.056703e+02 0.000000e+00 0.000000e+00 0.000000e+00 0.000000e+00 0.000000e+00 0.000000e+00 0.000000e+00 0.000000e+00 0.000000e+00
4.450000e-01 0.000000e+00 -8.375944e+02 -1.200876e+03 0.000000e+00 0.000000e+00 0.000000e+00 -6.248178e+01 -6.809221e+01 1.277858e+03 2.080183e+02 0.000000e+00 0.000000e+00 0.000000e+00 0.000000e+00 0.000000e+00 0.000000e+00 0.000000e+00 0.000000e+00 0.000000e+00
4.460000e-01 0.000000e+00 -8.397980e+02 -1.210550e+03 0.000000e+00 0.000000e+00 0.000000e+00 -6.350441e+01 -6.908081e+01 1.277170e+03 2.103560e+02 0.000000e+00 0.000000e+00 0.000000e+00 0.000000e+00 0.000000e+00 0.000000e+00 0.000000e+00 0.000000e+00 0.000000e+00
4.470000e-01 0.000000e+00 -8.420526e+02 -1.220233e+03 0.000000e+00 0.000000e+00 0.000000e+00 -6.452363e+01 -7.006592e+01 1.276494e+03 2.126830e+02 0.000000e+00 0.000000e+00 0.000000e+00 0.000000e+00 0.000000e+00 0.000000e+00 0.000000e+00 0.000000e+00 0.000000e+00
4.480000e-01 0.000000e+00 -8.443591e+02 -1.229924e+03 0.000000e+00 0.000000e+00 0.000000e+00 -6.553925e+01 -7.104740e+01 1.275828e+03 2.149987e+02 0.000000e+00 0.000000e+00 0.000000e+00 0.000000e+00 0.000000e+00 0.000000e+00 0.000000e+00 0.000000e+00 0.000000e+00
4.490000e-01 0.000000e+00 -8.467181e+02 -1.239621e+03 0.000000e+00 0.000000e+00 0.000000e+00 -6.655110e+01 -7.202505e+01 1.275174e+03 2.173028e+02 0.000000e+00 0.000000e+00 0.000000e+00 0.000000e+00 0.000000e+00 0.000000e+00 0.000000e+00 0.000000e+00 0.000000e+00
4.500000e-01 0.000000e+00 -8.491303e+02 -1.249325e+03 0.000000e+00 0.000000e+00 0.000000e+00 -6.755901e+01 -7.299871e+01 1.274530e+03 2.195948e+02 0.000000e+00 0.000000e+00 0.000000e+00 0.000000e+00 0.000000e+00 0.000000e+00 0.000000e+00 0.000000e+00 0.000000e+00
4.510000e-01 0.000000e+00 -8.515963e+02 -1.259035e+03 0.000000e+00 0.000000e+00 0.000000e+00 -6.856282e+01 -7.396821e+01 1.273898e+03 2.218742e+02 0.000000e+00 0.000000e+00 0.000000e+00 0.000000e+00 0.000000e+00 0.000000e+00 0.000000e+00 0.000000e+00 0.000000e+00
4.520000e-01 0.000000e+00 -8.541169e+02 -1.268749e+03 0.000000e+00 0.000000e+00 0.000000e+00 -6.956234e+01 -7.493338e+01 1.273276e+03 2.241405e+02 0.000000e+00 0.000000e+00 0.000000e+00 0.000000e+00 0.000000e+00 0.000000e+00 0.000000e+00 0.000000e+00 0.000000e+00
4.530000e-01 0.000000e+00 -8.566927e+02 -1.278467e+03 0.000000e+00 0.000000e+00 0.000000e+00 -7.055742e+01 -7.589407e+01 1.272666e+03 2.263934e+02 0.000000e+00 0.000000e+00 0.000000e+00 0.000000e+00 0.000000e+00 0.000000e+00 0.000000e+00 0.000000e+00 0.000000e+00
4.540000e-01 0.000000e+00 -8.593245e+02 -1.288190e+03 0.000000e+00 0.000000e+00 0.000000e+00 -7.154791e+01 -7.685012e+01 1.272066e+03 2.286324e+02 0.000000e+00 0.000000e+00 0.000000e+00 0.000000e+00 0.000000e+00 0.000000e+00 0.000000e+00 0.000000e+00 0.000000e+00
4.550000e-01 0.000000e+00 -8.620130e+02 -1.297915e+03 0.000000e+00 0.000000e+00 0.000000e+00 -7.253366e+01 -7.780138e+01 1.271476e+03 2.308571e+02 0.000000e+00 0.000000e+00 0.000000e+00 0.000000e+00 0.000000e+00 0.000000e+00 0.000000e+00 0.000000e+00 0.000000e+00
4.560000e-01 0.000000e+00 -8.647589e+02 -1.307642e+03 0.000000e+00 0.000000e+00 0.000000e+00 -7.351451e+01 -7.874769e+01 1.270898e+03 2.330671e+02 0.000000e+00 0.000000e+00 0.000000e+00 0.000000e+00 0.000000e+00 0.000000e+00 0.000000e+00 0.000000e+00 0.000000e+00
4.570000e-01 0.000000e+00 -8.675628e+02 -1.317372e+03 0.000000e+00 0.000000e+00 0.000000e+00 -7.449029e+01 -7.968890e+01 1.270330e+03 2.352619e+02 0.000000e+00 0.000000e+00 0.000000e+00 0.000000e+00 0.000000e+00 0.000000e+00 0.000000e+00 0.000000e+00 0.000000e+00
4.580000e-01 0.000000e+00 -8.704253e+02 -1.327102e+03 0.000000e+00 0.000000e+00 0.000000e+00 -7.546084e+01 -8.062484e+01 1.269772e+03 2.374412e+02 0.000000e+00 0.000000e+00 0.000000e+00 0.000000e+00 0.000000e+00 0.000000e+00 0.000000e+00 0.000000e+00 0.000000e+00
4.590000e-01 0.000000e+00 -8.733470e+02 -1.336832e+03 0.000000e+00 0.000000e+00 0.000000e+00 -7.642602e+01 -8.155537e+01 1.269225e+03 2.396045e+02 0.000000e+00 0.000000e+00 0.000000e+00 0.000000e+00 0.000000e+00 0.000000e+00 0.000000e+00 0.000000e+00 0.000000e+00
4.600000e-01 0.000000e+00 -8.763287e+02 -1.346561e+03 0.000000e+00 0.000000e+00 0.000000e+00 -7.738567e+01 -8.248034e+01 1.268689e+03 2.417515e+02 0.000000e+00 0.000000e+00 0.000000e+00 0.000000e+00 0.000000e+00 0.000000e+00 0.000000e+00 0.000000e+00 0.000000e+00
4.610000e-01 0.000000e+00 -8.793709e+02 -1.356289e+03 0.000000e+00 0.000000e+00 0.000000e+00 -7.833963e+01 -8.339958e+01 1.268163e+03 2.438817e+02 0.000000e+00 0.000000e+00 0.000000e+00 0.000000e+00 0.000000e+00 0.000000e+00 0.000000e+00 0.000000e+00 0.000000e+00
4.620000e-01 0.000000e+00 -8.824742e+02 -1.366015e+03 0.000000e+00 0.000000e+00 0.000000e+00 -7.928777e+01 -8.431297e+01 1.267647e+03 2.459948e+02 0.000000e+00 0.000000e+00 0.000000e+00 0.000000e+00 0.000000e+00 0.000000e+00 0.000000e+00 0.000000e+00 0.000000e+00
4.630000e-01 0.000000e+00 -8.856392e+02 -1.375739e+03 0.000000e+00 0.000000e+00 0.000000e+00 -8.022992e+01 -8.522035e+01 1.267142e+03 2.480903e+02 0.000000e+00 0.000000e+00 0.000000e+00 0.000000e+00 0.000000e+00 0.000000e+00 0.000000e+00 0.000000e+00 0.000000e+00
4.640000e-01 0.000000e+00 -8.888666e+02 -1.385459e+03 0.000000e+00 0.000000e+00 0.000000e+00 -8.116596e+01 -8.612159e+01 1.266647e+03 2.501680e+02 0.000000e+00 0.000000e+00 0.000000e+00 0.000000e+00 0.000000e+00 0.000000e+00 0.000000e+00 0.000000e+00 0.000000e+00
4.650000e-01 0.000000e+00 -8.921568e+02 -1.395174e+03 0.000000e+00 0.000000e+00 0.000000e+00 -8.209574e+01 -8.701654e+01 1.266162e+03 2.522274e+02 0.000000e+00 0.000000e+00 0.000000e+00 0.000000e+00 0.000000e+00 0.000000e+00 0.000000e+00 0.000000e+00 0.000000e+00
4.660000e-01 0.000000e+00 -8.955106e+02 -1.404885e+03 0.000000e+00 0.000000e+00 0.000000e+00 -8.301912e+01 -8.790508e+01 1.265687e+03 2.542682e+02 0.000000e+00 0.000000e+00 0.000000e+00 0.000000e+00 0.000000e+00 0.000000e+00 0.000000e+00 0.000000e+00 0.000000e+00
4.670000e-01 0.000000e+00 -8.989283e+02 -1.414590e+03 0.000000e+00 0.000000e+00 0.000000e+00 -8.393597e+01 -8.878705e+01 1.265222e+03 2.562900e+02 0.000000e+00 0.000000e+00 0.000000e+00 0.000000e+00 0.000000e+00 0.000000e+00 0.000000e+00 0.000000e+00 0.000000e+00
4.680000e-01 0.000000e+00 -9.024107e+02 -1.424289e+03 0.000000e+00 0.000000e+00 0.000000e+00 -8.484615e+01 -8.966235e+01 1.264768e+03 2.582925e+02 0.000000e+00 0.000000e+00 0.000000e+00 0.000000e+00 0.000000e+00 0.000000e+00 0.000000e+00 0.000000e+00 0.000000e+00
4.690000e-01 0.000000e+00 -9.059581e+02 -1.433980e+03 0.000000e+00 0.000000e+00 0.000000e+00 -8.574953e+01 -9.053083e+01 1.264323e+03 2.602754e+02 0.000000e+00 0.000000e+00 0.000000e+00 0.000000e+00 0.000000e+00 0.000000e+00 0.000000e+00 0.000000e+00 0.000000e+00
4.700000e-01 0.000000e+00 -9.095713e+02 -1.443664e+03 0.000000e+00 0.000000e+00 0.000000e+00 -8.664598e+01 -9.139237e+01 1.263889e+03 2.622383e+02 0.000000e+00 0.000000e+00 0.000000e+00 0.000000e+00 0.000000e+00 0.000000e+00 0.000000e+00 0.000000e+00 0.000000e+00
4.710000e-01 0.000000e+00 -9.132506e+02 -1.453339e+03 0.000000e+00 0.000000e+00 0.000000e+00 -8.753538e+01 -9.224684e+01 1.263464e+03 2.641809e+02 0.000000e+00 0.000000e+00 0.000000e+00 0.000000e+00 0.000000e+00 0.000000e+00 0.000000e+00 0.000000e+00 0.000000e+00
4.720000e-01 0.000000e+00 -9.169966e+02 -1.463004e+03 0.000000e+00 0.000000e+00 0.000000e+00 -8.841761e+01 -9.309414e+01 1.263050e+03 2.661029e+02 0.000000e+00 0.000000e+00 0.000000e+00 0.000000e+00 0.000000e+00 0.000000e+00 0.000000e+00 0.000000e+00 0.000000e+00
4.730000e-01 0.000000e+00 -9.208098e+02 -1.472660e+03 0.000000e+00 0.000000e+00 0.000000e+00 -8.929255e+01 -9.393414e+01 1.262645e+03 2.680040e+02 0.000000e+00 0.000000e+00 0.000000e+00 0.000000e+00 0.000000e+00 0.000000e+00 0.000000e+00 0.000000e+00 0.000000e+00
4.740000e-01 0.000000e+00 -9.246907e+02 -1.482305e+03 0.000000e+00 0.000000e+00 0.000000e+00 -9.016007e+01 -9.476672e+01 1.262250e+03 2.698840e+02 0.000000e+00 0.000000e+00 0.000000e+00 0.000000e+00 0.000000e+00 0.000000e+00 0.000000e+00 0.000000e+00 0.000000e+00
4.750000e-01 0.000000e+00 -9.286398e+02 -1.491938e+03 0.000000e+00 0.000000e+00 0.000000e+00 -9.102007e+01 -9.559178e+01 1.261864e+03 2.717424e+02 0.000000e+00 0.000000e+00 0.000000e+00 0.000000e+00 0.000000e+00 0.000000e+00 0.000000e+00 0.000000e+00 0.000000e+00
4.760000e-01 0.000000e+00 -9.326575e+02 -1.501559e+03 0.000000e+00 0.000000e+00 0.000000e+00 -9.187244e+01 -9.640920e+01 1.261489e+03 2.735791e+02 0.000000e+00 0.000000e+00 0.000000e+00 0.000000e+00 0.000000e+00 0.000000e+00 0.000000e+00 0.000000e+00 0.000000e+00
4.770000e-01 0.000000e+00 -9.367442e+02 -1.511167e+03 0.000000e+00 0.000000e+00 0.000000e+00 -9.271706e+01 -9.721889e+01 1.261123e+03 2.753937e+02 0.000000e+00 0.000000e+00 0.000000e+00 0.000000e+00 0.000000e+00 0.000000e+00 0.000000e+00 0.000000e+00 0.000000e+00
4.780000e-01 0.000000e+00 -9.409004e+02 -1.520761e+03 0.000000e+00 0.000000e+00 0.000000e+00 -9.355383e+01 -9.802074e+01 1.260766e+03 2.771861e+02 0.000000e+00 0.000000e+00 0.000000e+00 0.000000e+00 0.000000e+00 0.000000e+00 0.000000e+00 0.000000e+00 0.000000e+00
4.790000e-01 0.000000e+00 -9.451266e+02 -1.530341e+03 0.000000e+00 0.000000e+00 0.000000e+00 -9.438266e+01 -9.881465e+01 1.260419e+03 2.789559e+02 0.000000e+00 0.000000e+00 0.000000e+00 0.000000e+00 0.000000e+00 0.000000e+00 0.000000e+00 0.000000e+00 0.000000e+00
4.800000e-01 0.000000e+00 -9.494230e+02 -1.539906e+03 0.000000e+00 0.000000e+00 0.000000e+00 -9.520344e+01 -9.960052e+01 1.260082e+03 2.807030e+02 0.000000e+00 0.000000e+00 0.000000e+00 0.000000e+00 0.000000e+00 0.000000e+00 0.000000e+00 0.000000e+00 0.000000e+00
4.810000e-01 0.000000e+00 -9.537902e+02 -1.549455e+03 0.000000e+00 0.000000e+00 0.000000e+00 -9.601607e+01 -1.003783e+02 1.259754e+03 2.824271e+02 0.000000e+00 0.000000e+00 0.000000e+00 0.000000e+00 0.000000e+00 0.000000e+00 0.000000e+00 0.000000e+00 0.000000e+00
4.820000e-01 0.000000e+00 -9.582285e+02 -1.558987e+03 0.000000e+00 0.000000e+00 0.000000e+00 -9.682046e+01 -1.011478e+02 1.259436e+03 2.841279e+02 0.000000e+00 0.000000e+00 0.000000e+00 0.000000e+00 0.000000e+00 0.000000e+00 0.000000e+00 0.000000e+00 0.000000e+00
4.830000e-01 0.000000e+00 -9.627382e+02 -1.568502e+03 0.000000e+00 0.000000e+00 0.000000e+00 -9.761651e+01 -1.019090e+02 1.259127e+03 2.858052e+02 0.000000e+00 0.000000e+00 0.000000e+00 0.000000e+00 0.000000e+00 0.000000e+00 0.000000e+00 0.000000e+00 0.000000e+00
4.840000e-01 0.000000e+00 -9.673196e+02 -1.577999e+03 0.000000e+00 0.000000e+00 0.000000e+00 -9.840412e+01 -1.026618e+02 1.258828e+03 2.874588e+02 0.000000e+00 0.000000e+00 0.000000e+00 0.000000e+00 0.000000e+00 0.000000e+00 0.000000e+00 0.000000e+00 0.000000e+00
4.850000e-01 0.000000e+00 -9.719730e+02 -1.587477e+03 0.000000e+00 0.000000e+00 0.000000e+00 -9.918320e+01 -1.034060e+02 1.258537e+03 2.890885e+02 0.000000e+00 0.000000e+00 0.000000e+00 0.000000e+00 0.000000e+00 0.000000e+00 0.000000e+00 0.000000e+00 0.000000e+00
4.860000e-01 0.000000e+00 -9.766987e+02 -1.596935e+03 0.000000e+00 0.000000e+00 0.000000e+00 -9.995366e+01 -1.041417e+02 1.258256e+03 2.906942e+02 0.000000e+00 0.000000e+00 0.000000e+00 0.000000e+00 0.000000e+00 0.000000e+00 0.000000e+00 0.000000e+00 0.000000e+00
4.870000e-01 0.000000e+00 -9.814970e+02 -1.606372e+03 0.000000e+00 0.000000e+00 0.000000e+00 -1.007154e+02 -1.048688e+02 1.257984e+03 2.922755e+02 0.000000e+00 0.000000e+00 0.000000e+00 0.000000e+00 0.000000e+00 0.000000e+00 0.000000e+00 0.000000e+00 0.000000e+00
4.880000e-01 0.000000e+00 -9.863681e+02 -1.615789e+03 0.000000e+00 0.000000e+00 0.000000e+00 -1.014684e+02 -1.055871e+02 1.257722e+03 2.938323e+02 0.000000e+00 0.000000e+00 0.000000e+00 0.000000e+00 0.000000e+00 0.000000e+00 0.000000e+00 0.000000e+00 0.000000e+00
4.890000e-01 0.000000e+00 -9.913123e+02 -1.625183e+03 0.000000e+00 0.000000e+00 0.000000e+00 -1.022125e+02 -1.062965e+02 1.257468e+03 2.953645e+02 0.000000e+00 0.000000e+00 0.000000e+00 0.000000e+00 0.000000e+00 0.000000e+00 0.000000e+00 0.000000e+00 0.000000e+00
4.900000e-01 0.000000e+00 -9.963299e+02 -1.634555e+03 0.000000e+00 0.000000e+00 0.000000e+00 -1.029477e+02 -1.069971e+02 1.257224e+03 2.968719e+02 0.000000e+00 0.000000e+00 0.000000e+00 0.000000e+00 0.000000e+00 0.000000e+00 0.000000e+00 0.000000e+00 0.000000e+00
4.910000e-01 0.000000e+00 -1.001421e+03 -1.643904e+03 0.000000e+00 0.000000e+00 0.000000e+00 -1.036739e+02 -1.076888e+02 1.256989e+03 2.983543e+02 0.000000e+00 0.000000e+00 0.000000e+00 0.000000e+00 0.000000e+00 0.000000e+00 0.000000e+00 0.000000e+00 0.000000e+00
4.920000e-01 0.000000e+00 -1.006586e+03 -1.653228e+03 0.000000e+00 0.000000e+00 0.000000e+00 -1.043910e+02 -1.083714e+02 1.256762e+03 2.998116e+02 0.000000e+00 0.000000e+00 0.000000e+00 0.000000e+00 0.000000e+00 0.000000e+00 0.000000e+00 0.000000e+00 0.000000e+00
4.930000e-01 0.000000e+00 -1.011825e+03 -1.662528e+03 0.000000e+00 0.000000e+00 0.000000e+00 -1.050990e+02 -1.090449e+02 1.256545e+03 3.012437e+02 0.000000e+00 0.000000e+00 0.000000e+00 0.000000e+00 0.000000e+00 0.000000e+00 0.000000e+00 0.000000e+00 0.000000e+00
4.940000e-01 0.000000e+00 -1.017138e+03 -1.671802e+03 0.000000e+00 0.000000e+00 0.000000e+00 -1.057979e+02 -1.097094e+02 1.256337e+03 3.026504e+02 0.000000e+00 0.000000e+00 0.000000e+00 0.000000e+00 0.000000e+00 0.000000e+00 0.000000e+00 0.000000e+00 0.000000e+00
4.950000e-01 0.000000e+00 -1.022525e+03 -1.681051e+03 0.000000e+00 0.000000e+00 0.000000e+00 -1.064874e+02 -1.103646e+02 1.256137e+03 3.040317e+02 0.000000e+00 0.000000e+00 0.000000e+00 0.000000e+00 0.000000e+00 0.000000e+00 0.000000e+00 0.000000e+00 0.000000e+00
4.960000e-01 0.000000e+00 -1.027986e+03 -1.690272e+03 0.000000e+00 0.000000e+00 0.000000e+00 -1.071677e+02 -1.110106e+02 1.255946e+03 3.053874e+02 0.000000e+00 0.000000e+00 0.000000e+00 0.000000e+00 0.000000e+00 0.000000e+00 0.000000e+00 0.000000e+00 0.000000e+00
4.970000e-01 0.000000e+00 -1.033522e+03 -1.699466e+03 0.000000e+00 0.000000e+00 0.000000e+00 -1.078387e+02 -1.116474e+02 1.255765e+03 3.067175e+02 0.000000e+00 0.000000e+00 0.000000e+00 0.000000e+00 0.000000e+00 0.000000e+00 0.000000e+00 0.000000e+00 0.000000e+00
4.980000e-01 0.000000e+00 -1.039133e+03 -1.708631e+03 0.000000e+00 0.000000e+00 0.000000e+00 -1.085002e+02 -1.122748e+02 1.255591e+03 3.080219e+02 0.000000e+00 0.000000e+00 0.000000e+00 0.000000e+00 0.000000e+00 0.000000e+00 0.000000e+00 0.000000e+00 0.000000e+00
4.990000e-01 0.000000e+00 -1.044819e+03 -1.717768e+03 0.000000e+00 0.000000e+00 0.000000e+00 -1.091524e+02 -1.128930e+02 1.255427e+03 3.093006e+02 0.000000e+00 0.000000e+00 0.000000e+00 0.000000e+00 0.000000e+00 0.000000e+00 0.000000e+00 0.000000e+00 0.000000e+00
5.000000e-01 0.000000e+00 -1.050579e+03 -1.726876e+03 0.000000e+00 0.000000e+00 0.000000e+00 -1.097951e+02 -1.135017e+02 1.255271e+03 3.105534e+02 0.000000e+00 0.000000e+00 0.000000e+00 0.000000e+00 0.000000e+00 0.000000e+00 0.000000e+00 0.000000e+00 0.000000e+00
5.010000e-01 0.000000e+00 -1.056414e+03 -1.735953e+03 0.000000e+00 0.000000e+00 0.000000e+00 -1.104284e+02 -1.141011e+02 1.255124e+03 3.117803e+02 0.000000e+00 0.000000e+00 0.000000e+00 0.000000e+00 0.000000e+00 0.000000e+00 0.000000e+00 0.000000e+00 0.000000e+00
5.020000e-01 0.000000e+00 -1.062324e+03 -1.745000e+03 0.000000e+00 0.000000e+00 0.000000e+00 -1.110521e+02 -1.146910e+02 1.254986e+03 3.129813e+02 0.000000e+00 0.000000e+00 0.000000e+00 0.000000e+00 0.000000e+00 0.000000e+00 0.000000e+00 0.000000e+00 0.000000e+00
5.030000e-01 0.000000e+00 -1.068310e+03 -1.754016e+03 0.000000e+00 0.000000e+00 0.000000e+00 -1.116663e+02 -1.152714e+02 1.254856e+03 3.141564e+02 0.000000e+00 0.000000e+00 0.000000e+00 0.000000e+00 0.000000e+00 0.000000e+00 0.000000e+00 0.000000e+00 0.000000e+00
5.040000e-01 0.000000e+00 -1.074370e+03 -1.762999e+03 0.000000e+00 0.000000e+00 0.000000e+00 -1.122709e+02 -1.158424e+02 1.254735e+03 3.153055e+02 0.000000e+00 0.000000e+00 0.000000e+00 0.000000e+00 0.000000e+00 0.000000e+00 0.000000e+00 0.000000e+00 0.000000e+00
5.050000e-01 0.000000e+00 -1.080504e+03 -1.771950e+03 0.000000e+00 0.000000e+00 0.000000e+00 -1.128659e+02 -1.164039e+02 1.254622e+03 3.164286e+02 0.000000e+00 0.000000e+00 0.000000e+00 0.000000e+00 0.000000e+00 0.000000e+00 0.000000e+00 0.000000e+00 0.000000e+00
5.060000e-01 0.000000e+00 -1.086714e+03 -1.780868e+03 0.000000e+00 0.000000e+00 0.000000e+00 -1.134513e+02 -1.169559e+02 1.254518e+03 3.175257e+02 0.000000e+00 0.000000e+00 0.000000e+00 0.000000e+00 0.000000e+00 0.000000e+00 0.000000e+00 0.000000e+00 0.000000e+00
5.070000e-01 0.000000e+00 -1.092998e+03 -1.789752e+03 0.000000e+00 0.000000e+00 0.000000e+00 -1.140270e+02 -1.174983e+02 1.254422e+03 3.185967e+02 0.000000e+00 0.000000e+00 0.000000e+00 0.000000e+00 0.000000e+00 0.000000e+00 0.000000e+00 0.000000e+00 0.000000e+00
5.080000e-01 0.000000e+00 -1.099356e+03 -1.798601e+03 0.000000e+00 0.000000e+00 0.000000e+00 -1.145931e+02 -1.180311e+02 1.254334e+03 3.196417e+02 0.000000e+00 0.000000e+00 0.000000e+00 0.000000e+00 0.000000e+00 0.000000e+00 0.000000e+00 0.000000e+00 0.000000e+00
5.090000e-01 0.000000e+00 -1.105789e+03 -1.807414e+03 0.000000e+00 0.000000e+00 0.000000e+00 -1.151495e+02 -1.185544e+02 1.254255e+03 3.206607e+02 0.000000e+00 0.000000e+00 0.000000e+00 0.000000e+00 0.000000e+00 0.000000e+00 0.000000e+00 0.000000e+00 0.000000e+00
5.100000e-01 0.000000e+00 -1.112297e+03 -1.816192e+03 0.000000e+00 0.000000e+00 0.000000e+00 -1.156962e+02 -1.190681e+02 1.254184e+03 3.216537e+02 0.000000e+00 0.000000e+00 0.000000e+00 0.000000e+00 0.000000e+00 0.000000e+00 0.000000e+00 0.000000e+00 0.000000e+00
5.110000e-01 0.000000e+00 -1.118878e+03 -1.824933e+03 0.000000e+00 0.000000e+00 0.000000e+00 -1.162331e+02 -1.195722e+02 1.254122e+03 3.226208e+02 0.000000e+00 0.000000e+00 0.000000e+00 0.000000e+00 0.000000e+00 0.000000e+00 0.000000e+00 0.000000e+00 0.000000e+00
5.120000e-01 0.000000e+00 -1.125533e+03 -1.833637e+03 0.000000e+00 0.000000e+00 0.000000e+00 -1.167604e+02 -1.200667e+02 1.254067e+03 3.235620e+02 0.000000e+00 0.000000e+00 0.000000e+00 0.000000e+00 0.000000e+00 0.000000e+00 0.000000e+00 0.000000e+00 0.000000e+00
5.130000e-01 0.000000e+00 -1.132262e+03 -1.842304e+03 0.000000e+00 0.000000e+00 0.000000e+00 -1.172780e+02 -1.205517e+02 1.254021e+03 3.244773e+02 0.000000e+00 0.000000e+00 0.000000e+00 0.000000e+00 0.000000e+00 0.000000e+00 0.000000e+00 0.000000e+00 0.000000e+00
5.140000e-01 0.000000e+00 -1.139064e+03 -1.850932e+03 0.000000e+00 0.000000e+00 0.000000e+00 -1.177859e+02 -1.210271e+02 1.253983e+03 3.253669e+02 0.000000e+00 0.000000e+00 0.000000e+00 0.000000e+00 0.000000e+00 0.000000e+00 0.000000e+00 0.000000e+00 0.000000e+00
5.150000e-01 0.000000e+00 -1.145940e+03 -1.859522e+03 0.000000e+00 0.000000e+00 0.000000e+00 -1.182841e+02 -1.214930e+02 1.253953e+03 3.262308e+02 0.000000e+00 0.000000e+00 0.000000e+00 0.000000e+00 0.000000e+00 0.000000e+00 0.000000e+00 0.000000e+00 0.000000e+00
5.160000e-01 0.000000e+00 -1.152888e+03 -1.868072e+03 0.000000e+00 0.000000e+00 0.000000e+00 -1.187727e+02 -1.219494e+02 1.253931e+03 3.270691e+02 0.000000e+00 0.000000e+00 0.000000e+00 0.000000e+00 0.000000e+00 0.000000e+00 0.000000e+00 0.000000e+00 0.000000e+00
5.170000e-01 0.000000e+00 -1.159910e+03 -1.876583e+03 0.000000e+00 0.000000e+00 0.000000e+00 -1.192516e+02 -1.223962e+02 1.253917e+03 3.278819e+02 0.000000e+00 0.000000e+00 0.000000e+00 0.000000e+00 0.000000e+00 0.000000e+00 0.000000e+00 0.000000e+00 0.000000e+00
5.180000e-01 0.000000e+00 -1.167003e+03 -1.885053e+03 0.000000e+00 0.000000e+00 0.000000e+00 -1.197210e+02 -1.228336e+02 1.253912e+03 3.286694e+02 0.000000e+00 0.000000e+00 0.000000e+00 0.000000e+00 0.000000e+00 0.000000e+00 0.000000e+00 0.000000e+00 0.000000e+00
5.190000e-01 0.000000e+00 -1.174169e+03 -1.893483e+03 0.000000e+00 0.000000e+00 0.000000e+00 -1.201807e+02 -1.232616e+02 1.253914e+03 3.294317e+02 0.000000e+00 0.000000e+00 0.000000e+00 0.000000e+00 0.000000e+00 0.000000e+00 0.000000e+00 0.000000e+00 0.000000e+00
5.200000e-01 0.000000e+00 -1.181407e+03 -1.901872e+03 0.000000e+00 0.000000e+00 0.000000e+00 -1.206309e+02 -1.236801e+02 1.253924e+03 3.301689e+02 0.000000e+00 0.000000e+00 0.000000e+00 0.000000e+00 0.000000e+00 0.000000e+00 0.000000e+00 0.000000e+00 0.000000e+00
5.210000e-01 0.000000e+00 -1.188716e+03 -1.910220e+03 0.000000e+00 0.000000e+00 0.000000e+00 -1.210716e+02 -1.240893e+02 1.253942e+03 3.308811e+02 0.000000e+00 0.000000e+00 0.000000e+00 0.000000e+00 0.000000e+00 0.000000e+00 0.000000e+00 0.000000e+00 0.000000e+00
5.220000e-01 0.000000e+00 -1.196096e+03 -1.918526e+03 0.000000e+00 0.000000e+00 0.000000e+00 -1.215028e+02 -1.244892e+02 1.253968e+03 3.315686e+02 0.000000e+00 0.000000e+00 0.000000e+00 0.000000e+00 0.000000e+00 0.000000e+00 0.000000e+00 0.000000e+00 0.000000e+00
5.230000e-01 0.000000e+00 -1.203548e+03 -1.926790e+03 0.000000e+00 0.000000e+00 0.000000e+00 -1.219246e+02 -1.248799e+02 1.254002e+03 3.322315e+02 0.000000e+00 0.000000e+00 0.000000e+00 0.000000e+00 0.000000e+00 0.000000e+00 0.000000e+00 0.000000e+00 0.000000e+00
5.240000e-01 0.000000e+00 -1.211069e+03 -1.935011e+03 0.000000e+00 0.000000e+00 0.000000e+00 -1.223370e+02 -1.252613e+02 1.254044e+03 3.328700e+02 0.000000e+00 0.000000e+00 0.000000e+00 0.000000e+00 0.000000e+00 0.000000e+00 0.000000e+00 0.000000e+00 0.000000e+00
5.250000e-01 0.000000e+00 -1.218660e+03 -1.943189e+03 0.000000e+00 0.000000e+00 0.000000e+00 -1.227401e+02 -1.256335e+02 1.254093e+03 3.334842e+02 0.000000e+00 0.000000e+00 0.000000e+00 0.000000e+00 0.000000e+00 0.000000e+00 0.000000e+00 0.000000e+00 0.000000e+00
5.260000e-01 0.000000e+00 -1.226321e+03 -1.951323e+03 0.000000e+00 0.000000e+00 0.000000e+00 -1.231338e+02 -1.259966e+02 1.254150e+03 3.340743e+02 0.000000e+00 0.000000e+00 0.000000e+00 0.000000e+00 0.000000e+00 0.000000e+00 0.000000e+00 0.000000e+00 0.000000e+00
5.270000e-01 0.000000e+00 -1.234051e+03 -1.959414e+03 0.000000e+00 0.000000e+00 0.000000e+00 -1.235183e+02 -1.263507e+02 1.254215e+03 3.346404e+02 0.000000e+00 0.000000e+00 0.000000e+00 0.000000e+00 0.000000e+00 0.000000e+00 0.000000e+00 0.000000e+00 0.000000e+00
5.280000e-01 0.000000e+00 -1.241849e+03 -1.967460e+03 0.000000e+00 0.000000e+00 0.000000e+00 -1.238936e+02 -1.266956e+02 1.254288e+03 3.351828e+02 0.000000e+00 0.000000e+00 0.000000e+00 0.000000e+00 0.000000e+00 0.000000e+00 0.000000e+00 0.000000e+00 0.000000e+00
5.290000e-01 0.000000e+00 -1.249715e+03 -1.975462e+03 0.000000e+00 0.000000e+00 0.000000e+00 -1.242597e+02 -1.270316e+02 1.254368e+03 3.357017e+02 0.000000e+00 0.000000e+00 0.000000e+00 0.000000e+00 0.000000e+00 0.000000e+00 0.000000e+00 0.000000e+00 0.000000e+00
5.300000e-01 0.000000e+00 -1.257648e+03 -1.983418e+03 0.000000e+00 0.000000e+00 0.000000e+00 -1.246167e+02 -1.273587e+02 1.254456e+03 3.361973e+02 0.000000e+00 0.000000e+00 0.000000e+00 0.000000e+00 0.000000e+00 0.000000e+00 0.000000e+00 0.000000e+00 0.000000e+00
5.310000e-01 0.000000e+00 -1.265648e+03 -1.991330e+03 0.000000e+00 0.000000e+00 0.000000e+00 -1.249647e+02 -1.276770e+02 1.254551e+03 3.366698e+02 0.000000e+00 0.000000e+00 0.000000e+00 0.000000e+00 0.000000e+00 0.000000e+00 0.000000e+00 0.000000e+00 0.000000e+00
5.320000e-01 0.000000e+00 -1.273713e+03 -1.999195e+03 0.000000e+00 0.000000e+00 0.000000e+00 -1.253037e+02 -1.279864e+02 1.254654e+03 3.371195e+02 0.000000e+00 0.000000e+00 0.000000e+00 0.000000e+00 0.000000e+00 0.000000e+00 0.000000e+00 0.000000e+00 0.000000e+00
5.330000e-01 0.000000e+00 -1.281845e+03 -2.007014e+03 0.000000e+00 0.000000e+00 0.000000e+00 -1.256338e+02 -1.282871e+02 1.254765e+03 3.375465e+02 0.000000e+00 0.000000e+00 0.000000e+00 0.000000e+00 0.000000e+00 0.000000e+00 0.000000e+00 0.000000e+00 0.000000e+00
5.340000e-01 0.000000e+00 -1.290041e+03 -2.014788e+03 0.000000e+00 0.000000e+00 0.000000e+00 -1.259550e+02 -1.285793e+02 1.254883e+03 3.379512e+02 0.000000e+00 0.000000e+00 0.000000e+00 0.000000e+00 0.000000e+00 0.000000e+00 0.000000e+00 0.000000e+00 0.000000e+00
5.350000e-01 0.000000e+00 -1.298302e+03 -2.022514e+03 0.000000e+00 0.000000e+00 0.000000e+00 -1.262675e+02 -1.288628e+02 1.255008e+03 3.383338e+02 0.000000e+00 0.000000e+00 0.000000e+00 0.000000e+00 0.000000e+00 0.000000e+00 0.000000e+00 0.000000e+00 0.000000e+00
5.360000e-01 0.000000e+00 -1.306626e+03 -2.030195e+03 0.000000e+00 0.000000e+00 0.000000e+00 -1.265713e+02 -1.291379e+02 1.255141e+03 3.386946e+02 0.000000e+00 0.000000e+00 0.000000e+00 0.000000e+00 0.000000e+00 0.000000e+00 0.000000e+00 0.000000e+00 0.000000e+00
5.370000e-01 0.000000e+00 -1.315014e+03 -2.037828e+03 0.000000e+00 0.000000e+00 0.000000e+00 -1.268666e+02 -1.294046e+02 1.255281e+03 3.390339e+02 0.000000e+00 0.000000e+00 0.000000e+00 0.000000e+00 0.000000e+00 0.000000e+00 0.000000e+00 0.000000e+00 0.000000e+00
5.380000e-01 0.000000e+00 -1.323463e+03 -2.045415e+03 0.000000e+00 0.000000e+00 0.000000e+00 -1.271533e+02 -1.296631e+02 1.255429e+03 3.393519e+02 0.000000e+00 0.000000e+00 0.000000e+00 0.000000e+00 0.000000e+00 0.000000e+00 0.000000e+00 0.000000e+00 0.000000e+00
5.390000e-01 0.000000e+00 -1.331975e+03 -2.052954e+03 0.000000e+00 0.000000e+00 0.000000e+00 -1.274317e+02 -1.299133e+02 1.255584e+03 3.396491e+02 0.000000e+00 0.000000e+00 0.000000e+00 0.000000e+00 0.000000e+00 0.000000e+00 0.000000e+00 0.000000e+00 0.000000e+00
5.400000e-01 0.000000e+00 -1.340547e+03 -2.060447e+03 0.000000e+00 0.000000e+00 0.000000e+00 -1.277017e+02 -1.301555e+02 1.255747e+03 3.399257e+02 0.000000e+00 0.000000e+00 0.000000e+00 0.000000e+00 0.000000e+00 0.000000e+00 0.000000e+00 0.000000e+00 0.000000e+00
5.410000e-01 0.000000e+00 -1.349180e+03 -2.067892e+03 0.000000e+00 0.000000e+00 0.000000e+00 -1.279636e+02 -1.303897e+02 1.255917e+03 3.401820e+02 0.000000e+00 0.000000e+00 0.000000e+00 0.000000e+00 0.000000e+00 0.000000e+00 0.000000e+00 0.000000e+00 0.000000e+00
5.420000e-01 0.000000e+00 -1.357871e+03 -2.075290e+03 0.000000e+00 0.000000e+00 0.000000e+00 -1.282174e+02 -1.306161e+02 1.256094e+03 3.404184e+02 0.000000e+00 0.000000e+00 0.000000e+00 0.000000e+00 0.000000e+00 0.000000e+00 0.000000e+00 0.000000e+00 0.000000e+00
5.430000e-01 0.000000e+00 -1.366622e+03 -2.082641e+03 0.000000e+00 0.000000e+00 0.000000e+00 -1.284632e+02 -1.308347e+02 1.256278e+03 3.406353e+02 0.000000e+00 0.000000e+00 0.000000e+00 0.000000e+00 0.000000e+00 0.000000e+00 0.000000e+00 0.000000e+00 0.000000e+00
5.440000e-01 0.000000e+00 -1.375431e+03 -2.089945e+03 0.000000e+00 0.000000e+00 0.000000e+00 -1.287012e+02 -1.310457e+02 1.256470e+03 3.408329e+02 0.000000e+00 0.000000e+00 0.000000e+00 0.000000e+00 0.000000e+00 0.000000e+00 0.000000e+00 0.000000e+00 0.000000e+00
5.450000e-01 0.000000e+00 -1.384296e+03 -2.097201e+03 0.000000e+00 0.000000e+00 0.000000e+00 -1.289314e+02 -1.312491e+02 1.256668e+03 3.410116e+02 0.000000e+00 0.000000e+00 0.000000e+00 0.000000e+00 0.000000e+00 0.000000e+00 0.000000e+00 0.000000e+00 0.000000e+00
5.460000e-01 0.000000e+00 -1.393218e+03 -2.104410e+03 0.000000e+00 0.000000e+00 0.000000e+00 -1.291539e+02 -1.314451e+02 1.256874e+03 3.411717e+02 0.000000e+00 0.000000e+00 0.000000e+00 0.000000e+00 0.000000e+00 0.000000e+00 0.000000e+00 0.000000e+00 0.000000e+00
5.470000e-01 0.000000e+00 -1.402196e+03 -2.111572e+03 0.000000e+00 0.000000e+00 0.000000e+00 -1.293688e+02 -1.316338e+02 1.257088e+03 3.413136e+02 0.000000e+00 0.000000e+00 0.000000e+00 0.000000e+00 0.000000e+00 0.000000e+00 0.000000e+00 0.000000e+00 0.000000e+00
5.480000e-01 0.000000e+00 -1.411228e+03 -2.118686e+03 0.000000e+00 0.000000e+00 0.000000e+00 -1.295763e+02 -1.318153e+02 1.257308e+03 3.414377e+02 0.000000e+00 0.000000e+00 0.000000e+00 0.000000e+00 0.000000e+00 0.000000e+00 0.000000e+00 0.000000e+00 0.000000e+00
5.490000e-01 0.000000e+00 -1.420313e+03 -2.125752e+03 0.000000e+00 0.000000e+00 0.000000e+00 -1.297765e+02 -1.319897e+02 1.257535e+03 3.415443e+02 0.000000e+00 0.000000e+00 0.000000e+00 0.000000e+00 0.000000e+00 0.000000e+00 0.000000e+00 0.000000e+00 0.000000e+00
5.500000e-01 0.000000e+00 -1.429451e+03 -2.132772e+03 0.000000e+00 0.000000e+00 0.000000e+00 -1.299695e+02 -1.321571e+02 1.257770e+03 3.416338e+02 0.000000e+00 0.000000e+00 0.000000e+00 0.000000e+00 0.000000e+00 0.000000e+00 0.000000e+00 0.000000e+00 0.000000e+00
5.510000e-01 0.000000e+00 -1.438641e+03 -2.139744e+03 0.000000e+00 0.000000e+00 0.000000e+00 -1.301555e+02 -1.323178e+02 1.258012e+03 3.417066e+02 0.000000e+00 0.000000e+00 0.000000e+00 0.000000e+00 0.000000e+00 0.000000e+00 0.000000e+00 0.000000e+00 0.000000e+00
5.520000e-01 0.000000e+00 -1.447882e+03 -2.146669e+03 0.000000e+00 0.000000e+00 0.000000e+00 -1.303344e+02 -1.324717e+02 1.258260e+03 3.417631e+02 0.000000e+00 0.000000e+00 0.000000e+00 0.000000e+00 0.000000e+00 0.000000e+00 0.000000e+00 0.000000e+00 0.000000e+00
5.530000e-01 0.000000e+00 -1.457173e+03 -2.153547e+03 0.000000e+00 0.000000e+00 0.000000e+00 -1.305066e+02 -1.326190e+02 1.258516e+03 3.418036e+02 0.000000e+00 0.000000e+00 0.000000e+00 0.000000e+00 0.000000e+00 0.000000e+00 0.000000e+00 0.000000e+00 0.000000e+00
5.540000e-01 0.000000e+00 -1.466513e+03 -2.160379e+03 0.000000e+00 0.000000e+00 0.000000e+00 -1.306721e+02 -1.327600e+02 1.258779e+03 3.418287e+02 0.000000e+00 0.000000e+00 0.000000e+00 0.000000e+00 0.000000e+00 0.000000e+00 0.000000e+00 0.000000e+00 0.000000e+00
5.550000e-01 0.000000e+00 -1.475901e+03 -2.167164e+03 0.000000e+00 0.000000e+00 0.000000e+00 -1.308310e+02 -1.328946e+02 1.259049e+03 3.418388e+02 0.000000e+00 0.000000e+00 0.000000e+00 0.000000e+00 0.000000e+00 0.000000e+00 0.000000e+00 0.000000e+00 0.000000e+00
5.560000e-01 0.000000e+00 -1.485337e+03 -2.173903e+03 0.000000e+00 0.000000e+00 0.000000e+00 -1.309836e+02 -1.330232e+02 1.259326e+03 3.418342e+02 0.000000e+00 0.000000e+00 0.000000e+00 0.000000e+00 0.000000e+00 0.000000e+00 0.000000e+00 0.000000e+00 0.000000e+00
5.570000e-01 0.000000e+00 -1.494818e+03 -2.180596e+03 0.000000e+00 0.000000e+00 0.000000e+00 -1.311299e+02 -1.331457e+02 1.259610e+03 3.418154e+02 0.000000e+00 0.000000e+00 0.000000e+00 0.000000e+00 0.000000e+00 0.000000e+00 0.000000e+00 0.000000e+00 0.000000e+00
5.580000e-01 0.000000e+00 -1.504345e+03 -2.187244e+03 0.000000e+00 0.000000e+00 0.000000e+00 -1.312702e+02 -1.332625e+02 1.259901e+03 3.417829e+02 0.000000e+00 0.000000e+00 0.000000e+00 0.000000e+00 0.000000e+00 0.000000e+00 0.000000e+00 0.000000e+00 0.000000e+00
5.590000e-01 0.000000e+00 -1.513916e+03 -2.193846e+03 0.000000e+00 0.000000e+00 0.000000e+00 -1.314045e+02 -1.333735e+02 1.260198e+03 3.417372e+02 0.000000e+00 0.000000e+00 0.000000e+00 0.000000e+00 0.000000e+00 0.000000e+00 0.000000e+00 0.000000e+00 0.000000e+00
5.600000e-01 0.000000e+00 -1.523531e+03 -2.200404e+03 0.000000e+00 0.000000e+00 0.000000e+00 -1.315331e+02 -1.334791e+02 1.260503e+03 3.416786e+02 0.000000e+00 0.000000e+00 0.000000e+00 0.000000e+00 0.000000e+00 0.000000e+00 0.000000e+00 0.000000e+00 0.000000e+00
5.610000e-01 0.000000e+00 -1.533187e+03 -2.206917e+03 0.000000e+00 0.000000e+00 0.000000e+00 -1.316560e+02 -1.335793e+02 1.260815e+03 3.416077e+02 0.000000e+00 0.000000e+00 0.000000e+00 0.000000e+00 0.000000e+00 0.000000e+00 0.000000e+00 0.000000e+00 0.000000e+00
5.620000e-01 0.000000e+00 -1.542885e+03 -2.213386e+03 0.000000e+00 0.000000e+00 0.000000e+00 -1.317735e+02 -1.336743e+02 1.261134e+03 3.415249e+02 0.000000e+00 0.000000e+00 0.000000e+00 0.000000e+00 0.000000e+00 0.000000e+00 0.000000e+00 0.000000e+00 0.000000e+00
5.630000e-01 0.000000e+00 -1.552623e+03 -2.219812e+03 0.000000e+00 0.000000e+00 0.000000e+00 -1.318857e+02 -1.337643e+02 1.261459e+03 3.414307e+02 0.000000e+00 0.000000e+00 0.000000e+00 0.000000e+00 0.000000e+00 0.000000e+00 0.000000e+00 0.000000e+00 0.000000e+00
5.640000e-01 0.000000e+00 -1.562401e+03 -2.226194e+03 0.000000e+00 0.000000e+00 0.000000e+00 -1.319928e+02 -1.338494e+02 1.261792e+03 3.413256e+02 0.000000e+00 0.000000e+00 0.000000e+00 0.000000e+00 0.000000e+00 0.000000e+00 0.000000e+00 0.000000e+00 0.000000e+00
5.650000e-01 0.000000e+00 -1.572216e+03 -2.232534e+03 0.000000e+00 0.000000e+00 0.000000e+00 -1.320949e+02 -1.339298e+02 1.262131e+03 3.412100e+02 0.000000e+00 0.000000e+00 0.000000e+00 0.000000e+00 0.000000e+00 0.000000e+00 0.000000e+00 0.000000e+00 0.000000e+00
5.660000e-01 0.000000e+00 -1.582068e+03 -2.238832e+03 0.000000e+00 0.000000e+00 0.000000e+00 -1.321921e+02 -1.340057e+02 1.262477e+03 3.410844e+02 0.000000e+00 0.000000e+00 0.000000e+00 0.000000e+00 0.000000e+00 0.000000e+00 0.000000e+00 0.000000e+00 0.000000e+00
5.670000e-01 0.000000e+00 -1.591956e+03 -2.245088e+03 0.000000e+00 0.000000e+00 0.000000e+00 -1.322848e+02 -1.340772e+02 1.262830e+03 3.409493e+02 0.000000e+00 0.000000e+00 0.000000e+00 0.000000e+00 0.000000e+00 0.000000e+00 0.000000e+00 0.000000e+00 0.000000e+00
5.680000e-01 0.000000e+00 -1.601879e+03 -2.251302e+03 0.000000e+00 0.000000e+00 0.000000e+00 -1.323730e+02 -1.341445e+02 1.263190e+03 3.408053e+02 0.000000e+00 0.000000e+00 0.000000e+00 0.000000e+00 0.000000e+00 0.000000e+00 0.000000e+00 0.000000e+00 0.000000e+00
5.690000e-01 0.000000e+00 -1.611836e+03 -2.257476e+03 0.000000e+00 0.000000e+00 0.000000e+00 -1.324568e+02 -1.342077e+02 1.263557e+03 3.406527e+02 0.000000e+00 0.000000e+00 0.000000e+00 0.000000e+00 0.000000e+00 0.000000e+00 0.000000e+00 0.000000e+00 0.000000e+00
5.700000e-01 0.000000e+00 -1.621826e+03 -2.263610e+03 0.000000e+00 0.000000e+00 0.000000e+00 -1.325366e+02 -1.342671e+02 1.263931e+03 3.404921e+02 0.000000e+00 0.000000e+00 0.000000e+00 0.000000e+00 0.000000e+00 0.000000e+00 0.000000e+00 0.000000e+00 0.000000e+00
5.710000e-01 0.000000e+00 -1.631847e+03 -2.269705e+03 0.000000e+00 0.000000e+00 0.000000e+00 -1.326124e+02 -1.343229e+02 1.264312e+03 3.403241e+02 0.000000e+00 0.000000e+00 0.000000e+00 0.000000e+00 0.000000e+00 0.000000e+00 0.000000e+00 0.000000e+00 0.000000e+00
5.720000e-01 0.000000e+00 -1.641898e+03 -2.275761e+03 0.000000e+00 0.000000e+00 0.000000e+00 -1.326845e+02 -1.343751e+02 1.264699e+03 3.401490e+02 0.000000e+00 0.000000e+00 0.000000e+00 0.000000e+00 0.000000e+00 0.000000e+00 0.000000e+00 0.000000e+00 0.000000e+00
5.730000e-01 0.000000e+00 -1.651979e+03 -2.281779e+03 0.000000e+00 0.000000e+00 0.000000e+00 -1.327529e+02 -1.344241e+02 1.265094e+03 3.399676e+02 0.000000e+00 0.000000e+00 0.000000e+00 0.000000e+00 0.000000e+00 0.000000e+00 0.000000e+00 0.000000e+00 0.000000e+00
5.740000e-01 0.000000e+00 -1.662089e+03 -2.287760e+03 0.000000e+00 0.000000e+00 0.000000e+00 -1.328180e+02 -1.344699e+02 1.265495e+03 3.397802e+02 0.000000e+00 0.000000e+00 0.000000e+00 0.000000e+00 0.000000e+00 0.000000e+00 0.000000e+00 0.000000e+00 0.000000e+00
5.750000e-01 0.000000e+00 -1.672225e+03 -2.293704e+03 0.000000e+00 0.000000e+00 0.000000e+00 -1.328800e+02 -1.345129e+02 1.265903e+03 3.395875e+02 0.000000e+00 0.000000e+00 0.000000e+00 0.000000e+00 0.000000e+00 0.000000e+00 0.000000e+00 0.000000e+00 0.000000e+00
5.760000e-01 0.000000e+00 -1.682388e+03 -2.299613e+03 0.000000e+00 0.000000e+00 0.000000e+00 -1.329389e+02 -1.345531e+02 1.266318e+03 3.393900e+02 0.000000e+00 0.000000e+00 0.000000e+00 0.000000e+00 0.000000e+00 0.000000e+00 0.000000e+00 0.000000e+00 0.000000e+00
5.770000e-01 0.000000e+00 -1.692576e+03 -2.305487e+03 0.000000e+00 0.000000e+00 0.000000e+00 -1.329950e+02 -1.345908e+02 1.266740e+03 3.391881e+02 0.000000e+00 0.000000e+00 0.000000e+00 0.000000e+00 0.000000e+00 0.000000e+00 0.000000e+00 0.000000e+00 0.000000e+00
5.780000e-01 0.000000e+00 -1.702787e+03 -2.311327e+03 0.000000e+00 0.000000e+00 0.000000e+00 -1.330486e+02 -1.346261e+02 1.267169e+03 3.389826e+02 0.000000e+00 0.000000e+00 0.000000e+00 0.000000e+00 0.000000e+00 0.000000e+00 0.000000e+00 0.000000e+00 0.000000e+00
5.790000e-01 0.000000e+00 -1.713022e+03 -2.317134e+03 0.000000e+00 0.000000e+00 0.000000e+00 -1.330997e+02 -1.346594e+02 1.267605e+03 3.387739e+02 0.000000e+00 0.000000e+00 0.000000e+00 0.000000e+00 0.000000e+00 0.000000e+00 0.000000e+00 0.000000e+00 0.000000e+00
5.800000e-01 0.000000e+00 -1.723278e+03 -2.322909e+03 0.000000e+00 0.000000e+00 0.000000e+00 -1.331487e+02 -1.346907e+02 1.268047e+03 3.385626e+02 0.000000e+00 0.000000e+00 0.000000e+00 0.000000e+00 0.000000e+00 0.000000e+00 0.000000e+00 0.000000e+00 0.000000e+00
5.810000e-01 0.000000e+00 -1.733555e+03 -2.328653e+03 0.000000e+00 0.000000e+00 0.000000e+00 -1.331957e+02 -1.347202e+02 1.268497e+03 3.383492e+02 0.000000e+00 0.000000e+00 0.000000e+00 0.000000e+00 0.000000e+00 0.000000e+00 0.000000e+00 0.000000e+00 0.000000e+00
5.820000e-01 0.000000e+00 -1.743852e+03 -2.334366e+03 0.000000e+00 0.000000e+00 0.000000e+00 -1.332408e+02 -1.347483e+02 1.268953e+03 3.381343e+02 0.000000e+00 0.000000e+00 0.000000e+00 0.000000e+00 0.000000e+00 0.000000e+00 0.000000e+00 0.000000e+00 0.000000e+00
5.830000e-01 0.000000e+00 -1.754167e+03 -2.340050e+03 0.000000e+00 0.000000e+00 0.000000e+00 -1.332844e+02 -1.347750e+02 1.269416e+03 3.379185e+02 0.000000e+00 0.000000e+00 0.000000e+00 0.000000e+00 0.000000e+00 0.000000e+00 0.000000e+00 0.000000e+00 0.000000e+00
5.840000e-01 0.000000e+00 -1.764499e+03 -2.345706e+03 0.000000e+00 0.000000e+00 0.000000e+00 -1.333266e+02 -1.348006e+02 1.269886e+03 3.377022e+02 0.000000e+00 0.000000e+00 0.000000e+00 0.000000e+00 0.000000e+00 0.000000e+00 0.000000e+00 0.000000e+00 0.000000e+00
5.850000e-01 0.000000e+00 -1.774847e+03 -2.351335e+03 0.000000e+00 0.000000e+00 0.000000e+00 -1.333676e+02 -1.348252e+02 1.270364e+03 3.374861e+02 0.000000e+00 0.000000e+00 0.000000e+00 0.000000e+00 0.000000e+00 0.000000e+00 0.000000e+00 0.000000e+00 0.000000e+00
5.860000e-01 0.000000e+00 -1.785211e+03 -2.356937e+03 0.000000e+00 0.000000e+00 0.000000e+00 -1.334076e+02 -1.348492e+02 1.270848e+03 3.372707e+02 0.000000e+00 0.000000e+00 0.000000e+00 0.000000e+00 0.000000e+00 0.000000e+00 0.000000e+00 0.000000e+00 0.000000e+00
5.870000e-01 0.000000e+00 -1.795589e+03 -2.362514e+03 0.000000e+00 0.000000e+00 0.000000e+00 -1.334468e+02 -1.348726e+02 1.271339e+03 3.370565e+02 0.000000e+00 0.000000e+00 0.000000e+00 0.000000e+00 0.000000e+00 0.000000e+00 0.000000e+00 0.000000e+00 0.000000e+00
5.880000e-01 0.000000e+00 -1.805979e+03 -2.368067e+03 0.000000e+00 0.000000e+00 0.000000e+00 -1.334855e+02 -1.348957e+02 1.271837e+03 3.368443e+02 0.000000e+00 0.000000e+00 0.000000e+00 0.000000e+00 0.000000e+00 0.000000e+00 0.000000e+00 0.000000e+00 0.000000e+00
5.890000e-01 0.000000e+00 -1.816382e+03 -2.373596e+03 0.000000e+00 0.000000e+00 0.000000e+00 -1.335239e+02 -1.349187e+02 1.272342e+03 3.366344e+02 0.000000e+00 0.000000e+00 0.000000e+00 0.000000e+00 0.000000e+00 0.000000e+00 0.000000e+00 0.000000e+00 0.000000e+00
5.900000e-01 0.000000e+00 -1.826795e+03 -2.379104e+03 0.000000e+00 0.000000e+00 0.000000e+00 -1.335621e+02 -1.349418e+02 1.272854e+03 3.364276e+02 0.000000e+00 0.000000e+00 0.000000e+00 0.000000e+00 0.000000e+00 0.000000e+00 0.000000e+00 0.000000e+00 0.000000e+00
5.910000e-01 0.000000e+00 -1.837218e+03 -2.384592e+03 0.000000e+00 0.000000e+00 0.000000e+00 -1.336004e+02 -1.349653e+02 1.273373e+03 3.362243e+02 0.000000e+00 0.000000e+00 0.000000e+00 0.000000e+00 0.000000e+00 0.000000e+00 0.000000e+00 0.000000e+00 0.000000e+00
5.920000e-01 0.000000e+00 -1.847650e+03 -2.390060e+03 0.000000e+00 0.000000e+00 0.000000e+00 -1.336390e+02 -1.349893e+02 1.273900e+03 3.360252e+02 0.000000e+00 0.000000e+00 0.000000e+00 0.000000e+00 0.000000e+00 0.000000e+00 0.000000e+00 0.000000e+00 0.000000e+00
5.930000e-01 0.000000e+00 -1.858089e+03 -2.395509e+03 0.000000e+00 0.000000e+00 0.000000e+00 -1.336781e+02 -1.350141e+02 1.274433e+03 3.358309e+02 0.000000e+00 0.000000e+00 0.000000e+00 0.000000e+00 0.000000e+00 0.000000e+00 0.000000e+00 0.000000e+00 0.000000e+00
5.940000e-01 0.000000e+00 -1.868536e+03 -2.400942e+03 0.000000e+00 0.000000e+00 0.000000e+00 -1.337180e+02 -1.350399e+02 1.274973e+03 3.356419e+02 0.000000e+00 0.000000e+00 0.000000e+00 0.000000e+00 0.000000e+00 0.000000e+00 0.000000e+00 0.000000e+00 0.000000e+00
5.950000e-01 0.000000e+00 -1.878988e+03 -2.406359e+03 0.000000e+00 0.000000e+00 0.000000e+00 -1.337588e+02 -1.350669e+02 1.275521e+03 3.354588e+02 0.000000e+00 0.000000e+00 0.000000e+00 0.000000e+00 0.000000e+00 0.000000e+00 0.000000e+00 0.000000e+00 0.000000e+00
5.960000e-01 0.000000e+00 -1.889444e+03 -2.411763e+03 0.000000e+00 0.000000e+00 0.000000e+00 -1.338009e+02 -1.350954e+02 1.276076e+03 3.352823e+02 0.000000e+00 0.000000e+00 0.000000e+00 0.000000e+00 0.000000e+00 0.000000e+00 0.000000e+00 0.000000e+00 0.000000e+00
5.970000e-01 0.000000e+00 -1.899905e+03 -2.417153e+03 0.000000e+00 0.000000e+00 0.000000e+00 -1.338444e+02 -1.351255e+02 1.276638e+03 3.351129e+02 0.000000e+00 0.000000e+00 0.000000e+00 0.000000e+00 0.000000e+00 0.000000e+00 0.000000e+00 0.000000e+00 0.000000e+00
5.980000e-01 0.000000e+00 -1.910368e+03 -2.422532e+03 0.000000e+00 0.000000e+00 0.000000e+00 -1.338895e+02 -1.351575e+02 1.277207e+03 3.349511e+02 0.000000e+00 0.000000e+00 0.000000e+00 0.000000e+00 0.000000e+00 0.000000e+00 0.000000e+00 0.000000e+00 0.000000e+00
5.990000e-01 0.000000e+00 -1.920832e+03 -2.427900e+03 0.000000e+00 0.000000e+00 0.000000e+00 -1.339365e+02 -1.351915e+02 1.277783e+03 3.347977e+02 0.000000e+00 0.000000e+00 0.000000e+00 0.000000e+00 0.000000e+00 0.000000e+00 0.000000e+00 0.000000e+00 0.000000e+00
6.000000e-01 0.000000e+00 -1.931298e+03 -2.433260e+03 0.000000e+00 0.000000e+00 0.000000e+00 -1.339856e+02 -1.352279e+02 1.278367e+03 3.346531e+02 0.000000e+00 0.000000e+00 0.000000e+00 0.000000e+00 0.000000e+00 0.000000e+00 0.000000e+00 0.000000e+00 0.000000e+00
6.010000e-01 0.000000e+00 -1.941763e+03 -2.438613e+03 0.000000e+00 0.000000e+00 0.000000e+00 -1.340371e+02 -1.352669e+02 1.278958e+03 3.345179e+02 0.000000e+00 0.000000e+00 0.000000e+00 0.000000e+00 0.000000e+00 0.000000e+00 0.000000e+00 0.000000e+00 0.000000e+00
6.020000e-01 0.000000e+00 -1.952227e+03 -2.443960e+03 0.000000e+00 0.000000e+00 0.000000e+00 -1.340910e+02 -1.353086e+02 1.279556e+03 3.343928e+02 0.000000e+00 0.000000e+00 0.000000e+00 0.000000e+00 0.000000e+00 0.000000e+00 0.000000e+00 0.000000e+00 0.000000e+00
6.030000e-01 0.000000e+00 -1.962690e+03 -2.449302e+03 0.000000e+00 0.000000e+00 0.000000e+00 -1.341478e+02 -1.353533e+02 1.280162e+03 3.342782e+02 0.000000e+00 0.000000e+00 0.000000e+00 0.000000e+00 0.000000e+00 0.000000e+00 0.000000e+00 0.000000e+00 0.000000e+00
6.040000e-01 0.000000e+00 -1.973149e+03 -2.454641e+03 0.000000e+00 0.000000e+00 0.000000e+00 -1.342075e+02 -1.354011e+02 1.280775e+03 3.341749e+02 0.000000e+00 0.000000e+00 0.000000e+00 0.000000e+00 0.000000e+00 0.000000e+00 0.000000e+00 0.000000e+00 0.000000e+00
6.050000e-01 0.000000e+00 -1.983604e+03 -2.459979e+03 0.000000e+00 0.000000e+00 0.000000e+00 -1.342704e+02 -1.354524e+02 1.281396e+03 3.340832e+02 0.000000e+00 0.000000e+00 0.000000e+00 0.000000e+00 0.000000e+00 0.000000e+00 0.000000e+00 0.000000e+00 0.000000e+00
6.060000e-01 0.000000e+00 -1.994055e+03 -2.465317e+03 0.000000e+00 0.000000e+00 0.000000e+00 -1.343368e+02 -1.355074e+02 1.282024e+03 3.340040e+02 0.000000e+00 0.000000e+00 0.000000e+00 0.000000e+00 0.000000e+00 0.000000e+00 0.000000e+00 0.000000e+00 0.000000e+00
6.070000e-01 0.000000e+00 -2.004500e+03 -2.470656e+03 0.000000e+00 0.000000e+00 0.000000e+00 -1.344069e+02 -1.355662e+02 1.282660e+03 3.339376e+02 0.000000e+00 0.000000e+00 0.000000e+00 0.000000e+00 0.000000e+00 0.000000e+00 0.000000e+00 0.000000e+00 0.000000e+00
6.080000e-01 0.000000e+00 -2.014939e+03 -2.475998e+03 0.000000e+00 0.000000e+00 0.000000e+00 -1.344809e+02 -1.356291e+02 1.283303e+03 3.338847e+02 0.000000e+00 0.000000e+00 0.000000e+00 0.000000e+00 0.000000e+00 0.000000e+00 0.000000e+00 0.000000e+00 0.000000e+00
6.090000e-01 0.000000e+00 -2.025370e+03 -2.481346e+03 0.000000e+00 0.000000e+00 0.000000e+00 -1.345590e+02 -1.356964e+02 1.283954e+03 3.338459e+02 0.000000e+00 0.000000e+00 0.000000e+00 0.000000e+00 0.000000e+00 0.000000e+00 0.000000e+00 0.000000e+00 0.000000e+00
6.100000e-01 0.000000e+00 -2.035794e+03 -2.486699e+03 0.000000e+00 0.000000e+00 0.000000e+00 -1.346414e+02 -1.357682e+02 1.284613e+03 3.338218e+02 0.000000e+00 0.000000e+00 0.000000e+00 0.000000e+00 0.000000e+00 0.000000e+00 0.000000e+00 0.000000e+00 0.000000e+00
6.110000e-01 0.000000e+00 -2.046208e+03 -2.492060e+03 0.000000e+00 0.000000e+00 0.000000e+00 -1.347285e+02 -1.358447e+02 1.285279e+03 3.338129e+02 0.000000e+00 0.000000e+00 0.000000e+00 0.000000e+00 0.000000e+00 0.000000e+00 0.000000e+00 0.000000e+00 0.000000e+00
6.120000e-01 0.000000e+00 -2.056614e+03 -2.497432e+03 0.000000e+00 0.000000e+00 0.000000e+00 -1.348203e+02 -1.359263e+02 1.285953e+03 3.338198e+02 0.000000e+00 0.000000e+00 0.000000e+00 0.000000e+00 0.000000e+00 0.000000e+00 0.000000e+00 0.000000e+00 0.000000e+00
6.130000e-01 0.000000e+00 -2.067009e+03 -2.502814e+03 0.000000e+00 0.000000e+00 0.000000e+00 -1.349173e+02 -1.360131e+02 1.286635e+03 3.338431e+02 0.000000e+00 0.000000e+00 0.000000e+00 0.000000e+00 0.000000e+00 0.000000e+00 0.000000e+00 0.000000e+00 0.000000e+00
6.140000e-01 0.000000e+00 -2.077392e+03 -2.508209e+03 0.000000e+00 0.000000e+00 0.000000e+00 -1.350195e+02 -1.361053e+02 1.287325e+03 3.338834e+02 0.000000e+00 0.000000e+00 0.000000e+00 0.000000e+00 0.000000e+00 0.000000e+00 0.000000e+00 0.000000e+00 0.000000e+00
6.150000e-01 0.000000e+00 -2.087765e+03 -2.513619e+03 0.000000e+00 0.000000e+00 0.000000e+00 -1.351272e+02 -1.362032e+02 1.288023e+03 3.339412e+02 0.000000e+00 0.000000e+00 0.000000e+00 0.000000e+00 0.000000e+00 0.000000e+00 0.000000e+00 0.000000e+00 0.000000e+00
6.160000e-01 0.000000e+00 -2.098125e+03 -2.519046e+03 0.000000e+00 0.000000e+00 0.000000e+00 -1.352407e+02 -1.363070e+02 1.288729e+03 3.340171e+02 0.000000e+00 0.000000e+00 0.000000e+00 0.000000e+00 0.000000e+00 0.000000e+00 0.000000e+00 0.000000e+00 0.000000e+00
6.170000e-01 0.000000e+00 -2.108472e+03 -2.524491e+03 0.000000e+00 0.000000e+00 0.000000e+00 -1.353601e+02 -1.364169e+02 1.289443e+03 3.341117e+02 0.000000e+00 0.000000e+00 0.000000e+00 0.000000e+00 0.000000e+00 0.000000e+00 0.000000e+00 0.000000e+00 0.000000e+00
6.180000e-01 0.000000e+00 -2.118805e+03 -2.529955e+03 0.000000e+00 0.000000e+00 0.000000e+00 -1.354857e+02 -1.365332e+02 1.290165e+03 3.342254e+02 0.000000e+00 0.000000e+00 0.000000e+00 0.000000e+00 0.000000e+00 0.000000e+00 0.000000e+00 0.000000e+00 0.000000e+00
6.190000e-01 0.000000e+00 -2.129125e+03 -2.535441e+03 0.000000e+00 0.000000e+00 0.000000e+00 -1.356178e+02 -1.366560e+02 1.290895e+03 3.343590e+02 0.000000e+00 0.000000e+00 0.000000e+00 0.000000e+00 0.000000e+00 0.000000e+00 0.000000e+00 0.000000e+00 0.000000e+00
6.200000e-01 0.000000e+00 -2.139429e+03 -2.540950e+03 0.000000e+00 0.000000e+00 0.000000e+00 -1.357564e+02 -1.367856e+02 1.291633e+03 3.345128e+02 0.000000e+00 0.000000e+00 0.000000e+00 0.000000e+00 0.000000e+00 0.000000e+00 0.000000e+00 0.000000e+00 0.000000e+00
6.210000e-01 0.000000e+00 -2.149718e+03 -2.546484e+03 0.000000e+00 0.000000e+00 0.000000e+00 -1.359020e+02 -1.369222e+02 1.292380e+03 3.346875e+02 0.000000e+00 0.000000e+00 0.000000e+00 0.000000e+00 0.000000e+00 0.000000e+00 0.000000e+00 0.000000e+00 0.000000e+00
6.220000e-01 0.000000e+00 -2.159991e+03 -2.552045e+03 0.000000e+00 0.000000e+00 0.000000e+00 -1.360546e+02 -1.370660e+02 1.293135e+03 3.348835e+02 0.000000e+00 0.000000e+00 0.000000e+00 0.000000e+00 0.000000e+00 0.000000e+00 0.000000e+00 0.000000e+00 0.000000e+00
6.230000e-01 0.000000e+00 -2.170248e+03 -2.557634e+03 0.000000e+00 0.000000e+00 0.000000e+00 -1.362145e+02 -1.372172e+02 1.293899e+03 3.351015e+02 0.000000e+00 0.000000e+00 0.000000e+00 0.000000e+00 0.000000e+00 0.000000e+00 0.000000e+00 0.000000e+00 0.000000e+00
6.240000e-01 0.000000e+00 -2.180488e+03 -2.563254e+03 0.000000e+00 0.000000e+00 0.000000e+00 -1.363820e+02 -1.373761e+02 1.294671e+03 3.353420e+02 0.000000e+00 0.000000e+00 0.000000e+00 0.000000e+00 0.000000e+00 0.000000e+00 0.000000e+00 0.000000e+00 0.000000e+00
6.250000e-01 0.000000e+00 -2.190711e+03 -2.568906e+03 0.000000e+00 0.000000e+00 0.000000e+00 -1.365572e+02 -1.375428e+02 1.295452e+03 3.356054e+02 0.000000e+00 0.000000e+00 0.000000e+00 0.000000e+00 0.000000e+00 0.000000e+00 0.000000e+00 0.000000e+00 0.000000e+00
6.260000e-01 0.000000e+00 -2.200916e+03 -2.574591e+03 0.000000e+00 0.000000e+00 0.000000e+00 -1.367403e+02 -1.377176e+02 1.296241e+03 3.358923e+02 0.000000e+00 0.000000e+00 0.000000e+00 0.000000e+00 0.000000e+00 0.000000e+00 0.000000e+00 0.000000e+00 0.000000e+00
6.270000e-01 0.000000e+00 -2.211102e+03 -2.580312e+03 0.000000e+00 0.000000e+00 0.000000e+00 -1.369316e+02 -1.379006e+02 1.297039e+03 3.362033e+02 0.000000e+00 0.000000e+00 0.000000e+00 0.000000e+00 0.000000e+00 0.000000e+00 0.000000e+00 0.000000e+00 0.000000e+00
6.280000e-01 0.000000e+00 -2.221270e+03 -2.586071e+03 0.000000e+00 0.000000e+00 0.000000e+00 -1.371313e+02 -1.380922e+02 1.297846e+03 3.365389e+02 0.000000e+00 0.000000e+00 0.000000e+00 0.000000e+00 0.000000e+00 0.000000e+00 0.000000e+00 0.000000e+00 0.000000e+00
6.290000e-01 0.000000e+00 -2.231419e+03 -2.591868e+03 0.000000e+00 0.000000e+00 0.000000e+00 -1.373397e+02 -1.382924e+02 1.298661e+03 3.368995e+02 0.000000e+00 0.000000e+00 0.000000e+00 0.000000e+00 0.000000e+00 0.000000e+00 0.000000e+00 0.000000e+00 0.000000e+00
6.300000e-01 0.000000e+00 -2.241549e+03 -2.597707e+03 0.000000e+00 0.000000e+00 0.000000e+00 -1.375568e+02 -1.385016e+02 1.299486e+03 3.372857e+02 0.000000e+00 0.000000e+00 0.000000e+00 0.000000e+00 0.000000e+00 0.000000e+00 0.000000e+00 0.000000e+00 0.000000e+00
6.310000e-01 0.000000e+00 -2.251660e+03 -2.603589e+03 0.000000e+00 0.000000e+00 0.000000e+00 -1.377830e+02 -1.387198e+02 1.300320e+03 3.376979e+02 0.000000e+00 0.000000e+00 0.000000e+00 0.000000e+00 0.000000e+00 0.000000e+00 0.000000e+00 0.000000e+00 0.000000e+00
6.320000e-01 0.000000e+00 -2.261750e+03 -2.609515e+03 0.000000e+00 0.000000e+00 0.000000e+00 -1.380184e+02 -1.389474e+02 1.301163e+03 3.381367e+02 0.000000e+00 0.000000e+00 0.000000e+00 0.000000e+00 0.000000e+00 0.000000e+00 0.000000e+00 0.000000e+00 0.000000e+00
6.330000e-01 0.000000e+00 -2.271821e+03 -2.615488e+03 0.000000e+00 0.000000e+00 0.000000e+00 -1.382633e+02 -1.391845e+02 1.302014e+03 3.386026e+02 0.000000e+00 0.000000e+00 0.000000e+00 0.000000e+00 0.000000e+00 0.000000e+00 0.000000e+00 0.000000e+00 0.000000e+00
6.340000e-01 0.000000e+00 -2.281871e+03 -2.621510e+03 0.000000e+00 0.000000e+00 0.000000e+00 -1.385178e+02 -1.394313e+02 1.302876e+03 3.390961e+02 0.000000e+00 0.000000e+00 0.000000e+00 0.000000e+00 0.000000e+00 0.000000e+00 0.000000e+00 0.000000e+00 0.000000e+00
6.350000e-01 0.000000e+00 -2.291901e+03 -2.627581e+03 0.000000e+00 0.000000e+00 0.000000e+00 -1.387823e+02 -1.396880e+02 1.303746e+03 3.396176e+02 0.000000e+00 0.000000e+00 0.000000e+00 0.000000e+00 0.000000e+00 0.000000e+00 0.000000e+00 0.000000e+00 0.000000e+00
6.360000e-01 0.000000e+00 -2.301911e+03 -2.633705e+03 0.000000e+00 0.000000e+00 0.000000e+00 -1.390568e+02 -1.399549e+02 1.304626e+03 3.401676e+02 0.000000e+00 0.000000e+00 0.000000e+00 0.000000e+00 0.000000e+00 0.000000e+00 0.000000e+00 0.000000e+00 0.000000e+00
6.370000e-01 0.000000e+00 -2.311899e+03 -2.639882e+03 0.000000e+00 0.000000e+00 0.000000e+00 -1.393415e+02 -1.402321e+02 1.305516e+03 3.407465e+02 0.000000e+00 0.000000e+00 0.000000e+00 0.000000e+00 0.000000e+00 0.000000e+00 0.000000e+00 0.000000e+00 0.000000e+00
6.380000e-01 0.000000e+00 -2.321867e+03 -2.646115e+03 0.000000e+00 0.000000e+00 0.000000e+00 -1.396367e+02 -1.405197e+02 1.306415e+03 3.413549e+02 0.000000e+00 0.000000e+00 0.000000e+00 0.000000e+00 0.000000e+00 0.000000e+00 0.000000e+00 0.000000e+00 0.000000e+00
6.390000e-01 0.000000e+00 -2.331814e+03 -2.652405e+03 0.000000e+00 0.000000e+00 0.000000e+00 -1.399426e+02 -1.408181e+02 1.307324e+03 3.419932e+02 0.000000e+00 0.000000e+00 0.000000e+00 0.000000e+00 0.000000e+00 0.000000e+00 0.000000e+00 0.000000e+00 0.000000e+00
6.400000e-01 0.000000e+00 -2.341740e+03 -2.658755e+03 0.000000e+00 0.000000e+00 0.000000e+00 -1.402594e+02 -1.411273e+02 1.308243e+03 3.426618e+02 0.000000e+00 0.000000e+00 0.000000e+00 0.000000e+00 0.000000e+00 0.000000e+00 0.000000e+00 0.000000e+00 0.000000e+00
6.410000e-01 0.000000e+00 -2.351645e+03 -2.665165e+03 0.000000e+00 0.000000e+00 0.000000e+00 -1.405871e+02 -1.414476e+02 1.309172e+03 3.433611e+02 0.000000e+00 0.000000e+00 0.000000e+00 0.000000e+00 0.000000e+00 0.000000e+00 0.000000e+00 0.000000e+00 0.000000e+00
6.420000e-01 0.000000e+00 -2.361529e+03 -2.671638e+03 0.000000e+00 0.000000e+00 0.000000e+00 -1.409262e+02 -1.417791e+02 1.310110e+03 3.440917e+02 0.000000e+00 0.000000e+00 0.000000e+00 0.000000e+00 0.000000e+00 0.000000e+00 0.000000e+00 0.000000e+00 0.000000e+00
6.430000e-01 0.000000e+00 -2.371392e+03 -2.678176e+03 0.000000e+00 0.000000e+00 0.000000e+00 -1.412766e+02 -1.421221e+02 1.311059e+03 3.448538e+02 0.000000e+00 0.000000e+00 0.000000e+00 0.000000e+00 0.000000e+00 0.000000e+00 0.000000e+00 0.000000e+00 0.000000e+00
6.440000e-01 0.000000e+00 -2.381234e+03 -2.684780e+03 0.000000e+00 0.000000e+00 0.000000e+00 -1.416387e+02 -1.424767e+02 1.312018e+03 3.456480e+02 0.000000e+00 0.000000e+00 0.000000e+00 0.000000e+00 0.000000e+00 0.000000e+00 0.000000e+00 0.000000e+00 0.000000e+00
6.450000e-01 0.000000e+00 -2.391056e+03 -2.691453e+03 0.000000e+00 0.000000e+00 0.000000e+00 -1.420125e+02 -1.428431e+02 1.312988e+03 3.464747e+02 0.000000e+00 0.000000e+00 0.000000e+00 0.000000e+00 0.000000e+00 0.000000e+00 0.000000e+00 0.000000e+00 0.000000e+00
6.460000e-01 0.000000e+00 -2.400857e+03 -2.698195e+03 0.000000e+00 0.000000e+00 0.000000e+00 -1.423984e+02 -1.432214e+02 1.313967e+03 3.473343e+02 0.000000e+00 0.000000e+00 0.000000e+00 0.000000e+00 0.000000e+00 0.000000e+00 0.000000e+00 0.000000e+00 0.000000e+00
6.470000e-01 0.000000e+00 -2.410638e+03 -2.705009e+03 0.000000e+00 0.000000e+00 0.000000e+00 -1.427964e+02 -1.436119e+02 1.314958e+03 3.482271e+02 0.000000e+00 0.000000e+00 0.000000e+00 0.000000e+00 0.000000e+00 0.000000e+00 0.000000e+00 0.000000e+00 0.000000e+00
6.480000e-01 0.000000e+00 -2.420398e+03 -2.711896e+03 0.000000e+00 0.000000e+00 0.000000e+00 -1.432067e+02 -1.440146e+02 1.315959e+03 3.491536e+02 0.000000e+00 0.000000e+00 0.000000e+00 0.000000e+00 0.000000e+00 0.000000e+00 0.000000e+00 0.000000e+00 0.000000e+00
6.490000e-01 0.000000e+00 -2.430139e+03 -2.718858e+03 0.000000e+00 0.000000e+00 0.000000e+00 -1.436295e+02 -1.444299e+02 1.316970e+03 3.501140e+02 0.000000e+00 0.000000e+00 0.000000e+00 0.000000e+00 0.000000e+00 0.000000e+00 0.000000e+00 0.000000e+00 0.000000e+00
6.500000e-01 0.000000e+00 -2.439859e+03 -2.725898e+03 0.000000e+00 0.000000e+00 0.000000e+00 -1.440649e+02 -1.448577e+02 1.317993e+03 3.511089e+02 0.000000e+00 0.000000e+00 0.000000e+00 0.000000e+00 0.000000e+00 0.000000e+00 0.000000e+00 0.000000e+00 0.000000e+00
6.510000e-01 0.000000e+00 -2.449560e+03 -2.733015e+03 0.000000e+00 0.000000e+00 0.000000e+00 -1.445132e+02 -1.452983e+02 1.319026e+03 3.521386e+02 0.000000e+00 0.000000e+00 0.000000e+00 0.000000e+00 0.000000e+00 0.000000e+00 0.000000e+00 0.000000e+00 0.000000e+00
6.520000e-01 0.000000e+00 -2.459242e+03 -2.740213e+03 0.000000e+00 0.000000e+00 0.000000e+00 -1.449745e+02 -1.457519e+02 1.320071e+03 3.532034e+02 0.000000e+00 0.000000e+00 0.000000e+00 0.000000e+00 0.000000e+00 0.000000e+00 0.000000e+00 0.000000e+00 0.000000e+00
6.530000e-01 0.000000e+00 -2.468905e+03 -2.747493e+03 0.000000e+00 0.000000e+00 0.000000e+00 -1.454489e+02 -1.462186e+02 1.321126e+03 3.543036e+02 0.000000e+00 0.000000e+00 0.000000e+00 0.000000e+00 0.000000e+00 0.000000e+00 0.000000e+00 0.000000e+00 0.000000e+00
6.540000e-01 0.000000e+00 -2.478550e+03 -2.754856e+03 0.000000e+00 0.000000e+00 0.000000e+00 -1.459367e+02 -1.466984e+02 1.322193e+03 3.554396e+02 0.000000e+00 0.000000e+00 0.000000e+00 0.000000e+00 0.000000e+00 0.000000e+00 0.000000e+00 0.000000e+00 0.000000e+00
6.550000e-01 0.000000e+00 -2.488177e+03 -2.762304e+03 0.000000e+00 0.000000e+00 0.000000e+00 -1.464378e+02 -1.471917e+02 1.323271e+03 3.566118e+02 0.000000e+00 0.000000e+00 0.000000e+00 0.000000e+00 0.000000e+00 0.000000e+00 0.000000e+00 0.000000e+00 0.000000e+00
6.560000e-01 0.000000e+00 -2.497785e+03 -2.769838e+03 0.000000e+00 0.000000e+00 0.000000e+00 -1.469526e+02 -1.476985e+02 1.324361e+03 3.578204e+02 0.000000e+00 0.000000e+00 0.000000e+00 0.000000e+00 0.000000e+00 0.000000e+00 0.000000e+00 0.000000e+00 0.000000e+00
6.570000e-01 0.000000e+00 -2.507377e+03 -2.777461e+03 0.000000e+00 0.000000e+00 0.000000e+00 -1.474811e+02 -1.482190e+02 1.325463e+03 3.590658e+02 0.000000e+00 0.000000e+00 0.000000e+00 0.000000e+00 0.000000e+00 0.000000e+00 0.000000e+00 0.000000e+00 0.000000e+00
6.580000e-01 0.000000e+00 -2.516952e+03 -2.785174e+03 0.000000e+00 0.000000e+00 0.000000e+00 -1.480235e+02 -1.487532e+02 1.326576e+03 3.603482e+02 0.000000e+00 0.000000e+00 0.000000e+00 0.000000e+00 0.000000e+00 0.000000e+00 0.000000e+00 0.000000e+00 0.000000e+00
6.590000e-01 0.000000e+00 -2.526510e+03 -2.792978e+03 0.000000e+00 0.000000e+00 0.000000e+00 -1.485799e+02 -1.493014e+02 1.327701e+03 3.616680e+02 0.000000e+00 0.000000e+00 0.000000e+00 0.000000e+00 0.000000e+00 0.000000e+00 0.000000e+00 0.000000e+00 0.000000e+00
6.600000e-01 0.000000e+00 -2.536053e+03 -2.800875e+03 0.000000e+00 0.000000e+00 0.000000e+00 -1.491505e+02 -1.498636e+02 1.328838e+03 3.630254e+02 0.000000e+00 0.000000e+00 0.000000e+00 0.000000e+00 0.000000e+00 0.000000e+00 0.000000e+00 0.000000e+00 0.000000e+00
6.610000e-01 0.000000e+00 -2.545580e+03 -2.808866e+03 0.000000e+00 0.000000e+00 0.000000e+00 -1.497354e+02 -1.504400e+02 1.329987e+03 3.644208e+02 0.000000e+00 0.000000e+00 0.000000e+00 0.000000e+00 0.000000e+00 0.000000e+00 0.000000e+00 0.000000e+00 0.000000e+00
6.620000e-01 0.000000e+00 -2.555093e+03 -2.816953e+03 0.000000e+00 0.000000e+00 0.000000e+00 -1.503346e+02 -1.510308e+02 1.331149e+03 3.658543e+02 0.000000e+00 0.000000e+00 0.000000e+00 0.000000e+00 0.000000e+00 0.000000e+00 0.000000e+00 0.000000e+00 0.000000e+00
6.630000e-01 0.000000e+00 -2.564592e+03 -2.825138e+03 0.000000e+00 0.000000e+00 0.000000e+00 -1.509484e+02 -1.516359e+02 1.332323e+03 3.673262e+02 0.000000e+00 0.000000e+00 0.000000e+00 0.000000e+00 0.000000e+00 0.000000e+00 0.000000e+00 0.000000e+00 0.000000e+00
6.640000e-01 0.000000e+00 -2.574077e+03 -2.833421e+03 0.000000e+00 0.000000e+00 0.000000e+00 -1.515768e+02 -1.522555e+02 1.333509e+03 3.688368e+02 0.000000e+00 0.000000e+00 0.000000e+00 0.000000e+00 0.000000e+00 0.000000e+00 0.000000e+00 0.000000e+00 0.000000e+00
6.650000e-01 0.000000e+00 -2.583550e+03 -2.841804e+03 0.000000e+00 0.000000e+00 0.000000e+00 -1.522200e+02 -1.528899e+02 1.334708e+03 3.703864e+02 0.000000e+00 0.000000e+00 0.000000e+00 0.000000e+00 0.000000e+00 0.000000e+00 0.000000e+00 0.000000e+00 0.000000e+00
6.660000e-01 0.000000e+00 -2.593011e+03 -2.850289e+03 0.000000e+00 0.000000e+00 0.000000e+00 -1.528782e+02 -1.535389e+02 1.335920e+03 3.719751e+02 0.000000e+00 0.000000e+00 0.000000e+00 0.000000e+00 0.000000e+00 0.000000e+00 0.000000e+00 0.000000e+00 0.000000e+00
6.670000e-01 0.000000e+00 -2.602460e+03 -2.858876e+03 0.000000e+00 0.000000e+00 0.000000e+00 -1.535513e+02 -1.542029e+02 1.337144e+03 3.736032e+02 0.000000e+00 0.000000e+00 0.000000e+00 0.000000e+00 0.000000e+00 0.000000e+00 0.000000e+00 0.000000e+00 0.000000e+00
6.680000e-01 0.000000e+00 -2.611899e+03 -2.867568e+03 0.000000e+00 0.000000e+00 0.000000e+00 -1.542395e+02 -1.548818e+02 1.338382e+03 3.752709e+02 0.000000e+00 0.000000e+00 0.000000e+00 0.000000e+00 0.000000e+00 0.000000e+00 0.000000e+00 0.000000e+00 0.000000e+00
6.690000e-01 0.000000e+00 -2.621328e+03 -2.876366e+03 0.000000e+00 0.000000e+00 0.000000e+00 -1.549429e+02 -1.555758e+02 1.339633e+03 3.769785e+02 0.000000e+00 0.000000e+00 0.000000e+00 0.000000e+00 0.000000e+00 0.000000e+00 0.000000e+00 0.000000e+00 0.000000e+00
6.700000e-01 0.000000e+00 -2.630748e+03 -2.885271e+03 0.000000e+00 0.000000e+00 0.000000e+00 -1.556617e+02 -1.562849e+02 1.340897e+03 3.787260e+02 0.000000e+00 0.000000e+00 0.000000e+00 0.000000e+00 0.000000e+00 0.000000e+00 0.000000e+00 0.000000e+00 0.000000e+00
6.710000e-01 0.000000e+00 -2.640159e+03 -2.894283e+03 0.000000e+00 0.000000e+00 0.000000e+00 -1.563959e+02 -1.570093e+02 1.342174e+03 3.805138e+02 0.000000e+00 0.000000e+00 0.000000e+00 0.000000e+00 0.000000e+00 0.000000e+00 0.000000e+00 0.000000e+00 0.000000e+00
6.720000e-01 0.000000e+00 -2.649564e+03 -2.903406e+03 0.000000e+00 0.000000e+00 0.000000e+00 -1.571455e+02 -1.577490e+02 1.343465e+03 3.823419e+02 0.000000e+00 0.000000e+00 0.000000e+00 0.000000e+00 0.000000e+00 0.000000e+00 0.000000e+00 0.000000e+00 0.000000e+00
6.730000e-01 0.000000e+00 -2.658962e+03 -2.912638e+03 0.000000e+00 0.000000e+00 0.000000e+00 -1.579108e+02 -1.585042e+02 1.344770e+03 3.842106e+02 0.000000e+00 0.000000e+00 0.000000e+00 0.000000e+00 0.000000e+00 0.000000e+00 0.000000e+00 0.000000e+00 0.000000e+00
6.740000e-01 0.000000e+00 -2.668354e+03 -2.921983e+03 0.000000e+00 0.000000e+00 0.000000e+00 -1.586917e+02 -1.592748e+02 1.346088e+03 3.861199e+02 0.000000e+00 0.000000e+00 0.000000e+00 0.000000e+00 0.000000e+00 0.000000e+00 0.000000e+00 0.000000e+00 0.000000e+00
6.750000e-01 0.000000e+00 -2.677741e+03 -2.931440e+03 0.000000e+00 0.000000e+00 0.000000e+00 -1.594884e+02 -1.600610e+02 1.347421e+03 3.880701e+02 0.000000e+00 0.000000e+00 0.000000e+00 0.000000e+00 0.000000e+00 0.000000e+00 0.000000e+00 0.000000e+00 0.000000e+00
6.760000e-01 0.000000e+00 -2.687125e+03 -2.941011e+03 0.000000e+00 0.000000e+00 0.000000e+00 -1.603008e+02 -1.608628e+02 1.348768e+03 3.900612e+02 0.000000e+00 0.000000e+00 0.000000e+00 0.000000e+00 0.000000e+00 0.000000e+00 0.000000e+00 0.000000e+00 0.000000e+00
6.770000e-01 0.000000e+00 -2.696506e+03 -2.950697e+03 0.000000e+00 0.000000e+00 0.000000e+00 -1.611292e+02 -1.616803e+02 1.350128e+03 3.920934e+02 0.000000e+00 0.000000e+00 0.000000e+00 0.000000e+00 0.000000e+00 0.000000e+00 0.000000e+00 0.000000e+00 0.000000e+00
6.780000e-01 0.000000e+00 -2.705884e+03 -2.960499e+03 0.000000e+00 0.000000e+00 0.000000e+00 -1.619735e+02 -1.625136e+02 1.351504e+03 3.941667e+02 0.000000e+00 0.000000e+00 0.000000e+00 0.000000e+00 0.000000e+00 0.000000e+00 0.000000e+00 0.000000e+00 0.000000e+00
6.790000e-01 0.000000e+00 -2.715262e+03 -2.970418e+03 0.000000e+00 0.000000e+00 0.000000e+00 -1.628338e+02 -1.633626e+02 1.352893e+03 3.962813e+02 0.000000e+00 0.000000e+00 0.000000e+00 0.000000e+00 0.000000e+00 0.000000e+00 0.000000e+00 0.000000e+00 0.000000e+00
6.800000e-01 0.000000e+00 -2.724640e+03 -2.980455e+03 0.000000e+00 0.000000e+00 0.000000e+00 -1.637101e+02 -1.642275e+02 1.354298e+03 3.984373e+02 0.000000e+00 0.000000e+00 0.000000e+00 0.000000e+00 0.000000e+00 0.000000e+00 0.000000e+00 0.000000e+00 0.000000e+00
6.810000e-01 0.000000e+00 -2.734018e+03 -2.990610e+03 0.000000e+00 0.000000e+00 0.000000e+00 -1.646025e+02 -1.651083e+02 1.355717e+03 4.006347e+02 0.000000e+00 0.000000e+00 0.000000e+00 0.000000e+00 0.000000e+00 0.000000e+00 0.000000e+00 0.000000e+00 0.000000e+00
6.820000e-01 0.000000e+00 -2.743399e+03 -3.000885e+03 0.000000e+00 0.000000e+00 0.000000e+00 -1.655111e+02 -1.660051e+02 1.357151e+03 4.028736e+02 0.000000e+00 0.000000e+00 0.000000e+00 0.000000e+00 0.000000e+00 0.000000e+00 0.000000e+00 0.000000e+00 0.000000e+00
6.830000e-01 0.000000e+00 -2.752783e+03 -3.011281e+03 0.000000e+00 0.000000e+00 0.000000e+00 -1.664358e+02 -1.669177e+02 1.358600e+03 4.051541e+02 0.000000e+00 0.000000e+00 0.000000e+00 0.000000e+00 0.000000e+00 0.000000e+00 0.000000e+00 0.000000e+00 0.000000e+00
6.840000e-01 0.000000e+00 -2.762171e+03 -3.021797e+03 0.000000e+00 0.000000e+00 0.000000e+00 -1.673767e+02 -1.678464e+02 1.360065e+03 4.074762e+02 0.000000e+00 0.000000e+00 0.000000e+00 0.000000e+00 0.000000e+00 0.000000e+00 0.000000e+00 0.000000e+00 0.000000e+00
6.850000e-01 0.000000e+00 -2.771564e+03 -3.032435e+03 0.000000e+00 0.000000e+00 0.000000e+00 -1.683339e+02 -1.687911e+02 1.361544e+03 4.098399e+02 0.000000e+00 0.000000e+00 0.000000e+00 0.000000e+00 0.000000e+00 0.000000e+00 0.000000e+00 0.000000e+00 0.000000e+00
6.860000e-01 0.000000e+00 -2.780964e+03 -3.043196e+03 0.000000e+00 0.000000e+00 0.000000e+00 -1.693074e+02 -1.697519e+02 1.363040e+03 4.122453e+02 0.000000e+00 0.000000e+00 0.000000e+00 0.000000e+00 0.000000e+00 0.000000e+00 0.000000e+00 0.000000e+00 0.000000e+00
6.870000e-01 0.000000e+00 -2.790371e+03 -3.054080e+03 0.000000e+00 0.000000e+00 0.000000e+00 -1.702972e+02 -1.707287e+02 1.364551e+03 4.146924e+02 0.000000e+00 0.000000e+00 0.000000e+00 0.000000e+00 0.000000e+00 0.000000e+00 0.000000e+00 0.000000e+00 0.000000e+00
6.880000e-01 0.000000e+00 -2.799786e+03 -3.065089e+03 0.000000e+00 0.000000e+00 0.000000e+00 -1.713033e+02 -1.717217e+02 1.366078e+03 4.171813e+02 0.000000e+00 0.000000e+00 0.000000e+00 0.000000e+00 0.000000e+00 0.000000e+00 0.000000e+00 0.000000e+00 0.000000e+00
6.890000e-01 0.000000e+00 -2.809212e+03 -3.076222e+03 0.000000e+00 0.000000e+00 0.000000e+00 -1.723258e+02 -1.727308e+02 1.367621e+03 4.197119e+02 0.000000e+00 0.000000e+00 0.000000e+00 0.000000e+00 0.000000e+00 0.000000e+00 0.000000e+00 0.000000e+00 0.000000e+00
6.900000e-01 0.000000e+00 -2.818648e+03 -3.087481e+03 0.000000e+00 0.000000e+00 0.000000e+00 -1.733647e+02 -1.737561e+02 1.369180e+03 4.222843e+02 0.000000e+00 0.000000e+00 0.000000e+00 0.000000e+00 0.000000e+00 0.000000e+00 0.000000e+00 0.000000e+00 0.000000e+00
6.910000e-01 0.000000e+00 -2.828097e+03 -3.098866e+03 0.000000e+00 0.000000e+00 0.000000e+00 -1.744200e+02 -1.747975e+02 1.370755e+03 4.248985e+02 0.000000e+00 0.000000e+00 0.000000e+00 0.000000e+00 0.000000e+00 0.000000e+00 0.000000e+00 0.000000e+00 0.000000e+00
6.920000e-01 0.000000e+00 -2.837558e+03 -3.110377e+03 0.000000e+00 0.000000e+00 0.000000e+00 -1.754917e+02 -1.758551e+02 1.372347e+03 4.275544e+02 0.000000e+00 0.000000e+00 0.000000e+00 0.000000e+00 0.000000e+00 0.000000e+00 0.000000e+00 0.000000e+00 0.000000e+00
6.930000e-01 0.000000e+00 -2.847035e+03 -3.122015e+03 0.000000e+00 0.000000e+00 0.000000e+00 -1.765798e+02 -1.769288e+02 1.373955e+03 4.302520e+02 0.000000e+00 0.000000e+00 0.000000e+00 0.000000e+00 0.000000e+00 0.000000e+00 0.000000e+00 0.000000e+00 0.000000e+00
6.940000e-01 0.000000e+00 -2.856527e+03 -3.133781e+03 0.000000e+00 0.000000e+00 0.000000e+00 -1.776843e+02 -1.780187e+02 1.375580e+03 4.329913e+02 0.000000e+00 0.000000e+00 0.000000e+00 0.000000e+00 0.000000e+00 0.000000e+00 0.000000e+00 0.000000e+00 0.000000e+00
6.950000e-01 0.000000e+00 -2.866037e+03 -3.145674e+03 0.000000e+00 0.000000e+00 0.000000e+00 -1.788052e+02 -1.791247e+02 1.377222e+03 4.357722e+02 0.000000e+00 0.000000e+00 0.000000e+00 0.000000e+00 0.000000e+00 0.000000e+00 0.000000e+00 0.000000e+00 0.000000e+00
6.960000e-01 0.000000e+00 -2.875564e+03 -3.157696e+03 0.000000e+00 0.000000e+00 0.000000e+00 -1.799425e+02 -1.802468e+02 1.378880e+03 4.385946e+02 0.000000e+00 0.000000e+00 0.000000e+00 0.000000e+00 0.000000e+00 0.000000e+00 0.000000e+00 0.000000e+00 0.000000e+00
6.970000e-01 0.000000e+00 -2.885111e+03 -3.169845e+03 0.000000e+00 0.000000e+00 0.000000e+00 -1.810961e+02 -1.813851e+02 1.380557e+03 4.414585e+02 0.000000e+00 0.000000e+00 0.000000e+00 0.000000e+00 0.000000e+00 0.000000e+00 0.000000e+00 0.000000e+00 0.000000e+00
6.980000e-01 0.000000e+00 -2.894679e+03 -3.182124e+03 0.000000e+00 0.000000e+00 0.000000e+00 -1.822661e+02 -1.825394e+02 1.382250e+03 4.443638e+02 0.000000e+00 0.000000e+00 0.000000e+00 0.000000e+00 0.000000e+00 0.000000e+00 0.000000e+00 0.000000e+00 0.000000e+00
6.990000e-01 0.000000e+00 -2.904268e+03 -3.194531e+03 0.000000e+00 0.000000e+00 0.000000e+00 -1.834524e+02 -1.837097e+02 1.383961e+03 4.473104e+02 0.000000e+00 0.000000e+00 0.000000e+00 0.000000e+00 0.000000e+00 0.000000e+00 0.000000e+00 0.000000e+00 0.000000e+00
7.000000e-01 0.000000e+00 -2.913881e+03 -3.207067e+03 0.000000e+00 0.000000e+00 0.000000e+00 -1.846550e+02 -1.848961e+02 1.385689e+03 4.502981e+02 0.000000e+00 0.000000e+00 0.000000e+00 0.000000e+00 0.000000e+00 0.000000e+00 0.000000e+00 0.000000e+00 0.000000e+00
7.010000e-01 0.000000e+00 -2.923519e+03 -3.219732e+03 0.000000e+00 0.000000e+00 0.000000e+00 -1.858738e+02 -1.860985e+02 1.387435e+03 4.533269e+02 0.000000e+00 0.000000e+00 0.000000e+00 0.000000e+00 0.000000e+00 0.000000e+00 0.000000e+00 0.000000e+00 0.000000e+00
7.020000e-01 0.000000e+00 -2.933182e+03 -3.232526e+03 0.000000e+00 0.000000e+00 0.000000e+00 -1.871088e+02 -1.873167e+02 1.389200e+03 4.563966e+02 0.000000e+00 0.000000e+00 0.000000e+00 0.000000e+00 0.000000e+00 0.000000e+00 0.000000e+00 0.000000e+00 0.000000e+00
7.030000e-01 0.000000e+00 -2.942872e+03 -3.245449e+03 0.000000e+00 0.000000e+00 0.000000e+00 -1.883600e+02 -1.885509e+02 1.390982e+03 4.595071e+02 0.000000e+00 0.000000e+00 0.000000e+00 0.000000e+00 0.000000e+00 0.000000e+00 0.000000e+00 0.000000e+00 0.000000e+00
7.040000e-01 0.000000e+00 -2.952590e+03 -3.258500e+03 0.000000e+00 0.000000e+00 0.000000e+00 -1.896272e+02 -1.898009e+02 1.392782e+03 4.626583e+02 0.000000e+00 0.000000e+00 0.000000e+00 0.000000e+00 0.000000e+00 0.000000e+00 0.000000e+00 0.000000e+00 0.000000e+00
7.050000e-01 0.000000e+00 -2.962338e+03 -3.271681e+03 0.000000e+00 0.000000e+00 0.000000e+00 -1.909105e+02 -1.910666e+02 1.394601e+03 4.658500e+02 0.000000e+00 0.000000e+00 0.000000e+00 0.000000e+00 0.000000e+00 0.000000e+00 0.000000e+00 0.000000e+00 0.000000e+00
7.060000e-01 0.000000e+00 -2.972117e+03 -3.284990e+03 0.000000e+00 0.000000e+00 0.000000e+00 -1.922097e+02 -1.923480e+02 1.396439e+03 4.690820e+02 0.000000e+00 0.000000e+00 0.000000e+00 0.000000e+00 0.000000e+00 0.000000e+00 0.000000e+00 0.000000e+00 0.000000e+00
7.070000e-01 0.000000e+00 -2.981929e+03 -3.298428e+03 0.000000e+00 0.000000e+00 0.000000e+00 -1.935249e+02 -1.936451e+02 1.398295e+03 4.723542e+02 0.000000e+00 0.000000e+00 0.000000e+00 0.000000e+00 0.000000e+00 0.000000e+00 0.000000e+00 0.000000e+00 0.000000e+00
7.080000e-01 0.000000e+00 -2.991773e+03 -3.311994e+03 0.000000e+00 0.000000e+00 0.000000e+00 -1.948560e+02 -1.949579e+02 1.400170e+03 4.756664e+02 0.000000e+00 0.000000e+00 0.000000e+00 0.000000e+00 0.000000e+00 0.000000e+00 0.000000e+00 0.000000e+00 0.000000e+00
7.090000e-01 0.000000e+00 -3.001653e+03 -3.325689e+03 0.000000e+00 0.000000e+00 0.000000e+00 -1.962029e+02 -1.962861e+02 1.402064e+03 4.790185e+02 0.000000e+00 0.000000e+00 0.000000e+00 0.000000e+00 0.000000e+00 0.000000e+00 0.000000e+00 0.000000e+00 0.000000e+00
7.100000e-01 0.000000e+00 -3.011569e+03 -3.339512e+03 0.000000e+00 0.000000e+00 0.000000e+00 -1.975656e+02 -1.976298e+02 1.403977e+03 4.824103e+02 0.000000e+00 0.000000e+00 0.000000e+00 0.000000e+00 0.000000e+00 0.000000e+00 0.000000e+00 0.000000e+00 0.000000e+00
7.110000e-01 0.000000e+00 -3.021522e+03 -3.353462e+03 0.000000e+00 0.000000e+00 0.000000e+00 -1.989439e+02 -1.989890e+02 1.405910e+03 4.858416e+02 0.000000e+00 0.000000e+00 0.000000e+00 0.000000e+00 0.000000e+00 0.000000e+00 0.000000e+00 0.000000e+00 0.000000e+00
7.120000e-01 0.000000e+00 -3.031514e+03 -3.367541e+03 0.000000e+00 0.000000e+00 0.000000e+00 -2.003379e+02 -2.003634e+02 1.407862e+03 4.893122e+02 0.000000e+00 0.000000e+00 0.000000e+00 0.000000e+00 0.000000e+00 0.000000e+00 0.000000e+00 0.000000e+00 0.000000e+00
7.130000e-01 0.000000e+00 -3.041546e+03 -3.381746e+03 0.000000e+00 0.000000e+00 0.000000e+00 -2.017474e+02 -2.017532e+02 1.409833e+03 4.928220e+02 0.000000e+00 0.000000e+00 0.000000e+00 0.000000e+00 0.000000e+00 0.000000e+00 0.000000e+00 0.000000e+00 0.000000e+00
7.140000e-01 0.000000e+00 -3.051620e+03 -3.396078e+03 0.000000e+00 0.000000e+00 0.000000e+00 -2.031723e+02 -2.031581e+02 1.411825e+03 4.963706e+02 0.000000e+00 0.000000e+00 0.000000e+00 0.000000e+00 0.000000e+00 0.000000e+00 0.000000e+00 0.000000e+00 0.000000e+00
7.150000e-01 0.000000e+00 -3.061737e+03 -3.410536e+03 0.000000e+00 0.000000e+00 0.000000e+00 -2.046127e+02 -2.045781e+02 1.413836e+03 4.999579e+02 0.000000e+00 0.000000e+00 0.000000e+00 0.000000e+00 0.000000e+00 0.000000e+00 0.000000e+00 0.000000e+00 0.000000e+00
7.160000e-01 0.000000e+00 -3.071898e+03 -3.425119e+03 0.000000e+00 0.000000e+00 0.000000e+00 -2.060683e+02 -2.060130e+02 1.415867e+03 5.035837e+02 0.000000e+00 0.000000e+00 0.000000e+00 0.000000e+00 0.000000e+00 0.000000e+00 0.000000e+00 0.000000e+00 0.000000e+00
7.170000e-01 0.000000e+00 -3.082104e+03 -3.439828e+03 0.000000e+00 0.000000e+00 0.000000e+00 -2.075390e+02 -2.074629e+02 1.417919e+03 5.072476e+02 0.000000e+00 0.000000e+00 0.000000e+00 0.000000e+00 0.000000e+00 0.000000e+00 0.000000e+00 0.000000e+00 0.000000e+00
7.180000e-01 0.000000e+00 -3.092357e+03 -3.454661e+03 0.000000e+00 0.000000e+00 0.000000e+00 -2.090249e+02 -2.089276e+02 1.419991e+03 5.109496e+02 0.000000e+00 0.000000e+00 0.000000e+00 0.000000e+00 0.000000e+00 0.000000e+00 0.000000e+00 0.000000e+00 0.000000e+00
7.190000e-01 0.000000e+00 -3.102657e+03 -3.469617e+03 0.000000e+00 0.000000e+00 0.000000e+00 -2.105257e+02 -2.104069e+02 1.422083e+03 5.146892e+02 0.000000e+00 0.000000e+00 0.000000e+00 0.000000e+00 0.000000e+00 0.000000e+00 0.000000e+00 0.000000e+00 0.000000e+00
7.200000e-01 0.000000e+00 -3.113008e+03 -3.484697e+03 0.000000e+00 0.000000e+00 0.000000e+00 -2.120414e+02 -2.119009e+02 1.424196e+03 5.184663e+02 0.000000e+00 0.000000e+00 0.000000e+00 0.000000e+00 0.000000e+00 0.000000e+00 0.000000e+00 0.000000e+00 0.000000e+00
7.210000e-01 0.000000e+00 -3.123408e+03 -3.499899e+03 0.000000e+00 0.000000e+00 0.000000e+00 -2.135719e+02 -2.134093e+02 1.426330e+03 5.222805e+02 0.000000e+00 0.000000e+00 0.000000e+00 0.000000e+00 0.000000e+00 0.000000e+00 0.000000e+00 0.000000e+00 0.000000e+00
7.220000e-01 0.000000e+00 -3.133861e+03 -3.515222e+03 0.000000e+00 0.000000e+00 0.000000e+00 -2.151170e+02 -2.149321e+02 1.428485e+03 5.261317e+02 0.000000e+00 0.000000e+00 0.000000e+00 0.000000e+00 0.000000e+00 0.000000e+00 0.000000e+00 0.000000e+00 0.000000e+00
7.230000e-01 0.000000e+00 -3.144366e+03 -3.530665e+03 0.000000e+00 0.000000e+00 0.000000e+00 -2.166766e+02 -2.164691e+02 1.430661e+03 5.300194e+02 0.000000e+00 0.000000e+00 0.000000e+00 0.000000e+00 0.000000e+00 0.000000e+00 0.000000e+00 0.000000e+00 0.000000e+00
7.240000e-01 0.000000e+00 -3.154926e+03 -3.546228e+03 0.000000e+00 0.000000e+00 0.000000e+00 -2.182506e+02 -2.180202e+02 1.432858e+03 5.339435e+02 0.000000e+00 0.000000e+00 0.000000e+00 0.000000e+00 0.000000e+00 0.000000e+00 0.000000e+00 0.000000e+00 0.000000e+00
7.250000e-01 0.000000e+00 -3.165542e+03 -3.561909e+03 0.000000e+00 0.000000e+00 0.000000e+00 -2.198389e+02 -2.195853e+02 1.435077e+03 5.379035e+02 0.000000e+00 0.000000e+00 0.000000e+00 0.000000e+00 0.000000e+00 0.000000e+00 0.000000e+00 0.000000e+00 0.000000e+00
7.260000e-01 0.000000e+00 -3.176214e+03 -3.577708e+03 0.000000e+00 0.000000e+00 0.000000e+00 -2.214413e+02 -2.211643e+02 1.437317e+03 5.418993e+02 0.000000e+00 0.000000e+00 0.000000e+00 0.000000e+00 0.000000e+00 0.000000e+00 0.000000e+00 0.000000e+00 0.000000e+00
7.270000e-01 0.000000e+00 -3.186944e+03 -3.593623e+03 0.000000e+00 0.000000e+00 0.000000e+00 -2.230577e+02 -2.227570e+02 1.439579e+03 5.459304e+02 0.000000e+00 0.000000e+00 0.000000e+00 0.000000e+00 0.000000e+00 0.000000e+00 0.000000e+00 0.000000e+00 0.000000e+00
7.280000e-01 0.000000e+00 -3.197734e+03 -3.609653e+03 0.000000e+00 0.000000e+00 0.000000e+00 -2.246880e+02 -2.243634e+02 1.441863e+03 5.499967e+02 0.000000e+00 0.000000e+00 0.000000e+00 0.000000e+00 0.000000e+00 0.000000e+00 0.000000e+00 0.000000e+00 0.000000e+00
7.290000e-01 0.000000e+00 -3.208584e+03 -3.625798e+03 0.000000e+00 0.000000e+00 0.000000e+00 -2.263320e+02 -2.259832e+02 1.444168e+03 5.540978e+02 0.000000e+00 0.000000e+00 0.000000e+00 0.000000e+00 0.000000e+00 0.000000e+00 0.000000e+00 0.000000e+00 0.000000e+00
7.300000e-01 0.000000e+00 -3.219496e+03 -3.642056e+03 0.000000e+00 0.000000e+00 0.000000e+00 -2.279897e+02 -2.276163e+02 1.446496e+03 5.582334e+02 0.000000e+00 0.000000e+00 0.000000e+00 0.000000e+00 0.000000e+00 0.000000e+00 0.000000e+00 0.000000e+00 0.000000e+00
7.310000e-01 0.000000e+00 -3.230471e+03 -3.658426e+03 0.000000e+00 0.000000e+00 0.000000e+00 -2.296608e+02 -2.292627e+02 1.448847e+03 5.624031e+02 0.000000e+00 0.000000e+00 0.000000e+00 0.000000e+00 0.000000e+00 0.000000e+00 0.000000e+00 0.000000e+00 0.000000e+00
7.320000e-01 0.000000e+00 -3.241510e+03 -3.674906e+03 0.000000e+00 0.000000e+00 0.000000e+00 -2.313453e+02 -2.309222e+02 1.451219e+03 5.666068e+02 0.000000e+00 0.000000e+00 0.000000e+00 0.000000e+00 0.000000e+00 0.000000e+00 0.000000e+00 0.000000e+00 0.000000e+00
7.330000e-01 0.000000e+00 -3.252614e+03 -3.691496e+03 0.000000e+00 0.000000e+00 0.000000e+00 -2.330431e+02 -2.325946e+02 1.453614e+03 5.708440e+02 0.000000e+00 0.000000e+00 0.000000e+00 0.000000e+00 0.000000e+00 0.000000e+00 0.000000e+00 0.000000e+00 0.000000e+00
7.340000e-01 0.000000e+00 -3.263785e+03 -3.708195e+03 0.000000e+00 0.000000e+00 0.000000e+00 -2.347538e+02 -2.342798e+02 1.456032e+03 5.751143e+02 0.000000e+00 0.000000e+00 0.000000e+00 0.000000e+00 0.000000e+00 0.000000e+00 0.000000e+00 0.000000e+00 0.000000e+00
7.350000e-01 0.000000e+00 -3.275023e+03 -3.725000e+03 0.000000e+00 0.000000e+00 0.000000e+00 -2.364775e+02 -2.359777e+02 1.458473e+03 5.794176e+02 0.000000e+00 0.000000e+00 0.000000e+00 0.000000e+00 0.000000e+00 0.000000e+00 0.000000e+00 0.000000e+00 0.000000e+00
7.360000e-01 0.000000e+00 -3.286330e+03 -3.741910e+03 0.000000e+00 0.000000e+00 0.000000e+00 -2.382140e+02 -2.376881e+02 1.460936e+03 5.837534e+02 0.000000e+00 0.000000e+00 0.000000e+00 0.000000e+00 0.000000e+00 0.000000e+00 0.000000e+00 0.000000e+00 0.000000e+00
7.370000e-01 0.000000e+00 -3.297707e+03 -3.758924e+03 0.000000e+00 0.000000e+00 0.000000e+00 -2.399631e+02 -2.394109e+02 1.463423e+03 5.881213e+02 0.000000e+00 0.000000e+00 0.000000e+00 0.000000e+00 0.000000e+00 0.000000e+00 0.000000e+00 0.000000e+00 0.000000e+00
7.380000e-01 0.000000e+00 -3.309155e+03 -3.776041e+03 0.000000e+00 0.000000e+00 0.000000e+00 -2.417246e+02 -2.411458e+02 1.465933e+03 5.925211e+02 0.000000e+00 0.000000e+00 0.000000e+00 0.000000e+00 0.000000e+00 0.000000e+00 0.000000e+00 0.000000e+00 0.000000e+00
7.390000e-01 0.000000e+00 -3.320675e+03 -3.793258e+03 0.000000e+00 0.000000e+00 0.000000e+00 -2.434984e+02 -2.428928e+02 1.468467e+03 5.969523e+02 0.000000e+00 0.000000e+00 0.000000e+00 0.000000e+00 0.000000e+00 0.000000e+00 0.000000e+00 0.000000e+00 0.000000e+00
7.400000e-01 0.000000e+00 -3.332268e+03 -3.810575e+03 0.000000e+00 0.000000e+00 0.000000e+00 -2.452844e+02 -2.446517e+02 1.471023e+03 6.014147e+02 0.000000e+00 0.000000e+00 0.000000e+00 0.000000e+00 0.000000e+00 0.000000e+00 0.000000e+00 0.000000e+00 0.000000e+00
7.410000e-01 0.000000e+00 -3.343936e+03 -3.827989e+03 0.000000e+00 0.000000e+00 0.000000e+00 -2.470823e+02 -2.464223e+02 1.473604e+03 6.059078e+02 0.000000e+00 0.000000e+00 0.000000e+00 0.000000e+00 0.000000e+00 0.000000e+00 0.000000e+00 0.000000e+00 0.000000e+00
7.420000e-01 0.000000e+00 -3.355678e+03 -3.845499e+03 0.000000e+00 0.000000e+00 0.000000e+00 -2.488920e+02 -2.482045e+02 1.476208e+03 6.104312e+02 0.000000e+00 0.000000e+00 0.000000e+00 0.000000e+00 0.000000e+00 0.000000e+00 0.000000e+00 0.000000e+00 0.000000e+00
7.430000e-01 0.000000e+00 -3.367497e+03 -3.863103e+03 0.000000e+00 0.000000e+00 0.000000e+00 -2.507134e+02 -2.499981e+02 1.478836e+03 6.149846e+02 0.000000e+00 0.000000e+00 0.000000e+00 0.000000e+00 0.000000e+00 0.000000e+00 0.000000e+00 0.000000e+00 0.000000e+00
7.440000e-01 0.000000e+00 -3.379392e+03 -3.880799e+03 0.000000e+00 0.000000e+00 0.000000e+00 -2.525462e+02 -2.518028e+02 1.481488e+03 6.195677e+02 0.000000e+00 0.000000e+00 0.000000e+00 0.000000e+00 0.000000e+00 0.000000e+00 0.000000e+00 0.000000e+00 0.000000e+00
7.450000e-01 0.000000e+00 -3.391366e+03 -3.898586e+03 0.000000e+00 0.000000e+00 0.000000e+00 -2.543903e+02 -2.536187e+02 1.484165e+03 6.241799e+02 0.000000e+00 0.000000e+00 0.000000e+00 0.000000e+00 0.000000e+00 0.000000e+00 0.000000e+00 0.000000e+00 0.000000e+00
7.460000e-01 0.000000e+00 -3.403419e+03 -3.916461e+03 0.000000e+00 0.000000e+00 0.000000e+00 -2.562454e+02 -2.554454e+02 1.486865e+03 6.288210e+02 0.000000e+00 0.000000e+00 0.000000e+00 0.000000e+00 0.000000e+00 0.000000e+00 0.000000e+00 0.000000e+00 0.000000e+00
7.470000e-01 0.000000e+00 -3.415551e+03 -3.934423e+03 0.000000e+00 0.000000e+00 0.000000e+00 -2.581115e+02 -2.572828e+02 1.489590e+03 6.334905e+02 0.000000e+00 0.000000e+00 0.000000e+00 0.000000e+00 0.000000e+00 0.000000e+00 0.000000e+00 0.000000e+00 0.000000e+00
7.480000e-01 0.000000e+00 -3.427765e+03 -3.952469e+03 0.000000e+00 0.000000e+00 0.000000e+00 -2.599883e+02 -2.591307e+02 1.492339e+03 6.381881e+02 0.000000e+00 0.000000e+00 0.000000e+00 0.000000e+00 0.000000e+00 0.000000e+00 0.000000e+00 0.000000e+00 0.000000e+00
7.490000e-01 0.000000e+00 -3.440060e+03 -3.970598e+03 0.000000e+00 0.000000e+00 0.000000e+00 -2.618757e+02 -2.609890e+02 1.495113e+03 6.429134e+02 0.000000e+00 0.000000e+00 0.000000e+00 0.000000e+00 0.000000e+00 0.000000e+00 0.000000e+00 0.000000e+00 0.000000e+00
7.500000e-01 0.000000e+00 -3.452438e+03 -3.988808e+03 0.000000e+00 0.000000e+00 0.000000e+00 -2.637736e+02 -2.628575e+02 1.497912e+03 6.476660e+02 0.000000e+00 0.000000e+00 0.000000e+00 0.000000e+00 0.000000e+00 0.000000e+00 0.000000e+00 0.000000e+00 0.000000e+00
7.510000e-01 0.000000e+00 -3.464899e+03 -4.007096e+03 0.000000e+00 0.000000e+00 0.000000e+00 -2.656816e+02 -2.647361e+02 1.500736e+03 6.524455e+02 0.000000e+00 0.000000e+00 0.000000e+00 0.000000e+00 0.000000e+00 0.000000e+00 0.000000e+00 0.000000e+00 0.000000e+00
7.520000e-01 0.000000e+00 -3.477444e+03 -4.025461e+03 0.000000e+00 0.000000e+00 0.000000e+00 -2.675996e+02 -2.666244e+02 1.503584e+03 6.572516e+02 0.000000e+00 0.000000e+00 0.000000e+00 0.000000e+00 0.000000e+00 0.000000e+00 0.000000e+00 0.000000e+00 0.000000e+00
7.530000e-01 0.000000e+00 -3.490075e+03 -4.043901e+03 0.000000e+00 0.000000e+00 0.000000e+00 -2.695276e+02 -2.685225e+02 1.506458e+03 6.620838e+02 0.000000e+00 0.000000e+00 0.000000e+00 0.000000e+00 0.000000e+00 0.000000e+00 0.000000e+00 0.000000e+00 0.000000e+00
7.540000e-01 0.000000e+00 -3.502791e+03 -4.062413e+03 0.000000e+00 0.000000e+00 0.000000e+00 -2.714652e+02 -2.704300e+02 1.509356e+03 6.669418e+02 0.000000e+00 0.000000e+00 0.000000e+00 0.000000e+00 0.000000e+00 0.000000e+00 0.000000e+00 0.000000e+00 0.000000e+00
7.550000e-01 0.000000e+00 -3.515594e+03 -4.080995e+03 0.000000e+00 0.000000e+00 0.000000e+00 -2.734123e+02 -2.723468e+02 1.512280e+03 6.718252e+02 0.000000e+00 0.000000e+00 0.000000e+00 0.000000e+00 0.000000e+00 0.000000e+00 0.000000e+00 0.000000e+00 0.000000e+00
7.560000e-01 0.000000e+00 -3.528484e+03 -4.099645e+03 0.000000e+00 0.000000e+00 0.000000e+00 -2.753687e+02 -2.742728e+02 1.515229e+03 6.767335e+02 0.000000e+00 0.000000e+00 0.000000e+00 0.000000e+00 0.000000e+00 0.000000e+00 0.000000e+00 0.000000e+00 0.000000e+00
7.570000e-01 0.000000e+00 -3.541462e+03 -4.118361e+03 0.000000e+00 0.000000e+00 0.000000e+00 -2.773342e+02 -2.762077e+02 1.518204e+03 6.816664e+02 0.000000e+00 0.000000e+00 0.000000e+00 0.000000e+00 0.000000e+00 0.000000e+00 0.000000e+00 0.000000e+00 0.000000e+00
7.580000e-01 0.000000e+00 -3.554529e+03 -4.137140e+03 0.000000e+00 0.000000e+00 0.000000e+00 -2.793086e+02 -2.781514e+02 1.521204e+03 6.866235e+02 0.000000e+00 0.000000e+00 0.000000e+00 0.000000e+00 0.000000e+00 0.000000e+00 0.000000e+00 0.000000e+00 0.000000e+00
7.590000e-01 0.000000e+00 -3.567684e+03 -4.155980e+03 0.000000e+00 0.000000e+00 0.000000e+00 -2.812918e+02 -2.801036e+02 1.524230e+03 6.916044e+02 0.000000e+00 0.000000e+00 0.000000e+00 0.000000e+00 0.000000e+00 0.000000e+00 0.000000e+00 0.000000e+00 0.000000e+00
7.600000e-01 0.000000e+00 -3.580930e+03 -4.174879e+03 0.000000e+00 0.000000e+00 0.000000e+00 -2.832836e+02 -2.820643e+02 1.527282e+03 6.966086e+02 0.000000e+00 0.000000e+00 0.000000e+00 0.000000e+00 0.000000e+00 0.000000e+00 0.000000e+00 0.000000e+00 0.000000e+00
7.610000e-01 0.000000e+00 -3.594266e+03 -4.193833e+03 0.000000e+00 0.000000e+00 0.000000e+00 -2.852836e+02 -2.840331e+02 1.530359e+03 7.016359e+02 0.000000e+00 0.000000e+00 0.000000e+00 0.000000e+00 0.000000e+00 0.000000e+00 0.000000e+00 0.000000e+00 0.000000e+00
7.620000e-01 0.000000e+00 -3.607693e+03 -4.212841e+03 0.000000e+00 0.000000e+00 0.000000e+00 -2.872919e+02 -2.860099e+02 1.533462e+03 7.066857e+02 0.000000e+00 0.000000e+00 0.000000e+00 0.000000e+00 0.000000e+00 0.000000e+00 0.000000e+00 0.000000e+00 0.000000e+00
7.630000e-01 0.000000e+00 -3.621211e+03 -4.231900e+03 0.000000e+00 0.000000e+00 0.000000e+00 -2.893080e+02 -2.879946e+02 1.536591e+03 7.117576e+02 0.000000e+00 0.000000e+00 0.000000e+00 0.000000e+00 0.000000e+00 0.000000e+00 0.000000e+00 0.000000e+00 0.000000e+00
7.640000e-01 0.000000e+00 -3.634821e+03 -4.251007e+03 0.000000e+00 0.000000e+00 0.000000e+00 -2.913320e+02 -2.899869e+02 1.539746e+03 7.168513e+02 0.000000e+00 0.000000e+00 0.000000e+00 0.000000e+00 0.000000e+00 0.000000e+00 0.000000e+00 0.000000e+00 0.000000e+00
7.650000e-01 0.000000e+00 -3.648524e+03 -4.270161e+03 0.000000e+00 0.000000e+00 0.000000e+00 -2.933635e+02 -2.919866e+02 1.542928e+03 7.219663e+02 0.000000e+00 0.000000e+00 0.000000e+00 0.000000e+00 0.000000e+00 0.000000e+00 0.000000e+00 0.000000e+00 0.000000e+00
7.660000e-01 0.000000e+00 -3.662319e+03 -4.289357e+03 0.000000e+00 0.000000e+00 0.000000e+00 -2.954023e+02 -2.939935e+02 1.546135e+03 7.271023e+02 0.000000e+00 0.000000e+00 0.000000e+00 0.000000e+00 0.000000e+00 0.000000e+00 0.000000e+00 0.000000e+00 0.000000e+00
7.670000e-01 0.000000e+00 -3.676208e+03 -4.308594e+03 0.000000e+00 0.000000e+00 0.000000e+00 -2.974483e+02 -2.960075e+02 1.549369e+03 7.322588e+02 0.000000e+00 0.000000e+00 0.000000e+00 0.000000e+00 0.000000e+00 0.000000e+00 0.000000e+00 0.000000e+00 0.000000e+00
7.680000e-01 0.000000e+00 -3.690189e+03 -4.327868e+03 0.000000e+00 0.000000e+00 0.000000e+00 -2.995013e+02 -2.980284e+02 1.552629e+03 7.374353e+02 0.000000e+00 0.000000e+00 0.000000e+00 0.000000e+00 0.000000e+00 0.000000e+00 0.000000e+00 0.000000e+00 0.000000e+00
7.690000e-01 0.000000e+00 -3.704265e+03 -4.347178e+03 0.000000e+00 0.000000e+00 0.000000e+00 -3.015610e+02 -3.000559e+02 1.555915e+03 7.426316e+02 0.000000e+00 0.000000e+00 0.000000e+00 0.000000e+00 0.000000e+00 0.000000e+00 0.000000e+00 0.000000e+00 0.000000e+00
7.700000e-01 0.000000e+00 -3.718434e+03 -4.366519e+03 0.000000e+00 0.000000e+00 0.000000e+00 -3.036273e+02 -3.020898e+02 1.559228e+03 7.478472e+02 0.000000e+00 0.000000e+00 0.000000e+00 0.000000e+00 0.000000e+00 0.000000e+00 0.000000e+00 0.000000e+00 0.000000e+00
7.710000e-01 0.000000e+00 -3.732698e+03 -4.385890e+03 0.000000e+00 0.000000e+00 0.000000e+00 -3.057000e+02 -3.041301e+02 1.562567e+03 7.530817e+02 0.000000e+00 0.000000e+00 0.000000e+00 0.000000e+00 0.000000e+00 0.000000e+00 0.000000e+00 0.000000e+00 0.000000e+00
7.720000e-01 0.000000e+00 -3.747056e+03 -4.405288e+03 0.000000e+00 0.000000e+00 0.000000e+00 -3.077788e+02 -3.061764e+02 1.565932e+03 7.583347e+02 0.000000e+00 0.000000e+00 0.000000e+00 0.000000e+00 0.000000e+00 0.000000e+00 0.000000e+00 0.000000e+00 0.000000e+00
7.730000e-01 0.000000e+00 -3.761509e+03 -4.424709e+03 0.000000e+00 0.000000e+00 0.000000e+00 -3.098636e+02 -3.082287e+02 1.569324e+03 7.636058e+02 0.000000e+00 0.000000e+00 0.000000e+00 0.000000e+00 0.000000e+00 0.000000e+00 0.000000e+00 0.000000e+00 0.000000e+00
7.740000e-01 0.000000e+00 -3.776057e+03 -4.444152e+03 0.000000e+00 0.000000e+00 0.000000e+00 -3.119541e+02 -3.102866e+02 1.572742e+03 7.688947e+02 0.000000e+00 0.000000e+00 0.000000e+00 0.000000e+00 0.000000e+00 0.000000e+00 0.000000e+00 0.000000e+00 0.000000e+00
7.750000e-01 0.000000e+00 -3.790700e+03 -4.463612e+03 0.000000e+00 0.000000e+00 0.000000e+00 -3.140502e+02 -3.123500e+02 1.576188e+03 7.742008e+02 0.000000e+00 0.000000e+00 0.000000e+00 0.000000e+00 0.000000e+00 0.000000e+00 0.000000e+00 0.000000e+00 0.000000e+00
7.760000e-01 0.000000e+00 -3.805438e+03 -4.483087e+03 0.000000e+00 0.000000e+00 0.000000e+00 -3.161517e+02 -3.144188e+02 1.579659e+03 7.795237e+02 0.000000e+00 0.000000e+00 0.000000e+00 0.000000e+00 0.000000e+00 0.000000e+00 0.000000e+00 0.000000e+00 0.000000e+00
7.770000e-01 0.000000e+00 -3.820271e+03 -4.502574e+03 0.000000e+00 0.000000e+00 0.000000e+00 -3.182584e+02 -3.164927e+02 1.583157e+03 7.848632e+02 0.000000e+00 0.000000e+00 0.000000e+00 0.000000e+00 0.000000e+00 0.000000e+00 0.000000e+00 0.000000e+00 0.000000e+00
7.780000e-01 0.000000e+00 -3.835198e+03 -4.522070e+03 0.000000e+00 0.000000e+00 0.000000e+00 -3.203700e+02 -3.185714e+02 1.586682e+03 7.902188e+02 0.000000e+00 0.000000e+00 0.000000e+00 0.000000e+00 0.000000e+00 0.000000e+00 0.000000e+00 0.000000e+00 0.000000e+00
7.790000e-01 0.000000e+00 -3.850221e+03 -4.541571e+03 0.000000e+00 0.000000e+00 0.000000e+00 -3.224863e+02 -3.206550e+02 1.590234e+03 7.955900e+02 0.000000e+00 0.000000e+00 0.000000e+00 0.000000e+00 0.000000e+00 0.000000e+00 0.000000e+00 0.000000e+00 0.000000e+00
7.800000e-01 0.000000e+00 -3.865338e+03 -4.561075e+03 0.000000e+00 0.000000e+00 0.000000e+00 -3.246072e+02 -3.227430e+02 1.593812e+03 8.009765e+02 0.000000e+00 0.000000e+00 0.000000e+00 0.000000e+00 0.000000e+00 0.000000e+00 0.000000e+00 0.000000e+00 0.000000e+00
7.810000e-01 0.000000e+00 -3.880551e+03 -4.580579e+03 0.000000e+00 0.000000e+00 0.000000e+00 -3.267324e+02 -3.248354e+02 1.597416e+03 8.063778e+02 0.000000e+00 0.000000e+00 0.000000e+00 0.000000e+00 0.000000e+00 0.000000e+00 0.000000e+00 0.000000e+00 0.000000e+00
7.820000e-01 0.000000e+00 -3.895857e+03 -4.600079e+03 0.000000e+00 0.000000e+00 0.000000e+00 -3.288618e+02 -3.269319e+02 1.601047e+03 8.117936e+02 0.000000e+00 0.000000e+00 0.000000e+00 0.000000e+00 0.000000e+00 0.000000e+00 0.000000e+00 0.000000e+00 0.000000e+00
7.830000e-01 0.000000e+00 -3.911259e+03 -4.619572e+03 0.000000e+00 0.000000e+00 0.000000e+00 -3.309951e+02 -3.290323e+02 1.604705e+03 8.172235e+02 0.000000e+00 0.000000e+00 0.000000e+00 0.000000e+00 0.000000e+00 0.000000e+00 0.000000e+00 0.000000e+00 0.000000e+00
7.840000e-01 0.000000e+00 -3.926754e+03 -4.639055e+03 0.000000e+00 0.000000e+00 0.000000e+00 -3.331321e+02 -3.311365e+02 1.608389e+03 8.226670e+02 0.000000e+00 0.000000e+00 0.000000e+00 0.000000e+00 0.000000e+00 0.000000e+00 0.000000e+00 0.000000e+00 0.000000e+00
7.850000e-01 0.000000e+00 -3.942342e+03 -4.658524e+03 0.000000e+00 0.000000e+00 0.000000e+00 -3.352727e+02 -3.332442e+02 1.612100e+03 8.281237e+02 0.000000e+00 0.000000e+00 0.000000e+00 0.000000e+00 0.000000e+00 0.000000e+00 0.000000e+00 0.000000e+00 0.000000e+00
7.860000e-01 0.000000e+00 -3.958025e+03 -4.677977e+03 0.000000e+00 0.000000e+00 0.000000e+00 -3.374165e+02 -3.353552e+02 1.615837e+03 8.335932e+02 0.000000e+00 0.000000e+00 0.000000e+00 0.000000e+00 0.000000e+00 0.000000e+00 0.000000e+00 0.000000e+00 0.000000e+00
7.870000e-01 0.000000e+00 -3.973800e+03 -4.697409e+03 0.000000e+00 0.000000e+00 0.000000e+00 -3.395635e+02 -3.374694e+02 1.619600e+03 8.390752e+02 0.000000e+00 0.000000e+00 0.000000e+00 0.000000e+00 0.000000e+00 0.000000e+00 0.000000e+00 0.000000e+00 0.000000e+00
7.880000e-01 0.000000e+00 -3.989668e+03 -4.716818e+03 0.000000e+00 0.000000e+00 0.000000e+00 -3.417134e+02 -3.395865e+02 1.623390e+03 8.445691e+02 0.000000e+00 0.000000e+00 0.000000e+00 0.000000e+00 0.000000e+00 0.000000e+00 0.000000e+00 0.000000e+00 0.000000e+00
7.890000e-01 0.000000e+00 -4.005627e+03 -4.736201e+03 0.000000e+00 0.000000e+00 0.000000e+00 -3.438659e+02 -3.417064e+02 1.627206e+03 8.500746e+02 0.000000e+00 0.000000e+00 0.000000e+00 0.000000e+00 0.000000e+00 0.000000e+00 0.000000e+00 0.000000e+00 0.000000e+00
7.900000e-01 0.000000e+00 -4.021679e+03 -4.755552e+03 0.000000e+00 0.000000e+00 0.000000e+00 -3.460209e+02 -3.438288e+02 1.631049e+03 8.555914e+02 0.000000e+00 0.000000e+00 0.000000e+00 0.000000e+00 0.000000e+00 0.000000e+00 0.000000e+00 0.000000e+00 0.000000e+00
7.910000e-01 0.000000e+00 -4.037821e+03 -4.774870e+03 0.000000e+00 0.000000e+00 0.000000e+00 -3.481782e+02 -3.459535e+02 1.634917e+03 8.611189e+02 0.000000e+00 0.000000e+00 0.000000e+00 0.000000e+00 0.000000e+00 0.000000e+00 0.000000e+00 0.000000e+00 0.000000e+00
7.920000e-01 0.000000e+00 -4.054054e+03 -4.794151e+03 0.000000e+00 0.000000e+00 0.000000e+00 -3.503375e+02 -3.480804e+02 1.638812e+03 8.666567e+02 0.000000e+00 0.000000e+00 0.000000e+00 0.000000e+00 0.000000e+00 0.000000e+00 0.000000e+00 0.000000e+00 0.000000e+00
7.930000e-01 0.000000e+00 -4.070376e+03 -4.813391e+03 0.000000e+00 0.000000e+00 0.000000e+00 -3.524987e+02 -3.502092e+02 1.642732e+03 8.722046e+02 0.000000e+00 0.000000e+00 0.000000e+00 0.000000e+00 0.000000e+00 0.000000e+00 0.000000e+00 0.000000e+00 0.000000e+00
7.940000e-01 0.000000e+00 -4.086787e+03 -4.832587e+03 0.000000e+00 0.000000e+00 0.000000e+00 -3.546616e+02 -3.523398e+02 1.646678e+03 8.777620e+02 0.000000e+00 0.000000e+00 0.000000e+00 0.000000e+00 0.000000e+00 0.000000e+00 0.000000e+00 0.000000e+00 0.000000e+00
7.950000e-01 0.000000e+00 -4.103287e+03 -4.851735e+03 0.000000e+00 0.000000e+00 0.000000e+00 -3.568259e+02 -3.544720e+02 1.650650e+03 8.833285e+02 0.000000e+00 0.000000e+00 0.000000e+00 0.000000e+00 0.000000e+00 0.000000e+00 0.000000e+00 0.000000e+00 0.000000e+00
7.960000e-01 0.000000e+00 -4.119874e+03 -4.870832e+03 0.000000e+00 0.000000e+00 0.000000e+00 -3.589914e+02 -3.566054e+02 1.654648e+03 8.889038e+02 0.000000e+00 0.000000e+00 0.000000e+00 0.000000e+00 0.000000e+00 0.000000e+00 0.000000e+00 0.000000e+00 0.000000e+00
7.970000e-01 0.000000e+00 -4.136547e+03 -4.889873e+03 0.000000e+00 0.000000e+00 0.000000e+00 -3.611579e+02 -3.587400e+02 1.658671e+03 8.944873e+02 0.000000e+00 0.000000e+00 0.000000e+00 0.000000e+00 0.000000e+00 0.000000e+00 0.000000e+00 0.000000e+00 0.000000e+00
7.980000e-01 0.000000e+00 -4.153306e+03 -4.908856e+03 0.000000e+00 0.000000e+00 0.000000e+00 -3.633252e+02 -3.608755e+02 1.662719e+03 9.000787e+02 0.000000e+00 0.000000e+00 0.000000e+00 0.000000e+00 0.000000e+00 0.000000e+00 0.000000e+00 0.000000e+00 0.000000e+00
7.990000e-01 0.000000e+00 -4.170149e+03 -4.927776e+03 0.000000e+00 0.000000e+00 0.000000e+00 -3.654931e+02 -3.630118e+02 1.666793e+03 9.056776e+02 0.000000e+00 0.000000e+00 0.000000e+00 0.000000e+00 0.000000e+00 0.000000e+00 0.000000e+00 0.000000e+00 0.000000e+00
8.000000e-01 0.000000e+00 -4.187076e+03 -4.946631e+03 0.000000e+00 0.000000e+00 0.000000e+00 -3.676614e+02 -3.651486e+02 1.670891e+03 9.112835e+02 0.000000e+00 0.000000e+00 0.000000e+00 0.000000e+00 0.000000e+00 0.000000e+00 0.000000e+00 0.000000e+00 0.000000e+00
8.010000e-01 0.000000e+00 -4.204086e+03 -4.965415e+03 0.000000e+00 0.000000e+00 0.000000e+00 -3.698298e+02 -3.672857e+02 1.675014e+03 9.168960e+02 0.000000e+00 0.000000e+00 0.000000e+00 0.000000e+00 0.000000e+00 0.000000e+00 0.000000e+00 0.000000e+00 0.000000e+00
8.020000e-01 0.000000e+00 -4.221177e+03 -4.984126e+03 0.000000e+00 0.000000e+00 0.000000e+00 -3.719982e+02 -3.694229e+02 1.679162e+03 9.225147e+02 0.000000e+00 0.000000e+00 0.000000e+00 0.000000e+00 0.000000e+00 0.000000e+00 0.000000e+00 0.000000e+00 0.000000e+00
8.030000e-01 0.000000e+00 -4.238348e+03 -5.002759e+03 0.000000e+00 0.000000e+00 0.000000e+00 -3.741663e+02 -3.715600e+02 1.683335e+03 9.281391e+02 0.000000e+00 0.000000e+00 0.000000e+00 0.000000e+00 0.000000e+00 0.000000e+00 0.000000e+00 0.000000e+00 0.000000e+00
8.040000e-01 0.000000e+00 -4.255598e+03 -5.021312e+03 0.000000e+00 0.000000e+00 0.000000e+00 -3.763339e+02 -3.736969e+02 1.687531e+03 9.337689e+02 0.000000e+00 0.000000e+00 0.000000e+00 0.000000e+00 0.000000e+00 0.000000e+00 0.000000e+00 0.000000e+00 0.000000e+00
8.050000e-01 0.000000e+00 -4.272925e+03 -5.039779e+03 0.000000e+00 0.000000e+00 0.000000e+00 -3.785008e+02 -3.758332e+02 1.691752e+03 9.394035e+02 0.000000e+00 0.000000e+00 0.000000e+00 0.000000e+00 0.000000e+00 0.000000e+00 0.000000e+00 0.000000e+00 0.000000e+00
8.060000e-01 0.000000e+00 -4.290329e+03 -5.058158e+03 0.000000e+00 0.000000e+00 0.000000e+00 -3.806668e+02 -3.779688e+02 1.695996e+03 9.450426e+02 0.000000e+00 0.000000e+00 0.000000e+00 0.000000e+00 0.000000e+00 0.000000e+00 0.000000e+00 0.000000e+00 0.000000e+00
8.070000e-01 0.000000e+00 -4.307808e+03 -5.076445e+03 0.000000e+00 0.000000e+00 0.000000e+00 -3.828316e+02 -3.801035e+02 1.700264e+03 9.506856e+02 0.000000e+00 0.000000e+00 0.000000e+00 0.000000e+00 0.000000e+00 0.000000e+00 0.000000e+00 0.000000e+00 0.000000e+00
8.080000e-01 0.000000e+00 -4.325360e+03 -5.094634e+03 0.000000e+00 0.000000e+00 0.000000e+00 -3.849950e+02 -3.822371e+02 1.704555e+03 9.563322e+02 0.000000e+00 0.000000e+00 0.000000e+00 0.000000e+00 0.000000e+00 0.000000e+00 0.000000e+00 0.000000e+00 0.000000e+00
8.090000e-01 0.000000e+00 -4.342984e+03 -5.112724e+03 0.000000e+00 0.000000e+00 0.000000e+00 -3.871569e+02 -3.843693e+02 1.708869e+03 9.619820e+02 0.000000e+00 0.000000e+00 0.000000e+00 0.000000e+00 0.000000e+00 0.000000e+00 0.000000e+00 0.000000e+00 0.000000e+00
8.100000e-01 0.000000e+00 -4.360678e+03 -5.130710e+03 0.000000e+00 0.000000e+00 0.000000e+00 -3.893170e+02 -3.865000e+02 1.713206e+03 9.676343e+02 0.000000e+00 0.000000e+00 0.000000e+00 0.000000e+00 0.000000e+00 0.000000e+00 0.000000e+00 0.000000e+00 0.000000e+00
8.110000e-01 0.000000e+00 -4.378441e+03 -5.148587e+03 0.000000e+00 0.000000e+00 0.000000e+00 -3.914751e+02 -3.886289e+02 1.717566e+03 9.732889e+02 0.000000e+00 0.000000e+00 0.000000e+00 0.000000e+00 0.000000e+00 0.000000e+00 0.000000e+00 0.000000e+00 0.000000e+00
8.120000e-01 0.000000e+00 -4.396271e+03 -5.166352e+03 0.000000e+00 0.000000e+00 0.000000e+00 -3.936309e+02 -3.907559e+02 1.721947e+03 9.789452e+02 0.000000e+00 0.000000e+00 0.000000e+00 0.000000e+00 0.000000e+00 0.000000e+00 0.000000e+00 0.000000e+00 0.000000e+00
8.130000e-01 0.000000e+00 -4.414167e+03 -5.184002e+03 0.000000e+00 0.000000e+00 0.000000e+00 -3.957842e+02 -3.928807e+02 1.726351e+03 9.846028e+02 0.000000e+00 0.000000e+00 0.000000e+00 0.000000e+00 0.000000e+00 0.000000e+00 0.000000e+00 0.000000e+00 0.000000e+00
8.140000e-01 0.000000e+00 -4.432125e+03 -5.201531e+03 0.000000e+00 0.000000e+00 0.000000e+00 -3.979348e+02 -3.950030e+02 1.730776e+03 9.902611e+02 0.000000e+00 0.000000e+00 0.000000e+00 0.000000e+00 0.000000e+00 0.000000e+00 0.000000e+00 0.000000e+00 0.000000e+00
8.150000e-01 0.000000e+00 -4.450146e+03 -5.218937e+03 0.000000e+00 0.000000e+00 0.000000e+00 -4.000826e+02 -3.971228e+02 1.735222e+03 9.959198e+02 0.000000e+00 0.000000e+00 0.000000e+00 0.000000e+00 0.000000e+00 0.000000e+00 0.000000e+00 0.000000e+00 0.000000e+00
8.160000e-01 0.000000e+00 -4.468226e+03 -5.236214e+03 0.000000e+00 0.000000e+00 0.000000e+00 -4.022271e+02 -3.992397e+02 1.739688e+03 1.001578e+03 0.000000e+00 0.000000e+00 0.000000e+00 0.000000e+00 0.000000e+00 0.000000e+00 0.000000e+00 0.000000e+00 0.000000e+00
8.170000e-01 0.000000e+00 -4.486363e+03 -5.253360e+03 0.000000e+00 0.000000e+00 0.000000e+00 -4.043683e+02 -4.013535e+02 1.744176e+03 1.007236e+03 0.000000e+00 0.000000e+00 0.000000e+00 0.000000e+00 0.000000e+00 0.000000e+00 0.000000e+00 0.000000e+00 0.000000e+00
8.180000e-01 0.000000e+00 -4.504556e+03 -5.270370e+03 0.000000e+00 0.000000e+00 0.000000e+00 -4.065058e+02 -4.034641e+02 1.748683e+03 1.012893e+03 0.000000e+00 0.000000e+00 0.000000e+00 0.000000e+00 0.000000e+00 0.000000e+00 0.000000e+00 0.000000e+00 0.000000e+00
8.190000e-01 0.000000e+00 -4.522803e+03 -5.287239e+03 0.000000e+00 0.000000e+00 0.000000e+00 -4.086395e+02 -4.055711e+02 1.753210e+03 1.018548e+03 0.000000e+00 0.000000e+00 0.000000e+00 0.000000e+00 0.000000e+00 0.000000e+00 0.000000e+00 0.000000e+00 0.000000e+00
8.200000e-01 0.000000e+00 -4.541101e+03 -5.303965e+03 0.000000e+00 0.000000e+00 0.000000e+00 -4.107690e+02 -4.076744e+02 1.757756e+03 1.024200e+03 0.000000e+00 0.000000e+00 0.000000e+00 0.000000e+00 0.000000e+00 0.000000e+00 0.000000e+00 0.000000e+00 0.000000e+00
8.210000e-01 0.000000e+00 -4.559447e+03 -5.320543e+03 0.000000e+00 0.000000e+00 0.000000e+00 -4.128943e+02 -4.097737e+02 1.762321e+03 1.029850e+03 0.000000e+00 0.000000e+00 0.000000e+00 0.000000e+00 0.000000e+00 0.000000e+00 0.000000e+00 0.000000e+00 0.000000e+00
8.220000e-01 0.000000e+00 -4.577841e+03 -5.336968e+03 0.000000e+00 0.000000e+00 0.000000e+00 -4.150149e+02 -4.118688e+02 1.766904e+03 1.035497e+03 0.000000e+00 0.000000e+00 0.000000e+00 0.000000e+00 0.000000e+00 0.000000e+00 0.000000e+00 0.000000e+00 0.000000e+00
8.230000e-01 0.000000e+00 -4.596279e+03 -5.353237e+03 0.000000e+00 0.000000e+00 0.000000e+00 -4.171307e+02 -4.139595e+02 1.771505e+03 1.041140e+03 0.000000e+00 0.000000e+00 0.000000e+00 0.000000e+00 0.000000e+00 0.000000e+00 0.000000e+00 0.000000e+00 0.000000e+00
8.240000e-01 0.000000e+00 -4.614758e+03 -5.369345e+03 0.000000e+00 0.000000e+00 0.000000e+00 -4.192414e+02 -4.160455e+02 1.776123e+03 1.046778e+03 0.000000e+00 0.000000e+00 0.000000e+00 0.000000e+00 0.000000e+00 0.000000e+00 0.000000e+00 0.000000e+00 0.000000e+00
8.250000e-01 0.000000e+00 -4.633277e+03 -5.385290e+03 0.000000e+00 0.000000e+00 0.000000e+00 -4.213468e+02 -4.181266e+02 1.780758e+03 1.052412e+03 0.000000e+00 0.000000e+00 0.000000e+00 0.000000e+00 0.000000e+00 0.000000e+00 0.000000e+00 0.000000e+00 0.000000e+00
8.260000e-01 0.000000e+00 -4.651833e+03 -5.401065e+03 0.000000e+00 0.000000e+00 0.000000e+00 -4.234467e+02 -4.202025e+02 1.785409e+03 1.058040e+03 0.000000e+00 0.000000e+00 0.000000e+00 0.000000e+00 0.000000e+00 0.000000e+00 0.000000e+00 0.000000e+00 0.000000e+00
8.270000e-01 0.000000e+00 -4.670422e+03 -5.416669e+03 0.000000e+00 0.000000e+00 0.000000e+00 -4.255407e+02 -4.222731e+02 1.790076e+03 1.063662e+03 0.000000e+00 0.000000e+00 0.000000e+00 0.000000e+00 0.000000e+00 0.000000e+00 0.000000e+00 0.000000e+00 0.000000e+00
8.280000e-01 0.000000e+00 -4.689043e+03 -5.432095e+03 0.000000e+00 0.000000e+00 0.000000e+00 -4.276286e+02 -4.243380e+02 1.794759e+03 1.069278e+03 0.000000e+00 0.000000e+00 0.000000e+00 0.000000e+00 0.000000e+00 0.000000e+00 0.000000e+00 0.000000e+00 0.000000e+00
8.290000e-01 0.000000e+00 -4.707693e+03 -5.447341e+03 0.000000e+00 0.000000e+00 0.000000e+00 -4.297103e+02 -4.263971e+02 1.799456e+03 1.074886e+03 0.000000e+00 0.000000e+00 0.000000e+00 0.000000e+00 0.000000e+00 0.000000e+00 0.000000e+00 0.000000e+00 0.000000e+00
8.300000e-01 0.000000e+00 -4.726369e+03 -5.462402e+03 0.000000e+00 0.000000e+00 0.000000e+00 -4.317853e+02 -4.284500e+02 1.804167e+03 1.080486e+03 0.000000e+00 0.000000e+00 0.000000e+00 0.000000e+00 0.000000e+00 0.000000e+00 0.000000e+00 0.000000e+00 0.000000e+00
8.310000e-01 0.000000e+00 -4.745068e+03 -5.477274e+03 0.000000e+00 0.000000e+00 0.000000e+00 -4.338535e+02 -4.304966e+02 1.808891e+03 1.086078e+03 0.000000e+00 0.000000e+00 0.000000e+00 0.000000e+00 0.000000e+00 0.000000e+00 0.000000e+00 0.000000e+00 0.000000e+00
8.320000e-01 0.000000e+00 -4.763786e+03 -5.491953e+03 0.000000e+00 0.000000e+00 0.000000e+00 -4.359145e+02 -4.325365e+02 1.813629e+03 1.091661e+03 0.000000e+00 0.000000e+00 0.000000e+00 0.000000e+00 0.000000e+00 0.000000e+00 0.000000e+00 0.000000e+00 0.000000e+00
8.330000e-01 0.000000e+00 -4.782522e+03 -5.506436e+03 0.000000e+00 0.000000e+00 0.000000e+00 -4.379682e+02 -4.345696e+02 1.818378e+03 1.097234e+03 0.000000e+00 0.000000e+00 0.000000e+00 0.000000e+00 0.000000e+00 0.000000e+00 0.000000e+00 0.000000e+00 0.000000e+00
8.340000e-01 0.000000e+00 -4.801271e+03 -5.520717e+03 0.000000e+00 0.000000e+00 0.000000e+00 -4.400142e+02 -4.365955e+02 1.823139e+03 1.102797e+03 0.000000e+00 0.000000e+00 0.000000e+00 0.000000e+00 0.000000e+00 0.000000e+00 0.000000e+00 0.000000e+00 0.000000e+00
8.350000e-01 0.000000e+00 -4.820032e+03 -5.534793e+03 0.000000e+00 0.000000e+00 0.000000e+00 -4.420523e+02 -4.386140e+02 1.827911e+03 1.108349e+03 0.000000e+00 0.000000e+00 0.000000e+00 0.000000e+00 0.000000e+00 0.000000e+00 0.000000e+00 0.000000e+00 0.000000e+00
8.360000e-01 0.000000e+00 -4.838799e+03 -5.548659e+03 0.000000e+00 0.000000e+00 0.000000e+00 -4.440822e+02 -4.406248e+02 1.832693e+03 1.113889e+03 0.000000e+00 0.000000e+00 0.000000e+00 0.000000e+00 0.000000e+00 0.000000e+00 0.000000e+00 0.000000e+00 0.000000e+00
8.370000e-01 0.000000e+00 -4.857571e+03 -5.562313e+03 0.000000e+00 0.000000e+00 0.000000e+00 -4.461036e+02 -4.426277e+02 1.837485e+03 1.119417e+03 0.000000e+00 0.000000e+00 0.000000e+00 0.000000e+00 0.000000e+00 0.000000e+00 0.000000e+00 0.000000e+00 0.000000e+00
8.380000e-01 0.000000e+00 -4.876344e+03 -5.575749e+03 0.000000e+00 0.000000e+00 0.000000e+00 -4.481162e+02 -4.446223e+02 1.842285e+03 1.124931e+03 0.000000e+00 0.000000e+00 0.000000e+00 0.000000e+00 0.000000e+00 0.000000e+00 0.000000e+00 0.000000e+00 0.000000e+00
8.390000e-01 0.000000e+00 -4.895113e+03 -5.588964e+03 0.000000e+00 0.000000e+00 0.000000e+00 -4.501198e+02 -4.466085e+02 1.847093e+03 1.130432e+03 0.000000e+00 0.000000e+00 0.000000e+00 0.000000e+00 0.000000e+00 0.000000e+00 0.000000e+00 0.000000e+00 0.000000e+00
8.400000e-01 0.000000e+00 -4.913877e+03 -5.601953e+03 0.000000e+00 0.000000e+00 0.000000e+00 -4.521140e+02 -4.485858e+02 1.851908e+03 1.135917e+03 0.000000e+00 0.000000e+00 0.000000e+00 0.000000e+00 0.000000e+00 0.000000e+00 0.000000e+00 0.000000e+00 0.000000e+00
8.410000e-01 0.000000e+00 -4.932631e+03 -5.614713e+03 0.000000e+00 0.000000e+00 0.000000e+00 -4.540986e+02 -4.505542e+02 1.856729e+03 1.141388e+03 0.000000e+00 0.000000e+00 0.000000e+00 0.000000e+00 0.000000e+00 0.000000e+00 0.000000e+00 0.000000e+00 0.000000e+00
8.420000e-01 0.000000e+00 -4.951372e+03 -5.627240e+03 0.000000e+00 0.000000e+00 0.000000e+00 -4.560732e+02 -4.525131e+02 1.861556e+03 1.146843e+03 0.000000e+00 0.000000e+00 0.000000e+00 0.000000e+00 0.000000e+00 0.000000e+00 0.000000e+00 0.000000e+00 0.000000e+00
8.430000e-01 0.000000e+00 -4.970096e+03 -5.639530e+03 0.000000e+00 0.000000e+00 0.000000e+00 -4.580376e+02 -4.544625e+02 1.866387e+03 1.152280e+03 0.000000e+00 0.000000e+00 0.000000e+00 0.000000e+00 0.000000e+00 0.000000e+00 0.000000e+00 0.000000e+00 0.000000e+00
8.440000e-01 0.000000e+00 -4.988799e+03 -5.651578e+03 0.000000e+00 0.000000e+00 0.000000e+00 -4.599915e+02 -4.564019e+02 1.871223e+03 1.157700e+03 0.000000e+00 0.000000e+00 0.000000e+00 0.000000e+00 0.000000e+00 0.000000e+00 0.000000e+00 0.000000e+00 0.000000e+00
8.450000e-01 0.000000e+00 -5.007478e+03 -5.663382e+03 0.000000e+00 0.000000e+00 0.000000e+00 -4.619345e+02 -4.583310e+02 1.876061e+03 1.163102e+03 0.000000e+00 0.000000e+00 0.000000e+00 0.000000e+00 0.000000e+00 0.000000e+00 0.000000e+00 0.000000e+00 0.000000e+00
8.460000e-01 0.000000e+00 -5.026128e+03 -5.674936e+03 0.000000e+00 0.000000e+00 0.000000e+00 -4.638664e+02 -4.602497e+02 1.880901e+03 1.168484e+03 0.000000e+00 0.000000e+00 0.000000e+00 0.000000e+00 0.000000e+00 0.000000e+00 0.000000e+00 0.000000e+00 0.000000e+00
8.470000e-01 0.000000e+00 -5.044746e+03 -5.686238e+03 0.000000e+00 0.000000e+00 0.000000e+00 -4.657868e+02 -4.621576e+02 1.885742e+03 1.173846e+03 0.000000e+00 0.000000e+00 0.000000e+00 0.000000e+00 0.000000e+00 0.000000e+00 0.000000e+00 0.000000e+00 0.000000e+00
8.480000e-01 0.000000e+00 -5.063328e+03 -5.697284e+03 0.000000e+00 0.000000e+00 0.000000e+00 -4.676954e+02 -4.640543e+02 1.890584e+03 1.179187e+03 0.000000e+00 0.000000e+00 0.000000e+00 0.000000e+00 0.000000e+00 0.000000e+00 0.000000e+00 0.000000e+00 0.000000e+00
8.490000e-01 0.000000e+00 -5.081869e+03 -5.708069e+03 0.000000e+00 0.000000e+00 0.000000e+00 -4.695920e+02 -4.659396e+02 1.895424e+03 1.184507e+03 0.000000e+00 0.000000e+00 0.000000e+00 0.000000e+00 0.000000e+00 0.000000e+00 0.000000e+00 0.000000e+00 0.000000e+00
8.500000e-01 0.000000e+00 -5.100366e+03 -5.718591e+03 0.000000e+00 0.000000e+00 0.000000e+00 -4.714761e+02 -4.678131e+02 1.900263e+03 1.189803e+03 0.000000e+00 0.000000e+00 0.000000e+00 0.000000e+00 0.000000e+00 0.000000e+00 0.000000e+00 0.000000e+00 0.000000e+00
8.510000e-01 0.000000e+00 -5.118814e+03 -5.728844e+03 0.000000e+00 0.000000e+00 0.000000e+00 -4.733474e+02 -4.696745e+02 1.905098e+03 1.195076e+03 0.000000e+00 0.000000e+00 0.000000e+00 0.000000e+00 0.000000e+00 0.000000e+00 0.000000e+00 0.000000e+00 0.000000e+00
8.520000e-01 0.000000e+00 -5.137210e+03 -5.738826e+03 0.000000e+00 0.000000e+00 0.000000e+00 -4.752057e+02 -4.715236e+02 1.909930e+03 1.200324e+03 0.000000e+00 0.000000e+00 0.000000e+00 0.000000e+00 0.000000e+00 0.000000e+00 0.000000e+00 0.000000e+00 0.000000e+00
8.530000e-01 0.000000e+00 -5.155548e+03 -5.748533e+03 0.000000e+00 0.000000e+00 0.000000e+00 -4.770506e+02 -4.733599e+02 1.914757e+03 1.205547e+03 0.000000e+00 0.000000e+00 0.000000e+00 0.000000e+00 0.000000e+00 0.000000e+00 0.000000e+00 0.000000e+00 0.000000e+00
8.540000e-01 0.000000e+00 -5.173824e+03 -5.757962e+03 0.000000e+00 0.000000e+00 0.000000e+00 -4.788816e+02 -4.751831e+02 1.919579e+03 1.210743e+03 0.000000e+00 0.000000e+00 0.000000e+00 0.000000e+00 0.000000e+00 0.000000e+00 0.000000e+00 0.000000e+00 0.000000e+00
8.550000e-01 0.000000e+00 -5.192035e+03 -5.767108e+03 0.000000e+00 0.000000e+00 0.000000e+00 -4.806986e+02 -4.769929e+02 1.924393e+03 1.215912e+03 0.000000e+00 0.000000e+00 0.000000e+00 0.000000e+00 0.000000e+00 0.000000e+00 0.000000e+00 0.000000e+00 0.000000e+00
8.560000e-01 0.000000e+00 -5.210176e+03 -5.775968e+03 0.000000e+00 0.000000e+00 0.000000e+00 -4.825012e+02 -4.787891e+02 1.929198e+03 1.221052e+03 0.000000e+00 0.000000e+00 0.000000e+00 0.000000e+00 0.000000e+00 0.000000e+00 0.000000e+00 0.000000e+00 0.000000e+00
8.570000e-01 0.000000e+00 -5.228241e+03 -5.784539e+03 0.000000e+00 0.000000e+00 0.000000e+00 -4.842889e+02 -4.805711e+02 1.933995e+03 1.226163e+03 0.000000e+00 0.000000e+00 0.000000e+00 0.000000e+00 0.000000e+00 0.000000e+00 0.000000e+00 0.000000e+00 0.000000e+00
8.580000e-01 0.000000e+00 -5.246228e+03 -5.792817e+03 0.000000e+00 0.000000e+00 0.000000e+00 -4.860615e+02 -4.823387e+02 1.938781e+03 1.231244e+03 0.000000e+00 0.000000e+00 0.000000e+00 0.000000e+00 0.000000e+00 0.000000e+00 0.000000e+00 0.000000e+00 0.000000e+00
8.590000e-01 0.000000e+00 -5.264130e+03 -5.800800e+03 0.000000e+00 0.000000e+00 0.000000e+00 -4.878185e+02 -4.840915e+02 1.943555e+03 1.236292e+03 0.000000e+00 0.000000e+00 0.000000e+00 0.000000e+00 0.000000e+00 0.000000e+00 0.000000e+00 0.000000e+00 0.000000e+00
8.600000e-01 0.000000e+00 -5.281944e+03 -5.808483e+03 0.000000e+00 0.000000e+00 0.000000e+00 -4.895597e+02 -4.858293e+02 1.948317e+03 1.241309e+03 0.000000e+00 0.000000e+00 0.000000e+00 0.000000e+00 0.000000e+00 0.000000e+00 0.000000e+00 0.000000e+00 0.000000e+00
8.610000e-01 0.000000e+00 -5.299664e+03 -5.815864e+03 0.000000e+00 0.000000e+00 0.000000e+00 -4.912847e+02 -4.875515e+02 1.953065e+03 1.246291e+03 0.000000e+00 0.000000e+00 0.000000e+00 0.000000e+00 0.000000e+00 0.000000e+00 0.000000e+00 0.000000e+00 0.000000e+00
8.620000e-01 0.000000e+00 -5.317287e+03 -5.822939e+03 0.000000e+00 0.000000e+00 0.000000e+00 -4.929931e+02 -4.892579e+02 1.957797e+03 1.251239e+03 0.000000e+00 0.000000e+00 0.000000e+00 0.000000e+00 0.000000e+00 0.000000e+00 0.000000e+00 0.000000e+00 0.000000e+00
8.630000e-01 0.000000e+00 -5.334807e+03 -5.829705e+03 0.000000e+00 0.000000e+00 0.000000e+00 -4.946845e+02 -4.909482e+02 1.962513e+03 1.256151e+03 0.000000e+00 0.000000e+00 0.000000e+00 0.000000e+00 0.000000e+00 0.000000e+00 0.000000e+00 0.000000e+00 0.000000e+00
8.640000e-01 0.000000e+00 -5.352219e+03 -5.836160e+03 0.000000e+00 0.000000e+00 0.000000e+00 -4.963586e+02 -4.926218e+02 1.967211e+03 1.261026e+03 0.000000e+00 0.000000e+00 0.000000e+00 0.000000e+00 0.000000e+00 0.000000e+00 0.000000e+00 0.000000e+00 0.000000e+00
8.650000e-01 0.000000e+00 -5.369519e+03 -5.842300e+03 0.000000e+00 0.000000e+00 0.000000e+00 -4.980150e+02 -4.942785e+02 1.971890e+03 1.265863e+03 0.000000e+00 0.000000e+00 0.000000e+00 0.000000e+00 0.000000e+00 0.000000e+00 0.000000e+00 0.000000e+00 0.000000e+00
8.660000e-01 0.000000e+00 -5.386702e+03 -5.848121e+03 0.000000e+00 0.000000e+00 0.000000e+00 -4.996533e+02 -4.959180e+02 1.976549e+03 1.270661e+03 0.000000e+00 0.000000e+00 0.000000e+00 0.000000e+00 0.000000e+00 0.000000e+00 0.000000e+00 0.000000e+00 0.000000e+00
8.670000e-01 0.000000e+00 -5.403762e+03 -5.853623e+03 0.000000e+00 0.000000e+00 0.000000e+00 -5.012732e+02 -4.975397e+02 1.981186e+03 1.275418e+03 0.000000e+00 0.000000e+00 0.000000e+00 0.000000e+00 0.000000e+00 0.000000e+00 0.000000e+00 0.000000e+00 0.000000e+00
8.680000e-01 0.000000e+00 -5.420696e+03 -5.858800e+03 0.000000e+00 0.000000e+00 0.000000e+00 -5.028742e+02 -4.991433e+02 1.985800e+03 1.280133e+03 0.000000e+00 0.000000e+00 0.000000e+00 0.000000e+00 0.000000e+00 0.000000e+00 0.000000e+00 0.000000e+00 0.000000e+00
8.690000e-01 0.000000e+00 -5.437497e+03 -5.863652e+03 0.000000e+00 0.000000e+00 0.000000e+00 -5.044559e+02 -5.007286e+02 1.990390e+03 1.284806e+03 0.000000e+00 0.000000e+00 0.000000e+00 0.000000e+00 0.000000e+00 0.000000e+00 0.000000e+00 0.000000e+00 0.000000e+00
8.700000e-01 0.000000e+00 -5.454162e+03 -5.868175e+03 0.000000e+00 0.000000e+00 0.000000e+00 -5.060180e+02 -5.022949e+02 1.994954e+03 1.289434e+03 0.000000e+00 0.000000e+00 0.000000e+00 0.000000e+00 0.000000e+00 0.000000e+00 0.000000e+00 0.000000e+00 0.000000e+00
8.710000e-01 0.000000e+00 -5.470684e+03 -5.872366e+03 0.000000e+00 0.000000e+00 0.000000e+00 -5.075601e+02 -5.038421e+02 1.999492e+03 1.294017e+03 0.000000e+00 0.000000e+00 0.000000e+00 0.000000e+00 0.000000e+00 0.000000e+00 0.000000e+00 0.000000e+00 0.000000e+00
8.720000e-01 0.000000e+00 -5.487059e+03 -5.876223e+03 0.000000e+00 0.000000e+00 0.000000e+00 -5.090817e+02 -5.053696e+02 2.004000e+03 1.298553e+03 0.000000e+00 0.000000e+00 0.000000e+00 0.000000e+00 0.000000e+00 0.000000e+00 0.000000e+00 0.000000e+00 0.000000e+00
8.730000e-01 0.000000e+00 -5.503283e+03 -5.879745e+03 0.000000e+00 0.000000e+00 0.000000e+00 -5.105826e+02 -5.068772e+02 2.008479e+03 1.303042e+03 0.000000e+00 0.000000e+00 0.000000e+00 0.000000e+00 0.000000e+00 0.000000e+00 0.000000e+00 0.000000e+00 0.000000e+00
8.740000e-01 0.000000e+00 -5.519349e+03 -5.882927e+03 0.000000e+00 0.000000e+00 0.000000e+00 -5.120623e+02 -5.083643e+02 2.012927e+03 1.307481e+03 0.000000e+00 0.000000e+00 0.000000e+00 0.000000e+00 0.000000e+00 0.000000e+00 0.000000e+00 0.000000e+00 0.000000e+00
8.750000e-01 0.000000e+00 -5.535253e+03 -5.885769e+03 0.000000e+00 0.000000e+00 0.000000e+00 -5.135203e+02 -5.098307e+02 2.017342e+03 1.311870e+03 0.000000e+00 0.000000e+00 0.000000e+00 0.000000e+00 0.000000e+00 0.000000e+00 0.000000e+00 0.000000e+00 0.000000e+00
8.760000e-01 0.000000e+00 -5.550990e+03 -5.888268e+03 0.000000e+00 0.000000e+00 0.000000e+00 -5.149564e+02 -5.112758e+02 2.021723e+03 1.316208e+03 0.000000e+00 0.000000e+00 0.000000e+00 0.000000e+00 0.000000e+00 0.000000e+00 0.000000e+00 0.000000e+00 0.000000e+00
8.770000e-01 0.000000e+00 -5.566554e+03 -5.890423e+03 0.000000e+00 0.000000e+00 0.000000e+00 -5.163701e+02 -5.126994e+02 2.026068e+03 1.320492e+03 0.000000e+00 0.000000e+00 0.000000e+00 0.000000e+00 0.000000e+00 0.000000e+00 0.000000e+00 0.000000e+00 0.000000e+00
8.780000e-01 0.000000e+00 -5.581941e+03 -5.892230e+03 0.000000e+00 0.000000e+00 0.000000e+00 -5.177610e+02 -5.141011e+02 2.030376e+03 1.324722e+03 0.000000e+00 0.000000e+00 0.000000e+00 0.000000e+00 0.000000e+00 0.000000e+00 0.000000e+00 0.000000e+00 0.000000e+00
8.790000e-01 0.000000e+00 -5.597146e+03 -5.893689e+03 0.000000e+00 0.000000e+00 0.000000e+00 -5.191287e+02 -5.154803e+02 2.034646e+03 1.328896e+03 0.000000e+00 0.000000e+00 0.000000e+00 0.000000e+00 0.000000e+00 0.000000e+00 0.000000e+00 0.000000e+00 0.000000e+00
8.800000e-01 0.000000e+00 -5.612164e+03 -5.894797e+03 0.000000e+00 0.000000e+00 0.000000e+00 -5.204729e+02 -5.168368e+02 2.038876e+03 1.333013e+03 0.000000e+00 0.000000e+00 0.000000e+00 0.000000e+00 0.000000e+00 0.000000e+00 0.000000e+00 0.000000e+00 0.000000e+00
8.810000e-01 0.000000e+00 -5.626988e+03 -5.895554e+03 0.000000e+00 0.000000e+00 0.000000e+00 -5.217930e+02 -5.181701e+02 2.043065e+03 1.337072e+03 0.000000e+00 0.000000e+00 0.000000e+00 0.000000e+00 0.000000e+00 0.000000e+00 0.000000e+00 0.000000e+00 0.000000e+00
8.820000e-01 0.000000e+00 -5.641616e+03 -5.895957e+03 0.000000e+00 0.000000e+00 0.000000e+00 -5.230888e+02 -5.194799e+02 2.047210e+03 1.341071e+03 0.000000e+00 0.000000e+00 0.000000e+00 0.000000e+00 0.000000e+00 0.000000e+00 0.000000e+00 0.000000e+00 0.000000e+00
8.830000e-01 0.000000e+00 -5.656041e+03 -5.896005e+03 0.000000e+00 0.000000e+00 0.000000e+00 -5.243597e+02 -5.207656e+02 2.051311e+03 1.345009e+03 0.000000e+00 0.000000e+00 0.000000e+00 0.000000e+00 0.000000e+00 0.000000e+00 0.000000e+00 0.000000e+00 0.000000e+00
8.840000e-01 0.000000e+00 -5.670258e+03 -5.895696e+03 0.000000e+00 0.000000e+00 0.000000e+00 -5.256055e+02 -5.220270e+02 2.055366e+03 1.348884e+03 0.000000e+00 0.000000e+00 0.000000e+00 0.000000e+00 0.000000e+00 0.000000e+00 0.000000e+00 0.000000e+00 0.000000e+00
8.850000e-01 0.000000e+00 -5.684263e+03 -5.895030e+03 0.000000e+00 0.000000e+00 0.000000e+00 -5.268257e+02 -5.232636e+02 2.059374e+03 1.352696e+03 0.000000e+00 0.000000e+00 0.000000e+00 0.000000e+00 0.000000e+00 0.000000e+00 0.000000e+00 0.000000e+00 0.000000e+00
8.860000e-01 0.000000e+00 -5.698050e+03 -5.894006e+03 0.000000e+00 0.000000e+00 0.000000e+00 -5.280200e+02 -5.244750e+02 2.063333e+03 1.356442e+03 0.000000e+00 0.000000e+00 0.000000e+00 0.000000e+00 0.000000e+00 0.000000e+00 0.000000e+00 0.000000e+00 0.000000e+00
8.870000e-01 0.000000e+00 -5.711616e+03 -5.892622e+03 0.000000e+00 0.000000e+00 0.000000e+00 -5.291878e+02 -5.256609e+02 2.067241e+03 1.360121e+03 0.000000e+00 0.000000e+00 0.000000e+00 0.000000e+00 0.000000e+00 0.000000e+00 0.000000e+00 0.000000e+00 0.000000e+00
8.880000e-01 0.000000e+00 -5.724954e+03 -5.890878e+03 0.000000e+00 0.000000e+00 0.000000e+00 -5.303290e+02 -5.268208e+02 2.071098e+03 1.363733e+03 0.000000e+00 0.000000e+00 0.000000e+00 0.000000e+00 0.000000e+00 0.000000e+00 0.000000e+00 0.000000e+00 0.000000e+00
8.890000e-01 0.000000e+00 -5.738060e+03 -5.888772e+03 0.000000e+00 0.000000e+00 0.000000e+00 -5.314429e+02 -5.279544e+02 2.074901e+03 1.367275e+03 0.000000e+00 0.000000e+00 0.000000e+00 0.000000e+00 0.000000e+00 0.000000e+00 0.000000e+00 0.000000e+00 0.000000e+00
8.900000e-01 0.000000e+00 -5.750929e+03 -5.886305e+03 0.000000e+00 0.000000e+00 0.000000e+00 -5.325294e+02 -5.290612e+02 2.078649e+03 1.370747e+03 0.000000e+00 0.000000e+00 0.000000e+00 0.000000e+00 0.000000e+00 0.000000e+00 0.000000e+00 0.000000e+00 0.000000e+00
8.910000e-01 0.000000e+00 -5.763558e+03 -5.883475e+03 0.000000e+00 0.000000e+00 0.000000e+00 -5.335880e+02 -5.301410e+02 2.082341e+03 1.374146e+03 0.000000e+00 0.000000e+00 0.000000e+00 0.000000e+00 0.000000e+00 0.000000e+00 0.000000e+00 0.000000e+00 0.000000e+00
8.920000e-01 0.000000e+00 -5.775940e+03 -5.880283e+03 0.000000e+00 0.000000e+00 0.000000e+00 -5.346183e+02 -5.311932e+02 2.085975e+03 1.377472e+03 0.000000e+00 0.000000e+00 0.000000e+00 0.000000e+00 0.000000e+00 0.000000e+00 0.000000e+00 0.000000e+00 0.000000e+00
8.930000e-01 0.000000e+00 -5.788071e+03 -5.876729e+03 0.000000e+00 0.000000e+00 0.000000e+00 -5.356200e+02 -5.322176e+02 2.089549e+03 1.380723e+03 0.000000e+00 0.000000e+00 0.000000e+00 0.000000e+00 0.000000e+00 0.000000e+00 0.000000e+00 0.000000e+00 0.000000e+00
8.940000e-01 0.000000e+00 -5.799948e+03 -5.872811e+03 0.000000e+00 0.000000e+00 0.000000e+00 -5.365927e+02 -5.332137e+02 2.093062e+03 1.383898e+03 0.000000e+00 0.000000e+00 0.000000e+00 0.000000e+00 0.000000e+00 0.000000e+00 0.000000e+00 0.000000e+00 0.000000e+00
8.950000e-01 0.000000e+00 -5.811565e+03 -5.868531e+03 0.000000e+00 0.000000e+00 0.000000e+00 -5.375360e+02 -5.341813e+02 2.096514e+03 1.386995e+03 0.000000e+00 0.000000e+00 0.000000e+00 0.000000e+00 0.000000e+00 0.000000e+00 0.000000e+00 0.000000e+00 0.000000e+00
8.960000e-01 0.000000e+00 -5.822918e+03 -5.863888e+03 0.000000e+00 0.000000e+00 0.000000e+00 -5.384497e+02 -5.351198e+02 2.099901e+03 1.390013e+03 0.000000e+00 0.000000e+00 0.000000e+00 0.000000e+00 0.000000e+00 0.000000e+00 0.000000e+00 0.000000e+00 0.000000e+00
8.970000e-01 0.000000e+00 -5.834003e+03 -5.858883e+03 0.000000e+00 0.000000e+00 0.000000e+00 -5.393333e+02 -5.360291e+02 2.103223e+03 1.392951e+03 0.000000e+00 0.000000e+00 0.000000e+00 0.000000e+00 0.000000e+00 0.000000e+00 0.000000e+00 0.000000e+00 0.000000e+00
8.980000e-01 0.000000e+00 -5.844815e+03 -5.853516e+03 0.000000e+00 0.000000e+00 0.000000e+00 -5.401865e+02 -5.369087e+02 2.106479e+03 1.395808e+03 0.000000e+00 0.000000e+00 0.000000e+00 0.000000e+00 0.000000e+00 0.000000e+00 0.000000e+00 0.000000e+00 0.000000e+00
8.990000e-01 0.000000e+00 -5.855351e+03 -5.847788e+03 0.000000e+00 0.000000e+00 0.000000e+00 -5.410089e+02 -5.377583e+02 2.109666e+03 1.398582e+03 0.000000e+00 0.000000e+00 0.000000e+00 0.000000e+00 0.000000e+00 0.000000e+00 0.000000e+00 0.000000e+00 0.000000e+00
9.000000e-01 0.000000e+00 -5.865606e+03 -5.841699e+03 0.000000e+00 0.000000e+00 0.000000e+00 -5.418003e+02 -5.385776e+02 2.112784e+03 1.401271e+03 0.000000e+00 0.000000e+00 0.000000e+00 0.000000e+00 0.000000e+00 0.000000e+00 0.000000e+00 0.000000e+00 0.000000e+00
9.010000e-01 0.000000e+00 -5.875577e+03 -5.835250e+03 0.000000e+00 0.000000e+00 0.000000e+00 -5.425604e+02 -5.393662e+02 2.115832e+03 1.403875e+03 0.000000e+00 0.000000e+00 0.000000e+00 0.000000e+00 0.000000e+00 0.000000e+00 0.000000e+00 0.000000e+00 0.000000e+00
9.020000e-01 0.000000e+00 -5.885260e+03 -5.828442e+03 0.000000e+00 0.000000e+00 0.000000e+00 -5.432888e+02 -5.401238e+02 2.118806e+03 1.406393e+03 0.000000e+00 0.000000e+00 0.000000e+00 0.000000e+00 0.000000e+00 0.000000e+00 0.000000e+00 0.000000e+00 0.000000e+00
9.030000e-01 0.000000e+00 -5.894650e+03 -5.821277e+03 0.000000e+00 0.000000e+00 0.000000e+00 -5.439852e+02 -5.408501e+02 2.121708e+03 1.408822e+03 0.000000e+00 0.000000e+00 0.000000e+00 0.000000e+00 0.000000e+00 0.000000e+00 0.000000e+00 0.000000e+00 0.000000e+00
9.040000e-01 0.000000e+00 -5.903745e+03 -5.813756e+03 0.000000e+00 0.000000e+00 0.000000e+00 -5.446494e+02 -5.415448e+02 2.124534e+03 1.411163e+03 0.000000e+00 0.000000e+00 0.000000e+00 0.000000e+00 0.000000e+00 0.000000e+00 0.000000e+00 0.000000e+00 0.000000e+00
9.050000e-01 0.000000e+00 -5.912541e+03 -5.805880e+03 0.000000e+00 0.000000e+00 0.000000e+00 -5.452810e+02 -5.422077e+02 2.127285e+03 1.413413e+03 0.000000e+00 0.000000e+00 0.000000e+00 0.000000e+00 0.000000e+00 0.000000e+00 0.000000e+00 0.000000e+00 0.000000e+00
9.060000e-01 0.000000e+00 -5.921034e+03 -5.797650e+03 0.000000e+00 0.000000e+00 0.000000e+00 -5.458798e+02 -5.428384e+02 2.129958e+03 1.415573e+03 0.000000e+00 0.000000e+00 0.000000e+00 0.000000e+00 0.000000e+00 0.000000e+00 0.000000e+00 0.000000e+00 0.000000e+00
9.070000e-01 0.000000e+00 -5.929222e+03 -5.789069e+03 0.000000e+00 0.000000e+00 0.000000e+00 -5.464457e+02 -5.434367e+02 2.132552e+03 1.417639e+03 0.000000e+00 0.000000e+00 0.000000e+00 0.000000e+00 0.000000e+00 0.000000e+00 0.000000e+00 0.000000e+00 0.000000e+00
9.080000e-01 0.000000e+00 -5.937101e+03 -5.780139e+03 0.000000e+00 0.000000e+00 0.000000e+00 -5.469782e+02 -5.440023e+02 2.135067e+03 1.419612e+03 0.000000e+00 0.000000e+00 0.000000e+00 0.000000e+00 0.000000e+00 0.000000e+00 0.000000e+00 0.000000e+00 0.000000e+00
9.090000e-01 0.000000e+00 -5.944668e+03 -5.770861e+03 0.000000e+00 0.000000e+00 0.000000e+00 -5.474772e+02 -5.445350e+02 2.137500e+03 1.421490e+03 0.000000e+00 0.000000e+00 0.000000e+00 0.000000e+00 0.000000e+00 0.000000e+00 0.000000e+00 0.000000e+00 0.000000e+00
9.100000e-01 0.000000e+00 -5.951921e+03 -5.761238e+03 0.000000e+00 0.000000e+00 0.000000e+00 -5.479425e+02 -5.450345e+02 2.139851e+03 1.423273e+03 0.000000e+00 0.000000e+00 0.000000e+00 0.000000e+00 0.000000e+00 0.000000e+00 0.000000e+00 0.000000e+00 0.000000e+00
9.110000e-01 0.000000e+00 -5.958857e+03 -5.751271e+03 0.000000e+00 0.000000e+00 0.000000e+00 -5.483738e+02 -5.455007e+02 2.142119e+03 1.424959e+03 0.000000e+00 0.000000e+00 0.000000e+00 0.000000e+00 0.000000e+00 0.000000e+00 0.000000e+00 0.000000e+00 0.000000e+00
9.120000e-01 0.000000e+00 -5.965472e+03 -5.740964e+03 0.000000e+00 0.000000e+00 0.000000e+00 -5.487711e+02 -5.459334e+02 2.144303e+03 1.426548e+03 0.000000e+00 0.000000e+00 0.000000e+00 0.000000e+00 0.000000e+00 0.000000e+00 0.000000e+00 0.000000e+00 0.000000e+00
9.130000e-01 0.000000e+00 -5.971766e+03 -5.730320e+03 0.000000e+00 0.000000e+00 0.000000e+00 -5.491340e+02 -5.463323e+02 2.146401e+03 1.428038e+03 0.000000e+00 0.000000e+00 0.000000e+00 0.000000e+00 0.000000e+00 0.000000e+00 0.000000e+00 0.000000e+00 0.000000e+00
9.140000e-01 0.000000e+00 -5.977735e+03 -5.719340e+03 0.000000e+00 0.000000e+00 0.000000e+00 -5.494625e+02 -5.466972e+02 2.148413e+03 1.429428e+03 0.000000e+00 0.000000e+00 0.000000e+00 0.000000e+00 0.000000e+00 0.000000e+00 0.000000e+00 0.000000e+00 0.000000e+00
9.150000e-01 0.000000e+00 -5.983377e+03 -5.708028e+03 0.000000e+00 0.000000e+00 0.000000e+00 -5.497564e+02 -5.470281e+02 2.150337e+03 1.430719e+03 0.000000e+00 0.000000e+00 0.000000e+00 0.000000e+00 0.000000e+00 0.000000e+00 0.000000e+00 0.000000e+00 0.000000e+00
9.160000e-01 0.000000e+00 -5.988692e+03 -5.696386e+03 0.000000e+00 0.000000e+00 0.000000e+00 -5.500156e+02 -5.473247e+02 2.152173e+03 1.431908e+03 0.000000e+00 0.000000e+00 0.000000e+00 0.000000e+00 0.000000e+00 0.000000e+00 0.000000e+00 0.000000e+00 0.000000e+00
9.170000e-01 0.000000e+00 -5.993676e+03 -5.684419e+03 0.000000e+00 0.000000e+00 0.000000e+00 -5.502399e+02 -5.475869e+02 2.153919e+03 1.432996e+03 0.000000e+00 0.000000e+00 0.000000e+00 0.000000e+00 0.000000e+00 0.000000e+00 0.000000e+00 0.000000e+00 0.000000e+00
9.180000e-01 0.000000e+00 -5.998328e+03 -5.672130e+03 0.000000e+00 0.000000e+00 0.000000e+00 -5.504293e+02 -5.478147e+02 2.155576e+03 1.433981e+03 0.000000e+00 0.000000e+00 0.000000e+00 0.000000e+00 0.000000e+00 0.000000e+00 0.000000e+00 0.000000e+00 0.000000e+00
9.190000e-01 0.000000e+00 -6.002648e+03 -5.659521e+03 0.000000e+00 0.000000e+00 0.000000e+00 -5.505837e+02 -5.480079e+02 2.157141e+03 1.434864e+03 0.000000e+00 0.000000e+00 0.000000e+00 0.000000e+00 0.000000e+00 0.000000e+00 0.000000e+00 0.000000e+00 0.000000e+00
9.200000e-01 0.000000e+00 -6.006633e+03 -5.646598e+03 0.000000e+00 0.000000e+00 0.000000e+00 -5.507030e+02 -5.481664e+02 2.158615e+03 1.435642e+03 0.000000e+00 0.000000e+00 0.000000e+00 0.000000e+00 0.000000e+00 0.000000e+00 0.000000e+00 0.000000e+00 0.000000e+00
9.210000e-01 0.000000e+00 -6.010283e+03 -5.633363e+03 0.000000e+00 0.000000e+00 0.000000e+00 -5.507872e+02 -5.482902e+02 2.159997e+03 1.436317e+03 0.000000e+00 0.000000e+00 0.000000e+00 0.000000e+00 0.000000e+00 0.000000e+00 0.000000e+00 0.000000e+00 0.000000e+00
9.220000e-01 0.000000e+00 -6.013597e+03 -5.619821e+03 0.000000e+00 0.000000e+00 0.000000e+00 -5.508363e+02 -5.483793e+02 2.161285e+03 1.436887e+03 0.000000e+00 0.000000e+00 0.000000e+00 0.000000e+00 0.000000e+00 0.000000e+00 0.000000e+00 0.000000e+00 0.000000e+00
9.230000e-01 0.000000e+00 -6.016574e+03 -5.605975e+03 0.000000e+00 0.000000e+00 0.000000e+00 -5.508503e+02 -5.484336e+02 2.162480e+03 1.437352e+03 0.000000e+00 0.000000e+00 0.000000e+00 0.000000e+00 0.000000e+00 0.000000e+00 0.000000e+00 0.000000e+00 0.000000e+00
9.240000e-01 0.000000e+00 -6.019214e+03 -5.591831e+03 0.000000e+00 0.000000e+00 0.000000e+00 -5.508291e+02 -5.484532e+02 2.163581e+03 1.437711e+03 0.000000e+00 0.000000e+00 0.000000e+00 0.000000e+00 0.000000e+00 0.000000e+00 0.000000e+00 0.000000e+00 0.000000e+00
9.250000e-01 0.000000e+00 -6.021516e+03 -5.577392e+03 0.000000e+00 0.000000e+00 0.000000e+00 -5.507729e+02 -5.484380e+02 2.164587e+03 1.437965e+03 0.000000e+00 0.000000e+00 0.000000e+00 0.000000e+00 0.000000e+00 0.000000e+00 0.000000e+00 0.000000e+00 0.000000e+00
9.260000e-01 0.000000e+00 -6.023480e+03 -5.562664e+03 0.000000e+00 0.000000e+00 0.000000e+00 -5.506817e+02 -5.483880e+02 2.165498e+03 1.438113e+03 0.000000e+00 0.000000e+00 0.000000e+00 0.000000e+00 0.000000e+00 0.000000e+00 0.000000e+00 0.000000e+00 0.000000e+00
9.270000e-01 0.000000e+00 -6.025108e+03 -5.547650e+03 0.000000e+00 0.000000e+00 0.000000e+00 -5.505555e+02 -5.483034e+02 2.166313e+03 1.438155e+03 0.000000e+00 0.000000e+00 0.000000e+00 0.000000e+00 0.000000e+00 0.000000e+00 0.000000e+00 0.000000e+00 0.000000e+00
9.280000e-01 0.000000e+00 -6.026397e+03 -5.532356e+03 0.000000e+00 0.000000e+00 0.000000e+00 -5.503945e+02 -5.481842e+02 2.167033e+03 1.438091e+03 0.000000e+00 0.000000e+00 0.000000e+00 0.000000e+00 0.000000e+00 0.000000e+00 0.000000e+00 0.000000e+00 0.000000e+00
9.290000e-01 0.000000e+00 -6.027351e+03 -5.516787e+03 0.000000e+00 0.000000e+00 0.000000e+00 -5.501987e+02 -5.480306e+02 2.167656e+03 1.437920e+03 0.000000e+00 0.000000e+00 0.000000e+00 0.000000e+00 0.000000e+00 0.000000e+00 0.000000e+00 0.000000e+00 0.000000e+00
9.300000e-01 0.000000e+00 -6.027968e+03 -5.500948e+03 0.000000e+00 0.000000e+00 0.000000e+00 -5.499684e+02 -5.478425e+02 2.168183e+03 1.437643e+03 0.000000e+00 0.000000e+00 0.000000e+00 0.000000e+00 0.000000e+00 0.000000e+00 0.000000e+00 0.000000e+00 0.000000e+00
9.310000e-01 0.000000e+00 -6.028250e+03 -5.484844e+03 0.000000e+00 0.000000e+00 0.000000e+00 -5.497036e+02 -5.476202e+02 2.168613e+03 1.437260e+03 0.000000e+00 0.000000e+00 0.000000e+00 0.000000e+00 0.000000e+00 0.000000e+00 0.000000e+00 0.000000e+00 0.000000e+00
9.320000e-01 0.000000e+00 -6.028198e+03 -5.468481e+03 0.000000e+00 0.000000e+00 0.000000e+00 -5.494046e+02 -5.473639e+02 2.168946e+03 1.436770e+03 0.000000e+00 0.000000e+00 0.000000e+00 0.000000e+00 0.000000e+00 0.000000e+00 0.000000e+00 0.000000e+00 0.000000e+00
9.330000e-01 0.000000e+00 -6.027813e+03 -5.451863e+03 0.000000e+00 0.000000e+00 0.000000e+00 -5.490716e+02 -5.470736e+02 2.169183e+03 1.436175e+03 0.000000e+00 0.000000e+00 0.000000e+00 0.000000e+00 0.000000e+00 0.000000e+00 0.000000e+00 0.000000e+00 0.000000e+00
9.340000e-01 0.000000e+00 -6.027098e+03 -5.434998e+03 0.000000e+00 0.000000e+00 0.000000e+00 -5.487047e+02 -5.467497e+02 2.169323e+03 1.435475e+03 0.000000e+00 0.000000e+00 0.000000e+00 0.000000e+00 0.000000e+00 0.000000e+00 0.000000e+00 0.000000e+00 0.000000e+00
9.350000e-01 0.000000e+00 -6.026052e+03 -5.417890e+03 0.000000e+00 0.000000e+00 0.000000e+00 -5.483043e+02 -5.463924e+02 2.169366e+03 1.434669e+03 0.000000e+00 0.000000e+00 0.000000e+00 0.000000e+00 0.000000e+00 0.000000e+00 0.000000e+00 0.000000e+00 0.000000e+00
9.360000e-01 0.000000e+00 -6.024679e+03 -5.400546e+03 0.000000e+00 0.000000e+00 0.000000e+00 -5.478706e+02 -5.460018e+02 2.169312e+03 1.433758e+03 0.000000e+00 0.000000e+00 0.000000e+00 0.000000e+00 0.000000e+00 0.000000e+00 0.000000e+00 0.000000e+00 0.000000e+00
9.370000e-01 0.000000e+00 -6.022981e+03 -5.382972e+03 0.000000e+00 0.000000e+00 0.000000e+00 -5.474039e+02 -5.455783e+02 2.169162e+03 1.432744e+03 0.000000e+00 0.000000e+00 0.000000e+00 0.000000e+00 0.000000e+00 0.000000e+00 0.000000e+00 0.000000e+00 0.000000e+00
9.380000e-01 0.000000e+00 -6.020960e+03 -5.365174e+03 0.000000e+00 0.000000e+00 0.000000e+00 -5.469046e+02 -5.451222e+02 2.168916e+03 1.431625e+03 0.000000e+00 0.000000e+00 0.000000e+00 0.000000e+00 0.000000e+00 0.000000e+00 0.000000e+00 0.000000e+00 0.000000e+00
9.390000e-01 0.000000e+00 -6.018618e+03 -5.347157e+03 0.000000e+00 0.000000e+00 0.000000e+00 -5.463729e+02 -5.446337e+02 2.168574e+03 1.430404e+03 0.000000e+00 0.000000e+00 0.000000e+00 0.000000e+00 0.000000e+00 0.000000e+00 0.000000e+00 0.000000e+00 0.000000e+00
9.400000e-01 0.000000e+00 -6.015958e+03 -5.328930e+03 0.000000e+00 0.000000e+00 0.000000e+00 -5.458092e+02 -5.441133e+02 2.168136e+03 1.429080e+03 0.000000e+00 0.000000e+00 0.000000e+00 0.000000e+00 0.000000e+00 0.000000e+00 0.000000e+00 0.000000e+00 0.000000e+00
9.410000e-01 0.000000e+00 -6.012983e+03 -5.310497e+03 0.000000e+00 0.000000e+00 0.000000e+00 -5.452140e+02 -5.435613e+02 2.167604e+03 1.427654e+03 0.000000e+00 0.000000e+00 0.000000e+00 0.000000e+00 0.000000e+00 0.000000e+00 0.000000e+00 0.000000e+00 0.000000e+00
9.420000e-01 0.000000e+00 -6.009697e+03 -5.291867e+03 0.000000e+00 0.000000e+00 0.000000e+00 -5.445876e+02 -5.429780e+02 2.166976e+03 1.426128e+03 0.000000e+00 0.000000e+00 0.000000e+00 0.000000e+00 0.000000e+00 0.000000e+00 0.000000e+00 0.000000e+00 0.000000e+00
9.430000e-01 0.000000e+00 -6.006102e+03 -5.273044e+03 0.000000e+00 0.000000e+00 0.000000e+00 -5.439304e+02 -5.423640e+02 2.166254e+03 1.424502e+03 0.000000e+00 0.000000e+00 0.000000e+00 0.000000e+00 0.000000e+00 0.000000e+00 0.000000e+00 0.000000e+00 0.000000e+00
9.440000e-01 0.000000e+00 -6.002201e+03 -5.254038e+03 0.000000e+00 0.000000e+00 0.000000e+00 -5.432429e+02 -5.417195e+02 2.165439e+03 1.422778e+03 0.000000e+00 0.000000e+00 0.000000e+00 0.000000e+00 0.000000e+00 0.000000e+00 0.000000e+00 0.000000e+00 0.000000e+00
9.450000e-01 0.000000e+00 -5.998000e+03 -5.234853e+03 0.000000e+00 0.000000e+00 0.000000e+00 -5.425256e+02 -5.410451e+02 2.164531e+03 1.420955e+03 0.000000e+00 0.000000e+00 0.000000e+00 0.000000e+00 0.000000e+00 0.000000e+00 0.000000e+00 0.000000e+00 0.000000e+00
9.460000e-01 0.000000e+00 -5.993501e+03 -5.215499e+03 0.000000e+00 0.000000e+00 0.000000e+00 -5.417790e+02 -5.403413e+02 2.163531e+03 1.419036e+03 0.000000e+00 0.000000e+00 0.000000e+00 0.000000e+00 0.000000e+00 0.000000e+00 0.000000e+00 0.000000e+00 0.000000e+00
9.470000e-01 0.000000e+00 -5.988709e+03 -5.195980e+03 0.000000e+00 0.000000e+00 0.000000e+00 -5.410036e+02 -5.396085e+02 2.162439e+03 1.417022e+03 0.000000e+00 0.000000e+00 0.000000e+00 0.000000e+00 0.000000e+00 0.000000e+00 0.000000e+00 0.000000e+00 0.000000e+00
9.480000e-01 0.000000e+00 -5.983628e+03 -5.176306e+03 0.000000e+00 0.000000e+00 0.000000e+00 -5.401998e+02 -5.388472e+02 2.161257e+03 1.414914e+03 0.000000e+00 0.000000e+00 0.000000e+00 0.000000e+00 0.000000e+00 0.000000e+00 0.000000e+00 0.000000e+00 0.000000e+00
9.490000e-01 0.000000e+00 -5.978262e+03 -5.156482e+03 0.000000e+00 0.000000e+00 0.000000e+00 -5.393684e+02 -5.380581e+02 2.159985e+03 1.412714e+03 0.000000e+00 0.000000e+00 0.000000e+00 0.000000e+00 0.000000e+00 0.000000e+00 0.000000e+00 0.000000e+00 0.000000e+00
9.500000e-01 0.000000e+00 -5.972616e+03 -5.136518e+03 0.000000e+00 0.000000e+00 0.000000e+00 -5.385099e+02 -5.372416e+02 2.158625e+03 1.410422e+03 0.000000e+00 0.000000e+00 0.000000e+00 0.000000e+00 0.000000e+00 0.000000e+00 0.000000e+00 0.000000e+00 0.000000e+00
9.510000e-01 0.000000e+00 -5.966695e+03 -5.116419e+03 0.000000e+00 0.000000e+00 0.000000e+00 -5.376248e+02 -5.363983e+02 2.157177e+03 1.408040e+03 0.000000e+00 0.000000e+00 0.000000e+00 0.000000e+00 0.000000e+00 0.000000e+00 0.000000e+00 0.000000e+00 0.000000e+00
9.520000e-01 0.000000e+00 -5.960504e+03 -5.096193e+03 0.000000e+00 0.000000e+00 0.000000e+00 -5.367138e+02 -5.355288e+02 2.155642e+03 1.405570e+03 0.000000e+00 0.000000e+00 0.000000e+00 0.000000e+00 0.000000e+00 0.000000e+00 0.000000e+00 0.000000e+00 0.000000e+00
9.530000e-01 0.000000e+00 -5.954047e+03 -5.075849e+03 0.000000e+00 0.000000e+00 0.000000e+00 -5.357775e+02 -5.346339e+02 2.154022e+03 1.403014e+03 0.000000e+00 0.000000e+00 0.000000e+00 0.000000e+00 0.000000e+00 0.000000e+00 0.000000e+00 0.000000e+00 0.000000e+00
9.540000e-01 0.000000e+00 -5.947331e+03 -5.055394e+03 0.000000e+00 0.000000e+00 0.000000e+00 -5.348166e+02 -5.337140e+02 2.152318e+03 1.400373e+03 0.000000e+00 0.000000e+00 0.000000e+00 0.000000e+00 0.000000e+00 0.000000e+00 0.000000e+00 0.000000e+00 0.000000e+00
9.550000e-01 0.000000e+00 -5.940360e+03 -5.034835e+03 0.000000e+00 0.000000e+00 0.000000e+00 -5.338318e+02 -5.327698e+02 2.150531e+03 1.397649e+03 0.000000e+00 0.000000e+00 0.000000e+00 0.000000e+00 0.000000e+00 0.000000e+00 0.000000e+00 0.000000e+00 0.000000e+00
9.560000e-01 0.000000e+00 -5.933140e+03 -5.014180e+03 0.000000e+00 0.000000e+00 0.000000e+00 -5.328238e+02 -5.318021e+02 2.148661e+03 1.394844e+03 0.000000e+00 0.000000e+00 0.000000e+00 0.000000e+00 0.000000e+00 0.000000e+00 0.000000e+00 0.000000e+00 0.000000e+00
9.570000e-01 0.000000e+00 -5.925677e+03 -4.993438e+03 0.000000e+00 0.000000e+00 0.000000e+00 -5.317932e+02 -5.308115e+02 2.146712e+03 1.391960e+03 0.000000e+00 0.000000e+00 0.000000e+00 0.000000e+00 0.000000e+00 0.000000e+00 0.000000e+00 0.000000e+00 0.000000e+00
9.580000e-01 0.000000e+00 -5.917977e+03 -4.972616e+03 0.000000e+00 0.000000e+00 0.000000e+00 -5.307408e+02 -5.297987e+02 2.144683e+03 1.388998e+03 0.000000e+00 0.000000e+00 0.000000e+00 0.000000e+00 0.000000e+00 0.000000e+00 0.000000e+00 0.000000e+00 0.000000e+00
9.590000e-01 0.000000e+00 -5.910046e+03 -4.951722e+03 0.000000e+00 0.000000e+00 0.000000e+00 -5.296674e+02 -5.287646e+02 2.142577e+03 1.385961e+03 0.000000e+00 0.000000e+00 0.000000e+00 0.000000e+00 0.000000e+00 0.000000e+00 0.000000e+00 0.000000e+00 0.000000e+00
9.600000e-01 0.000000e+00 -5.901890e+03 -4.930763e+03 0.000000e+00 0.000000e+00 0.000000e+00 -5.285737e+02 -5.277097e+02 2.140395e+03 1.382851e+03 0.000000e+00 0.000000e+00 0.000000e+00 0.000000e+00 0.000000e+00 0.000000e+00 0.000000e+00 0.000000e+00 0.000000e+00
9.610000e-01 0.000000e+00 -5.893514e+03 -4.909749e+03 0.000000e+00 0.000000e+00 0.000000e+00 -5.274605e+02 -5.266349e+02 2.138138e+03 1.379670e+03 0.000000e+00 0.000000e+00 0.000000e+00 0.000000e+00 0.000000e+00 0.000000e+00 0.000000e+00 0.000000e+00 0.000000e+00
9.620000e-01 0.000000e+00 -5.884927e+03 -4.888687e+03 0.000000e+00 0.000000e+00 0.000000e+00 -5.263287e+02 -5.255410e+02 2.135808e+03 1.376419e+03 0.000000e+00 0.000000e+00 0.000000e+00 0.000000e+00 0.000000e+00 0.000000e+00 0.000000e+00 0.000000e+00 0.000000e+00
9.630000e-01 0.000000e+00 -5.876134e+03 -4.867585e+03 0.000000e+00 0.000000e+00 0.000000e+00 -5.251789e+02 -5.244287e+02 2.133406e+03 1.373102e+03 0.000000e+00 0.000000e+00 0.000000e+00 0.000000e+00 0.000000e+00 0.000000e+00 0.000000e+00 0.000000e+00 0.000000e+00
9.640000e-01 0.000000e+00 -5.867141e+03 -4.846452e+03 0.000000e+00 0.000000e+00 0.000000e+00 -5.240120e+02 -5.232988e+02 2.130935e+03 1.369721e+03 0.000000e+00 0.000000e+00 0.000000e+00 0.000000e+00 0.000000e+00 0.000000e+00 0.000000e+00 0.000000e+00 0.000000e+00
9.650000e-01 0.000000e+00 -5.857956e+03 -4.825294e+03 0.000000e+00 0.000000e+00 0.000000e+00 -5.228289e+02 -5.221523e+02 2.128396e+03 1.366278e+03 0.000000e+00 0.000000e+00 0.000000e+00 0.000000e+00 0.000000e+00 0.000000e+00 0.000000e+00 0.000000e+00 0.000000e+00
9.660000e-01 0.000000e+00 -5.848585e+03 -4.804121e+03 0.000000e+00 0.000000e+00 0.000000e+00 -5.216304e+02 -5.209898e+02 2.125791e+03 1.362775e+03 0.000000e+00 0.000000e+00 0.000000e+00 0.000000e+00 0.000000e+00 0.000000e+00 0.000000e+00 0.000000e+00 0.000000e+00
9.670000e-01 0.000000e+00 -5.839035e+03 -4.782941e+03 0.000000e+00 0.000000e+00 0.000000e+00 -5.204174e+02 -5.198123e+02 2.123121e+03 1.359215e+03 0.000000e+00 0.000000e+00 0.000000e+00 0.000000e+00 0.000000e+00 0.000000e+00 0.000000e+00 0.000000e+00 0.000000e+00
9.680000e-01 0.000000e+00 -5.829314e+03 -4.761761e+03 0.000000e+00 0.000000e+00 0.000000e+00 -5.191907e+02 -5.186206e+02 2.120388e+03 1.355600e+03 0.000000e+00 0.000000e+00 0.000000e+00 0.000000e+00 0.000000e+00 0.000000e+00 0.000000e+00 0.000000e+00 0.000000e+00
9.690000e-01 0.000000e+00 -5.819428e+03 -4.740590e+03 0.000000e+00 0.000000e+00 0.000000e+00 -5.179513e+02 -5.174156e+02 2.117595e+03 1.351932e+03 0.000000e+00 0.000000e+00 0.000000e+00 0.000000e+00 0.000000e+00 0.000000e+00 0.000000e+00 0.000000e+00 0.000000e+00
9.700000e-01 0.000000e+00 -5.809385e+03 -4.719436e+03 0.000000e+00 0.000000e+00 0.000000e+00 -5.167000e+02 -5.161981e+02 2.114742e+03 1.348215e+03 0.000000e+00 0.000000e+00 0.000000e+00 0.000000e+00 0.000000e+00 0.000000e+00 0.000000e+00 0.000000e+00 0.000000e+00
9.710000e-01 0.000000e+00 -5.799191e+03 -4.698308e+03 0.000000e+00 0.000000e+00 0.000000e+00 -5.154376e+02 -5.149691e+02 2.111833e+03 1.344451e+03 0.000000e+00 0.000000e+00 0.000000e+00 0.000000e+00 0.000000e+00 0.000000e+00 0.000000e+00 0.000000e+00 0.000000e+00
9.720000e-01 0.000000e+00 -5.788855e+03 -4.677212e+03 0.000000e+00 0.000000e+00 0.000000e+00 -5.141652e+02 -5.137293e+02 2.108868e+03 1.340643e+03 0.000000e+00 0.000000e+00 0.000000e+00 0.000000e+00 0.000000e+00 0.000000e+00 0.000000e+00 0.000000e+00 0.000000e+00
9.730000e-01 0.000000e+00 -5.778383e+03 -4.656158e+03 0.000000e+00 0.000000e+00 0.000000e+00 -5.128837e+02 -5.124799e+02 2.105850e+03 1.336792e+03 0.000000e+00 0.000000e+00 0.000000e+00 0.000000e+00 0.000000e+00 0.000000e+00 0.000000e+00 0.000000e+00 0.000000e+00
9.740000e-01 0.000000e+00 -5.767783e+03 -4.635153e+03 0.000000e+00 0.000000e+00 0.000000e+00 -5.115939e+02 -5.112215e+02 2.102781e+03 1.332902e+03 0.000000e+00 0.000000e+00 0.000000e+00 0.000000e+00 0.000000e+00 0.000000e+00 0.000000e+00 0.000000e+00 0.000000e+00
9.750000e-01 0.000000e+00 -5.757062e+03 -4.614205e+03 0.000000e+00 0.000000e+00 0.000000e+00 -5.102967e+02 -5.099552e+02 2.099663e+03 1.328976e+03 0.000000e+00 0.000000e+00 0.000000e+00 0.000000e+00 0.000000e+00 0.000000e+00 0.000000e+00 0.000000e+00 0.000000e+00
9.760000e-01 0.000000e+00 -5.746227e+03 -4.593323e+03 0.000000e+00 0.000000e+00 0.000000e+00 -5.089931e+02 -5.086818e+02 2.096497e+03 1.325016e+03 0.000000e+00 0.000000e+00 0.000000e+00 0.000000e+00 0.000000e+00 0.000000e+00 0.000000e+00 0.000000e+00 0.000000e+00
9.770000e-01 0.000000e+00 -5.735287e+03 -4.572514e+03 0.000000e+00 0.000000e+00 0.000000e+00 -5.076840e+02 -5.074023e+02 2.093287e+03 1.321024e+03 0.000000e+00 0.000000e+00 0.000000e+00 0.000000e+00 0.000000e+00 0.000000e+00 0.000000e+00 0.000000e+00 0.000000e+00
9.780000e-01 0.000000e+00 -5.724249e+03 -4.551785e+03 0.000000e+00 0.000000e+00 0.000000e+00 -5.063704e+02 -5.061176e+02 2.090033e+03 1.317005e+03 0.000000e+00 0.000000e+00 0.000000e+00 0.000000e+00 0.000000e+00 0.000000e+00 0.000000e+00 0.000000e+00 0.000000e+00
9.790000e-01 0.000000e+00 -5.713119e+03 -4.531146e+03 0.000000e+00 0.000000e+00 0.000000e+00 -5.050532e+02 -5.048286e+02 2.086738e+03 1.312959e+03 0.000000e+00 0.000000e+00 0.000000e+00 0.000000e+00 0.000000e+00 0.000000e+00 0.000000e+00 0.000000e+00 0.000000e+00
9.800000e-01 0.000000e+00 -5.701907e+03 -4.510604e+03 0.000000e+00 0.000000e+00 0.000000e+00 -5.037332e+02 -5.035362e+02 2.083404e+03 1.308891e+03 0.000000e+00 0.000000e+00 0.000000e+00 0.000000e+00 0.000000e+00 0.000000e+00 0.000000e+00 0.000000e+00 0.000000e+00
9.810000e-01 0.000000e+00 -5.690619e+03 -4.490165e+03 0.000000e+00 0.000000e+00 0.000000e+00 -5.024115e+02 -5.022414e+02 2.080034e+03 1.304803e+03 0.000000e+00 0.000000e+00 0.000000e+00 0.000000e+00 0.000000e+00 0.000000e+00 0.000000e+00 0.000000e+00 0.000000e+00
9.820000e-01 0.000000e+00 -5.679262e+03 -4.469839e+03 0.000000e+00 0.000000e+00 0.000000e+00 -5.010889e+02 -5.009450e+02 2.076629e+03 1.300697e+03 0.000000e+00 0.000000e+00 0.000000e+00 0.000000e+00 0.000000e+00 0.000000e+00 0.000000e+00 0.000000e+00 0.000000e+00
9.830000e-01 0.000000e+00 -5.667846e+03 -4.449633e+03 0.000000e+00 0.000000e+00 0.000000e+00 -4.997665e+02 -4.996481e+02 2.073191e+03 1.296576e+03 0.000000e+00 0.000000e+00 0.000000e+00 0.000000e+00 0.000000e+00 0.000000e+00 0.000000e+00 0.000000e+00 0.000000e+00
9.840000e-01 0.000000e+00 -5.656376e+03 -4.429554e+03 0.000000e+00 0.000000e+00 0.000000e+00 -4.984450e+02 -4.983514e+02 2.069722e+03 1.292444e+03 0.000000e+00 0.000000e+00 0.000000e+00 0.000000e+00 0.000000e+00 0.000000e+00 0.000000e+00 0.000000e+00 0.000000e+00
9.850000e-01 0.000000e+00 -5.644861e+03 -4.409609e+03 0.000000e+00 0.000000e+00 0.000000e+00 -4.971255e+02 -4.970560e+02 2.066226e+03 1.288303e+03 0.000000e+00 0.000000e+00 0.000000e+00 0.000000e+00 0.000000e+00 0.000000e+00 0.000000e+00 0.000000e+00 0.000000e+00
9.860000e-01 0.000000e+00 -5.633308e+03 -4.389807e+03 0.000000e+00 0.000000e+00 0.000000e+00 -4.958089e+02 -4.957627e+02 2.062702e+03 1.284156e+03 0.000000e+00 0.000000e+00 0.000000e+00 0.000000e+00 0.000000e+00 0.000000e+00 0.000000e+00 0.000000e+00 0.000000e+00
9.870000e-01 0.000000e+00 -5.621724e+03 -4.370153e+03 0.000000e+00 0.000000e+00 0.000000e+00 -4.944960e+02 -4.944724e+02 2.059155e+03 1.280005e+03 0.000000e+00 0.000000e+00 0.000000e+00 0.000000e+00 0.000000e+00 0.000000e+00 0.000000e+00 0.000000e+00 0.000000e+00
9.880000e-01 0.000000e+00 -5.610117e+03 -4.350657e+03 0.000000e+00 0.000000e+00 0.000000e+00 -4.931878e+02 -4.931861e+02 2.055586e+03 1.275854e+03 0.000000e+00 0.000000e+00 0.000000e+00 0.000000e+00 0.000000e+00 0.000000e+00 0.000000e+00 0.000000e+00 0.000000e+00
9.890000e-01 0.000000e+00 -5.598495e+03 -4.331324e+03 0.000000e+00 0.000000e+00 0.000000e+00 -4.918852e+02 -4.919047e+02 2.051997e+03 1.271704e+03 0.000000e+00 0.000000e+00 0.000000e+00 0.000000e+00 0.000000e+00 0.000000e+00 0.000000e+00 0.000000e+00 0.000000e+00
9.900000e-01 0.000000e+00 -5.586865e+03 -4.312162e+03 0.000000e+00 0.000000e+00 0.000000e+00 -4.905890e+02 -4.906290e+02 2.048390e+03 1.267560e+03 0.000000e+00 0.000000e+00 0.000000e+00 0.000000e+00 0.000000e+00 0.000000e+00 0.000000e+00 0.000000e+00 0.000000e+00
9.910000e-01 0.000000e+00 -5.575233e+03 -4.293178e+03 0.000000e+00 0.000000e+00 0.000000e+00 -4.893003e+02 -4.893599e+02 2.044767e+03 1.263423e+03 0.000000e+00 0.000000e+00 0.000000e+00 0.000000e+00 0.000000e+00 0.000000e+00 0.000000e+00 0.000000e+00 0.000000e+00
9.920000e-01 0.000000e+00 -5.563608e+03 -4.274378e+03 0.000000e+00 0.000000e+00 0.000000e+00 -4.880198e+02 -4.880984e+02 2.041131e+03 1.259296e+03 0.000000e+00 0.000000e+00 0.000000e+00 0.000000e+00 0.000000e+00 0.000000e+00 0.000000e+00 0.000000e+00 0.000000e+00
9.930000e-01 0.000000e+00 -5.551996e+03 -4.255771e+03 0.000000e+00 0.000000e+00 0.000000e+00 -4.867484e+02 -4.868452e+02 2.037483e+03 1.255182e+03 0.000000e+00 0.000000e+00 0.000000e+00 0.000000e+00 0.000000e+00 0.000000e+00 0.000000e+00 0.000000e+00 0.000000e+00
9.940000e-01 0.000000e+00 -5.540405e+03 -4.237361e+03 0.000000e+00 0.000000e+00 0.000000e+00 -4.854870e+02 -4.856013e+02 2.033825e+03 1.251083e+03 0.000000e+00 0.000000e+00 0.000000e+00 0.000000e+00 0.000000e+00 0.000000e+00 0.000000e+00 0.000000e+00 0.000000e+00
9.950000e-01 0.000000e+00 -5.528842e+03 -4.219156e+03 0.000000e+00 0.000000e+00 0.000000e+00 -4.842364e+02 -4.843674e+02 2.030160e+03 1.247003e+03 0.000000e+00 0.000000e+00 0.000000e+00 0.000000e+00 0.000000e+00 0.000000e+00 0.000000e+00 0.000000e+00 0.000000e+00
9.960000e-01 0.000000e+00 -5.517313e+03 -4.201162e+03 0.000000e+00 0.000000e+00 0.000000e+00 -4.829975e+02 -4.831444e+02 2.026490e+03 1.242943e+03 0.000000e+00 0.000000e+00 0.000000e+00 0.000000e+00 0.000000e+00 0.000000e+00 0.000000e+00 0.000000e+00 0.000000e+00
9.970000e-01 0.000000e+00 -5.505826e+03 -4.183386e+03 0.000000e+00 0.000000e+00 0.000000e+00 -4.817711e+02 -4.819331e+02 2.022816e+03 1.238907e+03 0.000000e+00 0.000000e+00 0.000000e+00 0.000000e+00 0.000000e+00 0.000000e+00 0.000000e+00 0.000000e+00 0.000000e+00
9.980000e-01 0.000000e+00 -5.494387e+03 -4.165834e+03 0.000000e+00 0.000000e+00 0.000000e+00 -4.805580e+02 -4.807344e+02 2.019141e+03 1.234896e+03 0.000000e+00 0.000000e+00 0.000000e+00 0.000000e+00 0.000000e+00 0.000000e+00 0.000000e+00 0.000000e+00 0.000000e+00
9.990000e-01 0.000000e+00 -5.483003e+03 -4.148511e+03 0.000000e+00 0.000000e+00 0.000000e+00 -4.793589e+02 -4.795490e+02 2.015466e+03 1.230914e+03 0.000000e+00 0.000000e+00 0.000000e+00 0.000000e+00 0.000000e+00 0.000000e+00 0.000000e+00 0.000000e+00 0.000000e+00
1.000000e+00 0.000000e+00 -5.471681e+03 -4.131424e+03 0.000000e+00 0.000000e+00 0.000000e+00 -4.781747e+02 -4.783777e+02 2.011794e+03 1.226963e+03 0.000000e+00 0.000000e+00 0.000000e+00 0.000000e+00 0.000000e+00 0.000000e+00 0.000000e+00 0.000000e+00 0.000000e+00
1.001000e+00 0.000000e+00 -5.460427e+03 -4.114579e+03 0.000000e+00 0.000000e+00 0.000000e+00 -4.770061e+02 -4.772212e+02 2.008126e+03 1.223044e+03 0.000000e+00 0.000000e+00 0.000000e+00 0.000000e+00 0.000000e+00 0.000000e+00 0.000000e+00 0.000000e+00 0.000000e+00
1.002000e+00 0.000000e+00 -5.449248e+03 -4.097981e+03 0.000000e+00 0.000000e+00 0.000000e+00 -4.758538e+02 -4.760803e+02 2.004465e+03 1.219161e+03 0.000000e+00 0.000000e+00 0.000000e+00 0.000000e+00 0.000000e+00 0.000000e+00 0.000000e+00 0.000000e+00 0.000000e+00
1.003000e+00 0.000000e+00 -5.438150e+03 -4.081636e+03 0.000000e+00 0.000000e+00 0.000000e+00 -4.747186e+02 -4.749557e+02 2.000812e+03 1.215316e+03 0.000000e+00 0.000000e+00 0.000000e+00 0.000000e+00 0.000000e+00 0.000000e+00 0.000000e+00 0.000000e+00 0.000000e+00
1.004000e+00 0.000000e+00 -5.427139e+03 -4.065549e+03 0.000000e+00 0.000000e+00 0.000000e+00 -4.736012e+02 -4.738482e+02 1.997168e+03 1.211511e+03 0.000000e+00 0.000000e+00 0.000000e+00 0.000000e+00 0.000000e+00 0.000000e+00 0.000000e+00 0.000000e+00 0.000000e+00
1.005000e+00 0.000000e+00 -5.416221e+03 -4.049726e+03 0.000000e+00 0.000000e+00 0.000000e+00 -4.725023e+02 -4.727584e+02 1.993537e+03 1.207748e+03 0.000000e+00 0.000000e+00 0.000000e+00 0.000000e+00 0.000000e+00 0.000000e+00 0.000000e+00 0.000000e+00 0.000000e+00
1.006000e+00 0.000000e+00 -5.405403e+03 -4.034171e+03 0.000000e+00 0.000000e+00 0.000000e+00 -4.714226e+02 -4.716870e+02 1.989919e+03 1.204030e+03 0.000000e+00 0.000000e+00 0.000000e+00 0.000000e+00 0.000000e+00 0.000000e+00 0.000000e+00 0.000000e+00 0.000000e+00
1.007000e+00 0.000000e+00 -5.394690e+03 -4.018890e+03 0.000000e+00 0.000000e+00 0.000000e+00 -4.703626e+02 -4.706347e+02 1.986317e+03 1.200358e+03 0.000000e+00 0.000000e+00 0.000000e+00 0.000000e+00 0.000000e+00 0.000000e+00 0.000000e+00 0.000000e+00 0.000000e+00
1.008000e+00 0.000000e+00 -5.384088e+03 -4.003889e+03 0.000000e+00 0.000000e+00 0.000000e+00 -4.693231e+02 -4.696021e+02 1.982732e+03 1.196735e+03 0.000000e+00 0.000000e+00 0.000000e+00 0.000000e+00 0.000000e+00 0.000000e+00 0.000000e+00 0.000000e+00 0.000000e+00
1.009000e+00 0.000000e+00 -5.373604e+03 -3.989170e+03 0.000000e+00 0.000000e+00 0.000000e+00 -4.683047e+02 -4.685898e+02 1.979165e+03 1.193163e+03 0.000000e+00 0.000000e+00 0.000000e+00 0.000000e+00 0.000000e+00 0.000000e+00 0.000000e+00 0.000000e+00 0.000000e+00
1.010000e+00 0.000000e+00 -5.363241e+03 -3.974740e+03 0.000000e+00 0.000000e+00 0.000000e+00 -4.673079e+02 -4.675984e+02 1.975619e+03 1.189643e+03 0.000000e+00 0.000000e+00 0.000000e+00 0.000000e+00 0.000000e+00 0.000000e+00 0.000000e+00 0.000000e+00 0.000000e+00
1.011000e+00 0.000000e+00 -5.353006e+03 -3.960603e+03 0.000000e+00 0.000000e+00 0.000000e+00 -4.663335e+02 -4.666286e+02 1.972095e+03 1.186178e+03 0.000000e+00 0.000000e+00 0.000000e+00 0.000000e+00 0.000000e+00 0.000000e+00 0.000000e+00 0.000000e+00 0.000000e+00
1.012000e+00 0.000000e+00 -5.342905e+03 -3.946763e+03 0.000000e+00 0.000000e+00 0.000000e+00 -4.653818e+02 -4.656809e+02 1.968595e+03 1.182770e+03 0.000000e+00 0.000000e+00 0.000000e+00 0.000000e+00 0.000000e+00 0.000000e+00 0.000000e+00 0.000000e+00 0.000000e+00
1.013000e+00 0.000000e+00 -5.332942e+03 -3.933225e+03 0.000000e+00 0.000000e+00 0.000000e+00 -4.644536e+02 -4.647559e+02 1.965121e+03 1.179419e+03 0.000000e+00 0.000000e+00 0.000000e+00 0.000000e+00 0.000000e+00 0.000000e+00 0.000000e+00 0.000000e+00 0.000000e+00
1.014000e+00 0.000000e+00 -5.323123e+03 -3.919992e+03 0.000000e+00 0.000000e+00 0.000000e+00 -4.635493e+02 -4.638541e+02 1.961673e+03 1.176129e+03 0.000000e+00 0.000000e+00 0.000000e+00 0.000000e+00 0.000000e+00 0.000000e+00 0.000000e+00 0.000000e+00 0.000000e+00
1.015000e+00 0.000000e+00 -5.313452e+03 -3.907068e+03 0.000000e+00 0.000000e+00 0.000000e+00 -4.626693e+02 -4.629759e+02 1.958253e+03 1.172901e+03 0.000000e+00 0.000000e+00 0.000000e+00 0.000000e+00 0.000000e+00 0.000000e+00 0.000000e+00 0.000000e+00 0.000000e+00
1.016000e+00 0.000000e+00 -5.303934e+03 -3.894459e+03 0.000000e+00 0.000000e+00 0.000000e+00 -4.618143e+02 -4.621219e+02 1.954863e+03 1.169736e+03 0.000000e+00 0.000000e+00 0.000000e+00 0.000000e+00 0.000000e+00 0.000000e+00 0.000000e+00 0.000000e+00 0.000000e+00
1.017000e+00 0.000000e+00 -5.294575e+03 -3.882166e+03 0.000000e+00 0.000000e+00 0.000000e+00 -4.609846e+02 -4.612926e+02 1.951504e+03 1.166635e+03 0.000000e+00 0.000000e+00 0.000000e+00 0.000000e+00 0.000000e+00 0.000000e+00 0.000000e+00 0.000000e+00 0.000000e+00
1.018000e+00 0.000000e+00 -5.285378e+03 -3.870194e+03 0.000000e+00 0.000000e+00 0.000000e+00 -4.601807e+02 -4.604884e+02 1.948177e+03 1.163602e+03 0.000000e+00 0.000000e+00 0.000000e+00 0.000000e+00 0.000000e+00 0.000000e+00 0.000000e+00 0.000000e+00 0.000000e+00
1.019000e+00 0.000000e+00 -5.276348e+03 -3.858545e+03 0.000000e+00 0.000000e+00 0.000000e+00 -4.594030e+02 -4.597096e+02 1.944885e+03 1.160636e+03 0.000000e+00 0.000000e+00 0.000000e+00 0.000000e+00 0.000000e+00 0.000000e+00 0.000000e+00 0.000000e+00 0.000000e+00
1.020000e+00 0.000000e+00 -5.267489e+03 -3.847224e+03 0.000000e+00 0.000000e+00 0.000000e+00 -4.586519e+02 -4.589568e+02 1.941627e+03 1.157739e+03 0.000000e+00 0.000000e+00 0.000000e+00 0.000000e+00 0.000000e+00 0.000000e+00 0.000000e+00 0.000000e+00 0.000000e+00
1.021000e+00 0.000000e+00 -5.258806e+03 -3.836234e+03 0.000000e+00 0.000000e+00 0.000000e+00 -4.579277e+02 -4.582303e+02 1.938406e+03 1.154913e+03 0.000000e+00 0.000000e+00 0.000000e+00 0.000000e+00 0.000000e+00 0.000000e+00 0.000000e+00 0.000000e+00 0.000000e+00
1.022000e+00 0.000000e+00 -5.250302e+03 -3.825576e+03 0.000000e+00 0.000000e+00 0.000000e+00 -4.572308e+02 -4.575303e+02 1.935223e+03 1.152158e+03 0.000000e+00 0.000000e+00 0.000000e+00 0.000000e+00 0.000000e+00 0.000000e+00 0.000000e+00 0.000000e+00 0.000000e+00
1.023000e+00 0.000000e+00 -5.241982e+03 -3.815254e+03 0.000000e+00 0.000000e+00 0.000000e+00 -4.565616e+02 -4.568573e+02 1.932078e+03 1.149477e+03 0.000000e+00 0.000000e+00 0.000000e+00 0.000000e+00 0.000000e+00 0.000000e+00 0.000000e+00 0.000000e+00 0.000000e+00
1.024000e+00 0.000000e+00 -5.233849e+03 -3.805271e+03 0.000000e+00 0.000000e+00 0.000000e+00 -4.559202e+02 -4.562116e+02 1.928973e+03 1.146870e+03 0.000000e+00 0.000000e+00 0.000000e+00 0.000000e+00 0.000000e+00 0.000000e+00 0.000000e+00 0.000000e+00 0.000000e+00
1.025000e+00 0.000000e+00 -5.225907e+03 -3.795629e+03 0.000000e+00 0.000000e+00 0.000000e+00 -4.553071e+02 -4.555935e+02 1.925909e+03 1.144338e+03 0.000000e+00 0.000000e+00 0.000000e+00 0.000000e+00 0.000000e+00 0.000000e+00 0.000000e+00 0.000000e+00 0.000000e+00
1.026000e+00 0.000000e+00 -5.218159e+03 -3.786331e+03 0.000000e+00 0.000000e+00 0.000000e+00 -4.547223e+02 -4.550031e+02 1.922888e+03 1.141882e+03 0.000000e+00 0.000000e+00 0.000000e+00 0.000000e+00 0.000000e+00 0.000000e+00 0.000000e+00 0.000000e+00 0.000000e+00
1.027000e+00 0.000000e+00 -5.210609e+03 -3.777378e+03 0.000000e+00 0.000000e+00 0.000000e+00 -4.541663e+02 -4.544407e+02 1.919909e+03 1.139503e+03 0.000000e+00 0.000000e+00 0.000000e+00 0.000000e+00 0.000000e+00 0.000000e+00 0.000000e+00 0.000000e+00 0.000000e+00
1.028000e+00 0.000000e+00 -5.203260e+03 -3.768772e+03 0.000000e+00 0.000000e+00 0.000000e+00 -4.536391e+02 -4.539067e+02 1.916974e+03 1.137202e+03 0.000000e+00 0.000000e+00 0.000000e+00 0.000000e+00 0.000000e+00 0.000000e+00 0.000000e+00 0.000000e+00 0.000000e+00
1.029000e+00 0.000000e+00 -5.196115e+03 -3.760516e+03 0.000000e+00 0.000000e+00 0.000000e+00 -4.531410e+02 -4.534010e+02 1.914084e+03 1.134979e+03 0.000000e+00 0.000000e+00 0.000000e+00 0.000000e+00 0.000000e+00 0.000000e+00 0.000000e+00 0.000000e+00 0.000000e+00
1.030000e+00 0.000000e+00 -5.189177e+03 -3.752611e+03 0.000000e+00 0.000000e+00 0.000000e+00 -4.526721e+02 -4.529240e+02 1.911240e+03 1.132836e+03 0.000000e+00 0.000000e+00 0.000000e+00 0.000000e+00 0.000000e+00 0.000000e+00 0.000000e+00 0.000000e+00 0.000000e+00
1.031000e+00 0.000000e+00 -5.182449e+03 -3.745059e+03 0.000000e+00 0.000000e+00 0.000000e+00 -4.522326e+02 -4.524758e+02 1.908443e+03 1.130773e+03 0.000000e+00 0.000000e+00 0.000000e+00 0.000000e+00 0.000000e+00 0.000000e+00 0.000000e+00 0.000000e+00 0.000000e+00
1.032000e+00 0.000000e+00 -5.175934e+03 -3.737862e+03 0.000000e+00 0.000000e+00 0.000000e+00 -4.518226e+02 -4.520564e+02 1.905693e+03 1.128791e+03 0.000000e+00 0.000000e+00 0.000000e+00 0.000000e+00 0.000000e+00 0.000000e+00 0.000000e+00 0.000000e+00 0.000000e+00
1.033000e+00 0.000000e+00 -5.169634e+03 -3.731021e+03 0.000000e+00 0.000000e+00 0.000000e+00 -4.514422e+02 -4.516661e+02 1.902991e+03 1.126890e+03 0.000000e+00 0.000000e+00 0.000000e+00 0.000000e+00 0.000000e+00 0.000000e+00 0.000000e+00 0.000000e+00 0.000000e+00
1.034000e+00 0.000000e+00 -5.163553e+03 -3.724536e+03 0.000000e+00 0.000000e+00 0.000000e+00 -4.510914e+02 -4.513050e+02 1.900338e+03 1.125071e+03 0.000000e+00 0.000000e+00 0.000000e+00 0.000000e+00 0.000000e+00 0.000000e+00 0.000000e+00 0.000000e+00 0.000000e+00
1.035000e+00 0.000000e+00 -5.157691e+03 -3.718410e+03 0.000000e+00 0.000000e+00 0.000000e+00 -4.507704e+02 -4.509730e+02 1.897735e+03 1.123334e+03 0.000000e+00 0.000000e+00 0.000000e+00 0.000000e+00 0.000000e+00 0.000000e+00 0.000000e+00 0.000000e+00 0.000000e+00
1.036000e+00 0.000000e+00 -5.152052e+03 -3.712643e+03 0.000000e+00 0.000000e+00 0.000000e+00 -4.504792e+02 -4.506702e+02 1.895183e+03 1.121680e+03 0.000000e+00 0.000000e+00 0.000000e+00 0.000000e+00 0.000000e+00 0.000000e+00 0.000000e+00 0.000000e+00 0.000000e+00
1.037000e+00 0.000000e+00 -5.146637e+03 -3.707236e+03 0.000000e+00 0.000000e+00 0.000000e+00 -4.502178e+02 -4.503967e+02 1.892681e+03 1.120108e+03 0.000000e+00 0.000000e+00 0.000000e+00 0.000000e+00 0.000000e+00 0.000000e+00 0.000000e+00 0.000000e+00 0.000000e+00
1.038000e+00 0.000000e+00 -5.141449e+03 -3.702190e+03 0.000000e+00 0.000000e+00 0.000000e+00 -4.499861e+02 -4.501524e+02 1.890230e+03 1.118619e+03 0.000000e+00 0.000000e+00 0.000000e+00 0.000000e+00 0.000000e+00 0.000000e+00 0.000000e+00 0.000000e+00 0.000000e+00
1.039000e+00 0.000000e+00 -5.136489e+03 -3.697505e+03 0.000000e+00 0.000000e+00 0.000000e+00 -4.497842e+02 -4.499374e+02 1.887832e+03 1.117214e+03 0.000000e+00 0.000000e+00 0.000000e+00 0.000000e+00 0.000000e+00 0.000000e+00 0.000000e+00 0.000000e+00 0.000000e+00
1.040000e+00 0.000000e+00 -5.131760e+03 -3.693182e+03 0.000000e+00 0.000000e+00 0.000000e+00 -4.496120e+02 -4.497515e+02 1.885486e+03 1.115892e+03 0.000000e+00 0.000000e+00 0.000000e+00 0.000000e+00 0.000000e+00 0.000000e+00 0.000000e+00 0.000000e+00 0.000000e+00
1.041000e+00 0.000000e+00 -5.127263e+03 -3.689221e+03 0.000000e+00 0.000000e+00 0.000000e+00 -4.494694e+02 -4.495948e+02 1.883194e+03 1.114653e+03 0.000000e+00 0.000000e+00 0.000000e+00 0.000000e+00 0.000000e+00 0.000000e+00 0.000000e+00 0.000000e+00 0.000000e+00
1.042000e+00 0.000000e+00 -5.122998e+03 -3.685622e+03 0.000000e+00 0.000000e+00 0.000000e+00 -4.493563e+02 -4.494672e+02 1.880954e+03 1.113497e+03 0.000000e+00 0.000000e+00 0.000000e+00 0.000000e+00 0.000000e+00 0.000000e+00 0.000000e+00 0.000000e+00 0.000000e+00
1.043000e+00 0.000000e+00 -5.118969e+03 -3.682385e+03 0.000000e+00 0.000000e+00 0.000000e+00 -4.492727e+02 -4.493684e+02 1.878769e+03 1.112425e+03 0.000000e+00 0.000000e+00 0.000000e+00 0.000000e+00 0.000000e+00 0.000000e+00 0.000000e+00 0.000000e+00 0.000000e+00
1.044000e+00 0.000000e+00 -5.115176e+03 -3.679510e+03 0.000000e+00 0.000000e+00 0.000000e+00 -4.492183e+02 -4.492985e+02 1.876637e+03 1.111436e+03 0.000000e+00 0.000000e+00 0.000000e+00 0.000000e+00 0.000000e+00 0.000000e+00 0.000000e+00 0.000000e+00 0.000000e+00
1.045000e+00 0.000000e+00 -5.111619e+03 -3.676997e+03 0.000000e+00 0.000000e+00 0.000000e+00 -4.491931e+02 -4.492573e+02 1.874560e+03 1.110530e+03 0.000000e+00 0.000000e+00 0.000000e+00 0.000000e+00 0.000000e+00 0.000000e+00 0.000000e+00 0.000000e+00 0.000000e+00
1.046000e+00 0.000000e+00 -5.108301e+03 -3.674845e+03 0.000000e+00 0.000000e+00 0.000000e+00 -4.491968e+02 -4.492445e+02 1.872538e+03 1.109706e+03 0.000000e+00 0.000000e+00 0.000000e+00 0.000000e+00 0.000000e+00 0.000000e+00 0.000000e+00 0.000000e+00 0.000000e+00
1.047000e+00 0.000000e+00 -5.105223e+03 -3.673055e+03 0.000000e+00 0.000000e+00 0.000000e+00 -4.492292e+02 -4.492601e+02 1.870570e+03 1.108965e+03 0.000000e+00 0.000000e+00 0.000000e+00 0.000000e+00 0.000000e+00 0.000000e+00 0.000000e+00 0.000000e+00 0.000000e+00
1.048000e+00 0.000000e+00 -5.102384e+03 -3.671625e+03 0.000000e+00 0.000000e+00 0.000000e+00 -4.492902e+02 -4.493038e+02 1.868658e+03 1.108306e+03 0.000000e+00 0.000000e+00 0.000000e+00 0.000000e+00 0.000000e+00 0.000000e+00 0.000000e+00 0.000000e+00 0.000000e+00
1.049000e+00 0.000000e+00 -5.099786e+03 -3.670554e+03 0.000000e+00 0.000000e+00 0.000000e+00 -4.493794e+02 -4.493754e+02 1.866801e+03 1.107728e+03 0.000000e+00 0.000000e+00 0.000000e+00 0.000000e+00 0.000000e+00 0.000000e+00 0.000000e+00 0.000000e+00 0.000000e+00
1.050000e+00 0.000000e+00 -5.097430e+03 -3.669843e+03 0.000000e+00 0.000000e+00 0.000000e+00 -4.494967e+02 -4.494747e+02 1.864999e+03 1.107232e+03 0.000000e+00 0.000000e+00 0.000000e+00 0.000000e+00 0.000000e+00 0.000000e+00 0.000000e+00 0.000000e+00 0.000000e+00
1.051000e+00 0.000000e+00 -5.095315e+03 -3.669489e+03 0.000000e+00 0.000000e+00 0.000000e+00 -4.496418e+02 -4.496013e+02 1.863254e+03 1.106816e+03 0.000000e+00 0.000000e+00 0.000000e+00 0.000000e+00 0.000000e+00 0.000000e+00 0.000000e+00 0.000000e+00 0.000000e+00
1.052000e+00 0.000000e+00 -5.093444e+03 -3.669492e+03 0.000000e+00 0.000000e+00 0.000000e+00 -4.498145e+02 -4.497552e+02 1.861563e+03 1.106480e+03 0.000000e+00 0.000000e+00 0.000000e+00 0.000000e+00 0.000000e+00 0.000000e+00 0.000000e+00 0.000000e+00 0.000000e+00
1.053000e+00 0.000000e+00 -5.091814e+03 -3.669852e+03 0.000000e+00 0.000000e+00 0.000000e+00 -4.500143e+02 -4.499359e+02 1.859929e+03 1.106224e+03 0.000000e+00 0.000000e+00 0.000000e+00 0.000000e+00 0.000000e+00 0.000000e+00 0.000000e+00 0.000000e+00 0.000000e+00
1.054000e+00 0.000000e+00 -5.090428e+03 -3.670566e+03 0.000000e+00 0.000000e+00 0.000000e+00 -4.502411e+02 -4.501431e+02 1.858350e+03 1.106046e+03 0.000000e+00 0.000000e+00 0.000000e+00 0.000000e+00 0.000000e+00 0.000000e+00 0.000000e+00 0.000000e+00 0.000000e+00
1.055000e+00 0.000000e+00 -5.089286e+03 -3.671634e+03 0.000000e+00 0.000000e+00 0.000000e+00 -4.504944e+02 -4.503766e+02 1.856826e+03 1.105947e+03 0.000000e+00 0.000000e+00 0.000000e+00 0.000000e+00 0.000000e+00 0.000000e+00 0.000000e+00 0.000000e+00 0.000000e+00
1.056000e+00 0.000000e+00 -5.088386e+03 -3.673053e+03 0.000000e+00 0.000000e+00 0.000000e+00 -4.507740e+02 -4.506361e+02 1.855359e+03 1.105925e+03 0.000000e+00 0.000000e+00 0.000000e+00 0.000000e+00 0.000000e+00 0.000000e+00 0.000000e+00 0.000000e+00 0.000000e+00
1.057000e+00 0.000000e+00 -5.087730e+03 -3.674824e+03 0.000000e+00 0.000000e+00 0.000000e+00 -4.510795e+02 -4.509211e+02 1.853947e+03 1.105980e+03 0.000000e+00 0.000000e+00 0.000000e+00 0.000000e+00 0.000000e+00 0.000000e+00 0.000000e+00 0.000000e+00 0.000000e+00
1.058000e+00 0.000000e+00 -5.087317e+03 -3.676943e+03 0.000000e+00 0.000000e+00 0.000000e+00 -4.514104e+02 -4.512313e+02 1.852590e+03 1.106110e+03 0.000000e+00 0.000000e+00 0.000000e+00 0.000000e+00 0.000000e+00 0.000000e+00 0.000000e+00 0.000000e+00 0.000000e+00
1.059000e+00 0.000000e+00 -5.087147e+03 -3.679409e+03 0.000000e+00 0.000000e+00 0.000000e+00 -4.517665e+02 -4.515664e+02 1.851289e+03 1.106316e+03 0.000000e+00 0.000000e+00 0.000000e+00 0.000000e+00 0.000000e+00 0.000000e+00 0.000000e+00 0.000000e+00 0.000000e+00
1.060000e+00 0.000000e+00 -5.087220e+03 -3.682221e+03 0.000000e+00 0.000000e+00 0.000000e+00 -4.521473e+02 -4.519259e+02 1.850042e+03 1.106595e+03 0.000000e+00 0.000000e+00 0.000000e+00 0.000000e+00 0.000000e+00 0.000000e+00 0.000000e+00 0.000000e+00 0.000000e+00
1.061000e+00 0.000000e+00 -5.087535e+03 -3.685376e+03 0.000000e+00 0.000000e+00 0.000000e+00 -4.525523e+02 -4.523094e+02 1.848851e+03 1.106948e+03 0.000000e+00 0.000000e+00 0.000000e+00 0.000000e+00 0.000000e+00 0.000000e+00 0.000000e+00 0.000000e+00 0.000000e+00
1.062000e+00 0.000000e+00 -5.088092e+03 -3.688873e+03 0.000000e+00 0.000000e+00 0.000000e+00 -4.529812e+02 -4.527165e+02 1.847715e+03 1.107372e+03 0.000000e+00 0.000000e+00 0.000000e+00 0.000000e+00 0.000000e+00 0.000000e+00 0.000000e+00 0.000000e+00 0.000000e+00
1.063000e+00 0.000000e+00 -5.088890e+03 -3.692709e+03 0.000000e+00 0.000000e+00 0.000000e+00 -4.534335e+02 -4.531468e+02 1.846633e+03 1.107868e+03 0.000000e+00 0.000000e+00 0.000000e+00 0.000000e+00 0.000000e+00 0.000000e+00 0.000000e+00 0.000000e+00 0.000000e+00
1.064000e+00 0.000000e+00 -5.089930e+03 -3.696882e+03 0.000000e+00 0.000000e+00 0.000000e+00 -4.539088e+02 -4.535999e+02 1.845605e+03 1.108433e+03 0.000000e+00 0.000000e+00 0.000000e+00 0.000000e+00 0.000000e+00 0.000000e+00 0.000000e+00 0.000000e+00 0.000000e+00
1.065000e+00 0.000000e+00 -5.091209e+03 -3.701390e+03 0.000000e+00 0.000000e+00 0.000000e+00 -4.544065e+02 -4.540751e+02 1.844631e+03 1.109067e+03 0.000000e+00 0.000000e+00 0.000000e+00 0.000000e+00 0.000000e+00 0.000000e+00 0.000000e+00 0.000000e+00 0.000000e+00
1.066000e+00 0.000000e+00 -5.092727e+03 -3.706231e+03 0.000000e+00 0.000000e+00 0.000000e+00 -4.549262e+02 -4.545722e+02 1.843711e+03 1.109769e+03 0.000000e+00 0.000000e+00 0.000000e+00 0.000000e+00 0.000000e+00 0.000000e+00 0.000000e+00 0.000000e+00 0.000000e+00
1.067000e+00 0.000000e+00 -5.094484e+03 -3.711403e+03 0.000000e+00 0.000000e+00 0.000000e+00 -4.554673e+02 -4.550906e+02 1.842844e+03 1.110537e+03 0.000000e+00 0.000000e+00 0.000000e+00 0.000000e+00 0.000000e+00 0.000000e+00 0.000000e+00 0.000000e+00 0.000000e+00
1.068000e+00 0.000000e+00 -5.096479e+03 -3.716902e+03 0.000000e+00 0.000000e+00 0.000000e+00 -4.560294e+02 -4.556298e+02 1.842030e+03 1.111370e+03 0.000000e+00 0.000000e+00 0.000000e+00 0.000000e+00 0.000000e+00 0.000000e+00 0.000000e+00 0.000000e+00 0.000000e+00
1.069000e+00 0.000000e+00 -5.098710e+03 -3.722726e+03 0.000000e+00 0.000000e+00 0.000000e+00 -4.566120e+02 -4.561893e+02 1.841269e+03 1.112268e+03 0.000000e+00 0.000000e+00 0.000000e+00 0.000000e+00 0.000000e+00 0.000000e+00 0.000000e+00 0.000000e+00 0.000000e+00
1.070000e+00 0.000000e+00 -5.101177e+03 -3.728872e+03 0.000000e+00 0.000000e+00 0.000000e+00 -4.572145e+02 -4.567685e+02 1.840560e+03 1.113228e+03 0.000000e+00 0.000000e+00 0.000000e+00 0.000000e+00 0.000000e+00 0.000000e+00 0.000000e+00 0.000000e+00 0.000000e+00
1.071000e+00 0.000000e+00 -5.103878e+03 -3.735339e+03 0.000000e+00 0.000000e+00 0.000000e+00 -4.578364e+02 -4.573671e+02 1.839903e+03 1.114249e+03 0.000000e+00 0.000000e+00 0.000000e+00 0.000000e+00 0.000000e+00 0.000000e+00 0.000000e+00 0.000000e+00 0.000000e+00
1.072000e+00 0.000000e+00 -5.106813e+03 -3.742123e+03 0.000000e+00 0.000000e+00 0.000000e+00 -4.584771e+02 -4.579843e+02 1.839297e+03 1.115331e+03 0.000000e+00 0.000000e+00 0.000000e+00 0.000000e+00 0.000000e+00 0.000000e+00 0.000000e+00 0.000000e+00 0.000000e+00
1.073000e+00 0.000000e+00 -5.109979e+03 -3.749221e+03 0.000000e+00 0.000000e+00 0.000000e+00 -4.591361e+02 -4.586198e+02 1.838742e+03 1.116472e+03 0.000000e+00 0.000000e+00 0.000000e+00 0.000000e+00 0.000000e+00 0.000000e+00 0.000000e+00 0.000000e+00 0.000000e+00
1.074000e+00 0.000000e+00 -5.113377e+03 -3.756631e+03 0.000000e+00 0.000000e+00 0.000000e+00 -4.598129e+02 -4.592730e+02 1.838237e+03 1.117670e+03 0.000000e+00 0.000000e+00 0.000000e+00 0.000000e+00 0.000000e+00 0.000000e+00 0.000000e+00 0.000000e+00 0.000000e+00
1.075000e+00 0.000000e+00 -5.117004e+03 -3.764350e+03 0.000000e+00 0.000000e+00 0.000000e+00 -4.605068e+02 -4.599432e+02 1.837782e+03 1.118923e+03 0.000000e+00 0.000000e+00 0.000000e+00 0.000000e+00 0.000000e+00 0.000000e+00 0.000000e+00 0.000000e+00 0.000000e+00
1.076000e+00 0.000000e+00 -5.120859e+03 -3.772374e+03 0.000000e+00 0.000000e+00 0.000000e+00 -4.612173e+02 -4.606300e+02 1.837377e+03 1.120232e+03 0.000000e+00 0.000000e+00 0.000000e+00 0.000000e+00 0.000000e+00 0.000000e+00 0.000000e+00 0.000000e+00 0.000000e+00
1.077000e+00 0.000000e+00 -5.124941e+03 -3.780701e+03 0.000000e+00 0.000000e+00 0.000000e+00 -4.619438e+02 -4.613327e+02 1.837021e+03 1.121594e+03 0.000000e+00 0.000000e+00 0.000000e+00 0.000000e+00 0.000000e+00 0.000000e+00 0.000000e+00 0.000000e+00 0.000000e+00
1.078000e+00 0.000000e+00 -5.129248e+03 -3.789327e+03 0.000000e+00 0.000000e+00 0.000000e+00 -4.626858e+02 -4.620508e+02 1.836713e+03 1.123007e+03 0.000000e+00 0.000000e+00 0.000000e+00 0.000000e+00 0.000000e+00 0.000000e+00 0.000000e+00 0.000000e+00 0.000000e+00
1.079000e+00 0.000000e+00 -5.133778e+03 -3.798250e+03 0.000000e+00 0.000000e+00 0.000000e+00 -4.634425e+02 -4.627837e+02 1.836453e+03 1.124471e+03 0.000000e+00 0.000000e+00 0.000000e+00 0.000000e+00 0.000000e+00 0.000000e+00 0.000000e+00 0.000000e+00 0.000000e+00
1.080000e+00 0.000000e+00 -5.138531e+03 -3.807466e+03 0.000000e+00 0.000000e+00 0.000000e+00 -4.642135e+02 -4.635308e+02 1.836240e+03 1.125983e+03 0.000000e+00 0.000000e+00 0.000000e+00 0.000000e+00 0.000000e+00 0.000000e+00 0.000000e+00 0.000000e+00 0.000000e+00
1.081000e+00 0.000000e+00 -5.143503e+03 -3.816973e+03 0.000000e+00 0.000000e+00 0.000000e+00 -4.649980e+02 -4.642916e+02 1.836073e+03 1.127542e+03 0.000000e+00 0.000000e+00 0.000000e+00 0.000000e+00 0.000000e+00 0.000000e+00 0.000000e+00 0.000000e+00 0.000000e+00
1.082000e+00 0.000000e+00 -5.148695e+03 -3.826766e+03 0.000000e+00 0.000000e+00 0.000000e+00 -4.657955e+02 -4.650653e+02 1.835953e+03 1.129148e+03 0.000000e+00 0.000000e+00 0.000000e+00 0.000000e+00 0.000000e+00 0.000000e+00 0.000000e+00 0.000000e+00 0.000000e+00
1.083000e+00 0.000000e+00 -5.154103e+03 -3.836842e+03 0.000000e+00 0.000000e+00 0.000000e+00 -4.666054e+02 -4.658514e+02 1.835878e+03 1.130797e+03 0.000000e+00 0.000000e+00 0.000000e+00 0.000000e+00 0.000000e+00 0.000000e+00 0.000000e+00 0.000000e+00 0.000000e+00
1.084000e+00 0.000000e+00 -5.159726e+03 -3.847198e+03 0.000000e+00 0.000000e+00 0.000000e+00 -4.674270e+02 -4.666493e+02 1.835848e+03 1.132489e+03 0.000000e+00 0.000000e+00 0.000000e+00 0.000000e+00 0.000000e+00 0.000000e+00 0.000000e+00 0.000000e+00 0.000000e+00
1.085000e+00 0.000000e+00 -5.165562e+03 -3.857831e+03 0.000000e+00 0.000000e+00 0.000000e+00 -4.682597e+02 -4.674583e+02 1.835863e+03 1.134221e+03 0.000000e+00 0.000000e+00 0.000000e+00 0.000000e+00 0.000000e+00 0.000000e+00 0.000000e+00 0.000000e+00 0.000000e+00
1.086000e+00 0.000000e+00 -5.171609e+03 -3.868737e+03 0.000000e+00 0.000000e+00 0.000000e+00 -4.691028e+02 -4.682779e+02 1.835921e+03 1.135994e+03 0.000000e+00 0.000000e+00 0.000000e+00 0.000000e+00 0.000000e+00 0.000000e+00 0.000000e+00 0.000000e+00 0.000000e+00
1.087000e+00 0.000000e+00 -5.177866e+03 -3.879912e+03 0.000000e+00 0.000000e+00 0.000000e+00 -4.699558e+02 -4.691074e+02 1.836021e+03 1.137803e+03 0.000000e+00 0.000000e+00 0.000000e+00 0.000000e+00 0.000000e+00 0.000000e+00 0.000000e+00 0.000000e+00 0.000000e+00
1.088000e+00 0.000000e+00 -5.184330e+03 -3.891354e+03 0.000000e+00 0.000000e+00 0.000000e+00 -4.708179e+02 -4.699461e+02 1.836164e+03 1.139649e+03 0.000000e+00 0.000000e+00 0.000000e+00 0.000000e+00 0.000000e+00 0.000000e+00 0.000000e+00 0.000000e+00 0.000000e+00
1.089000e+00 0.000000e+00 -5.190999e+03 -3.903058e+03 0.000000e+00 0.000000e+00 0.000000e+00 -4.716885e+02 -4.707935e+02 1.836349e+03 1.141530e+03 0.000000e+00 0.000000e+00 0.000000e+00 0.000000e+00 0.000000e+00 0.000000e+00 0.000000e+00 0.000000e+00 0.000000e+00
1.090000e+00 0.000000e+00 -5.197871e+03 -3.915021e+03 0.000000e+00 0.000000e+00 0.000000e+00 -4.725671e+02 -4.716490e+02 1.836575e+03 1.143444e+03 0.000000e+00 0.000000e+00 0.000000e+00 0.000000e+00 0.000000e+00 0.000000e+00 0.000000e+00 0.000000e+00 0.000000e+00
1.091000e+00 0.000000e+00 -5.204945e+03 -3.927240e+03 0.000000e+00 0.000000e+00 0.000000e+00 -4.734529e+02 -4.725118e+02 1.836840e+03 1.145388e+03 0.000000e+00 0.000000e+00 0.000000e+00 0.000000e+00 0.000000e+00 0.000000e+00 0.000000e+00 0.000000e+00 0.000000e+00
1.092000e+00 0.000000e+00 -5.212217e+03 -3.939711e+03 0.000000e+00 0.000000e+00 0.000000e+00 -4.743453e+02 -4.733813e+02 1.837145e+03 1.147363e+03 0.000000e+00 0.000000e+00 0.000000e+00 0.000000e+00 0.000000e+00 0.000000e+00 0.000000e+00 0.000000e+00 0.000000e+00
1.093000e+00 0.000000e+00 -5.219686e+03 -3.952429e+03 0.000000e+00 0.000000e+00 0.000000e+00 -4.752436e+02 -4.742570e+02 1.837489e+03 1.149365e+03 0.000000e+00 0.000000e+00 0.000000e+00 0.000000e+00 0.000000e+00 0.000000e+00 0.000000e+00 0.000000e+00 0.000000e+00
1.094000e+00 0.000000e+00 -5.227350e+03 -3.965392e+03 0.000000e+00 0.000000e+00 0.000000e+00 -4.761472e+02 -4.751382e+02 1.837871e+03 1.151394e+03 0.000000e+00 0.000000e+00 0.000000e+00 0.000000e+00 0.000000e+00 0.000000e+00 0.000000e+00 0.000000e+00 0.000000e+00
1.095000e+00 0.000000e+00 -5.235206e+03 -3.978596e+03 0.000000e+00 0.000000e+00 0.000000e+00 -4.770555e+02 -4.760242e+02 1.838291e+03 1.153448e+03 0.000000e+00 0.000000e+00 0.000000e+00 0.000000e+00 0.000000e+00 0.000000e+00 0.000000e+00 0.000000e+00 0.000000e+00
1.096000e+00 0.000000e+00 -5.243253e+03 -3.992037e+03 0.000000e+00 0.000000e+00 0.000000e+00 -4.779678e+02 -4.769144e+02 1.838747e+03 1.155525e+03 0.000000e+00 0.000000e+00 0.000000e+00 0.000000e+00 0.000000e+00 0.000000e+00 0.000000e+00 0.000000e+00 0.000000e+00
1.097000e+00 0.000000e+00 -5.251487e+03 -4.005712e+03 0.000000e+00 0.000000e+00 0.000000e+00 -4.788834e+02 -4.778082e+02 1.839239e+03 1.157623e+03 0.000000e+00 0.000000e+00 0.000000e+00 0.000000e+00 0.000000e+00 0.000000e+00 0.000000e+00 0.000000e+00 0.000000e+00
1.098000e+00 0.000000e+00 -5.259906e+03 -4.019616e+03 0.000000e+00 0.000000e+00 0.000000e+00 -4.798018e+02 -4.787049e+02 1.839766e+03 1.159741e+03 0.000000e+00 0.000000e+00 0.000000e+00 0.000000e+00 0.000000e+00 0.000000e+00 0.000000e+00 0.000000e+00 0.000000e+00
1.099000e+00 0.000000e+00 -5.268509e+03 -4.033745e+03 0.000000e+00 0.000000e+00 0.000000e+00 -4.807221e+02 -4.796039e+02 1.840328e+03 1.161878e+03 0.000000e+00 0.000000e+00 0.000000e+00 0.000000e+00 0.000000e+00 0.000000e+00 0.000000e+00 0.000000e+00 0.000000e+00
1.100000e+00 0.000000e+00 -5.277292e+03 -4.048097e+03 0.000000e+00 0.000000e+00 0.000000e+00 -4.816439e+02 -4.805045e+02 1.840923e+03 1.164030e+03 0.000000e+00 0.000000e+00 0.000000e+00 0.000000e+00 0.000000e+00 0.000000e+00 0.000000e+00 0.000000e+00 0.000000e+00
1.101000e+00 0.000000e+00 -5.286253e+03 -4.062668e+03 0.000000e+00 0.000000e+00 0.000000e+00 -4.825665e+02 -4.814062e+02 1.841551e+03 1.166198e+03 0.000000e+00 0.000000e+00 0.000000e+00 0.000000e+00 0.000000e+00 0.000000e+00 0.000000e+00 0.000000e+00 0.000000e+00
1.102000e+00 0.000000e+00 -5.295390e+03 -4.077452e+03 0.000000e+00 0.000000e+00 0.000000e+00 -4.834891e+02 -4.823082e+02 1.842211e+03 1.168379e+03 0.000000e+00 0.000000e+00 0.000000e+00 0.000000e+00 0.000000e+00 0.000000e+00 0.000000e+00 0.000000e+00 0.000000e+00
1.103000e+00 0.000000e+00 -5.304701e+03 -4.092448e+03 0.000000e+00 0.000000e+00 0.000000e+00 -4.844112e+02 -4.832100e+02 1.842903e+03 1.170571e+03 0.000000e+00 0.000000e+00 0.000000e+00 0.000000e+00 0.000000e+00 0.000000e+00 0.000000e+00 0.000000e+00 0.000000e+00
1.104000e+00 0.000000e+00 -5.314182e+03 -4.107650e+03 0.000000e+00 0.000000e+00 0.000000e+00 -4.853322e+02 -4.841110e+02 1.843625e+03 1.172774e+03 0.000000e+00 0.000000e+00 0.000000e+00 0.000000e+00 0.000000e+00 0.000000e+00 0.000000e+00 0.000000e+00 0.000000e+00
1.105000e+00 0.000000e+00 -5.323831e+03 -4.123055e+03 0.000000e+00 0.000000e+00 0.000000e+00 -4.862513e+02 -4.850104e+02 1.844378e+03 1.174985e+03 0.000000e+00 0.000000e+00 0.000000e+00 0.000000e+00 0.000000e+00 0.000000e+00 0.000000e+00 0.000000e+00 0.000000e+00
1.106000e+00 0.000000e+00 -5.333646e+03 -4.138660e+03 0.000000e+00 0.000000e+00 0.000000e+00 -4.871680e+02 -4.859077e+02 1.845159e+03 1.177202e+03 0.000000e+00 0.000000e+00 0.000000e+00 0.000000e+00 0.000000e+00 0.000000e+00 0.000000e+00 0.000000e+00 0.000000e+00
1.107000e+00 0.000000e+00 -5.343625e+03 -4.154459e+03 0.000000e+00 0.000000e+00 0.000000e+00 -4.880816e+02 -4.868023e+02 1.845969e+03 1.179425e+03 0.000000e+00 0.000000e+00 0.000000e+00 0.000000e+00 0.000000e+00 0.000000e+00 0.000000e+00 0.000000e+00 0.000000e+00
1.108000e+00 0.000000e+00 -5.353763e+03 -4.170450e+03 0.000000e+00 0.000000e+00 0.000000e+00 -4.889915e+02 -4.876935e+02 1.846806e+03 1.181651e+03 0.000000e+00 0.000000e+00 0.000000e+00 0.000000e+00 0.000000e+00 0.000000e+00 0.000000e+00 0.000000e+00 0.000000e+00
1.109000e+00 0.000000e+00 -5.364060e+03 -4.186629e+03 0.000000e+00 0.000000e+00 0.000000e+00 -4.898971e+02 -4.885807e+02 1.847670e+03 1.183879e+03 0.000000e+00 0.000000e+00 0.000000e+00 0.000000e+00 0.000000e+00 0.000000e+00 0.000000e+00 0.000000e+00 0.000000e+00
1.110000e+00 0.000000e+00 -5.374512e+03 -4.202991e+03 0.000000e+00 0.000000e+00 0.000000e+00 -4.907978e+02 -4.894634e+02 1.848560e+03 1.186107e+03 0.000000e+00 0.000000e+00 0.000000e+00 0.000000e+00 0.000000e+00 0.000000e+00 0.000000e+00 0.000000e+00 0.000000e+00
1.111000e+00 0.000000e+00 -5.385116e+03 -4.219534e+03 0.000000e+00 0.000000e+00 0.000000e+00 -4.916929e+02 -4.903408e+02 1.849475e+03 1.188335e+03 0.000000e+00 0.000000e+00 0.000000e+00 0.000000e+00 0.000000e+00 0.000000e+00 0.000000e+00 0.000000e+00 0.000000e+00
1.112000e+00 0.000000e+00 -5.395870e+03 -4.236252e+03 0.000000e+00 0.000000e+00 0.000000e+00 -4.925818e+02 -4.912125e+02 1.850415e+03 1.190559e+03 0.000000e+00 0.000000e+00 0.000000e+00 0.000000e+00 0.000000e+00 0.000000e+00 0.000000e+00 0.000000e+00 0.000000e+00
1.113000e+00 0.000000e+00 -5.406772e+03 -4.253143e+03 0.000000e+00 0.000000e+00 0.000000e+00 -4.934640e+02 -4.920779e+02 1.851378e+03 1.192779e+03 0.000000e+00 0.000000e+00 0.000000e+00 0.000000e+00 0.000000e+00 0.000000e+00 0.000000e+00 0.000000e+00 0.000000e+00
1.114000e+00 0.000000e+00 -5.417817e+03 -4.270202e+03 0.000000e+00 0.000000e+00 0.000000e+00 -4.943388e+02 -4.929362e+02 1.852365e+03 1.194993e+03 0.000000e+00 0.000000e+00 0.000000e+00 0.000000e+00 0.000000e+00 0.000000e+00 0.000000e+00 0.000000e+00 0.000000e+00
1.115000e+00 0.000000e+00 -5.429005e+03 -4.287426e+03 0.000000e+00 0.000000e+00 0.000000e+00 -4.952057e+02 -4.937870e+02 1.853373e+03 1.197200e+03 0.000000e+00 0.000000e+00 0.000000e+00 0.000000e+00 0.000000e+00 0.000000e+00 0.000000e+00 0.000000e+00 0.000000e+00
1.116000e+00 0.000000e+00 -5.440331e+03 -4.304810e+03 0.000000e+00 0.000000e+00 0.000000e+00 -4.960640e+02 -4.946297e+02 1.854403e+03 1.199397e+03 0.000000e+00 0.000000e+00 0.000000e+00 0.000000e+00 0.000000e+00 0.000000e+00 0.000000e+00 0.000000e+00 0.000000e+00
1.117000e+00 0.000000e+00 -5.451794e+03 -4.322351e+03 0.000000e+00 0.000000e+00 0.000000e+00 -4.969132e+02 -4.954637e+02 1.855454e+03 1.201585e+03 0.000000e+00 0.000000e+00 0.000000e+00 0.000000e+00 0.000000e+00 0.000000e+00 0.000000e+00 0.000000e+00 0.000000e+00
1.118000e+00 0.000000e+00 -5.463389e+03 -4.340045e+03 0.000000e+00 0.000000e+00 0.000000e+00 -4.977527e+02 -4.962885e+02 1.856524e+03 1.203760e+03 0.000000e+00 0.000000e+00 0.000000e+00 0.000000e+00 0.000000e+00 0.000000e+00 0.000000e+00 0.000000e+00 0.000000e+00
1.119000e+00 0.000000e+00 -5.475116e+03 -4.357888e+03 0.000000e+00 0.000000e+00 0.000000e+00 -4.985819e+02 -4.971034e+02 1.857613e+03 1.205922e+03 0.000000e+00 0.000000e+00 0.000000e+00 0.000000e+00 0.000000e+00 0.000000e+00 0.000000e+00 0.000000e+00 0.000000e+00
1.120000e+00 0.000000e+00 -5.486970e+03 -4.375877e+03 0.000000e+00 0.000000e+00 0.000000e+00 -4.994004e+02 -4.979079e+02 1.858721e+03 1.208069e+03 0.000000e+00 0.000000e+00 0.000000e+00 0.000000e+00 0.000000e+00 0.000000e+00 0.000000e+00 0.000000e+00 0.000000e+00
1.121000e+00 0.000000e+00 -5.498948e+03 -4.394006e+03 0.000000e+00 0.000000e+00 0.000000e+00 -5.002074e+02 -4.987016e+02 1.859846e+03 1.210200e+03 0.000000e+00 0.000000e+00 0.000000e+00 0.000000e+00 0.000000e+00 0.000000e+00 0.000000e+00 0.000000e+00 0.000000e+00
1.122000e+00 0.000000e+00 -5.511049e+03 -4.412274e+03 0.000000e+00 0.000000e+00 0.000000e+00 -5.010026e+02 -4.994838e+02 1.860988e+03 1.212314e+03 0.000000e+00 0.000000e+00 0.000000e+00 0.000000e+00 0.000000e+00 0.000000e+00 0.000000e+00 0.000000e+00 0.000000e+00
1.123000e+00 0.000000e+00 -5.523269e+03 -4.430675e+03 0.000000e+00 0.000000e+00 0.000000e+00 -5.017852e+02 -5.002539e+02 1.862146e+03 1.214408e+03 0.000000e+00 0.000000e+00 0.000000e+00 0.000000e+00 0.000000e+00 0.000000e+00 0.000000e+00 0.000000e+00 0.000000e+00
1.124000e+00 0.000000e+00 -5.535605e+03 -4.449206e+03 0.000000e+00 0.000000e+00 0.000000e+00 -5.025549e+02 -5.010116e+02 1.863319e+03 1.216482e+03 0.000000e+00 0.000000e+00 0.000000e+00 0.000000e+00 0.000000e+00 0.000000e+00 0.000000e+00 0.000000e+00 0.000000e+00
1.125000e+00 0.000000e+00 -5.548054e+03 -4.467863e+03 0.000000e+00 0.000000e+00 0.000000e+00 -5.033111e+02 -5.017563e+02 1.864507e+03 1.218533e+03 0.000000e+00 0.000000e+00 0.000000e+00 0.000000e+00 0.000000e+00 0.000000e+00 0.000000e+00 0.000000e+00 0.000000e+00
1.126000e+00 0.000000e+00 -5.560613e+03 -4.486642e+03 0.000000e+00 0.000000e+00 0.000000e+00 -5.040533e+02 -5.024874e+02 1.865708e+03 1.220562e+03 0.000000e+00 0.000000e+00 0.000000e+00 0.000000e+00 0.000000e+00 0.000000e+00 0.000000e+00 0.000000e+00 0.000000e+00
1.127000e+00 0.000000e+00 -5.573280e+03 -4.505540e+03 0.000000e+00 0.000000e+00 0.000000e+00 -5.047810e+02 -5.032045e+02 1.866923e+03 1.222566e+03 0.000000e+00 0.000000e+00 0.000000e+00 0.000000e+00 0.000000e+00 0.000000e+00 0.000000e+00 0.000000e+00 0.000000e+00
1.128000e+00 0.000000e+00 -5.586052e+03 -4.524553e+03 0.000000e+00 0.000000e+00 0.000000e+00 -5.054936e+02 -5.039071e+02 1.868149e+03 1.224545e+03 0.000000e+00 0.000000e+00 0.000000e+00 0.000000e+00 0.000000e+00 0.000000e+00 0.000000e+00 0.000000e+00 0.000000e+00
1.129000e+00 0.000000e+00 -5.598925e+03 -4.543676e+03 0.000000e+00 0.000000e+00 0.000000e+00 -5.061907e+02 -5.045947e+02 1.869388e+03 1.226496e+03 0.000000e+00 0.000000e+00 0.000000e+00 0.000000e+00 0.000000e+00 0.000000e+00 0.000000e+00 0.000000e+00 0.000000e+00
1.130000e+00 0.000000e+00 -5.611897e+03 -4.562906e+03 0.000000e+00 0.000000e+00 0.000000e+00 -5.068719e+02 -5.052668e+02 1.870637e+03 1.228419e+03 0.000000e+00 0.000000e+00 0.000000e+00 0.000000e+00 0.000000e+00 0.000000e+00 0.000000e+00 0.000000e+00 0.000000e+00
1.131000e+00 0.000000e+00 -5.624964e+03 -4.582240e+03 0.000000e+00 0.000000e+00 0.000000e+00 -5.075366e+02 -5.059229e+02 1.871896e+03 1.230312e+03 0.000000e+00 0.000000e+00 0.000000e+00 0.000000e+00 0.000000e+00 0.000000e+00 0.000000e+00 0.000000e+00 0.000000e+00
1.132000e+00 0.000000e+00 -5.638124e+03 -4.601673e+03 0.000000e+00 0.000000e+00 0.000000e+00 -5.081843e+02 -5.065627e+02 1.873164e+03 1.232175e+03 0.000000e+00 0.000000e+00 0.000000e+00 0.000000e+00 0.000000e+00 0.000000e+00 0.000000e+00 0.000000e+00 0.000000e+00
1.133000e+00 0.000000e+00 -5.651374e+03 -4.621202e+03 0.000000e+00 0.000000e+00 0.000000e+00 -5.088147e+02 -5.071855e+02 1.874441e+03 1.234005e+03 0.000000e+00 0.000000e+00 0.000000e+00 0.000000e+00 0.000000e+00 0.000000e+00 0.000000e+00 0.000000e+00 0.000000e+00
1.134000e+00 0.000000e+00 -5.664710e+03 -4.640822e+03 0.000000e+00 0.000000e+00 0.000000e+00 -5.094273e+02 -5.077911e+02 1.875725e+03 1.235803e+03 0.000000e+00 0.000000e+00 0.000000e+00 0.000000e+00 0.000000e+00 0.000000e+00 0.000000e+00 0.000000e+00 0.000000e+00
1.135000e+00 0.000000e+00 -5.678130e+03 -4.660530e+03 0.000000e+00 0.000000e+00 0.000000e+00 -5.100216e+02 -5.083790e+02 1.877017e+03 1.237566e+03 0.000000e+00 0.000000e+00 0.000000e+00 0.000000e+00 0.000000e+00 0.000000e+00 0.000000e+00 0.000000e+00 0.000000e+00
1.136000e+00 0.000000e+00 -5.691631e+03 -4.680323e+03 0.000000e+00 0.000000e+00 0.000000e+00 -5.105973e+02 -5.089487e+02 1.878316e+03 1.239293e+03 0.000000e+00 0.000000e+00 0.000000e+00 0.000000e+00 0.000000e+00 0.000000e+00 0.000000e+00 0.000000e+00 0.000000e+00
1.137000e+00 0.000000e+00 -5.705209e+03 -4.700196e+03 0.000000e+00 0.000000e+00 0.000000e+00 -5.111539e+02 -5.094999e+02 1.879620e+03 1.240984e+03 0.000000e+00 0.000000e+00 0.000000e+00 0.000000e+00 0.000000e+00 0.000000e+00 0.000000e+00 0.000000e+00 0.000000e+00
1.138000e+00 0.000000e+00 -5.718862e+03 -4.720145e+03 0.000000e+00 0.000000e+00 0.000000e+00 -5.116910e+02 -5.100322e+02 1.880929e+03 1.242637e+03 0.000000e+00 0.000000e+00 0.000000e+00 0.000000e+00 0.000000e+00 0.000000e+00 0.000000e+00 0.000000e+00 0.000000e+00
1.139000e+00 0.000000e+00 -5.732586e+03 -4.740168e+03 0.000000e+00 0.000000e+00 0.000000e+00 -5.122082e+02 -5.105451e+02 1.882242e+03 1.244251e+03 0.000000e+00 0.000000e+00 0.000000e+00 0.000000e+00 0.000000e+00 0.000000e+00 0.000000e+00 0.000000e+00 0.000000e+00
1.140000e+00 0.000000e+00 -5.746379e+03 -4.760259e+03 0.000000e+00 0.000000e+00 0.000000e+00 -5.127052e+02 -5.110383e+02 1.883559e+03 1.245826e+03 0.000000e+00 0.000000e+00 0.000000e+00 0.000000e+00 0.000000e+00 0.000000e+00 0.000000e+00 0.000000e+00 0.000000e+00
1.141000e+00 0.000000e+00 -5.760238e+03 -4.780415e+03 0.000000e+00 0.000000e+00 0.000000e+00 -5.131816e+02 -5.115114e+02 1.884880e+03 1.247359e+03 0.000000e+00 0.000000e+00 0.000000e+00 0.000000e+00 0.000000e+00 0.000000e+00 0.000000e+00 0.000000e+00 0.000000e+00
1.142000e+00 0.000000e+00 -5.774159e+03 -4.800633e+03 0.000000e+00 0.000000e+00 0.000000e+00 -5.136370e+02 -5.119640e+02 1.886202e+03 1.248851e+03 0.000000e+00 0.000000e+00 0.000000e+00 0.000000e+00 0.000000e+00 0.000000e+00 0.000000e+00 0.000000e+00 0.000000e+00
1.143000e+00 0.000000e+00 -5.788140e+03 -4.820908e+03 0.000000e+00 0.000000e+00 0.000000e+00 -5.140711e+02 -5.123959e+02 1.887526e+03 1.250301e+03 0.000000e+00 0.000000e+00 0.000000e+00 0.000000e+00 0.000000e+00 0.000000e+00 0.000000e+00 0.000000e+00 0.000000e+00
1.144000e+00 0.000000e+00 -5.802178e+03 -4.841237e+03 0.000000e+00 0.000000e+00 0.000000e+00 -5.144836e+02 -5.128067e+02 1.888852e+03 1.251706e+03 0.000000e+00 0.000000e+00 0.000000e+00 0.000000e+00 0.000000e+00 0.000000e+00 0.000000e+00 0.000000e+00 0.000000e+00
1.145000e+00 0.000000e+00 -5.816269e+03 -4.861616e+03 0.000000e+00 0.000000e+00 0.000000e+00 -5.148741e+02 -5.131961e+02 1.890177e+03 1.253067e+03 0.000000e+00 0.000000e+00 0.000000e+00 0.000000e+00 0.000000e+00 0.000000e+00 0.000000e+00 0.000000e+00 0.000000e+00
1.146000e+00 0.000000e+00 -5.830410e+03 -4.882041e+03 0.000000e+00 0.000000e+00 0.000000e+00 -5.152423e+02 -5.135637e+02 1.891502e+03 1.254383e+03 0.000000e+00 0.000000e+00 0.000000e+00 0.000000e+00 0.000000e+00 0.000000e+00 0.000000e+00 0.000000e+00 0.000000e+00
1.147000e+00 0.000000e+00 -5.844599e+03 -4.902508e+03 0.000000e+00 0.000000e+00 0.000000e+00 -5.155880e+02 -5.139092e+02 1.892827e+03 1.255652e+03 0.000000e+00 0.000000e+00 0.000000e+00 0.000000e+00 0.000000e+00 0.000000e+00 0.000000e+00 0.000000e+00 0.000000e+00
1.148000e+00 0.000000e+00 -5.858832e+03 -4.923014e+03 0.000000e+00 0.000000e+00 0.000000e+00 -5.159108e+02 -5.142324e+02 1.894150e+03 1.256874e+03 0.000000e+00 0.000000e+00 0.000000e+00 0.000000e+00 0.000000e+00 0.000000e+00 0.000000e+00 0.000000e+00 0.000000e+00
1.149000e+00 0.000000e+00 -5.873107e+03 -4.943554e+03 0.000000e+00 0.000000e+00 0.000000e+00 -5.162104e+02 -5.145330e+02 1.895470e+03 1.258048e+03 0.000000e+00 0.000000e+00 0.000000e+00 0.000000e+00 0.000000e+00 0.000000e+00 0.000000e+00 0.000000e+00 0.000000e+00
1.150000e+00 0.000000e+00 -5.887420e+03 -4.964125e+03 0.000000e+00 0.000000e+00 0.000000e+00 -5.164867e+02 -5.148107e+02 1.896788e+03 1.259173e+03 0.000000e+00 0.000000e+00 0.000000e+00 0.000000e+00 0.000000e+00 0.000000e+00 0.000000e+00 0.000000e+00 0.000000e+00
1.151000e+00 0.000000e+00 -5.901769e+03 -4.984723e+03 0.000000e+00 0.000000e+00 0.000000e+00 -5.167392e+02 -5.150652e+02 1.898102e+03 1.260249e+03 0.000000e+00 0.000000e+00 0.000000e+00 0.000000e+00 0.000000e+00 0.000000e+00 0.000000e+00 0.000000e+00 0.000000e+00
1.152000e+00 0.000000e+00 -5.916150e+03 -5.005343e+03 0.000000e+00 0.000000e+00 0.000000e+00 -5.169679e+02 -5.152963e+02 1.899413e+03 1.261275e+03 0.000000e+00 0.000000e+00 0.000000e+00 0.000000e+00 0.000000e+00 0.000000e+00 0.000000e+00 0.000000e+00 0.000000e+00
1.153000e+00 0.000000e+00 -5.930561e+03 -5.025983e+03 0.000000e+00 0.000000e+00 0.000000e+00 -5.171725e+02 -5.155039e+02 1.900719e+03 1.262250e+03 0.000000e+00 0.000000e+00 0.000000e+00 0.000000e+00 0.000000e+00 0.000000e+00 0.000000e+00 0.000000e+00 0.000000e+00
1.154000e+00 0.000000e+00 -5.944998e+03 -5.046638e+03 0.000000e+00 0.000000e+00 0.000000e+00 -5.173527e+02 -5.156876e+02 1.902020e+03 1.263174e+03 0.000000e+00 0.000000e+00 0.000000e+00 0.000000e+00 0.000000e+00 0.000000e+00 0.000000e+00 0.000000e+00 0.000000e+00
1.155000e+00 0.000000e+00 -5.959459e+03 -5.067304e+03 0.000000e+00 0.000000e+00 0.000000e+00 -5.175084e+02 -5.158472e+02 1.903314e+03 1.264045e+03 0.000000e+00 0.000000e+00 0.000000e+00 0.000000e+00 0.000000e+00 0.000000e+00 0.000000e+00 0.000000e+00 0.000000e+00
1.156000e+00 0.000000e+00 -5.973940e+03 -5.087977e+03 0.000000e+00 0.000000e+00 0.000000e+00 -5.176393e+02 -5.159825e+02 1.904603e+03 1.264863e+03 0.000000e+00 0.000000e+00 0.000000e+00 0.000000e+00 0.000000e+00 0.000000e+00 0.000000e+00 0.000000e+00 0.000000e+00
1.157000e+00 0.000000e+00 -5.988439e+03 -5.108653e+03 0.000000e+00 0.000000e+00 0.000000e+00 -5.177453e+02 -5.160934e+02 1.905885e+03 1.265628e+03 0.000000e+00 0.000000e+00 0.000000e+00 0.000000e+00 0.000000e+00 0.000000e+00 0.000000e+00 0.000000e+00 0.000000e+00
1.158000e+00 0.000000e+00 -6.002952e+03 -5.129329e+03 0.000000e+00 0.000000e+00 0.000000e+00 -5.178262e+02 -5.161797e+02 1.907159e+03 1.266339e+03 0.000000e+00 0.000000e+00 0.000000e+00 0.000000e+00 0.000000e+00 0.000000e+00 0.000000e+00 0.000000e+00 0.000000e+00
1.159000e+00 0.000000e+00 -6.017478e+03 -5.150000e+03 0.000000e+00 0.000000e+00 0.000000e+00 -5.178818e+02 -5.162411e+02 1.908426e+03 1.266996e+03 0.000000e+00 0.000000e+00 0.000000e+00 0.000000e+00 0.000000e+00 0.000000e+00 0.000000e+00 0.000000e+00 0.000000e+00
1.160000e+00 0.000000e+00 -6.032012e+03 -5.170662e+03 0.000000e+00 0.000000e+00 0.000000e+00 -5.179119e+02 -5.162776e+02 1.909684e+03 1.267598e+03 0.000000e+00 0.000000e+00 0.000000e+00 0.000000e+00 0.000000e+00 0.000000e+00 0.000000e+00 0.000000e+00 0.000000e+00
1.161000e+00 0.000000e+00 -6.046552e+03 -5.191311e+03 0.000000e+00 0.000000e+00 0.000000e+00 -5.179166e+02 -5.162890e+02 1.910933e+03 1.268144e+03 0.000000e+00 0.000000e+00 0.000000e+00 0.000000e+00 0.000000e+00 0.000000e+00 0.000000e+00 0.000000e+00 0.000000e+00
1.162000e+00 0.000000e+00 -6.061095e+03 -5.211943e+03 0.000000e+00 0.000000e+00 0.000000e+00 -5.178955e+02 -5.162752e+02 1.912172e+03 1.268634e+03 0.000000e+00 0.000000e+00 0.000000e+00 0.000000e+00 0.000000e+00 0.000000e+00 0.000000e+00 0.000000e+00 0.000000e+00
1.163000e+00 0.000000e+00 -6.075638e+03 -5.232554e+03 0.000000e+00 0.000000e+00 0.000000e+00 -5.178487e+02 -5.162360e+02 1.913401e+03 1.269068e+03 0.000000e+00 0.000000e+00 0.000000e+00 0.000000e+00 0.000000e+00 0.000000e+00 0.000000e+00 0.000000e+00 0.000000e+00
1.164000e+00 0.000000e+00 -6.090178e+03 -5.253139e+03 0.000000e+00 0.000000e+00 0.000000e+00 -5.177760e+02 -5.161714e+02 1.914620e+03 1.269445e+03 0.000000e+00 0.000000e+00 0.000000e+00 0.000000e+00 0.000000e+00 0.000000e+00 0.000000e+00 0.000000e+00 0.000000e+00
1.165000e+00 0.000000e+00 -6.104714e+03 -5.273696e+03 0.000000e+00 0.000000e+00 0.000000e+00 -5.176773e+02 -5.160812e+02 1.915828e+03 1.269765e+03 0.000000e+00 0.000000e+00 0.000000e+00 0.000000e+00 0.000000e+00 0.000000e+00 0.000000e+00 0.000000e+00 0.000000e+00
1.166000e+00 0.000000e+00 -6.119241e+03 -5.294219e+03 0.000000e+00 0.000000e+00 0.000000e+00 -5.175526e+02 -5.159654e+02 1.917024e+03 1.270028e+03 0.000000e+00 0.000000e+00 0.000000e+00 0.000000e+00 0.000000e+00 0.000000e+00 0.000000e+00 0.000000e+00 0.000000e+00
1.167000e+00 0.000000e+00 -6.133757e+03 -5.314704e+03 0.000000e+00 0.000000e+00 0.000000e+00 -5.174018e+02 -5.158239e+02 1.918208e+03 1.270233e+03 0.000000e+00 0.000000e+00 0.000000e+00 0.000000e+00 0.000000e+00 0.000000e+00 0.000000e+00 0.000000e+00 0.000000e+00
1.168000e+00 0.000000e+00 -6.148259e+03 -5.335148e+03 0.000000e+00 0.000000e+00 0.000000e+00 -5.172249e+02 -5.156567e+02 1.919380e+03 1.270380e+03 0.000000e+00 0.000000e+00 0.000000e+00 0.000000e+00 0.000000e+00 0.000000e+00 0.000000e+00 0.000000e+00 0.000000e+00
1.169000e+00 0.000000e+00 -6.162745e+03 -5.355545e+03 0.000000e+00 0.000000e+00 0.000000e+00 -5.170218e+02 -5.154636e+02 1.920539e+03 1.270469e+03 0.000000e+00 0.000000e+00 0.000000e+00 0.000000e+00 0.000000e+00 0.000000e+00 0.000000e+00 0.000000e+00 0.000000e+00
1.170000e+00 0.000000e+00 -6.177211e+03 -5.375893e+03 0.000000e+00 0.000000e+00 0.000000e+00 -5.167926e+02 -5.152448e+02 1.921685e+03 1.270499e+03 0.000000e+00 0.000000e+00 0.000000e+00 0.000000e+00 0.000000e+00 0.000000e+00 0.000000e+00 0.000000e+00 0.000000e+00
1.171000e+00 0.000000e+00 -6.191656e+03 -5.396186e+03 0.000000e+00 0.000000e+00 0.000000e+00 -5.165371e+02 -5.150001e+02 1.922817e+03 1.270471e+03 0.000000e+00 0.000000e+00 0.000000e+00 0.000000e+00 0.000000e+00 0.000000e+00 0.000000e+00 0.000000e+00 0.000000e+00
1.172000e+00 0.000000e+00 -6.206076e+03 -5.416420e+03 0.000000e+00 0.000000e+00 0.000000e+00 -5.162554e+02 -5.147295e+02 1.923934e+03 1.270384e+03 0.000000e+00 0.000000e+00 0.000000e+00 0.000000e+00 0.000000e+00 0.000000e+00 0.000000e+00 0.000000e+00 0.000000e+00
1.173000e+00 0.000000e+00 -6.220470e+03 -5.436591e+03 0.000000e+00 0.000000e+00 0.000000e+00 -5.159475e+02 -5.144331e+02 1.925037e+03 1.270238e+03 0.000000e+00 0.000000e+00 0.000000e+00 0.000000e+00 0.000000e+00 0.000000e+00 0.000000e+00 0.000000e+00 0.000000e+00
1.174000e+00 0.000000e+00 -6.234833e+03 -5.456695e+03 0.000000e+00 0.000000e+00 0.000000e+00 -5.156135e+02 -5.141108e+02 1.926126e+03 1.270033e+03 0.000000e+00 0.000000e+00 0.000000e+00 0.000000e+00 0.000000e+00 0.000000e+00 0.000000e+00 0.000000e+00 0.000000e+00
1.175000e+00 0.000000e+00 -6.249164e+03 -5.476728e+03 0.000000e+00 0.000000e+00 0.000000e+00 -5.152534e+02 -5.137627e+02 1.927198e+03 1.269769e+03 0.000000e+00 0.000000e+00 0.000000e+00 0.000000e+00 0.000000e+00 0.000000e+00 0.000000e+00 0.000000e+00 0.000000e+00
1.176000e+00 0.000000e+00 -6.263461e+03 -5.496684e+03 0.000000e+00 0.000000e+00 0.000000e+00 -5.148672e+02 -5.133889e+02 1.928255e+03 1.269446e+03 0.000000e+00 0.000000e+00 0.000000e+00 0.000000e+00 0.000000e+00 0.000000e+00 0.000000e+00 0.000000e+00 0.000000e+00
1.177000e+00 0.000000e+00 -6.277720e+03 -5.516560e+03 0.000000e+00 0.000000e+00 0.000000e+00 -5.144550e+02 -5.129893e+02 1.929296e+03 1.269063e+03 0.000000e+00 0.000000e+00 0.000000e+00 0.000000e+00 0.000000e+00 0.000000e+00 0.000000e+00 0.000000e+00 0.000000e+00
1.178000e+00 0.000000e+00 -6.291940e+03 -5.536351e+03 0.000000e+00 0.000000e+00 0.000000e+00 -5.140168e+02 -5.125640e+02 1.930321e+03 1.268621e+03 0.000000e+00 0.000000e+00 0.000000e+00 0.000000e+00 0.000000e+00 0.000000e+00 0.000000e+00 0.000000e+00 0.000000e+00
1.179000e+00 0.000000e+00 -6.306117e+03 -5.556053e+03 0.000000e+00 0.000000e+00 0.000000e+00 -5.135528e+02 -5.121130e+02 1.931328e+03 1.268120e+03 0.000000e+00 0.000000e+00 0.000000e+00 0.000000e+00 0.000000e+00 0.000000e+00 0.000000e+00 0.000000e+00 0.000000e+00
1.180000e+00 0.000000e+00 -6.320250e+03 -5.575661e+03 0.000000e+00 0.000000e+00 0.000000e+00 -5.130629e+02 -5.116366e+02 1.932319e+03 1.267560e+03 0.000000e+00 0.000000e+00 0.000000e+00 0.000000e+00 0.000000e+00 0.000000e+00 0.000000e+00 0.000000e+00 0.000000e+00
1.181000e+00 0.000000e+00 -6.334336e+03 -5.595171e+03 0.000000e+00 0.000000e+00 0.000000e+00 -5.125473e+02 -5.111346e+02 1.933291e+03 1.266941e+03 0.000000e+00 0.000000e+00 0.000000e+00 0.000000e+00 0.000000e+00 0.000000e+00 0.000000e+00 0.000000e+00 0.000000e+00
1.182000e+00 0.000000e+00 -6.348372e+03 -5.614578e+03 0.000000e+00 0.000000e+00 0.000000e+00 -5.120062e+02 -5.106072e+02 1.934246e+03 1.266262e+03 0.000000e+00 0.000000e+00 0.000000e+00 0.000000e+00 0.000000e+00 0.000000e+00 0.000000e+00 0.000000e+00 0.000000e+00
1.183000e+00 0.000000e+00 -6.362357e+03 -5.633877e+03 0.000000e+00 0.000000e+00 0.000000e+00 -5.114396e+02 -5.100546e+02 1.935183e+03 1.265525e+03 0.000000e+00 0.000000e+00 0.000000e+00 0.000000e+00 0.000000e+00 0.000000e+00 0.000000e+00 0.000000e+00 0.000000e+00
1.184000e+00 0.000000e+00 -6.376288e+03 -5.653065e+03 0.000000e+00 0.000000e+00 0.000000e+00 -5.108476e+02 -5.094768e+02 1.936102e+03 1.264729e+03 0.000000e+00 0.000000e+00 0.000000e+00 0.000000e+00 0.000000e+00 0.000000e+00 0.000000e+00 0.000000e+00 0.000000e+00
1.185000e+00 0.000000e+00 -6.390164e+03 -5.672137e+03 0.000000e+00 0.000000e+00 0.000000e+00 -5.102305e+02 -5.088740e+02 1.937001e+03 1.263874e+03 0.000000e+00 0.000000e+00 0.000000e+00 0.000000e+00 0.000000e+00 0.000000e+00 0.000000e+00 0.000000e+00 0.000000e+00
1.186000e+00 0.000000e+00 -6.403981e+03 -5.691088e+03 0.000000e+00 0.000000e+00 0.000000e+00 -5.095883e+02 -5.082462e+02 1.937882e+03 1.262961e+03 0.000000e+00 0.000000e+00 0.000000e+00 0.000000e+00 0.000000e+00 0.000000e+00 0.000000e+00 0.000000e+00 0.000000e+00
1.187000e+00 0.000000e+00 -6.417738e+03 -5.709913e+03 0.000000e+00 0.000000e+00 0.000000e+00 -5.089212e+02 -5.075938e+02 1.938743e+03 1.261990e+03 0.000000e+00 0.000000e+00 0.000000e+00 0.000000e+00 0.000000e+00 0.000000e+00 0.000000e+00 0.000000e+00 0.000000e+00
1.188000e+00 0.000000e+00 -6.431432e+03 -5.728608e+03 0.000000e+00 0.000000e+00 0.000000e+00 -5.082294e+02 -5.069167e+02 1.939585e+03 1.260960e+03 0.000000e+00 0.000000e+00 0.000000e+00 0.000000e+00 0.000000e+00 0.000000e+00 0.000000e+00 0.000000e+00 0.000000e+00
1.189000e+00 0.000000e+00 -6.445063e+03 -5.747169e+03 0.000000e+00 0.000000e+00 0.000000e+00 -5.075131e+02 -5.062152e+02 1.940407e+03 1.259873e+03 0.000000e+00 0.000000e+00 0.000000e+00 0.000000e+00 0.000000e+00 0.000000e+00 0.000000e+00 0.000000e+00 0.000000e+00
1.190000e+00 0.000000e+00 -6.458627e+03 -5.765592e+03 0.000000e+00 0.000000e+00 0.000000e+00 -5.067725e+02 -5.054895e+02 1.941208e+03 1.258729e+03 0.000000e+00 0.000000e+00 0.000000e+00 0.000000e+00 0.000000e+00 0.000000e+00 0.000000e+00 0.000000e+00 0.000000e+00
1.191000e+00 0.000000e+00 -6.472122e+03 -5.783870e+03 0.000000e+00 0.000000e+00 0.000000e+00 -5.060077e+02 -5.047398e+02 1.941990e+03 1.257527e+03 0.000000e+00 0.000000e+00 0.000000e+00 0.000000e+00 0.000000e+00 0.000000e+00 0.000000e+00 0.000000e+00 0.000000e+00
1.192000e+00 0.000000e+00 -6.485548e+03 -5.802001e+03 0.000000e+00 0.000000e+00 0.000000e+00 -5.052191e+02 -5.039661e+02 1.942751e+03 1.256269e+03 0.000000e+00 0.000000e+00 0.000000e+00 0.000000e+00 0.000000e+00 0.000000e+00 0.000000e+00 0.000000e+00 0.000000e+00
1.193000e+00 0.000000e+00 -6.498901e+03 -5.819979e+03 0.000000e+00 0.000000e+00 0.000000e+00 -5.044068e+02 -5.031689e+02 1.943491e+03 1.254954e+03 0.000000e+00 0.000000e+00 0.000000e+00 0.000000e+00 0.000000e+00 0.000000e+00 0.000000e+00 0.000000e+00 0.000000e+00
1.194000e+00 0.000000e+00 -6.512181e+03 -5.837801e+03 0.000000e+00 0.000000e+00 0.000000e+00 -5.035710e+02 -5.023482e+02 1.944210e+03 1.253583e+03 0.000000e+00 0.000000e+00 0.000000e+00 0.000000e+00 0.000000e+00 0.000000e+00 0.000000e+00 0.000000e+00 0.000000e+00
1.195000e+00 0.000000e+00 -6.525385e+03 -5.855461e+03 0.000000e+00 0.000000e+00 0.000000e+00 -5.027120e+02 -5.015043e+02 1.944909e+03 1.252157e+03 0.000000e+00 0.000000e+00 0.000000e+00 0.000000e+00 0.000000e+00 0.000000e+00 0.000000e+00 0.000000e+00 0.000000e+00
1.196000e+00 0.000000e+00 -6.538512e+03 -5.872955e+03 0.000000e+00 0.000000e+00 0.000000e+00 -5.018301e+02 -5.006375e+02 1.945585e+03 1.250675e+03 0.000000e+00 0.000000e+00 0.000000e+00 0.000000e+00 0.000000e+00 0.000000e+00 0.000000e+00 0.000000e+00 0.000000e+00
1.197000e+00 0.000000e+00 -6.551560e+03 -5.890279e+03 0.000000e+00 0.000000e+00 0.000000e+00 -5.009254e+02 -4.997479e+02 1.946241e+03 1.249138e+03 0.000000e+00 0.000000e+00 0.000000e+00 0.000000e+00 0.000000e+00 0.000000e+00 0.000000e+00 0.000000e+00 0.000000e+00
1.198000e+00 0.000000e+00 -6.564527e+03 -5.907429e+03 0.000000e+00 0.000000e+00 0.000000e+00 -4.999984e+02 -4.988359e+02 1.946875e+03 1.247547e+03 0.000000e+00 0.000000e+00 0.000000e+00 0.000000e+00 0.000000e+00 0.000000e+00 0.000000e+00 0.000000e+00 0.000000e+00
1.199000e+00 0.000000e+00 -6.577413e+03 -5.924399e+03 0.000000e+00 0.000000e+00 0.000000e+00 -4.990492e+02 -4.979016e+02 1.947487e+03 1.245903e+03 0.000000e+00 0.000000e+00 0.000000e+00 0.000000e+00 0.000000e+00 0.000000e+00 0.000000e+00 0.000000e+00 0.000000e+00
1.200000e+00 0.000000e+00 -6.590214e+03 -5.941186e+03 0.000000e+00 0.000000e+00 0.000000e+00 -4.980780e+02 -4.969453e+02 1.948077e+03 1.244204e+03 0.000000e+00 0.000000e+00 0.000000e+00 0.000000e+00 0.000000e+00 0.000000e+00 0.000000e+00 0.000000e+00 0.000000e+00
1.201000e+00 0.000000e+00 -6.602931e+03 -5.957785e+03 0.000000e+00 0.000000e+00 0.000000e+00 -4.970853e+02 -4.959674e+02 1.948644e+03 1.242453e+03 0.000000e+00 0.000000e+00 0.000000e+00 0.000000e+00 0.000000e+00 0.000000e+00 0.000000e+00 0.000000e+00 0.000000e+00
1.202000e+00 0.000000e+00 -6.615561e+03 -5.974191e+03 0.000000e+00 0.000000e+00 0.000000e+00 -4.960712e+02 -4.949680e+02 1.949190e+03 1.240650e+03 0.000000e+00 0.000000e+00 0.000000e+00 0.000000e+00 0.000000e+00 0.000000e+00 0.000000e+00 0.000000e+00 0.000000e+00
1.203000e+00 0.000000e+00 -6.628104e+03 -5.990401e+03 0.000000e+00 0.000000e+00 0.000000e+00 -4.950361e+02 -4.939474e+02 1.949714e+03 1.238795e+03 0.000000e+00 0.000000e+00 0.000000e+00 0.000000e+00 0.000000e+00 0.000000e+00 0.000000e+00 0.000000e+00 0.000000e+00
1.204000e+00 0.000000e+00 -6.640557e+03 -6.006410e+03 0.000000e+00 0.000000e+00 0.000000e+00 -4.939803e+02 -4.929060e+02 1.950214e+03 1.236888e+03 0.000000e+00 0.000000e+00 0.000000e+00 0.000000e+00 0.000000e+00 0.000000e+00 0.000000e+00 0.000000e+00 0.000000e+00
1.205000e+00 0.000000e+00 -6.652920e+03 -6.022214e+03 0.000000e+00 0.000000e+00 0.000000e+00 -4.929040e+02 -4.918440e+02 1.950693e+03 1.234931e+03 0.000000e+00 0.000000e+00 0.000000e+00 0.000000e+00 0.000000e+00 0.000000e+00 0.000000e+00 0.000000e+00 0.000000e+00
1.206000e+00 0.000000e+00 -6.665191e+03 -6.037809e+03 0.000000e+00 0.000000e+00 0.000000e+00 -4.918076e+02 -4.907617e+02 1.951148e+03 1.232923e+03 0.000000e+00 0.000000e+00 0.000000e+00 0.000000e+00 0.000000e+00 0.000000e+00 0.000000e+00 0.000000e+00 0.000000e+00
1.207000e+00 0.000000e+00 -6.677369e+03 -6.053190e+03 0.000000e+00 0.000000e+00 0.000000e+00 -4.906915e+02 -4.896594e+02 1.951581e+03 1.230866e+03 0.000000e+00 0.000000e+00 0.000000e+00 0.000000e+00 0.000000e+00 0.000000e+00 0.000000e+00 0.000000e+00 0.000000e+00
1.208000e+00 0.000000e+00 -6.689453e+03 -6.068355e+03 0.000000e+00 0.000000e+00 0.000000e+00 -4.895558e+02 -4.885374e+02 1.951992e+03 1.228761e+03 0.000000e+00 0.000000e+00 0.000000e+00 0.000000e+00 0.000000e+00 0.000000e+00 0.000000e+00 0.000000e+00 0.000000e+00
1.209000e+00 0.000000e+00 -6.701443e+03 -6.083297e+03 0.000000e+00 0.000000e+00 0.000000e+00 -4.884011e+02 -4.873962e+02 1.952379e+03 1.226606e+03 0.000000e+00 0.000000e+00 0.000000e+00 0.000000e+00 0.000000e+00 0.000000e+00 0.000000e+00 0.000000e+00 0.000000e+00
1.210000e+00 0.000000e+00 -6.713336e+03 -6.098015e+03 0.000000e+00 0.000000e+00 0.000000e+00 -4.872275e+02 -4.862358e+02 1.952743e+03 1.224405e+03 0.000000e+00 0.000000e+00 0.000000e+00 0.000000e+00 0.000000e+00 0.000000e+00 0.000000e+00 0.000000e+00 0.000000e+00
1.211000e+00 0.000000e+00 -6.725132e+03 -6.112504e+03 0.000000e+00 0.000000e+00 0.000000e+00 -4.860356e+02 -4.850569e+02 1.953085e+03 1.222156e+03 0.000000e+00 0.000000e+00 0.000000e+00 0.000000e+00 0.000000e+00 0.000000e+00 0.000000e+00 0.000000e+00 0.000000e+00
1.212000e+00 0.000000e+00 -6.736831e+03 -6.126759e+03 0.000000e+00 0.000000e+00 0.000000e+00 -4.848255e+02 -4.838595e+02 1.953403e+03 1.219861e+03 0.000000e+00 0.000000e+00 0.000000e+00 0.000000e+00 0.000000e+00 0.000000e+00 0.000000e+00 0.000000e+00 0.000000e+00
1.213000e+00 0.000000e+00 -6.748430e+03 -6.140779e+03 0.000000e+00 0.000000e+00 0.000000e+00 -4.835977e+02 -4.826442e+02 1.953698e+03 1.217520e+03 0.000000e+00 0.000000e+00 0.000000e+00 0.000000e+00 0.000000e+00 0.000000e+00 0.000000e+00 0.000000e+00 0.000000e+00
1.214000e+00 0.000000e+00 -6.759930e+03 -6.154558e+03 0.000000e+00 0.000000e+00 0.000000e+00 -4.823525e+02 -4.814112e+02 1.953970e+03 1.215135e+03 0.000000e+00 0.000000e+00 0.000000e+00 0.000000e+00 0.000000e+00 0.000000e+00 0.000000e+00 0.000000e+00 0.000000e+00
1.215000e+00 0.000000e+00 -6.771330e+03 -6.168094e+03 0.000000e+00 0.000000e+00 0.000000e+00 -4.810904e+02 -4.801608e+02 1.954219e+03 1.212705e+03 0.000000e+00 0.000000e+00 0.000000e+00 0.000000e+00 0.000000e+00 0.000000e+00 0.000000e+00 0.000000e+00 0.000000e+00
1.216000e+00 0.000000e+00 -6.782629e+03 -6.181383e+03 0.000000e+00 0.000000e+00 0.000000e+00 -4.798116e+02 -4.788936e+02 1.954445e+03 1.210232e+03 0.000000e+00 0.000000e+00 0.000000e+00 0.000000e+00 0.000000e+00 0.000000e+00 0.000000e+00 0.000000e+00 0.000000e+00
1.217000e+00 0.000000e+00 -6.793826e+03 -6.194422e+03 0.000000e+00 0.000000e+00 0.000000e+00 -4.785166e+02 -4.776097e+02 1.954648e+03 1.207716e+03 0.000000e+00 0.000000e+00 0.000000e+00 0.000000e+00 0.000000e+00 0.000000e+00 0.000000e+00 0.000000e+00 0.000000e+00
1.218000e+00 0.000000e+00 -6.804920e+03 -6.207207e+03 0.000000e+00 0.000000e+00 0.000000e+00 -4.772057e+02 -4.763096e+02 1.954828e+03 1.205158e+03 0.000000e+00 0.000000e+00 0.000000e+00 0.000000e+00 0.000000e+00 0.000000e+00 0.000000e+00 0.000000e+00 0.000000e+00
1.219000e+00 0.000000e+00 -6.815912e+03 -6.219735e+03 0.000000e+00 0.000000e+00 0.000000e+00 -4.758793e+02 -4.749937e+02 1.954984e+03 1.202559e+03 0.000000e+00 0.000000e+00 0.000000e+00 0.000000e+00 0.000000e+00 0.000000e+00 0.000000e+00 0.000000e+00 0.000000e+00
1.220000e+00 0.000000e+00 -6.826799e+03 -6.232004e+03 0.000000e+00 0.000000e+00 0.000000e+00 -4.745378e+02 -4.736622e+02 1.955118e+03 1.199920e+03 0.000000e+00 0.000000e+00 0.000000e+00 0.000000e+00 0.000000e+00 0.000000e+00 0.000000e+00 0.000000e+00 0.000000e+00
1.221000e+00 0.000000e+00 -6.837583e+03 -6.244010e+03 0.000000e+00 0.000000e+00 0.000000e+00 -4.731816e+02 -4.723157e+02 1.955228e+03 1.197241e+03 0.000000e+00 0.000000e+00 0.000000e+00 0.000000e+00 0.000000e+00 0.000000e+00 0.000000e+00 0.000000e+00 0.000000e+00
1.222000e+00 0.000000e+00 -6.848263e+03 -6.255751e+03 0.000000e+00 0.000000e+00 0.000000e+00 -4.718110e+02 -4.709544e+02 1.955315e+03 1.194523e+03 0.000000e+00 0.000000e+00 0.000000e+00 0.000000e+00 0.000000e+00 0.000000e+00 0.000000e+00 0.000000e+00 0.000000e+00
1.223000e+00 0.000000e+00 -6.858837e+03 -6.267223e+03 0.000000e+00 0.000000e+00 0.000000e+00 -4.704265e+02 -4.695787e+02 1.955380e+03 1.191766e+03 0.000000e+00 0.000000e+00 0.000000e+00 0.000000e+00 0.000000e+00 0.000000e+00 0.000000e+00 0.000000e+00 0.000000e+00
1.224000e+00 0.000000e+00 -6.869307e+03 -6.278424e+03 0.000000e+00 0.000000e+00 0.000000e+00 -4.690284e+02 -4.681890e+02 1.955421e+03 1.188973e+03 0.000000e+00 0.000000e+00 0.000000e+00 0.000000e+00 0.000000e+00 0.000000e+00 0.000000e+00 0.000000e+00 0.000000e+00
1.225000e+00 0.000000e+00 -6.879670e+03 -6.289352e+03 0.000000e+00 0.000000e+00 0.000000e+00 -4.676171e+02 -4.667857e+02 1.955439e+03 1.186143e+03 0.000000e+00 0.000000e+00 0.000000e+00 0.000000e+00 0.000000e+00 0.000000e+00 0.000000e+00 0.000000e+00 0.000000e+00
1.226000e+00 0.000000e+00 -6.889928e+03 -6.300004e+03 0.000000e+00 0.000000e+00 0.000000e+00 -4.661931e+02 -4.653691e+02 1.955435e+03 1.183277e+03 0.000000e+00 0.000000e+00 0.000000e+00 0.000000e+00 0.000000e+00 0.000000e+00 0.000000e+00 0.000000e+00 0.000000e+00
1.227000e+00 0.000000e+00 -6.900079e+03 -6.310378e+03 0.000000e+00 0.000000e+00 0.000000e+00 -4.647566e+02 -4.639396e+02 1.955407e+03 1.180376e+03 0.000000e+00 0.000000e+00 0.000000e+00 0.000000e+00 0.000000e+00 0.000000e+00 0.000000e+00 0.000000e+00 0.000000e+00
1.228000e+00 0.000000e+00 -6.910124e+03 -6.320471e+03 0.000000e+00 0.000000e+00 0.000000e+00 -4.633081e+02 -4.624977e+02 1.955357e+03 1.177441e+03 0.000000e+00 0.000000e+00 0.000000e+00 0.000000e+00 0.000000e+00 0.000000e+00 0.000000e+00 0.000000e+00 0.000000e+00
1.229000e+00 0.000000e+00 -6.920062e+03 -6.330281e+03 0.000000e+00 0.000000e+00 0.000000e+00 -4.618481e+02 -4.610437e+02 1.955284e+03 1.174473e+03 0.000000e+00 0.000000e+00 0.000000e+00 0.000000e+00 0.000000e+00 0.000000e+00 0.000000e+00 0.000000e+00 0.000000e+00
1.230000e+00 0.000000e+00 -6.929894e+03 -6.339808e+03 0.000000e+00 0.000000e+00 0.000000e+00 -4.603768e+02 -4.595779e+02 1.955189e+03 1.171472e+03 0.000000e+00 0.000000e+00 0.000000e+00 0.000000e+00 0.000000e+00 0.000000e+00 0.000000e+00 0.000000e+00 0.000000e+00
1.231000e+00 0.000000e+00 -6.939618e+03 -6.349048e+03 0.000000e+00 0.000000e+00 0.000000e+00 -4.588947e+02 -4.581009e+02 1.955070e+03 1.168439e+03 0.000000e+00 0.000000e+00 0.000000e+00 0.000000e+00 0.000000e+00 0.000000e+00 0.000000e+00 0.000000e+00 0.000000e+00
1.232000e+00 0.000000e+00 -6.949236e+03 -6.358000e+03 0.000000e+00 0.000000e+00 0.000000e+00 -4.574022e+02 -4.566129e+02 1.954930e+03 1.165376e+03 0.000000e+00 0.000000e+00 0.000000e+00 0.000000e+00 0.000000e+00 0.000000e+00 0.000000e+00 0.000000e+00 0.000000e+00
1.233000e+00 0.000000e+00 -6.958746e+03 -6.366664e+03 0.000000e+00 0.000000e+00 0.000000e+00 -4.558998e+02 -4.551144e+02 1.954766e+03 1.162282e+03 0.000000e+00 0.000000e+00 0.000000e+00 0.000000e+00 0.000000e+00 0.000000e+00 0.000000e+00 0.000000e+00 0.000000e+00
1.234000e+00 0.000000e+00 -6.968149e+03 -6.375036e+03 0.000000e+00 0.000000e+00 0.000000e+00 -4.543877e+02 -4.536057e+02 1.954581e+03 1.159159e+03 0.000000e+00 0.000000e+00 0.000000e+00 0.000000e+00 0.000000e+00 0.000000e+00 0.000000e+00 0.000000e+00 0.000000e+00
1.235000e+00 0.000000e+00 -6.977445e+03 -6.383117e+03 0.000000e+00 0.000000e+00 0.000000e+00 -4.528664e+02 -4.520873e+02 1.954373e+03 1.156008e+03 0.000000e+00 0.000000e+00 0.000000e+00 0.000000e+00 0.000000e+00 0.000000e+00 0.000000e+00 0.000000e+00 0.000000e+00
1.236000e+00 0.000000e+00 -6.986634e+03 -6.390905e+03 0.000000e+00 0.000000e+00 0.000000e+00 -4.513364e+02 -4.505595e+02 1.954143e+03 1.152829e+03 0.000000e+00 0.000000e+00 0.000000e+00 0.000000e+00 0.000000e+00 0.000000e+00 0.000000e+00 0.000000e+00 0.000000e+00
1.237000e+00 0.000000e+00 -6.995716e+03 -6.398399e+03 0.000000e+00 0.000000e+00 0.000000e+00 -4.497980e+02 -4.490228e+02 1.953891e+03 1.149624e+03 0.000000e+00 0.000000e+00 0.000000e+00 0.000000e+00 0.000000e+00 0.000000e+00 0.000000e+00 0.000000e+00 0.000000e+00
1.238000e+00 0.000000e+00 -7.004691e+03 -6.405598e+03 0.000000e+00 0.000000e+00 0.000000e+00 -4.482515e+02 -4.474775e+02 1.953616e+03 1.146392e+03 0.000000e+00 0.000000e+00 0.000000e+00 0.000000e+00 0.000000e+00 0.000000e+00 0.000000e+00 0.000000e+00 0.000000e+00
1.239000e+00 0.000000e+00 -7.013558e+03 -6.412502e+03 0.000000e+00 0.000000e+00 0.000000e+00 -4.466976e+02 -4.459240e+02 1.953320e+03 1.143136e+03 0.000000e+00 0.000000e+00 0.000000e+00 0.000000e+00 0.000000e+00 0.000000e+00 0.000000e+00 0.000000e+00 0.000000e+00
1.240000e+00 0.000000e+00 -7.022319e+03 -6.419110e+03 0.000000e+00 0.000000e+00 0.000000e+00 -4.451364e+02 -4.443627e+02 1.953002e+03 1.139855e+03 0.000000e+00 0.000000e+00 0.000000e+00 0.000000e+00 0.000000e+00 0.000000e+00 0.000000e+00 0.000000e+00 0.000000e+00
1.241000e+00 0.000000e+00 -7.030973e+03 -6.425422e+03 0.000000e+00 0.000000e+00 0.000000e+00 -4.435685e+02 -4.427941e+02 1.952663e+03 1.136551e+03 0.000000e+00 0.000000e+00 0.000000e+00 0.000000e+00 0.000000e+00 0.000000e+00 0.000000e+00 0.000000e+00 0.000000e+00
1.242000e+00 0.000000e+00 -7.039521e+03 -6.431437e+03 0.000000e+00 0.000000e+00 0.000000e+00 -4.419942e+02 -4.412184e+02 1.952301e+03 1.133224e+03 0.000000e+00 0.000000e+00 0.000000e+00 0.000000e+00 0.000000e+00 0.000000e+00 0.000000e+00 0.000000e+00 0.000000e+00
1.243000e+00 0.000000e+00 -7.047962e+03 -6.437156e+03 0.000000e+00 0.000000e+00 0.000000e+00 -4.404139e+02 -4.396361e+02 1.951919e+03 1.129875e+03 0.000000e+00 0.000000e+00 0.000000e+00 0.000000e+00 0.000000e+00 0.000000e+00 0.000000e+00 0.000000e+00 0.000000e+00
1.244000e+00 0.000000e+00 -7.056296e+03 -6.442578e+03 0.000000e+00 0.000000e+00 0.000000e+00 -4.388280e+02 -4.380476e+02 1.951514e+03 1.126506e+03 0.000000e+00 0.000000e+00 0.000000e+00 0.000000e+00 0.000000e+00 0.000000e+00 0.000000e+00 0.000000e+00 0.000000e+00
1.245000e+00 0.000000e+00 -7.064525e+03 -6.447703e+03 0.000000e+00 0.000000e+00 0.000000e+00 -4.372369e+02 -4.364533e+02 1.951089e+03 1.123116e+03 0.000000e+00 0.000000e+00 0.000000e+00 0.000000e+00 0.000000e+00 0.000000e+00 0.000000e+00 0.000000e+00 0.000000e+00
1.246000e+00 0.000000e+00 -7.072647e+03 -6.452533e+03 0.000000e+00 0.000000e+00 0.000000e+00 -4.356410e+02 -4.348534e+02 1.950642e+03 1.119707e+03 0.000000e+00 0.000000e+00 0.000000e+00 0.000000e+00 0.000000e+00 0.000000e+00 0.000000e+00 0.000000e+00 0.000000e+00
1.247000e+00 0.000000e+00 -7.080664e+03 -6.457066e+03 0.000000e+00 0.000000e+00 0.000000e+00 -4.340406e+02 -4.332485e+02 1.950174e+03 1.116280e+03 0.000000e+00 0.000000e+00 0.000000e+00 0.000000e+00 0.000000e+00 0.000000e+00 0.000000e+00 0.000000e+00 0.000000e+00
1.248000e+00 0.000000e+00 -7.088575e+03 -6.461304e+03 0.000000e+00 0.000000e+00 0.000000e+00 -4.324362e+02 -4.316388e+02 1.949685e+03 1.112834e+03 0.000000e+00 0.000000e+00 0.000000e+00 0.000000e+00 0.000000e+00 0.000000e+00 0.000000e+00 0.000000e+00 0.000000e+00
1.249000e+00 0.000000e+00 -7.096381e+03 -6.465248e+03 0.000000e+00 0.000000e+00 0.000000e+00 -4.308281e+02 -4.300248e+02 1.949176e+03 1.109372e+03 0.000000e+00 0.000000e+00 0.000000e+00 0.000000e+00 0.000000e+00 0.000000e+00 0.000000e+00 0.000000e+00 0.000000e+00
1.250000e+00 0.000000e+00 -7.104082e+03 -6.468897e+03 0.000000e+00 0.000000e+00 0.000000e+00 -4.292167e+02 -4.284068e+02 1.948645e+03 1.105894e+03 0.000000e+00 0.000000e+00 0.000000e+00 0.000000e+00 0.000000e+00 0.000000e+00 0.000000e+00 0.000000e+00 0.000000e+00
1.251000e+00 0.000000e+00 -7.111678e+03 -6.472254e+03 0.000000e+00 0.000000e+00 0.000000e+00 -4.276024e+02 -4.267851e+02 1.948094e+03 1.102400e+03 0.000000e+00 0.000000e+00 0.000000e+00 0.000000e+00 0.000000e+00 0.000000e+00 0.000000e+00 0.000000e+00 0.000000e+00
1.252000e+00 0.000000e+00 -7.119169e+03 -6.475320e+03 0.000000e+00 0.000000e+00 0.000000e+00 -4.259855e+02 -4.251603e+02 1.947522e+03 1.098891e+03 0.000000e+00 0.000000e+00 0.000000e+00 0.000000e+00 0.000000e+00 0.000000e+00 0.000000e+00 0.000000e+00 0.000000e+00
1.253000e+00 0.000000e+00 -7.126555e+03 -6.478095e+03 0.000000e+00 0.000000e+00 0.000000e+00 -4.243665e+02 -4.235325e+02 1.946929e+03 1.095369e+03 0.000000e+00 0.000000e+00 0.000000e+00 0.000000e+00 0.000000e+00 0.000000e+00 0.000000e+00 0.000000e+00 0.000000e+00
1.254000e+00 0.000000e+00 -7.133837e+03 -6.480580e+03 0.000000e+00 0.000000e+00 0.000000e+00 -4.227456e+02 -4.219023e+02 1.946317e+03 1.091833e+03 0.000000e+00 0.000000e+00 0.000000e+00 0.000000e+00 0.000000e+00 0.000000e+00 0.000000e+00 0.000000e+00 0.000000e+00
1.255000e+00 0.000000e+00 -7.141015e+03 -6.482779e+03 0.000000e+00 0.000000e+00 0.000000e+00 -4.211233e+02 -4.202698e+02 1.945684e+03 1.088285e+03 0.000000e+00 0.000000e+00 0.000000e+00 0.000000e+00 0.000000e+00 0.000000e+00 0.000000e+00 0.000000e+00 0.000000e+00
1.256000e+00 0.000000e+00 -7.148089e+03 -6.484691e+03 0.000000e+00 0.000000e+00 0.000000e+00 -4.194999e+02 -4.186356e+02 1.945030e+03 1.084726e+03 0.000000e+00 0.000000e+00 0.000000e+00 0.000000e+00 0.000000e+00 0.000000e+00 0.000000e+00 0.000000e+00 0.000000e+00
1.257000e+00 0.000000e+00 -7.155060e+03 -6.486319e+03 0.000000e+00 0.000000e+00 0.000000e+00 -4.178757e+02 -4.169999e+02 1.944357e+03 1.081156e+03 0.000000e+00 0.000000e+00 0.000000e+00 0.000000e+00 0.000000e+00 0.000000e+00 0.000000e+00 0.000000e+00 0.000000e+00
1.258000e+00 0.000000e+00 -7.161927e+03 -6.487665e+03 0.000000e+00 0.000000e+00 0.000000e+00 -4.162512e+02 -4.153631e+02 1.943663e+03 1.077575e+03 0.000000e+00 0.000000e+00 0.000000e+00 0.000000e+00 0.000000e+00 0.000000e+00 0.000000e+00 0.000000e+00 0.000000e+00
1.259000e+00 0.000000e+00 -7.168691e+03 -6.488731e+03 0.000000e+00 0.000000e+00 0.000000e+00 -4.146266e+02 -4.137255e+02 1.942950e+03 1.073985e+03 0.000000e+00 0.000000e+00 0.000000e+00 0.000000e+00 0.000000e+00 0.000000e+00 0.000000e+00 0.000000e+00 0.000000e+00
1.260000e+00 0.000000e+00 -7.175351e+03 -6.489518e+03 0.000000e+00 0.000000e+00 0.000000e+00 -4.130024e+02 -4.120876e+02 1.942217e+03 1.070387e+03 0.000000e+00 0.000000e+00 0.000000e+00 0.000000e+00 0.000000e+00 0.000000e+00 0.000000e+00 0.000000e+00 0.000000e+00
1.261000e+00 0.000000e+00 -7.181909e+03 -6.490030e+03 0.000000e+00 0.000000e+00 0.000000e+00 -4.113788e+02 -4.104495e+02 1.941464e+03 1.066780e+03 0.000000e+00 0.000000e+00 0.000000e+00 0.000000e+00 0.000000e+00 0.000000e+00 0.000000e+00 0.000000e+00 0.000000e+00
1.262000e+00 0.000000e+00 -7.188363e+03 -6.490268e+03 0.000000e+00 0.000000e+00 0.000000e+00 -4.097562e+02 -4.088117e+02 1.940692e+03 1.063166e+03 0.000000e+00 0.000000e+00 0.000000e+00 0.000000e+00 0.000000e+00 0.000000e+00 0.000000e+00 0.000000e+00 0.000000e+00
1.263000e+00 0.000000e+00 -7.194715e+03 -6.490235e+03 0.000000e+00 0.000000e+00 0.000000e+00 -4.081350e+02 -4.071745e+02 1.939899e+03 1.059546e+03 0.000000e+00 0.000000e+00 0.000000e+00 0.000000e+00 0.000000e+00 0.000000e+00 0.000000e+00 0.000000e+00 0.000000e+00
1.264000e+00 0.000000e+00 -7.200965e+03 -6.489934e+03 0.000000e+00 0.000000e+00 0.000000e+00 -4.065154e+02 -4.055382e+02 1.939088e+03 1.055919e+03 0.000000e+00 0.000000e+00 0.000000e+00 0.000000e+00 0.000000e+00 0.000000e+00 0.000000e+00 0.000000e+00 0.000000e+00
1.265000e+00 0.000000e+00 -7.207112e+03 -6.489366e+03 0.000000e+00 0.000000e+00 0.000000e+00 -4.048978e+02 -4.039032e+02 1.938257e+03 1.052287e+03 0.000000e+00 0.000000e+00 0.000000e+00 0.000000e+00 0.000000e+00 0.000000e+00 0.000000e+00 0.000000e+00 0.000000e+00
1.266000e+00 0.000000e+00 -7.213156e+03 -6.488535e+03 0.000000e+00 0.000000e+00 0.000000e+00 -4.032825e+02 -4.022697e+02 1.937406e+03 1.048651e+03 0.000000e+00 0.000000e+00 0.000000e+00 0.000000e+00 0.000000e+00 0.000000e+00 0.000000e+00 0.000000e+00 0.000000e+00
1.267000e+00 0.000000e+00 -7.219098e+03 -6.487445e+03 0.000000e+00 0.000000e+00 0.000000e+00 -4.016698e+02 -4.006380e+02 1.936536e+03 1.045010e+03 0.000000e+00 0.000000e+00 0.000000e+00 0.000000e+00 0.000000e+00 0.000000e+00 0.000000e+00 0.000000e+00 0.000000e+00
1.268000e+00 0.000000e+00 -7.224938e+03 -6.486096e+03 0.000000e+00 0.000000e+00 0.000000e+00 -4.000599e+02 -3.990084e+02 1.935647e+03 1.041366e+03 0.000000e+00 0.000000e+00 0.000000e+00 0.000000e+00 0.000000e+00 0.000000e+00 0.000000e+00 0.000000e+00 0.000000e+00
1.269000e+00 0.000000e+00 -7.230676e+03 -6.484493e+03 0.000000e+00 0.000000e+00 0.000000e+00 -3.984533e+02 -3.973814e+02 1.934739e+03 1.037720e+03 0.000000e+00 0.000000e+00 0.000000e+00 0.000000e+00 0.000000e+00 0.000000e+00 0.000000e+00 0.000000e+00 0.000000e+00
1.270000e+00 0.000000e+00 -7.236312e+03 -6.482639e+03 0.000000e+00 0.000000e+00 0.000000e+00 -3.968502e+02 -3.957570e+02 1.933812e+03 1.034071e+03 0.000000e+00 0.000000e+00 0.000000e+00 0.000000e+00 0.000000e+00 0.000000e+00 0.000000e+00 0.000000e+00 0.000000e+00
1.271000e+00 0.000000e+00 -7.241845e+03 -6.480537e+03 0.000000e+00 0.000000e+00 0.000000e+00 -3.952509e+02 -3.941357e+02 1.932866e+03 1.030420e+03 0.000000e+00 0.000000e+00 0.000000e+00 0.000000e+00 0.000000e+00 0.000000e+00 0.000000e+00 0.000000e+00 0.000000e+00
1.272000e+00 0.000000e+00 -7.247276e+03 -6.478190e+03 0.000000e+00 0.000000e+00 0.000000e+00 -3.936557e+02 -3.925177e+02 1.931900e+03 1.026768e+03 0.000000e+00 0.000000e+00 0.000000e+00 0.000000e+00 0.000000e+00 0.000000e+00 0.000000e+00 0.000000e+00 0.000000e+00
1.273000e+00 0.000000e+00 -7.252604e+03 -6.475602e+03 0.000000e+00 0.000000e+00 0.000000e+00 -3.920648e+02 -3.909033e+02 1.930916e+03 1.023116e+03 0.000000e+00 0.000000e+00 0.000000e+00 0.000000e+00 0.000000e+00 0.000000e+00 0.000000e+00 0.000000e+00 0.000000e+00
1.274000e+00 0.000000e+00 -7.257831e+03 -6.472775e+03 0.000000e+00 0.000000e+00 0.000000e+00 -3.904786e+02 -3.892927e+02 1.929913e+03 1.019464e+03 0.000000e+00 0.000000e+00 0.000000e+00 0.000000e+00 0.000000e+00 0.000000e+00 0.000000e+00 0.000000e+00 0.000000e+00
1.275000e+00 0.000000e+00 -7.262954e+03 -6.469714e+03 0.000000e+00 0.000000e+00 0.000000e+00 -3.888973e+02 -3.876863e+02 1.928891e+03 1.015813e+03 0.000000e+00 0.000000e+00 0.000000e+00 0.000000e+00 0.000000e+00 0.000000e+00 0.000000e+00 0.000000e+00 0.000000e+00
1.276000e+00 0.000000e+00 -7.267975e+03 -6.466422e+03 0.000000e+00 0.000000e+00 0.000000e+00 -3.873211e+02 -3.860843e+02 1.927850e+03 1.012162e+03 0.000000e+00 0.000000e+00 0.000000e+00 0.000000e+00 0.000000e+00 0.000000e+00 0.000000e+00 0.000000e+00 0.000000e+00
1.277000e+00 0.000000e+00 -7.272893e+03 -6.462903e+03 0.000000e+00 0.000000e+00 0.000000e+00 -3.857504e+02 -3.844870e+02 1.926790e+03 1.008513e+03 0.000000e+00 0.000000e+00 0.000000e+00 0.000000e+00 0.000000e+00 0.000000e+00 0.000000e+00 0.000000e+00 0.000000e+00
1.278000e+00 0.000000e+00 -7.277708e+03 -6.459160e+03 0.000000e+00 0.000000e+00 0.000000e+00 -3.841853e+02 -3.828945e+02 1.925712e+03 1.004867e+03 0.000000e+00 0.000000e+00 0.000000e+00 0.000000e+00 0.000000e+00 0.000000e+00 0.000000e+00 0.000000e+00 0.000000e+00
1.279000e+00 0.000000e+00 -7.282420e+03 -6.455197e+03 0.000000e+00 0.000000e+00 0.000000e+00 -3.826262e+02 -3.813072e+02 1.924614e+03 1.001223e+03 0.000000e+00 0.000000e+00 0.000000e+00 0.000000e+00 0.000000e+00 0.000000e+00 0.000000e+00 0.000000e+00 0.000000e+00
1.280000e+00 0.000000e+00 -7.287028e+03 -6.451018e+03 0.000000e+00 0.000000e+00 0.000000e+00 -3.810733e+02 -3.797253e+02 1.923498e+03 9.975816e+02 0.000000e+00 0.000000e+00 0.000000e+00 0.000000e+00 0.000000e+00 0.000000e+00 0.000000e+00 0.000000e+00 0.000000e+00
1.281000e+00 0.000000e+00 -7.291532e+03 -6.446627e+03 0.000000e+00 0.000000e+00 0.000000e+00 -3.795267e+02 -3.781491e+02 1.922364e+03 9.939441e+02 0.000000e+00 0.000000e+00 0.000000e+00 0.000000e+00 0.000000e+00 0.000000e+00 0.000000e+00 0.000000e+00 0.000000e+00
1.282000e+00 0.000000e+00 -7.295933e+03 -6.442027e+03 0.000000e+00 0.000000e+00 0.000000e+00 -3.779868e+02 -3.765787e+02 1.921210e+03 9.903106e+02 0.000000e+00 0.000000e+00 0.000000e+00 0.000000e+00 0.000000e+00 0.000000e+00 0.000000e+00 0.000000e+00 0.000000e+00
1.283000e+00 0.000000e+00 -7.300229e+03 -6.437223e+03 0.000000e+00 0.000000e+00 0.000000e+00 -3.764538e+02 -3.750144e+02 1.920038e+03 9.866815e+02 0.000000e+00 0.000000e+00 0.000000e+00 0.000000e+00 0.000000e+00 0.000000e+00 0.000000e+00 0.000000e+00 0.000000e+00
1.284000e+00 0.000000e+00 -7.304420e+03 -6.432218e+03 0.000000e+00 0.000000e+00 0.000000e+00 -3.749278e+02 -3.734564e+02 1.918847e+03 9.830571e+02 0.000000e+00 0.000000e+00 0.000000e+00 0.000000e+00 0.000000e+00 0.000000e+00 0.000000e+00 0.000000e+00 0.000000e+00
1.285000e+00 0.000000e+00 -7.308506e+03 -6.427017e+03 0.000000e+00 0.000000e+00 0.000000e+00 -3.734092e+02 -3.719049e+02 1.917637e+03 9.794381e+02 0.000000e+00 0.000000e+00 0.000000e+00 0.000000e+00 0.000000e+00 0.000000e+00 0.000000e+00 0.000000e+00 0.000000e+00
1.286000e+00 0.000000e+00 -7.312487e+03 -6.421623e+03 0.000000e+00 0.000000e+00 0.000000e+00 -3.718980e+02 -3.703602e+02 1.916409e+03 9.758246e+02 0.000000e+00 0.000000e+00 0.000000e+00 0.000000e+00 0.000000e+00 0.000000e+00 0.000000e+00 0.000000e+00 0.000000e+00
1.287000e+00 0.000000e+00 -7.316362e+03 -6.416042e+03 0.000000e+00 0.000000e+00 0.000000e+00 -3.703946e+02 -3.688224e+02 1.915162e+03 9.722171e+02 0.000000e+00 0.000000e+00 0.000000e+00 0.000000e+00 0.000000e+00 0.000000e+00 0.000000e+00 0.000000e+00 0.000000e+00
1.288000e+00 0.000000e+00 -7.320130e+03 -6.410275e+03 0.000000e+00 0.000000e+00 0.000000e+00 -3.688990e+02 -3.672917e+02 1.913896e+03 9.686160e+02 0.000000e+00 0.000000e+00 0.000000e+00 0.000000e+00 0.000000e+00 0.000000e+00 0.000000e+00 0.000000e+00 0.000000e+00
1.289000e+00 0.000000e+00 -7.323791e+03 -6.404329e+03 0.000000e+00 0.000000e+00 0.000000e+00 -3.674115e+02 -3.657683e+02 1.912612e+03 9.650215e+02 0.000000e+00 0.000000e+00 0.000000e+00 0.000000e+00 0.000000e+00 0.000000e+00 0.000000e+00 0.000000e+00 0.000000e+00
1.290000e+00 0.000000e+00 -7.327345e+03 -6.398207e+03 0.000000e+00 0.000000e+00 0.000000e+00 -3.659323e+02 -3.642523e+02 1.911309e+03 9.614340e+02 0.000000e+00 0.000000e+00 0.000000e+00 0.000000e+00 0.000000e+00 0.000000e+00 0.000000e+00 0.000000e+00 0.000000e+00
1.291000e+00 0.000000e+00 -7.330791e+03 -6.391912e+03 0.000000e+00 0.000000e+00 0.000000e+00 -3.644615e+02 -3.627441e+02 1.909986e+03 9.578539e+02 0.000000e+00 0.000000e+00 0.000000e+00 0.000000e+00 0.000000e+00 0.000000e+00 0.000000e+00 0.000000e+00 0.000000e+00
1.292000e+00 0.000000e+00 -7.334128e+03 -6.385450e+03 0.000000e+00 0.000000e+00 0.000000e+00 -3.629993e+02 -3.612437e+02 1.908646e+03 9.542815e+02 0.000000e+00 0.000000e+00 0.000000e+00 0.000000e+00 0.000000e+00 0.000000e+00 0.000000e+00 0.000000e+00 0.000000e+00
1.293000e+00 0.000000e+00 -7.337356e+03 -6.378825e+03 0.000000e+00 0.000000e+00 0.000000e+00 -3.615458e+02 -3.597513e+02 1.907286e+03 9.507169e+02 0.000000e+00 0.000000e+00 0.000000e+00 0.000000e+00 0.000000e+00 0.000000e+00 0.000000e+00 0.000000e+00 0.000000e+00
1.294000e+00 0.000000e+00 -7.340474e+03 -6.372040e+03 0.000000e+00 0.000000e+00 0.000000e+00 -3.601013e+02 -3.582671e+02 1.905907e+03 9.471607e+02 0.000000e+00 0.000000e+00 0.000000e+00 0.000000e+00 0.000000e+00 0.000000e+00 0.000000e+00 0.000000e+00 0.000000e+00
1.295000e+00 0.000000e+00 -7.343481e+03 -6.365099e+03 0.000000e+00 0.000000e+00 0.000000e+00 -3.586659e+02 -3.567911e+02 1.904510e+03 9.436129e+02 0.000000e+00 0.000000e+00 0.000000e+00 0.000000e+00 0.000000e+00 0.000000e+00 0.000000e+00 0.000000e+00 0.000000e+00
1.296000e+00 0.000000e+00 -7.346377e+03 -6.358008e+03 0.000000e+00 0.000000e+00 0.000000e+00 -3.572397e+02 -3.553237e+02 1.903094e+03 9.400738e+02 0.000000e+00 0.000000e+00 0.000000e+00 0.000000e+00 0.000000e+00 0.000000e+00 0.000000e+00 0.000000e+00 0.000000e+00
1.297000e+00 0.000000e+00 -7.349162e+03 -6.350770e+03 0.000000e+00 0.000000e+00 0.000000e+00 -3.558229e+02 -3.538648e+02 1.901658e+03 9.365438e+02 0.000000e+00 0.000000e+00 0.000000e+00 0.000000e+00 0.000000e+00 0.000000e+00 0.000000e+00 0.000000e+00 0.000000e+00
1.298000e+00 0.000000e+00 -7.351834e+03 -6.343390e+03 0.000000e+00 0.000000e+00 0.000000e+00 -3.544156e+02 -3.524147e+02 1.900204e+03 9.330230e+02 0.000000e+00 0.000000e+00 0.000000e+00 0.000000e+00 0.000000e+00 0.000000e+00 0.000000e+00 0.000000e+00 0.000000e+00
1.299000e+00 0.000000e+00 -7.354392e+03 -6.335871e+03 0.000000e+00 0.000000e+00 0.000000e+00 -3.530179e+02 -3.509735e+02 1.898731e+03 9.295117e+02 0.000000e+00 0.000000e+00 0.000000e+00 0.000000e+00 0.000000e+00 0.000000e+00 0.000000e+00 0.000000e+00 0.000000e+00
1.300000e+00 0.000000e+00 -7.356836e+03 -6.328217e+03 0.000000e+00 0.000000e+00 0.000000e+00 -3.516299e+02 -3.495413e+02 1.897238e+03 9.260100e+02 0.000000e+00 0.000000e+00 0.000000e+00 0.000000e+00 0.000000e+00 0.000000e+00 0.000000e+00 0.000000e+00 0.000000e+00
1.301000e+00 0.000000e+00 -7.359166e+03 -6.320434e+03 0.000000e+00 0.000000e+00 0.000000e+00 -3.502518e+02 -3.481182e+02 1.895727e+03 9.225183e+02 0.000000e+00 0.000000e+00 0.000000e+00 0.000000e+00 0.000000e+00 0.000000e+00 0.000000e+00 0.000000e+00 0.000000e+00
1.302000e+00 0.000000e+00 -7.361379e+03 -6.312525e+03 0.000000e+00 0.000000e+00 0.000000e+00 -3.488837e+02 -3.467043e+02 1.894196e+03 9.190365e+02 0.000000e+00 0.000000e+00 0.000000e+00 0.000000e+00 0.000000e+00 0.000000e+00 0.000000e+00 0.000000e+00 0.000000e+00
1.303000e+00 0.000000e+00 -7.363476e+03 -6.304493e+03 0.000000e+00 0.000000e+00 0.000000e+00 -3.475257e+02 -3.452998e+02 1.892646e+03 9.155650e+02 0.000000e+00 0.000000e+00 0.000000e+00 0.000000e+00 0.000000e+00 0.000000e+00 0.000000e+00 0.000000e+00 0.000000e+00
1.304000e+00 0.000000e+00 -7.365456e+03 -6.296344e+03 0.000000e+00 0.000000e+00 0.000000e+00 -3.461778e+02 -3.439047e+02 1.891077e+03 9.121039e+02 0.000000e+00 0.000000e+00 0.000000e+00 0.000000e+00 0.000000e+00 0.000000e+00 0.000000e+00 0.000000e+00 0.000000e+00
1.305000e+00 0.000000e+00 -7.367317e+03 -6.288081e+03 0.000000e+00 0.000000e+00 0.000000e+00 -3.448402e+02 -3.425191e+02 1.889488e+03 9.086533e+02 0.000000e+00 0.000000e+00 0.000000e+00 0.000000e+00 0.000000e+00 0.000000e+00 0.000000e+00 0.000000e+00 0.000000e+00
1.306000e+00 0.000000e+00 -7.369059e+03 -6.279709e+03 0.000000e+00 0.000000e+00 0.000000e+00 -3.435130e+02 -3.411432e+02 1.887881e+03 9.052134e+02 0.000000e+00 0.000000e+00 0.000000e+00 0.000000e+00 0.000000e+00 0.000000e+00 0.000000e+00 0.000000e+00 0.000000e+00
1.307000e+00 0.000000e+00 -7.370681e+03 -6.271231e+03 0.000000e+00 0.000000e+00 0.000000e+00 -3.421962e+02 -3.397769e+02 1.886254e+03 9.017843e+02 0.000000e+00 0.000000e+00 0.000000e+00 0.000000e+00 0.000000e+00 0.000000e+00 0.000000e+00 0.000000e+00 0.000000e+00
1.308000e+00 0.000000e+00 -7.372183e+03 -6.262651e+03 0.000000e+00 0.000000e+00 0.000000e+00 -3.408899e+02 -3.384205e+02 1.884607e+03 8.983661e+02 0.000000e+00 0.000000e+00 0.000000e+00 0.000000e+00 0.000000e+00 0.000000e+00 0.000000e+00 0.000000e+00 0.000000e+00
1.309000e+00 0.000000e+00 -7.373562e+03 -6.253973e+03 0.000000e+00 0.000000e+00 0.000000e+00 -3.395942e+02 -3.370739e+02 1.882941e+03 8.949589e+02 0.000000e+00 0.000000e+00 0.000000e+00 0.000000e+00 0.000000e+00 0.000000e+00 0.000000e+00 0.000000e+00 0.000000e+00
1.310000e+00 0.000000e+00 -7.374818e+03 -6.245202e+03 0.000000e+00 0.000000e+00 0.000000e+00 -3.383092e+02 -3.357373e+02 1.881255e+03 8.915629e+02 0.000000e+00 0.000000e+00 0.000000e+00 0.000000e+00 0.000000e+00 0.000000e+00 0.000000e+00 0.000000e+00 0.000000e+00
1.311000e+00 0.000000e+00 -7.375951e+03 -6.236342e+03 0.000000e+00 0.000000e+00 0.000000e+00 -3.370349e+02 -3.344107e+02 1.879550e+03 8.881781e+02 0.000000e+00 0.000000e+00 0.000000e+00 0.000000e+00 0.000000e+00 0.000000e+00 0.000000e+00 0.000000e+00 0.000000e+00
1.312000e+00 0.000000e+00 -7.376959e+03 -6.227395e+03 0.000000e+00 0.000000e+00 0.000000e+00 -3.357713e+02 -3.330941e+02 1.877826e+03 8.848046e+02 0.000000e+00 0.000000e+00 0.000000e+00 0.000000e+00 0.000000e+00 0.000000e+00 0.000000e+00 0.000000e+00 0.000000e+00
1.313000e+00 0.000000e+00 -7.377841e+03 -6.218366e+03 0.000000e+00 0.000000e+00 0.000000e+00 -3.345185e+02 -3.317876e+02 1.876081e+03 8.814425e+02 0.000000e+00 0.000000e+00 0.000000e+00 0.000000e+00 0.000000e+00 0.000000e+00 0.000000e+00 0.000000e+00 0.000000e+00
1.314000e+00 0.000000e+00 -7.378596e+03 -6.209259e+03 0.000000e+00 0.000000e+00 0.000000e+00 -3.332766e+02 -3.304913e+02 1.874317e+03 8.780918e+02 0.000000e+00 0.000000e+00 0.000000e+00 0.000000e+00 0.000000e+00 0.000000e+00 0.000000e+00 0.000000e+00 0.000000e+00
1.315000e+00 0.000000e+00 -7.379224e+03 -6.200078e+03 0.000000e+00 0.000000e+00 0.000000e+00 -3.320456e+02 -3.292052e+02 1.872534e+03 8.747526e+02 0.000000e+00 0.000000e+00 0.000000e+00 0.000000e+00 0.000000e+00 0.000000e+00 0.000000e+00 0.000000e+00 0.000000e+00
1.316000e+00 0.000000e+00 -7.379723e+03 -6.190826e+03 0.000000e+00 0.000000e+00 0.000000e+00 -3.308255e+02 -3.279293e+02 1.870730e+03 8.714249e+02 0.000000e+00 0.000000e+00 0.000000e+00 0.000000e+00 0.000000e+00 0.000000e+00 0.000000e+00 0.000000e+00 0.000000e+00
1.317000e+00 0.000000e+00 -7.380092e+03 -6.181507e+03 0.000000e+00 0.000000e+00 0.000000e+00 -3.296164e+02 -3.266637e+02 1.868907e+03 8.681089e+02 0.000000e+00 0.000000e+00 0.000000e+00 0.000000e+00 0.000000e+00 0.000000e+00 0.000000e+00 0.000000e+00 0.000000e+00
1.318000e+00 0.000000e+00 -7.380331e+03 -6.172125e+03 0.000000e+00 0.000000e+00 0.000000e+00 -3.284182e+02 -3.254085e+02 1.867064e+03 8.648044e+02 0.000000e+00 0.000000e+00 0.000000e+00 0.000000e+00 0.000000e+00 0.000000e+00 0.000000e+00 0.000000e+00 0.000000e+00
1.319000e+00 0.000000e+00 -7.380438e+03 -6.162683e+03 0.000000e+00 0.000000e+00 0.000000e+00 -3.272311e+02 -3.241636e+02 1.865201e+03 8.615117e+02 0.000000e+00 0.000000e+00 0.000000e+00 0.000000e+00 0.000000e+00 0.000000e+00 0.000000e+00 0.000000e+00 0.000000e+00
1.320000e+00 0.000000e+00 -7.380413e+03 -6.153186e+03 0.000000e+00 0.000000e+00 0.000000e+00 -3.260551e+02 -3.229290e+02 1.863319e+03 8.582306e+02 0.000000e+00 0.000000e+00 0.000000e+00 0.000000e+00 0.000000e+00 0.000000e+00 0.000000e+00 0.000000e+00 0.000000e+00
1.321000e+00 0.000000e+00 -7.380255e+03 -6.143636e+03 0.000000e+00 0.000000e+00 0.000000e+00 -3.248900e+02 -3.217049e+02 1.861416e+03 8.549612e+02 0.000000e+00 0.000000e+00 0.000000e+00 0.000000e+00 0.000000e+00 0.000000e+00 0.000000e+00 0.000000e+00 0.000000e+00
1.322000e+00 0.000000e+00 -7.379961e+03 -6.134037e+03 0.000000e+00 0.000000e+00 0.000000e+00 -3.237361e+02 -3.204911e+02 1.859494e+03 8.517035e+02 0.000000e+00 0.000000e+00 0.000000e+00 0.000000e+00 0.000000e+00 0.000000e+00 0.000000e+00 0.000000e+00 0.000000e+00
1.323000e+00 0.000000e+00 -7.379533e+03 -6.124392e+03 0.000000e+00 0.000000e+00 0.000000e+00 -3.225932e+02 -3.192878e+02 1.857552e+03 8.484575e+02 0.000000e+00 0.000000e+00 0.000000e+00 0.000000e+00 0.000000e+00 0.000000e+00 0.000000e+00 0.000000e+00 0.000000e+00
1.324000e+00 0.000000e+00 -7.378968e+03 -6.114706e+03 0.000000e+00 0.000000e+00 0.000000e+00 -3.214613e+02 -3.180949e+02 1.855590e+03 8.452233e+02 0.000000e+00 0.000000e+00 0.000000e+00 0.000000e+00 0.000000e+00 0.000000e+00 0.000000e+00 0.000000e+00 0.000000e+00
1.325000e+00 0.000000e+00 -7.378266e+03 -6.104981e+03 0.000000e+00 0.000000e+00 0.000000e+00 -3.203405e+02 -3.169124e+02 1.853608e+03 8.420007e+02 0.000000e+00 0.000000e+00 0.000000e+00 0.000000e+00 0.000000e+00 0.000000e+00 0.000000e+00 0.000000e+00 0.000000e+00
1.326000e+00 0.000000e+00 -7.377426e+03 -6.095221e+03 0.000000e+00 0.000000e+00 0.000000e+00 -3.192308e+02 -3.157403e+02 1.851606e+03 8.387897e+02 0.000000e+00 0.000000e+00 0.000000e+00 0.000000e+00 0.000000e+00 0.000000e+00 0.000000e+00 0.000000e+00 0.000000e+00
1.327000e+00 0.000000e+00 -7.376446e+03 -6.085428e+03 0.000000e+00 0.000000e+00 0.000000e+00 -3.181321e+02 -3.145786e+02 1.849584e+03 8.355905e+02 0.000000e+00 0.000000e+00 0.000000e+00 0.000000e+00 0.000000e+00 0.000000e+00 0.000000e+00 0.000000e+00 0.000000e+00
1.328000e+00 0.000000e+00 -7.375327e+03 -6.075607e+03 0.000000e+00 0.000000e+00 0.000000e+00 -3.170443e+02 -3.134273e+02 1.847543e+03 8.324028e+02 0.000000e+00 0.000000e+00 0.000000e+00 0.000000e+00 0.000000e+00 0.000000e+00 0.000000e+00 0.000000e+00 0.000000e+00
1.329000e+00 0.000000e+00 -7.374067e+03 -6.065760e+03 0.000000e+00 0.000000e+00 0.000000e+00 -3.159676e+02 -3.122864e+02 1.845481e+03 8.292268e+02 0.000000e+00 0.000000e+00 0.000000e+00 0.000000e+00 0.000000e+00 0.000000e+00 0.000000e+00 0.000000e+00 0.000000e+00
1.330000e+00 0.000000e+00 -7.372665e+03 -6.055891e+03 0.000000e+00 0.000000e+00 0.000000e+00 -3.149018e+02 -3.111559e+02 1.843400e+03 8.260623e+02 0.000000e+00 0.000000e+00 0.000000e+00 0.000000e+00 0.000000e+00 0.000000e+00 0.000000e+00 0.000000e+00 0.000000e+00
1.331000e+00 0.000000e+00 -7.371120e+03 -6.046002e+03 0.000000e+00 0.000000e+00 0.000000e+00 -3.138470e+02 -3.100357e+02 1.841299e+03 8.229093e+02 0.000000e+00 0.000000e+00 0.000000e+00 0.000000e+00 0.000000e+00 0.000000e+00 0.000000e+00 0.000000e+00 0.000000e+00
1.332000e+00 0.000000e+00 -7.369432e+03 -6.036097e+03 0.000000e+00 0.000000e+00 0.000000e+00 -3.128031e+02 -3.089258e+02 1.839179e+03 8.197678e+02 0.000000e+00 0.000000e+00 0.000000e+00 0.000000e+00 0.000000e+00 0.000000e+00 0.000000e+00 0.000000e+00 0.000000e+00
1.333000e+00 0.000000e+00 -7.367601e+03 -6.026179e+03 0.000000e+00 0.000000e+00 0.000000e+00 -3.117700e+02 -3.078263e+02 1.837039e+03 8.166378e+02 0.000000e+00 0.000000e+00 0.000000e+00 0.000000e+00 0.000000e+00 0.000000e+00 0.000000e+00 0.000000e+00 0.000000e+00
1.334000e+00 0.000000e+00 -7.365624e+03 -6.016250e+03 0.000000e+00 0.000000e+00 0.000000e+00 -3.107478e+02 -3.067370e+02 1.834879e+03 8.135191e+02 0.000000e+00 0.000000e+00 0.000000e+00 0.000000e+00 0.000000e+00 0.000000e+00 0.000000e+00 0.000000e+00 0.000000e+00
1.335000e+00 0.000000e+00 -7.363501e+03 -6.006314e+03 0.000000e+00 0.000000e+00 0.000000e+00 -3.097364e+02 -3.056579e+02 1.832700e+03 8.104118e+02 0.000000e+00 0.000000e+00 0.000000e+00 0.000000e+00 0.000000e+00 0.000000e+00 0.000000e+00 0.000000e+00 0.000000e+00
1.336000e+00 0.000000e+00 -7.361232e+03 -5.996374e+03 0.000000e+00 0.000000e+00 0.000000e+00 -3.087357e+02 -3.045890e+02 1.830501e+03 8.073158e+02 0.000000e+00 0.000000e+00 0.000000e+00 0.000000e+00 0.000000e+00 0.000000e+00 0.000000e+00 0.000000e+00 0.000000e+00
1.337000e+00 0.000000e+00 -7.358816e+03 -5.986432e+03 0.000000e+00 0.000000e+00 0.000000e+00 -3.077458e+02 -3.035303e+02 1.828282e+03 8.042311e+02 0.000000e+00 0.000000e+00 0.000000e+00 0.000000e+00 0.000000e+00 0.000000e+00 0.000000e+00 0.000000e+00 0.000000e+00
1.338000e+00 0.000000e+00 -7.356253e+03 -5.976491e+03 0.000000e+00 0.000000e+00 0.000000e+00 -3.067665e+02 -3.024817e+02 1.826045e+03 8.011575e+02 0.000000e+00 0.000000e+00 0.000000e+00 0.000000e+00 0.000000e+00 0.000000e+00 0.000000e+00 0.000000e+00 0.000000e+00
1.339000e+00 0.000000e+00 -7.353541e+03 -5.966553e+03 0.000000e+00 0.000000e+00 0.000000e+00 -3.057977e+02 -3.014431e+02 1.823788e+03 7.980951e+02 0.000000e+00 0.000000e+00 0.000000e+00 0.000000e+00 0.000000e+00 0.000000e+00 0.000000e+00 0.000000e+00 0.000000e+00
1.340000e+00 0.000000e+00 -7.350680e+03 -5.956623e+03 0.000000e+00 0.000000e+00 0.000000e+00 -3.048396e+02 -3.004146e+02 1.821512e+03 7.950437e+02 0.000000e+00 0.000000e+00 0.000000e+00 0.000000e+00 0.000000e+00 0.000000e+00 0.000000e+00 0.000000e+00 0.000000e+00
1.341000e+00 0.000000e+00 -7.347670e+03 -5.946701e+03 0.000000e+00 0.000000e+00 0.000000e+00 -3.038919e+02 -2.993961e+02 1.819217e+03 7.920033e+02 0.000000e+00 0.000000e+00 0.000000e+00 0.000000e+00 0.000000e+00 0.000000e+00 0.000000e+00 0.000000e+00 0.000000e+00
1.342000e+00 0.000000e+00 -7.344509e+03 -5.936791e+03 0.000000e+00 0.000000e+00 0.000000e+00 -3.029546e+02 -2.983875e+02 1.816903e+03 7.889739e+02 0.000000e+00 0.000000e+00 0.000000e+00 0.000000e+00 0.000000e+00 0.000000e+00 0.000000e+00 0.000000e+00 0.000000e+00
1.343000e+00 0.000000e+00 -7.341199e+03 -5.926895e+03 0.000000e+00 0.000000e+00 0.000000e+00 -3.020277e+02 -2.973887e+02 1.814570e+03 7.859554e+02 0.000000e+00 0.000000e+00 0.000000e+00 0.000000e+00 0.000000e+00 0.000000e+00 0.000000e+00 0.000000e+00 0.000000e+00
1.344000e+00 0.000000e+00 -7.337737e+03 -5.917016e+03 0.000000e+00 0.000000e+00 0.000000e+00 -3.011111e+02 -2.963997e+02 1.812219e+03 7.829476e+02 0.000000e+00 0.000000e+00 0.000000e+00 0.000000e+00 0.000000e+00 0.000000e+00 0.000000e+00 0.000000e+00 0.000000e+00
1.345000e+00 0.000000e+00 -7.334124e+03 -5.907157e+03 0.000000e+00 0.000000e+00 0.000000e+00 -3.002046e+02 -2.954205e+02 1.809849e+03 7.799506e+02 0.000000e+00 0.000000e+00 0.000000e+00 0.000000e+00 0.000000e+00 0.000000e+00 0.000000e+00 0.000000e+00 0.000000e+00
1.346000e+00 0.000000e+00 -7.330359e+03 -5.897318e+03 0.000000e+00 0.000000e+00 0.000000e+00 -2.993084e+02 -2.944509e+02 1.807461e+03 7.769643e+02 0.000000e+00 0.000000e+00 0.000000e+00 0.000000e+00 0.000000e+00 0.000000e+00 0.000000e+00 0.000000e+00 0.000000e+00
1.347000e+00 0.000000e+00 -7.326442e+03 -5.887504e+03 0.000000e+00 0.000000e+00 0.000000e+00 -2.984222e+02 -2.934910e+02 1.805054e+03 7.739885e+02 0.000000e+00 0.000000e+00 0.000000e+00 0.000000e+00 0.000000e+00 0.000000e+00 0.000000e+00 0.000000e+00 0.000000e+00
1.348000e+00 0.000000e+00 -7.322373e+03 -5.877716e+03 0.000000e+00 0.000000e+00 0.000000e+00 -2.975459e+02 -2.925406e+02 1.802629e+03 7.710233e+02 0.000000e+00 0.000000e+00 0.000000e+00 0.000000e+00 0.000000e+00 0.000000e+00 0.000000e+00 0.000000e+00 0.000000e+00
1.349000e+00 0.000000e+00 -7.318152e+03 -5.867957e+03 0.000000e+00 0.000000e+00 0.000000e+00 -2.966796e+02 -2.915997e+02 1.800187e+03 7.680686e+02 0.000000e+00 0.000000e+00 0.000000e+00 0.000000e+00 0.000000e+00 0.000000e+00 0.000000e+00 0.000000e+00 0.000000e+00
1.350000e+00 0.000000e+00 -7.313777e+03 -5.858229e+03 0.000000e+00 0.000000e+00 0.000000e+00 -2.958231e+02 -2.906681e+02 1.797726e+03 7.651242e+02 0.000000e+00 0.000000e+00 0.000000e+00 0.000000e+00 0.000000e+00 0.000000e+00 0.000000e+00 0.000000e+00 0.000000e+00
1.351000e+00 0.000000e+00 -7.309250e+03 -5.848533e+03 0.000000e+00 0.000000e+00 0.000000e+00 -2.949764e+02 -2.897459e+02 1.795248e+03 7.621902e+02 0.000000e+00 0.000000e+00 0.000000e+00 0.000000e+00 0.000000e+00 0.000000e+00 0.000000e+00 0.000000e+00 0.000000e+00
1.352000e+00 0.000000e+00 -7.304570e+03 -5.838873e+03 0.000000e+00 0.000000e+00 0.000000e+00 -2.941393e+02 -2.888330e+02 1.792753e+03 7.592664e+02 0.000000e+00 0.000000e+00 0.000000e+00 0.000000e+00 0.000000e+00 0.000000e+00 0.000000e+00 0.000000e+00 0.000000e+00
1.353000e+00 0.000000e+00 -7.299736e+03 -5.829250e+03 0.000000e+00 0.000000e+00 0.000000e+00 -2.933118e+02 -2.879292e+02 1.790240e+03 7.563528e+02 0.000000e+00 0.000000e+00 0.000000e+00 0.000000e+00 0.000000e+00 0.000000e+00 0.000000e+00 0.000000e+00 0.000000e+00
1.354000e+00 0.000000e+00 -7.294750e+03 -5.819666e+03 0.000000e+00 0.000000e+00 0.000000e+00 -2.924938e+02 -2.870345e+02 1.787711e+03 7.534493e+02 0.000000e+00 0.000000e+00 0.000000e+00 0.000000e+00 0.000000e+00 0.000000e+00 0.000000e+00 0.000000e+00 0.000000e+00
1.355000e+00 0.000000e+00 -7.289610e+03 -5.810124e+03 0.000000e+00 0.000000e+00 0.000000e+00 -2.916852e+02 -2.861489e+02 1.785165e+03 7.505559e+02 0.000000e+00 0.000000e+00 0.000000e+00 0.000000e+00 0.000000e+00 0.000000e+00 0.000000e+00 0.000000e+00 0.000000e+00
1.356000e+00 0.000000e+00 -7.284317e+03 -5.800625e+03 0.000000e+00 0.000000e+00 0.000000e+00 -2.908859e+02 -2.852721e+02 1.782602e+03 7.476724e+02 0.000000e+00 0.000000e+00 0.000000e+00 0.000000e+00 0.000000e+00 0.000000e+00 0.000000e+00 0.000000e+00 0.000000e+00
1.357000e+00 0.000000e+00 -7.278872e+03 -5.791172e+03 0.000000e+00 0.000000e+00 0.000000e+00 -2.900957e+02 -2.844042e+02 1.780023e+03 7.447988e+02 0.000000e+00 0.000000e+00 0.000000e+00 0.000000e+00 0.000000e+00 0.000000e+00 0.000000e+00 0.000000e+00 0.000000e+00
1.358000e+00 0.000000e+00 -7.273274e+03 -5.781765e+03 0.000000e+00 0.000000e+00 0.000000e+00 -2.893147e+02 -2.835451e+02 1.777428e+03 7.419350e+02 0.000000e+00 0.000000e+00 0.000000e+00 0.000000e+00 0.000000e+00 0.000000e+00 0.000000e+00 0.000000e+00 0.000000e+00
1.359000e+00 0.000000e+00 -7.267523e+03 -5.772407e+03 0.000000e+00 0.000000e+00 0.000000e+00 -2.885426e+02 -2.826946e+02 1.774817e+03 7.390810e+02 0.000000e+00 0.000000e+00 0.000000e+00 0.000000e+00 0.000000e+00 0.000000e+00 0.000000e+00 0.000000e+00 0.000000e+00
1.360000e+00 0.000000e+00 -7.261620e+03 -5.763100e+03 0.000000e+00 0.000000e+00 0.000000e+00 -2.877795e+02 -2.818526e+02 1.772190e+03 7.362366e+02 0.000000e+00 0.000000e+00 0.000000e+00 0.000000e+00 0.000000e+00 0.000000e+00 0.000000e+00 0.000000e+00 0.000000e+00
1.361000e+00 0.000000e+00 -7.255565e+03 -5.753846e+03 0.000000e+00 0.000000e+00 0.000000e+00 -2.870251e+02 -2.810192e+02 1.769548e+03 7.334018e+02 0.000000e+00 0.000000e+00 0.000000e+00 0.000000e+00 0.000000e+00 0.000000e+00 0.000000e+00 0.000000e+00 0.000000e+00
1.362000e+00 0.000000e+00 -7.249358e+03 -5.744646e+03 0.000000e+00 0.000000e+00 0.000000e+00 -2.862794e+02 -2.801941e+02 1.766891e+03 7.305766e+02 0.000000e+00 0.000000e+00 0.000000e+00 0.000000e+00 0.000000e+00 0.000000e+00 0.000000e+00 0.000000e+00 0.000000e+00
1.363000e+00 0.000000e+00 -7.243000e+03 -5.735502e+03 0.000000e+00 0.000000e+00 0.000000e+00 -2.855423e+02 -2.793773e+02 1.764219e+03 7.277608e+02 0.000000e+00 0.000000e+00 0.000000e+00 0.000000e+00 0.000000e+00 0.000000e+00 0.000000e+00 0.000000e+00 0.000000e+00
1.364000e+00 0.000000e+00 -7.236492e+03 -5.726415e+03 0.000000e+00 0.000000e+00 0.000000e+00 -2.848137e+02 -2.785687e+02 1.761533e+03 7.249543e+02 0.000000e+00 0.000000e+00 0.000000e+00 0.000000e+00 0.000000e+00 0.000000e+00 0.000000e+00 0.000000e+00 0.000000e+00
1.365000e+00 0.000000e+00 -7.229834e+03 -5.717388e+03 0.000000e+00 0.000000e+00 0.000000e+00 -2.840934e+02 -2.777682e+02 1.758833e+03 7.221573e+02 0.000000e+00 0.000000e+00 0.000000e+00 0.000000e+00 0.000000e+00 0.000000e+00 0.000000e+00 0.000000e+00 0.000000e+00
1.366000e+00 0.000000e+00 -7.223025e+03 -5.708422e+03 0.000000e+00 0.000000e+00 0.000000e+00 -2.833814e+02 -2.769756e+02 1.756119e+03 7.193694e+02 0.000000e+00 0.000000e+00 0.000000e+00 0.000000e+00 0.000000e+00 0.000000e+00 0.000000e+00 0.000000e+00 0.000000e+00
1.367000e+00 0.000000e+00 -7.216068e+03 -5.699518e+03 0.000000e+00 0.000000e+00 0.000000e+00 -2.826775e+02 -2.761910e+02 1.753391e+03 7.165907e+02 0.000000e+00 0.000000e+00 0.000000e+00 0.000000e+00 0.000000e+00 0.000000e+00 0.000000e+00 0.000000e+00 0.000000e+00
1.368000e+00 0.000000e+00 -7.208963e+03 -5.690677e+03 0.000000e+00 0.000000e+00 0.000000e+00 -2.819816e+02 -2.754141e+02 1.750650e+03 7.138212e+02 0.000000e+00 0.000000e+00 0.000000e+00 0.000000e+00 0.000000e+00 0.000000e+00 0.000000e+00 0.000000e+00 0.000000e+00
1.369000e+00 0.000000e+00 -7.201710e+03 -5.681902e+03 0.000000e+00 0.000000e+00 0.000000e+00 -2.812937e+02 -2.746450e+02 1.747896e+03 7.110606e+02 0.000000e+00 0.000000e+00 0.000000e+00 0.000000e+00 0.000000e+00 0.000000e+00 0.000000e+00 0.000000e+00 0.000000e+00
1.370000e+00 0.000000e+00 -7.194310e+03 -5.673194e+03 0.000000e+00 0.000000e+00 0.000000e+00 -2.806135e+02 -2.738833e+02 1.745129e+03 7.083090e+02 0.000000e+00 0.000000e+00 0.000000e+00 0.000000e+00 0.000000e+00 0.000000e+00 0.000000e+00 0.000000e+00 0.000000e+00
1.371000e+00 0.000000e+00 -7.186765e+03 -5.664553e+03 0.000000e+00 0.000000e+00 0.000000e+00 -2.799410e+02 -2.731292e+02 1.742350e+03 7.055663e+02 0.000000e+00 0.000000e+00 0.000000e+00 0.000000e+00 0.000000e+00 0.000000e+00 0.000000e+00 0.000000e+00 0.000000e+00
1.372000e+00 0.000000e+00 -7.179074e+03 -5.655982e+03 0.000000e+00 0.000000e+00 0.000000e+00 -2.792760e+02 -2.723823e+02 1.739559e+03 7.028324e+02 0.000000e+00 0.000000e+00 0.000000e+00 0.000000e+00 0.000000e+00 0.000000e+00 0.000000e+00 0.000000e+00 0.000000e+00
1.373000e+00 0.000000e+00 -7.171239e+03 -5.647482e+03 0.000000e+00 0.000000e+00 0.000000e+00 -2.786184e+02 -2.716428e+02 1.736756e+03 7.001072e+02 0.000000e+00 0.000000e+00 0.000000e+00 0.000000e+00 0.000000e+00 0.000000e+00 0.000000e+00 0.000000e+00 0.000000e+00
1.374000e+00 0.000000e+00 -7.163261e+03 -5.639053e+03 0.000000e+00 0.000000e+00 0.000000e+00 -2.779682e+02 -2.709103e+02 1.733942e+03 6.973907e+02 0.000000e+00 0.000000e+00 0.000000e+00 0.000000e+00 0.000000e+00 0.000000e+00 0.000000e+00 0.000000e+00 0.000000e+00
1.375000e+00 0.000000e+00 -7.155141e+03 -5.630697e+03 0.000000e+00 0.000000e+00 0.000000e+00 -2.773251e+02 -2.701848e+02 1.731117e+03 6.946828e+02 0.000000e+00 0.000000e+00 0.000000e+00 0.000000e+00 0.000000e+00 0.000000e+00 0.000000e+00 0.000000e+00 0.000000e+00
1.376000e+00 0.000000e+00 -7.146879e+03 -5.622416e+03 0.000000e+00 0.000000e+00 0.000000e+00 -2.766890e+02 -2.694663e+02 1.728282e+03 6.919833e+02 0.000000e+00 0.000000e+00 0.000000e+00 0.000000e+00 0.000000e+00 0.000000e+00 0.000000e+00 0.000000e+00 0.000000e+00
1.377000e+00 0.000000e+00 -7.138478e+03 -5.614210e+03 0.000000e+00 0.000000e+00 0.000000e+00 -2.760599e+02 -2.687545e+02 1.725436e+03 6.892923e+02 0.000000e+00 0.000000e+00 0.000000e+00 0.000000e+00 0.000000e+00 0.000000e+00 0.000000e+00 0.000000e+00 0.000000e+00
1.378000e+00 0.000000e+00 -7.129938e+03 -5.606080e+03 0.000000e+00 0.000000e+00 0.000000e+00 -2.754375e+02 -2.680493e+02 1.722580e+03 6.866097e+02 0.000000e+00 0.000000e+00 0.000000e+00 0.000000e+00 0.000000e+00 0.000000e+00 0.000000e+00 0.000000e+00 0.000000e+00
1.379000e+00 0.000000e+00 -7.121260e+03 -5.598028e+03 0.000000e+00 0.000000e+00 0.000000e+00 -2.748218e+02 -2.673507e+02 1.719715e+03 6.839354e+02 0.000000e+00 0.000000e+00 0.000000e+00 0.000000e+00 0.000000e+00 0.000000e+00 0.000000e+00 0.000000e+00 0.000000e+00
1.380000e+00 0.000000e+00 -7.112446e+03 -5.590055e+03 0.000000e+00 0.000000e+00 0.000000e+00 -2.742126e+02 -2.666586e+02 1.716841e+03 6.812693e+02 0.000000e+00 0.000000e+00 0.000000e+00 0.000000e+00 0.000000e+00 0.000000e+00 0.000000e+00 0.000000e+00 0.000000e+00
1.381000e+00 0.000000e+00 -7.103497e+03 -5.582161e+03 0.000000e+00 0.000000e+00 0.000000e+00 -2.736098e+02 -2.659727e+02 1.713958e+03 6.786113e+02 0.000000e+00 0.000000e+00 0.000000e+00 0.000000e+00 0.000000e+00 0.000000e+00 0.000000e+00 0.000000e+00 0.000000e+00
1.382000e+00 0.000000e+00 -7.094414e+03 -5.574347e+03 0.000000e+00 0.000000e+00 0.000000e+00 -2.730133e+02 -2.652930e+02 1.711066e+03 6.759614e+02 0.000000e+00 0.000000e+00 0.000000e+00 0.000000e+00 0.000000e+00 0.000000e+00 0.000000e+00 0.000000e+00 0.000000e+00
1.383000e+00 0.000000e+00 -7.085199e+03 -5.566615e+03 0.000000e+00 0.000000e+00 0.000000e+00 -2.724229e+02 -2.646193e+02 1.708167e+03 6.733194e+02 0.000000e+00 0.000000e+00 0.000000e+00 0.000000e+00 0.000000e+00 0.000000e+00 0.000000e+00 0.000000e+00 0.000000e+00
1.384000e+00 0.000000e+00 -7.075853e+03 -5.558964e+03 0.000000e+00 0.000000e+00 0.000000e+00 -2.718385e+02 -2.639516e+02 1.705260e+03 6.706854e+02 0.000000e+00 0.000000e+00 0.000000e+00 0.000000e+00 0.000000e+00 0.000000e+00 0.000000e+00 0.000000e+00 0.000000e+00
1.385000e+00 0.000000e+00 -7.066378e+03 -5.551397e+03 0.000000e+00 0.000000e+00 0.000000e+00 -2.712599e+02 -2.632896e+02 1.702346e+03 6.680591e+02 0.000000e+00 0.000000e+00 0.000000e+00 0.000000e+00 0.000000e+00 0.000000e+00 0.000000e+00 0.000000e+00 0.000000e+00
1.386000e+00 0.000000e+00 -7.056775e+03 -5.543913e+03 0.000000e+00 0.000000e+00 0.000000e+00 -2.706870e+02 -2.626334e+02 1.699425e+03 6.654406e+02 0.000000e+00 0.000000e+00 0.000000e+00 0.000000e+00 0.000000e+00 0.000000e+00 0.000000e+00 0.000000e+00 0.000000e+00
1.387000e+00 0.000000e+00 -7.047046e+03 -5.536514e+03 0.000000e+00 0.000000e+00 0.000000e+00 -2.701196e+02 -2.619826e+02 1.696498e+03 6.628297e+02 0.000000e+00 0.000000e+00 0.000000e+00 0.000000e+00 0.000000e+00 0.000000e+00 0.000000e+00 0.000000e+00 0.000000e+00
1.388000e+00 0.000000e+00 -7.037192e+03 -5.529200e+03 0.000000e+00 0.000000e+00 0.000000e+00 -2.695577e+02 -2.613372e+02 1.693564e+03 6.602263e+02 0.000000e+00 0.000000e+00 0.000000e+00 0.000000e+00 0.000000e+00 0.000000e+00 0.000000e+00 0.000000e+00 0.000000e+00
1.389000e+00 0.000000e+00 -7.027215e+03 -5.521971e+03 0.000000e+00 0.000000e+00 0.000000e+00 -2.690011e+02 -2.606972e+02 1.690626e+03 6.576304e+02 0.000000e+00 0.000000e+00 0.000000e+00 0.000000e+00 0.000000e+00 0.000000e+00 0.000000e+00 0.000000e+00 0.000000e+00
1.390000e+00 0.000000e+00 -7.017117e+03 -5.514829e+03 0.000000e+00 0.000000e+00 0.000000e+00 -2.684495e+02 -2.600622e+02 1.687681e+03 6.550419e+02 0.000000e+00 0.000000e+00 0.000000e+00 0.000000e+00 0.000000e+00 0.000000e+00 0.000000e+00 0.000000e+00 0.000000e+00
1.391000e+00 0.000000e+00 -7.006899e+03 -5.507773e+03 0.000000e+00 0.000000e+00 0.000000e+00 -2.679030e+02 -2.594323e+02 1.684732e+03 6.524607e+02 0.000000e+00 0.000000e+00 0.000000e+00 0.000000e+00 0.000000e+00 0.000000e+00 0.000000e+00 0.000000e+00 0.000000e+00
1.392000e+00 0.000000e+00 -6.996563e+03 -5.500805e+03 0.000000e+00 0.000000e+00 0.000000e+00 -2.673613e+02 -2.588072e+02 1.681779e+03 6.498867e+02 0.000000e+00 0.000000e+00 0.000000e+00 0.000000e+00 0.000000e+00 0.000000e+00 0.000000e+00 0.000000e+00 0.000000e+00
1.393000e+00 0.000000e+00 -6.986112e+03 -5.493925e+03 0.000000e+00 0.000000e+00 0.000000e+00 -2.668243e+02 -2.581869e+02 1.678821e+03 6.473198e+02 0.000000e+00 0.000000e+00 0.000000e+00 0.000000e+00 0.000000e+00 0.000000e+00 0.000000e+00 0.000000e+00 0.000000e+00
1.394000e+00 0.000000e+00 -6.975546e+03 -5.487133e+03 0.000000e+00 0.000000e+00 0.000000e+00 -2.662919e+02 -2.575711e+02 1.675860e+03 6.447599e+02 0.000000e+00 0.000000e+00 0.000000e+00 0.000000e+00 0.000000e+00 0.000000e+00 0.000000e+00 0.000000e+00 0.000000e+00
1.395000e+00 0.000000e+00 -6.964868e+03 -5.480430e+03 0.000000e+00 0.000000e+00 0.000000e+00 -2.657638e+02 -2.569599e+02 1.672896e+03 6.422069e+02 0.000000e+00 0.000000e+00 0.000000e+00 0.000000e+00 0.000000e+00 0.000000e+00 0.000000e+00 0.000000e+00 0.000000e+00
1.396000e+00 0.000000e+00 -6.954079e+03 -5.473816e+03 0.000000e+00 0.000000e+00 0.000000e+00 -2.652400e+02 -2.563529e+02 1.669929e+03 6.396607e+02 0.000000e+00 0.000000e+00 0.000000e+00 0.000000e+00 0.000000e+00 0.000000e+00 0.000000e+00 0.000000e+00 0.000000e+00
1.397000e+00 0.000000e+00 -6.943182e+03 -5.467291e+03 0.000000e+00 0.000000e+00 0.000000e+00 -2.647203e+02 -2.557501e+02 1.666960e+03 6.371212e+02 0.000000e+00 0.000000e+00 0.000000e+00 0.000000e+00 0.000000e+00 0.000000e+00 0.000000e+00 0.000000e+00 0.000000e+00
1.398000e+00 0.000000e+00 -6.932179e+03 -5.460855e+03 0.000000e+00 0.000000e+00 0.000000e+00 -2.642046e+02 -2.551514e+02 1.663989e+03 6.345883e+02 0.000000e+00 0.000000e+00 0.000000e+00 0.000000e+00 0.000000e+00 0.000000e+00 0.000000e+00 0.000000e+00 0.000000e+00
1.399000e+00 0.000000e+00 -6.921071e+03 -5.454509e+03 0.000000e+00 0.000000e+00 0.000000e+00 -2.636926e+02 -2.545565e+02 1.661016e+03 6.320619e+02 0.000000e+00 0.000000e+00 0.000000e+00 0.000000e+00 0.000000e+00 0.000000e+00 0.000000e+00 0.000000e+00 0.000000e+00
1.400000e+00 0.000000e+00 -6.909860e+03 -5.448253e+03 0.000000e+00 0.000000e+00 0.000000e+00 -2.631843e+02 -2.539654e+02 1.658042e+03 6.295419e+02 0.000000e+00 0.000000e+00 0.000000e+00 0.000000e+00 0.000000e+00 0.000000e+00 0.000000e+00 0.000000e+00 0.000000e+00
1.401000e+00 0.000000e+00 -6.898549e+03 -5.442087e+03 0.000000e+00 0.000000e+00 0.000000e+00 -2.626794e+02 -2.533779e+02 1.655067e+03 6.270281e+02 0.000000e+00 0.000000e+00 0.000000e+00 0.000000e+00 0.000000e+00 0.000000e+00 0.000000e+00 0.000000e+00 0.000000e+00
1.402000e+00 0.000000e+00 -6.887140e+03 -5.436011e+03 0.000000e+00 0.000000e+00 0.000000e+00 -2.621779e+02 -2.527939e+02 1.652092e+03 6.245205e+02 0.000000e+00 0.000000e+00 0.000000e+00 0.000000e+00 0.000000e+00 0.000000e+00 0.000000e+00 0.000000e+00 0.000000e+00
1.403000e+00 0.000000e+00 -6.875635e+03 -5.430025e+03 0.000000e+00 0.000000e+00 0.000000e+00 -2.616795e+02 -2.522131e+02 1.649116e+03 6.220190e+02 0.000000e+00 0.000000e+00 0.000000e+00 0.000000e+00 0.000000e+00 0.000000e+00 0.000000e+00 0.000000e+00 0.000000e+00
1.404000e+00 0.000000e+00 -6.864035e+03 -5.424129e+03 0.000000e+00 0.000000e+00 0.000000e+00 -2.611842e+02 -2.516356e+02 1.646142e+03 6.195234e+02 0.000000e+00 0.000000e+00 0.000000e+00 0.000000e+00 0.000000e+00 0.000000e+00 0.000000e+00 0.000000e+00 0.000000e+00
1.405000e+00 0.000000e+00 -6.852343e+03 -5.418324e+03 0.000000e+00 0.000000e+00 0.000000e+00 -2.606917e+02 -2.510610e+02 1.643168e+03 6.170336e+02 0.000000e+00 0.000000e+00 0.000000e+00 0.000000e+00 0.000000e+00 0.000000e+00 0.000000e+00 0.000000e+00 0.000000e+00
1.406000e+00 0.000000e+00 -6.840561e+03 -5.412608e+03 0.000000e+00 0.000000e+00 0.000000e+00 -2.602019e+02 -2.504894e+02 1.640195e+03 6.145495e+02 0.000000e+00 0.000000e+00 0.000000e+00 0.000000e+00 0.000000e+00 0.000000e+00 0.000000e+00 0.000000e+00 0.000000e+00
1.407000e+00 0.000000e+00 -6.828692e+03 -5.406981e+03 0.000000e+00 0.000000e+00 0.000000e+00 -2.597146e+02 -2.499205e+02 1.637224e+03 6.120710e+02 0.000000e+00 0.000000e+00 0.000000e+00 0.000000e+00 0.000000e+00 0.000000e+00 0.000000e+00 0.000000e+00 0.000000e+00
1.408000e+00 0.000000e+00 -6.816737e+03 -5.401444e+03 0.000000e+00 0.000000e+00 0.000000e+00 -2.592298e+02 -2.493541e+02 1.634255e+03 6.095979e+02 0.000000e+00 0.000000e+00 0.000000e+00 0.000000e+00 0.000000e+00 0.000000e+00 0.000000e+00 0.000000e+00 0.000000e+00
1.409000e+00 0.000000e+00 -6.804699e+03 -5.395997e+03 0.000000e+00 0.000000e+00 0.000000e+00 -2.587471e+02 -2.487902e+02 1.631288e+03 6.071301e+02 0.000000e+00 0.000000e+00 0.000000e+00 0.000000e+00 0.000000e+00 0.000000e+00 0.000000e+00 0.000000e+00 0.000000e+00
1.410000e+00 0.000000e+00 -6.792580e+03 -5.390638e+03 0.000000e+00 0.000000e+00 0.000000e+00 -2.582666e+02 -2.482285e+02 1.628325e+03 6.046675e+02 0.000000e+00 0.000000e+00 0.000000e+00 0.000000e+00 0.000000e+00 0.000000e+00 0.000000e+00 0.000000e+00 0.000000e+00
1.411000e+00 0.000000e+00 -6.780382e+03 -5.385368e+03 0.000000e+00 0.000000e+00 0.000000e+00 -2.577879e+02 -2.476690e+02 1.625364e+03 6.022100e+02 0.000000e+00 0.000000e+00 0.000000e+00 0.000000e+00 0.000000e+00 0.000000e+00 0.000000e+00 0.000000e+00 0.000000e+00
1.412000e+00 0.000000e+00 -6.768108e+03 -5.380187e+03 0.000000e+00 0.000000e+00 0.000000e+00 -2.573110e+02 -2.471115e+02 1.622407e+03 5.997573e+02 0.000000e+00 0.000000e+00 0.000000e+00 0.000000e+00 0.000000e+00 0.000000e+00 0.000000e+00 0.000000e+00 0.000000e+00
1.413000e+00 0.000000e+00 -6.755759e+03 -5.375093e+03 0.000000e+00 0.000000e+00 0.000000e+00 -2.568357e+02 -2.465557e+02 1.619454e+03 5.973095e+02 0.000000e+00 0.000000e+00 0.000000e+00 0.000000e+00 0.000000e+00 0.000000e+00 0.000000e+00 0.000000e+00 0.000000e+00
1.414000e+00 0.000000e+00 -6.743338e+03 -5.370086e+03 0.000000e+00 0.000000e+00 0.000000e+00 -2.563617e+02 -2.460017e+02 1.616505e+03 5.948663e+02 0.000000e+00 0.000000e+00 0.000000e+00 0.000000e+00 0.000000e+00 0.000000e+00 0.000000e+00 0.000000e+00 0.000000e+00
1.415000e+00 0.000000e+00 -6.730848e+03 -5.365166e+03 0.000000e+00 0.000000e+00 0.000000e+00 -2.558891e+02 -2.454491e+02 1.613561e+03 5.924276e+02 0.000000e+00 0.000000e+00 0.000000e+00 0.000000e+00 0.000000e+00 0.000000e+00 0.000000e+00 0.000000e+00 0.000000e+00
1.416000e+00 0.000000e+00 -6.718290e+03 -5.360333e+03 0.000000e+00 0.000000e+00 0.000000e+00 -2.554175e+02 -2.448980e+02 1.610621e+03 5.899932e+02 0.000000e+00 0.000000e+00 0.000000e+00 0.000000e+00 0.000000e+00 0.000000e+00 0.000000e+00 0.000000e+00 0.000000e+00
1.417000e+00 0.000000e+00 -6.705667e+03 -5.355585e+03 0.000000e+00 0.000000e+00 0.000000e+00 -2.549469e+02 -2.443480e+02 1.607688e+03 5.875630e+02 0.000000e+00 0.000000e+00 0.000000e+00 0.000000e+00 0.000000e+00 0.000000e+00 0.000000e+00 0.000000e+00 0.000000e+00
1.418000e+00 0.000000e+00 -6.692982e+03 -5.350921e+03 0.000000e+00 0.000000e+00 0.000000e+00 -2.544771e+02 -2.437991e+02 1.604760e+03 5.851369e+02 0.000000e+00 0.000000e+00 0.000000e+00 0.000000e+00 0.000000e+00 0.000000e+00 0.000000e+00 0.000000e+00 0.000000e+00
1.419000e+00 0.000000e+00 -6.680236e+03 -5.346343e+03 0.000000e+00 0.000000e+00 0.000000e+00 -2.540079e+02 -2.432512e+02 1.601838e+03 5.827147e+02 0.000000e+00 0.000000e+00 0.000000e+00 0.000000e+00 0.000000e+00 0.000000e+00 0.000000e+00 0.000000e+00 0.000000e+00
1.420000e+00 0.000000e+00 -6.667431e+03 -5.341847e+03 0.000000e+00 0.000000e+00 0.000000e+00 -2.535392e+02 -2.427040e+02 1.598922e+03 5.802963e+02 0.000000e+00 0.000000e+00 0.000000e+00 0.000000e+00 0.000000e+00 0.000000e+00 0.000000e+00 0.000000e+00 0.000000e+00
1.421000e+00 0.000000e+00 -6.654571e+03 -5.337435e+03 0.000000e+00 0.000000e+00 0.000000e+00 -2.530707e+02 -2.421573e+02 1.596013e+03 5.778815e+02 0.000000e+00 0.000000e+00 0.000000e+00 0.000000e+00 0.000000e+00 0.000000e+00 0.000000e+00 0.000000e+00 0.000000e+00
1.422000e+00 0.000000e+00 -6.641658e+03 -5.333104e+03 0.000000e+00 0.000000e+00 0.000000e+00 -2.526024e+02 -2.416112e+02 1.593112e+03 5.754701e+02 0.000000e+00 0.000000e+00 0.000000e+00 0.000000e+00 0.000000e+00 0.000000e+00 0.000000e+00 0.000000e+00 0.000000e+00
1.423000e+00 0.000000e+00 -6.628693e+03 -5.328855e+03 0.000000e+00 0.000000e+00 0.000000e+00 -2.521341e+02 -2.410653e+02 1.590217e+03 5.730620e+02 0.000000e+00 0.000000e+00 0.000000e+00 0.000000e+00 0.000000e+00 0.000000e+00 0.000000e+00 0.000000e+00 0.000000e+00
1.424000e+00 0.000000e+00 -6.615679e+03 -5.324685e+03 0.000000e+00 0.000000e+00 0.000000e+00 -2.516656e+02 -2.405196e+02 1.587331e+03 5.706571e+02 0.000000e+00 0.000000e+00 0.000000e+00 0.000000e+00 0.000000e+00 0.000000e+00 0.000000e+00 0.000000e+00 0.000000e+00
1.425000e+00 0.000000e+00 -6.602619e+03 -5.320595e+03 0.000000e+00 0.000000e+00 0.000000e+00 -2.511967e+02 -2.399739e+02 1.584453e+03 5.682551e+02 0.000000e+00 0.000000e+00 0.000000e+00 0.000000e+00 0.000000e+00 0.000000e+00 0.000000e+00 0.000000e+00 0.000000e+00
1.426000e+00 0.000000e+00 -6.589514e+03 -5.316582e+03 0.000000e+00 0.000000e+00 0.000000e+00 -2.507274e+02 -2.394280e+02 1.581583e+03 5.658559e+02 0.000000e+00 0.000000e+00 0.000000e+00 0.000000e+00 0.000000e+00 0.000000e+00 0.000000e+00 0.000000e+00 0.000000e+00
1.427000e+00 0.000000e+00 -6.576367e+03 -5.312647e+03 0.000000e+00 0.000000e+00 0.000000e+00 -2.502574e+02 -2.388819e+02 1.578722e+03 5.634594e+02 0.000000e+00 0.000000e+00 0.000000e+00 0.000000e+00 0.000000e+00 0.000000e+00 0.000000e+00 0.000000e+00 0.000000e+00
1.428000e+00 0.000000e+00 -6.563181e+03 -5.308788e+03 0.000000e+00 0.000000e+00 0.000000e+00 -2.497865e+02 -2.383352e+02 1.575869e+03 5.610653e+02 0.000000e+00 0.000000e+00 0.000000e+00 0.000000e+00 0.000000e+00 0.000000e+00 0.000000e+00 0.000000e+00 0.000000e+00
1.429000e+00 0.000000e+00 -6.549957e+03 -5.305004e+03 0.000000e+00 0.000000e+00 0.000000e+00 -2.493147e+02 -2.377880e+02 1.573026e+03 5.586736e+02 0.000000e+00 0.000000e+00 0.000000e+00 0.000000e+00 0.000000e+00 0.000000e+00 0.000000e+00 0.000000e+00 0.000000e+00
1.430000e+00 0.000000e+00 -6.536698e+03 -5.301293e+03 0.000000e+00 0.000000e+00 0.000000e+00 -2.488418e+02 -2.372400e+02 1.570193e+03 5.562840e+02 0.000000e+00 0.000000e+00 0.000000e+00 0.000000e+00 0.000000e+00 0.000000e+00 0.000000e+00 0.000000e+00 0.000000e+00
1.431000e+00 0.000000e+00 -6.523407e+03 -5.297655e+03 0.000000e+00 0.000000e+00 0.000000e+00 -2.483676e+02 -2.366910e+02 1.567370e+03 5.538963e+02 0.000000e+00 0.000000e+00 0.000000e+00 0.000000e+00 0.000000e+00 0.000000e+00 0.000000e+00 0.000000e+00 0.000000e+00
1.432000e+00 0.000000e+00 -6.510084e+03 -5.294088e+03 0.000000e+00 0.000000e+00 0.000000e+00 -2.478919e+02 -2.361411e+02 1.564557e+03 5.515104e+02 0.000000e+00 0.000000e+00 0.000000e+00 0.000000e+00 0.000000e+00 0.000000e+00 0.000000e+00 0.000000e+00 0.000000e+00
1.433000e+00 0.000000e+00 -6.496734e+03 -5.290592e+03 0.000000e+00 0.000000e+00 0.000000e+00 -2.474146e+02 -2.355899e+02 1.561754e+03 5.491262e+02 0.000000e+00 0.000000e+00 0.000000e+00 0.000000e+00 0.000000e+00 0.000000e+00 0.000000e+00 0.000000e+00 0.000000e+00
1.434000e+00 0.000000e+00 -6.483357e+03 -5.287163e+03 0.000000e+00 0.000000e+00 0.000000e+00 -2.469356e+02 -2.350373e+02 1.558962e+03 5.467435e+02 0.000000e+00 0.000000e+00 0.000000e+00 0.000000e+00 0.000000e+00 0.000000e+00 0.000000e+00 0.000000e+00 0.000000e+00
1.435000e+00 0.000000e+00 -6.469956e+03 -5.283803e+03 0.000000e+00 0.000000e+00 0.000000e+00 -2.464547e+02 -2.344833e+02 1.556181e+03 5.443620e+02 0.000000e+00 0.000000e+00 0.000000e+00 0.000000e+00 0.000000e+00 0.000000e+00 0.000000e+00 0.000000e+00 0.000000e+00
1.436000e+00 0.000000e+00 -6.456533e+03 -5.280508e+03 0.000000e+00 0.000000e+00 0.000000e+00 -2.459717e+02 -2.339276e+02 1.553411e+03 5.419816e+02 0.000000e+00 0.000000e+00 0.000000e+00 0.000000e+00 0.000000e+00 0.000000e+00 0.000000e+00 0.000000e+00 0.000000e+00
1.437000e+00 0.000000e+00 -6.443091e+03 -5.277278e+03 0.000000e+00 0.000000e+00 0.000000e+00 -2.454866e+02 -2.333701e+02 1.550653e+03 5.396021e+02 0.000000e+00 0.000000e+00 0.000000e+00 0.000000e+00 0.000000e+00 0.000000e+00 0.000000e+00 0.000000e+00 0.000000e+00
1.438000e+00 0.000000e+00 -6.429632e+03 -5.274111e+03 0.000000e+00 0.000000e+00 0.000000e+00 -2.449990e+02 -2.328107e+02 1.547907e+03 5.372234e+02 0.000000e+00 0.000000e+00 0.000000e+00 0.000000e+00 0.000000e+00 0.000000e+00 0.000000e+00 0.000000e+00 0.000000e+00
1.439000e+00 0.000000e+00 -6.416157e+03 -5.271006e+03 0.000000e+00 0.000000e+00 0.000000e+00 -2.445090e+02 -2.322492e+02 1.545172e+03 5.348453e+02 0.000000e+00 0.000000e+00 0.000000e+00 0.000000e+00 0.000000e+00 0.000000e+00 0.000000e+00 0.000000e+00 0.000000e+00
1.440000e+00 0.000000e+00 -6.402669e+03 -5.267960e+03 0.000000e+00 0.000000e+00 0.000000e+00 -2.440163e+02 -2.316855e+02 1.542450e+03 5.324676e+02 0.000000e+00 0.000000e+00 0.000000e+00 0.000000e+00 0.000000e+00 0.000000e+00 0.000000e+00 0.000000e+00 0.000000e+00
1.441000e+00 0.000000e+00 -6.389170e+03 -5.264974e+03 0.000000e+00 0.000000e+00 0.000000e+00 -2.435209e+02 -2.311194e+02 1.539740e+03 5.300901e+02 0.000000e+00 0.000000e+00 0.000000e+00 0.000000e+00 0.000000e+00 0.000000e+00 0.000000e+00 0.000000e+00 0.000000e+00
1.442000e+00 0.000000e+00 -6.375662e+03 -5.262044e+03 0.000000e+00 0.000000e+00 0.000000e+00 -2.430225e+02 -2.305509e+02 1.537043e+03 5.277126e+02 0.000000e+00 0.000000e+00 0.000000e+00 0.000000e+00 0.000000e+00 0.000000e+00 0.000000e+00 0.000000e+00 0.000000e+00
1.443000e+00 0.000000e+00 -6.362147e+03 -5.259170e+03 0.000000e+00 0.000000e+00 0.000000e+00 -2.425210e+02 -2.299797e+02 1.534359e+03 5.253351e+02 0.000000e+00 0.000000e+00 0.000000e+00 0.000000e+00 0.000000e+00 0.000000e+00 0.000000e+00 0.000000e+00 0.000000e+00
1.444000e+00 0.000000e+00 -6.348627e+03 -5.256350e+03 0.000000e+00 0.000000e+00 0.000000e+00 -2.420163e+02 -2.294057e+02 1.531688e+03 5.229572e+02 0.000000e+00 0.000000e+00 0.000000e+00 0.000000e+00 0.000000e+00 0.000000e+00 0.000000e+00 0.000000e+00 0.000000e+00
1.445000e+00 0.000000e+00 -6.335104e+03 -5.253582e+03 0.000000e+00 0.000000e+00 0.000000e+00 -2.415083e+02 -2.288288e+02 1.529030e+03 5.205788e+02 0.000000e+00 0.000000e+00 0.000000e+00 0.000000e+00 0.000000e+00 0.000000e+00 0.000000e+00 0.000000e+00 0.000000e+00
1.446000e+00 0.000000e+00 -6.321580e+03 -5.250865e+03 0.000000e+00 0.000000e+00 0.000000e+00 -2.409968e+02 -2.282489e+02 1.526386e+03 5.181998e+02 0.000000e+00 0.000000e+00 0.000000e+00 0.000000e+00 0.000000e+00 0.000000e+00 0.000000e+00 0.000000e+00 0.000000e+00
1.447000e+00 0.000000e+00 -6.308058e+03 -5.248196e+03 0.000000e+00 0.000000e+00 0.000000e+00 -2.404816e+02 -2.276658e+02 1.523755e+03 5.158199e+02 0.000000e+00 0.000000e+00 0.000000e+00 0.000000e+00 0.000000e+00 0.000000e+00 0.000000e+00 0.000000e+00 0.000000e+00
1.448000e+00 0.000000e+00 -6.294538e+03 -5.245575e+03 0.000000e+00 0.000000e+00 0.000000e+00 -2.399627e+02 -2.270794e+02 1.521138e+03 5.134391e+02 0.000000e+00 0.000000e+00 0.000000e+00 0.000000e+00 0.000000e+00 0.000000e+00 0.000000e+00 0.000000e+00 0.000000e+00
1.449000e+00 0.000000e+00 -6.281023e+03 -5.242999e+03 0.000000e+00 0.000000e+00 0.000000e+00 -2.394399e+02 -2.264895e+02 1.518535e+03 5.110570e+02 0.000000e+00 0.000000e+00 0.000000e+00 0.000000e+00 0.000000e+00 0.000000e+00 0.000000e+00 0.000000e+00 0.000000e+00
1.450000e+00 0.000000e+00 -6.267515e+03 -5.240467e+03 0.000000e+00 0.000000e+00 0.000000e+00 -2.389130e+02 -2.258961e+02 1.515947e+03 5.086736e+02 0.000000e+00 0.000000e+00 0.000000e+00 0.000000e+00 0.000000e+00 0.000000e+00 0.000000e+00 0.000000e+00 0.000000e+00
1.451000e+00 0.000000e+00 -6.254016e+03 -5.237977e+03 0.000000e+00 0.000000e+00 0.000000e+00 -2.383820e+02 -2.252991e+02 1.513373e+03 5.062887e+02 0.000000e+00 0.000000e+00 0.000000e+00 0.000000e+00 0.000000e+00 0.000000e+00 0.000000e+00 0.000000e+00 0.000000e+00
1.452000e+00 0.000000e+00 -6.240527e+03 -5.235527e+03 0.000000e+00 0.000000e+00 0.000000e+00 -2.378468e+02 -2.246982e+02 1.510813e+03 5.039021e+02 0.000000e+00 0.000000e+00 0.000000e+00 0.000000e+00 0.000000e+00 0.000000e+00 0.000000e+00 0.000000e+00 0.000000e+00
1.453000e+00 0.000000e+00 -6.227051e+03 -5.233115e+03 0.000000e+00 0.000000e+00 0.000000e+00 -2.373071e+02 -2.240934e+02 1.508268e+03 5.015136e+02 0.000000e+00 0.000000e+00 0.000000e+00 0.000000e+00 0.000000e+00 0.000000e+00 0.000000e+00 0.000000e+00 0.000000e+00
1.454000e+00 0.000000e+00 -6.213588e+03 -5.230740e+03 0.000000e+00 0.000000e+00 0.000000e+00 -2.367629e+02 -2.234845e+02 1.505738e+03 4.991230e+02 0.000000e+00 0.000000e+00 0.000000e+00 0.000000e+00 0.000000e+00 0.000000e+00 0.000000e+00 0.000000e+00 0.000000e+00
1.455000e+00 0.000000e+00 -6.200141e+03 -5.228399e+03 0.000000e+00 0.000000e+00 0.000000e+00 -2.362140e+02 -2.228715e+02 1.503223e+03 4.967303e+02 0.000000e+00 0.000000e+00 0.000000e+00 0.000000e+00 0.000000e+00 0.000000e+00 0.000000e+00 0.000000e+00 0.000000e+00
1.456000e+00 0.000000e+00 -6.186712e+03 -5.226092e+03 0.000000e+00 0.000000e+00 0.000000e+00 -2.356604e+02 -2.222541e+02 1.500723e+03 4.943351e+02 0.000000e+00 0.000000e+00 0.000000e+00 0.000000e+00 0.000000e+00 0.000000e+00 0.000000e+00 0.000000e+00 0.000000e+00
1.457000e+00 0.000000e+00 -6.173302e+03 -5.223815e+03 0.000000e+00 0.000000e+00 0.000000e+00 -2.351019e+02 -2.216324e+02 1.498238e+03 4.919375e+02 0.000000e+00 0.000000e+00 0.000000e+00 0.000000e+00 0.000000e+00 0.000000e+00 0.000000e+00 0.000000e+00 0.000000e+00
1.458000e+00 0.000000e+00 -6.159912e+03 -5.221568e+03 0.000000e+00 0.000000e+00 0.000000e+00 -2.345384e+02 -2.210062e+02 1.495768e+03 4.895371e+02 0.000000e+00 0.000000e+00 0.000000e+00 0.000000e+00 0.000000e+00 0.000000e+00 0.000000e+00 0.000000e+00 0.000000e+00
1.459000e+00 0.000000e+00 -6.146545e+03 -5.219348e+03 0.000000e+00 0.000000e+00 0.000000e+00 -2.339698e+02 -2.203753e+02 1.493315e+03 4.871338e+02 0.000000e+00 0.000000e+00 0.000000e+00 0.000000e+00 0.000000e+00 0.000000e+00 0.000000e+00 0.000000e+00 0.000000e+00
1.460000e+00 0.000000e+00 -6.133202e+03 -5.217154e+03 0.000000e+00 0.000000e+00 0.000000e+00 -2.333960e+02 -2.197397e+02 1.490876e+03 4.847276e+02 0.000000e+00 0.000000e+00 0.000000e+00 0.000000e+00 0.000000e+00 0.000000e+00 0.000000e+00 0.000000e+00 0.000000e+00
1.461000e+00 0.000000e+00 -6.119885e+03 -5.214983e+03 0.000000e+00 0.000000e+00 0.000000e+00 -2.328168e+02 -2.190993e+02 1.488453e+03 4.823181e+02 0.000000e+00 0.000000e+00 0.000000e+00 0.000000e+00 0.000000e+00 0.000000e+00 0.000000e+00 0.000000e+00 0.000000e+00
1.462000e+00 0.000000e+00 -6.106594e+03 -5.212834e+03 0.000000e+00 0.000000e+00 0.000000e+00 -2.322323e+02 -2.184539e+02 1.486047e+03 4.799053e+02 0.000000e+00 0.000000e+00 0.000000e+00 0.000000e+00 0.000000e+00 0.000000e+00 0.000000e+00 0.000000e+00 0.000000e+00
1.463000e+00 0.000000e+00 -6.093332e+03 -5.210706e+03 0.000000e+00 0.000000e+00 0.000000e+00 -2.316422e+02 -2.178035e+02 1.483656e+03 4.774891e+02 0.000000e+00 0.000000e+00 0.000000e+00 0.000000e+00 0.000000e+00 0.000000e+00 0.000000e+00 0.000000e+00 0.000000e+00
1.464000e+00 0.000000e+00 -6.080099e+03 -5.208595e+03 0.000000e+00 0.000000e+00 0.000000e+00 -2.310465e+02 -2.171480e+02 1.481280e+03 4.750692e+02 0.000000e+00 0.000000e+00 0.000000e+00 0.000000e+00 0.000000e+00 0.000000e+00 0.000000e+00 0.000000e+00 0.000000e+00
1.465000e+00 0.000000e+00 -6.066898e+03 -5.206501e+03 0.000000e+00 0.000000e+00 0.000000e+00 -2.304451e+02 -2.164873e+02 1.478921e+03 4.726456e+02 0.000000e+00 0.000000e+00 0.000000e+00 0.000000e+00 0.000000e+00 0.000000e+00 0.000000e+00 0.000000e+00 0.000000e+00
1.466000e+00 0.000000e+00 -6.053730e+03 -5.204421e+03 0.000000e+00 0.000000e+00 0.000000e+00 -2.298379e+02 -2.158212e+02 1.476579e+03 4.702180e+02 0.000000e+00 0.000000e+00 0.000000e+00 0.000000e+00 0.000000e+00 0.000000e+00 0.000000e+00 0.000000e+00 0.000000e+00
1.467000e+00 0.000000e+00 -6.040595e+03 -5.202354e+03 0.000000e+00 0.000000e+00 0.000000e+00 -2.292247e+02 -2.151498e+02 1.474252e+03 4.677864e+02 0.000000e+00 0.000000e+00 0.000000e+00 0.000000e+00 0.000000e+00 0.000000e+00 0.000000e+00 0.000000e+00 0.000000e+00
1.468000e+00 0.000000e+00 -6.027496e+03 -5.200297e+03 0.000000e+00 0.000000e+00 0.000000e+00 -2.286057e+02 -2.144728e+02 1.471942e+03 4.653506e+02 0.000000e+00 0.000000e+00 0.000000e+00 0.000000e+00 0.000000e+00 0.000000e+00 0.000000e+00 0.000000e+00 0.000000e+00
1.469000e+00 0.000000e+00 -6.014434e+03 -5.198250e+03 0.000000e+00 0.000000e+00 0.000000e+00 -2.279805e+02 -2.137903e+02 1.469647e+03 4.629105e+02 0.000000e+00 0.000000e+00 0.000000e+00 0.000000e+00 0.000000e+00 0.000000e+00 0.000000e+00 0.000000e+00 0.000000e+00
1.470000e+00 0.000000e+00 -6.001409e+03 -5.196209e+03 0.000000e+00 0.000000e+00 0.000000e+00 -2.273492e+02 -2.131022e+02 1.467370e+03 4.604659e+02 0.000000e+00 0.000000e+00 0.000000e+00 0.000000e+00 0.000000e+00 0.000000e+00 0.000000e+00 0.000000e+00 0.000000e+00
1.471000e+00 0.000000e+00 -5.988423e+03 -5.194174e+03 0.000000e+00 0.000000e+00 0.000000e+00 -2.267117e+02 -2.124083e+02 1.465109e+03 4.580167e+02 0.000000e+00 0.000000e+00 0.000000e+00 0.000000e+00 0.000000e+00 0.000000e+00 0.000000e+00 0.000000e+00 0.000000e+00
1.472000e+00 0.000000e+00 -5.975477e+03 -5.192143e+03 0.000000e+00 0.000000e+00 0.000000e+00 -2.260678e+02 -2.117085e+02 1.462864e+03 4.555628e+02 0.000000e+00 0.000000e+00 0.000000e+00 0.000000e+00 0.000000e+00 0.000000e+00 0.000000e+00 0.000000e+00 0.000000e+00
1.473000e+00 0.000000e+00 -5.962573e+03 -5.190113e+03 0.000000e+00 0.000000e+00 0.000000e+00 -2.254176e+02 -2.110029e+02 1.460635e+03 4.531041e+02 0.000000e+00 0.000000e+00 0.000000e+00 0.000000e+00 0.000000e+00 0.000000e+00 0.000000e+00 0.000000e+00 0.000000e+00
1.474000e+00 0.000000e+00 -5.949711e+03 -5.188083e+03 0.000000e+00 0.000000e+00 0.000000e+00 -2.247609e+02 -2.102913e+02 1.458424e+03 4.506404e+02 0.000000e+00 0.000000e+00 0.000000e+00 0.000000e+00 0.000000e+00 0.000000e+00 0.000000e+00 0.000000e+00 0.000000e+00
1.475000e+00 0.000000e+00 -5.936892e+03 -5.186050e+03 0.000000e+00 0.000000e+00 0.000000e+00 -2.240977e+02 -2.095737e+02 1.456229e+03 4.481717e+02 0.000000e+00 0.000000e+00 0.000000e+00 0.000000e+00 0.000000e+00 0.000000e+00 0.000000e+00 0.000000e+00 0.000000e+00
1.476000e+00 0.000000e+00 -5.924118e+03 -5.184015e+03 0.000000e+00 0.000000e+00 0.000000e+00 -2.234279e+02 -2.088500e+02 1.454050e+03 4.456978e+02 0.000000e+00 0.000000e+00 0.000000e+00 0.000000e+00 0.000000e+00 0.000000e+00 0.000000e+00 0.000000e+00 0.000000e+00
1.477000e+00 0.000000e+00 -5.911390e+03 -5.181974e+03 0.000000e+00 0.000000e+00 0.000000e+00 -2.227514e+02 -2.081201e+02 1.451888e+03 4.432185e+02 0.000000e+00 0.000000e+00 0.000000e+00 0.000000e+00 0.000000e+00 0.000000e+00 0.000000e+00 0.000000e+00 0.000000e+00
1.478000e+00 0.000000e+00 -5.898708e+03 -5.179926e+03 0.000000e+00 0.000000e+00 0.000000e+00 -2.220683e+02 -2.073840e+02 1.449743e+03 4.407339e+02 0.000000e+00 0.000000e+00 0.000000e+00 0.000000e+00 0.000000e+00 0.000000e+00 0.000000e+00 0.000000e+00 0.000000e+00
1.479000e+00 0.000000e+00 -5.886073e+03 -5.177869e+03 0.000000e+00 0.000000e+00 0.000000e+00 -2.213783e+02 -2.066416e+02 1.447615e+03 4.382438e+02 0.000000e+00 0.000000e+00 0.000000e+00 0.000000e+00 0.000000e+00 0.000000e+00 0.000000e+00 0.000000e+00 0.000000e+00
1.480000e+00 0.000000e+00 -5.873487e+03 -5.175801e+03 0.000000e+00 0.000000e+00 0.000000e+00 -2.206816e+02 -2.058928e+02 1.445503e+03 4.357482e+02 0.000000e+00 0.000000e+00 0.000000e+00 0.000000e+00 0.000000e+00 0.000000e+00 0.000000e+00 0.000000e+00 0.000000e+00
1.481000e+00 0.000000e+00 -5.860949e+03 -5.173722e+03 0.000000e+00 0.000000e+00 0.000000e+00 -2.199780e+02 -2.051377e+02 1.443408e+03 4.332468e+02 0.000000e+00 0.000000e+00 0.000000e+00 0.000000e+00 0.000000e+00 0.000000e+00 0.000000e+00 0.000000e+00 0.000000e+00
1.482000e+00 0.000000e+00 -5.848462e+03 -5.171629e+03 0.000000e+00 0.000000e+00 0.000000e+00 -2.192675e+02 -2.043762e+02 1.441329e+03 4.307397e+02 0.000000e+00 0.000000e+00 0.000000e+00 0.000000e+00 0.000000e+00 0.000000e+00 0.000000e+00 0.000000e+00 0.000000e+00
1.483000e+00 0.000000e+00 -5.836025e+03 -5.169521e+03 0.000000e+00 0.000000e+00 0.000000e+00 -2.185500e+02 -2.036082e+02 1.439267e+03 4.282267e+02 0.000000e+00 0.000000e+00 0.000000e+00 0.000000e+00 0.000000e+00 0.000000e+00 0.000000e+00 0.000000e+00 0.000000e+00
1.484000e+00 0.000000e+00 -5.823639e+03 -5.167395e+03 0.000000e+00 0.000000e+00 0.000000e+00 -2.178256e+02 -2.028337e+02 1.437222e+03 4.257079e+02 0.000000e+00 0.000000e+00 0.000000e+00 0.000000e+00 0.000000e+00 0.000000e+00 0.000000e+00 0.000000e+00 0.000000e+00
1.485000e+00 0.000000e+00 -5.811306e+03 -5.165252e+03 0.000000e+00 0.000000e+00 0.000000e+00 -2.170941e+02 -2.020526e+02 1.435194e+03 4.231831e+02 0.000000e+00 0.000000e+00 0.000000e+00 0.000000e+00 0.000000e+00 0.000000e+00 0.000000e+00 0.000000e+00 0.000000e+00
1.486000e+00 0.000000e+00 -5.799026e+03 -5.163089e+03 0.000000e+00 0.000000e+00 0.000000e+00 -2.163556e+02 -2.012649e+02 1.433182e+03 4.206522e+02 0.000000e+00 0.000000e+00 0.000000e+00 0.000000e+00 0.000000e+00 0.000000e+00 0.000000e+00 0.000000e+00 0.000000e+00
1.487000e+00 0.000000e+00 -5.786799e+03 -5.160904e+03 0.000000e+00 0.000000e+00 0.000000e+00 -2.156099e+02 -2.004707e+02 1.431187e+03 4.181152e+02 0.000000e+00 0.000000e+00 0.000000e+00 0.000000e+00 0.000000e+00 0.000000e+00 0.000000e+00 0.000000e+00 0.000000e+00
1.488000e+00 0.000000e+00 -5.774626e+03 -5.158697e+03 0.000000e+00 0.000000e+00 0.000000e+00 -2.148572e+02 -1.996697e+02 1.429208e+03 4.155720e+02 0.000000e+00 0.000000e+00 0.000000e+00 0.000000e+00 0.000000e+00 0.000000e+00 0.000000e+00 0.000000e+00 0.000000e+00
1.489000e+00 0.000000e+00 -5.762507e+03 -5.156465e+03 0.000000e+00 0.000000e+00 0.000000e+00 -2.140973e+02 -1.988621e+02 1.427246e+03 4.130227e+02 0.000000e+00 0.000000e+00 0.000000e+00 0.000000e+00 0.000000e+00 0.000000e+00 0.000000e+00 0.000000e+00 0.000000e+00
1.490000e+00 0.000000e+00 -5.750445e+03 -5.154207e+03 0.000000e+00 0.000000e+00 0.000000e+00 -2.133303e+02 -1.980478e+02 1.425301e+03 4.104670e+02 0.000000e+00 0.000000e+00 0.000000e+00 0.000000e+00 0.000000e+00 0.000000e+00 0.000000e+00 0.000000e+00 0.000000e+00
1.491000e+00 0.000000e+00 -5.738437e+03 -5.151923e+03 0.000000e+00 0.000000e+00 0.000000e+00 -2.125560e+02 -1.972268e+02 1.423372e+03 4.079050e+02 0.000000e+00 0.000000e+00 0.000000e+00 0.000000e+00 0.000000e+00 0.000000e+00 0.000000e+00 0.000000e+00 0.000000e+00
1.492000e+00 0.000000e+00 -5.726486e+03 -5.149610e+03 0.000000e+00 0.000000e+00 0.000000e+00 -2.117746e+02 -1.963990e+02 1.421460e+03 4.053366e+02 0.000000e+00 0.000000e+00 0.000000e+00 0.000000e+00 0.000000e+00 0.000000e+00 0.000000e+00 0.000000e+00 0.000000e+00
1.493000e+00 0.000000e+00 -5.714592e+03 -5.147267e+03 0.000000e+00 0.000000e+00 0.000000e+00 -2.109859e+02 -1.955645e+02 1.419564e+03 4.027619e+02 0.000000e+00 0.000000e+00 0.000000e+00 0.000000e+00 0.000000e+00 0.000000e+00 0.000000e+00 0.000000e+00 0.000000e+00
1.494000e+00 0.000000e+00 -5.702755e+03 -5.144894e+03 0.000000e+00 0.000000e+00 0.000000e+00 -2.101901e+02 -1.947231e+02 1.417685e+03 4.001807e+02 0.000000e+00 0.000000e+00 0.000000e+00 0.000000e+00 0.000000e+00 0.000000e+00 0.000000e+00 0.000000e+00 0.000000e+00
1.495000e+00 0.000000e+00 -5.690976e+03 -5.142488e+03 0.000000e+00 0.000000e+00 0.000000e+00 -2.093870e+02 -1.938751e+02 1.415822e+03 3.975930e+02 0.000000e+00 0.000000e+00 0.000000e+00 0.000000e+00 0.000000e+00 0.000000e+00 0.000000e+00 0.000000e+00 0.000000e+00
1.496000e+00 0.000000e+00 -5.679255e+03 -5.140049e+03 0.000000e+00 0.000000e+00 0.000000e+00 -2.085766e+02 -1.930202e+02 1.413975e+03 3.949989e+02 0.000000e+00 0.000000e+00 0.000000e+00 0.000000e+00 0.000000e+00 0.000000e+00 0.000000e+00 0.000000e+00 0.000000e+00
1.497000e+00 0.000000e+00 -5.667592e+03 -5.137575e+03 0.000000e+00 0.000000e+00 0.000000e+00 -2.077591e+02 -1.921585e+02 1.412145e+03 3.923983e+02 0.000000e+00 0.000000e+00 0.000000e+00 0.000000e+00 0.000000e+00 0.000000e+00 0.000000e+00 0.000000e+00 0.000000e+00
1.498000e+00 0.000000e+00 -5.655987e+03 -5.135066e+03 0.000000e+00 0.000000e+00 0.000000e+00 -2.069343e+02 -1.912901e+02 1.410330e+03 3.897912e+02 0.000000e+00 0.000000e+00 0.000000e+00 0.000000e+00 0.000000e+00 0.000000e+00 0.000000e+00 0.000000e+00 0.000000e+00
1.499000e+00 0.000000e+00 -5.644442e+03 -5.132520e+03 0.000000e+00 0.000000e+00 0.000000e+00 -2.061023e+02 -1.904149e+02 1.408533e+03 3.871776e+02 0.000000e+00 0.000000e+00 0.000000e+00 0.000000e+00 0.000000e+00 0.000000e+00 0.000000e+00 0.000000e+00 0.000000e+00
1.500000e+00 0.000000e+00 -5.632956e+03 -5.129936e+03 0.000000e+00 0.000000e+00 0.000000e+00 -2.052632e+02 -1.895330e+02 1.406751e+03 3.845575e+02 0.000000e+00 0.000000e+00 0.000000e+00 0.000000e+00 0.000000e+00 0.000000e+00 0.000000e+00 0.000000e+00 0.000000e+00
1.501000e+00 0.000000e+00 -5.621529e+03 -5.127314e+03 0.000000e+00 0.000000e+00 0.000000e+00 -2.044168e+02 -1.886443e+02 1.404985e+03 3.819309e+02 0.000000e+00 0.000000e+00 0.000000e+00 0.000000e+00 0.000000e+00 0.000000e+00 0.000000e+00 0.000000e+00 0.000000e+00
1.502000e+00 0.000000e+00 -5.610162e+03 -5.124652e+03 0.000000e+00 0.000000e+00 0.000000e+00 -2.035633e+02 -1.877488e+02 1.403235e+03 3.792979e+02 0.000000e+00 0.000000e+00 0.000000e+00 0.000000e+00 0.000000e+00 0.000000e+00 0.000000e+00 0.000000e+00 0.000000e+00
1.503000e+00 0.000000e+00 -5.598854e+03 -5.121950e+03 0.000000e+00 0.000000e+00 0.000000e+00 -2.027027e+02 -1.868467e+02 1.401502e+03 3.766584e+02 0.000000e+00 0.000000e+00 0.000000e+00 0.000000e+00 0.000000e+00 0.000000e+00 0.000000e+00 0.000000e+00 0.000000e+00
1.504000e+00 0.000000e+00 -5.587607e+03 -5.119207e+03 0.000000e+00 0.000000e+00 0.000000e+00 -2.018350e+02 -1.859379e+02 1.399784e+03 3.740126e+02 0.000000e+00 0.000000e+00 0.000000e+00 0.000000e+00 0.000000e+00 0.000000e+00 0.000000e+00 0.000000e+00 0.000000e+00
1.505000e+00 0.000000e+00 -5.576419e+03 -5.116421e+03 0.000000e+00 0.000000e+00 0.000000e+00 -2.009602e+02 -1.850224e+02 1.398082e+03 3.713603e+02 0.000000e+00 0.000000e+00 0.000000e+00 0.000000e+00 0.000000e+00 0.000000e+00 0.000000e+00 0.000000e+00 0.000000e+00
1.506000e+00 0.000000e+00 -5.565292e+03 -5.113592e+03 0.000000e+00 0.000000e+00 0.000000e+00 -2.000783e+02 -1.841003e+02 1.396396e+03 3.687016e+02 0.000000e+00 0.000000e+00 0.000000e+00 0.000000e+00 0.000000e+00 0.000000e+00 0.000000e+00 0.000000e+00 0.000000e+00
1.507000e+00 0.000000e+00 -5.554225e+03 -5.110719e+03 0.000000e+00 0.000000e+00 0.000000e+00 -1.991894e+02 -1.831715e+02 1.394726e+03 3.660367e+02 0.000000e+00 0.000000e+00 0.000000e+00 0.000000e+00 0.000000e+00 0.000000e+00 0.000000e+00 0.000000e+00 0.000000e+00
1.508000e+00 0.000000e+00 -5.543219e+03 -5.107802e+03 0.000000e+00 0.000000e+00 0.000000e+00 -1.982935e+02 -1.822362e+02 1.393071e+03 3.633654e+02 0.000000e+00 0.000000e+00 0.000000e+00 0.000000e+00 0.000000e+00 0.000000e+00 0.000000e+00 0.000000e+00 0.000000e+00
1.509000e+00 0.000000e+00 -5.532273e+03 -5.104840e+03 0.000000e+00 0.000000e+00 0.000000e+00 -1.973907e+02 -1.812943e+02 1.391432e+03 3.606879e+02 0.000000e+00 0.000000e+00 0.000000e+00 0.000000e+00 0.000000e+00 0.000000e+00 0.000000e+00 0.000000e+00 0.000000e+00
1.510000e+00 0.000000e+00 -5.521387e+03 -5.101832e+03 0.000000e+00 0.000000e+00 0.000000e+00 -1.964809e+02 -1.803459e+02 1.389808e+03 3.580043e+02 0.000000e+00 0.000000e+00 0.000000e+00 0.000000e+00 0.000000e+00 0.000000e+00 0.000000e+00 0.000000e+00 0.000000e+00
1.511000e+00 0.000000e+00 -5.510562e+03 -5.098778e+03 0.000000e+00 0.000000e+00 0.000000e+00 -1.955643e+02 -1.793911e+02 1.388200e+03 3.553145e+02 0.000000e+00 0.000000e+00 0.000000e+00 0.000000e+00 0.000000e+00 0.000000e+00 0.000000e+00 0.000000e+00 0.000000e+00
1.512000e+00 0.000000e+00 -5.499797e+03 -5.095677e+03 0.000000e+00 0.000000e+00 0.000000e+00 -1.946409e+02 -1.784298e+02 1.386607e+03 3.526186e+02 0.000000e+00 0.000000e+00 0.000000e+00 0.000000e+00 0.000000e+00 0.000000e+00 0.000000e+00 0.000000e+00 0.000000e+00
1.513000e+00 0.000000e+00 -5.489093e+03 -5.092529e+03 0.000000e+00 0.000000e+00 0.000000e+00 -1.937108e+02 -1.774622e+02 1.385029e+03 3.499168e+02 0.000000e+00 0.000000e+00 0.000000e+00 0.000000e+00 0.000000e+00 0.000000e+00 0.000000e+00 0.000000e+00 0.000000e+00
1.514000e+00 0.000000e+00 -5.478449e+03 -5.089333e+03 0.000000e+00 0.000000e+00 0.000000e+00 -1.927739e+02 -1.764882e+02 1.383467e+03 3.472091e+02 0.000000e+00 0.000000e+00 0.000000e+00 0.000000e+00 0.000000e+00 0.000000e+00 0.000000e+00 0.000000e+00 0.000000e+00
1.515000e+00 0.000000e+00 -5.467866e+03 -5.086089e+03 0.000000e+00 0.000000e+00 0.000000e+00 -1.918305e+02 -1.755080e+02 1.381920e+03 3.444956e+02 0.000000e+00 0.000000e+00 0.000000e+00 0.000000e+00 0.000000e+00 0.000000e+00 0.000000e+00 0.000000e+00 0.000000e+00
1.516000e+00 0.000000e+00 -5.457343e+03 -5.082796e+03 0.000000e+00 0.000000e+00 0.000000e+00 -1.908804e+02 -1.745217e+02 1.380388e+03 3.417764e+02 0.000000e+00 0.000000e+00 0.000000e+00 0.000000e+00 0.000000e+00 0.000000e+00 0.000000e+00 0.000000e+00 0.000000e+00
1.517000e+00 0.000000e+00 -5.446879e+03 -5.079455e+03 0.000000e+00 0.000000e+00 0.000000e+00 -1.899239e+02 -1.735291e+02 1.378870e+03 3.390515e+02 0.000000e+00 0.000000e+00 0.000000e+00 0.000000e+00 0.000000e+00 0.000000e+00 0.000000e+00 0.000000e+00 0.000000e+00
1.518000e+00 0.000000e+00 -5.436476e+03 -5.076065e+03 0.000000e+00 0.000000e+00 0.000000e+00 -1.889609e+02 -1.725306e+02 1.377368e+03 3.363211e+02 0.000000e+00 0.000000e+00 0.000000e+00 0.000000e+00 0.000000e+00 0.000000e+00 0.000000e+00 0.000000e+00 0.000000e+00
1.519000e+00 0.000000e+00 -5.426132e+03 -5.072626e+03 0.000000e+00 0.000000e+00 0.000000e+00 -1.879916e+02 -1.715260e+02 1.375881e+03 3.335853e+02 0.000000e+00 0.000000e+00 0.000000e+00 0.000000e+00 0.000000e+00 0.000000e+00 0.000000e+00 0.000000e+00 0.000000e+00
1.520000e+00 0.000000e+00 -5.415848e+03 -5.069138e+03 0.000000e+00 0.000000e+00 0.000000e+00 -1.870160e+02 -1.705155e+02 1.374408e+03 3.308443e+02 0.000000e+00 0.000000e+00 0.000000e+00 0.000000e+00 0.000000e+00 0.000000e+00 0.000000e+00 0.000000e+00 0.000000e+00
1.521000e+00 0.000000e+00 -5.405623e+03 -5.065601e+03 0.000000e+00 0.000000e+00 0.000000e+00 -1.860341e+02 -1.694991e+02 1.372950e+03 3.280980e+02 0.000000e+00 0.000000e+00 0.000000e+00 0.000000e+00 0.000000e+00 0.000000e+00 0.000000e+00 0.000000e+00 0.000000e+00
1.522000e+00 0.000000e+00 -5.395458e+03 -5.062015e+03 0.000000e+00 0.000000e+00 0.000000e+00 -1.850462e+02 -1.684770e+02 1.371507e+03 3.253466e+02 0.000000e+00 0.000000e+00 0.000000e+00 0.000000e+00 0.000000e+00 0.000000e+00 0.000000e+00 0.000000e+00 0.000000e+00
1.523000e+00 0.000000e+00 -5.385351e+03 -5.058379e+03 0.000000e+00 0.000000e+00 0.000000e+00 -1.840522e+02 -1.674492e+02 1.370078e+03 3.225903e+02 0.000000e+00 0.000000e+00 0.000000e+00 0.000000e+00 0.000000e+00 0.000000e+00 0.000000e+00 0.000000e+00 0.000000e+00
1.524000e+00 0.000000e+00 -5.375303e+03 -5.054693e+03 0.000000e+00 0.000000e+00 0.000000e+00 -1.830522e+02 -1.664157e+02 1.368663e+03 3.198292e+02 0.000000e+00 0.000000e+00 0.000000e+00 0.000000e+00 0.000000e+00 0.000000e+00 0.000000e+00 0.000000e+00 0.000000e+00
1.525000e+00 0.000000e+00 -5.365314e+03 -5.050959e+03 0.000000e+00 0.000000e+00 0.000000e+00 -1.820464e+02 -1.653768e+02 1.367263e+03 3.170634e+02 0.000000e+00 0.000000e+00 0.000000e+00 0.000000e+00 0.000000e+00 0.000000e+00 0.000000e+00 0.000000e+00 0.000000e+00
1.526000e+00 0.000000e+00 -5.355384e+03 -5.047175e+03 0.000000e+00 0.000000e+00 0.000000e+00 -1.810348e+02 -1.643323e+02 1.365877e+03 3.142931e+02 0.000000e+00 0.000000e+00 0.000000e+00 0.000000e+00 0.000000e+00 0.000000e+00 0.000000e+00 0.000000e+00 0.000000e+00
1.527000e+00 0.000000e+00 -5.345511e+03 -5.043343e+03 0.000000e+00 0.000000e+00 0.000000e+00 -1.800175e+02 -1.632825e+02 1.364505e+03 3.115184e+02 0.000000e+00 0.000000e+00 0.000000e+00 0.000000e+00 0.000000e+00 0.000000e+00 0.000000e+00 0.000000e+00 0.000000e+00
1.528000e+00 0.000000e+00 -5.335697e+03 -5.039462e+03 0.000000e+00 0.000000e+00 0.000000e+00 -1.789946e+02 -1.622275e+02 1.363148e+03 3.087394e+02 0.000000e+00 0.000000e+00 0.000000e+00 0.000000e+00 0.000000e+00 0.000000e+00 0.000000e+00 0.000000e+00 0.000000e+00
1.529000e+00 0.000000e+00 -5.325939e+03 -5.035532e+03 0.000000e+00 0.000000e+00 0.000000e+00 -1.779662e+02 -1.611673e+02 1.361804e+03 3.059563e+02 0.000000e+00 0.000000e+00 0.000000e+00 0.000000e+00 0.000000e+00 0.000000e+00 0.000000e+00 0.000000e+00 0.000000e+00
1.530000e+00 0.000000e+00 -5.316240e+03 -5.031555e+03 0.000000e+00 0.000000e+00 0.000000e+00 -1.769325e+02 -1.601020e+02 1.360475e+03 3.031694e+02 0.000000e+00 0.000000e+00 0.000000e+00 0.000000e+00 0.000000e+00 0.000000e+00 0.000000e+00 0.000000e+00 0.000000e+00
1.531000e+00 0.000000e+00 -5.306597e+03 -5.027530e+03 0.000000e+00 0.000000e+00 0.000000e+00 -1.758935e+02 -1.590318e+02 1.359159e+03 3.003786e+02 0.000000e+00 0.000000e+00 0.000000e+00 0.000000e+00 0.000000e+00 0.000000e+00 0.000000e+00 0.000000e+00 0.000000e+00
1.532000e+00 0.000000e+00 -5.297010e+03 -5.023458e+03 0.000000e+00 0.000000e+00 0.000000e+00 -1.748493e+02 -1.579567e+02 1.357857e+03 2.975844e+02 0.000000e+00 0.000000e+00 0.000000e+00 0.000000e+00 0.000000e+00 0.000000e+00 0.000000e+00 0.000000e+00 0.000000e+00
1.533000e+00 0.000000e+00 -5.287480e+03 -5.019340e+03 0.000000e+00 0.000000e+00 0.000000e+00 -1.738000e+02 -1.568768e+02 1.356569e+03 2.947867e+02 0.000000e+00 0.000000e+00 0.000000e+00 0.000000e+00 0.000000e+00 0.000000e+00 0.000000e+00 0.000000e+00 0.000000e+00
1.534000e+00 0.000000e+00 -5.278006e+03 -5.015175e+03 0.000000e+00 0.000000e+00 0.000000e+00 -1.727458e+02 -1.557923e+02 1.355294e+03 2.919858e+02 0.000000e+00 0.000000e+00 0.000000e+00 0.000000e+00 0.000000e+00 0.000000e+00 0.000000e+00 0.000000e+00 0.000000e+00
1.535000e+00 0.000000e+00 -5.268588e+03 -5.010965e+03 0.000000e+00 0.000000e+00 0.000000e+00 -1.716868e+02 -1.547033e+02 1.354033e+03 2.891819e+02 0.000000e+00 0.000000e+00 0.000000e+00 0.000000e+00 0.000000e+00 0.000000e+00 0.000000e+00 0.000000e+00 0.000000e+00
1.536000e+00 0.000000e+00 -5.259225e+03 -5.006709e+03 0.000000e+00 0.000000e+00 0.000000e+00 -1.706231e+02 -1.536099e+02 1.352785e+03 2.863751e+02 0.000000e+00 0.000000e+00 0.000000e+00 0.000000e+00 0.000000e+00 0.000000e+00 0.000000e+00 0.000000e+00 0.000000e+00
1.537000e+00 0.000000e+00 -5.249917e+03 -5.002410e+03 0.000000e+00 0.000000e+00 0.000000e+00 -1.695548e+02 -1.525122e+02 1.351551e+03 2.835657e+02 0.000000e+00 0.000000e+00 0.000000e+00 0.000000e+00 0.000000e+00 0.000000e+00 0.000000e+00 0.000000e+00 0.000000e+00
1.538000e+00 0.000000e+00 -5.240664e+03 -4.998067e+03 0.000000e+00 0.000000e+00 0.000000e+00 -1.684821e+02 -1.514103e+02 1.350330e+03 2.807539e+02 0.000000e+00 0.000000e+00 0.000000e+00 0.000000e+00 0.000000e+00 0.000000e+00 0.000000e+00 0.000000e+00 0.000000e+00
1.539000e+00 0.000000e+00 -5.231465e+03 -4.993681e+03 0.000000e+00 0.000000e+00 0.000000e+00 -1.674050e+02 -1.503043e+02 1.349122e+03 2.779399e+02 0.000000e+00 0.000000e+00 0.000000e+00 0.000000e+00 0.000000e+00 0.000000e+00 0.000000e+00 0.000000e+00 0.000000e+00
1.540000e+00 0.000000e+00 -5.222320e+03 -4.989254e+03 0.000000e+00 0.000000e+00 0.000000e+00 -1.663237e+02 -1.491945e+02 1.347928e+03 2.751238e+02 0.000000e+00 0.000000e+00 0.000000e+00 0.000000e+00 0.000000e+00 0.000000e+00 0.000000e+00 0.000000e+00 0.000000e+00
1.541000e+00 0.000000e+00 -5.213228e+03 -4.984785e+03 0.000000e+00 0.000000e+00 0.000000e+00 -1.652383e+02 -1.480808e+02 1.346746e+03 2.723058e+02 0.000000e+00 0.000000e+00 0.000000e+00 0.000000e+00 0.000000e+00 0.000000e+00 0.000000e+00 0.000000e+00 0.000000e+00
1.542000e+00 0.000000e+00 -5.204190e+03 -4.980276e+03 0.000000e+00 0.000000e+00 0.000000e+00 -1.641490e+02 -1.469634e+02 1.345578e+03 2.694863e+02 0.000000e+00 0.000000e+00 0.000000e+00 0.000000e+00 0.000000e+00 0.000000e+00 0.000000e+00 0.000000e+00 0.000000e+00
1.543000e+00 0.000000e+00 -5.195205e+03 -4.975728e+03 0.000000e+00 0.000000e+00 0.000000e+00 -1.630558e+02 -1.458425e+02 1.344422e+03 2.666654e+02 0.000000e+00 0.000000e+00 0.000000e+00 0.000000e+00 0.000000e+00 0.000000e+00 0.000000e+00 0.000000e+00 0.000000e+00
1.544000e+00 0.000000e+00 -5.186272e+03 -4.971141e+03 0.000000e+00 0.000000e+00 0.000000e+00 -1.619590e+02 -1.447181e+02 1.343280e+03 2.638434e+02 0.000000e+00 0.000000e+00 0.000000e+00 0.000000e+00 0.000000e+00 0.000000e+00 0.000000e+00 0.000000e+00 0.000000e+00
1.545000e+00 0.000000e+00 -5.177391e+03 -4.966517e+03 0.000000e+00 0.000000e+00 0.000000e+00 -1.608587e+02 -1.435905e+02 1.342150e+03 2.610205e+02 0.000000e+00 0.000000e+00 0.000000e+00 0.000000e+00 0.000000e+00 0.000000e+00 0.000000e+00 0.000000e+00 0.000000e+00
1.546000e+00 0.000000e+00 -5.168562e+03 -4.961857e+03 0.000000e+00 0.000000e+00 0.000000e+00 -1.597550e+02 -1.424598e+02 1.341033e+03 2.581968e+02 0.000000e+00 0.000000e+00 0.000000e+00 0.000000e+00 0.000000e+00 0.000000e+00 0.000000e+00 0.000000e+00 0.000000e+00
1.547000e+00 0.000000e+00 -5.159785e+03 -4.957162e+03 0.000000e+00 0.000000e+00 0.000000e+00 -1.586480e+02 -1.413260e+02 1.339928e+03 2.553727e+02 0.000000e+00 0.000000e+00 0.000000e+00 0.000000e+00 0.000000e+00 0.000000e+00 0.000000e+00 0.000000e+00 0.000000e+00
1.548000e+00 0.000000e+00 -5.151058e+03 -4.952433e+03 0.000000e+00 0.000000e+00 0.000000e+00 -1.575379e+02 -1.401894e+02 1.338836e+03 2.525485e+02 0.000000e+00 0.000000e+00 0.000000e+00 0.000000e+00 0.000000e+00 0.000000e+00 0.000000e+00 0.000000e+00 0.000000e+00
1.549000e+00 0.000000e+00 -5.142382e+03 -4.947672e+03 0.000000e+00 0.000000e+00 0.000000e+00 -1.564249e+02 -1.390501e+02 1.337757e+03 2.497243e+02 0.000000e+00 0.000000e+00 0.000000e+00 0.000000e+00 0.000000e+00 0.000000e+00 0.000000e+00 0.000000e+00 0.000000e+00
1.550000e+00 0.000000e+00 -5.133757e+03 -4.942879e+03 0.000000e+00 0.000000e+00 0.000000e+00 -1.553091e+02 -1.379083e+02 1.336690e+03 2.469003e+02 0.000000e+00 0.000000e+00 0.000000e+00 0.000000e+00 0.000000e+00 0.000000e+00 0.000000e+00 0.000000e+00 0.000000e+00
1.551000e+00 0.000000e+00 -5.125181e+03 -4.938056e+03 0.000000e+00 0.000000e+00 0.000000e+00 -1.541906e+02 -1.367640e+02 1.335635e+03 2.440770e+02 0.000000e+00 0.000000e+00 0.000000e+00 0.000000e+00 0.000000e+00 0.000000e+00 0.000000e+00 0.000000e+00 0.000000e+00
1.552000e+00 0.000000e+00 -5.116654e+03 -4.933205e+03 0.000000e+00 0.000000e+00 0.000000e+00 -1.530696e+02 -1.356174e+02 1.334593e+03 2.412544e+02 0.000000e+00 0.000000e+00 0.000000e+00 0.000000e+00 0.000000e+00 0.000000e+00 0.000000e+00 0.000000e+00 0.000000e+00
1.553000e+00 0.000000e+00 -5.108177e+03 -4.928326e+03 0.000000e+00 0.000000e+00 0.000000e+00 -1.519463e+02 -1.344687e+02 1.333563e+03 2.384329e+02 0.000000e+00 0.000000e+00 0.000000e+00 0.000000e+00 0.000000e+00 0.000000e+00 0.000000e+00 0.000000e+00 0.000000e+00
1.554000e+00 0.000000e+00 -5.099749e+03 -4.923421e+03 0.000000e+00 0.000000e+00 0.000000e+00 -1.508208e+02 -1.333180e+02 1.332545e+03 2.356127e+02 0.000000e+00 0.000000e+00 0.000000e+00 0.000000e+00 0.000000e+00 0.000000e+00 0.000000e+00 0.000000e+00 0.000000e+00
1.555000e+00 0.000000e+00 -5.091369e+03 -4.918491e+03 0.000000e+00 0.000000e+00 0.000000e+00 -1.496932e+02 -1.321655e+02 1.331539e+03 2.327941e+02 0.000000e+00 0.000000e+00 0.000000e+00 0.000000e+00 0.000000e+00 0.000000e+00 0.000000e+00 0.000000e+00 0.000000e+00
1.556000e+00 0.000000e+00 -5.083037e+03 -4.913539e+03 0.000000e+00 0.000000e+00 0.000000e+00 -1.485638e+02 -1.310113e+02 1.330545e+03 2.299773e+02 0.000000e+00 0.000000e+00 0.000000e+00 0.000000e+00 0.000000e+00 0.000000e+00 0.000000e+00 0.000000e+00 0.000000e+00
1.557000e+00 0.000000e+00 -5.074753e+03 -4.908565e+03 0.000000e+00 0.000000e+00 0.000000e+00 -1.474326e+02 -1.298557e+02 1.329563e+03 2.271627e+02 0.000000e+00 0.000000e+00 0.000000e+00 0.000000e+00 0.000000e+00 0.000000e+00 0.000000e+00 0.000000e+00 0.000000e+00
1.558000e+00 0.000000e+00 -5.066516e+03 -4.903571e+03 0.000000e+00 0.000000e+00 0.000000e+00 -1.463000e+02 -1.286987e+02 1.328594e+03 2.243504e+02 0.000000e+00 0.000000e+00 0.000000e+00 0.000000e+00 0.000000e+00 0.000000e+00 0.000000e+00 0.000000e+00 0.000000e+00
1.559000e+00 0.000000e+00 -5.058326e+03 -4.898558e+03 0.000000e+00 0.000000e+00 0.000000e+00 -1.451659e+02 -1.275405e+02 1.327636e+03 2.215409e+02 0.000000e+00 0.000000e+00 0.000000e+00 0.000000e+00 0.000000e+00 0.000000e+00 0.000000e+00 0.000000e+00 0.000000e+00
1.560000e+00 0.000000e+00 -5.050183e+03 -4.893530e+03 0.000000e+00 0.000000e+00 0.000000e+00 -1.440306e+02 -1.263813e+02 1.326690e+03 2.187343e+02 0.000000e+00 0.000000e+00 0.000000e+00 0.000000e+00 0.000000e+00 0.000000e+00 0.000000e+00 0.000000e+00 0.000000e+00
1.561000e+00 0.000000e+00 -5.042086e+03 -4.888486e+03 0.000000e+00 0.000000e+00 0.000000e+00 -1.428942e+02 -1.252212e+02 1.325755e+03 2.159309e+02 0.000000e+00 0.000000e+00 0.000000e+00 0.000000e+00 0.000000e+00 0.000000e+00 0.000000e+00 0.000000e+00 0.000000e+00
1.562000e+00 0.000000e+00 -5.034035e+03 -4.883429e+03 0.000000e+00 0.000000e+00 0.000000e+00 -1.417570e+02 -1.240604e+02 1.324833e+03 2.131311e+02 0.000000e+00 0.000000e+00 0.000000e+00 0.000000e+00 0.000000e+00 0.000000e+00 0.000000e+00 0.000000e+00 0.000000e+00
1.563000e+00 0.000000e+00 -5.026029e+03 -4.878360e+03 0.000000e+00 0.000000e+00 0.000000e+00 -1.406191e+02 -1.228991e+02 1.323922e+03 2.103351e+02 0.000000e+00 0.000000e+00 0.000000e+00 0.000000e+00 0.000000e+00 0.000000e+00 0.000000e+00 0.000000e+00 0.000000e+00
1.564000e+00 0.000000e+00 -5.018069e+03 -4.873282e+03 0.000000e+00 0.000000e+00 0.000000e+00 -1.394806e+02 -1.217374e+02 1.323022e+03 2.075433e+02 0.000000e+00 0.000000e+00 0.000000e+00 0.000000e+00 0.000000e+00 0.000000e+00 0.000000e+00 0.000000e+00 0.000000e+00
1.565000e+00 0.000000e+00 -5.010154e+03 -4.868196e+03 0.000000e+00 0.000000e+00 0.000000e+00 -1.383417e+02 -1.205756e+02 1.322135e+03 2.047558e+02 0.000000e+00 0.000000e+00 0.000000e+00 0.000000e+00 0.000000e+00 0.000000e+00 0.000000e+00 0.000000e+00 0.000000e+00
1.566000e+00 0.000000e+00 -5.002283e+03 -4.863104e+03 0.000000e+00 0.000000e+00 0.000000e+00 -1.372027e+02 -1.194137e+02 1.321258e+03 2.019730e+02 0.000000e+00 0.000000e+00 0.000000e+00 0.000000e+00 0.000000e+00 0.000000e+00 0.000000e+00 0.000000e+00 0.000000e+00
1.567000e+00 0.000000e+00 -4.994457e+03 -4.858008e+03 0.000000e+00 0.000000e+00 0.000000e+00 -1.360636e+02 -1.182520e+02 1.320393e+03 1.991951e+02 0.000000e+00 0.000000e+00 0.000000e+00 0.000000e+00 0.000000e+00 0.000000e+00 0.000000e+00 0.000000e+00 0.000000e+00
1.568000e+00 0.000000e+00 -4.986674e+03 -4.852910e+03 0.000000e+00 0.000000e+00 0.000000e+00 -1.349247e+02 -1.170905e+02 1.319540e+03 1.964226e+02 0.000000e+00 0.000000e+00 0.000000e+00 0.000000e+00 0.000000e+00 0.000000e+00 0.000000e+00 0.000000e+00 0.000000e+00
1.569000e+00 0.000000e+00 -4.978936e+03 -4.847811e+03 0.000000e+00 0.000000e+00 0.000000e+00 -1.337860e+02 -1.159296e+02 1.318698e+03 1.936556e+02 0.000000e+00 0.000000e+00 0.000000e+00 0.000000e+00 0.000000e+00 0.000000e+00 0.000000e+00 0.000000e+00 0.000000e+00
1.570000e+00 0.000000e+00 -4.971240e+03 -4.842714e+03 0.000000e+00 0.000000e+00 0.000000e+00 -1.326479e+02 -1.147692e+02 1.317867e+03 1.908945e+02 0.000000e+00 0.000000e+00 0.000000e+00 0.000000e+00 0.000000e+00 0.000000e+00 0.000000e+00 0.000000e+00 0.000000e+00
1.571000e+00 0.000000e+00 -4.963588e+03 -4.837621e+03 0.000000e+00 0.000000e+00 0.000000e+00 -1.315104e+02 -1.136098e+02 1.317048e+03 1.881396e+02 0.000000e+00 0.000000e+00 0.000000e+00 0.000000e+00 0.000000e+00 0.000000e+00 0.000000e+00 0.000000e+00 0.000000e+00
1.572000e+00 0.000000e+00 -4.955979e+03 -4.832534e+03 0.000000e+00 0.000000e+00 0.000000e+00 -1.303738e+02 -1.124513e+02 1.316240e+03 1.853911e+02 0.000000e+00 0.000000e+00 0.000000e+00 0.000000e+00 0.000000e+00 0.000000e+00 0.000000e+00 0.000000e+00 0.000000e+00
1.573000e+00 0.000000e+00 -4.948413e+03 -4.827454e+03 0.000000e+00 0.000000e+00 0.000000e+00 -1.292382e+02 -1.112940e+02 1.315443e+03 1.826494e+02 0.000000e+00 0.000000e+00 0.000000e+00 0.000000e+00 0.000000e+00 0.000000e+00 0.000000e+00 0.000000e+00 0.000000e+00
1.574000e+00 0.000000e+00 -4.940889e+03 -4.822385e+03 0.000000e+00 0.000000e+00 0.000000e+00 -1.281038e+02 -1.101380e+02 1.314657e+03 1.799148e+02 0.000000e+00 0.000000e+00 0.000000e+00 0.000000e+00 0.000000e+00 0.000000e+00 0.000000e+00 0.000000e+00 0.000000e+00
1.575000e+00 0.000000e+00 -4.933407e+03 -4.817327e+03 0.000000e+00 0.000000e+00 0.000000e+00 -1.269708e+02 -1.089835e+02 1.313882e+03 1.771876e+02 0.000000e+00 0.000000e+00 0.000000e+00 0.000000e+00 0.000000e+00 0.000000e+00 0.000000e+00 0.000000e+00 0.000000e+00
1.576000e+00 0.000000e+00 -4.925967e+03 -4.812284e+03 0.000000e+00 0.000000e+00 0.000000e+00 -1.258394e+02 -1.078308e+02 1.313119e+03 1.744681e+02 0.000000e+00 0.000000e+00 0.000000e+00 0.000000e+00 0.000000e+00 0.000000e+00 0.000000e+00 0.000000e+00 0.000000e+00
1.577000e+00 0.000000e+00 -4.918568e+03 -4.807257e+03 0.000000e+00 0.000000e+00 0.000000e+00 -1.247097e+02 -1.066799e+02 1.312366e+03 1.717565e+02 0.000000e+00 0.000000e+00 0.000000e+00 0.000000e+00 0.000000e+00 0.000000e+00 0.000000e+00 0.000000e+00 0.000000e+00
1.578000e+00 0.000000e+00 -4.911211e+03 -4.802249e+03 0.000000e+00 0.000000e+00 0.000000e+00 -1.235819e+02 -1.055311e+02 1.311625e+03 1.690533e+02 0.000000e+00 0.000000e+00 0.000000e+00 0.000000e+00 0.000000e+00 0.000000e+00 0.000000e+00 0.000000e+00 0.000000e+00
1.579000e+00 0.000000e+00 -4.903895e+03 -4.797261e+03 0.000000e+00 0.000000e+00 0.000000e+00 -1.224563e+02 -1.043845e+02 1.310894e+03 1.663588e+02 0.000000e+00 0.000000e+00 0.000000e+00 0.000000e+00 0.000000e+00 0.000000e+00 0.000000e+00 0.000000e+00 0.000000e+00
1.580000e+00 0.000000e+00 -4.896620e+03 -4.792297e+03 0.000000e+00 0.000000e+00 0.000000e+00 -1.213329e+02 -1.032404e+02 1.310175e+03 1.636731e+02 0.000000e+00 0.000000e+00 0.000000e+00 0.000000e+00 0.000000e+00 0.000000e+00 0.000000e+00 0.000000e+00 0.000000e+00
1.581000e+00 0.000000e+00 -4.889385e+03 -4.787358e+03 0.000000e+00 0.000000e+00 0.000000e+00 -1.202120e+02 -1.020988e+02 1.309466e+03 1.609967e+02 0.000000e+00 0.000000e+00 0.000000e+00 0.000000e+00 0.000000e+00 0.000000e+00 0.000000e+00 0.000000e+00 0.000000e+00
1.582000e+00 0.000000e+00 -4.882191e+03 -4.782446e+03 0.000000e+00 0.000000e+00 0.000000e+00 -1.190937e+02 -1.009600e+02 1.308769e+03 1.583298e+02 0.000000e+00 0.000000e+00 0.000000e+00 0.000000e+00 0.000000e+00 0.000000e+00 0.000000e+00 0.000000e+00 0.000000e+00
1.583000e+00 0.000000e+00 -4.875038e+03 -4.777565e+03 0.000000e+00 0.000000e+00 0.000000e+00 -1.179783e+02 -9.982409e+01 1.308082e+03 1.556728e+02 0.000000e+00 0.000000e+00 0.000000e+00 0.000000e+00 0.000000e+00 0.000000e+00 0.000000e+00 0.000000e+00 0.000000e+00
1.584000e+00 0.000000e+00 -4.867925e+03 -4.772715e+03 0.000000e+00 0.000000e+00 0.000000e+00 -1.168658e+02 -9.869131e+01 1.307406e+03 1.530259e+02 0.000000e+00 0.000000e+00 0.000000e+00 0.000000e+00 0.000000e+00 0.000000e+00 0.000000e+00 0.000000e+00 0.000000e+00
1.585000e+00 0.000000e+00 -4.860851e+03 -4.767900e+03 0.000000e+00 0.000000e+00 0.000000e+00 -1.157566e+02 -9.756182e+01 1.306741e+03 1.503894e+02 0.000000e+00 0.000000e+00 0.000000e+00 0.000000e+00 0.000000e+00 0.000000e+00 0.000000e+00 0.000000e+00 0.000000e+00
1.586000e+00 0.000000e+00 -4.853818e+03 -4.763122e+03 0.000000e+00 0.000000e+00 0.000000e+00 -1.146507e+02 -9.643580e+01 1.306086e+03 1.477638e+02 0.000000e+00 0.000000e+00 0.000000e+00 0.000000e+00 0.000000e+00 0.000000e+00 0.000000e+00 0.000000e+00 0.000000e+00
1.587000e+00 0.000000e+00 -4.846825e+03 -4.758383e+03 0.000000e+00 0.000000e+00 0.000000e+00 -1.135483e+02 -9.531341e+01 1.305443e+03 1.451492e+02 0.000000e+00 0.000000e+00 0.000000e+00 0.000000e+00 0.000000e+00 0.000000e+00 0.000000e+00 0.000000e+00 0.000000e+00
1.588000e+00 0.000000e+00 -4.839871e+03 -4.753686e+03 0.000000e+00 0.000000e+00 0.000000e+00 -1.124497e+02 -9.419484e+01 1.304810e+03 1.425459e+02 0.000000e+00 0.000000e+00 0.000000e+00 0.000000e+00 0.000000e+00 0.000000e+00 0.000000e+00 0.000000e+00 0.000000e+00
1.589000e+00 0.000000e+00 -4.832956e+03 -4.749032e+03 0.000000e+00 0.000000e+00 0.000000e+00 -1.113549e+02 -9.308026e+01 1.304188e+03 1.399544e+02 0.000000e+00 0.000000e+00 0.000000e+00 0.000000e+00 0.000000e+00 0.000000e+00 0.000000e+00 0.000000e+00 0.000000e+00
1.590000e+00 0.000000e+00 -4.826082e+03 -4.744425e+03 0.000000e+00 0.000000e+00 0.000000e+00 -1.102642e+02 -9.196984e+01 1.303576e+03 1.373748e+02 0.000000e+00 0.000000e+00 0.000000e+00 0.000000e+00 0.000000e+00 0.000000e+00 0.000000e+00 0.000000e+00 0.000000e+00
1.591000e+00 0.000000e+00 -4.819246e+03 -4.739866e+03 0.000000e+00 0.000000e+00 0.000000e+00 -1.091778e+02 -9.086375e+01 1.302975e+03 1.348075e+02 0.000000e+00 0.000000e+00 0.000000e+00 0.000000e+00 0.000000e+00 0.000000e+00 0.000000e+00 0.000000e+00 0.000000e+00
1.592000e+00 0.000000e+00 -4.812450e+03 -4.735359e+03 0.000000e+00 0.000000e+00 0.000000e+00 -1.080958e+02 -8.976219e+01 1.302385e+03 1.322528e+02 0.000000e+00 0.000000e+00 0.000000e+00 0.000000e+00 0.000000e+00 0.000000e+00 0.000000e+00 0.000000e+00 0.000000e+00
1.593000e+00 0.000000e+00 -4.805692e+03 -4.730905e+03 0.000000e+00 0.000000e+00 0.000000e+00 -1.070184e+02 -8.866530e+01 1.301806e+03 1.297109e+02 0.000000e+00 0.000000e+00 0.000000e+00 0.000000e+00 0.000000e+00 0.000000e+00 0.000000e+00 0.000000e+00 0.000000e+00
1.594000e+00 0.000000e+00 -4.798974e+03 -4.726507e+03 0.000000e+00 0.000000e+00 0.000000e+00 -1.059458e+02 -8.757328e+01 1.301237e+03 1.271823e+02 0.000000e+00 0.000000e+00 0.000000e+00 0.000000e+00 0.000000e+00 0.000000e+00 0.000000e+00 0.000000e+00 0.000000e+00
1.595000e+00 0.000000e+00 -4.792295e+03 -4.722168e+03 0.000000e+00 0.000000e+00 0.000000e+00 -1.048782e+02 -8.648629e+01 1.300679e+03 1.246671e+02 0.000000e+00 0.000000e+00 0.000000e+00 0.000000e+00 0.000000e+00 0.000000e+00 0.000000e+00 0.000000e+00 0.000000e+00
1.596000e+00 0.000000e+00 -4.785655e+03 -4.717890e+03 0.000000e+00 0.000000e+00 0.000000e+00 -1.038156e+02 -8.540451e+01 1.300131e+03 1.221657e+02 0.000000e+00 0.000000e+00 0.000000e+00 0.000000e+00 0.000000e+00 0.000000e+00 0.000000e+00 0.000000e+00 0.000000e+00
1.597000e+00 0.000000e+00 -4.779053e+03 -4.713675e+03 0.000000e+00 0.000000e+00 0.000000e+00 -1.027584e+02 -8.432810e+01 1.299594e+03 1.196784e+02 0.000000e+00 0.000000e+00 0.000000e+00 0.000000e+00 0.000000e+00 0.000000e+00 0.000000e+00 0.000000e+00 0.000000e+00
1.598000e+00 0.000000e+00 -4.772491e+03 -4.709525e+03 0.000000e+00 0.000000e+00 0.000000e+00 -1.017067e+02 -8.325724e+01 1.299068e+03 1.172054e+02 0.000000e+00 0.000000e+00 0.000000e+00 0.000000e+00 0.000000e+00 0.000000e+00 0.000000e+00 0.000000e+00 0.000000e+00
1.599000e+00 0.000000e+00 -4.765967e+03 -4.705444e+03 0.000000e+00 0.000000e+00 0.000000e+00 -1.006606e+02 -8.219208e+01 1.298552e+03 1.147470e+02 0.000000e+00 0.000000e+00 0.000000e+00 0.000000e+00 0.000000e+00 0.000000e+00 0.000000e+00 0.000000e+00 0.000000e+00
1.600000e+00 0.000000e+00 -4.759483e+03 -4.701434e+03 0.000000e+00 0.000000e+00 0.000000e+00 -9.962029e+01 -8.113280e+01 1.298047e+03 1.123036e+02 0.000000e+00 0.000000e+00 0.000000e+00 0.000000e+00 0.000000e+00 0.000000e+00 0.000000e+00 0.000000e+00 0.000000e+00
1.601000e+00 0.000000e+00 -4.753037e+03 -4.697497e+03 0.000000e+00 0.000000e+00 0.000000e+00 -9.858599e+01 -8.007955e+01 1.297552e+03 1.098754e+02 0.000000e+00 0.000000e+00 0.000000e+00 0.000000e+00 0.000000e+00 0.000000e+00 0.000000e+00 0.000000e+00 0.000000e+00
1.602000e+00 0.000000e+00 -4.746630e+03 -4.693635e+03 0.000000e+00 0.000000e+00 0.000000e+00 -9.755783e+01 -7.903250e+01 1.297068e+03 1.074627e+02 0.000000e+00 0.000000e+00 0.000000e+00 0.000000e+00 0.000000e+00 0.000000e+00 0.000000e+00 0.000000e+00 0.000000e+00
1.603000e+00 0.000000e+00 -4.740261e+03 -4.689852e+03 0.000000e+00 0.000000e+00 0.000000e+00 -9.653598e+01 -7.799182e+01 1.296594e+03 1.050658e+02 0.000000e+00 0.000000e+00 0.000000e+00 0.000000e+00 0.000000e+00 0.000000e+00 0.000000e+00 0.000000e+00 0.000000e+00
1.604000e+00 0.000000e+00 -4.733932e+03 -4.686148e+03 0.000000e+00 0.000000e+00 0.000000e+00 -9.552061e+01 -7.695767e+01 1.296131e+03 1.026849e+02 0.000000e+00 0.000000e+00 0.000000e+00 0.000000e+00 0.000000e+00 0.000000e+00 0.000000e+00 0.000000e+00 0.000000e+00
1.605000e+00 0.000000e+00 -4.727642e+03 -4.682528e+03 0.000000e+00 0.000000e+00 0.000000e+00 -9.451188e+01 -7.593020e+01 1.295679e+03 1.003204e+02 0.000000e+00 0.000000e+00 0.000000e+00 0.000000e+00 0.000000e+00 0.000000e+00 0.000000e+00 0.000000e+00 0.000000e+00
1.606000e+00 0.000000e+00 -4.721391e+03 -4.678993e+03 0.000000e+00 0.000000e+00 0.000000e+00 -9.350994e+01 -7.490958e+01 1.295236e+03 9.797237e+01 0.000000e+00 0.000000e+00 0.000000e+00 0.000000e+00 0.000000e+00 0.000000e+00 0.000000e+00 0.000000e+00 0.000000e+00
1.607000e+00 0.000000e+00 -4.715179e+03 -4.675546e+03 0.000000e+00 0.000000e+00 0.000000e+00 -9.251497e+01 -7.389595e+01 1.294805e+03 9.564126e+01 0.000000e+00 0.000000e+00 0.000000e+00 0.000000e+00 0.000000e+00 0.000000e+00 0.000000e+00 0.000000e+00 0.000000e+00
1.608000e+00 0.000000e+00 -4.709006e+03 -4.672188e+03 0.000000e+00 0.000000e+00 0.000000e+00 -9.152711e+01 -7.288949e+01 1.294384e+03 9.332726e+01 0.000000e+00 0.000000e+00 0.000000e+00 0.000000e+00 0.000000e+00 0.000000e+00 0.000000e+00 0.000000e+00 0.000000e+00
1.609000e+00 0.000000e+00 -4.702872e+03 -4.668924e+03 0.000000e+00 0.000000e+00 0.000000e+00 -9.054652e+01 -7.189033e+01 1.293973e+03 9.103065e+01 0.000000e+00 0.000000e+00 0.000000e+00 0.000000e+00 0.000000e+00 0.000000e+00 0.000000e+00 0.000000e+00 0.000000e+00
1.610000e+00 0.000000e+00 -4.696778e+03 -4.665754e+03 0.000000e+00 0.000000e+00 0.000000e+00 -8.957336e+01 -7.089863e+01 1.293573e+03 8.875168e+01 0.000000e+00 0.000000e+00 0.000000e+00 0.000000e+00 0.000000e+00 0.000000e+00 0.000000e+00 0.000000e+00 0.000000e+00
1.611000e+00 0.000000e+00 -4.690723e+03 -4.662682e+03 0.000000e+00 0.000000e+00 0.000000e+00 -8.860777e+01 -6.991455e+01 1.293183e+03 8.649060e+01 0.000000e+00 0.000000e+00 0.000000e+00 0.000000e+00 0.000000e+00 0.000000e+00 0.000000e+00 0.000000e+00 0.000000e+00
1.612000e+00 0.000000e+00 -4.684708e+03 -4.659709e+03 0.000000e+00 0.000000e+00 0.000000e+00 -8.764992e+01 -6.893822e+01 1.292804e+03 8.424767e+01 0.000000e+00 0.000000e+00 0.000000e+00 0.000000e+00 0.000000e+00 0.000000e+00 0.000000e+00 0.000000e+00 0.000000e+00
1.613000e+00 0.000000e+00 -4.678732e+03 -4.656838e+03 0.000000e+00 0.000000e+00 0.000000e+00 -8.669994e+01 -6.796980e+01 1.292435e+03 8.202312e+01 0.000000e+00 0.000000e+00 0.000000e+00 0.000000e+00 0.000000e+00 0.000000e+00 0.000000e+00 0.000000e+00 0.000000e+00
1.614000e+00 0.000000e+00 -4.672797e+03 -4.654071e+03 0.000000e+00 0.000000e+00 0.000000e+00 -8.575798e+01 -6.700942e+01 1.292077e+03 7.981721e+01 0.000000e+00 0.000000e+00 0.000000e+00 0.000000e+00 0.000000e+00 0.000000e+00 0.000000e+00 0.000000e+00 0.000000e+00
1.615000e+00 0.000000e+00 -4.666901e+03 -4.651411e+03 0.000000e+00 0.000000e+00 0.000000e+00 -8.482418e+01 -6.605723e+01 1.291729e+03 7.763018e+01 0.000000e+00 0.000000e+00 0.000000e+00 0.000000e+00 0.000000e+00 0.000000e+00 0.000000e+00 0.000000e+00 0.000000e+00
1.616000e+00 0.000000e+00 -4.661046e+03 -4.648860e+03 0.000000e+00 0.000000e+00 0.000000e+00 -8.389869e+01 -6.511337e+01 1.291391e+03 7.546224e+01 0.000000e+00 0.000000e+00 0.000000e+00 0.000000e+00 0.000000e+00 0.000000e+00 0.000000e+00 0.000000e+00 0.000000e+00
1.617000e+00 0.000000e+00 -4.655231e+03 -4.646420e+03 0.000000e+00 0.000000e+00 0.000000e+00 -8.298165e+01 -6.417798e+01 1.291064e+03 7.331364e+01 0.000000e+00 0.000000e+00 0.000000e+00 0.000000e+00 0.000000e+00 0.000000e+00 0.000000e+00 0.000000e+00 0.000000e+00
1.618000e+00 0.000000e+00 -4.649456e+03 -4.644094e+03 0.000000e+00 0.000000e+00 0.000000e+00 -8.207319e+01 -6.325118e+01 1.290748e+03 7.118461e+01 0.000000e+00 0.000000e+00 0.000000e+00 0.000000e+00 0.000000e+00 0.000000e+00 0.000000e+00 0.000000e+00 0.000000e+00
1.619000e+00 0.000000e+00 -4.643722e+03 -4.641883e+03 0.000000e+00 0.000000e+00 0.000000e+00 -8.117345e+01 -6.233312e+01 1.290442e+03 6.907535e+01 0.000000e+00 0.000000e+00 0.000000e+00 0.000000e+00 0.000000e+00 0.000000e+00 0.000000e+00 0.000000e+00 0.000000e+00
1.620000e+00 0.000000e+00 -4.638029e+03 -4.639790e+03 0.000000e+00 0.000000e+00 0.000000e+00 -8.028255e+01 -6.142391e+01 1.290146e+03 6.698609e+01 0.000000e+00 0.000000e+00 0.000000e+00 0.000000e+00 0.000000e+00 0.000000e+00 0.000000e+00 0.000000e+00 0.000000e+00
1.621000e+00 0.000000e+00 -4.632378e+03 -4.637816e+03 0.000000e+00 0.000000e+00 0.000000e+00 -7.940063e+01 -6.052370e+01 1.289861e+03 6.491704e+01 0.000000e+00 0.000000e+00 0.000000e+00 0.000000e+00 0.000000e+00 0.000000e+00 0.000000e+00 0.000000e+00 0.000000e+00
1.622000e+00 0.000000e+00 -4.626767e+03 -4.635965e+03 0.000000e+00 0.000000e+00 0.000000e+00 -7.852780e+01 -5.963258e+01 1.289586e+03 6.286839e+01 0.000000e+00 0.000000e+00 0.000000e+00 0.000000e+00 0.000000e+00 0.000000e+00 0.000000e+00 0.000000e+00 0.000000e+00
1.623000e+00 0.000000e+00 -4.621199e+03 -4.634238e+03 0.000000e+00 0.000000e+00 0.000000e+00 -7.766420e+01 -5.875071e+01 1.289322e+03 6.084036e+01 0.000000e+00 0.000000e+00 0.000000e+00 0.000000e+00 0.000000e+00 0.000000e+00 0.000000e+00 0.000000e+00 0.000000e+00
1.624000e+00 0.000000e+00 -4.615672e+03 -4.632638e+03 0.000000e+00 0.000000e+00 0.000000e+00 -7.680995e+01 -5.787819e+01 1.289068e+03 5.883315e+01 0.000000e+00 0.000000e+00 0.000000e+00 0.000000e+00 0.000000e+00 0.000000e+00 0.000000e+00 0.000000e+00 0.000000e+00
1.625000e+00 0.000000e+00 -4.610187e+03 -4.631166e+03 0.000000e+00 0.000000e+00 0.000000e+00 -7.596518e+01 -5.701515e+01 1.288825e+03 5.684696e+01 0.000000e+00 0.000000e+00 0.000000e+00 0.000000e+00 0.000000e+00 0.000000e+00 0.000000e+00 0.000000e+00 0.000000e+00
1.626000e+00 0.000000e+00 -4.604744e+03 -4.629824e+03 0.000000e+00 0.000000e+00 0.000000e+00 -7.513000e+01 -5.616171e+01 1.288592e+03 5.488199e+01 0.000000e+00 0.000000e+00 0.000000e+00 0.000000e+00 0.000000e+00 0.000000e+00 0.000000e+00 0.000000e+00 0.000000e+00
1.627000e+00 0.000000e+00 -4.599344e+03 -4.628615e+03 0.000000e+00 0.000000e+00 0.000000e+00 -7.430453e+01 -5.531798e+01 1.288369e+03 5.293841e+01 0.000000e+00 0.000000e+00 0.000000e+00 0.000000e+00 0.000000e+00 0.000000e+00 0.000000e+00 0.000000e+00 0.000000e+00
1.628000e+00 0.000000e+00 -4.593987e+03 -4.627540e+03 0.000000e+00 0.000000e+00 0.000000e+00 -7.348889e+01 -5.448407e+01 1.288157e+03 5.101641e+01 0.000000e+00 0.000000e+00 0.000000e+00 0.000000e+00 0.000000e+00 0.000000e+00 0.000000e+00 0.000000e+00 0.000000e+00
1.629000e+00 0.000000e+00 -4.588673e+03 -4.626602e+03 0.000000e+00 0.000000e+00 0.000000e+00 -7.268318e+01 -5.366009e+01 1.287956e+03 4.911616e+01 0.000000e+00 0.000000e+00 0.000000e+00 0.000000e+00 0.000000e+00 0.000000e+00 0.000000e+00 0.000000e+00 0.000000e+00
1.630000e+00 0.000000e+00 -4.583402e+03 -4.625802e+03 0.000000e+00 0.000000e+00 0.000000e+00 -7.188751e+01 -5.284615e+01 1.287765e+03 4.723784e+01 0.000000e+00 0.000000e+00 0.000000e+00 0.000000e+00 0.000000e+00 0.000000e+00 0.000000e+00 0.000000e+00 0.000000e+00
1.631000e+00 0.000000e+00 -4.578175e+03 -4.625143e+03 0.000000e+00 0.000000e+00 0.000000e+00 -7.110199e+01 -5.204235e+01 1.287584e+03 4.538161e+01 0.000000e+00 0.000000e+00 0.000000e+00 0.000000e+00 0.000000e+00 0.000000e+00 0.000000e+00 0.000000e+00 0.000000e+00
1.632000e+00 0.000000e+00 -4.572992e+03 -4.624625e+03 0.000000e+00 0.000000e+00 0.000000e+00 -7.032671e+01 -5.124879e+01 1.287413e+03 4.354763e+01 0.000000e+00 0.000000e+00 0.000000e+00 0.000000e+00 0.000000e+00 0.000000e+00 0.000000e+00 0.000000e+00 0.000000e+00
1.633000e+00 0.000000e+00 -4.567853e+03 -4.624251e+03 0.000000e+00 0.000000e+00 0.000000e+00 -6.956177e+01 -5.046556e+01 1.287254e+03 4.173604e+01 0.000000e+00 0.000000e+00 0.000000e+00 0.000000e+00 0.000000e+00 0.000000e+00 0.000000e+00 0.000000e+00 0.000000e+00
1.634000e+00 0.000000e+00 -4.562758e+03 -4.624023e+03 0.000000e+00 0.000000e+00 0.000000e+00 -6.880727e+01 -4.969275e+01 1.287104e+03 3.994699e+01 0.000000e+00 0.000000e+00 0.000000e+00 0.000000e+00 0.000000e+00 0.000000e+00 0.000000e+00 0.000000e+00 0.000000e+00
1.635000e+00 0.000000e+00 -4.557709e+03 -4.623942e+03 0.000000e+00 0.000000e+00 0.000000e+00 -6.806329e+01 -4.893045e+01 1.286965e+03 3.818063e+01 0.000000e+00 0.000000e+00 0.000000e+00 0.000000e+00 0.000000e+00 0.000000e+00 0.000000e+00 0.000000e+00 0.000000e+00
1.636000e+00 0.000000e+00 -4.552705e+03 -4.624011e+03 0.000000e+00 0.000000e+00 0.000000e+00 -6.732991e+01 -4.817875e+01 1.286836e+03 3.643709e+01 0.000000e+00 0.000000e+00 0.000000e+00 0.000000e+00 0.000000e+00 0.000000e+00 0.000000e+00 0.000000e+00 0.000000e+00
1.637000e+00 0.000000e+00 -4.547747e+03 -4.624229e+03 0.000000e+00 0.000000e+00 0.000000e+00 -6.660723e+01 -4.743772e+01 1.286718e+03 3.471648e+01 0.000000e+00 0.000000e+00 0.000000e+00 0.000000e+00 0.000000e+00 0.000000e+00 0.000000e+00 0.000000e+00 0.000000e+00
1.638000e+00 0.000000e+00 -4.542834e+03 -4.624600e+03 0.000000e+00 0.000000e+00 0.000000e+00 -6.589531e+01 -4.670745e+01 1.286610e+03 3.301894e+01 0.000000e+00 0.000000e+00 0.000000e+00 0.000000e+00 0.000000e+00 0.000000e+00 0.000000e+00 0.000000e+00 0.000000e+00
1.639000e+00 0.000000e+00 -4.537968e+03 -4.625124e+03 0.000000e+00 0.000000e+00 0.000000e+00 -6.519424e+01 -4.598801e+01 1.286513e+03 3.134458e+01 0.000000e+00 0.000000e+00 0.000000e+00 0.000000e+00 0.000000e+00 0.000000e+00 0.000000e+00 0.000000e+00 0.000000e+00
1.640000e+00 0.000000e+00 -4.533149e+03 -4.625803e+03 0.000000e+00 0.000000e+00 0.000000e+00 -6.450407e+01 -4.527946e+01 1.286426e+03 2.969350e+01 0.000000e+00 0.000000e+00 0.000000e+00 0.000000e+00 0.000000e+00 0.000000e+00 0.000000e+00 0.000000e+00 0.000000e+00
1.641000e+00 0.000000e+00 -4.528377e+03 -4.626639e+03 0.000000e+00 0.000000e+00 0.000000e+00 -6.382489e+01 -4.458188e+01 1.286349e+03 2.806581e+01 0.000000e+00 0.000000e+00 0.000000e+00 0.000000e+00 0.000000e+00 0.000000e+00 0.000000e+00 0.000000e+00 0.000000e+00
1.642000e+00 0.000000e+00 -4.523652e+03 -4.627633e+03 0.000000e+00 0.000000e+00 0.000000e+00 -6.315675e+01 -4.389532e+01 1.286283e+03 2.646159e+01 0.000000e+00 0.000000e+00 0.000000e+00 0.000000e+00 0.000000e+00 0.000000e+00 0.000000e+00 0.000000e+00 0.000000e+00
1.643000e+00 0.000000e+00 -4.518976e+03 -4.628785e+03 0.000000e+00 0.000000e+00 0.000000e+00 -6.249971e+01 -4.321985e+01 1.286227e+03 2.488095e+01 0.000000e+00 0.000000e+00 0.000000e+00 0.000000e+00 0.000000e+00 0.000000e+00 0.000000e+00 0.000000e+00 0.000000e+00
1.644000e+00 0.000000e+00 -4.514348e+03 -4.630098e+03 0.000000e+00 0.000000e+00 0.000000e+00 -6.185385e+01 -4.255554e+01 1.286182e+03 2.332397e+01 0.000000e+00 0.000000e+00 0.000000e+00 0.000000e+00 0.000000e+00 0.000000e+00 0.000000e+00 0.000000e+00 0.000000e+00
1.645000e+00 0.000000e+00 -4.509768e+03 -4.631573e+03 0.000000e+00 0.000000e+00 0.000000e+00 -6.121922e+01 -4.190244e+01 1.286147e+03 2.179075e+01 0.000000e+00 0.000000e+00 0.000000e+00 0.000000e+00 0.000000e+00 0.000000e+00 0.000000e+00 0.000000e+00 0.000000e+00
1.646000e+00 0.000000e+00 -4.505238e+03 -4.633211e+03 0.000000e+00 0.000000e+00 0.000000e+00 -6.059589e+01 -4.126062e+01 1.286122e+03 2.028137e+01 0.000000e+00 0.000000e+00 0.000000e+00 0.000000e+00 0.000000e+00 0.000000e+00 0.000000e+00 0.000000e+00 0.000000e+00
1.647000e+00 0.000000e+00 -4.500757e+03 -4.635014e+03 0.000000e+00 0.000000e+00 0.000000e+00 -5.998391e+01 -4.063013e+01 1.286107e+03 1.879590e+01 0.000000e+00 0.000000e+00 0.000000e+00 0.000000e+00 0.000000e+00 0.000000e+00 0.000000e+00 0.000000e+00 0.000000e+00
1.648000e+00 0.000000e+00 -4.496326e+03 -4.636981e+03 0.000000e+00 0.000000e+00 0.000000e+00 -5.938333e+01 -4.001103e+01 1.286103e+03 1.733443e+01 0.000000e+00 0.000000e+00 0.000000e+00 0.000000e+00 0.000000e+00 0.000000e+00 0.000000e+00 0.000000e+00 0.000000e+00
1.649000e+00 0.000000e+00 -4.491945e+03 -4.639116e+03 0.000000e+00 0.000000e+00 0.000000e+00 -5.879421e+01 -3.940335e+01 1.286110e+03 1.589700e+01 0.000000e+00 0.000000e+00 0.000000e+00 0.000000e+00 0.000000e+00 0.000000e+00 0.000000e+00 0.000000e+00 0.000000e+00
1.650000e+00 0.000000e+00 -4.487615e+03 -4.641417e+03 0.000000e+00 0.000000e+00 0.000000e+00 -5.821659e+01 -3.880715e+01 1.286126e+03 1.448367e+01 0.000000e+00 0.000000e+00 0.000000e+00 0.000000e+00 0.000000e+00 0.000000e+00 0.000000e+00 0.000000e+00 0.000000e+00
1.651000e+00 0.000000e+00 -4.483336e+03 -4.643888e+03 0.000000e+00 0.000000e+00 0.000000e+00 -5.765050e+01 -3.822246e+01 1.286153e+03 1.309450e+01 0.000000e+00 0.000000e+00 0.000000e+00 0.000000e+00 0.000000e+00 0.000000e+00 0.000000e+00 0.000000e+00 0.000000e+00
1.652000e+00 0.000000e+00 -4.479108e+03 -4.646527e+03 0.000000e+00 0.000000e+00 0.000000e+00 -5.709598e+01 -3.764931e+01 1.286190e+03 1.172952e+01 0.000000e+00 0.000000e+00 0.000000e+00 0.000000e+00 0.000000e+00 0.000000e+00 0.000000e+00 0.000000e+00 0.000000e+00
1.653000e+00 0.000000e+00 -4.474933e+03 -4.649337e+03 0.000000e+00 0.000000e+00 0.000000e+00 -5.655306e+01 -3.708774e+01 1.286238e+03 1.038876e+01 0.000000e+00 0.000000e+00 0.000000e+00 0.000000e+00 0.000000e+00 0.000000e+00 0.000000e+00 0.000000e+00 0.000000e+00
1.654000e+00 0.000000e+00 -4.470810e+03 -4.652318e+03 0.000000e+00 0.000000e+00 0.000000e+00 -5.602177e+01 -3.653778e+01 1.286296e+03 9.072255e+00 0.000000e+00 0.000000e+00 0.000000e+00 0.000000e+00 0.000000e+00 0.000000e+00 0.000000e+00 0.000000e+00 0.000000e+00
1.655000e+00 0.000000e+00 -4.466739e+03 -4.655470e+03 0.000000e+00 0.000000e+00 0.000000e+00 -5.550212e+01 -3.599943e+01 1.286364e+03 7.780016e+00 0.000000e+00 0.000000e+00 0.000000e+00 0.000000e+00 0.000000e+00 0.000000e+00 0.000000e+00 0.000000e+00 0.000000e+00
1.656000e+00 0.000000e+00 -4.462722e+03 -4.658795e+03 0.000000e+00 0.000000e+00 0.000000e+00 -5.499414e+01 -3.547272e+01 1.286442e+03 6.512057e+00 0.000000e+00 0.000000e+00 0.000000e+00 0.000000e+00 0.000000e+00 0.000000e+00 0.000000e+00 0.000000e+00 0.000000e+00
1.657000e+00 0.000000e+00 -4.458759e+03 -4.662292e+03 0.000000e+00 0.000000e+00 0.000000e+00 -5.449783e+01 -3.495767e+01 1.286531e+03 5.268380e+00 0.000000e+00 0.000000e+00 0.000000e+00 0.000000e+00 0.000000e+00 0.000000e+00 0.000000e+00 0.000000e+00 0.000000e+00
1.658000e+00 0.000000e+00 -4.454849e+03 -4.665963e+03 0.000000e+00 0.000000e+00 0.000000e+00 -5.401320e+01 -3.445428e+01 1.286629e+03 4.048982e+00 0.000000e+00 0.000000e+00 0.000000e+00 0.000000e+00 0.000000e+00 0.000000e+00 0.000000e+00 0.000000e+00 0.000000e+00
1.659000e+00 0.000000e+00 -4.450995e+03 -4.669808e+03 0.000000e+00 0.000000e+00 0.000000e+00 -5.354027e+01 -3.396255e+01 1.286738e+03 2.853851e+00 0.000000e+00 0.000000e+00 0.000000e+00 0.000000e+00 0.000000e+00 0.000000e+00 0.000000e+00 0.000000e+00 0.000000e+00
1.660000e+00 0.000000e+00 -4.447196e+03 -4.673827e+03 0.000000e+00 0.000000e+00 0.000000e+00 -5.307902e+01 -3.348249e+01 1.286858e+03 1.682971e+00 0.000000e+00 0.000000e+00 0.000000e+00 0.000000e+00 0.000000e+00 0.000000e+00 0.000000e+00 0.000000e+00 0.000000e+00
1.661000e+00 0.000000e+00 -4.443453e+03 -4.678021e+03 0.000000e+00 0.000000e+00 0.000000e+00 -5.262945e+01 -3.301408e+01 1.286987e+03 5.363132e-01 0.000000e+00 0.000000e+00 0.000000e+00 0.000000e+00 0.000000e+00 0.000000e+00 0.000000e+00 0.000000e+00 0.000000e+00
1.662000e+00 0.000000e+00 -4.439765e+03 -4.682389e+03 0.000000e+00 0.000000e+00 0.000000e+00 -5.219155e+01 -3.255733e+01 1.287126e+03 -5.861540e-01 0.000000e+00 0.000000e+00 0.000000e+00 0.000000e+00 0.000000e+00 0.000000e+00 0.000000e+00 0.000000e+00 0.000000e+00
1.663000e+00 0.000000e+00 -4.436135e+03 -4.686933e+03 0.000000e+00 0.000000e+00 0.000000e+00 -5.176530e+01 -3.211221e+01 1.287276e+03 -1.684471e+00 0.000000e+00 0.000000e+00 0.000000e+00 0.000000e+00 0.000000e+00 0.000000e+00 0.000000e+00 0.000000e+00 0.000000e+00
1.664000e+00 0.000000e+00 -4.432562e+03 -4.691652e+03 0.000000e+00 0.000000e+00 0.000000e+00 -5.135071e+01 -3.167872e+01 1.287436e+03 -2.758680e+00 0.000000e+00 0.000000e+00 0.000000e+00 0.000000e+00 0.000000e+00 0.000000e+00 0.000000e+00 0.000000e+00 0.000000e+00
1.665000e+00 0.000000e+00 -4.429046e+03 -4.696546e+03 0.000000e+00 0.000000e+00 0.000000e+00 -5.094775e+01 -3.125685e+01 1.287605e+03 -3.808811e+00 0.000000e+00 0.000000e+00 0.000000e+00 0.000000e+00 0.000000e+00 0.000000e+00 0.000000e+00 0.000000e+00 0.000000e+00
1.666000e+00 0.000000e+00 -4.425589e+03 -4.701616e+03 0.000000e+00 0.000000e+00 0.000000e+00 -5.055642e+01 -3.084660e+01 1.287785e+03 -4.834905e+00 0.000000e+00 0.000000e+00 0.000000e+00 0.000000e+00 0.000000e+00 0.000000e+00 0.000000e+00 0.000000e+00 0.000000e+00
1.667000e+00 0.000000e+00 -4.422190e+03 -4.706861e+03 0.000000e+00 0.000000e+00 0.000000e+00 -5.017671e+01 -3.044794e+01 1.287975e+03 -5.837007e+00 0.000000e+00 0.000000e+00 0.000000e+00 0.000000e+00 0.000000e+00 0.000000e+00 0.000000e+00 0.000000e+00 0.000000e+00
1.668000e+00 0.000000e+00 -4.418850e+03 -4.712282e+03 0.000000e+00 0.000000e+00 0.000000e+00 -4.980860e+01 -3.006086e+01 1.288175e+03 -6.815171e+00 0.000000e+00 0.000000e+00 0.000000e+00 0.000000e+00 0.000000e+00 0.000000e+00 0.000000e+00 0.000000e+00 0.000000e+00
1.669000e+00 0.000000e+00 -4.415570e+03 -4.717878e+03 0.000000e+00 0.000000e+00 0.000000e+00 -4.945207e+01 -2.968535e+01 1.288385e+03 -7.769459e+00 0.000000e+00 0.000000e+00 0.000000e+00 0.000000e+00 0.000000e+00 0.000000e+00 0.000000e+00 0.000000e+00 0.000000e+00
1.670000e+00 0.000000e+00 -4.412349e+03 -4.723650e+03 0.000000e+00 0.000000e+00 0.000000e+00 -4.910710e+01 -2.932137e+01 1.288605e+03 -8.699939e+00 0.000000e+00 0.000000e+00 0.000000e+00 0.000000e+00 0.000000e+00 0.000000e+00 0.000000e+00 0.000000e+00 0.000000e+00
1.671000e+00 0.000000e+00 -4.409189e+03 -4.729598e+03 0.000000e+00 0.000000e+00 0.000000e+00 -4.877364e+01 -2.896889e+01 1.288834e+03 -9.606688e+00 0.000000e+00 0.000000e+00 0.000000e+00 0.000000e+00 0.000000e+00 0.000000e+00 0.000000e+00 0.000000e+00 0.000000e+00
1.672000e+00 0.000000e+00 -4.406090e+03 -4.735720e+03 0.000000e+00 0.000000e+00 0.000000e+00 -4.845167e+01 -2.862789e+01 1.289074e+03 -1.048979e+01 0.000000e+00 0.000000e+00 0.000000e+00 0.000000e+00 0.000000e+00 0.000000e+00 0.000000e+00 0.000000e+00 0.000000e+00
1.673000e+00 0.000000e+00 -4.403051e+03 -4.742017e+03 0.000000e+00 0.000000e+00 0.000000e+00 -4.814115e+01 -2.829831e+01 1.289323e+03 -1.134933e+01 0.000000e+00 0.000000e+00 0.000000e+00 0.000000e+00 0.000000e+00 0.000000e+00 0.000000e+00 0.000000e+00 0.000000e+00
1.674000e+00 0.000000e+00 -4.400075e+03 -4.748488e+03 0.000000e+00 0.000000e+00 0.000000e+00 -4.784203e+01 -2.798012e+01 1.289583e+03 -1.218541e+01 0.000000e+00 0.000000e+00 0.000000e+00 0.000000e+00 0.000000e+00 0.000000e+00 0.000000e+00 0.000000e+00 0.000000e+00
1.675000e+00 0.000000e+00 -4.397161e+03 -4.755133e+03 0.000000e+00 0.000000e+00 0.000000e+00 -4.755426e+01 -2.767327e+01 1.289852e+03 -1.299814e+01 0.000000e+00 0.000000e+00 0.000000e+00 0.000000e+00 0.000000e+00 0.000000e+00 0.000000e+00 0.000000e+00 0.000000e+00
1.676000e+00 0.000000e+00 -4.394309e+03 -4.761952e+03 0.000000e+00 0.000000e+00 0.000000e+00 -4.727779e+01 -2.737771e+01 1.290131e+03 -1.378763e+01 0.000000e+00 0.000000e+00 0.000000e+00 0.000000e+00 0.000000e+00 0.000000e+00 0.000000e+00 0.000000e+00 0.000000e+00
1.677000e+00 0.000000e+00 -4.391520e+03 -4.768943e+03 0.000000e+00 0.000000e+00 0.000000e+00 -4.701257e+01 -2.709337e+01 1.290419e+03 -1.455399e+01 0.000000e+00 0.000000e+00 0.000000e+00 0.000000e+00 0.000000e+00 0.000000e+00 0.000000e+00 0.000000e+00 0.000000e+00
1.678000e+00 0.000000e+00 -4.388795e+03 -4.776106e+03 0.000000e+00 0.000000e+00 0.000000e+00 -4.675852e+01 -2.682021e+01 1.290718e+03 -1.529735e+01 0.000000e+00 0.000000e+00 0.000000e+00 0.000000e+00 0.000000e+00 0.000000e+00 0.000000e+00 0.000000e+00 0.000000e+00
1.679000e+00 0.000000e+00 -4.386135e+03 -4.783440e+03 0.000000e+00 0.000000e+00 0.000000e+00 -4.651559e+01 -2.655815e+01 1.291026e+03 -1.601785e+01 0.000000e+00 0.000000e+00 0.000000e+00 0.000000e+00 0.000000e+00 0.000000e+00 0.000000e+00 0.000000e+00 0.000000e+00
1.680000e+00 0.000000e+00 -4.383538e+03 -4.790944e+03 0.000000e+00 0.000000e+00 0.000000e+00 -4.628370e+01 -2.630712e+01 1.291343e+03 -1.671563e+01 0.000000e+00 0.000000e+00 0.000000e+00 0.000000e+00 0.000000e+00 0.000000e+00 0.000000e+00 0.000000e+00 0.000000e+00
1.681000e+00 0.000000e+00 -4.381007e+03 -4.798619e+03 0.000000e+00 0.000000e+00 0.000000e+00 -4.606277e+01 -2.606706e+01 1.291671e+03 -1.739083e+01 0.000000e+00 0.000000e+00 0.000000e+00 0.000000e+00 0.000000e+00 0.000000e+00 0.000000e+00 0.000000e+00 0.000000e+00
1.682000e+00 0.000000e+00 -4.378542e+03 -4.806462e+03 0.000000e+00 0.000000e+00 0.000000e+00 -4.585273e+01 -2.583788e+01 1.292007e+03 -1.804361e+01 0.000000e+00 0.000000e+00 0.000000e+00 0.000000e+00 0.000000e+00 0.000000e+00 0.000000e+00 0.000000e+00 0.000000e+00
1.683000e+00 0.000000e+00 -4.376143e+03 -4.814472e+03 0.000000e+00 0.000000e+00 0.000000e+00 -4.565350e+01 -2.561950e+01 1.292354e+03 -1.867412e+01 0.000000e+00 0.000000e+00 0.000000e+00 0.000000e+00 0.000000e+00 0.000000e+00 0.000000e+00 0.000000e+00 0.000000e+00
1.684000e+00 0.000000e+00 -4.373810e+03 -4.822649e+03 0.000000e+00 0.000000e+00 0.000000e+00 -4.546498e+01 -2.541185e+01 1.292709e+03 -1.928254e+01 0.000000e+00 0.000000e+00 0.000000e+00 0.000000e+00 0.000000e+00 0.000000e+00 0.000000e+00 0.000000e+00 0.000000e+00
1.685000e+00 0.000000e+00 -4.371544e+03 -4.830991e+03 0.000000e+00 0.000000e+00 0.000000e+00 -4.528710e+01 -2.521483e+01 1.293075e+03 -1.986902e+01 0.000000e+00 0.000000e+00 0.000000e+00 0.000000e+00 0.000000e+00 0.000000e+00 0.000000e+00 0.000000e+00 0.000000e+00
1.686000e+00 0.000000e+00 -4.369346e+03 -4.839498e+03 0.000000e+00 0.000000e+00 0.000000e+00 -4.511979e+01 -2.502837e+01 1.293449e+03 -2.043372e+01 0.000000e+00 0.000000e+00 0.000000e+00 0.000000e+00 0.000000e+00 0.000000e+00 0.000000e+00 0.000000e+00 0.000000e+00
1.687000e+00 0.000000e+00 -4.367215e+03 -4.848169e+03 0.000000e+00 0.000000e+00 0.000000e+00 -4.496296e+01 -2.485241e+01 1.293833e+03 -2.097679e+01 0.000000e+00 0.000000e+00 0.000000e+00 0.000000e+00 0.000000e+00 0.000000e+00 0.000000e+00 0.000000e+00 0.000000e+00
1.688000e+00 0.000000e+00 -4.365153e+03 -4.857001e+03 0.000000e+00 0.000000e+00 0.000000e+00 -4.481653e+01 -2.468685e+01 1.294227e+03 -2.149842e+01 0.000000e+00 0.000000e+00 0.000000e+00 0.000000e+00 0.000000e+00 0.000000e+00 0.000000e+00 0.000000e+00 0.000000e+00
1.689000e+00 0.000000e+00 -4.363159e+03 -4.865995e+03 0.000000e+00 0.000000e+00 0.000000e+00 -4.468042e+01 -2.453161e+01 1.294629e+03 -2.199876e+01 0.000000e+00 0.000000e+00 0.000000e+00 0.000000e+00 0.000000e+00 0.000000e+00 0.000000e+00 0.000000e+00 0.000000e+00
1.690000e+00 0.000000e+00 -4.361234e+03 -4.875148e+03 0.000000e+00 0.000000e+00 0.000000e+00 -4.455452e+01 -2.438661e+01 1.295041e+03 -2.247801e+01 0.000000e+00 0.000000e+00 0.000000e+00 0.000000e+00 0.000000e+00 0.000000e+00 0.000000e+00 0.000000e+00 0.000000e+00
1.691000e+00 0.000000e+00 -4.359379e+03 -4.884459e+03 0.000000e+00 0.000000e+00 0.000000e+00 -4.443876e+01 -2.425173e+01 1.295462e+03 -2.293635e+01 0.000000e+00 0.000000e+00 0.000000e+00 0.000000e+00 0.000000e+00 0.000000e+00 0.000000e+00 0.000000e+00 0.000000e+00
1.692000e+00 0.000000e+00 -4.357593e+03 -4.893928e+03 0.000000e+00 0.000000e+00 0.000000e+00 -4.433302e+01 -2.412689e+01 1.295892e+03 -2.337397e+01 0.000000e+00 0.000000e+00 0.000000e+00 0.000000e+00 0.000000e+00 0.000000e+00 0.000000e+00 0.000000e+00 0.000000e+00
1.693000e+00 0.000000e+00 -4.355877e+03 -4.903552e+03 0.000000e+00 0.000000e+00 0.000000e+00 -4.423721e+01 -2.401199e+01 1.296331e+03 -2.379107e+01 0.000000e+00 0.000000e+00 0.000000e+00 0.000000e+00 0.000000e+00 0.000000e+00 0.000000e+00 0.000000e+00 0.000000e+00
1.694000e+00 0.000000e+00 -4.354232e+03 -4.913329e+03 0.000000e+00 0.000000e+00 0.000000e+00 -4.415122e+01 -2.390693e+01 1.296779e+03 -2.418787e+01 0.000000e+00 0.000000e+00 0.000000e+00 0.000000e+00 0.000000e+00 0.000000e+00 0.000000e+00 0.000000e+00 0.000000e+00
1.695000e+00 0.000000e+00 -4.352657e+03 -4.923259e+03 0.000000e+00 0.000000e+00 0.000000e+00 -4.407493e+01 -2.381158e+01 1.297237e+03 -2.456457e+01 0.000000e+00 0.000000e+00 0.000000e+00 0.000000e+00 0.000000e+00 0.000000e+00 0.000000e+00 0.000000e+00 0.000000e+00
1.696000e+00 0.000000e+00 -4.351154e+03 -4.933340e+03 0.000000e+00 0.000000e+00 0.000000e+00 -4.400825e+01 -2.372584e+01 1.297703e+03 -2.492138e+01 0.000000e+00 0.000000e+00 0.000000e+00 0.000000e+00 0.000000e+00 0.000000e+00 0.000000e+00 0.000000e+00 0.000000e+00
1.697000e+00 0.000000e+00 -4.349722e+03 -4.943570e+03 0.000000e+00 0.000000e+00 0.000000e+00 -4.395103e+01 -2.364960e+01 1.298178e+03 -2.525854e+01 0.000000e+00 0.000000e+00 0.000000e+00 0.000000e+00 0.000000e+00 0.000000e+00 0.000000e+00 0.000000e+00 0.000000e+00
1.698000e+00 0.000000e+00 -4.348363e+03 -4.953947e+03 0.000000e+00 0.000000e+00 0.000000e+00 -4.390318e+01 -2.358274e+01 1.298662e+03 -2.557626e+01 0.000000e+00 0.000000e+00 0.000000e+00 0.000000e+00 0.000000e+00 0.000000e+00 0.000000e+00 0.000000e+00 0.000000e+00
1.699000e+00 0.000000e+00 -4.347075e+03 -4.964469e+03 0.000000e+00 0.000000e+00 0.000000e+00 -4.386455e+01 -2.352512e+01 1.299154e+03 -2.587479e+01 0.000000e+00 0.000000e+00 0.000000e+00 0.000000e+00 0.000000e+00 0.000000e+00 0.000000e+00 0.000000e+00 0.000000e+00
1.700000e+00 0.000000e+00 -4.345860e+03 -4.975135e+03 0.000000e+00 0.000000e+00 0.000000e+00 -4.383503e+01 -2.347664e+01 1.299655e+03 -2.615436e+01 0.000000e+00 0.000000e+00 0.000000e+00 0.000000e+00 0.000000e+00 0.000000e+00 0.000000e+00 0.000000e+00 0.000000e+00
1.701000e+00 0.000000e+00 -4.344718e+03 -4.985942e+03 0.000000e+00 0.000000e+00 0.000000e+00 -4.381448e+01 -2.343715e+01 1.300165e+03 -2.641521e+01 0.000000e+00 0.000000e+00 0.000000e+00 0.000000e+00 0.000000e+00 0.000000e+00 0.000000e+00 0.000000e+00 0.000000e+00
1.702000e+00 0.000000e+00 -4.343650e+03 -4.996889e+03 0.000000e+00 0.000000e+00 0.000000e+00 -4.380277e+01 -2.340653e+01 1.300684e+03 -2.665761e+01 0.000000e+00 0.000000e+00 0.000000e+00 0.000000e+00 0.000000e+00 0.000000e+00 0.000000e+00 0.000000e+00 0.000000e+00
1.703000e+00 0.000000e+00 -4.342655e+03 -5.007973e+03 0.000000e+00 0.000000e+00 0.000000e+00 -4.379976e+01 -2.338463e+01 1.301211e+03 -2.688179e+01 0.000000e+00 0.000000e+00 0.000000e+00 0.000000e+00 0.000000e+00 0.000000e+00 0.000000e+00 0.000000e+00 0.000000e+00
1.704000e+00 0.000000e+00 -4.341735e+03 -5.019192e+03 0.000000e+00 0.000000e+00 0.000000e+00 -4.380530e+01 -2.337133e+01 1.301747e+03 -2.708802e+01 0.000000e+00 0.000000e+00 0.000000e+00 0.000000e+00 0.000000e+00 0.000000e+00 0.000000e+00 0.000000e+00 0.000000e+00
1.705000e+00 0.000000e+00 -4.340888e+03 -5.030545e+03 0.000000e+00 0.000000e+00 0.000000e+00 -4.381927e+01 -2.336649e+01 1.302291e+03 -2.727656e+01 0.000000e+00 0.000000e+00 0.000000e+00 0.000000e+00 0.000000e+00 0.000000e+00 0.000000e+00 0.000000e+00 0.000000e+00
1.706000e+00 0.000000e+00 -4.340117e+03 -5.042029e+03 0.000000e+00 0.000000e+00 0.000000e+00 -4.384153e+01 -2.336997e+01 1.302843e+03 -2.744766e+01 0.000000e+00 0.000000e+00 0.000000e+00 0.000000e+00 0.000000e+00 0.000000e+00 0.000000e+00 0.000000e+00 0.000000e+00
1.707000e+00 0.000000e+00 -4.339419e+03 -5.053643e+03 0.000000e+00 0.000000e+00 0.000000e+00 -4.387196e+01 -2.338166e+01 1.303404e+03 -2.760155e+01 0.000000e+00 0.000000e+00 0.000000e+00 0.000000e+00 0.000000e+00 0.000000e+00 0.000000e+00 0.000000e+00 0.000000e+00
1.708000e+00 0.000000e+00 -4.338797e+03 -5.065383e+03 0.000000e+00 0.000000e+00 0.000000e+00 -4.391042e+01 -2.340142e+01 1.303973e+03 -2.773850e+01 0.000000e+00 0.000000e+00 0.000000e+00 0.000000e+00 0.000000e+00 0.000000e+00 0.000000e+00 0.000000e+00 0.000000e+00
1.709000e+00 0.000000e+00 -4.338250e+03 -5.077248e+03 0.000000e+00 0.000000e+00 0.000000e+00 -4.395677e+01 -2.342911e+01 1.304550e+03 -2.785877e+01 0.000000e+00 0.000000e+00 0.000000e+00 0.000000e+00 0.000000e+00 0.000000e+00 0.000000e+00 0.000000e+00 0.000000e+00
1.710000e+00 0.000000e+00 -4.337779e+03 -5.089236e+03 0.000000e+00 0.000000e+00 0.000000e+00 -4.401087e+01 -2.346459e+01 1.305136e+03 -2.796262e+01 0.000000e+00 0.000000e+00 0.000000e+00 0.000000e+00 0.000000e+00 0.000000e+00 0.000000e+00 0.000000e+00 0.000000e+00
1.711000e+00 0.000000e+00 -4.337383e+03 -5.101344e+03 0.000000e+00 0.000000e+00 0.000000e+00 -4.407259e+01 -2.350773e+01 1.305729e+03 -2.805033e+01 0.000000e+00 0.000000e+00 0.000000e+00 0.000000e+00 0.000000e+00 0.000000e+00 0.000000e+00 0.000000e+00 0.000000e+00
1.712000e+00 0.000000e+00 -4.337062e+03 -5.113571e+03 0.000000e+00 0.000000e+00 0.000000e+00 -4.414177e+01 -2.355837e+01 1.306330e+03 -2.812216e+01 0.000000e+00 0.000000e+00 0.000000e+00 0.000000e+00 0.000000e+00 0.000000e+00 0.000000e+00 0.000000e+00 0.000000e+00
1.713000e+00 0.000000e+00 -4.336818e+03 -5.125913e+03 0.000000e+00 0.000000e+00 0.000000e+00 -4.421826e+01 -2.361638e+01 1.306940e+03 -2.817840e+01 0.000000e+00 0.000000e+00 0.000000e+00 0.000000e+00 0.000000e+00 0.000000e+00 0.000000e+00 0.000000e+00 0.000000e+00
1.714000e+00 0.000000e+00 -4.336649e+03 -5.138368e+03 0.000000e+00 0.000000e+00 0.000000e+00 -4.430192e+01 -2.368160e+01 1.307557e+03 -2.821932e+01 0.000000e+00 0.000000e+00 0.000000e+00 0.000000e+00 0.000000e+00 0.000000e+00 0.000000e+00 0.000000e+00 0.000000e+00
1.715000e+00 0.000000e+00 -4.336557e+03 -5.150934e+03 0.000000e+00 0.000000e+00 0.000000e+00 -4.439260e+01 -2.375388e+01 1.308182e+03 -2.824522e+01 0.000000e+00 0.000000e+00 0.000000e+00 0.000000e+00 0.000000e+00 0.000000e+00 0.000000e+00 0.000000e+00 0.000000e+00
1.716000e+00 0.000000e+00 -4.336540e+03 -5.163609e+03 0.000000e+00 0.000000e+00 0.000000e+00 -4.449014e+01 -2.383307e+01 1.308815e+03 -2.825637e+01 0.000000e+00 0.000000e+00 0.000000e+00 0.000000e+00 0.000000e+00 0.000000e+00 0.000000e+00 0.000000e+00 0.000000e+00
1.717000e+00 0.000000e+00 -4.336601e+03 -5.176389e+03 0.000000e+00 0.000000e+00 0.000000e+00 -4.459437e+01 -2.391902e+01 1.309456e+03 -2.825307e+01 0.000000e+00 0.000000e+00 0.000000e+00 0.000000e+00 0.000000e+00 0.000000e+00 0.000000e+00 0.000000e+00 0.000000e+00
1.718000e+00 0.000000e+00 -4.336737e+03 -5.189273e+03 0.000000e+00 0.000000e+00 0.000000e+00 -4.470515e+01 -2.401156e+01 1.310104e+03 -2.823562e+01 0.000000e+00 0.000000e+00 0.000000e+00 0.000000e+00 0.000000e+00 0.000000e+00 0.000000e+00 0.000000e+00 0.000000e+00
1.719000e+00 0.000000e+00 -4.336950e+03 -5.202258e+03 0.000000e+00 0.000000e+00 0.000000e+00 -4.482231e+01 -2.411054e+01 1.310760e+03 -2.820431e+01 0.000000e+00 0.000000e+00 0.000000e+00 0.000000e+00 0.000000e+00 0.000000e+00 0.000000e+00 0.000000e+00 0.000000e+00
1.720000e+00 0.000000e+00 -4.337240e+03 -5.215340e+03 0.000000e+00 0.000000e+00 0.000000e+00 -4.494569e+01 -2.421579e+01 1.311423e+03 -2.815945e+01 0.000000e+00 0.000000e+00 0.000000e+00 0.000000e+00 0.000000e+00 0.000000e+00 0.000000e+00 0.000000e+00 0.000000e+00
1.721000e+00 0.000000e+00 -4.337607e+03 -5.228518e+03 0.000000e+00 0.000000e+00 0.000000e+00 -4.507511e+01 -2.432716e+01 1.312094e+03 -2.810134e+01 0.000000e+00 0.000000e+00 0.000000e+00 0.000000e+00 0.000000e+00 0.000000e+00 0.000000e+00 0.000000e+00 0.000000e+00
1.722000e+00 0.000000e+00 -4.338050e+03 -5.241789e+03 0.000000e+00 0.000000e+00 0.000000e+00 -4.521042e+01 -2.444446e+01 1.312772e+03 -2.803029e+01 0.000000e+00 0.000000e+00 0.000000e+00 0.000000e+00 0.000000e+00 0.000000e+00 0.000000e+00 0.000000e+00 0.000000e+00
1.723000e+00 0.000000e+00 -4.338571e+03 -5.255150e+03 0.000000e+00 0.000000e+00 0.000000e+00 -4.535145e+01 -2.456755e+01 1.313458e+03 -2.794661e+01 0.000000e+00 0.000000e+00 0.000000e+00 0.000000e+00 0.000000e+00 0.000000e+00 0.000000e+00 0.000000e+00 0.000000e+00
1.724000e+00 0.000000e+00 -4.339168e+03 -5.268598e+03 0.000000e+00 0.000000e+00 0.000000e+00 -4.549801e+01 -2.469624e+01 1.314151e+03 -2.785062e+01 0.000000e+00 0.000000e+00 0.000000e+00 0.000000e+00 0.000000e+00 0.000000e+00 0.000000e+00 0.000000e+00 0.000000e+00
1.725000e+00 0.000000e+00 -4.339842e+03 -5.282131e+03 0.000000e+00 0.000000e+00 0.000000e+00 -4.564994e+01 -2.483037e+01 1.314850e+03 -2.774262e+01 0.000000e+00 0.000000e+00 0.000000e+00 0.000000e+00 0.000000e+00 0.000000e+00 0.000000e+00 0.000000e+00 0.000000e+00
1.726000e+00 0.000000e+00 -4.340593e+03 -5.295745e+03 0.000000e+00 0.000000e+00 0.000000e+00 -4.580709e+01 -2.496978e+01 1.315558e+03 -2.762292e+01 0.000000e+00 0.000000e+00 0.000000e+00 0.000000e+00 0.000000e+00 0.000000e+00 0.000000e+00 0.000000e+00 0.000000e+00
1.727000e+00 0.000000e+00 -4.341420e+03 -5.309439e+03 0.000000e+00 0.000000e+00 0.000000e+00 -4.596930e+01 -2.511432e+01 1.316272e+03 -2.749180e+01 0.000000e+00 0.000000e+00 0.000000e+00 0.000000e+00 0.000000e+00 0.000000e+00 0.000000e+00 0.000000e+00 0.000000e+00
1.728000e+00 0.000000e+00 -4.342324e+03 -5.323209e+03 0.000000e+00 0.000000e+00 0.000000e+00 -4.613639e+01 -2.526382e+01 1.316993e+03 -2.734959e+01 0.000000e+00 0.000000e+00 0.000000e+00 0.000000e+00 0.000000e+00 0.000000e+00 0.000000e+00 0.000000e+00 0.000000e+00
1.729000e+00 0.000000e+00 -4.343305e+03 -5.337053e+03 0.000000e+00 0.000000e+00 0.000000e+00 -4.630822e+01 -2.541812e+01 1.317721e+03 -2.719659e+01 0.000000e+00 0.000000e+00 0.000000e+00 0.000000e+00 0.000000e+00 0.000000e+00 0.000000e+00 0.000000e+00 0.000000e+00
1.730000e+00 0.000000e+00 -4.344361e+03 -5.350968e+03 0.000000e+00 0.000000e+00 0.000000e+00 -4.648460e+01 -2.557705e+01 1.318456e+03 -2.703310e+01 0.000000e+00 0.000000e+00 0.000000e+00 0.000000e+00 0.000000e+00 0.000000e+00 0.000000e+00 0.000000e+00 0.000000e+00
1.731000e+00 0.000000e+00 -4.345495e+03 -5.364951e+03 0.000000e+00 0.000000e+00 0.000000e+00 -4.666538e+01 -2.574045e+01 1.319197e+03 -2.685944e+01 0.000000e+00 0.000000e+00 0.000000e+00 0.000000e+00 0.000000e+00 0.000000e+00 0.000000e+00 0.000000e+00 0.000000e+00
1.732000e+00 0.000000e+00 -4.346704e+03 -5.379000e+03 0.000000e+00 0.000000e+00 0.000000e+00 -4.685039e+01 -2.590816e+01 1.319945e+03 -2.667592e+01 0.000000e+00 0.000000e+00 0.000000e+00 0.000000e+00 0.000000e+00 0.000000e+00 0.000000e+00 0.000000e+00 0.000000e+00
1.733000e+00 0.000000e+00 -4.347988e+03 -5.393111e+03 0.000000e+00 0.000000e+00 0.000000e+00 -4.703946e+01 -2.608000e+01 1.320700e+03 -2.648285e+01 0.000000e+00 0.000000e+00 0.000000e+00 0.000000e+00 0.000000e+00 0.000000e+00 0.000000e+00 0.000000e+00 0.000000e+00
1.734000e+00 0.000000e+00 -4.349349e+03 -5.407281e+03 0.000000e+00 0.000000e+00 0.000000e+00 -4.723242e+01 -2.625580e+01 1.321462e+03 -2.628055e+01 0.000000e+00 0.000000e+00 0.000000e+00 0.000000e+00 0.000000e+00 0.000000e+00 0.000000e+00 0.000000e+00 0.000000e+00
1.735000e+00 0.000000e+00 -4.350785e+03 -5.421509e+03 0.000000e+00 0.000000e+00 0.000000e+00 -4.742910e+01 -2.643540e+01 1.322230e+03 -2.606933e+01 0.000000e+00 0.000000e+00 0.000000e+00 0.000000e+00 0.000000e+00 0.000000e+00 0.000000e+00 0.000000e+00 0.000000e+00
1.736000e+00 0.000000e+00 -4.352296e+03 -5.435791e+03 0.000000e+00 0.000000e+00 0.000000e+00 -4.762933e+01 -2.661863e+01 1.323005e+03 -2.584952e+01 0.000000e+00 0.000000e+00 0.000000e+00 0.000000e+00 0.000000e+00 0.000000e+00 0.000000e+00 0.000000e+00 0.000000e+00
1.737000e+00 0.000000e+00 -4.353882e+03 -5.450123e+03 0.000000e+00 0.000000e+00 0.000000e+00 -4.783293e+01 -2.680532e+01 1.323785e+03 -2.562142e+01 0.000000e+00 0.000000e+00 0.000000e+00 0.000000e+00 0.000000e+00 0.000000e+00 0.000000e+00 0.000000e+00 0.000000e+00
1.738000e+00 0.000000e+00 -4.355542e+03 -5.464504e+03 0.000000e+00 0.000000e+00 0.000000e+00 -4.803974e+01 -2.699529e+01 1.324573e+03 -2.538537e+01 0.000000e+00 0.000000e+00 0.000000e+00 0.000000e+00 0.000000e+00 0.000000e+00 0.000000e+00 0.000000e+00 0.000000e+00
1.739000e+00 0.000000e+00 -4.357277e+03 -5.478930e+03 0.000000e+00 0.000000e+00 0.000000e+00 -4.824957e+01 -2.718837e+01 1.325366e+03 -2.514167e+01 0.000000e+00 0.000000e+00 0.000000e+00 0.000000e+00 0.000000e+00 0.000000e+00 0.000000e+00 0.000000e+00 0.000000e+00
1.740000e+00 0.000000e+00 -4.359086e+03 -5.493399e+03 0.000000e+00 0.000000e+00 0.000000e+00 -4.846227e+01 -2.738439e+01 1.326166e+03 -2.489066e+01 0.000000e+00 0.000000e+00 0.000000e+00 0.000000e+00 0.000000e+00 0.000000e+00 0.000000e+00 0.000000e+00 0.000000e+00
1.741000e+00 0.000000e+00 -4.360969e+03 -5.507907e+03 0.000000e+00 0.000000e+00 0.000000e+00 -4.867764e+01 -2.758318e+01 1.326971e+03 -2.463265e+01 0.000000e+00 0.000000e+00 0.000000e+00 0.000000e+00 0.000000e+00 0.000000e+00 0.000000e+00 0.000000e+00 0.000000e+00
1.742000e+00 0.000000e+00 -4.362925e+03 -5.522451e+03 0.000000e+00 0.000000e+00 0.000000e+00 -4.889553e+01 -2.778456e+01 1.327783e+03 -2.436797e+01 0.000000e+00 0.000000e+00 0.000000e+00 0.000000e+00 0.000000e+00 0.000000e+00 0.000000e+00 0.000000e+00 0.000000e+00
1.743000e+00 0.000000e+00 -4.364954e+03 -5.537029e+03 0.000000e+00 0.000000e+00 0.000000e+00 -4.911574e+01 -2.798836e+01 1.328601e+03 -2.409693e+01 0.000000e+00 0.000000e+00 0.000000e+00 0.000000e+00 0.000000e+00 0.000000e+00 0.000000e+00 0.000000e+00 0.000000e+00
1.744000e+00 0.000000e+00 -4.367055e+03 -5.551638e+03 0.000000e+00 0.000000e+00 0.000000e+00 -4.933812e+01 -2.819441e+01 1.329424e+03 -2.381985e+01 0.000000e+00 0.000000e+00 0.000000e+00 0.000000e+00 0.000000e+00 0.000000e+00 0.000000e+00 0.000000e+00 0.000000e+00
1.745000e+00 0.000000e+00 -4.369229e+03 -5.566274e+03 0.000000e+00 0.000000e+00 0.000000e+00 -4.956247e+01 -2.840252e+01 1.330254e+03 -2.353707e+01 0.000000e+00 0.000000e+00 0.000000e+00 0.000000e+00 0.000000e+00 0.000000e+00 0.000000e+00 0.000000e+00 0.000000e+00
1.746000e+00 0.000000e+00 -4.371475e+03 -5.580935e+03 0.000000e+00 0.000000e+00 0.000000e+00 -4.978864e+01 -2.861254e+01 1.331089e+03 -2.324889e+01 0.000000e+00 0.000000e+00 0.000000e+00 0.000000e+00 0.000000e+00 0.000000e+00 0.000000e+00 0.000000e+00 0.000000e+00
1.747000e+00 0.000000e+00 -4.373792e+03 -5.595619e+03 0.000000e+00 0.000000e+00 0.000000e+00 -5.001646e+01 -2.882430e+01 1.331930e+03 -2.295563e+01 0.000000e+00 0.000000e+00 0.000000e+00 0.000000e+00 0.000000e+00 0.000000e+00 0.000000e+00 0.000000e+00 0.000000e+00
1.748000e+00 0.000000e+00 -4.376180e+03 -5.610321e+03 0.000000e+00 0.000000e+00 0.000000e+00 -5.024576e+01 -2.903763e+01 1.332777e+03 -2.265759e+01 0.000000e+00 0.000000e+00 0.000000e+00 0.000000e+00 0.000000e+00 0.000000e+00 0.000000e+00 0.000000e+00 0.000000e+00
1.749000e+00 0.000000e+00 -4.378638e+03 -5.625039e+03 0.000000e+00 0.000000e+00 0.000000e+00 -5.047638e+01 -2.925237e+01 1.333629e+03 -2.235507e+01 0.000000e+00 0.000000e+00 0.000000e+00 0.000000e+00 0.000000e+00 0.000000e+00 0.000000e+00 0.000000e+00 0.000000e+00
1.750000e+00 0.000000e+00 -4.381165e+03 -5.639771e+03 0.000000e+00 0.000000e+00 0.000000e+00 -5.070816e+01 -2.946835e+01 1.334487e+03 -2.204840e+01 0.000000e+00 0.000000e+00 0.000000e+00 0.000000e+00 0.000000e+00 0.000000e+00 0.000000e+00 0.000000e+00 0.000000e+00
1.751000e+00 0.000000e+00 -4.383762e+03 -5.654513e+03 0.000000e+00 0.000000e+00 0.000000e+00 -5.094092e+01 -2.968541e+01 1.335350e+03 -2.173788e+01 0.000000e+00 0.000000e+00 0.000000e+00 0.000000e+00 0.000000e+00 0.000000e+00 0.000000e+00 0.000000e+00 0.000000e+00
1.752000e+00 0.000000e+00 -4.386427e+03 -5.669263e+03 0.000000e+00 0.000000e+00 0.000000e+00 -5.117450e+01 -2.990338e+01 1.336218e+03 -2.142382e+01 0.000000e+00 0.000000e+00 0.000000e+00 0.000000e+00 0.000000e+00 0.000000e+00 0.000000e+00 0.000000e+00 0.000000e+00
1.753000e+00 0.000000e+00 -4.389161e+03 -5.684018e+03 0.000000e+00 0.000000e+00 0.000000e+00 -5.140874e+01 -3.012210e+01 1.337092e+03 -2.110653e+01 0.000000e+00 0.000000e+00 0.000000e+00 0.000000e+00 0.000000e+00 0.000000e+00 0.000000e+00 0.000000e+00 0.000000e+00
1.754000e+00 0.000000e+00 -4.391962e+03 -5.698775e+03 0.000000e+00 0.000000e+00 0.000000e+00 -5.164347e+01 -3.034140e+01 1.337971e+03 -2.078631e+01 0.000000e+00 0.000000e+00 0.000000e+00 0.000000e+00 0.000000e+00 0.000000e+00 0.000000e+00 0.000000e+00 0.000000e+00
1.755000e+00 0.000000e+00 -4.394829e+03 -5.713530e+03 0.000000e+00 0.000000e+00 0.000000e+00 -5.187852e+01 -3.056112e+01 1.338856e+03 -2.046348e+01 0.000000e+00 0.000000e+00 0.000000e+00 0.000000e+00 0.000000e+00 0.000000e+00 0.000000e+00 0.000000e+00 0.000000e+00
1.756000e+00 0.000000e+00 -4.397763e+03 -5.728282e+03 0.000000e+00 0.000000e+00 0.000000e+00 -5.211374e+01 -3.078110e+01 1.339745e+03 -2.013832e+01 0.000000e+00 0.000000e+00 0.000000e+00 0.000000e+00 0.000000e+00 0.000000e+00 0.000000e+00 0.000000e+00 0.000000e+00
1.757000e+00 0.000000e+00 -4.400762e+03 -5.743027e+03 0.000000e+00 0.000000e+00 0.000000e+00 -5.234896e+01 -3.100117e+01 1.340640e+03 -1.981115e+01 0.000000e+00 0.000000e+00 0.000000e+00 0.000000e+00 0.000000e+00 0.000000e+00 0.000000e+00 0.000000e+00 0.000000e+00
1.758000e+00 0.000000e+00 -4.403825e+03 -5.757763e+03 0.000000e+00 0.000000e+00 0.000000e+00 -5.258402e+01 -3.122118e+01 1.341539e+03 -1.948226e+01 0.000000e+00 0.000000e+00 0.000000e+00 0.000000e+00 0.000000e+00 0.000000e+00 0.000000e+00 0.000000e+00 0.000000e+00
1.759000e+00 0.000000e+00 -4.406953e+03 -5.772487e+03 0.000000e+00 0.000000e+00 0.000000e+00 -5.281877e+01 -3.144096e+01 1.342444e+03 -1.915195e+01 0.000000e+00 0.000000e+00 0.000000e+00 0.000000e+00 0.000000e+00 0.000000e+00 0.000000e+00 0.000000e+00 0.000000e+00
1.760000e+00 0.000000e+00 -4.410144e+03 -5.787195e+03 0.000000e+00 0.000000e+00 0.000000e+00 -5.305304e+01 -3.166035e+01 1.343353e+03 -1.882053e+01 0.000000e+00 0.000000e+00 0.000000e+00 0.000000e+00 0.000000e+00 0.000000e+00 0.000000e+00 0.000000e+00 0.000000e+00
1.761000e+00 0.000000e+00 -4.413397e+03 -5.801886e+03 0.000000e+00 0.000000e+00 0.000000e+00 -5.328667e+01 -3.187920e+01 1.344267e+03 -1.848827e+01 0.000000e+00 0.000000e+00 0.000000e+00 0.000000e+00 0.000000e+00 0.000000e+00 0.000000e+00 0.000000e+00 0.000000e+00
1.762000e+00 0.000000e+00 -4.416712e+03 -5.816556e+03 0.000000e+00 0.000000e+00 0.000000e+00 -5.351951e+01 -3.209736e+01 1.345186e+03 -1.815548e+01 0.000000e+00 0.000000e+00 0.000000e+00 0.000000e+00 0.000000e+00 0.000000e+00 0.000000e+00 0.000000e+00 0.000000e+00
1.763000e+00 0.000000e+00 -4.420088e+03 -5.831203e+03 0.000000e+00 0.000000e+00 0.000000e+00 -5.375140e+01 -3.231466e+01 1.346110e+03 -1.782244e+01 0.000000e+00 0.000000e+00 0.000000e+00 0.000000e+00 0.000000e+00 0.000000e+00 0.000000e+00 0.000000e+00 0.000000e+00
1.764000e+00 0.000000e+00 -4.423524e+03 -5.845824e+03 0.000000e+00 0.000000e+00 0.000000e+00 -5.398219e+01 -3.253095e+01 1.347039e+03 -1.748944e+01 0.000000e+00 0.000000e+00 0.000000e+00 0.000000e+00 0.000000e+00 0.000000e+00 0.000000e+00 0.000000e+00 0.000000e+00
1.765000e+00 0.000000e+00 -4.427019e+03 -5.860416e+03 0.000000e+00 0.000000e+00 0.000000e+00 -5.421173e+01 -3.274608e+01 1.347972e+03 -1.715677e+01 0.000000e+00 0.000000e+00 0.000000e+00 0.000000e+00 0.000000e+00 0.000000e+00 0.000000e+00 0.000000e+00 0.000000e+00
1.766000e+00 0.000000e+00 -4.430573e+03 -5.874977e+03 0.000000e+00 0.000000e+00 0.000000e+00 -5.443986e+01 -3.295990e+01 1.348909e+03 -1.682470e+01 0.000000e+00 0.000000e+00 0.000000e+00 0.000000e+00 0.000000e+00 0.000000e+00 0.000000e+00 0.000000e+00 0.000000e+00
1.767000e+00 0.000000e+00 -4.434184e+03 -5.889503e+03 0.000000e+00 0.000000e+00 0.000000e+00 -5.466644e+01 -3.317225e+01 1.349851e+03 -1.649351e+01 0.000000e+00 0.000000e+00 0.000000e+00 0.000000e+00 0.000000e+00 0.000000e+00 0.000000e+00 0.000000e+00 0.000000e+00
1.768000e+00 0.000000e+00 -4.437852e+03 -5.903993e+03 0.000000e+00 0.000000e+00 0.000000e+00 -5.489131e+01 -3.338300e+01 1.350798e+03 -1.616349e+01 0.000000e+00 0.000000e+00 0.000000e+00 0.000000e+00 0.000000e+00 0.000000e+00 0.000000e+00 0.000000e+00 0.000000e+00
1.769000e+00 0.000000e+00 -4.441575e+03 -5.918444e+03 0.000000e+00 0.000000e+00 0.000000e+00 -5.511434e+01 -3.359199e+01 1.351748e+03 -1.583490e+01 0.000000e+00 0.000000e+00 0.000000e+00 0.000000e+00 0.000000e+00 0.000000e+00 0.000000e+00 0.000000e+00 0.000000e+00
1.770000e+00 0.000000e+00 -4.445353e+03 -5.932853e+03 0.000000e+00 0.000000e+00 0.000000e+00 -5.533539e+01 -3.379910e+01 1.352704e+03 -1.550800e+01 0.000000e+00 0.000000e+00 0.000000e+00 0.000000e+00 0.000000e+00 0.000000e+00 0.000000e+00 0.000000e+00 0.000000e+00
1.771000e+00 0.000000e+00 -4.449185e+03 -5.947217e+03 0.000000e+00 0.000000e+00 0.000000e+00 -5.555432e+01 -3.400418e+01 1.353663e+03 -1.518305e+01 0.000000e+00 0.000000e+00 0.000000e+00 0.000000e+00 0.000000e+00 0.000000e+00 0.000000e+00 0.000000e+00 0.000000e+00
1.772000e+00 0.000000e+00 -4.453070e+03 -5.961534e+03 0.000000e+00 0.000000e+00 0.000000e+00 -5.577099e+01 -3.420708e+01 1.354627e+03 -1.486032e+01 0.000000e+00 0.000000e+00 0.000000e+00 0.000000e+00 0.000000e+00 0.000000e+00 0.000000e+00 0.000000e+00 0.000000e+00
1.773000e+00 0.000000e+00 -4.457007e+03 -5.975802e+03 0.000000e+00 0.000000e+00 0.000000e+00 -5.598525e+01 -3.440767e+01 1.355594e+03 -1.454007e+01 0.000000e+00 0.000000e+00 0.000000e+00 0.000000e+00 0.000000e+00 0.000000e+00 0.000000e+00 0.000000e+00 0.000000e+00
1.774000e+00 0.000000e+00 -4.460994e+03 -5.990017e+03 0.000000e+00 0.000000e+00 0.000000e+00 -5.619697e+01 -3.460581e+01 1.356566e+03 -1.422257e+01 0.000000e+00 0.000000e+00 0.000000e+00 0.000000e+00 0.000000e+00 0.000000e+00 0.000000e+00 0.000000e+00 0.000000e+00
1.775000e+00 0.000000e+00 -4.465032e+03 -6.004178e+03 0.000000e+00 0.000000e+00 0.000000e+00 -5.640600e+01 -3.480135e+01 1.357542e+03 -1.390806e+01 0.000000e+00 0.000000e+00 0.000000e+00 0.000000e+00 0.000000e+00 0.000000e+00 0.000000e+00 0.000000e+00 0.000000e+00
1.776000e+00 0.000000e+00 -4.469118e+03 -6.018281e+03 0.000000e+00 0.000000e+00 0.000000e+00 -5.661221e+01 -3.499415e+01 1.358522e+03 -1.359681e+01 0.000000e+00 0.000000e+00 0.000000e+00 0.000000e+00 0.000000e+00 0.000000e+00 0.000000e+00 0.000000e+00 0.000000e+00
1.777000e+00 0.000000e+00 -4.473252e+03 -6.032325e+03 0.000000e+00 0.000000e+00 0.000000e+00 -5.681546e+01 -3.518410e+01 1.359506e+03 -1.328906e+01 0.000000e+00 0.000000e+00 0.000000e+00 0.000000e+00 0.000000e+00 0.000000e+00 0.000000e+00 0.000000e+00 0.000000e+00
1.778000e+00 0.000000e+00 -4.477433e+03 -6.046307e+03 0.000000e+00 0.000000e+00 0.000000e+00 -5.701563e+01 -3.537104e+01 1.360494e+03 -1.298506e+01 0.000000e+00 0.000000e+00 0.000000e+00 0.000000e+00 0.000000e+00 0.000000e+00 0.000000e+00 0.000000e+00 0.000000e+00
1.779000e+00 0.000000e+00 -4.481659e+03 -6.060225e+03 0.000000e+00 0.000000e+00 0.000000e+00 -5.721258e+01 -3.555487e+01 1.361486e+03 -1.268505e+01 0.000000e+00 0.000000e+00 0.000000e+00 0.000000e+00 0.000000e+00 0.000000e+00 0.000000e+00 0.000000e+00 0.000000e+00
1.780000e+00 0.000000e+00 -4.485931e+03 -6.074075e+03 0.000000e+00 0.000000e+00 0.000000e+00 -5.740619e+01 -3.573543e+01 1.362481e+03 -1.238926e+01 0.000000e+00 0.000000e+00 0.000000e+00 0.000000e+00 0.000000e+00 0.000000e+00 0.000000e+00 0.000000e+00 0.000000e+00
1.781000e+00 0.000000e+00 -4.490245e+03 -6.087857e+03 0.000000e+00 0.000000e+00 0.000000e+00 -5.759633e+01 -3.591263e+01 1.363481e+03 -1.209793e+01 0.000000e+00 0.000000e+00 0.000000e+00 0.000000e+00 0.000000e+00 0.000000e+00 0.000000e+00 0.000000e+00 0.000000e+00
1.782000e+00 0.000000e+00 -4.494602e+03 -6.101567e+03 0.000000e+00 0.000000e+00 0.000000e+00 -5.778289e+01 -3.608632e+01 1.364484e+03 -1.181127e+01 0.000000e+00 0.000000e+00 0.000000e+00 0.000000e+00 0.000000e+00 0.000000e+00 0.000000e+00 0.000000e+00 0.000000e+00
1.783000e+00 0.000000e+00 -4.499000e+03 -6.115203e+03 0.000000e+00 0.000000e+00 0.000000e+00 -5.796575e+01 -3.625640e+01 1.365491e+03 -1.152952e+01 0.000000e+00 0.000000e+00 0.000000e+00 0.000000e+00 0.000000e+00 0.000000e+00 0.000000e+00 0.000000e+00 0.000000e+00
1.784000e+00 0.000000e+00 -4.503438e+03 -6.128763e+03 0.000000e+00 0.000000e+00 0.000000e+00 -5.814478e+01 -3.642275e+01 1.366501e+03 -1.125289e+01 0.000000e+00 0.000000e+00 0.000000e+00 0.000000e+00 0.000000e+00 0.000000e+00 0.000000e+00 0.000000e+00 0.000000e+00
1.785000e+00 0.000000e+00 -4.507916e+03 -6.142244e+03 0.000000e+00 0.000000e+00 0.000000e+00 -5.831989e+01 -3.658526e+01 1.367515e+03 -1.098159e+01 0.000000e+00 0.000000e+00 0.000000e+00 0.000000e+00 0.000000e+00 0.000000e+00 0.000000e+00 0.000000e+00 0.000000e+00
1.786000e+00 0.000000e+00 -4.512431e+03 -6.155646e+03 0.000000e+00 0.000000e+00 0.000000e+00 -5.849095e+01 -3.674380e+01 1.368532e+03 -1.071583e+01 0.000000e+00 0.000000e+00 0.000000e+00 0.000000e+00 0.000000e+00 0.000000e+00 0.000000e+00 0.000000e+00 0.000000e+00
1.787000e+00 0.000000e+00 -4.516982e+03 -6.168964e+03 0.000000e+00 0.000000e+00 0.000000e+00 -5.865787e+01 -3.689829e+01 1.369553e+03 -1.045581e+01 0.000000e+00 0.000000e+00 0.000000e+00 0.000000e+00 0.000000e+00 0.000000e+00 0.000000e+00 0.000000e+00 0.000000e+00
1.788000e+00 0.000000e+00 -4.521569e+03 -6.182198e+03 0.000000e+00 0.000000e+00 0.000000e+00 -5.882054e+01 -3.704861e+01 1.370578e+03 -1.020172e+01 0.000000e+00 0.000000e+00 0.000000e+00 0.000000e+00 0.000000e+00 0.000000e+00 0.000000e+00 0.000000e+00 0.000000e+00
1.789000e+00 0.000000e+00 -4.526190e+03 -6.195345e+03 0.000000e+00 0.000000e+00 0.000000e+00 -5.897886e+01 -3.719466e+01 1.371606e+03 -9.953766e+00 0.000000e+00 0.000000e+00 0.000000e+00 0.000000e+00 0.000000e+00 0.000000e+00 0.000000e+00 0.000000e+00 0.000000e+00
1.790000e+00 0.000000e+00 -4.530844e+03 -6.208404e+03 0.000000e+00 0.000000e+00 0.000000e+00 -5.913272e+01 -3.733635e+01 1.372637e+03 -9.712125e+00 0.000000e+00 0.000000e+00 0.000000e+00 0.000000e+00 0.000000e+00 0.000000e+00 0.000000e+00 0.000000e+00 0.000000e+00
1.791000e+00 0.000000e+00 -4.535529e+03 -6.221371e+03 0.000000e+00 0.000000e+00 0.000000e+00 -5.928205e+01 -3.747358e+01 1.373671e+03 -9.476979e+00 0.000000e+00 0.000000e+00 0.000000e+00 0.000000e+00 0.000000e+00 0.000000e+00 0.000000e+00 0.000000e+00 0.000000e+00
1.792000e+00 0.000000e+00 -4.540245e+03 -6.234246e+03 0.000000e+00 0.000000e+00 0.000000e+00 -5.942674e+01 -3.760625e+01 1.374709e+03 -9.248505e+00 0.000000e+00 0.000000e+00 0.000000e+00 0.000000e+00 0.000000e+00 0.000000e+00 0.000000e+00 0.000000e+00 0.000000e+00
1.793000e+00 0.000000e+00 -4.544990e+03 -6.247026e+03 0.000000e+00 0.000000e+00 0.000000e+00 -5.956670e+01 -3.773427e+01 1.375750e+03 -9.026870e+00 0.000000e+00 0.000000e+00 0.000000e+00 0.000000e+00 0.000000e+00 0.000000e+00 0.000000e+00 0.000000e+00 0.000000e+00
1.794000e+00 0.000000e+00 -4.549763e+03 -6.259709e+03 0.000000e+00 0.000000e+00 0.000000e+00 -5.970185e+01 -3.785756e+01 1.376795e+03 -8.812252e+00 0.000000e+00 0.000000e+00 0.000000e+00 0.000000e+00 0.000000e+00 0.000000e+00 0.000000e+00 0.000000e+00 0.000000e+00
1.795000e+00 0.000000e+00 -4.554562e+03 -6.272293e+03 0.000000e+00 0.000000e+00 0.000000e+00 -5.983209e+01 -3.797601e+01 1.377842e+03 -8.604832e+00 0.000000e+00 0.000000e+00 0.000000e+00 0.000000e+00 0.000000e+00 0.000000e+00 0.000000e+00 0.000000e+00 0.000000e+00
1.796000e+00 0.000000e+00 -4.559388e+03 -6.284777e+03 0.000000e+00 0.000000e+00 0.000000e+00 -5.995730e+01 -3.808953e+01 1.378893e+03 -8.404783e+00 0.000000e+00 0.000000e+00 0.000000e+00 0.000000e+00 0.000000e+00 0.000000e+00 0.000000e+00 0.000000e+00 0.000000e+00
1.797000e+00 0.000000e+00 -4.564237e+03 -6.297158e+03 0.000000e+00 0.000000e+00 0.000000e+00 -6.007741e+01 -3.819802e+01 1.379947e+03 -8.212272e+00 0.000000e+00 0.000000e+00 0.000000e+00 0.000000e+00 0.000000e+00 0.000000e+00 0.000000e+00 0.000000e+00 0.000000e+00
1.798000e+00 0.000000e+00 -4.569109e+03 -6.309434e+03 0.000000e+00 0.000000e+00 0.000000e+00 -6.019233e+01 -3.830139e+01 1.381003e+03 -8.027461e+00 0.000000e+00 0.000000e+00 0.000000e+00 0.000000e+00 0.000000e+00 0.000000e+00 0.000000e+00 0.000000e+00 0.000000e+00
1.799000e+00 0.000000e+00 -4.574004e+03 -6.321604e+03 0.000000e+00 0.000000e+00 0.000000e+00 -6.030196e+01 -3.839956e+01 1.382063e+03 -7.850504e+00 0.000000e+00 0.000000e+00 0.000000e+00 0.000000e+00 0.000000e+00 0.000000e+00 0.000000e+00 0.000000e+00 0.000000e+00
1.800000e+00 0.000000e+00 -4.578918e+03 -6.333665e+03 0.000000e+00 0.000000e+00 0.000000e+00 -6.040623e+01 -3.849245e+01 1.383126e+03 -7.681550e+00 0.000000e+00 0.000000e+00 0.000000e+00 0.000000e+00 0.000000e+00 0.000000e+00 0.000000e+00 0.000000e+00 0.000000e+00
1.801000e+00 0.000000e+00 -4.583852e+03 -6.345617e+03 0.000000e+00 0.000000e+00 0.000000e+00 -6.050507e+01 -3.857998e+01 1.384192e+03 -7.520742e+00 0.000000e+00 0.000000e+00 0.000000e+00 0.000000e+00 0.000000e+00 0.000000e+00 0.000000e+00 0.000000e+00 0.000000e+00
1.802000e+00 0.000000e+00 -4.588804e+03 -6.357456e+03 0.000000e+00 0.000000e+00 0.000000e+00 -6.059838e+01 -3.866207e+01 1.385260e+03 -7.368216e+00 0.000000e+00 0.000000e+00 0.000000e+00 0.000000e+00 0.000000e+00 0.000000e+00 0.000000e+00 0.000000e+00 0.000000e+00
1.803000e+00 0.000000e+00 -4.593773e+03 -6.369182e+03 0.000000e+00 0.000000e+00 0.000000e+00 -6.068611e+01 -3.873866e+01 1.386332e+03 -7.224102e+00 0.000000e+00 0.000000e+00 0.000000e+00 0.000000e+00 0.000000e+00 0.000000e+00 0.000000e+00 0.000000e+00 0.000000e+00
1.804000e+00 0.000000e+00 -4.598757e+03 -6.380794e+03 0.000000e+00 0.000000e+00 0.000000e+00 -6.076819e+01 -3.880967e+01 1.387407e+03 -7.088522e+00 0.000000e+00 0.000000e+00 0.000000e+00 0.000000e+00 0.000000e+00 0.000000e+00 0.000000e+00 0.000000e+00 0.000000e+00
1.805000e+00 0.000000e+00 -4.603755e+03 -6.392288e+03 0.000000e+00 0.000000e+00 0.000000e+00 -6.084456e+01 -3.887505e+01 1.388484e+03 -6.961594e+00 0.000000e+00 0.000000e+00 0.000000e+00 0.000000e+00 0.000000e+00 0.000000e+00 0.000000e+00 0.000000e+00 0.000000e+00
1.806000e+00 0.000000e+00 -4.608766e+03 -6.403664e+03 0.000000e+00 0.000000e+00 0.000000e+00 -6.091515e+01 -3.893473e+01 1.389564e+03 -6.843426e+00 0.000000e+00 0.000000e+00 0.000000e+00 0.000000e+00 0.000000e+00 0.000000e+00 0.000000e+00 0.000000e+00 0.000000e+00
1.807000e+00 0.000000e+00 -4.613789e+03 -6.414920e+03 0.000000e+00 0.000000e+00 0.000000e+00 -6.097991e+01 -3.898866e+01 1.390647e+03 -6.734124e+00 0.000000e+00 0.000000e+00 0.000000e+00 0.000000e+00 0.000000e+00 0.000000e+00 0.000000e+00 0.000000e+00 0.000000e+00
1.808000e+00 0.000000e+00 -4.618822e+03 -6.426055e+03 0.000000e+00 0.000000e+00 0.000000e+00 -6.103879e+01 -3.903678e+01 1.391732e+03 -6.633782e+00 0.000000e+00 0.000000e+00 0.000000e+00 0.000000e+00 0.000000e+00 0.000000e+00 0.000000e+00 0.000000e+00 0.000000e+00
1.809000e+00 0.000000e+00 -4.623864e+03 -6.437067e+03 0.000000e+00 0.000000e+00 0.000000e+00 -6.109174e+01 -3.907906e+01 1.392821e+03 -6.542493e+00 0.000000e+00 0.000000e+00 0.000000e+00 0.000000e+00 0.000000e+00 0.000000e+00 0.000000e+00 0.000000e+00 0.000000e+00
1.810000e+00 0.000000e+00 -4.628913e+03 -6.447955e+03 0.000000e+00 0.000000e+00 0.000000e+00 -6.113873e+01 -3.911543e+01 1.393911e+03 -6.460337e+00 0.000000e+00 0.000000e+00 0.000000e+00 0.000000e+00 0.000000e+00 0.000000e+00 0.000000e+00 0.000000e+00 0.000000e+00
1.811000e+00 0.000000e+00 -4.633969e+03 -6.458717e+03 0.000000e+00 0.000000e+00 0.000000e+00 -6.117970e+01 -3.914588e+01 1.395005e+03 -6.387393e+00 0.000000e+00 0.000000e+00 0.000000e+00 0.000000e+00 0.000000e+00 0.000000e+00 0.000000e+00 0.000000e+00 0.000000e+00
1.812000e+00 0.000000e+00 -4.639030e+03 -6.469352e+03 0.000000e+00 0.000000e+00 0.000000e+00 -6.121462e+01 -3.917035e+01 1.396101e+03 -6.323730e+00 0.000000e+00 0.000000e+00 0.000000e+00 0.000000e+00 0.000000e+00 0.000000e+00 0.000000e+00 0.000000e+00 0.000000e+00
1.813000e+00 0.000000e+00 -4.644094e+03 -6.479859e+03 0.000000e+00 0.000000e+00 0.000000e+00 -6.124347e+01 -3.918881e+01 1.397200e+03 -6.269410e+00 0.000000e+00 0.000000e+00 0.000000e+00 0.000000e+00 0.000000e+00 0.000000e+00 0.000000e+00 0.000000e+00 0.000000e+00
1.814000e+00 0.000000e+00 -4.649161e+03 -6.490237e+03 0.000000e+00 0.000000e+00 0.000000e+00 -6.126621e+01 -3.920124e+01 1.398301e+03 -6.224490e+00 0.000000e+00 0.000000e+00 0.000000e+00 0.000000e+00 0.000000e+00 0.000000e+00 0.000000e+00 0.000000e+00 0.000000e+00
1.815000e+00 0.000000e+00 -4.654229e+03 -6.500484e+03 0.000000e+00 0.000000e+00 0.000000e+00 -6.128282e+01 -3.920762e+01 1.399405e+03 -6.189019e+00 0.000000e+00 0.000000e+00 0.000000e+00 0.000000e+00 0.000000e+00 0.000000e+00 0.000000e+00 0.000000e+00 0.000000e+00
1.816000e+00 0.000000e+00 -4.659298e+03 -6.510600e+03 0.000000e+00 0.000000e+00 0.000000e+00 -6.129328e+01 -3.920790e+01 1.400511e+03 -6.163052e+00 0.000000e+00 0.000000e+00 0.000000e+00 0.000000e+00 0.000000e+00 0.000000e+00 0.000000e+00 0.000000e+00 0.000000e+00
1.817000e+00 0.000000e+00 -4.664364e+03 -6.520582e+03 0.000000e+00 0.000000e+00 0.000000e+00 -6.129752e+01 -3.920205e+01 1.401620e+03 -6.146661e+00 0.000000e+00 0.000000e+00 0.000000e+00 0.000000e+00 0.000000e+00 0.000000e+00 0.000000e+00 0.000000e+00 0.000000e+00
1.818000e+00 0.000000e+00 -4.669429e+03 -6.530430e+03 0.000000e+00 0.000000e+00 0.000000e+00 -6.129552e+01 -3.919004e+01 1.402731e+03 -6.139903e+00 0.000000e+00 0.000000e+00 0.000000e+00 0.000000e+00 0.000000e+00 0.000000e+00 0.000000e+00 0.000000e+00 0.000000e+00
1.819000e+00 0.000000e+00 -4.674489e+03 -6.540142e+03 0.000000e+00 0.000000e+00 0.000000e+00 -6.128725e+01 -3.917182e+01 1.403845e+03 -6.142826e+00 0.000000e+00 0.000000e+00 0.000000e+00 0.000000e+00 0.000000e+00 0.000000e+00 0.000000e+00 0.000000e+00 0.000000e+00
1.820000e+00 0.000000e+00 -4.679545e+03 -6.549717e+03 0.000000e+00 0.000000e+00 0.000000e+00 -6.127267e+01 -3.914737e+01 1.404961e+03 -6.155475e+00 0.000000e+00 0.000000e+00 0.000000e+00 0.000000e+00 0.000000e+00 0.000000e+00 0.000000e+00 0.000000e+00 0.000000e+00
1.821000e+00 0.000000e+00 -4.684594e+03 -6.559154e+03 0.000000e+00 0.000000e+00 0.000000e+00 -6.125177e+01 -3.911667e+01 1.406079e+03 -6.177885e+00 0.000000e+00 0.000000e+00 0.000000e+00 0.000000e+00 0.000000e+00 0.000000e+00 0.000000e+00 0.000000e+00 0.000000e+00
1.822000e+00 0.000000e+00 -4.689636e+03 -6.568453e+03 0.000000e+00 0.000000e+00 0.000000e+00 -6.122452e+01 -3.907970e+01 1.407199e+03 -6.210084e+00 0.000000e+00 0.000000e+00 0.000000e+00 0.000000e+00 0.000000e+00 0.000000e+00 0.000000e+00 0.000000e+00 0.000000e+00
1.823000e+00 0.000000e+00 -4.694670e+03 -6.577611e+03 0.000000e+00 0.000000e+00 0.000000e+00 -6.119090e+01 -3.903644e+01 1.408322e+03 -6.252095e+00 0.000000e+00 0.000000e+00 0.000000e+00 0.000000e+00 0.000000e+00 0.000000e+00 0.000000e+00 0.000000e+00 0.000000e+00
1.824000e+00 0.000000e+00 -4.699694e+03 -6.586628e+03 0.000000e+00 0.000000e+00 0.000000e+00 -6.115091e+01 -3.898688e+01 1.409447e+03 -6.303932e+00 0.000000e+00 0.000000e+00 0.000000e+00 0.000000e+00 0.000000e+00 0.000000e+00 0.000000e+00 0.000000e+00 0.000000e+00
1.825000e+00 0.000000e+00 -4.704707e+03 -6.595503e+03 0.000000e+00 0.000000e+00 0.000000e+00 -6.110454e+01 -3.893103e+01 1.410575e+03 -6.365603e+00 0.000000e+00 0.000000e+00 0.000000e+00 0.000000e+00 0.000000e+00 0.000000e+00 0.000000e+00 0.000000e+00 0.000000e+00
1.826000e+00 0.000000e+00 -4.709708e+03 -6.604235e+03 0.000000e+00 0.000000e+00 0.000000e+00 -6.105178e+01 -3.886886e+01 1.411704e+03 -6.437110e+00 0.000000e+00 0.000000e+00 0.000000e+00 0.000000e+00 0.000000e+00 0.000000e+00 0.000000e+00 0.000000e+00 0.000000e+00
1.827000e+00 0.000000e+00 -4.714696e+03 -6.612823e+03 0.000000e+00 0.000000e+00 0.000000e+00 -6.099263e+01 -3.880038e+01 1.412836e+03 -6.518446e+00 0.000000e+00 0.000000e+00 0.000000e+00 0.000000e+00 0.000000e+00 0.000000e+00 0.000000e+00 0.000000e+00 0.000000e+00
1.828000e+00 0.000000e+00 -4.719669e+03 -6.621267e+03 0.000000e+00 0.000000e+00 0.000000e+00 -6.092710e+01 -3.872560e+01 1.413970e+03 -6.609597e+00 0.000000e+00 0.000000e+00 0.000000e+00 0.000000e+00 0.000000e+00 0.000000e+00 0.000000e+00 0.000000e+00 0.000000e+00
1.829000e+00 0.000000e+00 -4.724627e+03 -6.629565e+03 0.000000e+00 0.000000e+00 0.000000e+00 -6.085520e+01 -3.864453e+01 1.415106e+03 -6.710545e+00 0.000000e+00 0.000000e+00 0.000000e+00 0.000000e+00 0.000000e+00 0.000000e+00 0.000000e+00 0.000000e+00 0.000000e+00
1.830000e+00 0.000000e+00 -4.729568e+03 -6.637717e+03 0.000000e+00 0.000000e+00 0.000000e+00 -6.077694e+01 -3.855718e+01 1.416244e+03 -6.821262e+00 0.000000e+00 0.000000e+00 0.000000e+00 0.000000e+00 0.000000e+00 0.000000e+00 0.000000e+00 0.000000e+00 0.000000e+00
1.831000e+00 0.000000e+00 -4.734491e+03 -6.645722e+03 0.000000e+00 0.000000e+00 0.000000e+00 -6.069233e+01 -3.846356e+01 1.417384e+03 -6.941715e+00 0.000000e+00 0.000000e+00 0.000000e+00 0.000000e+00 0.000000e+00 0.000000e+00 0.000000e+00 0.000000e+00 0.000000e+00
1.832000e+00 0.000000e+00 -4.739396e+03 -6.653579e+03 0.000000e+00 0.000000e+00 0.000000e+00 -6.060140e+01 -3.836369e+01 1.418526e+03 -7.071862e+00 0.000000e+00 0.000000e+00 0.000000e+00 0.000000e+00 0.000000e+00 0.000000e+00 0.000000e+00 0.000000e+00 0.000000e+00
1.833000e+00 0.000000e+00 -4.744280e+03 -6.661289e+03 0.000000e+00 0.000000e+00 0.000000e+00 -6.050416e+01 -3.825761e+01 1.419671e+03 -7.211656e+00 0.000000e+00 0.000000e+00 0.000000e+00 0.000000e+00 0.000000e+00 0.000000e+00 0.000000e+00 0.000000e+00 0.000000e+00
1.834000e+00 0.000000e+00 -4.749143e+03 -6.668850e+03 0.000000e+00 0.000000e+00 0.000000e+00 -6.040066e+01 -3.814533e+01 1.420817e+03 -7.361044e+00 0.000000e+00 0.000000e+00 0.000000e+00 0.000000e+00 0.000000e+00 0.000000e+00 0.000000e+00 0.000000e+00 0.000000e+00
1.835000e+00 0.000000e+00 -4.753984e+03 -6.676262e+03 0.000000e+00 0.000000e+00 0.000000e+00 -6.029091e+01 -3.802690e+01 1.421965e+03 -7.519963e+00 0.000000e+00 0.000000e+00 0.000000e+00 0.000000e+00 0.000000e+00 0.000000e+00 0.000000e+00 0.000000e+00 0.000000e+00
1.836000e+00 0.000000e+00 -4.758802e+03 -6.683524e+03 0.000000e+00 0.000000e+00 0.000000e+00 -6.017496e+01 -3.790234e+01 1.423115e+03 -7.688345e+00 0.000000e+00 0.000000e+00 0.000000e+00 0.000000e+00 0.000000e+00 0.000000e+00 0.000000e+00 0.000000e+00 0.000000e+00
1.837000e+00 0.000000e+00 -4.763595e+03 -6.690636e+03 0.000000e+00 0.000000e+00 0.000000e+00 -6.005285e+01 -3.777170e+01 1.424267e+03 -7.866118e+00 0.000000e+00 0.000000e+00 0.000000e+00 0.000000e+00 0.000000e+00 0.000000e+00 0.000000e+00 0.000000e+00 0.000000e+00
1.838000e+00 0.000000e+00 -4.768363e+03 -6.697597e+03 0.000000e+00 0.000000e+00 0.000000e+00 -5.992459e+01 -3.763500e+01 1.425421e+03 -8.053224e+00 0.000000e+00 0.000000e+00 0.000000e+00 0.000000e+00 0.000000e+00 0.000000e+00 0.000000e+00 0.000000e+00 0.000000e+00
1.839000e+00 0.000000e+00 -4.773105e+03 -6.704407e+03 0.000000e+00 0.000000e+00 0.000000e+00 -5.979022e+01 -3.749226e+01 1.426576e+03 -8.249606e+00 0.000000e+00 0.000000e+00 0.000000e+00 0.000000e+00 0.000000e+00 0.000000e+00 0.000000e+00 0.000000e+00 0.000000e+00
1.840000e+00 0.000000e+00 -4.777819e+03 -6.711066e+03 0.000000e+00 0.000000e+00 0.000000e+00 -5.964975e+01 -3.734352e+01 1.427734e+03 -8.455196e+00 0.000000e+00 0.000000e+00 0.000000e+00 0.000000e+00 0.000000e+00 0.000000e+00 0.000000e+00 0.000000e+00 0.000000e+00
1.841000e+00 0.000000e+00 -4.782505e+03 -6.717573e+03 0.000000e+00 0.000000e+00 0.000000e+00 -5.950322e+01 -3.718880e+01 1.428893e+03 -8.669920e+00 0.000000e+00 0.000000e+00 0.000000e+00 0.000000e+00 0.000000e+00 0.000000e+00 0.000000e+00 0.000000e+00 0.000000e+00
1.842000e+00 0.000000e+00 -4.787163e+03 -6.723927e+03 0.000000e+00 0.000000e+00 0.000000e+00 -5.935068e+01 -3.702816e+01 1.430054e+03 -8.893695e+00 0.000000e+00 0.000000e+00 0.000000e+00 0.000000e+00 0.000000e+00 0.000000e+00 0.000000e+00 0.000000e+00 0.000000e+00
1.843000e+00 0.000000e+00 -4.791790e+03 -6.730129e+03 0.000000e+00 0.000000e+00 0.000000e+00 -5.919215e+01 -3.686162e+01 1.431217e+03 -9.126435e+00 0.000000e+00 0.000000e+00 0.000000e+00 0.000000e+00 0.000000e+00 0.000000e+00 0.000000e+00 0.000000e+00 0.000000e+00
1.844000e+00 0.000000e+00 -4.796386e+03 -6.736177e+03 0.000000e+00 0.000000e+00 0.000000e+00 -5.902768e+01 -3.668923e+01 1.432381e+03 -9.368045e+00 0.000000e+00 0.000000e+00 0.000000e+00 0.000000e+00 0.000000e+00 0.000000e+00 0.000000e+00 0.000000e+00 0.000000e+00
1.845000e+00 0.000000e+00 -4.800950e+03 -6.742072e+03 0.000000e+00 0.000000e+00 0.000000e+00 -5.885732e+01 -3.651105e+01 1.433547e+03 -9.618424e+00 0.000000e+00 0.000000e+00 0.000000e+00 0.000000e+00 0.000000e+00 0.000000e+00 0.000000e+00 0.000000e+00 0.000000e+00
1.846000e+00 0.000000e+00 -4.805481e+03 -6.747814e+03 0.000000e+00 0.000000e+00 0.000000e+00 -5.868113e+01 -3.632713e+01 1.434715e+03 -9.877465e+00 0.000000e+00 0.000000e+00 0.000000e+00 0.000000e+00 0.000000e+00 0.000000e+00 0.000000e+00 0.000000e+00 0.000000e+00
1.847000e+00 0.000000e+00 -4.809979e+03 -6.753402e+03 0.000000e+00 0.000000e+00 0.000000e+00 -5.849915e+01 -3.613752e+01 1.435884e+03 -1.014505e+01 0.000000e+00 0.000000e+00 0.000000e+00 0.000000e+00 0.000000e+00 0.000000e+00 0.000000e+00 0.000000e+00 0.000000e+00
1.848000e+00 0.000000e+00 -4.814443e+03 -6.758837e+03 0.000000e+00 0.000000e+00 0.000000e+00 -5.831145e+01 -3.594229e+01 1.437055e+03 -1.042107e+01 0.000000e+00 0.000000e+00 0.000000e+00 0.000000e+00 0.000000e+00 0.000000e+00 0.000000e+00 0.000000e+00 0.000000e+00
1.849000e+00 0.000000e+00 -4.818871e+03 -6.764118e+03 0.000000e+00 0.000000e+00 0.000000e+00 -5.811808e+01 -3.574149e+01 1.438227e+03 -1.070539e+01 0.000000e+00 0.000000e+00 0.000000e+00 0.000000e+00 0.000000e+00 0.000000e+00 0.000000e+00 0.000000e+00 0.000000e+00
1.850000e+00 0.000000e+00 -4.823263e+03 -6.769245e+03 0.000000e+00 0.000000e+00 0.000000e+00 -5.791913e+01 -3.553520e+01 1.439401e+03 -1.099789e+01 0.000000e+00 0.000000e+00 0.000000e+00 0.000000e+00 0.000000e+00 0.000000e+00 0.000000e+00 0.000000e+00 0.000000e+00
1.851000e+00 0.000000e+00 -4.827619e+03 -6.774218e+03 0.000000e+00 0.000000e+00 0.000000e+00 -5.771465e+01 -3.532349e+01 1.440576e+03 -1.129841e+01 0.000000e+00 0.000000e+00 0.000000e+00 0.000000e+00 0.000000e+00 0.000000e+00 0.000000e+00 0.000000e+00 0.000000e+00
1.852000e+00 0.000000e+00 -4.831936e+03 -6.779038e+03 0.000000e+00 0.000000e+00 0.000000e+00 -5.750471e+01 -3.510642e+01 1.441753e+03 -1.160683e+01 0.000000e+00 0.000000e+00 0.000000e+00 0.000000e+00 0.000000e+00 0.000000e+00 0.000000e+00 0.000000e+00 0.000000e+00
1.853000e+00 0.000000e+00 -4.836216e+03 -6.783704e+03 0.000000e+00 0.000000e+00 0.000000e+00 -5.728941e+01 -3.488409e+01 1.442931e+03 -1.192298e+01 0.000000e+00 0.000000e+00 0.000000e+00 0.000000e+00 0.000000e+00 0.000000e+00 0.000000e+00 0.000000e+00 0.000000e+00
1.854000e+00 0.000000e+00 -4.840456e+03 -6.788217e+03 0.000000e+00 0.000000e+00 0.000000e+00 -5.706881e+01 -3.465658e+01 1.444110e+03 -1.224672e+01 0.000000e+00 0.000000e+00 0.000000e+00 0.000000e+00 0.000000e+00 0.000000e+00 0.000000e+00 0.000000e+00 0.000000e+00
1.855000e+00 0.000000e+00 -4.844656e+03 -6.792577e+03 0.000000e+00 0.000000e+00 0.000000e+00 -5.684301e+01 -3.442396e+01 1.445291e+03 -1.257787e+01 0.000000e+00 0.000000e+00 0.000000e+00 0.000000e+00 0.000000e+00 0.000000e+00 0.000000e+00 0.000000e+00 0.000000e+00
1.856000e+00 0.000000e+00 -4.848816e+03 -6.796784e+03 0.000000e+00 0.000000e+00 0.000000e+00 -5.661208e+01 -3.418632e+01 1.446473e+03 -1.291629e+01 0.000000e+00 0.000000e+00 0.000000e+00 0.000000e+00 0.000000e+00 0.000000e+00 0.000000e+00 0.000000e+00 0.000000e+00
1.857000e+00 0.000000e+00 -4.852935e+03 -6.800838e+03 0.000000e+00 0.000000e+00 0.000000e+00 -5.637613e+01 -3.394377e+01 1.447656e+03 -1.326178e+01 0.000000e+00 0.000000e+00 0.000000e+00 0.000000e+00 0.000000e+00 0.000000e+00 0.000000e+00 0.000000e+00 0.000000e+00
1.858000e+00 0.000000e+00 -4.857011e+03 -6.804741e+03 0.000000e+00 0.000000e+00 0.000000e+00 -5.613524e+01 -3.369639e+01 1.448841e+03 -1.361418e+01 0.000000e+00 0.000000e+00 0.000000e+00 0.000000e+00 0.000000e+00 0.000000e+00 0.000000e+00 0.000000e+00 0.000000e+00
1.859000e+00 0.000000e+00 -4.861046e+03 -6.808492e+03 0.000000e+00 0.000000e+00 0.000000e+00 -5.588949e+01 -3.344426e+01 1.450027e+03 -1.397331e+01 0.000000e+00 0.000000e+00 0.000000e+00 0.000000e+00 0.000000e+00 0.000000e+00 0.000000e+00 0.000000e+00 0.000000e+00
1.860000e+00 0.000000e+00 -4.865037e+03 -6.812091e+03 0.000000e+00 0.000000e+00 0.000000e+00 -5.563897e+01 -3.318747e+01 1.451213e+03 -1.433903e+01 0.000000e+00 0.000000e+00 0.000000e+00 0.000000e+00 0.000000e+00 0.000000e+00 0.000000e+00 0.000000e+00 0.000000e+00
1.861000e+00 0.000000e+00 -4.868985e+03 -6.815539e+03 0.000000e+00 0.000000e+00 0.000000e+00 -5.538375e+01 -3.292610e+01 1.452401e+03 -1.471115e+01 0.000000e+00 0.000000e+00 0.000000e+00 0.000000e+00 0.000000e+00 0.000000e+00 0.000000e+00 0.000000e+00 0.000000e+00
1.862000e+00 0.000000e+00 -4.872889e+03 -6.818836e+03 0.000000e+00 0.000000e+00 0.000000e+00 -5.512393e+01 -3.266024e+01 1.453590e+03 -1.508950e+01 0.000000e+00 0.000000e+00 0.000000e+00 0.000000e+00 0.000000e+00 0.000000e+00 0.000000e+00 0.000000e+00 0.000000e+00
1.863000e+00 0.000000e+00 -4.876748e+03 -6.821983e+03 0.000000e+00 0.000000e+00 0.000000e+00 -5.485959e+01 -3.238999e+01 1.454780e+03 -1.547390e+01 0.000000e+00 0.000000e+00 0.000000e+00 0.000000e+00 0.000000e+00 0.000000e+00 0.000000e+00 0.000000e+00 0.000000e+00
1.864000e+00 0.000000e+00 -4.880561e+03 -6.824980e+03 0.000000e+00 0.000000e+00 0.000000e+00 -5.459082e+01 -3.211543e+01 1.455971e+03 -1.586417e+01 0.000000e+00 0.000000e+00 0.000000e+00 0.000000e+00 0.000000e+00 0.000000e+00 0.000000e+00 0.000000e+00 0.000000e+00
1.865000e+00 0.000000e+00 -4.884330e+03 -6.827828e+03 0.000000e+00 0.000000e+00 0.000000e+00 -5.431773e+01 -3.183667e+01 1.457163e+03 -1.626010e+01 0.000000e+00 0.000000e+00 0.000000e+00 0.000000e+00 0.000000e+00 0.000000e+00 0.000000e+00 0.000000e+00 0.000000e+00
1.866000e+00 0.000000e+00 -4.888052e+03 -6.830527e+03 0.000000e+00 0.000000e+00 0.000000e+00 -5.404041e+01 -3.155381e+01 1.458356e+03 -1.666151e+01 0.000000e+00 0.000000e+00 0.000000e+00 0.000000e+00 0.000000e+00 0.000000e+00 0.000000e+00 0.000000e+00 0.000000e+00
1.867000e+00 0.000000e+00 -4.891727e+03 -6.833078e+03 0.000000e+00 0.000000e+00 0.000000e+00 -5.375896e+01 -3.126696e+01 1.459550e+03 -1.706820e+01 0.000000e+00 0.000000e+00 0.000000e+00 0.000000e+00 0.000000e+00 0.000000e+00 0.000000e+00 0.000000e+00 0.000000e+00
1.868000e+00 0.000000e+00 -4.895355e+03 -6.835482e+03 0.000000e+00 0.000000e+00 0.000000e+00 -5.347349e+01 -3.097622e+01 1.460744e+03 -1.747995e+01 0.000000e+00 0.000000e+00 0.000000e+00 0.000000e+00 0.000000e+00 0.000000e+00 0.000000e+00 0.000000e+00 0.000000e+00
1.869000e+00 0.000000e+00 -4.898937e+03 -6.837739e+03 0.000000e+00 0.000000e+00 0.000000e+00 -5.318412e+01 -3.068169e+01 1.461940e+03 -1.789656e+01 0.000000e+00 0.000000e+00 0.000000e+00 0.000000e+00 0.000000e+00 0.000000e+00 0.000000e+00 0.000000e+00 0.000000e+00
1.870000e+00 0.000000e+00 -4.902470e+03 -6.839851e+03 0.000000e+00 0.000000e+00 0.000000e+00 -5.289094e+01 -3.038351e+01 1.463136e+03 -1.831781e+01 0.000000e+00 0.000000e+00 0.000000e+00 0.000000e+00 0.000000e+00 0.000000e+00 0.000000e+00 0.000000e+00 0.000000e+00
1.871000e+00 0.000000e+00 -4.905955e+03 -6.841817e+03 0.000000e+00 0.000000e+00 0.000000e+00 -5.259408e+01 -3.008177e+01 1.464332e+03 -1.874348e+01 0.000000e+00 0.000000e+00 0.000000e+00 0.000000e+00 0.000000e+00 0.000000e+00 0.000000e+00 0.000000e+00 0.000000e+00
1.872000e+00 0.000000e+00 -4.909392e+03 -6.843640e+03 0.000000e+00 0.000000e+00 0.000000e+00 -5.229365e+01 -2.977661e+01 1.465530e+03 -1.917335e+01 0.000000e+00 0.000000e+00 0.000000e+00 0.000000e+00 0.000000e+00 0.000000e+00 0.000000e+00 0.000000e+00 0.000000e+00
1.873000e+00 0.000000e+00 -4.912780e+03 -6.845319e+03 0.000000e+00 0.000000e+00 0.000000e+00 -5.198977e+01 -2.946813e+01 1.466728e+03 -1.960719e+01 0.000000e+00 0.000000e+00 0.000000e+00 0.000000e+00 0.000000e+00 0.000000e+00 0.000000e+00 0.000000e+00 0.000000e+00
1.874000e+00 0.000000e+00 -4.916118e+03 -6.846857e+03 0.000000e+00 0.000000e+00 0.000000e+00 -5.168257e+01 -2.915648e+01 1.467926e+03 -2.004476e+01 0.000000e+00 0.000000e+00 0.000000e+00 0.000000e+00 0.000000e+00 0.000000e+00 0.000000e+00 0.000000e+00 0.000000e+00
1.875000e+00 0.000000e+00 -4.919408e+03 -6.848253e+03 0.000000e+00 0.000000e+00 0.000000e+00 -5.137216e+01 -2.884176e+01 1.469125e+03 -2.048584e+01 0.000000e+00 0.000000e+00 0.000000e+00 0.000000e+00 0.000000e+00 0.000000e+00 0.000000e+00 0.000000e+00 0.000000e+00
1.876000e+00 0.000000e+00 -4.922648e+03 -6.849510e+03 0.000000e+00 0.000000e+00 0.000000e+00 -5.105869e+01 -2.852412e+01 1.470325e+03 -2.093017e+01 0.000000e+00 0.000000e+00 0.000000e+00 0.000000e+00 0.000000e+00 0.000000e+00 0.000000e+00 0.000000e+00 0.000000e+00
1.877000e+00 0.000000e+00 -4.925838e+03 -6.850627e+03 0.000000e+00 0.000000e+00 0.000000e+00 -5.074227e+01 -2.820368e+01 1.471525e+03 -2.137752e+01 0.000000e+00 0.000000e+00 0.000000e+00 0.000000e+00 0.000000e+00 0.000000e+00 0.000000e+00 0.000000e+00 0.000000e+00
1.878000e+00 0.000000e+00 -4.928978e+03 -6.851607e+03 0.000000e+00 0.000000e+00 0.000000e+00 -5.042304e+01 -2.788058e+01 1.472725e+03 -2.182764e+01 0.000000e+00 0.000000e+00 0.000000e+00 0.000000e+00 0.000000e+00 0.000000e+00 0.000000e+00 0.000000e+00 0.000000e+00
1.879000e+00 0.000000e+00 -4.932068e+03 -6.852451e+03 0.000000e+00 0.000000e+00 0.000000e+00 -5.010113e+01 -2.755495e+01 1.473926e+03 -2.228028e+01 0.000000e+00 0.000000e+00 0.000000e+00 0.000000e+00 0.000000e+00 0.000000e+00 0.000000e+00 0.000000e+00 0.000000e+00
1.880000e+00 0.000000e+00 -4.935107e+03 -6.853160e+03 0.000000e+00 0.000000e+00 0.000000e+00 -4.977668e+01 -2.722693e+01 1.475127e+03 -2.273520e+01 0.000000e+00 0.000000e+00 0.000000e+00 0.000000e+00 0.000000e+00 0.000000e+00 0.000000e+00 0.000000e+00 0.000000e+00
1.881000e+00 0.000000e+00 -4.938096e+03 -6.853735e+03 0.000000e+00 0.000000e+00 0.000000e+00 -4.944980e+01 -2.689663e+01 1.476328e+03 -2.319215e+01 0.000000e+00 0.000000e+00 0.000000e+00 0.000000e+00 0.000000e+00 0.000000e+00 0.000000e+00 0.000000e+00 0.000000e+00
1.882000e+00 0.000000e+00 -4.941034e+03 -6.854177e+03 0.000000e+00 0.000000e+00 0.000000e+00 -4.912062e+01 -2.656418e+01 1.477529e+03 -2.365091e+01 0.000000e+00 0.000000e+00 0.000000e+00 0.000000e+00 0.000000e+00 0.000000e+00 0.000000e+00 0.000000e+00 0.000000e+00
1.883000e+00 0.000000e+00 -4.943922e+03 -6.854488e+03 0.000000e+00 0.000000e+00 0.000000e+00 -4.878925e+01 -2.622971e+01 1.478730e+03 -2.411122e+01 0.000000e+00 0.000000e+00 0.000000e+00 0.000000e+00 0.000000e+00 0.000000e+00 0.000000e+00 0.000000e+00 0.000000e+00
1.884000e+00 0.000000e+00 -4.946758e+03 -6.854669e+03 0.000000e+00 0.000000e+00 0.000000e+00 -4.845584e+01 -2.589336e+01 1.479932e+03 -2.457284e+01 0.000000e+00 0.000000e+00 0.000000e+00 0.000000e+00 0.000000e+00 0.000000e+00 0.000000e+00 0.000000e+00 0.000000e+00
1.885000e+00 0.000000e+00 -4.949544e+03 -6.854722e+03 0.000000e+00 0.000000e+00 0.000000e+00 -4.812051e+01 -2.555525e+01 1.481134e+03 -2.503552e+01 0.000000e+00 0.000000e+00 0.000000e+00 0.000000e+00 0.000000e+00 0.000000e+00 0.000000e+00 0.000000e+00 0.000000e+00
1.886000e+00 0.000000e+00 -4.952280e+03 -6.854647e+03 0.000000e+00 0.000000e+00 0.000000e+00 -4.778339e+01 -2.521552e+01 1.482335e+03 -2.549900e+01 0.000000e+00 0.000000e+00 0.000000e+00 0.000000e+00 0.000000e+00 0.000000e+00 0.000000e+00 0.000000e+00 0.000000e+00
1.887000e+00 0.000000e+00 -4.954964e+03 -6.854447e+03 0.000000e+00 0.000000e+00 0.000000e+00 -4.744463e+01 -2.487431e+01 1.483537e+03 -2.596303e+01 0.000000e+00 0.000000e+00 0.000000e+00 0.000000e+00 0.000000e+00 0.000000e+00 0.000000e+00 0.000000e+00 0.000000e+00
1.888000e+00 0.000000e+00 -4.957598e+03 -6.854123e+03 0.000000e+00 0.000000e+00 0.000000e+00 -4.710435e+01 -2.453175e+01 1.484738e+03 -2.642734e+01 0.000000e+00 0.000000e+00 0.000000e+00 0.000000e+00 0.000000e+00 0.000000e+00 0.000000e+00 0.000000e+00 0.000000e+00
1.889000e+00 0.000000e+00 -4.960180e+03 -6.853677e+03 0.000000e+00 0.000000e+00 0.000000e+00 -4.676271e+01 -2.418800e+01 1.485939e+03 -2.689168e+01 0.000000e+00 0.000000e+00 0.000000e+00 0.000000e+00 0.000000e+00 0.000000e+00 0.000000e+00 0.000000e+00 0.000000e+00
1.890000e+00 0.000000e+00 -4.962712e+03 -6.853110e+03 0.000000e+00 0.000000e+00 0.000000e+00 -4.641983e+01 -2.384319e+01 1.487140e+03 -2.735578e+01 0.000000e+00 0.000000e+00 0.000000e+00 0.000000e+00 0.000000e+00 0.000000e+00 0.000000e+00 0.000000e+00 0.000000e+00
1.891000e+00 0.000000e+00 -4.965194e+03 -6.852424e+03 0.000000e+00 0.000000e+00 0.000000e+00 -4.607586e+01 -2.349747e+01 1.488341e+03 -2.781938e+01 0.000000e+00 0.000000e+00 0.000000e+00 0.000000e+00 0.000000e+00 0.000000e+00 0.000000e+00 0.000000e+00 0.000000e+00
1.892000e+00 0.000000e+00 -4.967625e+03 -6.851621e+03 0.000000e+00 0.000000e+00 0.000000e+00 -4.573095e+01 -2.315098e+01 1.489541e+03 -2.828220e+01 0.000000e+00 0.000000e+00 0.000000e+00 0.000000e+00 0.000000e+00 0.000000e+00 0.000000e+00 0.000000e+00 0.000000e+00
1.893000e+00 0.000000e+00 -4.970005e+03 -6.850703e+03 0.000000e+00 0.000000e+00 0.000000e+00 -4.538525e+01 -2.280387e+01 1.490741e+03 -2.874397e+01 0.000000e+00 0.000000e+00 0.000000e+00 0.000000e+00 0.000000e+00 0.000000e+00 0.000000e+00 0.000000e+00 0.000000e+00
1.894000e+00 0.000000e+00 -4.972336e+03 -6.849671e+03 0.000000e+00 0.000000e+00 0.000000e+00 -4.503889e+01 -2.245629e+01 1.491941e+03 -2.920443e+01 0.000000e+00 0.000000e+00 0.000000e+00 0.000000e+00 0.000000e+00 0.000000e+00 0.000000e+00 0.000000e+00 0.000000e+00
1.895000e+00 0.000000e+00 -4.974616e+03 -6.848528e+03 0.000000e+00 0.000000e+00 0.000000e+00 -4.469204e+01 -2.210840e+01 1.493140e+03 -2.966329e+01 0.000000e+00 0.000000e+00 0.000000e+00 0.000000e+00 0.000000e+00 0.000000e+00 0.000000e+00 0.000000e+00 0.000000e+00
1.896000e+00 0.000000e+00 -4.976847e+03 -6.847275e+03 0.000000e+00 0.000000e+00 0.000000e+00 -4.434484e+01 -2.176034e+01 1.494339e+03 -3.012028e+01 0.000000e+00 0.000000e+00 0.000000e+00 0.000000e+00 0.000000e+00 0.000000e+00 0.000000e+00 0.000000e+00 0.000000e+00
1.897000e+00 0.000000e+00 -4.979027e+03 -6.845915e+03 0.000000e+00 0.000000e+00 0.000000e+00 -4.399744e+01 -2.141226e+01 1.495537e+03 -3.057512e+01 0.000000e+00 0.000000e+00 0.000000e+00 0.000000e+00 0.000000e+00 0.000000e+00 0.000000e+00 0.000000e+00 0.000000e+00
1.898000e+00 0.000000e+00 -4.981159e+03 -6.844449e+03 0.000000e+00 0.000000e+00 0.000000e+00 -4.365001e+01 -2.106433e+01 1.496734e+03 -3.102754e+01 0.000000e+00 0.000000e+00 0.000000e+00 0.000000e+00 0.000000e+00 0.000000e+00 0.000000e+00 0.000000e+00 0.000000e+00
1.899000e+00 0.000000e+00 -4.983241e+03 -6.842880e+03 0.000000e+00 0.000000e+00 0.000000e+00 -4.330268e+01 -2.071671e+01 1.497931e+03 -3.147724e+01 0.000000e+00 0.000000e+00 0.000000e+00 0.000000e+00 0.000000e+00 0.000000e+00 0.000000e+00 0.000000e+00 0.000000e+00
1.900000e+00 0.000000e+00 -4.985275e+03 -6.841211e+03 0.000000e+00 0.000000e+00 0.000000e+00 -4.295562e+01 -2.036953e+01 1.499127e+03 -3.192396e+01 0.000000e+00 0.000000e+00 0.000000e+00 0.000000e+00 0.000000e+00 0.000000e+00 0.000000e+00 0.000000e+00 0.000000e+00
1.901000e+00 0.000000e+00 -4.987260e+03 -6.839442e+03 0.000000e+00 0.000000e+00 0.000000e+00 -4.260900e+01 -2.002298e+01 1.500322e+03 -3.236740e+01 0.000000e+00 0.000000e+00 0.000000e+00 0.000000e+00 0.000000e+00 0.000000e+00 0.000000e+00 0.000000e+00 0.000000e+00
1.902000e+00 0.000000e+00 -4.989197e+03 -6.837576e+03 0.000000e+00 0.000000e+00 0.000000e+00 -4.226294e+01 -1.967718e+01 1.501516e+03 -3.280729e+01 0.000000e+00 0.000000e+00 0.000000e+00 0.000000e+00 0.000000e+00 0.000000e+00 0.000000e+00 0.000000e+00 0.000000e+00
1.903000e+00 0.000000e+00 -4.991086e+03 -6.835617e+03 0.000000e+00 0.000000e+00 0.000000e+00 -4.191760e+01 -1.933230e+01 1.502710e+03 -3.324338e+01 0.000000e+00 0.000000e+00 0.000000e+00 0.000000e+00 0.000000e+00 0.000000e+00 0.000000e+00 0.000000e+00 0.000000e+00
1.904000e+00 0.000000e+00 -4.992927e+03 -6.833564e+03 0.000000e+00 0.000000e+00 0.000000e+00 -4.157313e+01 -1.898847e+01 1.503902e+03 -3.367537e+01 0.000000e+00 0.000000e+00 0.000000e+00 0.000000e+00 0.000000e+00 0.000000e+00 0.000000e+00 0.000000e+00 0.000000e+00
1.905000e+00 0.000000e+00 -4.994722e+03 -6.831423e+03 0.000000e+00 0.000000e+00 0.000000e+00 -4.122967e+01 -1.864586e+01 1.505094e+03 -3.410301e+01 0.000000e+00 0.000000e+00 0.000000e+00 0.000000e+00 0.000000e+00 0.000000e+00 0.000000e+00 0.000000e+00 0.000000e+00
1.906000e+00 0.000000e+00 -4.996469e+03 -6.829193e+03 0.000000e+00 0.000000e+00 0.000000e+00 -4.088738e+01 -1.830460e+01 1.506284e+03 -3.452602e+01 0.000000e+00 0.000000e+00 0.000000e+00 0.000000e+00 0.000000e+00 0.000000e+00 0.000000e+00 0.000000e+00 0.000000e+00
1.907000e+00 0.000000e+00 -4.998171e+03 -6.826879e+03 0.000000e+00 0.000000e+00 0.000000e+00 -4.054640e+01 -1.796486e+01 1.507474e+03 -3.494412e+01 0.000000e+00 0.000000e+00 0.000000e+00 0.000000e+00 0.000000e+00 0.000000e+00 0.000000e+00 0.000000e+00 0.000000e+00
1.908000e+00 0.000000e+00 -4.999827e+03 -6.824481e+03 0.000000e+00 0.000000e+00 0.000000e+00 -4.020688e+01 -1.762678e+01 1.508662e+03 -3.535704e+01 0.000000e+00 0.000000e+00 0.000000e+00 0.000000e+00 0.000000e+00 0.000000e+00 0.000000e+00 0.000000e+00 0.000000e+00
1.909000e+00 0.000000e+00 -5.001437e+03 -6.822004e+03 0.000000e+00 0.000000e+00 0.000000e+00 -3.986899e+01 -1.729052e+01 1.509849e+03 -3.576451e+01 0.000000e+00 0.000000e+00 0.000000e+00 0.000000e+00 0.000000e+00 0.000000e+00 0.000000e+00 0.000000e+00 0.000000e+00
1.910000e+00 0.000000e+00 -5.003003e+03 -6.819449e+03 0.000000e+00 0.000000e+00 0.000000e+00 -3.953286e+01 -1.695624e+01 1.511035e+03 -3.616624e+01 0.000000e+00 0.000000e+00 0.000000e+00 0.000000e+00 0.000000e+00 0.000000e+00 0.000000e+00 0.000000e+00 0.000000e+00
1.911000e+00 0.000000e+00 -5.004524e+03 -6.816820e+03 0.000000e+00 0.000000e+00 0.000000e+00 -3.919867e+01 -1.662408e+01 1.512220e+03 -3.656196e+01 0.000000e+00 0.000000e+00 0.000000e+00 0.000000e+00 0.000000e+00 0.000000e+00 0.000000e+00 0.000000e+00 0.000000e+00
1.912000e+00 0.000000e+00 -5.006002e+03 -6.814118e+03 0.000000e+00 0.000000e+00 0.000000e+00 -3.886655e+01 -1.629421e+01 1.513403e+03 -3.695141e+01 0.000000e+00 0.000000e+00 0.000000e+00 0.000000e+00 0.000000e+00 0.000000e+00 0.000000e+00 0.000000e+00 0.000000e+00
1.913000e+00 0.000000e+00 -5.007436e+03 -6.811346e+03 0.000000e+00 0.000000e+00 0.000000e+00 -3.853666e+01 -1.596678e+01 1.514585e+03 -3.733429e+01 0.000000e+00 0.000000e+00 0.000000e+00 0.000000e+00 0.000000e+00 0.000000e+00 0.000000e+00 0.000000e+00 0.000000e+00
1.914000e+00 0.000000e+00 -5.008828e+03 -6.808508e+03 0.000000e+00 0.000000e+00 0.000000e+00 -3.820917e+01 -1.564194e+01 1.515766e+03 -3.771034e+01 0.000000e+00 0.000000e+00 0.000000e+00 0.000000e+00 0.000000e+00 0.000000e+00 0.000000e+00 0.000000e+00 0.000000e+00
1.915000e+00 0.000000e+00 -5.010178e+03 -6.805605e+03 0.000000e+00 0.000000e+00 0.000000e+00 -3.788422e+01 -1.531985e+01 1.516945e+03 -3.807927e+01 0.000000e+00 0.000000e+00 0.000000e+00 0.000000e+00 0.000000e+00 0.000000e+00 0.000000e+00 0.000000e+00 0.000000e+00
1.916000e+00 0.000000e+00 -5.011486e+03 -6.802641e+03 0.000000e+00 0.000000e+00 0.000000e+00 -3.756196e+01 -1.500066e+01 1.518123e+03 -3.844083e+01 0.000000e+00 0.000000e+00 0.000000e+00 0.000000e+00 0.000000e+00 0.000000e+00 0.000000e+00 0.000000e+00 0.000000e+00
1.917000e+00 0.000000e+00 -5.012754e+03 -6.799619e+03 0.000000e+00 0.000000e+00 0.000000e+00 -3.724256e+01 -1.468454e+01 1.519299e+03 -3.879473e+01 0.000000e+00 0.000000e+00 0.000000e+00 0.000000e+00 0.000000e+00 0.000000e+00 0.000000e+00 0.000000e+00 0.000000e+00
1.918000e+00 0.000000e+00 -5.013982e+03 -6.796541e+03 0.000000e+00 0.000000e+00 0.000000e+00 -3.692617e+01 -1.437163e+01 1.520473e+03 -3.914069e+01 0.000000e+00 0.000000e+00 0.000000e+00 0.000000e+00 0.000000e+00 0.000000e+00 0.000000e+00 0.000000e+00 0.000000e+00
1.919000e+00 0.000000e+00 -5.015170e+03 -6.793410e+03 0.000000e+00 0.000000e+00 0.000000e+00 -3.661295e+01 -1.406210e+01 1.521646e+03 -3.947845e+01 0.000000e+00 0.000000e+00 0.000000e+00 0.000000e+00 0.000000e+00 0.000000e+00 0.000000e+00 0.000000e+00 0.000000e+00
1.920000e+00 0.000000e+00 -5.016320e+03 -6.790230e+03 0.000000e+00 0.000000e+00 0.000000e+00 -3.630304e+01 -1.375609e+01 1.522817e+03 -3.980774e+01 0.000000e+00 0.000000e+00 0.000000e+00 0.000000e+00 0.000000e+00 0.000000e+00 0.000000e+00 0.000000e+00 0.000000e+00
1.921000e+00 0.000000e+00 -5.017432e+03 -6.787003e+03 0.000000e+00 0.000000e+00 0.000000e+00 -3.599661e+01 -1.345376e+01 1.523987e+03 -4.012828e+01 0.000000e+00 0.000000e+00 0.000000e+00 0.000000e+00 0.000000e+00 0.000000e+00 0.000000e+00 0.000000e+00 0.000000e+00
1.922000e+00 0.000000e+00 -5.018506e+03 -6.783733e+03 0.000000e+00 0.000000e+00 0.000000e+00 -3.569381e+01 -1.315528e+01 1.525154e+03 -4.043981e+01 0.000000e+00 0.000000e+00 0.000000e+00 0.000000e+00 0.000000e+00 0.000000e+00 0.000000e+00 0.000000e+00 0.000000e+00
1.923000e+00 0.000000e+00 -5.019545e+03 -6.780422e+03 0.000000e+00 0.000000e+00 0.000000e+00 -3.539479e+01 -1.286079e+01 1.526320e+03 -4.074205e+01 0.000000e+00 0.000000e+00 0.000000e+00 0.000000e+00 0.000000e+00 0.000000e+00 0.000000e+00 0.000000e+00 0.000000e+00
1.924000e+00 0.000000e+00 -5.020547e+03 -6.777074e+03 0.000000e+00 0.000000e+00 0.000000e+00 -3.509971e+01 -1.257044e+01 1.527485e+03 -4.103474e+01 0.000000e+00 0.000000e+00 0.000000e+00 0.000000e+00 0.000000e+00 0.000000e+00 0.000000e+00 0.000000e+00 0.000000e+00
1.925000e+00 0.000000e+00 -5.021515e+03 -6.773691e+03 0.000000e+00 0.000000e+00 0.000000e+00 -3.480872e+01 -1.228440e+01 1.528647e+03 -4.131762e+01 0.000000e+00 0.000000e+00 0.000000e+00 0.000000e+00 0.000000e+00 0.000000e+00 0.000000e+00 0.000000e+00 0.000000e+00
1.926000e+00 0.000000e+00 -5.022449e+03 -6.770277e+03 0.000000e+00 0.000000e+00 0.000000e+00 -3.452196e+01 -1.200278e+01 1.529807e+03 -4.159045e+01 0.000000e+00 0.000000e+00 0.000000e+00 0.000000e+00 0.000000e+00 0.000000e+00 0.000000e+00 0.000000e+00 0.000000e+00
1.927000e+00 0.000000e+00 -5.023349e+03 -6.766836e+03 0.000000e+00 0.000000e+00 0.000000e+00 -3.423956e+01 -1.172574e+01 1.530966e+03 -4.185297e+01 0.000000e+00 0.000000e+00 0.000000e+00 0.000000e+00 0.000000e+00 0.000000e+00 0.000000e+00 0.000000e+00 0.000000e+00
1.928000e+00 0.000000e+00 -5.024217e+03 -6.763369e+03 0.000000e+00 0.000000e+00 0.000000e+00 -3.396167e+01 -1.145343e+01 1.532123e+03 -4.210493e+01 0.000000e+00 0.000000e+00 0.000000e+00 0.000000e+00 0.000000e+00 0.000000e+00 0.000000e+00 0.000000e+00 0.000000e+00
1.929000e+00 0.000000e+00 -5.025054e+03 -6.759880e+03 0.000000e+00 0.000000e+00 0.000000e+00 -3.368845e+01 -1.118600e+01 1.533277e+03 -4.234606e+01 0.000000e+00 0.000000e+00 0.000000e+00 0.000000e+00 0.000000e+00 0.000000e+00 0.000000e+00 0.000000e+00 0.000000e+00
1.930000e+00 0.000000e+00 -5.025861e+03 -6.756373e+03 0.000000e+00 0.000000e+00 0.000000e+00 -3.342005e+01 -1.092359e+01 1.534430e+03 -4.257612e+01 0.000000e+00 0.000000e+00 0.000000e+00 0.000000e+00 0.000000e+00 0.000000e+00 0.000000e+00 0.000000e+00 0.000000e+00
1.931000e+00 0.000000e+00 -5.026638e+03 -6.752851e+03 0.000000e+00 0.000000e+00 0.000000e+00 -3.315662e+01 -1.066636e+01 1.535581e+03 -4.279484e+01 0.000000e+00 0.000000e+00 0.000000e+00 0.000000e+00 0.000000e+00 0.000000e+00 0.000000e+00 0.000000e+00 0.000000e+00
1.932000e+00 0.000000e+00 -5.027386e+03 -6.749318e+03 0.000000e+00 0.000000e+00 0.000000e+00 -3.289830e+01 -1.041445e+01 1.536729e+03 -4.300198e+01 0.000000e+00 0.000000e+00 0.000000e+00 0.000000e+00 0.000000e+00 0.000000e+00 0.000000e+00 0.000000e+00 0.000000e+00
1.933000e+00 0.000000e+00 -5.028107e+03 -6.745776e+03 0.000000e+00 0.000000e+00 0.000000e+00 -3.264525e+01 -1.016801e+01 1.537876e+03 -4.319728e+01 0.000000e+00 0.000000e+00 0.000000e+00 0.000000e+00 0.000000e+00 0.000000e+00 0.000000e+00 0.000000e+00 0.000000e+00
1.934000e+00 0.000000e+00 -5.028801e+03 -6.742229e+03 0.000000e+00 0.000000e+00 0.000000e+00 -3.239760e+01 -9.927185e+00 1.539020e+03 -4.338049e+01 0.000000e+00 0.000000e+00 0.000000e+00 0.000000e+00 0.000000e+00 0.000000e+00 0.000000e+00 0.000000e+00 0.000000e+00
1.935000e+00 0.000000e+00 -5.029469e+03 -6.738680e+03 0.000000e+00 0.000000e+00 0.000000e+00 -3.215550e+01 -9.692117e+00 1.540163e+03 -4.355138e+01 0.000000e+00 0.000000e+00 0.000000e+00 0.000000e+00 0.000000e+00 0.000000e+00 0.000000e+00 0.000000e+00 0.000000e+00
1.936000e+00 0.000000e+00 -5.030113e+03 -6.735133e+03 0.000000e+00 0.000000e+00 0.000000e+00 -3.191909e+01 -9.462949e+00 1.541303e+03 -4.370971e+01 0.000000e+00 0.000000e+00 0.000000e+00 0.000000e+00 0.000000e+00 0.000000e+00 0.000000e+00 0.000000e+00 0.000000e+00
1.937000e+00 0.000000e+00 -5.030733e+03 -6.731592e+03 0.000000e+00 0.000000e+00 0.000000e+00 -3.168852e+01 -9.239821e+00 1.542441e+03 -4.385522e+01 0.000000e+00 0.000000e+00 0.000000e+00 0.000000e+00 0.000000e+00 0.000000e+00 0.000000e+00 0.000000e+00 0.000000e+00
1.938000e+00 0.000000e+00 -5.031330e+03 -6.728059e+03 0.000000e+00 0.000000e+00 0.000000e+00 -3.146393e+01 -9.022873e+00 1.543577e+03 -4.398769e+01 0.000000e+00 0.000000e+00 0.000000e+00 0.000000e+00 0.000000e+00 0.000000e+00 0.000000e+00 0.000000e+00 0.000000e+00
1.939000e+00 0.000000e+00 -5.031907e+03 -6.724538e+03 0.000000e+00 0.000000e+00 0.000000e+00 -3.124545e+01 -8.812241e+00 1.544711e+03 -4.410689e+01 0.000000e+00 0.000000e+00 0.000000e+00 0.000000e+00 0.000000e+00 0.000000e+00 0.000000e+00 0.000000e+00 0.000000e+00
1.940000e+00 0.000000e+00 -5.032463e+03 -6.721033e+03 0.000000e+00 0.000000e+00 0.000000e+00 -3.103322e+01 -8.608062e+00 1.545842e+03 -4.421257e+01 0.000000e+00 0.000000e+00 0.000000e+00 0.000000e+00 0.000000e+00 0.000000e+00 0.000000e+00 0.000000e+00 0.000000e+00
1.941000e+00 0.000000e+00 -5.032999e+03 -6.717547e+03 0.000000e+00 0.000000e+00 0.000000e+00 -3.082737e+01 -8.410470e+00 1.546972e+03 -4.430453e+01 0.000000e+00 0.000000e+00 0.000000e+00 0.000000e+00 0.000000e+00 0.000000e+00 0.000000e+00 0.000000e+00 0.000000e+00
1.942000e+00 0.000000e+00 -5.033518e+03 -6.714084e+03 0.000000e+00 0.000000e+00 0.000000e+00 -3.062804e+01 -8.219598e+00 1.548099e+03 -4.438252e+01 0.000000e+00 0.000000e+00 0.000000e+00 0.000000e+00 0.000000e+00 0.000000e+00 0.000000e+00 0.000000e+00 0.000000e+00
1.943000e+00 0.000000e+00 -5.034020e+03 -6.710647e+03 0.000000e+00 0.000000e+00 0.000000e+00 -3.043537e+01 -8.035576e+00 1.549224e+03 -4.444633e+01 0.000000e+00 0.000000e+00 0.000000e+00 0.000000e+00 0.000000e+00 0.000000e+00 0.000000e+00 0.000000e+00 0.000000e+00
1.944000e+00 0.000000e+00 -5.034506e+03 -6.707239e+03 0.000000e+00 0.000000e+00 0.000000e+00 -3.024947e+01 -7.858533e+00 1.550347e+03 -4.449574e+01 0.000000e+00 0.000000e+00 0.000000e+00 0.000000e+00 0.000000e+00 0.000000e+00 0.000000e+00 0.000000e+00 0.000000e+00
1.945000e+00 0.000000e+00 -5.034977e+03 -6.703864e+03 0.000000e+00 0.000000e+00 0.000000e+00 -3.007048e+01 -7.688596e+00 1.551468e+03 -4.453054e+01 0.000000e+00 0.000000e+00 0.000000e+00 0.000000e+00 0.000000e+00 0.000000e+00 0.000000e+00 0.000000e+00 0.000000e+00
1.946000e+00 0.000000e+00 -5.035435e+03 -6.700526e+03 0.000000e+00 0.000000e+00 0.000000e+00 -2.989853e+01 -7.525891e+00 1.552587e+03 -4.455052e+01 0.000000e+00 0.000000e+00 0.000000e+00 0.000000e+00 0.000000e+00 0.000000e+00 0.000000e+00 0.000000e+00 0.000000e+00
1.947000e+00 0.000000e+00 -5.035881e+03 -6.697228e+03 0.000000e+00 0.000000e+00 0.000000e+00 -2.973373e+01 -7.370539e+00 1.553703e+03 -4.455546e+01 0.000000e+00 0.000000e+00 0.000000e+00 0.000000e+00 0.000000e+00 0.000000e+00 0.000000e+00 0.000000e+00 0.000000e+00
1.948000e+00 0.000000e+00 -5.036316e+03 -6.693973e+03 0.000000e+00 0.000000e+00 0.000000e+00 -2.957622e+01 -7.222662e+00 1.554818e+03 -4.454517e+01 0.000000e+00 0.000000e+00 0.000000e+00 0.000000e+00 0.000000e+00 0.000000e+00 0.000000e+00 0.000000e+00 0.000000e+00
1.949000e+00 0.000000e+00 -5.036741e+03 -6.690766e+03 0.000000e+00 0.000000e+00 0.000000e+00 -2.942610e+01 -7.082379e+00 1.555930e+03 -4.451945e+01 0.000000e+00 0.000000e+00 0.000000e+00 0.000000e+00 0.000000e+00 0.000000e+00 0.000000e+00 0.000000e+00 0.000000e+00
1.950000e+00 0.000000e+00 -5.037158e+03 -6.687609e+03 0.000000e+00 0.000000e+00 0.000000e+00 -2.928351e+01 -6.949807e+00 1.557040e+03 -4.447809e+01 0.000000e+00 0.000000e+00 0.000000e+00 0.000000e+00 0.000000e+00 0.000000e+00 0.000000e+00 0.000000e+00 0.000000e+00
1.951000e+00 0.000000e+00 -5.037568e+03 -6.684507e+03 0.000000e+00 0.000000e+00 0.000000e+00 -2.914854e+01 -6.825060e+00 1.558148e+03 -4.442091e+01 0.000000e+00 0.000000e+00 0.000000e+00 0.000000e+00 0.000000e+00 0.000000e+00 0.000000e+00 0.000000e+00 0.000000e+00
1.952000e+00 0.000000e+00 -5.037972e+03 -6.681461e+03 0.000000e+00 0.000000e+00 0.000000e+00 -2.902133e+01 -6.708249e+00 1.559254e+03 -4.434771e+01 0.000000e+00 0.000000e+00 0.000000e+00 0.000000e+00 0.000000e+00 0.000000e+00 0.000000e+00 0.000000e+00 0.000000e+00
1.953000e+00 0.000000e+00 -5.038372e+03 -6.678477e+03 0.000000e+00 0.000000e+00 0.000000e+00 -2.890197e+01 -6.599487e+00 1.560358e+03 -4.425832e+01 0.000000e+00 0.000000e+00 0.000000e+00 0.000000e+00 0.000000e+00 0.000000e+00 0.000000e+00 0.000000e+00 0.000000e+00
1.954000e+00 0.000000e+00 -5.038768e+03 -6.675558e+03 0.000000e+00 0.000000e+00 0.000000e+00 -2.879059e+01 -6.498891e+00 1.561460e+03 -4.415253e+01 0.000000e+00 0.000000e+00 0.000000e+00 0.000000e+00 0.000000e+00 0.000000e+00 0.000000e+00 0.000000e+00 0.000000e+00
1.955000e+00 0.000000e+00 -5.039163e+03 -6.672707e+03 0.000000e+00 0.000000e+00 0.000000e+00 -2.868732e+01 -6.406579e+00 1.562559e+03 -4.403016e+01 0.000000e+00 0.000000e+00 0.000000e+00 0.000000e+00 0.000000e+00 0.000000e+00 0.000000e+00 0.000000e+00 0.000000e+00
1.956000e+00 0.000000e+00 -5.039557e+03 -6.669927e+03 0.000000e+00 0.000000e+00 0.000000e+00 -2.859225e+01 -6.322665e+00 1.563657e+03 -4.389101e+01 0.000000e+00 0.000000e+00 0.000000e+00 0.000000e+00 0.000000e+00 0.000000e+00 0.000000e+00 0.000000e+00 0.000000e+00
1.957000e+00 0.000000e+00 -5.039953e+03 -6.667222e+03 0.000000e+00 0.000000e+00 0.000000e+00 -2.850552e+01 -6.247263e+00 1.564753e+03 -4.373490e+01 0.000000e+00 0.000000e+00 0.000000e+00 0.000000e+00 0.000000e+00 0.000000e+00 0.000000e+00 0.000000e+00 0.000000e+00
1.958000e+00 0.000000e+00 -5.040350e+03 -6.664597e+03 0.000000e+00 0.000000e+00 0.000000e+00 -2.842724e+01 -6.180483e+00 1.565847e+03 -4.356165e+01 0.000000e+00 0.000000e+00 0.000000e+00 0.000000e+00 0.000000e+00 0.000000e+00 0.000000e+00 0.000000e+00 0.000000e+00
1.959000e+00 0.000000e+00 -5.040752e+03 -6.662053e+03 0.000000e+00 0.000000e+00 0.000000e+00 -2.835751e+01 -6.122430e+00 1.566939e+03 -4.337109e+01 0.000000e+00 0.000000e+00 0.000000e+00 0.000000e+00 0.000000e+00 0.000000e+00 0.000000e+00 0.000000e+00 0.000000e+00
1.960000e+00 0.000000e+00 -5.041159e+03 -6.659595e+03 0.000000e+00 0.000000e+00 0.000000e+00 -2.829643e+01 -6.073210e+00 1.568029e+03 -4.316304e+01 0.000000e+00 0.000000e+00 0.000000e+00 0.000000e+00 0.000000e+00 0.000000e+00 0.000000e+00 0.000000e+00 0.000000e+00
1.961000e+00 0.000000e+00 -5.041572e+03 -6.657226e+03 0.000000e+00 0.000000e+00 0.000000e+00 -2.824412e+01 -6.032924e+00 1.569117e+03 -4.293734e+01 0.000000e+00 0.000000e+00 0.000000e+00 0.000000e+00 0.000000e+00 0.000000e+00 0.000000e+00 0.000000e+00 0.000000e+00
1.962000e+00 0.000000e+00 -5.041994e+03 -6.654950e+03 0.000000e+00 0.000000e+00 0.000000e+00 -2.820067e+01 -6.001671e+00 1.570204e+03 -4.269383e+01 0.000000e+00 0.000000e+00 0.000000e+00 0.000000e+00 0.000000e+00 0.000000e+00 0.000000e+00 0.000000e+00 0.000000e+00
1.963000e+00 0.000000e+00 -5.042425e+03 -6.652769e+03 0.000000e+00 0.000000e+00 0.000000e+00 -2.816618e+01 -5.979547e+00 1.571289e+03 -4.243234e+01 0.000000e+00 0.000000e+00 0.000000e+00 0.000000e+00 0.000000e+00 0.000000e+00 0.000000e+00 0.000000e+00 0.000000e+00
1.964000e+00 0.000000e+00 -5.042867e+03 -6.650687e+03 0.000000e+00 0.000000e+00 0.000000e+00 -2.814075e+01 -5.966644e+00 1.572372e+03 -4.215273e+01 0.000000e+00 0.000000e+00 0.000000e+00 0.000000e+00 0.000000e+00 0.000000e+00 0.000000e+00 0.000000e+00 0.000000e+00
1.965000e+00 0.000000e+00 -5.043322e+03 -6.648708e+03 0.000000e+00 0.000000e+00 0.000000e+00 -2.812447e+01 -5.963052e+00 1.573454e+03 -4.185485e+01 0.000000e+00 0.000000e+00 0.000000e+00 0.000000e+00 0.000000e+00 0.000000e+00 0.000000e+00 0.000000e+00 0.000000e+00
1.966000e+00 0.000000e+00 -5.043791e+03 -6.646835e+03 0.000000e+00 0.000000e+00 0.000000e+00 -2.811743e+01 -5.968859e+00 1.574534e+03 -4.153856e+01 0.000000e+00 0.000000e+00 0.000000e+00 0.000000e+00 0.000000e+00 0.000000e+00 0.000000e+00 0.000000e+00 0.000000e+00
1.967000e+00 0.000000e+00 -5.044275e+03 -6.645070e+03 0.000000e+00 0.000000e+00 0.000000e+00 -2.811971e+01 -5.984148e+00 1.575612e+03 -4.120371e+01 0.000000e+00 0.000000e+00 0.000000e+00 0.000000e+00 0.000000e+00 0.000000e+00 0.000000e+00 0.000000e+00 0.000000e+00
1.968000e+00 0.000000e+00 -5.044777e+03 -6.643418e+03 0.000000e+00 0.000000e+00 0.000000e+00 -2.813139e+01 -6.009000e+00 1.576689e+03 -4.085017e+01 0.000000e+00 0.000000e+00 0.000000e+00 0.000000e+00 0.000000e+00 0.000000e+00 0.000000e+00 0.000000e+00 0.000000e+00
1.969000e+00 0.000000e+00 -5.045297e+03 -6.641881e+03 0.000000e+00 0.000000e+00 0.000000e+00 -2.815256e+01 -6.043493e+00 1.577765e+03 -4.047782e+01 0.000000e+00 0.000000e+00 0.000000e+00 0.000000e+00 0.000000e+00 0.000000e+00 0.000000e+00 0.000000e+00 0.000000e+00
1.970000e+00 0.000000e+00 -5.045838e+03 -6.640462e+03 0.000000e+00 0.000000e+00 0.000000e+00 -2.818330e+01 -6.087702e+00 1.578839e+03 -4.008652e+01 0.000000e+00 0.000000e+00 0.000000e+00 0.000000e+00 0.000000e+00 0.000000e+00 0.000000e+00 0.000000e+00 0.000000e+00
1.971000e+00 0.000000e+00 -5.046400e+03 -6.639164e+03 0.000000e+00 0.000000e+00 0.000000e+00 -2.822367e+01 -6.141698e+00 1.579912e+03 -3.967617e+01 0.000000e+00 0.000000e+00 0.000000e+00 0.000000e+00 0.000000e+00 0.000000e+00 0.000000e+00 0.000000e+00 0.000000e+00
1.972000e+00 0.000000e+00 -5.046985e+03 -6.637991e+03 0.000000e+00 0.000000e+00 0.000000e+00 -2.827374e+01 -6.205549e+00 1.580984e+03 -3.924664e+01 0.000000e+00 0.000000e+00 0.000000e+00 0.000000e+00 0.000000e+00 0.000000e+00 0.000000e+00 0.000000e+00 0.000000e+00
1.973000e+00 0.000000e+00 -5.047595e+03 -6.636946e+03 0.000000e+00 0.000000e+00 0.000000e+00 -2.833359e+01 -6.279321e+00 1.582055e+03 -3.879782e+01 0.000000e+00 0.000000e+00 0.000000e+00 0.000000e+00 0.000000e+00 0.000000e+00 0.000000e+00 0.000000e+00 0.000000e+00
1.974000e+00 0.000000e+00 -5.048232e+03 -6.636030e+03 0.000000e+00 0.000000e+00 0.000000e+00 -2.840327e+01 -6.363076e+00 1.583125e+03 -3.832962e+01 0.000000e+00 0.000000e+00 0.000000e+00 0.000000e+00 0.000000e+00 0.000000e+00 0.000000e+00 0.000000e+00 0.000000e+00
1.975000e+00 0.000000e+00 -5.048896e+03 -6.635248e+03 0.000000e+00 0.000000e+00 0.000000e+00 -2.848285e+01 -6.456873e+00 1.584194e+03 -3.784193e+01 0.000000e+00 0.000000e+00 0.000000e+00 0.000000e+00 0.000000e+00 0.000000e+00 0.000000e+00 0.000000e+00 0.000000e+00
1.976000e+00 0.000000e+00 -5.049589e+03 -6.634602e+03 0.000000e+00 0.000000e+00 0.000000e+00 -2.857240e+01 -6.560779e+00 1.585262e+03 -3.733464e+01 0.000000e+00 0.000000e+00 0.000000e+00 0.000000e+00 0.000000e+00 0.000000e+00 0.000000e+00 0.000000e+00 0.000000e+00
1.977000e+00 0.000000e+00 -5.050314e+03 -6.634095e+03 0.000000e+00 0.000000e+00 0.000000e+00 -2.867199e+01 -6.674867e+00 1.586329e+03 -3.680764e+01 0.000000e+00 0.000000e+00 0.000000e+00 0.000000e+00 0.000000e+00 0.000000e+00 0.000000e+00 0.000000e+00 0.000000e+00
1.978000e+00 0.000000e+00 -5.051072e+03 -6.633730e+03 0.000000e+00 0.000000e+00 0.000000e+00 -2.878170e+01 -6.799203e+00 1.587396e+03 -3.626082e+01 0.000000e+00 0.000000e+00 0.000000e+00 0.000000e+00 0.000000e+00 0.000000e+00 0.000000e+00 0.000000e+00 0.000000e+00
1.979000e+00 0.000000e+00 -5.051864e+03 -6.633509e+03 0.000000e+00 0.000000e+00 0.000000e+00 -2.890158e+01 -6.933851e+00 1.588462e+03 -3.569408e+01 0.000000e+00 0.000000e+00 0.000000e+00 0.000000e+00 0.000000e+00 0.000000e+00 0.000000e+00 0.000000e+00 0.000000e+00
1.980000e+00 0.000000e+00 -5.052691e+03 -6.633435e+03 0.000000e+00 0.000000e+00 0.000000e+00 -2.903171e+01 -7.078871e+00 1.589527e+03 -3.510733e+01 0.000000e+00 0.000000e+00 0.000000e+00 0.000000e+00 0.000000e+00 0.000000e+00 0.000000e+00 0.000000e+00 0.000000e+00
1.981000e+00 0.000000e+00 -5.053556e+03 -6.633512e+03 0.000000e+00 0.000000e+00 0.000000e+00 -2.917213e+01 -7.234319e+00 1.590592e+03 -3.450048e+01 0.000000e+00 0.000000e+00 0.000000e+00 0.000000e+00 0.000000e+00 0.000000e+00 0.000000e+00 0.000000e+00 0.000000e+00
1.982000e+00 0.000000e+00 -5.054461e+03 -6.633741e+03 0.000000e+00 0.000000e+00 0.000000e+00 -2.932291e+01 -7.400248e+00 1.591657e+03 -3.387344e+01 0.000000e+00 0.000000e+00 0.000000e+00 0.000000e+00 0.000000e+00 0.000000e+00 0.000000e+00 0.000000e+00 0.000000e+00
1.983000e+00 0.000000e+00 -5.055406e+03 -6.634125e+03 0.000000e+00 0.000000e+00 0.000000e+00 -2.948410e+01 -7.576707e+00 1.592721e+03 -3.322613e+01 0.000000e+00 0.000000e+00 0.000000e+00 0.000000e+00 0.000000e+00 0.000000e+00 0.000000e+00 0.000000e+00 0.000000e+00
1.984000e+00 0.000000e+00 -5.056393e+03 -6.634666e+03 0.000000e+00 0.000000e+00 0.000000e+00 -2.965575e+01 -7.763742e+00 1.593785e+03 -3.255848e+01 0.000000e+00 0.000000e+00 0.000000e+00 0.000000e+00 0.000000e+00 0.000000e+00 0.000000e+00 0.000000e+00 0.000000e+00
1.985000e+00 0.000000e+00 -5.057425e+03 -6.635367e+03 0.000000e+00 0.000000e+00 0.000000e+00 -2.983789e+01 -7.961393e+00 1.594849e+03 -3.187042e+01 0.000000e+00 0.000000e+00 0.000000e+00 0.000000e+00 0.000000e+00 0.000000e+00 0.000000e+00 0.000000e+00 0.000000e+00
1.986000e+00 0.000000e+00 -5.058502e+03 -6.636231e+03 0.000000e+00 0.000000e+00 0.000000e+00 -3.003058e+01 -8.169700e+00 1.595913e+03 -3.116189e+01 0.000000e+00 0.000000e+00 0.000000e+00 0.000000e+00 0.000000e+00 0.000000e+00 0.000000e+00 0.000000e+00 0.000000e+00
1.987000e+00 0.000000e+00 -5.059626e+03 -6.637258e+03 0.000000e+00 0.000000e+00 0.000000e+00 -3.023384e+01 -8.388695e+00 1.596978e+03 -3.043283e+01 0.000000e+00 0.000000e+00 0.000000e+00 0.000000e+00 0.000000e+00 0.000000e+00 0.000000e+00 0.000000e+00 0.000000e+00
1.988000e+00 0.000000e+00 -5.060798e+03 -6.638452e+03 0.000000e+00 0.000000e+00 0.000000e+00 -3.044771e+01 -8.618409e+00 1.598042e+03 -2.968320e+01 0.000000e+00 0.000000e+00 0.000000e+00 0.000000e+00 0.000000e+00 0.000000e+00 0.000000e+00 0.000000e+00 0.000000e+00
1.989000e+00 0.000000e+00 -5.062022e+03 -6.639815e+03 0.000000e+00 0.000000e+00 0.000000e+00 -3.067222e+01 -8.858869e+00 1.599107e+03 -2.891294e+01 0.000000e+00 0.000000e+00 0.000000e+00 0.000000e+00 0.000000e+00 0.000000e+00 0.000000e+00 0.000000e+00 0.000000e+00
1.990000e+00 0.000000e+00 -5.063297e+03 -6.641348e+03 0.000000e+00 0.000000e+00 0.000000e+00 -3.090738e+01 -9.110097e+00 1.600173e+03 -2.812202e+01 0.000000e+00 0.000000e+00 0.000000e+00 0.000000e+00 0.000000e+00 0.000000e+00 0.000000e+00 0.000000e+00 0.000000e+00
1.991000e+00 0.000000e+00 -5.064625e+03 -6.643053e+03 0.000000e+00 0.000000e+00 0.000000e+00 -3.115323e+01 -9.372111e+00 1.601238e+03 -2.731040e+01 0.000000e+00 0.000000e+00 0.000000e+00 0.000000e+00 0.000000e+00 0.000000e+00 0.000000e+00 0.000000e+00 0.000000e+00
1.992000e+00 0.000000e+00 -5.066009e+03 -6.644933e+03 0.000000e+00 0.000000e+00 0.000000e+00 -3.140978e+01 -9.644928e+00 1.602305e+03 -2.647806e+01 0.000000e+00 0.000000e+00 0.000000e+00 0.000000e+00 0.000000e+00 0.000000e+00 0.000000e+00 0.000000e+00 0.000000e+00
1.993000e+00 0.000000e+00 -5.067449e+03 -6.646988e+03 0.000000e+00 0.000000e+00 0.000000e+00 -3.167704e+01 -9.928559e+00 1.603373e+03 -2.562497e+01 0.000000e+00 0.000000e+00 0.000000e+00 0.000000e+00 0.000000e+00 0.000000e+00 0.000000e+00 0.000000e+00 0.000000e+00
1.994000e+00 0.000000e+00 -5.068947e+03 -6.649221e+03 0.000000e+00 0.000000e+00 0.000000e+00 -3.195502e+01 -1.022301e+01 1.604441e+03 -2.475112e+01 0.000000e+00 0.000000e+00 0.000000e+00 0.000000e+00 0.000000e+00 0.000000e+00 0.000000e+00 0.000000e+00 0.000000e+00
1.995000e+00 0.000000e+00 -5.070505e+03 -6.651633e+03 0.000000e+00 0.000000e+00 0.000000e+00 -3.224372e+01 -1.052829e+01 1.605510e+03 -2.385650e+01 0.000000e+00 0.000000e+00 0.000000e+00 0.000000e+00 0.000000e+00 0.000000e+00 0.000000e+00 0.000000e+00 0.000000e+00
1.996000e+00 0.000000e+00 -5.072124e+03 -6.654225e+03 0.000000e+00 0.000000e+00 0.000000e+00 -3.254315e+01 -1.084439e+01 1.606581e+03 -2.294109e+01 0.000000e+00 0.000000e+00 0.000000e+00 0.000000e+00 0.000000e+00 0.000000e+00 0.000000e+00 0.000000e+00 0.000000e+00
1.997000e+00 0.000000e+00 -5.073805e+03 -6.657000e+03 0.000000e+00 0.000000e+00 0.000000e+00 -3.285331e+01 -1.117132e+01 1.607653e+03 -2.200489e+01 0.000000e+00 0.000000e+00 0.000000e+00 0.000000e+00 0.000000e+00 0.000000e+00 0.000000e+00 0.000000e+00 0.000000e+00
1.998000e+00 0.000000e+00 -5.075551e+03 -6.659958e+03 0.000000e+00 0.000000e+00 0.000000e+00 -3.317423e+01 -1.150910e+01 1.608726e+03 -2.104787e+01 0.000000e+00 0.000000e+00 0.000000e+00 0.000000e+00 0.000000e+00 0.000000e+00 0.000000e+00 0.000000e+00 0.000000e+00
1.999000e+00 0.000000e+00 -5.077363e+03 -6.663100e+03 0.000000e+00 0.000000e+00 0.000000e+00 -3.350593e+01 -1.185775e+01 1.609800e+03 -2.007001e+01 0.000000e+00 0.000000e+00 0.000000e+00 0.000000e+00 0.000000e+00 0.000000e+00 0.000000e+00 0.000000e+00 0.000000e+00
2.000000e+00 0.000000e+00 -5.079242e+03 -6.666429e+03 0.000000e+00 0.000000e+00 0.000000e+00 -3.384841e+01 -1.221726e+01 1.610877e+03 -1.907130e+01 0.000000e+00 0.000000e+00 0.000000e+00 0.000000e+00 0.000000e+00 0.000000e+00 0.000000e+00 0.000000e+00 0.000000e+00
2.001000e+00 0.000000e+00 -5.081189e+03 -6.669945e+03 0.000000e+00 0.000000e+00 0.000000e+00 -3.420167e+01 -1.258765e+01 1.611955e+03 -1.805175e+01 0.000000e+00 0.000000e+00 0.000000e+00 0.000000e+00 0.000000e+00 0.000000e+00 0.000000e+00 0.000000e+00 0.000000e+00
2.002000e+00 0.000000e+00 -5.083207e+03 -6.673650e+03 0.000000e+00 0.000000e+00 0.000000e+00 -3.456573e+01 -1.296891e+01 1.613034e+03 -1.701135e+01 0.000000e+00 0.000000e+00 0.000000e+00 0.000000e+00 0.000000e+00 0.000000e+00 0.000000e+00 0.000000e+00 0.000000e+00
2.003000e+00 0.000000e+00 -5.085297e+03 -6.677543e+03 0.000000e+00 0.000000e+00 0.000000e+00 -3.494058e+01 -1.336105e+01 1.614116e+03 -1.595010e+01 0.000000e+00 0.000000e+00 0.000000e+00 0.000000e+00 0.000000e+00 0.000000e+00 0.000000e+00 0.000000e+00 0.000000e+00
2.004000e+00 0.000000e+00 -5.087459e+03 -6.681627e+03 0.000000e+00 0.000000e+00 0.000000e+00 -3.532620e+01 -1.376404e+01 1.615200e+03 -1.486803e+01 0.000000e+00 0.000000e+00 0.000000e+00 0.000000e+00 0.000000e+00 0.000000e+00 0.000000e+00 0.000000e+00 0.000000e+00
2.005000e+00 0.000000e+00 -5.089696e+03 -6.685902e+03 0.000000e+00 0.000000e+00 0.000000e+00 -3.572260e+01 -1.417789e+01 1.616286e+03 -1.376515e+01 0.000000e+00 0.000000e+00 0.000000e+00 0.000000e+00 0.000000e+00 0.000000e+00 0.000000e+00 0.000000e+00 0.000000e+00
2.006000e+00 0.000000e+00 -5.092010e+03 -6.690369e+03 0.000000e+00 0.000000e+00 0.000000e+00 -3.612976e+01 -1.460256e+01 1.617375e+03 -1.264148e+01 0.000000e+00 0.000000e+00 0.000000e+00 0.000000e+00 0.000000e+00 0.000000e+00 0.000000e+00 0.000000e+00 0.000000e+00
2.007000e+00 0.000000e+00 -5.094400e+03 -6.695028e+03 0.000000e+00 0.000000e+00 0.000000e+00 -3.654766e+01 -1.503805e+01 1.618466e+03 -1.149707e+01 0.000000e+00 0.000000e+00 0.000000e+00 0.000000e+00 0.000000e+00 0.000000e+00 0.000000e+00 0.000000e+00 0.000000e+00
2.008000e+00 0.000000e+00 -5.096869e+03 -6.699879e+03 0.000000e+00 0.000000e+00 0.000000e+00 -3.697627e+01 -1.548433e+01 1.619559e+03 -1.033194e+01 0.000000e+00 0.000000e+00 0.000000e+00 0.000000e+00 0.000000e+00 0.000000e+00 0.000000e+00 0.000000e+00 0.000000e+00
2.009000e+00 0.000000e+00 -5.099418e+03 -6.704924e+03 0.000000e+00 0.000000e+00 0.000000e+00 -3.741558e+01 -1.594137e+01 1.620655e+03 -9.146134e+00 0.000000e+00 0.000000e+00 0.000000e+00 0.000000e+00 0.000000e+00 0.000000e+00 0.000000e+00 0.000000e+00 0.000000e+00
2.010000e+00 0.000000e+00 -5.102049e+03 -6.710161e+03 0.000000e+00 0.000000e+00 0.000000e+00 -3.786555e+01 -1.640915e+01 1.621754e+03 -7.939707e+00 0.000000e+00 0.000000e+00 0.000000e+00 0.000000e+00 0.000000e+00 0.000000e+00 0.000000e+00 0.000000e+00 0.000000e+00
2.011000e+00 0.000000e+00 -5.104762e+03 -6.715593e+03 0.000000e+00 0.000000e+00 0.000000e+00 -3.832615e+01 -1.688761e+01 1.622856e+03 -6.712710e+00 0.000000e+00 0.000000e+00 0.000000e+00 0.000000e+00 0.000000e+00 0.000000e+00 0.000000e+00 0.000000e+00 0.000000e+00
2.012000e+00 0.000000e+00 -5.107558e+03 -6.721218e+03 0.000000e+00 0.000000e+00 0.000000e+00 -3.879733e+01 -1.737674e+01 1.623961e+03 -5.465204e+00 0.000000e+00 0.000000e+00 0.000000e+00 0.000000e+00 0.000000e+00 0.000000e+00 0.000000e+00 0.000000e+00 0.000000e+00
2.013000e+00 0.000000e+00 -5.110440e+03 -6.727036e+03 0.000000e+00 0.000000e+00 0.000000e+00 -3.927907e+01 -1.787648e+01 1.625069e+03 -4.197254e+00 0.000000e+00 0.000000e+00 0.000000e+00 0.000000e+00 0.000000e+00 0.000000e+00 0.000000e+00 0.000000e+00 0.000000e+00
2.014000e+00 0.000000e+00 -5.113407e+03 -6.733048e+03 0.000000e+00 0.000000e+00 0.000000e+00 -3.977130e+01 -1.838679e+01 1.626180e+03 -2.908930e+00 0.000000e+00 0.000000e+00 0.000000e+00 0.000000e+00 0.000000e+00 0.000000e+00 0.000000e+00 0.000000e+00 0.000000e+00
2.015000e+00 0.000000e+00 -5.116462e+03 -6.739252e+03 0.000000e+00 0.000000e+00 0.000000e+00 -4.027399e+01 -1.890761e+01 1.627295e+03 -1.600311e+00 0.000000e+00 0.000000e+00 0.000000e+00 0.000000e+00 0.000000e+00 0.000000e+00 0.000000e+00 0.000000e+00 0.000000e+00
2.016000e+00 0.000000e+00 -5.119606e+03 -6.745650e+03 0.000000e+00 0.000000e+00 0.000000e+00 -4.078707e+01 -1.943890e+01 1.628414e+03 -2.714775e-01 0.000000e+00 0.000000e+00 0.000000e+00 0.000000e+00 0.000000e+00 0.000000e+00 0.000000e+00 0.000000e+00 0.000000e+00
2.017000e+00 0.000000e+00 -5.122838e+03 -6.752239e+03 0.000000e+00 0.000000e+00 0.000000e+00 -4.131050e+01 -1.998060e+01 1.629535e+03 1.077482e+00 0.000000e+00 0.000000e+00 0.000000e+00 0.000000e+00 0.000000e+00 0.000000e+00 0.000000e+00 0.000000e+00 0.000000e+00
2.018000e+00 0.000000e+00 -5.126162e+03 -6.759021e+03 0.000000e+00 0.000000e+00 0.000000e+00 -4.184423e+01 -2.053266e+01 1.630661e+03 2.446500e+00 0.000000e+00 0.000000e+00 0.000000e+00 0.000000e+00 0.000000e+00 0.000000e+00 0.000000e+00 0.000000e+00 0.000000e+00
2.019000e+00 0.000000e+00 -5.129577e+03 -6.765994e+03 0.000000e+00 0.000000e+00 0.000000e+00 -4.238823e+01 -2.109505e+01 1.631791e+03 3.835507e+00 0.000000e+00 0.000000e+00 0.000000e+00 0.000000e+00 0.000000e+00 0.000000e+00 0.000000e+00 0.000000e+00 0.000000e+00
2.020000e+00 0.000000e+00 -5.133084e+03 -6.773157e+03 0.000000e+00 0.000000e+00 0.000000e+00 -4.294246e+01 -2.166772e+01 1.632924e+03 5.244423e+00 0.000000e+00 0.000000e+00 0.000000e+00 0.000000e+00 0.000000e+00 0.000000e+00 0.000000e+00 0.000000e+00 0.000000e+00
2.021000e+00 0.000000e+00 -5.136685e+03 -6.780511e+03 0.000000e+00 0.000000e+00 0.000000e+00 -4.350685e+01 -2.225063e+01 1.634062e+03 6.673164e+00 0.000000e+00 0.000000e+00 0.000000e+00 0.000000e+00 0.000000e+00 0.000000e+00 0.000000e+00 0.000000e+00 0.000000e+00
2.022000e+00 0.000000e+00 -5.140381e+03 -6.788054e+03 0.000000e+00 0.000000e+00 0.000000e+00 -4.408137e+01 -2.284371e+01 1.635203e+03 8.121640e+00 0.000000e+00 0.000000e+00 0.000000e+00 0.000000e+00 0.000000e+00 0.000000e+00 0.000000e+00 0.000000e+00 0.000000e+00
2.023000e+00 0.000000e+00 -5.144172e+03 -6.795785e+03 0.000000e+00 0.000000e+00 0.000000e+00 -4.466595e+01 -2.344691e+01 1.636349e+03 9.589755e+00 0.000000e+00 0.000000e+00 0.000000e+00 0.000000e+00 0.000000e+00 0.000000e+00 0.000000e+00 0.000000e+00 0.000000e+00
2.024000e+00 0.000000e+00 -5.148060e+03 -6.803703e+03 0.000000e+00 0.000000e+00 0.000000e+00 -4.526053e+01 -2.406017e+01 1.637499e+03 1.107741e+01 0.000000e+00 0.000000e+00 0.000000e+00 0.000000e+00 0.000000e+00 0.000000e+00 0.000000e+00 0.000000e+00 0.000000e+00
2.025000e+00 0.000000e+00 -5.152045e+03 -6.811807e+03 0.000000e+00 0.000000e+00 0.000000e+00 -4.586506e+01 -2.468343e+01 1.638654e+03 1.258449e+01 0.000000e+00 0.000000e+00 0.000000e+00 0.000000e+00 0.000000e+00 0.000000e+00 0.000000e+00 0.000000e+00 0.000000e+00
2.026000e+00 0.000000e+00 -5.156128e+03 -6.820096e+03 0.000000e+00 0.000000e+00 0.000000e+00 -4.647946e+01 -2.531661e+01 1.639813e+03 1.411090e+01 0.000000e+00 0.000000e+00 0.000000e+00 0.000000e+00 0.000000e+00 0.000000e+00 0.000000e+00 0.000000e+00 0.000000e+00
2.027000e+00 0.000000e+00 -5.160310e+03 -6.828568e+03 0.000000e+00 0.000000e+00 0.000000e+00 -4.710367e+01 -2.595965e+01 1.640977e+03 1.565650e+01 0.000000e+00 0.000000e+00 0.000000e+00 0.000000e+00 0.000000e+00 0.000000e+00 0.000000e+00 0.000000e+00 0.000000e+00
2.028000e+00 0.000000e+00 -5.164591e+03 -6.837222e+03 0.000000e+00 0.000000e+00 0.000000e+00 -4.773760e+01 -2.661247e+01 1.642146e+03 1.722118e+01 0.000000e+00 0.000000e+00 0.000000e+00 0.000000e+00 0.000000e+00 0.000000e+00 0.000000e+00 0.000000e+00 0.000000e+00
2.029000e+00 0.000000e+00 -5.168972e+03 -6.846057e+03 0.000000e+00 0.000000e+00 0.000000e+00 -4.838119e+01 -2.727499e+01 1.643320e+03 1.880482e+01 0.000000e+00 0.000000e+00 0.000000e+00 0.000000e+00 0.000000e+00 0.000000e+00 0.000000e+00 0.000000e+00 0.000000e+00
2.030000e+00 0.000000e+00 -5.173454e+03 -6.855070e+03 0.000000e+00 0.000000e+00 0.000000e+00 -4.903435e+01 -2.794714e+01 1.644498e+03 2.040727e+01 0.000000e+00 0.000000e+00 0.000000e+00 0.000000e+00 0.000000e+00 0.000000e+00 0.000000e+00 0.000000e+00 0.000000e+00
2.031000e+00 0.000000e+00 -5.178037e+03 -6.864260e+03 0.000000e+00 0.000000e+00 0.000000e+00 -4.969700e+01 -2.862882e+01 1.645681e+03 2.202839e+01 0.000000e+00 0.000000e+00 0.000000e+00 0.000000e+00 0.000000e+00 0.000000e+00 0.000000e+00 0.000000e+00 0.000000e+00
2.032000e+00 0.000000e+00 -5.182722e+03 -6.873625e+03 0.000000e+00 0.000000e+00 0.000000e+00 -5.036904e+01 -2.931995e+01 1.646870e+03 2.366805e+01 0.000000e+00 0.000000e+00 0.000000e+00 0.000000e+00 0.000000e+00 0.000000e+00 0.000000e+00 0.000000e+00 0.000000e+00
2.033000e+00 0.000000e+00 -5.187509e+03 -6.883163e+03 0.000000e+00 0.000000e+00 0.000000e+00 -5.105040e+01 -3.002045e+01 1.648063e+03 2.532610e+01 0.000000e+00 0.000000e+00 0.000000e+00 0.000000e+00 0.000000e+00 0.000000e+00 0.000000e+00 0.000000e+00 0.000000e+00
2.034000e+00 0.000000e+00 -5.192399e+03 -6.892872e+03 0.000000e+00 0.000000e+00 0.000000e+00 -5.174097e+01 -3.073021e+01 1.649262e+03 2.700238e+01 0.000000e+00 0.000000e+00 0.000000e+00 0.000000e+00 0.000000e+00 0.000000e+00 0.000000e+00 0.000000e+00 0.000000e+00
2.035000e+00 0.000000e+00 -5.197392e+03 -6.902749e+03 0.000000e+00 0.000000e+00 0.000000e+00 -5.244065e+01 -3.144913e+01 1.650466e+03 2.869672e+01 0.000000e+00 0.000000e+00 0.000000e+00 0.000000e+00 0.000000e+00 0.000000e+00 0.000000e+00 0.000000e+00 0.000000e+00
2.036000e+00 0.000000e+00 -5.202488e+03 -6.912793e+03 0.000000e+00 0.000000e+00 0.000000e+00 -5.314935e+01 -3.217713e+01 1.651675e+03 3.040898e+01 0.000000e+00 0.000000e+00 0.000000e+00 0.000000e+00 0.000000e+00 0.000000e+00 0.000000e+00 0.000000e+00 0.000000e+00
2.037000e+00 0.000000e+00 -5.207688e+03 -6.923001e+03 0.000000e+00 0.000000e+00 0.000000e+00 -5.386697e+01 -3.291409e+01 1.652890e+03 3.213898e+01 0.000000e+00 0.000000e+00 0.000000e+00 0.000000e+00 0.000000e+00 0.000000e+00 0.000000e+00 0.000000e+00 0.000000e+00
2.038000e+00 0.000000e+00 -5.212991e+03 -6.933371e+03 0.000000e+00 0.000000e+00 0.000000e+00 -5.459341e+01 -3.365994e+01 1.654110e+03 3.388658e+01 0.000000e+00 0.000000e+00 0.000000e+00 0.000000e+00 0.000000e+00 0.000000e+00 0.000000e+00 0.000000e+00 0.000000e+00
2.039000e+00 0.000000e+00 -5.218399e+03 -6.943900e+03 0.000000e+00 0.000000e+00 0.000000e+00 -5.532861e+01 -3.441458e+01 1.655335e+03 3.565161e+01 0.000000e+00 0.000000e+00 0.000000e+00 0.000000e+00 0.000000e+00 0.000000e+00 0.000000e+00 0.000000e+00 0.000000e+00
2.040000e+00 0.000000e+00 -5.223911e+03 -6.954586e+03 0.000000e+00 0.000000e+00 0.000000e+00 -5.607245e+01 -3.517793e+01 1.656566e+03 3.743393e+01 0.000000e+00 0.000000e+00 0.000000e+00 0.000000e+00 0.000000e+00 0.000000e+00 0.000000e+00 0.000000e+00 0.000000e+00
2.041000e+00 0.000000e+00 -5.229527e+03 -6.965426e+03 0.000000e+00 0.000000e+00 0.000000e+00 -5.682485e+01 -3.594988e+01 1.657803e+03 3.923336e+01 0.000000e+00 0.000000e+00 0.000000e+00 0.000000e+00 0.000000e+00 0.000000e+00 0.000000e+00 0.000000e+00 0.000000e+00
2.042000e+00 0.000000e+00 -5.235248e+03 -6.976418e+03 0.000000e+00 0.000000e+00 0.000000e+00 -5.758571e+01 -3.673034e+01 1.659045e+03 4.104972e+01 0.000000e+00 0.000000e+00 0.000000e+00 0.000000e+00 0.000000e+00 0.000000e+00 0.000000e+00 0.000000e+00 0.000000e+00
2.043000e+00 0.000000e+00 -5.241073e+03 -6.987558e+03 0.000000e+00 0.000000e+00 0.000000e+00 -5.835492e+01 -3.751920e+01 1.660293e+03 4.288286e+01 0.000000e+00 0.000000e+00 0.000000e+00 0.000000e+00 0.000000e+00 0.000000e+00 0.000000e+00 0.000000e+00 0.000000e+00
2.044000e+00 0.000000e+00 -5.247002e+03 -6.998844e+03 0.000000e+00 0.000000e+00 0.000000e+00 -5.913238e+01 -3.831636e+01 1.661546e+03 4.473257e+01 0.000000e+00 0.000000e+00 0.000000e+00 0.000000e+00 0.000000e+00 0.000000e+00 0.000000e+00 0.000000e+00 0.000000e+00
2.045000e+00 0.000000e+00 -5.253036e+03 -7.010273e+03 0.000000e+00 0.000000e+00 0.000000e+00 -5.991798e+01 -3.912172e+01 1.662805e+03 4.659869e+01 0.000000e+00 0.000000e+00 0.000000e+00 0.000000e+00 0.000000e+00 0.000000e+00 0.000000e+00 0.000000e+00 0.000000e+00
2.046000e+00 0.000000e+00 -5.259174e+03 -7.021841e+03 0.000000e+00 0.000000e+00 0.000000e+00 -6.071162e+01 -3.993516e+01 1.664070e+03 4.848101e+01 0.000000e+00 0.000000e+00 0.000000e+00 0.000000e+00 0.000000e+00 0.000000e+00 0.000000e+00 0.000000e+00 0.000000e+00
2.047000e+00 0.000000e+00 -5.265415e+03 -7.033546e+03 0.000000e+00 0.000000e+00 0.000000e+00 -6.151317e+01 -4.075657e+01 1.665341e+03 5.037935e+01 0.000000e+00 0.000000e+00 0.000000e+00 0.000000e+00 0.000000e+00 0.000000e+00 0.000000e+00 0.000000e+00 0.000000e+00
2.048000e+00 0.000000e+00 -5.271760e+03 -7.045384e+03 0.000000e+00 0.000000e+00 0.000000e+00 -6.232253e+01 -4.158583e+01 1.666617e+03 5.229351e+01 0.000000e+00 0.000000e+00 0.000000e+00 0.000000e+00 0.000000e+00 0.000000e+00 0.000000e+00 0.000000e+00 0.000000e+00
2.049000e+00 0.000000e+00 -5.278208e+03 -7.057353e+03 0.000000e+00 0.000000e+00 0.000000e+00 -6.313958e+01 -4.242283e+01 1.667899e+03 5.422328e+01 0.000000e+00 0.000000e+00 0.000000e+00 0.000000e+00 0.000000e+00 0.000000e+00 0.000000e+00 0.000000e+00 0.000000e+00
2.050000e+00 0.000000e+00 -5.284759e+03 -7.069447e+03 0.000000e+00 0.000000e+00 0.000000e+00 -6.396419e+01 -4.326745e+01 1.669186e+03 5.616845e+01 0.000000e+00 0.000000e+00 0.000000e+00 0.000000e+00 0.000000e+00 0.000000e+00 0.000000e+00 0.000000e+00 0.000000e+00
2.051000e+00 0.000000e+00 -5.291411e+03 -7.081665e+03 0.000000e+00 0.000000e+00 0.000000e+00 -6.479624e+01 -4.411957e+01 1.670480e+03 5.812882e+01 0.000000e+00 0.000000e+00 0.000000e+00 0.000000e+00 0.000000e+00 0.000000e+00 0.000000e+00 0.000000e+00 0.000000e+00
2.052000e+00 0.000000e+00 -5.298166e+03 -7.094002e+03 0.000000e+00 0.000000e+00 0.000000e+00 -6.563562e+01 -4.497906e+01 1.671778e+03 6.010416e+01 0.000000e+00 0.000000e+00 0.000000e+00 0.000000e+00 0.000000e+00 0.000000e+00 0.000000e+00 0.000000e+00 0.000000e+00
2.053000e+00 0.000000e+00 -5.305022e+03 -7.106455e+03 0.000000e+00 0.000000e+00 0.000000e+00 -6.648218e+01 -4.584579e+01 1.673083e+03 6.209426e+01 0.000000e+00 0.000000e+00 0.000000e+00 0.000000e+00 0.000000e+00 0.000000e+00 0.000000e+00 0.000000e+00 0.000000e+00
2.054000e+00 0.000000e+00 -5.311978e+03 -7.119020e+03 0.000000e+00 0.000000e+00 0.000000e+00 -6.733579e+01 -4.671963e+01 1.674393e+03 6.409890e+01 0.000000e+00 0.000000e+00 0.000000e+00 0.000000e+00 0.000000e+00 0.000000e+00 0.000000e+00 0.000000e+00 0.000000e+00
2.055000e+00 0.000000e+00 -5.319034e+03 -7.131693e+03 0.000000e+00 0.000000e+00 0.000000e+00 -6.819634e+01 -4.760046e+01 1.675709e+03 6.611784e+01 0.000000e+00 0.000000e+00 0.000000e+00 0.000000e+00 0.000000e+00 0.000000e+00 0.000000e+00 0.000000e+00 0.000000e+00
2.056000e+00 0.000000e+00 -5.326189e+03 -7.144471e+03 0.000000e+00 0.000000e+00 0.000000e+00 -6.906368e+01 -4.848814e+01 1.677030e+03 6.815086e+01 0.000000e+00 0.000000e+00 0.000000e+00 0.000000e+00 0.000000e+00 0.000000e+00 0.000000e+00 0.000000e+00 0.000000e+00
2.057000e+00 0.000000e+00 -5.333442e+03 -7.157349e+03 0.000000e+00 0.000000e+00 0.000000e+00 -6.993769e+01 -4.938255e+01 1.678357e+03 7.019774e+01 0.000000e+00 0.000000e+00 0.000000e+00 0.000000e+00 0.000000e+00 0.000000e+00 0.000000e+00 0.000000e+00 0.000000e+00
2.058000e+00 0.000000e+00 -5.340792e+03 -7.170324e+03 0.000000e+00 0.000000e+00 0.000000e+00 -7.081826e+01 -5.028358e+01 1.679689e+03 7.225826e+01 0.000000e+00 0.000000e+00 0.000000e+00 0.000000e+00 0.000000e+00 0.000000e+00 0.000000e+00 0.000000e+00 0.000000e+00
2.059000e+00 0.000000e+00 -5.348239e+03 -7.183392e+03 0.000000e+00 0.000000e+00 0.000000e+00 -7.170525e+01 -5.119108e+01 1.681026e+03 7.433219e+01 0.000000e+00 0.000000e+00 0.000000e+00 0.000000e+00 0.000000e+00 0.000000e+00 0.000000e+00 0.000000e+00 0.000000e+00
2.060000e+00 0.000000e+00 -5.355781e+03 -7.196549e+03 0.000000e+00 0.000000e+00 0.000000e+00 -7.259854e+01 -5.210495e+01 1.682369e+03 7.641930e+01 0.000000e+00 0.000000e+00 0.000000e+00 0.000000e+00 0.000000e+00 0.000000e+00 0.000000e+00 0.000000e+00 0.000000e+00
2.061000e+00 0.000000e+00 -5.363418e+03 -7.209790e+03 0.000000e+00 0.000000e+00 0.000000e+00 -7.349800e+01 -5.302505e+01 1.683717e+03 7.851936e+01 0.000000e+00 0.000000e+00 0.000000e+00 0.000000e+00 0.000000e+00 0.000000e+00 0.000000e+00 0.000000e+00 0.000000e+00
2.062000e+00 0.000000e+00 -5.371147e+03 -7.223112e+03 0.000000e+00 0.000000e+00 0.000000e+00 -7.440351e+01 -5.395125e+01 1.685070e+03 8.063214e+01 0.000000e+00 0.000000e+00 0.000000e+00 0.000000e+00 0.000000e+00 0.000000e+00 0.000000e+00 0.000000e+00 0.000000e+00
2.063000e+00 0.000000e+00 -5.378969e+03 -7.236510e+03 0.000000e+00 0.000000e+00 0.000000e+00 -7.531492e+01 -5.488341e+01 1.686428e+03 8.275738e+01 0.000000e+00 0.000000e+00 0.000000e+00 0.000000e+00 0.000000e+00 0.000000e+00 0.000000e+00 0.000000e+00 0.000000e+00
2.064000e+00 0.000000e+00 -5.386882e+03 -7.249981e+03 0.000000e+00 0.000000e+00 0.000000e+00 -7.623210e+01 -5.582141e+01 1.687792e+03 8.489485e+01 0.000000e+00 0.000000e+00 0.000000e+00 0.000000e+00 0.000000e+00 0.000000e+00 0.000000e+00 0.000000e+00 0.000000e+00
2.065000e+00 0.000000e+00 -5.394885e+03 -7.263519e+03 0.000000e+00 0.000000e+00 0.000000e+00 -7.715492e+01 -5.676511e+01 1.689160e+03 8.704431e+01 0.000000e+00 0.000000e+00 0.000000e+00 0.000000e+00 0.000000e+00 0.000000e+00 0.000000e+00 0.000000e+00 0.000000e+00
2.066000e+00 0.000000e+00 -5.402976e+03 -7.277121e+03 0.000000e+00 0.000000e+00 0.000000e+00 -7.808324e+01 -5.771436e+01 1.690533e+03 8.920549e+01 0.000000e+00 0.000000e+00 0.000000e+00 0.000000e+00 0.000000e+00 0.000000e+00 0.000000e+00 0.000000e+00 0.000000e+00
2.067000e+00 0.000000e+00 -5.411153e+03 -7.290781e+03 0.000000e+00 0.000000e+00 0.000000e+00 -7.901691e+01 -5.866904e+01 1.691910e+03 9.137814e+01 0.000000e+00 0.000000e+00 0.000000e+00 0.000000e+00 0.000000e+00 0.000000e+00 0.000000e+00 0.000000e+00 0.000000e+00
2.068000e+00 0.000000e+00 -5.419416e+03 -7.304497e+03 0.000000e+00 0.000000e+00 0.000000e+00 -7.995581e+01 -5.962900e+01 1.693292e+03 9.356202e+01 0.000000e+00 0.000000e+00 0.000000e+00 0.000000e+00 0.000000e+00 0.000000e+00 0.000000e+00 0.000000e+00 0.000000e+00
2.069000e+00 0.000000e+00 -5.427763e+03 -7.318262e+03 0.000000e+00 0.000000e+00 0.000000e+00 -8.089978e+01 -6.059410e+01 1.694679e+03 9.575685e+01 0.000000e+00 0.000000e+00 0.000000e+00 0.000000e+00 0.000000e+00 0.000000e+00 0.000000e+00 0.000000e+00 0.000000e+00
2.070000e+00 0.000000e+00 -5.436193e+03 -7.332073e+03 0.000000e+00 0.000000e+00 0.000000e+00 -8.184868e+01 -6.156420e+01 1.696069e+03 9.796237e+01 0.000000e+00 0.000000e+00 0.000000e+00 0.000000e+00 0.000000e+00 0.000000e+00 0.000000e+00 0.000000e+00 0.000000e+00
2.071000e+00 0.000000e+00 -5.444703e+03 -7.345925e+03 0.000000e+00 0.000000e+00 0.000000e+00 -8.280236e+01 -6.253914e+01 1.697464e+03 1.001783e+02 0.000000e+00 0.000000e+00 0.000000e+00 0.000000e+00 0.000000e+00 0.000000e+00 0.000000e+00 0.000000e+00 0.000000e+00
2.072000e+00 0.000000e+00 -5.453291e+03 -7.359813e+03 0.000000e+00 0.000000e+00 0.000000e+00 -8.376068e+01 -6.351880e+01 1.698863e+03 1.024044e+02 0.000000e+00 0.000000e+00 0.000000e+00 0.000000e+00 0.000000e+00 0.000000e+00 0.000000e+00 0.000000e+00 0.000000e+00
2.073000e+00 0.000000e+00 -5.461957e+03 -7.373734e+03 0.000000e+00 0.000000e+00 0.000000e+00 -8.472350e+01 -6.450301e+01 1.700266e+03 1.046404e+02 0.000000e+00 0.000000e+00 0.000000e+00 0.000000e+00 0.000000e+00 0.000000e+00 0.000000e+00 0.000000e+00 0.000000e+00
2.074000e+00 0.000000e+00 -5.470699e+03 -7.387681e+03 0.000000e+00 0.000000e+00 0.000000e+00 -8.569065e+01 -6.549163e+01 1.701672e+03 1.068860e+02 0.000000e+00 0.000000e+00 0.000000e+00 0.000000e+00 0.000000e+00 0.000000e+00 0.000000e+00 0.000000e+00 0.000000e+00
2.075000e+00 0.000000e+00 -5.479513e+03 -7.401650e+03 0.000000e+00 0.000000e+00 0.000000e+00 -8.666199e+01 -6.648451e+01 1.703082e+03 1.091409e+02 0.000000e+00 0.000000e+00 0.000000e+00 0.000000e+00 0.000000e+00 0.000000e+00 0.000000e+00 0.000000e+00 0.000000e+00
2.076000e+00 0.000000e+00 -5.488400e+03 -7.415638e+03 0.000000e+00 0.000000e+00 0.000000e+00 -8.763738e+01 -6.748151e+01 1.704496e+03 1.114049e+02 0.000000e+00 0.000000e+00 0.000000e+00 0.000000e+00 0.000000e+00 0.000000e+00 0.000000e+00 0.000000e+00 0.000000e+00
2.077000e+00 0.000000e+00 -5.497356e+03 -7.429638e+03 0.000000e+00 0.000000e+00 0.000000e+00 -8.861668e+01 -6.848250e+01 1.705912e+03 1.136777e+02 0.000000e+00 0.000000e+00 0.000000e+00 0.000000e+00 0.000000e+00 0.000000e+00 0.000000e+00 0.000000e+00 0.000000e+00
2.078000e+00 0.000000e+00 -5.506379e+03 -7.443646e+03 0.000000e+00 0.000000e+00 0.000000e+00 -8.959975e+01 -6.948732e+01 1.707332e+03 1.159590e+02 0.000000e+00 0.000000e+00 0.000000e+00 0.000000e+00 0.000000e+00 0.000000e+00 0.000000e+00 0.000000e+00 0.000000e+00
2.079000e+00 0.000000e+00 -5.515468e+03 -7.457659e+03 0.000000e+00 0.000000e+00 0.000000e+00 -9.058644e+01 -7.049584e+01 1.708754e+03 1.182486e+02 0.000000e+00 0.000000e+00 0.000000e+00 0.000000e+00 0.000000e+00 0.000000e+00 0.000000e+00 0.000000e+00 0.000000e+00
2.080000e+00 0.000000e+00 -5.524620e+03 -7.471669e+03 0.000000e+00 0.000000e+00 0.000000e+00 -9.157661e+01 -7.150791e+01 1.710179e+03 1.205461e+02 0.000000e+00 0.000000e+00 0.000000e+00 0.000000e+00 0.000000e+00 0.000000e+00 0.000000e+00 0.000000e+00 0.000000e+00
2.081000e+00 0.000000e+00 -5.533834e+03 -7.485674e+03 0.000000e+00 0.000000e+00 0.000000e+00 -9.257011e+01 -7.252338e+01 1.711606e+03 1.228513e+02 0.000000e+00 0.000000e+00 0.000000e+00 0.000000e+00 0.000000e+00 0.000000e+00 0.000000e+00 0.000000e+00 0.000000e+00
2.082000e+00 0.000000e+00 -5.543106e+03 -7.499669e+03 0.000000e+00 0.000000e+00 0.000000e+00 -9.356679e+01 -7.354211e+01 1.713036e+03 1.251639e+02 0.000000e+00 0.000000e+00 0.000000e+00 0.000000e+00 0.000000e+00 0.000000e+00 0.000000e+00 0.000000e+00 0.000000e+00
2.083000e+00 0.000000e+00 -5.552435e+03 -7.513647e+03 0.000000e+00 0.000000e+00 0.000000e+00 -9.456651e+01 -7.456395e+01 1.714467e+03 1.274836e+02 0.000000e+00 0.000000e+00 0.000000e+00 0.000000e+00 0.000000e+00 0.000000e+00 0.000000e+00 0.000000e+00 0.000000e+00
2.084000e+00 0.000000e+00 -5.561819e+03 -7.527606e+03 0.000000e+00 0.000000e+00 0.000000e+00 -9.556912e+01 -7.558875e+01 1.715900e+03 1.298101e+02 0.000000e+00 0.000000e+00 0.000000e+00 0.000000e+00 0.000000e+00 0.000000e+00 0.000000e+00 0.000000e+00 0.000000e+00
2.085000e+00 0.000000e+00 -5.571254e+03 -7.541539e+03 0.000000e+00 0.000000e+00 0.000000e+00 -9.657447e+01 -7.661637e+01 1.717335e+03 1.321432e+02 0.000000e+00 0.000000e+00 0.000000e+00 0.000000e+00 0.000000e+00 0.000000e+00 0.000000e+00 0.000000e+00 0.000000e+00
2.086000e+00 0.000000e+00 -5.580739e+03 -7.555442e+03 0.000000e+00 0.000000e+00 0.000000e+00 -9.758240e+01 -7.764665e+01 1.718771e+03 1.344825e+02 0.000000e+00 0.000000e+00 0.000000e+00 0.000000e+00 0.000000e+00 0.000000e+00 0.000000e+00 0.000000e+00 0.000000e+00
2.087000e+00 0.000000e+00 -5.590270e+03 -7.569310e+03 0.000000e+00 0.000000e+00 0.000000e+00 -9.859277e+01 -7.867945e+01 1.720208e+03 1.368278e+02 0.000000e+00 0.000000e+00 0.000000e+00 0.000000e+00 0.000000e+00 0.000000e+00 0.000000e+00 0.000000e+00 0.000000e+00
2.088000e+00 0.000000e+00 -5.599846e+03 -7.583139e+03 0.000000e+00 0.000000e+00 0.000000e+00 -9.960543e+01 -7.971461e+01 1.721646e+03 1.391787e+02 0.000000e+00 0.000000e+00 0.000000e+00 0.000000e+00 0.000000e+00 0.000000e+00 0.000000e+00 0.000000e+00 0.000000e+00
2.089000e+00 0.000000e+00 -5.609464e+03 -7.596923e+03 0.000000e+00 0.000000e+00 0.000000e+00 -1.006202e+02 -8.075198e+01 1.723084e+03 1.415349e+02 0.000000e+00 0.000000e+00 0.000000e+00 0.000000e+00 0.000000e+00 0.000000e+00 0.000000e+00 0.000000e+00 0.000000e+00
2.090000e+00 0.000000e+00 -5.619121e+03 -7.610658e+03 0.000000e+00 0.000000e+00 0.000000e+00 -1.016370e+02 -8.179142e+01 1.724523e+03 1.438962e+02 0.000000e+00 0.000000e+00 0.000000e+00 0.000000e+00 0.000000e+00 0.000000e+00 0.000000e+00 0.000000e+00 0.000000e+00
2.091000e+00 0.000000e+00 -5.628814e+03 -7.624338e+03 0.000000e+00 0.000000e+00 0.000000e+00 -1.026556e+02 -8.283276e+01 1.725961e+03 1.462622e+02 0.000000e+00 0.000000e+00 0.000000e+00 0.000000e+00 0.000000e+00 0.000000e+00 0.000000e+00 0.000000e+00 0.000000e+00
2.092000e+00 0.000000e+00 -5.638542e+03 -7.637960e+03 0.000000e+00 0.000000e+00 0.000000e+00 -1.036759e+02 -8.387586e+01 1.727399e+03 1.486327e+02 0.000000e+00 0.000000e+00 0.000000e+00 0.000000e+00 0.000000e+00 0.000000e+00 0.000000e+00 0.000000e+00 0.000000e+00
2.093000e+00 0.000000e+00 -5.648300e+03 -7.651518e+03 0.000000e+00 0.000000e+00 0.000000e+00 -1.046977e+02 -8.492057e+01 1.728837e+03 1.510073e+02 0.000000e+00 0.000000e+00 0.000000e+00 0.000000e+00 0.000000e+00 0.000000e+00 0.000000e+00 0.000000e+00 0.000000e+00
2.094000e+00 0.000000e+00 -5.658086e+03 -7.665008e+03 0.000000e+00 0.000000e+00 0.000000e+00 -1.057209e+02 -8.596672e+01 1.730274e+03 1.533858e+02 0.000000e+00 0.000000e+00 0.000000e+00 0.000000e+00 0.000000e+00 0.000000e+00 0.000000e+00 0.000000e+00 0.000000e+00
2.095000e+00 0.000000e+00 -5.667897e+03 -7.678424e+03 0.000000e+00 0.000000e+00 0.000000e+00 -1.067453e+02 -8.701418e+01 1.731710e+03 1.557677e+02 0.000000e+00 0.000000e+00 0.000000e+00 0.000000e+00 0.000000e+00 0.000000e+00 0.000000e+00 0.000000e+00 0.000000e+00
2.096000e+00 0.000000e+00 -5.677731e+03 -7.691763e+03 0.000000e+00 0.000000e+00 0.000000e+00 -1.077708e+02 -8.806280e+01 1.733144e+03 1.581529e+02 0.000000e+00 0.000000e+00 0.000000e+00 0.000000e+00 0.000000e+00 0.000000e+00 0.000000e+00 0.000000e+00 0.000000e+00
2.097000e+00 0.000000e+00 -5.687585e+03 -7.705019e+03 0.000000e+00 0.000000e+00 0.000000e+00 -1.087972e+02 -8.911243e+01 1.734576e+03 1.605410e+02 0.000000e+00 0.000000e+00 0.000000e+00 0.000000e+00 0.000000e+00 0.000000e+00 0.000000e+00 0.000000e+00 0.000000e+00
2.098000e+00 0.000000e+00 -5.697455e+03 -7.718187e+03 0.000000e+00 0.000000e+00 0.000000e+00 -1.098244e+02 -9.016291e+01 1.736007e+03 1.629318e+02 0.000000e+00 0.000000e+00 0.000000e+00 0.000000e+00 0.000000e+00 0.000000e+00 0.000000e+00 0.000000e+00 0.000000e+00
2.099000e+00 0.000000e+00 -5.707338e+03 -7.731264e+03 0.000000e+00 0.000000e+00 0.000000e+00 -1.108522e+02 -9.121411e+01 1.737435e+03 1.653248e+02 0.000000e+00 0.000000e+00 0.000000e+00 0.000000e+00 0.000000e+00 0.000000e+00 0.000000e+00 0.000000e+00 0.000000e+00
2.100000e+00 0.000000e+00 -5.717232e+03 -7.744244e+03 0.000000e+00 0.000000e+00 0.000000e+00 -1.118805e+02 -9.226586e+01 1.738860e+03 1.677198e+02 0.000000e+00 0.000000e+00 0.000000e+00 0.000000e+00 0.000000e+00 0.000000e+00 0.000000e+00 0.000000e+00 0.000000e+00
2.101000e+00 0.000000e+00 -5.727133e+03 -7.757123e+03 0.000000e+00 0.000000e+00 0.000000e+00 -1.129091e+02 -9.331803e+01 1.740282e+03 1.701165e+02 0.000000e+00 0.000000e+00 0.000000e+00 0.000000e+00 0.000000e+00 0.000000e+00 0.000000e+00 0.000000e+00 0.000000e+00
2.102000e+00 0.000000e+00 -5.737039e+03 -7.769896e+03 0.000000e+00 0.000000e+00 0.000000e+00 -1.139379e+02 -9.437046e+01 1.741701e+03 1.725145e+02 0.000000e+00 0.000000e+00 0.000000e+00 0.000000e+00 0.000000e+00 0.000000e+00 0.000000e+00 0.000000e+00 0.000000e+00
2.103000e+00 0.000000e+00 -5.746946e+03 -7.782559e+03 0.000000e+00 0.000000e+00 0.000000e+00 -1.149668e+02 -9.542299e+01 1.743116e+03 1.749136e+02 0.000000e+00 0.000000e+00 0.000000e+00 0.000000e+00 0.000000e+00 0.000000e+00 0.000000e+00 0.000000e+00 0.000000e+00
2.104000e+00 0.000000e+00 -5.756851e+03 -7.795107e+03 0.000000e+00 0.000000e+00 0.000000e+00 -1.159955e+02 -9.647550e+01 1.744527e+03 1.773135e+02 0.000000e+00 0.000000e+00 0.000000e+00 0.000000e+00 0.000000e+00 0.000000e+00 0.000000e+00 0.000000e+00 0.000000e+00
2.105000e+00 0.000000e+00 -5.766751e+03 -7.807536e+03 0.000000e+00 0.000000e+00 0.000000e+00 -1.170240e+02 -9.752781e+01 1.745934e+03 1.797137e+02 0.000000e+00 0.000000e+00 0.000000e+00 0.000000e+00 0.000000e+00 0.000000e+00 0.000000e+00 0.000000e+00 0.000000e+00
2.106000e+00 0.000000e+00 -5.776642e+03 -7.819841e+03 0.000000e+00 0.000000e+00 0.000000e+00 -1.180520e+02 -9.857979e+01 1.747336e+03 1.821141e+02 0.000000e+00 0.000000e+00 0.000000e+00 0.000000e+00 0.000000e+00 0.000000e+00 0.000000e+00 0.000000e+00 0.000000e+00
2.107000e+00 0.000000e+00 -5.786522e+03 -7.832019e+03 0.000000e+00 0.000000e+00 0.000000e+00 -1.190795e+02 -9.963128e+01 1.748733e+03 1.845142e+02 0.000000e+00 0.000000e+00 0.000000e+00 0.000000e+00 0.000000e+00 0.000000e+00 0.000000e+00 0.000000e+00 0.000000e+00
2.108000e+00 0.000000e+00 -5.796387e+03 -7.844064e+03 0.000000e+00 0.000000e+00 0.000000e+00 -1.201062e+02 -1.006821e+02 1.750124e+03 1.869138e+02 0.000000e+00 0.000000e+00 0.000000e+00 0.000000e+00 0.000000e+00 0.000000e+00 0.000000e+00 0.000000e+00 0.000000e+00
2.109000e+00 0.000000e+00 -5.806234e+03 -7.855972e+03 0.000000e+00 0.000000e+00 0.000000e+00 -1.211321e+02 -1.017322e+02 1.751509e+03 1.893126e+02 0.000000e+00 0.000000e+00 0.000000e+00 0.000000e+00 0.000000e+00 0.000000e+00 0.000000e+00 0.000000e+00 0.000000e+00
2.110000e+00 0.000000e+00 -5.816059e+03 -7.867740e+03 0.000000e+00 0.000000e+00 0.000000e+00 -1.221570e+02 -1.027813e+02 1.752889e+03 1.917101e+02 0.000000e+00 0.000000e+00 0.000000e+00 0.000000e+00 0.000000e+00 0.000000e+00 0.000000e+00 0.000000e+00 0.000000e+00
2.111000e+00 0.000000e+00 -5.825860e+03 -7.879362e+03 0.000000e+00 0.000000e+00 0.000000e+00 -1.231808e+02 -1.038294e+02 1.754261e+03 1.941062e+02 0.000000e+00 0.000000e+00 0.000000e+00 0.000000e+00 0.000000e+00 0.000000e+00 0.000000e+00 0.000000e+00 0.000000e+00
2.112000e+00 0.000000e+00 -5.835632e+03 -7.890835e+03 0.000000e+00 0.000000e+00 0.000000e+00 -1.242032e+02 -1.048762e+02 1.755627e+03 1.965004e+02 0.000000e+00 0.000000e+00 0.000000e+00 0.000000e+00 0.000000e+00 0.000000e+00 0.000000e+00 0.000000e+00 0.000000e+00
2.113000e+00 0.000000e+00 -5.845373e+03 -7.902155e+03 0.000000e+00 0.000000e+00 0.000000e+00 -1.252242e+02 -1.059217e+02 1.756985e+03 1.988925e+02 0.000000e+00 0.000000e+00 0.000000e+00 0.000000e+00 0.000000e+00 0.000000e+00 0.000000e+00 0.000000e+00 0.000000e+00
2.114000e+00 0.000000e+00 -5.855079e+03 -7.913318e+03 0.000000e+00 0.000000e+00 0.000000e+00 -1.262435e+02 -1.069656e+02 1.758336e+03 2.012821e+02 0.000000e+00 0.000000e+00 0.000000e+00 0.000000e+00 0.000000e+00 0.000000e+00 0.000000e+00 0.000000e+00 0.000000e+00
2.115000e+00 0.000000e+00 -5.864747e+03 -7.924319e+03 0.000000e+00 0.000000e+00 0.000000e+00 -1.272612e+02 -1.080079e+02 1.759679e+03 2.036690e+02 0.000000e+00 0.000000e+00 0.000000e+00 0.000000e+00 0.000000e+00 0.000000e+00 0.000000e+00 0.000000e+00 0.000000e+00
2.116000e+00 0.000000e+00 -5.874373e+03 -7.935156e+03 0.000000e+00 0.000000e+00 0.000000e+00 -1.282770e+02 -1.090484e+02 1.761013e+03 2.060527e+02 0.000000e+00 0.000000e+00 0.000000e+00 0.000000e+00 0.000000e+00 0.000000e+00 0.000000e+00 0.000000e+00 0.000000e+00
2.117000e+00 0.000000e+00 -5.883955e+03 -7.945823e+03 0.000000e+00 0.000000e+00 0.000000e+00 -1.292907e+02 -1.100869e+02 1.762338e+03 2.084330e+02 0.000000e+00 0.000000e+00 0.000000e+00 0.000000e+00 0.000000e+00 0.000000e+00 0.000000e+00 0.000000e+00 0.000000e+00
2.118000e+00 0.000000e+00 -5.893487e+03 -7.956317e+03 0.000000e+00 0.000000e+00 0.000000e+00 -1.303023e+02 -1.111233e+02 1.763654e+03 2.108096e+02 0.000000e+00 0.000000e+00 0.000000e+00 0.000000e+00 0.000000e+00 0.000000e+00 0.000000e+00 0.000000e+00 0.000000e+00
2.119000e+00 0.000000e+00 -5.902968e+03 -7.966635e+03 0.000000e+00 0.000000e+00 0.000000e+00 -1.313115e+02 -1.121574e+02 1.764960e+03 2.131820e+02 0.000000e+00 0.000000e+00 0.000000e+00 0.000000e+00 0.000000e+00 0.000000e+00 0.000000e+00 0.000000e+00 0.000000e+00
2.120000e+00 0.000000e+00 -5.912394e+03 -7.976772e+03 0.000000e+00 0.000000e+00 0.000000e+00 -1.323183e+02 -1.131892e+02 1.766256e+03 2.155501e+02 0.000000e+00 0.000000e+00 0.000000e+00 0.000000e+00 0.000000e+00 0.000000e+00 0.000000e+00 0.000000e+00 0.000000e+00
2.121000e+00 0.000000e+00 -5.921761e+03 -7.986726e+03 0.000000e+00 0.000000e+00 0.000000e+00 -1.333225e+02 -1.142184e+02 1.767541e+03 2.179134e+02 0.000000e+00 0.000000e+00 0.000000e+00 0.000000e+00 0.000000e+00 0.000000e+00 0.000000e+00 0.000000e+00 0.000000e+00
2.122000e+00 0.000000e+00 -5.931065e+03 -7.996492e+03 0.000000e+00 0.000000e+00 0.000000e+00 -1.343239e+02 -1.152450e+02 1.768816e+03 2.202716e+02 0.000000e+00 0.000000e+00 0.000000e+00 0.000000e+00 0.000000e+00 0.000000e+00 0.000000e+00 0.000000e+00 0.000000e+00
2.123000e+00 0.000000e+00 -5.940304e+03 -8.006067e+03 0.000000e+00 0.000000e+00 0.000000e+00 -1.353224e+02 -1.162687e+02 1.770079e+03 2.226244e+02 0.000000e+00 0.000000e+00 0.000000e+00 0.000000e+00 0.000000e+00 0.000000e+00 0.000000e+00 0.000000e+00 0.000000e+00
2.124000e+00 0.000000e+00 -5.949474e+03 -8.015448e+03 0.000000e+00 0.000000e+00 0.000000e+00 -1.363179e+02 -1.172894e+02 1.771330e+03 2.249715e+02 0.000000e+00 0.000000e+00 0.000000e+00 0.000000e+00 0.000000e+00 0.000000e+00 0.000000e+00 0.000000e+00 0.000000e+00
2.125000e+00 0.000000e+00 -5.958572e+03 -8.024631e+03 0.000000e+00 0.000000e+00 0.000000e+00 -1.373102e+02 -1.183071e+02 1.772569e+03 2.273126e+02 0.000000e+00 0.000000e+00 0.000000e+00 0.000000e+00 0.000000e+00 0.000000e+00 0.000000e+00 0.000000e+00 0.000000e+00
2.126000e+00 0.000000e+00 -5.967593e+03 -8.033613e+03 0.000000e+00 0.000000e+00 0.000000e+00 -1.382992e+02 -1.193214e+02 1.773796e+03 2.296472e+02 0.000000e+00 0.000000e+00 0.000000e+00 0.000000e+00 0.000000e+00 0.000000e+00 0.000000e+00 0.000000e+00 0.000000e+00
2.127000e+00 0.000000e+00 -5.976535e+03 -8.042391e+03 0.000000e+00 0.000000e+00 0.000000e+00 -1.392847e+02 -1.203324e+02 1.775010e+03 2.319752e+02 0.000000e+00 0.000000e+00 0.000000e+00 0.000000e+00 0.000000e+00 0.000000e+00 0.000000e+00 0.000000e+00 0.000000e+00
2.128000e+00 0.000000e+00 -5.985395e+03 -8.050961e+03 0.000000e+00 0.000000e+00 0.000000e+00 -1.402666e+02 -1.213398e+02 1.776210e+03 2.342961e+02 0.000000e+00 0.000000e+00 0.000000e+00 0.000000e+00 0.000000e+00 0.000000e+00 0.000000e+00 0.000000e+00 0.000000e+00
2.129000e+00 0.000000e+00 -5.994168e+03 -8.059321e+03 0.000000e+00 0.000000e+00 0.000000e+00 -1.412448e+02 -1.223436e+02 1.777396e+03 2.366096e+02 0.000000e+00 0.000000e+00 0.000000e+00 0.000000e+00 0.000000e+00 0.000000e+00 0.000000e+00 0.000000e+00 0.000000e+00
2.130000e+00 0.000000e+00 -6.002852e+03 -8.067468e+03 0.000000e+00 0.000000e+00 0.000000e+00 -1.422190e+02 -1.233435e+02 1.778568e+03 2.389155e+02 0.000000e+00 0.000000e+00 0.000000e+00 0.000000e+00 0.000000e+00 0.000000e+00 0.000000e+00 0.000000e+00 0.000000e+00
2.131000e+00 0.000000e+00 -6.011442e+03 -8.075399e+03 0.000000e+00 0.000000e+00 0.000000e+00 -1.431893e+02 -1.243395e+02 1.779726e+03 2.412134e+02 0.000000e+00 0.000000e+00 0.000000e+00 0.000000e+00 0.000000e+00 0.000000e+00 0.000000e+00 0.000000e+00 0.000000e+00
2.132000e+00 0.000000e+00 -6.019937e+03 -8.083112e+03 0.000000e+00 0.000000e+00 0.000000e+00 -1.441555e+02 -1.253313e+02 1.780868e+03 2.435029e+02 0.000000e+00 0.000000e+00 0.000000e+00 0.000000e+00 0.000000e+00 0.000000e+00 0.000000e+00 0.000000e+00 0.000000e+00
2.133000e+00 0.000000e+00 -6.028332e+03 -8.090602e+03 0.000000e+00 0.000000e+00 0.000000e+00 -1.451173e+02 -1.263190e+02 1.781995e+03 2.457837e+02 0.000000e+00 0.000000e+00 0.000000e+00 0.000000e+00 0.000000e+00 0.000000e+00 0.000000e+00 0.000000e+00 0.000000e+00
2.134000e+00 0.000000e+00 -6.036625e+03 -8.097868e+03 0.000000e+00 0.000000e+00 0.000000e+00 -1.460748e+02 -1.273023e+02 1.783106e+03 2.480556e+02 0.000000e+00 0.000000e+00 0.000000e+00 0.000000e+00 0.000000e+00 0.000000e+00 0.000000e+00 0.000000e+00 0.000000e+00
2.135000e+00 0.000000e+00 -6.044811e+03 -8.104908e+03 0.000000e+00 0.000000e+00 0.000000e+00 -1.470277e+02 -1.282811e+02 1.784200e+03 2.503181e+02 0.000000e+00 0.000000e+00 0.000000e+00 0.000000e+00 0.000000e+00 0.000000e+00 0.000000e+00 0.000000e+00 0.000000e+00
2.136000e+00 0.000000e+00 -6.052887e+03 -8.111718e+03 0.000000e+00 0.000000e+00 0.000000e+00 -1.479759e+02 -1.292553e+02 1.785278e+03 2.525710e+02 0.000000e+00 0.000000e+00 0.000000e+00 0.000000e+00 0.000000e+00 0.000000e+00 0.000000e+00 0.000000e+00 0.000000e+00
2.137000e+00 0.000000e+00 -6.060852e+03 -8.118297e+03 0.000000e+00 0.000000e+00 0.000000e+00 -1.489194e+02 -1.302247e+02 1.786339e+03 2.548140e+02 0.000000e+00 0.000000e+00 0.000000e+00 0.000000e+00 0.000000e+00 0.000000e+00 0.000000e+00 0.000000e+00 0.000000e+00
2.138000e+00 0.000000e+00 -6.068700e+03 -8.124643e+03 0.000000e+00 0.000000e+00 0.000000e+00 -1.498579e+02 -1.311892e+02 1.787382e+03 2.570467e+02 0.000000e+00 0.000000e+00 0.000000e+00 0.000000e+00 0.000000e+00 0.000000e+00 0.000000e+00 0.000000e+00 0.000000e+00
2.139000e+00 0.000000e+00 -6.076429e+03 -8.130752e+03 0.000000e+00 0.000000e+00 0.000000e+00 -1.507914e+02 -1.321487e+02 1.788406e+03 2.592688e+02 0.000000e+00 0.000000e+00 0.000000e+00 0.000000e+00 0.000000e+00 0.000000e+00 0.000000e+00 0.000000e+00 0.000000e+00
2.140000e+00 0.000000e+00 -6.084036e+03 -8.136623e+03 0.000000e+00 0.000000e+00 0.000000e+00 -1.517196e+02 -1.331031e+02 1.789413e+03 2.614800e+02 0.000000e+00 0.000000e+00 0.000000e+00 0.000000e+00 0.000000e+00 0.000000e+00 0.000000e+00 0.000000e+00 0.000000e+00
2.141000e+00 0.000000e+00 -6.091518e+03 -8.142254e+03 0.000000e+00 0.000000e+00 0.000000e+00 -1.526426e+02 -1.340522e+02 1.790400e+03 2.636800e+02 0.000000e+00 0.000000e+00 0.000000e+00 0.000000e+00 0.000000e+00 0.000000e+00 0.000000e+00 0.000000e+00 0.000000e+00
2.142000e+00 0.000000e+00 -6.098871e+03 -8.147643e+03 0.000000e+00 0.000000e+00 0.000000e+00 -1.535601e+02 -1.349959e+02 1.791369e+03 2.658684e+02 0.000000e+00 0.000000e+00 0.000000e+00 0.000000e+00 0.000000e+00 0.000000e+00 0.000000e+00 0.000000e+00 0.000000e+00
2.143000e+00 0.000000e+00 -6.106093e+03 -8.152789e+03 0.000000e+00 0.000000e+00 0.000000e+00 -1.544721e+02 -1.359340e+02 1.792317e+03 2.680450e+02 0.000000e+00 0.000000e+00 0.000000e+00 0.000000e+00 0.000000e+00 0.000000e+00 0.000000e+00 0.000000e+00 0.000000e+00
2.144000e+00 0.000000e+00 -6.113180e+03 -8.157688e+03 0.000000e+00 0.000000e+00 0.000000e+00 -1.553783e+02 -1.368665e+02 1.793245e+03 2.702093e+02 0.000000e+00 0.000000e+00 0.000000e+00 0.000000e+00 0.000000e+00 0.000000e+00 0.000000e+00 0.000000e+00 0.000000e+00
2.145000e+00 0.000000e+00 -6.120129e+03 -8.162340e+03 0.000000e+00 0.000000e+00 0.000000e+00 -1.562787e+02 -1.377931e+02 1.794153e+03 2.723611e+02 0.000000e+00 0.000000e+00 0.000000e+00 0.000000e+00 0.000000e+00 0.000000e+00 0.000000e+00 0.000000e+00 0.000000e+00
2.146000e+00 0.000000e+00 -6.126938e+03 -8.166743e+03 0.000000e+00 0.000000e+00 0.000000e+00 -1.571731e+02 -1.387138e+02 1.795040e+03 2.745001e+02 0.000000e+00 0.000000e+00 0.000000e+00 0.000000e+00 0.000000e+00 0.000000e+00 0.000000e+00 0.000000e+00 0.000000e+00
2.147000e+00 0.000000e+00 -6.133604e+03 -8.170896e+03 0.000000e+00 0.000000e+00 0.000000e+00 -1.580614e+02 -1.396284e+02 1.795906e+03 2.766258e+02 0.000000e+00 0.000000e+00 0.000000e+00 0.000000e+00 0.000000e+00 0.000000e+00 0.000000e+00 0.000000e+00 0.000000e+00
2.148000e+00 0.000000e+00 -6.140122e+03 -8.174797e+03 0.000000e+00 0.000000e+00 0.000000e+00 -1.589435e+02 -1.405369e+02 1.796750e+03 2.787381e+02 0.000000e+00 0.000000e+00 0.000000e+00 0.000000e+00 0.000000e+00 0.000000e+00 0.000000e+00 0.000000e+00 0.000000e+00
2.149000e+00 0.000000e+00 -6.146492e+03 -8.178445e+03 0.000000e+00 0.000000e+00 0.000000e+00 -1.598193e+02 -1.414390e+02 1.797572e+03 2.808366e+02 0.000000e+00 0.000000e+00 0.000000e+00 0.000000e+00 0.000000e+00 0.000000e+00 0.000000e+00 0.000000e+00 0.000000e+00
2.150000e+00 0.000000e+00 -6.152710e+03 -8.181838e+03 0.000000e+00 0.000000e+00 0.000000e+00 -1.606886e+02 -1.423346e+02 1.798371e+03 2.829210e+02 0.000000e+00 0.000000e+00 0.000000e+00 0.000000e+00 0.000000e+00 0.000000e+00 0.000000e+00 0.000000e+00 0.000000e+00
2.151000e+00 0.000000e+00 -6.158773e+03 -8.184976e+03 0.000000e+00 0.000000e+00 0.000000e+00 -1.615513e+02 -1.432237e+02 1.799148e+03 2.849910e+02 0.000000e+00 0.000000e+00 0.000000e+00 0.000000e+00 0.000000e+00 0.000000e+00 0.000000e+00 0.000000e+00 0.000000e+00
2.152000e+00 0.000000e+00 -6.164678e+03 -8.187858e+03 0.000000e+00 0.000000e+00 0.000000e+00 -1.624073e+02 -1.441061e+02 1.799901e+03 2.870462e+02 0.000000e+00 0.000000e+00 0.000000e+00 0.000000e+00 0.000000e+00 0.000000e+00 0.000000e+00 0.000000e+00 0.000000e+00
2.153000e+00 0.000000e+00 -6.170424e+03 -8.190482e+03 0.000000e+00 0.000000e+00 0.000000e+00 -1.632565e+02 -1.449817e+02 1.800631e+03 2.890864e+02 0.000000e+00 0.000000e+00 0.000000e+00 0.000000e+00 0.000000e+00 0.000000e+00 0.000000e+00 0.000000e+00 0.000000e+00
2.154000e+00 0.000000e+00 -6.176006e+03 -8.192848e+03 0.000000e+00 0.000000e+00 0.000000e+00 -1.640987e+02 -1.458503e+02 1.801336e+03 2.911113e+02 0.000000e+00 0.000000e+00 0.000000e+00 0.000000e+00 0.000000e+00 0.000000e+00 0.000000e+00 0.000000e+00 0.000000e+00
2.155000e+00 0.000000e+00 -6.181424e+03 -8.194956e+03 0.000000e+00 0.000000e+00 0.000000e+00 -1.649340e+02 -1.467119e+02 1.802018e+03 2.931206e+02 0.000000e+00 0.000000e+00 0.000000e+00 0.000000e+00 0.000000e+00 0.000000e+00 0.000000e+00 0.000000e+00 0.000000e+00
2.156000e+00 0.000000e+00 -6.186674e+03 -8.196804e+03 0.000000e+00 0.000000e+00 0.000000e+00 -1.657620e+02 -1.475664e+02 1.802674e+03 2.951139e+02 0.000000e+00 0.000000e+00 0.000000e+00 0.000000e+00 0.000000e+00 0.000000e+00 0.000000e+00 0.000000e+00 0.000000e+00
2.157000e+00 0.000000e+00 -6.191754e+03 -8.198392e+03 0.000000e+00 0.000000e+00 0.000000e+00 -1.665829e+02 -1.484136e+02 1.803305e+03 2.970910e+02 0.000000e+00 0.000000e+00 0.000000e+00 0.000000e+00 0.000000e+00 0.000000e+00 0.000000e+00 0.000000e+00 0.000000e+00
2.158000e+00 0.000000e+00 -6.196661e+03 -8.199720e+03 0.000000e+00 0.000000e+00 0.000000e+00 -1.673963e+02 -1.492534e+02 1.803911e+03 2.990516e+02 0.000000e+00 0.000000e+00 0.000000e+00 0.000000e+00 0.000000e+00 0.000000e+00 0.000000e+00 0.000000e+00 0.000000e+00
2.159000e+00 0.000000e+00 -6.201394e+03 -8.200788e+03 0.000000e+00 0.000000e+00 0.000000e+00 -1.682023e+02 -1.500857e+02 1.804491e+03 3.009954e+02 0.000000e+00 0.000000e+00 0.000000e+00 0.000000e+00 0.000000e+00 0.000000e+00 0.000000e+00 0.000000e+00 0.000000e+00
2.160000e+00 0.000000e+00 -6.205950e+03 -8.201595e+03 0.000000e+00 0.000000e+00 0.000000e+00 -1.690007e+02 -1.509105e+02 1.805046e+03 3.029221e+02 0.000000e+00 0.000000e+00 0.000000e+00 0.000000e+00 0.000000e+00 0.000000e+00 0.000000e+00 0.000000e+00 0.000000e+00
2.161000e+00 0.000000e+00 -6.210327e+03 -8.202141e+03 0.000000e+00 0.000000e+00 0.000000e+00 -1.697914e+02 -1.517276e+02 1.805573e+03 3.048314e+02 0.000000e+00 0.000000e+00 0.000000e+00 0.000000e+00 0.000000e+00 0.000000e+00 0.000000e+00 0.000000e+00 0.000000e+00
2.162000e+00 0.000000e+00 -6.214523e+03 -8.202427e+03 0.000000e+00 0.000000e+00 0.000000e+00 -1.705744e+02 -1.525368e+02 1.806074e+03 3.067231e+02 0.000000e+00 0.000000e+00 0.000000e+00 0.000000e+00 0.000000e+00 0.000000e+00 0.000000e+00 0.000000e+00 0.000000e+00
2.163000e+00 0.000000e+00 -6.218536e+03 -8.202452e+03 0.000000e+00 0.000000e+00 0.000000e+00 -1.713495e+02 -1.533382e+02 1.806547e+03 3.085969e+02 0.000000e+00 0.000000e+00 0.000000e+00 0.000000e+00 0.000000e+00 0.000000e+00 0.000000e+00 0.000000e+00 0.000000e+00
2.164000e+00 0.000000e+00 -6.222363e+03 -8.202217e+03 0.000000e+00 0.000000e+00 0.000000e+00 -1.721166e+02 -1.541316e+02 1.806994e+03 3.104525e+02 0.000000e+00 0.000000e+00 0.000000e+00 0.000000e+00 0.000000e+00 0.000000e+00 0.000000e+00 0.000000e+00 0.000000e+00
2.165000e+00 0.000000e+00 -6.226003e+03 -8.201722e+03 0.000000e+00 0.000000e+00 0.000000e+00 -1.728757e+02 -1.549168e+02 1.807412e+03 3.122896e+02 0.000000e+00 0.000000e+00 0.000000e+00 0.000000e+00 0.000000e+00 0.000000e+00 0.000000e+00 0.000000e+00 0.000000e+00
2.166000e+00 0.000000e+00 -6.229455e+03 -8.200967e+03 0.000000e+00 0.000000e+00 0.000000e+00 -1.736265e+02 -1.556939e+02 1.807802e+03 3.141080e+02 0.000000e+00 0.000000e+00 0.000000e+00 0.000000e+00 0.000000e+00 0.000000e+00 0.000000e+00 0.000000e+00 0.000000e+00
2.167000e+00 0.000000e+00 -6.232715e+03 -8.199953e+03 0.000000e+00 0.000000e+00 0.000000e+00 -1.743691e+02 -1.564626e+02 1.808164e+03 3.159073e+02 0.000000e+00 0.000000e+00 0.000000e+00 0.000000e+00 0.000000e+00 0.000000e+00 0.000000e+00 0.000000e+00 0.000000e+00
2.168000e+00 0.000000e+00 -6.235783e+03 -8.198679e+03 0.000000e+00 0.000000e+00 0.000000e+00 -1.751033e+02 -1.572228e+02 1.808498e+03 3.176874e+02 0.000000e+00 0.000000e+00 0.000000e+00 0.000000e+00 0.000000e+00 0.000000e+00 0.000000e+00 0.000000e+00 0.000000e+00
2.169000e+00 0.000000e+00 -6.238657e+03 -8.197148e+03 0.000000e+00 0.000000e+00 0.000000e+00 -1.758290e+02 -1.579746e+02 1.808802e+03 3.194478e+02 0.000000e+00 0.000000e+00 0.000000e+00 0.000000e+00 0.000000e+00 0.000000e+00 0.000000e+00 0.000000e+00 0.000000e+00
2.170000e+00 0.000000e+00 -6.241335e+03 -8.195359e+03 0.000000e+00 0.000000e+00 0.000000e+00 -1.765461e+02 -1.587177e+02 1.809078e+03 3.211884e+02 0.000000e+00 0.000000e+00 0.000000e+00 0.000000e+00 0.000000e+00 0.000000e+00 0.000000e+00 0.000000e+00 0.000000e+00
2.171000e+00 0.000000e+00 -6.243816e+03 -8.193314e+03 0.000000e+00 0.000000e+00 0.000000e+00 -1.772545e+02 -1.594521e+02 1.809324e+03 3.229090e+02 0.000000e+00 0.000000e+00 0.000000e+00 0.000000e+00 0.000000e+00 0.000000e+00 0.000000e+00 0.000000e+00 0.000000e+00
2.172000e+00 0.000000e+00 -6.246098e+03 -8.191013e+03 0.000000e+00 0.000000e+00 0.000000e+00 -1.779542e+02 -1.601777e+02 1.809540e+03 3.246092e+02 0.000000e+00 0.000000e+00 0.000000e+00 0.000000e+00 0.000000e+00 0.000000e+00 0.000000e+00 0.000000e+00 0.000000e+00
2.173000e+00 0.000000e+00 -6.248180e+03 -8.188458e+03 0.000000e+00 0.000000e+00 0.000000e+00 -1.786450e+02 -1.608943e+02 1.809726e+03 3.262889e+02 0.000000e+00 0.000000e+00 0.000000e+00 0.000000e+00 0.000000e+00 0.000000e+00 0.000000e+00 0.000000e+00 0.000000e+00
2.174000e+00 0.000000e+00 -6.250061e+03 -8.185650e+03 0.000000e+00 0.000000e+00 0.000000e+00 -1.793269e+02 -1.616020e+02 1.809882e+03 3.279477e+02 0.000000e+00 0.000000e+00 0.000000e+00 0.000000e+00 0.000000e+00 0.000000e+00 0.000000e+00 0.000000e+00 0.000000e+00
2.175000e+00 0.000000e+00 -6.251739e+03 -8.182589e+03 0.000000e+00 0.000000e+00 0.000000e+00 -1.799998e+02 -1.623006e+02 1.810008e+03 3.295855e+02 0.000000e+00 0.000000e+00 0.000000e+00 0.000000e+00 0.000000e+00 0.000000e+00 0.000000e+00 0.000000e+00 0.000000e+00
2.176000e+00 0.000000e+00 -6.253214e+03 -8.179278e+03 0.000000e+00 0.000000e+00 0.000000e+00 -1.806637e+02 -1.629901e+02 1.810104e+03 3.312021e+02 0.000000e+00 0.000000e+00 0.000000e+00 0.000000e+00 0.000000e+00 0.000000e+00 0.000000e+00 0.000000e+00 0.000000e+00
2.177000e+00 0.000000e+00 -6.254485e+03 -8.175718e+03 0.000000e+00 0.000000e+00 0.000000e+00 -1.813183e+02 -1.636703e+02 1.810168e+03 3.327971e+02 0.000000e+00 0.000000e+00 0.000000e+00 0.000000e+00 0.000000e+00 0.000000e+00 0.000000e+00 0.000000e+00 0.000000e+00
2.178000e+00 0.000000e+00 -6.255550e+03 -8.171910e+03 0.000000e+00 0.000000e+00 0.000000e+00 -1.819637e+02 -1.643413e+02 1.810201e+03 3.343705e+02 0.000000e+00 0.000000e+00 0.000000e+00 0.000000e+00 0.000000e+00 0.000000e+00 0.000000e+00 0.000000e+00 0.000000e+00
2.179000e+00 0.000000e+00 -6.256409e+03 -8.167856e+03 0.000000e+00 0.000000e+00 0.000000e+00 -1.825999e+02 -1.650028e+02 1.810204e+03 3.359219e+02 0.000000e+00 0.000000e+00 0.000000e+00 0.000000e+00 0.000000e+00 0.000000e+00 0.000000e+00 0.000000e+00 0.000000e+00
2.180000e+00 0.000000e+00 -6.257060e+03 -8.163558e+03 0.000000e+00 0.000000e+00 0.000000e+00 -1.832266e+02 -1.656549e+02 1.810175e+03 3.374512e+02 0.000000e+00 0.000000e+00 0.000000e+00 0.000000e+00 0.000000e+00 0.000000e+00 0.000000e+00 0.000000e+00 0.000000e+00
2.181000e+00 0.000000e+00 -6.257504e+03 -8.159018e+03 0.000000e+00 0.000000e+00 0.000000e+00 -1.838440e+02 -1.662975e+02 1.810114e+03 3.389582e+02 0.000000e+00 0.000000e+00 0.000000e+00 0.000000e+00 0.000000e+00 0.000000e+00 0.000000e+00 0.000000e+00 0.000000e+00
2.182000e+00 0.000000e+00 -6.257740e+03 -8.154238e+03 0.000000e+00 0.000000e+00 0.000000e+00 -1.844518e+02 -1.669305e+02 1.810022e+03 3.404428e+02 0.000000e+00 0.000000e+00 0.000000e+00 0.000000e+00 0.000000e+00 0.000000e+00 0.000000e+00 0.000000e+00 0.000000e+00
2.183000e+00 0.000000e+00 -6.257767e+03 -8.149220e+03 0.000000e+00 0.000000e+00 0.000000e+00 -1.850501e+02 -1.675538e+02 1.809898e+03 3.419046e+02 0.000000e+00 0.000000e+00 0.000000e+00 0.000000e+00 0.000000e+00 0.000000e+00 0.000000e+00 0.000000e+00 0.000000e+00
2.184000e+00 0.000000e+00 -6.257585e+03 -8.143965e+03 0.000000e+00 0.000000e+00 0.000000e+00 -1.856388e+02 -1.681675e+02 1.809741e+03 3.433436e+02 0.000000e+00 0.000000e+00 0.000000e+00 0.000000e+00 0.000000e+00 0.000000e+00 0.000000e+00 0.000000e+00 0.000000e+00
2.185000e+00 0.000000e+00 -6.257193e+03 -8.138477e+03 0.000000e+00 0.000000e+00 0.000000e+00 -1.862179e+02 -1.687714e+02 1.809553e+03 3.447595e+02 0.000000e+00 0.000000e+00 0.000000e+00 0.000000e+00 0.000000e+00 0.000000e+00 0.000000e+00 0.000000e+00 0.000000e+00
2.186000e+00 0.000000e+00 -6.256591e+03 -8.132758e+03 0.000000e+00 0.000000e+00 0.000000e+00 -1.867873e+02 -1.693656e+02 1.809333e+03 3.461523e+02 0.000000e+00 0.000000e+00 0.000000e+00 0.000000e+00 0.000000e+00 0.000000e+00 0.000000e+00 0.000000e+00 0.000000e+00
2.187000e+00 0.000000e+00 -6.255780e+03 -8.126810e+03 0.000000e+00 0.000000e+00 0.000000e+00 -1.873470e+02 -1.699498e+02 1.809080e+03 3.475217e+02 0.000000e+00 0.000000e+00 0.000000e+00 0.000000e+00 0.000000e+00 0.000000e+00 0.000000e+00 0.000000e+00 0.000000e+00
2.188000e+00 0.000000e+00 -6.254758e+03 -8.120635e+03 0.000000e+00 0.000000e+00 0.000000e+00 -1.878968e+02 -1.705242e+02 1.808795e+03 3.488676e+02 0.000000e+00 0.000000e+00 0.000000e+00 0.000000e+00 0.000000e+00 0.000000e+00 0.000000e+00 0.000000e+00 0.000000e+00
2.189000e+00 0.000000e+00 -6.253526e+03 -8.114235e+03 0.000000e+00 0.000000e+00 0.000000e+00 -1.884368e+02 -1.710886e+02 1.808478e+03 3.501899e+02 0.000000e+00 0.000000e+00 0.000000e+00 0.000000e+00 0.000000e+00 0.000000e+00 0.000000e+00 0.000000e+00 0.000000e+00
2.190000e+00 0.000000e+00 -6.252084e+03 -8.107615e+03 0.000000e+00 0.000000e+00 0.000000e+00 -1.889669e+02 -1.716429e+02 1.808128e+03 3.514883e+02 0.000000e+00 0.000000e+00 0.000000e+00 0.000000e+00 0.000000e+00 0.000000e+00 0.000000e+00 0.000000e+00 0.000000e+00
2.191000e+00 0.000000e+00 -6.250433e+03 -8.100775e+03 0.000000e+00 0.000000e+00 0.000000e+00 -1.894870e+02 -1.721872e+02 1.807745e+03 3.527627e+02 0.000000e+00 0.000000e+00 0.000000e+00 0.000000e+00 0.000000e+00 0.000000e+00 0.000000e+00 0.000000e+00 0.000000e+00
2.192000e+00 0.000000e+00 -6.248571e+03 -8.093720e+03 0.000000e+00 0.000000e+00 0.000000e+00 -1.899972e+02 -1.727213e+02 1.807330e+03 3.540130e+02 0.000000e+00 0.000000e+00 0.000000e+00 0.000000e+00 0.000000e+00 0.000000e+00 0.000000e+00 0.000000e+00 0.000000e+00
2.193000e+00 0.000000e+00 -6.246501e+03 -8.086452e+03 0.000000e+00 0.000000e+00 0.000000e+00 -1.904973e+02 -1.732453e+02 1.806882e+03 3.552392e+02 0.000000e+00 0.000000e+00 0.000000e+00 0.000000e+00 0.000000e+00 0.000000e+00 0.000000e+00 0.000000e+00 0.000000e+00
2.194000e+00 0.000000e+00 -6.244221e+03 -8.078973e+03 0.000000e+00 0.000000e+00 0.000000e+00 -1.909874e+02 -1.737591e+02 1.806401e+03 3.564410e+02 0.000000e+00 0.000000e+00 0.000000e+00 0.000000e+00 0.000000e+00 0.000000e+00 0.000000e+00 0.000000e+00 0.000000e+00
2.195000e+00 0.000000e+00 -6.241734e+03 -8.071288e+03 0.000000e+00 0.000000e+00 0.000000e+00 -1.914674e+02 -1.742627e+02 1.805888e+03 3.576183e+02 0.000000e+00 0.000000e+00 0.000000e+00 0.000000e+00 0.000000e+00 0.000000e+00 0.000000e+00 0.000000e+00 0.000000e+00
2.196000e+00 0.000000e+00 -6.239038e+03 -8.063399e+03 0.000000e+00 0.000000e+00 0.000000e+00 -1.919373e+02 -1.747560e+02 1.805342e+03 3.587712e+02 0.000000e+00 0.000000e+00 0.000000e+00 0.000000e+00 0.000000e+00 0.000000e+00 0.000000e+00 0.000000e+00 0.000000e+00
2.197000e+00 0.000000e+00 -6.236136e+03 -8.055309e+03 0.000000e+00 0.000000e+00 0.000000e+00 -1.923970e+02 -1.752391e+02 1.804764e+03 3.598994e+02 0.000000e+00 0.000000e+00 0.000000e+00 0.000000e+00 0.000000e+00 0.000000e+00 0.000000e+00 0.000000e+00 0.000000e+00
2.198000e+00 0.000000e+00 -6.233028e+03 -8.047021e+03 0.000000e+00 0.000000e+00 0.000000e+00 -1.928466e+02 -1.757119e+02 1.804152e+03 3.610030e+02 0.000000e+00 0.000000e+00 0.000000e+00 0.000000e+00 0.000000e+00 0.000000e+00 0.000000e+00 0.000000e+00 0.000000e+00
2.199000e+00 0.000000e+00 -6.229714e+03 -8.038540e+03 0.000000e+00 0.000000e+00 0.000000e+00 -1.932861e+02 -1.761743e+02 1.803509e+03 3.620819e+02 0.000000e+00 0.000000e+00 0.000000e+00 0.000000e+00 0.000000e+00 0.000000e+00 0.000000e+00 0.000000e+00 0.000000e+00
2.200000e+00 0.000000e+00 -6.226196e+03 -8.029869e+03 0.000000e+00 0.000000e+00 0.000000e+00 -1.937154e+02 -1.766265e+02 1.802832e+03 3.631359e+02 0.000000e+00 0.000000e+00 0.000000e+00 0.000000e+00 0.000000e+00 0.000000e+00 0.000000e+00 0.000000e+00 0.000000e+00
2.201000e+00 0.000000e+00 -6.222476e+03 -8.021010e+03 0.000000e+00 0.000000e+00 0.000000e+00 -1.941346e+02 -1.770683e+02 1.802124e+03 3.641651e+02 0.000000e+00 0.000000e+00 0.000000e+00 0.000000e+00 0.000000e+00 0.000000e+00 0.000000e+00 0.000000e+00 0.000000e+00
2.202000e+00 0.000000e+00 -6.218553e+03 -8.011969e+03 0.000000e+00 0.000000e+00 0.000000e+00 -1.945436e+02 -1.774998e+02 1.801383e+03 3.651694e+02 0.000000e+00 0.000000e+00 0.000000e+00 0.000000e+00 0.000000e+00 0.000000e+00 0.000000e+00 0.000000e+00 0.000000e+00
2.203000e+00 0.000000e+00 -6.214429e+03 -8.002747e+03 0.000000e+00 0.000000e+00 0.000000e+00 -1.949425e+02 -1.779210e+02 1.800609e+03 3.661489e+02 0.000000e+00 0.000000e+00 0.000000e+00 0.000000e+00 0.000000e+00 0.000000e+00 0.000000e+00 0.000000e+00 0.000000e+00
2.204000e+00 0.000000e+00 -6.210106e+03 -7.993351e+03 0.000000e+00 0.000000e+00 0.000000e+00 -1.953312e+02 -1.783318e+02 1.799804e+03 3.671034e+02 0.000000e+00 0.000000e+00 0.000000e+00 0.000000e+00 0.000000e+00 0.000000e+00 0.000000e+00 0.000000e+00 0.000000e+00
2.205000e+00 0.000000e+00 -6.205586e+03 -7.983782e+03 0.000000e+00 0.000000e+00 0.000000e+00 -1.957098e+02 -1.787324e+02 1.798966e+03 3.680331e+02 0.000000e+00 0.000000e+00 0.000000e+00 0.000000e+00 0.000000e+00 0.000000e+00 0.000000e+00 0.000000e+00 0.000000e+00
2.206000e+00 0.000000e+00 -6.200869e+03 -7.974045e+03 0.000000e+00 0.000000e+00 0.000000e+00 -1.960783e+02 -1.791227e+02 1.798097e+03 3.689378e+02 0.000000e+00 0.000000e+00 0.000000e+00 0.000000e+00 0.000000e+00 0.000000e+00 0.000000e+00 0.000000e+00 0.000000e+00
2.207000e+00 0.000000e+00 -6.195957e+03 -7.964145e+03 0.000000e+00 0.000000e+00 0.000000e+00 -1.964368e+02 -1.795027e+02 1.797195e+03 3.698176e+02 0.000000e+00 0.000000e+00 0.000000e+00 0.000000e+00 0.000000e+00 0.000000e+00 0.000000e+00 0.000000e+00 0.000000e+00
2.208000e+00 0.000000e+00 -6.190852e+03 -7.954085e+03 0.000000e+00 0.000000e+00 0.000000e+00 -1.967852e+02 -1.798725e+02 1.796262e+03 3.706726e+02 0.000000e+00 0.000000e+00 0.000000e+00 0.000000e+00 0.000000e+00 0.000000e+00 0.000000e+00 0.000000e+00 0.000000e+00
2.209000e+00 0.000000e+00 -6.185556e+03 -7.943869e+03 0.000000e+00 0.000000e+00 0.000000e+00 -1.971236e+02 -1.802321e+02 1.795298e+03 3.715028e+02 0.000000e+00 0.000000e+00 0.000000e+00 0.000000e+00 0.000000e+00 0.000000e+00 0.000000e+00 0.000000e+00 0.000000e+00
2.210000e+00 0.000000e+00 -6.180071e+03 -7.933502e+03 0.000000e+00 0.000000e+00 0.000000e+00 -1.974520e+02 -1.805815e+02 1.794303e+03 3.723082e+02 0.000000e+00 0.000000e+00 0.000000e+00 0.000000e+00 0.000000e+00 0.000000e+00 0.000000e+00 0.000000e+00 0.000000e+00
2.211000e+00 0.000000e+00 -6.174398e+03 -7.922987e+03 0.000000e+00 0.000000e+00 0.000000e+00 -1.977704e+02 -1.809207e+02 1.793276e+03 3.730889e+02 0.000000e+00 0.000000e+00 0.000000e+00 0.000000e+00 0.000000e+00 0.000000e+00 0.000000e+00 0.000000e+00 0.000000e+00
2.212000e+00 0.000000e+00 -6.168539e+03 -7.912329e+03 0.000000e+00 0.000000e+00 0.000000e+00 -1.980789e+02 -1.812498e+02 1.792218e+03 3.738449e+02 0.000000e+00 0.000000e+00 0.000000e+00 0.000000e+00 0.000000e+00 0.000000e+00 0.000000e+00 0.000000e+00 0.000000e+00
2.213000e+00 0.000000e+00 -6.162498e+03 -7.901531e+03 0.000000e+00 0.000000e+00 0.000000e+00 -1.983776e+02 -1.815688e+02 1.791130e+03 3.745763e+02 0.000000e+00 0.000000e+00 0.000000e+00 0.000000e+00 0.000000e+00 0.000000e+00 0.000000e+00 0.000000e+00 0.000000e+00
2.214000e+00 0.000000e+00 -6.156275e+03 -7.890600e+03 0.000000e+00 0.000000e+00 0.000000e+00 -1.986663e+02 -1.818778e+02 1.790012e+03 3.752832e+02 0.000000e+00 0.000000e+00 0.000000e+00 0.000000e+00 0.000000e+00 0.000000e+00 0.000000e+00 0.000000e+00 0.000000e+00
2.215000e+00 0.000000e+00 -6.149874e+03 -7.879538e+03 0.000000e+00 0.000000e+00 0.000000e+00 -1.989453e+02 -1.821767e+02 1.788863e+03 3.759656e+02 0.000000e+00 0.000000e+00 0.000000e+00 0.000000e+00 0.000000e+00 0.000000e+00 0.000000e+00 0.000000e+00 0.000000e+00
2.216000e+00 0.000000e+00 -6.143296e+03 -7.868350e+03 0.000000e+00 0.000000e+00 0.000000e+00 -1.992146e+02 -1.824657e+02 1.787685e+03 3.766237e+02 0.000000e+00 0.000000e+00 0.000000e+00 0.000000e+00 0.000000e+00 0.000000e+00 0.000000e+00 0.000000e+00 0.000000e+00
2.217000e+00 0.000000e+00 -6.136544e+03 -7.857041e+03 0.000000e+00 0.000000e+00 0.000000e+00 -1.994741e+02 -1.827447e+02 1.786476e+03 3.772577e+02 0.000000e+00 0.000000e+00 0.000000e+00 0.000000e+00 0.000000e+00 0.000000e+00 0.000000e+00 0.000000e+00 0.000000e+00
2.218000e+00 0.000000e+00 -6.129620e+03 -7.845616e+03 0.000000e+00 0.000000e+00 0.000000e+00 -1.997241e+02 -1.830139e+02 1.785239e+03 3.778676e+02 0.000000e+00 0.000000e+00 0.000000e+00 0.000000e+00 0.000000e+00 0.000000e+00 0.000000e+00 0.000000e+00 0.000000e+00
2.219000e+00 0.000000e+00 -6.122528e+03 -7.834078e+03 0.000000e+00 0.000000e+00 0.000000e+00 -1.999645e+02 -1.832734e+02 1.783973e+03 3.784536e+02 0.000000e+00 0.000000e+00 0.000000e+00 0.000000e+00 0.000000e+00 0.000000e+00 0.000000e+00 0.000000e+00 0.000000e+00
2.220000e+00 0.000000e+00 -6.115269e+03 -7.822433e+03 0.000000e+00 0.000000e+00 0.000000e+00 -2.001954e+02 -1.835231e+02 1.782678e+03 3.790158e+02 0.000000e+00 0.000000e+00 0.000000e+00 0.000000e+00 0.000000e+00 0.000000e+00 0.000000e+00 0.000000e+00 0.000000e+00
2.221000e+00 0.000000e+00 -6.107848e+03 -7.810686e+03 0.000000e+00 0.000000e+00 0.000000e+00 -2.004170e+02 -1.837633e+02 1.781354e+03 3.795544e+02 0.000000e+00 0.000000e+00 0.000000e+00 0.000000e+00 0.000000e+00 0.000000e+00 0.000000e+00 0.000000e+00 0.000000e+00
2.222000e+00 0.000000e+00 -6.100265e+03 -7.798840e+03 0.000000e+00 0.000000e+00 0.000000e+00 -2.006292e+02 -1.839939e+02 1.780002e+03 3.800696e+02 0.000000e+00 0.000000e+00 0.000000e+00 0.000000e+00 0.000000e+00 0.000000e+00 0.000000e+00 0.000000e+00 0.000000e+00
2.223000e+00 0.000000e+00 -6.092525e+03 -7.786902e+03 0.000000e+00 0.000000e+00 0.000000e+00 -2.008323e+02 -1.842150e+02 1.778623e+03 3.805617e+02 0.000000e+00 0.000000e+00 0.000000e+00 0.000000e+00 0.000000e+00 0.000000e+00 0.000000e+00 0.000000e+00 0.000000e+00
2.224000e+00 0.000000e+00 -6.084630e+03 -7.774875e+03 0.000000e+00 0.000000e+00 0.000000e+00 -2.010262e+02 -1.844268e+02 1.777217e+03 3.810307e+02 0.000000e+00 0.000000e+00 0.000000e+00 0.000000e+00 0.000000e+00 0.000000e+00 0.000000e+00 0.000000e+00 0.000000e+00
2.225000e+00 0.000000e+00 -6.076584e+03 -7.762765e+03 0.000000e+00 0.000000e+00 0.000000e+00 -2.012112e+02 -1.846293e+02 1.775783e+03 3.814770e+02 0.000000e+00 0.000000e+00 0.000000e+00 0.000000e+00 0.000000e+00 0.000000e+00 0.000000e+00 0.000000e+00 0.000000e+00
2.226000e+00 0.000000e+00 -6.068389e+03 -7.750576e+03 0.000000e+00 0.000000e+00 0.000000e+00 -2.013872e+02 -1.848227e+02 1.774323e+03 3.819008e+02 0.000000e+00 0.000000e+00 0.000000e+00 0.000000e+00 0.000000e+00 0.000000e+00 0.000000e+00 0.000000e+00 0.000000e+00
2.227000e+00 0.000000e+00 -6.060049e+03 -7.738314e+03 0.000000e+00 0.000000e+00 0.000000e+00 -2.015545e+02 -1.850070e+02 1.772837e+03 3.823022e+02 0.000000e+00 0.000000e+00 0.000000e+00 0.000000e+00 0.000000e+00 0.000000e+00 0.000000e+00 0.000000e+00 0.000000e+00
2.228000e+00 0.000000e+00 -6.051567e+03 -7.725984e+03 0.000000e+00 0.000000e+00 0.000000e+00 -2.017130e+02 -1.851824e+02 1.771325e+03 3.826816e+02 0.000000e+00 0.000000e+00 0.000000e+00 0.000000e+00 0.000000e+00 0.000000e+00 0.000000e+00 0.000000e+00 0.000000e+00
2.229000e+00 0.000000e+00 -6.042946e+03 -7.713590e+03 0.000000e+00 0.000000e+00 0.000000e+00 -2.018631e+02 -1.853490e+02 1.769788e+03 3.830393e+02 0.000000e+00 0.000000e+00 0.000000e+00 0.000000e+00 0.000000e+00 0.000000e+00 0.000000e+00 0.000000e+00 0.000000e+00
2.230000e+00 0.000000e+00 -6.034191e+03 -7.701137e+03 0.000000e+00 0.000000e+00 0.000000e+00 -2.020047e+02 -1.855070e+02 1.768225e+03 3.833755e+02 0.000000e+00 0.000000e+00 0.000000e+00 0.000000e+00 0.000000e+00 0.000000e+00 0.000000e+00 0.000000e+00 0.000000e+00
2.231000e+00 0.000000e+00 -6.025303e+03 -7.688631e+03 0.000000e+00 0.000000e+00 0.000000e+00 -2.021381e+02 -1.856563e+02 1.766638e+03 3.836906e+02 0.000000e+00 0.000000e+00 0.000000e+00 0.000000e+00 0.000000e+00 0.000000e+00 0.000000e+00 0.000000e+00 0.000000e+00
2.232000e+00 0.000000e+00 -6.016287e+03 -7.676077e+03 0.000000e+00 0.000000e+00 0.000000e+00 -2.022633e+02 -1.857973e+02 1.765028e+03 3.839848e+02 0.000000e+00 0.000000e+00 0.000000e+00 0.000000e+00 0.000000e+00 0.000000e+00 0.000000e+00 0.000000e+00 0.000000e+00
2.233000e+00 0.000000e+00 -6.007147e+03 -7.663480e+03 0.000000e+00 0.000000e+00 0.000000e+00 -2.023805e+02 -1.859300e+02 1.763393e+03 3.842584e+02 0.000000e+00 0.000000e+00 0.000000e+00 0.000000e+00 0.000000e+00 0.000000e+00 0.000000e+00 0.000000e+00 0.000000e+00
2.234000e+00 0.000000e+00 -5.997885e+03 -7.650844e+03 0.000000e+00 0.000000e+00 0.000000e+00 -2.024898e+02 -1.860545e+02 1.761736e+03 3.845118e+02 0.000000e+00 0.000000e+00 0.000000e+00 0.000000e+00 0.000000e+00 0.000000e+00 0.000000e+00 0.000000e+00 0.000000e+00
2.235000e+00 0.000000e+00 -5.988506e+03 -7.638175e+03 0.000000e+00 0.000000e+00 0.000000e+00 -2.025914e+02 -1.861710e+02 1.760056e+03 3.847454e+02 0.000000e+00 0.000000e+00 0.000000e+00 0.000000e+00 0.000000e+00 0.000000e+00 0.000000e+00 0.000000e+00 0.000000e+00
2.236000e+00 0.000000e+00 -5.979013e+03 -7.625477e+03 0.000000e+00 0.000000e+00 0.000000e+00 -2.026854e+02 -1.862796e+02 1.758354e+03 3.849593e+02 0.000000e+00 0.000000e+00 0.000000e+00 0.000000e+00 0.000000e+00 0.000000e+00 0.000000e+00 0.000000e+00 0.000000e+00
2.237000e+00 0.000000e+00 -5.969411e+03 -7.612757e+03 0.000000e+00 0.000000e+00 0.000000e+00 -2.027719e+02 -1.863805e+02 1.756630e+03 3.851541e+02 0.000000e+00 0.000000e+00 0.000000e+00 0.000000e+00 0.000000e+00 0.000000e+00 0.000000e+00 0.000000e+00 0.000000e+00
2.238000e+00 0.000000e+00 -5.959703e+03 -7.600018e+03 0.000000e+00 0.000000e+00 0.000000e+00 -2.028512e+02 -1.864739e+02 1.754885e+03 3.853301e+02 0.000000e+00 0.000000e+00 0.000000e+00 0.000000e+00 0.000000e+00 0.000000e+00 0.000000e+00 0.000000e+00 0.000000e+00
2.239000e+00 0.000000e+00 -5.949892e+03 -7.587267e+03 0.000000e+00 0.000000e+00 0.000000e+00 -2.029234e+02 -1.865598e+02 1.753119e+03 3.854877e+02 0.000000e+00 0.000000e+00 0.000000e+00 0.000000e+00 0.000000e+00 0.000000e+00 0.000000e+00 0.000000e+00 0.000000e+00
2.240000e+00 0.000000e+00 -5.939984e+03 -7.574507e+03 0.000000e+00 0.000000e+00 0.000000e+00 -2.029886e+02 -1.866386e+02 1.751334e+03 3.856272e+02 0.000000e+00 0.000000e+00 0.000000e+00 0.000000e+00 0.000000e+00 0.000000e+00 0.000000e+00 0.000000e+00 0.000000e+00
2.241000e+00 0.000000e+00 -5.929981e+03 -7.561745e+03 0.000000e+00 0.000000e+00 0.000000e+00 -2.030471e+02 -1.867102e+02 1.749529e+03 3.857492e+02 0.000000e+00 0.000000e+00 0.000000e+00 0.000000e+00 0.000000e+00 0.000000e+00 0.000000e+00 0.000000e+00 0.000000e+00
2.242000e+00 0.000000e+00 -5.919889e+03 -7.548986e+03 0.000000e+00 0.000000e+00 0.000000e+00 -2.030990e+02 -1.867750e+02 1.747705e+03 3.858539e+02 0.000000e+00 0.000000e+00 0.000000e+00 0.000000e+00 0.000000e+00 0.000000e+00 0.000000e+00 0.000000e+00 0.000000e+00
2.243000e+00 0.000000e+00 -5.909710e+03 -7.536234e+03 0.000000e+00 0.000000e+00 0.000000e+00 -2.031445e+02 -1.868331e+02 1.745862e+03 3.859420e+02 0.000000e+00 0.000000e+00 0.000000e+00 0.000000e+00 0.000000e+00 0.000000e+00 0.000000e+00 0.000000e+00 0.000000e+00
2.244000e+00 0.000000e+00 -5.899450e+03 -7.523494e+03 0.000000e+00 0.000000e+00 0.000000e+00 -2.031838e+02 -1.868847e+02 1.744002e+03 3.860137e+02 0.000000e+00 0.000000e+00 0.000000e+00 0.000000e+00 0.000000e+00 0.000000e+00 0.000000e+00 0.000000e+00 0.000000e+00
2.245000e+00 0.000000e+00 -5.889112e+03 -7.510772e+03 0.000000e+00 0.000000e+00 0.000000e+00 -2.032170e+02 -1.869300e+02 1.742125e+03 3.860696e+02 0.000000e+00 0.000000e+00 0.000000e+00 0.000000e+00 0.000000e+00 0.000000e+00 0.000000e+00 0.000000e+00 0.000000e+00
2.246000e+00 0.000000e+00 -5.878700e+03 -7.498073e+03 0.000000e+00 0.000000e+00 0.000000e+00 -2.032445e+02 -1.869692e+02 1.740230e+03 3.861102e+02 0.000000e+00 0.000000e+00 0.000000e+00 0.000000e+00 0.000000e+00 0.000000e+00 0.000000e+00 0.000000e+00 0.000000e+00
2.247000e+00 0.000000e+00 -5.868219e+03 -7.485402e+03 0.000000e+00 0.000000e+00 0.000000e+00 -2.032664e+02 -1.870024e+02 1.738320e+03 3.861358e+02 0.000000e+00 0.000000e+00 0.000000e+00 0.000000e+00 0.000000e+00 0.000000e+00 0.000000e+00 0.000000e+00 0.000000e+00
2.248000e+00 0.000000e+00 -5.857674e+03 -7.472764e+03 0.000000e+00 0.000000e+00 0.000000e+00 -2.032828e+02 -1.870300e+02 1.736394e+03 3.861471e+02 0.000000e+00 0.000000e+00 0.000000e+00 0.000000e+00 0.000000e+00 0.000000e+00 0.000000e+00 0.000000e+00 0.000000e+00
2.249000e+00 0.000000e+00 -5.847067e+03 -7.460164e+03 0.000000e+00 0.000000e+00 0.000000e+00 -2.032941e+02 -1.870520e+02 1.734453e+03 3.861445e+02 0.000000e+00 0.000000e+00 0.000000e+00 0.000000e+00 0.000000e+00 0.000000e+00 0.000000e+00 0.000000e+00 0.000000e+00
2.250000e+00 0.000000e+00 -5.836404e+03 -7.447607e+03 0.000000e+00 0.000000e+00 0.000000e+00 -2.033004e+02 -1.870688e+02 1.732498e+03 3.861286e+02 0.000000e+00 0.000000e+00 0.000000e+00 0.000000e+00 0.000000e+00 0.000000e+00 0.000000e+00 0.000000e+00 0.000000e+00
2.251000e+00 0.000000e+00 -5.825689e+03 -7.435098e+03 0.000000e+00 0.000000e+00 0.000000e+00 -2.033020e+02 -1.870805e+02 1.730529e+03 3.860998e+02 0.000000e+00 0.000000e+00 0.000000e+00 0.000000e+00 0.000000e+00 0.000000e+00 0.000000e+00 0.000000e+00 0.000000e+00
2.252000e+00 0.000000e+00 -5.814927e+03 -7.422643e+03 0.000000e+00 0.000000e+00 0.000000e+00 -2.032990e+02 -1.870874e+02 1.728548e+03 3.860588e+02 0.000000e+00 0.000000e+00 0.000000e+00 0.000000e+00 0.000000e+00 0.000000e+00 0.000000e+00 0.000000e+00 0.000000e+00
2.253000e+00 0.000000e+00 -5.804121e+03 -7.410245e+03 0.000000e+00 0.000000e+00 0.000000e+00 -2.032918e+02 -1.870897e+02 1.726553e+03 3.860060e+02 0.000000e+00 0.000000e+00 0.000000e+00 0.000000e+00 0.000000e+00 0.000000e+00 0.000000e+00 0.000000e+00 0.000000e+00
2.254000e+00 0.000000e+00 -5.793276e+03 -7.397910e+03 0.000000e+00 0.000000e+00 0.000000e+00 -2.032805e+02 -1.870877e+02 1.724547e+03 3.859421e+02 0.000000e+00 0.000000e+00 0.000000e+00 0.000000e+00 0.000000e+00 0.000000e+00 0.000000e+00 0.000000e+00 0.000000e+00
2.255000e+00 0.000000e+00 -5.782397e+03 -7.385643e+03 0.000000e+00 0.000000e+00 0.000000e+00 -2.032655e+02 -1.870815e+02 1.722529e+03 3.858675e+02 0.000000e+00 0.000000e+00 0.000000e+00 0.000000e+00 0.000000e+00 0.000000e+00 0.000000e+00 0.000000e+00 0.000000e+00
2.256000e+00 0.000000e+00 -5.771488e+03 -7.373449e+03 0.000000e+00 0.000000e+00 0.000000e+00 -2.032468e+02 -1.870714e+02 1.720501e+03 3.857829e+02 0.000000e+00 0.000000e+00 0.000000e+00 0.000000e+00 0.000000e+00 0.000000e+00 0.000000e+00 0.000000e+00 0.000000e+00
2.257000e+00 0.000000e+00 -5.760553e+03 -7.361333e+03 0.000000e+00 0.000000e+00 0.000000e+00 -2.032249e+02 -1.870577e+02 1.718464e+03 3.856888e+02 0.000000e+00 0.000000e+00 0.000000e+00 0.000000e+00 0.000000e+00 0.000000e+00 0.000000e+00 0.000000e+00 0.000000e+00
2.258000e+00 0.000000e+00 -5.749597e+03 -7.349298e+03 0.000000e+00 0.000000e+00 0.000000e+00 -2.031998e+02 -1.870405e+02 1.716416e+03 3.855858e+02 0.000000e+00 0.000000e+00 0.000000e+00 0.000000e+00 0.000000e+00 0.000000e+00 0.000000e+00 0.000000e+00 0.000000e+00
2.259000e+00 0.000000e+00 -5.738625e+03 -7.337351e+03 0.000000e+00 0.000000e+00 0.000000e+00 -2.031719e+02 -1.870202e+02 1.714360e+03 3.854746e+02 0.000000e+00 0.000000e+00 0.000000e+00 0.000000e+00 0.000000e+00 0.000000e+00 0.000000e+00 0.000000e+00 0.000000e+00
2.260000e+00 0.000000e+00 -5.727640e+03 -7.325495e+03 0.000000e+00 0.000000e+00 0.000000e+00 -2.031415e+02 -1.869970e+02 1.712296e+03 3.853557e+02 0.000000e+00 0.000000e+00 0.000000e+00 0.000000e+00 0.000000e+00 0.000000e+00 0.000000e+00 0.000000e+00 0.000000e+00
2.261000e+00 0.000000e+00 -5.716647e+03 -7.313736e+03 0.000000e+00 0.000000e+00 0.000000e+00 -2.031087e+02 -1.869712e+02 1.710225e+03 3.852297e+02 0.000000e+00 0.000000e+00 0.000000e+00 0.000000e+00 0.000000e+00 0.000000e+00 0.000000e+00 0.000000e+00 0.000000e+00
2.262000e+00 0.000000e+00 -5.705652e+03 -7.302077e+03 0.000000e+00 0.000000e+00 0.000000e+00 -2.030738e+02 -1.869429e+02 1.708147e+03 3.850973e+02 0.000000e+00 0.000000e+00 0.000000e+00 0.000000e+00 0.000000e+00 0.000000e+00 0.000000e+00 0.000000e+00 0.000000e+00
2.263000e+00 0.000000e+00 -5.694657e+03 -7.290524e+03 0.000000e+00 0.000000e+00 0.000000e+00 -2.030371e+02 -1.869125e+02 1.706063e+03 3.849590e+02 0.000000e+00 0.000000e+00 0.000000e+00 0.000000e+00 0.000000e+00 0.000000e+00 0.000000e+00 0.000000e+00 0.000000e+00
2.264000e+00 0.000000e+00 -5.683668e+03 -7.279081e+03 0.000000e+00 0.000000e+00 0.000000e+00 -2.029989e+02 -1.868802e+02 1.703974e+03 3.848156e+02 0.000000e+00 0.000000e+00 0.000000e+00 0.000000e+00 0.000000e+00 0.000000e+00 0.000000e+00 0.000000e+00 0.000000e+00
2.265000e+00 0.000000e+00 -5.672690e+03 -7.267752e+03 0.000000e+00 0.000000e+00 0.000000e+00 -2.029594e+02 -1.868463e+02 1.701880e+03 3.846677e+02 0.000000e+00 0.000000e+00 0.000000e+00 0.000000e+00 0.000000e+00 0.000000e+00 0.000000e+00 0.000000e+00 0.000000e+00
2.266000e+00 0.000000e+00 -5.661726e+03 -7.256542e+03 0.000000e+00 0.000000e+00 0.000000e+00 -2.029189e+02 -1.868111e+02 1.699781e+03 3.845158e+02 0.000000e+00 0.000000e+00 0.000000e+00 0.000000e+00 0.000000e+00 0.000000e+00 0.000000e+00 0.000000e+00 0.000000e+00
2.267000e+00 0.000000e+00 -5.650780e+03 -7.245454e+03 0.000000e+00 0.000000e+00 0.000000e+00 -2.028776e+02 -1.867748e+02 1.697680e+03 3.843608e+02 0.000000e+00 0.000000e+00 0.000000e+00 0.000000e+00 0.000000e+00 0.000000e+00 0.000000e+00 0.000000e+00 0.000000e+00
2.268000e+00 0.000000e+00 -5.639859e+03 -7.234495e+03 0.000000e+00 0.000000e+00 0.000000e+00 -2.028360e+02 -1.867378e+02 1.695575e+03 3.842032e+02 0.000000e+00 0.000000e+00 0.000000e+00 0.000000e+00 0.000000e+00 0.000000e+00 0.000000e+00 0.000000e+00 0.000000e+00
2.269000e+00 0.000000e+00 -5.628965e+03 -7.223667e+03 0.000000e+00 0.000000e+00 0.000000e+00 -2.027941e+02 -1.867002e+02 1.693469e+03 3.840436e+02 0.000000e+00 0.000000e+00 0.000000e+00 0.000000e+00 0.000000e+00 0.000000e+00 0.000000e+00 0.000000e+00 0.000000e+00
2.270000e+00 0.000000e+00 -5.618103e+03 -7.212974e+03 0.000000e+00 0.000000e+00 0.000000e+00 -2.027524e+02 -1.866624e+02 1.691361e+03 3.838829e+02 0.000000e+00 0.000000e+00 0.000000e+00 0.000000e+00 0.000000e+00 0.000000e+00 0.000000e+00 0.000000e+00 0.000000e+00
2.271000e+00 0.000000e+00 -5.607278e+03 -7.202421e+03 0.000000e+00 0.000000e+00 0.000000e+00 -2.027110e+02 -1.866247e+02 1.689252e+03 3.837216e+02 0.000000e+00 0.000000e+00 0.000000e+00 0.000000e+00 0.000000e+00 0.000000e+00 0.000000e+00 0.000000e+00 0.000000e+00
2.272000e+00 0.000000e+00 -5.596494e+03 -7.192013e+03 0.000000e+00 0.000000e+00 0.000000e+00 -2.026703e+02 -1.865873e+02 1.687143e+03 3.835604e+02 0.000000e+00 0.000000e+00 0.000000e+00 0.000000e+00 0.000000e+00 0.000000e+00 0.000000e+00 0.000000e+00 0.000000e+00
2.273000e+00 0.000000e+00 -5.585755e+03 -7.181752e+03 0.000000e+00 0.000000e+00 0.000000e+00 -2.026306e+02 -1.865505e+02 1.685035e+03 3.834001e+02 0.000000e+00 0.000000e+00 0.000000e+00 0.000000e+00 0.000000e+00 0.000000e+00 0.000000e+00 0.000000e+00 0.000000e+00
2.274000e+00 0.000000e+00 -5.575066e+03 -7.171642e+03 0.000000e+00 0.000000e+00 0.000000e+00 -2.025922e+02 -1.865146e+02 1.682928e+03 3.832412e+02 0.000000e+00 0.000000e+00 0.000000e+00 0.000000e+00 0.000000e+00 0.000000e+00 0.000000e+00 0.000000e+00 0.000000e+00
2.275000e+00 0.000000e+00 -5.564430e+03 -7.161689e+03 0.000000e+00 0.000000e+00 0.000000e+00 -2.025553e+02 -1.864800e+02 1.680822e+03 3.830846e+02 0.000000e+00 0.000000e+00 0.000000e+00 0.000000e+00 0.000000e+00 0.000000e+00 0.000000e+00 0.000000e+00 0.000000e+00
2.276000e+00 0.000000e+00 -5.553852e+03 -7.151894e+03 0.000000e+00 0.000000e+00 0.000000e+00 -2.025202e+02 -1.864468e+02 1.678719e+03 3.829308e+02 0.000000e+00 0.000000e+00 0.000000e+00 0.000000e+00 0.000000e+00 0.000000e+00 0.000000e+00 0.000000e+00 0.000000e+00
2.277000e+00 0.000000e+00 -5.543337e+03 -7.142262e+03 0.000000e+00 0.000000e+00 0.000000e+00 -2.024872e+02 -1.864155e+02 1.676619e+03 3.827806e+02 0.000000e+00 0.000000e+00 0.000000e+00 0.000000e+00 0.000000e+00 0.000000e+00 0.000000e+00 0.000000e+00 0.000000e+00
2.278000e+00 0.000000e+00 -5.532888e+03 -7.132797e+03 0.000000e+00 0.000000e+00 0.000000e+00 -2.024567e+02 -1.863862e+02 1.674523e+03 3.826347e+02 0.000000e+00 0.000000e+00 0.000000e+00 0.000000e+00 0.000000e+00 0.000000e+00 0.000000e+00 0.000000e+00 0.000000e+00
2.279000e+00 0.000000e+00 -5.522509e+03 -7.123502e+03 0.000000e+00 0.000000e+00 0.000000e+00 -2.024289e+02 -1.863593e+02 1.672431e+03 3.824938e+02 0.000000e+00 0.000000e+00 0.000000e+00 0.000000e+00 0.000000e+00 0.000000e+00 0.000000e+00 0.000000e+00 0.000000e+00
2.280000e+00 0.000000e+00 -5.512205e+03 -7.114380e+03 0.000000e+00 0.000000e+00 0.000000e+00 -2.024041e+02 -1.863351e+02 1.670344e+03 3.823585e+02 0.000000e+00 0.000000e+00 0.000000e+00 0.000000e+00 0.000000e+00 0.000000e+00 0.000000e+00 0.000000e+00 0.000000e+00
2.281000e+00 0.000000e+00 -5.501979e+03 -7.105435e+03 0.000000e+00 0.000000e+00 0.000000e+00 -2.023826e+02 -1.863138e+02 1.668263e+03 3.822297e+02 0.000000e+00 0.000000e+00 0.000000e+00 0.000000e+00 0.000000e+00 0.000000e+00 0.000000e+00 0.000000e+00 0.000000e+00
2.282000e+00 0.000000e+00 -5.491836e+03 -7.096669e+03 0.000000e+00 0.000000e+00 0.000000e+00 -2.023646e+02 -1.862958e+02 1.666188e+03 3.821079e+02 0.000000e+00 0.000000e+00 0.000000e+00 0.000000e+00 0.000000e+00 0.000000e+00 0.000000e+00 0.000000e+00 0.000000e+00
2.283000e+00 0.000000e+00 -5.481779e+03 -7.088087e+03 0.000000e+00 0.000000e+00 0.000000e+00 -2.023506e+02 -1.862813e+02 1.664120e+03 3.819938e+02 0.000000e+00 0.000000e+00 0.000000e+00 0.000000e+00 0.000000e+00 0.000000e+00 0.000000e+00 0.000000e+00 0.000000e+00
2.284000e+00 0.000000e+00 -5.471812e+03 -7.079691e+03 0.000000e+00 0.000000e+00 0.000000e+00 -2.023407e+02 -1.862707e+02 1.662059e+03 3.818882e+02 0.000000e+00 0.000000e+00 0.000000e+00 0.000000e+00 0.000000e+00 0.000000e+00 0.000000e+00 0.000000e+00 0.000000e+00
2.285000e+00 0.000000e+00 -5.461940e+03 -7.071484e+03 0.000000e+00 0.000000e+00 0.000000e+00 -2.023353e+02 -1.862641e+02 1.660007e+03 3.817917e+02 0.000000e+00 0.000000e+00 0.000000e+00 0.000000e+00 0.000000e+00 0.000000e+00 0.000000e+00 0.000000e+00 0.000000e+00
2.286000e+00 0.000000e+00 -5.452166e+03 -7.063469e+03 0.000000e+00 0.000000e+00 0.000000e+00 -2.023347e+02 -1.862620e+02 1.657963e+03 3.817051e+02 0.000000e+00 0.000000e+00 0.000000e+00 0.000000e+00 0.000000e+00 0.000000e+00 0.000000e+00 0.000000e+00 0.000000e+00
2.287000e+00 0.000000e+00 -5.442493e+03 -7.055649e+03 0.000000e+00 0.000000e+00 0.000000e+00 -2.023391e+02 -1.862647e+02 1.655928e+03 3.816291e+02 0.000000e+00 0.000000e+00 0.000000e+00 0.000000e+00 0.000000e+00 0.000000e+00 0.000000e+00 0.000000e+00 0.000000e+00
2.288000e+00 0.000000e+00 -5.432925e+03 -7.048026e+03 0.000000e+00 0.000000e+00 0.000000e+00 -2.023489e+02 -1.862723e+02 1.653903e+03 3.815642e+02 0.000000e+00 0.000000e+00 0.000000e+00 0.000000e+00 0.000000e+00 0.000000e+00 0.000000e+00 0.000000e+00 0.000000e+00
2.289000e+00 0.000000e+00 -5.423467e+03 -7.040604e+03 0.000000e+00 0.000000e+00 0.000000e+00 -2.023644e+02 -1.862853e+02 1.651888e+03 3.815113e+02 0.000000e+00 0.000000e+00 0.000000e+00 0.000000e+00 0.000000e+00 0.000000e+00 0.000000e+00 0.000000e+00 0.000000e+00
2.290000e+00 0.000000e+00 -5.414120e+03 -7.033384e+03 0.000000e+00 0.000000e+00 0.000000e+00 -2.023857e+02 -1.863039e+02 1.649884e+03 3.814710e+02 0.000000e+00 0.000000e+00 0.000000e+00 0.000000e+00 0.000000e+00 0.000000e+00 0.000000e+00 0.000000e+00 0.000000e+00
2.291000e+00 0.000000e+00 -5.404890e+03 -7.026370e+03 0.000000e+00 0.000000e+00 0.000000e+00 -2.024133e+02 -1.863283e+02 1.647892e+03 3.814440e+02 0.000000e+00 0.000000e+00 0.000000e+00 0.000000e+00 0.000000e+00 0.000000e+00 0.000000e+00 0.000000e+00 0.000000e+00
2.292000e+00 0.000000e+00 -5.395779e+03 -7.019563e+03 0.000000e+00 0.000000e+00 0.000000e+00 -2.024475e+02 -1.863590e+02 1.645912e+03 3.814310e+02 0.000000e+00 0.000000e+00 0.000000e+00 0.000000e+00 0.000000e+00 0.000000e+00 0.000000e+00 0.000000e+00 0.000000e+00
2.293000e+00 0.000000e+00 -5.386791e+03 -7.012965e+03 0.000000e+00 0.000000e+00 0.000000e+00 -2.024884e+02 -1.863961e+02 1.643944e+03 3.814326e+02 0.000000e+00 0.000000e+00 0.000000e+00 0.000000e+00 0.000000e+00 0.000000e+00 0.000000e+00 0.000000e+00 0.000000e+00
2.294000e+00 0.000000e+00 -5.377928e+03 -7.006580e+03 0.000000e+00 0.000000e+00 0.000000e+00 -2.025365e+02 -1.864400e+02 1.641990e+03 3.814495e+02 0.000000e+00 0.000000e+00 0.000000e+00 0.000000e+00 0.000000e+00 0.000000e+00 0.000000e+00 0.000000e+00 0.000000e+00
2.295000e+00 0.000000e+00 -5.369194e+03 -7.000409e+03 0.000000e+00 0.000000e+00 0.000000e+00 -2.025919e+02 -1.864909e+02 1.640049e+03 3.814824e+02 0.000000e+00 0.000000e+00 0.000000e+00 0.000000e+00 0.000000e+00 0.000000e+00 0.000000e+00 0.000000e+00 0.000000e+00
2.296000e+00 0.000000e+00 -5.360593e+03 -6.994453e+03 0.000000e+00 0.000000e+00 0.000000e+00 -2.026550e+02 -1.865491e+02 1.638122e+03 3.815318e+02 0.000000e+00 0.000000e+00 0.000000e+00 0.000000e+00 0.000000e+00 0.000000e+00 0.000000e+00 0.000000e+00 0.000000e+00
2.297000e+00 0.000000e+00 -5.352127e+03 -6.988716e+03 0.000000e+00 0.000000e+00 0.000000e+00 -2.027260e+02 -1.866149e+02 1.636210e+03 3.815986e+02 0.000000e+00 0.000000e+00 0.000000e+00 0.000000e+00 0.000000e+00 0.000000e+00 0.000000e+00 0.000000e+00 0.000000e+00
2.298000e+00 0.000000e+00 -5.343799e+03 -6.983197e+03 0.000000e+00 0.000000e+00 0.000000e+00 -2.028052e+02 -1.866886e+02 1.634313e+03 3.816832e+02 0.000000e+00 0.000000e+00 0.000000e+00 0.000000e+00 0.000000e+00 0.000000e+00 0.000000e+00 0.000000e+00 0.000000e+00
2.299000e+00 0.000000e+00 -5.335612e+03 -6.977900e+03 0.000000e+00 0.000000e+00 0.000000e+00 -2.028929e+02 -1.867705e+02 1.632431e+03 3.817863e+02 0.000000e+00 0.000000e+00 0.000000e+00 0.000000e+00 0.000000e+00 0.000000e+00 0.000000e+00 0.000000e+00 0.000000e+00
2.300000e+00 0.000000e+00 -5.327569e+03 -6.972825e+03 0.000000e+00 0.000000e+00 0.000000e+00 -2.029893e+02 -1.868607e+02 1.630566e+03 3.819086e+02 0.000000e+00 0.000000e+00 0.000000e+00 0.000000e+00 0.000000e+00 0.000000e+00 0.000000e+00 0.000000e+00 0.000000e+00
2.301000e+00 0.000000e+00 -5.319673e+03 -6.967974e+03 0.000000e+00 0.000000e+00 0.000000e+00 -2.030947e+02 -1.869596e+02 1.628717e+03 3.820507e+02 0.000000e+00 0.000000e+00 0.000000e+00 0.000000e+00 0.000000e+00 0.000000e+00 0.000000e+00 0.000000e+00 0.000000e+00
2.302000e+00 0.000000e+00 -5.311926e+03 -6.963349e+03 0.000000e+00 0.000000e+00 0.000000e+00 -2.032094e+02 -1.870675e+02 1.626885e+03 3.822131e+02 0.000000e+00 0.000000e+00 0.000000e+00 0.000000e+00 0.000000e+00 0.000000e+00 0.000000e+00 0.000000e+00 0.000000e+00
2.303000e+00 0.000000e+00 -5.304331e+03 -6.958950e+03 0.000000e+00 0.000000e+00 0.000000e+00 -2.033337e+02 -1.871845e+02 1.625071e+03 3.823964e+02 0.000000e+00 0.000000e+00 0.000000e+00 0.000000e+00 0.000000e+00 0.000000e+00 0.000000e+00 0.000000e+00 0.000000e+00
2.304000e+00 0.000000e+00 -5.296890e+03 -6.954778e+03 0.000000e+00 0.000000e+00 0.000000e+00 -2.034677e+02 -1.873110e+02 1.623274e+03 3.826013e+02 0.000000e+00 0.000000e+00 0.000000e+00 0.000000e+00 0.000000e+00 0.000000e+00 0.000000e+00 0.000000e+00 0.000000e+00
2.305000e+00 0.000000e+00 -5.289606e+03 -6.950835e+03 0.000000e+00 0.000000e+00 0.000000e+00 -2.036117e+02 -1.874472e+02 1.621496e+03 3.828282e+02 0.000000e+00 0.000000e+00 0.000000e+00 0.000000e+00 0.000000e+00 0.000000e+00 0.000000e+00 0.000000e+00 0.000000e+00
2.306000e+00 0.000000e+00 -5.282481e+03 -6.947121e+03 0.000000e+00 0.000000e+00 0.000000e+00 -2.037660e+02 -1.875933e+02 1.619736e+03 3.830779e+02 0.000000e+00 0.000000e+00 0.000000e+00 0.000000e+00 0.000000e+00 0.000000e+00 0.000000e+00 0.000000e+00 0.000000e+00
2.307000e+00 0.000000e+00 -5.275517e+03 -6.943637e+03 0.000000e+00 0.000000e+00 0.000000e+00 -2.039308e+02 -1.877496e+02 1.617995e+03 3.833507e+02 0.000000e+00 0.000000e+00 0.000000e+00 0.000000e+00 0.000000e+00 0.000000e+00 0.000000e+00 0.000000e+00 0.000000e+00
2.308000e+00 0.000000e+00 -5.268717e+03 -6.940384e+03 0.000000e+00 0.000000e+00 0.000000e+00 -2.041064e+02 -1.879163e+02 1.616274e+03 3.836473e+02 0.000000e+00 0.000000e+00 0.000000e+00 0.000000e+00 0.000000e+00 0.000000e+00 0.000000e+00 0.000000e+00 0.000000e+00
2.309000e+00 0.000000e+00 -5.262082e+03 -6.937362e+03 0.000000e+00 0.000000e+00 0.000000e+00 -2.042929e+02 -1.880937e+02 1.614572e+03 3.839682e+02 0.000000e+00 0.000000e+00 0.000000e+00 0.000000e+00 0.000000e+00 0.000000e+00 0.000000e+00 0.000000e+00 0.000000e+00
2.310000e+00 0.000000e+00 -5.255614e+03 -6.934572e+03 0.000000e+00 0.000000e+00 0.000000e+00 -2.044906e+02 -1.882819e+02 1.612890e+03 3.843138e+02 0.000000e+00 0.000000e+00 0.000000e+00 0.000000e+00 0.000000e+00 0.000000e+00 0.000000e+00 0.000000e+00 0.000000e+00
2.311000e+00 0.000000e+00 -5.249316e+03 -6.932014e+03 0.000000e+00 0.000000e+00 0.000000e+00 -2.046998e+02 -1.884813e+02 1.611229e+03 3.846848e+02 0.000000e+00 0.000000e+00 0.000000e+00 0.000000e+00 0.000000e+00 0.000000e+00 0.000000e+00 0.000000e+00 0.000000e+00
2.312000e+00 0.000000e+00 -5.243189e+03 -6.929689e+03 0.000000e+00 0.000000e+00 0.000000e+00 -2.049206e+02 -1.886920e+02 1.609589e+03 3.850817e+02 0.000000e+00 0.000000e+00 0.000000e+00 0.000000e+00 0.000000e+00 0.000000e+00 0.000000e+00 0.000000e+00 0.000000e+00
2.313000e+00 0.000000e+00 -5.237234e+03 -6.927596e+03 0.000000e+00 0.000000e+00 0.000000e+00 -2.051534e+02 -1.889142e+02 1.607970e+03 3.855048e+02 0.000000e+00 0.000000e+00 0.000000e+00 0.000000e+00 0.000000e+00 0.000000e+00 0.000000e+00 0.000000e+00 0.000000e+00
2.314000e+00 0.000000e+00 -5.231453e+03 -6.925736e+03 0.000000e+00 0.000000e+00 0.000000e+00 -2.053983e+02 -1.891483e+02 1.606372e+03 3.859548e+02 0.000000e+00 0.000000e+00 0.000000e+00 0.000000e+00 0.000000e+00 0.000000e+00 0.000000e+00 0.000000e+00 0.000000e+00
2.315000e+00 0.000000e+00 -5.225849e+03 -6.924109e+03 0.000000e+00 0.000000e+00 0.000000e+00 -2.056555e+02 -1.893944e+02 1.604796e+03 3.864319e+02 0.000000e+00 0.000000e+00 0.000000e+00 0.000000e+00 0.000000e+00 0.000000e+00 0.000000e+00 0.000000e+00 0.000000e+00
2.316000e+00 0.000000e+00 -5.220421e+03 -6.922715e+03 0.000000e+00 0.000000e+00 0.000000e+00 -2.059252e+02 -1.896526e+02 1.603242e+03 3.869368e+02 0.000000e+00 0.000000e+00 0.000000e+00 0.000000e+00 0.000000e+00 0.000000e+00 0.000000e+00 0.000000e+00 0.000000e+00
2.317000e+00 0.000000e+00 -5.215171e+03 -6.921553e+03 0.000000e+00 0.000000e+00 0.000000e+00 -2.062076e+02 -1.899233e+02 1.601709e+03 3.874698e+02 0.000000e+00 0.000000e+00 0.000000e+00 0.000000e+00 0.000000e+00 0.000000e+00 0.000000e+00 0.000000e+00 0.000000e+00
2.318000e+00 0.000000e+00 -5.210101e+03 -6.920623e+03 0.000000e+00 0.000000e+00 0.000000e+00 -2.065030e+02 -1.902065e+02 1.600200e+03 3.880313e+02 0.000000e+00 0.000000e+00 0.000000e+00 0.000000e+00 0.000000e+00 0.000000e+00 0.000000e+00 0.000000e+00 0.000000e+00
2.319000e+00 0.000000e+00 -5.205211e+03 -6.919925e+03 0.000000e+00 0.000000e+00 0.000000e+00 -2.068115e+02 -1.905026e+02 1.598713e+03 3.886218e+02 0.000000e+00 0.000000e+00 0.000000e+00 0.000000e+00 0.000000e+00 0.000000e+00 0.000000e+00 0.000000e+00 0.000000e+00
2.320000e+00 0.000000e+00 -5.200503e+03 -6.919458e+03 0.000000e+00 0.000000e+00 0.000000e+00 -2.071332e+02 -1.908115e+02 1.597248e+03 3.892415e+02 0.000000e+00 0.000000e+00 0.000000e+00 0.000000e+00 0.000000e+00 0.000000e+00 0.000000e+00 0.000000e+00 0.000000e+00
2.321000e+00 0.000000e+00 -5.195976e+03 -6.919221e+03 0.000000e+00 0.000000e+00 0.000000e+00 -2.074684e+02 -1.911337e+02 1.595807e+03 3.898910e+02 0.000000e+00 0.000000e+00 0.000000e+00 0.000000e+00 0.000000e+00 0.000000e+00 0.000000e+00 0.000000e+00 0.000000e+00
2.322000e+00 0.000000e+00 -5.191634e+03 -6.919214e+03 0.000000e+00 0.000000e+00 0.000000e+00 -2.078172e+02 -1.914691e+02 1.594389e+03 3.905704e+02 0.000000e+00 0.000000e+00 0.000000e+00 0.000000e+00 0.000000e+00 0.000000e+00 0.000000e+00 0.000000e+00 0.000000e+00
2.323000e+00 0.000000e+00 -5.187474e+03 -6.919435e+03 0.000000e+00 0.000000e+00 0.000000e+00 -2.081798e+02 -1.918179e+02 1.592995e+03 3.912802e+02 0.000000e+00 0.000000e+00 0.000000e+00 0.000000e+00 0.000000e+00 0.000000e+00 0.000000e+00 0.000000e+00 0.000000e+00
2.324000e+00 0.000000e+00 -5.183500e+03 -6.919885e+03 0.000000e+00 0.000000e+00 0.000000e+00 -2.085563e+02 -1.921804e+02 1.591624e+03 3.920207e+02 0.000000e+00 0.000000e+00 0.000000e+00 0.000000e+00 0.000000e+00 0.000000e+00 0.000000e+00 0.000000e+00 0.000000e+00
2.325000e+00 0.000000e+00 -5.179710e+03 -6.920560e+03 0.000000e+00 0.000000e+00 0.000000e+00 -2.089468e+02 -1.925565e+02 1.590277e+03 3.927922e+02 0.000000e+00 0.000000e+00 0.000000e+00 0.000000e+00 0.000000e+00 0.000000e+00 0.000000e+00 0.000000e+00 0.000000e+00
2.326000e+00 0.000000e+00 -5.176105e+03 -6.921462e+03 0.000000e+00 0.000000e+00 0.000000e+00 -2.093516e+02 -1.929466e+02 1.588953e+03 3.935949e+02 0.000000e+00 0.000000e+00 0.000000e+00 0.000000e+00 0.000000e+00 0.000000e+00 0.000000e+00 0.000000e+00 0.000000e+00
2.327000e+00 0.000000e+00 -5.172686e+03 -6.922587e+03 0.000000e+00 0.000000e+00 0.000000e+00 -2.097707e+02 -1.933507e+02 1.587654e+03 3.944291e+02 0.000000e+00 0.000000e+00 0.000000e+00 0.000000e+00 0.000000e+00 0.000000e+00 0.000000e+00 0.000000e+00 0.000000e+00
2.328000e+00 0.000000e+00 -5.169452e+03 -6.923936e+03 0.000000e+00 0.000000e+00 0.000000e+00 -2.102042e+02 -1.937689e+02 1.586379e+03 3.952950e+02 0.000000e+00 0.000000e+00 0.000000e+00 0.000000e+00 0.000000e+00 0.000000e+00 0.000000e+00 0.000000e+00 0.000000e+00
2.329000e+00 0.000000e+00 -5.166405e+03 -6.925506e+03 0.000000e+00 0.000000e+00 0.000000e+00 -2.106523e+02 -1.942013e+02 1.585127e+03 3.961929e+02 0.000000e+00 0.000000e+00 0.000000e+00 0.000000e+00 0.000000e+00 0.000000e+00 0.000000e+00 0.000000e+00 0.000000e+00
2.330000e+00 0.000000e+00 -5.163543e+03 -6.927295e+03 0.000000e+00 0.000000e+00 0.000000e+00 -2.111150e+02 -1.946481e+02 1.583900e+03 3.971230e+02 0.000000e+00 0.000000e+00 0.000000e+00 0.000000e+00 0.000000e+00 0.000000e+00 0.000000e+00 0.000000e+00 0.000000e+00
2.331000e+00 0.000000e+00 -5.160867e+03 -6.929303e+03 0.000000e+00 0.000000e+00 0.000000e+00 -2.115925e+02 -1.951094e+02 1.582697e+03 3.980855e+02 0.000000e+00 0.000000e+00 0.000000e+00 0.000000e+00 0.000000e+00 0.000000e+00 0.000000e+00 0.000000e+00 0.000000e+00
2.332000e+00 0.000000e+00 -5.158376e+03 -6.931527e+03 0.000000e+00 0.000000e+00 0.000000e+00 -2.120849e+02 -1.955852e+02 1.581519e+03 3.990805e+02 0.000000e+00 0.000000e+00 0.000000e+00 0.000000e+00 0.000000e+00 0.000000e+00 0.000000e+00 0.000000e+00 0.000000e+00
2.333000e+00 0.000000e+00 -5.156070e+03 -6.933965e+03 0.000000e+00 0.000000e+00 0.000000e+00 -2.125922e+02 -1.960756e+02 1.580365e+03 4.001082e+02 0.000000e+00 0.000000e+00 0.000000e+00 0.000000e+00 0.000000e+00 0.000000e+00 0.000000e+00 0.000000e+00 0.000000e+00
2.334000e+00 0.000000e+00 -5.153950e+03 -6.936617e+03 0.000000e+00 0.000000e+00 0.000000e+00 -2.131146e+02 -1.965808e+02 1.579235e+03 4.011688e+02 0.000000e+00 0.000000e+00 0.000000e+00 0.000000e+00 0.000000e+00 0.000000e+00 0.000000e+00 0.000000e+00 0.000000e+00
2.335000e+00 0.000000e+00 -5.152013e+03 -6.939479e+03 0.000000e+00 0.000000e+00 0.000000e+00 -2.136521e+02 -1.971007e+02 1.578130e+03 4.022624e+02 0.000000e+00 0.000000e+00 0.000000e+00 0.000000e+00 0.000000e+00 0.000000e+00 0.000000e+00 0.000000e+00 0.000000e+00
2.336000e+00 0.000000e+00 -5.150259e+03 -6.942550e+03 0.000000e+00 0.000000e+00 0.000000e+00 -2.142048e+02 -1.976356e+02 1.577049e+03 4.033891e+02 0.000000e+00 0.000000e+00 0.000000e+00 0.000000e+00 0.000000e+00 0.000000e+00 0.000000e+00 0.000000e+00 0.000000e+00
2.337000e+00 0.000000e+00 -5.148689e+03 -6.945829e+03 0.000000e+00 0.000000e+00 0.000000e+00 -2.147728e+02 -1.981855e+02 1.575992e+03 4.045490e+02 0.000000e+00 0.000000e+00 0.000000e+00 0.000000e+00 0.000000e+00 0.000000e+00 0.000000e+00 0.000000e+00 0.000000e+00
2.338000e+00 0.000000e+00 -5.147300e+03 -6.949312e+03 0.000000e+00 0.000000e+00 0.000000e+00 -2.153561e+02 -1.987504e+02 1.574959e+03 4.057422e+02 0.000000e+00 0.000000e+00 0.000000e+00 0.000000e+00 0.000000e+00 0.000000e+00 0.000000e+00 0.000000e+00 0.000000e+00
2.339000e+00 0.000000e+00 -5.146093e+03 -6.952998e+03 0.000000e+00 0.000000e+00 0.000000e+00 -2.159549e+02 -1.993304e+02 1.573951e+03 4.069688e+02 0.000000e+00 0.000000e+00 0.000000e+00 0.000000e+00 0.000000e+00 0.000000e+00 0.000000e+00 0.000000e+00 0.000000e+00
2.340000e+00 0.000000e+00 -5.145065e+03 -6.956884e+03 0.000000e+00 0.000000e+00 0.000000e+00 -2.165690e+02 -1.999255e+02 1.572967e+03 4.082287e+02 0.000000e+00 0.000000e+00 0.000000e+00 0.000000e+00 0.000000e+00 0.000000e+00 0.000000e+00 0.000000e+00 0.000000e+00
2.341000e+00 0.000000e+00 -5.144216e+03 -6.960968e+03 0.000000e+00 0.000000e+00 0.000000e+00 -2.171987e+02 -2.005357e+02 1.572007e+03 4.095221e+02 0.000000e+00 0.000000e+00 0.000000e+00 0.000000e+00 0.000000e+00 0.000000e+00 0.000000e+00 0.000000e+00 0.000000e+00
2.342000e+00 0.000000e+00 -5.143545e+03 -6.965247e+03 0.000000e+00 0.000000e+00 0.000000e+00 -2.178438e+02 -2.011612e+02 1.571071e+03 4.108489e+02 0.000000e+00 0.000000e+00 0.000000e+00 0.000000e+00 0.000000e+00 0.000000e+00 0.000000e+00 0.000000e+00 0.000000e+00
2.343000e+00 0.000000e+00 -5.143050e+03 -6.969719e+03 0.000000e+00 0.000000e+00 0.000000e+00 -2.185045e+02 -2.018018e+02 1.570159e+03 4.122090e+02 0.000000e+00 0.000000e+00 0.000000e+00 0.000000e+00 0.000000e+00 0.000000e+00 0.000000e+00 0.000000e+00 0.000000e+00
2.344000e+00 0.000000e+00 -5.142730e+03 -6.974381e+03 0.000000e+00 0.000000e+00 0.000000e+00 -2.191807e+02 -2.024577e+02 1.569271e+03 4.136025e+02 0.000000e+00 0.000000e+00 0.000000e+00 0.000000e+00 0.000000e+00 0.000000e+00 0.000000e+00 0.000000e+00 0.000000e+00
2.345000e+00 0.000000e+00 -5.142584e+03 -6.979231e+03 0.000000e+00 0.000000e+00 0.000000e+00 -2.198724e+02 -2.031288e+02 1.568406e+03 4.150292e+02 0.000000e+00 0.000000e+00 0.000000e+00 0.000000e+00 0.000000e+00 0.000000e+00 0.000000e+00 0.000000e+00 0.000000e+00
2.346000e+00 0.000000e+00 -5.142609e+03 -6.984266e+03 0.000000e+00 0.000000e+00 0.000000e+00 -2.205796e+02 -2.038151e+02 1.567565e+03 4.164891e+02 0.000000e+00 0.000000e+00 0.000000e+00 0.000000e+00 0.000000e+00 0.000000e+00 0.000000e+00 0.000000e+00 0.000000e+00
2.347000e+00 0.000000e+00 -5.142805e+03 -6.989483e+03 0.000000e+00 0.000000e+00 0.000000e+00 -2.213023e+02 -2.045166e+02 1.566747e+03 4.179822e+02 0.000000e+00 0.000000e+00 0.000000e+00 0.000000e+00 0.000000e+00 0.000000e+00 0.000000e+00 0.000000e+00 0.000000e+00
2.348000e+00 0.000000e+00 -5.143170e+03 -6.994878e+03 0.000000e+00 0.000000e+00 0.000000e+00 -2.220405e+02 -2.052332e+02 1.565952e+03 4.195082e+02 0.000000e+00 0.000000e+00 0.000000e+00 0.000000e+00 0.000000e+00 0.000000e+00 0.000000e+00 0.000000e+00 0.000000e+00
2.349000e+00 0.000000e+00 -5.143701e+03 -7.000450e+03 0.000000e+00 0.000000e+00 0.000000e+00 -2.227941e+02 -2.059650e+02 1.565180e+03 4.210670e+02 0.000000e+00 0.000000e+00 0.000000e+00 0.000000e+00 0.000000e+00 0.000000e+00 0.000000e+00 0.000000e+00 0.000000e+00
2.350000e+00 0.000000e+00 -5.144398e+03 -7.006195e+03 0.000000e+00 0.000000e+00 0.000000e+00 -2.235631e+02 -2.067119e+02 1.564431e+03 4.226585e+02 0.000000e+00 0.000000e+00 0.000000e+00 0.000000e+00 0.000000e+00 0.000000e+00 0.000000e+00 0.000000e+00 0.000000e+00
2.351000e+00 0.000000e+00 -5.145257e+03 -7.012110e+03 0.000000e+00 0.000000e+00 0.000000e+00 -2.243475e+02 -2.074738e+02 1.563705e+03 4.242825e+02 0.000000e+00 0.000000e+00 0.000000e+00 0.000000e+00 0.000000e+00 0.000000e+00 0.000000e+00 0.000000e+00 0.000000e+00
2.352000e+00 0.000000e+00 -5.146277e+03 -7.018192e+03 0.000000e+00 0.000000e+00 0.000000e+00 -2.251471e+02 -2.082507e+02 1.563001e+03 4.259387e+02 0.000000e+00 0.000000e+00 0.000000e+00 0.000000e+00 0.000000e+00 0.000000e+00 0.000000e+00 0.000000e+00 0.000000e+00
2.353000e+00 0.000000e+00 -5.147457e+03 -7.024437e+03 0.000000e+00 0.000000e+00 0.000000e+00 -2.259620e+02 -2.090425e+02 1.562319e+03 4.276271e+02 0.000000e+00 0.000000e+00 0.000000e+00 0.000000e+00 0.000000e+00 0.000000e+00 0.000000e+00 0.000000e+00 0.000000e+00
2.354000e+00 0.000000e+00 -5.148792e+03 -7.030843e+03 0.000000e+00 0.000000e+00 0.000000e+00 -2.267920e+02 -2.098492e+02 1.561659e+03 4.293473e+02 0.000000e+00 0.000000e+00 0.000000e+00 0.000000e+00 0.000000e+00 0.000000e+00 0.000000e+00 0.000000e+00 0.000000e+00
2.355000e+00 0.000000e+00 -5.150283e+03 -7.037406e+03 0.000000e+00 0.000000e+00 0.000000e+00 -2.276370e+02 -2.106706e+02 1.561021e+03 4.310991e+02 0.000000e+00 0.000000e+00 0.000000e+00 0.000000e+00 0.000000e+00 0.000000e+00 0.000000e+00 0.000000e+00 0.000000e+00
2.356000e+00 0.000000e+00 -5.151925e+03 -7.044123e+03 0.000000e+00 0.000000e+00 0.000000e+00 -2.284971e+02 -2.115067e+02 1.560404e+03 4.328822e+02 0.000000e+00 0.000000e+00 0.000000e+00 0.000000e+00 0.000000e+00 0.000000e+00 0.000000e+00 0.000000e+00 0.000000e+00
2.357000e+00 0.000000e+00 -5.153716e+03 -7.050991e+03 0.000000e+00 0.000000e+00 0.000000e+00 -2.293721e+02 -2.123575e+02 1.559809e+03 4.346965e+02 0.000000e+00 0.000000e+00 0.000000e+00 0.000000e+00 0.000000e+00 0.000000e+00 0.000000e+00 0.000000e+00 0.000000e+00
2.358000e+00 0.000000e+00 -5.155655e+03 -7.058007e+03 0.000000e+00 0.000000e+00 0.000000e+00 -2.302619e+02 -2.132228e+02 1.559234e+03 4.365416e+02 0.000000e+00 0.000000e+00 0.000000e+00 0.000000e+00 0.000000e+00 0.000000e+00 0.000000e+00 0.000000e+00 0.000000e+00
2.359000e+00 0.000000e+00 -5.157737e+03 -7.065167e+03 0.000000e+00 0.000000e+00 0.000000e+00 -2.311664e+02 -2.141025e+02 1.558680e+03 4.384172e+02 0.000000e+00 0.000000e+00 0.000000e+00 0.000000e+00 0.000000e+00 0.000000e+00 0.000000e+00 0.000000e+00 0.000000e+00
2.360000e+00 0.000000e+00 -5.159962e+03 -7.072468e+03 0.000000e+00 0.000000e+00 0.000000e+00 -2.320857e+02 -2.149966e+02 1.558146e+03 4.403230e+02 0.000000e+00 0.000000e+00 0.000000e+00 0.000000e+00 0.000000e+00 0.000000e+00 0.000000e+00 0.000000e+00 0.000000e+00
2.361000e+00 0.000000e+00 -5.162325e+03 -7.079906e+03 0.000000e+00 0.000000e+00 0.000000e+00 -2.330194e+02 -2.159050e+02 1.557632e+03 4.422587e+02 0.000000e+00 0.000000e+00 0.000000e+00 0.000000e+00 0.000000e+00 0.000000e+00 0.000000e+00 0.000000e+00 0.000000e+00
2.362000e+00 0.000000e+00 -5.164824e+03 -7.087479e+03 0.000000e+00 0.000000e+00 0.000000e+00 -2.339676e+02 -2.168274e+02 1.557138e+03 4.442239e+02 0.000000e+00 0.000000e+00 0.000000e+00 0.000000e+00 0.000000e+00 0.000000e+00 0.000000e+00 0.000000e+00 0.000000e+00
2.363000e+00 0.000000e+00 -5.167456e+03 -7.095182e+03 0.000000e+00 0.000000e+00 0.000000e+00 -2.349300e+02 -2.177639e+02 1.556663e+03 4.462182e+02 0.000000e+00 0.000000e+00 0.000000e+00 0.000000e+00 0.000000e+00 0.000000e+00 0.000000e+00 0.000000e+00 0.000000e+00
2.364000e+00 0.000000e+00 -5.170219e+03 -7.103013e+03 0.000000e+00 0.000000e+00 0.000000e+00 -2.359066e+02 -2.187142e+02 1.556207e+03 4.482413e+02 0.000000e+00 0.000000e+00 0.000000e+00 0.000000e+00 0.000000e+00 0.000000e+00 0.000000e+00 0.000000e+00 0.000000e+00
2.365000e+00 0.000000e+00 -5.173108e+03 -7.110968e+03 0.000000e+00 0.000000e+00 0.000000e+00 -2.368972e+02 -2.196782e+02 1.555770e+03 4.502927e+02 0.000000e+00 0.000000e+00 0.000000e+00 0.000000e+00 0.000000e+00 0.000000e+00 0.000000e+00 0.000000e+00 0.000000e+00
2.366000e+00 0.000000e+00 -5.176122e+03 -7.119042e+03 0.000000e+00 0.000000e+00 0.000000e+00 -2.379017e+02 -2.206558e+02 1.555351e+03 4.523721e+02 0.000000e+00 0.000000e+00 0.000000e+00 0.000000e+00 0.000000e+00 0.000000e+00 0.000000e+00 0.000000e+00 0.000000e+00
2.367000e+00 0.000000e+00 -5.179257e+03 -7.127234e+03 0.000000e+00 0.000000e+00 0.000000e+00 -2.389199e+02 -2.216468e+02 1.554950e+03 4.544790e+02 0.000000e+00 0.000000e+00 0.000000e+00 0.000000e+00 0.000000e+00 0.000000e+00 0.000000e+00 0.000000e+00 0.000000e+00
2.368000e+00 0.000000e+00 -5.182510e+03 -7.135538e+03 0.000000e+00 0.000000e+00 0.000000e+00 -2.399516e+02 -2.226510e+02 1.554567e+03 4.566129e+02 0.000000e+00 0.000000e+00 0.000000e+00 0.000000e+00 0.000000e+00 0.000000e+00 0.000000e+00 0.000000e+00 0.000000e+00
2.369000e+00 0.000000e+00 -5.185878e+03 -7.143952e+03 0.000000e+00 0.000000e+00 0.000000e+00 -2.409966e+02 -2.236683e+02 1.554201e+03 4.587734e+02 0.000000e+00 0.000000e+00 0.000000e+00 0.000000e+00 0.000000e+00 0.000000e+00 0.000000e+00 0.000000e+00 0.000000e+00
2.370000e+00 0.000000e+00 -5.189357e+03 -7.152472e+03 0.000000e+00 0.000000e+00 0.000000e+00 -2.420549e+02 -2.246985e+02 1.553852e+03 4.609600e+02 0.000000e+00 0.000000e+00 0.000000e+00 0.000000e+00 0.000000e+00 0.000000e+00 0.000000e+00 0.000000e+00 0.000000e+00
2.371000e+00 0.000000e+00 -5.192944e+03 -7.161094e+03 0.000000e+00 0.000000e+00 0.000000e+00 -2.431262e+02 -2.257415e+02 1.553520e+03 4.631722e+02 0.000000e+00 0.000000e+00 0.000000e+00 0.000000e+00 0.000000e+00 0.000000e+00 0.000000e+00 0.000000e+00 0.000000e+00
2.372000e+00 0.000000e+00 -5.196637e+03 -7.169814e+03 0.000000e+00 0.000000e+00 0.000000e+00 -2.442102e+02 -2.267969e+02 1.553203e+03 4.654094e+02 0.000000e+00 0.000000e+00 0.000000e+00 0.000000e+00 0.000000e+00 0.000000e+00 0.000000e+00 0.000000e+00 0.000000e+00
2.373000e+00 0.000000e+00 -5.200431e+03 -7.178629e+03 0.000000e+00 0.000000e+00 0.000000e+00 -2.453069e+02 -2.278647e+02 1.552903e+03 4.676712e+02 0.000000e+00 0.000000e+00 0.000000e+00 0.000000e+00 0.000000e+00 0.000000e+00 0.000000e+00 0.000000e+00 0.000000e+00
2.374000e+00 0.000000e+00 -5.204323e+03 -7.187536e+03 0.000000e+00 0.000000e+00 0.000000e+00 -2.464159e+02 -2.289445e+02 1.552617e+03 4.699571e+02 0.000000e+00 0.000000e+00 0.000000e+00 0.000000e+00 0.000000e+00 0.000000e+00 0.000000e+00 0.000000e+00 0.000000e+00
2.375000e+00 0.000000e+00 -5.208310e+03 -7.196530e+03 0.000000e+00 0.000000e+00 0.000000e+00 -2.475372e+02 -2.300363e+02 1.552347e+03 4.722664e+02 0.000000e+00 0.000000e+00 0.000000e+00 0.000000e+00 0.000000e+00 0.000000e+00 0.000000e+00 0.000000e+00 0.000000e+00
2.376000e+00 0.000000e+00 -5.212388e+03 -7.205608e+03 0.000000e+00 0.000000e+00 0.000000e+00 -2.486703e+02 -2.311397e+02 1.552091e+03 4.745986e+02 0.000000e+00 0.000000e+00 0.000000e+00 0.000000e+00 0.000000e+00 0.000000e+00 0.000000e+00 0.000000e+00 0.000000e+00
2.377000e+00 0.000000e+00 -5.216554e+03 -7.214766e+03 0.000000e+00 0.000000e+00 0.000000e+00 -2.498153e+02 -2.322546e+02 1.551850e+03 4.769531e+02 0.000000e+00 0.000000e+00 0.000000e+00 0.000000e+00 0.000000e+00 0.000000e+00 0.000000e+00 0.000000e+00 0.000000e+00
2.378000e+00 0.000000e+00 -5.220804e+03 -7.224000e+03 0.000000e+00 0.000000e+00 0.000000e+00 -2.509718e+02 -2.333808e+02 1.551622e+03 4.793294e+02 0.000000e+00 0.000000e+00 0.000000e+00 0.000000e+00 0.000000e+00 0.000000e+00 0.000000e+00 0.000000e+00 0.000000e+00
2.379000e+00 0.000000e+00 -5.225135e+03 -7.233308e+03 0.000000e+00 0.000000e+00 0.000000e+00 -2.521396e+02 -2.345180e+02 1.551407e+03 4.817270e+02 0.000000e+00 0.000000e+00 0.000000e+00 0.000000e+00 0.000000e+00 0.000000e+00 0.000000e+00 0.000000e+00 0.000000e+00
2.380000e+00 0.000000e+00 -5.229542e+03 -7.242686e+03 0.000000e+00 0.000000e+00 0.000000e+00 -2.533185e+02 -2.356661e+02 1.551205e+03 4.841451e+02 0.000000e+00 0.000000e+00 0.000000e+00 0.000000e+00 0.000000e+00 0.000000e+00 0.000000e+00 0.000000e+00 0.000000e+00
2.381000e+00 0.000000e+00 -5.234023e+03 -7.252130e+03 0.000000e+00 0.000000e+00 0.000000e+00 -2.545083e+02 -2.368247e+02 1.551016e+03 4.865832e+02 0.000000e+00 0.000000e+00 0.000000e+00 0.000000e+00 0.000000e+00 0.000000e+00 0.000000e+00 0.000000e+00 0.000000e+00
2.382000e+00 0.000000e+00 -5.238573e+03 -7.261637e+03 0.000000e+00 0.000000e+00 0.000000e+00 -2.557087e+02 -2.379937e+02 1.550838e+03 4.890408e+02 0.000000e+00 0.000000e+00 0.000000e+00 0.000000e+00 0.000000e+00 0.000000e+00 0.000000e+00 0.000000e+00 0.000000e+00
2.383000e+00 0.000000e+00 -5.243188e+03 -7.271202e+03 0.000000e+00 0.000000e+00 0.000000e+00 -2.569195e+02 -2.391729e+02 1.550673e+03 4.915171e+02 0.000000e+00 0.000000e+00 0.000000e+00 0.000000e+00 0.000000e+00 0.000000e+00 0.000000e+00 0.000000e+00 0.000000e+00
2.384000e+00 0.000000e+00 -5.247866e+03 -7.280824e+03 0.000000e+00 0.000000e+00 0.000000e+00 -2.581405e+02 -2.403619e+02 1.550518e+03 4.940116e+02 0.000000e+00 0.000000e+00 0.000000e+00 0.000000e+00 0.000000e+00 0.000000e+00 0.000000e+00 0.000000e+00 0.000000e+00
2.385000e+00 0.000000e+00 -5.252601e+03 -7.290497e+03 0.000000e+00 0.000000e+00 0.000000e+00 -2.593714e+02 -2.415605e+02 1.550374e+03 4.965236e+02 0.000000e+00 0.000000e+00 0.000000e+00 0.000000e+00 0.000000e+00 0.000000e+00 0.000000e+00 0.000000e+00 0.000000e+00
2.386000e+00 0.000000e+00 -5.257391e+03 -7.300219e+03 0.000000e+00 0.000000e+00 0.000000e+00 -2.606120e+02 -2.427685e+02 1.550240e+03 4.990524e+02 0.000000e+00 0.000000e+00 0.000000e+00 0.000000e+00 0.000000e+00 0.000000e+00 0.000000e+00 0.000000e+00 0.000000e+00
2.387000e+00 0.000000e+00 -5.262232e+03 -7.309987e+03 0.000000e+00 0.000000e+00 0.000000e+00 -2.618619e+02 -2.439857e+02 1.550116e+03 5.015974e+02 0.000000e+00 0.000000e+00 0.000000e+00 0.000000e+00 0.000000e+00 0.000000e+00 0.000000e+00 0.000000e+00 0.000000e+00
2.388000e+00 0.000000e+00 -5.267119e+03 -7.319796e+03 0.000000e+00 0.000000e+00 0.000000e+00 -2.631209e+02 -2.452116e+02 1.550002e+03 5.041579e+02 0.000000e+00 0.000000e+00 0.000000e+00 0.000000e+00 0.000000e+00 0.000000e+00 0.000000e+00 0.000000e+00 0.000000e+00
2.389000e+00 0.000000e+00 -5.272050e+03 -7.329643e+03 0.000000e+00 0.000000e+00 0.000000e+00 -2.643888e+02 -2.464462e+02 1.549897e+03 5.067333e+02 0.000000e+00 0.000000e+00 0.000000e+00 0.000000e+00 0.000000e+00 0.000000e+00 0.000000e+00 0.000000e+00 0.000000e+00
2.390000e+00 0.000000e+00 -5.277019e+03 -7.339525e+03 0.000000e+00 0.000000e+00 0.000000e+00 -2.656653e+02 -2.476890e+02 1.549800e+03 5.093228e+02 0.000000e+00 0.000000e+00 0.000000e+00 0.000000e+00 0.000000e+00 0.000000e+00 0.000000e+00 0.000000e+00 0.000000e+00
2.391000e+00 0.000000e+00 -5.282024e+03 -7.349439e+03 0.000000e+00 0.000000e+00 0.000000e+00 -2.669500e+02 -2.489399e+02 1.549711e+03 5.119258e+02 0.000000e+00 0.000000e+00 0.000000e+00 0.000000e+00 0.000000e+00 0.000000e+00 0.000000e+00 0.000000e+00 0.000000e+00
2.392000e+00 0.000000e+00 -5.287061e+03 -7.359381e+03 0.000000e+00 0.000000e+00 0.000000e+00 -2.682428e+02 -2.501985e+02 1.549629e+03 5.145416e+02 0.000000e+00 0.000000e+00 0.000000e+00 0.000000e+00 0.000000e+00 0.000000e+00 0.000000e+00 0.000000e+00 0.000000e+00
2.393000e+00 0.000000e+00 -5.292125e+03 -7.369347e+03 0.000000e+00 0.000000e+00 0.000000e+00 -2.695432e+02 -2.514646e+02 1.549555e+03 5.171694e+02 0.000000e+00 0.000000e+00 0.000000e+00 0.000000e+00 0.000000e+00 0.000000e+00 0.000000e+00 0.000000e+00 0.000000e+00
2.394000e+00 0.000000e+00 -5.297214e+03 -7.379335e+03 0.000000e+00 0.000000e+00 0.000000e+00 -2.708511e+02 -2.527378e+02 1.549488e+03 5.198085e+02 0.000000e+00 0.000000e+00 0.000000e+00 0.000000e+00 0.000000e+00 0.000000e+00 0.000000e+00 0.000000e+00 0.000000e+00
2.395000e+00 0.000000e+00 -5.302322e+03 -7.389341e+03 0.000000e+00 0.000000e+00 0.000000e+00 -2.721661e+02 -2.540179e+02 1.549427e+03 5.224582e+02 0.000000e+00 0.000000e+00 0.000000e+00 0.000000e+00 0.000000e+00 0.000000e+00 0.000000e+00 0.000000e+00 0.000000e+00
2.396000e+00 0.000000e+00 -5.307447e+03 -7.399361e+03 0.000000e+00 0.000000e+00 0.000000e+00 -2.734880e+02 -2.553046e+02 1.549372e+03 5.251179e+02 0.000000e+00 0.000000e+00 0.000000e+00 0.000000e+00 0.000000e+00 0.000000e+00 0.000000e+00 0.000000e+00 0.000000e+00
2.397000e+00 0.000000e+00 -5.312585e+03 -7.409393e+03 0.000000e+00 0.000000e+00 0.000000e+00 -2.748163e+02 -2.565975e+02 1.549322e+03 5.277867e+02 0.000000e+00 0.000000e+00 0.000000e+00 0.000000e+00 0.000000e+00 0.000000e+00 0.000000e+00 0.000000e+00 0.000000e+00
2.398000e+00 0.000000e+00 -5.317732e+03 -7.419434e+03 0.000000e+00 0.000000e+00 0.000000e+00 -2.761509e+02 -2.578964e+02 1.549277e+03 5.304640e+02 0.000000e+00 0.000000e+00 0.000000e+00 0.000000e+00 0.000000e+00 0.000000e+00 0.000000e+00 0.000000e+00 0.000000e+00
2.399000e+00 0.000000e+00 -5.322883e+03 -7.429480e+03 0.000000e+00 0.000000e+00 0.000000e+00 -2.774914e+02 -2.592010e+02 1.549237e+03 5.331490e+02 0.000000e+00 0.000000e+00 0.000000e+00 0.000000e+00 0.000000e+00 0.000000e+00 0.000000e+00 0.000000e+00 0.000000e+00
2.400000e+00 0.000000e+00 -5.328036e+03 -7.439528e+03 0.000000e+00 0.000000e+00 0.000000e+00 -2.788376e+02 -2.605109e+02 1.549200e+03 5.358410e+02 0.000000e+00 0.000000e+00 0.000000e+00 0.000000e+00 0.000000e+00 0.000000e+00 0.000000e+00 0.000000e+00 0.000000e+00
2.401000e+00 0.000000e+00 -5.333187e+03 -7.449575e+03 0.000000e+00 0.000000e+00 0.000000e+00 -2.801891e+02 -2.618260e+02 1.549168e+03 5.385393e+02 0.000000e+00 0.000000e+00 0.000000e+00 0.000000e+00 0.000000e+00 0.000000e+00 0.000000e+00 0.000000e+00 0.000000e+00
2.402000e+00 0.000000e+00 -5.338330e+03 -7.459619e+03 0.000000e+00 0.000000e+00 0.000000e+00 -2.815456e+02 -2.631459e+02 1.549138e+03 5.412432e+02 0.000000e+00 0.000000e+00 0.000000e+00 0.000000e+00 0.000000e+00 0.000000e+00 0.000000e+00 0.000000e+00 0.000000e+00
2.403000e+00 0.000000e+00 -5.343464e+03 -7.469656e+03 0.000000e+00 0.000000e+00 0.000000e+00 -2.829070e+02 -2.644703e+02 1.549112e+03 5.439519e+02 0.000000e+00 0.000000e+00 0.000000e+00 0.000000e+00 0.000000e+00 0.000000e+00 0.000000e+00 0.000000e+00 0.000000e+00
2.404000e+00 0.000000e+00 -5.348584e+03 -7.479683e+03 0.000000e+00 0.000000e+00 0.000000e+00 -2.842727e+02 -2.657989e+02 1.549088e+03 5.466647e+02 0.000000e+00 0.000000e+00 0.000000e+00 0.000000e+00 0.000000e+00 0.000000e+00 0.000000e+00 0.000000e+00 0.000000e+00
2.405000e+00 0.000000e+00 -5.353686e+03 -7.489698e+03 0.000000e+00 0.000000e+00 0.000000e+00 -2.856426e+02 -2.671313e+02 1.549065e+03 5.493809e+02 0.000000e+00 0.000000e+00 0.000000e+00 0.000000e+00 0.000000e+00 0.000000e+00 0.000000e+00 0.000000e+00 0.000000e+00
2.406000e+00 0.000000e+00 -5.358767e+03 -7.499698e+03 0.000000e+00 0.000000e+00 0.000000e+00 -2.870163e+02 -2.684674e+02 1.549045e+03 5.520998e+02 0.000000e+00 0.000000e+00 0.000000e+00 0.000000e+00 0.000000e+00 0.000000e+00 0.000000e+00 0.000000e+00 0.000000e+00
2.407000e+00 0.000000e+00 -5.363823e+03 -7.509680e+03 0.000000e+00 0.000000e+00 0.000000e+00 -2.883936e+02 -2.698068e+02 1.549025e+03 5.548205e+02 0.000000e+00 0.000000e+00 0.000000e+00 0.000000e+00 0.000000e+00 0.000000e+00 0.000000e+00 0.000000e+00 0.000000e+00
2.408000e+00 0.000000e+00 -5.368851e+03 -7.519641e+03 0.000000e+00 0.000000e+00 0.000000e+00 -2.897741e+02 -2.711491e+02 1.549006e+03 5.575425e+02 0.000000e+00 0.000000e+00 0.000000e+00 0.000000e+00 0.000000e+00 0.000000e+00 0.000000e+00 0.000000e+00 0.000000e+00
2.409000e+00 0.000000e+00 -5.373846e+03 -7.529578e+03 0.000000e+00 0.000000e+00 0.000000e+00 -2.911574e+02 -2.724941e+02 1.548988e+03 5.602648e+02 0.000000e+00 0.000000e+00 0.000000e+00 0.000000e+00 0.000000e+00 0.000000e+00 0.000000e+00 0.000000e+00 0.000000e+00
2.410000e+00 0.000000e+00 -5.378806e+03 -7.539489e+03 0.000000e+00 0.000000e+00 0.000000e+00 -2.925433e+02 -2.738414e+02 1.548969e+03 5.629869e+02 0.000000e+00 0.000000e+00 0.000000e+00 0.000000e+00 0.000000e+00 0.000000e+00 0.000000e+00 0.000000e+00 0.000000e+00
2.411000e+00 0.000000e+00 -5.383727e+03 -7.549371e+03 0.000000e+00 0.000000e+00 0.000000e+00 -2.939315e+02 -2.751907e+02 1.548949e+03 5.657079e+02 0.000000e+00 0.000000e+00 0.000000e+00 0.000000e+00 0.000000e+00 0.000000e+00 0.000000e+00 0.000000e+00 0.000000e+00
2.412000e+00 0.000000e+00 -5.388604e+03 -7.559221e+03 0.000000e+00 0.000000e+00 0.000000e+00 -2.953216e+02 -2.765418e+02 1.548929e+03 5.684271e+02 0.000000e+00 0.000000e+00 0.000000e+00 0.000000e+00 0.000000e+00 0.000000e+00 0.000000e+00 0.000000e+00 0.000000e+00
2.413000e+00 0.000000e+00 -5.393436e+03 -7.569038e+03 0.000000e+00 0.000000e+00 0.000000e+00 -2.967134e+02 -2.778942e+02 1.548908e+03 5.711439e+02 0.000000e+00 0.000000e+00 0.000000e+00 0.000000e+00 0.000000e+00 0.000000e+00 0.000000e+00 0.000000e+00 0.000000e+00
2.414000e+00 0.000000e+00 -5.398218e+03 -7.578817e+03 0.000000e+00 0.000000e+00 0.000000e+00 -2.981064e+02 -2.792477e+02 1.548884e+03 5.738573e+02 0.000000e+00 0.000000e+00 0.000000e+00 0.000000e+00 0.000000e+00 0.000000e+00 0.000000e+00 0.000000e+00 0.000000e+00
2.415000e+00 0.000000e+00 -5.402947e+03 -7.588557e+03 0.000000e+00 0.000000e+00 0.000000e+00 -2.995004e+02 -2.806020e+02 1.548859e+03 5.765668e+02 0.000000e+00 0.000000e+00 0.000000e+00 0.000000e+00 0.000000e+00 0.000000e+00 0.000000e+00 0.000000e+00 0.000000e+00
2.416000e+00 0.000000e+00 -5.407620e+03 -7.598256e+03 0.000000e+00 0.000000e+00 0.000000e+00 -3.008951e+02 -2.819567e+02 1.548831e+03 5.792716e+02 0.000000e+00 0.000000e+00 0.000000e+00 0.000000e+00 0.000000e+00 0.000000e+00 0.000000e+00 0.000000e+00 0.000000e+00
2.417000e+00 0.000000e+00 -5.412233e+03 -7.607910e+03 0.000000e+00 0.000000e+00 0.000000e+00 -3.022901e+02 -2.833115e+02 1.548801e+03 5.819710e+02 0.000000e+00 0.000000e+00 0.000000e+00 0.000000e+00 0.000000e+00 0.000000e+00 0.000000e+00 0.000000e+00 0.000000e+00
2.418000e+00 0.000000e+00 -5.416784e+03 -7.617517e+03 0.000000e+00 0.000000e+00 0.000000e+00 -3.036851e+02 -2.846662e+02 1.548767e+03 5.846642e+02 0.000000e+00 0.000000e+00 0.000000e+00 0.000000e+00 0.000000e+00 0.000000e+00 0.000000e+00 0.000000e+00 0.000000e+00
2.419000e+00 0.000000e+00 -5.421269e+03 -7.627076e+03 0.000000e+00 0.000000e+00 0.000000e+00 -3.050798e+02 -2.860203e+02 1.548729e+03 5.873505e+02 0.000000e+00 0.000000e+00 0.000000e+00 0.000000e+00 0.000000e+00 0.000000e+00 0.000000e+00 0.000000e+00 0.000000e+00
2.420000e+00 0.000000e+00 -5.425684e+03 -7.636584e+03 0.000000e+00 0.000000e+00 0.000000e+00 -3.064739e+02 -2.873736e+02 1.548688e+03 5.900292e+02 0.000000e+00 0.000000e+00 0.000000e+00 0.000000e+00 0.000000e+00 0.000000e+00 0.000000e+00 0.000000e+00 0.000000e+00
2.421000e+00 0.000000e+00 -5.430027e+03 -7.646038e+03 0.000000e+00 0.000000e+00 0.000000e+00 -3.078671e+02 -2.887258e+02 1.548642e+03 5.926997e+02 0.000000e+00 0.000000e+00 0.000000e+00 0.000000e+00 0.000000e+00 0.000000e+00 0.000000e+00 0.000000e+00 0.000000e+00
2.422000e+00 0.000000e+00 -5.434294e+03 -7.655437e+03 0.000000e+00 0.000000e+00 0.000000e+00 -3.092591e+02 -2.900765e+02 1.548591e+03 5.953612e+02 0.000000e+00 0.000000e+00 0.000000e+00 0.000000e+00 0.000000e+00 0.000000e+00 0.000000e+00 0.000000e+00 0.000000e+00
2.423000e+00 0.000000e+00 -5.438483e+03 -7.664779e+03 0.000000e+00 0.000000e+00 0.000000e+00 -3.106495e+02 -2.914255e+02 1.548536e+03 5.980131e+02 0.000000e+00 0.000000e+00 0.000000e+00 0.000000e+00 0.000000e+00 0.000000e+00 0.000000e+00 0.000000e+00 0.000000e+00
2.424000e+00 0.000000e+00 -5.442590e+03 -7.674061e+03 0.000000e+00 0.000000e+00 0.000000e+00 -3.120381e+02 -2.927725e+02 1.548475e+03 6.006546e+02 0.000000e+00 0.000000e+00 0.000000e+00 0.000000e+00 0.000000e+00 0.000000e+00 0.000000e+00 0.000000e+00 0.000000e+00
2.425000e+00 0.000000e+00 -5.446612e+03 -7.683281e+03 0.000000e+00 0.000000e+00 0.000000e+00 -3.134246e+02 -2.941172e+02 1.548408e+03 6.032852e+02 0.000000e+00 0.000000e+00 0.000000e+00 0.000000e+00 0.000000e+00 0.000000e+00 0.000000e+00 0.000000e+00 0.000000e+00
2.426000e+00 0.000000e+00 -5.450547e+03 -7.692438e+03 0.000000e+00 0.000000e+00 0.000000e+00 -3.148086e+02 -2.954592e+02 1.548336e+03 6.059040e+02 0.000000e+00 0.000000e+00 0.000000e+00 0.000000e+00 0.000000e+00 0.000000e+00 0.000000e+00 0.000000e+00 0.000000e+00
2.427000e+00 0.000000e+00 -5.454391e+03 -7.701529e+03 0.000000e+00 0.000000e+00 0.000000e+00 -3.161899e+02 -2.967983e+02 1.548257e+03 6.085105e+02 0.000000e+00 0.000000e+00 0.000000e+00 0.000000e+00 0.000000e+00 0.000000e+00 0.000000e+00 0.000000e+00 0.000000e+00
2.428000e+00 0.000000e+00 -5.458143e+03 -7.710552e+03 0.000000e+00 0.000000e+00 0.000000e+00 -3.175681e+02 -2.981341e+02 1.548172e+03 6.111040e+02 0.000000e+00 0.000000e+00 0.000000e+00 0.000000e+00 0.000000e+00 0.000000e+00 0.000000e+00 0.000000e+00 0.000000e+00
2.429000e+00 0.000000e+00 -5.461798e+03 -7.719507e+03 0.000000e+00 0.000000e+00 0.000000e+00 -3.189429e+02 -2.994664e+02 1.548079e+03 6.136838e+02 0.000000e+00 0.000000e+00 0.000000e+00 0.000000e+00 0.000000e+00 0.000000e+00 0.000000e+00 0.000000e+00 0.000000e+00
2.430000e+00 0.000000e+00 -5.465355e+03 -7.728390e+03 0.000000e+00 0.000000e+00 0.000000e+00 -3.203141e+02 -3.007949e+02 1.547979e+03 6.162492e+02 0.000000e+00 0.000000e+00 0.000000e+00 0.000000e+00 0.000000e+00 0.000000e+00 0.000000e+00 0.000000e+00 0.000000e+00
2.431000e+00 0.000000e+00 -5.468810e+03 -7.737200e+03 0.000000e+00 0.000000e+00 0.000000e+00 -3.216814e+02 -3.021192e+02 1.547872e+03 6.187997e+02 0.000000e+00 0.000000e+00 0.000000e+00 0.000000e+00 0.000000e+00 0.000000e+00 0.000000e+00 0.000000e+00 0.000000e+00
2.432000e+00 0.000000e+00 -5.472161e+03 -7.745935e+03 0.000000e+00 0.000000e+00 0.000000e+00 -3.230443e+02 -3.034391e+02 1.547757e+03 6.213345e+02 0.000000e+00 0.000000e+00 0.000000e+00 0.000000e+00 0.000000e+00 0.000000e+00 0.000000e+00 0.000000e+00 0.000000e+00
2.433000e+00 0.000000e+00 -5.475406e+03 -7.754594e+03 0.000000e+00 0.000000e+00 0.000000e+00 -3.244027e+02 -3.047542e+02 1.547634e+03 6.238531e+02 0.000000e+00 0.000000e+00 0.000000e+00 0.000000e+00 0.000000e+00 0.000000e+00 0.000000e+00 0.000000e+00 0.000000e+00
2.434000e+00 0.000000e+00 -5.478543e+03 -7.763174e+03 0.000000e+00 0.000000e+00 0.000000e+00 -3.257563e+02 -3.060644e+02 1.547502e+03 6.263548e+02 0.000000e+00 0.000000e+00 0.000000e+00 0.000000e+00 0.000000e+00 0.000000e+00 0.000000e+00 0.000000e+00 0.000000e+00
2.435000e+00 0.000000e+00 -5.481568e+03 -7.771675e+03 0.000000e+00 0.000000e+00 0.000000e+00 -3.271047e+02 -3.073692e+02 1.547362e+03 6.288390e+02 0.000000e+00 0.000000e+00 0.000000e+00 0.000000e+00 0.000000e+00 0.000000e+00 0.000000e+00 0.000000e+00 0.000000e+00
2.436000e+00 0.000000e+00 -5.484479e+03 -7.780093e+03 0.000000e+00 0.000000e+00 0.000000e+00 -3.284477e+02 -3.086684e+02 1.547212e+03 6.313051e+02 0.000000e+00 0.000000e+00 0.000000e+00 0.000000e+00 0.000000e+00 0.000000e+00 0.000000e+00 0.000000e+00 0.000000e+00
2.437000e+00 0.000000e+00 -5.487275e+03 -7.788429e+03 0.000000e+00 0.000000e+00 0.000000e+00 -3.297849e+02 -3.099617e+02 1.547054e+03 6.337524e+02 0.000000e+00 0.000000e+00 0.000000e+00 0.000000e+00 0.000000e+00 0.000000e+00 0.000000e+00 0.000000e+00 0.000000e+00
2.438000e+00 0.000000e+00 -5.489952e+03 -7.796680e+03 0.000000e+00 0.000000e+00 0.000000e+00 -3.311161e+02 -3.112489e+02 1.546886e+03 6.361804e+02 0.000000e+00 0.000000e+00 0.000000e+00 0.000000e+00 0.000000e+00 0.000000e+00 0.000000e+00 0.000000e+00 0.000000e+00
2.439000e+00 0.000000e+00 -5.492510e+03 -7.804844e+03 0.000000e+00 0.000000e+00 0.000000e+00 -3.324410e+02 -3.125296e+02 1.546708e+03 6.385886e+02 0.000000e+00 0.000000e+00 0.000000e+00 0.000000e+00 0.000000e+00 0.000000e+00 0.000000e+00 0.000000e+00 0.000000e+00
2.440000e+00 0.000000e+00 -5.494945e+03 -7.812921e+03 0.000000e+00 0.000000e+00 0.000000e+00 -3.337593e+02 -3.138035e+02 1.546520e+03 6.409762e+02 0.000000e+00 0.000000e+00 0.000000e+00 0.000000e+00 0.000000e+00 0.000000e+00 0.000000e+00 0.000000e+00 0.000000e+00
2.441000e+00 0.000000e+00 -5.497256e+03 -7.820908e+03 0.000000e+00 0.000000e+00 0.000000e+00 -3.350707e+02 -3.150705e+02 1.546322e+03 6.433428e+02 0.000000e+00 0.000000e+00 0.000000e+00 0.000000e+00 0.000000e+00 0.000000e+00 0.000000e+00 0.000000e+00 0.000000e+00
2.442000e+00 0.000000e+00 -5.499440e+03 -7.828805e+03 0.000000e+00 0.000000e+00 0.000000e+00 -3.363751e+02 -3.163302e+02 1.546114e+03 6.456878e+02 0.000000e+00 0.000000e+00 0.000000e+00 0.000000e+00 0.000000e+00 0.000000e+00 0.000000e+00 0.000000e+00 0.000000e+00
2.443000e+00 0.000000e+00 -5.501496e+03 -7.836610e+03 0.000000e+00 0.000000e+00 0.000000e+00 -3.376720e+02 -3.175823e+02 1.545895e+03 6.480107e+02 0.000000e+00 0.000000e+00 0.000000e+00 0.000000e+00 0.000000e+00 0.000000e+00 0.000000e+00 0.000000e+00 0.000000e+00
2.444000e+00 0.000000e+00 -5.503422e+03 -7.844322e+03 0.000000e+00 0.000000e+00 0.000000e+00 -3.389612e+02 -3.188267e+02 1.545666e+03 6.503108e+02 0.000000e+00 0.000000e+00 0.000000e+00 0.000000e+00 0.000000e+00 0.000000e+00 0.000000e+00 0.000000e+00 0.000000e+00
2.445000e+00 0.000000e+00 -5.505215e+03 -7.851939e+03 0.000000e+00 0.000000e+00 0.000000e+00 -3.402426e+02 -3.200630e+02 1.545425e+03 6.525878e+02 0.000000e+00 0.000000e+00 0.000000e+00 0.000000e+00 0.000000e+00 0.000000e+00 0.000000e+00 0.000000e+00 0.000000e+00
2.446000e+00 0.000000e+00 -5.506875e+03 -7.859460e+03 0.000000e+00 0.000000e+00 0.000000e+00 -3.415157e+02 -3.212911e+02 1.545173e+03 6.548411e+02 0.000000e+00 0.000000e+00 0.000000e+00 0.000000e+00 0.000000e+00 0.000000e+00 0.000000e+00 0.000000e+00 0.000000e+00
2.447000e+00 0.000000e+00 -5.508400e+03 -7.866884e+03 0.000000e+00 0.000000e+00 0.000000e+00 -3.427805e+02 -3.225105e+02 1.544909e+03 6.570701e+02 0.000000e+00 0.000000e+00 0.000000e+00 0.000000e+00 0.000000e+00 0.000000e+00 0.000000e+00 0.000000e+00 0.000000e+00
2.448000e+00 0.000000e+00 -5.509787e+03 -7.874210e+03 0.000000e+00 0.000000e+00 0.000000e+00 -3.440365e+02 -3.237212e+02 1.544634e+03 6.592744e+02 0.000000e+00 0.000000e+00 0.000000e+00 0.000000e+00 0.000000e+00 0.000000e+00 0.000000e+00 0.000000e+00 0.000000e+00
2.449000e+00 0.000000e+00 -5.511036e+03 -7.881437e+03 0.000000e+00 0.000000e+00 0.000000e+00 -3.452836e+02 -3.249228e+02 1.544347e+03 6.614535e+02 0.000000e+00 0.000000e+00 0.000000e+00 0.000000e+00 0.000000e+00 0.000000e+00 0.000000e+00 0.000000e+00 0.000000e+00
2.450000e+00 0.000000e+00 -5.512144e+03 -7.888563e+03 0.000000e+00 0.000000e+00 0.000000e+00 -3.465215e+02 -3.261151e+02 1.544048e+03 6.636069e+02 0.000000e+00 0.000000e+00 0.000000e+00 0.000000e+00 0.000000e+00 0.000000e+00 0.000000e+00 0.000000e+00 0.000000e+00
2.451000e+00 0.000000e+00 -5.513111e+03 -7.895587e+03 0.000000e+00 0.000000e+00 0.000000e+00 -3.477499e+02 -3.272979e+02 1.543737e+03 6.657341e+02 0.000000e+00 0.000000e+00 0.000000e+00 0.000000e+00 0.000000e+00 0.000000e+00 0.000000e+00 0.000000e+00 0.000000e+00
2.452000e+00 0.000000e+00 -5.513935e+03 -7.902508e+03 0.000000e+00 0.000000e+00 0.000000e+00 -3.489687e+02 -3.284708e+02 1.543414e+03 6.678347e+02 0.000000e+00 0.000000e+00 0.000000e+00 0.000000e+00 0.000000e+00 0.000000e+00 0.000000e+00 0.000000e+00 0.000000e+00
2.453000e+00 0.000000e+00 -5.514615e+03 -7.909325e+03 0.000000e+00 0.000000e+00 0.000000e+00 -3.501775e+02 -3.296338e+02 1.543078e+03 6.699081e+02 0.000000e+00 0.000000e+00 0.000000e+00 0.000000e+00 0.000000e+00 0.000000e+00 0.000000e+00 0.000000e+00 0.000000e+00
2.454000e+00 0.000000e+00 -5.515149e+03 -7.916037e+03 0.000000e+00 0.000000e+00 0.000000e+00 -3.513762e+02 -3.307865e+02 1.542729e+03 6.719541e+02 0.000000e+00 0.000000e+00 0.000000e+00 0.000000e+00 0.000000e+00 0.000000e+00 0.000000e+00 0.000000e+00 0.000000e+00
2.455000e+00 0.000000e+00 -5.515537e+03 -7.922643e+03 0.000000e+00 0.000000e+00 0.000000e+00 -3.525645e+02 -3.319288e+02 1.542368e+03 6.739720e+02 0.000000e+00 0.000000e+00 0.000000e+00 0.000000e+00 0.000000e+00 0.000000e+00 0.000000e+00 0.000000e+00 0.000000e+00
2.456000e+00 0.000000e+00 -5.515777e+03 -7.929142e+03 0.000000e+00 0.000000e+00 0.000000e+00 -3.537422e+02 -3.330603e+02 1.541994e+03 6.759616e+02 0.000000e+00 0.000000e+00 0.000000e+00 0.000000e+00 0.000000e+00 0.000000e+00 0.000000e+00 0.000000e+00 0.000000e+00
2.457000e+00 0.000000e+00 -5.515868e+03 -7.935533e+03 0.000000e+00 0.000000e+00 0.000000e+00 -3.549091e+02 -3.341810e+02 1.541607e+03 6.779224e+02 0.000000e+00 0.000000e+00 0.000000e+00 0.000000e+00 0.000000e+00 0.000000e+00 0.000000e+00 0.000000e+00 0.000000e+00
2.458000e+00 0.000000e+00 -5.515809e+03 -7.941814e+03 0.000000e+00 0.000000e+00 0.000000e+00 -3.560649e+02 -3.352905e+02 1.541206e+03 6.798540e+02 0.000000e+00 0.000000e+00 0.000000e+00 0.000000e+00 0.000000e+00 0.000000e+00 0.000000e+00 0.000000e+00 0.000000e+00
2.459000e+00 0.000000e+00 -5.515600e+03 -7.947986e+03 0.000000e+00 0.000000e+00 0.000000e+00 -3.572094e+02 -3.363886e+02 1.540793e+03 6.817560e+02 0.000000e+00 0.000000e+00 0.000000e+00 0.000000e+00 0.000000e+00 0.000000e+00 0.000000e+00 0.000000e+00 0.000000e+00
2.460000e+00 0.000000e+00 -5.515239e+03 -7.954046e+03 0.000000e+00 0.000000e+00 0.000000e+00 -3.583424e+02 -3.374752e+02 1.540366e+03 6.836280e+02 0.000000e+00 0.000000e+00 0.000000e+00 0.000000e+00 0.000000e+00 0.000000e+00 0.000000e+00 0.000000e+00 0.000000e+00
2.461000e+00 0.000000e+00 -5.514726e+03 -7.959995e+03 0.000000e+00 0.000000e+00 0.000000e+00 -3.594637e+02 -3.385501e+02 1.539925e+03 6.854696e+02 0.000000e+00 0.000000e+00 0.000000e+00 0.000000e+00 0.000000e+00 0.000000e+00 0.000000e+00 0.000000e+00 0.000000e+00
2.462000e+00 0.000000e+00 -5.514060e+03 -7.965830e+03 0.000000e+00 0.000000e+00 0.000000e+00 -3.605731e+02 -3.396129e+02 1.539471e+03 6.872806e+02 0.000000e+00 0.000000e+00 0.000000e+00 0.000000e+00 0.000000e+00 0.000000e+00 0.000000e+00 0.000000e+00 0.000000e+00
2.463000e+00 0.000000e+00 -5.513240e+03 -7.971552e+03 0.000000e+00 0.000000e+00 0.000000e+00 -3.616704e+02 -3.406637e+02 1.539003e+03 6.890605e+02 0.000000e+00 0.000000e+00 0.000000e+00 0.000000e+00 0.000000e+00 0.000000e+00 0.000000e+00 0.000000e+00 0.000000e+00
2.464000e+00 0.000000e+00 -5.512266e+03 -7.977160e+03 0.000000e+00 0.000000e+00 0.000000e+00 -3.627555e+02 -3.417020e+02 1.538522e+03 6.908090e+02 0.000000e+00 0.000000e+00 0.000000e+00 0.000000e+00 0.000000e+00 0.000000e+00 0.000000e+00 0.000000e+00 0.000000e+00
2.465000e+00 0.000000e+00 -5.511137e+03 -7.982652e+03 0.000000e+00 0.000000e+00 0.000000e+00 -3.638280e+02 -3.427279e+02 1.538026e+03 6.925258e+02 0.000000e+00 0.000000e+00 0.000000e+00 0.000000e+00 0.000000e+00 0.000000e+00 0.000000e+00 0.000000e+00 0.000000e+00
2.466000e+00 0.000000e+00 -5.509852e+03 -7.988028e+03 0.000000e+00 0.000000e+00 0.000000e+00 -3.648879e+02 -3.437411e+02 1.537517e+03 6.942106e+02 0.000000e+00 0.000000e+00 0.000000e+00 0.000000e+00 0.000000e+00 0.000000e+00 0.000000e+00 0.000000e+00 0.000000e+00
2.467000e+00 0.000000e+00 -5.508412e+03 -7.993287e+03 0.000000e+00 0.000000e+00 0.000000e+00 -3.659349e+02 -3.447413e+02 1.536993e+03 6.958631e+02 0.000000e+00 0.000000e+00 0.000000e+00 0.000000e+00 0.000000e+00 0.000000e+00 0.000000e+00 0.000000e+00 0.000000e+00
2.468000e+00 0.000000e+00 -5.506816e+03 -7.998428e+03 0.000000e+00 0.000000e+00 0.000000e+00 -3.669688e+02 -3.457285e+02 1.536456e+03 6.974830e+02 0.000000e+00 0.000000e+00 0.000000e+00 0.000000e+00 0.000000e+00 0.000000e+00 0.000000e+00 0.000000e+00 0.000000e+00
2.469000e+00 0.000000e+00 -5.505063e+03 -8.003450e+03 0.000000e+00 0.000000e+00 0.000000e+00 -3.679896e+02 -3.467025e+02 1.535904e+03 6.990699e+02 0.000000e+00 0.000000e+00 0.000000e+00 0.000000e+00 0.000000e+00 0.000000e+00 0.000000e+00 0.000000e+00 0.000000e+00
2.470000e+00 0.000000e+00 -5.503153e+03 -8.008354e+03 0.000000e+00 0.000000e+00 0.000000e+00 -3.689969e+02 -3.476630e+02 1.535339e+03 7.006237e+02 0.000000e+00 0.000000e+00 0.000000e+00 0.000000e+00 0.000000e+00 0.000000e+00 0.000000e+00 0.000000e+00 0.000000e+00
2.471000e+00 0.000000e+00 -5.501087e+03 -8.013137e+03 0.000000e+00 0.000000e+00 0.000000e+00 -3.699907e+02 -3.486100e+02 1.534759e+03 7.021440e+02 0.000000e+00 0.000000e+00 0.000000e+00 0.000000e+00 0.000000e+00 0.000000e+00 0.000000e+00 0.000000e+00 0.000000e+00
2.472000e+00 0.000000e+00 -5.498864e+03 -8.017799e+03 0.000000e+00 0.000000e+00 0.000000e+00 -3.709707e+02 -3.495432e+02 1.534164e+03 7.036306e+02 0.000000e+00 0.000000e+00 0.000000e+00 0.000000e+00 0.000000e+00 0.000000e+00 0.000000e+00 0.000000e+00 0.000000e+00
2.473000e+00 0.000000e+00 -5.496483e+03 -8.022340e+03 0.000000e+00 0.000000e+00 0.000000e+00 -3.719369e+02 -3.504626e+02 1.533556e+03 7.050833e+02 0.000000e+00 0.000000e+00 0.000000e+00 0.000000e+00 0.000000e+00 0.000000e+00 0.000000e+00 0.000000e+00 0.000000e+00
2.474000e+00 0.000000e+00 -5.493946e+03 -8.026758e+03 0.000000e+00 0.000000e+00 0.000000e+00 -3.728890e+02 -3.513679e+02 1.532933e+03 7.065018e+02 0.000000e+00 0.000000e+00 0.000000e+00 0.000000e+00 0.000000e+00 0.000000e+00 0.000000e+00 0.000000e+00 0.000000e+00
2.475000e+00 0.000000e+00 -5.491252e+03 -8.031053e+03 0.000000e+00 0.000000e+00 0.000000e+00 -3.738269e+02 -3.522590e+02 1.532295e+03 7.078859e+02 0.000000e+00 0.000000e+00 0.000000e+00 0.000000e+00 0.000000e+00 0.000000e+00 0.000000e+00 0.000000e+00 0.000000e+00
2.476000e+00 0.000000e+00 -5.488401e+03 -8.035225e+03 0.000000e+00 0.000000e+00 0.000000e+00 -3.747504e+02 -3.531357e+02 1.531644e+03 7.092354e+02 0.000000e+00 0.000000e+00 0.000000e+00 0.000000e+00 0.000000e+00 0.000000e+00 0.000000e+00 0.000000e+00 0.000000e+00
2.477000e+00 0.000000e+00 -5.485393e+03 -8.039272e+03 0.000000e+00 0.000000e+00 0.000000e+00 -3.756595e+02 -3.539981e+02 1.530978e+03 7.105501e+02 0.000000e+00 0.000000e+00 0.000000e+00 0.000000e+00 0.000000e+00 0.000000e+00 0.000000e+00 0.000000e+00 0.000000e+00
2.478000e+00 0.000000e+00 -5.482229e+03 -8.043194e+03 0.000000e+00 0.000000e+00 0.000000e+00 -3.765540e+02 -3.548458e+02 1.530297e+03 7.118298e+02 0.000000e+00 0.000000e+00 0.000000e+00 0.000000e+00 0.000000e+00 0.000000e+00 0.000000e+00 0.000000e+00 0.000000e+00
2.479000e+00 0.000000e+00 -5.478908e+03 -8.046991e+03 0.000000e+00 0.000000e+00 0.000000e+00 -3.774336e+02 -3.556787e+02 1.529602e+03 7.130743e+02 0.000000e+00 0.000000e+00 0.000000e+00 0.000000e+00 0.000000e+00 0.000000e+00 0.000000e+00 0.000000e+00 0.000000e+00
2.480000e+00 0.000000e+00 -5.475431e+03 -8.050661e+03 0.000000e+00 0.000000e+00 0.000000e+00 -3.782985e+02 -3.564969e+02 1.528893e+03 7.142835e+02 0.000000e+00 0.000000e+00 0.000000e+00 0.000000e+00 0.000000e+00 0.000000e+00 0.000000e+00 0.000000e+00 0.000000e+00
2.481000e+00 0.000000e+00 -5.471799e+03 -8.054204e+03 0.000000e+00 0.000000e+00 0.000000e+00 -3.791483e+02 -3.573000e+02 1.528169e+03 7.154572e+02 0.000000e+00 0.000000e+00 0.000000e+00 0.000000e+00 0.000000e+00 0.000000e+00 0.000000e+00 0.000000e+00 0.000000e+00
2.482000e+00 0.000000e+00 -5.468012e+03 -8.057620e+03 0.000000e+00 0.000000e+00 0.000000e+00 -3.799830e+02 -3.580881e+02 1.527431e+03 7.165953e+02 0.000000e+00 0.000000e+00 0.000000e+00 0.000000e+00 0.000000e+00 0.000000e+00 0.000000e+00 0.000000e+00 0.000000e+00
2.483000e+00 0.000000e+00 -5.464071e+03 -8.060907e+03 0.000000e+00 0.000000e+00 0.000000e+00 -3.808024e+02 -3.588610e+02 1.526678e+03 7.176977e+02 0.000000e+00 0.000000e+00 0.000000e+00 0.000000e+00 0.000000e+00 0.000000e+00 0.000000e+00 0.000000e+00 0.000000e+00
2.484000e+00 0.000000e+00 -5.459975e+03 -8.064066e+03 0.000000e+00 0.000000e+00 0.000000e+00 -3.816065e+02 -3.596186e+02 1.525911e+03 7.187641e+02 0.000000e+00 0.000000e+00 0.000000e+00 0.000000e+00 0.000000e+00 0.000000e+00 0.000000e+00 0.000000e+00 0.000000e+00
2.485000e+00 0.000000e+00 -5.455725e+03 -8.067096e+03 0.000000e+00 0.000000e+00 0.000000e+00 -3.823952e+02 -3.603609e+02 1.525129e+03 7.197946e+02 0.000000e+00 0.000000e+00 0.000000e+00 0.000000e+00 0.000000e+00 0.000000e+00 0.000000e+00 0.000000e+00 0.000000e+00
2.486000e+00 0.000000e+00 -5.451323e+03 -8.069996e+03 0.000000e+00 0.000000e+00 0.000000e+00 -3.831683e+02 -3.610876e+02 1.524334e+03 7.207890e+02 0.000000e+00 0.000000e+00 0.000000e+00 0.000000e+00 0.000000e+00 0.000000e+00 0.000000e+00 0.000000e+00 0.000000e+00
2.487000e+00 0.000000e+00 -5.446768e+03 -8.072765e+03 0.000000e+00 0.000000e+00 0.000000e+00 -3.839258e+02 -3.617988e+02 1.523524e+03 7.217473e+02 0.000000e+00 0.000000e+00 0.000000e+00 0.000000e+00 0.000000e+00 0.000000e+00 0.000000e+00 0.000000e+00 0.000000e+00
2.488000e+00 0.000000e+00 -5.442062e+03 -8.075404e+03 0.000000e+00 0.000000e+00 0.000000e+00 -3.846676e+02 -3.624943e+02 1.522699e+03 7.226693e+02 0.000000e+00 0.000000e+00 0.000000e+00 0.000000e+00 0.000000e+00 0.000000e+00 0.000000e+00 0.000000e+00 0.000000e+00
2.489000e+00 0.000000e+00 -5.437205e+03 -8.077911e+03 0.000000e+00 0.000000e+00 0.000000e+00 -3.853935e+02 -3.631741e+02 1.521861e+03 7.235550e+02 0.000000e+00 0.000000e+00 0.000000e+00 0.000000e+00 0.000000e+00 0.000000e+00 0.000000e+00 0.000000e+00 0.000000e+00
2.490000e+00 0.000000e+00 -5.432198e+03 -8.080286e+03 0.000000e+00 0.000000e+00 0.000000e+00 -3.861036e+02 -3.638380e+02 1.521008e+03 7.244043e+02 0.000000e+00 0.000000e+00 0.000000e+00 0.000000e+00 0.000000e+00 0.000000e+00 0.000000e+00 0.000000e+00 0.000000e+00
2.491000e+00 0.000000e+00 -5.427042e+03 -8.082528e+03 0.000000e+00 0.000000e+00 0.000000e+00 -3.867976e+02 -3.644861e+02 1.520141e+03 7.252171e+02 0.000000e+00 0.000000e+00 0.000000e+00 0.000000e+00 0.000000e+00 0.000000e+00 0.000000e+00 0.000000e+00 0.000000e+00
2.492000e+00 0.000000e+00 -5.421738e+03 -8.084638e+03 0.000000e+00 0.000000e+00 0.000000e+00 -3.874756e+02 -3.651182e+02 1.519260e+03 7.259935e+02 0.000000e+00 0.000000e+00 0.000000e+00 0.000000e+00 0.000000e+00 0.000000e+00 0.000000e+00 0.000000e+00 0.000000e+00
2.493000e+00 0.000000e+00 -5.416287e+03 -8.086613e+03 0.000000e+00 0.000000e+00 0.000000e+00 -3.881375e+02 -3.657343e+02 1.518366e+03 7.267334e+02 0.000000e+00 0.000000e+00 0.000000e+00 0.000000e+00 0.000000e+00 0.000000e+00 0.000000e+00 0.000000e+00 0.000000e+00
2.494000e+00 0.000000e+00 -5.410690e+03 -8.088455e+03 0.000000e+00 0.000000e+00 0.000000e+00 -3.887831e+02 -3.663342e+02 1.517457e+03 7.274368e+02 0.000000e+00 0.000000e+00 0.000000e+00 0.000000e+00 0.000000e+00 0.000000e+00 0.000000e+00 0.000000e+00 0.000000e+00
2.495000e+00 0.000000e+00 -5.404947e+03 -8.090161e+03 0.000000e+00 0.000000e+00 0.000000e+00 -3.894125e+02 -3.669180e+02 1.516534e+03 7.281036e+02 0.000000e+00 0.000000e+00 0.000000e+00 0.000000e+00 0.000000e+00 0.000000e+00 0.000000e+00 0.000000e+00 0.000000e+00
2.496000e+00 0.000000e+00 -5.399062e+03 -8.091733e+03 0.000000e+00 0.000000e+00 0.000000e+00 -3.900256e+02 -3.674856e+02 1.515597e+03 7.287338e+02 0.000000e+00 0.000000e+00 0.000000e+00 0.000000e+00 0.000000e+00 0.000000e+00 0.000000e+00 0.000000e+00 0.000000e+00
2.497000e+00 0.000000e+00 -5.393033e+03 -8.093169e+03 0.000000e+00 0.000000e+00 0.000000e+00 -3.906223e+02 -3.680370e+02 1.514647e+03 7.293275e+02 0.000000e+00 0.000000e+00 0.000000e+00 0.000000e+00 0.000000e+00 0.000000e+00 0.000000e+00 0.000000e+00 0.000000e+00
2.498000e+00 0.000000e+00 -5.386863e+03 -8.094468e+03 0.000000e+00 0.000000e+00 0.000000e+00 -3.912025e+02 -3.685720e+02 1.513683e+03 7.298847e+02 0.000000e+00 0.000000e+00 0.000000e+00 0.000000e+00 0.000000e+00 0.000000e+00 0.000000e+00 0.000000e+00 0.000000e+00
2.499000e+00 0.000000e+00 -5.380552e+03 -8.095632e+03 0.000000e+00 0.000000e+00 0.000000e+00 -3.917663e+02 -3.690907e+02 1.512706e+03 7.304055e+02 0.000000e+00 0.000000e+00 0.000000e+00 0.000000e+00 0.000000e+00 0.000000e+00 0.000000e+00 0.000000e+00 0.000000e+00
2.500000e+00 0.000000e+00 -5.374103e+03 -8.096658e+03 0.000000e+00 0.000000e+00 0.000000e+00 -3.923136e+02 -3.695930e+02 1.511714e+03 7.308897e+02 0.000000e+00 0.000000e+00 0.000000e+00 0.000000e+00 0.000000e+00 0.000000e+00 0.000000e+00 0.000000e+00 0.000000e+00
2.501000e+00 0.000000e+00 -5.367516e+03 -8.097546e+03 0.000000e+00 0.000000e+00 0.000000e+00 -3.928444e+02 -3.700789e+02 1.510710e+03 7.313376e+02 0.000000e+00 0.000000e+00 0.000000e+00 0.000000e+00 0.000000e+00 0.000000e+00 0.000000e+00 0.000000e+00 0.000000e+00
2.502000e+00 0.000000e+00 -5.360792e+03 -8.098297e+03 0.000000e+00 0.000000e+00 0.000000e+00 -3.933586e+02 -3.705485e+02 1.509692e+03 7.317492e+02 0.000000e+00 0.000000e+00 0.000000e+00 0.000000e+00 0.000000e+00 0.000000e+00 0.000000e+00 0.000000e+00 0.000000e+00
2.503000e+00 0.000000e+00 -5.353934e+03 -8.098909e+03 0.000000e+00 0.000000e+00 0.000000e+00 -3.938562e+02 -3.710015e+02 1.508661e+03 7.321245e+02 0.000000e+00 0.000000e+00 0.000000e+00 0.000000e+00 0.000000e+00 0.000000e+00 0.000000e+00 0.000000e+00 0.000000e+00
2.504000e+00 0.000000e+00 -5.346941e+03 -8.099383e+03 0.000000e+00 0.000000e+00 0.000000e+00 -3.943372e+02 -3.714382e+02 1.507617e+03 7.324636e+02 0.000000e+00 0.000000e+00 0.000000e+00 0.000000e+00 0.000000e+00 0.000000e+00 0.000000e+00 0.000000e+00 0.000000e+00
2.505000e+00 0.000000e+00 -5.339817e+03 -8.099718e+03 0.000000e+00 0.000000e+00 0.000000e+00 -3.948016e+02 -3.718584e+02 1.506560e+03 7.327667e+02 0.000000e+00 0.000000e+00 0.000000e+00 0.000000e+00 0.000000e+00 0.000000e+00 0.000000e+00 0.000000e+00 0.000000e+00
2.506000e+00 0.000000e+00 -5.332562e+03 -8.099913e+03 0.000000e+00 0.000000e+00 0.000000e+00 -3.952494e+02 -3.722621e+02 1.505490e+03 7.330338e+02 0.000000e+00 0.000000e+00 0.000000e+00 0.000000e+00 0.000000e+00 0.000000e+00 0.000000e+00 0.000000e+00 0.000000e+00
2.507000e+00 0.000000e+00 -5.325178e+03 -8.099969e+03 0.000000e+00 0.000000e+00 0.000000e+00 -3.956806e+02 -3.726494e+02 1.504407e+03 7.332651e+02 0.000000e+00 0.000000e+00 0.000000e+00 0.000000e+00 0.000000e+00 0.000000e+00 0.000000e+00 0.000000e+00 0.000000e+00
2.508000e+00 0.000000e+00 -5.317666e+03 -8.099885e+03 0.000000e+00 0.000000e+00 0.000000e+00 -3.960952e+02 -3.730202e+02 1.503312e+03 7.334606e+02 0.000000e+00 0.000000e+00 0.000000e+00 0.000000e+00 0.000000e+00 0.000000e+00 0.000000e+00 0.000000e+00 0.000000e+00
2.509000e+00 0.000000e+00 -5.310028e+03 -8.099660e+03 0.000000e+00 0.000000e+00 0.000000e+00 -3.964932e+02 -3.733746e+02 1.502204e+03 7.336205e+02 0.000000e+00 0.000000e+00 0.000000e+00 0.000000e+00 0.000000e+00 0.000000e+00 0.000000e+00 0.000000e+00 0.000000e+00
2.510000e+00 0.000000e+00 -5.302266e+03 -8.099295e+03 0.000000e+00 0.000000e+00 0.000000e+00 -3.968745e+02 -3.737127e+02 1.501084e+03 7.337450e+02 0.000000e+00 0.000000e+00 0.000000e+00 0.000000e+00 0.000000e+00 0.000000e+00 0.000000e+00 0.000000e+00 0.000000e+00
2.511000e+00 0.000000e+00 -5.294381e+03 -8.098789e+03 0.000000e+00 0.000000e+00 0.000000e+00 -3.972393e+02 -3.740343e+02 1.499951e+03 7.338342e+02 0.000000e+00 0.000000e+00 0.000000e+00 0.000000e+00 0.000000e+00 0.000000e+00 0.000000e+00 0.000000e+00 0.000000e+00
2.512000e+00 0.000000e+00 -5.286375e+03 -8.098142e+03 0.000000e+00 0.000000e+00 0.000000e+00 -3.975875e+02 -3.743395e+02 1.498806e+03 7.338882e+02 0.000000e+00 0.000000e+00 0.000000e+00 0.000000e+00 0.000000e+00 0.000000e+00 0.000000e+00 0.000000e+00 0.000000e+00
2.513000e+00 0.000000e+00 -5.278249e+03 -8.097354e+03 0.000000e+00 0.000000e+00 0.000000e+00 -3.979192e+02 -3.746284e+02 1.497649e+03 7.339072e+02 0.000000e+00 0.000000e+00 0.000000e+00 0.000000e+00 0.000000e+00 0.000000e+00 0.000000e+00 0.000000e+00 0.000000e+00
2.514000e+00 0.000000e+00 -5.270007e+03 -8.096423e+03 0.000000e+00 0.000000e+00 0.000000e+00 -3.982343e+02 -3.749009e+02 1.496481e+03 7.338913e+02 0.000000e+00 0.000000e+00 0.000000e+00 0.000000e+00 0.000000e+00 0.000000e+00 0.000000e+00 0.000000e+00 0.000000e+00
2.515000e+00 0.000000e+00 -5.261648e+03 -8.095351e+03 0.000000e+00 0.000000e+00 0.000000e+00 -3.985330e+02 -3.751572e+02 1.495300e+03 7.338409e+02 0.000000e+00 0.000000e+00 0.000000e+00 0.000000e+00 0.000000e+00 0.000000e+00 0.000000e+00 0.000000e+00 0.000000e+00
2.516000e+00 0.000000e+00 -5.253175e+03 -8.094136e+03 0.000000e+00 0.000000e+00 0.000000e+00 -3.988152e+02 -3.753972e+02 1.494108e+03 7.337560e+02 0.000000e+00 0.000000e+00 0.000000e+00 0.000000e+00 0.000000e+00 0.000000e+00 0.000000e+00 0.000000e+00 0.000000e+00
2.517000e+00 0.000000e+00 -5.244591e+03 -8.092779e+03 0.000000e+00 0.000000e+00 0.000000e+00 -3.990810e+02 -3.756210e+02 1.492905e+03 7.336369e+02 0.000000e+00 0.000000e+00 0.000000e+00 0.000000e+00 0.000000e+00 0.000000e+00 0.000000e+00 0.000000e+00 0.000000e+00
2.518000e+00 0.000000e+00 -5.235896e+03 -8.091279e+03 0.000000e+00 0.000000e+00 0.000000e+00 -3.993304e+02 -3.758287e+02 1.491690e+03 7.334838e+02 0.000000e+00 0.000000e+00 0.000000e+00 0.000000e+00 0.000000e+00 0.000000e+00 0.000000e+00 0.000000e+00 0.000000e+00
2.519000e+00 0.000000e+00 -5.227093e+03 -8.089637e+03 0.000000e+00 0.000000e+00 0.000000e+00 -3.995636e+02 -3.760203e+02 1.490464e+03 7.332968e+02 0.000000e+00 0.000000e+00 0.000000e+00 0.000000e+00 0.000000e+00 0.000000e+00 0.000000e+00 0.000000e+00 0.000000e+00
2.520000e+00 0.000000e+00 -5.218183e+03 -8.087852e+03 0.000000e+00 0.000000e+00 0.000000e+00 -3.997804e+02 -3.761958e+02 1.489227e+03 7.330764e+02 0.000000e+00 0.000000e+00 0.000000e+00 0.000000e+00 0.000000e+00 0.000000e+00 0.000000e+00 0.000000e+00 0.000000e+00
2.521000e+00 0.000000e+00 -5.209169e+03 -8.085925e+03 0.000000e+00 0.000000e+00 0.000000e+00 -3.999811e+02 -3.763555e+02 1.487979e+03 7.328226e+02 0.000000e+00 0.000000e+00 0.000000e+00 0.000000e+00 0.000000e+00 0.000000e+00 0.000000e+00 0.000000e+00 0.000000e+00
2.522000e+00 0.000000e+00 -5.200052e+03 -8.083854e+03 0.000000e+00 0.000000e+00 0.000000e+00 -4.001657e+02 -3.764992e+02 1.486721e+03 7.325358e+02 0.000000e+00 0.000000e+00 0.000000e+00 0.000000e+00 0.000000e+00 0.000000e+00 0.000000e+00 0.000000e+00 0.000000e+00
2.523000e+00 0.000000e+00 -5.190834e+03 -8.081641e+03 0.000000e+00 0.000000e+00 0.000000e+00 -4.003343e+02 -3.766272e+02 1.485452e+03 7.322161e+02 0.000000e+00 0.000000e+00 0.000000e+00 0.000000e+00 0.000000e+00 0.000000e+00 0.000000e+00 0.000000e+00 0.000000e+00
2.524000e+00 0.000000e+00 -5.181518e+03 -8.079284e+03 0.000000e+00 0.000000e+00 0.000000e+00 -4.004869e+02 -3.767394e+02 1.484172e+03 7.318640e+02 0.000000e+00 0.000000e+00 0.000000e+00 0.000000e+00 0.000000e+00 0.000000e+00 0.000000e+00 0.000000e+00 0.000000e+00
2.525000e+00 0.000000e+00 -5.172105e+03 -8.076785e+03 0.000000e+00 0.000000e+00 0.000000e+00 -4.006237e+02 -3.768360e+02 1.482883e+03 7.314797e+02 0.000000e+00 0.000000e+00 0.000000e+00 0.000000e+00 0.000000e+00 0.000000e+00 0.000000e+00 0.000000e+00 0.000000e+00
2.526000e+00 0.000000e+00 -5.162597e+03 -8.074143e+03 0.000000e+00 0.000000e+00 0.000000e+00 -4.007446e+02 -3.769171e+02 1.481583e+03 7.310634e+02 0.000000e+00 0.000000e+00 0.000000e+00 0.000000e+00 0.000000e+00 0.000000e+00 0.000000e+00 0.000000e+00 0.000000e+00
2.527000e+00 0.000000e+00 -5.152996e+03 -8.071358e+03 0.000000e+00 0.000000e+00 0.000000e+00 -4.008499e+02 -3.769828e+02 1.480274e+03 7.306155e+02 0.000000e+00 0.000000e+00 0.000000e+00 0.000000e+00 0.000000e+00 0.000000e+00 0.000000e+00 0.000000e+00 0.000000e+00
2.528000e+00 0.000000e+00 -5.143306e+03 -8.068431e+03 0.000000e+00 0.000000e+00 0.000000e+00 -4.009396e+02 -3.770331e+02 1.478955e+03 7.301362e+02 0.000000e+00 0.000000e+00 0.000000e+00 0.000000e+00 0.000000e+00 0.000000e+00 0.000000e+00 0.000000e+00 0.000000e+00
2.529000e+00 0.000000e+00 -5.133526e+03 -8.065361e+03 0.000000e+00 0.000000e+00 0.000000e+00 -4.010138e+02 -3.770682e+02 1.477627e+03 7.296259e+02 0.000000e+00 0.000000e+00 0.000000e+00 0.000000e+00 0.000000e+00 0.000000e+00 0.000000e+00 0.000000e+00 0.000000e+00
2.530000e+00 0.000000e+00 -5.123661e+03 -8.062149e+03 0.000000e+00 0.000000e+00 0.000000e+00 -4.010726e+02 -3.770881e+02 1.476289e+03 7.290849e+02 0.000000e+00 0.000000e+00 0.000000e+00 0.000000e+00 0.000000e+00 0.000000e+00 0.000000e+00 0.000000e+00 0.000000e+00
2.531000e+00 0.000000e+00 -5.113711e+03 -8.058794e+03 0.000000e+00 0.000000e+00 0.000000e+00 -4.011161e+02 -3.770931e+02 1.474942e+03 7.285135e+02 0.000000e+00 0.000000e+00 0.000000e+00 0.000000e+00 0.000000e+00 0.000000e+00 0.000000e+00 0.000000e+00 0.000000e+00
2.532000e+00 0.000000e+00 -5.103679e+03 -8.055297e+03 0.000000e+00 0.000000e+00 0.000000e+00 -4.011445e+02 -3.770831e+02 1.473587e+03 7.279121e+02 0.000000e+00 0.000000e+00 0.000000e+00 0.000000e+00 0.000000e+00 0.000000e+00 0.000000e+00 0.000000e+00 0.000000e+00
2.533000e+00 0.000000e+00 -5.093568e+03 -8.051659e+03 0.000000e+00 0.000000e+00 0.000000e+00 -4.011578e+02 -3.770583e+02 1.472223e+03 7.272810e+02 0.000000e+00 0.000000e+00 0.000000e+00 0.000000e+00 0.000000e+00 0.000000e+00 0.000000e+00 0.000000e+00 0.000000e+00
2.534000e+00 0.000000e+00 -5.083379e+03 -8.047879e+03 0.000000e+00 0.000000e+00 0.000000e+00 -4.011561e+02 -3.770189e+02 1.470850e+03 7.266205e+02 0.000000e+00 0.000000e+00 0.000000e+00 0.000000e+00 0.000000e+00 0.000000e+00 0.000000e+00 0.000000e+00 0.000000e+00
2.535000e+00 0.000000e+00 -5.073114e+03 -8.043957e+03 0.000000e+00 0.000000e+00 0.000000e+00 -4.011397e+02 -3.769650e+02 1.469469e+03 7.259311e+02 0.000000e+00 0.000000e+00 0.000000e+00 0.000000e+00 0.000000e+00 0.000000e+00 0.000000e+00 0.000000e+00 0.000000e+00
2.536000e+00 0.000000e+00 -5.062777e+03 -8.039895e+03 0.000000e+00 0.000000e+00 0.000000e+00 -4.011086e+02 -3.768967e+02 1.468080e+03 7.252131e+02 0.000000e+00 0.000000e+00 0.000000e+00 0.000000e+00 0.000000e+00 0.000000e+00 0.000000e+00 0.000000e+00 0.000000e+00
2.537000e+00 0.000000e+00 -5.052368e+03 -8.035692e+03 0.000000e+00 0.000000e+00 0.000000e+00 -4.010630e+02 -3.768142e+02 1.466683e+03 7.244669e+02 0.000000e+00 0.000000e+00 0.000000e+00 0.000000e+00 0.000000e+00 0.000000e+00 0.000000e+00 0.000000e+00 0.000000e+00
2.538000e+00 0.000000e+00 -5.041890e+03 -8.031349e+03 0.000000e+00 0.000000e+00 0.000000e+00 -4.010030e+02 -3.767176e+02 1.465278e+03 7.236928e+02 0.000000e+00 0.000000e+00 0.000000e+00 0.000000e+00 0.000000e+00 0.000000e+00 0.000000e+00 0.000000e+00 0.000000e+00
2.539000e+00 0.000000e+00 -5.031346e+03 -8.026867e+03 0.000000e+00 0.000000e+00 0.000000e+00 -4.009289e+02 -3.766070e+02 1.463866e+03 7.228914e+02 0.000000e+00 0.000000e+00 0.000000e+00 0.000000e+00 0.000000e+00 0.000000e+00 0.000000e+00 0.000000e+00 0.000000e+00
2.540000e+00 0.000000e+00 -5.020737e+03 -8.022245e+03 0.000000e+00 0.000000e+00 0.000000e+00 -4.008406e+02 -3.764827e+02 1.462447e+03 7.220630e+02 0.000000e+00 0.000000e+00 0.000000e+00 0.000000e+00 0.000000e+00 0.000000e+00 0.000000e+00 0.000000e+00 0.000000e+00
2.541000e+00 0.000000e+00 -5.010066e+03 -8.017485e+03 0.000000e+00 0.000000e+00 0.000000e+00 -4.007384e+02 -3.763447e+02 1.461021e+03 7.212080e+02 0.000000e+00 0.000000e+00 0.000000e+00 0.000000e+00 0.000000e+00 0.000000e+00 0.000000e+00 0.000000e+00 0.000000e+00
2.542000e+00 0.000000e+00 -4.999335e+03 -8.012588e+03 0.000000e+00 0.000000e+00 0.000000e+00 -4.006226e+02 -3.761934e+02 1.459587e+03 7.203268e+02 0.000000e+00 0.000000e+00 0.000000e+00 0.000000e+00 0.000000e+00 0.000000e+00 0.000000e+00 0.000000e+00 0.000000e+00
2.543000e+00 0.000000e+00 -4.988547e+03 -8.007552e+03 0.000000e+00 0.000000e+00 0.000000e+00 -4.004931e+02 -3.760288e+02 1.458148e+03 7.194199e+02 0.000000e+00 0.000000e+00 0.000000e+00 0.000000e+00 0.000000e+00 0.000000e+00 0.000000e+00 0.000000e+00 0.000000e+00
2.544000e+00 0.000000e+00 -4.977703e+03 -8.002381e+03 0.000000e+00 0.000000e+00 0.000000e+00 -4.003503e+02 -3.758511e+02 1.456702e+03 7.184878e+02 0.000000e+00 0.000000e+00 0.000000e+00 0.000000e+00 0.000000e+00 0.000000e+00 0.000000e+00 0.000000e+00 0.000000e+00
2.545000e+00 0.000000e+00 -4.966806e+03 -7.997073e+03 0.000000e+00 0.000000e+00 0.000000e+00 -4.001943e+02 -3.756604e+02 1.455250e+03 7.175308e+02 0.000000e+00 0.000000e+00 0.000000e+00 0.000000e+00 0.000000e+00 0.000000e+00 0.000000e+00 0.000000e+00 0.000000e+00
2.546000e+00 0.000000e+00 -4.955859e+03 -7.991630e+03 0.000000e+00 0.000000e+00 0.000000e+00 -4.000252e+02 -3.754571e+02 1.453792e+03 7.165495e+02 0.000000e+00 0.000000e+00 0.000000e+00 0.000000e+00 0.000000e+00 0.000000e+00 0.000000e+00 0.000000e+00 0.000000e+00
2.547000e+00 0.000000e+00 -4.944863e+03 -7.986052e+03 0.000000e+00 0.000000e+00 0.000000e+00 -3.998432e+02 -3.752411e+02 1.452328e+03 7.155442e+02 0.000000e+00 0.000000e+00 0.000000e+00 0.000000e+00 0.000000e+00 0.000000e+00 0.000000e+00 0.000000e+00 0.000000e+00
2.548000e+00 0.000000e+00 -4.933821e+03 -7.980341e+03 0.000000e+00 0.000000e+00 0.000000e+00 -3.996486e+02 -3.750129e+02 1.450859e+03 7.145155e+02 0.000000e+00 0.000000e+00 0.000000e+00 0.000000e+00 0.000000e+00 0.000000e+00 0.000000e+00 0.000000e+00 0.000000e+00
2.549000e+00 0.000000e+00 -4.922735e+03 -7.974497e+03 0.000000e+00 0.000000e+00 0.000000e+00 -3.994416e+02 -3.747724e+02 1.449385e+03 7.134637e+02 0.000000e+00 0.000000e+00 0.000000e+00 0.000000e+00 0.000000e+00 0.000000e+00 0.000000e+00 0.000000e+00 0.000000e+00
2.550000e+00 0.000000e+00 -4.911608e+03 -7.968521e+03 0.000000e+00 0.000000e+00 0.000000e+00 -3.992222e+02 -3.745200e+02 1.447905e+03 7.123895e+02 0.000000e+00 0.000000e+00 0.000000e+00 0.000000e+00 0.000000e+00 0.000000e+00 0.000000e+00 0.000000e+00 0.000000e+00
2.551000e+00 0.000000e+00 -4.900441e+03 -7.962414e+03 0.000000e+00 0.000000e+00 0.000000e+00 -3.989908e+02 -3.742558e+02 1.446422e+03 7.112933e+02 0.000000e+00 0.000000e+00 0.000000e+00 0.000000e+00 0.000000e+00 0.000000e+00 0.000000e+00 0.000000e+00 0.000000e+00
2.552000e+00 0.000000e+00 -4.889238e+03 -7.956176e+03 0.000000e+00 0.000000e+00 0.000000e+00 -3.987476e+02 -3.739801e+02 1.444933e+03 7.101756e+02 0.000000e+00 0.000000e+00 0.000000e+00 0.000000e+00 0.000000e+00 0.000000e+00 0.000000e+00 0.000000e+00 0.000000e+00
2.553000e+00 0.000000e+00 -4.878001e+03 -7.949810e+03 0.000000e+00 0.000000e+00 0.000000e+00 -3.984927e+02 -3.736931e+02 1.443441e+03 7.090369e+02 0.000000e+00 0.000000e+00 0.000000e+00 0.000000e+00 0.000000e+00 0.000000e+00 0.000000e+00 0.000000e+00 0.000000e+00
2.554000e+00 0.000000e+00 -4.866731e+03 -7.943317e+03 0.000000e+00 0.000000e+00 0.000000e+00 -3.982263e+02 -3.733950e+02 1.441944e+03 7.078778e+02 0.000000e+00 0.000000e+00 0.000000e+00 0.000000e+00 0.000000e+00 0.000000e+00 0.000000e+00 0.000000e+00 0.000000e+00
2.555000e+00 0.000000e+00 -4.855431e+03 -7.936696e+03 0.000000e+00 0.000000e+00 0.000000e+00 -3.979488e+02 -3.730859e+02 1.440444e+03 7.066987e+02 0.000000e+00 0.000000e+00 0.000000e+00 0.000000e+00 0.000000e+00 0.000000e+00 0.000000e+00 0.000000e+00 0.000000e+00
2.556000e+00 0.000000e+00 -4.844104e+03 -7.929950e+03 0.000000e+00 0.000000e+00 0.000000e+00 -3.976603e+02 -3.727663e+02 1.438940e+03 7.055001e+02 0.000000e+00 0.000000e+00 0.000000e+00 0.000000e+00 0.000000e+00 0.000000e+00 0.000000e+00 0.000000e+00 0.000000e+00
2.557000e+00 0.000000e+00 -4.832752e+03 -7.923080e+03 0.000000e+00 0.000000e+00 0.000000e+00 -3.973611e+02 -3.724362e+02 1.437433e+03 7.042827e+02 0.000000e+00 0.000000e+00 0.000000e+00 0.000000e+00 0.000000e+00 0.000000e+00 0.000000e+00 0.000000e+00 0.000000e+00
2.558000e+00 0.000000e+00 -4.821377e+03 -7.916087e+03 0.000000e+00 0.000000e+00 0.000000e+00 -3.970514e+02 -3.720959e+02 1.435923e+03 7.030470e+02 0.000000e+00 0.000000e+00 0.000000e+00 0.000000e+00 0.000000e+00 0.000000e+00 0.000000e+00 0.000000e+00 0.000000e+00
2.559000e+00 0.000000e+00 -4.809982e+03 -7.908972e+03 0.000000e+00 0.000000e+00 0.000000e+00 -3.967315e+02 -3.717457e+02 1.434411e+03 7.017934e+02 0.000000e+00 0.000000e+00 0.000000e+00 0.000000e+00 0.000000e+00 0.000000e+00 0.000000e+00 0.000000e+00 0.000000e+00
2.560000e+00 0.000000e+00 -4.798568e+03 -7.901737e+03 0.000000e+00 0.000000e+00 0.000000e+00 -3.964015e+02 -3.713858e+02 1.432896e+03 7.005227e+02 0.000000e+00 0.000000e+00 0.000000e+00 0.000000e+00 0.000000e+00 0.000000e+00 0.000000e+00 0.000000e+00 0.000000e+00
2.561000e+00 0.000000e+00 -4.787138e+03 -7.894383e+03 0.000000e+00 0.000000e+00 0.000000e+00 -3.960618e+02 -3.710165e+02 1.431379e+03 6.992352e+02 0.000000e+00 0.000000e+00 0.000000e+00 0.000000e+00 0.000000e+00 0.000000e+00 0.000000e+00 0.000000e+00 0.000000e+00
2.562000e+00 0.000000e+00 -4.775696e+03 -7.886912e+03 0.000000e+00 0.000000e+00 0.000000e+00 -3.957125e+02 -3.706379e+02 1.429860e+03 6.979316e+02 0.000000e+00 0.000000e+00 0.000000e+00 0.000000e+00 0.000000e+00 0.000000e+00 0.000000e+00 0.000000e+00 0.000000e+00
2.563000e+00 0.000000e+00 -4.764242e+03 -7.879325e+03 0.000000e+00 0.000000e+00 0.000000e+00 -3.953540e+02 -3.702504e+02 1.428339e+03 6.966125e+02 0.000000e+00 0.000000e+00 0.000000e+00 0.000000e+00 0.000000e+00 0.000000e+00 0.000000e+00 0.000000e+00 0.000000e+00
2.564000e+00 0.000000e+00 -4.752779e+03 -7.871623e+03 0.000000e+00 0.000000e+00 0.000000e+00 -3.949865e+02 -3.698542e+02 1.426817e+03 6.952784e+02 0.000000e+00 0.000000e+00 0.000000e+00 0.000000e+00 0.000000e+00 0.000000e+00 0.000000e+00 0.000000e+00 0.000000e+00
2.565000e+00 0.000000e+00 -4.741310e+03 -7.863809e+03 0.000000e+00 0.000000e+00 0.000000e+00 -3.946103e+02 -3.694495e+02 1.425294e+03 6.939299e+02 0.000000e+00 0.000000e+00 0.000000e+00 0.000000e+00 0.000000e+00 0.000000e+00 0.000000e+00 0.000000e+00 0.000000e+00
2.566000e+00 0.000000e+00 -4.729836e+03 -7.855884e+03 0.000000e+00 0.000000e+00 0.000000e+00 -3.942255e+02 -3.690367e+02 1.423770e+03 6.925677e+02 0.000000e+00 0.000000e+00 0.000000e+00 0.000000e+00 0.000000e+00 0.000000e+00 0.000000e+00 0.000000e+00 0.000000e+00
2.567000e+00 0.000000e+00 -4.718361e+03 -7.847849e+03 0.000000e+00 0.000000e+00 0.000000e+00 -3.938326e+02 -3.686161e+02 1.422246e+03 6.911922e+02 0.000000e+00 0.000000e+00 0.000000e+00 0.000000e+00 0.000000e+00 0.000000e+00 0.000000e+00 0.000000e+00 0.000000e+00
2.568000e+00 0.000000e+00 -4.706887e+03 -7.839707e+03 0.000000e+00 0.000000e+00 0.000000e+00 -3.934318e+02 -3.681878e+02 1.420721e+03 6.898041e+02 0.000000e+00 0.000000e+00 0.000000e+00 0.000000e+00 0.000000e+00 0.000000e+00 0.000000e+00 0.000000e+00 0.000000e+00
2.569000e+00 0.000000e+00 -4.695415e+03 -7.831459e+03 0.000000e+00 0.000000e+00 0.000000e+00 -3.930233e+02 -3.677521e+02 1.419196e+03 6.884040e+02 0.000000e+00 0.000000e+00 0.000000e+00 0.000000e+00 0.000000e+00 0.000000e+00 0.000000e+00 0.000000e+00 0.000000e+00
2.570000e+00 0.000000e+00 -4.683949e+03 -7.823107e+03 0.000000e+00 0.000000e+00 0.000000e+00 -3.926074e+02 -3.673094e+02 1.417672e+03 6.869926e+02 0.000000e+00 0.000000e+00 0.000000e+00 0.000000e+00 0.000000e+00 0.000000e+00 0.000000e+00 0.000000e+00 0.000000e+00
2.571000e+00 0.000000e+00 -4.672490e+03 -7.814654e+03 0.000000e+00 0.000000e+00 0.000000e+00 -3.921845e+02 -3.668600e+02 1.416148e+03 6.855704e+02 0.000000e+00 0.000000e+00 0.000000e+00 0.000000e+00 0.000000e+00 0.000000e+00 0.000000e+00 0.000000e+00 0.000000e+00
2.572000e+00 0.000000e+00 -4.661040e+03 -7.806101e+03 0.000000e+00 0.000000e+00 0.000000e+00 -3.917548e+02 -3.664041e+02 1.414625e+03 6.841380e+02 0.000000e+00 0.000000e+00 0.000000e+00 0.000000e+00 0.000000e+00 0.000000e+00 0.000000e+00 0.000000e+00 0.000000e+00
2.573000e+00 0.000000e+00 -4.649603e+03 -7.797449e+03 0.000000e+00 0.000000e+00 0.000000e+00 -3.913186e+02 -3.659420e+02 1.413103e+03 6.826962e+02 0.000000e+00 0.000000e+00 0.000000e+00 0.000000e+00 0.000000e+00 0.000000e+00 0.000000e+00 0.000000e+00 0.000000e+00
2.574000e+00 0.000000e+00 -4.638180e+03 -7.788702e+03 0.000000e+00 0.000000e+00 0.000000e+00 -3.908762e+02 -3.654739e+02 1.411583e+03 6.812454e+02 0.000000e+00 0.000000e+00 0.000000e+00 0.000000e+00 0.000000e+00 0.000000e+00 0.000000e+00 0.000000e+00 0.000000e+00
2.575000e+00 0.000000e+00 -4.626773e+03 -7.779861e+03 0.000000e+00 0.000000e+00 0.000000e+00 -3.904280e+02 -3.650003e+02 1.410064e+03 6.797864e+02 0.000000e+00 0.000000e+00 0.000000e+00 0.000000e+00 0.000000e+00 0.000000e+00 0.000000e+00 0.000000e+00 0.000000e+00
2.576000e+00 0.000000e+00 -4.615385e+03 -7.770928e+03 0.000000e+00 0.000000e+00 0.000000e+00 -3.899741e+02 -3.645214e+02 1.408547e+03 6.783198e+02 0.000000e+00 0.000000e+00 0.000000e+00 0.000000e+00 0.000000e+00 0.000000e+00 0.000000e+00 0.000000e+00 0.000000e+00
2.577000e+00 0.000000e+00 -4.604019e+03 -7.761906e+03 0.000000e+00 0.000000e+00 0.000000e+00 -3.895149e+02 -3.640375e+02 1.407032e+03 6.768462e+02 0.000000e+00 0.000000e+00 0.000000e+00 0.000000e+00 0.000000e+00 0.000000e+00 0.000000e+00 0.000000e+00 0.000000e+00
2.578000e+00 0.000000e+00 -4.592675e+03 -7.752797e+03 0.000000e+00 0.000000e+00 0.000000e+00 -3.890508e+02 -3.635489e+02 1.405520e+03 6.753662e+02 0.000000e+00 0.000000e+00 0.000000e+00 0.000000e+00 0.000000e+00 0.000000e+00 0.000000e+00 0.000000e+00 0.000000e+00
2.579000e+00 0.000000e+00 -4.581358e+03 -7.743603e+03 0.000000e+00 0.000000e+00 0.000000e+00 -3.885820e+02 -3.630560e+02 1.404011e+03 6.738806e+02 0.000000e+00 0.000000e+00 0.000000e+00 0.000000e+00 0.000000e+00 0.000000e+00 0.000000e+00 0.000000e+00 0.000000e+00
2.580000e+00 0.000000e+00 -4.570068e+03 -7.734326e+03 0.000000e+00 0.000000e+00 0.000000e+00 -3.881088e+02 -3.625589e+02 1.402505e+03 6.723899e+02 0.000000e+00 0.000000e+00 0.000000e+00 0.000000e+00 0.000000e+00 0.000000e+00 0.000000e+00 0.000000e+00 0.000000e+00
2.581000e+00 0.000000e+00 -4.558808e+03 -7.724969e+03 0.000000e+00 0.000000e+00 0.000000e+00 -3.876316e+02 -3.620581e+02 1.401002e+03 6.708948e+02 0.000000e+00 0.000000e+00 0.000000e+00 0.000000e+00 0.000000e+00 0.000000e+00 0.000000e+00 0.000000e+00 0.000000e+00
2.582000e+00 0.000000e+00 -4.547580e+03 -7.715534e+03 0.000000e+00 0.000000e+00 0.000000e+00 -3.871507e+02 -3.615538e+02 1.399503e+03 6.693960e+02 0.000000e+00 0.000000e+00 0.000000e+00 0.000000e+00 0.000000e+00 0.000000e+00 0.000000e+00 0.000000e+00 0.000000e+00
2.583000e+00 0.000000e+00 -4.536387e+03 -7.706025e+03 0.000000e+00 0.000000e+00 0.000000e+00 -3.866664e+02 -3.610465e+02 1.398008e+03 6.678942e+02 0.000000e+00 0.000000e+00 0.000000e+00 0.000000e+00 0.000000e+00 0.000000e+00 0.000000e+00 0.000000e+00 0.000000e+00
2.584000e+00 0.000000e+00 -4.525230e+03 -7.696442e+03 0.000000e+00 0.000000e+00 0.000000e+00 -3.861790e+02 -3.605363e+02 1.396517e+03 6.663899e+02 0.000000e+00 0.000000e+00 0.000000e+00 0.000000e+00 0.000000e+00 0.000000e+00 0.000000e+00 0.000000e+00 0.000000e+00
2.585000e+00 0.000000e+00 -4.514112e+03 -7.686789e+03 0.000000e+00 0.000000e+00 0.000000e+00 -3.856888e+02 -3.600237e+02 1.395031e+03 6.648840e+02 0.000000e+00 0.000000e+00 0.000000e+00 0.000000e+00 0.000000e+00 0.000000e+00 0.000000e+00 0.000000e+00 0.000000e+00
2.586000e+00 0.000000e+00 -4.503035e+03 -7.677069e+03 0.000000e+00 0.000000e+00 0.000000e+00 -3.851963e+02 -3.595089e+02 1.393550e+03 6.633769e+02 0.000000e+00 0.000000e+00 0.000000e+00 0.000000e+00 0.000000e+00 0.000000e+00 0.000000e+00 0.000000e+00 0.000000e+00
2.587000e+00 0.000000e+00 -4.492001e+03 -7.667284e+03 0.000000e+00 0.000000e+00 0.000000e+00 -3.847017e+02 -3.589923e+02 1.392074e+03 6.618695e+02 0.000000e+00 0.000000e+00 0.000000e+00 0.000000e+00 0.000000e+00 0.000000e+00 0.000000e+00 0.000000e+00 0.000000e+00
2.588000e+00 0.000000e+00 -4.481013e+03 -7.657437e+03 0.000000e+00 0.000000e+00 0.000000e+00 -3.842053e+02 -3.584742e+02 1.390603e+03 6.603623e+02 0.000000e+00 0.000000e+00 0.000000e+00 0.000000e+00 0.000000e+00 0.000000e+00 0.000000e+00 0.000000e+00 0.000000e+00
2.589000e+00 0.000000e+00 -4.470071e+03 -7.647530e+03 0.000000e+00 0.000000e+00 0.000000e+00 -3.837075e+02 -3.579549e+02 1.389138e+03 6.588561e+02 0.000000e+00 0.000000e+00 0.000000e+00 0.000000e+00 0.000000e+00 0.000000e+00 0.000000e+00 0.000000e+00 0.000000e+00
2.590000e+00 0.000000e+00 -4.459179e+03 -7.637567e+03 0.000000e+00 0.000000e+00 0.000000e+00 -3.832086e+02 -3.574348e+02 1.387679e+03 6.573514e+02 0.000000e+00 0.000000e+00 0.000000e+00 0.000000e+00 0.000000e+00 0.000000e+00 0.000000e+00 0.000000e+00 0.000000e+00
2.591000e+00 0.000000e+00 -4.448339e+03 -7.627550e+03 0.000000e+00 0.000000e+00 0.000000e+00 -3.827090e+02 -3.569141e+02 1.386226e+03 6.558491e+02 0.000000e+00 0.000000e+00 0.000000e+00 0.000000e+00 0.000000e+00 0.000000e+00 0.000000e+00 0.000000e+00 0.000000e+00
2.592000e+00 0.000000e+00 -4.437551e+03 -7.617482e+03 0.000000e+00 0.000000e+00 0.000000e+00 -3.822089e+02 -3.563934e+02 1.384780e+03 6.543497e+02 0.000000e+00 0.000000e+00 0.000000e+00 0.000000e+00 0.000000e+00 0.000000e+00 0.000000e+00 0.000000e+00 0.000000e+00
2.593000e+00 0.000000e+00 -4.426820e+03 -7.607365e+03 0.000000e+00 0.000000e+00 0.000000e+00 -3.817088e+02 -3.558727e+02 1.383341e+03 6.528540e+02 0.000000e+00 0.000000e+00 0.000000e+00 0.000000e+00 0.000000e+00 0.000000e+00 0.000000e+00 0.000000e+00 0.000000e+00
2.594000e+00 0.000000e+00 -4.416146e+03 -7.597204e+03 0.000000e+00 0.000000e+00 0.000000e+00 -3.812089e+02 -3.553526e+02 1.381909e+03 6.513625e+02 0.000000e+00 0.000000e+00 0.000000e+00 0.000000e+00 0.000000e+00 0.000000e+00 0.000000e+00 0.000000e+00 0.000000e+00
2.595000e+00 0.000000e+00 -4.405532e+03 -7.587000e+03 0.000000e+00 0.000000e+00 0.000000e+00 -3.807097e+02 -3.548334e+02 1.380484e+03 6.498761e+02 0.000000e+00 0.000000e+00 0.000000e+00 0.000000e+00 0.000000e+00 0.000000e+00 0.000000e+00 0.000000e+00 0.000000e+00
2.596000e+00 0.000000e+00 -4.394980e+03 -7.576757e+03 0.000000e+00 0.000000e+00 0.000000e+00 -3.802115e+02 -3.543153e+02 1.379067e+03 6.483953e+02 0.000000e+00 0.000000e+00 0.000000e+00 0.000000e+00 0.000000e+00 0.000000e+00 0.000000e+00 0.000000e+00 0.000000e+00
2.597000e+00 0.000000e+00 -4.384491e+03 -7.566477e+03 0.000000e+00 0.000000e+00 0.000000e+00 -3.797145e+02 -3.537987e+02 1.377658e+03 6.469208e+02 0.000000e+00 0.000000e+00 0.000000e+00 0.000000e+00 0.000000e+00 0.000000e+00 0.000000e+00 0.000000e+00 0.000000e+00
2.598000e+00 0.000000e+00 -4.374067e+03 -7.556165e+03 0.000000e+00 0.000000e+00 0.000000e+00 -3.792192e+02 -3.532841e+02 1.376258e+03 6.454534e+02 0.000000e+00 0.000000e+00 0.000000e+00 0.000000e+00 0.000000e+00 0.000000e+00 0.000000e+00 0.000000e+00 0.000000e+00
2.599000e+00 0.000000e+00 -4.363711e+03 -7.545822e+03 0.000000e+00 0.000000e+00 0.000000e+00 -3.787259e+02 -3.527716e+02 1.374866e+03 6.439937e+02 0.000000e+00 0.000000e+00 0.000000e+00 0.000000e+00 0.000000e+00 0.000000e+00 0.000000e+00 0.000000e+00 0.000000e+00
2.600000e+00 0.000000e+00 -4.353425e+03 -7.535452e+03 0.000000e+00 0.000000e+00 0.000000e+00 -3.782350e+02 -3.522617e+02 1.373483e+03 6.425423e+02 0.000000e+00 0.000000e+00 0.000000e+00 0.000000e+00 0.000000e+00 0.000000e+00 0.000000e+00 0.000000e+00 0.000000e+00
2.601000e+00 0.000000e+00 -4.343210e+03 -7.525059e+03 0.000000e+00 0.000000e+00 0.000000e+00 -3.777467e+02 -3.517546e+02 1.372109e+03 6.410999e+02 0.000000e+00 0.000000e+00 0.000000e+00 0.000000e+00 0.000000e+00 0.000000e+00 0.000000e+00 0.000000e+00 0.000000e+00
2.602000e+00 0.000000e+00 -4.333068e+03 -7.514644e+03 0.000000e+00 0.000000e+00 0.000000e+00 -3.772615e+02 -3.512508e+02 1.370745e+03 6.396672e+02 0.000000e+00 0.000000e+00 0.000000e+00 0.000000e+00 0.000000e+00 0.000000e+00 0.000000e+00 0.000000e+00 0.000000e+00
2.603000e+00 0.000000e+00 -4.323002e+03 -7.504212e+03 0.000000e+00 0.000000e+00 0.000000e+00 -3.767797e+02 -3.507506e+02 1.369390e+03 6.382449e+02 0.000000e+00 0.000000e+00 0.000000e+00 0.000000e+00 0.000000e+00 0.000000e+00 0.000000e+00 0.000000e+00 0.000000e+00
2.604000e+00 0.000000e+00 -4.313012e+03 -7.493766e+03 0.000000e+00 0.000000e+00 0.000000e+00 -3.763015e+02 -3.502542e+02 1.368045e+03 6.368336e+02 0.000000e+00 0.000000e+00 0.000000e+00 0.000000e+00 0.000000e+00 0.000000e+00 0.000000e+00 0.000000e+00 0.000000e+00
2.605000e+00 0.000000e+00 -4.303101e+03 -7.483309e+03 0.000000e+00 0.000000e+00 0.000000e+00 -3.758275e+02 -3.497621e+02 1.366711e+03 6.354339e+02 0.000000e+00 0.000000e+00 0.000000e+00 0.000000e+00 0.000000e+00 0.000000e+00 0.000000e+00 0.000000e+00 0.000000e+00
2.606000e+00 0.000000e+00 -4.293270e+03 -7.472843e+03 0.000000e+00 0.000000e+00 0.000000e+00 -3.753579e+02 -3.492747e+02 1.365387e+03 6.340466e+02 0.000000e+00 0.000000e+00 0.000000e+00 0.000000e+00 0.000000e+00 0.000000e+00 0.000000e+00 0.000000e+00 0.000000e+00
2.607000e+00 0.000000e+00 -4.283522e+03 -7.462374e+03 0.000000e+00 0.000000e+00 0.000000e+00 -3.748931e+02 -3.487921e+02 1.364074e+03 6.326723e+02 0.000000e+00 0.000000e+00 0.000000e+00 0.000000e+00 0.000000e+00 0.000000e+00 0.000000e+00 0.000000e+00 0.000000e+00
2.608000e+00 0.000000e+00 -4.273858e+03 -7.451902e+03 0.000000e+00 0.000000e+00 0.000000e+00 -3.744333e+02 -3.483148e+02 1.362772e+03 6.313117e+02 0.000000e+00 0.000000e+00 0.000000e+00 0.000000e+00 0.000000e+00 0.000000e+00 0.000000e+00 0.000000e+00 0.000000e+00
2.609000e+00 0.000000e+00 -4.264280e+03 -7.441433e+03 0.000000e+00 0.000000e+00 0.000000e+00 -3.739791e+02 -3.478431e+02 1.361481e+03 6.299653e+02 0.000000e+00 0.000000e+00 0.000000e+00 0.000000e+00 0.000000e+00 0.000000e+00 0.000000e+00 0.000000e+00 0.000000e+00
2.610000e+00 0.000000e+00 -4.254789e+03 -7.430970e+03 0.000000e+00 0.000000e+00 0.000000e+00 -3.735306e+02 -3.473774e+02 1.360202e+03 6.286339e+02 0.000000e+00 0.000000e+00 0.000000e+00 0.000000e+00 0.000000e+00 0.000000e+00 0.000000e+00 0.000000e+00 0.000000e+00
2.611000e+00 0.000000e+00 -4.245387e+03 -7.420515e+03 0.000000e+00 0.000000e+00 0.000000e+00 -3.730883e+02 -3.469180e+02 1.358935e+03 6.273181e+02 0.000000e+00 0.000000e+00 0.000000e+00 0.000000e+00 0.000000e+00 0.000000e+00 0.000000e+00 0.000000e+00 0.000000e+00
2.612000e+00 0.000000e+00 -4.236076e+03 -7.410072e+03 0.000000e+00 0.000000e+00 0.000000e+00 -3.726524e+02 -3.464651e+02 1.357680e+03 6.260184e+02 0.000000e+00 0.000000e+00 0.000000e+00 0.000000e+00 0.000000e+00 0.000000e+00 0.000000e+00 0.000000e+00 0.000000e+00
2.613000e+00 0.000000e+00 -4.226857e+03 -7.399644e+03 0.000000e+00 0.000000e+00 0.000000e+00 -3.722234e+02 -3.460193e+02 1.356438e+03 6.247356e+02 0.000000e+00 0.000000e+00 0.000000e+00 0.000000e+00 0.000000e+00 0.000000e+00 0.000000e+00 0.000000e+00 0.000000e+00
2.614000e+00 0.000000e+00 -4.217733e+03 -7.389235e+03 0.000000e+00 0.000000e+00 0.000000e+00 -3.718015e+02 -3.455807e+02 1.355208e+03 6.234703e+02 0.000000e+00 0.000000e+00 0.000000e+00 0.000000e+00 0.000000e+00 0.000000e+00 0.000000e+00 0.000000e+00 0.000000e+00
2.615000e+00 0.000000e+00 -4.208704e+03 -7.378848e+03 0.000000e+00 0.000000e+00 0.000000e+00 -3.713871e+02 -3.451497e+02 1.353991e+03 6.222231e+02 0.000000e+00 0.000000e+00 0.000000e+00 0.000000e+00 0.000000e+00 0.000000e+00 0.000000e+00 0.000000e+00 0.000000e+00
2.616000e+00 0.000000e+00 -4.199772e+03 -7.368487e+03 0.000000e+00 0.000000e+00 0.000000e+00 -3.709806e+02 -3.447266e+02 1.352787e+03 6.209945e+02 0.000000e+00 0.000000e+00 0.000000e+00 0.000000e+00 0.000000e+00 0.000000e+00 0.000000e+00 0.000000e+00 0.000000e+00
2.617000e+00 0.000000e+00 -4.190939e+03 -7.358155e+03 0.000000e+00 0.000000e+00 0.000000e+00 -3.705822e+02 -3.443118e+02 1.351597e+03 6.197853e+02 0.000000e+00 0.000000e+00 0.000000e+00 0.000000e+00 0.000000e+00 0.000000e+00 0.000000e+00 0.000000e+00 0.000000e+00
2.618000e+00 0.000000e+00 -4.182206e+03 -7.347854e+03 0.000000e+00 0.000000e+00 0.000000e+00 -3.701923e+02 -3.439056e+02 1.350420e+03 6.185960e+02 0.000000e+00 0.000000e+00 0.000000e+00 0.000000e+00 0.000000e+00 0.000000e+00 0.000000e+00 0.000000e+00 0.000000e+00
2.619000e+00 0.000000e+00 -4.173574e+03 -7.337590e+03 0.000000e+00 0.000000e+00 0.000000e+00 -3.698112e+02 -3.435083e+02 1.349257e+03 6.174272e+02 0.000000e+00 0.000000e+00 0.000000e+00 0.000000e+00 0.000000e+00 0.000000e+00 0.000000e+00 0.000000e+00 0.000000e+00
2.620000e+00 0.000000e+00 -4.165045e+03 -7.327364e+03 0.000000e+00 0.000000e+00 0.000000e+00 -3.694392e+02 -3.431202e+02 1.348108e+03 6.162795e+02 0.000000e+00 0.000000e+00 0.000000e+00 0.000000e+00 0.000000e+00 0.000000e+00 0.000000e+00 0.000000e+00 0.000000e+00
2.621000e+00 0.000000e+00 -4.156621e+03 -7.317181e+03 0.000000e+00 0.000000e+00 0.000000e+00 -3.690767e+02 -3.427416e+02 1.346974e+03 6.151534e+02 0.000000e+00 0.000000e+00 0.000000e+00 0.000000e+00 0.000000e+00 0.000000e+00 0.000000e+00 0.000000e+00 0.000000e+00
2.622000e+00 0.000000e+00 -4.148303e+03 -7.307044e+03 0.000000e+00 0.000000e+00 0.000000e+00 -3.687240e+02 -3.423729e+02 1.345854e+03 6.140496e+02 0.000000e+00 0.000000e+00 0.000000e+00 0.000000e+00 0.000000e+00 0.000000e+00 0.000000e+00 0.000000e+00 0.000000e+00
2.623000e+00 0.000000e+00 -4.140091e+03 -7.296955e+03 0.000000e+00 0.000000e+00 0.000000e+00 -3.683814e+02 -3.420143e+02 1.344749e+03 6.129687e+02 0.000000e+00 0.000000e+00 0.000000e+00 0.000000e+00 0.000000e+00 0.000000e+00 0.000000e+00 0.000000e+00 0.000000e+00
2.624000e+00 0.000000e+00 -4.131988e+03 -7.286920e+03 0.000000e+00 0.000000e+00 0.000000e+00 -3.680491e+02 -3.416662e+02 1.343660e+03 6.119111e+02 0.000000e+00 0.000000e+00 0.000000e+00 0.000000e+00 0.000000e+00 0.000000e+00 0.000000e+00 0.000000e+00 0.000000e+00
2.625000e+00 0.000000e+00 -4.123995e+03 -7.276940e+03 0.000000e+00 0.000000e+00 0.000000e+00 -3.677276e+02 -3.413289e+02 1.342585e+03 6.108774e+02 0.000000e+00 0.000000e+00 0.000000e+00 0.000000e+00 0.000000e+00 0.000000e+00 0.000000e+00 0.000000e+00 0.000000e+00
2.626000e+00 0.000000e+00 -4.116112e+03 -7.267019e+03 0.000000e+00 0.000000e+00 0.000000e+00 -3.674171e+02 -3.410026e+02 1.341526e+03 6.098683e+02 0.000000e+00 0.000000e+00 0.000000e+00 0.000000e+00 0.000000e+00 0.000000e+00 0.000000e+00 0.000000e+00 0.000000e+00
2.627000e+00 0.000000e+00 -4.108342e+03 -7.257161e+03 0.000000e+00 0.000000e+00 0.000000e+00 -3.671179e+02 -3.406877e+02 1.340482e+03 6.088841e+02 0.000000e+00 0.000000e+00 0.000000e+00 0.000000e+00 0.000000e+00 0.000000e+00 0.000000e+00 0.000000e+00 0.000000e+00
2.628000e+00 0.000000e+00 -4.100684e+03 -7.247369e+03 0.000000e+00 0.000000e+00 0.000000e+00 -3.668304e+02 -3.403844e+02 1.339455e+03 6.079255e+02 0.000000e+00 0.000000e+00 0.000000e+00 0.000000e+00 0.000000e+00 0.000000e+00 0.000000e+00 0.000000e+00 0.000000e+00
2.629000e+00 0.000000e+00 -4.093142e+03 -7.237646e+03 0.000000e+00 0.000000e+00 0.000000e+00 -3.665547e+02 -3.400931e+02 1.338443e+03 6.069929e+02 0.000000e+00 0.000000e+00 0.000000e+00 0.000000e+00 0.000000e+00 0.000000e+00 0.000000e+00 0.000000e+00 0.000000e+00
2.630000e+00 0.000000e+00 -4.085714e+03 -7.227995e+03 0.000000e+00 0.000000e+00 0.000000e+00 -3.662913e+02 -3.398139e+02 1.337448e+03 6.060869e+02 0.000000e+00 0.000000e+00 0.000000e+00 0.000000e+00 0.000000e+00 0.000000e+00 0.000000e+00 0.000000e+00 0.000000e+00
2.631000e+00 0.000000e+00 -4.078403e+03 -7.218420e+03 0.000000e+00 0.000000e+00 0.000000e+00 -3.660403e+02 -3.395473e+02 1.336470e+03 6.052079e+02 0.000000e+00 0.000000e+00 0.000000e+00 0.000000e+00 0.000000e+00 0.000000e+00 0.000000e+00 0.000000e+00 0.000000e+00
2.632000e+00 0.000000e+00 -4.071210e+03 -7.208924e+03 0.000000e+00 0.000000e+00 0.000000e+00 -3.658021e+02 -3.392935e+02 1.335508e+03 6.043565e+02 0.000000e+00 0.000000e+00 0.000000e+00 0.000000e+00 0.000000e+00 0.000000e+00 0.000000e+00 0.000000e+00 0.000000e+00
2.633000e+00 0.000000e+00 -4.064136e+03 -7.199510e+03 0.000000e+00 0.000000e+00 0.000000e+00 -3.655769e+02 -3.390526e+02 1.334563e+03 6.035331e+02 0.000000e+00 0.000000e+00 0.000000e+00 0.000000e+00 0.000000e+00 0.000000e+00 0.000000e+00 0.000000e+00 0.000000e+00
2.634000e+00 0.000000e+00 -4.057181e+03 -7.190181e+03 0.000000e+00 0.000000e+00 0.000000e+00 -3.653651e+02 -3.388251e+02 1.333634e+03 6.027382e+02 0.000000e+00 0.000000e+00 0.000000e+00 0.000000e+00 0.000000e+00 0.000000e+00 0.000000e+00 0.000000e+00 0.000000e+00
2.635000e+00 0.000000e+00 -4.050346e+03 -7.180941e+03 0.000000e+00 0.000000e+00 0.000000e+00 -3.651668e+02 -3.386112e+02 1.332724e+03 6.019723e+02 0.000000e+00 0.000000e+00 0.000000e+00 0.000000e+00 0.000000e+00 0.000000e+00 0.000000e+00 0.000000e+00 0.000000e+00
2.636000e+00 0.000000e+00 -4.043633e+03 -7.171792e+03 0.000000e+00 0.000000e+00 0.000000e+00 -3.649824e+02 -3.384110e+02 1.331830e+03 6.012357e+02 0.000000e+00 0.000000e+00 0.000000e+00 0.000000e+00 0.000000e+00 0.000000e+00 0.000000e+00 0.000000e+00 0.000000e+00
2.637000e+00 0.000000e+00 -4.037042e+03 -7.162739e+03 0.000000e+00 0.000000e+00 0.000000e+00 -3.648121e+02 -3.382250e+02 1.330954e+03 6.005290e+02 0.000000e+00 0.000000e+00 0.000000e+00 0.000000e+00 0.000000e+00 0.000000e+00 0.000000e+00 0.000000e+00 0.000000e+00
2.638000e+00 0.000000e+00 -4.030575e+03 -7.153783e+03 0.000000e+00 0.000000e+00 0.000000e+00 -3.646561e+02 -3.380532e+02 1.330096e+03 5.998525e+02 0.000000e+00 0.000000e+00 0.000000e+00 0.000000e+00 0.000000e+00 0.000000e+00 0.000000e+00 0.000000e+00 0.000000e+00
2.639000e+00 0.000000e+00 -4.024231e+03 -7.144927e+03 0.000000e+00 0.000000e+00 0.000000e+00 -3.645147e+02 -3.378961e+02 1.329256e+03 5.992066e+02 0.000000e+00 0.000000e+00 0.000000e+00 0.000000e+00 0.000000e+00 0.000000e+00 0.000000e+00 0.000000e+00 0.000000e+00
2.640000e+00 0.000000e+00 -4.018011e+03 -7.136176e+03 0.000000e+00 0.000000e+00 0.000000e+00 -3.643882e+02 -3.377537e+02 1.328434e+03 5.985919e+02 0.000000e+00 0.000000e+00 0.000000e+00 0.000000e+00 0.000000e+00 0.000000e+00 0.000000e+00 0.000000e+00 0.000000e+00
2.641000e+00 0.000000e+00 -4.011918e+03 -7.127532e+03 0.000000e+00 0.000000e+00 0.000000e+00 -3.642767e+02 -3.376263e+02 1.327630e+03 5.980086e+02 0.000000e+00 0.000000e+00 0.000000e+00 0.000000e+00 0.000000e+00 0.000000e+00 0.000000e+00 0.000000e+00 0.000000e+00
2.642000e+00 0.000000e+00 -4.005950e+03 -7.118997e+03 0.000000e+00 0.000000e+00 0.000000e+00 -3.641806e+02 -3.375142e+02 1.326844e+03 5.974571e+02 0.000000e+00 0.000000e+00 0.000000e+00 0.000000e+00 0.000000e+00 0.000000e+00 0.000000e+00 0.000000e+00 0.000000e+00
2.643000e+00 0.000000e+00 -4.000109e+03 -7.110575e+03 0.000000e+00 0.000000e+00 0.000000e+00 -3.640999e+02 -3.374175e+02 1.326076e+03 5.969378e+02 0.000000e+00 0.000000e+00 0.000000e+00 0.000000e+00 0.000000e+00 0.000000e+00 0.000000e+00 0.000000e+00 0.000000e+00
2.644000e+00 0.000000e+00 -3.994395e+03 -7.102268e+03 0.000000e+00 0.000000e+00 0.000000e+00 -3.640350e+02 -3.373364e+02 1.325328e+03 5.964511e+02 0.000000e+00 0.000000e+00 0.000000e+00 0.000000e+00 0.000000e+00 0.000000e+00 0.000000e+00 0.000000e+00 0.000000e+00
2.645000e+00 0.000000e+00 -3.988809e+03 -7.094080e+03 0.000000e+00 0.000000e+00 0.000000e+00 -3.639860e+02 -3.372713e+02 1.324598e+03 5.959973e+02 0.000000e+00 0.000000e+00 0.000000e+00 0.000000e+00 0.000000e+00 0.000000e+00 0.000000e+00 0.000000e+00 0.000000e+00
2.646000e+00 0.000000e+00 -3.983351e+03 -7.086013e+03 0.000000e+00 0.000000e+00 0.000000e+00 -3.639532e+02 -3.372222e+02 1.323886e+03 5.955766e+02 0.000000e+00 0.000000e+00 0.000000e+00 0.000000e+00 0.000000e+00 0.000000e+00 0.000000e+00 0.000000e+00 0.000000e+00
2.647000e+00 0.000000e+00 -3.978022e+03 -7.078069e+03 0.000000e+00 0.000000e+00 0.000000e+00 -3.639368e+02 -3.371894e+02 1.323194e+03 5.951895e+02 0.000000e+00 0.000000e+00 0.000000e+00 0.000000e+00 0.000000e+00 0.000000e+00 0.000000e+00 0.000000e+00 0.000000e+00
2.648000e+00 0.000000e+00 -3.972822e+03 -7.070253e+03 0.000000e+00 0.000000e+00 0.000000e+00 -3.639369e+02 -3.371730e+02 1.322521e+03 5.948363e+02 0.000000e+00 0.000000e+00 0.000000e+00 0.000000e+00 0.000000e+00 0.000000e+00 0.000000e+00 0.000000e+00 0.000000e+00
2.649000e+00 0.000000e+00 -3.967752e+03 -7.062565e+03 0.000000e+00 0.000000e+00 0.000000e+00 -3.639537e+02 -3.371733e+02 1.321867e+03 5.945171e+02 0.000000e+00 0.000000e+00 0.000000e+00 0.000000e+00 0.000000e+00 0.000000e+00 0.000000e+00 0.000000e+00 0.000000e+00
2.650000e+00 0.000000e+00 -3.962812e+03 -7.055009e+03 0.000000e+00 0.000000e+00 0.000000e+00 -3.639874e+02 -3.371904e+02 1.321232e+03 5.942324e+02 0.000000e+00 0.000000e+00 0.000000e+00 0.000000e+00 0.000000e+00 0.000000e+00 0.000000e+00 0.000000e+00 0.000000e+00
2.651000e+00 0.000000e+00 -3.958002e+03 -7.047587e+03 0.000000e+00 0.000000e+00 0.000000e+00 -3.640382e+02 -3.372244e+02 1.320616e+03 5.939823e+02 0.000000e+00 0.000000e+00 0.000000e+00 0.000000e+00 0.000000e+00 0.000000e+00 0.000000e+00 0.000000e+00 0.000000e+00
2.652000e+00 0.000000e+00 -3.953323e+03 -7.040302e+03 0.000000e+00 0.000000e+00 0.000000e+00 -3.641063e+02 -3.372756e+02 1.320020e+03 5.937672e+02 0.000000e+00 0.000000e+00 0.000000e+00 0.000000e+00 0.000000e+00 0.000000e+00 0.000000e+00 0.000000e+00 0.000000e+00
2.653000e+00 0.000000e+00 -3.948774e+03 -7.033157e+03 0.000000e+00 0.000000e+00 0.000000e+00 -3.641918e+02 -3.373441e+02 1.319443e+03 5.935872e+02 0.000000e+00 0.000000e+00 0.000000e+00 0.000000e+00 0.000000e+00 0.000000e+00 0.000000e+00 0.000000e+00 0.000000e+00
2.654000e+00 0.000000e+00 -3.944357e+03 -7.026152e+03 0.000000e+00 0.000000e+00 0.000000e+00 -3.642948e+02 -3.374300e+02 1.318886e+03 5.934425e+02 0.000000e+00 0.000000e+00 0.000000e+00 0.000000e+00 0.000000e+00 0.000000e+00 0.000000e+00 0.000000e+00 0.000000e+00
2.655000e+00 0.000000e+00 -3.940071e+03 -7.019292e+03 0.000000e+00 0.000000e+00 0.000000e+00 -3.644156e+02 -3.375334e+02 1.318349e+03 5.933334e+02 0.000000e+00 0.000000e+00 0.000000e+00 0.000000e+00 0.000000e+00 0.000000e+00 0.000000e+00 0.000000e+00 0.000000e+00
2.656000e+00 0.000000e+00 -3.935917e+03 -7.012577e+03 0.000000e+00 0.000000e+00 0.000000e+00 -3.645541e+02 -3.376546e+02 1.317831e+03 5.932601e+02 0.000000e+00 0.000000e+00 0.000000e+00 0.000000e+00 0.000000e+00 0.000000e+00 0.000000e+00 0.000000e+00 0.000000e+00
2.657000e+00 0.000000e+00 -3.931893e+03 -7.006011e+03 0.000000e+00 0.000000e+00 0.000000e+00 -3.647106e+02 -3.377936e+02 1.317333e+03 5.932226e+02 0.000000e+00 0.000000e+00 0.000000e+00 0.000000e+00 0.000000e+00 0.000000e+00 0.000000e+00 0.000000e+00 0.000000e+00
2.658000e+00 0.000000e+00 -3.928002e+03 -6.999596e+03 0.000000e+00 0.000000e+00 0.000000e+00 -3.648852e+02 -3.379505e+02 1.316855e+03 5.932213e+02 0.000000e+00 0.000000e+00 0.000000e+00 0.000000e+00 0.000000e+00 0.000000e+00 0.000000e+00 0.000000e+00 0.000000e+00
2.659000e+00 0.000000e+00 -3.924242e+03 -6.993332e+03 0.000000e+00 0.000000e+00 0.000000e+00 -3.650780e+02 -3.381254e+02 1.316397e+03 5.932563e+02 0.000000e+00 0.000000e+00 0.000000e+00 0.000000e+00 0.000000e+00 0.000000e+00 0.000000e+00 0.000000e+00 0.000000e+00
2.660000e+00 0.000000e+00 -3.920614e+03 -6.987223e+03 0.000000e+00 0.000000e+00 0.000000e+00 -3.652891e+02 -3.383185e+02 1.315958e+03 5.933276e+02 0.000000e+00 0.000000e+00 0.000000e+00 0.000000e+00 0.000000e+00 0.000000e+00 0.000000e+00 0.000000e+00 0.000000e+00
2.661000e+00 0.000000e+00 -3.917117e+03 -6.981271e+03 0.000000e+00 0.000000e+00 0.000000e+00 -3.655186e+02 -3.385298e+02 1.315539e+03 5.934353e+02 0.000000e+00 0.000000e+00 0.000000e+00 0.000000e+00 0.000000e+00 0.000000e+00 0.000000e+00 0.000000e+00 0.000000e+00
2.662000e+00 0.000000e+00 -3.913751e+03 -6.975477e+03 0.000000e+00 0.000000e+00 0.000000e+00 -3.657665e+02 -3.387595e+02 1.315141e+03 5.935797e+02 0.000000e+00 0.000000e+00 0.000000e+00 0.000000e+00 0.000000e+00 0.000000e+00 0.000000e+00 0.000000e+00 0.000000e+00
2.663000e+00 0.000000e+00 -3.910517e+03 -6.969842e+03 0.000000e+00 0.000000e+00 0.000000e+00 -3.660330e+02 -3.390075e+02 1.314762e+03 5.937608e+02 0.000000e+00 0.000000e+00 0.000000e+00 0.000000e+00 0.000000e+00 0.000000e+00 0.000000e+00 0.000000e+00 0.000000e+00
2.664000e+00 0.000000e+00 -3.907414e+03 -6.964370e+03 0.000000e+00 0.000000e+00 0.000000e+00 -3.663182e+02 -3.392740e+02 1.314403e+03 5.939786e+02 0.000000e+00 0.000000e+00 0.000000e+00 0.000000e+00 0.000000e+00 0.000000e+00 0.000000e+00 0.000000e+00 0.000000e+00
2.665000e+00 0.000000e+00 -3.904442e+03 -6.959061e+03 0.000000e+00 0.000000e+00 0.000000e+00 -3.666220e+02 -3.395590e+02 1.314065e+03 5.942332e+02 0.000000e+00 0.000000e+00 0.000000e+00 0.000000e+00 0.000000e+00 0.000000e+00 0.000000e+00 0.000000e+00 0.000000e+00
2.666000e+00 0.000000e+00 -3.901600e+03 -6.953917e+03 0.000000e+00 0.000000e+00 0.000000e+00 -3.669446e+02 -3.398626e+02 1.313746e+03 5.945247e+02 0.000000e+00 0.000000e+00 0.000000e+00 0.000000e+00 0.000000e+00 0.000000e+00 0.000000e+00 0.000000e+00 0.000000e+00
2.667000e+00 0.000000e+00 -3.898889e+03 -6.948940e+03 0.000000e+00 0.000000e+00 0.000000e+00 -3.672860e+02 -3.401848e+02 1.313447e+03 5.948531e+02 0.000000e+00 0.000000e+00 0.000000e+00 0.000000e+00 0.000000e+00 0.000000e+00 0.000000e+00 0.000000e+00 0.000000e+00
2.668000e+00 0.000000e+00 -3.896307e+03 -6.944130e+03 0.000000e+00 0.000000e+00 0.000000e+00 -3.676462e+02 -3.405257e+02 1.313168e+03 5.952184e+02 0.000000e+00 0.000000e+00 0.000000e+00 0.000000e+00 0.000000e+00 0.000000e+00 0.000000e+00 0.000000e+00 0.000000e+00
2.669000e+00 0.000000e+00 -3.893856e+03 -6.939491e+03 0.000000e+00 0.000000e+00 0.000000e+00 -3.680254e+02 -3.408853e+02 1.312909e+03 5.956206e+02 0.000000e+00 0.000000e+00 0.000000e+00 0.000000e+00 0.000000e+00 0.000000e+00 0.000000e+00 0.000000e+00 0.000000e+00
2.670000e+00 0.000000e+00 -3.891533e+03 -6.935022e+03 0.000000e+00 0.000000e+00 0.000000e+00 -3.684235e+02 -3.412636e+02 1.312671e+03 5.960597e+02 0.000000e+00 0.000000e+00 0.000000e+00 0.000000e+00 0.000000e+00 0.000000e+00 0.000000e+00 0.000000e+00 0.000000e+00
2.671000e+00 0.000000e+00 -3.889339e+03 -6.930725e+03 0.000000e+00 0.000000e+00 0.000000e+00 -3.688405e+02 -3.416607e+02 1.312452e+03 5.965357e+02 0.000000e+00 0.000000e+00 0.000000e+00 0.000000e+00 0.000000e+00 0.000000e+00 0.000000e+00 0.000000e+00 0.000000e+00
2.672000e+00 0.000000e+00 -3.887273e+03 -6.926602e+03 0.000000e+00 0.000000e+00 0.000000e+00 -3.692764e+02 -3.420765e+02 1.312252e+03 5.970486e+02 0.000000e+00 0.000000e+00 0.000000e+00 0.000000e+00 0.000000e+00 0.000000e+00 0.000000e+00 0.000000e+00 0.000000e+00
2.673000e+00 0.000000e+00 -3.885335e+03 -6.922653e+03 0.000000e+00 0.000000e+00 0.000000e+00 -3.697314e+02 -3.425111e+02 1.312073e+03 5.975982e+02 0.000000e+00 0.000000e+00 0.000000e+00 0.000000e+00 0.000000e+00 0.000000e+00 0.000000e+00 0.000000e+00 0.000000e+00
2.674000e+00 0.000000e+00 -3.883524e+03 -6.918879e+03 0.000000e+00 0.000000e+00 0.000000e+00 -3.702052e+02 -3.429645e+02 1.311914e+03 5.981846e+02 0.000000e+00 0.000000e+00 0.000000e+00 0.000000e+00 0.000000e+00 0.000000e+00 0.000000e+00 0.000000e+00 0.000000e+00
2.675000e+00 0.000000e+00 -3.881840e+03 -6.915282e+03 0.000000e+00 0.000000e+00 0.000000e+00 -3.706981e+02 -3.434365e+02 1.311774e+03 5.988076e+02 0.000000e+00 0.000000e+00 0.000000e+00 0.000000e+00 0.000000e+00 0.000000e+00 0.000000e+00 0.000000e+00 0.000000e+00
2.676000e+00 0.000000e+00 -3.880282e+03 -6.911862e+03 0.000000e+00 0.000000e+00 0.000000e+00 -3.712098e+02 -3.439273e+02 1.311654e+03 5.994671e+02 0.000000e+00 0.000000e+00 0.000000e+00 0.000000e+00 0.000000e+00 0.000000e+00 0.000000e+00 0.000000e+00 0.000000e+00
2.677000e+00 0.000000e+00 -3.878849e+03 -6.908621e+03 0.000000e+00 0.000000e+00 0.000000e+00 -3.717404e+02 -3.444368e+02 1.311553e+03 6.001630e+02 0.000000e+00 0.000000e+00 0.000000e+00 0.000000e+00 0.000000e+00 0.000000e+00 0.000000e+00 0.000000e+00 0.000000e+00
2.678000e+00 0.000000e+00 -3.877540e+03 -6.905558e+03 0.000000e+00 0.000000e+00 0.000000e+00 -3.722899e+02 -3.449649e+02 1.311472e+03 6.008952e+02 0.000000e+00 0.000000e+00 0.000000e+00 0.000000e+00 0.000000e+00 0.000000e+00 0.000000e+00 0.000000e+00 0.000000e+00
2.679000e+00 0.000000e+00 -3.876355e+03 -6.902674e+03 0.000000e+00 0.000000e+00 0.000000e+00 -3.728581e+02 -3.455116e+02 1.311411e+03 6.016635e+02 0.000000e+00 0.000000e+00 0.000000e+00 0.000000e+00 0.000000e+00 0.000000e+00 0.000000e+00 0.000000e+00 0.000000e+00
2.680000e+00 0.000000e+00 -3.875294e+03 -6.899971e+03 0.000000e+00 0.000000e+00 0.000000e+00 -3.734451e+02 -3.460769e+02 1.311369e+03 6.024678e+02 0.000000e+00 0.000000e+00 0.000000e+00 0.000000e+00 0.000000e+00 0.000000e+00 0.000000e+00 0.000000e+00 0.000000e+00
2.681000e+00 0.000000e+00 -3.874354e+03 -6.897447e+03 0.000000e+00 0.000000e+00 0.000000e+00 -3.740508e+02 -3.466606e+02 1.311346e+03 6.033079e+02 0.000000e+00 0.000000e+00 0.000000e+00 0.000000e+00 0.000000e+00 0.000000e+00 0.000000e+00 0.000000e+00 0.000000e+00
2.682000e+00 0.000000e+00 -3.873537e+03 -6.895105e+03 0.000000e+00 0.000000e+00 0.000000e+00 -3.746750e+02 -3.472627e+02 1.311342e+03 6.041836e+02 0.000000e+00 0.000000e+00 0.000000e+00 0.000000e+00 0.000000e+00 0.000000e+00 0.000000e+00 0.000000e+00 0.000000e+00
2.683000e+00 0.000000e+00 -3.872839e+03 -6.892944e+03 0.000000e+00 0.000000e+00 0.000000e+00 -3.753178e+02 -3.478831e+02 1.311358e+03 6.050947e+02 0.000000e+00 0.000000e+00 0.000000e+00 0.000000e+00 0.000000e+00 0.000000e+00 0.000000e+00 0.000000e+00 0.000000e+00
2.684000e+00 0.000000e+00 -3.872262e+03 -6.890964e+03 0.000000e+00 0.000000e+00 0.000000e+00 -3.759790e+02 -3.485217e+02 1.311393e+03 6.060410e+02 0.000000e+00 0.000000e+00 0.000000e+00 0.000000e+00 0.000000e+00 0.000000e+00 0.000000e+00 0.000000e+00 0.000000e+00
2.685000e+00 0.000000e+00 -3.871804e+03 -6.889166e+03 0.000000e+00 0.000000e+00 0.000000e+00 -3.766586e+02 -3.491784e+02 1.311446e+03 6.070223e+02 0.000000e+00 0.000000e+00 0.000000e+00 0.000000e+00 0.000000e+00 0.000000e+00 0.000000e+00 0.000000e+00 0.000000e+00
2.686000e+00 0.000000e+00 -3.871463e+03 -6.887549e+03 0.000000e+00 0.000000e+00 0.000000e+00 -3.773563e+02 -3.498532e+02 1.311519e+03 6.080382e+02 0.000000e+00 0.000000e+00 0.000000e+00 0.000000e+00 0.000000e+00 0.000000e+00 0.000000e+00 0.000000e+00 0.000000e+00
2.687000e+00 0.000000e+00 -3.871239e+03 -6.886115e+03 0.000000e+00 0.000000e+00 0.000000e+00 -3.780723e+02 -3.505459e+02 1.311610e+03 6.090887e+02 0.000000e+00 0.000000e+00 0.000000e+00 0.000000e+00 0.000000e+00 0.000000e+00 0.000000e+00 0.000000e+00 0.000000e+00
2.688000e+00 0.000000e+00 -3.871131e+03 -6.884861e+03 0.000000e+00 0.000000e+00 0.000000e+00 -3.788062e+02 -3.512564e+02 1.311719e+03 6.101733e+02 0.000000e+00 0.000000e+00 0.000000e+00 0.000000e+00 0.000000e+00 0.000000e+00 0.000000e+00 0.000000e+00 0.000000e+00
2.689000e+00 0.000000e+00 -3.871138e+03 -6.883790e+03 0.000000e+00 0.000000e+00 0.000000e+00 -3.795580e+02 -3.519846e+02 1.311848e+03 6.112919e+02 0.000000e+00 0.000000e+00 0.000000e+00 0.000000e+00 0.000000e+00 0.000000e+00 0.000000e+00 0.000000e+00 0.000000e+00
2.690000e+00 0.000000e+00 -3.871258e+03 -6.882899e+03 0.000000e+00 0.000000e+00 0.000000e+00 -3.803276e+02 -3.527303e+02 1.311994e+03 6.124441e+02 0.000000e+00 0.000000e+00 0.000000e+00 0.000000e+00 0.000000e+00 0.000000e+00 0.000000e+00 0.000000e+00 0.000000e+00
2.691000e+00 0.000000e+00 -3.871491e+03 -6.882190e+03 0.000000e+00 0.000000e+00 0.000000e+00 -3.811148e+02 -3.534935e+02 1.312159e+03 6.136297e+02 0.000000e+00 0.000000e+00 0.000000e+00 0.000000e+00 0.000000e+00 0.000000e+00 0.000000e+00 0.000000e+00 0.000000e+00
2.692000e+00 0.000000e+00 -3.871835e+03 -6.881661e+03 0.000000e+00 0.000000e+00 0.000000e+00 -3.819195e+02 -3.542739e+02 1.312342e+03 6.148483e+02 0.000000e+00 0.000000e+00 0.000000e+00 0.000000e+00 0.000000e+00 0.000000e+00 0.000000e+00 0.000000e+00 0.000000e+00
2.693000e+00 0.000000e+00 -3.872290e+03 -6.881313e+03 0.000000e+00 0.000000e+00 0.000000e+00 -3.827415e+02 -3.550714e+02 1.312542e+03 6.160996e+02 0.000000e+00 0.000000e+00 0.000000e+00 0.000000e+00 0.000000e+00 0.000000e+00 0.000000e+00 0.000000e+00 0.000000e+00
2.694000e+00 0.000000e+00 -3.872854e+03 -6.881144e+03 0.000000e+00 0.000000e+00 0.000000e+00 -3.835807e+02 -3.558860e+02 1.312761e+03 6.173832e+02 0.000000e+00 0.000000e+00 0.000000e+00 0.000000e+00 0.000000e+00 0.000000e+00 0.000000e+00 0.000000e+00 0.000000e+00
2.695000e+00 0.000000e+00 -3.873525e+03 -6.881154e+03 0.000000e+00 0.000000e+00 0.000000e+00 -3.844369e+02 -3.567173e+02 1.312997e+03 6.186988e+02 0.000000e+00 0.000000e+00 0.000000e+00 0.000000e+00 0.000000e+00 0.000000e+00 0.000000e+00 0.000000e+00 0.000000e+00
2.696000e+00 0.000000e+00 -3.874303e+03 -6.881342e+03 0.000000e+00 0.000000e+00 0.000000e+00 -3.853099e+02 -3.575652e+02 1.313251e+03 6.200460e+02 0.000000e+00 0.000000e+00 0.000000e+00 0.000000e+00 0.000000e+00 0.000000e+00 0.000000e+00 0.000000e+00 0.000000e+00
2.697000e+00 0.000000e+00 -3.875187e+03 -6.881708e+03 0.000000e+00 0.000000e+00 0.000000e+00 -3.861995e+02 -3.584295e+02 1.313522e+03 6.214245e+02 0.000000e+00 0.000000e+00 0.000000e+00 0.000000e+00 0.000000e+00 0.000000e+00 0.000000e+00 0.000000e+00 0.000000e+00
2.698000e+00 0.000000e+00 -3.876174e+03 -6.882251e+03 0.000000e+00 0.000000e+00 0.000000e+00 -3.871056e+02 -3.593101e+02 1.313810e+03 6.228339e+02 0.000000e+00 0.000000e+00 0.000000e+00 0.000000e+00 0.000000e+00 0.000000e+00 0.000000e+00 0.000000e+00 0.000000e+00
2.699000e+00 0.000000e+00 -3.877264e+03 -6.882969e+03 0.000000e+00 0.000000e+00 0.000000e+00 -3.880279e+02 -3.602067e+02 1.314115e+03 6.242736e+02 0.000000e+00 0.000000e+00 0.000000e+00 0.000000e+00 0.000000e+00 0.000000e+00 0.000000e+00 0.000000e+00 0.000000e+00
2.700000e+00 0.000000e+00 -3.878456e+03 -6.883862e+03 0.000000e+00 0.000000e+00 0.000000e+00 -3.889662e+02 -3.611192e+02 1.314437e+03 6.257434e+02 0.000000e+00 0.000000e+00 0.000000e+00 0.000000e+00 0.000000e+00 0.000000e+00 0.000000e+00 0.000000e+00 0.000000e+00
2.701000e+00 0.000000e+00 -3.879748e+03 -6.884928e+03 0.000000e+00 0.000000e+00 0.000000e+00 -3.899203e+02 -3.620473e+02 1.314775e+03 6.272428e+02 0.000000e+00 0.000000e+00 0.000000e+00 0.000000e+00 0.000000e+00 0.000000e+00 0.000000e+00 0.000000e+00 0.000000e+00
2.702000e+00 0.000000e+00 -3.881139e+03 -6.886166e+03 0.000000e+00 0.000000e+00 0.000000e+00 -3.908900e+02 -3.629908e+02 1.315130e+03 6.287714e+02 0.000000e+00 0.000000e+00 0.000000e+00 0.000000e+00 0.000000e+00 0.000000e+00 0.000000e+00 0.000000e+00 0.000000e+00
2.703000e+00 0.000000e+00 -3.882627e+03 -6.887576e+03 0.000000e+00 0.000000e+00 0.000000e+00 -3.918751e+02 -3.639494e+02 1.315502e+03 6.303287e+02 0.000000e+00 0.000000e+00 0.000000e+00 0.000000e+00 0.000000e+00 0.000000e+00 0.000000e+00 0.000000e+00 0.000000e+00
2.704000e+00 0.000000e+00 -3.884211e+03 -6.889155e+03 0.000000e+00 0.000000e+00 0.000000e+00 -3.928753e+02 -3.649231e+02 1.315889e+03 6.319143e+02 0.000000e+00 0.000000e+00 0.000000e+00 0.000000e+00 0.000000e+00 0.000000e+00 0.000000e+00 0.000000e+00 0.000000e+00
2.705000e+00 0.000000e+00 -3.885890e+03 -6.890902e+03 0.000000e+00 0.000000e+00 0.000000e+00 -3.938904e+02 -3.659114e+02 1.316292e+03 6.335276e+02 0.000000e+00 0.000000e+00 0.000000e+00 0.000000e+00 0.000000e+00 0.000000e+00 0.000000e+00 0.000000e+00 0.000000e+00
2.706000e+00 0.000000e+00 -3.887662e+03 -6.892817e+03 0.000000e+00 0.000000e+00 0.000000e+00 -3.949201e+02 -3.669143e+02 1.316712e+03 6.351683e+02 0.000000e+00 0.000000e+00 0.000000e+00 0.000000e+00 0.000000e+00 0.000000e+00 0.000000e+00 0.000000e+00 0.000000e+00
2.707000e+00 0.000000e+00 -3.889525e+03 -6.894896e+03 0.000000e+00 0.000000e+00 0.000000e+00 -3.959643e+02 -3.679313e+02 1.317146e+03 6.368359e+02 0.000000e+00 0.000000e+00 0.000000e+00 0.000000e+00 0.000000e+00 0.000000e+00 0.000000e+00 0.000000e+00 0.000000e+00
2.708000e+00 0.000000e+00 -3.891478e+03 -6.897140e+03 0.000000e+00 0.000000e+00 0.000000e+00 -3.970226e+02 -3.689624e+02 1.317596e+03 6.385298e+02 0.000000e+00 0.000000e+00 0.000000e+00 0.000000e+00 0.000000e+00 0.000000e+00 0.000000e+00 0.000000e+00 0.000000e+00
2.709000e+00 0.000000e+00 -3.893520e+03 -6.899545e+03 0.000000e+00 0.000000e+00 0.000000e+00 -3.980949e+02 -3.700073e+02 1.318061e+03 6.402497e+02 0.000000e+00 0.000000e+00 0.000000e+00 0.000000e+00 0.000000e+00 0.000000e+00 0.000000e+00 0.000000e+00 0.000000e+00
2.710000e+00 0.000000e+00 -3.895649e+03 -6.902111e+03 0.000000e+00 0.000000e+00 0.000000e+00 -3.991808e+02 -3.710656e+02 1.318541e+03 6.419949e+02 0.000000e+00 0.000000e+00 0.000000e+00 0.000000e+00 0.000000e+00 0.000000e+00 0.000000e+00 0.000000e+00 0.000000e+00
2.711000e+00 0.000000e+00 -3.897864e+03 -6.904835e+03 0.000000e+00 0.000000e+00 0.000000e+00 -4.002800e+02 -3.721371e+02 1.319036e+03 6.437649e+02 0.000000e+00 0.000000e+00 0.000000e+00 0.000000e+00 0.000000e+00 0.000000e+00 0.000000e+00 0.000000e+00 0.000000e+00
2.712000e+00 0.000000e+00 -3.900162e+03 -6.907715e+03 0.000000e+00 0.000000e+00 0.000000e+00 -4.013923e+02 -3.732216e+02 1.319545e+03 6.455593e+02 0.000000e+00 0.000000e+00 0.000000e+00 0.000000e+00 0.000000e+00 0.000000e+00 0.000000e+00 0.000000e+00 0.000000e+00
2.713000e+00 0.000000e+00 -3.902543e+03 -6.910751e+03 0.000000e+00 0.000000e+00 0.000000e+00 -4.025175e+02 -3.743188e+02 1.320069e+03 6.473775e+02 0.000000e+00 0.000000e+00 0.000000e+00 0.000000e+00 0.000000e+00 0.000000e+00 0.000000e+00 0.000000e+00 0.000000e+00
2.714000e+00 0.000000e+00 -3.905005e+03 -6.913938e+03 0.000000e+00 0.000000e+00 0.000000e+00 -4.036552e+02 -3.754283e+02 1.320606e+03 6.492190e+02 0.000000e+00 0.000000e+00 0.000000e+00 0.000000e+00 0.000000e+00 0.000000e+00 0.000000e+00 0.000000e+00 0.000000e+00
2.715000e+00 0.000000e+00 -3.907545e+03 -6.917276e+03 0.000000e+00 0.000000e+00 0.000000e+00 -4.048051e+02 -3.765500e+02 1.321158e+03 6.510831e+02 0.000000e+00 0.000000e+00 0.000000e+00 0.000000e+00 0.000000e+00 0.000000e+00 0.000000e+00 0.000000e+00 0.000000e+00
2.716000e+00 0.000000e+00 -3.910164e+03 -6.920763e+03 0.000000e+00 0.000000e+00 0.000000e+00 -4.059669e+02 -3.776834e+02 1.321723e+03 6.529695e+02 0.000000e+00 0.000000e+00 0.000000e+00 0.000000e+00 0.000000e+00 0.000000e+00 0.000000e+00 0.000000e+00 0.000000e+00
2.717000e+00 0.000000e+00 -3.912859e+03 -6.924395e+03 0.000000e+00 0.000000e+00 0.000000e+00 -4.071403e+02 -3.788284e+02 1.322301e+03 6.548774e+02 0.000000e+00 0.000000e+00 0.000000e+00 0.000000e+00 0.000000e+00 0.000000e+00 0.000000e+00 0.000000e+00 0.000000e+00
2.718000e+00 0.000000e+00 -3.915628e+03 -6.928170e+03 0.000000e+00 0.000000e+00 0.000000e+00 -4.083251e+02 -3.799845e+02 1.322893e+03 6.568064e+02 0.000000e+00 0.000000e+00 0.000000e+00 0.000000e+00 0.000000e+00 0.000000e+00 0.000000e+00 0.000000e+00 0.000000e+00
2.719000e+00 0.000000e+00 -3.918469e+03 -6.932087e+03 0.000000e+00 0.000000e+00 0.000000e+00 -4.095209e+02 -3.811516e+02 1.323498e+03 6.587558e+02 0.000000e+00 0.000000e+00 0.000000e+00 0.000000e+00 0.000000e+00 0.000000e+00 0.000000e+00 0.000000e+00 0.000000e+00
2.720000e+00 0.000000e+00 -3.921382e+03 -6.936143e+03 0.000000e+00 0.000000e+00 0.000000e+00 -4.107273e+02 -3.823292e+02 1.324116e+03 6.607250e+02 0.000000e+00 0.000000e+00 0.000000e+00 0.000000e+00 0.000000e+00 0.000000e+00 0.000000e+00 0.000000e+00 0.000000e+00
2.721000e+00 0.000000e+00 -3.924365e+03 -6.940334e+03 0.000000e+00 0.000000e+00 0.000000e+00 -4.119441e+02 -3.835171e+02 1.324746e+03 6.627136e+02 0.000000e+00 0.000000e+00 0.000000e+00 0.000000e+00 0.000000e+00 0.000000e+00 0.000000e+00 0.000000e+00 0.000000e+00
2.722000e+00 0.000000e+00 -3.927416e+03 -6.944660e+03 0.000000e+00 0.000000e+00 0.000000e+00 -4.131710e+02 -3.847150e+02 1.325388e+03 6.647208e+02 0.000000e+00 0.000000e+00 0.000000e+00 0.000000e+00 0.000000e+00 0.000000e+00 0.000000e+00 0.000000e+00 0.000000e+00
2.723000e+00 0.000000e+00 -3.930533e+03 -6.949116e+03 0.000000e+00 0.000000e+00 0.000000e+00 -4.144075e+02 -3.859225e+02 1.326043e+03 6.667462e+02 0.000000e+00 0.000000e+00 0.000000e+00 0.000000e+00 0.000000e+00 0.000000e+00 0.000000e+00 0.000000e+00 0.000000e+00
2.724000e+00 0.000000e+00 -3.933714e+03 -6.953701e+03 0.000000e+00 0.000000e+00 0.000000e+00 -4.156535e+02 -3.871393e+02 1.326710e+03 6.687890e+02 0.000000e+00 0.000000e+00 0.000000e+00 0.000000e+00 0.000000e+00 0.000000e+00 0.000000e+00 0.000000e+00 0.000000e+00
2.725000e+00 0.000000e+00 -3.936958e+03 -6.958411e+03 0.000000e+00 0.000000e+00 0.000000e+00 -4.169084e+02 -3.883651e+02 1.327388e+03 6.708488e+02 0.000000e+00 0.000000e+00 0.000000e+00 0.000000e+00 0.000000e+00 0.000000e+00 0.000000e+00 0.000000e+00 0.000000e+00
2.726000e+00 0.000000e+00 -3.940264e+03 -6.963244e+03 0.000000e+00 0.000000e+00 0.000000e+00 -4.181722e+02 -3.895995e+02 1.328077e+03 6.729248e+02 0.000000e+00 0.000000e+00 0.000000e+00 0.000000e+00 0.000000e+00 0.000000e+00 0.000000e+00 0.000000e+00 0.000000e+00
2.727000e+00 0.000000e+00 -3.943629e+03 -6.968198e+03 0.000000e+00 0.000000e+00 0.000000e+00 -4.194442e+02 -3.908423e+02 1.328778e+03 6.750165e+02 0.000000e+00 0.000000e+00 0.000000e+00 0.000000e+00 0.000000e+00 0.000000e+00 0.000000e+00 0.000000e+00 0.000000e+00
2.728000e+00 0.000000e+00 -3.947052e+03 -6.973268e+03 0.000000e+00 0.000000e+00 0.000000e+00 -4.207244e+02 -3.920930e+02 1.329489e+03 6.771233e+02 0.000000e+00 0.000000e+00 0.000000e+00 0.000000e+00 0.000000e+00 0.000000e+00 0.000000e+00 0.000000e+00 0.000000e+00
2.729000e+00 0.000000e+00 -3.950531e+03 -6.978453e+03 0.000000e+00 0.000000e+00 0.000000e+00 -4.220122e+02 -3.933515e+02 1.330212e+03 6.792446e+02 0.000000e+00 0.000000e+00 0.000000e+00 0.000000e+00 0.000000e+00 0.000000e+00 0.000000e+00 0.000000e+00 0.000000e+00
2.730000e+00 0.000000e+00 -3.954064e+03 -6.983748e+03 0.000000e+00 0.000000e+00 0.000000e+00 -4.233074e+02 -3.946172e+02 1.330944e+03 6.813797e+02 0.000000e+00 0.000000e+00 0.000000e+00 0.000000e+00 0.000000e+00 0.000000e+00 0.000000e+00 0.000000e+00 0.000000e+00
2.731000e+00 0.000000e+00 -3.957650e+03 -6.989152e+03 0.000000e+00 0.000000e+00 0.000000e+00 -4.246096e+02 -3.958899e+02 1.331687e+03 6.835281e+02 0.000000e+00 0.000000e+00 0.000000e+00 0.000000e+00 0.000000e+00 0.000000e+00 0.000000e+00 0.000000e+00 0.000000e+00
2.732000e+00 0.000000e+00 -3.961287e+03 -6.994661e+03 0.000000e+00 0.000000e+00 0.000000e+00 -4.259184e+02 -3.971692e+02 1.332440e+03 6.856890e+02 0.000000e+00 0.000000e+00 0.000000e+00 0.000000e+00 0.000000e+00 0.000000e+00 0.000000e+00 0.000000e+00 0.000000e+00
2.733000e+00 0.000000e+00 -3.964974e+03 -7.000272e+03 0.000000e+00 0.000000e+00 0.000000e+00 -4.272335e+02 -3.984549e+02 1.333203e+03 6.878619e+02 0.000000e+00 0.000000e+00 0.000000e+00 0.000000e+00 0.000000e+00 0.000000e+00 0.000000e+00 0.000000e+00 0.000000e+00
2.734000e+00 0.000000e+00 -3.968708e+03 -7.005982e+03 0.000000e+00 0.000000e+00 0.000000e+00 -4.285545e+02 -3.997464e+02 1.333975e+03 6.900461e+02 0.000000e+00 0.000000e+00 0.000000e+00 0.000000e+00 0.000000e+00 0.000000e+00 0.000000e+00 0.000000e+00 0.000000e+00
2.735000e+00 0.000000e+00 -3.972489e+03 -7.011787e+03 0.000000e+00 0.000000e+00 0.000000e+00 -4.298811e+02 -4.010435e+02 1.334757e+03 6.922409e+02 0.000000e+00 0.000000e+00 0.000000e+00 0.000000e+00 0.000000e+00 0.000000e+00 0.000000e+00 0.000000e+00 0.000000e+00
2.736000e+00 0.000000e+00 -3.976313e+03 -7.017684e+03 0.000000e+00 0.000000e+00 0.000000e+00 -4.312128e+02 -4.023458e+02 1.335547e+03 6.944459e+02 0.000000e+00 0.000000e+00 0.000000e+00 0.000000e+00 0.000000e+00 0.000000e+00 0.000000e+00 0.000000e+00 0.000000e+00
2.737000e+00 0.000000e+00 -3.980180e+03 -7.023670e+03 0.000000e+00 0.000000e+00 0.000000e+00 -4.325494e+02 -4.036529e+02 1.336347e+03 6.966602e+02 0.000000e+00 0.000000e+00 0.000000e+00 0.000000e+00 0.000000e+00 0.000000e+00 0.000000e+00 0.000000e+00 0.000000e+00
2.738000e+00 0.000000e+00 -3.984088e+03 -7.029742e+03 0.000000e+00 0.000000e+00 0.000000e+00 -4.338905e+02 -4.049646e+02 1.337155e+03 6.988834e+02 0.000000e+00 0.000000e+00 0.000000e+00 0.000000e+00 0.000000e+00 0.000000e+00 0.000000e+00 0.000000e+00 0.000000e+00
2.739000e+00 0.000000e+00 -3.988036e+03 -7.035896e+03 0.000000e+00 0.000000e+00 0.000000e+00 -4.352357e+02 -4.062804e+02 1.337971e+03 7.011146e+02 0.000000e+00 0.000000e+00 0.000000e+00 0.000000e+00 0.000000e+00 0.000000e+00 0.000000e+00 0.000000e+00 0.000000e+00
2.740000e+00 0.000000e+00 -3.992021e+03 -7.042129e+03 0.000000e+00 0.000000e+00 0.000000e+00 -4.365845e+02 -4.075999e+02 1.338795e+03 7.033533e+02 0.000000e+00 0.000000e+00 0.000000e+00 0.000000e+00 0.000000e+00 0.000000e+00 0.000000e+00 0.000000e+00 0.000000e+00
2.741000e+00 0.000000e+00 -3.996041e+03 -7.048436e+03 0.000000e+00 0.000000e+00 0.000000e+00 -4.379368e+02 -4.089229e+02 1.339628e+03 7.055989e+02 0.000000e+00 0.000000e+00 0.000000e+00 0.000000e+00 0.000000e+00 0.000000e+00 0.000000e+00 0.000000e+00 0.000000e+00
2.742000e+00 0.000000e+00 -4.000096e+03 -7.054816e+03 0.000000e+00 0.000000e+00 0.000000e+00 -4.392920e+02 -4.102489e+02 1.340467e+03 7.078507e+02 0.000000e+00 0.000000e+00 0.000000e+00 0.000000e+00 0.000000e+00 0.000000e+00 0.000000e+00 0.000000e+00 0.000000e+00
2.743000e+00 0.000000e+00 -4.004184e+03 -7.061264e+03 0.000000e+00 0.000000e+00 0.000000e+00 -4.406498e+02 -4.115775e+02 1.341315e+03 7.101081e+02 0.000000e+00 0.000000e+00 0.000000e+00 0.000000e+00 0.000000e+00 0.000000e+00 0.000000e+00 0.000000e+00 0.000000e+00
2.744000e+00 0.000000e+00 -4.008302e+03 -7.067776e+03 0.000000e+00 0.000000e+00 0.000000e+00 -4.420099e+02 -4.129086e+02 1.342169e+03 7.123704e+02 0.000000e+00 0.000000e+00 0.000000e+00 0.000000e+00 0.000000e+00 0.000000e+00 0.000000e+00 0.000000e+00 0.000000e+00
2.745000e+00 0.000000e+00 -4.012450e+03 -7.074350e+03 0.000000e+00 0.000000e+00 0.000000e+00 -4.433718e+02 -4.142416e+02 1.343030e+03 7.146370e+02 0.000000e+00 0.000000e+00 0.000000e+00 0.000000e+00 0.000000e+00 0.000000e+00 0.000000e+00 0.000000e+00 0.000000e+00
2.746000e+00 0.000000e+00 -4.016625e+03 -7.080981e+03 0.000000e+00 0.000000e+00 0.000000e+00 -4.447353e+02 -4.155761e+02 1.343898e+03 7.169073e+02 0.000000e+00 0.000000e+00 0.000000e+00 0.000000e+00 0.000000e+00 0.000000e+00 0.000000e+00 0.000000e+00 0.000000e+00
2.747000e+00 0.000000e+00 -4.020826e+03 -7.087666e+03 0.000000e+00 0.000000e+00 0.000000e+00 -4.460999e+02 -4.169120e+02 1.344773e+03 7.191807e+02 0.000000e+00 0.000000e+00 0.000000e+00 0.000000e+00 0.000000e+00 0.000000e+00 0.000000e+00 0.000000e+00 0.000000e+00
2.748000e+00 0.000000e+00 -4.025051e+03 -7.094402e+03 0.000000e+00 0.000000e+00 0.000000e+00 -4.474652e+02 -4.182487e+02 1.345653e+03 7.214564e+02 0.000000e+00 0.000000e+00 0.000000e+00 0.000000e+00 0.000000e+00 0.000000e+00 0.000000e+00 0.000000e+00 0.000000e+00
2.749000e+00 0.000000e+00 -4.029299e+03 -7.101184e+03 0.000000e+00 0.000000e+00 0.000000e+00 -4.488310e+02 -4.195859e+02 1.346540e+03 7.237339e+02 0.000000e+00 0.000000e+00 0.000000e+00 0.000000e+00 0.000000e+00 0.000000e+00 0.000000e+00 0.000000e+00 0.000000e+00
2.750000e+00 0.000000e+00 -4.033567e+03 -7.108010e+03 0.000000e+00 0.000000e+00 0.000000e+00 -4.501968e+02 -4.209233e+02 1.347432e+03 7.260126e+02 0.000000e+00 0.000000e+00 0.000000e+00 0.000000e+00 0.000000e+00 0.000000e+00 0.000000e+00 0.000000e+00 0.000000e+00
2.751000e+00 0.000000e+00 -4.037855e+03 -7.114874e+03 0.000000e+00 0.000000e+00 0.000000e+00 -4.515622e+02 -4.222605e+02 1.348330e+03 7.282917e+02 0.000000e+00 0.000000e+00 0.000000e+00 0.000000e+00 0.000000e+00 0.000000e+00 0.000000e+00 0.000000e+00 0.000000e+00
2.752000e+00 0.000000e+00 -4.042160e+03 -7.121775e+03 0.000000e+00 0.000000e+00 0.000000e+00 -4.529269e+02 -4.235971e+02 1.349233e+03 7.305708e+02 0.000000e+00 0.000000e+00 0.000000e+00 0.000000e+00 0.000000e+00 0.000000e+00 0.000000e+00 0.000000e+00 0.000000e+00
2.753000e+00 0.000000e+00 -4.046482e+03 -7.128707e+03 0.000000e+00 0.000000e+00 0.000000e+00 -4.542905e+02 -4.249327e+02 1.350141e+03 7.328491e+02 0.000000e+00 0.000000e+00 0.000000e+00 0.000000e+00 0.000000e+00 0.000000e+00 0.000000e+00 0.000000e+00 0.000000e+00
2.754000e+00 0.000000e+00 -4.050818e+03 -7.135667e+03 0.000000e+00 0.000000e+00 0.000000e+00 -4.556526e+02 -4.262671e+02 1.351054e+03 7.351260e+02 0.000000e+00 0.000000e+00 0.000000e+00 0.000000e+00 0.000000e+00 0.000000e+00 0.000000e+00 0.000000e+00 0.000000e+00
2.755000e+00 0.000000e+00 -4.055166e+03 -7.142652e+03 0.000000e+00 0.000000e+00 0.000000e+00 -4.570129e+02 -4.275997e+02 1.351971e+03 7.374009e+02 0.000000e+00 0.000000e+00 0.000000e+00 0.000000e+00 0.000000e+00 0.000000e+00 0.000000e+00 0.000000e+00 0.000000e+00
2.756000e+00 0.000000e+00 -4.059526e+03 -7.149657e+03 0.000000e+00 0.000000e+00 0.000000e+00 -4.583710e+02 -4.289304e+02 1.352893e+03 7.396732e+02 0.000000e+00 0.000000e+00 0.000000e+00 0.000000e+00 0.000000e+00 0.000000e+00 0.000000e+00 0.000000e+00 0.000000e+00
2.757000e+00 0.000000e+00 -4.063896e+03 -7.156679e+03 0.000000e+00 0.000000e+00 0.000000e+00 -4.597264e+02 -4.302587e+02 1.353819e+03 7.419423e+02 0.000000e+00 0.000000e+00 0.000000e+00 0.000000e+00 0.000000e+00 0.000000e+00 0.000000e+00 0.000000e+00 0.000000e+00
2.758000e+00 0.000000e+00 -4.068274e+03 -7.163714e+03 0.000000e+00 0.000000e+00 0.000000e+00 -4.610790e+02 -4.315842e+02 1.354749e+03 7.442075e+02 0.000000e+00 0.000000e+00 0.000000e+00 0.000000e+00 0.000000e+00 0.000000e+00 0.000000e+00 0.000000e+00 0.000000e+00
2.759000e+00 0.000000e+00 -4.072658e+03 -7.170758e+03 0.000000e+00 0.000000e+00 0.000000e+00 -4.624282e+02 -4.329066e+02 1.355682e+03 7.464683e+02 0.000000e+00 0.000000e+00 0.000000e+00 0.000000e+00 0.000000e+00 0.000000e+00 0.000000e+00 0.000000e+00 0.000000e+00
2.760000e+00 0.000000e+00 -4.077048e+03 -7.177808e+03 0.000000e+00 0.000000e+00 0.000000e+00 -4.637738e+02 -4.342256e+02 1.356619e+03 7.487241e+02 0.000000e+00 0.000000e+00 0.000000e+00 0.000000e+00 0.000000e+00 0.000000e+00 0.000000e+00 0.000000e+00 0.000000e+00
2.761000e+00 0.000000e+00 -4.081440e+03 -7.184860e+03 0.000000e+00 0.000000e+00 0.000000e+00 -4.651153e+02 -4.355408e+02 1.357560e+03 7.509741e+02 0.000000e+00 0.000000e+00 0.000000e+00 0.000000e+00 0.000000e+00 0.000000e+00 0.000000e+00 0.000000e+00 0.000000e+00
2.762000e+00 0.000000e+00 -4.085835e+03 -7.191909e+03 0.000000e+00 0.000000e+00 0.000000e+00 -4.664524e+02 -4.368518e+02 1.358503e+03 7.532180e+02 0.000000e+00 0.000000e+00 0.000000e+00 0.000000e+00 0.000000e+00 0.000000e+00 0.000000e+00 0.000000e+00 0.000000e+00
2.763000e+00 0.000000e+00 -4.090230e+03 -7.198953e+03 0.000000e+00 0.000000e+00 0.000000e+00 -4.677848e+02 -4.381583e+02 1.359449e+03 7.554550e+02 0.000000e+00 0.000000e+00 0.000000e+00 0.000000e+00 0.000000e+00 0.000000e+00 0.000000e+00 0.000000e+00 0.000000e+00
2.764000e+00 0.000000e+00 -4.094624e+03 -7.205987e+03 0.000000e+00 0.000000e+00 0.000000e+00 -4.691121e+02 -4.394600e+02 1.360398e+03 7.576846e+02 0.000000e+00 0.000000e+00 0.000000e+00 0.000000e+00 0.000000e+00 0.000000e+00 0.000000e+00 0.000000e+00 0.000000e+00
2.765000e+00 0.000000e+00 -4.099015e+03 -7.213008e+03 0.000000e+00 0.000000e+00 0.000000e+00 -4.704339e+02 -4.407565e+02 1.361349e+03 7.599062e+02 0.000000e+00 0.000000e+00 0.000000e+00 0.000000e+00 0.000000e+00 0.000000e+00 0.000000e+00 0.000000e+00 0.000000e+00
2.766000e+00 0.000000e+00 -4.103402e+03 -7.220012e+03 0.000000e+00 0.000000e+00 0.000000e+00 -4.717499e+02 -4.420474e+02 1.362302e+03 7.621192e+02 0.000000e+00 0.000000e+00 0.000000e+00 0.000000e+00 0.000000e+00 0.000000e+00 0.000000e+00 0.000000e+00 0.000000e+00
2.767000e+00 0.000000e+00 -4.107784e+03 -7.226995e+03 0.000000e+00 0.000000e+00 0.000000e+00 -4.730598e+02 -4.433325e+02 1.363257e+03 7.643231e+02 0.000000e+00 0.000000e+00 0.000000e+00 0.000000e+00 0.000000e+00 0.000000e+00 0.000000e+00 0.000000e+00 0.000000e+00
2.768000e+00 0.000000e+00 -4.112158e+03 -7.233954e+03 0.000000e+00 0.000000e+00 0.000000e+00 -4.743631e+02 -4.446114e+02 1.364214e+03 7.665172e+02 0.000000e+00 0.000000e+00 0.000000e+00 0.000000e+00 0.000000e+00 0.000000e+00 0.000000e+00 0.000000e+00 0.000000e+00
2.769000e+00 0.000000e+00 -4.116524e+03 -7.240885e+03 0.000000e+00 0.000000e+00 0.000000e+00 -4.756597e+02 -4.458837e+02 1.365172e+03 7.687010e+02 0.000000e+00 0.000000e+00 0.000000e+00 0.000000e+00 0.000000e+00 0.000000e+00 0.000000e+00 0.000000e+00 0.000000e+00
2.770000e+00 0.000000e+00 -4.120879e+03 -7.247784e+03 0.000000e+00 0.000000e+00 0.000000e+00 -4.769490e+02 -4.471492e+02 1.366132e+03 7.708740e+02 0.000000e+00 0.000000e+00 0.000000e+00 0.000000e+00 0.000000e+00 0.000000e+00 0.000000e+00 0.000000e+00 0.000000e+00
2.771000e+00 0.000000e+00 -4.125224e+03 -7.254647e+03 0.000000e+00 0.000000e+00 0.000000e+00 -4.782308e+02 -4.484074e+02 1.367093e+03 7.730356e+02 0.000000e+00 0.000000e+00 0.000000e+00 0.000000e+00 0.000000e+00 0.000000e+00 0.000000e+00 0.000000e+00 0.000000e+00
2.772000e+00 0.000000e+00 -4.129555e+03 -7.261471e+03 0.000000e+00 0.000000e+00 0.000000e+00 -4.795047e+02 -4.496581e+02 1.368055e+03 7.751853e+02 0.000000e+00 0.000000e+00 0.000000e+00 0.000000e+00 0.000000e+00 0.000000e+00 0.000000e+00 0.000000e+00 0.000000e+00
2.773000e+00 0.000000e+00 -4.133872e+03 -7.268252e+03 0.000000e+00 0.000000e+00 0.000000e+00 -4.807705e+02 -4.509010e+02 1.369017e+03 7.773225e+02 0.000000e+00 0.000000e+00 0.000000e+00 0.000000e+00 0.000000e+00 0.000000e+00 0.000000e+00 0.000000e+00 0.000000e+00
2.774000e+00 0.000000e+00 -4.138173e+03 -7.274987e+03 0.000000e+00 0.000000e+00 0.000000e+00 -4.820277e+02 -4.521356e+02 1.369980e+03 7.794466e+02 0.000000e+00 0.000000e+00 0.000000e+00 0.000000e+00 0.000000e+00 0.000000e+00 0.000000e+00 0.000000e+00 0.000000e+00
2.775000e+00 0.000000e+00 -4.142457e+03 -7.281671e+03 0.000000e+00 0.000000e+00 0.000000e+00 -4.832761e+02 -4.533618e+02 1.370943e+03 7.815572e+02 0.000000e+00 0.000000e+00 0.000000e+00 0.000000e+00 0.000000e+00 0.000000e+00 0.000000e+00 0.000000e+00 0.000000e+00
2.776000e+00 0.000000e+00 -4.146722e+03 -7.288302e+03 0.000000e+00 0.000000e+00 0.000000e+00 -4.845152e+02 -4.545791e+02 1.371907e+03 7.836536e+02 0.000000e+00 0.000000e+00 0.000000e+00 0.000000e+00 0.000000e+00 0.000000e+00 0.000000e+00 0.000000e+00 0.000000e+00
2.777000e+00 0.000000e+00 -4.150968e+03 -7.294876e+03 0.000000e+00 0.000000e+00 0.000000e+00 -4.857449e+02 -4.557873e+02 1.372870e+03 7.857355e+02 0.000000e+00 0.000000e+00 0.000000e+00 0.000000e+00 0.000000e+00 0.000000e+00 0.000000e+00 0.000000e+00 0.000000e+00
2.778000e+00 0.000000e+00 -4.155192e+03 -7.301389e+03 0.000000e+00 0.000000e+00 0.000000e+00 -4.869648e+02 -4.569861e+02 1.373833e+03 7.878022e+02 0.000000e+00 0.000000e+00 0.000000e+00 0.000000e+00 0.000000e+00 0.000000e+00 0.000000e+00 0.000000e+00 0.000000e+00
2.779000e+00 0.000000e+00 -4.159394e+03 -7.307838e+03 0.000000e+00 0.000000e+00 0.000000e+00 -4.881745e+02 -4.581751e+02 1.374795e+03 7.898533e+02 0.000000e+00 0.000000e+00 0.000000e+00 0.000000e+00 0.000000e+00 0.000000e+00 0.000000e+00 0.000000e+00 0.000000e+00
2.780000e+00 0.000000e+00 -4.163572e+03 -7.314219e+03 0.000000e+00 0.000000e+00 0.000000e+00 -4.893738e+02 -4.593541e+02 1.375757e+03 7.918883e+02 0.000000e+00 0.000000e+00 0.000000e+00 0.000000e+00 0.000000e+00 0.000000e+00 0.000000e+00 0.000000e+00 0.000000e+00
2.781000e+00 0.000000e+00 -4.167724e+03 -7.320529e+03 0.000000e+00 0.000000e+00 0.000000e+00 -4.905623e+02 -4.605227e+02 1.376718e+03 7.939066e+02 0.000000e+00 0.000000e+00 0.000000e+00 0.000000e+00 0.000000e+00 0.000000e+00 0.000000e+00 0.000000e+00 0.000000e+00
2.782000e+00 0.000000e+00 -4.171850e+03 -7.326765e+03 0.000000e+00 0.000000e+00 0.000000e+00 -4.917398e+02 -4.616807e+02 1.377678e+03 7.959079e+02 0.000000e+00 0.000000e+00 0.000000e+00 0.000000e+00 0.000000e+00 0.000000e+00 0.000000e+00 0.000000e+00 0.000000e+00
2.783000e+00 0.000000e+00 -4.175948e+03 -7.332923e+03 0.000000e+00 0.000000e+00 0.000000e+00 -4.929060e+02 -4.628278e+02 1.378637e+03 7.978915e+02 0.000000e+00 0.000000e+00 0.000000e+00 0.000000e+00 0.000000e+00 0.000000e+00 0.000000e+00 0.000000e+00 0.000000e+00
2.784000e+00 0.000000e+00 -4.180017e+03 -7.339001e+03 0.000000e+00 0.000000e+00 0.000000e+00 -4.940605e+02 -4.639636e+02 1.379594e+03 7.998571e+02 0.000000e+00 0.000000e+00 0.000000e+00 0.000000e+00 0.000000e+00 0.000000e+00 0.000000e+00 0.000000e+00 0.000000e+00
2.785000e+00 0.000000e+00 -4.184055e+03 -7.344993e+03 0.000000e+00 0.000000e+00 0.000000e+00 -4.952031e+02 -4.650880e+02 1.380550e+03 8.018041e+02 0.000000e+00 0.000000e+00 0.000000e+00 0.000000e+00 0.000000e+00 0.000000e+00 0.000000e+00 0.000000e+00 0.000000e+00
2.786000e+00 0.000000e+00 -4.188062e+03 -7.350899e+03 0.000000e+00 0.000000e+00 0.000000e+00 -4.963335e+02 -4.662006e+02 1.381504e+03 8.037321e+02 0.000000e+00 0.000000e+00 0.000000e+00 0.000000e+00 0.000000e+00 0.000000e+00 0.000000e+00 0.000000e+00 0.000000e+00
2.787000e+00 0.000000e+00 -4.192035e+03 -7.356713e+03 0.000000e+00 0.000000e+00 0.000000e+00 -4.974514e+02 -4.673011e+02 1.382455e+03 8.056407e+02 0.000000e+00 0.000000e+00 0.000000e+00 0.000000e+00 0.000000e+00 0.000000e+00 0.000000e+00 0.000000e+00 0.000000e+00
2.788000e+00 0.000000e+00 -4.195974e+03 -7.362434e+03 0.000000e+00 0.000000e+00 0.000000e+00 -4.985565e+02 -4.683893e+02 1.383405e+03 8.075293e+02 0.000000e+00 0.000000e+00 0.000000e+00 0.000000e+00 0.000000e+00 0.000000e+00 0.000000e+00 0.000000e+00 0.000000e+00
2.789000e+00 0.000000e+00 -4.199878e+03 -7.368058e+03 0.000000e+00 0.000000e+00 0.000000e+00 -4.996485e+02 -4.694649e+02 1.384353e+03 8.093976e+02 0.000000e+00 0.000000e+00 0.000000e+00 0.000000e+00 0.000000e+00 0.000000e+00 0.000000e+00 0.000000e+00 0.000000e+00
2.790000e+00 0.000000e+00 -4.203745e+03 -7.373581e+03 0.000000e+00 0.000000e+00 0.000000e+00 -5.007272e+02 -4.705276e+02 1.385297e+03 8.112451e+02 0.000000e+00 0.000000e+00 0.000000e+00 0.000000e+00 0.000000e+00 0.000000e+00 0.000000e+00 0.000000e+00 0.000000e+00
2.791000e+00 0.000000e+00 -4.207574e+03 -7.379002e+03 0.000000e+00 0.000000e+00 0.000000e+00 -5.017924e+02 -4.715773e+02 1.386240e+03 8.130715e+02 0.000000e+00 0.000000e+00 0.000000e+00 0.000000e+00 0.000000e+00 0.000000e+00 0.000000e+00 0.000000e+00 0.000000e+00
2.792000e+00 0.000000e+00 -4.211364e+03 -7.384317e+03 0.000000e+00 0.000000e+00 0.000000e+00 -5.028437e+02 -4.726135e+02 1.387179e+03 8.148761e+02 0.000000e+00 0.000000e+00 0.000000e+00 0.000000e+00 0.000000e+00 0.000000e+00 0.000000e+00 0.000000e+00 0.000000e+00
2.793000e+00 0.000000e+00 -4.215113e+03 -7.389522e+03 0.000000e+00 0.000000e+00 0.000000e+00 -5.038809e+02 -4.736362e+02 1.388115e+03 8.166588e+02 0.000000e+00 0.000000e+00 0.000000e+00 0.000000e+00 0.000000e+00 0.000000e+00 0.000000e+00 0.000000e+00 0.000000e+00
2.794000e+00 0.000000e+00 -4.218821e+03 -7.394616e+03 0.000000e+00 0.000000e+00 0.000000e+00 -5.049037e+02 -4.746450e+02 1.389049e+03 8.184190e+02 0.000000e+00 0.000000e+00 0.000000e+00 0.000000e+00 0.000000e+00 0.000000e+00 0.000000e+00 0.000000e+00 0.000000e+00
2.795000e+00 0.000000e+00 -4.222486e+03 -7.399596e+03 0.000000e+00 0.000000e+00 0.000000e+00 -5.059119e+02 -4.756397e+02 1.389978e+03 8.201563e+02 0.000000e+00 0.000000e+00 0.000000e+00 0.000000e+00 0.000000e+00 0.000000e+00 0.000000e+00 0.000000e+00 0.000000e+00
2.796000e+00 0.000000e+00 -4.226108e+03 -7.404458e+03 0.000000e+00 0.000000e+00 0.000000e+00 -5.069053e+02 -4.766200e+02 1.390905e+03 8.218704e+02 0.000000e+00 0.000000e+00 0.000000e+00 0.000000e+00 0.000000e+00 0.000000e+00 0.000000e+00 0.000000e+00 0.000000e+00
2.797000e+00 0.000000e+00 -4.229684e+03 -7.409200e+03 0.000000e+00 0.000000e+00 0.000000e+00 -5.078836e+02 -4.775858e+02 1.391827e+03 8.235609e+02 0.000000e+00 0.000000e+00 0.000000e+00 0.000000e+00 0.000000e+00 0.000000e+00 0.000000e+00 0.000000e+00 0.000000e+00
2.798000e+00 0.000000e+00 -4.233215e+03 -7.413820e+03 0.000000e+00 0.000000e+00 0.000000e+00 -5.088466e+02 -4.785368e+02 1.392746e+03 8.252273e+02 0.000000e+00 0.000000e+00 0.000000e+00 0.000000e+00 0.000000e+00 0.000000e+00 0.000000e+00 0.000000e+00 0.000000e+00
2.799000e+00 0.000000e+00 -4.236698e+03 -7.418314e+03 0.000000e+00 0.000000e+00 0.000000e+00 -5.097941e+02 -4.794728e+02 1.393661e+03 8.268695e+02 0.000000e+00 0.000000e+00 0.000000e+00 0.000000e+00 0.000000e+00 0.000000e+00 0.000000e+00 0.000000e+00 0.000000e+00
2.800000e+00 0.000000e+00 -4.240132e+03 -7.422681e+03 0.000000e+00 0.000000e+00 0.000000e+00 -5.107258e+02 -4.803935e+02 1.394572e+03 8.284868e+02 0.000000e+00 0.000000e+00 0.000000e+00 0.000000e+00 0.000000e+00 0.000000e+00 0.000000e+00 0.000000e+00 0.000000e+00
2.801000e+00 0.000000e+00 -4.243518e+03 -7.426918e+03 0.000000e+00 0.000000e+00 0.000000e+00 -5.116415e+02 -4.812988e+02 1.395478e+03 8.300791e+02 0.000000e+00 0.000000e+00 0.000000e+00 0.000000e+00 0.000000e+00 0.000000e+00 0.000000e+00 0.000000e+00 0.000000e+00
2.802000e+00 0.000000e+00 -4.246852e+03 -7.431021e+03 0.000000e+00 0.000000e+00 0.000000e+00 -5.125409e+02 -4.821885e+02 1.396380e+03 8.316460e+02 0.000000e+00 0.000000e+00 0.000000e+00 0.000000e+00 0.000000e+00 0.000000e+00 0.000000e+00 0.000000e+00 0.000000e+00
2.803000e+00 0.000000e+00 -4.250135e+03 -7.434990e+03 0.000000e+00 0.000000e+00 0.000000e+00 -5.134240e+02 -4.830622e+02 1.397277e+03 8.331871e+02 0.000000e+00 0.000000e+00 0.000000e+00 0.000000e+00 0.000000e+00 0.000000e+00 0.000000e+00 0.000000e+00 0.000000e+00
2.804000e+00 0.000000e+00 -4.253366e+03 -7.438822e+03 0.000000e+00 0.000000e+00 0.000000e+00 -5.142905e+02 -4.839199e+02 1.398169e+03 8.347021e+02 0.000000e+00 0.000000e+00 0.000000e+00 0.000000e+00 0.000000e+00 0.000000e+00 0.000000e+00 0.000000e+00 0.000000e+00
2.805000e+00 0.000000e+00 -4.256543e+03 -7.442514e+03 0.000000e+00 0.000000e+00 0.000000e+00 -5.151401e+02 -4.847614e+02 1.399057e+03 8.361907e+02 0.000000e+00 0.000000e+00 0.000000e+00 0.000000e+00 0.000000e+00 0.000000e+00 0.000000e+00 0.000000e+00 0.000000e+00
2.806000e+00 0.000000e+00 -4.259665e+03 -7.446064e+03 0.000000e+00 0.000000e+00 0.000000e+00 -5.159728e+02 -4.855864e+02 1.399939e+03 8.376525e+02 0.000000e+00 0.000000e+00 0.000000e+00 0.000000e+00 0.000000e+00 0.000000e+00 0.000000e+00 0.000000e+00 0.000000e+00
2.807000e+00 0.000000e+00 -4.262731e+03 -7.449471e+03 0.000000e+00 0.000000e+00 0.000000e+00 -5.167882e+02 -4.863947e+02 1.400816e+03 8.390872e+02 0.000000e+00 0.000000e+00 0.000000e+00 0.000000e+00 0.000000e+00 0.000000e+00 0.000000e+00 0.000000e+00 0.000000e+00
2.808000e+00 0.000000e+00 -4.265741e+03 -7.452732e+03 0.000000e+00 0.000000e+00 0.000000e+00 -5.175863e+02 -4.871863e+02 1.401688e+03 8.404946e+02 0.000000e+00 0.000000e+00 0.000000e+00 0.000000e+00 0.000000e+00 0.000000e+00 0.000000e+00 0.000000e+00 0.000000e+00
2.809000e+00 0.000000e+00 -4.268693e+03 -7.455845e+03 0.000000e+00 0.000000e+00 0.000000e+00 -5.183668e+02 -4.879609e+02 1.402554e+03 8.418744e+02 0.000000e+00 0.000000e+00 0.000000e+00 0.000000e+00 0.000000e+00 0.000000e+00 0.000000e+00 0.000000e+00 0.000000e+00
2.810000e+00 0.000000e+00 -4.271586e+03 -7.458808e+03 0.000000e+00 0.000000e+00 0.000000e+00 -5.191296e+02 -4.887183e+02 1.403415e+03 8.432262e+02 0.000000e+00 0.000000e+00 0.000000e+00 0.000000e+00 0.000000e+00 0.000000e+00 0.000000e+00 0.000000e+00 0.000000e+00
2.811000e+00 0.000000e+00 -4.274419e+03 -7.461620e+03 0.000000e+00 0.000000e+00 0.000000e+00 -5.198745e+02 -4.894584e+02 1.404269e+03 8.445498e+02 0.000000e+00 0.000000e+00 0.000000e+00 0.000000e+00 0.000000e+00 0.000000e+00 0.000000e+00 0.000000e+00 0.000000e+00
2.812000e+00 0.000000e+00 -4.277191e+03 -7.464279e+03 0.000000e+00 0.000000e+00 0.000000e+00 -5.206013e+02 -4.901811e+02 1.405118e+03 8.458450e+02 0.000000e+00 0.000000e+00 0.000000e+00 0.000000e+00 0.000000e+00 0.000000e+00 0.000000e+00 0.000000e+00 0.000000e+00
2.813000e+00 0.000000e+00 -4.279902e+03 -7.466783e+03 0.000000e+00 0.000000e+00 0.000000e+00 -5.213099e+02 -4.908861e+02 1.405961e+03 8.471114e+02 0.000000e+00 0.000000e+00 0.000000e+00 0.000000e+00 0.000000e+00 0.000000e+00 0.000000e+00 0.000000e+00 0.000000e+00
2.814000e+00 0.000000e+00 -4.282551e+03 -7.469130e+03 0.000000e+00 0.000000e+00 0.000000e+00 -5.220002e+02 -4.915734e+02 1.406798e+03 8.483488e+02 0.000000e+00 0.000000e+00 0.000000e+00 0.000000e+00 0.000000e+00 0.000000e+00 0.000000e+00 0.000000e+00 0.000000e+00
2.815000e+00 0.000000e+00 -4.285135e+03 -7.471319e+03 0.000000e+00 0.000000e+00 0.000000e+00 -5.226719e+02 -4.922427e+02 1.407628e+03 8.495570e+02 0.000000e+00 0.000000e+00 0.000000e+00 0.000000e+00 0.000000e+00 0.000000e+00 0.000000e+00 0.000000e+00 0.000000e+00
2.816000e+00 0.000000e+00 -4.287656e+03 -7.473349e+03 0.000000e+00 0.000000e+00 0.000000e+00 -5.233250e+02 -4.928940e+02 1.408451e+03 8.507358e+02 0.000000e+00 0.000000e+00 0.000000e+00 0.000000e+00 0.000000e+00 0.000000e+00 0.000000e+00 0.000000e+00 0.000000e+00
2.817000e+00 0.000000e+00 -4.290111e+03 -7.475218e+03 0.000000e+00 0.000000e+00 0.000000e+00 -5.239593e+02 -4.935272e+02 1.409268e+03 8.518848e+02 0.000000e+00 0.000000e+00 0.000000e+00 0.000000e+00 0.000000e+00 0.000000e+00 0.000000e+00 0.000000e+00 0.000000e+00
2.818000e+00 0.000000e+00 -4.292499e+03 -7.476924e+03 0.000000e+00 0.000000e+00 0.000000e+00 -5.245748e+02 -4.941420e+02 1.410078e+03 8.530040e+02 0.000000e+00 0.000000e+00 0.000000e+00 0.000000e+00 0.000000e+00 0.000000e+00 0.000000e+00 0.000000e+00 0.000000e+00
2.819000e+00 0.000000e+00 -4.294821e+03 -7.478467e+03 0.000000e+00 0.000000e+00 0.000000e+00 -5.251712e+02 -4.947385e+02 1.410882e+03 8.540930e+02 0.000000e+00 0.000000e+00 0.000000e+00 0.000000e+00 0.000000e+00 0.000000e+00 0.000000e+00 0.000000e+00 0.000000e+00
2.820000e+00 0.000000e+00 -4.297074e+03 -7.479846e+03 0.000000e+00 0.000000e+00 0.000000e+00 -5.257484e+02 -4.953164e+02 1.411678e+03 8.551517e+02 0.000000e+00 0.000000e+00 0.000000e+00 0.000000e+00 0.000000e+00 0.000000e+00 0.000000e+00 0.000000e+00 0.000000e+00
2.821000e+00 0.000000e+00 -4.299259e+03 -7.481059e+03 0.000000e+00 0.000000e+00 0.000000e+00 -5.263064e+02 -4.958756e+02 1.412467e+03 8.561799e+02 0.000000e+00 0.000000e+00 0.000000e+00 0.000000e+00 0.000000e+00 0.000000e+00 0.000000e+00 0.000000e+00 0.000000e+00
2.822000e+00 0.000000e+00 -4.301374e+03 -7.482104e+03 0.000000e+00 0.000000e+00 0.000000e+00 -5.268451e+02 -4.964162e+02 1.413249e+03 8.571774e+02 0.000000e+00 0.000000e+00 0.000000e+00 0.000000e+00 0.000000e+00 0.000000e+00 0.000000e+00 0.000000e+00 0.000000e+00
2.823000e+00 0.000000e+00 -4.303418e+03 -7.482982e+03 0.000000e+00 0.000000e+00 0.000000e+00 -5.273643e+02 -4.969379e+02 1.414024e+03 8.581440e+02 0.000000e+00 0.000000e+00 0.000000e+00 0.000000e+00 0.000000e+00 0.000000e+00 0.000000e+00 0.000000e+00 0.000000e+00
2.824000e+00 0.000000e+00 -4.305391e+03 -7.483691e+03 0.000000e+00 0.000000e+00 0.000000e+00 -5.278639e+02 -4.974406e+02 1.414791e+03 8.590795e+02 0.000000e+00 0.000000e+00 0.000000e+00 0.000000e+00 0.000000e+00 0.000000e+00 0.000000e+00 0.000000e+00 0.000000e+00
2.825000e+00 0.000000e+00 -4.307292e+03 -7.484231e+03 0.000000e+00 0.000000e+00 0.000000e+00 -5.283438e+02 -4.979243e+02 1.415550e+03 8.599838e+02 0.000000e+00 0.000000e+00 0.000000e+00 0.000000e+00 0.000000e+00 0.000000e+00 0.000000e+00 0.000000e+00 0.000000e+00
2.826000e+00 0.000000e+00 -4.309120e+03 -7.484600e+03 0.000000e+00 0.000000e+00 0.000000e+00 -5.288041e+02 -4.983889e+02 1.416302e+03 8.608567e+02 0.000000e+00 0.000000e+00 0.000000e+00 0.000000e+00 0.000000e+00 0.000000e+00 0.000000e+00 0.000000e+00 0.000000e+00
2.827000e+00 0.000000e+00 -4.310874e+03 -7.484798e+03 0.000000e+00 0.000000e+00 0.000000e+00 -5.292444e+02 -4.988343e+02 1.417046e+03 8.616981e+02 0.000000e+00 0.000000e+00 0.000000e+00 0.000000e+00 0.000000e+00 0.000000e+00 0.000000e+00 0.000000e+00 0.000000e+00
2.828000e+00 0.000000e+00 -4.312554e+03 -7.484825e+03 0.000000e+00 0.000000e+00 0.000000e+00 -5.296649e+02 -4.992604e+02 1.417781e+03 8.625077e+02 0.000000e+00 0.000000e+00 0.000000e+00 0.000000e+00 0.000000e+00 0.000000e+00 0.000000e+00 0.000000e+00 0.000000e+00
2.829000e+00 0.000000e+00 -4.314159e+03 -7.484679e+03 0.000000e+00 0.000000e+00 0.000000e+00 -5.300654e+02 -4.996671e+02 1.418509e+03 8.632856e+02 0.000000e+00 0.000000e+00 0.000000e+00 0.000000e+00 0.000000e+00 0.000000e+00 0.000000e+00 0.000000e+00 0.000000e+00
2.830000e+00 0.000000e+00 -4.315688e+03 -7.484361e+03 0.000000e+00 0.000000e+00 0.000000e+00 -5.304459e+02 -5.000545e+02 1.419229e+03 8.640315e+02 0.000000e+00 0.000000e+00 0.000000e+00 0.000000e+00 0.000000e+00 0.000000e+00 0.000000e+00 0.000000e+00 0.000000e+00
2.831000e+00 0.000000e+00 -4.317141e+03 -7.483870e+03 0.000000e+00 0.000000e+00 0.000000e+00 -5.308063e+02 -5.004224e+02 1.419940e+03 8.647454e+02 0.000000e+00 0.000000e+00 0.000000e+00 0.000000e+00 0.000000e+00 0.000000e+00 0.000000e+00 0.000000e+00 0.000000e+00
2.832000e+00 0.000000e+00 -4.318516e+03 -7.483206e+03 0.000000e+00 0.000000e+00 0.000000e+00 -5.311466e+02 -5.007708e+02 1.420642e+03 8.654271e+02 0.000000e+00 0.000000e+00 0.000000e+00 0.000000e+00 0.000000e+00 0.000000e+00 0.000000e+00 0.000000e+00 0.000000e+00
2.833000e+00 0.000000e+00 -4.319814e+03 -7.482368e+03 0.000000e+00 0.000000e+00 0.000000e+00 -5.314667e+02 -5.010997e+02 1.421337e+03 8.660765e+02 0.000000e+00 0.000000e+00 0.000000e+00 0.000000e+00 0.000000e+00 0.000000e+00 0.000000e+00 0.000000e+00 0.000000e+00
2.834000e+00 0.000000e+00 -4.321032e+03 -7.481357e+03 0.000000e+00 0.000000e+00 0.000000e+00 -5.317666e+02 -5.014090e+02 1.422022e+03 8.666936e+02 0.000000e+00 0.000000e+00 0.000000e+00 0.000000e+00 0.000000e+00 0.000000e+00 0.000000e+00 0.000000e+00 0.000000e+00
2.835000e+00 0.000000e+00 -4.322172e+03 -7.480172e+03 0.000000e+00 0.000000e+00 0.000000e+00 -5.320462e+02 -5.016987e+02 1.422699e+03 8.672783e+02 0.000000e+00 0.000000e+00 0.000000e+00 0.000000e+00 0.000000e+00 0.000000e+00 0.000000e+00 0.000000e+00 0.000000e+00
2.836000e+00 0.000000e+00 -4.323231e+03 -7.478814e+03 0.000000e+00 0.000000e+00 0.000000e+00 -5.323056e+02 -5.019688e+02 1.423367e+03 8.678305e+02 0.000000e+00 0.000000e+00 0.000000e+00 0.000000e+00 0.000000e+00 0.000000e+00 0.000000e+00 0.000000e+00 0.000000e+00
2.837000e+00 0.000000e+00 -4.324211e+03 -7.477282e+03 0.000000e+00 0.000000e+00 0.000000e+00 -5.325447e+02 -5.022191e+02 1.424026e+03 8.683501e+02 0.000000e+00 0.000000e+00 0.000000e+00 0.000000e+00 0.000000e+00 0.000000e+00 0.000000e+00 0.000000e+00 0.000000e+00
2.838000e+00 0.000000e+00 -4.325108e+03 -7.475577e+03 0.000000e+00 0.000000e+00 0.000000e+00 -5.327635e+02 -5.024499e+02 1.424676e+03 8.688371e+02 0.000000e+00 0.000000e+00 0.000000e+00 0.000000e+00 0.000000e+00 0.000000e+00 0.000000e+00 0.000000e+00 0.000000e+00
2.839000e+00 0.000000e+00 -4.325925e+03 -7.473698e+03 0.000000e+00 0.000000e+00 0.000000e+00 -5.329620e+02 -5.026609e+02 1.425317e+03 8.692915e+02 0.000000e+00 0.000000e+00 0.000000e+00 0.000000e+00 0.000000e+00 0.000000e+00 0.000000e+00 0.000000e+00 0.000000e+00
2.840000e+00 0.000000e+00 -4.326658e+03 -7.471648e+03 0.000000e+00 0.000000e+00 0.000000e+00 -5.331402e+02 -5.028523e+02 1.425949e+03 8.697133e+02 0.000000e+00 0.000000e+00 0.000000e+00 0.000000e+00 0.000000e+00 0.000000e+00 0.000000e+00 0.000000e+00 0.000000e+00
2.841000e+00 0.000000e+00 -4.327309e+03 -7.469425e+03 0.000000e+00 0.000000e+00 0.000000e+00 -5.332982e+02 -5.030241e+02 1.426571e+03 8.701023e+02 0.000000e+00 0.000000e+00 0.000000e+00 0.000000e+00 0.000000e+00 0.000000e+00 0.000000e+00 0.000000e+00 0.000000e+00
2.842000e+00 0.000000e+00 -4.327877e+03 -7.467030e+03 0.000000e+00 0.000000e+00 0.000000e+00 -5.334358e+02 -5.031761e+02 1.427184e+03 8.704586e+02 0.000000e+00 0.000000e+00 0.000000e+00 0.000000e+00 0.000000e+00 0.000000e+00 0.000000e+00 0.000000e+00 0.000000e+00
2.843000e+00 0.000000e+00 -4.328360e+03 -7.464464e+03 0.000000e+00 0.000000e+00 0.000000e+00 -5.335532e+02 -5.033085e+02 1.427788e+03 8.707821e+02 0.000000e+00 0.000000e+00 0.000000e+00 0.000000e+00 0.000000e+00 0.000000e+00 0.000000e+00 0.000000e+00 0.000000e+00
2.844000e+00 0.000000e+00 -4.328759e+03 -7.461728e+03 0.000000e+00 0.000000e+00 0.000000e+00 -5.336503e+02 -5.034213e+02 1.428381e+03 8.710729e+02 0.000000e+00 0.000000e+00 0.000000e+00 0.000000e+00 0.000000e+00 0.000000e+00 0.000000e+00 0.000000e+00 0.000000e+00
2.845000e+00 0.000000e+00 -4.329074e+03 -7.458822e+03 0.000000e+00 0.000000e+00 0.000000e+00 -5.337272e+02 -5.035145e+02 1.428966e+03 8.713310e+02 0.000000e+00 0.000000e+00 0.000000e+00 0.000000e+00 0.000000e+00 0.000000e+00 0.000000e+00 0.000000e+00 0.000000e+00
2.846000e+00 0.000000e+00 -4.329303e+03 -7.455746e+03 0.000000e+00 0.000000e+00 0.000000e+00 -5.337839e+02 -5.035881e+02 1.429540e+03 8.715563e+02 0.000000e+00 0.000000e+00 0.000000e+00 0.000000e+00 0.000000e+00 0.000000e+00 0.000000e+00 0.000000e+00 0.000000e+00
2.847000e+00 0.000000e+00 -4.329446e+03 -7.452502e+03 0.000000e+00 0.000000e+00 0.000000e+00 -5.338204e+02 -5.036421e+02 1.430105e+03 8.717488e+02 0.000000e+00 0.000000e+00 0.000000e+00 0.000000e+00 0.000000e+00 0.000000e+00 0.000000e+00 0.000000e+00 0.000000e+00
2.848000e+00 0.000000e+00 -4.329503e+03 -7.449091e+03 0.000000e+00 0.000000e+00 0.000000e+00 -5.338368e+02 -5.036766e+02 1.430660e+03 8.719087e+02 0.000000e+00 0.000000e+00 0.000000e+00 0.000000e+00 0.000000e+00 0.000000e+00 0.000000e+00 0.000000e+00 0.000000e+00
2.849000e+00 0.000000e+00 -4.329474e+03 -7.445513e+03 0.000000e+00 0.000000e+00 0.000000e+00 -5.338331e+02 -5.036917e+02 1.431204e+03 8.720360e+02 0.000000e+00 0.000000e+00 0.000000e+00 0.000000e+00 0.000000e+00 0.000000e+00 0.000000e+00 0.000000e+00 0.000000e+00
2.850000e+00 0.000000e+00 -4.329358e+03 -7.441770e+03 0.000000e+00 0.000000e+00 0.000000e+00 -5.338093e+02 -5.036873e+02 1.431739e+03 8.721306e+02 0.000000e+00 0.000000e+00 0.000000e+00 0.000000e+00 0.000000e+00 0.000000e+00 0.000000e+00 0.000000e+00 0.000000e+00
2.851000e+00 0.000000e+00 -4.329154e+03 -7.437863e+03 0.000000e+00 0.000000e+00 0.000000e+00 -5.337657e+02 -5.036636e+02 1.432264e+03 8.721926e+02 0.000000e+00 0.000000e+00 0.000000e+00 0.000000e+00 0.000000e+00 0.000000e+00 0.000000e+00 0.000000e+00 0.000000e+00
2.852000e+00 0.000000e+00 -4.328864e+03 -7.433793e+03 0.000000e+00 0.000000e+00 0.000000e+00 -5.337021e+02 -5.036205e+02 1.432778e+03 8.722222e+02 0.000000e+00 0.000000e+00 0.000000e+00 0.000000e+00 0.000000e+00 0.000000e+00 0.000000e+00 0.000000e+00 0.000000e+00
2.853000e+00 0.000000e+00 -4.328485e+03 -7.429561e+03 0.000000e+00 0.000000e+00 0.000000e+00 -5.336187e+02 -5.035583e+02 1.433283e+03 8.722194e+02 0.000000e+00 0.000000e+00 0.000000e+00 0.000000e+00 0.000000e+00 0.000000e+00 0.000000e+00 0.000000e+00 0.000000e+00
2.854000e+00 0.000000e+00 -4.328018e+03 -7.425169e+03 0.000000e+00 0.000000e+00 0.000000e+00 -5.335156e+02 -5.034769e+02 1.433777e+03 8.721842e+02 0.000000e+00 0.000000e+00 0.000000e+00 0.000000e+00 0.000000e+00 0.000000e+00 0.000000e+00 0.000000e+00 0.000000e+00
2.855000e+00 0.000000e+00 -4.327462e+03 -7.420618e+03 0.000000e+00 0.000000e+00 0.000000e+00 -5.333928e+02 -5.033764e+02 1.434260e+03 8.721168e+02 0.000000e+00 0.000000e+00 0.000000e+00 0.000000e+00 0.000000e+00 0.000000e+00 0.000000e+00 0.000000e+00 0.000000e+00
2.856000e+00 0.000000e+00 -4.326818e+03 -7.415909e+03 0.000000e+00 0.000000e+00 0.000000e+00 -5.332504e+02 -5.032570e+02 1.434733e+03 8.720173e+02 0.000000e+00 0.000000e+00 0.000000e+00 0.000000e+00 0.000000e+00 0.000000e+00 0.000000e+00 0.000000e+00 0.000000e+00
2.857000e+00 0.000000e+00 -4.326085e+03 -7.411045e+03 0.000000e+00 0.000000e+00 0.000000e+00 -5.330886e+02 -5.031186e+02 1.435196e+03 8.718857e+02 0.000000e+00 0.000000e+00 0.000000e+00 0.000000e+00 0.000000e+00 0.000000e+00 0.000000e+00 0.000000e+00 0.000000e+00
2.858000e+00 0.000000e+00 -4.325263e+03 -7.406027e+03 0.000000e+00 0.000000e+00 0.000000e+00 -5.329074e+02 -5.029615e+02 1.435648e+03 8.717223e+02 0.000000e+00 0.000000e+00 0.000000e+00 0.000000e+00 0.000000e+00 0.000000e+00 0.000000e+00 0.000000e+00 0.000000e+00
2.859000e+00 0.000000e+00 -4.324352e+03 -7.400856e+03 0.000000e+00 0.000000e+00 0.000000e+00 -5.327070e+02 -5.027857e+02 1.436090e+03 8.715271e+02 0.000000e+00 0.000000e+00 0.000000e+00 0.000000e+00 0.000000e+00 0.000000e+00 0.000000e+00 0.000000e+00 0.000000e+00
2.860000e+00 0.000000e+00 -4.323351e+03 -7.395534e+03 0.000000e+00 0.000000e+00 0.000000e+00 -5.324874e+02 -5.025914e+02 1.436521e+03 8.713003e+02 0.000000e+00 0.000000e+00 0.000000e+00 0.000000e+00 0.000000e+00 0.000000e+00 0.000000e+00 0.000000e+00 0.000000e+00
2.861000e+00 0.000000e+00 -4.322261e+03 -7.390064e+03 0.000000e+00 0.000000e+00 0.000000e+00 -5.322489e+02 -5.023786e+02 1.436941e+03 8.710420e+02 0.000000e+00 0.000000e+00 0.000000e+00 0.000000e+00 0.000000e+00 0.000000e+00 0.000000e+00 0.000000e+00 0.000000e+00
2.862000e+00 0.000000e+00 -4.321081e+03 -7.384447e+03 0.000000e+00 0.000000e+00 0.000000e+00 -5.319915e+02 -5.021475e+02 1.437351e+03 8.707524e+02 0.000000e+00 0.000000e+00 0.000000e+00 0.000000e+00 0.000000e+00 0.000000e+00 0.000000e+00 0.000000e+00 0.000000e+00
2.863000e+00 0.000000e+00 -4.319811e+03 -7.378685e+03 0.000000e+00 0.000000e+00 0.000000e+00 -5.317153e+02 -5.018982e+02 1.437750e+03 8.704317e+02 0.000000e+00 0.000000e+00 0.000000e+00 0.000000e+00 0.000000e+00 0.000000e+00 0.000000e+00 0.000000e+00 0.000000e+00
2.864000e+00 0.000000e+00 -4.318452e+03 -7.372780e+03 0.000000e+00 0.000000e+00 0.000000e+00 -5.314205e+02 -5.016308e+02 1.438138e+03 8.700800e+02 0.000000e+00 0.000000e+00 0.000000e+00 0.000000e+00 0.000000e+00 0.000000e+00 0.000000e+00 0.000000e+00 0.000000e+00
2.865000e+00 0.000000e+00 -4.317003e+03 -7.366735e+03 0.000000e+00 0.000000e+00 0.000000e+00 -5.311072e+02 -5.013455e+02 1.438515e+03 8.696975e+02 0.000000e+00 0.000000e+00 0.000000e+00 0.000000e+00 0.000000e+00 0.000000e+00 0.000000e+00 0.000000e+00 0.000000e+00
2.866000e+00 0.000000e+00 -4.315464e+03 -7.360551e+03 0.000000e+00 0.000000e+00 0.000000e+00 -5.307756e+02 -5.010424e+02 1.438882e+03 8.692843e+02 0.000000e+00 0.000000e+00 0.000000e+00 0.000000e+00 0.000000e+00 0.000000e+00 0.000000e+00 0.000000e+00 0.000000e+00
2.867000e+00 0.000000e+00 -4.313835e+03 -7.354230e+03 0.000000e+00 0.000000e+00 0.000000e+00 -5.304259e+02 -5.007216e+02 1.439238e+03 8.688408e+02 0.000000e+00 0.000000e+00 0.000000e+00 0.000000e+00 0.000000e+00 0.000000e+00 0.000000e+00 0.000000e+00 0.000000e+00
2.868000e+00 0.000000e+00 -4.312117e+03 -7.347775e+03 0.000000e+00 0.000000e+00 0.000000e+00 -5.300581e+02 -5.003834e+02 1.439582e+03 8.683671e+02 0.000000e+00 0.000000e+00 0.000000e+00 0.000000e+00 0.000000e+00 0.000000e+00 0.000000e+00 0.000000e+00 0.000000e+00
2.869000e+00 0.000000e+00 -4.310310e+03 -7.341188e+03 0.000000e+00 0.000000e+00 0.000000e+00 -5.296724e+02 -5.000278e+02 1.439916e+03 8.678634e+02 0.000000e+00 0.000000e+00 0.000000e+00 0.000000e+00 0.000000e+00 0.000000e+00 0.000000e+00 0.000000e+00 0.000000e+00
2.870000e+00 0.000000e+00 -4.308413e+03 -7.334472e+03 0.000000e+00 0.000000e+00 0.000000e+00 -5.292691e+02 -4.996550e+02 1.440240e+03 8.673299e+02 0.000000e+00 0.000000e+00 0.000000e+00 0.000000e+00 0.000000e+00 0.000000e+00 0.000000e+00 0.000000e+00 0.000000e+00
2.871000e+00 0.000000e+00 -4.306427e+03 -7.327629e+03 0.000000e+00 0.000000e+00 0.000000e+00 -5.288482e+02 -4.992653e+02 1.440552e+03 8.667669e+02 0.000000e+00 0.000000e+00 0.000000e+00 0.000000e+00 0.000000e+00 0.000000e+00 0.000000e+00 0.000000e+00 0.000000e+00
2.872000e+00 0.000000e+00 -4.304352e+03 -7.320661e+03 0.000000e+00 0.000000e+00 0.000000e+00 -5.284101e+02 -4.988587e+02 1.440853e+03 8.661747e+02 0.000000e+00 0.000000e+00 0.000000e+00 0.000000e+00 0.000000e+00 0.000000e+00 0.000000e+00 0.000000e+00 0.000000e+00
2.873000e+00 0.000000e+00 -4.302188e+03 -7.313572e+03 0.000000e+00 0.000000e+00 0.000000e+00 -5.279547e+02 -4.984354e+02 1.441144e+03 8.655534e+02 0.000000e+00 0.000000e+00 0.000000e+00 0.000000e+00 0.000000e+00 0.000000e+00 0.000000e+00 0.000000e+00 0.000000e+00
2.874000e+00 0.000000e+00 -4.299936e+03 -7.306363e+03 0.000000e+00 0.000000e+00 0.000000e+00 -5.274825e+02 -4.979957e+02 1.441423e+03 8.649034e+02 0.000000e+00 0.000000e+00 0.000000e+00 0.000000e+00 0.000000e+00 0.000000e+00 0.000000e+00 0.000000e+00 0.000000e+00
2.875000e+00 0.000000e+00 -4.297596e+03 -7.299038e+03 0.000000e+00 0.000000e+00 0.000000e+00 -5.269935e+02 -4.975397e+02 1.441692e+03 8.642249e+02 0.000000e+00 0.000000e+00 0.000000e+00 0.000000e+00 0.000000e+00 0.000000e+00 0.000000e+00 0.000000e+00 0.000000e+00
2.876000e+00 0.000000e+00 -4.295168e+03 -7.291599e+03 0.000000e+00 0.000000e+00 0.000000e+00 -5.264879e+02 -4.970676e+02 1.441949e+03 8.635183e+02 0.000000e+00 0.000000e+00 0.000000e+00 0.000000e+00 0.000000e+00 0.000000e+00 0.000000e+00 0.000000e+00 0.000000e+00
2.877000e+00 0.000000e+00 -4.292653e+03 -7.284048e+03 0.000000e+00 0.000000e+00 0.000000e+00 -5.259660e+02 -4.965797e+02 1.442196e+03 8.627838e+02 0.000000e+00 0.000000e+00 0.000000e+00 0.000000e+00 0.000000e+00 0.000000e+00 0.000000e+00 0.000000e+00 0.000000e+00
2.878000e+00 0.000000e+00 -4.290050e+03 -7.276390e+03 0.000000e+00 0.000000e+00 0.000000e+00 -5.254280e+02 -4.960761e+02 1.442432e+03 8.620217e+02 0.000000e+00 0.000000e+00 0.000000e+00 0.000000e+00 0.000000e+00 0.000000e+00 0.000000e+00 0.000000e+00 0.000000e+00
2.879000e+00 0.000000e+00 -4.287360e+03 -7.268626e+03 0.000000e+00 0.000000e+00 0.000000e+00 -5.248742e+02 -4.955571e+02 1.442658e+03 8.612324e+02 0.000000e+00 0.000000e+00 0.000000e+00 0.000000e+00 0.000000e+00 0.000000e+00 0.000000e+00 0.000000e+00 0.000000e+00
2.880000e+00 0.000000e+00 -4.284585e+03 -7.260760e+03 0.000000e+00 0.000000e+00 0.000000e+00 -5.243046e+02 -4.950228e+02 1.442872e+03 8.604161e+02 0.000000e+00 0.000000e+00 0.000000e+00 0.000000e+00 0.000000e+00 0.000000e+00 0.000000e+00 0.000000e+00 0.000000e+00
2.881000e+00 0.000000e+00 -4.281723e+03 -7.252795e+03 0.000000e+00 0.000000e+00 0.000000e+00 -5.237197e+02 -4.944736e+02 1.443076e+03 8.595733e+02 0.000000e+00 0.000000e+00 0.000000e+00 0.000000e+00 0.000000e+00 0.000000e+00 0.000000e+00 0.000000e+00 0.000000e+00
2.882000e+00 0.000000e+00 -4.278776e+03 -7.244733e+03 0.000000e+00 0.000000e+00 0.000000e+00 -5.231195e+02 -4.939096e+02 1.443269e+03 8.587042e+02 0.000000e+00 0.000000e+00 0.000000e+00 0.000000e+00 0.000000e+00 0.000000e+00 0.000000e+00 0.000000e+00 0.000000e+00
2.883000e+00 0.000000e+00 -4.275745e+03 -7.236578e+03 0.000000e+00 0.000000e+00 0.000000e+00 -5.225044e+02 -4.933311e+02 1.443451e+03 8.578092e+02 0.000000e+00 0.000000e+00 0.000000e+00 0.000000e+00 0.000000e+00 0.000000e+00 0.000000e+00 0.000000e+00 0.000000e+00
2.884000e+00 0.000000e+00 -4.272629e+03 -7.228333e+03 0.000000e+00 0.000000e+00 0.000000e+00 -5.218747e+02 -4.927383e+02 1.443623e+03 8.568887e+02 0.000000e+00 0.000000e+00 0.000000e+00 0.000000e+00 0.000000e+00 0.000000e+00 0.000000e+00 0.000000e+00 0.000000e+00
2.885000e+00 0.000000e+00 -4.269430e+03 -7.220001e+03 0.000000e+00 0.000000e+00 0.000000e+00 -5.212304e+02 -4.921314e+02 1.443784e+03 8.559431e+02 0.000000e+00 0.000000e+00 0.000000e+00 0.000000e+00 0.000000e+00 0.000000e+00 0.000000e+00 0.000000e+00 0.000000e+00
2.886000e+00 0.000000e+00 -4.266149e+03 -7.211585e+03 0.000000e+00 0.000000e+00 0.000000e+00 -5.205720e+02 -4.915107e+02 1.443934e+03 8.549726e+02 0.000000e+00 0.000000e+00 0.000000e+00 0.000000e+00 0.000000e+00 0.000000e+00 0.000000e+00 0.000000e+00 0.000000e+00
2.887000e+00 0.000000e+00 -4.262785e+03 -7.203089e+03 0.000000e+00 0.000000e+00 0.000000e+00 -5.198996e+02 -4.908764e+02 1.444075e+03 8.539778e+02 0.000000e+00 0.000000e+00 0.000000e+00 0.000000e+00 0.000000e+00 0.000000e+00 0.000000e+00 0.000000e+00 0.000000e+00
2.888000e+00 0.000000e+00 -4.259340e+03 -7.194515e+03 0.000000e+00 0.000000e+00 0.000000e+00 -5.192135e+02 -4.902289e+02 1.444204e+03 8.529590e+02 0.000000e+00 0.000000e+00 0.000000e+00 0.000000e+00 0.000000e+00 0.000000e+00 0.000000e+00 0.000000e+00 0.000000e+00
2.889000e+00 0.000000e+00 -4.255814e+03 -7.185867e+03 0.000000e+00 0.000000e+00 0.000000e+00 -5.185140e+02 -4.895683e+02 1.444324e+03 8.519165e+02 0.000000e+00 0.000000e+00 0.000000e+00 0.000000e+00 0.000000e+00 0.000000e+00 0.000000e+00 0.000000e+00 0.000000e+00
2.890000e+00 0.000000e+00 -4.252209e+03 -7.177149e+03 0.000000e+00 0.000000e+00 0.000000e+00 -5.178014e+02 -4.888949e+02 1.444433e+03 8.508509e+02 0.000000e+00 0.000000e+00 0.000000e+00 0.000000e+00 0.000000e+00 0.000000e+00 0.000000e+00 0.000000e+00 0.000000e+00
2.891000e+00 0.000000e+00 -4.248525e+03 -7.168363e+03 0.000000e+00 0.000000e+00 0.000000e+00 -5.170760e+02 -4.882090e+02 1.444532e+03 8.497625e+02 0.000000e+00 0.000000e+00 0.000000e+00 0.000000e+00 0.000000e+00 0.000000e+00 0.000000e+00 0.000000e+00 0.000000e+00
2.892000e+00 0.000000e+00 -4.244762e+03 -7.159514e+03 0.000000e+00 0.000000e+00 0.000000e+00 -5.163379e+02 -4.875109e+02 1.444620e+03 8.486518e+02 0.000000e+00 0.000000e+00 0.000000e+00 0.000000e+00 0.000000e+00 0.000000e+00 0.000000e+00 0.000000e+00 0.000000e+00
2.893000e+00 0.000000e+00 -4.240923e+03 -7.150604e+03 0.000000e+00 0.000000e+00 0.000000e+00 -5.155876e+02 -4.868008e+02 1.444699e+03 8.475193e+02 0.000000e+00 0.000000e+00 0.000000e+00 0.000000e+00 0.000000e+00 0.000000e+00 0.000000e+00 0.000000e+00 0.000000e+00
2.894000e+00 0.000000e+00 -4.237008e+03 -7.141637e+03 0.000000e+00 0.000000e+00 0.000000e+00 -5.148253e+02 -4.860791e+02 1.444768e+03 8.463653e+02 0.000000e+00 0.000000e+00 0.000000e+00 0.000000e+00 0.000000e+00 0.000000e+00 0.000000e+00 0.000000e+00 0.000000e+00
2.895000e+00 0.000000e+00 -4.233018e+03 -7.132617e+03 0.000000e+00 0.000000e+00 0.000000e+00 -5.140514e+02 -4.853460e+02 1.444827e+03 8.451904e+02 0.000000e+00 0.000000e+00 0.000000e+00 0.000000e+00 0.000000e+00 0.000000e+00 0.000000e+00 0.000000e+00 0.000000e+00
2.896000e+00 0.000000e+00 -4.228954e+03 -7.123546e+03 0.000000e+00 0.000000e+00 0.000000e+00 -5.132660e+02 -4.846019e+02 1.444877e+03 8.439951e+02 0.000000e+00 0.000000e+00 0.000000e+00 0.000000e+00 0.000000e+00 0.000000e+00 0.000000e+00 0.000000e+00 0.000000e+00
2.897000e+00 0.000000e+00 -4.224817e+03 -7.114430e+03 0.000000e+00 0.000000e+00 0.000000e+00 -5.124696e+02 -4.838469e+02 1.444917e+03 8.427797e+02 0.000000e+00 0.000000e+00 0.000000e+00 0.000000e+00 0.000000e+00 0.000000e+00 0.000000e+00 0.000000e+00 0.000000e+00
2.898000e+00 0.000000e+00 -4.220609e+03 -7.105271e+03 0.000000e+00 0.000000e+00 0.000000e+00 -5.116625e+02 -4.830815e+02 1.444947e+03 8.415449e+02 0.000000e+00 0.000000e+00 0.000000e+00 0.000000e+00 0.000000e+00 0.000000e+00 0.000000e+00 0.000000e+00 0.000000e+00
2.899000e+00 0.000000e+00 -4.216329e+03 -7.096073e+03 0.000000e+00 0.000000e+00 0.000000e+00 -5.108449e+02 -4.823060e+02 1.444968e+03 8.402911e+02 0.000000e+00 0.000000e+00 0.000000e+00 0.000000e+00 0.000000e+00 0.000000e+00 0.000000e+00 0.000000e+00 0.000000e+00
2.900000e+00 0.000000e+00 -4.211981e+03 -7.086839e+03 0.000000e+00 0.000000e+00 0.000000e+00 -5.100173e+02 -4.815206e+02 1.444980e+03 8.390188e+02 0.000000e+00 0.000000e+00 0.000000e+00 0.000000e+00 0.000000e+00 0.000000e+00 0.000000e+00 0.000000e+00 0.000000e+00
2.901000e+00 0.000000e+00 -4.207564e+03 -7.077574e+03 0.000000e+00 0.000000e+00 0.000000e+00 -5.091798e+02 -4.807257e+02 1.444983e+03 8.377286e+02 0.000000e+00 0.000000e+00 0.000000e+00 0.000000e+00 0.000000e+00 0.000000e+00 0.000000e+00 0.000000e+00 0.000000e+00
2.902000e+00 0.000000e+00 -4.203080e+03 -7.068281e+03 0.000000e+00 0.000000e+00 0.000000e+00 -5.083329e+02 -4.799216e+02 1.444977e+03 8.364210e+02 0.000000e+00 0.000000e+00 0.000000e+00 0.000000e+00 0.000000e+00 0.000000e+00 0.000000e+00 0.000000e+00 0.000000e+00
2.903000e+00 0.000000e+00 -4.198531e+03 -7.058963e+03 0.000000e+00 0.000000e+00 0.000000e+00 -5.074769e+02 -4.791085e+02 1.444962e+03 8.350965e+02 0.000000e+00 0.000000e+00 0.000000e+00 0.000000e+00 0.000000e+00 0.000000e+00 0.000000e+00 0.000000e+00 0.000000e+00
2.904000e+00 0.000000e+00 -4.193918e+03 -7.049625e+03 0.000000e+00 0.000000e+00 0.000000e+00 -5.066121e+02 -4.782870e+02 1.444938e+03 8.337556e+02 0.000000e+00 0.000000e+00 0.000000e+00 0.000000e+00 0.000000e+00 0.000000e+00 0.000000e+00 0.000000e+00 0.000000e+00
2.905000e+00 0.000000e+00 -4.189242e+03 -7.040269e+03 0.000000e+00 0.000000e+00 0.000000e+00 -5.057389e+02 -4.774572e+02 1.444906e+03 8.323989e+02 0.000000e+00 0.000000e+00 0.000000e+00 0.000000e+00 0.000000e+00 0.000000e+00 0.000000e+00 0.000000e+00 0.000000e+00
2.906000e+00 0.000000e+00 -4.184504e+03 -7.030901e+03 0.000000e+00 0.000000e+00 0.000000e+00 -5.048575e+02 -4.766195e+02 1.444865e+03 8.310271e+02 0.000000e+00 0.000000e+00 0.000000e+00 0.000000e+00 0.000000e+00 0.000000e+00 0.000000e+00 0.000000e+00 0.000000e+00
2.907000e+00 0.000000e+00 -4.179707e+03 -7.021523e+03 0.000000e+00 0.000000e+00 0.000000e+00 -5.039684e+02 -4.757742e+02 1.444817e+03 8.296405e+02 0.000000e+00 0.000000e+00 0.000000e+00 0.000000e+00 0.000000e+00 0.000000e+00 0.000000e+00 0.000000e+00 0.000000e+00
2.908000e+00 0.000000e+00 -4.174852e+03 -7.012139e+03 0.000000e+00 0.000000e+00 0.000000e+00 -5.030719e+02 -4.749218e+02 1.444760e+03 8.282399e+02 0.000000e+00 0.000000e+00 0.000000e+00 0.000000e+00 0.000000e+00 0.000000e+00 0.000000e+00 0.000000e+00 0.000000e+00
2.909000e+00 0.000000e+00 -4.169940e+03 -7.002753e+03 0.000000e+00 0.000000e+00 0.000000e+00 -5.021684e+02 -4.740624e+02 1.444696e+03 8.268257e+02 0.000000e+00 0.000000e+00 0.000000e+00 0.000000e+00 0.000000e+00 0.000000e+00 0.000000e+00 0.000000e+00 0.000000e+00
2.910000e+00 0.000000e+00 -4.164972e+03 -6.993370e+03 0.000000e+00 0.000000e+00 0.000000e+00 -5.012581e+02 -4.731965e+02 1.444624e+03 8.253987e+02 0.000000e+00 0.000000e+00 0.000000e+00 0.000000e+00 0.000000e+00 0.000000e+00 0.000000e+00 0.000000e+00 0.000000e+00
2.911000e+00 0.000000e+00 -4.159952e+03 -6.983991e+03 0.000000e+00 0.000000e+00 0.000000e+00 -5.003415e+02 -4.723244e+02 1.444545e+03 8.239593e+02 0.000000e+00 0.000000e+00 0.000000e+00 0.000000e+00 0.000000e+00 0.000000e+00 0.000000e+00 0.000000e+00 0.000000e+00
2.912000e+00 0.000000e+00 -4.154880e+03 -6.974622e+03 0.000000e+00 0.000000e+00 0.000000e+00 -4.994189e+02 -4.714465e+02 1.444458e+03 8.225083e+02 0.000000e+00 0.000000e+00 0.000000e+00 0.000000e+00 0.000000e+00 0.000000e+00 0.000000e+00 0.000000e+00 0.000000e+00
2.913000e+00 0.000000e+00 -4.149758e+03 -6.965267e+03 0.000000e+00 0.000000e+00 0.000000e+00 -4.984908e+02 -4.705631e+02 1.444364e+03 8.210461e+02 0.000000e+00 0.000000e+00 0.000000e+00 0.000000e+00 0.000000e+00 0.000000e+00 0.000000e+00 0.000000e+00 0.000000e+00
2.914000e+00 0.000000e+00 -4.144587e+03 -6.955928e+03 0.000000e+00 0.000000e+00 0.000000e+00 -4.975574e+02 -4.696746e+02 1.444264e+03 8.195735e+02 0.000000e+00 0.000000e+00 0.000000e+00 0.000000e+00 0.000000e+00 0.000000e+00 0.000000e+00 0.000000e+00 0.000000e+00
2.915000e+00 0.000000e+00 -4.139370e+03 -6.946610e+03 0.000000e+00 0.000000e+00 0.000000e+00 -4.966191e+02 -4.687814e+02 1.444157e+03 8.180911e+02 0.000000e+00 0.000000e+00 0.000000e+00 0.000000e+00 0.000000e+00 0.000000e+00 0.000000e+00 0.000000e+00 0.000000e+00
2.916000e+00 0.000000e+00 -4.134109e+03 -6.937316e+03 0.000000e+00 0.000000e+00 0.000000e+00 -4.956763e+02 -4.678838e+02 1.444044e+03 8.165996e+02 0.000000e+00 0.000000e+00 0.000000e+00 0.000000e+00 0.000000e+00 0.000000e+00 0.000000e+00 0.000000e+00 0.000000e+00
2.917000e+00 0.000000e+00 -4.128805e+03 -6.928051e+03 0.000000e+00 0.000000e+00 0.000000e+00 -4.947295e+02 -4.669821e+02 1.443924e+03 8.150995e+02 0.000000e+00 0.000000e+00 0.000000e+00 0.000000e+00 0.000000e+00 0.000000e+00 0.000000e+00 0.000000e+00 0.000000e+00
2.918000e+00 0.000000e+00 -4.123460e+03 -6.918818e+03 0.000000e+00 0.000000e+00 0.000000e+00 -4.937789e+02 -4.660769e+02 1.443799e+03 8.135915e+02 0.000000e+00 0.000000e+00 0.000000e+00 0.000000e+00 0.000000e+00 0.000000e+00 0.000000e+00 0.000000e+00 0.000000e+00
2.919000e+00 0.000000e+00 -4.118076e+03 -6.909621e+03 0.000000e+00 0.000000e+00 0.000000e+00 -4.928250e+02 -4.651683e+02 1.443668e+03 8.120763e+02 0.000000e+00 0.000000e+00 0.000000e+00 0.000000e+00 0.000000e+00 0.000000e+00 0.000000e+00 0.000000e+00 0.000000e+00
2.920000e+00 0.000000e+00 -4.112655e+03 -6.900464e+03 0.000000e+00 0.000000e+00 0.000000e+00 -4.918681e+02 -4.642569e+02 1.443531e+03 8.105546e+02 0.000000e+00 0.000000e+00 0.000000e+00 0.000000e+00 0.000000e+00 0.000000e+00 0.000000e+00 0.000000e+00 0.000000e+00
2.921000e+00 0.000000e+00 -4.107199e+03 -6.891350e+03 0.000000e+00 0.000000e+00 0.000000e+00 -4.909086e+02 -4.633430e+02 1.443389e+03 8.090270e+02 0.000000e+00 0.000000e+00 0.000000e+00 0.000000e+00 0.000000e+00 0.000000e+00 0.000000e+00 0.000000e+00 0.000000e+00
2.922000e+00 0.000000e+00 -4.101711e+03 -6.882283e+03 0.000000e+00 0.000000e+00 0.000000e+00 -4.899470e+02 -4.624269e+02 1.443243e+03 8.074942e+02 0.000000e+00 0.000000e+00 0.000000e+00 0.000000e+00 0.000000e+00 0.000000e+00 0.000000e+00 0.000000e+00 0.000000e+00
2.923000e+00 0.000000e+00 -4.096192e+03 -6.873268e+03 0.000000e+00 0.000000e+00 0.000000e+00 -4.889836e+02 -4.615090e+02 1.443091e+03 8.059570e+02 0.000000e+00 0.000000e+00 0.000000e+00 0.000000e+00 0.000000e+00 0.000000e+00 0.000000e+00 0.000000e+00 0.000000e+00
2.924000e+00 0.000000e+00 -4.090644e+03 -6.864307e+03 0.000000e+00 0.000000e+00 0.000000e+00 -4.880188e+02 -4.605898e+02 1.442936e+03 8.044159e+02 0.000000e+00 0.000000e+00 0.000000e+00 0.000000e+00 0.000000e+00 0.000000e+00 0.000000e+00 0.000000e+00 0.000000e+00
2.925000e+00 0.000000e+00 -4.085070e+03 -6.855404e+03 0.000000e+00 0.000000e+00 0.000000e+00 -4.870529e+02 -4.596696e+02 1.442776e+03 8.028716e+02 0.000000e+00 0.000000e+00 0.000000e+00 0.000000e+00 0.000000e+00 0.000000e+00 0.000000e+00 0.000000e+00 0.000000e+00
2.926000e+00 0.000000e+00 -4.079472e+03 -6.846563e+03 0.000000e+00 0.000000e+00 0.000000e+00 -4.860865e+02 -4.587488e+02 1.442612e+03 8.013250e+02 0.000000e+00 0.000000e+00 0.000000e+00 0.000000e+00 0.000000e+00 0.000000e+00 0.000000e+00 0.000000e+00 0.000000e+00
2.927000e+00 0.000000e+00 -4.073851e+03 -6.837789e+03 0.000000e+00 0.000000e+00 0.000000e+00 -4.851198e+02 -4.578277e+02 1.442445e+03 7.997766e+02 0.000000e+00 0.000000e+00 0.000000e+00 0.000000e+00 0.000000e+00 0.000000e+00 0.000000e+00 0.000000e+00 0.000000e+00
2.928000e+00 0.000000e+00 -4.068211e+03 -6.829083e+03 0.000000e+00 0.000000e+00 0.000000e+00 -4.841533e+02 -4.569068e+02 1.442275e+03 7.982272e+02 0.000000e+00 0.000000e+00 0.000000e+00 0.000000e+00 0.000000e+00 0.000000e+00 0.000000e+00 0.000000e+00 0.000000e+00
2.929000e+00 0.000000e+00 -4.062554e+03 -6.820450e+03 0.000000e+00 0.000000e+00 0.000000e+00 -4.831873e+02 -4.559864e+02 1.442101e+03 7.966776e+02 0.000000e+00 0.000000e+00 0.000000e+00 0.000000e+00 0.000000e+00 0.000000e+00 0.000000e+00 0.000000e+00 0.000000e+00
2.930000e+00 0.000000e+00 -4.056881e+03 -6.811894e+03 0.000000e+00 0.000000e+00 0.000000e+00 -4.822223e+02 -4.550669e+02 1.441925e+03 7.951283e+02 0.000000e+00 0.000000e+00 0.000000e+00 0.000000e+00 0.000000e+00 0.000000e+00 0.000000e+00 0.000000e+00 0.000000e+00
2.931000e+00 0.000000e+00 -4.051196e+03 -6.803418e+03 0.000000e+00 0.000000e+00 0.000000e+00 -4.812587e+02 -4.541488e+02 1.441747e+03 7.935802e+02 0.000000e+00 0.000000e+00 0.000000e+00 0.000000e+00 0.000000e+00 0.000000e+00 0.000000e+00 0.000000e+00 0.000000e+00
2.932000e+00 0.000000e+00 -4.045500e+03 -6.795026e+03 0.000000e+00 0.000000e+00 0.000000e+00 -4.802968e+02 -4.532323e+02 1.441566e+03 7.920339e+02 0.000000e+00 0.000000e+00 0.000000e+00 0.000000e+00 0.000000e+00 0.000000e+00 0.000000e+00 0.000000e+00 0.000000e+00
2.933000e+00 0.000000e+00 -4.039797e+03 -6.786720e+03 0.000000e+00 0.000000e+00 0.000000e+00 -4.793370e+02 -4.523180e+02 1.441384e+03 7.904903e+02 0.000000e+00 0.000000e+00 0.000000e+00 0.000000e+00 0.000000e+00 0.000000e+00 0.000000e+00 0.000000e+00 0.000000e+00
2.934000e+00 0.000000e+00 -4.034087e+03 -6.778506e+03 0.000000e+00 0.000000e+00 0.000000e+00 -4.783799e+02 -4.514061e+02 1.441200e+03 7.889500e+02 0.000000e+00 0.000000e+00 0.000000e+00 0.000000e+00 0.000000e+00 0.000000e+00 0.000000e+00 0.000000e+00 0.000000e+00
2.935000e+00 0.000000e+00 -4.028375e+03 -6.770386e+03 0.000000e+00 0.000000e+00 0.000000e+00 -4.774256e+02 -4.504971e+02 1.441015e+03 7.874137e+02 0.000000e+00 0.000000e+00 0.000000e+00 0.000000e+00 0.000000e+00 0.000000e+00 0.000000e+00 0.000000e+00 0.000000e+00
2.936000e+00 0.000000e+00 -4.022662e+03 -6.762363e+03 0.000000e+00 0.000000e+00 0.000000e+00 -4.764747e+02 -4.495914e+02 1.440830e+03 7.858823e+02 0.000000e+00 0.000000e+00 0.000000e+00 0.000000e+00 0.000000e+00 0.000000e+00 0.000000e+00 0.000000e+00 0.000000e+00
2.937000e+00 0.000000e+00 -4.016951e+03 -6.754441e+03 0.000000e+00 0.000000e+00 0.000000e+00 -4.755276e+02 -4.486893e+02 1.440644e+03 7.843564e+02 0.000000e+00 0.000000e+00 0.000000e+00 0.000000e+00 0.000000e+00 0.000000e+00 0.000000e+00 0.000000e+00 0.000000e+00
2.938000e+00 0.000000e+00 -4.011244e+03 -6.746624e+03 0.000000e+00 0.000000e+00 0.000000e+00 -4.745846e+02 -4.477912e+02 1.440458e+03 7.828368e+02 0.000000e+00 0.000000e+00 0.000000e+00 0.000000e+00 0.000000e+00 0.000000e+00 0.000000e+00 0.000000e+00 0.000000e+00
2.939000e+00 0.000000e+00 -4.005544e+03 -6.738914e+03 0.000000e+00 0.000000e+00 0.000000e+00 -4.736461e+02 -4.468976e+02 1.440272e+03 7.813243e+02 0.000000e+00 0.000000e+00 0.000000e+00 0.000000e+00 0.000000e+00 0.000000e+00 0.000000e+00 0.000000e+00 0.000000e+00
2.940000e+00 0.000000e+00 -3.999854e+03 -6.731315e+03 0.000000e+00 0.000000e+00 0.000000e+00 -4.727126e+02 -4.460088e+02 1.440087e+03 7.798195e+02 0.000000e+00 0.000000e+00 0.000000e+00 0.000000e+00 0.000000e+00 0.000000e+00 0.000000e+00 0.000000e+00 0.000000e+00
2.941000e+00 0.000000e+00 -3.994175e+03 -6.723830e+03 0.000000e+00 0.000000e+00 0.000000e+00 -4.717845e+02 -4.451252e+02 1.439902e+03 7.783233e+02 0.000000e+00 0.000000e+00 0.000000e+00 0.000000e+00 0.000000e+00 0.000000e+00 0.000000e+00 0.000000e+00 0.000000e+00
2.942000e+00 0.000000e+00 -3.988511e+03 -6.716463e+03 0.000000e+00 0.000000e+00 0.000000e+00 -4.708620e+02 -4.442471e+02 1.439719e+03 7.768364e+02 0.000000e+00 0.000000e+00 0.000000e+00 0.000000e+00 0.000000e+00 0.000000e+00 0.000000e+00 0.000000e+00 0.000000e+00
2.943000e+00 0.000000e+00 -3.982865e+03 -6.709216e+03 0.000000e+00 0.000000e+00 0.000000e+00 -4.699457e+02 -4.433751e+02 1.439538e+03 7.753595e+02 0.000000e+00 0.000000e+00 0.000000e+00 0.000000e+00 0.000000e+00 0.000000e+00 0.000000e+00 0.000000e+00 0.000000e+00
2.944000e+00 0.000000e+00 -3.977238e+03 -6.702093e+03 0.000000e+00 0.000000e+00 0.000000e+00 -4.690358e+02 -4.425094e+02 1.439359e+03 7.738934e+02 0.000000e+00 0.000000e+00 0.000000e+00 0.000000e+00 0.000000e+00 0.000000e+00 0.000000e+00 0.000000e+00 0.000000e+00
2.945000e+00 0.000000e+00 -3.971634e+03 -6.695097e+03 0.000000e+00 0.000000e+00 0.000000e+00 -4.681329e+02 -4.416504e+02 1.439182e+03 7.724388e+02 0.000000e+00 0.000000e+00 0.000000e+00 0.000000e+00 0.000000e+00 0.000000e+00 0.000000e+00 0.000000e+00 0.000000e+00
2.946000e+00 0.000000e+00 -3.966055e+03 -6.688230e+03 0.000000e+00 0.000000e+00 0.000000e+00 -4.672372e+02 -4.407985e+02 1.439008e+03 7.709964e+02 0.000000e+00 0.000000e+00 0.000000e+00 0.000000e+00 0.000000e+00 0.000000e+00 0.000000e+00 0.000000e+00 0.000000e+00
2.947000e+00 0.000000e+00 -3.960503e+03 -6.681497e+03 0.000000e+00 0.000000e+00 0.000000e+00 -4.663492e+02 -4.399541e+02 1.438836e+03 7.695671e+02 0.000000e+00 0.000000e+00 0.000000e+00 0.000000e+00 0.000000e+00 0.000000e+00 0.000000e+00 0.000000e+00 0.000000e+00
2.948000e+00 0.000000e+00 -3.954983e+03 -6.674898e+03 0.000000e+00 0.000000e+00 0.000000e+00 -4.654692e+02 -4.391175e+02 1.438669e+03 7.681516e+02 0.000000e+00 0.000000e+00 0.000000e+00 0.000000e+00 0.000000e+00 0.000000e+00 0.000000e+00 0.000000e+00 0.000000e+00
2.949000e+00 0.000000e+00 -3.949495e+03 -6.668439e+03 0.000000e+00 0.000000e+00 0.000000e+00 -4.645977e+02 -4.382892e+02 1.438505e+03 7.667505e+02 0.000000e+00 0.000000e+00 0.000000e+00 0.000000e+00 0.000000e+00 0.000000e+00 0.000000e+00 0.000000e+00 0.000000e+00
2.950000e+00 0.000000e+00 -3.944043e+03 -6.662120e+03 0.000000e+00 0.000000e+00 0.000000e+00 -4.637349e+02 -4.374694e+02 1.438346e+03 7.653647e+02 0.000000e+00 0.000000e+00 0.000000e+00 0.000000e+00 0.000000e+00 0.000000e+00 0.000000e+00 0.000000e+00 0.000000e+00
2.951000e+00 0.000000e+00 -3.938630e+03 -6.655946e+03 0.000000e+00 0.000000e+00 0.000000e+00 -4.628814e+02 -4.366587e+02 1.438191e+03 7.639949e+02 0.000000e+00 0.000000e+00 0.000000e+00 0.000000e+00 0.000000e+00 0.000000e+00 0.000000e+00 0.000000e+00 0.000000e+00
2.952000e+00 0.000000e+00 -3.933258e+03 -6.649918e+03 0.000000e+00 0.000000e+00 0.000000e+00 -4.620373e+02 -4.358572e+02 1.438041e+03 7.626417e+02 0.000000e+00 0.000000e+00 0.000000e+00 0.000000e+00 0.000000e+00 0.000000e+00 0.000000e+00 0.000000e+00 0.000000e+00
2.953000e+00 0.000000e+00 -3.927930e+03 -6.644040e+03 0.000000e+00 0.000000e+00 0.000000e+00 -4.612032e+02 -4.350654e+02 1.437897e+03 7.613061e+02 0.000000e+00 0.000000e+00 0.000000e+00 0.000000e+00 0.000000e+00 0.000000e+00 0.000000e+00 0.000000e+00 0.000000e+00
2.954000e+00 0.000000e+00 -3.922649e+03 -6.638314e+03 0.000000e+00 0.000000e+00 0.000000e+00 -4.603793e+02 -4.342837e+02 1.437758e+03 7.599886e+02 0.000000e+00 0.000000e+00 0.000000e+00 0.000000e+00 0.000000e+00 0.000000e+00 0.000000e+00 0.000000e+00 0.000000e+00
2.955000e+00 0.000000e+00 -3.917417e+03 -6.632742e+03 0.000000e+00 0.000000e+00 0.000000e+00 -4.595661e+02 -4.335123e+02 1.437626e+03 7.586900e+02 0.000000e+00 0.000000e+00 0.000000e+00 0.000000e+00 0.000000e+00 0.000000e+00 0.000000e+00 0.000000e+00 0.000000e+00
2.956000e+00 0.000000e+00 -3.912237e+03 -6.627328e+03 0.000000e+00 0.000000e+00 0.000000e+00 -4.587638e+02 -4.327517e+02 1.437500e+03 7.574110e+02 0.000000e+00 0.000000e+00 0.000000e+00 0.000000e+00 0.000000e+00 0.000000e+00 0.000000e+00 0.000000e+00 0.000000e+00
2.957000e+00 0.000000e+00 -3.907112e+03 -6.622073e+03 0.000000e+00 0.000000e+00 0.000000e+00 -4.579729e+02 -4.320022e+02 1.437381e+03 7.561524e+02 0.000000e+00 0.000000e+00 0.000000e+00 0.000000e+00 0.000000e+00 0.000000e+00 0.000000e+00 0.000000e+00 0.000000e+00
2.958000e+00 0.000000e+00 -3.902044e+03 -6.616979e+03 0.000000e+00 0.000000e+00 0.000000e+00 -4.571937e+02 -4.312641e+02 1.437270e+03 7.549148e+02 0.000000e+00 0.000000e+00 0.000000e+00 0.000000e+00 0.000000e+00 0.000000e+00 0.000000e+00 0.000000e+00 0.000000e+00
2.959000e+00 0.000000e+00 -3.897036e+03 -6.612050e+03 0.000000e+00 0.000000e+00 0.000000e+00 -4.564265e+02 -4.305378e+02 1.437166e+03 7.536990e+02 0.000000e+00 0.000000e+00 0.000000e+00 0.000000e+00 0.000000e+00 0.000000e+00 0.000000e+00 0.000000e+00 0.000000e+00
2.960000e+00 0.000000e+00 -3.892091e+03 -6.607288e+03 0.000000e+00 0.000000e+00 0.000000e+00 -4.556717e+02 -4.298236e+02 1.437070e+03 7.525056e+02 0.000000e+00 0.000000e+00 0.000000e+00 0.000000e+00 0.000000e+00 0.000000e+00 0.000000e+00 0.000000e+00 0.000000e+00
2.961000e+00 0.000000e+00 -3.887211e+03 -6.602693e+03 0.000000e+00 0.000000e+00 0.000000e+00 -4.549296e+02 -4.291218e+02 1.436983e+03 7.513354e+02 0.000000e+00 0.000000e+00 0.000000e+00 0.000000e+00 0.000000e+00 0.000000e+00 0.000000e+00 0.000000e+00 0.000000e+00
2.962000e+00 0.000000e+00 -3.882400e+03 -6.598270e+03 0.000000e+00 0.000000e+00 0.000000e+00 -4.542005e+02 -4.284328e+02 1.436905e+03 7.501890e+02 0.000000e+00 0.000000e+00 0.000000e+00 0.000000e+00 0.000000e+00 0.000000e+00 0.000000e+00 0.000000e+00 0.000000e+00
2.963000e+00 0.000000e+00 -3.877659e+03 -6.594018e+03 0.000000e+00 0.000000e+00 0.000000e+00 -4.534848e+02 -4.277568e+02 1.436836e+03 7.490671e+02 0.000000e+00 0.000000e+00 0.000000e+00 0.000000e+00 0.000000e+00 0.000000e+00 0.000000e+00 0.000000e+00 0.000000e+00
2.964000e+00 0.000000e+00 -3.872991e+03 -6.589942e+03 0.000000e+00 0.000000e+00 0.000000e+00 -4.527827e+02 -4.270942e+02 1.436777e+03 7.479704e+02 0.000000e+00 0.000000e+00 0.000000e+00 0.000000e+00 0.000000e+00 0.000000e+00 0.000000e+00 0.000000e+00 0.000000e+00
2.965000e+00 0.000000e+00 -3.868399e+03 -6.586042e+03 0.000000e+00 0.000000e+00 0.000000e+00 -4.520947e+02 -4.264453e+02 1.436728e+03 7.468995e+02 0.000000e+00 0.000000e+00 0.000000e+00 0.000000e+00 0.000000e+00 0.000000e+00 0.000000e+00 0.000000e+00 0.000000e+00
2.966000e+00 0.000000e+00 -3.863886e+03 -6.582320e+03 0.000000e+00 0.000000e+00 0.000000e+00 -4.514209e+02 -4.258105e+02 1.436690e+03 7.458552e+02 0.000000e+00 0.000000e+00 0.000000e+00 0.000000e+00 0.000000e+00 0.000000e+00 0.000000e+00 0.000000e+00 0.000000e+00
2.967000e+00 0.000000e+00 -3.859454e+03 -6.578778e+03 0.000000e+00 0.000000e+00 0.000000e+00 -4.507618e+02 -4.251899e+02 1.436662e+03 7.448380e+02 0.000000e+00 0.000000e+00 0.000000e+00 0.000000e+00 0.000000e+00 0.000000e+00 0.000000e+00 0.000000e+00 0.000000e+00
2.968000e+00 0.000000e+00 -3.855105e+03 -6.575418e+03 0.000000e+00 0.000000e+00 0.000000e+00 -4.501175e+02 -4.245839e+02 1.436646e+03 7.438485e+02 0.000000e+00 0.000000e+00 0.000000e+00 0.000000e+00 0.000000e+00 0.000000e+00 0.000000e+00 0.000000e+00 0.000000e+00
2.969000e+00 0.000000e+00 -3.850842e+03 -6.572241e+03 0.000000e+00 0.000000e+00 0.000000e+00 -4.494885e+02 -4.239928e+02 1.436641e+03 7.428875e+02 0.000000e+00 0.000000e+00 0.000000e+00 0.000000e+00 0.000000e+00 0.000000e+00 0.000000e+00 0.000000e+00 0.000000e+00
2.970000e+00 0.000000e+00 -3.846668e+03 -6.569249e+03 0.000000e+00 0.000000e+00 0.000000e+00 -4.488749e+02 -4.234169e+02 1.436649e+03 7.419556e+02 0.000000e+00 0.000000e+00 0.000000e+00 0.000000e+00 0.000000e+00 0.000000e+00 0.000000e+00 0.000000e+00 0.000000e+00
2.971000e+00 0.000000e+00 -3.842585e+03 -6.566444e+03 0.000000e+00 0.000000e+00 0.000000e+00 -4.482772e+02 -4.228565e+02 1.436669e+03 7.410533e+02 0.000000e+00 0.000000e+00 0.000000e+00 0.000000e+00 0.000000e+00 0.000000e+00 0.000000e+00 0.000000e+00 0.000000e+00
2.972000e+00 0.000000e+00 -3.838595e+03 -6.563826e+03 0.000000e+00 0.000000e+00 0.000000e+00 -4.476954e+02 -4.223117e+02 1.436702e+03 7.401812e+02 0.000000e+00 0.000000e+00 0.000000e+00 0.000000e+00 0.000000e+00 0.000000e+00 0.000000e+00 0.000000e+00 0.000000e+00
2.973000e+00 0.000000e+00 -3.834701e+03 -6.561397e+03 0.000000e+00 0.000000e+00 0.000000e+00 -4.471300e+02 -4.217829e+02 1.436748e+03 7.393400e+02 0.000000e+00 0.000000e+00 0.000000e+00 0.000000e+00 0.000000e+00 0.000000e+00 0.000000e+00 0.000000e+00 0.000000e+00
2.974000e+00 0.000000e+00 -3.830906e+03 -6.559158e+03 0.000000e+00 0.000000e+00 0.000000e+00 -4.465811e+02 -4.212704e+02 1.436807e+03 7.385302e+02 0.000000e+00 0.000000e+00 0.000000e+00 0.000000e+00 0.000000e+00 0.000000e+00 0.000000e+00 0.000000e+00 0.000000e+00
2.975000e+00 0.000000e+00 -3.827211e+03 -6.557111e+03 0.000000e+00 0.000000e+00 0.000000e+00 -4.460491e+02 -4.207743e+02 1.436881e+03 7.377524e+02 0.000000e+00 0.000000e+00 0.000000e+00 0.000000e+00 0.000000e+00 0.000000e+00 0.000000e+00 0.000000e+00 0.000000e+00
2.976000e+00 0.000000e+00 -3.823619e+03 -6.555256e+03 0.000000e+00 0.000000e+00 0.000000e+00 -4.455341e+02 -4.202949e+02 1.436969e+03 7.370071e+02 0.000000e+00 0.000000e+00 0.000000e+00 0.000000e+00 0.000000e+00 0.000000e+00 0.000000e+00 0.000000e+00 0.000000e+00
2.977000e+00 0.000000e+00 -3.820132e+03 -6.553594e+03 0.000000e+00 0.000000e+00 0.000000e+00 -4.450364e+02 -4.198326e+02 1.437071e+03 7.362949e+02 0.000000e+00 0.000000e+00 0.000000e+00 0.000000e+00 0.000000e+00 0.000000e+00 0.000000e+00 0.000000e+00 0.000000e+00
2.978000e+00 0.000000e+00 -3.816752e+03 -6.552127e+03 0.000000e+00 0.000000e+00 0.000000e+00 -4.445562e+02 -4.193874e+02 1.437189e+03 7.356163e+02 0.000000e+00 0.000000e+00 0.000000e+00 0.000000e+00 0.000000e+00 0.000000e+00 0.000000e+00 0.000000e+00 0.000000e+00
2.979000e+00 0.000000e+00 -3.813482e+03 -6.550855e+03 0.000000e+00 0.000000e+00 0.000000e+00 -4.440938e+02 -4.189595e+02 1.437322e+03 7.349718e+02 0.000000e+00 0.000000e+00 0.000000e+00 0.000000e+00 0.000000e+00 0.000000e+00 0.000000e+00 0.000000e+00 0.000000e+00
2.980000e+00 0.000000e+00 -3.810323e+03 -6.549779e+03 0.000000e+00 0.000000e+00 0.000000e+00 -4.436493e+02 -4.185494e+02 1.437471e+03 7.343619e+02 0.000000e+00 0.000000e+00 0.000000e+00 0.000000e+00 0.000000e+00 0.000000e+00 0.000000e+00 0.000000e+00 0.000000e+00
2.981000e+00 0.000000e+00 -3.807279e+03 -6.548899e+03 0.000000e+00 0.000000e+00 0.000000e+00 -4.432230e+02 -4.181570e+02 1.437636e+03 7.337872e+02 0.000000e+00 0.000000e+00 0.000000e+00 0.000000e+00 0.000000e+00 0.000000e+00 0.000000e+00 0.000000e+00 0.000000e+00
2.982000e+00 0.000000e+00 -3.804350e+03 -6.548216e+03 0.000000e+00 0.000000e+00 0.000000e+00 -4.428151e+02 -4.177826e+02 1.437817e+03 7.332480e+02 0.000000e+00 0.000000e+00 0.000000e+00 0.000000e+00 0.000000e+00 0.000000e+00 0.000000e+00 0.000000e+00 0.000000e+00
2.983000e+00 0.000000e+00 -3.801539e+03 -6.547732e+03 0.000000e+00 0.000000e+00 0.000000e+00 -4.424257e+02 -4.174265e+02 1.438016e+03 7.327448e+02 0.000000e+00 0.000000e+00 0.000000e+00 0.000000e+00 0.000000e+00 0.000000e+00 0.000000e+00 0.000000e+00 0.000000e+00
2.984000e+00 0.000000e+00 -3.798848e+03 -6.547445e+03 0.000000e+00 0.000000e+00 0.000000e+00 -4.420551e+02 -4.170888e+02 1.438231e+03 7.322781e+02 0.000000e+00 0.000000e+00 0.000000e+00 0.000000e+00 0.000000e+00 0.000000e+00 0.000000e+00 0.000000e+00 0.000000e+00
2.985000e+00 0.000000e+00 -3.796279e+03 -6.547356e+03 0.000000e+00 0.000000e+00 0.000000e+00 -4.417034e+02 -4.167696e+02 1.438464e+03 7.318483e+02 0.000000e+00 0.000000e+00 0.000000e+00 0.000000e+00 0.000000e+00 0.000000e+00 0.000000e+00 0.000000e+00 0.000000e+00
2.986000e+00 0.000000e+00 -3.793834e+03 -6.547466e+03 0.000000e+00 0.000000e+00 0.000000e+00 -4.413708e+02 -4.164691e+02 1.438715e+03 7.314558e+02 0.000000e+00 0.000000e+00 0.000000e+00 0.000000e+00 0.000000e+00 0.000000e+00 0.000000e+00 0.000000e+00 0.000000e+00
2.987000e+00 0.000000e+00 -3.791514e+03 -6.547775e+03 0.000000e+00 0.000000e+00 0.000000e+00 -4.410574e+02 -4.161875e+02 1.438984e+03 7.311011e+02 0.000000e+00 0.000000e+00 0.000000e+00 0.000000e+00 0.000000e+00 0.000000e+00 0.000000e+00 0.000000e+00 0.000000e+00
2.988000e+00 0.000000e+00 -3.789321e+03 -6.548283e+03 0.000000e+00 0.000000e+00 0.000000e+00 -4.407634e+02 -4.159250e+02 1.439271e+03 7.307844e+02 0.000000e+00 0.000000e+00 0.000000e+00 0.000000e+00 0.000000e+00 0.000000e+00 0.000000e+00 0.000000e+00 0.000000e+00
2.989000e+00 0.000000e+00 -3.787257e+03 -6.548990e+03 0.000000e+00 0.000000e+00 0.000000e+00 -4.404890e+02 -4.156816e+02 1.439577e+03 7.305063e+02 0.000000e+00 0.000000e+00 0.000000e+00 0.000000e+00 0.000000e+00 0.000000e+00 0.000000e+00 0.000000e+00 0.000000e+00
2.990000e+00 0.000000e+00 -3.785324e+03 -6.549896e+03 0.000000e+00 0.000000e+00 0.000000e+00 -4.402342e+02 -4.154576e+02 1.439902e+03 7.302669e+02 0.000000e+00 0.000000e+00 0.000000e+00 0.000000e+00 0.000000e+00 0.000000e+00 0.000000e+00 0.000000e+00 0.000000e+00
2.991000e+00 0.000000e+00 -3.783523e+03 -6.551001e+03 0.000000e+00 0.000000e+00 0.000000e+00 -4.399993e+02 -4.152530e+02 1.440247e+03 7.300667e+02 0.000000e+00 0.000000e+00 0.000000e+00 0.000000e+00 0.000000e+00 0.000000e+00 0.000000e+00 0.000000e+00 0.000000e+00
2.992000e+00 0.000000e+00 -3.781856e+03 -6.552304e+03 0.000000e+00 0.000000e+00 0.000000e+00 -4.397842e+02 -4.150679e+02 1.440611e+03 7.299060e+02 0.000000e+00 0.000000e+00 0.000000e+00 0.000000e+00 0.000000e+00 0.000000e+00 0.000000e+00 0.000000e+00 0.000000e+00
2.993000e+00 0.000000e+00 -3.780324e+03 -6.553806e+03 0.000000e+00 0.000000e+00 0.000000e+00 -4.395892e+02 -4.149025e+02 1.440995e+03 7.297851e+02 0.000000e+00 0.000000e+00 0.000000e+00 0.000000e+00 0.000000e+00 0.000000e+00 0.000000e+00 0.000000e+00 0.000000e+00
2.994000e+00 0.000000e+00 -3.778929e+03 -6.555505e+03 0.000000e+00 0.000000e+00 0.000000e+00 -4.394143e+02 -4.147569e+02 1.441399e+03 7.297043e+02 0.000000e+00 0.000000e+00 0.000000e+00 0.000000e+00 0.000000e+00 0.000000e+00 0.000000e+00 0.000000e+00 0.000000e+00
2.995000e+00 0.000000e+00 -3.777672e+03 -6.557402e+03 0.000000e+00 0.000000e+00 0.000000e+00 -4.392595e+02 -4.146311e+02 1.441824e+03 7.296637e+02 0.000000e+00 0.000000e+00 0.000000e+00 0.000000e+00 0.000000e+00 0.000000e+00 0.000000e+00 0.000000e+00 0.000000e+00
2.996000e+00 0.000000e+00 -3.776554e+03 -6.559495e+03 0.000000e+00 0.000000e+00 0.000000e+00 -4.391251e+02 -4.145252e+02 1.442269e+03 7.296638e+02 0.000000e+00 0.000000e+00 0.000000e+00 0.000000e+00 0.000000e+00 0.000000e+00 0.000000e+00 0.000000e+00 0.000000e+00
2.997000e+00 0.000000e+00 -3.775576e+03 -6.561785e+03 0.000000e+00 0.000000e+00 0.000000e+00 -4.390110e+02 -4.144393e+02 1.442736e+03 7.297046e+02 0.000000e+00 0.000000e+00 0.000000e+00 0.000000e+00 0.000000e+00 0.000000e+00 0.000000e+00 0.000000e+00 0.000000e+00
2.998000e+00 0.000000e+00 -3.774741e+03 -6.564269e+03 0.000000e+00 0.000000e+00 0.000000e+00 -4.389173e+02 -4.143735e+02 1.443223e+03 7.297865e+02 0.000000e+00 0.000000e+00 0.000000e+00 0.000000e+00 0.000000e+00 0.000000e+00 0.000000e+00 0.000000e+00 0.000000e+00
2.999000e+00 0.000000e+00 -3.774048e+03 -6.566949e+03 0.000000e+00 0.000000e+00 0.000000e+00 -4.388441e+02 -4.143278e+02 1.443732e+03 7.299096e+02 0.000000e+00 0.000000e+00 0.000000e+00 0.000000e+00 0.000000e+00 0.000000e+00 0.000000e+00 0.000000e+00 0.000000e+00
