0.000000e+00 0.000000e+00 -8.902723e+02 5.280582e+02 0.000000e+00 0.000000e+00 0.000000e+00 1.474490e+02 1.194582e+02 1.779348e+03 -2.016327e+02 0.000000e+00 0.000000e+00 0.000000e+00 0.000000e+00 0.000000e+00 0.000000e+00 0.000000e+00 0.000000e+00 0.000000e+00
1.000000e-03 0.000000e+00 -7.596443e+02 5.297533e+02 0.000000e+00 0.000000e+00 0.000000e+00 1.474794e+02 1.194698e+02 1.779181e+03 -2.016624e+02 0.000000e+00 0.000000e+00 0.000000e+00 0.000000e+00 0.000000e+00 0.000000e+00 0.000000e+00 0.000000e+00 0.000000e+00
2.000000e-03 0.000000e+00 -6.399261e+02 5.315332e+02 0.000000e+00 0.000000e+00 0.000000e+00 1.474915e+02 1.194648e+02 1.779236e+03 -2.016500e+02 0.000000e+00 0.000000e+00 0.000000e+00 0.000000e+00 0.000000e+00 0.000000e+00 0.000000e+00 0.000000e+00 0.000000e+00
3.000000e-03 0.000000e+00 -5.303637e+02 5.333983e+02 0.000000e+00 0.000000e+00 0.000000e+00 1.474856e+02 1.194434e+02 1.779511e+03 -2.015959e+02 0.000000e+00 0.000000e+00 0.000000e+00 0.000000e+00 0.000000e+00 0.000000e+00 0.000000e+00 0.000000e+00 0.000000e+00
4.000000e-03 0.000000e+00 -4.302463e+02 5.353491e+02 0.000000e+00 0.000000e+00 0.000000e+00 1.474619e+02 1.194060e+02 1.780006e+03 -2.015005e+02 0.000000e+00 0.000000e+00 0.000000e+00 0.000000e+00 0.000000e+00 0.000000e+00 0.000000e+00 0.000000e+00 0.000000e+00
5.000000e-03 0.000000e+00 -3.389125e+02 5.373858e+02 0.000000e+00 0.000000e+00 0.000000e+00 1.474206e+02 1.193525e+02 1.780719e+03 -2.013641e+02 0.000000e+00 0.000000e+00 0.000000e+00 0.000000e+00 0.000000e+00 0.000000e+00 0.000000e+00 0.000000e+00 0.000000e+00
6.000000e-03 0.000000e+00 -2.557456e+02 5.395085e+02 0.000000e+00 0.000000e+00 0.000000e+00 1.473619e+02 1.192833e+02 1.781649e+03 -2.011870e+02 0.000000e+00 0.000000e+00 0.000000e+00 0.000000e+00 0.000000e+00 0.000000e+00 0.000000e+00 0.000000e+00 0.000000e+00
7.000000e-03 0.000000e+00 -1.801654e+02 5.417171e+02 0.000000e+00 0.000000e+00 0.000000e+00 1.472859e+02 1.191984e+02 1.782794e+03 -2.009696e+02 0.000000e+00 0.000000e+00 0.000000e+00 0.000000e+00 0.000000e+00 0.000000e+00 0.000000e+00 0.000000e+00 0.000000e+00
8.000000e-03 0.000000e+00 -1.116289e+02 5.440116e+02 0.000000e+00 0.000000e+00 0.000000e+00 1.471929e+02 1.190980e+02 1.784153e+03 -2.007121e+02 0.000000e+00 0.000000e+00 0.000000e+00 0.000000e+00 0.000000e+00 0.000000e+00 0.000000e+00 0.000000e+00 0.000000e+00
9.000000e-03 0.000000e+00 -4.963549e+01 5.463919e+02 0.000000e+00 0.000000e+00 0.000000e+00 1.470830e+02 1.189823e+02 1.785724e+03 -2.004149e+02 0.000000e+00 0.000000e+00 0.000000e+00 0.000000e+00 0.000000e+00 0.000000e+00 0.000000e+00 0.000000e+00 0.000000e+00
1.000000e-02 0.000000e+00 6.275583e+00 5.488578e+02 0.000000e+00 0.000000e+00 0.000000e+00 1.469563e+02 1.188513e+02 1.787505e+03 -2.000782e+02 0.000000e+00 0.000000e+00 0.000000e+00 0.000000e+00 0.000000e+00 0.000000e+00 0.000000e+00 0.000000e+00 0.000000e+00
1.100000e-02 0.000000e+00 5.653733e+01 5.514088e+02 0.000000e+00 0.000000e+00 0.000000e+00 1.468130e+02 1.187052e+02 1.789495e+03 -1.997024e+02 0.000000e+00 0.000000e+00 0.000000e+00 0.000000e+00 0.000000e+00 0.000000e+00 0.000000e+00 0.000000e+00 0.000000e+00
1.200000e-02 0.000000e+00 1.015548e+02 5.540449e+02 0.000000e+00 0.000000e+00 0.000000e+00 1.466532e+02 1.185442e+02 1.791692e+03 -1.992878e+02 0.000000e+00 0.000000e+00 0.000000e+00 0.000000e+00 0.000000e+00 0.000000e+00 0.000000e+00 0.000000e+00 0.000000e+00
1.300000e-02 0.000000e+00 1.417044e+02 5.567654e+02 0.000000e+00 0.000000e+00 0.000000e+00 1.464771e+02 1.183682e+02 1.794095e+03 -1.988346e+02 0.000000e+00 0.000000e+00 0.000000e+00 0.000000e+00 0.000000e+00 0.000000e+00 0.000000e+00 0.000000e+00 0.000000e+00
1.400000e-02 0.000000e+00 1.773289e+02 5.595702e+02 0.000000e+00 0.000000e+00 0.000000e+00 1.462848e+02 1.181776e+02 1.796700e+03 -1.983433e+02 0.000000e+00 0.000000e+00 0.000000e+00 0.000000e+00 0.000000e+00 0.000000e+00 0.000000e+00 0.000000e+00 0.000000e+00
1.500000e-02 0.000000e+00 2.087419e+02 5.624588e+02 0.000000e+00 0.000000e+00 0.000000e+00 1.460763e+02 1.179723e+02 1.799506e+03 -1.978142e+02 0.000000e+00 0.000000e+00 0.000000e+00 0.000000e+00 0.000000e+00 0.000000e+00 0.000000e+00 0.000000e+00 0.000000e+00
1.600000e-02 0.000000e+00 2.362385e+02 5.654306e+02 0.000000e+00 0.000000e+00 0.000000e+00 1.458519e+02 1.177525e+02 1.802511e+03 -1.972475e+02 0.000000e+00 0.000000e+00 0.000000e+00 0.000000e+00 0.000000e+00 0.000000e+00 0.000000e+00 0.000000e+00 0.000000e+00
1.700000e-02 0.000000e+00 2.600947e+02 5.684852e+02 0.000000e+00 0.000000e+00 0.000000e+00 1.456117e+02 1.175184e+02 1.805713e+03 -1.966437e+02 0.000000e+00 0.000000e+00 0.000000e+00 0.000000e+00 0.000000e+00 0.000000e+00 0.000000e+00 0.000000e+00 0.000000e+00
1.800000e-02 0.000000e+00 2.805673e+02 5.716222e+02 0.000000e+00 0.000000e+00 0.000000e+00 1.453558e+02 1.172700e+02 1.809109e+03 -1.960031e+02 0.000000e+00 0.000000e+00 0.000000e+00 0.000000e+00 0.000000e+00 0.000000e+00 0.000000e+00 0.000000e+00 0.000000e+00
1.900000e-02 0.000000e+00 2.978926e+02 5.748409e+02 0.000000e+00 0.000000e+00 0.000000e+00 1.450844e+02 1.170074e+02 1.812698e+03 -1.953261e+02 0.000000e+00 0.000000e+00 0.000000e+00 0.000000e+00 0.000000e+00 0.000000e+00 0.000000e+00 0.000000e+00 0.000000e+00
2.000000e-02 0.000000e+00 3.122810e+02 5.781409e+02 0.000000e+00 0.000000e+00 0.000000e+00 1.447975e+02 1.167309e+02 1.816476e+03 -1.946130e+02 0.000000e+00 0.000000e+00 0.000000e+00 0.000000e+00 0.000000e+00 0.000000e+00 0.000000e+00 0.000000e+00 0.000000e+00
2.100000e-02 0.000000e+00 3.239281e+02 5.815215e+02 0.000000e+00 0.000000e+00 0.000000e+00 1.444953e+02 1.164404e+02 1.820441e+03 -1.938643e+02 0.000000e+00 0.000000e+00 0.000000e+00 0.000000e+00 0.000000e+00 0.000000e+00 0.000000e+00 0.000000e+00 0.000000e+00
2.200000e-02 0.000000e+00 3.330181e+02 5.849822e+02 0.000000e+00 0.000000e+00 0.000000e+00 1.441779e+02 1.161363e+02 1.824592e+03 -1.930804e+02 0.000000e+00 0.000000e+00 0.000000e+00 0.000000e+00 0.000000e+00 0.000000e+00 0.000000e+00 0.000000e+00 0.000000e+00
2.300000e-02 0.000000e+00 3.397232e+02 5.885223e+02 0.000000e+00 0.000000e+00 0.000000e+00 1.438456e+02 1.158185e+02 1.828924e+03 -1.922616e+02 0.000000e+00 0.000000e+00 0.000000e+00 0.000000e+00 0.000000e+00 0.000000e+00 0.000000e+00 0.000000e+00 0.000000e+00
2.400000e-02 0.000000e+00 3.442044e+02 5.921411e+02 0.000000e+00 0.000000e+00 0.000000e+00 1.434984e+02 1.154872e+02 1.833435e+03 -1.914084e+02 0.000000e+00 0.000000e+00 0.000000e+00 0.000000e+00 0.000000e+00 0.000000e+00 0.000000e+00 0.000000e+00 0.000000e+00
2.500000e-02 0.000000e+00 3.466102e+02 5.958379e+02 0.000000e+00 0.000000e+00 0.000000e+00 1.431364e+02 1.151426e+02 1.838123e+03 -1.905214e+02 0.000000e+00 0.000000e+00 0.000000e+00 0.000000e+00 0.000000e+00 0.000000e+00 0.000000e+00 0.000000e+00 0.000000e+00
2.600000e-02 0.000000e+00 3.470723e+02 5.996121e+02 0.000000e+00 0.000000e+00 0.000000e+00 1.427599e+02 1.147848e+02 1.842985e+03 -1.896008e+02 0.000000e+00 0.000000e+00 0.000000e+00 0.000000e+00 0.000000e+00 0.000000e+00 0.000000e+00 0.000000e+00 0.000000e+00
2.700000e-02 0.000000e+00 3.457099e+02 6.034629e+02 0.000000e+00 0.000000e+00 0.000000e+00 1.423690e+02 1.144140e+02 1.848017e+03 -1.886472e+02 0.000000e+00 0.000000e+00 0.000000e+00 0.000000e+00 0.000000e+00 0.000000e+00 0.000000e+00 0.000000e+00 0.000000e+00
2.800000e-02 0.000000e+00 3.426358e+02 6.073893e+02 0.000000e+00 0.000000e+00 0.000000e+00 1.419638e+02 1.140302e+02 1.853217e+03 -1.876611e+02 0.000000e+00 0.000000e+00 0.000000e+00 0.000000e+00 0.000000e+00 0.000000e+00 0.000000e+00 0.000000e+00 0.000000e+00
2.900000e-02 0.000000e+00 3.379561e+02 6.113907e+02 0.000000e+00 0.000000e+00 0.000000e+00 1.415446e+02 1.136338e+02 1.858581e+03 -1.866430e+02 0.000000e+00 0.000000e+00 0.000000e+00 0.000000e+00 0.000000e+00 0.000000e+00 0.000000e+00 0.000000e+00 0.000000e+00
3.000000e-02 0.000000e+00 3.317711e+02 6.154660e+02 0.000000e+00 0.000000e+00 0.000000e+00 1.411114e+02 1.132247e+02 1.864107e+03 -1.855934e+02 0.000000e+00 0.000000e+00 0.000000e+00 0.000000e+00 0.000000e+00 0.000000e+00 0.000000e+00 0.000000e+00 0.000000e+00
3.100000e-02 0.000000e+00 3.241741e+02 6.196143e+02 0.000000e+00 0.000000e+00 0.000000e+00 1.406645e+02 1.128033e+02 1.869790e+03 -1.845128e+02 0.000000e+00 0.000000e+00 0.000000e+00 0.000000e+00 0.000000e+00 0.000000e+00 0.000000e+00 0.000000e+00 0.000000e+00
3.200000e-02 0.000000e+00 3.152522e+02 6.238347e+02 0.000000e+00 0.000000e+00 0.000000e+00 1.402041e+02 1.123696e+02 1.875627e+03 -1.834017e+02 0.000000e+00 0.000000e+00 0.000000e+00 0.000000e+00 0.000000e+00 0.000000e+00 0.000000e+00 0.000000e+00 0.000000e+00
3.300000e-02 0.000000e+00 3.050824e+02 6.281260e+02 0.000000e+00 0.000000e+00 0.000000e+00 1.397302e+02 1.119238e+02 1.881616e+03 -1.822607e+02 0.000000e+00 0.000000e+00 0.000000e+00 0.000000e+00 0.000000e+00 0.000000e+00 0.000000e+00 0.000000e+00 0.000000e+00
3.400000e-02 0.000000e+00 2.937324e+02 6.324870e+02 0.000000e+00 0.000000e+00 0.000000e+00 1.392431e+02 1.114662e+02 1.887752e+03 -1.810903e+02 0.000000e+00 0.000000e+00 0.000000e+00 0.000000e+00 0.000000e+00 0.000000e+00 0.000000e+00 0.000000e+00 0.000000e+00
3.500000e-02 0.000000e+00 2.812670e+02 6.369167e+02 0.000000e+00 0.000000e+00 0.000000e+00 1.387431e+02 1.109968e+02 1.894032e+03 -1.798911e+02 0.000000e+00 0.000000e+00 0.000000e+00 0.000000e+00 0.000000e+00 0.000000e+00 0.000000e+00 0.000000e+00 0.000000e+00
3.600000e-02 0.000000e+00 2.677478e+02 6.414136e+02 0.000000e+00 0.000000e+00 0.000000e+00 1.382302e+02 1.105159e+02 1.900451e+03 -1.786638e+02 0.000000e+00 0.000000e+00 0.000000e+00 0.000000e+00 0.000000e+00 0.000000e+00 0.000000e+00 0.000000e+00 0.000000e+00
3.700000e-02 0.000000e+00 2.532331e+02 6.459764e+02 0.000000e+00 0.000000e+00 0.000000e+00 1.377047e+02 1.100237e+02 1.907007e+03 -1.774087e+02 0.000000e+00 0.000000e+00 0.000000e+00 0.000000e+00 0.000000e+00 0.000000e+00 0.000000e+00 0.000000e+00 0.000000e+00
3.800000e-02 0.000000e+00 2.377784e+02 6.506037e+02 0.000000e+00 0.000000e+00 0.000000e+00 1.371668e+02 1.095203e+02 1.913694e+03 -1.761267e+02 0.000000e+00 0.000000e+00 0.000000e+00 0.000000e+00 0.000000e+00 0.000000e+00 0.000000e+00 0.000000e+00 0.000000e+00
3.900000e-02 0.000000e+00 2.214362e+02 6.552939e+02 0.000000e+00 0.000000e+00 0.000000e+00 1.366167e+02 1.090059e+02 1.920510e+03 -1.748182e+02 0.000000e+00 0.000000e+00 0.000000e+00 0.000000e+00 0.000000e+00 0.000000e+00 0.000000e+00 0.000000e+00 0.000000e+00
4.000000e-02 0.000000e+00 2.042556e+02 6.600454e+02 0.000000e+00 0.000000e+00 0.000000e+00 1.360546e+02 1.084808e+02 1.927449e+03 -1.734839e+02 0.000000e+00 0.000000e+00 0.000000e+00 0.000000e+00 0.000000e+00 0.000000e+00 0.000000e+00 0.000000e+00 0.000000e+00
4.100000e-02 0.000000e+00 1.862804e+02 6.648564e+02 0.000000e+00 0.000000e+00 0.000000e+00 1.354807e+02 1.079451e+02 1.934509e+03 -1.721244e+02 0.000000e+00 0.000000e+00 0.000000e+00 0.000000e+00 0.000000e+00 0.000000e+00 0.000000e+00 0.000000e+00 0.000000e+00
4.200000e-02 0.000000e+00 1.675482e+02 6.697251e+02 0.000000e+00 0.000000e+00 0.000000e+00 1.348953e+02 1.073991e+02 1.941683e+03 -1.707403e+02 0.000000e+00 0.000000e+00 0.000000e+00 0.000000e+00 0.000000e+00 0.000000e+00 0.000000e+00 0.000000e+00 0.000000e+00
4.300000e-02 0.000000e+00 1.480955e+02 6.746497e+02 0.000000e+00 0.000000e+00 0.000000e+00 1.342985e+02 1.068429e+02 1.948969e+03 -1.693323e+02 0.000000e+00 0.000000e+00 0.000000e+00 0.000000e+00 0.000000e+00 0.000000e+00 0.000000e+00 0.000000e+00 0.000000e+00
4.400000e-02 0.000000e+00 1.279572e+02 6.796279e+02 0.000000e+00 0.000000e+00 0.000000e+00 1.336907e+02 1.062768e+02 1.956361e+03 -1.679010e+02 0.000000e+00 0.000000e+00 0.000000e+00 0.000000e+00 0.000000e+00 0.000000e+00 0.000000e+00 0.000000e+00 0.000000e+00
4.500000e-02 0.000000e+00 1.071674e+02 6.846577e+02 0.000000e+00 0.000000e+00 0.000000e+00 1.330719e+02 1.057010e+02 1.963855e+03 -1.664471e+02 0.000000e+00 0.000000e+00 0.000000e+00 0.000000e+00 0.000000e+00 0.000000e+00 0.000000e+00 0.000000e+00 0.000000e+00
4.600000e-02 0.000000e+00 8.575883e+01 6.897367e+02 0.000000e+00 0.000000e+00 0.000000e+00 1.324426e+02 1.051157e+02 1.971446e+03 -1.649713e+02 0.000000e+00 0.000000e+00 0.000000e+00 0.000000e+00 0.000000e+00 0.000000e+00 0.000000e+00 0.000000e+00 0.000000e+00
4.700000e-02 0.000000e+00 6.376301e+01 6.948627e+02 0.000000e+00 0.000000e+00 0.000000e+00 1.318028e+02 1.045212e+02 1.979130e+03 -1.634741e+02 0.000000e+00 0.000000e+00 0.000000e+00 0.000000e+00 0.000000e+00 0.000000e+00 0.000000e+00 0.000000e+00 0.000000e+00
4.800000e-02 0.000000e+00 4.121041e+01 7.000329e+02 0.000000e+00 0.000000e+00 0.000000e+00 1.311529e+02 1.039176e+02 1.986901e+03 -1.619562e+02 0.000000e+00 0.000000e+00 0.000000e+00 0.000000e+00 0.000000e+00 0.000000e+00 0.000000e+00 0.000000e+00 0.000000e+00
4.900000e-02 0.000000e+00 1.813030e+01 7.052449e+02 0.000000e+00 0.000000e+00 0.000000e+00 1.304930e+02 1.033051e+02 1.994755e+03 -1.604184e+02 0.000000e+00 0.000000e+00 0.000000e+00 0.000000e+00 0.000000e+00 0.000000e+00 0.000000e+00 0.000000e+00 0.000000e+00
5.000000e-02 0.000000e+00 -5.450674e+00 7.104958e+02 0.000000e+00 0.000000e+00 0.000000e+00 1.298235e+02 1.026841e+02 2.002687e+03 -1.588613e+02 0.000000e+00 0.000000e+00 0.000000e+00 0.000000e+00 0.000000e+00 0.000000e+00 0.000000e+00 0.000000e+00 0.000000e+00
5.100000e-02 0.000000e+00 -2.950970e+01 7.157827e+02 0.000000e+00 0.000000e+00 0.000000e+00 1.291446e+02 1.020548e+02 2.010691e+03 -1.572856e+02 0.000000e+00 0.000000e+00 0.000000e+00 0.000000e+00 0.000000e+00 0.000000e+00 0.000000e+00 0.000000e+00 0.000000e+00
5.200000e-02 0.000000e+00 -5.402467e+01 7.211025e+02 0.000000e+00 0.000000e+00 0.000000e+00 1.284565e+02 1.014173e+02 2.018763e+03 -1.556920e+02 0.000000e+00 0.000000e+00 0.000000e+00 0.000000e+00 0.000000e+00 0.000000e+00 0.000000e+00 0.000000e+00 0.000000e+00
5.300000e-02 0.000000e+00 -7.897372e+01 7.264521e+02 0.000000e+00 0.000000e+00 0.000000e+00 1.277596e+02 1.007719e+02 2.026896e+03 -1.540810e+02 0.000000e+00 0.000000e+00 0.000000e+00 0.000000e+00 0.000000e+00 0.000000e+00 0.000000e+00 0.000000e+00 0.000000e+00
5.400000e-02 0.000000e+00 -1.043353e+02 7.318282e+02 0.000000e+00 0.000000e+00 0.000000e+00 1.270540e+02 1.001189e+02 2.035087e+03 -1.524536e+02 0.000000e+00 0.000000e+00 0.000000e+00 0.000000e+00 0.000000e+00 0.000000e+00 0.000000e+00 0.000000e+00 0.000000e+00
5.500000e-02 0.000000e+00 -1.300880e+02 7.372273e+02 0.000000e+00 0.000000e+00 0.000000e+00 1.263400e+02 9.945850e+01 2.043329e+03 -1.508102e+02 0.000000e+00 0.000000e+00 0.000000e+00 0.000000e+00 0.000000e+00 0.000000e+00 0.000000e+00 0.000000e+00 0.000000e+00
5.600000e-02 0.000000e+00 -1.562108e+02 7.426458e+02 0.000000e+00 0.000000e+00 0.000000e+00 1.256179e+02 9.879093e+01 2.051617e+03 -1.491516e+02 0.000000e+00 0.000000e+00 0.000000e+00 0.000000e+00 0.000000e+00 0.000000e+00 0.000000e+00 0.000000e+00 0.000000e+00
5.700000e-02 0.000000e+00 -1.826828e+02 7.480801e+02 0.000000e+00 0.000000e+00 0.000000e+00 1.248880e+02 9.811646e+01 2.059945e+03 -1.474786e+02 0.000000e+00 0.000000e+00 0.000000e+00 0.000000e+00 0.000000e+00 0.000000e+00 0.000000e+00 0.000000e+00 0.000000e+00
5.800000e-02 0.000000e+00 -2.094836e+02 7.535262e+02 0.000000e+00 0.000000e+00 0.000000e+00 1.241505e+02 9.743533e+01 2.068308e+03 -1.457917e+02 0.000000e+00 0.000000e+00 0.000000e+00 0.000000e+00 0.000000e+00 0.000000e+00 0.000000e+00 0.000000e+00 0.000000e+00
5.900000e-02 0.000000e+00 -2.365927e+02 7.589803e+02 0.000000e+00 0.000000e+00 0.000000e+00 1.234057e+02 9.674779e+01 2.076701e+03 -1.440916e+02 0.000000e+00 0.000000e+00 0.000000e+00 0.000000e+00 0.000000e+00 0.000000e+00 0.000000e+00 0.000000e+00 0.000000e+00
6.000000e-02 0.000000e+00 -2.639903e+02 7.644381e+02 0.000000e+00 0.000000e+00 0.000000e+00 1.226539e+02 9.605408e+01 2.085117e+03 -1.423792e+02 0.000000e+00 0.000000e+00 0.000000e+00 0.000000e+00 0.000000e+00 0.000000e+00 0.000000e+00 0.000000e+00 0.000000e+00
6.100000e-02 0.000000e+00 -2.916587e+02 7.698956e+02 0.000000e+00 0.000000e+00 0.000000e+00 1.218954e+02 9.535446e+01 2.093550e+03 -1.406549e+02 0.000000e+00 0.000000e+00 0.000000e+00 0.000000e+00 0.000000e+00 0.000000e+00 0.000000e+00 0.000000e+00 0.000000e+00
6.200000e-02 0.000000e+00 -3.195814e+02 7.753482e+02 0.000000e+00 0.000000e+00 0.000000e+00 1.211304e+02 9.464918e+01 2.101996e+03 -1.389195e+02 0.000000e+00 0.000000e+00 0.000000e+00 0.000000e+00 0.000000e+00 0.000000e+00 0.000000e+00 0.000000e+00 0.000000e+00
6.300000e-02 0.000000e+00 -3.477417e+02 7.807916e+02 0.000000e+00 0.000000e+00 0.000000e+00 1.203592e+02 9.393850e+01 2.110447e+03 -1.371737e+02 0.000000e+00 0.000000e+00 0.000000e+00 0.000000e+00 0.000000e+00 0.000000e+00 0.000000e+00 0.000000e+00 0.000000e+00
6.400000e-02 0.000000e+00 -3.761230e+02 7.862211e+02 0.000000e+00 0.000000e+00 0.000000e+00 1.195821e+02 9.322266e+01 2.118899e+03 -1.354182e+02 0.000000e+00 0.000000e+00 0.000000e+00 0.000000e+00 0.000000e+00 0.000000e+00 0.000000e+00 0.000000e+00 0.000000e+00
6.500000e-02 0.000000e+00 -4.047084e+02 7.916320e+02 0.000000e+00 0.000000e+00 0.000000e+00 1.187994e+02 9.250193e+01 2.127345e+03 -1.336536e+02 0.000000e+00 0.000000e+00 0.000000e+00 0.000000e+00 0.000000e+00 0.000000e+00 0.000000e+00 0.000000e+00 0.000000e+00
6.600000e-02 0.000000e+00 -4.334810e+02 7.970196e+02 0.000000e+00 0.000000e+00 0.000000e+00 1.180114e+02 9.177655e+01 2.135779e+03 -1.318805e+02 0.000000e+00 0.000000e+00 0.000000e+00 0.000000e+00 0.000000e+00 0.000000e+00 0.000000e+00 0.000000e+00 0.000000e+00
6.700000e-02 0.000000e+00 -4.624239e+02 8.023789e+02 0.000000e+00 0.000000e+00 0.000000e+00 1.172183e+02 9.104678e+01 2.144196e+03 -1.300997e+02 0.000000e+00 0.000000e+00 0.000000e+00 0.000000e+00 0.000000e+00 0.000000e+00 0.000000e+00 0.000000e+00 0.000000e+00
6.800000e-02 0.000000e+00 -4.915200e+02 8.077050e+02 0.000000e+00 0.000000e+00 0.000000e+00 1.164204e+02 9.031287e+01 2.152589e+03 -1.283118e+02 0.000000e+00 0.000000e+00 0.000000e+00 0.000000e+00 0.000000e+00 0.000000e+00 0.000000e+00 0.000000e+00 0.000000e+00
6.900000e-02 0.000000e+00 -5.207522e+02 8.129928e+02 0.000000e+00 0.000000e+00 0.000000e+00 1.156180e+02 8.957509e+01 2.160952e+03 -1.265174e+02 0.000000e+00 0.000000e+00 0.000000e+00 0.000000e+00 0.000000e+00 0.000000e+00 0.000000e+00 0.000000e+00 0.000000e+00
7.000000e-02 0.000000e+00 -5.501034e+02 8.182371e+02 0.000000e+00 0.000000e+00 0.000000e+00 1.148114e+02 8.883368e+01 2.169280e+03 -1.247171e+02 0.000000e+00 0.000000e+00 0.000000e+00 0.000000e+00 0.000000e+00 0.000000e+00 0.000000e+00 0.000000e+00 0.000000e+00
7.100000e-02 0.000000e+00 -5.795564e+02 8.234327e+02 0.000000e+00 0.000000e+00 0.000000e+00 1.140009e+02 8.808890e+01 2.177566e+03 -1.229117e+02 0.000000e+00 0.000000e+00 0.000000e+00 0.000000e+00 0.000000e+00 0.000000e+00 0.000000e+00 0.000000e+00 0.000000e+00
7.200000e-02 0.000000e+00 -6.090939e+02 8.285744e+02 0.000000e+00 0.000000e+00 0.000000e+00 1.131868e+02 8.734100e+01 2.185804e+03 -1.211017e+02 0.000000e+00 0.000000e+00 0.000000e+00 0.000000e+00 0.000000e+00 0.000000e+00 0.000000e+00 0.000000e+00 0.000000e+00
7.300000e-02 0.000000e+00 -6.386996e+02 8.336569e+02 0.000000e+00 0.000000e+00 0.000000e+00 1.123693e+02 8.659024e+01 2.193989e+03 -1.192877e+02 0.000000e+00 0.000000e+00 0.000000e+00 0.000000e+00 0.000000e+00 0.000000e+00 0.000000e+00 0.000000e+00 0.000000e+00
7.400000e-02 0.000000e+00 -6.683585e+02 8.386747e+02 0.000000e+00 0.000000e+00 0.000000e+00 1.115488e+02 8.583687e+01 2.202114e+03 -1.174704e+02 0.000000e+00 0.000000e+00 0.000000e+00 0.000000e+00 0.000000e+00 0.000000e+00 0.000000e+00 0.000000e+00 0.000000e+00
7.500000e-02 0.000000e+00 -6.980550e+02 8.436225e+02 0.000000e+00 0.000000e+00 0.000000e+00 1.107254e+02 8.508113e+01 2.210173e+03 -1.156504e+02 0.000000e+00 0.000000e+00 0.000000e+00 0.000000e+00 0.000000e+00 0.000000e+00 0.000000e+00 0.000000e+00 0.000000e+00
7.600000e-02 0.000000e+00 -7.277737e+02 8.484948e+02 0.000000e+00 0.000000e+00 0.000000e+00 1.098996e+02 8.432328e+01 2.218162e+03 -1.138282e+02 0.000000e+00 0.000000e+00 0.000000e+00 0.000000e+00 0.000000e+00 0.000000e+00 0.000000e+00 0.000000e+00 0.000000e+00
7.700000e-02 0.000000e+00 -7.574991e+02 8.532862e+02 0.000000e+00 0.000000e+00 0.000000e+00 1.090715e+02 8.356357e+01 2.226073e+03 -1.120044e+02 0.000000e+00 0.000000e+00 0.000000e+00 0.000000e+00 0.000000e+00 0.000000e+00 0.000000e+00 0.000000e+00 0.000000e+00
7.800000e-02 0.000000e+00 -7.872155e+02 8.579913e+02 0.000000e+00 0.000000e+00 0.000000e+00 1.082415e+02 8.280224e+01 2.233901e+03 -1.101796e+02 0.000000e+00 0.000000e+00 0.000000e+00 0.000000e+00 0.000000e+00 0.000000e+00 0.000000e+00 0.000000e+00 0.000000e+00
7.900000e-02 0.000000e+00 -8.169072e+02 8.626047e+02 0.000000e+00 0.000000e+00 0.000000e+00 1.074098e+02 8.203953e+01 2.241640e+03 -1.083543e+02 0.000000e+00 0.000000e+00 0.000000e+00 0.000000e+00 0.000000e+00 0.000000e+00 0.000000e+00 0.000000e+00 0.000000e+00
8.000000e-02 0.000000e+00 -8.465584e+02 8.671211e+02 0.000000e+00 0.000000e+00 0.000000e+00 1.065768e+02 8.127569e+01 2.249284e+03 -1.065292e+02 0.000000e+00 0.000000e+00 0.000000e+00 0.000000e+00 0.000000e+00 0.000000e+00 0.000000e+00 0.000000e+00 0.000000e+00
8.100000e-02 0.000000e+00 -8.761535e+02 8.715352e+02 0.000000e+00 0.000000e+00 0.000000e+00 1.057425e+02 8.051096e+01 2.256828e+03 -1.047048e+02 0.000000e+00 0.000000e+00 0.000000e+00 0.000000e+00 0.000000e+00 0.000000e+00 0.000000e+00 0.000000e+00 0.000000e+00
8.200000e-02 0.000000e+00 -9.056767e+02 8.758416e+02 0.000000e+00 0.000000e+00 0.000000e+00 1.049075e+02 7.974558e+01 2.264267e+03 -1.028815e+02 0.000000e+00 0.000000e+00 0.000000e+00 0.000000e+00 0.000000e+00 0.000000e+00 0.000000e+00 0.000000e+00 0.000000e+00
8.300000e-02 0.000000e+00 -9.351121e+02 8.800352e+02 0.000000e+00 0.000000e+00 0.000000e+00 1.040719e+02 7.897978e+01 2.271595e+03 -1.010599e+02 0.000000e+00 0.000000e+00 0.000000e+00 0.000000e+00 0.000000e+00 0.000000e+00 0.000000e+00 0.000000e+00 0.000000e+00
8.400000e-02 0.000000e+00 -9.644439e+02 8.841108e+02 0.000000e+00 0.000000e+00 0.000000e+00 1.032359e+02 7.821380e+01 2.278806e+03 -9.924060e+01 0.000000e+00 0.000000e+00 0.000000e+00 0.000000e+00 0.000000e+00 0.000000e+00 0.000000e+00 0.000000e+00 0.000000e+00
8.500000e-02 0.000000e+00 -9.936565e+02 8.880635e+02 0.000000e+00 0.000000e+00 0.000000e+00 1.023999e+02 7.744787e+01 2.285895e+03 -9.742400e+01 0.000000e+00 0.000000e+00 0.000000e+00 0.000000e+00 0.000000e+00 0.000000e+00 0.000000e+00 0.000000e+00 0.000000e+00
8.600000e-02 0.000000e+00 -1.022734e+03 8.918882e+02 0.000000e+00 0.000000e+00 0.000000e+00 1.015641e+02 7.668223e+01 2.292857e+03 -9.561062e+01 0.000000e+00 0.000000e+00 0.000000e+00 0.000000e+00 0.000000e+00 0.000000e+00 0.000000e+00 0.000000e+00 0.000000e+00
8.700000e-02 0.000000e+00 -1.051661e+03 8.955801e+02 0.000000e+00 0.000000e+00 0.000000e+00 1.007288e+02 7.591708e+01 2.299687e+03 -9.380094e+01 0.000000e+00 0.000000e+00 0.000000e+00 0.000000e+00 0.000000e+00 0.000000e+00 0.000000e+00 0.000000e+00 0.000000e+00
8.800000e-02 0.000000e+00 -1.080423e+03 8.991346e+02 0.000000e+00 0.000000e+00 0.000000e+00 9.989421e+01 7.515267e+01 2.306380e+03 -9.199543e+01 0.000000e+00 0.000000e+00 0.000000e+00 0.000000e+00 0.000000e+00 0.000000e+00 0.000000e+00 0.000000e+00 0.000000e+00
8.900000e-02 0.000000e+00 -1.109006e+03 9.025470e+02 0.000000e+00 0.000000e+00 0.000000e+00 9.906059e+01 7.438921e+01 2.312932e+03 -9.019455e+01 0.000000e+00 0.000000e+00 0.000000e+00 0.000000e+00 0.000000e+00 0.000000e+00 0.000000e+00 0.000000e+00 0.000000e+00
9.000000e-02 0.000000e+00 -1.137395e+03 9.058131e+02 0.000000e+00 0.000000e+00 0.000000e+00 9.822819e+01 7.362691e+01 2.319337e+03 -8.839874e+01 0.000000e+00 0.000000e+00 0.000000e+00 0.000000e+00 0.000000e+00 0.000000e+00 0.000000e+00 0.000000e+00 0.000000e+00
9.100000e-02 0.000000e+00 -1.165577e+03 9.089284e+02 0.000000e+00 0.000000e+00 0.000000e+00 9.739726e+01 7.286599e+01 2.325591e+03 -8.660844e+01 0.000000e+00 0.000000e+00 0.000000e+00 0.000000e+00 0.000000e+00 0.000000e+00 0.000000e+00 0.000000e+00 0.000000e+00
9.200000e-02 0.000000e+00 -1.193538e+03 9.118891e+02 0.000000e+00 0.000000e+00 0.000000e+00 9.656804e+01 7.210666e+01 2.331689e+03 -8.482407e+01 0.000000e+00 0.000000e+00 0.000000e+00 0.000000e+00 0.000000e+00 0.000000e+00 0.000000e+00 0.000000e+00 0.000000e+00
9.300000e-02 0.000000e+00 -1.221264e+03 9.146910e+02 0.000000e+00 0.000000e+00 0.000000e+00 9.574075e+01 7.134913e+01 2.337627e+03 -8.304604e+01 0.000000e+00 0.000000e+00 0.000000e+00 0.000000e+00 0.000000e+00 0.000000e+00 0.000000e+00 0.000000e+00 0.000000e+00
9.400000e-02 0.000000e+00 -1.248742e+03 9.173306e+02 0.000000e+00 0.000000e+00 0.000000e+00 9.491565e+01 7.059359e+01 2.343402e+03 -8.127476e+01 0.000000e+00 0.000000e+00 0.000000e+00 0.000000e+00 0.000000e+00 0.000000e+00 0.000000e+00 0.000000e+00 0.000000e+00
9.500000e-02 0.000000e+00 -1.275957e+03 9.198044e+02 0.000000e+00 0.000000e+00 0.000000e+00 9.409294e+01 6.984026e+01 2.349009e+03 -7.951062e+01 0.000000e+00 0.000000e+00 0.000000e+00 0.000000e+00 0.000000e+00 0.000000e+00 0.000000e+00 0.000000e+00 0.000000e+00
9.600000e-02 0.000000e+00 -1.302898e+03 9.221092e+02 0.000000e+00 0.000000e+00 0.000000e+00 9.327287e+01 6.908931e+01 2.354444e+03 -7.775400e+01 0.000000e+00 0.000000e+00 0.000000e+00 0.000000e+00 0.000000e+00 0.000000e+00 0.000000e+00 0.000000e+00 0.000000e+00
9.700000e-02 0.000000e+00 -1.329550e+03 9.242417e+02 0.000000e+00 0.000000e+00 0.000000e+00 9.245564e+01 6.834096e+01 2.359704e+03 -7.600527e+01 0.000000e+00 0.000000e+00 0.000000e+00 0.000000e+00 0.000000e+00 0.000000e+00 0.000000e+00 0.000000e+00 0.000000e+00
9.800000e-02 0.000000e+00 -1.355902e+03 9.261994e+02 0.000000e+00 0.000000e+00 0.000000e+00 9.164148e+01 6.759538e+01 2.364786e+03 -7.426480e+01 0.000000e+00 0.000000e+00 0.000000e+00 0.000000e+00 0.000000e+00 0.000000e+00 0.000000e+00 0.000000e+00 0.000000e+00
9.900000e-02 0.000000e+00 -1.381940e+03 9.279794e+02 0.000000e+00 0.000000e+00 0.000000e+00 9.083059e+01 6.685276e+01 2.369685e+03 -7.253294e+01 0.000000e+00 0.000000e+00 0.000000e+00 0.000000e+00 0.000000e+00 0.000000e+00 0.000000e+00 0.000000e+00 0.000000e+00
1.000000e-01 0.000000e+00 -1.407653e+03 9.295796e+02 0.000000e+00 0.000000e+00 0.000000e+00 9.002319e+01 6.611328e+01 2.374400e+03 -7.081002e+01 0.000000e+00 0.000000e+00 0.000000e+00 0.000000e+00 0.000000e+00 0.000000e+00 0.000000e+00 0.000000e+00 0.000000e+00
1.010000e-01 0.000000e+00 -1.433029e+03 9.309978e+02 0.000000e+00 0.000000e+00 0.000000e+00 8.921946e+01 6.537712e+01 2.378926e+03 -6.909638e+01 0.000000e+00 0.000000e+00 0.000000e+00 0.000000e+00 0.000000e+00 0.000000e+00 0.000000e+00 0.000000e+00 0.000000e+00
1.020000e-01 0.000000e+00 -1.458055e+03 9.322321e+02 0.000000e+00 0.000000e+00 0.000000e+00 8.841962e+01 6.464446e+01 2.383262e+03 -6.739234e+01 0.000000e+00 0.000000e+00 0.000000e+00 0.000000e+00 0.000000e+00 0.000000e+00 0.000000e+00 0.000000e+00 0.000000e+00
1.030000e-01 0.000000e+00 -1.482721e+03 9.332810e+02 0.000000e+00 0.000000e+00 0.000000e+00 8.762385e+01 6.391546e+01 2.387405e+03 -6.569821e+01 0.000000e+00 0.000000e+00 0.000000e+00 0.000000e+00 0.000000e+00 0.000000e+00 0.000000e+00 0.000000e+00 0.000000e+00
1.040000e-01 0.000000e+00 -1.507015e+03 9.341431e+02 0.000000e+00 0.000000e+00 0.000000e+00 8.683235e+01 6.319028e+01 2.391352e+03 -6.401430e+01 0.000000e+00 0.000000e+00 0.000000e+00 0.000000e+00 0.000000e+00 0.000000e+00 0.000000e+00 0.000000e+00 0.000000e+00
1.050000e-01 0.000000e+00 -1.530927e+03 9.348173e+02 0.000000e+00 0.000000e+00 0.000000e+00 8.604529e+01 6.246910e+01 2.395102e+03 -6.234091e+01 0.000000e+00 0.000000e+00 0.000000e+00 0.000000e+00 0.000000e+00 0.000000e+00 0.000000e+00 0.000000e+00 0.000000e+00
1.060000e-01 0.000000e+00 -1.554447e+03 9.353027e+02 0.000000e+00 0.000000e+00 0.000000e+00 8.526285e+01 6.175207e+01 2.398652e+03 -6.067831e+01 0.000000e+00 0.000000e+00 0.000000e+00 0.000000e+00 0.000000e+00 0.000000e+00 0.000000e+00 0.000000e+00 0.000000e+00
1.070000e-01 0.000000e+00 -1.577566e+03 9.355988e+02 0.000000e+00 0.000000e+00 0.000000e+00 8.448521e+01 6.103934e+01 2.402000e+03 -5.902680e+01 0.000000e+00 0.000000e+00 0.000000e+00 0.000000e+00 0.000000e+00 0.000000e+00 0.000000e+00 0.000000e+00 0.000000e+00
1.080000e-01 0.000000e+00 -1.600275e+03 9.357054e+02 0.000000e+00 0.000000e+00 0.000000e+00 8.371254e+01 6.033107e+01 2.405146e+03 -5.738664e+01 0.000000e+00 0.000000e+00 0.000000e+00 0.000000e+00 0.000000e+00 0.000000e+00 0.000000e+00 0.000000e+00 0.000000e+00
1.090000e-01 0.000000e+00 -1.622566e+03 9.356224e+02 0.000000e+00 0.000000e+00 0.000000e+00 8.294499e+01 5.962739e+01 2.408088e+03 -5.575808e+01 0.000000e+00 0.000000e+00 0.000000e+00 0.000000e+00 0.000000e+00 0.000000e+00 0.000000e+00 0.000000e+00 0.000000e+00
1.100000e-01 0.000000e+00 -1.644431e+03 9.353502e+02 0.000000e+00 0.000000e+00 0.000000e+00 8.218272e+01 5.892844e+01 2.410824e+03 -5.414139e+01 0.000000e+00 0.000000e+00 0.000000e+00 0.000000e+00 0.000000e+00 0.000000e+00 0.000000e+00 0.000000e+00 0.000000e+00
1.110000e-01 0.000000e+00 -1.665862e+03 9.348891e+02 0.000000e+00 0.000000e+00 0.000000e+00 8.142589e+01 5.823438e+01 2.413354e+03 -5.253681e+01 0.000000e+00 0.000000e+00 0.000000e+00 0.000000e+00 0.000000e+00 0.000000e+00 0.000000e+00 0.000000e+00 0.000000e+00
1.120000e-01 0.000000e+00 -1.686851e+03 9.342400e+02 0.000000e+00 0.000000e+00 0.000000e+00 8.067464e+01 5.754532e+01 2.415677e+03 -5.094457e+01 0.000000e+00 0.000000e+00 0.000000e+00 0.000000e+00 0.000000e+00 0.000000e+00 0.000000e+00 0.000000e+00 0.000000e+00
1.130000e-01 0.000000e+00 -1.707393e+03 9.334038e+02 0.000000e+00 0.000000e+00 0.000000e+00 7.992913e+01 5.686140e+01 2.417793e+03 -4.936493e+01 0.000000e+00 0.000000e+00 0.000000e+00 0.000000e+00 0.000000e+00 0.000000e+00 0.000000e+00 0.000000e+00 0.000000e+00
1.140000e-01 0.000000e+00 -1.727480e+03 9.323817e+02 0.000000e+00 0.000000e+00 0.000000e+00 7.918948e+01 5.618276e+01 2.419700e+03 -4.779811e+01 0.000000e+00 0.000000e+00 0.000000e+00 0.000000e+00 0.000000e+00 0.000000e+00 0.000000e+00 0.000000e+00 0.000000e+00
1.150000e-01 0.000000e+00 -1.747107e+03 9.311753e+02 0.000000e+00 0.000000e+00 0.000000e+00 7.845583e+01 5.550950e+01 2.421400e+03 -4.624433e+01 0.000000e+00 0.000000e+00 0.000000e+00 0.000000e+00 0.000000e+00 0.000000e+00 0.000000e+00 0.000000e+00 0.000000e+00
1.160000e-01 0.000000e+00 -1.766267e+03 9.297860e+02 0.000000e+00 0.000000e+00 0.000000e+00 7.772832e+01 5.484176e+01 2.422891e+03 -4.470382e+01 0.000000e+00 0.000000e+00 0.000000e+00 0.000000e+00 0.000000e+00 0.000000e+00 0.000000e+00 0.000000e+00 0.000000e+00
1.170000e-01 0.000000e+00 -1.784956e+03 9.282160e+02 0.000000e+00 0.000000e+00 0.000000e+00 7.700707e+01 5.417965e+01 2.424175e+03 -4.317679e+01 0.000000e+00 0.000000e+00 0.000000e+00 0.000000e+00 0.000000e+00 0.000000e+00 0.000000e+00 0.000000e+00 0.000000e+00
1.180000e-01 0.000000e+00 -1.803168e+03 9.264672e+02 0.000000e+00 0.000000e+00 0.000000e+00 7.629220e+01 5.352328e+01 2.425251e+03 -4.166345e+01 0.000000e+00 0.000000e+00 0.000000e+00 0.000000e+00 0.000000e+00 0.000000e+00 0.000000e+00 0.000000e+00 0.000000e+00
1.190000e-01 0.000000e+00 -1.820900e+03 9.245420e+02 0.000000e+00 0.000000e+00 0.000000e+00 7.558383e+01 5.287276e+01 2.426120e+03 -4.016401e+01 0.000000e+00 0.000000e+00 0.000000e+00 0.000000e+00 0.000000e+00 0.000000e+00 0.000000e+00 0.000000e+00 0.000000e+00
1.200000e-01 0.000000e+00 -1.838147e+03 9.224430e+02 0.000000e+00 0.000000e+00 0.000000e+00 7.488207e+01 5.222821e+01 2.426783e+03 -3.867867e+01 0.000000e+00 0.000000e+00 0.000000e+00 0.000000e+00 0.000000e+00 0.000000e+00 0.000000e+00 0.000000e+00 0.000000e+00
1.210000e-01 0.000000e+00 -1.854906e+03 9.201728e+02 0.000000e+00 0.000000e+00 0.000000e+00 7.418703e+01 5.158971e+01 2.427241e+03 -3.720763e+01 0.000000e+00 0.000000e+00 0.000000e+00 0.000000e+00 0.000000e+00 0.000000e+00 0.000000e+00 0.000000e+00 0.000000e+00
1.220000e-01 0.000000e+00 -1.871173e+03 9.177345e+02 0.000000e+00 0.000000e+00 0.000000e+00 7.349882e+01 5.095739e+01 2.427495e+03 -3.575109e+01 0.000000e+00 0.000000e+00 0.000000e+00 0.000000e+00 0.000000e+00 0.000000e+00 0.000000e+00 0.000000e+00 0.000000e+00
1.230000e-01 0.000000e+00 -1.886946e+03 9.151310e+02 0.000000e+00 0.000000e+00 0.000000e+00 7.281753e+01 5.033132e+01 2.427546e+03 -3.430923e+01 0.000000e+00 0.000000e+00 0.000000e+00 0.000000e+00 0.000000e+00 0.000000e+00 0.000000e+00 0.000000e+00 0.000000e+00
1.240000e-01 0.000000e+00 -1.902223e+03 9.123656e+02 0.000000e+00 0.000000e+00 0.000000e+00 7.214326e+01 4.971162e+01 2.427396e+03 -3.288224e+01 0.000000e+00 0.000000e+00 0.000000e+00 0.000000e+00 0.000000e+00 0.000000e+00 0.000000e+00 0.000000e+00 0.000000e+00
1.250000e-01 0.000000e+00 -1.917001e+03 9.094419e+02 0.000000e+00 0.000000e+00 0.000000e+00 7.147611e+01 4.909836e+01 2.427046e+03 -3.147031e+01 0.000000e+00 0.000000e+00 0.000000e+00 0.000000e+00 0.000000e+00 0.000000e+00 0.000000e+00 0.000000e+00 0.000000e+00
1.260000e-01 0.000000e+00 -1.931278e+03 9.063634e+02 0.000000e+00 0.000000e+00 0.000000e+00 7.081616e+01 4.849163e+01 2.426498e+03 -3.007362e+01 0.000000e+00 0.000000e+00 0.000000e+00 0.000000e+00 0.000000e+00 0.000000e+00 0.000000e+00 0.000000e+00 0.000000e+00
1.270000e-01 0.000000e+00 -1.945055e+03 9.031338e+02 0.000000e+00 0.000000e+00 0.000000e+00 7.016350e+01 4.789153e+01 2.425754e+03 -2.869235e+01 0.000000e+00 0.000000e+00 0.000000e+00 0.000000e+00 0.000000e+00 0.000000e+00 0.000000e+00 0.000000e+00 0.000000e+00
1.280000e-01 0.000000e+00 -1.958331e+03 8.997566e+02 0.000000e+00 0.000000e+00 0.000000e+00 6.951822e+01 4.729814e+01 2.424816e+03 -2.732669e+01 0.000000e+00 0.000000e+00 0.000000e+00 0.000000e+00 0.000000e+00 0.000000e+00 0.000000e+00 0.000000e+00 0.000000e+00
1.290000e-01 0.000000e+00 -1.971106e+03 8.962357e+02 0.000000e+00 0.000000e+00 0.000000e+00 6.888038e+01 4.671153e+01 2.423687e+03 -2.597680e+01 0.000000e+00 0.000000e+00 0.000000e+00 0.000000e+00 0.000000e+00 0.000000e+00 0.000000e+00 0.000000e+00 0.000000e+00
1.300000e-01 0.000000e+00 -1.983381e+03 8.925754e+02 0.000000e+00 0.000000e+00 0.000000e+00 6.825006e+01 4.613178e+01 2.422368e+03 -2.464285e+01 0.000000e+00 0.000000e+00 0.000000e+00 0.000000e+00 0.000000e+00 0.000000e+00 0.000000e+00 0.000000e+00 0.000000e+00
1.310000e-01 0.000000e+00 -1.995158e+03 8.887797e+02 0.000000e+00 0.000000e+00 0.000000e+00 6.762732e+01 4.555897e+01 2.420862e+03 -2.332502e+01 0.000000e+00 0.000000e+00 0.000000e+00 0.000000e+00 0.000000e+00 0.000000e+00 0.000000e+00 0.000000e+00 0.000000e+00
1.320000e-01 0.000000e+00 -2.006439e+03 8.848527e+02 0.000000e+00 0.000000e+00 0.000000e+00 6.701224e+01 4.499316e+01 2.419171e+03 -2.202347e+01 0.000000e+00 0.000000e+00 0.000000e+00 0.000000e+00 0.000000e+00 0.000000e+00 0.000000e+00 0.000000e+00 0.000000e+00
1.330000e-01 0.000000e+00 -2.017226e+03 8.807986e+02 0.000000e+00 0.000000e+00 0.000000e+00 6.640488e+01 4.443443e+01 2.417299e+03 -2.073837e+01 0.000000e+00 0.000000e+00 0.000000e+00 0.000000e+00 0.000000e+00 0.000000e+00 0.000000e+00 0.000000e+00 0.000000e+00
1.340000e-01 0.000000e+00 -2.027520e+03 8.766219e+02 0.000000e+00 0.000000e+00 0.000000e+00 6.580529e+01 4.388284e+01 2.415248e+03 -1.946987e+01 0.000000e+00 0.000000e+00 0.000000e+00 0.000000e+00 0.000000e+00 0.000000e+00 0.000000e+00 0.000000e+00 0.000000e+00
1.350000e-01 0.000000e+00 -2.037325e+03 8.723266e+02 0.000000e+00 0.000000e+00 0.000000e+00 6.521353e+01 4.333845e+01 2.413021e+03 -1.821815e+01 0.000000e+00 0.000000e+00 0.000000e+00 0.000000e+00 0.000000e+00 0.000000e+00 0.000000e+00 0.000000e+00 0.000000e+00
1.360000e-01 0.000000e+00 -2.046644e+03 8.679172e+02 0.000000e+00 0.000000e+00 0.000000e+00 6.462966e+01 4.280133e+01 2.410621e+03 -1.698337e+01 0.000000e+00 0.000000e+00 0.000000e+00 0.000000e+00 0.000000e+00 0.000000e+00 0.000000e+00 0.000000e+00 0.000000e+00
1.370000e-01 0.000000e+00 -2.055480e+03 8.633979e+02 0.000000e+00 0.000000e+00 0.000000e+00 6.405372e+01 4.227154e+01 2.408051e+03 -1.576569e+01 0.000000e+00 0.000000e+00 0.000000e+00 0.000000e+00 0.000000e+00 0.000000e+00 0.000000e+00 0.000000e+00 0.000000e+00
1.380000e-01 0.000000e+00 -2.063836e+03 8.587731e+02 0.000000e+00 0.000000e+00 0.000000e+00 6.348578e+01 4.174913e+01 2.405314e+03 -1.456527e+01 0.000000e+00 0.000000e+00 0.000000e+00 0.000000e+00 0.000000e+00 0.000000e+00 0.000000e+00 0.000000e+00 0.000000e+00
1.390000e-01 0.000000e+00 -2.071717e+03 8.540472e+02 0.000000e+00 0.000000e+00 0.000000e+00 6.292587e+01 4.123417e+01 2.402413e+03 -1.338228e+01 0.000000e+00 0.000000e+00 0.000000e+00 0.000000e+00 0.000000e+00 0.000000e+00 0.000000e+00 0.000000e+00 0.000000e+00
1.400000e-01 0.000000e+00 -2.079125e+03 8.492244e+02 0.000000e+00 0.000000e+00 0.000000e+00 6.237403e+01 4.072671e+01 2.399352e+03 -1.221686e+01 0.000000e+00 0.000000e+00 0.000000e+00 0.000000e+00 0.000000e+00 0.000000e+00 0.000000e+00 0.000000e+00 0.000000e+00
1.410000e-01 0.000000e+00 -2.086067e+03 8.443091e+02 0.000000e+00 0.000000e+00 0.000000e+00 6.183032e+01 4.022679e+01 2.396134e+03 -1.106918e+01 0.000000e+00 0.000000e+00 0.000000e+00 0.000000e+00 0.000000e+00 0.000000e+00 0.000000e+00 0.000000e+00 0.000000e+00
1.420000e-01 0.000000e+00 -2.092545e+03 8.393056e+02 0.000000e+00 0.000000e+00 0.000000e+00 6.129476e+01 3.973448e+01 2.392763e+03 -9.939390e+00 0.000000e+00 0.000000e+00 0.000000e+00 0.000000e+00 0.000000e+00 0.000000e+00 0.000000e+00 0.000000e+00 0.000000e+00
1.430000e-01 0.000000e+00 -2.098565e+03 8.342181e+02 0.000000e+00 0.000000e+00 0.000000e+00 6.076740e+01 3.924982e+01 2.389241e+03 -8.827651e+00 0.000000e+00 0.000000e+00 0.000000e+00 0.000000e+00 0.000000e+00 0.000000e+00 0.000000e+00 0.000000e+00 0.000000e+00
1.440000e-01 0.000000e+00 -2.104132e+03 8.290509e+02 0.000000e+00 0.000000e+00 0.000000e+00 6.024827e+01 3.877285e+01 2.385573e+03 -7.734112e+00 0.000000e+00 0.000000e+00 0.000000e+00 0.000000e+00 0.000000e+00 0.000000e+00 0.000000e+00 0.000000e+00 0.000000e+00
1.450000e-01 0.000000e+00 -2.109251e+03 8.238081e+02 0.000000e+00 0.000000e+00 0.000000e+00 5.973740e+01 3.830362e+01 2.381762e+03 -6.658927e+00 0.000000e+00 0.000000e+00 0.000000e+00 0.000000e+00 0.000000e+00 0.000000e+00 0.000000e+00 0.000000e+00 0.000000e+00
1.460000e-01 0.000000e+00 -2.113927e+03 8.184940e+02 0.000000e+00 0.000000e+00 0.000000e+00 5.923482e+01 3.784218e+01 2.377811e+03 -5.602243e+00 0.000000e+00 0.000000e+00 0.000000e+00 0.000000e+00 0.000000e+00 0.000000e+00 0.000000e+00 0.000000e+00 0.000000e+00
1.470000e-01 0.000000e+00 -2.118167e+03 8.131125e+02 0.000000e+00 0.000000e+00 0.000000e+00 5.874056e+01 3.738856e+01 2.373725e+03 -4.564210e+00 0.000000e+00 0.000000e+00 0.000000e+00 0.000000e+00 0.000000e+00 0.000000e+00 0.000000e+00 0.000000e+00 0.000000e+00
1.480000e-01 0.000000e+00 -2.121975e+03 8.076677e+02 0.000000e+00 0.000000e+00 0.000000e+00 5.825464e+01 3.694280e+01 2.369507e+03 -3.544972e+00 0.000000e+00 0.000000e+00 0.000000e+00 0.000000e+00 0.000000e+00 0.000000e+00 0.000000e+00 0.000000e+00 0.000000e+00
1.490000e-01 0.000000e+00 -2.125359e+03 8.021637e+02 0.000000e+00 0.000000e+00 0.000000e+00 5.777709e+01 3.650495e+01 2.365160e+03 -2.544673e+00 0.000000e+00 0.000000e+00 0.000000e+00 0.000000e+00 0.000000e+00 0.000000e+00 0.000000e+00 0.000000e+00 0.000000e+00
1.500000e-01 0.000000e+00 -2.128324e+03 7.966042e+02 0.000000e+00 0.000000e+00 0.000000e+00 5.730793e+01 3.607503e+01 2.360689e+03 -1.563455e+00 0.000000e+00 0.000000e+00 0.000000e+00 0.000000e+00 0.000000e+00 0.000000e+00 0.000000e+00 0.000000e+00 0.000000e+00
1.510000e-01 0.000000e+00 -2.130876e+03 7.909932e+02 0.000000e+00 0.000000e+00 0.000000e+00 5.684718e+01 3.565308e+01 2.356097e+03 -6.014568e-01 0.000000e+00 0.000000e+00 0.000000e+00 0.000000e+00 0.000000e+00 0.000000e+00 0.000000e+00 0.000000e+00 0.000000e+00
1.520000e-01 0.000000e+00 -2.133023e+03 7.853342e+02 0.000000e+00 0.000000e+00 0.000000e+00 5.639485e+01 3.523913e+01 2.351387e+03 3.411883e-01 0.000000e+00 0.000000e+00 0.000000e+00 0.000000e+00 0.000000e+00 0.000000e+00 0.000000e+00 0.000000e+00 0.000000e+00
1.530000e-01 0.000000e+00 -2.134772e+03 7.796307e+02 0.000000e+00 0.000000e+00 0.000000e+00 5.595096e+01 3.483321e+01 2.346564e+03 1.264352e+00 0.000000e+00 0.000000e+00 0.000000e+00 0.000000e+00 0.000000e+00 0.000000e+00 0.000000e+00 0.000000e+00 0.000000e+00
1.540000e-01 0.000000e+00 -2.136132e+03 7.738863e+02 0.000000e+00 0.000000e+00 0.000000e+00 5.551551e+01 3.443534e+01 2.341631e+03 2.167911e+00 0.000000e+00 0.000000e+00 0.000000e+00 0.000000e+00 0.000000e+00 0.000000e+00 0.000000e+00 0.000000e+00 0.000000e+00
1.550000e-01 0.000000e+00 -2.137110e+03 7.681043e+02 0.000000e+00 0.000000e+00 0.000000e+00 5.508850e+01 3.404554e+01 2.336592e+03 3.051744e+00 0.000000e+00 0.000000e+00 0.000000e+00 0.000000e+00 0.000000e+00 0.000000e+00 0.000000e+00 0.000000e+00 0.000000e+00
1.560000e-01 0.000000e+00 -2.137715e+03 7.622879e+02 0.000000e+00 0.000000e+00 0.000000e+00 5.466995e+01 3.366383e+01 2.331450e+03 3.915733e+00 0.000000e+00 0.000000e+00 0.000000e+00 0.000000e+00 0.000000e+00 0.000000e+00 0.000000e+00 0.000000e+00 0.000000e+00
1.570000e-01 0.000000e+00 -2.137953e+03 7.564405e+02 0.000000e+00 0.000000e+00 0.000000e+00 5.425986e+01 3.329023e+01 2.326210e+03 4.759762e+00 0.000000e+00 0.000000e+00 0.000000e+00 0.000000e+00 0.000000e+00 0.000000e+00 0.000000e+00 0.000000e+00 0.000000e+00
1.580000e-01 0.000000e+00 -2.137833e+03 7.505649e+02 0.000000e+00 0.000000e+00 0.000000e+00 5.385822e+01 3.292476e+01 2.320874e+03 5.583722e+00 0.000000e+00 0.000000e+00 0.000000e+00 0.000000e+00 0.000000e+00 0.000000e+00 0.000000e+00 0.000000e+00 0.000000e+00
1.590000e-01 0.000000e+00 -2.137363e+03 7.446642e+02 0.000000e+00 0.000000e+00 0.000000e+00 5.346503e+01 3.256744e+01 2.315447e+03 6.387504e+00 0.000000e+00 0.000000e+00 0.000000e+00 0.000000e+00 0.000000e+00 0.000000e+00 0.000000e+00 0.000000e+00 0.000000e+00
1.600000e-01 0.000000e+00 -2.136550e+03 7.387413e+02 0.000000e+00 0.000000e+00 0.000000e+00 5.308030e+01 3.221827e+01 2.309932e+03 7.171006e+00 0.000000e+00 0.000000e+00 0.000000e+00 0.000000e+00 0.000000e+00 0.000000e+00 0.000000e+00 0.000000e+00 0.000000e+00
1.610000e-01 0.000000e+00 -2.135403e+03 7.327988e+02 0.000000e+00 0.000000e+00 0.000000e+00 5.270402e+01 3.187726e+01 2.304333e+03 7.934127e+00 0.000000e+00 0.000000e+00 0.000000e+00 0.000000e+00 0.000000e+00 0.000000e+00 0.000000e+00 0.000000e+00 0.000000e+00
1.620000e-01 0.000000e+00 -2.133930e+03 7.268394e+02 0.000000e+00 0.000000e+00 0.000000e+00 5.233618e+01 3.154443e+01 2.298652e+03 8.676774e+00 0.000000e+00 0.000000e+00 0.000000e+00 0.000000e+00 0.000000e+00 0.000000e+00 0.000000e+00 0.000000e+00 0.000000e+00
1.630000e-01 0.000000e+00 -2.132139e+03 7.208657e+02 0.000000e+00 0.000000e+00 0.000000e+00 5.197677e+01 3.121978e+01 2.292894e+03 9.398855e+00 0.000000e+00 0.000000e+00 0.000000e+00 0.000000e+00 0.000000e+00 0.000000e+00 0.000000e+00 0.000000e+00 0.000000e+00
1.640000e-01 0.000000e+00 -2.130037e+03 7.148800e+02 0.000000e+00 0.000000e+00 0.000000e+00 5.162578e+01 3.090332e+01 2.287063e+03 1.010028e+01 0.000000e+00 0.000000e+00 0.000000e+00 0.000000e+00 0.000000e+00 0.000000e+00 0.000000e+00 0.000000e+00 0.000000e+00
1.650000e-01 0.000000e+00 -2.127632e+03 7.088848e+02 0.000000e+00 0.000000e+00 0.000000e+00 5.128320e+01 3.059504e+01 2.281160e+03 1.078098e+01 0.000000e+00 0.000000e+00 0.000000e+00 0.000000e+00 0.000000e+00 0.000000e+00 0.000000e+00 0.000000e+00 0.000000e+00
1.660000e-01 0.000000e+00 -2.124932e+03 7.028820e+02 0.000000e+00 0.000000e+00 0.000000e+00 5.094902e+01 3.029496e+01 2.275190e+03 1.144087e+01 0.000000e+00 0.000000e+00 0.000000e+00 0.000000e+00 0.000000e+00 0.000000e+00 0.000000e+00 0.000000e+00 0.000000e+00
1.670000e-01 0.000000e+00 -2.121946e+03 6.968740e+02 0.000000e+00 0.000000e+00 0.000000e+00 5.062322e+01 3.000307e+01 2.269157e+03 1.207987e+01 0.000000e+00 0.000000e+00 0.000000e+00 0.000000e+00 0.000000e+00 0.000000e+00 0.000000e+00 0.000000e+00 0.000000e+00
1.680000e-01 0.000000e+00 -2.118680e+03 6.908626e+02 0.000000e+00 0.000000e+00 0.000000e+00 5.030578e+01 2.971936e+01 2.263063e+03 1.269793e+01 0.000000e+00 0.000000e+00 0.000000e+00 0.000000e+00 0.000000e+00 0.000000e+00 0.000000e+00 0.000000e+00 0.000000e+00
1.690000e-01 0.000000e+00 -2.115143e+03 6.848498e+02 0.000000e+00 0.000000e+00 0.000000e+00 4.999668e+01 2.944384e+01 2.256911e+03 1.329498e+01 0.000000e+00 0.000000e+00 0.000000e+00 0.000000e+00 0.000000e+00 0.000000e+00 0.000000e+00 0.000000e+00 0.000000e+00
1.700000e-01 0.000000e+00 -2.111342e+03 6.788373e+02 0.000000e+00 0.000000e+00 0.000000e+00 4.969591e+01 2.917649e+01 2.250705e+03 1.387097e+01 0.000000e+00 0.000000e+00 0.000000e+00 0.000000e+00 0.000000e+00 0.000000e+00 0.000000e+00 0.000000e+00 0.000000e+00
1.710000e-01 0.000000e+00 -2.107284e+03 6.728269e+02 0.000000e+00 0.000000e+00 0.000000e+00 4.940343e+01 2.891731e+01 2.244447e+03 1.442584e+01 0.000000e+00 0.000000e+00 0.000000e+00 0.000000e+00 0.000000e+00 0.000000e+00 0.000000e+00 0.000000e+00 0.000000e+00
1.720000e-01 0.000000e+00 -2.102978e+03 6.668201e+02 0.000000e+00 0.000000e+00 0.000000e+00 4.911924e+01 2.866629e+01 2.238142e+03 1.495956e+01 0.000000e+00 0.000000e+00 0.000000e+00 0.000000e+00 0.000000e+00 0.000000e+00 0.000000e+00 0.000000e+00 0.000000e+00
1.730000e-01 0.000000e+00 -2.098430e+03 6.608184e+02 0.000000e+00 0.000000e+00 0.000000e+00 4.884329e+01 2.842341e+01 2.231791e+03 1.547208e+01 0.000000e+00 0.000000e+00 0.000000e+00 0.000000e+00 0.000000e+00 0.000000e+00 0.000000e+00 0.000000e+00 0.000000e+00
1.740000e-01 0.000000e+00 -2.093649e+03 6.548231e+02 0.000000e+00 0.000000e+00 0.000000e+00 4.857556e+01 2.818866e+01 2.225398e+03 1.596337e+01 0.000000e+00 0.000000e+00 0.000000e+00 0.000000e+00 0.000000e+00 0.000000e+00 0.000000e+00 0.000000e+00 0.000000e+00
1.750000e-01 0.000000e+00 -2.088641e+03 6.488357e+02 0.000000e+00 0.000000e+00 0.000000e+00 4.831603e+01 2.796202e+01 2.218966e+03 1.643340e+01 0.000000e+00 0.000000e+00 0.000000e+00 0.000000e+00 0.000000e+00 0.000000e+00 0.000000e+00 0.000000e+00 0.000000e+00
1.760000e-01 0.000000e+00 -2.083415e+03 6.428573e+02 0.000000e+00 0.000000e+00 0.000000e+00 4.806465e+01 2.774347e+01 2.212497e+03 1.688218e+01 0.000000e+00 0.000000e+00 0.000000e+00 0.000000e+00 0.000000e+00 0.000000e+00 0.000000e+00 0.000000e+00 0.000000e+00
1.770000e-01 0.000000e+00 -2.077979e+03 6.368890e+02 0.000000e+00 0.000000e+00 0.000000e+00 4.782137e+01 2.753297e+01 2.205994e+03 1.730971e+01 0.000000e+00 0.000000e+00 0.000000e+00 0.000000e+00 0.000000e+00 0.000000e+00 0.000000e+00 0.000000e+00 0.000000e+00
1.780000e-01 0.000000e+00 -2.072342e+03 6.309317e+02 0.000000e+00 0.000000e+00 0.000000e+00 4.758616e+01 2.733049e+01 2.199460e+03 1.771600e+01 0.000000e+00 0.000000e+00 0.000000e+00 0.000000e+00 0.000000e+00 0.000000e+00 0.000000e+00 0.000000e+00 0.000000e+00
1.790000e-01 0.000000e+00 -2.066511e+03 6.249863e+02 0.000000e+00 0.000000e+00 0.000000e+00 4.735896e+01 2.713600e+01 2.192898e+03 1.810105e+01 0.000000e+00 0.000000e+00 0.000000e+00 0.000000e+00 0.000000e+00 0.000000e+00 0.000000e+00 0.000000e+00 0.000000e+00
1.800000e-01 0.000000e+00 -2.060494e+03 6.190537e+02 0.000000e+00 0.000000e+00 0.000000e+00 4.713973e+01 2.694947e+01 2.186309e+03 1.846489e+01 0.000000e+00 0.000000e+00 0.000000e+00 0.000000e+00 0.000000e+00 0.000000e+00 0.000000e+00 0.000000e+00 0.000000e+00
1.810000e-01 0.000000e+00 -2.054299e+03 6.131346e+02 0.000000e+00 0.000000e+00 0.000000e+00 4.692843e+01 2.677086e+01 2.179698e+03 1.880756e+01 0.000000e+00 0.000000e+00 0.000000e+00 0.000000e+00 0.000000e+00 0.000000e+00 0.000000e+00 0.000000e+00 0.000000e+00
1.820000e-01 0.000000e+00 -2.047933e+03 6.072297e+02 0.000000e+00 0.000000e+00 0.000000e+00 4.672498e+01 2.660012e+01 2.173065e+03 1.912908e+01 0.000000e+00 0.000000e+00 0.000000e+00 0.000000e+00 0.000000e+00 0.000000e+00 0.000000e+00 0.000000e+00 0.000000e+00
1.830000e-01 0.000000e+00 -2.041404e+03 6.013395e+02 0.000000e+00 0.000000e+00 0.000000e+00 4.652935e+01 2.643721e+01 2.166413e+03 1.942951e+01 0.000000e+00 0.000000e+00 0.000000e+00 0.000000e+00 0.000000e+00 0.000000e+00 0.000000e+00 0.000000e+00 0.000000e+00
1.840000e-01 0.000000e+00 -2.034719e+03 5.954647e+02 0.000000e+00 0.000000e+00 0.000000e+00 4.634148e+01 2.628210e+01 2.159746e+03 1.970889e+01 0.000000e+00 0.000000e+00 0.000000e+00 0.000000e+00 0.000000e+00 0.000000e+00 0.000000e+00 0.000000e+00 0.000000e+00
1.850000e-01 0.000000e+00 -2.027885e+03 5.896056e+02 0.000000e+00 0.000000e+00 0.000000e+00 4.616130e+01 2.613473e+01 2.153064e+03 1.996729e+01 0.000000e+00 0.000000e+00 0.000000e+00 0.000000e+00 0.000000e+00 0.000000e+00 0.000000e+00 0.000000e+00 0.000000e+00
1.860000e-01 0.000000e+00 -2.020908e+03 5.837628e+02 0.000000e+00 0.000000e+00 0.000000e+00 4.598876e+01 2.599504e+01 2.146370e+03 2.020477e+01 0.000000e+00 0.000000e+00 0.000000e+00 0.000000e+00 0.000000e+00 0.000000e+00 0.000000e+00 0.000000e+00 0.000000e+00
1.870000e-01 0.000000e+00 -2.013797e+03 5.779365e+02 0.000000e+00 0.000000e+00 0.000000e+00 4.582380e+01 2.586300e+01 2.139667e+03 2.042141e+01 0.000000e+00 0.000000e+00 0.000000e+00 0.000000e+00 0.000000e+00 0.000000e+00 0.000000e+00 0.000000e+00 0.000000e+00
1.880000e-01 0.000000e+00 -2.006557e+03 5.721270e+02 0.000000e+00 0.000000e+00 0.000000e+00 4.566634e+01 2.573854e+01 2.132955e+03 2.061730e+01 0.000000e+00 0.000000e+00 0.000000e+00 0.000000e+00 0.000000e+00 0.000000e+00 0.000000e+00 0.000000e+00 0.000000e+00
1.890000e-01 0.000000e+00 -1.999195e+03 5.663346e+02 0.000000e+00 0.000000e+00 0.000000e+00 4.551633e+01 2.562162e+01 2.126239e+03 2.079252e+01 0.000000e+00 0.000000e+00 0.000000e+00 0.000000e+00 0.000000e+00 0.000000e+00 0.000000e+00 0.000000e+00 0.000000e+00
1.900000e-01 0.000000e+00 -1.991717e+03 5.605595e+02 0.000000e+00 0.000000e+00 0.000000e+00 4.537370e+01 2.551215e+01 2.119518e+03 2.094717e+01 0.000000e+00 0.000000e+00 0.000000e+00 0.000000e+00 0.000000e+00 0.000000e+00 0.000000e+00 0.000000e+00 0.000000e+00
1.910000e-01 0.000000e+00 -1.984130e+03 5.548017e+02 0.000000e+00 0.000000e+00 0.000000e+00 4.523837e+01 2.541010e+01 2.112796e+03 2.108135e+01 0.000000e+00 0.000000e+00 0.000000e+00 0.000000e+00 0.000000e+00 0.000000e+00 0.000000e+00 0.000000e+00 0.000000e+00
1.920000e-01 0.000000e+00 -1.976439e+03 5.490614e+02 0.000000e+00 0.000000e+00 0.000000e+00 4.511028e+01 2.531540e+01 2.106073e+03 2.119519e+01 0.000000e+00 0.000000e+00 0.000000e+00 0.000000e+00 0.000000e+00 0.000000e+00 0.000000e+00 0.000000e+00 0.000000e+00
1.930000e-01 0.000000e+00 -1.968651e+03 5.433387e+02 0.000000e+00 0.000000e+00 0.000000e+00 4.498935e+01 2.522797e+01 2.099353e+03 2.128880e+01 0.000000e+00 0.000000e+00 0.000000e+00 0.000000e+00 0.000000e+00 0.000000e+00 0.000000e+00 0.000000e+00 0.000000e+00
1.940000e-01 0.000000e+00 -1.960772e+03 5.376334e+02 0.000000e+00 0.000000e+00 0.000000e+00 4.487551e+01 2.514775e+01 2.092635e+03 2.136231e+01 0.000000e+00 0.000000e+00 0.000000e+00 0.000000e+00 0.000000e+00 0.000000e+00 0.000000e+00 0.000000e+00 0.000000e+00
1.950000e-01 0.000000e+00 -1.952806e+03 5.319456e+02 0.000000e+00 0.000000e+00 0.000000e+00 4.476868e+01 2.507468e+01 2.085923e+03 2.141586e+01 0.000000e+00 0.000000e+00 0.000000e+00 0.000000e+00 0.000000e+00 0.000000e+00 0.000000e+00 0.000000e+00 0.000000e+00
1.960000e-01 0.000000e+00 -1.944760e+03 5.262752e+02 0.000000e+00 0.000000e+00 0.000000e+00 4.466879e+01 2.500868e+01 2.079218e+03 2.144958e+01 0.000000e+00 0.000000e+00 0.000000e+00 0.000000e+00 0.000000e+00 0.000000e+00 0.000000e+00 0.000000e+00 0.000000e+00
1.970000e-01 0.000000e+00 -1.936639e+03 5.206220e+02 0.000000e+00 0.000000e+00 0.000000e+00 4.457575e+01 2.494968e+01 2.072521e+03 2.146363e+01 0.000000e+00 0.000000e+00 0.000000e+00 0.000000e+00 0.000000e+00 0.000000e+00 0.000000e+00 0.000000e+00 0.000000e+00
1.980000e-01 0.000000e+00 -1.928448e+03 5.149860e+02 0.000000e+00 0.000000e+00 0.000000e+00 4.448948e+01 2.489761e+01 2.065834e+03 2.145816e+01 0.000000e+00 0.000000e+00 0.000000e+00 0.000000e+00 0.000000e+00 0.000000e+00 0.000000e+00 0.000000e+00 0.000000e+00
1.990000e-01 0.000000e+00 -1.920192e+03 5.093669e+02 0.000000e+00 0.000000e+00 0.000000e+00 4.440989e+01 2.485237e+01 2.059158e+03 2.143335e+01 0.000000e+00 0.000000e+00 0.000000e+00 0.000000e+00 0.000000e+00 0.000000e+00 0.000000e+00 0.000000e+00 0.000000e+00
2.000000e-01 0.000000e+00 -1.911879e+03 5.037644e+02 0.000000e+00 0.000000e+00 0.000000e+00 4.433689e+01 2.481388e+01 2.052494e+03 2.138941e+01 0.000000e+00 0.000000e+00 0.000000e+00 0.000000e+00 0.000000e+00 0.000000e+00 0.000000e+00 0.000000e+00 0.000000e+00
2.010000e-01 0.000000e+00 -1.903514e+03 4.981782e+02 0.000000e+00 0.000000e+00 0.000000e+00 4.427036e+01 2.478204e+01 2.045845e+03 2.132653e+01 0.000000e+00 0.000000e+00 0.000000e+00 0.000000e+00 0.000000e+00 0.000000e+00 0.000000e+00 0.000000e+00 0.000000e+00
2.020000e-01 0.000000e+00 -1.895102e+03 4.926081e+02 0.000000e+00 0.000000e+00 0.000000e+00 4.421023e+01 2.475676e+01 2.039211e+03 2.124491e+01 0.000000e+00 0.000000e+00 0.000000e+00 0.000000e+00 0.000000e+00 0.000000e+00 0.000000e+00 0.000000e+00 0.000000e+00
2.030000e-01 0.000000e+00 -1.886648e+03 4.870536e+02 0.000000e+00 0.000000e+00 0.000000e+00 4.415637e+01 2.473795e+01 2.032593e+03 2.114476e+01 0.000000e+00 0.000000e+00 0.000000e+00 0.000000e+00 0.000000e+00 0.000000e+00 0.000000e+00 0.000000e+00 0.000000e+00
2.040000e-01 0.000000e+00 -1.878158e+03 4.815145e+02 0.000000e+00 0.000000e+00 0.000000e+00 4.410870e+01 2.472550e+01 2.025992e+03 2.102632e+01 0.000000e+00 0.000000e+00 0.000000e+00 0.000000e+00 0.000000e+00 0.000000e+00 0.000000e+00 0.000000e+00 0.000000e+00
2.050000e-01 0.000000e+00 -1.869636e+03 4.759904e+02 0.000000e+00 0.000000e+00 0.000000e+00 4.406710e+01 2.471933e+01 2.019411e+03 2.088979e+01 0.000000e+00 0.000000e+00 0.000000e+00 0.000000e+00 0.000000e+00 0.000000e+00 0.000000e+00 0.000000e+00 0.000000e+00
2.060000e-01 0.000000e+00 -1.861088e+03 4.704808e+02 0.000000e+00 0.000000e+00 0.000000e+00 4.403148e+01 2.471932e+01 2.012849e+03 2.073543e+01 0.000000e+00 0.000000e+00 0.000000e+00 0.000000e+00 0.000000e+00 0.000000e+00 0.000000e+00 0.000000e+00 0.000000e+00
2.070000e-01 0.000000e+00 -1.852517e+03 4.649854e+02 0.000000e+00 0.000000e+00 0.000000e+00 4.400172e+01 2.472538e+01 2.006309e+03 2.056347e+01 0.000000e+00 0.000000e+00 0.000000e+00 0.000000e+00 0.000000e+00 0.000000e+00 0.000000e+00 0.000000e+00 0.000000e+00
2.080000e-01 0.000000e+00 -1.843930e+03 4.595038e+02 0.000000e+00 0.000000e+00 0.000000e+00 4.397770e+01 2.473739e+01 1.999790e+03 2.037417e+01 0.000000e+00 0.000000e+00 0.000000e+00 0.000000e+00 0.000000e+00 0.000000e+00 0.000000e+00 0.000000e+00 0.000000e+00
2.090000e-01 0.000000e+00 -1.835329e+03 4.540355e+02 0.000000e+00 0.000000e+00 0.000000e+00 4.395933e+01 2.475526e+01 1.993294e+03 2.016778e+01 0.000000e+00 0.000000e+00 0.000000e+00 0.000000e+00 0.000000e+00 0.000000e+00 0.000000e+00 0.000000e+00 0.000000e+00
2.100000e-01 0.000000e+00 -1.826720e+03 4.485801e+02 0.000000e+00 0.000000e+00 0.000000e+00 4.394649e+01 2.477886e+01 1.986822e+03 1.994456e+01 0.000000e+00 0.000000e+00 0.000000e+00 0.000000e+00 0.000000e+00 0.000000e+00 0.000000e+00 0.000000e+00 0.000000e+00
2.110000e-01 0.000000e+00 -1.818106e+03 4.431372e+02 0.000000e+00 0.000000e+00 0.000000e+00 4.393906e+01 2.480808e+01 1.980375e+03 1.970480e+01 0.000000e+00 0.000000e+00 0.000000e+00 0.000000e+00 0.000000e+00 0.000000e+00 0.000000e+00 0.000000e+00 0.000000e+00
2.120000e-01 0.000000e+00 -1.809492e+03 4.377063e+02 0.000000e+00 0.000000e+00 0.000000e+00 4.393693e+01 2.484282e+01 1.973953e+03 1.944877e+01 0.000000e+00 0.000000e+00 0.000000e+00 0.000000e+00 0.000000e+00 0.000000e+00 0.000000e+00 0.000000e+00 0.000000e+00
2.130000e-01 0.000000e+00 -1.800881e+03 4.322870e+02 0.000000e+00 0.000000e+00 0.000000e+00 4.393997e+01 2.488296e+01 1.967558e+03 1.917676e+01 0.000000e+00 0.000000e+00 0.000000e+00 0.000000e+00 0.000000e+00 0.000000e+00 0.000000e+00 0.000000e+00 0.000000e+00
2.140000e-01 0.000000e+00 -1.792277e+03 4.268787e+02 0.000000e+00 0.000000e+00 0.000000e+00 4.394807e+01 2.492838e+01 1.961189e+03 1.888905e+01 0.000000e+00 0.000000e+00 0.000000e+00 0.000000e+00 0.000000e+00 0.000000e+00 0.000000e+00 0.000000e+00 0.000000e+00
2.150000e-01 0.000000e+00 -1.783683e+03 4.214811e+02 0.000000e+00 0.000000e+00 0.000000e+00 4.396111e+01 2.497895e+01 1.954849e+03 1.858595e+01 0.000000e+00 0.000000e+00 0.000000e+00 0.000000e+00 0.000000e+00 0.000000e+00 0.000000e+00 0.000000e+00 0.000000e+00
2.160000e-01 0.000000e+00 -1.775104e+03 4.160937e+02 0.000000e+00 0.000000e+00 0.000000e+00 4.397897e+01 2.503457e+01 1.948537e+03 1.826776e+01 0.000000e+00 0.000000e+00 0.000000e+00 0.000000e+00 0.000000e+00 0.000000e+00 0.000000e+00 0.000000e+00 0.000000e+00
2.170000e-01 0.000000e+00 -1.766541e+03 4.107160e+02 0.000000e+00 0.000000e+00 0.000000e+00 4.400153e+01 2.509511e+01 1.942254e+03 1.793479e+01 0.000000e+00 0.000000e+00 0.000000e+00 0.000000e+00 0.000000e+00 0.000000e+00 0.000000e+00 0.000000e+00 0.000000e+00
2.180000e-01 0.000000e+00 -1.758000e+03 4.053475e+02 0.000000e+00 0.000000e+00 0.000000e+00 4.402866e+01 2.516045e+01 1.936001e+03 1.758736e+01 0.000000e+00 0.000000e+00 0.000000e+00 0.000000e+00 0.000000e+00 0.000000e+00 0.000000e+00 0.000000e+00 0.000000e+00
2.190000e-01 0.000000e+00 -1.749481e+03 3.999878e+02 0.000000e+00 0.000000e+00 0.000000e+00 4.406023e+01 2.523045e+01 1.929778e+03 1.722578e+01 0.000000e+00 0.000000e+00 0.000000e+00 0.000000e+00 0.000000e+00 0.000000e+00 0.000000e+00 0.000000e+00 0.000000e+00
2.200000e-01 0.000000e+00 -1.740989e+03 3.946365e+02 0.000000e+00 0.000000e+00 0.000000e+00 4.409613e+01 2.530501e+01 1.923587e+03 1.685038e+01 0.000000e+00 0.000000e+00 0.000000e+00 0.000000e+00 0.000000e+00 0.000000e+00 0.000000e+00 0.000000e+00 0.000000e+00
2.210000e-01 0.000000e+00 -1.732526e+03 3.892931e+02 0.000000e+00 0.000000e+00 0.000000e+00 4.413622e+01 2.538398e+01 1.917426e+03 1.646149e+01 0.000000e+00 0.000000e+00 0.000000e+00 0.000000e+00 0.000000e+00 0.000000e+00 0.000000e+00 0.000000e+00 0.000000e+00
2.220000e-01 0.000000e+00 -1.724096e+03 3.839570e+02 0.000000e+00 0.000000e+00 0.000000e+00 4.418038e+01 2.546724e+01 1.911298e+03 1.605946e+01 0.000000e+00 0.000000e+00 0.000000e+00 0.000000e+00 0.000000e+00 0.000000e+00 0.000000e+00 0.000000e+00 0.000000e+00
2.230000e-01 0.000000e+00 -1.715702e+03 3.786278e+02 0.000000e+00 0.000000e+00 0.000000e+00 4.422845e+01 2.555464e+01 1.905202e+03 1.564467e+01 0.000000e+00 0.000000e+00 0.000000e+00 0.000000e+00 0.000000e+00 0.000000e+00 0.000000e+00 0.000000e+00 0.000000e+00
2.240000e-01 0.000000e+00 -1.707346e+03 3.733048e+02 0.000000e+00 0.000000e+00 0.000000e+00 4.428029e+01 2.564604e+01 1.899140e+03 1.521749e+01 0.000000e+00 0.000000e+00 0.000000e+00 0.000000e+00 0.000000e+00 0.000000e+00 0.000000e+00 0.000000e+00 0.000000e+00
2.250000e-01 0.000000e+00 -1.699032e+03 3.679878e+02 0.000000e+00 0.000000e+00 0.000000e+00 4.433577e+01 2.574129e+01 1.893110e+03 1.477828e+01 0.000000e+00 0.000000e+00 0.000000e+00 0.000000e+00 0.000000e+00 0.000000e+00 0.000000e+00 0.000000e+00 0.000000e+00
2.260000e-01 0.000000e+00 -1.690763e+03 3.626761e+02 0.000000e+00 0.000000e+00 0.000000e+00 4.439473e+01 2.584026e+01 1.887114e+03 1.432741e+01 0.000000e+00 0.000000e+00 0.000000e+00 0.000000e+00 0.000000e+00 0.000000e+00 0.000000e+00 0.000000e+00 0.000000e+00
2.270000e-01 0.000000e+00 -1.682541e+03 3.573692e+02 0.000000e+00 0.000000e+00 0.000000e+00 4.445704e+01 2.594281e+01 1.881152e+03 1.386527e+01 0.000000e+00 0.000000e+00 0.000000e+00 0.000000e+00 0.000000e+00 0.000000e+00 0.000000e+00 0.000000e+00 0.000000e+00
2.280000e-01 0.000000e+00 -1.674368e+03 3.520667e+02 0.000000e+00 0.000000e+00 0.000000e+00 4.452256e+01 2.604878e+01 1.875225e+03 1.339224e+01 0.000000e+00 0.000000e+00 0.000000e+00 0.000000e+00 0.000000e+00 0.000000e+00 0.000000e+00 0.000000e+00 0.000000e+00
2.290000e-01 0.000000e+00 -1.666248e+03 3.467682e+02 0.000000e+00 0.000000e+00 0.000000e+00 4.459113e+01 2.615803e+01 1.869332e+03 1.290871e+01 0.000000e+00 0.000000e+00 0.000000e+00 0.000000e+00 0.000000e+00 0.000000e+00 0.000000e+00 0.000000e+00 0.000000e+00
2.300000e-01 0.000000e+00 -1.658182e+03 3.414730e+02 0.000000e+00 0.000000e+00 0.000000e+00 4.466262e+01 2.627041e+01 1.863474e+03 1.241509e+01 0.000000e+00 0.000000e+00 0.000000e+00 0.000000e+00 0.000000e+00 0.000000e+00 0.000000e+00 0.000000e+00 0.000000e+00
2.310000e-01 0.000000e+00 -1.650173e+03 3.361809e+02 0.000000e+00 0.000000e+00 0.000000e+00 4.473686e+01 2.638577e+01 1.857652e+03 1.191176e+01 0.000000e+00 0.000000e+00 0.000000e+00 0.000000e+00 0.000000e+00 0.000000e+00 0.000000e+00 0.000000e+00 0.000000e+00
2.320000e-01 0.000000e+00 -1.642222e+03 3.308912e+02 0.000000e+00 0.000000e+00 0.000000e+00 4.481372e+01 2.650396e+01 1.851865e+03 1.139914e+01 0.000000e+00 0.000000e+00 0.000000e+00 0.000000e+00 0.000000e+00 0.000000e+00 0.000000e+00 0.000000e+00 0.000000e+00
2.330000e-01 0.000000e+00 -1.634332e+03 3.256036e+02 0.000000e+00 0.000000e+00 0.000000e+00 4.489304e+01 2.662484e+01 1.846114e+03 1.087764e+01 0.000000e+00 0.000000e+00 0.000000e+00 0.000000e+00 0.000000e+00 0.000000e+00 0.000000e+00 0.000000e+00 0.000000e+00
2.340000e-01 0.000000e+00 -1.626504e+03 3.203177e+02 0.000000e+00 0.000000e+00 0.000000e+00 4.497467e+01 2.674823e+01 1.840399e+03 1.034767e+01 0.000000e+00 0.000000e+00 0.000000e+00 0.000000e+00 0.000000e+00 0.000000e+00 0.000000e+00 0.000000e+00 0.000000e+00
2.350000e-01 0.000000e+00 -1.618741e+03 3.150329e+02 0.000000e+00 0.000000e+00 0.000000e+00 4.505847e+01 2.687401e+01 1.834720e+03 9.809653e+00 0.000000e+00 0.000000e+00 0.000000e+00 0.000000e+00 0.000000e+00 0.000000e+00 0.000000e+00 0.000000e+00 0.000000e+00
2.360000e-01 0.000000e+00 -1.611045e+03 3.097489e+02 0.000000e+00 0.000000e+00 0.000000e+00 4.514427e+01 2.700200e+01 1.829077e+03 9.264004e+00 0.000000e+00 0.000000e+00 0.000000e+00 0.000000e+00 0.000000e+00 0.000000e+00 0.000000e+00 0.000000e+00 0.000000e+00
2.370000e-01 0.000000e+00 -1.603415e+03 3.044653e+02 0.000000e+00 0.000000e+00 0.000000e+00 4.523194e+01 2.713205e+01 1.823471e+03 8.711151e+00 0.000000e+00 0.000000e+00 0.000000e+00 0.000000e+00 0.000000e+00 0.000000e+00 0.000000e+00 0.000000e+00 0.000000e+00
2.380000e-01 0.000000e+00 -1.595856e+03 2.991817e+02 0.000000e+00 0.000000e+00 0.000000e+00 4.532130e+01 2.726401e+01 1.817901e+03 8.151522e+00 0.000000e+00 0.000000e+00 0.000000e+00 0.000000e+00 0.000000e+00 0.000000e+00 0.000000e+00 0.000000e+00 0.000000e+00
2.390000e-01 0.000000e+00 -1.588366e+03 2.938975e+02 0.000000e+00 0.000000e+00 0.000000e+00 4.541222e+01 2.739773e+01 1.812368e+03 7.585549e+00 0.000000e+00 0.000000e+00 0.000000e+00 0.000000e+00 0.000000e+00 0.000000e+00 0.000000e+00 0.000000e+00 0.000000e+00
2.400000e-01 0.000000e+00 -1.580949e+03 2.886126e+02 0.000000e+00 0.000000e+00 0.000000e+00 4.550453e+01 2.753303e+01 1.806872e+03 7.013665e+00 0.000000e+00 0.000000e+00 0.000000e+00 0.000000e+00 0.000000e+00 0.000000e+00 0.000000e+00 0.000000e+00 0.000000e+00
2.410000e-01 0.000000e+00 -1.573606e+03 2.833265e+02 0.000000e+00 0.000000e+00 0.000000e+00 4.559809e+01 2.766978e+01 1.801413e+03 6.436306e+00 0.000000e+00 0.000000e+00 0.000000e+00 0.000000e+00 0.000000e+00 0.000000e+00 0.000000e+00 0.000000e+00 0.000000e+00
2.420000e-01 0.000000e+00 -1.566336e+03 2.780388e+02 0.000000e+00 0.000000e+00 0.000000e+00 4.569273e+01 2.780780e+01 1.795991e+03 5.853911e+00 0.000000e+00 0.000000e+00 0.000000e+00 0.000000e+00 0.000000e+00 0.000000e+00 0.000000e+00 0.000000e+00 0.000000e+00
2.430000e-01 0.000000e+00 -1.559142e+03 2.727492e+02 0.000000e+00 0.000000e+00 0.000000e+00 4.578831e+01 2.794694e+01 1.790607e+03 5.266920e+00 0.000000e+00 0.000000e+00 0.000000e+00 0.000000e+00 0.000000e+00 0.000000e+00 0.000000e+00 0.000000e+00 0.000000e+00
2.440000e-01 0.000000e+00 -1.552025e+03 2.674573e+02 0.000000e+00 0.000000e+00 0.000000e+00 4.588467e+01 2.808704e+01 1.785259e+03 4.675775e+00 0.000000e+00 0.000000e+00 0.000000e+00 0.000000e+00 0.000000e+00 0.000000e+00 0.000000e+00 0.000000e+00 0.000000e+00
2.450000e-01 0.000000e+00 -1.544985e+03 2.621628e+02 0.000000e+00 0.000000e+00 0.000000e+00 4.598166e+01 2.822795e+01 1.779948e+03 4.080919e+00 0.000000e+00 0.000000e+00 0.000000e+00 0.000000e+00 0.000000e+00 0.000000e+00 0.000000e+00 0.000000e+00 0.000000e+00
2.460000e-01 0.000000e+00 -1.538024e+03 2.568654e+02 0.000000e+00 0.000000e+00 0.000000e+00 4.607911e+01 2.836950e+01 1.774675e+03 3.482811e+00 0.000000e+00 0.000000e+00 0.000000e+00 0.000000e+00 0.000000e+00 0.000000e+00 0.000000e+00 0.000000e+00 0.000000e+00
2.470000e-01 0.000000e+00 -1.531142e+03 2.515645e+02 0.000000e+00 0.000000e+00 0.000000e+00 4.617685e+01 2.851151e+01 1.769439e+03 2.881940e+00 0.000000e+00 0.000000e+00 0.000000e+00 0.000000e+00 0.000000e+00 0.000000e+00 0.000000e+00 0.000000e+00 0.000000e+00
2.480000e-01 0.000000e+00 -1.524342e+03 2.462598e+02 0.000000e+00 0.000000e+00 0.000000e+00 4.627471e+01 2.865381e+01 1.764240e+03 2.278766e+00 0.000000e+00 0.000000e+00 0.000000e+00 0.000000e+00 0.000000e+00 0.000000e+00 0.000000e+00 0.000000e+00 0.000000e+00
2.490000e-01 0.000000e+00 -1.517623e+03 2.409510e+02 0.000000e+00 0.000000e+00 0.000000e+00 4.637254e+01 2.879624e+01 1.759078e+03 1.673748e+00 0.000000e+00 0.000000e+00 0.000000e+00 0.000000e+00 0.000000e+00 0.000000e+00 0.000000e+00 0.000000e+00 0.000000e+00
2.500000e-01 0.000000e+00 -1.510987e+03 2.356378e+02 0.000000e+00 0.000000e+00 0.000000e+00 4.647017e+01 2.893864e+01 1.753954e+03 1.067348e+00 0.000000e+00 0.000000e+00 0.000000e+00 0.000000e+00 0.000000e+00 0.000000e+00 0.000000e+00 0.000000e+00 0.000000e+00
2.510000e-01 0.000000e+00 -1.504434e+03 2.303198e+02 0.000000e+00 0.000000e+00 0.000000e+00 4.656744e+01 2.908083e+01 1.748866e+03 4.600328e-01 0.000000e+00 0.000000e+00 0.000000e+00 0.000000e+00 0.000000e+00 0.000000e+00 0.000000e+00 0.000000e+00 0.000000e+00
2.520000e-01 0.000000e+00 -1.497965e+03 2.249967e+02 0.000000e+00 0.000000e+00 0.000000e+00 4.666420e+01 2.922266e+01 1.743816e+03 -1.477327e-01 0.000000e+00 0.000000e+00 0.000000e+00 0.000000e+00 0.000000e+00 0.000000e+00 0.000000e+00 0.000000e+00 0.000000e+00
2.530000e-01 0.000000e+00 -1.491580e+03 2.196683e+02 0.000000e+00 0.000000e+00 0.000000e+00 4.676027e+01 2.936396e+01 1.738803e+03 -7.554795e-01 0.000000e+00 0.000000e+00 0.000000e+00 0.000000e+00 0.000000e+00 0.000000e+00 0.000000e+00 0.000000e+00 0.000000e+00
2.540000e-01 0.000000e+00 -1.485280e+03 2.143341e+02 0.000000e+00 0.000000e+00 0.000000e+00 4.685550e+01 2.950456e+01 1.733827e+03 -1.362738e+00 0.000000e+00 0.000000e+00 0.000000e+00 0.000000e+00 0.000000e+00 0.000000e+00 0.000000e+00 0.000000e+00 0.000000e+00
2.550000e-01 0.000000e+00 -1.479066e+03 2.089939e+02 0.000000e+00 0.000000e+00 0.000000e+00 4.694973e+01 2.964430e+01 1.728888e+03 -1.969036e+00 0.000000e+00 0.000000e+00 0.000000e+00 0.000000e+00 0.000000e+00 0.000000e+00 0.000000e+00 0.000000e+00 0.000000e+00
2.560000e-01 0.000000e+00 -1.472937e+03 2.036473e+02 0.000000e+00 0.000000e+00 0.000000e+00 4.704278e+01 2.978300e+01 1.723986e+03 -2.573901e+00 0.000000e+00 0.000000e+00 0.000000e+00 0.000000e+00 0.000000e+00 0.000000e+00 0.000000e+00 0.000000e+00 0.000000e+00
2.570000e-01 0.000000e+00 -1.466894e+03 1.982942e+02 0.000000e+00 0.000000e+00 0.000000e+00 4.713450e+01 2.992049e+01 1.719120e+03 -3.176860e+00 0.000000e+00 0.000000e+00 0.000000e+00 0.000000e+00 0.000000e+00 0.000000e+00 0.000000e+00 0.000000e+00 0.000000e+00
2.580000e-01 0.000000e+00 -1.460937e+03 1.929341e+02 0.000000e+00 0.000000e+00 0.000000e+00 4.722473e+01 3.005662e+01 1.714291e+03 -3.777440e+00 0.000000e+00 0.000000e+00 0.000000e+00 0.000000e+00 0.000000e+00 0.000000e+00 0.000000e+00 0.000000e+00 0.000000e+00
2.590000e-01 0.000000e+00 -1.455067e+03 1.875668e+02 0.000000e+00 0.000000e+00 0.000000e+00 4.731329e+01 3.019122e+01 1.709499e+03 -4.375164e+00 0.000000e+00 0.000000e+00 0.000000e+00 0.000000e+00 0.000000e+00 0.000000e+00 0.000000e+00 0.000000e+00 0.000000e+00
2.600000e-01 0.000000e+00 -1.449283e+03 1.821920e+02 0.000000e+00 0.000000e+00 0.000000e+00 4.740003e+01 3.032411e+01 1.704744e+03 -4.969559e+00 0.000000e+00 0.000000e+00 0.000000e+00 0.000000e+00 0.000000e+00 0.000000e+00 0.000000e+00 0.000000e+00 0.000000e+00
2.610000e-01 0.000000e+00 -1.443586e+03 1.768095e+02 0.000000e+00 0.000000e+00 0.000000e+00 4.748479e+01 3.045512e+01 1.700025e+03 -5.560149e+00 0.000000e+00 0.000000e+00 0.000000e+00 0.000000e+00 0.000000e+00 0.000000e+00 0.000000e+00 0.000000e+00 0.000000e+00
2.620000e-01 0.000000e+00 -1.437977e+03 1.714188e+02 0.000000e+00 0.000000e+00 0.000000e+00 4.756740e+01 3.058410e+01 1.695342e+03 -6.146461e+00 0.000000e+00 0.000000e+00 0.000000e+00 0.000000e+00 0.000000e+00 0.000000e+00 0.000000e+00 0.000000e+00 0.000000e+00
2.630000e-01 0.000000e+00 -1.432454e+03 1.660199e+02 0.000000e+00 0.000000e+00 0.000000e+00 4.764770e+01 3.071088e+01 1.690696e+03 -6.728019e+00 0.000000e+00 0.000000e+00 0.000000e+00 0.000000e+00 0.000000e+00 0.000000e+00 0.000000e+00 0.000000e+00 0.000000e+00
2.640000e-01 0.000000e+00 -1.427018e+03 1.606123e+02 0.000000e+00 0.000000e+00 0.000000e+00 4.772552e+01 3.083528e+01 1.686085e+03 -7.304350e+00 0.000000e+00 0.000000e+00 0.000000e+00 0.000000e+00 0.000000e+00 0.000000e+00 0.000000e+00 0.000000e+00 0.000000e+00
2.650000e-01 0.000000e+00 -1.421669e+03 1.551958e+02 0.000000e+00 0.000000e+00 0.000000e+00 4.780071e+01 3.095715e+01 1.681511e+03 -7.874981e+00 0.000000e+00 0.000000e+00 0.000000e+00 0.000000e+00 0.000000e+00 0.000000e+00 0.000000e+00 0.000000e+00 0.000000e+00
2.660000e-01 0.000000e+00 -1.416407e+03 1.497702e+02 0.000000e+00 0.000000e+00 0.000000e+00 4.787311e+01 3.107631e+01 1.676972e+03 -8.439441e+00 0.000000e+00 0.000000e+00 0.000000e+00 0.000000e+00 0.000000e+00 0.000000e+00 0.000000e+00 0.000000e+00 0.000000e+00
2.670000e-01 0.000000e+00 -1.411231e+03 1.443352e+02 0.000000e+00 0.000000e+00 0.000000e+00 4.794255e+01 3.119260e+01 1.672469e+03 -8.997258e+00 0.000000e+00 0.000000e+00 0.000000e+00 0.000000e+00 0.000000e+00 0.000000e+00 0.000000e+00 0.000000e+00 0.000000e+00
2.680000e-01 0.000000e+00 -1.406142e+03 1.388905e+02 0.000000e+00 0.000000e+00 0.000000e+00 4.800887e+01 3.130586e+01 1.668002e+03 -9.547964e+00 0.000000e+00 0.000000e+00 0.000000e+00 0.000000e+00 0.000000e+00 0.000000e+00 0.000000e+00 0.000000e+00 0.000000e+00
2.690000e-01 0.000000e+00 -1.401139e+03 1.334359e+02 0.000000e+00 0.000000e+00 0.000000e+00 4.807191e+01 3.141592e+01 1.663570e+03 -1.009109e+01 0.000000e+00 0.000000e+00 0.000000e+00 0.000000e+00 0.000000e+00 0.000000e+00 0.000000e+00 0.000000e+00 0.000000e+00
2.700000e-01 0.000000e+00 -1.396222e+03 1.279711e+02 0.000000e+00 0.000000e+00 0.000000e+00 4.813153e+01 3.152263e+01 1.659174e+03 -1.062618e+01 0.000000e+00 0.000000e+00 0.000000e+00 0.000000e+00 0.000000e+00 0.000000e+00 0.000000e+00 0.000000e+00 0.000000e+00
2.710000e-01 0.000000e+00 -1.391391e+03 1.224959e+02 0.000000e+00 0.000000e+00 0.000000e+00 4.818755e+01 3.162581e+01 1.654812e+03 -1.115275e+01 0.000000e+00 0.000000e+00 0.000000e+00 0.000000e+00 0.000000e+00 0.000000e+00 0.000000e+00 0.000000e+00 0.000000e+00
2.720000e-01 0.000000e+00 -1.386645e+03 1.170100e+02 0.000000e+00 0.000000e+00 0.000000e+00 4.823981e+01 3.172531e+01 1.650486e+03 -1.167036e+01 0.000000e+00 0.000000e+00 0.000000e+00 0.000000e+00 0.000000e+00 0.000000e+00 0.000000e+00 0.000000e+00 0.000000e+00
2.730000e-01 0.000000e+00 -1.381984e+03 1.115132e+02 0.000000e+00 0.000000e+00 0.000000e+00 4.828817e+01 3.182096e+01 1.646194e+03 -1.217853e+01 0.000000e+00 0.000000e+00 0.000000e+00 0.000000e+00 0.000000e+00 0.000000e+00 0.000000e+00 0.000000e+00 0.000000e+00
2.740000e-01 0.000000e+00 -1.377408e+03 1.060051e+02 0.000000e+00 0.000000e+00 0.000000e+00 4.833245e+01 3.191259e+01 1.641937e+03 -1.267678e+01 0.000000e+00 0.000000e+00 0.000000e+00 0.000000e+00 0.000000e+00 0.000000e+00 0.000000e+00 0.000000e+00 0.000000e+00
2.750000e-01 0.000000e+00 -1.372916e+03 1.004854e+02 0.000000e+00 0.000000e+00 0.000000e+00 4.837250e+01 3.200004e+01 1.637715e+03 -1.316467e+01 0.000000e+00 0.000000e+00 0.000000e+00 0.000000e+00 0.000000e+00 0.000000e+00 0.000000e+00 0.000000e+00 0.000000e+00
2.760000e-01 0.000000e+00 -1.368507e+03 9.495407e+01 0.000000e+00 0.000000e+00 0.000000e+00 4.840817e+01 3.208316e+01 1.633527e+03 -1.364174e+01 0.000000e+00 0.000000e+00 0.000000e+00 0.000000e+00 0.000000e+00 0.000000e+00 0.000000e+00 0.000000e+00 0.000000e+00
2.770000e-01 0.000000e+00 -1.364182e+03 8.941074e+01 0.000000e+00 0.000000e+00 0.000000e+00 4.843931e+01 3.216180e+01 1.629373e+03 -1.410755e+01 0.000000e+00 0.000000e+00 0.000000e+00 0.000000e+00 0.000000e+00 0.000000e+00 0.000000e+00 0.000000e+00 0.000000e+00
2.780000e-01 0.000000e+00 -1.359940e+03 8.385523e+01 0.000000e+00 0.000000e+00 0.000000e+00 4.846577e+01 3.223580e+01 1.625253e+03 -1.456165e+01 0.000000e+00 0.000000e+00 0.000000e+00 0.000000e+00 0.000000e+00 0.000000e+00 0.000000e+00 0.000000e+00 0.000000e+00
2.790000e-01 0.000000e+00 -1.355779e+03 7.828731e+01 0.000000e+00 0.000000e+00 0.000000e+00 4.848740e+01 3.230501e+01 1.621167e+03 -1.500362e+01 0.000000e+00 0.000000e+00 0.000000e+00 0.000000e+00 0.000000e+00 0.000000e+00 0.000000e+00 0.000000e+00 0.000000e+00
2.800000e-01 0.000000e+00 -1.351699e+03 7.270674e+01 0.000000e+00 0.000000e+00 0.000000e+00 4.850405e+01 3.236928e+01 1.617115e+03 -1.543301e+01 0.000000e+00 0.000000e+00 0.000000e+00 0.000000e+00 0.000000e+00 0.000000e+00 0.000000e+00 0.000000e+00 0.000000e+00
2.810000e-01 0.000000e+00 -1.347700e+03 6.711331e+01 0.000000e+00 0.000000e+00 0.000000e+00 4.851558e+01 3.242845e+01 1.613096e+03 -1.584938e+01 0.000000e+00 0.000000e+00 0.000000e+00 0.000000e+00 0.000000e+00 0.000000e+00 0.000000e+00 0.000000e+00 0.000000e+00
2.820000e-01 0.000000e+00 -1.343780e+03 6.150676e+01 0.000000e+00 0.000000e+00 0.000000e+00 4.852184e+01 3.248237e+01 1.609110e+03 -1.625230e+01 0.000000e+00 0.000000e+00 0.000000e+00 0.000000e+00 0.000000e+00 0.000000e+00 0.000000e+00 0.000000e+00 0.000000e+00
2.830000e-01 0.000000e+00 -1.339940e+03 5.588686e+01 0.000000e+00 0.000000e+00 0.000000e+00 4.852269e+01 3.253091e+01 1.605158e+03 -1.664134e+01 0.000000e+00 0.000000e+00 0.000000e+00 0.000000e+00 0.000000e+00 0.000000e+00 0.000000e+00 0.000000e+00 0.000000e+00
2.840000e-01 0.000000e+00 -1.336178e+03 5.025336e+01 0.000000e+00 0.000000e+00 0.000000e+00 4.851798e+01 3.257389e+01 1.601239e+03 -1.701608e+01 0.000000e+00 0.000000e+00 0.000000e+00 0.000000e+00 0.000000e+00 0.000000e+00 0.000000e+00 0.000000e+00 0.000000e+00
2.850000e-01 0.000000e+00 -1.332493e+03 4.460601e+01 0.000000e+00 0.000000e+00 0.000000e+00 4.850757e+01 3.261119e+01 1.597352e+03 -1.737609e+01 0.000000e+00 0.000000e+00 0.000000e+00 0.000000e+00 0.000000e+00 0.000000e+00 0.000000e+00 0.000000e+00 0.000000e+00
2.860000e-01 0.000000e+00 -1.328885e+03 3.894457e+01 0.000000e+00 0.000000e+00 0.000000e+00 4.849131e+01 3.264265e+01 1.593498e+03 -1.772096e+01 0.000000e+00 0.000000e+00 0.000000e+00 0.000000e+00 0.000000e+00 0.000000e+00 0.000000e+00 0.000000e+00 0.000000e+00
2.870000e-01 0.000000e+00 -1.325353e+03 3.326876e+01 0.000000e+00 0.000000e+00 0.000000e+00 4.846906e+01 3.266813e+01 1.589676e+03 -1.805026e+01 0.000000e+00 0.000000e+00 0.000000e+00 0.000000e+00 0.000000e+00 0.000000e+00 0.000000e+00 0.000000e+00 0.000000e+00
2.880000e-01 0.000000e+00 -1.321897e+03 2.757834e+01 0.000000e+00 0.000000e+00 0.000000e+00 4.844069e+01 3.268749e+01 1.585887e+03 -1.836358e+01 0.000000e+00 0.000000e+00 0.000000e+00 0.000000e+00 0.000000e+00 0.000000e+00 0.000000e+00 0.000000e+00 0.000000e+00
2.890000e-01 0.000000e+00 -1.318515e+03 2.187304e+01 0.000000e+00 0.000000e+00 0.000000e+00 4.840605e+01 3.270057e+01 1.582130e+03 -1.866052e+01 0.000000e+00 0.000000e+00 0.000000e+00 0.000000e+00 0.000000e+00 0.000000e+00 0.000000e+00 0.000000e+00 0.000000e+00
2.900000e-01 0.000000e+00 -1.315207e+03 1.615259e+01 0.000000e+00 0.000000e+00 0.000000e+00 4.836500e+01 3.270725e+01 1.578404e+03 -1.894067e+01 0.000000e+00 0.000000e+00 0.000000e+00 0.000000e+00 0.000000e+00 0.000000e+00 0.000000e+00 0.000000e+00 0.000000e+00
2.910000e-01 0.000000e+00 -1.311972e+03 1.041672e+01 0.000000e+00 0.000000e+00 0.000000e+00 4.831741e+01 3.270737e+01 1.574710e+03 -1.920363e+01 0.000000e+00 0.000000e+00 0.000000e+00 0.000000e+00 0.000000e+00 0.000000e+00 0.000000e+00 0.000000e+00 0.000000e+00
2.920000e-01 0.000000e+00 -1.308808e+03 4.665158e+00 0.000000e+00 0.000000e+00 0.000000e+00 4.826313e+01 3.270080e+01 1.571048e+03 -1.944900e+01 0.000000e+00 0.000000e+00 0.000000e+00 0.000000e+00 0.000000e+00 0.000000e+00 0.000000e+00 0.000000e+00 0.000000e+00
2.930000e-01 0.000000e+00 -1.305716e+03 -1.102386e+00 0.000000e+00 0.000000e+00 0.000000e+00 4.820205e+01 3.268741e+01 1.567417e+03 -1.967640e+01 0.000000e+00 0.000000e+00 0.000000e+00 0.000000e+00 0.000000e+00 0.000000e+00 0.000000e+00 0.000000e+00 0.000000e+00
2.940000e-01 0.000000e+00 -1.302695e+03 -6.886191e+00 0.000000e+00 0.000000e+00 0.000000e+00 4.813401e+01 3.266705e+01 1.563817e+03 -1.988543e+01 0.000000e+00 0.000000e+00 0.000000e+00 0.000000e+00 0.000000e+00 0.000000e+00 0.000000e+00 0.000000e+00 0.000000e+00
2.950000e-01 0.000000e+00 -1.299743e+03 -1.268655e+01 0.000000e+00 0.000000e+00 0.000000e+00 4.805890e+01 3.263960e+01 1.560248e+03 -2.007572e+01 0.000000e+00 0.000000e+00 0.000000e+00 0.000000e+00 0.000000e+00 0.000000e+00 0.000000e+00 0.000000e+00 0.000000e+00
2.960000e-01 0.000000e+00 -1.296860e+03 -1.850375e+01 0.000000e+00 0.000000e+00 0.000000e+00 4.797657e+01 3.260492e+01 1.556710e+03 -2.024688e+01 0.000000e+00 0.000000e+00 0.000000e+00 0.000000e+00 0.000000e+00 0.000000e+00 0.000000e+00 0.000000e+00 0.000000e+00
2.970000e-01 0.000000e+00 -1.294045e+03 -2.433809e+01 0.000000e+00 0.000000e+00 0.000000e+00 4.788690e+01 3.256287e+01 1.553203e+03 -2.039854e+01 0.000000e+00 0.000000e+00 0.000000e+00 0.000000e+00 0.000000e+00 0.000000e+00 0.000000e+00 0.000000e+00 0.000000e+00
2.980000e-01 0.000000e+00 -1.291297e+03 -3.018987e+01 0.000000e+00 0.000000e+00 0.000000e+00 4.778976e+01 3.251333e+01 1.549725e+03 -2.053035e+01 0.000000e+00 0.000000e+00 0.000000e+00 0.000000e+00 0.000000e+00 0.000000e+00 0.000000e+00 0.000000e+00 0.000000e+00
2.990000e-01 0.000000e+00 -1.288615e+03 -3.605937e+01 0.000000e+00 0.000000e+00 0.000000e+00 4.768503e+01 3.245618e+01 1.546278e+03 -2.064193e+01 0.000000e+00 0.000000e+00 0.000000e+00 0.000000e+00 0.000000e+00 0.000000e+00 0.000000e+00 0.000000e+00 0.000000e+00
3.000000e-01 0.000000e+00 -1.285998e+03 -4.194681e+01 0.000000e+00 0.000000e+00 0.000000e+00 4.757260e+01 3.239130e+01 1.542861e+03 -2.073297e+01 0.000000e+00 0.000000e+00 0.000000e+00 0.000000e+00 0.000000e+00 0.000000e+00 0.000000e+00 0.000000e+00 0.000000e+00
3.010000e-01 0.000000e+00 -1.283445e+03 -4.785242e+01 0.000000e+00 0.000000e+00 0.000000e+00 4.745235e+01 3.231857e+01 1.539474e+03 -2.080313e+01 0.000000e+00 0.000000e+00 0.000000e+00 0.000000e+00 0.000000e+00 0.000000e+00 0.000000e+00 0.000000e+00 0.000000e+00
3.020000e-01 0.000000e+00 -1.280954e+03 -5.377644e+01 0.000000e+00 0.000000e+00 0.000000e+00 4.732419e+01 3.223789e+01 1.536117e+03 -2.085208e+01 0.000000e+00 0.000000e+00 0.000000e+00 0.000000e+00 0.000000e+00 0.000000e+00 0.000000e+00 0.000000e+00 0.000000e+00
3.030000e-01 0.000000e+00 -1.278526e+03 -5.971912e+01 0.000000e+00 0.000000e+00 0.000000e+00 4.718800e+01 3.214914e+01 1.532788e+03 -2.087951e+01 0.000000e+00 0.000000e+00 0.000000e+00 0.000000e+00 0.000000e+00 0.000000e+00 0.000000e+00 0.000000e+00 0.000000e+00
3.040000e-01 0.000000e+00 -1.276158e+03 -6.568070e+01 0.000000e+00 0.000000e+00 0.000000e+00 4.704367e+01 3.205222e+01 1.529489e+03 -2.088510e+01 0.000000e+00 0.000000e+00 0.000000e+00 0.000000e+00 0.000000e+00 0.000000e+00 0.000000e+00 0.000000e+00 0.000000e+00
3.050000e-01 0.000000e+00 -1.273849e+03 -7.166145e+01 0.000000e+00 0.000000e+00 0.000000e+00 4.689110e+01 3.194702e+01 1.526219e+03 -2.086855e+01 0.000000e+00 0.000000e+00 0.000000e+00 0.000000e+00 0.000000e+00 0.000000e+00 0.000000e+00 0.000000e+00 0.000000e+00
3.060000e-01 0.000000e+00 -1.271600e+03 -7.766161e+01 0.000000e+00 0.000000e+00 0.000000e+00 4.673020e+01 3.183343e+01 1.522978e+03 -2.082955e+01 0.000000e+00 0.000000e+00 0.000000e+00 0.000000e+00 0.000000e+00 0.000000e+00 0.000000e+00 0.000000e+00 0.000000e+00
3.070000e-01 0.000000e+00 -1.269408e+03 -8.368146e+01 0.000000e+00 0.000000e+00 0.000000e+00 4.656084e+01 3.171136e+01 1.519766e+03 -2.076781e+01 0.000000e+00 0.000000e+00 0.000000e+00 0.000000e+00 0.000000e+00 0.000000e+00 0.000000e+00 0.000000e+00 0.000000e+00
3.080000e-01 0.000000e+00 -1.267272e+03 -8.972126e+01 0.000000e+00 0.000000e+00 0.000000e+00 4.638295e+01 3.158069e+01 1.516582e+03 -2.068304e+01 0.000000e+00 0.000000e+00 0.000000e+00 0.000000e+00 0.000000e+00 0.000000e+00 0.000000e+00 0.000000e+00 0.000000e+00
3.090000e-01 0.000000e+00 -1.265192e+03 -9.578128e+01 0.000000e+00 0.000000e+00 0.000000e+00 4.619642e+01 3.144134e+01 1.513426e+03 -2.057496e+01 0.000000e+00 0.000000e+00 0.000000e+00 0.000000e+00 0.000000e+00 0.000000e+00 0.000000e+00 0.000000e+00 0.000000e+00
3.100000e-01 0.000000e+00 -1.263166e+03 -1.018618e+02 0.000000e+00 0.000000e+00 0.000000e+00 4.600116e+01 3.129321e+01 1.510299e+03 -2.044329e+01 0.000000e+00 0.000000e+00 0.000000e+00 0.000000e+00 0.000000e+00 0.000000e+00 0.000000e+00 0.000000e+00 0.000000e+00
3.110000e-01 0.000000e+00 -1.261193e+03 -1.079631e+02 0.000000e+00 0.000000e+00 0.000000e+00 4.579707e+01 3.113620e+01 1.507199e+03 -2.028778e+01 0.000000e+00 0.000000e+00 0.000000e+00 0.000000e+00 0.000000e+00 0.000000e+00 0.000000e+00 0.000000e+00 0.000000e+00
3.120000e-01 0.000000e+00 -1.259274e+03 -1.140855e+02 0.000000e+00 0.000000e+00 0.000000e+00 4.558407e+01 3.097022e+01 1.504127e+03 -2.010815e+01 0.000000e+00 0.000000e+00 0.000000e+00 0.000000e+00 0.000000e+00 0.000000e+00 0.000000e+00 0.000000e+00 0.000000e+00
3.130000e-01 0.000000e+00 -1.257405e+03 -1.202292e+02 0.000000e+00 0.000000e+00 0.000000e+00 4.536207e+01 3.079518e+01 1.501083e+03 -1.990415e+01 0.000000e+00 0.000000e+00 0.000000e+00 0.000000e+00 0.000000e+00 0.000000e+00 0.000000e+00 0.000000e+00 0.000000e+00
3.140000e-01 0.000000e+00 -1.255587e+03 -1.263945e+02 0.000000e+00 0.000000e+00 0.000000e+00 4.513097e+01 3.061100e+01 1.498066e+03 -1.967554e+01 0.000000e+00 0.000000e+00 0.000000e+00 0.000000e+00 0.000000e+00 0.000000e+00 0.000000e+00 0.000000e+00 0.000000e+00
3.150000e-01 0.000000e+00 -1.253819e+03 -1.325818e+02 0.000000e+00 0.000000e+00 0.000000e+00 4.489070e+01 3.041759e+01 1.495076e+03 -1.942208e+01 0.000000e+00 0.000000e+00 0.000000e+00 0.000000e+00 0.000000e+00 0.000000e+00 0.000000e+00 0.000000e+00 0.000000e+00
3.160000e-01 0.000000e+00 -1.252099e+03 -1.387913e+02 0.000000e+00 0.000000e+00 0.000000e+00 4.464118e+01 3.021487e+01 1.492113e+03 -1.914353e+01 0.000000e+00 0.000000e+00 0.000000e+00 0.000000e+00 0.000000e+00 0.000000e+00 0.000000e+00 0.000000e+00 0.000000e+00
3.170000e-01 0.000000e+00 -1.250427e+03 -1.450233e+02 0.000000e+00 0.000000e+00 0.000000e+00 4.438232e+01 3.000275e+01 1.489177e+03 -1.883967e+01 0.000000e+00 0.000000e+00 0.000000e+00 0.000000e+00 0.000000e+00 0.000000e+00 0.000000e+00 0.000000e+00 0.000000e+00
3.180000e-01 0.000000e+00 -1.248801e+03 -1.512782e+02 0.000000e+00 0.000000e+00 0.000000e+00 4.411405e+01 2.978117e+01 1.486268e+03 -1.851028e+01 0.000000e+00 0.000000e+00 0.000000e+00 0.000000e+00 0.000000e+00 0.000000e+00 0.000000e+00 0.000000e+00 0.000000e+00
3.190000e-01 0.000000e+00 -1.247221e+03 -1.575563e+02 0.000000e+00 0.000000e+00 0.000000e+00 4.383630e+01 2.955004e+01 1.483385e+03 -1.815516e+01 0.000000e+00 0.000000e+00 0.000000e+00 0.000000e+00 0.000000e+00 0.000000e+00 0.000000e+00 0.000000e+00 0.000000e+00
3.200000e-01 0.000000e+00 -1.245686e+03 -1.638578e+02 0.000000e+00 0.000000e+00 0.000000e+00 4.354898e+01 2.930930e+01 1.480528e+03 -1.777409e+01 0.000000e+00 0.000000e+00 0.000000e+00 0.000000e+00 0.000000e+00 0.000000e+00 0.000000e+00 0.000000e+00 0.000000e+00
3.210000e-01 0.000000e+00 -1.244195e+03 -1.701830e+02 0.000000e+00 0.000000e+00 0.000000e+00 4.325203e+01 2.905886e+01 1.477698e+03 -1.736689e+01 0.000000e+00 0.000000e+00 0.000000e+00 0.000000e+00 0.000000e+00 0.000000e+00 0.000000e+00 0.000000e+00 0.000000e+00
3.220000e-01 0.000000e+00 -1.242747e+03 -1.765324e+02 0.000000e+00 0.000000e+00 0.000000e+00 4.294538e+01 2.879868e+01 1.474893e+03 -1.693336e+01 0.000000e+00 0.000000e+00 0.000000e+00 0.000000e+00 0.000000e+00 0.000000e+00 0.000000e+00 0.000000e+00 0.000000e+00
3.230000e-01 0.000000e+00 -1.241341e+03 -1.829062e+02 0.000000e+00 0.000000e+00 0.000000e+00 4.262897e+01 2.852867e+01 1.472114e+03 -1.647333e+01 0.000000e+00 0.000000e+00 0.000000e+00 0.000000e+00 0.000000e+00 0.000000e+00 0.000000e+00 0.000000e+00 0.000000e+00
3.240000e-01 0.000000e+00 -1.239977e+03 -1.893048e+02 0.000000e+00 0.000000e+00 0.000000e+00 4.230272e+01 2.824877e+01 1.469360e+03 -1.598663e+01 0.000000e+00 0.000000e+00 0.000000e+00 0.000000e+00 0.000000e+00 0.000000e+00 0.000000e+00 0.000000e+00 0.000000e+00
3.250000e-01 0.000000e+00 -1.238653e+03 -1.957283e+02 0.000000e+00 0.000000e+00 0.000000e+00 4.196661e+01 2.795895e+01 1.466632e+03 -1.547311e+01 0.000000e+00 0.000000e+00 0.000000e+00 0.000000e+00 0.000000e+00 0.000000e+00 0.000000e+00 0.000000e+00 0.000000e+00
3.260000e-01 0.000000e+00 -1.237368e+03 -2.021769e+02 0.000000e+00 0.000000e+00 0.000000e+00 4.162058e+01 2.765917e+01 1.463929e+03 -1.493268e+01 0.000000e+00 0.000000e+00 0.000000e+00 0.000000e+00 0.000000e+00 0.000000e+00 0.000000e+00 0.000000e+00 0.000000e+00
3.270000e-01 0.000000e+00 -1.236121e+03 -2.086509e+02 0.000000e+00 0.000000e+00 0.000000e+00 4.126460e+01 2.734937e+01 1.461251e+03 -1.436518e+01 0.000000e+00 0.000000e+00 0.000000e+00 0.000000e+00 0.000000e+00 0.000000e+00 0.000000e+00 0.000000e+00 0.000000e+00
3.280000e-01 0.000000e+00 -1.234912e+03 -2.151506e+02 0.000000e+00 0.000000e+00 0.000000e+00 4.089862e+01 2.702951e+01 1.458597e+03 -1.377050e+01 0.000000e+00 0.000000e+00 0.000000e+00 0.000000e+00 0.000000e+00 0.000000e+00 0.000000e+00 0.000000e+00 0.000000e+00
3.290000e-01 0.000000e+00 -1.233739e+03 -2.216763e+02 0.000000e+00 0.000000e+00 0.000000e+00 4.052260e+01 2.669956e+01 1.455969e+03 -1.314852e+01 0.000000e+00 0.000000e+00 0.000000e+00 0.000000e+00 0.000000e+00 0.000000e+00 0.000000e+00 0.000000e+00 0.000000e+00
3.300000e-01 0.000000e+00 -1.232602e+03 -2.282282e+02 0.000000e+00 0.000000e+00 0.000000e+00 4.013650e+01 2.635947e+01 1.453365e+03 -1.249914e+01 0.000000e+00 0.000000e+00 0.000000e+00 0.000000e+00 0.000000e+00 0.000000e+00 0.000000e+00 0.000000e+00 0.000000e+00
3.310000e-01 0.000000e+00 -1.231499e+03 -2.348065e+02 0.000000e+00 0.000000e+00 0.000000e+00 3.974029e+01 2.600921e+01 1.450785e+03 -1.182226e+01 0.000000e+00 0.000000e+00 0.000000e+00 0.000000e+00 0.000000e+00 0.000000e+00 0.000000e+00 0.000000e+00 0.000000e+00
3.320000e-01 0.000000e+00 -1.230431e+03 -2.414116e+02 0.000000e+00 0.000000e+00 0.000000e+00 3.933392e+01 2.564875e+01 1.448229e+03 -1.111780e+01 0.000000e+00 0.000000e+00 0.000000e+00 0.000000e+00 0.000000e+00 0.000000e+00 0.000000e+00 0.000000e+00 0.000000e+00
3.330000e-01 0.000000e+00 -1.229395e+03 -2.480437e+02 0.000000e+00 0.000000e+00 0.000000e+00 3.891739e+01 2.527805e+01 1.445697e+03 -1.038567e+01 0.000000e+00 0.000000e+00 0.000000e+00 0.000000e+00 0.000000e+00 0.000000e+00 0.000000e+00 0.000000e+00 0.000000e+00
3.340000e-01 0.000000e+00 -1.228392e+03 -2.547031e+02 0.000000e+00 0.000000e+00 0.000000e+00 3.849065e+01 2.489711e+01 1.443189e+03 -9.625803e+00 0.000000e+00 0.000000e+00 0.000000e+00 0.000000e+00 0.000000e+00 0.000000e+00 0.000000e+00 0.000000e+00 0.000000e+00
3.350000e-01 0.000000e+00 -1.227420e+03 -2.613900e+02 0.000000e+00 0.000000e+00 0.000000e+00 3.805369e+01 2.450588e+01 1.440704e+03 -8.838147e+00 0.000000e+00 0.000000e+00 0.000000e+00 0.000000e+00 0.000000e+00 0.000000e+00 0.000000e+00 0.000000e+00 0.000000e+00
3.360000e-01 0.000000e+00 -1.226479e+03 -2.681047e+02 0.000000e+00 0.000000e+00 0.000000e+00 3.760648e+01 2.410436e+01 1.438243e+03 -8.022650e+00 0.000000e+00 0.000000e+00 0.000000e+00 0.000000e+00 0.000000e+00 0.000000e+00 0.000000e+00 0.000000e+00 0.000000e+00
3.370000e-01 0.000000e+00 -1.225568e+03 -2.748474e+02 0.000000e+00 0.000000e+00 0.000000e+00 3.714902e+01 2.369253e+01 1.435805e+03 -7.179271e+00 0.000000e+00 0.000000e+00 0.000000e+00 0.000000e+00 0.000000e+00 0.000000e+00 0.000000e+00 0.000000e+00 0.000000e+00
3.380000e-01 0.000000e+00 -1.224686e+03 -2.816184e+02 0.000000e+00 0.000000e+00 0.000000e+00 3.668129e+01 2.327038e+01 1.433390e+03 -6.307980e+00 0.000000e+00 0.000000e+00 0.000000e+00 0.000000e+00 0.000000e+00 0.000000e+00 0.000000e+00 0.000000e+00 0.000000e+00
3.390000e-01 0.000000e+00 -1.223832e+03 -2.884179e+02 0.000000e+00 0.000000e+00 0.000000e+00 3.620327e+01 2.283790e+01 1.430998e+03 -5.408755e+00 0.000000e+00 0.000000e+00 0.000000e+00 0.000000e+00 0.000000e+00 0.000000e+00 0.000000e+00 0.000000e+00 0.000000e+00
3.400000e-01 0.000000e+00 -1.223006e+03 -2.952462e+02 0.000000e+00 0.000000e+00 0.000000e+00 3.571496e+01 2.239508e+01 1.428629e+03 -4.481585e+00 0.000000e+00 0.000000e+00 0.000000e+00 0.000000e+00 0.000000e+00 0.000000e+00 0.000000e+00 0.000000e+00 0.000000e+00
3.410000e-01 0.000000e+00 -1.222208e+03 -3.021035e+02 0.000000e+00 0.000000e+00 0.000000e+00 3.521637e+01 2.194192e+01 1.426282e+03 -3.526467e+00 0.000000e+00 0.000000e+00 0.000000e+00 0.000000e+00 0.000000e+00 0.000000e+00 0.000000e+00 0.000000e+00 0.000000e+00
3.420000e-01 0.000000e+00 -1.221436e+03 -3.089901e+02 0.000000e+00 0.000000e+00 0.000000e+00 3.470748e+01 2.147843e+01 1.423958e+03 -2.543408e+00 0.000000e+00 0.000000e+00 0.000000e+00 0.000000e+00 0.000000e+00 0.000000e+00 0.000000e+00 0.000000e+00 0.000000e+00
3.430000e-01 0.000000e+00 -1.220689e+03 -3.159061e+02 0.000000e+00 0.000000e+00 0.000000e+00 3.418830e+01 2.100460e+01 1.421656e+03 -1.532425e+00 0.000000e+00 0.000000e+00 0.000000e+00 0.000000e+00 0.000000e+00 0.000000e+00 0.000000e+00 0.000000e+00 0.000000e+00
3.440000e-01 0.000000e+00 -1.219968e+03 -3.228519e+02 0.000000e+00 0.000000e+00 0.000000e+00 3.365884e+01 2.052045e+01 1.419376e+03 -4.935427e-01 0.000000e+00 0.000000e+00 0.000000e+00 0.000000e+00 0.000000e+00 0.000000e+00 0.000000e+00 0.000000e+00 0.000000e+00
3.450000e-01 0.000000e+00 -1.219272e+03 -3.298276e+02 0.000000e+00 0.000000e+00 0.000000e+00 3.311910e+01 2.002598e+01 1.417118e+03 5.732030e-01 0.000000e+00 0.000000e+00 0.000000e+00 0.000000e+00 0.000000e+00 0.000000e+00 0.000000e+00 0.000000e+00 0.000000e+00
3.460000e-01 0.000000e+00 -1.218599e+03 -3.368334e+02 0.000000e+00 0.000000e+00 0.000000e+00 3.256911e+01 1.952122e+01 1.414882e+03 1.667768e+00 0.000000e+00 0.000000e+00 0.000000e+00 0.000000e+00 0.000000e+00 0.000000e+00 0.000000e+00 0.000000e+00 0.000000e+00
3.470000e-01 0.000000e+00 -1.217950e+03 -3.438696e+02 0.000000e+00 0.000000e+00 0.000000e+00 3.200887e+01 1.900617e+01 1.412667e+03 2.790099e+00 0.000000e+00 0.000000e+00 0.000000e+00 0.000000e+00 0.000000e+00 0.000000e+00 0.000000e+00 0.000000e+00 0.000000e+00
3.480000e-01 0.000000e+00 -1.217324e+03 -3.509364e+02 0.000000e+00 0.000000e+00 0.000000e+00 3.143840e+01 1.848086e+01 1.410473e+03 3.940133e+00 0.000000e+00 0.000000e+00 0.000000e+00 0.000000e+00 0.000000e+00 0.000000e+00 0.000000e+00 0.000000e+00 0.000000e+00
3.490000e-01 0.000000e+00 -1.216720e+03 -3.580340e+02 0.000000e+00 0.000000e+00 0.000000e+00 3.085772e+01 1.794531e+01 1.408301e+03 5.117797e+00 0.000000e+00 0.000000e+00 0.000000e+00 0.000000e+00 0.000000e+00 0.000000e+00 0.000000e+00 0.000000e+00 0.000000e+00
3.500000e-01 0.000000e+00 -1.216139e+03 -3.651625e+02 0.000000e+00 0.000000e+00 0.000000e+00 3.026687e+01 1.739955e+01 1.406150e+03 6.323012e+00 0.000000e+00 0.000000e+00 0.000000e+00 0.000000e+00 0.000000e+00 0.000000e+00 0.000000e+00 0.000000e+00 0.000000e+00
3.510000e-01 0.000000e+00 -1.215578e+03 -3.723223e+02 0.000000e+00 0.000000e+00 0.000000e+00 2.966586e+01 1.684361e+01 1.404020e+03 7.555686e+00 0.000000e+00 0.000000e+00 0.000000e+00 0.000000e+00 0.000000e+00 0.000000e+00 0.000000e+00 0.000000e+00 0.000000e+00
3.520000e-01 0.000000e+00 -1.215039e+03 -3.795134e+02 0.000000e+00 0.000000e+00 0.000000e+00 2.905474e+01 1.627752e+01 1.401911e+03 8.815721e+00 0.000000e+00 0.000000e+00 0.000000e+00 0.000000e+00 0.000000e+00 0.000000e+00 0.000000e+00 0.000000e+00 0.000000e+00
3.530000e-01 0.000000e+00 -1.214520e+03 -3.867360e+02 0.000000e+00 0.000000e+00 0.000000e+00 2.843354e+01 1.570134e+01 1.399823e+03 1.010297e+01 0.000000e+00 0.000000e+00 0.000000e+00 0.000000e+00 0.000000e+00 0.000000e+00 0.000000e+00 0.000000e+00 0.000000e+00
3.540000e-01 0.000000e+00 -1.214020e+03 -3.939902e+02 0.000000e+00 0.000000e+00 0.000000e+00 2.780233e+01 1.511511e+01 1.397754e+03 1.141730e+01 0.000000e+00 0.000000e+00 0.000000e+00 0.000000e+00 0.000000e+00 0.000000e+00 0.000000e+00 0.000000e+00 0.000000e+00
3.550000e-01 0.000000e+00 -1.213541e+03 -4.012760e+02 0.000000e+00 0.000000e+00 0.000000e+00 2.716114e+01 1.451888e+01 1.395707e+03 1.275859e+01 0.000000e+00 0.000000e+00 0.000000e+00 0.000000e+00 0.000000e+00 0.000000e+00 0.000000e+00 0.000000e+00 0.000000e+00
3.560000e-01 0.000000e+00 -1.213080e+03 -4.085939e+02 0.000000e+00 0.000000e+00 0.000000e+00 2.651001e+01 1.391269e+01 1.393679e+03 1.412670e+01 0.000000e+00 0.000000e+00 0.000000e+00 0.000000e+00 0.000000e+00 0.000000e+00 0.000000e+00 0.000000e+00 0.000000e+00
3.570000e-01 0.000000e+00 -1.212639e+03 -4.159438e+02 0.000000e+00 0.000000e+00 0.000000e+00 2.584898e+01 1.329658e+01 1.391671e+03 1.552150e+01 0.000000e+00 0.000000e+00 0.000000e+00 0.000000e+00 0.000000e+00 0.000000e+00 0.000000e+00 0.000000e+00 0.000000e+00
3.580000e-01 0.000000e+00 -1.212215e+03 -4.233261e+02 0.000000e+00 0.000000e+00 0.000000e+00 2.517810e+01 1.267061e+01 1.389684e+03 1.694283e+01 0.000000e+00 0.000000e+00 0.000000e+00 0.000000e+00 0.000000e+00 0.000000e+00 0.000000e+00 0.000000e+00 0.000000e+00
3.590000e-01 0.000000e+00 -1.211811e+03 -4.307408e+02 0.000000e+00 0.000000e+00 0.000000e+00 2.449743e+01 1.203483e+01 1.387716e+03 1.839053e+01 0.000000e+00 0.000000e+00 0.000000e+00 0.000000e+00 0.000000e+00 0.000000e+00 0.000000e+00 0.000000e+00 0.000000e+00
3.600000e-01 0.000000e+00 -1.211424e+03 -4.381881e+02 0.000000e+00 0.000000e+00 0.000000e+00 2.380702e+01 1.138931e+01 1.385767e+03 1.986444e+01 0.000000e+00 0.000000e+00 0.000000e+00 0.000000e+00 0.000000e+00 0.000000e+00 0.000000e+00 0.000000e+00 0.000000e+00
3.610000e-01 0.000000e+00 -1.211055e+03 -4.456682e+02 0.000000e+00 0.000000e+00 0.000000e+00 2.310693e+01 1.073410e+01 1.383838e+03 2.136436e+01 0.000000e+00 0.000000e+00 0.000000e+00 0.000000e+00 0.000000e+00 0.000000e+00 0.000000e+00 0.000000e+00 0.000000e+00
3.620000e-01 0.000000e+00 -1.210703e+03 -4.531811e+02 0.000000e+00 0.000000e+00 0.000000e+00 2.239723e+01 1.006926e+01 1.381929e+03 2.289010e+01 0.000000e+00 0.000000e+00 0.000000e+00 0.000000e+00 0.000000e+00 0.000000e+00 0.000000e+00 0.000000e+00 0.000000e+00
3.630000e-01 0.000000e+00 -1.210369e+03 -4.607271e+02 0.000000e+00 0.000000e+00 0.000000e+00 2.167798e+01 9.394879e+00 1.380038e+03 2.444147e+01 0.000000e+00 0.000000e+00 0.000000e+00 0.000000e+00 0.000000e+00 0.000000e+00 0.000000e+00 0.000000e+00 0.000000e+00
3.640000e-01 0.000000e+00 -1.210052e+03 -4.683061e+02 0.000000e+00 0.000000e+00 0.000000e+00 2.094925e+01 8.711018e+00 1.378167e+03 2.601824e+01 0.000000e+00 0.000000e+00 0.000000e+00 0.000000e+00 0.000000e+00 0.000000e+00 0.000000e+00 0.000000e+00 0.000000e+00
3.650000e-01 0.000000e+00 -1.209752e+03 -4.759183e+02 0.000000e+00 0.000000e+00 0.000000e+00 2.021112e+01 8.017756e+00 1.376314e+03 2.762020e+01 0.000000e+00 0.000000e+00 0.000000e+00 0.000000e+00 0.000000e+00 0.000000e+00 0.000000e+00 0.000000e+00 0.000000e+00
3.660000e-01 0.000000e+00 -1.209469e+03 -4.835638e+02 0.000000e+00 0.000000e+00 0.000000e+00 1.946366e+01 7.315176e+00 1.374480e+03 2.924711e+01 0.000000e+00 0.000000e+00 0.000000e+00 0.000000e+00 0.000000e+00 0.000000e+00 0.000000e+00 0.000000e+00 0.000000e+00
3.670000e-01 0.000000e+00 -1.209202e+03 -4.912426e+02 0.000000e+00 0.000000e+00 0.000000e+00 1.870696e+01 6.603360e+00 1.372665e+03 3.089874e+01 0.000000e+00 0.000000e+00 0.000000e+00 0.000000e+00 0.000000e+00 0.000000e+00 0.000000e+00 0.000000e+00 0.000000e+00
3.680000e-01 0.000000e+00 -1.208952e+03 -4.989547e+02 0.000000e+00 0.000000e+00 0.000000e+00 1.794111e+01 5.882398e+00 1.370868e+03 3.257483e+01 0.000000e+00 0.000000e+00 0.000000e+00 0.000000e+00 0.000000e+00 0.000000e+00 0.000000e+00 0.000000e+00 0.000000e+00
3.690000e-01 0.000000e+00 -1.208718e+03 -5.067003e+02 0.000000e+00 0.000000e+00 0.000000e+00 1.716619e+01 5.152380e+00 1.369089e+03 3.427512e+01 0.000000e+00 0.000000e+00 0.000000e+00 0.000000e+00 0.000000e+00 0.000000e+00 0.000000e+00 0.000000e+00 0.000000e+00
3.700000e-01 0.000000e+00 -1.208500e+03 -5.144794e+02 0.000000e+00 0.000000e+00 0.000000e+00 1.638229e+01 4.413401e+00 1.367329e+03 3.599934e+01 0.000000e+00 0.000000e+00 0.000000e+00 0.000000e+00 0.000000e+00 0.000000e+00 0.000000e+00 0.000000e+00 0.000000e+00
3.710000e-01 0.000000e+00 -1.208299e+03 -5.222919e+02 0.000000e+00 0.000000e+00 0.000000e+00 1.558952e+01 3.665560e+00 1.365586e+03 3.774721e+01 0.000000e+00 0.000000e+00 0.000000e+00 0.000000e+00 0.000000e+00 0.000000e+00 0.000000e+00 0.000000e+00 0.000000e+00
3.720000e-01 0.000000e+00 -1.208114e+03 -5.301378e+02 0.000000e+00 0.000000e+00 0.000000e+00 1.478797e+01 2.908958e+00 1.363862e+03 3.951845e+01 0.000000e+00 0.000000e+00 0.000000e+00 0.000000e+00 0.000000e+00 0.000000e+00 0.000000e+00 0.000000e+00 0.000000e+00
3.730000e-01 0.000000e+00 -1.207945e+03 -5.380173e+02 0.000000e+00 0.000000e+00 0.000000e+00 1.397775e+01 2.143700e+00 1.362155e+03 4.131275e+01 0.000000e+00 0.000000e+00 0.000000e+00 0.000000e+00 0.000000e+00 0.000000e+00 0.000000e+00 0.000000e+00 0.000000e+00
3.740000e-01 0.000000e+00 -1.207791e+03 -5.459301e+02 0.000000e+00 0.000000e+00 0.000000e+00 1.315896e+01 1.369896e+00 1.360466e+03 4.312981e+01 0.000000e+00 0.000000e+00 0.000000e+00 0.000000e+00 0.000000e+00 0.000000e+00 0.000000e+00 0.000000e+00 0.000000e+00
3.750000e-01 0.000000e+00 -1.207654e+03 -5.538764e+02 0.000000e+00 0.000000e+00 0.000000e+00 1.233171e+01 5.876571e-01 1.358794e+03 4.496932e+01 0.000000e+00 0.000000e+00 0.000000e+00 0.000000e+00 0.000000e+00 0.000000e+00 0.000000e+00 0.000000e+00 0.000000e+00
3.760000e-01 0.000000e+00 -1.207533e+03 -5.618560e+02 0.000000e+00 0.000000e+00 0.000000e+00 1.149612e+01 -2.029022e-01 1.357140e+03 4.683095e+01 0.000000e+00 0.000000e+00 0.000000e+00 0.000000e+00 0.000000e+00 0.000000e+00 0.000000e+00 0.000000e+00 0.000000e+00
3.770000e-01 0.000000e+00 -1.207428e+03 -5.698689e+02 0.000000e+00 0.000000e+00 0.000000e+00 1.065230e+01 -1.001663e+00 1.355503e+03 4.871436e+01 0.000000e+00 0.000000e+00 0.000000e+00 0.000000e+00 0.000000e+00 0.000000e+00 0.000000e+00 0.000000e+00 0.000000e+00
3.780000e-01 0.000000e+00 -1.207339e+03 -5.779150e+02 0.000000e+00 0.000000e+00 0.000000e+00 9.800371e+00 -1.808505e+00 1.353883e+03 5.061923e+01 0.000000e+00 0.000000e+00 0.000000e+00 0.000000e+00 0.000000e+00 0.000000e+00 0.000000e+00 0.000000e+00 0.000000e+00
3.790000e-01 0.000000e+00 -1.207266e+03 -5.859943e+02 0.000000e+00 0.000000e+00 0.000000e+00 8.940459e+00 -2.623304e+00 1.352280e+03 5.254520e+01 0.000000e+00 0.000000e+00 0.000000e+00 0.000000e+00 0.000000e+00 0.000000e+00 0.000000e+00 0.000000e+00 0.000000e+00
3.800000e-01 0.000000e+00 -1.207209e+03 -5.941068e+02 0.000000e+00 0.000000e+00 0.000000e+00 8.072670e+00 -3.445949e+00 1.350694e+03 5.449195e+01 0.000000e+00 0.000000e+00 0.000000e+00 0.000000e+00 0.000000e+00 0.000000e+00 0.000000e+00 0.000000e+00 0.000000e+00
3.810000e-01 0.000000e+00 -1.207169e+03 -6.022524e+02 0.000000e+00 0.000000e+00 0.000000e+00 7.197114e+00 -4.276324e+00 1.349125e+03 5.645913e+01 0.000000e+00 0.000000e+00 0.000000e+00 0.000000e+00 0.000000e+00 0.000000e+00 0.000000e+00 0.000000e+00 0.000000e+00
3.820000e-01 0.000000e+00 -1.207146e+03 -6.104312e+02 0.000000e+00 0.000000e+00 0.000000e+00 6.313907e+00 -5.114312e+00 1.347573e+03 5.844642e+01 0.000000e+00 0.000000e+00 0.000000e+00 0.000000e+00 0.000000e+00 0.000000e+00 0.000000e+00 0.000000e+00 0.000000e+00
3.830000e-01 0.000000e+00 -1.207140e+03 -6.186431e+02 0.000000e+00 0.000000e+00 0.000000e+00 5.423167e+00 -5.959790e+00 1.346037e+03 6.045345e+01 0.000000e+00 0.000000e+00 0.000000e+00 0.000000e+00 0.000000e+00 0.000000e+00 0.000000e+00 0.000000e+00 0.000000e+00
3.840000e-01 0.000000e+00 -1.207151e+03 -6.268882e+02 0.000000e+00 0.000000e+00 0.000000e+00 4.525015e+00 -6.812634e+00 1.344517e+03 6.247987e+01 0.000000e+00 0.000000e+00 0.000000e+00 0.000000e+00 0.000000e+00 0.000000e+00 0.000000e+00 0.000000e+00 0.000000e+00
3.850000e-01 0.000000e+00 -1.207180e+03 -6.351664e+02 0.000000e+00 0.000000e+00 0.000000e+00 3.619576e+00 -7.672715e+00 1.343014e+03 6.452531e+01 0.000000e+00 0.000000e+00 0.000000e+00 0.000000e+00 0.000000e+00 0.000000e+00 0.000000e+00 0.000000e+00 0.000000e+00
3.860000e-01 0.000000e+00 -1.207226e+03 -6.434776e+02 0.000000e+00 0.000000e+00 0.000000e+00 2.706979e+00 -8.539903e+00 1.341527e+03 6.658939e+01 0.000000e+00 0.000000e+00 0.000000e+00 0.000000e+00 0.000000e+00 0.000000e+00 0.000000e+00 0.000000e+00 0.000000e+00
3.870000e-01 0.000000e+00 -1.207291e+03 -6.518217e+02 0.000000e+00 0.000000e+00 0.000000e+00 1.787355e+00 -9.414063e+00 1.340056e+03 6.867172e+01 0.000000e+00 0.000000e+00 0.000000e+00 0.000000e+00 0.000000e+00 0.000000e+00 0.000000e+00 0.000000e+00 0.000000e+00
3.880000e-01 0.000000e+00 -1.207375e+03 -6.601986e+02 0.000000e+00 0.000000e+00 0.000000e+00 8.608385e-01 -1.029506e+01 1.338600e+03 7.077192e+01 0.000000e+00 0.000000e+00 0.000000e+00 0.000000e+00 0.000000e+00 0.000000e+00 0.000000e+00 0.000000e+00 0.000000e+00
3.890000e-01 0.000000e+00 -1.207477e+03 -6.686082e+02 0.000000e+00 0.000000e+00 0.000000e+00 -7.243139e-02 -1.118274e+01 1.337161e+03 7.288959e+01 0.000000e+00 0.000000e+00 0.000000e+00 0.000000e+00 0.000000e+00 0.000000e+00 0.000000e+00 0.000000e+00 0.000000e+00
3.900000e-01 0.000000e+00 -1.207598e+03 -6.770504e+02 0.000000e+00 0.000000e+00 0.000000e+00 -1.012314e+00 -1.207698e+01 1.335737e+03 7.502431e+01 0.000000e+00 0.000000e+00 0.000000e+00 0.000000e+00 0.000000e+00 0.000000e+00 0.000000e+00 0.000000e+00 0.000000e+00
3.910000e-01 0.000000e+00 -1.207739e+03 -6.855250e+02 0.000000e+00 0.000000e+00 0.000000e+00 -1.958664e+00 -1.297762e+01 1.334329e+03 7.717568e+01 0.000000e+00 0.000000e+00 0.000000e+00 0.000000e+00 0.000000e+00 0.000000e+00 0.000000e+00 0.000000e+00 0.000000e+00
3.920000e-01 0.000000e+00 -1.207899e+03 -6.940318e+02 0.000000e+00 0.000000e+00 0.000000e+00 -2.911335e+00 -1.388451e+01 1.332937e+03 7.934326e+01 0.000000e+00 0.000000e+00 0.000000e+00 0.000000e+00 0.000000e+00 0.000000e+00 0.000000e+00 0.000000e+00 0.000000e+00
3.930000e-01 0.000000e+00 -1.208080e+03 -7.025707e+02 0.000000e+00 0.000000e+00 0.000000e+00 -3.870175e+00 -1.479751e+01 1.331560e+03 8.152663e+01 0.000000e+00 0.000000e+00 0.000000e+00 0.000000e+00 0.000000e+00 0.000000e+00 0.000000e+00 0.000000e+00 0.000000e+00
3.940000e-01 0.000000e+00 -1.208281e+03 -7.111415e+02 0.000000e+00 0.000000e+00 0.000000e+00 -4.835032e+00 -1.571645e+01 1.330198e+03 8.372535e+01 0.000000e+00 0.000000e+00 0.000000e+00 0.000000e+00 0.000000e+00 0.000000e+00 0.000000e+00 0.000000e+00 0.000000e+00
3.950000e-01 0.000000e+00 -1.208503e+03 -7.197439e+02 0.000000e+00 0.000000e+00 0.000000e+00 -5.805749e+00 -1.664118e+01 1.328851e+03 8.593898e+01 0.000000e+00 0.000000e+00 0.000000e+00 0.000000e+00 0.000000e+00 0.000000e+00 0.000000e+00 0.000000e+00 0.000000e+00
3.960000e-01 0.000000e+00 -1.208746e+03 -7.283777e+02 0.000000e+00 0.000000e+00 0.000000e+00 -6.782166e+00 -1.757153e+01 1.327520e+03 8.816707e+01 0.000000e+00 0.000000e+00 0.000000e+00 0.000000e+00 0.000000e+00 0.000000e+00 0.000000e+00 0.000000e+00 0.000000e+00
3.970000e-01 0.000000e+00 -1.209011e+03 -7.370427e+02 0.000000e+00 0.000000e+00 0.000000e+00 -7.764122e+00 -1.850735e+01 1.326203e+03 9.040916e+01 0.000000e+00 0.000000e+00 0.000000e+00 0.000000e+00 0.000000e+00 0.000000e+00 0.000000e+00 0.000000e+00 0.000000e+00
3.980000e-01 0.000000e+00 -1.209298e+03 -7.457385e+02 0.000000e+00 0.000000e+00 0.000000e+00 -8.751451e+00 -1.944847e+01 1.324901e+03 9.266479e+01 0.000000e+00 0.000000e+00 0.000000e+00 0.000000e+00 0.000000e+00 0.000000e+00 0.000000e+00 0.000000e+00 0.000000e+00
3.990000e-01 0.000000e+00 -1.209607e+03 -7.544650e+02 0.000000e+00 0.000000e+00 0.000000e+00 -9.743987e+00 -2.039472e+01 1.323614e+03 9.493349e+01 0.000000e+00 0.000000e+00 0.000000e+00 0.000000e+00 0.000000e+00 0.000000e+00 0.000000e+00 0.000000e+00 0.000000e+00
4.000000e-01 0.000000e+00 -1.209939e+03 -7.632217e+02 0.000000e+00 0.000000e+00 0.000000e+00 -1.074156e+01 -2.134592e+01 1.322342e+03 9.721479e+01 0.000000e+00 0.000000e+00 0.000000e+00 0.000000e+00 0.000000e+00 0.000000e+00 0.000000e+00 0.000000e+00 0.000000e+00
4.010000e-01 0.000000e+00 -1.210294e+03 -7.720084e+02 0.000000e+00 0.000000e+00 0.000000e+00 -1.174399e+01 -2.230192e+01 1.321084e+03 9.950820e+01 0.000000e+00 0.000000e+00 0.000000e+00 0.000000e+00 0.000000e+00 0.000000e+00 0.000000e+00 0.000000e+00 0.000000e+00
4.020000e-01 0.000000e+00 -1.210673e+03 -7.808248e+02 0.000000e+00 0.000000e+00 0.000000e+00 -1.275111e+01 -2.326252e+01 1.319841e+03 1.018132e+02 0.000000e+00 0.000000e+00 0.000000e+00 0.000000e+00 0.000000e+00 0.000000e+00 0.000000e+00 0.000000e+00 0.000000e+00
4.030000e-01 0.000000e+00 -1.211076e+03 -7.896704e+02 0.000000e+00 0.000000e+00 0.000000e+00 -1.376275e+01 -2.422755e+01 1.318612e+03 1.041294e+02 0.000000e+00 0.000000e+00 0.000000e+00 0.000000e+00 0.000000e+00 0.000000e+00 0.000000e+00 0.000000e+00 0.000000e+00
4.040000e-01 0.000000e+00 -1.211504e+03 -7.985450e+02 0.000000e+00 0.000000e+00 0.000000e+00 -1.477872e+01 -2.519685e+01 1.317398e+03 1.064563e+02 0.000000e+00 0.000000e+00 0.000000e+00 0.000000e+00 0.000000e+00 0.000000e+00 0.000000e+00 0.000000e+00 0.000000e+00
4.050000e-01 0.000000e+00 -1.211957e+03 -8.074485e+02 0.000000e+00 0.000000e+00 0.000000e+00 -1.579888e+01 -2.617025e+01 1.316197e+03 1.087933e+02 0.000000e+00 0.000000e+00 0.000000e+00 0.000000e+00 0.000000e+00 0.000000e+00 0.000000e+00 0.000000e+00 0.000000e+00
4.060000e-01 0.000000e+00 -1.212436e+03 -8.163805e+02 0.000000e+00 0.000000e+00 0.000000e+00 -1.682308e+01 -2.714760e+01 1.315011e+03 1.111401e+02 0.000000e+00 0.000000e+00 0.000000e+00 0.000000e+00 0.000000e+00 0.000000e+00 0.000000e+00 0.000000e+00 0.000000e+00
4.070000e-01 0.000000e+00 -1.212942e+03 -8.253410e+02 0.000000e+00 0.000000e+00 0.000000e+00 -1.785114e+01 -2.812873e+01 1.313839e+03 1.134962e+02 0.000000e+00 0.000000e+00 0.000000e+00 0.000000e+00 0.000000e+00 0.000000e+00 0.000000e+00 0.000000e+00 0.000000e+00
4.080000e-01 0.000000e+00 -1.213475e+03 -8.343295e+02 0.000000e+00 0.000000e+00 0.000000e+00 -1.888292e+01 -2.911348e+01 1.312680e+03 1.158611e+02 0.000000e+00 0.000000e+00 0.000000e+00 0.000000e+00 0.000000e+00 0.000000e+00 0.000000e+00 0.000000e+00 0.000000e+00
4.090000e-01 0.000000e+00 -1.214036e+03 -8.433458e+02 0.000000e+00 0.000000e+00 0.000000e+00 -1.991822e+01 -3.010166e+01 1.311536e+03 1.182343e+02 0.000000e+00 0.000000e+00 0.000000e+00 0.000000e+00 0.000000e+00 0.000000e+00 0.000000e+00 0.000000e+00 0.000000e+00
4.100000e-01 0.000000e+00 -1.214625e+03 -8.523896e+02 0.000000e+00 0.000000e+00 0.000000e+00 -2.095690e+01 -3.109312e+01 1.310405e+03 1.206153e+02 0.000000e+00 0.000000e+00 0.000000e+00 0.000000e+00 0.000000e+00 0.000000e+00 0.000000e+00 0.000000e+00 0.000000e+00
4.110000e-01 0.000000e+00 -1.215243e+03 -8.614606e+02 0.000000e+00 0.000000e+00 0.000000e+00 -2.199877e+01 -3.208767e+01 1.309288e+03 1.230037e+02 0.000000e+00 0.000000e+00 0.000000e+00 0.000000e+00 0.000000e+00 0.000000e+00 0.000000e+00 0.000000e+00 0.000000e+00
4.120000e-01 0.000000e+00 -1.215891e+03 -8.705584e+02 0.000000e+00 0.000000e+00 0.000000e+00 -2.304366e+01 -3.308515e+01 1.308185e+03 1.253989e+02 0.000000e+00 0.000000e+00 0.000000e+00 0.000000e+00 0.000000e+00 0.000000e+00 0.000000e+00 0.000000e+00 0.000000e+00
4.130000e-01 0.000000e+00 -1.216569e+03 -8.796827e+02 0.000000e+00 0.000000e+00 0.000000e+00 -2.409141e+01 -3.408538e+01 1.307095e+03 1.278005e+02 0.000000e+00 0.000000e+00 0.000000e+00 0.000000e+00 0.000000e+00 0.000000e+00 0.000000e+00 0.000000e+00 0.000000e+00
4.140000e-01 0.000000e+00 -1.217278e+03 -8.888332e+02 0.000000e+00 0.000000e+00 0.000000e+00 -2.514182e+01 -3.508817e+01 1.306018e+03 1.302080e+02 0.000000e+00 0.000000e+00 0.000000e+00 0.000000e+00 0.000000e+00 0.000000e+00 0.000000e+00 0.000000e+00 0.000000e+00
4.150000e-01 0.000000e+00 -1.218019e+03 -8.980094e+02 0.000000e+00 0.000000e+00 0.000000e+00 -2.619473e+01 -3.609335e+01 1.304955e+03 1.326208e+02 0.000000e+00 0.000000e+00 0.000000e+00 0.000000e+00 0.000000e+00 0.000000e+00 0.000000e+00 0.000000e+00 0.000000e+00
4.160000e-01 0.000000e+00 -1.218792e+03 -9.072109e+02 0.000000e+00 0.000000e+00 0.000000e+00 -2.724995e+01 -3.710074e+01 1.303905e+03 1.350385e+02 0.000000e+00 0.000000e+00 0.000000e+00 0.000000e+00 0.000000e+00 0.000000e+00 0.000000e+00 0.000000e+00 0.000000e+00
4.170000e-01 0.000000e+00 -1.219598e+03 -9.164374e+02 0.000000e+00 0.000000e+00 0.000000e+00 -2.830731e+01 -3.811016e+01 1.302868e+03 1.374605e+02 0.000000e+00 0.000000e+00 0.000000e+00 0.000000e+00 0.000000e+00 0.000000e+00 0.000000e+00 0.000000e+00 0.000000e+00
4.180000e-01 0.000000e+00 -1.220437e+03 -9.256885e+02 0.000000e+00 0.000000e+00 0.000000e+00 -2.936661e+01 -3.912142e+01 1.301844e+03 1.398863e+02 0.000000e+00 0.000000e+00 0.000000e+00 0.000000e+00 0.000000e+00 0.000000e+00 0.000000e+00 0.000000e+00 0.000000e+00
4.190000e-01 0.000000e+00 -1.221311e+03 -9.349636e+02 0.000000e+00 0.000000e+00 0.000000e+00 -3.042768e+01 -4.013434e+01 1.300833e+03 1.423155e+02 0.000000e+00 0.000000e+00 0.000000e+00 0.000000e+00 0.000000e+00 0.000000e+00 0.000000e+00 0.000000e+00 0.000000e+00
4.200000e-01 0.000000e+00 -1.222219e+03 -9.442623e+02 0.000000e+00 0.000000e+00 0.000000e+00 -3.149034e+01 -4.114873e+01 1.299835e+03 1.447474e+02 0.000000e+00 0.000000e+00 0.000000e+00 0.000000e+00 0.000000e+00 0.000000e+00 0.000000e+00 0.000000e+00 0.000000e+00
4.210000e-01 0.000000e+00 -1.223164e+03 -9.535842e+02 0.000000e+00 0.000000e+00 0.000000e+00 -3.255439e+01 -4.216441e+01 1.298850e+03 1.471817e+02 0.000000e+00 0.000000e+00 0.000000e+00 0.000000e+00 0.000000e+00 0.000000e+00 0.000000e+00 0.000000e+00 0.000000e+00
4.220000e-01 0.000000e+00 -1.224144e+03 -9.629287e+02 0.000000e+00 0.000000e+00 0.000000e+00 -3.361964e+01 -4.318119e+01 1.297878e+03 1.496177e+02 0.000000e+00 0.000000e+00 0.000000e+00 0.000000e+00 0.000000e+00 0.000000e+00 0.000000e+00 0.000000e+00 0.000000e+00
4.230000e-01 0.000000e+00 -1.225161e+03 -9.722954e+02 0.000000e+00 0.000000e+00 0.000000e+00 -3.468592e+01 -4.419888e+01 1.296919e+03 1.520550e+02 0.000000e+00 0.000000e+00 0.000000e+00 0.000000e+00 0.000000e+00 0.000000e+00 0.000000e+00 0.000000e+00 0.000000e+00
4.240000e-01 0.000000e+00 -1.226216e+03 -9.816837e+02 0.000000e+00 0.000000e+00 0.000000e+00 -3.575302e+01 -4.521729e+01 1.295972e+03 1.544930e+02 0.000000e+00 0.000000e+00 0.000000e+00 0.000000e+00 0.000000e+00 0.000000e+00 0.000000e+00 0.000000e+00 0.000000e+00
4.250000e-01 0.000000e+00 -1.227308e+03 -9.910932e+02 0.000000e+00 0.000000e+00 0.000000e+00 -3.682076e+01 -4.623624e+01 1.295037e+03 1.569312e+02 0.000000e+00 0.000000e+00 0.000000e+00 0.000000e+00 0.000000e+00 0.000000e+00 0.000000e+00 0.000000e+00 0.000000e+00
4.260000e-01 0.000000e+00 -1.228440e+03 -1.000523e+03 0.000000e+00 0.000000e+00 0.000000e+00 -3.788895e+01 -4.725552e+01 1.294115e+03 1.593691e+02 0.000000e+00 0.000000e+00 0.000000e+00 0.000000e+00 0.000000e+00 0.000000e+00 0.000000e+00 0.000000e+00 0.000000e+00
4.270000e-01 0.000000e+00 -1.229611e+03 -1.009973e+03 0.000000e+00 0.000000e+00 0.000000e+00 -3.895739e+01 -4.827496e+01 1.293206e+03 1.618061e+02 0.000000e+00 0.000000e+00 0.000000e+00 0.000000e+00 0.000000e+00 0.000000e+00 0.000000e+00 0.000000e+00 0.000000e+00
4.280000e-01 0.000000e+00 -1.230823e+03 -1.019443e+03 0.000000e+00 0.000000e+00 0.000000e+00 -4.002589e+01 -4.929435e+01 1.292309e+03 1.642418e+02 0.000000e+00 0.000000e+00 0.000000e+00 0.000000e+00 0.000000e+00 0.000000e+00 0.000000e+00 0.000000e+00 0.000000e+00
4.290000e-01 0.000000e+00 -1.232075e+03 -1.028931e+03 0.000000e+00 0.000000e+00 0.000000e+00 -4.109429e+01 -5.031353e+01 1.291424e+03 1.666757e+02 0.000000e+00 0.000000e+00 0.000000e+00 0.000000e+00 0.000000e+00 0.000000e+00 0.000000e+00 0.000000e+00 0.000000e+00
4.300000e-01 0.000000e+00 -1.233369e+03 -1.038438e+03 0.000000e+00 0.000000e+00 0.000000e+00 -4.216242e+01 -5.133233e+01 1.290551e+03 1.691072e+02 0.000000e+00 0.000000e+00 0.000000e+00 0.000000e+00 0.000000e+00 0.000000e+00 0.000000e+00 0.000000e+00 0.000000e+00
4.310000e-01 0.000000e+00 -1.234706e+03 -1.047964e+03 0.000000e+00 0.000000e+00 0.000000e+00 -4.323009e+01 -5.235057e+01 1.289691e+03 1.715358e+02 0.000000e+00 0.000000e+00 0.000000e+00 0.000000e+00 0.000000e+00 0.000000e+00 0.000000e+00 0.000000e+00 0.000000e+00
4.320000e-01 0.000000e+00 -1.236086e+03 -1.057507e+03 0.000000e+00 0.000000e+00 0.000000e+00 -4.429713e+01 -5.336806e+01 1.288843e+03 1.739612e+02 0.000000e+00 0.000000e+00 0.000000e+00 0.000000e+00 0.000000e+00 0.000000e+00 0.000000e+00 0.000000e+00 0.000000e+00
4.330000e-01 0.000000e+00 -1.237509e+03 -1.067067e+03 0.000000e+00 0.000000e+00 0.000000e+00 -4.536336e+01 -5.438464e+01 1.288006e+03 1.763827e+02 0.000000e+00 0.000000e+00 0.000000e+00 0.000000e+00 0.000000e+00 0.000000e+00 0.000000e+00 0.000000e+00 0.000000e+00
4.340000e-01 0.000000e+00 -1.238978e+03 -1.076643e+03 0.000000e+00 0.000000e+00 0.000000e+00 -4.642861e+01 -5.540013e+01 1.287182e+03 1.788000e+02 0.000000e+00 0.000000e+00 0.000000e+00 0.000000e+00 0.000000e+00 0.000000e+00 0.000000e+00 0.000000e+00 0.000000e+00
4.350000e-01 0.000000e+00 -1.240492e+03 -1.086236e+03 0.000000e+00 0.000000e+00 0.000000e+00 -4.749269e+01 -5.641433e+01 1.286369e+03 1.812124e+02 0.000000e+00 0.000000e+00 0.000000e+00 0.000000e+00 0.000000e+00 0.000000e+00 0.000000e+00 0.000000e+00 0.000000e+00
4.360000e-01 0.000000e+00 -1.242053e+03 -1.095844e+03 0.000000e+00 0.000000e+00 0.000000e+00 -4.855542e+01 -5.742709e+01 1.285568e+03 1.836195e+02 0.000000e+00 0.000000e+00 0.000000e+00 0.000000e+00 0.000000e+00 0.000000e+00 0.000000e+00 0.000000e+00 0.000000e+00
4.370000e-01 0.000000e+00 -1.243660e+03 -1.105467e+03 0.000000e+00 0.000000e+00 0.000000e+00 -4.961664e+01 -5.843821e+01 1.284779e+03 1.860208e+02 0.000000e+00 0.000000e+00 0.000000e+00 0.000000e+00 0.000000e+00 0.000000e+00 0.000000e+00 0.000000e+00 0.000000e+00
4.380000e-01 0.000000e+00 -1.245315e+03 -1.115104e+03 0.000000e+00 0.000000e+00 0.000000e+00 -5.067615e+01 -5.944753e+01 1.284002e+03 1.884159e+02 0.000000e+00 0.000000e+00 0.000000e+00 0.000000e+00 0.000000e+00 0.000000e+00 0.000000e+00 0.000000e+00 0.000000e+00
4.390000e-01 0.000000e+00 -1.247018e+03 -1.124756e+03 0.000000e+00 0.000000e+00 0.000000e+00 -5.173379e+01 -6.045486e+01 1.283236e+03 1.908042e+02 0.000000e+00 0.000000e+00 0.000000e+00 0.000000e+00 0.000000e+00 0.000000e+00 0.000000e+00 0.000000e+00 0.000000e+00
4.400000e-01 0.000000e+00 -1.248771e+03 -1.134420e+03 0.000000e+00 0.000000e+00 0.000000e+00 -5.278937e+01 -6.146003e+01 1.282482e+03 1.931852e+02 0.000000e+00 0.000000e+00 0.000000e+00 0.000000e+00 0.000000e+00 0.000000e+00 0.000000e+00 0.000000e+00 0.000000e+00
4.410000e-01 0.000000e+00 -1.250573e+03 -1.144097e+03 0.000000e+00 0.000000e+00 0.000000e+00 -5.384273e+01 -6.246286e+01 1.281739e+03 1.955585e+02 0.000000e+00 0.000000e+00 0.000000e+00 0.000000e+00 0.000000e+00 0.000000e+00 0.000000e+00 0.000000e+00 0.000000e+00
4.420000e-01 0.000000e+00 -1.252426e+03 -1.153786e+03 0.000000e+00 0.000000e+00 0.000000e+00 -5.489367e+01 -6.346318e+01 1.281008e+03 1.979236e+02 0.000000e+00 0.000000e+00 0.000000e+00 0.000000e+00 0.000000e+00 0.000000e+00 0.000000e+00 0.000000e+00 0.000000e+00
4.430000e-01 0.000000e+00 -1.254330e+03 -1.163486e+03 0.000000e+00 0.000000e+00 0.000000e+00 -5.594203e+01 -6.446081e+01 1.280288e+03 2.002800e+02 0.000000e+00 0.000000e+00 0.000000e+00 0.000000e+00 0.000000e+00 0.000000e+00 0.000000e+00 0.000000e+00 0.000000e+00
4.440000e-01 0.000000e+00 -1.256287e+03 -1.173197e+03 0.000000e+00 0.000000e+00 0.000000e+00 -5.698764e+01 -6.545558e+01 1.279580e+03 2.026272e+02 0.000000e+00 0.000000e+00 0.000000e+00 0.000000e+00 0.000000e+00 0.000000e+00 0.000000e+00 0.000000e+00 0.000000e+00
4.450000e-01 0.000000e+00 -1.258296e+03 -1.182918e+03 0.000000e+00 0.000000e+00 0.000000e+00 -5.803031e+01 -6.644732e+01 1.278883e+03 2.049648e+02 0.000000e+00 0.000000e+00 0.000000e+00 0.000000e+00 0.000000e+00 0.000000e+00 0.000000e+00 0.000000e+00 0.000000e+00
4.460000e-01 0.000000e+00 -1.260358e+03 -1.192649e+03 0.000000e+00 0.000000e+00 0.000000e+00 -5.906988e+01 -6.743585e+01 1.278197e+03 2.072923e+02 0.000000e+00 0.000000e+00 0.000000e+00 0.000000e+00 0.000000e+00 0.000000e+00 0.000000e+00 0.000000e+00 0.000000e+00
4.470000e-01 0.000000e+00 -1.262474e+03 -1.202388e+03 0.000000e+00 0.000000e+00 0.000000e+00 -6.010616e+01 -6.842100e+01 1.277522e+03 2.096093e+02 0.000000e+00 0.000000e+00 0.000000e+00 0.000000e+00 0.000000e+00 0.000000e+00 0.000000e+00 0.000000e+00 0.000000e+00
4.480000e-01 0.000000e+00 -1.264645e+03 -1.212136e+03 0.000000e+00 0.000000e+00 0.000000e+00 -6.113900e+01 -6.940260e+01 1.276858e+03 2.119152e+02 0.000000e+00 0.000000e+00 0.000000e+00 0.000000e+00 0.000000e+00 0.000000e+00 0.000000e+00 0.000000e+00 0.000000e+00
4.490000e-01 0.000000e+00 -1.266872e+03 -1.221891e+03 0.000000e+00 0.000000e+00 0.000000e+00 -6.216821e+01 -7.038049e+01 1.276205e+03 2.142096e+02 0.000000e+00 0.000000e+00 0.000000e+00 0.000000e+00 0.000000e+00 0.000000e+00 0.000000e+00 0.000000e+00 0.000000e+00
4.500000e-01 0.000000e+00 -1.269155e+03 -1.231652e+03 0.000000e+00 0.000000e+00 0.000000e+00 -6.319363e+01 -7.135449e+01 1.275563e+03 2.164921e+02 0.000000e+00 0.000000e+00 0.000000e+00 0.000000e+00 0.000000e+00 0.000000e+00 0.000000e+00 0.000000e+00 0.000000e+00
4.510000e-01 0.000000e+00 -1.271494e+03 -1.241420e+03 0.000000e+00 0.000000e+00 0.000000e+00 -6.421508e+01 -7.232443e+01 1.274933e+03 2.187622e+02 0.000000e+00 0.000000e+00 0.000000e+00 0.000000e+00 0.000000e+00 0.000000e+00 0.000000e+00 0.000000e+00 0.000000e+00
4.520000e-01 0.000000e+00 -1.273891e+03 -1.251193e+03 0.000000e+00 0.000000e+00 0.000000e+00 -6.523241e+01 -7.329016e+01 1.274313e+03 2.210195e+02 0.000000e+00 0.000000e+00 0.000000e+00 0.000000e+00 0.000000e+00 0.000000e+00 0.000000e+00 0.000000e+00 0.000000e+00
4.530000e-01 0.000000e+00 -1.276346e+03 -1.260971e+03 0.000000e+00 0.000000e+00 0.000000e+00 -6.624544e+01 -7.425152e+01 1.273704e+03 2.232635e+02 0.000000e+00 0.000000e+00 0.000000e+00 0.000000e+00 0.000000e+00 0.000000e+00 0.000000e+00 0.000000e+00 0.000000e+00
4.540000e-01 0.000000e+00 -1.278860e+03 -1.270752e+03 0.000000e+00 0.000000e+00 0.000000e+00 -6.725405e+01 -7.520836e+01 1.273105e+03 2.254939e+02 0.000000e+00 0.000000e+00 0.000000e+00 0.000000e+00 0.000000e+00 0.000000e+00 0.000000e+00 0.000000e+00 0.000000e+00
4.550000e-01 0.000000e+00 -1.281434e+03 -1.280538e+03 0.000000e+00 0.000000e+00 0.000000e+00 -6.825807e+01 -7.616053e+01 1.272518e+03 2.277102e+02 0.000000e+00 0.000000e+00 0.000000e+00 0.000000e+00 0.000000e+00 0.000000e+00 0.000000e+00 0.000000e+00 0.000000e+00
4.560000e-01 0.000000e+00 -1.284068e+03 -1.290326e+03 0.000000e+00 0.000000e+00 0.000000e+00 -6.925736e+01 -7.710788e+01 1.271941e+03 2.299120e+02 0.000000e+00 0.000000e+00 0.000000e+00 0.000000e+00 0.000000e+00 0.000000e+00 0.000000e+00 0.000000e+00 0.000000e+00
4.570000e-01 0.000000e+00 -1.286762e+03 -1.300116e+03 0.000000e+00 0.000000e+00 0.000000e+00 -7.025174e+01 -7.805024e+01 1.271375e+03 2.320989e+02 0.000000e+00 0.000000e+00 0.000000e+00 0.000000e+00 0.000000e+00 0.000000e+00 0.000000e+00 0.000000e+00 0.000000e+00
4.580000e-01 0.000000e+00 -1.289518e+03 -1.309908e+03 0.000000e+00 0.000000e+00 0.000000e+00 -7.124106e+01 -7.898748e+01 1.270819e+03 2.342706e+02 0.000000e+00 0.000000e+00 0.000000e+00 0.000000e+00 0.000000e+00 0.000000e+00 0.000000e+00 0.000000e+00 0.000000e+00
4.590000e-01 0.000000e+00 -1.292336e+03 -1.319701e+03 0.000000e+00 0.000000e+00 0.000000e+00 -7.222518e+01 -7.991942e+01 1.270274e+03 2.364265e+02 0.000000e+00 0.000000e+00 0.000000e+00 0.000000e+00 0.000000e+00 0.000000e+00 0.000000e+00 0.000000e+00 0.000000e+00
4.600000e-01 0.000000e+00 -1.295217e+03 -1.329493e+03 0.000000e+00 0.000000e+00 0.000000e+00 -7.320393e+01 -8.084594e+01 1.269739e+03 2.385663e+02 0.000000e+00 0.000000e+00 0.000000e+00 0.000000e+00 0.000000e+00 0.000000e+00 0.000000e+00 0.000000e+00 0.000000e+00
4.610000e-01 0.000000e+00 -1.298161e+03 -1.339285e+03 0.000000e+00 0.000000e+00 0.000000e+00 -7.417717e+01 -8.176687e+01 1.269215e+03 2.406896e+02 0.000000e+00 0.000000e+00 0.000000e+00 0.000000e+00 0.000000e+00 0.000000e+00 0.000000e+00 0.000000e+00 0.000000e+00
4.620000e-01 0.000000e+00 -1.301169e+03 -1.349075e+03 0.000000e+00 0.000000e+00 0.000000e+00 -7.514476e+01 -8.268208e+01 1.268701e+03 2.427961e+02 0.000000e+00 0.000000e+00 0.000000e+00 0.000000e+00 0.000000e+00 0.000000e+00 0.000000e+00 0.000000e+00 0.000000e+00
4.630000e-01 0.000000e+00 -1.304242e+03 -1.358863e+03 0.000000e+00 0.000000e+00 0.000000e+00 -7.610654e+01 -8.359143e+01 1.268197e+03 2.448853e+02 0.000000e+00 0.000000e+00 0.000000e+00 0.000000e+00 0.000000e+00 0.000000e+00 0.000000e+00 0.000000e+00 0.000000e+00
4.640000e-01 0.000000e+00 -1.307379e+03 -1.368648e+03 0.000000e+00 0.000000e+00 0.000000e+00 -7.706237e+01 -8.449477e+01 1.267704e+03 2.469569e+02 0.000000e+00 0.000000e+00 0.000000e+00 0.000000e+00 0.000000e+00 0.000000e+00 0.000000e+00 0.000000e+00 0.000000e+00
4.650000e-01 0.000000e+00 -1.310582e+03 -1.378429e+03 0.000000e+00 0.000000e+00 0.000000e+00 -7.801212e+01 -8.539197e+01 1.267220e+03 2.490105e+02 0.000000e+00 0.000000e+00 0.000000e+00 0.000000e+00 0.000000e+00 0.000000e+00 0.000000e+00 0.000000e+00 0.000000e+00
4.660000e-01 0.000000e+00 -1.313852e+03 -1.388206e+03 0.000000e+00 0.000000e+00 0.000000e+00 -7.895565e+01 -8.628289e+01 1.266747e+03 2.510458e+02 0.000000e+00 0.000000e+00 0.000000e+00 0.000000e+00 0.000000e+00 0.000000e+00 0.000000e+00 0.000000e+00 0.000000e+00
4.670000e-01 0.000000e+00 -1.317188e+03 -1.397978e+03 0.000000e+00 0.000000e+00 0.000000e+00 -7.989281e+01 -8.716740e+01 1.266284e+03 2.530624e+02 0.000000e+00 0.000000e+00 0.000000e+00 0.000000e+00 0.000000e+00 0.000000e+00 0.000000e+00 0.000000e+00 0.000000e+00
4.680000e-01 0.000000e+00 -1.320591e+03 -1.407744e+03 0.000000e+00 0.000000e+00 0.000000e+00 -8.082349e+01 -8.804537e+01 1.265832e+03 2.550600e+02 0.000000e+00 0.000000e+00 0.000000e+00 0.000000e+00 0.000000e+00 0.000000e+00 0.000000e+00 0.000000e+00 0.000000e+00
4.690000e-01 0.000000e+00 -1.324063e+03 -1.417503e+03 0.000000e+00 0.000000e+00 0.000000e+00 -8.174754e+01 -8.891668e+01 1.265389e+03 2.570383e+02 0.000000e+00 0.000000e+00 0.000000e+00 0.000000e+00 0.000000e+00 0.000000e+00 0.000000e+00 0.000000e+00 0.000000e+00
4.700000e-01 0.000000e+00 -1.327602e+03 -1.427256e+03 0.000000e+00 0.000000e+00 0.000000e+00 -8.266485e+01 -8.978119e+01 1.264956e+03 2.589969e+02 0.000000e+00 0.000000e+00 0.000000e+00 0.000000e+00 0.000000e+00 0.000000e+00 0.000000e+00 0.000000e+00 0.000000e+00
4.710000e-01 0.000000e+00 -1.331211e+03 -1.437000e+03 0.000000e+00 0.000000e+00 0.000000e+00 -8.357528e+01 -9.063880e+01 1.264533e+03 2.609355e+02 0.000000e+00 0.000000e+00 0.000000e+00 0.000000e+00 0.000000e+00 0.000000e+00 0.000000e+00 0.000000e+00 0.000000e+00
4.720000e-01 0.000000e+00 -1.334888e+03 -1.446735e+03 0.000000e+00 0.000000e+00 0.000000e+00 -8.447871e+01 -9.148937e+01 1.264120e+03 2.628538e+02 0.000000e+00 0.000000e+00 0.000000e+00 0.000000e+00 0.000000e+00 0.000000e+00 0.000000e+00 0.000000e+00 0.000000e+00
4.730000e-01 0.000000e+00 -1.338636e+03 -1.456461e+03 0.000000e+00 0.000000e+00 0.000000e+00 -8.537503e+01 -9.233280e+01 1.263717e+03 2.647516e+02 0.000000e+00 0.000000e+00 0.000000e+00 0.000000e+00 0.000000e+00 0.000000e+00 0.000000e+00 0.000000e+00 0.000000e+00
4.740000e-01 0.000000e+00 -1.342454e+03 -1.466177e+03 0.000000e+00 0.000000e+00 0.000000e+00 -8.626411e+01 -9.316897e+01 1.263324e+03 2.666284e+02 0.000000e+00 0.000000e+00 0.000000e+00 0.000000e+00 0.000000e+00 0.000000e+00 0.000000e+00 0.000000e+00 0.000000e+00
4.750000e-01 0.000000e+00 -1.346343e+03 -1.475882e+03 0.000000e+00 0.000000e+00 0.000000e+00 -8.714584e+01 -9.399777e+01 1.262940e+03 2.684841e+02 0.000000e+00 0.000000e+00 0.000000e+00 0.000000e+00 0.000000e+00 0.000000e+00 0.000000e+00 0.000000e+00 0.000000e+00
4.760000e-01 0.000000e+00 -1.350303e+03 -1.485575e+03 0.000000e+00 0.000000e+00 0.000000e+00 -8.802011e+01 -9.481908e+01 1.262567e+03 2.703184e+02 0.000000e+00 0.000000e+00 0.000000e+00 0.000000e+00 0.000000e+00 0.000000e+00 0.000000e+00 0.000000e+00 0.000000e+00
4.770000e-01 0.000000e+00 -1.354334e+03 -1.495256e+03 0.000000e+00 0.000000e+00 0.000000e+00 -8.888682e+01 -9.563282e+01 1.262202e+03 2.721309e+02 0.000000e+00 0.000000e+00 0.000000e+00 0.000000e+00 0.000000e+00 0.000000e+00 0.000000e+00 0.000000e+00 0.000000e+00
4.780000e-01 0.000000e+00 -1.358438e+03 -1.504924e+03 0.000000e+00 0.000000e+00 0.000000e+00 -8.974585e+01 -9.643887e+01 1.261848e+03 2.739215e+02 0.000000e+00 0.000000e+00 0.000000e+00 0.000000e+00 0.000000e+00 0.000000e+00 0.000000e+00 0.000000e+00 0.000000e+00
4.790000e-01 0.000000e+00 -1.362614e+03 -1.514577e+03 0.000000e+00 0.000000e+00 0.000000e+00 -9.059710e+01 -9.723713e+01 1.261503e+03 2.756899e+02 0.000000e+00 0.000000e+00 0.000000e+00 0.000000e+00 0.000000e+00 0.000000e+00 0.000000e+00 0.000000e+00 0.000000e+00
4.800000e-01 0.000000e+00 -1.366863e+03 -1.524217e+03 0.000000e+00 0.000000e+00 0.000000e+00 -9.144047e+01 -9.802751e+01 1.261167e+03 2.774358e+02 0.000000e+00 0.000000e+00 0.000000e+00 0.000000e+00 0.000000e+00 0.000000e+00 0.000000e+00 0.000000e+00 0.000000e+00
4.810000e-01 0.000000e+00 -1.371185e+03 -1.533841e+03 0.000000e+00 0.000000e+00 0.000000e+00 -9.227588e+01 -9.880992e+01 1.260841e+03 2.791591e+02 0.000000e+00 0.000000e+00 0.000000e+00 0.000000e+00 0.000000e+00 0.000000e+00 0.000000e+00 0.000000e+00 0.000000e+00
4.820000e-01 0.000000e+00 -1.375581e+03 -1.543449e+03 0.000000e+00 0.000000e+00 0.000000e+00 -9.310320e+01 -9.958426e+01 1.260525e+03 2.808594e+02 0.000000e+00 0.000000e+00 0.000000e+00 0.000000e+00 0.000000e+00 0.000000e+00 0.000000e+00 0.000000e+00 0.000000e+00
4.830000e-01 0.000000e+00 -1.380051e+03 -1.553040e+03 0.000000e+00 0.000000e+00 0.000000e+00 -9.392235e+01 -1.003504e+02 1.260218e+03 2.825366e+02 0.000000e+00 0.000000e+00 0.000000e+00 0.000000e+00 0.000000e+00 0.000000e+00 0.000000e+00 0.000000e+00 0.000000e+00
4.840000e-01 0.000000e+00 -1.384595e+03 -1.562614e+03 0.000000e+00 0.000000e+00 0.000000e+00 -9.473323e+01 -1.011084e+02 1.259920e+03 2.841904e+02 0.000000e+00 0.000000e+00 0.000000e+00 0.000000e+00 0.000000e+00 0.000000e+00 0.000000e+00 0.000000e+00 0.000000e+00
4.850000e-01 0.000000e+00 -1.389214e+03 -1.572169e+03 0.000000e+00 0.000000e+00 0.000000e+00 -9.553573e+01 -1.018579e+02 1.259632e+03 2.858206e+02 0.000000e+00 0.000000e+00 0.000000e+00 0.000000e+00 0.000000e+00 0.000000e+00 0.000000e+00 0.000000e+00 0.000000e+00
4.860000e-01 0.000000e+00 -1.393907e+03 -1.581705e+03 0.000000e+00 0.000000e+00 0.000000e+00 -9.632977e+01 -1.025991e+02 1.259352e+03 2.874271e+02 0.000000e+00 0.000000e+00 0.000000e+00 0.000000e+00 0.000000e+00 0.000000e+00 0.000000e+00 0.000000e+00 0.000000e+00
4.870000e-01 0.000000e+00 -1.398675e+03 -1.591222e+03 0.000000e+00 0.000000e+00 0.000000e+00 -9.711527e+01 -1.033317e+02 1.259082e+03 2.890096e+02 0.000000e+00 0.000000e+00 0.000000e+00 0.000000e+00 0.000000e+00 0.000000e+00 0.000000e+00 0.000000e+00 0.000000e+00
4.880000e-01 0.000000e+00 -1.403519e+03 -1.600717e+03 0.000000e+00 0.000000e+00 0.000000e+00 -9.789213e+01 -1.040557e+02 1.258822e+03 2.905679e+02 0.000000e+00 0.000000e+00 0.000000e+00 0.000000e+00 0.000000e+00 0.000000e+00 0.000000e+00 0.000000e+00 0.000000e+00
4.890000e-01 0.000000e+00 -1.408438e+03 -1.610191e+03 0.000000e+00 0.000000e+00 0.000000e+00 -9.866028e+01 -1.047711e+02 1.258570e+03 2.921019e+02 0.000000e+00 0.000000e+00 0.000000e+00 0.000000e+00 0.000000e+00 0.000000e+00 0.000000e+00 0.000000e+00 0.000000e+00
4.900000e-01 0.000000e+00 -1.413433e+03 -1.619643e+03 0.000000e+00 0.000000e+00 0.000000e+00 -9.941965e+01 -1.054777e+02 1.258328e+03 2.936114e+02 0.000000e+00 0.000000e+00 0.000000e+00 0.000000e+00 0.000000e+00 0.000000e+00 0.000000e+00 0.000000e+00 0.000000e+00
4.910000e-01 0.000000e+00 -1.418504e+03 -1.629073e+03 0.000000e+00 0.000000e+00 0.000000e+00 -1.001701e+02 -1.061755e+02 1.258094e+03 2.950963e+02 0.000000e+00 0.000000e+00 0.000000e+00 0.000000e+00 0.000000e+00 0.000000e+00 0.000000e+00 0.000000e+00 0.000000e+00
4.920000e-01 0.000000e+00 -1.423652e+03 -1.638478e+03 0.000000e+00 0.000000e+00 0.000000e+00 -1.009117e+02 -1.068644e+02 1.257870e+03 2.965564e+02 0.000000e+00 0.000000e+00 0.000000e+00 0.000000e+00 0.000000e+00 0.000000e+00 0.000000e+00 0.000000e+00 0.000000e+00
4.930000e-01 0.000000e+00 -1.428875e+03 -1.647860e+03 0.000000e+00 0.000000e+00 0.000000e+00 -1.016443e+02 -1.075444e+02 1.257654e+03 2.979916e+02 0.000000e+00 0.000000e+00 0.000000e+00 0.000000e+00 0.000000e+00 0.000000e+00 0.000000e+00 0.000000e+00 0.000000e+00
4.940000e-01 0.000000e+00 -1.434175e+03 -1.657216e+03 0.000000e+00 0.000000e+00 0.000000e+00 -1.023678e+02 -1.082155e+02 1.257448e+03 2.994017e+02 0.000000e+00 0.000000e+00 0.000000e+00 0.000000e+00 0.000000e+00 0.000000e+00 0.000000e+00 0.000000e+00 0.000000e+00
4.950000e-01 0.000000e+00 -1.439552e+03 -1.666547e+03 0.000000e+00 0.000000e+00 0.000000e+00 -1.030822e+02 -1.088775e+02 1.257250e+03 3.007868e+02 0.000000e+00 0.000000e+00 0.000000e+00 0.000000e+00 0.000000e+00 0.000000e+00 0.000000e+00 0.000000e+00 0.000000e+00
4.960000e-01 0.000000e+00 -1.445005e+03 -1.675851e+03 0.000000e+00 0.000000e+00 0.000000e+00 -1.037875e+02 -1.095304e+02 1.257061e+03 3.021466e+02 0.000000e+00 0.000000e+00 0.000000e+00 0.000000e+00 0.000000e+00 0.000000e+00 0.000000e+00 0.000000e+00 0.000000e+00
4.970000e-01 0.000000e+00 -1.450535e+03 -1.685128e+03 0.000000e+00 0.000000e+00 0.000000e+00 -1.044835e+02 -1.101742e+02 1.256881e+03 3.034810e+02 0.000000e+00 0.000000e+00 0.000000e+00 0.000000e+00 0.000000e+00 0.000000e+00 0.000000e+00 0.000000e+00 0.000000e+00
4.980000e-01 0.000000e+00 -1.456143e+03 -1.694378e+03 0.000000e+00 0.000000e+00 0.000000e+00 -1.051703e+02 -1.108088e+02 1.256710e+03 3.047901e+02 0.000000e+00 0.000000e+00 0.000000e+00 0.000000e+00 0.000000e+00 0.000000e+00 0.000000e+00 0.000000e+00 0.000000e+00
4.990000e-01 0.000000e+00 -1.461827e+03 -1.703599e+03 0.000000e+00 0.000000e+00 0.000000e+00 -1.058478e+02 -1.114342e+02 1.256548e+03 3.060737e+02 0.000000e+00 0.000000e+00 0.000000e+00 0.000000e+00 0.000000e+00 0.000000e+00 0.000000e+00 0.000000e+00 0.000000e+00
5.000000e-01 0.000000e+00 -1.467589e+03 -1.712791e+03 0.000000e+00 0.000000e+00 0.000000e+00 -1.065159e+02 -1.120503e+02 1.256394e+03 3.073318e+02 0.000000e+00 0.000000e+00 0.000000e+00 0.000000e+00 0.000000e+00 0.000000e+00 0.000000e+00 0.000000e+00 0.000000e+00
5.010000e-01 0.000000e+00 -1.473427e+03 -1.721954e+03 0.000000e+00 0.000000e+00 0.000000e+00 -1.071747e+02 -1.126572e+02 1.256249e+03 3.085644e+02 0.000000e+00 0.000000e+00 0.000000e+00 0.000000e+00 0.000000e+00 0.000000e+00 0.000000e+00 0.000000e+00 0.000000e+00
5.020000e-01 0.000000e+00 -1.479343e+03 -1.731086e+03 0.000000e+00 0.000000e+00 0.000000e+00 -1.078240e+02 -1.132548e+02 1.256112e+03 3.097713e+02 0.000000e+00 0.000000e+00 0.000000e+00 0.000000e+00 0.000000e+00 0.000000e+00 0.000000e+00 0.000000e+00 0.000000e+00
5.030000e-01 0.000000e+00 -1.485337e+03 -1.740188e+03 0.000000e+00 0.000000e+00 0.000000e+00 -1.084639e+02 -1.138431e+02 1.255984e+03 3.109526e+02 0.000000e+00 0.000000e+00 0.000000e+00 0.000000e+00 0.000000e+00 0.000000e+00 0.000000e+00 0.000000e+00 0.000000e+00
5.040000e-01 0.000000e+00 -1.491407e+03 -1.749258e+03 0.000000e+00 0.000000e+00 0.000000e+00 -1.090943e+02 -1.144220e+02 1.255865e+03 3.121082e+02 0.000000e+00 0.000000e+00 0.000000e+00 0.000000e+00 0.000000e+00 0.000000e+00 0.000000e+00 0.000000e+00 0.000000e+00
5.050000e-01 0.000000e+00 -1.497554e+03 -1.758295e+03 0.000000e+00 0.000000e+00 0.000000e+00 -1.097153e+02 -1.149915e+02 1.255754e+03 3.132381e+02 0.000000e+00 0.000000e+00 0.000000e+00 0.000000e+00 0.000000e+00 0.000000e+00 0.000000e+00 0.000000e+00 0.000000e+00
5.060000e-01 0.000000e+00 -1.503779e+03 -1.767300e+03 0.000000e+00 0.000000e+00 0.000000e+00 -1.103266e+02 -1.155516e+02 1.255652e+03 3.143422e+02 0.000000e+00 0.000000e+00 0.000000e+00 0.000000e+00 0.000000e+00 0.000000e+00 0.000000e+00 0.000000e+00 0.000000e+00
5.070000e-01 0.000000e+00 -1.510080e+03 -1.776270e+03 0.000000e+00 0.000000e+00 0.000000e+00 -1.109284e+02 -1.161023e+02 1.255558e+03 3.154206e+02 0.000000e+00 0.000000e+00 0.000000e+00 0.000000e+00 0.000000e+00 0.000000e+00 0.000000e+00 0.000000e+00 0.000000e+00
5.080000e-01 0.000000e+00 -1.516458e+03 -1.785207e+03 0.000000e+00 0.000000e+00 0.000000e+00 -1.115205e+02 -1.166435e+02 1.255472e+03 3.164733e+02 0.000000e+00 0.000000e+00 0.000000e+00 0.000000e+00 0.000000e+00 0.000000e+00 0.000000e+00 0.000000e+00 0.000000e+00
5.090000e-01 0.000000e+00 -1.522912e+03 -1.794108e+03 0.000000e+00 0.000000e+00 0.000000e+00 -1.121031e+02 -1.171752e+02 1.255395e+03 3.175001e+02 0.000000e+00 0.000000e+00 0.000000e+00 0.000000e+00 0.000000e+00 0.000000e+00 0.000000e+00 0.000000e+00 0.000000e+00
5.100000e-01 0.000000e+00 -1.529443e+03 -1.802974e+03 0.000000e+00 0.000000e+00 0.000000e+00 -1.126760e+02 -1.176975e+02 1.255326e+03 3.185013e+02 0.000000e+00 0.000000e+00 0.000000e+00 0.000000e+00 0.000000e+00 0.000000e+00 0.000000e+00 0.000000e+00 0.000000e+00
5.110000e-01 0.000000e+00 -1.536050e+03 -1.811803e+03 0.000000e+00 0.000000e+00 0.000000e+00 -1.132392e+02 -1.182102e+02 1.255265e+03 3.194768e+02 0.000000e+00 0.000000e+00 0.000000e+00 0.000000e+00 0.000000e+00 0.000000e+00 0.000000e+00 0.000000e+00 0.000000e+00
5.120000e-01 0.000000e+00 -1.542734e+03 -1.820596e+03 0.000000e+00 0.000000e+00 0.000000e+00 -1.137928e+02 -1.187135e+02 1.255213e+03 3.204266e+02 0.000000e+00 0.000000e+00 0.000000e+00 0.000000e+00 0.000000e+00 0.000000e+00 0.000000e+00 0.000000e+00 0.000000e+00
5.130000e-01 0.000000e+00 -1.549493e+03 -1.829351e+03 0.000000e+00 0.000000e+00 0.000000e+00 -1.143367e+02 -1.192073e+02 1.255168e+03 3.213509e+02 0.000000e+00 0.000000e+00 0.000000e+00 0.000000e+00 0.000000e+00 0.000000e+00 0.000000e+00 0.000000e+00 0.000000e+00
5.140000e-01 0.000000e+00 -1.556328e+03 -1.838067e+03 0.000000e+00 0.000000e+00 0.000000e+00 -1.148709e+02 -1.196917e+02 1.255132e+03 3.222496e+02 0.000000e+00 0.000000e+00 0.000000e+00 0.000000e+00 0.000000e+00 0.000000e+00 0.000000e+00 0.000000e+00 0.000000e+00
5.150000e-01 0.000000e+00 -1.563238e+03 -1.846746e+03 0.000000e+00 0.000000e+00 0.000000e+00 -1.153955e+02 -1.201666e+02 1.255104e+03 3.231229e+02 0.000000e+00 0.000000e+00 0.000000e+00 0.000000e+00 0.000000e+00 0.000000e+00 0.000000e+00 0.000000e+00 0.000000e+00
5.160000e-01 0.000000e+00 -1.570223e+03 -1.855385e+03 0.000000e+00 0.000000e+00 0.000000e+00 -1.159105e+02 -1.206320e+02 1.255085e+03 3.239708e+02 0.000000e+00 0.000000e+00 0.000000e+00 0.000000e+00 0.000000e+00 0.000000e+00 0.000000e+00 0.000000e+00 0.000000e+00
5.170000e-01 0.000000e+00 -1.577283e+03 -1.863985e+03 0.000000e+00 0.000000e+00 0.000000e+00 -1.164158e+02 -1.210880e+02 1.255073e+03 3.247935e+02 0.000000e+00 0.000000e+00 0.000000e+00 0.000000e+00 0.000000e+00 0.000000e+00 0.000000e+00 0.000000e+00 0.000000e+00
5.180000e-01 0.000000e+00 -1.584418e+03 -1.872545e+03 0.000000e+00 0.000000e+00 0.000000e+00 -1.169115e+02 -1.215346e+02 1.255069e+03 3.255911e+02 0.000000e+00 0.000000e+00 0.000000e+00 0.000000e+00 0.000000e+00 0.000000e+00 0.000000e+00 0.000000e+00 0.000000e+00
5.190000e-01 0.000000e+00 -1.591627e+03 -1.881064e+03 0.000000e+00 0.000000e+00 0.000000e+00 -1.173977e+02 -1.219719e+02 1.255073e+03 3.263636e+02 0.000000e+00 0.000000e+00 0.000000e+00 0.000000e+00 0.000000e+00 0.000000e+00 0.000000e+00 0.000000e+00 0.000000e+00
5.200000e-01 0.000000e+00 -1.598910e+03 -1.889542e+03 0.000000e+00 0.000000e+00 0.000000e+00 -1.178742e+02 -1.223998e+02 1.255085e+03 3.271113e+02 0.000000e+00 0.000000e+00 0.000000e+00 0.000000e+00 0.000000e+00 0.000000e+00 0.000000e+00 0.000000e+00 0.000000e+00
5.210000e-01 0.000000e+00 -1.606267e+03 -1.897979e+03 0.000000e+00 0.000000e+00 0.000000e+00 -1.183413e+02 -1.228184e+02 1.255105e+03 3.278342e+02 0.000000e+00 0.000000e+00 0.000000e+00 0.000000e+00 0.000000e+00 0.000000e+00 0.000000e+00 0.000000e+00 0.000000e+00
5.220000e-01 0.000000e+00 -1.613696e+03 -1.906374e+03 0.000000e+00 0.000000e+00 0.000000e+00 -1.187989e+02 -1.232278e+02 1.255133e+03 3.285326e+02 0.000000e+00 0.000000e+00 0.000000e+00 0.000000e+00 0.000000e+00 0.000000e+00 0.000000e+00 0.000000e+00 0.000000e+00
5.230000e-01 0.000000e+00 -1.621199e+03 -1.914727e+03 0.000000e+00 0.000000e+00 0.000000e+00 -1.192470e+02 -1.236280e+02 1.255169e+03 3.292066e+02 0.000000e+00 0.000000e+00 0.000000e+00 0.000000e+00 0.000000e+00 0.000000e+00 0.000000e+00 0.000000e+00 0.000000e+00
5.240000e-01 0.000000e+00 -1.628774e+03 -1.923037e+03 0.000000e+00 0.000000e+00 0.000000e+00 -1.196857e+02 -1.240190e+02 1.255213e+03 3.298563e+02 0.000000e+00 0.000000e+00 0.000000e+00 0.000000e+00 0.000000e+00 0.000000e+00 0.000000e+00 0.000000e+00 0.000000e+00
5.250000e-01 0.000000e+00 -1.636421e+03 -1.931304e+03 0.000000e+00 0.000000e+00 0.000000e+00 -1.201150e+02 -1.244008e+02 1.255264e+03 3.304819e+02 0.000000e+00 0.000000e+00 0.000000e+00 0.000000e+00 0.000000e+00 0.000000e+00 0.000000e+00 0.000000e+00 0.000000e+00
5.260000e-01 0.000000e+00 -1.644139e+03 -1.939528e+03 0.000000e+00 0.000000e+00 0.000000e+00 -1.205350e+02 -1.247736e+02 1.255323e+03 3.310836e+02 0.000000e+00 0.000000e+00 0.000000e+00 0.000000e+00 0.000000e+00 0.000000e+00 0.000000e+00 0.000000e+00 0.000000e+00
5.270000e-01 0.000000e+00 -1.651928e+03 -1.947708e+03 0.000000e+00 0.000000e+00 0.000000e+00 -1.209456e+02 -1.251373e+02 1.255390e+03 3.316615e+02 0.000000e+00 0.000000e+00 0.000000e+00 0.000000e+00 0.000000e+00 0.000000e+00 0.000000e+00 0.000000e+00 0.000000e+00
5.280000e-01 0.000000e+00 -1.659788e+03 -1.955843e+03 0.000000e+00 0.000000e+00 0.000000e+00 -1.213470e+02 -1.254920e+02 1.255464e+03 3.322158e+02 0.000000e+00 0.000000e+00 0.000000e+00 0.000000e+00 0.000000e+00 0.000000e+00 0.000000e+00 0.000000e+00 0.000000e+00
5.290000e-01 0.000000e+00 -1.667717e+03 -1.963933e+03 0.000000e+00 0.000000e+00 0.000000e+00 -1.217391e+02 -1.258377e+02 1.255547e+03 3.327468e+02 0.000000e+00 0.000000e+00 0.000000e+00 0.000000e+00 0.000000e+00 0.000000e+00 0.000000e+00 0.000000e+00 0.000000e+00
5.300000e-01 0.000000e+00 -1.675716e+03 -1.971978e+03 0.000000e+00 0.000000e+00 0.000000e+00 -1.221221e+02 -1.261746e+02 1.255636e+03 3.332545e+02 0.000000e+00 0.000000e+00 0.000000e+00 0.000000e+00 0.000000e+00 0.000000e+00 0.000000e+00 0.000000e+00 0.000000e+00
5.310000e-01 0.000000e+00 -1.683783e+03 -1.979977e+03 0.000000e+00 0.000000e+00 0.000000e+00 -1.224959e+02 -1.265026e+02 1.255734e+03 3.337393e+02 0.000000e+00 0.000000e+00 0.000000e+00 0.000000e+00 0.000000e+00 0.000000e+00 0.000000e+00 0.000000e+00 0.000000e+00
5.320000e-01 0.000000e+00 -1.691919e+03 -1.987930e+03 0.000000e+00 0.000000e+00 0.000000e+00 -1.228606e+02 -1.268218e+02 1.255839e+03 3.342014e+02 0.000000e+00 0.000000e+00 0.000000e+00 0.000000e+00 0.000000e+00 0.000000e+00 0.000000e+00 0.000000e+00 0.000000e+00
5.330000e-01 0.000000e+00 -1.700122e+03 -1.995837e+03 0.000000e+00 0.000000e+00 0.000000e+00 -1.232163e+02 -1.271323e+02 1.255951e+03 3.346409e+02 0.000000e+00 0.000000e+00 0.000000e+00 0.000000e+00 0.000000e+00 0.000000e+00 0.000000e+00 0.000000e+00 0.000000e+00
5.340000e-01 0.000000e+00 -1.708392e+03 -2.003698e+03 0.000000e+00 0.000000e+00 0.000000e+00 -1.235631e+02 -1.274342e+02 1.256071e+03 3.350582e+02 0.000000e+00 0.000000e+00 0.000000e+00 0.000000e+00 0.000000e+00 0.000000e+00 0.000000e+00 0.000000e+00 0.000000e+00
5.350000e-01 0.000000e+00 -1.716728e+03 -2.011512e+03 0.000000e+00 0.000000e+00 0.000000e+00 -1.239010e+02 -1.277275e+02 1.256199e+03 3.354536e+02 0.000000e+00 0.000000e+00 0.000000e+00 0.000000e+00 0.000000e+00 0.000000e+00 0.000000e+00 0.000000e+00 0.000000e+00
5.360000e-01 0.000000e+00 -1.725130e+03 -2.019279e+03 0.000000e+00 0.000000e+00 0.000000e+00 -1.242301e+02 -1.280123e+02 1.256333e+03 3.358271e+02 0.000000e+00 0.000000e+00 0.000000e+00 0.000000e+00 0.000000e+00 0.000000e+00 0.000000e+00 0.000000e+00 0.000000e+00
5.370000e-01 0.000000e+00 -1.733596e+03 -2.026998e+03 0.000000e+00 0.000000e+00 0.000000e+00 -1.245504e+02 -1.282888e+02 1.256476e+03 3.361793e+02 0.000000e+00 0.000000e+00 0.000000e+00 0.000000e+00 0.000000e+00 0.000000e+00 0.000000e+00 0.000000e+00 0.000000e+00
5.380000e-01 0.000000e+00 -1.742127e+03 -2.034671e+03 0.000000e+00 0.000000e+00 0.000000e+00 -1.248622e+02 -1.285569e+02 1.256626e+03 3.365103e+02 0.000000e+00 0.000000e+00 0.000000e+00 0.000000e+00 0.000000e+00 0.000000e+00 0.000000e+00 0.000000e+00 0.000000e+00
5.390000e-01 0.000000e+00 -1.750722e+03 -2.042296e+03 0.000000e+00 0.000000e+00 0.000000e+00 -1.251654e+02 -1.288169e+02 1.256783e+03 3.368205e+02 0.000000e+00 0.000000e+00 0.000000e+00 0.000000e+00 0.000000e+00 0.000000e+00 0.000000e+00 0.000000e+00 0.000000e+00
5.400000e-01 0.000000e+00 -1.759379e+03 -2.049873e+03 0.000000e+00 0.000000e+00 0.000000e+00 -1.254601e+02 -1.290687e+02 1.256947e+03 3.371101e+02 0.000000e+00 0.000000e+00 0.000000e+00 0.000000e+00 0.000000e+00 0.000000e+00 0.000000e+00 0.000000e+00 0.000000e+00
5.410000e-01 0.000000e+00 -1.768098e+03 -2.057403e+03 0.000000e+00 0.000000e+00 0.000000e+00 -1.257465e+02 -1.293125e+02 1.257119e+03 3.373795e+02 0.000000e+00 0.000000e+00 0.000000e+00 0.000000e+00 0.000000e+00 0.000000e+00 0.000000e+00 0.000000e+00 0.000000e+00
5.420000e-01 0.000000e+00 -1.776879e+03 -2.064885e+03 0.000000e+00 0.000000e+00 0.000000e+00 -1.260247e+02 -1.295485e+02 1.257298e+03 3.376290e+02 0.000000e+00 0.000000e+00 0.000000e+00 0.000000e+00 0.000000e+00 0.000000e+00 0.000000e+00 0.000000e+00 0.000000e+00
5.430000e-01 0.000000e+00 -1.785721e+03 -2.072320e+03 0.000000e+00 0.000000e+00 0.000000e+00 -1.262947e+02 -1.297766e+02 1.257484e+03 3.378590e+02 0.000000e+00 0.000000e+00 0.000000e+00 0.000000e+00 0.000000e+00 0.000000e+00 0.000000e+00 0.000000e+00 0.000000e+00
5.440000e-01 0.000000e+00 -1.794622e+03 -2.079707e+03 0.000000e+00 0.000000e+00 0.000000e+00 -1.265567e+02 -1.299970e+02 1.257678e+03 3.380698e+02 0.000000e+00 0.000000e+00 0.000000e+00 0.000000e+00 0.000000e+00 0.000000e+00 0.000000e+00 0.000000e+00 0.000000e+00
5.450000e-01 0.000000e+00 -1.803582e+03 -2.087046e+03 0.000000e+00 0.000000e+00 0.000000e+00 -1.268107e+02 -1.302099e+02 1.257878e+03 3.382617e+02 0.000000e+00 0.000000e+00 0.000000e+00 0.000000e+00 0.000000e+00 0.000000e+00 0.000000e+00 0.000000e+00 0.000000e+00
5.460000e-01 0.000000e+00 -1.812600e+03 -2.094336e+03 0.000000e+00 0.000000e+00 0.000000e+00 -1.270568e+02 -1.304152e+02 1.258086e+03 3.384350e+02 0.000000e+00 0.000000e+00 0.000000e+00 0.000000e+00 0.000000e+00 0.000000e+00 0.000000e+00 0.000000e+00 0.000000e+00
5.470000e-01 0.000000e+00 -1.821675e+03 -2.101579e+03 0.000000e+00 0.000000e+00 0.000000e+00 -1.272952e+02 -1.306132e+02 1.258301e+03 3.385900e+02 0.000000e+00 0.000000e+00 0.000000e+00 0.000000e+00 0.000000e+00 0.000000e+00 0.000000e+00 0.000000e+00 0.000000e+00
5.480000e-01 0.000000e+00 -1.830807e+03 -2.108774e+03 0.000000e+00 0.000000e+00 0.000000e+00 -1.275259e+02 -1.308039e+02 1.258524e+03 3.387272e+02 0.000000e+00 0.000000e+00 0.000000e+00 0.000000e+00 0.000000e+00 0.000000e+00 0.000000e+00 0.000000e+00 0.000000e+00
5.490000e-01 0.000000e+00 -1.839994e+03 -2.115921e+03 0.000000e+00 0.000000e+00 0.000000e+00 -1.277491e+02 -1.309874e+02 1.258753e+03 3.388469e+02 0.000000e+00 0.000000e+00 0.000000e+00 0.000000e+00 0.000000e+00 0.000000e+00 0.000000e+00 0.000000e+00 0.000000e+00
5.500000e-01 0.000000e+00 -1.849236e+03 -2.123019e+03 0.000000e+00 0.000000e+00 0.000000e+00 -1.279649e+02 -1.311639e+02 1.258990e+03 3.389494e+02 0.000000e+00 0.000000e+00 0.000000e+00 0.000000e+00 0.000000e+00 0.000000e+00 0.000000e+00 0.000000e+00 0.000000e+00
5.510000e-01 0.000000e+00 -1.858532e+03 -2.130070e+03 0.000000e+00 0.000000e+00 0.000000e+00 -1.281733e+02 -1.313335e+02 1.259233e+03 3.390352e+02 0.000000e+00 0.000000e+00 0.000000e+00 0.000000e+00 0.000000e+00 0.000000e+00 0.000000e+00 0.000000e+00 0.000000e+00
5.520000e-01 0.000000e+00 -1.867880e+03 -2.137073e+03 0.000000e+00 0.000000e+00 0.000000e+00 -1.283745e+02 -1.314962e+02 1.259484e+03 3.391046e+02 0.000000e+00 0.000000e+00 0.000000e+00 0.000000e+00 0.000000e+00 0.000000e+00 0.000000e+00 0.000000e+00 0.000000e+00
5.530000e-01 0.000000e+00 -1.877280e+03 -2.144028e+03 0.000000e+00 0.000000e+00 0.000000e+00 -1.285687e+02 -1.316524e+02 1.259742e+03 3.391581e+02 0.000000e+00 0.000000e+00 0.000000e+00 0.000000e+00 0.000000e+00 0.000000e+00 0.000000e+00 0.000000e+00 0.000000e+00
5.540000e-01 0.000000e+00 -1.886731e+03 -2.150936e+03 0.000000e+00 0.000000e+00 0.000000e+00 -1.287560e+02 -1.318019e+02 1.260006e+03 3.391960e+02 0.000000e+00 0.000000e+00 0.000000e+00 0.000000e+00 0.000000e+00 0.000000e+00 0.000000e+00 0.000000e+00 0.000000e+00
5.550000e-01 0.000000e+00 -1.896232e+03 -2.157797e+03 0.000000e+00 0.000000e+00 0.000000e+00 -1.289364e+02 -1.319451e+02 1.260278e+03 3.392187e+02 0.000000e+00 0.000000e+00 0.000000e+00 0.000000e+00 0.000000e+00 0.000000e+00 0.000000e+00 0.000000e+00 0.000000e+00
5.560000e-01 0.000000e+00 -1.905781e+03 -2.164610e+03 0.000000e+00 0.000000e+00 0.000000e+00 -1.291102e+02 -1.320821e+02 1.260557e+03 3.392267e+02 0.000000e+00 0.000000e+00 0.000000e+00 0.000000e+00 0.000000e+00 0.000000e+00 0.000000e+00 0.000000e+00 0.000000e+00
5.570000e-01 0.000000e+00 -1.915379e+03 -2.171377e+03 0.000000e+00 0.000000e+00 0.000000e+00 -1.292775e+02 -1.322129e+02 1.260843e+03 3.392204e+02 0.000000e+00 0.000000e+00 0.000000e+00 0.000000e+00 0.000000e+00 0.000000e+00 0.000000e+00 0.000000e+00 0.000000e+00
5.580000e-01 0.000000e+00 -1.925024e+03 -2.178097e+03 0.000000e+00 0.000000e+00 0.000000e+00 -1.294384e+02 -1.323378e+02 1.261135e+03 3.392003e+02 0.000000e+00 0.000000e+00 0.000000e+00 0.000000e+00 0.000000e+00 0.000000e+00 0.000000e+00 0.000000e+00 0.000000e+00
5.590000e-01 0.000000e+00 -1.934715e+03 -2.184772e+03 0.000000e+00 0.000000e+00 0.000000e+00 -1.295931e+02 -1.324569e+02 1.261435e+03 3.391668e+02 0.000000e+00 0.000000e+00 0.000000e+00 0.000000e+00 0.000000e+00 0.000000e+00 0.000000e+00 0.000000e+00 0.000000e+00
5.600000e-01 0.000000e+00 -1.944451e+03 -2.191400e+03 0.000000e+00 0.000000e+00 0.000000e+00 -1.297417e+02 -1.325704e+02 1.261742e+03 3.391203e+02 0.000000e+00 0.000000e+00 0.000000e+00 0.000000e+00 0.000000e+00 0.000000e+00 0.000000e+00 0.000000e+00 0.000000e+00
5.610000e-01 0.000000e+00 -1.954231e+03 -2.197983e+03 0.000000e+00 0.000000e+00 0.000000e+00 -1.298844e+02 -1.326783e+02 1.262055e+03 3.390614e+02 0.000000e+00 0.000000e+00 0.000000e+00 0.000000e+00 0.000000e+00 0.000000e+00 0.000000e+00 0.000000e+00 0.000000e+00
5.620000e-01 0.000000e+00 -1.964054e+03 -2.204522e+03 0.000000e+00 0.000000e+00 0.000000e+00 -1.300214e+02 -1.327810e+02 1.262376e+03 3.389904e+02 0.000000e+00 0.000000e+00 0.000000e+00 0.000000e+00 0.000000e+00 0.000000e+00 0.000000e+00 0.000000e+00 0.000000e+00
5.630000e-01 0.000000e+00 -1.973918e+03 -2.211016e+03 0.000000e+00 0.000000e+00 0.000000e+00 -1.301527e+02 -1.328784e+02 1.262703e+03 3.389079e+02 0.000000e+00 0.000000e+00 0.000000e+00 0.000000e+00 0.000000e+00 0.000000e+00 0.000000e+00 0.000000e+00 0.000000e+00
5.640000e-01 0.000000e+00 -1.983824e+03 -2.217465e+03 0.000000e+00 0.000000e+00 0.000000e+00 -1.302786e+02 -1.329708e+02 1.263038e+03 3.388142e+02 0.000000e+00 0.000000e+00 0.000000e+00 0.000000e+00 0.000000e+00 0.000000e+00 0.000000e+00 0.000000e+00 0.000000e+00
5.650000e-01 0.000000e+00 -1.993770e+03 -2.223871e+03 0.000000e+00 0.000000e+00 0.000000e+00 -1.303992e+02 -1.330584e+02 1.263379e+03 3.387099e+02 0.000000e+00 0.000000e+00 0.000000e+00 0.000000e+00 0.000000e+00 0.000000e+00 0.000000e+00 0.000000e+00 0.000000e+00
5.660000e-01 0.000000e+00 -2.003754e+03 -2.230234e+03 0.000000e+00 0.000000e+00 0.000000e+00 -1.305146e+02 -1.331412e+02 1.263727e+03 3.385955e+02 0.000000e+00 0.000000e+00 0.000000e+00 0.000000e+00 0.000000e+00 0.000000e+00 0.000000e+00 0.000000e+00 0.000000e+00
5.670000e-01 0.000000e+00 -2.013776e+03 -2.236553e+03 0.000000e+00 0.000000e+00 0.000000e+00 -1.306251e+02 -1.332195e+02 1.264082e+03 3.384713e+02 0.000000e+00 0.000000e+00 0.000000e+00 0.000000e+00 0.000000e+00 0.000000e+00 0.000000e+00 0.000000e+00 0.000000e+00
5.680000e-01 0.000000e+00 -2.023835e+03 -2.242831e+03 0.000000e+00 0.000000e+00 0.000000e+00 -1.307307e+02 -1.332935e+02 1.264444e+03 3.383379e+02 0.000000e+00 0.000000e+00 0.000000e+00 0.000000e+00 0.000000e+00 0.000000e+00 0.000000e+00 0.000000e+00 0.000000e+00
5.690000e-01 0.000000e+00 -2.033929e+03 -2.249066e+03 0.000000e+00 0.000000e+00 0.000000e+00 -1.308317e+02 -1.333632e+02 1.264813e+03 3.381958e+02 0.000000e+00 0.000000e+00 0.000000e+00 0.000000e+00 0.000000e+00 0.000000e+00 0.000000e+00 0.000000e+00 0.000000e+00
5.700000e-01 0.000000e+00 -2.044057e+03 -2.255261e+03 0.000000e+00 0.000000e+00 0.000000e+00 -1.309282e+02 -1.334288e+02 1.265188e+03 3.380455e+02 0.000000e+00 0.000000e+00 0.000000e+00 0.000000e+00 0.000000e+00 0.000000e+00 0.000000e+00 0.000000e+00 0.000000e+00
5.710000e-01 0.000000e+00 -2.054219e+03 -2.261415e+03 0.000000e+00 0.000000e+00 0.000000e+00 -1.310204e+02 -1.334907e+02 1.265571e+03 3.378874e+02 0.000000e+00 0.000000e+00 0.000000e+00 0.000000e+00 0.000000e+00 0.000000e+00 0.000000e+00 0.000000e+00 0.000000e+00
5.720000e-01 0.000000e+00 -2.064413e+03 -2.267529e+03 0.000000e+00 0.000000e+00 0.000000e+00 -1.311085e+02 -1.335488e+02 1.265960e+03 3.377222e+02 0.000000e+00 0.000000e+00 0.000000e+00 0.000000e+00 0.000000e+00 0.000000e+00 0.000000e+00 0.000000e+00 0.000000e+00
5.730000e-01 0.000000e+00 -2.074639e+03 -2.273604e+03 0.000000e+00 0.000000e+00 0.000000e+00 -1.311926e+02 -1.336034e+02 1.266357e+03 3.375502e+02 0.000000e+00 0.000000e+00 0.000000e+00 0.000000e+00 0.000000e+00 0.000000e+00 0.000000e+00 0.000000e+00 0.000000e+00
5.740000e-01 0.000000e+00 -2.084894e+03 -2.279640e+03 0.000000e+00 0.000000e+00 0.000000e+00 -1.312730e+02 -1.336547e+02 1.266760e+03 3.373721e+02 0.000000e+00 0.000000e+00 0.000000e+00 0.000000e+00 0.000000e+00 0.000000e+00 0.000000e+00 0.000000e+00 0.000000e+00
5.750000e-01 0.000000e+00 -2.095178e+03 -2.285639e+03 0.000000e+00 0.000000e+00 0.000000e+00 -1.313498e+02 -1.337029e+02 1.267170e+03 3.371884e+02 0.000000e+00 0.000000e+00 0.000000e+00 0.000000e+00 0.000000e+00 0.000000e+00 0.000000e+00 0.000000e+00 0.000000e+00
5.760000e-01 0.000000e+00 -2.105490e+03 -2.291601e+03 0.000000e+00 0.000000e+00 0.000000e+00 -1.314232e+02 -1.337482e+02 1.267586e+03 3.369995e+02 0.000000e+00 0.000000e+00 0.000000e+00 0.000000e+00 0.000000e+00 0.000000e+00 0.000000e+00 0.000000e+00 0.000000e+00
5.770000e-01 0.000000e+00 -2.115829e+03 -2.297527e+03 0.000000e+00 0.000000e+00 0.000000e+00 -1.314934e+02 -1.337907e+02 1.268010e+03 3.368061e+02 0.000000e+00 0.000000e+00 0.000000e+00 0.000000e+00 0.000000e+00 0.000000e+00 0.000000e+00 0.000000e+00 0.000000e+00
5.780000e-01 0.000000e+00 -2.126194e+03 -2.303417e+03 0.000000e+00 0.000000e+00 0.000000e+00 -1.315607e+02 -1.338307e+02 1.268441e+03 3.366087e+02 0.000000e+00 0.000000e+00 0.000000e+00 0.000000e+00 0.000000e+00 0.000000e+00 0.000000e+00 0.000000e+00 0.000000e+00
5.790000e-01 0.000000e+00 -2.136583e+03 -2.309274e+03 0.000000e+00 0.000000e+00 0.000000e+00 -1.316251e+02 -1.338683e+02 1.268878e+03 3.364078e+02 0.000000e+00 0.000000e+00 0.000000e+00 0.000000e+00 0.000000e+00 0.000000e+00 0.000000e+00 0.000000e+00 0.000000e+00
5.800000e-01 0.000000e+00 -2.146995e+03 -2.315097e+03 0.000000e+00 0.000000e+00 0.000000e+00 -1.316870e+02 -1.339037e+02 1.269323e+03 3.362039e+02 0.000000e+00 0.000000e+00 0.000000e+00 0.000000e+00 0.000000e+00 0.000000e+00 0.000000e+00 0.000000e+00 0.000000e+00
5.810000e-01 0.000000e+00 -2.157431e+03 -2.320887e+03 0.000000e+00 0.000000e+00 0.000000e+00 -1.317464e+02 -1.339372e+02 1.269774e+03 3.359977e+02 0.000000e+00 0.000000e+00 0.000000e+00 0.000000e+00 0.000000e+00 0.000000e+00 0.000000e+00 0.000000e+00 0.000000e+00
5.820000e-01 0.000000e+00 -2.167887e+03 -2.326646e+03 0.000000e+00 0.000000e+00 0.000000e+00 -1.318036e+02 -1.339690e+02 1.270232e+03 3.357897e+02 0.000000e+00 0.000000e+00 0.000000e+00 0.000000e+00 0.000000e+00 0.000000e+00 0.000000e+00 0.000000e+00 0.000000e+00
5.830000e-01 0.000000e+00 -2.178363e+03 -2.332374e+03 0.000000e+00 0.000000e+00 0.000000e+00 -1.318589e+02 -1.339991e+02 1.270697e+03 3.355803e+02 0.000000e+00 0.000000e+00 0.000000e+00 0.000000e+00 0.000000e+00 0.000000e+00 0.000000e+00 0.000000e+00 0.000000e+00
5.840000e-01 0.000000e+00 -2.188859e+03 -2.338072e+03 0.000000e+00 0.000000e+00 0.000000e+00 -1.319123e+02 -1.340279e+02 1.271169e+03 3.353702e+02 0.000000e+00 0.000000e+00 0.000000e+00 0.000000e+00 0.000000e+00 0.000000e+00 0.000000e+00 0.000000e+00 0.000000e+00
5.850000e-01 0.000000e+00 -2.199373e+03 -2.343742e+03 0.000000e+00 0.000000e+00 0.000000e+00 -1.319640e+02 -1.340555e+02 1.271648e+03 3.351599e+02 0.000000e+00 0.000000e+00 0.000000e+00 0.000000e+00 0.000000e+00 0.000000e+00 0.000000e+00 0.000000e+00 0.000000e+00
5.860000e-01 0.000000e+00 -2.209903e+03 -2.349384e+03 0.000000e+00 0.000000e+00 0.000000e+00 -1.320144e+02 -1.340821e+02 1.272134e+03 3.349499e+02 0.000000e+00 0.000000e+00 0.000000e+00 0.000000e+00 0.000000e+00 0.000000e+00 0.000000e+00 0.000000e+00 0.000000e+00
5.870000e-01 0.000000e+00 -2.220449e+03 -2.354999e+03 0.000000e+00 0.000000e+00 0.000000e+00 -1.320636e+02 -1.341080e+02 1.272627e+03 3.347408e+02 0.000000e+00 0.000000e+00 0.000000e+00 0.000000e+00 0.000000e+00 0.000000e+00 0.000000e+00 0.000000e+00 0.000000e+00
5.880000e-01 0.000000e+00 -2.231010e+03 -2.360588e+03 0.000000e+00 0.000000e+00 0.000000e+00 -1.321117e+02 -1.341332e+02 1.273126e+03 3.345332e+02 0.000000e+00 0.000000e+00 0.000000e+00 0.000000e+00 0.000000e+00 0.000000e+00 0.000000e+00 0.000000e+00 0.000000e+00
5.890000e-01 0.000000e+00 -2.241585e+03 -2.366153e+03 0.000000e+00 0.000000e+00 0.000000e+00 -1.321591e+02 -1.341582e+02 1.273633e+03 3.343277e+02 0.000000e+00 0.000000e+00 0.000000e+00 0.000000e+00 0.000000e+00 0.000000e+00 0.000000e+00 0.000000e+00 0.000000e+00
5.900000e-01 0.000000e+00 -2.252172e+03 -2.371695e+03 0.000000e+00 0.000000e+00 0.000000e+00 -1.322059e+02 -1.341829e+02 1.274147e+03 3.341247e+02 0.000000e+00 0.000000e+00 0.000000e+00 0.000000e+00 0.000000e+00 0.000000e+00 0.000000e+00 0.000000e+00 0.000000e+00
5.910000e-01 0.000000e+00 -2.262771e+03 -2.377215e+03 0.000000e+00 0.000000e+00 0.000000e+00 -1.322524e+02 -1.342078e+02 1.274668e+03 3.339249e+02 0.000000e+00 0.000000e+00 0.000000e+00 0.000000e+00 0.000000e+00 0.000000e+00 0.000000e+00 0.000000e+00 0.000000e+00
5.920000e-01 0.000000e+00 -2.273381e+03 -2.382714e+03 0.000000e+00 0.000000e+00 0.000000e+00 -1.322987e+02 -1.342329e+02 1.275196e+03 3.337289e+02 0.000000e+00 0.000000e+00 0.000000e+00 0.000000e+00 0.000000e+00 0.000000e+00 0.000000e+00 0.000000e+00 0.000000e+00
5.930000e-01 0.000000e+00 -2.284000e+03 -2.388193e+03 0.000000e+00 0.000000e+00 0.000000e+00 -1.323451e+02 -1.342585e+02 1.275731e+03 3.335373e+02 0.000000e+00 0.000000e+00 0.000000e+00 0.000000e+00 0.000000e+00 0.000000e+00 0.000000e+00 0.000000e+00 0.000000e+00
5.940000e-01 0.000000e+00 -2.294627e+03 -2.393653e+03 0.000000e+00 0.000000e+00 0.000000e+00 -1.323917e+02 -1.342849e+02 1.276273e+03 3.333505e+02 0.000000e+00 0.000000e+00 0.000000e+00 0.000000e+00 0.000000e+00 0.000000e+00 0.000000e+00 0.000000e+00 0.000000e+00
5.950000e-01 0.000000e+00 -2.305262e+03 -2.399097e+03 0.000000e+00 0.000000e+00 0.000000e+00 -1.324389e+02 -1.343121e+02 1.276823e+03 3.331693e+02 0.000000e+00 0.000000e+00 0.000000e+00 0.000000e+00 0.000000e+00 0.000000e+00 0.000000e+00 0.000000e+00 0.000000e+00
5.960000e-01 0.000000e+00 -2.315903e+03 -2.404525e+03 0.000000e+00 0.000000e+00 0.000000e+00 -1.324869e+02 -1.343405e+02 1.277379e+03 3.329941e+02 0.000000e+00 0.000000e+00 0.000000e+00 0.000000e+00 0.000000e+00 0.000000e+00 0.000000e+00 0.000000e+00 0.000000e+00
5.970000e-01 0.000000e+00 -2.326550e+03 -2.409939e+03 0.000000e+00 0.000000e+00 0.000000e+00 -1.325358e+02 -1.343703e+02 1.277943e+03 3.328257e+02 0.000000e+00 0.000000e+00 0.000000e+00 0.000000e+00 0.000000e+00 0.000000e+00 0.000000e+00 0.000000e+00 0.000000e+00
5.980000e-01 0.000000e+00 -2.337202e+03 -2.415339e+03 0.000000e+00 0.000000e+00 0.000000e+00 -1.325859e+02 -1.344017e+02 1.278514e+03 3.326644e+02 0.000000e+00 0.000000e+00 0.000000e+00 0.000000e+00 0.000000e+00 0.000000e+00 0.000000e+00 0.000000e+00 0.000000e+00
5.990000e-01 0.000000e+00 -2.347857e+03 -2.420728e+03 0.000000e+00 0.000000e+00 0.000000e+00 -1.326375e+02 -1.344349e+02 1.279092e+03 3.325111e+02 0.000000e+00 0.000000e+00 0.000000e+00 0.000000e+00 0.000000e+00 0.000000e+00 0.000000e+00 0.000000e+00 0.000000e+00
6.000000e-01 0.000000e+00 -2.358515e+03 -2.426107e+03 0.000000e+00 0.000000e+00 0.000000e+00 -1.326906e+02 -1.344701e+02 1.279677e+03 3.323661e+02 0.000000e+00 0.000000e+00 0.000000e+00 0.000000e+00 0.000000e+00 0.000000e+00 0.000000e+00 0.000000e+00 0.000000e+00
6.010000e-01 0.000000e+00 -2.369174e+03 -2.431477e+03 0.000000e+00 0.000000e+00 0.000000e+00 -1.327457e+02 -1.345076e+02 1.280270e+03 3.322300e+02 0.000000e+00 0.000000e+00 0.000000e+00 0.000000e+00 0.000000e+00 0.000000e+00 0.000000e+00 0.000000e+00 0.000000e+00
6.020000e-01 0.000000e+00 -2.379834e+03 -2.436839e+03 0.000000e+00 0.000000e+00 0.000000e+00 -1.328028e+02 -1.345475e+02 1.280870e+03 3.321035e+02 0.000000e+00 0.000000e+00 0.000000e+00 0.000000e+00 0.000000e+00 0.000000e+00 0.000000e+00 0.000000e+00 0.000000e+00
6.030000e-01 0.000000e+00 -2.390494e+03 -2.442195e+03 0.000000e+00 0.000000e+00 0.000000e+00 -1.328622e+02 -1.345900e+02 1.281477e+03 3.319872e+02 0.000000e+00 0.000000e+00 0.000000e+00 0.000000e+00 0.000000e+00 0.000000e+00 0.000000e+00 0.000000e+00 0.000000e+00
6.040000e-01 0.000000e+00 -2.401153e+03 -2.447547e+03 0.000000e+00 0.000000e+00 0.000000e+00 -1.329241e+02 -1.346355e+02 1.282092e+03 3.318815e+02 0.000000e+00 0.000000e+00 0.000000e+00 0.000000e+00 0.000000e+00 0.000000e+00 0.000000e+00 0.000000e+00 0.000000e+00
6.050000e-01 0.000000e+00 -2.411810e+03 -2.452896e+03 0.000000e+00 0.000000e+00 0.000000e+00 -1.329888e+02 -1.346841e+02 1.282715e+03 3.317871e+02 0.000000e+00 0.000000e+00 0.000000e+00 0.000000e+00 0.000000e+00 0.000000e+00 0.000000e+00 0.000000e+00 0.000000e+00
6.060000e-01 0.000000e+00 -2.422465e+03 -2.458243e+03 0.000000e+00 0.000000e+00 0.000000e+00 -1.330564e+02 -1.347360e+02 1.283344e+03 3.317045e+02 0.000000e+00 0.000000e+00 0.000000e+00 0.000000e+00 0.000000e+00 0.000000e+00 0.000000e+00 0.000000e+00 0.000000e+00
6.070000e-01 0.000000e+00 -2.433115e+03 -2.463590e+03 0.000000e+00 0.000000e+00 0.000000e+00 -1.331273e+02 -1.347915e+02 1.283982e+03 3.316344e+02 0.000000e+00 0.000000e+00 0.000000e+00 0.000000e+00 0.000000e+00 0.000000e+00 0.000000e+00 0.000000e+00 0.000000e+00
6.080000e-01 0.000000e+00 -2.443762e+03 -2.468938e+03 0.000000e+00 0.000000e+00 0.000000e+00 -1.332016e+02 -1.348508e+02 1.284627e+03 3.315772e+02 0.000000e+00 0.000000e+00 0.000000e+00 0.000000e+00 0.000000e+00 0.000000e+00 0.000000e+00 0.000000e+00 0.000000e+00
6.090000e-01 0.000000e+00 -2.454403e+03 -2.474290e+03 0.000000e+00 0.000000e+00 0.000000e+00 -1.332796e+02 -1.349141e+02 1.285279e+03 3.315336e+02 0.000000e+00 0.000000e+00 0.000000e+00 0.000000e+00 0.000000e+00 0.000000e+00 0.000000e+00 0.000000e+00 0.000000e+00
6.100000e-01 0.000000e+00 -2.465038e+03 -2.479646e+03 0.000000e+00 0.000000e+00 0.000000e+00 -1.333614e+02 -1.349816e+02 1.285940e+03 3.315042e+02 0.000000e+00 0.000000e+00 0.000000e+00 0.000000e+00 0.000000e+00 0.000000e+00 0.000000e+00 0.000000e+00 0.000000e+00
6.110000e-01 0.000000e+00 -2.475666e+03 -2.485009e+03 0.000000e+00 0.000000e+00 0.000000e+00 -1.334474e+02 -1.350536e+02 1.286608e+03 3.314895e+02 0.000000e+00 0.000000e+00 0.000000e+00 0.000000e+00 0.000000e+00 0.000000e+00 0.000000e+00 0.000000e+00 0.000000e+00
6.120000e-01 0.000000e+00 -2.486287e+03 -2.490380e+03 0.000000e+00 0.000000e+00 0.000000e+00 -1.335377e+02 -1.351302e+02 1.287284e+03 3.314900e+02 0.000000e+00 0.000000e+00 0.000000e+00 0.000000e+00 0.000000e+00 0.000000e+00 0.000000e+00 0.000000e+00 0.000000e+00
6.130000e-01 0.000000e+00 -2.496900e+03 -2.495761e+03 0.000000e+00 0.000000e+00 0.000000e+00 -1.336327e+02 -1.352117e+02 1.287967e+03 3.315065e+02 0.000000e+00 0.000000e+00 0.000000e+00 0.000000e+00 0.000000e+00 0.000000e+00 0.000000e+00 0.000000e+00 0.000000e+00
6.140000e-01 0.000000e+00 -2.507503e+03 -2.501153e+03 0.000000e+00 0.000000e+00 0.000000e+00 -1.337324e+02 -1.352984e+02 1.288659e+03 3.315393e+02 0.000000e+00 0.000000e+00 0.000000e+00 0.000000e+00 0.000000e+00 0.000000e+00 0.000000e+00 0.000000e+00 0.000000e+00
6.150000e-01 0.000000e+00 -2.518097e+03 -2.506558e+03 0.000000e+00 0.000000e+00 0.000000e+00 -1.338372e+02 -1.353904e+02 1.289359e+03 3.315892e+02 0.000000e+00 0.000000e+00 0.000000e+00 0.000000e+00 0.000000e+00 0.000000e+00 0.000000e+00 0.000000e+00 0.000000e+00
6.160000e-01 0.000000e+00 -2.528681e+03 -2.511978e+03 0.000000e+00 0.000000e+00 0.000000e+00 -1.339473e+02 -1.354881e+02 1.290066e+03 3.316566e+02 0.000000e+00 0.000000e+00 0.000000e+00 0.000000e+00 0.000000e+00 0.000000e+00 0.000000e+00 0.000000e+00 0.000000e+00
6.170000e-01 0.000000e+00 -2.539254e+03 -2.517414e+03 0.000000e+00 0.000000e+00 0.000000e+00 -1.340630e+02 -1.355915e+02 1.290782e+03 3.317422e+02 0.000000e+00 0.000000e+00 0.000000e+00 0.000000e+00 0.000000e+00 0.000000e+00 0.000000e+00 0.000000e+00 0.000000e+00
6.180000e-01 0.000000e+00 -2.549816e+03 -2.522869e+03 0.000000e+00 0.000000e+00 0.000000e+00 -1.341843e+02 -1.357009e+02 1.291505e+03 3.318464e+02 0.000000e+00 0.000000e+00 0.000000e+00 0.000000e+00 0.000000e+00 0.000000e+00 0.000000e+00 0.000000e+00 0.000000e+00
6.190000e-01 0.000000e+00 -2.560366e+03 -2.528344e+03 0.000000e+00 0.000000e+00 0.000000e+00 -1.343116e+02 -1.358165e+02 1.292237e+03 3.319698e+02 0.000000e+00 0.000000e+00 0.000000e+00 0.000000e+00 0.000000e+00 0.000000e+00 0.000000e+00 0.000000e+00 0.000000e+00
6.200000e-01 0.000000e+00 -2.570903e+03 -2.533840e+03 0.000000e+00 0.000000e+00 0.000000e+00 -1.344451e+02 -1.359386e+02 1.292977e+03 3.321130e+02 0.000000e+00 0.000000e+00 0.000000e+00 0.000000e+00 0.000000e+00 0.000000e+00 0.000000e+00 0.000000e+00 0.000000e+00
6.210000e-01 0.000000e+00 -2.581427e+03 -2.539360e+03 0.000000e+00 0.000000e+00 0.000000e+00 -1.345850e+02 -1.360674e+02 1.293726e+03 3.322764e+02 0.000000e+00 0.000000e+00 0.000000e+00 0.000000e+00 0.000000e+00 0.000000e+00 0.000000e+00 0.000000e+00 0.000000e+00
6.220000e-01 0.000000e+00 -2.591937e+03 -2.544905e+03 0.000000e+00 0.000000e+00 0.000000e+00 -1.347315e+02 -1.362030e+02 1.294483e+03 3.324607e+02 0.000000e+00 0.000000e+00 0.000000e+00 0.000000e+00 0.000000e+00 0.000000e+00 0.000000e+00 0.000000e+00 0.000000e+00
6.230000e-01 0.000000e+00 -2.602433e+03 -2.550477e+03 0.000000e+00 0.000000e+00 0.000000e+00 -1.348849e+02 -1.363457e+02 1.295248e+03 3.326664e+02 0.000000e+00 0.000000e+00 0.000000e+00 0.000000e+00 0.000000e+00 0.000000e+00 0.000000e+00 0.000000e+00 0.000000e+00
6.240000e-01 0.000000e+00 -2.612914e+03 -2.556077e+03 0.000000e+00 0.000000e+00 0.000000e+00 -1.350453e+02 -1.364958e+02 1.296022e+03 3.328939e+02 0.000000e+00 0.000000e+00 0.000000e+00 0.000000e+00 0.000000e+00 0.000000e+00 0.000000e+00 0.000000e+00 0.000000e+00
6.250000e-01 0.000000e+00 -2.623380e+03 -2.561709e+03 0.000000e+00 0.000000e+00 0.000000e+00 -1.352131e+02 -1.366533e+02 1.296804e+03 3.331439e+02 0.000000e+00 0.000000e+00 0.000000e+00 0.000000e+00 0.000000e+00 0.000000e+00 0.000000e+00 0.000000e+00 0.000000e+00
6.260000e-01 0.000000e+00 -2.633831e+03 -2.567372e+03 0.000000e+00 0.000000e+00 0.000000e+00 -1.353884e+02 -1.368186e+02 1.297595e+03 3.334168e+02 0.000000e+00 0.000000e+00 0.000000e+00 0.000000e+00 0.000000e+00 0.000000e+00 0.000000e+00 0.000000e+00 0.000000e+00
6.270000e-01 0.000000e+00 -2.644266e+03 -2.573069e+03 0.000000e+00 0.000000e+00 0.000000e+00 -1.355714e+02 -1.369919e+02 1.298395e+03 3.337132e+02 0.000000e+00 0.000000e+00 0.000000e+00 0.000000e+00 0.000000e+00 0.000000e+00 0.000000e+00 0.000000e+00 0.000000e+00
6.280000e-01 0.000000e+00 -2.654685e+03 -2.578803e+03 0.000000e+00 0.000000e+00 0.000000e+00 -1.357624e+02 -1.371733e+02 1.299203e+03 3.340336e+02 0.000000e+00 0.000000e+00 0.000000e+00 0.000000e+00 0.000000e+00 0.000000e+00 0.000000e+00 0.000000e+00 0.000000e+00
6.290000e-01 0.000000e+00 -2.665088e+03 -2.584574e+03 0.000000e+00 0.000000e+00 0.000000e+00 -1.359615e+02 -1.373631e+02 1.300021e+03 3.343785e+02 0.000000e+00 0.000000e+00 0.000000e+00 0.000000e+00 0.000000e+00 0.000000e+00 0.000000e+00 0.000000e+00 0.000000e+00
6.300000e-01 0.000000e+00 -2.675473e+03 -2.590385e+03 0.000000e+00 0.000000e+00 0.000000e+00 -1.361691e+02 -1.375614e+02 1.300847e+03 3.347483e+02 0.000000e+00 0.000000e+00 0.000000e+00 0.000000e+00 0.000000e+00 0.000000e+00 0.000000e+00 0.000000e+00 0.000000e+00
6.310000e-01 0.000000e+00 -2.685842e+03 -2.596237e+03 0.000000e+00 0.000000e+00 0.000000e+00 -1.363853e+02 -1.377685e+02 1.301683e+03 3.351437e+02 0.000000e+00 0.000000e+00 0.000000e+00 0.000000e+00 0.000000e+00 0.000000e+00 0.000000e+00 0.000000e+00 0.000000e+00
6.320000e-01 0.000000e+00 -2.696193e+03 -2.602132e+03 0.000000e+00 0.000000e+00 0.000000e+00 -1.366102e+02 -1.379846e+02 1.302527e+03 3.355650e+02 0.000000e+00 0.000000e+00 0.000000e+00 0.000000e+00 0.000000e+00 0.000000e+00 0.000000e+00 0.000000e+00 0.000000e+00
6.330000e-01 0.000000e+00 -2.706527e+03 -2.608073e+03 0.000000e+00 0.000000e+00 0.000000e+00 -1.368443e+02 -1.382099e+02 1.303381e+03 3.360129e+02 0.000000e+00 0.000000e+00 0.000000e+00 0.000000e+00 0.000000e+00 0.000000e+00 0.000000e+00 0.000000e+00 0.000000e+00
6.340000e-01 0.000000e+00 -2.716842e+03 -2.614060e+03 0.000000e+00 0.000000e+00 0.000000e+00 -1.370875e+02 -1.384446e+02 1.304244e+03 3.364877e+02 0.000000e+00 0.000000e+00 0.000000e+00 0.000000e+00 0.000000e+00 0.000000e+00 0.000000e+00 0.000000e+00 0.000000e+00
6.350000e-01 0.000000e+00 -2.727141e+03 -2.620096e+03 0.000000e+00 0.000000e+00 0.000000e+00 -1.373403e+02 -1.386889e+02 1.305116e+03 3.369900e+02 0.000000e+00 0.000000e+00 0.000000e+00 0.000000e+00 0.000000e+00 0.000000e+00 0.000000e+00 0.000000e+00 0.000000e+00
6.360000e-01 0.000000e+00 -2.737421e+03 -2.626183e+03 0.000000e+00 0.000000e+00 0.000000e+00 -1.376027e+02 -1.389430e+02 1.305998e+03 3.375202e+02 0.000000e+00 0.000000e+00 0.000000e+00 0.000000e+00 0.000000e+00 0.000000e+00 0.000000e+00 0.000000e+00 0.000000e+00
6.370000e-01 0.000000e+00 -2.747683e+03 -2.632322e+03 0.000000e+00 0.000000e+00 0.000000e+00 -1.378750e+02 -1.392071e+02 1.306889e+03 3.380788e+02 0.000000e+00 0.000000e+00 0.000000e+00 0.000000e+00 0.000000e+00 0.000000e+00 0.000000e+00 0.000000e+00 0.000000e+00
6.380000e-01 0.000000e+00 -2.757926e+03 -2.638515e+03 0.000000e+00 0.000000e+00 0.000000e+00 -1.381573e+02 -1.394813e+02 1.307790e+03 3.386662e+02 0.000000e+00 0.000000e+00 0.000000e+00 0.000000e+00 0.000000e+00 0.000000e+00 0.000000e+00 0.000000e+00 0.000000e+00
6.390000e-01 0.000000e+00 -2.768152e+03 -2.644764e+03 0.000000e+00 0.000000e+00 0.000000e+00 -1.384499e+02 -1.397660e+02 1.308701e+03 3.392830e+02 0.000000e+00 0.000000e+00 0.000000e+00 0.000000e+00 0.000000e+00 0.000000e+00 0.000000e+00 0.000000e+00 0.000000e+00
6.400000e-01 0.000000e+00 -2.778359e+03 -2.651071e+03 0.000000e+00 0.000000e+00 0.000000e+00 -1.387530e+02 -1.400611e+02 1.309622e+03 3.399294e+02 0.000000e+00 0.000000e+00 0.000000e+00 0.000000e+00 0.000000e+00 0.000000e+00 0.000000e+00 0.000000e+00 0.000000e+00
6.410000e-01 0.000000e+00 -2.788548e+03 -2.657438e+03 0.000000e+00 0.000000e+00 0.000000e+00 -1.390667e+02 -1.403670e+02 1.310552e+03 3.406061e+02 0.000000e+00 0.000000e+00 0.000000e+00 0.000000e+00 0.000000e+00 0.000000e+00 0.000000e+00 0.000000e+00 0.000000e+00
6.420000e-01 0.000000e+00 -2.798719e+03 -2.663866e+03 0.000000e+00 0.000000e+00 0.000000e+00 -1.393913e+02 -1.406838e+02 1.311493e+03 3.413133e+02 0.000000e+00 0.000000e+00 0.000000e+00 0.000000e+00 0.000000e+00 0.000000e+00 0.000000e+00 0.000000e+00 0.000000e+00
6.430000e-01 0.000000e+00 -2.808872e+03 -2.670358e+03 0.000000e+00 0.000000e+00 0.000000e+00 -1.397270e+02 -1.410118e+02 1.312444e+03 3.420516e+02 0.000000e+00 0.000000e+00 0.000000e+00 0.000000e+00 0.000000e+00 0.000000e+00 0.000000e+00 0.000000e+00 0.000000e+00
6.440000e-01 0.000000e+00 -2.819007e+03 -2.676914e+03 0.000000e+00 0.000000e+00 0.000000e+00 -1.400738e+02 -1.413510e+02 1.313405e+03 3.428214e+02 0.000000e+00 0.000000e+00 0.000000e+00 0.000000e+00 0.000000e+00 0.000000e+00 0.000000e+00 0.000000e+00 0.000000e+00
6.450000e-01 0.000000e+00 -2.829124e+03 -2.683537e+03 0.000000e+00 0.000000e+00 0.000000e+00 -1.404322e+02 -1.417017e+02 1.314376e+03 3.436231e+02 0.000000e+00 0.000000e+00 0.000000e+00 0.000000e+00 0.000000e+00 0.000000e+00 0.000000e+00 0.000000e+00 0.000000e+00
6.460000e-01 0.000000e+00 -2.839224e+03 -2.690229e+03 0.000000e+00 0.000000e+00 0.000000e+00 -1.408021e+02 -1.420641e+02 1.315357e+03 3.444570e+02 0.000000e+00 0.000000e+00 0.000000e+00 0.000000e+00 0.000000e+00 0.000000e+00 0.000000e+00 0.000000e+00 0.000000e+00
6.470000e-01 0.000000e+00 -2.849306e+03 -2.696991e+03 0.000000e+00 0.000000e+00 0.000000e+00 -1.411838e+02 -1.424382e+02 1.316350e+03 3.453236e+02 0.000000e+00 0.000000e+00 0.000000e+00 0.000000e+00 0.000000e+00 0.000000e+00 0.000000e+00 0.000000e+00 0.000000e+00
6.480000e-01 0.000000e+00 -2.859370e+03 -2.703825e+03 0.000000e+00 0.000000e+00 0.000000e+00 -1.415775e+02 -1.428244e+02 1.317352e+03 3.462233e+02 0.000000e+00 0.000000e+00 0.000000e+00 0.000000e+00 0.000000e+00 0.000000e+00 0.000000e+00 0.000000e+00 0.000000e+00
6.490000e-01 0.000000e+00 -2.869418e+03 -2.710734e+03 0.000000e+00 0.000000e+00 0.000000e+00 -1.419833e+02 -1.432227e+02 1.318366e+03 3.471565e+02 0.000000e+00 0.000000e+00 0.000000e+00 0.000000e+00 0.000000e+00 0.000000e+00 0.000000e+00 0.000000e+00 0.000000e+00
6.500000e-01 0.000000e+00 -2.879449e+03 -2.717717e+03 0.000000e+00 0.000000e+00 0.000000e+00 -1.424015e+02 -1.436333e+02 1.319391e+03 3.481234e+02 0.000000e+00 0.000000e+00 0.000000e+00 0.000000e+00 0.000000e+00 0.000000e+00 0.000000e+00 0.000000e+00 0.000000e+00
6.510000e-01 0.000000e+00 -2.889464e+03 -2.724778e+03 0.000000e+00 0.000000e+00 0.000000e+00 -1.428322e+02 -1.440564e+02 1.320426e+03 3.491246e+02 0.000000e+00 0.000000e+00 0.000000e+00 0.000000e+00 0.000000e+00 0.000000e+00 0.000000e+00 0.000000e+00 0.000000e+00
6.520000e-01 0.000000e+00 -2.899462e+03 -2.731918e+03 0.000000e+00 0.000000e+00 0.000000e+00 -1.432755e+02 -1.444921e+02 1.321472e+03 3.501603e+02 0.000000e+00 0.000000e+00 0.000000e+00 0.000000e+00 0.000000e+00 0.000000e+00 0.000000e+00 0.000000e+00 0.000000e+00
6.530000e-01 0.000000e+00 -2.909445e+03 -2.739139e+03 0.000000e+00 0.000000e+00 0.000000e+00 -1.437316e+02 -1.449406e+02 1.322530e+03 3.512309e+02 0.000000e+00 0.000000e+00 0.000000e+00 0.000000e+00 0.000000e+00 0.000000e+00 0.000000e+00 0.000000e+00 0.000000e+00
6.540000e-01 0.000000e+00 -2.919413e+03 -2.746441e+03 0.000000e+00 0.000000e+00 0.000000e+00 -1.442007e+02 -1.454020e+02 1.323599e+03 3.523367e+02 0.000000e+00 0.000000e+00 0.000000e+00 0.000000e+00 0.000000e+00 0.000000e+00 0.000000e+00 0.000000e+00 0.000000e+00
6.550000e-01 0.000000e+00 -2.929365e+03 -2.753828e+03 0.000000e+00 0.000000e+00 0.000000e+00 -1.446829e+02 -1.458765e+02 1.324679e+03 3.534781e+02 0.000000e+00 0.000000e+00 0.000000e+00 0.000000e+00 0.000000e+00 0.000000e+00 0.000000e+00 0.000000e+00 0.000000e+00
6.560000e-01 0.000000e+00 -2.939304e+03 -2.761300e+03 0.000000e+00 0.000000e+00 0.000000e+00 -1.451785e+02 -1.463643e+02 1.325771e+03 3.546554e+02 0.000000e+00 0.000000e+00 0.000000e+00 0.000000e+00 0.000000e+00 0.000000e+00 0.000000e+00 0.000000e+00 0.000000e+00
6.570000e-01 0.000000e+00 -2.949228e+03 -2.768859e+03 0.000000e+00 0.000000e+00 0.000000e+00 -1.456874e+02 -1.468654e+02 1.326875e+03 3.558688e+02 0.000000e+00 0.000000e+00 0.000000e+00 0.000000e+00 0.000000e+00 0.000000e+00 0.000000e+00 0.000000e+00 0.000000e+00
6.580000e-01 0.000000e+00 -2.959139e+03 -2.776507e+03 0.000000e+00 0.000000e+00 0.000000e+00 -1.462100e+02 -1.473800e+02 1.327990e+03 3.571188e+02 0.000000e+00 0.000000e+00 0.000000e+00 0.000000e+00 0.000000e+00 0.000000e+00 0.000000e+00 0.000000e+00 0.000000e+00
6.590000e-01 0.000000e+00 -2.969037e+03 -2.784246e+03 0.000000e+00 0.000000e+00 0.000000e+00 -1.467462e+02 -1.479082e+02 1.329118e+03 3.584056e+02 0.000000e+00 0.000000e+00 0.000000e+00 0.000000e+00 0.000000e+00 0.000000e+00 0.000000e+00 0.000000e+00 0.000000e+00
6.600000e-01 0.000000e+00 -2.978922e+03 -2.792076e+03 0.000000e+00 0.000000e+00 0.000000e+00 -1.472964e+02 -1.484502e+02 1.330257e+03 3.597294e+02 0.000000e+00 0.000000e+00 0.000000e+00 0.000000e+00 0.000000e+00 0.000000e+00 0.000000e+00 0.000000e+00 0.000000e+00
6.610000e-01 0.000000e+00 -2.988796e+03 -2.799999e+03 0.000000e+00 0.000000e+00 0.000000e+00 -1.478605e+02 -1.490061e+02 1.331408e+03 3.610906e+02 0.000000e+00 0.000000e+00 0.000000e+00 0.000000e+00 0.000000e+00 0.000000e+00 0.000000e+00 0.000000e+00 0.000000e+00
6.620000e-01 0.000000e+00 -2.998659e+03 -2.808017e+03 0.000000e+00 0.000000e+00 0.000000e+00 -1.484387e+02 -1.495760e+02 1.332572e+03 3.624894e+02 0.000000e+00 0.000000e+00 0.000000e+00 0.000000e+00 0.000000e+00 0.000000e+00 0.000000e+00 0.000000e+00 0.000000e+00
6.630000e-01 0.000000e+00 -3.008511e+03 -2.816131e+03 0.000000e+00 0.000000e+00 0.000000e+00 -1.490312e+02 -1.501600e+02 1.333748e+03 3.639261e+02 0.000000e+00 0.000000e+00 0.000000e+00 0.000000e+00 0.000000e+00 0.000000e+00 0.000000e+00 0.000000e+00 0.000000e+00
6.640000e-01 0.000000e+00 -3.018354e+03 -2.824343e+03 0.000000e+00 0.000000e+00 0.000000e+00 -1.496381e+02 -1.507583e+02 1.334937e+03 3.654010e+02 0.000000e+00 0.000000e+00 0.000000e+00 0.000000e+00 0.000000e+00 0.000000e+00 0.000000e+00 0.000000e+00 0.000000e+00
6.650000e-01 0.000000e+00 -3.028187e+03 -2.832654e+03 0.000000e+00 0.000000e+00 0.000000e+00 -1.502595e+02 -1.513709e+02 1.336138e+03 3.669142e+02 0.000000e+00 0.000000e+00 0.000000e+00 0.000000e+00 0.000000e+00 0.000000e+00 0.000000e+00 0.000000e+00 0.000000e+00
6.660000e-01 0.000000e+00 -3.038012e+03 -2.841066e+03 0.000000e+00 0.000000e+00 0.000000e+00 -1.508956e+02 -1.519980e+02 1.337352e+03 3.684660e+02 0.000000e+00 0.000000e+00 0.000000e+00 0.000000e+00 0.000000e+00 0.000000e+00 0.000000e+00 0.000000e+00 0.000000e+00
6.670000e-01 0.000000e+00 -3.047830e+03 -2.849580e+03 0.000000e+00 0.000000e+00 0.000000e+00 -1.515464e+02 -1.526398e+02 1.338579e+03 3.700568e+02 0.000000e+00 0.000000e+00 0.000000e+00 0.000000e+00 0.000000e+00 0.000000e+00 0.000000e+00 0.000000e+00 0.000000e+00
6.680000e-01 0.000000e+00 -3.057640e+03 -2.858197e+03 0.000000e+00 0.000000e+00 0.000000e+00 -1.522120e+02 -1.532962e+02 1.339819e+03 3.716866e+02 0.000000e+00 0.000000e+00 0.000000e+00 0.000000e+00 0.000000e+00 0.000000e+00 0.000000e+00 0.000000e+00 0.000000e+00
6.690000e-01 0.000000e+00 -3.067445e+03 -2.866919e+03 0.000000e+00 0.000000e+00 0.000000e+00 -1.528927e+02 -1.539674e+02 1.341072e+03 3.733557e+02 0.000000e+00 0.000000e+00 0.000000e+00 0.000000e+00 0.000000e+00 0.000000e+00 0.000000e+00 0.000000e+00 0.000000e+00
6.700000e-01 0.000000e+00 -3.077244e+03 -2.875747e+03 0.000000e+00 0.000000e+00 0.000000e+00 -1.535884e+02 -1.546535e+02 1.342338e+03 3.750642e+02 0.000000e+00 0.000000e+00 0.000000e+00 0.000000e+00 0.000000e+00 0.000000e+00 0.000000e+00 0.000000e+00 0.000000e+00
6.710000e-01 0.000000e+00 -3.087039e+03 -2.884683e+03 0.000000e+00 0.000000e+00 0.000000e+00 -1.542993e+02 -1.553546e+02 1.343618e+03 3.768125e+02 0.000000e+00 0.000000e+00 0.000000e+00 0.000000e+00 0.000000e+00 0.000000e+00 0.000000e+00 0.000000e+00 0.000000e+00
6.720000e-01 0.000000e+00 -3.096831e+03 -2.893727e+03 0.000000e+00 0.000000e+00 0.000000e+00 -1.550255e+02 -1.560708e+02 1.344912e+03 3.786006e+02 0.000000e+00 0.000000e+00 0.000000e+00 0.000000e+00 0.000000e+00 0.000000e+00 0.000000e+00 0.000000e+00 0.000000e+00
6.730000e-01 0.000000e+00 -3.106620e+03 -2.902881e+03 0.000000e+00 0.000000e+00 0.000000e+00 -1.557671e+02 -1.568021e+02 1.346219e+03 3.804287e+02 0.000000e+00 0.000000e+00 0.000000e+00 0.000000e+00 0.000000e+00 0.000000e+00 0.000000e+00 0.000000e+00 0.000000e+00
6.740000e-01 0.000000e+00 -3.116408e+03 -2.912145e+03 0.000000e+00 0.000000e+00 0.000000e+00 -1.565241e+02 -1.575487e+02 1.347540e+03 3.822970e+02 0.000000e+00 0.000000e+00 0.000000e+00 0.000000e+00 0.000000e+00 0.000000e+00 0.000000e+00 0.000000e+00 0.000000e+00
6.750000e-01 0.000000e+00 -3.126195e+03 -2.921522e+03 0.000000e+00 0.000000e+00 0.000000e+00 -1.572967e+02 -1.583106e+02 1.348875e+03 3.842057e+02 0.000000e+00 0.000000e+00 0.000000e+00 0.000000e+00 0.000000e+00 0.000000e+00 0.000000e+00 0.000000e+00 0.000000e+00
6.760000e-01 0.000000e+00 -3.135982e+03 -2.931012e+03 0.000000e+00 0.000000e+00 0.000000e+00 -1.580848e+02 -1.590878e+02 1.350224e+03 3.861547e+02 0.000000e+00 0.000000e+00 0.000000e+00 0.000000e+00 0.000000e+00 0.000000e+00 0.000000e+00 0.000000e+00 0.000000e+00
6.770000e-01 0.000000e+00 -3.145770e+03 -2.940616e+03 0.000000e+00 0.000000e+00 0.000000e+00 -1.588887e+02 -1.598805e+02 1.351588e+03 3.881444e+02 0.000000e+00 0.000000e+00 0.000000e+00 0.000000e+00 0.000000e+00 0.000000e+00 0.000000e+00 0.000000e+00 0.000000e+00
6.780000e-01 0.000000e+00 -3.155561e+03 -2.950335e+03 0.000000e+00 0.000000e+00 0.000000e+00 -1.597083e+02 -1.606887e+02 1.352965e+03 3.901747e+02 0.000000e+00 0.000000e+00 0.000000e+00 0.000000e+00 0.000000e+00 0.000000e+00 0.000000e+00 0.000000e+00 0.000000e+00
6.790000e-01 0.000000e+00 -3.165355e+03 -2.960171e+03 0.000000e+00 0.000000e+00 0.000000e+00 -1.605437e+02 -1.615124e+02 1.354358e+03 3.922458e+02 0.000000e+00 0.000000e+00 0.000000e+00 0.000000e+00 0.000000e+00 0.000000e+00 0.000000e+00 0.000000e+00 0.000000e+00
6.800000e-01 0.000000e+00 -3.175153e+03 -2.970123e+03 0.000000e+00 0.000000e+00 0.000000e+00 -1.613949e+02 -1.623518e+02 1.355765e+03 3.943578e+02 0.000000e+00 0.000000e+00 0.000000e+00 0.000000e+00 0.000000e+00 0.000000e+00 0.000000e+00 0.000000e+00 0.000000e+00
6.810000e-01 0.000000e+00 -3.184956e+03 -2.980194e+03 0.000000e+00 0.000000e+00 0.000000e+00 -1.622621e+02 -1.632068e+02 1.357187e+03 3.965107e+02 0.000000e+00 0.000000e+00 0.000000e+00 0.000000e+00 0.000000e+00 0.000000e+00 0.000000e+00 0.000000e+00 0.000000e+00
6.820000e-01 0.000000e+00 -3.194766e+03 -2.990383e+03 0.000000e+00 0.000000e+00 0.000000e+00 -1.631453e+02 -1.640775e+02 1.358624e+03 3.987047e+02 0.000000e+00 0.000000e+00 0.000000e+00 0.000000e+00 0.000000e+00 0.000000e+00 0.000000e+00 0.000000e+00 0.000000e+00
6.830000e-01 0.000000e+00 -3.204583e+03 -3.000693e+03 0.000000e+00 0.000000e+00 0.000000e+00 -1.640445e+02 -1.649639e+02 1.360076e+03 4.009397e+02 0.000000e+00 0.000000e+00 0.000000e+00 0.000000e+00 0.000000e+00 0.000000e+00 0.000000e+00 0.000000e+00 0.000000e+00
6.840000e-01 0.000000e+00 -3.214409e+03 -3.011122e+03 0.000000e+00 0.000000e+00 0.000000e+00 -1.649597e+02 -1.658661e+02 1.361543e+03 4.032159e+02 0.000000e+00 0.000000e+00 0.000000e+00 0.000000e+00 0.000000e+00 0.000000e+00 0.000000e+00 0.000000e+00 0.000000e+00
6.850000e-01 0.000000e+00 -3.224245e+03 -3.021673e+03 0.000000e+00 0.000000e+00 0.000000e+00 -1.658910e+02 -1.667841e+02 1.363026e+03 4.055333e+02 0.000000e+00 0.000000e+00 0.000000e+00 0.000000e+00 0.000000e+00 0.000000e+00 0.000000e+00 0.000000e+00 0.000000e+00
6.860000e-01 0.000000e+00 -3.234091e+03 -3.032346e+03 0.000000e+00 0.000000e+00 0.000000e+00 -1.668384e+02 -1.677179e+02 1.364524e+03 4.078919e+02 0.000000e+00 0.000000e+00 0.000000e+00 0.000000e+00 0.000000e+00 0.000000e+00 0.000000e+00 0.000000e+00 0.000000e+00
6.870000e-01 0.000000e+00 -3.243950e+03 -3.043142e+03 0.000000e+00 0.000000e+00 0.000000e+00 -1.678020e+02 -1.686676e+02 1.366038e+03 4.102917e+02 0.000000e+00 0.000000e+00 0.000000e+00 0.000000e+00 0.000000e+00 0.000000e+00 0.000000e+00 0.000000e+00 0.000000e+00
6.880000e-01 0.000000e+00 -3.253822e+03 -3.054062e+03 0.000000e+00 0.000000e+00 0.000000e+00 -1.687819e+02 -1.696332e+02 1.367568e+03 4.127329e+02 0.000000e+00 0.000000e+00 0.000000e+00 0.000000e+00 0.000000e+00 0.000000e+00 0.000000e+00 0.000000e+00 0.000000e+00
6.890000e-01 0.000000e+00 -3.263708e+03 -3.065106e+03 0.000000e+00 0.000000e+00 0.000000e+00 -1.697780e+02 -1.706147e+02 1.369114e+03 4.152155e+02 0.000000e+00 0.000000e+00 0.000000e+00 0.000000e+00 0.000000e+00 0.000000e+00 0.000000e+00 0.000000e+00 0.000000e+00
6.900000e-01 0.000000e+00 -3.273611e+03 -3.076275e+03 0.000000e+00 0.000000e+00 0.000000e+00 -1.707903e+02 -1.716121e+02 1.370676e+03 4.177393e+02 0.000000e+00 0.000000e+00 0.000000e+00 0.000000e+00 0.000000e+00 0.000000e+00 0.000000e+00 0.000000e+00 0.000000e+00
6.910000e-01 0.000000e+00 -3.283530e+03 -3.087569e+03 0.000000e+00 0.000000e+00 0.000000e+00 -1.718189e+02 -1.726255e+02 1.372254e+03 4.203045e+02 0.000000e+00 0.000000e+00 0.000000e+00 0.000000e+00 0.000000e+00 0.000000e+00 0.000000e+00 0.000000e+00 0.000000e+00
6.920000e-01 0.000000e+00 -3.293467e+03 -3.098990e+03 0.000000e+00 0.000000e+00 0.000000e+00 -1.728638e+02 -1.736549e+02 1.373849e+03 4.229110e+02 0.000000e+00 0.000000e+00 0.000000e+00 0.000000e+00 0.000000e+00 0.000000e+00 0.000000e+00 0.000000e+00 0.000000e+00
6.930000e-01 0.000000e+00 -3.303424e+03 -3.110537e+03 0.000000e+00 0.000000e+00 0.000000e+00 -1.739250e+02 -1.747002e+02 1.375460e+03 4.255588e+02 0.000000e+00 0.000000e+00 0.000000e+00 0.000000e+00 0.000000e+00 0.000000e+00 0.000000e+00 0.000000e+00 0.000000e+00
6.940000e-01 0.000000e+00 -3.313401e+03 -3.122211e+03 0.000000e+00 0.000000e+00 0.000000e+00 -1.750025e+02 -1.757614e+02 1.377088e+03 4.282479e+02 0.000000e+00 0.000000e+00 0.000000e+00 0.000000e+00 0.000000e+00 0.000000e+00 0.000000e+00 0.000000e+00 0.000000e+00
6.950000e-01 0.000000e+00 -3.323400e+03 -3.134012e+03 0.000000e+00 0.000000e+00 0.000000e+00 -1.760963e+02 -1.768386e+02 1.378734e+03 4.309781e+02 0.000000e+00 0.000000e+00 0.000000e+00 0.000000e+00 0.000000e+00 0.000000e+00 0.000000e+00 0.000000e+00 0.000000e+00
6.960000e-01 0.000000e+00 -3.333423e+03 -3.145942e+03 0.000000e+00 0.000000e+00 0.000000e+00 -1.772064e+02 -1.779317e+02 1.380396e+03 4.337495e+02 0.000000e+00 0.000000e+00 0.000000e+00 0.000000e+00 0.000000e+00 0.000000e+00 0.000000e+00 0.000000e+00 0.000000e+00
6.970000e-01 0.000000e+00 -3.343470e+03 -3.157999e+03 0.000000e+00 0.000000e+00 0.000000e+00 -1.783328e+02 -1.790408e+02 1.382075e+03 4.365620e+02 0.000000e+00 0.000000e+00 0.000000e+00 0.000000e+00 0.000000e+00 0.000000e+00 0.000000e+00 0.000000e+00 0.000000e+00
6.980000e-01 0.000000e+00 -3.353543e+03 -3.170184e+03 0.000000e+00 0.000000e+00 0.000000e+00 -1.794754e+02 -1.801657e+02 1.383772e+03 4.394155e+02 0.000000e+00 0.000000e+00 0.000000e+00 0.000000e+00 0.000000e+00 0.000000e+00 0.000000e+00 0.000000e+00 0.000000e+00
6.990000e-01 0.000000e+00 -3.363643e+03 -3.182498e+03 0.000000e+00 0.000000e+00 0.000000e+00 -1.806342e+02 -1.813065e+02 1.385486e+03 4.423098e+02 0.000000e+00 0.000000e+00 0.000000e+00 0.000000e+00 0.000000e+00 0.000000e+00 0.000000e+00 0.000000e+00 0.000000e+00
7.000000e-01 0.000000e+00 -3.373772e+03 -3.194941e+03 0.000000e+00 0.000000e+00 0.000000e+00 -1.818093e+02 -1.824631e+02 1.387218e+03 4.452450e+02 0.000000e+00 0.000000e+00 0.000000e+00 0.000000e+00 0.000000e+00 0.000000e+00 0.000000e+00 0.000000e+00 0.000000e+00
7.010000e-01 0.000000e+00 -3.383930e+03 -3.207512e+03 0.000000e+00 0.000000e+00 0.000000e+00 -1.830005e+02 -1.836355e+02 1.388967e+03 4.482208e+02 0.000000e+00 0.000000e+00 0.000000e+00 0.000000e+00 0.000000e+00 0.000000e+00 0.000000e+00 0.000000e+00 0.000000e+00
7.020000e-01 0.000000e+00 -3.394119e+03 -3.220212e+03 0.000000e+00 0.000000e+00 0.000000e+00 -1.842078e+02 -1.848236e+02 1.390735e+03 4.512373e+02 0.000000e+00 0.000000e+00 0.000000e+00 0.000000e+00 0.000000e+00 0.000000e+00 0.000000e+00 0.000000e+00 0.000000e+00
7.030000e-01 0.000000e+00 -3.404341e+03 -3.233040e+03 0.000000e+00 0.000000e+00 0.000000e+00 -1.854312e+02 -1.860275e+02 1.392521e+03 4.542941e+02 0.000000e+00 0.000000e+00 0.000000e+00 0.000000e+00 0.000000e+00 0.000000e+00 0.000000e+00 0.000000e+00 0.000000e+00
7.040000e-01 0.000000e+00 -3.414596e+03 -3.245997e+03 0.000000e+00 0.000000e+00 0.000000e+00 -1.866706e+02 -1.872470e+02 1.394325e+03 4.573912e+02 0.000000e+00 0.000000e+00 0.000000e+00 0.000000e+00 0.000000e+00 0.000000e+00 0.000000e+00 0.000000e+00 0.000000e+00
7.050000e-01 0.000000e+00 -3.424887e+03 -3.259083e+03 0.000000e+00 0.000000e+00 0.000000e+00 -1.879260e+02 -1.884821e+02 1.396147e+03 4.605285e+02 0.000000e+00 0.000000e+00 0.000000e+00 0.000000e+00 0.000000e+00 0.000000e+00 0.000000e+00 0.000000e+00 0.000000e+00
7.060000e-01 0.000000e+00 -3.435213e+03 -3.272298e+03 0.000000e+00 0.000000e+00 0.000000e+00 -1.891974e+02 -1.897327e+02 1.397989e+03 4.637058e+02 0.000000e+00 0.000000e+00 0.000000e+00 0.000000e+00 0.000000e+00 0.000000e+00 0.000000e+00 0.000000e+00 0.000000e+00
7.070000e-01 0.000000e+00 -3.445578e+03 -3.285640e+03 0.000000e+00 0.000000e+00 0.000000e+00 -1.904846e+02 -1.909989e+02 1.399848e+03 4.669229e+02 0.000000e+00 0.000000e+00 0.000000e+00 0.000000e+00 0.000000e+00 0.000000e+00 0.000000e+00 0.000000e+00 0.000000e+00
7.080000e-01 0.000000e+00 -3.455981e+03 -3.299112e+03 0.000000e+00 0.000000e+00 0.000000e+00 -1.917876e+02 -1.922804e+02 1.401727e+03 4.701798e+02 0.000000e+00 0.000000e+00 0.000000e+00 0.000000e+00 0.000000e+00 0.000000e+00 0.000000e+00 0.000000e+00 0.000000e+00
7.090000e-01 0.000000e+00 -3.466425e+03 -3.312711e+03 0.000000e+00 0.000000e+00 0.000000e+00 -1.931065e+02 -1.935774e+02 1.403625e+03 4.734761e+02 0.000000e+00 0.000000e+00 0.000000e+00 0.000000e+00 0.000000e+00 0.000000e+00 0.000000e+00 0.000000e+00 0.000000e+00
7.100000e-01 0.000000e+00 -3.476911e+03 -3.326438e+03 0.000000e+00 0.000000e+00 0.000000e+00 -1.944410e+02 -1.948897e+02 1.405542e+03 4.768119e+02 0.000000e+00 0.000000e+00 0.000000e+00 0.000000e+00 0.000000e+00 0.000000e+00 0.000000e+00 0.000000e+00 0.000000e+00
7.110000e-01 0.000000e+00 -3.487440e+03 -3.340293e+03 0.000000e+00 0.000000e+00 0.000000e+00 -1.957912e+02 -1.962172e+02 1.407478e+03 4.801868e+02 0.000000e+00 0.000000e+00 0.000000e+00 0.000000e+00 0.000000e+00 0.000000e+00 0.000000e+00 0.000000e+00 0.000000e+00
7.120000e-01 0.000000e+00 -3.498014e+03 -3.354276e+03 0.000000e+00 0.000000e+00 0.000000e+00 -1.971570e+02 -1.975599e+02 1.409434e+03 4.836008e+02 0.000000e+00 0.000000e+00 0.000000e+00 0.000000e+00 0.000000e+00 0.000000e+00 0.000000e+00 0.000000e+00 0.000000e+00
7.130000e-01 0.000000e+00 -3.508633e+03 -3.368385e+03 0.000000e+00 0.000000e+00 0.000000e+00 -1.985383e+02 -1.989178e+02 1.411409e+03 4.870536e+02 0.000000e+00 0.000000e+00 0.000000e+00 0.000000e+00 0.000000e+00 0.000000e+00 0.000000e+00 0.000000e+00 0.000000e+00
7.140000e-01 0.000000e+00 -3.519300e+03 -3.382621e+03 0.000000e+00 0.000000e+00 0.000000e+00 -1.999350e+02 -2.002906e+02 1.413404e+03 4.905450e+02 0.000000e+00 0.000000e+00 0.000000e+00 0.000000e+00 0.000000e+00 0.000000e+00 0.000000e+00 0.000000e+00 0.000000e+00
7.150000e-01 0.000000e+00 -3.530015e+03 -3.396983e+03 0.000000e+00 0.000000e+00 0.000000e+00 -2.013471e+02 -2.016784e+02 1.415420e+03 4.940747e+02 0.000000e+00 0.000000e+00 0.000000e+00 0.000000e+00 0.000000e+00 0.000000e+00 0.000000e+00 0.000000e+00 0.000000e+00
7.160000e-01 0.000000e+00 -3.540781e+03 -3.411471e+03 0.000000e+00 0.000000e+00 0.000000e+00 -2.027744e+02 -2.030811e+02 1.417455e+03 4.976427e+02 0.000000e+00 0.000000e+00 0.000000e+00 0.000000e+00 0.000000e+00 0.000000e+00 0.000000e+00 0.000000e+00 0.000000e+00
7.170000e-01 0.000000e+00 -3.551598e+03 -3.426084e+03 0.000000e+00 0.000000e+00 0.000000e+00 -2.042169e+02 -2.044985e+02 1.419510e+03 5.012485e+02 0.000000e+00 0.000000e+00 0.000000e+00 0.000000e+00 0.000000e+00 0.000000e+00 0.000000e+00 0.000000e+00 0.000000e+00
7.180000e-01 0.000000e+00 -3.562467e+03 -3.440821e+03 0.000000e+00 0.000000e+00 0.000000e+00 -2.056744e+02 -2.059306e+02 1.421586e+03 5.048921e+02 0.000000e+00 0.000000e+00 0.000000e+00 0.000000e+00 0.000000e+00 0.000000e+00 0.000000e+00 0.000000e+00 0.000000e+00
7.190000e-01 0.000000e+00 -3.573391e+03 -3.455682e+03 0.000000e+00 0.000000e+00 0.000000e+00 -2.071469e+02 -2.073772e+02 1.423683e+03 5.085731e+02 0.000000e+00 0.000000e+00 0.000000e+00 0.000000e+00 0.000000e+00 0.000000e+00 0.000000e+00 0.000000e+00 0.000000e+00
7.200000e-01 0.000000e+00 -3.584370e+03 -3.470666e+03 0.000000e+00 0.000000e+00 0.000000e+00 -2.086343e+02 -2.088383e+02 1.425800e+03 5.122912e+02 0.000000e+00 0.000000e+00 0.000000e+00 0.000000e+00 0.000000e+00 0.000000e+00 0.000000e+00 0.000000e+00 0.000000e+00
7.210000e-01 0.000000e+00 -3.595405e+03 -3.485772e+03 0.000000e+00 0.000000e+00 0.000000e+00 -2.101364e+02 -2.103137e+02 1.427938e+03 5.160463e+02 0.000000e+00 0.000000e+00 0.000000e+00 0.000000e+00 0.000000e+00 0.000000e+00 0.000000e+00 0.000000e+00 0.000000e+00
7.220000e-01 0.000000e+00 -3.606499e+03 -3.501000e+03 0.000000e+00 0.000000e+00 0.000000e+00 -2.116532e+02 -2.118034e+02 1.430097e+03 5.198380e+02 0.000000e+00 0.000000e+00 0.000000e+00 0.000000e+00 0.000000e+00 0.000000e+00 0.000000e+00 0.000000e+00 0.000000e+00
7.230000e-01 0.000000e+00 -3.617651e+03 -3.516348e+03 0.000000e+00 0.000000e+00 0.000000e+00 -2.131845e+02 -2.133072e+02 1.432277e+03 5.236661e+02 0.000000e+00 0.000000e+00 0.000000e+00 0.000000e+00 0.000000e+00 0.000000e+00 0.000000e+00 0.000000e+00 0.000000e+00
7.240000e-01 0.000000e+00 -3.628865e+03 -3.531815e+03 0.000000e+00 0.000000e+00 0.000000e+00 -2.147301e+02 -2.148250e+02 1.434479e+03 5.275302e+02 0.000000e+00 0.000000e+00 0.000000e+00 0.000000e+00 0.000000e+00 0.000000e+00 0.000000e+00 0.000000e+00 0.000000e+00
7.250000e-01 0.000000e+00 -3.640140e+03 -3.547401e+03 0.000000e+00 0.000000e+00 0.000000e+00 -2.162900e+02 -2.163566e+02 1.436702e+03 5.314302e+02 0.000000e+00 0.000000e+00 0.000000e+00 0.000000e+00 0.000000e+00 0.000000e+00 0.000000e+00 0.000000e+00 0.000000e+00
7.260000e-01 0.000000e+00 -3.651478e+03 -3.563104e+03 0.000000e+00 0.000000e+00 0.000000e+00 -2.178641e+02 -2.179020e+02 1.438946e+03 5.353655e+02 0.000000e+00 0.000000e+00 0.000000e+00 0.000000e+00 0.000000e+00 0.000000e+00 0.000000e+00 0.000000e+00 0.000000e+00
7.270000e-01 0.000000e+00 -3.662880e+03 -3.578924e+03 0.000000e+00 0.000000e+00 0.000000e+00 -2.194521e+02 -2.194610e+02 1.441212e+03 5.393361e+02 0.000000e+00 0.000000e+00 0.000000e+00 0.000000e+00 0.000000e+00 0.000000e+00 0.000000e+00 0.000000e+00 0.000000e+00
7.280000e-01 0.000000e+00 -3.674349e+03 -3.594860e+03 0.000000e+00 0.000000e+00 0.000000e+00 -2.210541e+02 -2.210335e+02 1.443501e+03 5.433415e+02 0.000000e+00 0.000000e+00 0.000000e+00 0.000000e+00 0.000000e+00 0.000000e+00 0.000000e+00 0.000000e+00 0.000000e+00
7.290000e-01 0.000000e+00 -3.685884e+03 -3.610910e+03 0.000000e+00 0.000000e+00 0.000000e+00 -2.226698e+02 -2.226194e+02 1.445811e+03 5.473816e+02 0.000000e+00 0.000000e+00 0.000000e+00 0.000000e+00 0.000000e+00 0.000000e+00 0.000000e+00 0.000000e+00 0.000000e+00
7.300000e-01 0.000000e+00 -3.697487e+03 -3.627073e+03 0.000000e+00 0.000000e+00 0.000000e+00 -2.242991e+02 -2.242185e+02 1.448143e+03 5.514559e+02 0.000000e+00 0.000000e+00 0.000000e+00 0.000000e+00 0.000000e+00 0.000000e+00 0.000000e+00 0.000000e+00 0.000000e+00
7.310000e-01 0.000000e+00 -3.709160e+03 -3.643348e+03 0.000000e+00 0.000000e+00 0.000000e+00 -2.259419e+02 -2.258307e+02 1.450498e+03 5.555642e+02 0.000000e+00 0.000000e+00 0.000000e+00 0.000000e+00 0.000000e+00 0.000000e+00 0.000000e+00 0.000000e+00 0.000000e+00
7.320000e-01 0.000000e+00 -3.720903e+03 -3.659735e+03 0.000000e+00 0.000000e+00 0.000000e+00 -2.275981e+02 -2.274559e+02 1.452875e+03 5.597062e+02 0.000000e+00 0.000000e+00 0.000000e+00 0.000000e+00 0.000000e+00 0.000000e+00 0.000000e+00 0.000000e+00 0.000000e+00
7.330000e-01 0.000000e+00 -3.732718e+03 -3.676231e+03 0.000000e+00 0.000000e+00 0.000000e+00 -2.292675e+02 -2.290940e+02 1.455274e+03 5.638816e+02 0.000000e+00 0.000000e+00 0.000000e+00 0.000000e+00 0.000000e+00 0.000000e+00 0.000000e+00 0.000000e+00 0.000000e+00
7.340000e-01 0.000000e+00 -3.744607e+03 -3.692835e+03 0.000000e+00 0.000000e+00 0.000000e+00 -2.309500e+02 -2.307447e+02 1.457697e+03 5.680899e+02 0.000000e+00 0.000000e+00 0.000000e+00 0.000000e+00 0.000000e+00 0.000000e+00 0.000000e+00 0.000000e+00 0.000000e+00
7.350000e-01 0.000000e+00 -3.756569e+03 -3.709546e+03 0.000000e+00 0.000000e+00 0.000000e+00 -2.326454e+02 -2.324080e+02 1.460142e+03 5.723309e+02 0.000000e+00 0.000000e+00 0.000000e+00 0.000000e+00 0.000000e+00 0.000000e+00 0.000000e+00 0.000000e+00 0.000000e+00
7.360000e-01 0.000000e+00 -3.768607e+03 -3.726363e+03 0.000000e+00 0.000000e+00 0.000000e+00 -2.343536e+02 -2.340838e+02 1.462610e+03 5.766043e+02 0.000000e+00 0.000000e+00 0.000000e+00 0.000000e+00 0.000000e+00 0.000000e+00 0.000000e+00 0.000000e+00 0.000000e+00
7.370000e-01 0.000000e+00 -3.780722e+03 -3.743284e+03 0.000000e+00 0.000000e+00 0.000000e+00 -2.360744e+02 -2.357718e+02 1.465101e+03 5.809097e+02 0.000000e+00 0.000000e+00 0.000000e+00 0.000000e+00 0.000000e+00 0.000000e+00 0.000000e+00 0.000000e+00 0.000000e+00
7.380000e-01 0.000000e+00 -3.792914e+03 -3.760308e+03 0.000000e+00 0.000000e+00 0.000000e+00 -2.378077e+02 -2.374719e+02 1.467616e+03 5.852467e+02 0.000000e+00 0.000000e+00 0.000000e+00 0.000000e+00 0.000000e+00 0.000000e+00 0.000000e+00 0.000000e+00 0.000000e+00
7.390000e-01 0.000000e+00 -3.805185e+03 -3.777433e+03 0.000000e+00 0.000000e+00 0.000000e+00 -2.395533e+02 -2.391839e+02 1.470154e+03 5.896151e+02 0.000000e+00 0.000000e+00 0.000000e+00 0.000000e+00 0.000000e+00 0.000000e+00 0.000000e+00 0.000000e+00 0.000000e+00
7.400000e-01 0.000000e+00 -3.817536e+03 -3.794657e+03 0.000000e+00 0.000000e+00 0.000000e+00 -2.413111e+02 -2.409077e+02 1.472715e+03 5.940143e+02 0.000000e+00 0.000000e+00 0.000000e+00 0.000000e+00 0.000000e+00 0.000000e+00 0.000000e+00 0.000000e+00 0.000000e+00
7.410000e-01 0.000000e+00 -3.829968e+03 -3.811979e+03 0.000000e+00 0.000000e+00 0.000000e+00 -2.430808e+02 -2.426432e+02 1.475301e+03 5.984442e+02 0.000000e+00 0.000000e+00 0.000000e+00 0.000000e+00 0.000000e+00 0.000000e+00 0.000000e+00 0.000000e+00 0.000000e+00
7.420000e-01 0.000000e+00 -3.842482e+03 -3.829397e+03 0.000000e+00 0.000000e+00 0.000000e+00 -2.448623e+02 -2.443901e+02 1.477910e+03 6.029042e+02 0.000000e+00 0.000000e+00 0.000000e+00 0.000000e+00 0.000000e+00 0.000000e+00 0.000000e+00 0.000000e+00 0.000000e+00
7.430000e-01 0.000000e+00 -3.855078e+03 -3.846909e+03 0.000000e+00 0.000000e+00 0.000000e+00 -2.466555e+02 -2.461484e+02 1.480542e+03 6.073941e+02 0.000000e+00 0.000000e+00 0.000000e+00 0.000000e+00 0.000000e+00 0.000000e+00 0.000000e+00 0.000000e+00 0.000000e+00
7.440000e-01 0.000000e+00 -3.867759e+03 -3.864514e+03 0.000000e+00 0.000000e+00 0.000000e+00 -2.484601e+02 -2.479178e+02 1.483199e+03 6.119135e+02 0.000000e+00 0.000000e+00 0.000000e+00 0.000000e+00 0.000000e+00 0.000000e+00 0.000000e+00 0.000000e+00 0.000000e+00
7.450000e-01 0.000000e+00 -3.880525e+03 -3.882210e+03 0.000000e+00 0.000000e+00 0.000000e+00 -2.502760e+02 -2.496981e+02 1.485880e+03 6.164619e+02 0.000000e+00 0.000000e+00 0.000000e+00 0.000000e+00 0.000000e+00 0.000000e+00 0.000000e+00 0.000000e+00 0.000000e+00
7.460000e-01 0.000000e+00 -3.893377e+03 -3.899994e+03 0.000000e+00 0.000000e+00 0.000000e+00 -2.521030e+02 -2.514892e+02 1.488585e+03 6.210390e+02 0.000000e+00 0.000000e+00 0.000000e+00 0.000000e+00 0.000000e+00 0.000000e+00 0.000000e+00 0.000000e+00 0.000000e+00
7.470000e-01 0.000000e+00 -3.906316e+03 -3.917865e+03 0.000000e+00 0.000000e+00 0.000000e+00 -2.539409e+02 -2.532909e+02 1.491315e+03 6.256444e+02 0.000000e+00 0.000000e+00 0.000000e+00 0.000000e+00 0.000000e+00 0.000000e+00 0.000000e+00 0.000000e+00 0.000000e+00
7.480000e-01 0.000000e+00 -3.919342e+03 -3.935821e+03 0.000000e+00 0.000000e+00 0.000000e+00 -2.557896e+02 -2.551031e+02 1.494069e+03 6.302778e+02 0.000000e+00 0.000000e+00 0.000000e+00 0.000000e+00 0.000000e+00 0.000000e+00 0.000000e+00 0.000000e+00 0.000000e+00
7.490000e-01 0.000000e+00 -3.932457e+03 -3.953860e+03 0.000000e+00 0.000000e+00 0.000000e+00 -2.576489e+02 -2.569256e+02 1.496848e+03 6.349387e+02 0.000000e+00 0.000000e+00 0.000000e+00 0.000000e+00 0.000000e+00 0.000000e+00 0.000000e+00 0.000000e+00 0.000000e+00
7.500000e-01 0.000000e+00 -3.945662e+03 -3.971980e+03 0.000000e+00 0.000000e+00 0.000000e+00 -2.595185e+02 -2.587581e+02 1.499651e+03 6.396268e+02 0.000000e+00 0.000000e+00 0.000000e+00 0.000000e+00 0.000000e+00 0.000000e+00 0.000000e+00 0.000000e+00 0.000000e+00
7.510000e-01 0.000000e+00 -3.958958e+03 -3.990179e+03 0.000000e+00 0.000000e+00 0.000000e+00 -2.613984e+02 -2.606006e+02 1.502480e+03 6.443417e+02 0.000000e+00 0.000000e+00 0.000000e+00 0.000000e+00 0.000000e+00 0.000000e+00 0.000000e+00 0.000000e+00 0.000000e+00
7.520000e-01 0.000000e+00 -3.972344e+03 -4.008455e+03 0.000000e+00 0.000000e+00 0.000000e+00 -2.632883e+02 -2.624529e+02 1.505333e+03 6.490830e+02 0.000000e+00 0.000000e+00 0.000000e+00 0.000000e+00 0.000000e+00 0.000000e+00 0.000000e+00 0.000000e+00 0.000000e+00
7.530000e-01 0.000000e+00 -3.985823e+03 -4.026806e+03 0.000000e+00 0.000000e+00 0.000000e+00 -2.651881e+02 -2.643147e+02 1.508211e+03 6.538503e+02 0.000000e+00 0.000000e+00 0.000000e+00 0.000000e+00 0.000000e+00 0.000000e+00 0.000000e+00 0.000000e+00 0.000000e+00
7.540000e-01 0.000000e+00 -3.999395e+03 -4.045230e+03 0.000000e+00 0.000000e+00 0.000000e+00 -2.670975e+02 -2.661859e+02 1.511115e+03 6.586433e+02 0.000000e+00 0.000000e+00 0.000000e+00 0.000000e+00 0.000000e+00 0.000000e+00 0.000000e+00 0.000000e+00 0.000000e+00
7.550000e-01 0.000000e+00 -4.013061e+03 -4.063724e+03 0.000000e+00 0.000000e+00 0.000000e+00 -2.690164e+02 -2.680664e+02 1.514043e+03 6.634616e+02 0.000000e+00 0.000000e+00 0.000000e+00 0.000000e+00 0.000000e+00 0.000000e+00 0.000000e+00 0.000000e+00 0.000000e+00
7.560000e-01 0.000000e+00 -4.026820e+03 -4.082286e+03 0.000000e+00 0.000000e+00 0.000000e+00 -2.709446e+02 -2.699559e+02 1.516997e+03 6.683047e+02 0.000000e+00 0.000000e+00 0.000000e+00 0.000000e+00 0.000000e+00 0.000000e+00 0.000000e+00 0.000000e+00 0.000000e+00
7.570000e-01 0.000000e+00 -4.040676e+03 -4.100914e+03 0.000000e+00 0.000000e+00 0.000000e+00 -2.728820e+02 -2.718543e+02 1.519977e+03 6.731723e+02 0.000000e+00 0.000000e+00 0.000000e+00 0.000000e+00 0.000000e+00 0.000000e+00 0.000000e+00 0.000000e+00 0.000000e+00
7.580000e-01 0.000000e+00 -4.054626e+03 -4.119606e+03 0.000000e+00 0.000000e+00 0.000000e+00 -2.748282e+02 -2.737613e+02 1.522982e+03 6.780640e+02 0.000000e+00 0.000000e+00 0.000000e+00 0.000000e+00 0.000000e+00 0.000000e+00 0.000000e+00 0.000000e+00 0.000000e+00
7.590000e-01 0.000000e+00 -4.068674e+03 -4.138359e+03 0.000000e+00 0.000000e+00 0.000000e+00 -2.767831e+02 -2.756769e+02 1.526013e+03 6.829793e+02 0.000000e+00 0.000000e+00 0.000000e+00 0.000000e+00 0.000000e+00 0.000000e+00 0.000000e+00 0.000000e+00 0.000000e+00
7.600000e-01 0.000000e+00 -4.082818e+03 -4.157171e+03 0.000000e+00 0.000000e+00 0.000000e+00 -2.787466e+02 -2.776007e+02 1.529069e+03 6.879179e+02 0.000000e+00 0.000000e+00 0.000000e+00 0.000000e+00 0.000000e+00 0.000000e+00 0.000000e+00 0.000000e+00 0.000000e+00
7.610000e-01 0.000000e+00 -4.097060e+03 -4.176040e+03 0.000000e+00 0.000000e+00 0.000000e+00 -2.807184e+02 -2.795327e+02 1.532151e+03 6.928794e+02 0.000000e+00 0.000000e+00 0.000000e+00 0.000000e+00 0.000000e+00 0.000000e+00 0.000000e+00 0.000000e+00 0.000000e+00
7.620000e-01 0.000000e+00 -4.111400e+03 -4.194962e+03 0.000000e+00 0.000000e+00 0.000000e+00 -2.826983e+02 -2.814725e+02 1.535259e+03 6.978633e+02 0.000000e+00 0.000000e+00 0.000000e+00 0.000000e+00 0.000000e+00 0.000000e+00 0.000000e+00 0.000000e+00 0.000000e+00
7.630000e-01 0.000000e+00 -4.125839e+03 -4.213935e+03 0.000000e+00 0.000000e+00 0.000000e+00 -2.846861e+02 -2.834201e+02 1.538393e+03 7.028693e+02 0.000000e+00 0.000000e+00 0.000000e+00 0.000000e+00 0.000000e+00 0.000000e+00 0.000000e+00 0.000000e+00 0.000000e+00
7.640000e-01 0.000000e+00 -4.140377e+03 -4.232957e+03 0.000000e+00 0.000000e+00 0.000000e+00 -2.866817e+02 -2.853753e+02 1.541553e+03 7.078970e+02 0.000000e+00 0.000000e+00 0.000000e+00 0.000000e+00 0.000000e+00 0.000000e+00 0.000000e+00 0.000000e+00 0.000000e+00
7.650000e-01 0.000000e+00 -4.155015e+03 -4.252025e+03 0.000000e+00 0.000000e+00 0.000000e+00 -2.886848e+02 -2.873377e+02 1.544739e+03 7.129458e+02 0.000000e+00 0.000000e+00 0.000000e+00 0.000000e+00 0.000000e+00 0.000000e+00 0.000000e+00 0.000000e+00 0.000000e+00
7.660000e-01 0.000000e+00 -4.169752e+03 -4.271137e+03 0.000000e+00 0.000000e+00 0.000000e+00 -2.906951e+02 -2.893074e+02 1.547951e+03 7.180155e+02 0.000000e+00 0.000000e+00 0.000000e+00 0.000000e+00 0.000000e+00 0.000000e+00 0.000000e+00 0.000000e+00 0.000000e+00
7.670000e-01 0.000000e+00 -4.184590e+03 -4.290289e+03 0.000000e+00 0.000000e+00 0.000000e+00 -2.927126e+02 -2.912840e+02 1.551189e+03 7.231056e+02 0.000000e+00 0.000000e+00 0.000000e+00 0.000000e+00 0.000000e+00 0.000000e+00 0.000000e+00 0.000000e+00 0.000000e+00
7.680000e-01 0.000000e+00 -4.199529e+03 -4.309479e+03 0.000000e+00 0.000000e+00 0.000000e+00 -2.947370e+02 -2.932673e+02 1.554454e+03 7.282158e+02 0.000000e+00 0.000000e+00 0.000000e+00 0.000000e+00 0.000000e+00 0.000000e+00 0.000000e+00 0.000000e+00 0.000000e+00
7.690000e-01 0.000000e+00 -4.214569e+03 -4.328705e+03 0.000000e+00 0.000000e+00 0.000000e+00 -2.967681e+02 -2.952572e+02 1.557744e+03 7.333455e+02 0.000000e+00 0.000000e+00 0.000000e+00 0.000000e+00 0.000000e+00 0.000000e+00 0.000000e+00 0.000000e+00 0.000000e+00
7.700000e-01 0.000000e+00 -4.229710e+03 -4.347963e+03 0.000000e+00 0.000000e+00 0.000000e+00 -2.988056e+02 -2.972535e+02 1.561062e+03 7.384944e+02 0.000000e+00 0.000000e+00 0.000000e+00 0.000000e+00 0.000000e+00 0.000000e+00 0.000000e+00 0.000000e+00 0.000000e+00
7.710000e-01 0.000000e+00 -4.244953e+03 -4.367250e+03 0.000000e+00 0.000000e+00 0.000000e+00 -3.008495e+02 -2.992559e+02 1.564405e+03 7.436621e+02 0.000000e+00 0.000000e+00 0.000000e+00 0.000000e+00 0.000000e+00 0.000000e+00 0.000000e+00 0.000000e+00 0.000000e+00
7.720000e-01 0.000000e+00 -4.260297e+03 -4.386565e+03 0.000000e+00 0.000000e+00 0.000000e+00 -3.028994e+02 -3.012644e+02 1.567775e+03 7.488483e+02 0.000000e+00 0.000000e+00 0.000000e+00 0.000000e+00 0.000000e+00 0.000000e+00 0.000000e+00 0.000000e+00 0.000000e+00
7.730000e-01 0.000000e+00 -4.275744e+03 -4.405903e+03 0.000000e+00 0.000000e+00 0.000000e+00 -3.049553e+02 -3.032786e+02 1.571172e+03 7.540524e+02 0.000000e+00 0.000000e+00 0.000000e+00 0.000000e+00 0.000000e+00 0.000000e+00 0.000000e+00 0.000000e+00 0.000000e+00
7.740000e-01 0.000000e+00 -4.291293e+03 -4.425263e+03 0.000000e+00 0.000000e+00 0.000000e+00 -3.070168e+02 -3.052984e+02 1.574595e+03 7.592741e+02 0.000000e+00 0.000000e+00 0.000000e+00 0.000000e+00 0.000000e+00 0.000000e+00 0.000000e+00 0.000000e+00 0.000000e+00
7.750000e-01 0.000000e+00 -4.306943e+03 -4.444640e+03 0.000000e+00 0.000000e+00 0.000000e+00 -3.090838e+02 -3.073237e+02 1.578044e+03 7.645130e+02 0.000000e+00 0.000000e+00 0.000000e+00 0.000000e+00 0.000000e+00 0.000000e+00 0.000000e+00 0.000000e+00 0.000000e+00
7.760000e-01 0.000000e+00 -4.322697e+03 -4.464033e+03 0.000000e+00 0.000000e+00 0.000000e+00 -3.111560e+02 -3.093541e+02 1.581520e+03 7.697687e+02 0.000000e+00 0.000000e+00 0.000000e+00 0.000000e+00 0.000000e+00 0.000000e+00 0.000000e+00 0.000000e+00 0.000000e+00
7.770000e-01 0.000000e+00 -4.338552e+03 -4.483438e+03 0.000000e+00 0.000000e+00 0.000000e+00 -3.132333e+02 -3.113896e+02 1.585023e+03 7.750408e+02 0.000000e+00 0.000000e+00 0.000000e+00 0.000000e+00 0.000000e+00 0.000000e+00 0.000000e+00 0.000000e+00 0.000000e+00
7.780000e-01 0.000000e+00 -4.354510e+03 -4.502852e+03 0.000000e+00 0.000000e+00 0.000000e+00 -3.153155e+02 -3.134298e+02 1.588552e+03 7.803288e+02 0.000000e+00 0.000000e+00 0.000000e+00 0.000000e+00 0.000000e+00 0.000000e+00 0.000000e+00 0.000000e+00 0.000000e+00
7.790000e-01 0.000000e+00 -4.370570e+03 -4.522272e+03 0.000000e+00 0.000000e+00 0.000000e+00 -3.174022e+02 -3.154747e+02 1.592108e+03 7.856324e+02 0.000000e+00 0.000000e+00 0.000000e+00 0.000000e+00 0.000000e+00 0.000000e+00 0.000000e+00 0.000000e+00 0.000000e+00
7.800000e-01 0.000000e+00 -4.386731e+03 -4.541694e+03 0.000000e+00 0.000000e+00 0.000000e+00 -3.194934e+02 -3.175240e+02 1.595690e+03 7.909511e+02 0.000000e+00 0.000000e+00 0.000000e+00 0.000000e+00 0.000000e+00 0.000000e+00 0.000000e+00 0.000000e+00 0.000000e+00
7.810000e-01 0.000000e+00 -4.402995e+03 -4.561116e+03 0.000000e+00 0.000000e+00 0.000000e+00 -3.215889e+02 -3.195775e+02 1.599299e+03 7.962846e+02 0.000000e+00 0.000000e+00 0.000000e+00 0.000000e+00 0.000000e+00 0.000000e+00 0.000000e+00 0.000000e+00 0.000000e+00
7.820000e-01 0.000000e+00 -4.419361e+03 -4.580535e+03 0.000000e+00 0.000000e+00 0.000000e+00 -3.236883e+02 -3.216350e+02 1.602934e+03 8.016324e+02 0.000000e+00 0.000000e+00 0.000000e+00 0.000000e+00 0.000000e+00 0.000000e+00 0.000000e+00 0.000000e+00 0.000000e+00
7.830000e-01 0.000000e+00 -4.435828e+03 -4.599947e+03 0.000000e+00 0.000000e+00 0.000000e+00 -3.257915e+02 -3.236963e+02 1.606596e+03 8.069941e+02 0.000000e+00 0.000000e+00 0.000000e+00 0.000000e+00 0.000000e+00 0.000000e+00 0.000000e+00 0.000000e+00 0.000000e+00
7.840000e-01 0.000000e+00 -4.452396e+03 -4.619349e+03 0.000000e+00 0.000000e+00 0.000000e+00 -3.278982e+02 -3.257613e+02 1.610284e+03 8.123693e+02 0.000000e+00 0.000000e+00 0.000000e+00 0.000000e+00 0.000000e+00 0.000000e+00 0.000000e+00 0.000000e+00 0.000000e+00
7.850000e-01 0.000000e+00 -4.469065e+03 -4.638737e+03 0.000000e+00 0.000000e+00 0.000000e+00 -3.300084e+02 -3.278296e+02 1.613998e+03 8.177577e+02 0.000000e+00 0.000000e+00 0.000000e+00 0.000000e+00 0.000000e+00 0.000000e+00 0.000000e+00 0.000000e+00 0.000000e+00
7.860000e-01 0.000000e+00 -4.485835e+03 -4.658109e+03 0.000000e+00 0.000000e+00 0.000000e+00 -3.321216e+02 -3.299012e+02 1.617739e+03 8.231587e+02 0.000000e+00 0.000000e+00 0.000000e+00 0.000000e+00 0.000000e+00 0.000000e+00 0.000000e+00 0.000000e+00 0.000000e+00
7.870000e-01 0.000000e+00 -4.502705e+03 -4.677460e+03 0.000000e+00 0.000000e+00 0.000000e+00 -3.342378e+02 -3.319757e+02 1.621507e+03 8.285719e+02 0.000000e+00 0.000000e+00 0.000000e+00 0.000000e+00 0.000000e+00 0.000000e+00 0.000000e+00 0.000000e+00 0.000000e+00
7.880000e-01 0.000000e+00 -4.519674e+03 -4.696788e+03 0.000000e+00 0.000000e+00 0.000000e+00 -3.363567e+02 -3.340531e+02 1.625300e+03 8.339971e+02 0.000000e+00 0.000000e+00 0.000000e+00 0.000000e+00 0.000000e+00 0.000000e+00 0.000000e+00 0.000000e+00 0.000000e+00
7.890000e-01 0.000000e+00 -4.536742e+03 -4.716090e+03 0.000000e+00 0.000000e+00 0.000000e+00 -3.384781e+02 -3.361330e+02 1.629120e+03 8.394337e+02 0.000000e+00 0.000000e+00 0.000000e+00 0.000000e+00 0.000000e+00 0.000000e+00 0.000000e+00 0.000000e+00 0.000000e+00
7.900000e-01 0.000000e+00 -4.553909e+03 -4.735360e+03 0.000000e+00 0.000000e+00 0.000000e+00 -3.406018e+02 -3.382153e+02 1.632966e+03 8.448813e+02 0.000000e+00 0.000000e+00 0.000000e+00 0.000000e+00 0.000000e+00 0.000000e+00 0.000000e+00 0.000000e+00 0.000000e+00
7.910000e-01 0.000000e+00 -4.571174e+03 -4.754598e+03 0.000000e+00 0.000000e+00 0.000000e+00 -3.427275e+02 -3.402999e+02 1.636838e+03 8.503395e+02 0.000000e+00 0.000000e+00 0.000000e+00 0.000000e+00 0.000000e+00 0.000000e+00 0.000000e+00 0.000000e+00 0.000000e+00
7.920000e-01 0.000000e+00 -4.588535e+03 -4.773798e+03 0.000000e+00 0.000000e+00 0.000000e+00 -3.448551e+02 -3.423864e+02 1.640736e+03 8.558079e+02 0.000000e+00 0.000000e+00 0.000000e+00 0.000000e+00 0.000000e+00 0.000000e+00 0.000000e+00 0.000000e+00 0.000000e+00
7.930000e-01 0.000000e+00 -4.605994e+03 -4.792957e+03 0.000000e+00 0.000000e+00 0.000000e+00 -3.469843e+02 -3.444747e+02 1.644659e+03 8.612862e+02 0.000000e+00 0.000000e+00 0.000000e+00 0.000000e+00 0.000000e+00 0.000000e+00 0.000000e+00 0.000000e+00 0.000000e+00
7.940000e-01 0.000000e+00 -4.623548e+03 -4.812072e+03 0.000000e+00 0.000000e+00 0.000000e+00 -3.491149e+02 -3.465647e+02 1.648609e+03 8.667738e+02 0.000000e+00 0.000000e+00 0.000000e+00 0.000000e+00 0.000000e+00 0.000000e+00 0.000000e+00 0.000000e+00 0.000000e+00
7.950000e-01 0.000000e+00 -4.641197e+03 -4.831138e+03 0.000000e+00 0.000000e+00 0.000000e+00 -3.512467e+02 -3.486560e+02 1.652584e+03 8.722704e+02 0.000000e+00 0.000000e+00 0.000000e+00 0.000000e+00 0.000000e+00 0.000000e+00 0.000000e+00 0.000000e+00 0.000000e+00
7.960000e-01 0.000000e+00 -4.658940e+03 -4.850154e+03 0.000000e+00 0.000000e+00 0.000000e+00 -3.533795e+02 -3.507484e+02 1.656584e+03 8.777755e+02 0.000000e+00 0.000000e+00 0.000000e+00 0.000000e+00 0.000000e+00 0.000000e+00 0.000000e+00 0.000000e+00 0.000000e+00
7.970000e-01 0.000000e+00 -4.676777e+03 -4.869114e+03 0.000000e+00 0.000000e+00 0.000000e+00 -3.555130e+02 -3.528418e+02 1.660610e+03 8.832887e+02 0.000000e+00 0.000000e+00 0.000000e+00 0.000000e+00 0.000000e+00 0.000000e+00 0.000000e+00 0.000000e+00 0.000000e+00
7.980000e-01 0.000000e+00 -4.694705e+03 -4.888015e+03 0.000000e+00 0.000000e+00 0.000000e+00 -3.576470e+02 -3.549360e+02 1.664661e+03 8.888096e+02 0.000000e+00 0.000000e+00 0.000000e+00 0.000000e+00 0.000000e+00 0.000000e+00 0.000000e+00 0.000000e+00 0.000000e+00
7.990000e-01 0.000000e+00 -4.712724e+03 -4.906854e+03 0.000000e+00 0.000000e+00 0.000000e+00 -3.597814e+02 -3.570308e+02 1.668737e+03 8.943377e+02 0.000000e+00 0.000000e+00 0.000000e+00 0.000000e+00 0.000000e+00 0.000000e+00 0.000000e+00 0.000000e+00 0.000000e+00
8.000000e-01 0.000000e+00 -4.730834e+03 -4.925626e+03 0.000000e+00 0.000000e+00 0.000000e+00 -3.619158e+02 -3.591258e+02 1.672838e+03 8.998727e+02 0.000000e+00 0.000000e+00 0.000000e+00 0.000000e+00 0.000000e+00 0.000000e+00 0.000000e+00 0.000000e+00 0.000000e+00
8.010000e-01 0.000000e+00 -4.749032e+03 -4.944328e+03 0.000000e+00 0.000000e+00 0.000000e+00 -3.640501e+02 -3.612210e+02 1.676964e+03 9.054140e+02 0.000000e+00 0.000000e+00 0.000000e+00 0.000000e+00 0.000000e+00 0.000000e+00 0.000000e+00 0.000000e+00 0.000000e+00
8.020000e-01 0.000000e+00 -4.767318e+03 -4.962956e+03 0.000000e+00 0.000000e+00 0.000000e+00 -3.661840e+02 -3.633162e+02 1.681114e+03 9.109613e+02 0.000000e+00 0.000000e+00 0.000000e+00 0.000000e+00 0.000000e+00 0.000000e+00 0.000000e+00 0.000000e+00 0.000000e+00
8.030000e-01 0.000000e+00 -4.785691e+03 -4.981507e+03 0.000000e+00 0.000000e+00 0.000000e+00 -3.683173e+02 -3.654110e+02 1.685289e+03 9.165141e+02 0.000000e+00 0.000000e+00 0.000000e+00 0.000000e+00 0.000000e+00 0.000000e+00 0.000000e+00 0.000000e+00 0.000000e+00
8.040000e-01 0.000000e+00 -4.804148e+03 -4.999976e+03 0.000000e+00 0.000000e+00 0.000000e+00 -3.704497e+02 -3.675053e+02 1.689487e+03 9.220720e+02 0.000000e+00 0.000000e+00 0.000000e+00 0.000000e+00 0.000000e+00 0.000000e+00 0.000000e+00 0.000000e+00 0.000000e+00
8.050000e-01 0.000000e+00 -4.822690e+03 -5.018361e+03 0.000000e+00 0.000000e+00 0.000000e+00 -3.725812e+02 -3.695990e+02 1.693710e+03 9.276345e+02 0.000000e+00 0.000000e+00 0.000000e+00 0.000000e+00 0.000000e+00 0.000000e+00 0.000000e+00 0.000000e+00 0.000000e+00
8.060000e-01 0.000000e+00 -4.841313e+03 -5.036656e+03 0.000000e+00 0.000000e+00 0.000000e+00 -3.747113e+02 -3.716917e+02 1.697956e+03 9.332012e+02 0.000000e+00 0.000000e+00 0.000000e+00 0.000000e+00 0.000000e+00 0.000000e+00 0.000000e+00 0.000000e+00 0.000000e+00
8.070000e-01 0.000000e+00 -4.860018e+03 -5.054858e+03 0.000000e+00 0.000000e+00 0.000000e+00 -3.768400e+02 -3.737832e+02 1.702226e+03 9.387716e+02 0.000000e+00 0.000000e+00 0.000000e+00 0.000000e+00 0.000000e+00 0.000000e+00 0.000000e+00 0.000000e+00 0.000000e+00
8.080000e-01 0.000000e+00 -4.878801e+03 -5.072963e+03 0.000000e+00 0.000000e+00 0.000000e+00 -3.789669e+02 -3.758735e+02 1.706518e+03 9.443453e+02 0.000000e+00 0.000000e+00 0.000000e+00 0.000000e+00 0.000000e+00 0.000000e+00 0.000000e+00 0.000000e+00 0.000000e+00
8.090000e-01 0.000000e+00 -4.897662e+03 -5.090967e+03 0.000000e+00 0.000000e+00 0.000000e+00 -3.810918e+02 -3.779621e+02 1.710834e+03 9.499218e+02 0.000000e+00 0.000000e+00 0.000000e+00 0.000000e+00 0.000000e+00 0.000000e+00 0.000000e+00 0.000000e+00 0.000000e+00
8.100000e-01 0.000000e+00 -4.916599e+03 -5.108867e+03 0.000000e+00 0.000000e+00 0.000000e+00 -3.832145e+02 -3.800490e+02 1.715172e+03 9.555007e+02 0.000000e+00 0.000000e+00 0.000000e+00 0.000000e+00 0.000000e+00 0.000000e+00 0.000000e+00 0.000000e+00 0.000000e+00
8.110000e-01 0.000000e+00 -4.935611e+03 -5.126659e+03 0.000000e+00 0.000000e+00 0.000000e+00 -3.853348e+02 -3.821339e+02 1.719532e+03 9.610815e+02 0.000000e+00 0.000000e+00 0.000000e+00 0.000000e+00 0.000000e+00 0.000000e+00 0.000000e+00 0.000000e+00 0.000000e+00
8.120000e-01 0.000000e+00 -4.954695e+03 -5.144337e+03 0.000000e+00 0.000000e+00 0.000000e+00 -3.874525e+02 -3.842165e+02 1.723915e+03 9.666637e+02 0.000000e+00 0.000000e+00 0.000000e+00 0.000000e+00 0.000000e+00 0.000000e+00 0.000000e+00 0.000000e+00 0.000000e+00
8.130000e-01 0.000000e+00 -4.973849e+03 -5.161899e+03 0.000000e+00 0.000000e+00 0.000000e+00 -3.895672e+02 -3.862968e+02 1.728319e+03 9.722468e+02 0.000000e+00 0.000000e+00 0.000000e+00 0.000000e+00 0.000000e+00 0.000000e+00 0.000000e+00 0.000000e+00 0.000000e+00
8.140000e-01 0.000000e+00 -4.993072e+03 -5.179341e+03 0.000000e+00 0.000000e+00 0.000000e+00 -3.916788e+02 -3.883744e+02 1.732744e+03 9.778304e+02 0.000000e+00 0.000000e+00 0.000000e+00 0.000000e+00 0.000000e+00 0.000000e+00 0.000000e+00 0.000000e+00 0.000000e+00
8.150000e-01 0.000000e+00 -5.012362e+03 -5.196658e+03 0.000000e+00 0.000000e+00 0.000000e+00 -3.937871e+02 -3.904491e+02 1.737190e+03 9.834140e+02 0.000000e+00 0.000000e+00 0.000000e+00 0.000000e+00 0.000000e+00 0.000000e+00 0.000000e+00 0.000000e+00 0.000000e+00
8.160000e-01 0.000000e+00 -5.031716e+03 -5.213847e+03 0.000000e+00 0.000000e+00 0.000000e+00 -3.958917e+02 -3.925207e+02 1.741657e+03 9.889971e+02 0.000000e+00 0.000000e+00 0.000000e+00 0.000000e+00 0.000000e+00 0.000000e+00 0.000000e+00 0.000000e+00 0.000000e+00
8.170000e-01 0.000000e+00 -5.051133e+03 -5.230903e+03 0.000000e+00 0.000000e+00 0.000000e+00 -3.979924e+02 -3.945889e+02 1.746144e+03 9.945791e+02 0.000000e+00 0.000000e+00 0.000000e+00 0.000000e+00 0.000000e+00 0.000000e+00 0.000000e+00 0.000000e+00 0.000000e+00
8.180000e-01 0.000000e+00 -5.070610e+03 -5.247822e+03 0.000000e+00 0.000000e+00 0.000000e+00 -4.000891e+02 -3.966536e+02 1.750651e+03 1.000160e+03 0.000000e+00 0.000000e+00 0.000000e+00 0.000000e+00 0.000000e+00 0.000000e+00 0.000000e+00 0.000000e+00 0.000000e+00
8.190000e-01 0.000000e+00 -5.090145e+03 -5.264600e+03 0.000000e+00 0.000000e+00 0.000000e+00 -4.021813e+02 -3.987145e+02 1.755177e+03 1.005738e+03 0.000000e+00 0.000000e+00 0.000000e+00 0.000000e+00 0.000000e+00 0.000000e+00 0.000000e+00 0.000000e+00 0.000000e+00
8.200000e-01 0.000000e+00 -5.109735e+03 -5.281234e+03 0.000000e+00 0.000000e+00 0.000000e+00 -4.042690e+02 -4.007714e+02 1.759723e+03 1.011314e+03 0.000000e+00 0.000000e+00 0.000000e+00 0.000000e+00 0.000000e+00 0.000000e+00 0.000000e+00 0.000000e+00 0.000000e+00
8.210000e-01 0.000000e+00 -5.129379e+03 -5.297718e+03 0.000000e+00 0.000000e+00 0.000000e+00 -4.063518e+02 -4.028240e+02 1.764287e+03 1.016887e+03 0.000000e+00 0.000000e+00 0.000000e+00 0.000000e+00 0.000000e+00 0.000000e+00 0.000000e+00 0.000000e+00 0.000000e+00
8.220000e-01 0.000000e+00 -5.149074e+03 -5.314050e+03 0.000000e+00 0.000000e+00 0.000000e+00 -4.084295e+02 -4.048722e+02 1.768868e+03 1.022456e+03 0.000000e+00 0.000000e+00 0.000000e+00 0.000000e+00 0.000000e+00 0.000000e+00 0.000000e+00 0.000000e+00 0.000000e+00
8.230000e-01 0.000000e+00 -5.168817e+03 -5.330224e+03 0.000000e+00 0.000000e+00 0.000000e+00 -4.105018e+02 -4.069155e+02 1.773468e+03 1.028020e+03 0.000000e+00 0.000000e+00 0.000000e+00 0.000000e+00 0.000000e+00 0.000000e+00 0.000000e+00 0.000000e+00 0.000000e+00
8.240000e-01 0.000000e+00 -5.188605e+03 -5.346237e+03 0.000000e+00 0.000000e+00 0.000000e+00 -4.125685e+02 -4.089540e+02 1.778085e+03 1.033580e+03 0.000000e+00 0.000000e+00 0.000000e+00 0.000000e+00 0.000000e+00 0.000000e+00 0.000000e+00 0.000000e+00 0.000000e+00
8.250000e-01 0.000000e+00 -5.208437e+03 -5.362085e+03 0.000000e+00 0.000000e+00 0.000000e+00 -4.146293e+02 -4.109871e+02 1.782718e+03 1.039135e+03 0.000000e+00 0.000000e+00 0.000000e+00 0.000000e+00 0.000000e+00 0.000000e+00 0.000000e+00 0.000000e+00 0.000000e+00
8.260000e-01 0.000000e+00 -5.228309e+03 -5.377763e+03 0.000000e+00 0.000000e+00 0.000000e+00 -4.166839e+02 -4.130149e+02 1.787367e+03 1.044684e+03 0.000000e+00 0.000000e+00 0.000000e+00 0.000000e+00 0.000000e+00 0.000000e+00 0.000000e+00 0.000000e+00 0.000000e+00
8.270000e-01 0.000000e+00 -5.248218e+03 -5.393268e+03 0.000000e+00 0.000000e+00 0.000000e+00 -4.187322e+02 -4.150369e+02 1.792032e+03 1.050226e+03 0.000000e+00 0.000000e+00 0.000000e+00 0.000000e+00 0.000000e+00 0.000000e+00 0.000000e+00 0.000000e+00 0.000000e+00
8.280000e-01 0.000000e+00 -5.268162e+03 -5.408595e+03 0.000000e+00 0.000000e+00 0.000000e+00 -4.207737e+02 -4.170530e+02 1.796711e+03 1.055761e+03 0.000000e+00 0.000000e+00 0.000000e+00 0.000000e+00 0.000000e+00 0.000000e+00 0.000000e+00 0.000000e+00 0.000000e+00
8.290000e-01 0.000000e+00 -5.288138e+03 -5.423740e+03 0.000000e+00 0.000000e+00 0.000000e+00 -4.228084e+02 -4.190628e+02 1.801406e+03 1.061289e+03 0.000000e+00 0.000000e+00 0.000000e+00 0.000000e+00 0.000000e+00 0.000000e+00 0.000000e+00 0.000000e+00 0.000000e+00
8.300000e-01 0.000000e+00 -5.308142e+03 -5.438699e+03 0.000000e+00 0.000000e+00 0.000000e+00 -4.248358e+02 -4.210662e+02 1.806113e+03 1.066808e+03 0.000000e+00 0.000000e+00 0.000000e+00 0.000000e+00 0.000000e+00 0.000000e+00 0.000000e+00 0.000000e+00 0.000000e+00
8.310000e-01 0.000000e+00 -5.328172e+03 -5.453468e+03 0.000000e+00 0.000000e+00 0.000000e+00 -4.268558e+02 -4.230629e+02 1.810835e+03 1.072318e+03 0.000000e+00 0.000000e+00 0.000000e+00 0.000000e+00 0.000000e+00 0.000000e+00 0.000000e+00 0.000000e+00 0.000000e+00
8.320000e-01 0.000000e+00 -5.348224e+03 -5.468043e+03 0.000000e+00 0.000000e+00 0.000000e+00 -4.288680e+02 -4.250526e+02 1.815568e+03 1.077818e+03 0.000000e+00 0.000000e+00 0.000000e+00 0.000000e+00 0.000000e+00 0.000000e+00 0.000000e+00 0.000000e+00 0.000000e+00
8.330000e-01 0.000000e+00 -5.368296e+03 -5.482420e+03 0.000000e+00 0.000000e+00 0.000000e+00 -4.308721e+02 -4.270351e+02 1.820314e+03 1.083309e+03 0.000000e+00 0.000000e+00 0.000000e+00 0.000000e+00 0.000000e+00 0.000000e+00 0.000000e+00 0.000000e+00 0.000000e+00
8.340000e-01 0.000000e+00 -5.388383e+03 -5.496594e+03 0.000000e+00 0.000000e+00 0.000000e+00 -4.328680e+02 -4.290101e+02 1.825070e+03 1.088788e+03 0.000000e+00 0.000000e+00 0.000000e+00 0.000000e+00 0.000000e+00 0.000000e+00 0.000000e+00 0.000000e+00 0.000000e+00
8.350000e-01 0.000000e+00 -5.408482e+03 -5.510562e+03 0.000000e+00 0.000000e+00 0.000000e+00 -4.348552e+02 -4.309773e+02 1.829838e+03 1.094256e+03 0.000000e+00 0.000000e+00 0.000000e+00 0.000000e+00 0.000000e+00 0.000000e+00 0.000000e+00 0.000000e+00 0.000000e+00
8.360000e-01 0.000000e+00 -5.428591e+03 -5.524320e+03 0.000000e+00 0.000000e+00 0.000000e+00 -4.368336e+02 -4.329365e+02 1.834615e+03 1.099711e+03 0.000000e+00 0.000000e+00 0.000000e+00 0.000000e+00 0.000000e+00 0.000000e+00 0.000000e+00 0.000000e+00 0.000000e+00
8.370000e-01 0.000000e+00 -5.448705e+03 -5.537862e+03 0.000000e+00 0.000000e+00 0.000000e+00 -4.388028e+02 -4.348873e+02 1.839401e+03 1.105154e+03 0.000000e+00 0.000000e+00 0.000000e+00 0.000000e+00 0.000000e+00 0.000000e+00 0.000000e+00 0.000000e+00 0.000000e+00
8.380000e-01 0.000000e+00 -5.468821e+03 -5.551186e+03 0.000000e+00 0.000000e+00 0.000000e+00 -4.407625e+02 -4.368296e+02 1.844195e+03 1.110583e+03 0.000000e+00 0.000000e+00 0.000000e+00 0.000000e+00 0.000000e+00 0.000000e+00 0.000000e+00 0.000000e+00 0.000000e+00
8.390000e-01 0.000000e+00 -5.488936e+03 -5.564288e+03 0.000000e+00 0.000000e+00 0.000000e+00 -4.427124e+02 -4.387629e+02 1.848997e+03 1.115997e+03 0.000000e+00 0.000000e+00 0.000000e+00 0.000000e+00 0.000000e+00 0.000000e+00 0.000000e+00 0.000000e+00 0.000000e+00
8.400000e-01 0.000000e+00 -5.509044e+03 -5.577162e+03 0.000000e+00 0.000000e+00 0.000000e+00 -4.446523e+02 -4.406872e+02 1.853806e+03 1.121396e+03 0.000000e+00 0.000000e+00 0.000000e+00 0.000000e+00 0.000000e+00 0.000000e+00 0.000000e+00 0.000000e+00 0.000000e+00
8.410000e-01 0.000000e+00 -5.529144e+03 -5.589806e+03 0.000000e+00 0.000000e+00 0.000000e+00 -4.465818e+02 -4.426019e+02 1.858621e+03 1.126780e+03 0.000000e+00 0.000000e+00 0.000000e+00 0.000000e+00 0.000000e+00 0.000000e+00 0.000000e+00 0.000000e+00 0.000000e+00
8.420000e-01 0.000000e+00 -5.549230e+03 -5.602214e+03 0.000000e+00 0.000000e+00 0.000000e+00 -4.485006e+02 -4.445070e+02 1.863441e+03 1.132146e+03 0.000000e+00 0.000000e+00 0.000000e+00 0.000000e+00 0.000000e+00 0.000000e+00 0.000000e+00 0.000000e+00 0.000000e+00
8.430000e-01 0.000000e+00 -5.569300e+03 -5.614385e+03 0.000000e+00 0.000000e+00 0.000000e+00 -4.504084e+02 -4.464020e+02 1.868265e+03 1.137495e+03 0.000000e+00 0.000000e+00 0.000000e+00 0.000000e+00 0.000000e+00 0.000000e+00 0.000000e+00 0.000000e+00 0.000000e+00
8.440000e-01 0.000000e+00 -5.589348e+03 -5.626312e+03 0.000000e+00 0.000000e+00 0.000000e+00 -4.523049e+02 -4.482866e+02 1.873093e+03 1.142826e+03 0.000000e+00 0.000000e+00 0.000000e+00 0.000000e+00 0.000000e+00 0.000000e+00 0.000000e+00 0.000000e+00 0.000000e+00
8.450000e-01 0.000000e+00 -5.609371e+03 -5.637993e+03 0.000000e+00 0.000000e+00 0.000000e+00 -4.541899e+02 -4.501607e+02 1.877923e+03 1.148138e+03 0.000000e+00 0.000000e+00 0.000000e+00 0.000000e+00 0.000000e+00 0.000000e+00 0.000000e+00 0.000000e+00 0.000000e+00
8.460000e-01 0.000000e+00 -5.629365e+03 -5.649423e+03 0.000000e+00 0.000000e+00 0.000000e+00 -4.560629e+02 -4.520238e+02 1.882755e+03 1.153429e+03 0.000000e+00 0.000000e+00 0.000000e+00 0.000000e+00 0.000000e+00 0.000000e+00 0.000000e+00 0.000000e+00 0.000000e+00
8.470000e-01 0.000000e+00 -5.649325e+03 -5.660599e+03 0.000000e+00 0.000000e+00 0.000000e+00 -4.579237e+02 -4.538758e+02 1.887587e+03 1.158700e+03 0.000000e+00 0.000000e+00 0.000000e+00 0.000000e+00 0.000000e+00 0.000000e+00 0.000000e+00 0.000000e+00 0.000000e+00
8.480000e-01 0.000000e+00 -5.669248e+03 -5.671517e+03 0.000000e+00 0.000000e+00 0.000000e+00 -4.597719e+02 -4.557161e+02 1.892419e+03 1.163950e+03 0.000000e+00 0.000000e+00 0.000000e+00 0.000000e+00 0.000000e+00 0.000000e+00 0.000000e+00 0.000000e+00 0.000000e+00
8.490000e-01 0.000000e+00 -5.689128e+03 -5.682173e+03 0.000000e+00 0.000000e+00 0.000000e+00 -4.616072e+02 -4.575447e+02 1.897250e+03 1.169176e+03 0.000000e+00 0.000000e+00 0.000000e+00 0.000000e+00 0.000000e+00 0.000000e+00 0.000000e+00 0.000000e+00 0.000000e+00
8.500000e-01 0.000000e+00 -5.708962e+03 -5.692563e+03 0.000000e+00 0.000000e+00 0.000000e+00 -4.634293e+02 -4.593610e+02 1.902079e+03 1.174380e+03 0.000000e+00 0.000000e+00 0.000000e+00 0.000000e+00 0.000000e+00 0.000000e+00 0.000000e+00 0.000000e+00 0.000000e+00
8.510000e-01 0.000000e+00 -5.728745e+03 -5.702683e+03 0.000000e+00 0.000000e+00 0.000000e+00 -4.652378e+02 -4.611649e+02 1.906904e+03 1.179559e+03 0.000000e+00 0.000000e+00 0.000000e+00 0.000000e+00 0.000000e+00 0.000000e+00 0.000000e+00 0.000000e+00 0.000000e+00
8.520000e-01 0.000000e+00 -5.748473e+03 -5.712531e+03 0.000000e+00 0.000000e+00 0.000000e+00 -4.670325e+02 -4.629559e+02 1.911725e+03 1.184712e+03 0.000000e+00 0.000000e+00 0.000000e+00 0.000000e+00 0.000000e+00 0.000000e+00 0.000000e+00 0.000000e+00 0.000000e+00
8.530000e-01 0.000000e+00 -5.768140e+03 -5.722101e+03 0.000000e+00 0.000000e+00 0.000000e+00 -4.688129e+02 -4.647338e+02 1.916541e+03 1.189840e+03 0.000000e+00 0.000000e+00 0.000000e+00 0.000000e+00 0.000000e+00 0.000000e+00 0.000000e+00 0.000000e+00 0.000000e+00
8.540000e-01 0.000000e+00 -5.787742e+03 -5.731391e+03 0.000000e+00 0.000000e+00 0.000000e+00 -4.705787e+02 -4.664982e+02 1.921351e+03 1.194940e+03 0.000000e+00 0.000000e+00 0.000000e+00 0.000000e+00 0.000000e+00 0.000000e+00 0.000000e+00 0.000000e+00 0.000000e+00
8.550000e-01 0.000000e+00 -5.807275e+03 -5.740396e+03 0.000000e+00 0.000000e+00 0.000000e+00 -4.723296e+02 -4.682488e+02 1.926153e+03 1.200012e+03 0.000000e+00 0.000000e+00 0.000000e+00 0.000000e+00 0.000000e+00 0.000000e+00 0.000000e+00 0.000000e+00 0.000000e+00
8.560000e-01 0.000000e+00 -5.826734e+03 -5.749114e+03 0.000000e+00 0.000000e+00 0.000000e+00 -4.740652e+02 -4.699853e+02 1.930946e+03 1.205055e+03 0.000000e+00 0.000000e+00 0.000000e+00 0.000000e+00 0.000000e+00 0.000000e+00 0.000000e+00 0.000000e+00 0.000000e+00
8.570000e-01 0.000000e+00 -5.846114e+03 -5.757541e+03 0.000000e+00 0.000000e+00 0.000000e+00 -4.757852e+02 -4.717072e+02 1.935729e+03 1.210068e+03 0.000000e+00 0.000000e+00 0.000000e+00 0.000000e+00 0.000000e+00 0.000000e+00 0.000000e+00 0.000000e+00 0.000000e+00
8.580000e-01 0.000000e+00 -5.865410e+03 -5.765674e+03 0.000000e+00 0.000000e+00 0.000000e+00 -4.774892e+02 -4.734143e+02 1.940502e+03 1.215049e+03 0.000000e+00 0.000000e+00 0.000000e+00 0.000000e+00 0.000000e+00 0.000000e+00 0.000000e+00 0.000000e+00 0.000000e+00
8.590000e-01 0.000000e+00 -5.884617e+03 -5.773508e+03 0.000000e+00 0.000000e+00 0.000000e+00 -4.791768e+02 -4.751062e+02 1.945263e+03 1.219998e+03 0.000000e+00 0.000000e+00 0.000000e+00 0.000000e+00 0.000000e+00 0.000000e+00 0.000000e+00 0.000000e+00 0.000000e+00
8.600000e-01 0.000000e+00 -5.903730e+03 -5.781041e+03 0.000000e+00 0.000000e+00 0.000000e+00 -4.808477e+02 -4.767826e+02 1.950010e+03 1.224914e+03 0.000000e+00 0.000000e+00 0.000000e+00 0.000000e+00 0.000000e+00 0.000000e+00 0.000000e+00 0.000000e+00 0.000000e+00
8.610000e-01 0.000000e+00 -5.922744e+03 -5.788270e+03 0.000000e+00 0.000000e+00 0.000000e+00 -4.825016e+02 -4.784430e+02 1.954743e+03 1.229796e+03 0.000000e+00 0.000000e+00 0.000000e+00 0.000000e+00 0.000000e+00 0.000000e+00 0.000000e+00 0.000000e+00 0.000000e+00
8.620000e-01 0.000000e+00 -5.941654e+03 -5.795191e+03 0.000000e+00 0.000000e+00 0.000000e+00 -4.841380e+02 -4.800873e+02 1.959460e+03 1.234642e+03 0.000000e+00 0.000000e+00 0.000000e+00 0.000000e+00 0.000000e+00 0.000000e+00 0.000000e+00 0.000000e+00 0.000000e+00
8.630000e-01 0.000000e+00 -5.960455e+03 -5.801802e+03 0.000000e+00 0.000000e+00 0.000000e+00 -4.857567e+02 -4.817149e+02 1.964160e+03 1.239451e+03 0.000000e+00 0.000000e+00 0.000000e+00 0.000000e+00 0.000000e+00 0.000000e+00 0.000000e+00 0.000000e+00 0.000000e+00
8.640000e-01 0.000000e+00 -5.979142e+03 -5.808098e+03 0.000000e+00 0.000000e+00 0.000000e+00 -4.873572e+02 -4.833255e+02 1.968842e+03 1.244223e+03 0.000000e+00 0.000000e+00 0.000000e+00 0.000000e+00 0.000000e+00 0.000000e+00 0.000000e+00 0.000000e+00 0.000000e+00
8.650000e-01 0.000000e+00 -5.997710e+03 -5.814078e+03 0.000000e+00 0.000000e+00 0.000000e+00 -4.889391e+02 -4.849188e+02 1.973504e+03 1.248956e+03 0.000000e+00 0.000000e+00 0.000000e+00 0.000000e+00 0.000000e+00 0.000000e+00 0.000000e+00 0.000000e+00 0.000000e+00
8.660000e-01 0.000000e+00 -6.016153e+03 -5.819738e+03 0.000000e+00 0.000000e+00 0.000000e+00 -4.905021e+02 -4.864944e+02 1.978146e+03 1.253649e+03 0.000000e+00 0.000000e+00 0.000000e+00 0.000000e+00 0.000000e+00 0.000000e+00 0.000000e+00 0.000000e+00 0.000000e+00
8.670000e-01 0.000000e+00 -6.034466e+03 -5.825075e+03 0.000000e+00 0.000000e+00 0.000000e+00 -4.920457e+02 -4.880519e+02 1.982765e+03 1.258300e+03 0.000000e+00 0.000000e+00 0.000000e+00 0.000000e+00 0.000000e+00 0.000000e+00 0.000000e+00 0.000000e+00 0.000000e+00
8.680000e-01 0.000000e+00 -6.052643e+03 -5.830086e+03 0.000000e+00 0.000000e+00 0.000000e+00 -4.935697e+02 -4.895909e+02 1.987361e+03 1.262909e+03 0.000000e+00 0.000000e+00 0.000000e+00 0.000000e+00 0.000000e+00 0.000000e+00 0.000000e+00 0.000000e+00 0.000000e+00
8.690000e-01 0.000000e+00 -6.070680e+03 -5.834770e+03 0.000000e+00 0.000000e+00 0.000000e+00 -4.950736e+02 -4.911111e+02 1.991932e+03 1.267475e+03 0.000000e+00 0.000000e+00 0.000000e+00 0.000000e+00 0.000000e+00 0.000000e+00 0.000000e+00 0.000000e+00 0.000000e+00
8.700000e-01 0.000000e+00 -6.088571e+03 -5.839122e+03 0.000000e+00 0.000000e+00 0.000000e+00 -4.965571e+02 -4.926121e+02 1.996477e+03 1.271995e+03 0.000000e+00 0.000000e+00 0.000000e+00 0.000000e+00 0.000000e+00 0.000000e+00 0.000000e+00 0.000000e+00 0.000000e+00
8.710000e-01 0.000000e+00 -6.106311e+03 -5.843141e+03 0.000000e+00 0.000000e+00 0.000000e+00 -4.980197e+02 -4.940934e+02 2.000995e+03 1.276470e+03 0.000000e+00 0.000000e+00 0.000000e+00 0.000000e+00 0.000000e+00 0.000000e+00 0.000000e+00 0.000000e+00 0.000000e+00
8.720000e-01 0.000000e+00 -6.123894e+03 -5.846824e+03 0.000000e+00 0.000000e+00 0.000000e+00 -4.994611e+02 -4.955547e+02 2.005483e+03 1.280897e+03 0.000000e+00 0.000000e+00 0.000000e+00 0.000000e+00 0.000000e+00 0.000000e+00 0.000000e+00 0.000000e+00 0.000000e+00
8.730000e-01 0.000000e+00 -6.141315e+03 -5.850169e+03 0.000000e+00 0.000000e+00 0.000000e+00 -5.008808e+02 -4.969957e+02 2.009941e+03 1.285276e+03 0.000000e+00 0.000000e+00 0.000000e+00 0.000000e+00 0.000000e+00 0.000000e+00 0.000000e+00 0.000000e+00 0.000000e+00
8.740000e-01 0.000000e+00 -6.158568e+03 -5.853173e+03 0.000000e+00 0.000000e+00 0.000000e+00 -5.022786e+02 -4.984159e+02 2.014367e+03 1.289604e+03 0.000000e+00 0.000000e+00 0.000000e+00 0.000000e+00 0.000000e+00 0.000000e+00 0.000000e+00 0.000000e+00 0.000000e+00
8.750000e-01 0.000000e+00 -6.175648e+03 -5.855834e+03 0.000000e+00 0.000000e+00 0.000000e+00 -5.036540e+02 -4.998150e+02 2.018760e+03 1.293882e+03 0.000000e+00 0.000000e+00 0.000000e+00 0.000000e+00 0.000000e+00 0.000000e+00 0.000000e+00 0.000000e+00 0.000000e+00
8.760000e-01 0.000000e+00 -6.192550e+03 -5.858151e+03 0.000000e+00 0.000000e+00 0.000000e+00 -5.050066e+02 -5.011925e+02 2.023119e+03 1.298107e+03 0.000000e+00 0.000000e+00 0.000000e+00 0.000000e+00 0.000000e+00 0.000000e+00 0.000000e+00 0.000000e+00 0.000000e+00
8.770000e-01 0.000000e+00 -6.209267e+03 -5.860121e+03 0.000000e+00 0.000000e+00 0.000000e+00 -5.063360e+02 -5.025481e+02 2.027441e+03 1.302279e+03 0.000000e+00 0.000000e+00 0.000000e+00 0.000000e+00 0.000000e+00 0.000000e+00 0.000000e+00 0.000000e+00 0.000000e+00
8.780000e-01 0.000000e+00 -6.225795e+03 -5.861741e+03 0.000000e+00 0.000000e+00 0.000000e+00 -5.076418e+02 -5.038814e+02 2.031726e+03 1.306395e+03 0.000000e+00 0.000000e+00 0.000000e+00 0.000000e+00 0.000000e+00 0.000000e+00 0.000000e+00 0.000000e+00 0.000000e+00
8.790000e-01 0.000000e+00 -6.242128e+03 -5.863012e+03 0.000000e+00 0.000000e+00 0.000000e+00 -5.089238e+02 -5.051921e+02 2.035972e+03 1.310455e+03 0.000000e+00 0.000000e+00 0.000000e+00 0.000000e+00 0.000000e+00 0.000000e+00 0.000000e+00 0.000000e+00 0.000000e+00
8.800000e-01 0.000000e+00 -6.258261e+03 -5.863930e+03 0.000000e+00 0.000000e+00 0.000000e+00 -5.101814e+02 -5.064796e+02 2.040177e+03 1.314457e+03 0.000000e+00 0.000000e+00 0.000000e+00 0.000000e+00 0.000000e+00 0.000000e+00 0.000000e+00 0.000000e+00 0.000000e+00
8.810000e-01 0.000000e+00 -6.274188e+03 -5.864494e+03 0.000000e+00 0.000000e+00 0.000000e+00 -5.114142e+02 -5.077436e+02 2.044340e+03 1.318400e+03 0.000000e+00 0.000000e+00 0.000000e+00 0.000000e+00 0.000000e+00 0.000000e+00 0.000000e+00 0.000000e+00 0.000000e+00
8.820000e-01 0.000000e+00 -6.289904e+03 -5.864702e+03 0.000000e+00 0.000000e+00 0.000000e+00 -5.126220e+02 -5.089838e+02 2.048460e+03 1.322283e+03 0.000000e+00 0.000000e+00 0.000000e+00 0.000000e+00 0.000000e+00 0.000000e+00 0.000000e+00 0.000000e+00 0.000000e+00
8.830000e-01 0.000000e+00 -6.305403e+03 -5.864554e+03 0.000000e+00 0.000000e+00 0.000000e+00 -5.138043e+02 -5.101996e+02 2.052534e+03 1.326104e+03 0.000000e+00 0.000000e+00 0.000000e+00 0.000000e+00 0.000000e+00 0.000000e+00 0.000000e+00 0.000000e+00 0.000000e+00
8.840000e-01 0.000000e+00 -6.320680e+03 -5.864047e+03 0.000000e+00 0.000000e+00 0.000000e+00 -5.149607e+02 -5.113909e+02 2.056563e+03 1.329862e+03 0.000000e+00 0.000000e+00 0.000000e+00 0.000000e+00 0.000000e+00 0.000000e+00 0.000000e+00 0.000000e+00 0.000000e+00
8.850000e-01 0.000000e+00 -6.335729e+03 -5.863181e+03 0.000000e+00 0.000000e+00 0.000000e+00 -5.160908e+02 -5.125571e+02 2.060543e+03 1.333556e+03 0.000000e+00 0.000000e+00 0.000000e+00 0.000000e+00 0.000000e+00 0.000000e+00 0.000000e+00 0.000000e+00 0.000000e+00
8.860000e-01 0.000000e+00 -6.350546e+03 -5.861955e+03 0.000000e+00 0.000000e+00 0.000000e+00 -5.171943e+02 -5.136978e+02 2.064474e+03 1.337183e+03 0.000000e+00 0.000000e+00 0.000000e+00 0.000000e+00 0.000000e+00 0.000000e+00 0.000000e+00 0.000000e+00 0.000000e+00
8.870000e-01 0.000000e+00 -6.365124e+03 -5.860367e+03 0.000000e+00 0.000000e+00 0.000000e+00 -5.182708e+02 -5.148128e+02 2.068353e+03 1.340744e+03 0.000000e+00 0.000000e+00 0.000000e+00 0.000000e+00 0.000000e+00 0.000000e+00 0.000000e+00 0.000000e+00 0.000000e+00
8.880000e-01 0.000000e+00 -6.379459e+03 -5.858417e+03 0.000000e+00 0.000000e+00 0.000000e+00 -5.193199e+02 -5.159016e+02 2.072181e+03 1.344236e+03 0.000000e+00 0.000000e+00 0.000000e+00 0.000000e+00 0.000000e+00 0.000000e+00 0.000000e+00 0.000000e+00 0.000000e+00
8.890000e-01 0.000000e+00 -6.393546e+03 -5.856104e+03 0.000000e+00 0.000000e+00 0.000000e+00 -5.203413e+02 -5.169638e+02 2.075954e+03 1.347658e+03 0.000000e+00 0.000000e+00 0.000000e+00 0.000000e+00 0.000000e+00 0.000000e+00 0.000000e+00 0.000000e+00 0.000000e+00
8.900000e-01 0.000000e+00 -6.407379e+03 -5.853428e+03 0.000000e+00 0.000000e+00 0.000000e+00 -5.213346e+02 -5.179991e+02 2.079672e+03 1.351008e+03 0.000000e+00 0.000000e+00 0.000000e+00 0.000000e+00 0.000000e+00 0.000000e+00 0.000000e+00 0.000000e+00 0.000000e+00
8.910000e-01 0.000000e+00 -6.420954e+03 -5.850388e+03 0.000000e+00 0.000000e+00 0.000000e+00 -5.222994e+02 -5.190071e+02 2.083333e+03 1.354286e+03 0.000000e+00 0.000000e+00 0.000000e+00 0.000000e+00 0.000000e+00 0.000000e+00 0.000000e+00 0.000000e+00 0.000000e+00
8.920000e-01 0.000000e+00 -6.434264e+03 -5.846984e+03 0.000000e+00 0.000000e+00 0.000000e+00 -5.232354e+02 -5.199874e+02 2.086935e+03 1.357490e+03 0.000000e+00 0.000000e+00 0.000000e+00 0.000000e+00 0.000000e+00 0.000000e+00 0.000000e+00 0.000000e+00 0.000000e+00
8.930000e-01 0.000000e+00 -6.447306e+03 -5.843216e+03 0.000000e+00 0.000000e+00 0.000000e+00 -5.241423e+02 -5.209398e+02 2.090478e+03 1.360619e+03 0.000000e+00 0.000000e+00 0.000000e+00 0.000000e+00 0.000000e+00 0.000000e+00 0.000000e+00 0.000000e+00 0.000000e+00
8.940000e-01 0.000000e+00 -6.460074e+03 -5.839083e+03 0.000000e+00 0.000000e+00 0.000000e+00 -5.250196e+02 -5.218637e+02 2.093959e+03 1.363671e+03 0.000000e+00 0.000000e+00 0.000000e+00 0.000000e+00 0.000000e+00 0.000000e+00 0.000000e+00 0.000000e+00 0.000000e+00
8.950000e-01 0.000000e+00 -6.472564e+03 -5.834586e+03 0.000000e+00 0.000000e+00 0.000000e+00 -5.258672e+02 -5.227590e+02 2.097377e+03 1.366646e+03 0.000000e+00 0.000000e+00 0.000000e+00 0.000000e+00 0.000000e+00 0.000000e+00 0.000000e+00 0.000000e+00 0.000000e+00
8.960000e-01 0.000000e+00 -6.484770e+03 -5.829725e+03 0.000000e+00 0.000000e+00 0.000000e+00 -5.266845e+02 -5.236252e+02 2.100731e+03 1.369540e+03 0.000000e+00 0.000000e+00 0.000000e+00 0.000000e+00 0.000000e+00 0.000000e+00 0.000000e+00 0.000000e+00 0.000000e+00
8.970000e-01 0.000000e+00 -6.496689e+03 -5.824501e+03 0.000000e+00 0.000000e+00 0.000000e+00 -5.274714e+02 -5.244619e+02 2.104019e+03 1.372355e+03 0.000000e+00 0.000000e+00 0.000000e+00 0.000000e+00 0.000000e+00 0.000000e+00 0.000000e+00 0.000000e+00 0.000000e+00
8.980000e-01 0.000000e+00 -6.508315e+03 -5.818913e+03 0.000000e+00 0.000000e+00 0.000000e+00 -5.282275e+02 -5.252690e+02 2.107240e+03 1.375087e+03 0.000000e+00 0.000000e+00 0.000000e+00 0.000000e+00 0.000000e+00 0.000000e+00 0.000000e+00 0.000000e+00 0.000000e+00
8.990000e-01 0.000000e+00 -6.519644e+03 -5.812962e+03 0.000000e+00 0.000000e+00 0.000000e+00 -5.289525e+02 -5.260460e+02 2.110392e+03 1.377737e+03 0.000000e+00 0.000000e+00 0.000000e+00 0.000000e+00 0.000000e+00 0.000000e+00 0.000000e+00 0.000000e+00 0.000000e+00
9.000000e-01 0.000000e+00 -6.530672e+03 -5.806650e+03 0.000000e+00 0.000000e+00 0.000000e+00 -5.296461e+02 -5.267926e+02 2.113475e+03 1.380302e+03 0.000000e+00 0.000000e+00 0.000000e+00 0.000000e+00 0.000000e+00 0.000000e+00 0.000000e+00 0.000000e+00 0.000000e+00
9.010000e-01 0.000000e+00 -6.541394e+03 -5.799977e+03 0.000000e+00 0.000000e+00 0.000000e+00 -5.303080e+02 -5.275085e+02 2.116486e+03 1.382781e+03 0.000000e+00 0.000000e+00 0.000000e+00 0.000000e+00 0.000000e+00 0.000000e+00 0.000000e+00 0.000000e+00 0.000000e+00
9.020000e-01 0.000000e+00 -6.551806e+03 -5.792944e+03 0.000000e+00 0.000000e+00 0.000000e+00 -5.309379e+02 -5.281935e+02 2.119424e+03 1.385173e+03 0.000000e+00 0.000000e+00 0.000000e+00 0.000000e+00 0.000000e+00 0.000000e+00 0.000000e+00 0.000000e+00 0.000000e+00
9.030000e-01 0.000000e+00 -6.561904e+03 -5.785553e+03 0.000000e+00 0.000000e+00 0.000000e+00 -5.315356e+02 -5.288472e+02 2.122288e+03 1.387478e+03 0.000000e+00 0.000000e+00 0.000000e+00 0.000000e+00 0.000000e+00 0.000000e+00 0.000000e+00 0.000000e+00 0.000000e+00
9.040000e-01 0.000000e+00 -6.571685e+03 -5.777804e+03 0.000000e+00 0.000000e+00 0.000000e+00 -5.321008e+02 -5.294694e+02 2.125077e+03 1.389693e+03 0.000000e+00 0.000000e+00 0.000000e+00 0.000000e+00 0.000000e+00 0.000000e+00 0.000000e+00 0.000000e+00 0.000000e+00
9.050000e-01 0.000000e+00 -6.581144e+03 -5.769700e+03 0.000000e+00 0.000000e+00 0.000000e+00 -5.326332e+02 -5.300598e+02 2.127789e+03 1.391818e+03 0.000000e+00 0.000000e+00 0.000000e+00 0.000000e+00 0.000000e+00 0.000000e+00 0.000000e+00 0.000000e+00 0.000000e+00
9.060000e-01 0.000000e+00 -6.590278e+03 -5.761241e+03 0.000000e+00 0.000000e+00 0.000000e+00 -5.331327e+02 -5.306181e+02 2.130424e+03 1.393851e+03 0.000000e+00 0.000000e+00 0.000000e+00 0.000000e+00 0.000000e+00 0.000000e+00 0.000000e+00 0.000000e+00 0.000000e+00
9.070000e-01 0.000000e+00 -6.599083e+03 -5.752430e+03 0.000000e+00 0.000000e+00 0.000000e+00 -5.335991e+02 -5.311441e+02 2.132979e+03 1.395792e+03 0.000000e+00 0.000000e+00 0.000000e+00 0.000000e+00 0.000000e+00 0.000000e+00 0.000000e+00 0.000000e+00 0.000000e+00
9.080000e-01 0.000000e+00 -6.607556e+03 -5.743270e+03 0.000000e+00 0.000000e+00 0.000000e+00 -5.340320e+02 -5.316376e+02 2.135454e+03 1.397640e+03 0.000000e+00 0.000000e+00 0.000000e+00 0.000000e+00 0.000000e+00 0.000000e+00 0.000000e+00 0.000000e+00 0.000000e+00
9.090000e-01 0.000000e+00 -6.615693e+03 -5.733761e+03 0.000000e+00 0.000000e+00 0.000000e+00 -5.344313e+02 -5.320983e+02 2.137847e+03 1.399393e+03 0.000000e+00 0.000000e+00 0.000000e+00 0.000000e+00 0.000000e+00 0.000000e+00 0.000000e+00 0.000000e+00 0.000000e+00
9.100000e-01 0.000000e+00 -6.623492e+03 -5.723906e+03 0.000000e+00 0.000000e+00 0.000000e+00 -5.347969e+02 -5.325261e+02 2.140158e+03 1.401050e+03 0.000000e+00 0.000000e+00 0.000000e+00 0.000000e+00 0.000000e+00 0.000000e+00 0.000000e+00 0.000000e+00 0.000000e+00
9.110000e-01 0.000000e+00 -6.630950e+03 -5.713708e+03 0.000000e+00 0.000000e+00 0.000000e+00 -5.351285e+02 -5.329207e+02 2.142385e+03 1.402610e+03 0.000000e+00 0.000000e+00 0.000000e+00 0.000000e+00 0.000000e+00 0.000000e+00 0.000000e+00 0.000000e+00 0.000000e+00
9.120000e-01 0.000000e+00 -6.638064e+03 -5.703169e+03 0.000000e+00 0.000000e+00 0.000000e+00 -5.354260e+02 -5.332819e+02 2.144527e+03 1.404074e+03 0.000000e+00 0.000000e+00 0.000000e+00 0.000000e+00 0.000000e+00 0.000000e+00 0.000000e+00 0.000000e+00 0.000000e+00
9.130000e-01 0.000000e+00 -6.644830e+03 -5.692291e+03 0.000000e+00 0.000000e+00 0.000000e+00 -5.356893e+02 -5.336097e+02 2.146584e+03 1.405439e+03 0.000000e+00 0.000000e+00 0.000000e+00 0.000000e+00 0.000000e+00 0.000000e+00 0.000000e+00 0.000000e+00 0.000000e+00
9.140000e-01 0.000000e+00 -6.651247e+03 -5.681079e+03 0.000000e+00 0.000000e+00 0.000000e+00 -5.359182e+02 -5.339038e+02 2.148553e+03 1.406704e+03 0.000000e+00 0.000000e+00 0.000000e+00 0.000000e+00 0.000000e+00 0.000000e+00 0.000000e+00 0.000000e+00 0.000000e+00
9.150000e-01 0.000000e+00 -6.657313e+03 -5.669534e+03 0.000000e+00 0.000000e+00 0.000000e+00 -5.361126e+02 -5.341641e+02 2.150435e+03 1.407870e+03 0.000000e+00 0.000000e+00 0.000000e+00 0.000000e+00 0.000000e+00 0.000000e+00 0.000000e+00 0.000000e+00 0.000000e+00
9.160000e-01 0.000000e+00 -6.663025e+03 -5.657660e+03 0.000000e+00 0.000000e+00 0.000000e+00 -5.362725e+02 -5.343904e+02 2.152228e+03 1.408936e+03 0.000000e+00 0.000000e+00 0.000000e+00 0.000000e+00 0.000000e+00 0.000000e+00 0.000000e+00 0.000000e+00 0.000000e+00
9.170000e-01 0.000000e+00 -6.668381e+03 -5.645460e+03 0.000000e+00 0.000000e+00 0.000000e+00 -5.363977e+02 -5.345827e+02 2.153931e+03 1.409899e+03 0.000000e+00 0.000000e+00 0.000000e+00 0.000000e+00 0.000000e+00 0.000000e+00 0.000000e+00 0.000000e+00 0.000000e+00
9.180000e-01 0.000000e+00 -6.673380e+03 -5.632938e+03 0.000000e+00 0.000000e+00 0.000000e+00 -5.364882e+02 -5.347410e+02 2.155544e+03 1.410761e+03 0.000000e+00 0.000000e+00 0.000000e+00 0.000000e+00 0.000000e+00 0.000000e+00 0.000000e+00 0.000000e+00 0.000000e+00
9.190000e-01 0.000000e+00 -6.678020e+03 -5.620098e+03 0.000000e+00 0.000000e+00 0.000000e+00 -5.365440e+02 -5.348650e+02 2.157066e+03 1.411521e+03 0.000000e+00 0.000000e+00 0.000000e+00 0.000000e+00 0.000000e+00 0.000000e+00 0.000000e+00 0.000000e+00 0.000000e+00
9.200000e-01 0.000000e+00 -6.682300e+03 -5.606942e+03 0.000000e+00 0.000000e+00 0.000000e+00 -5.365650e+02 -5.349548e+02 2.158496e+03 1.412177e+03 0.000000e+00 0.000000e+00 0.000000e+00 0.000000e+00 0.000000e+00 0.000000e+00 0.000000e+00 0.000000e+00 0.000000e+00
9.210000e-01 0.000000e+00 -6.686218e+03 -5.593476e+03 0.000000e+00 0.000000e+00 0.000000e+00 -5.365512e+02 -5.350103e+02 2.159833e+03 1.412729e+03 0.000000e+00 0.000000e+00 0.000000e+00 0.000000e+00 0.000000e+00 0.000000e+00 0.000000e+00 0.000000e+00 0.000000e+00
9.220000e-01 0.000000e+00 -6.689774e+03 -5.579703e+03 0.000000e+00 0.000000e+00 0.000000e+00 -5.365027e+02 -5.350315e+02 2.161077e+03 1.413178e+03 0.000000e+00 0.000000e+00 0.000000e+00 0.000000e+00 0.000000e+00 0.000000e+00 0.000000e+00 0.000000e+00 0.000000e+00
9.230000e-01 0.000000e+00 -6.692967e+03 -5.565627e+03 0.000000e+00 0.000000e+00 0.000000e+00 -5.364195e+02 -5.350184e+02 2.162227e+03 1.413522e+03 0.000000e+00 0.000000e+00 0.000000e+00 0.000000e+00 0.000000e+00 0.000000e+00 0.000000e+00 0.000000e+00 0.000000e+00
9.240000e-01 0.000000e+00 -6.695796e+03 -5.551253e+03 0.000000e+00 0.000000e+00 0.000000e+00 -5.363016e+02 -5.349711e+02 2.163282e+03 1.413761e+03 0.000000e+00 0.000000e+00 0.000000e+00 0.000000e+00 0.000000e+00 0.000000e+00 0.000000e+00 0.000000e+00 0.000000e+00
9.250000e-01 0.000000e+00 -6.698261e+03 -5.536586e+03 0.000000e+00 0.000000e+00 0.000000e+00 -5.361491e+02 -5.348895e+02 2.164243e+03 1.413895e+03 0.000000e+00 0.000000e+00 0.000000e+00 0.000000e+00 0.000000e+00 0.000000e+00 0.000000e+00 0.000000e+00 0.000000e+00
9.260000e-01 0.000000e+00 -6.700362e+03 -5.521629e+03 0.000000e+00 0.000000e+00 0.000000e+00 -5.359621e+02 -5.347738e+02 2.165108e+03 1.413924e+03 0.000000e+00 0.000000e+00 0.000000e+00 0.000000e+00 0.000000e+00 0.000000e+00 0.000000e+00 0.000000e+00 0.000000e+00
9.270000e-01 0.000000e+00 -6.702098e+03 -5.506389e+03 0.000000e+00 0.000000e+00 0.000000e+00 -5.357407e+02 -5.346239e+02 2.165877e+03 1.413848e+03 0.000000e+00 0.000000e+00 0.000000e+00 0.000000e+00 0.000000e+00 0.000000e+00 0.000000e+00 0.000000e+00 0.000000e+00
9.280000e-01 0.000000e+00 -6.703471e+03 -5.490869e+03 0.000000e+00 0.000000e+00 0.000000e+00 -5.354851e+02 -5.344401e+02 2.166551e+03 1.413666e+03 0.000000e+00 0.000000e+00 0.000000e+00 0.000000e+00 0.000000e+00 0.000000e+00 0.000000e+00 0.000000e+00 0.000000e+00
9.290000e-01 0.000000e+00 -6.704480e+03 -5.475075e+03 0.000000e+00 0.000000e+00 0.000000e+00 -5.351953e+02 -5.342224e+02 2.167128e+03 1.413379e+03 0.000000e+00 0.000000e+00 0.000000e+00 0.000000e+00 0.000000e+00 0.000000e+00 0.000000e+00 0.000000e+00 0.000000e+00
9.300000e-01 0.000000e+00 -6.705126e+03 -5.459012e+03 0.000000e+00 0.000000e+00 0.000000e+00 -5.348717e+02 -5.339710e+02 2.167608e+03 1.412987e+03 0.000000e+00 0.000000e+00 0.000000e+00 0.000000e+00 0.000000e+00 0.000000e+00 0.000000e+00 0.000000e+00 0.000000e+00
9.310000e-01 0.000000e+00 -6.705411e+03 -5.442686e+03 0.000000e+00 0.000000e+00 0.000000e+00 -5.345142e+02 -5.336860e+02 2.167992e+03 1.412489e+03 0.000000e+00 0.000000e+00 0.000000e+00 0.000000e+00 0.000000e+00 0.000000e+00 0.000000e+00 0.000000e+00 0.000000e+00
9.320000e-01 0.000000e+00 -6.705335e+03 -5.426102e+03 0.000000e+00 0.000000e+00 0.000000e+00 -5.341233e+02 -5.333675e+02 2.168279e+03 1.411886e+03 0.000000e+00 0.000000e+00 0.000000e+00 0.000000e+00 0.000000e+00 0.000000e+00 0.000000e+00 0.000000e+00 0.000000e+00
9.330000e-01 0.000000e+00 -6.704900e+03 -5.409265e+03 0.000000e+00 0.000000e+00 0.000000e+00 -5.336991e+02 -5.330160e+02 2.168469e+03 1.411179e+03 0.000000e+00 0.000000e+00 0.000000e+00 0.000000e+00 0.000000e+00 0.000000e+00 0.000000e+00 0.000000e+00 0.000000e+00
9.340000e-01 0.000000e+00 -6.704107e+03 -5.392182e+03 0.000000e+00 0.000000e+00 0.000000e+00 -5.332419e+02 -5.326314e+02 2.168562e+03 1.410366e+03 0.000000e+00 0.000000e+00 0.000000e+00 0.000000e+00 0.000000e+00 0.000000e+00 0.000000e+00 0.000000e+00 0.000000e+00
9.350000e-01 0.000000e+00 -6.702958e+03 -5.374859e+03 0.000000e+00 0.000000e+00 0.000000e+00 -5.327520e+02 -5.322141e+02 2.168558e+03 1.409450e+03 0.000000e+00 0.000000e+00 0.000000e+00 0.000000e+00 0.000000e+00 0.000000e+00 0.000000e+00 0.000000e+00 0.000000e+00
9.360000e-01 0.000000e+00 -6.701455e+03 -5.357300e+03 0.000000e+00 0.000000e+00 0.000000e+00 -5.322296e+02 -5.317644e+02 2.168458e+03 1.408430e+03 0.000000e+00 0.000000e+00 0.000000e+00 0.000000e+00 0.000000e+00 0.000000e+00 0.000000e+00 0.000000e+00 0.000000e+00
9.370000e-01 0.000000e+00 -6.699601e+03 -5.339514e+03 0.000000e+00 0.000000e+00 0.000000e+00 -5.316751e+02 -5.312826e+02 2.168261e+03 1.407307e+03 0.000000e+00 0.000000e+00 0.000000e+00 0.000000e+00 0.000000e+00 0.000000e+00 0.000000e+00 0.000000e+00 0.000000e+00
9.380000e-01 0.000000e+00 -6.697397e+03 -5.321505e+03 0.000000e+00 0.000000e+00 0.000000e+00 -5.310889e+02 -5.307689e+02 2.167968e+03 1.406082e+03 0.000000e+00 0.000000e+00 0.000000e+00 0.000000e+00 0.000000e+00 0.000000e+00 0.000000e+00 0.000000e+00 0.000000e+00
9.390000e-01 0.000000e+00 -6.694847e+03 -5.303280e+03 0.000000e+00 0.000000e+00 0.000000e+00 -5.304713e+02 -5.302237e+02 2.167579e+03 1.404755e+03 0.000000e+00 0.000000e+00 0.000000e+00 0.000000e+00 0.000000e+00 0.000000e+00 0.000000e+00 0.000000e+00 0.000000e+00
9.400000e-01 0.000000e+00 -6.691953e+03 -5.284846e+03 0.000000e+00 0.000000e+00 0.000000e+00 -5.298227e+02 -5.296474e+02 2.167094e+03 1.403326e+03 0.000000e+00 0.000000e+00 0.000000e+00 0.000000e+00 0.000000e+00 0.000000e+00 0.000000e+00 0.000000e+00 0.000000e+00
9.410000e-01 0.000000e+00 -6.688718e+03 -5.266210e+03 0.000000e+00 0.000000e+00 0.000000e+00 -5.291436e+02 -5.290403e+02 2.166514e+03 1.401798e+03 0.000000e+00 0.000000e+00 0.000000e+00 0.000000e+00 0.000000e+00 0.000000e+00 0.000000e+00 0.000000e+00 0.000000e+00
9.420000e-01 0.000000e+00 -6.685147e+03 -5.247377e+03 0.000000e+00 0.000000e+00 0.000000e+00 -5.284343e+02 -5.284029e+02 2.165840e+03 1.400170e+03 0.000000e+00 0.000000e+00 0.000000e+00 0.000000e+00 0.000000e+00 0.000000e+00 0.000000e+00 0.000000e+00 0.000000e+00
9.430000e-01 0.000000e+00 -6.681241e+03 -5.228356e+03 0.000000e+00 0.000000e+00 0.000000e+00 -5.276953e+02 -5.277355e+02 2.165072e+03 1.398444e+03 0.000000e+00 0.000000e+00 0.000000e+00 0.000000e+00 0.000000e+00 0.000000e+00 0.000000e+00 0.000000e+00 0.000000e+00
9.440000e-01 0.000000e+00 -6.677006e+03 -5.209152e+03 0.000000e+00 0.000000e+00 0.000000e+00 -5.269271e+02 -5.270387e+02 2.164210e+03 1.396621e+03 0.000000e+00 0.000000e+00 0.000000e+00 0.000000e+00 0.000000e+00 0.000000e+00 0.000000e+00 0.000000e+00 0.000000e+00
9.450000e-01 0.000000e+00 -6.672445e+03 -5.189773e+03 0.000000e+00 0.000000e+00 0.000000e+00 -5.261302e+02 -5.263128e+02 2.163256e+03 1.394701e+03 0.000000e+00 0.000000e+00 0.000000e+00 0.000000e+00 0.000000e+00 0.000000e+00 0.000000e+00 0.000000e+00 0.000000e+00
9.460000e-01 0.000000e+00 -6.667562e+03 -5.170226e+03 0.000000e+00 0.000000e+00 0.000000e+00 -5.253051e+02 -5.255583e+02 2.162210e+03 1.392686e+03 0.000000e+00 0.000000e+00 0.000000e+00 0.000000e+00 0.000000e+00 0.000000e+00 0.000000e+00 0.000000e+00 0.000000e+00
9.470000e-01 0.000000e+00 -6.662361e+03 -5.150518e+03 0.000000e+00 0.000000e+00 0.000000e+00 -5.244524e+02 -5.247759e+02 2.161072e+03 1.390578e+03 0.000000e+00 0.000000e+00 0.000000e+00 0.000000e+00 0.000000e+00 0.000000e+00 0.000000e+00 0.000000e+00 0.000000e+00
9.480000e-01 0.000000e+00 -6.656847e+03 -5.130657e+03 0.000000e+00 0.000000e+00 0.000000e+00 -5.235726e+02 -5.239659e+02 2.159844e+03 1.388377e+03 0.000000e+00 0.000000e+00 0.000000e+00 0.000000e+00 0.000000e+00 0.000000e+00 0.000000e+00 0.000000e+00 0.000000e+00
9.490000e-01 0.000000e+00 -6.651026e+03 -5.110649e+03 0.000000e+00 0.000000e+00 0.000000e+00 -5.226663e+02 -5.231290e+02 2.158527e+03 1.386085e+03 0.000000e+00 0.000000e+00 0.000000e+00 0.000000e+00 0.000000e+00 0.000000e+00 0.000000e+00 0.000000e+00 0.000000e+00
9.500000e-01 0.000000e+00 -6.644901e+03 -5.090503e+03 0.000000e+00 0.000000e+00 0.000000e+00 -5.217341e+02 -5.222658e+02 2.157121e+03 1.383703e+03 0.000000e+00 0.000000e+00 0.000000e+00 0.000000e+00 0.000000e+00 0.000000e+00 0.000000e+00 0.000000e+00 0.000000e+00
9.510000e-01 0.000000e+00 -6.638478e+03 -5.070226e+03 0.000000e+00 0.000000e+00 0.000000e+00 -5.207766e+02 -5.213767e+02 2.155628e+03 1.381233e+03 0.000000e+00 0.000000e+00 0.000000e+00 0.000000e+00 0.000000e+00 0.000000e+00 0.000000e+00 0.000000e+00 0.000000e+00
9.520000e-01 0.000000e+00 -6.631762e+03 -5.049825e+03 0.000000e+00 0.000000e+00 0.000000e+00 -5.197945e+02 -5.204624e+02 2.154048e+03 1.378677e+03 0.000000e+00 0.000000e+00 0.000000e+00 0.000000e+00 0.000000e+00 0.000000e+00 0.000000e+00 0.000000e+00 0.000000e+00
9.530000e-01 0.000000e+00 -6.624759e+03 -5.029309e+03 0.000000e+00 0.000000e+00 0.000000e+00 -5.187884e+02 -5.195236e+02 2.152384e+03 1.376036e+03 0.000000e+00 0.000000e+00 0.000000e+00 0.000000e+00 0.000000e+00 0.000000e+00 0.000000e+00 0.000000e+00 0.000000e+00
9.540000e-01 0.000000e+00 -6.617474e+03 -5.008684e+03 0.000000e+00 0.000000e+00 0.000000e+00 -5.177590e+02 -5.185609e+02 2.150635e+03 1.373312e+03 0.000000e+00 0.000000e+00 0.000000e+00 0.000000e+00 0.000000e+00 0.000000e+00 0.000000e+00 0.000000e+00 0.000000e+00
9.550000e-01 0.000000e+00 -6.609914e+03 -4.987959e+03 0.000000e+00 0.000000e+00 0.000000e+00 -5.167070e+02 -5.175750e+02 2.148804e+03 1.370507e+03 0.000000e+00 0.000000e+00 0.000000e+00 0.000000e+00 0.000000e+00 0.000000e+00 0.000000e+00 0.000000e+00 0.000000e+00
9.560000e-01 0.000000e+00 -6.602083e+03 -4.967141e+03 0.000000e+00 0.000000e+00 0.000000e+00 -5.156331e+02 -5.165665e+02 2.146891e+03 1.367622e+03 0.000000e+00 0.000000e+00 0.000000e+00 0.000000e+00 0.000000e+00 0.000000e+00 0.000000e+00 0.000000e+00 0.000000e+00
9.570000e-01 0.000000e+00 -6.593989e+03 -4.946239e+03 0.000000e+00 0.000000e+00 0.000000e+00 -5.145380e+02 -5.155361e+02 2.144898e+03 1.364660e+03 0.000000e+00 0.000000e+00 0.000000e+00 0.000000e+00 0.000000e+00 0.000000e+00 0.000000e+00 0.000000e+00 0.000000e+00
9.580000e-01 0.000000e+00 -6.585638e+03 -4.925260e+03 0.000000e+00 0.000000e+00 0.000000e+00 -5.134225e+02 -5.144846e+02 2.142826e+03 1.361622e+03 0.000000e+00 0.000000e+00 0.000000e+00 0.000000e+00 0.000000e+00 0.000000e+00 0.000000e+00 0.000000e+00 0.000000e+00
9.590000e-01 0.000000e+00 -6.577036e+03 -4.904212e+03 0.000000e+00 0.000000e+00 0.000000e+00 -5.122874e+02 -5.134127e+02 2.140677e+03 1.358510e+03 0.000000e+00 0.000000e+00 0.000000e+00 0.000000e+00 0.000000e+00 0.000000e+00 0.000000e+00 0.000000e+00 0.000000e+00
9.600000e-01 0.000000e+00 -6.568189e+03 -4.883104e+03 0.000000e+00 0.000000e+00 0.000000e+00 -5.111333e+02 -5.123211e+02 2.138453e+03 1.355327e+03 0.000000e+00 0.000000e+00 0.000000e+00 0.000000e+00 0.000000e+00 0.000000e+00 0.000000e+00 0.000000e+00 0.000000e+00
9.610000e-01 0.000000e+00 -6.559106e+03 -4.861943e+03 0.000000e+00 0.000000e+00 0.000000e+00 -5.099611e+02 -5.112106e+02 2.136154e+03 1.352075e+03 0.000000e+00 0.000000e+00 0.000000e+00 0.000000e+00 0.000000e+00 0.000000e+00 0.000000e+00 0.000000e+00 0.000000e+00
9.620000e-01 0.000000e+00 -6.549791e+03 -4.840738e+03 0.000000e+00 0.000000e+00 0.000000e+00 -5.087717e+02 -5.100820e+02 2.133783e+03 1.348756e+03 0.000000e+00 0.000000e+00 0.000000e+00 0.000000e+00 0.000000e+00 0.000000e+00 0.000000e+00 0.000000e+00 0.000000e+00
9.630000e-01 0.000000e+00 -6.540253e+03 -4.819496e+03 0.000000e+00 0.000000e+00 0.000000e+00 -5.075657e+02 -5.089361e+02 2.131340e+03 1.345371e+03 0.000000e+00 0.000000e+00 0.000000e+00 0.000000e+00 0.000000e+00 0.000000e+00 0.000000e+00 0.000000e+00 0.000000e+00
9.640000e-01 0.000000e+00 -6.530499e+03 -4.798225e+03 0.000000e+00 0.000000e+00 0.000000e+00 -5.063441e+02 -5.077737e+02 2.128829e+03 1.341925e+03 0.000000e+00 0.000000e+00 0.000000e+00 0.000000e+00 0.000000e+00 0.000000e+00 0.000000e+00 0.000000e+00 0.000000e+00
9.650000e-01 0.000000e+00 -6.520535e+03 -4.776935e+03 0.000000e+00 0.000000e+00 0.000000e+00 -5.051076e+02 -5.065955e+02 2.126249e+03 1.338417e+03 0.000000e+00 0.000000e+00 0.000000e+00 0.000000e+00 0.000000e+00 0.000000e+00 0.000000e+00 0.000000e+00 0.000000e+00
9.660000e-01 0.000000e+00 -6.510369e+03 -4.755632e+03 0.000000e+00 0.000000e+00 0.000000e+00 -5.038572e+02 -5.054025e+02 2.123604e+03 1.334852e+03 0.000000e+00 0.000000e+00 0.000000e+00 0.000000e+00 0.000000e+00 0.000000e+00 0.000000e+00 0.000000e+00 0.000000e+00
9.670000e-01 0.000000e+00 -6.500009e+03 -4.734325e+03 0.000000e+00 0.000000e+00 0.000000e+00 -5.025936e+02 -5.041954e+02 2.120895e+03 1.331232e+03 0.000000e+00 0.000000e+00 0.000000e+00 0.000000e+00 0.000000e+00 0.000000e+00 0.000000e+00 0.000000e+00 0.000000e+00
9.680000e-01 0.000000e+00 -6.489462e+03 -4.713023e+03 0.000000e+00 0.000000e+00 0.000000e+00 -5.013179e+02 -5.029751e+02 2.118124e+03 1.327559e+03 0.000000e+00 0.000000e+00 0.000000e+00 0.000000e+00 0.000000e+00 0.000000e+00 0.000000e+00 0.000000e+00 0.000000e+00
9.690000e-01 0.000000e+00 -6.478736e+03 -4.691733e+03 0.000000e+00 0.000000e+00 0.000000e+00 -5.000307e+02 -5.017426e+02 2.115292e+03 1.323835e+03 0.000000e+00 0.000000e+00 0.000000e+00 0.000000e+00 0.000000e+00 0.000000e+00 0.000000e+00 0.000000e+00 0.000000e+00
9.700000e-01 0.000000e+00 -6.467839e+03 -4.670463e+03 0.000000e+00 0.000000e+00 0.000000e+00 -4.987332e+02 -5.004985e+02 2.112402e+03 1.320063e+03 0.000000e+00 0.000000e+00 0.000000e+00 0.000000e+00 0.000000e+00 0.000000e+00 0.000000e+00 0.000000e+00 0.000000e+00
9.710000e-01 0.000000e+00 -6.456778e+03 -4.649222e+03 0.000000e+00 0.000000e+00 0.000000e+00 -4.974260e+02 -4.992439e+02 2.109456e+03 1.316246e+03 0.000000e+00 0.000000e+00 0.000000e+00 0.000000e+00 0.000000e+00 0.000000e+00 0.000000e+00 0.000000e+00 0.000000e+00
9.720000e-01 0.000000e+00 -6.445561e+03 -4.628018e+03 0.000000e+00 0.000000e+00 0.000000e+00 -4.961101e+02 -4.979796e+02 2.106454e+03 1.312386e+03 0.000000e+00 0.000000e+00 0.000000e+00 0.000000e+00 0.000000e+00 0.000000e+00 0.000000e+00 0.000000e+00 0.000000e+00
9.730000e-01 0.000000e+00 -6.434196e+03 -4.606859e+03 0.000000e+00 0.000000e+00 0.000000e+00 -4.947865e+02 -4.967065e+02 2.103400e+03 1.308486e+03 0.000000e+00 0.000000e+00 0.000000e+00 0.000000e+00 0.000000e+00 0.000000e+00 0.000000e+00 0.000000e+00 0.000000e+00
9.740000e-01 0.000000e+00 -6.422691e+03 -4.585753e+03 0.000000e+00 0.000000e+00 0.000000e+00 -4.934561e+02 -4.954255e+02 2.100296e+03 1.304548e+03 0.000000e+00 0.000000e+00 0.000000e+00 0.000000e+00 0.000000e+00 0.000000e+00 0.000000e+00 0.000000e+00 0.000000e+00
9.750000e-01 0.000000e+00 -6.411054e+03 -4.564707e+03 0.000000e+00 0.000000e+00 0.000000e+00 -4.921196e+02 -4.941374e+02 2.097142e+03 1.300576e+03 0.000000e+00 0.000000e+00 0.000000e+00 0.000000e+00 0.000000e+00 0.000000e+00 0.000000e+00 0.000000e+00 0.000000e+00
9.760000e-01 0.000000e+00 -6.399294e+03 -4.543730e+03 0.000000e+00 0.000000e+00 0.000000e+00 -4.907782e+02 -4.928432e+02 2.093942e+03 1.296571e+03 0.000000e+00 0.000000e+00 0.000000e+00 0.000000e+00 0.000000e+00 0.000000e+00 0.000000e+00 0.000000e+00 0.000000e+00
9.770000e-01 0.000000e+00 -6.387417e+03 -4.522830e+03 0.000000e+00 0.000000e+00 0.000000e+00 -4.894326e+02 -4.915439e+02 2.090698e+03 1.292537e+03 0.000000e+00 0.000000e+00 0.000000e+00 0.000000e+00 0.000000e+00 0.000000e+00 0.000000e+00 0.000000e+00 0.000000e+00
9.780000e-01 0.000000e+00 -6.375433e+03 -4.502014e+03 0.000000e+00 0.000000e+00 0.000000e+00 -4.880838e+02 -4.902402e+02 2.087410e+03 1.288476e+03 0.000000e+00 0.000000e+00 0.000000e+00 0.000000e+00 0.000000e+00 0.000000e+00 0.000000e+00 0.000000e+00 0.000000e+00
9.790000e-01 0.000000e+00 -6.363349e+03 -4.481291e+03 0.000000e+00 0.000000e+00 0.000000e+00 -4.867327e+02 -4.889331e+02 2.084083e+03 1.284392e+03 0.000000e+00 0.000000e+00 0.000000e+00 0.000000e+00 0.000000e+00 0.000000e+00 0.000000e+00 0.000000e+00 0.000000e+00
9.800000e-01 0.000000e+00 -6.351174e+03 -4.460667e+03 0.000000e+00 0.000000e+00 0.000000e+00 -4.853803e+02 -4.876235e+02 2.080717e+03 1.280286e+03 0.000000e+00 0.000000e+00 0.000000e+00 0.000000e+00 0.000000e+00 0.000000e+00 0.000000e+00 0.000000e+00 0.000000e+00
9.810000e-01 0.000000e+00 -6.338915e+03 -4.440152e+03 0.000000e+00 0.000000e+00 0.000000e+00 -4.840274e+02 -4.863123e+02 2.077314e+03 1.276161e+03 0.000000e+00 0.000000e+00 0.000000e+00 0.000000e+00 0.000000e+00 0.000000e+00 0.000000e+00 0.000000e+00 0.000000e+00
9.820000e-01 0.000000e+00 -6.326581e+03 -4.419752e+03 0.000000e+00 0.000000e+00 0.000000e+00 -4.826750e+02 -4.850005e+02 2.073878e+03 1.272021e+03 0.000000e+00 0.000000e+00 0.000000e+00 0.000000e+00 0.000000e+00 0.000000e+00 0.000000e+00 0.000000e+00 0.000000e+00
9.830000e-01 0.000000e+00 -6.314180e+03 -4.399475e+03 0.000000e+00 0.000000e+00 0.000000e+00 -4.813240e+02 -4.836888e+02 2.070409e+03 1.267868e+03 0.000000e+00 0.000000e+00 0.000000e+00 0.000000e+00 0.000000e+00 0.000000e+00 0.000000e+00 0.000000e+00 0.000000e+00
9.840000e-01 0.000000e+00 -6.301721e+03 -4.379329e+03 0.000000e+00 0.000000e+00 0.000000e+00 -4.799752e+02 -4.823783e+02 2.066911e+03 1.263704e+03 0.000000e+00 0.000000e+00 0.000000e+00 0.000000e+00 0.000000e+00 0.000000e+00 0.000000e+00 0.000000e+00 0.000000e+00
9.850000e-01 0.000000e+00 -6.289210e+03 -4.359321e+03 0.000000e+00 0.000000e+00 0.000000e+00 -4.786296e+02 -4.810699e+02 2.063385e+03 1.259534e+03 0.000000e+00 0.000000e+00 0.000000e+00 0.000000e+00 0.000000e+00 0.000000e+00 0.000000e+00 0.000000e+00 0.000000e+00
9.860000e-01 0.000000e+00 -6.276657e+03 -4.339458e+03 0.000000e+00 0.000000e+00 0.000000e+00 -4.772882e+02 -4.797643e+02 2.059833e+03 1.255358e+03 0.000000e+00 0.000000e+00 0.000000e+00 0.000000e+00 0.000000e+00 0.000000e+00 0.000000e+00 0.000000e+00 0.000000e+00
9.870000e-01 0.000000e+00 -6.264070e+03 -4.319747e+03 0.000000e+00 0.000000e+00 0.000000e+00 -4.759517e+02 -4.784625e+02 2.056257e+03 1.251180e+03 0.000000e+00 0.000000e+00 0.000000e+00 0.000000e+00 0.000000e+00 0.000000e+00 0.000000e+00 0.000000e+00 0.000000e+00
9.880000e-01 0.000000e+00 -6.251455e+03 -4.300197e+03 0.000000e+00 0.000000e+00 0.000000e+00 -4.746210e+02 -4.771654e+02 2.052660e+03 1.247003e+03 0.000000e+00 0.000000e+00 0.000000e+00 0.000000e+00 0.000000e+00 0.000000e+00 0.000000e+00 0.000000e+00 0.000000e+00
9.890000e-01 0.000000e+00 -6.238823e+03 -4.280813e+03 0.000000e+00 0.000000e+00 0.000000e+00 -4.732972e+02 -4.758739e+02 2.049043e+03 1.242830e+03 0.000000e+00 0.000000e+00 0.000000e+00 0.000000e+00 0.000000e+00 0.000000e+00 0.000000e+00 0.000000e+00 0.000000e+00
9.900000e-01 0.000000e+00 -6.226179e+03 -4.261604e+03 0.000000e+00 0.000000e+00 0.000000e+00 -4.719809e+02 -4.745889e+02 2.045410e+03 1.238663e+03 0.000000e+00 0.000000e+00 0.000000e+00 0.000000e+00 0.000000e+00 0.000000e+00 0.000000e+00 0.000000e+00 0.000000e+00
9.910000e-01 0.000000e+00 -6.213533e+03 -4.242575e+03 0.000000e+00 0.000000e+00 0.000000e+00 -4.706732e+02 -4.733111e+02 2.041761e+03 1.234504e+03 0.000000e+00 0.000000e+00 0.000000e+00 0.000000e+00 0.000000e+00 0.000000e+00 0.000000e+00 0.000000e+00 0.000000e+00
9.920000e-01 0.000000e+00 -6.200892e+03 -4.223734e+03 0.000000e+00 0.000000e+00 0.000000e+00 -4.693749e+02 -4.720416e+02 2.038099e+03 1.230357e+03 0.000000e+00 0.000000e+00 0.000000e+00 0.000000e+00 0.000000e+00 0.000000e+00 0.000000e+00 0.000000e+00 0.000000e+00
9.930000e-01 0.000000e+00 -6.188264e+03 -4.205088e+03 0.000000e+00 0.000000e+00 0.000000e+00 -4.680867e+02 -4.707810e+02 2.034426e+03 1.226224e+03 0.000000e+00 0.000000e+00 0.000000e+00 0.000000e+00 0.000000e+00 0.000000e+00 0.000000e+00 0.000000e+00 0.000000e+00
9.940000e-01 0.000000e+00 -6.175656e+03 -4.186643e+03 0.000000e+00 0.000000e+00 0.000000e+00 -4.668096e+02 -4.695303e+02 2.030744e+03 1.222108e+03 0.000000e+00 0.000000e+00 0.000000e+00 0.000000e+00 0.000000e+00 0.000000e+00 0.000000e+00 0.000000e+00 0.000000e+00
9.950000e-01 0.000000e+00 -6.163077e+03 -4.168406e+03 0.000000e+00 0.000000e+00 0.000000e+00 -4.655444e+02 -4.682902e+02 2.027055e+03 1.218011e+03 0.000000e+00 0.000000e+00 0.000000e+00 0.000000e+00 0.000000e+00 0.000000e+00 0.000000e+00 0.000000e+00 0.000000e+00
9.960000e-01 0.000000e+00 -6.150533e+03 -4.150382e+03 0.000000e+00 0.000000e+00 0.000000e+00 -4.642918e+02 -4.670617e+02 2.023361e+03 1.213937e+03 0.000000e+00 0.000000e+00 0.000000e+00 0.000000e+00 0.000000e+00 0.000000e+00 0.000000e+00 0.000000e+00 0.000000e+00
9.970000e-01 0.000000e+00 -6.138032e+03 -4.132579e+03 0.000000e+00 0.000000e+00 0.000000e+00 -4.630528e+02 -4.658454e+02 2.019665e+03 1.209886e+03 0.000000e+00 0.000000e+00 0.000000e+00 0.000000e+00 0.000000e+00 0.000000e+00 0.000000e+00 0.000000e+00 0.000000e+00
9.980000e-01 0.000000e+00 -6.125582e+03 -4.115003e+03 0.000000e+00 0.000000e+00 0.000000e+00 -4.618279e+02 -4.646421e+02 2.015967e+03 1.205863e+03 0.000000e+00 0.000000e+00 0.000000e+00 0.000000e+00 0.000000e+00 0.000000e+00 0.000000e+00 0.000000e+00 0.000000e+00
9.990000e-01 0.000000e+00 -6.113189e+03 -4.097659e+03 0.000000e+00 0.000000e+00 0.000000e+00 -4.606181e+02 -4.634527e+02 2.012271e+03 1.201868e+03 0.000000e+00 0.000000e+00 0.000000e+00 0.000000e+00 0.000000e+00 0.000000e+00 0.000000e+00 0.000000e+00 0.000000e+00
1.000000e+00 0.000000e+00 -6.100862e+03 -4.080554e+03 0.000000e+00 0.000000e+00 0.000000e+00 -4.594240e+02 -4.622778e+02 2.008577e+03 1.197906e+03 0.000000e+00 0.000000e+00 0.000000e+00 0.000000e+00 0.000000e+00 0.000000e+00 0.000000e+00 0.000000e+00 0.000000e+00
1.001000e+00 0.000000e+00 -6.088606e+03 -4.063692e+03 0.000000e+00 0.000000e+00 0.000000e+00 -4.582464e+02 -4.611183e+02 2.004888e+03 1.193977e+03 0.000000e+00 0.000000e+00 0.000000e+00 0.000000e+00 0.000000e+00 0.000000e+00 0.000000e+00 0.000000e+00 0.000000e+00
1.002000e+00 0.000000e+00 -6.076429e+03 -4.047081e+03 0.000000e+00 0.000000e+00 0.000000e+00 -4.570860e+02 -4.599747e+02 2.001207e+03 1.190085e+03 0.000000e+00 0.000000e+00 0.000000e+00 0.000000e+00 0.000000e+00 0.000000e+00 0.000000e+00 0.000000e+00 0.000000e+00
1.003000e+00 0.000000e+00 -6.064337e+03 -4.030724e+03 0.000000e+00 0.000000e+00 0.000000e+00 -4.559436e+02 -4.588480e+02 1.997533e+03 1.186232e+03 0.000000e+00 0.000000e+00 0.000000e+00 0.000000e+00 0.000000e+00 0.000000e+00 0.000000e+00 0.000000e+00 0.000000e+00
1.004000e+00 0.000000e+00 -6.052338e+03 -4.014629e+03 0.000000e+00 0.000000e+00 0.000000e+00 -4.548197e+02 -4.577386e+02 1.993871e+03 1.182420e+03 0.000000e+00 0.000000e+00 0.000000e+00 0.000000e+00 0.000000e+00 0.000000e+00 0.000000e+00 0.000000e+00 0.000000e+00
1.005000e+00 0.000000e+00 -6.040438e+03 -3.998800e+03 0.000000e+00 0.000000e+00 0.000000e+00 -4.537151e+02 -4.566473e+02 1.990220e+03 1.178650e+03 0.000000e+00 0.000000e+00 0.000000e+00 0.000000e+00 0.000000e+00 0.000000e+00 0.000000e+00 0.000000e+00 0.000000e+00
1.006000e+00 0.000000e+00 -6.028644e+03 -3.983241e+03 0.000000e+00 0.000000e+00 0.000000e+00 -4.526303e+02 -4.555748e+02 1.986584e+03 1.174926e+03 0.000000e+00 0.000000e+00 0.000000e+00 0.000000e+00 0.000000e+00 0.000000e+00 0.000000e+00 0.000000e+00 0.000000e+00
1.007000e+00 0.000000e+00 -6.016961e+03 -3.967959e+03 0.000000e+00 0.000000e+00 0.000000e+00 -4.515662e+02 -4.545217e+02 1.982964e+03 1.171250e+03 0.000000e+00 0.000000e+00 0.000000e+00 0.000000e+00 0.000000e+00 0.000000e+00 0.000000e+00 0.000000e+00 0.000000e+00
1.008000e+00 0.000000e+00 -6.005397e+03 -3.952958e+03 0.000000e+00 0.000000e+00 0.000000e+00 -4.505231e+02 -4.534886e+02 1.979361e+03 1.167622e+03 0.000000e+00 0.000000e+00 0.000000e+00 0.000000e+00 0.000000e+00 0.000000e+00 0.000000e+00 0.000000e+00 0.000000e+00
1.009000e+00 0.000000e+00 -5.993957e+03 -3.938242e+03 0.000000e+00 0.000000e+00 0.000000e+00 -4.495018e+02 -4.524761e+02 1.975778e+03 1.164046e+03 0.000000e+00 0.000000e+00 0.000000e+00 0.000000e+00 0.000000e+00 0.000000e+00 0.000000e+00 0.000000e+00 0.000000e+00
1.010000e+00 0.000000e+00 -5.982647e+03 -3.923817e+03 0.000000e+00 0.000000e+00 0.000000e+00 -4.485028e+02 -4.514848e+02 1.972215e+03 1.160524e+03 0.000000e+00 0.000000e+00 0.000000e+00 0.000000e+00 0.000000e+00 0.000000e+00 0.000000e+00 0.000000e+00 0.000000e+00
1.011000e+00 0.000000e+00 -5.971473e+03 -3.909686e+03 0.000000e+00 0.000000e+00 0.000000e+00 -4.475267e+02 -4.505153e+02 1.968675e+03 1.157056e+03 0.000000e+00 0.000000e+00 0.000000e+00 0.000000e+00 0.000000e+00 0.000000e+00 0.000000e+00 0.000000e+00 0.000000e+00
1.012000e+00 0.000000e+00 -5.960442e+03 -3.895855e+03 0.000000e+00 0.000000e+00 0.000000e+00 -4.465740e+02 -4.495680e+02 1.965159e+03 1.153645e+03 0.000000e+00 0.000000e+00 0.000000e+00 0.000000e+00 0.000000e+00 0.000000e+00 0.000000e+00 0.000000e+00 0.000000e+00
1.013000e+00 0.000000e+00 -5.949558e+03 -3.882327e+03 0.000000e+00 0.000000e+00 0.000000e+00 -4.456452e+02 -4.486437e+02 1.961669e+03 1.150294e+03 0.000000e+00 0.000000e+00 0.000000e+00 0.000000e+00 0.000000e+00 0.000000e+00 0.000000e+00 0.000000e+00 0.000000e+00
1.014000e+00 0.000000e+00 -5.938827e+03 -3.869107e+03 0.000000e+00 0.000000e+00 0.000000e+00 -4.447409e+02 -4.477427e+02 1.958206e+03 1.147002e+03 0.000000e+00 0.000000e+00 0.000000e+00 0.000000e+00 0.000000e+00 0.000000e+00 0.000000e+00 0.000000e+00 0.000000e+00
1.015000e+00 0.000000e+00 -5.928254e+03 -3.856198e+03 0.000000e+00 0.000000e+00 0.000000e+00 -4.438615e+02 -4.468655e+02 1.954771e+03 1.143773e+03 0.000000e+00 0.000000e+00 0.000000e+00 0.000000e+00 0.000000e+00 0.000000e+00 0.000000e+00 0.000000e+00 0.000000e+00
1.016000e+00 0.000000e+00 -5.917845e+03 -3.843603e+03 0.000000e+00 0.000000e+00 0.000000e+00 -4.430075e+02 -4.460126e+02 1.951367e+03 1.140608e+03 0.000000e+00 0.000000e+00 0.000000e+00 0.000000e+00 0.000000e+00 0.000000e+00 0.000000e+00 0.000000e+00 0.000000e+00
1.017000e+00 0.000000e+00 -5.907604e+03 -3.831328e+03 0.000000e+00 0.000000e+00 0.000000e+00 -4.421792e+02 -4.451845e+02 1.947994e+03 1.137508e+03 0.000000e+00 0.000000e+00 0.000000e+00 0.000000e+00 0.000000e+00 0.000000e+00 0.000000e+00 0.000000e+00 0.000000e+00
1.018000e+00 0.000000e+00 -5.897538e+03 -3.819375e+03 0.000000e+00 0.000000e+00 0.000000e+00 -4.413772e+02 -4.443816e+02 1.944654e+03 1.134474e+03 0.000000e+00 0.000000e+00 0.000000e+00 0.000000e+00 0.000000e+00 0.000000e+00 0.000000e+00 0.000000e+00 0.000000e+00
1.019000e+00 0.000000e+00 -5.887649e+03 -3.807747e+03 0.000000e+00 0.000000e+00 0.000000e+00 -4.406018e+02 -4.436042e+02 1.941348e+03 1.131509e+03 0.000000e+00 0.000000e+00 0.000000e+00 0.000000e+00 0.000000e+00 0.000000e+00 0.000000e+00 0.000000e+00 0.000000e+00
1.020000e+00 0.000000e+00 -5.877943e+03 -3.796448e+03 0.000000e+00 0.000000e+00 0.000000e+00 -4.398533e+02 -4.428528e+02 1.938078e+03 1.128613e+03 0.000000e+00 0.000000e+00 0.000000e+00 0.000000e+00 0.000000e+00 0.000000e+00 0.000000e+00 0.000000e+00 0.000000e+00
1.021000e+00 0.000000e+00 -5.868425e+03 -3.785481e+03 0.000000e+00 0.000000e+00 0.000000e+00 -4.391321e+02 -4.421277e+02 1.934844e+03 1.125788e+03 0.000000e+00 0.000000e+00 0.000000e+00 0.000000e+00 0.000000e+00 0.000000e+00 0.000000e+00 0.000000e+00 0.000000e+00
1.022000e+00 0.000000e+00 -5.859099e+03 -3.774848e+03 0.000000e+00 0.000000e+00 0.000000e+00 -4.384385e+02 -4.414292e+02 1.931649e+03 1.123035e+03 0.000000e+00 0.000000e+00 0.000000e+00 0.000000e+00 0.000000e+00 0.000000e+00 0.000000e+00 0.000000e+00 0.000000e+00
1.023000e+00 0.000000e+00 -5.849969e+03 -3.764553e+03 0.000000e+00 0.000000e+00 0.000000e+00 -4.377729e+02 -4.407576e+02 1.928492e+03 1.120355e+03 0.000000e+00 0.000000e+00 0.000000e+00 0.000000e+00 0.000000e+00 0.000000e+00 0.000000e+00 0.000000e+00 0.000000e+00
1.024000e+00 0.000000e+00 -5.841038e+03 -3.754597e+03 0.000000e+00 0.000000e+00 0.000000e+00 -4.371354e+02 -4.401133e+02 1.925375e+03 1.117749e+03 0.000000e+00 0.000000e+00 0.000000e+00 0.000000e+00 0.000000e+00 0.000000e+00 0.000000e+00 0.000000e+00 0.000000e+00
1.025000e+00 0.000000e+00 -5.832312e+03 -3.744983e+03 0.000000e+00 0.000000e+00 0.000000e+00 -4.365263e+02 -4.394964e+02 1.922300e+03 1.115219e+03 0.000000e+00 0.000000e+00 0.000000e+00 0.000000e+00 0.000000e+00 0.000000e+00 0.000000e+00 0.000000e+00 0.000000e+00
1.026000e+00 0.000000e+00 -5.823794e+03 -3.735714e+03 0.000000e+00 0.000000e+00 0.000000e+00 -4.359459e+02 -4.389073e+02 1.919267e+03 1.112764e+03 0.000000e+00 0.000000e+00 0.000000e+00 0.000000e+00 0.000000e+00 0.000000e+00 0.000000e+00 0.000000e+00 0.000000e+00
1.027000e+00 0.000000e+00 -5.815486e+03 -3.726791e+03 0.000000e+00 0.000000e+00 0.000000e+00 -4.353944e+02 -4.383462e+02 1.916277e+03 1.110387e+03 0.000000e+00 0.000000e+00 0.000000e+00 0.000000e+00 0.000000e+00 0.000000e+00 0.000000e+00 0.000000e+00 0.000000e+00
1.028000e+00 0.000000e+00 -5.807394e+03 -3.718217e+03 0.000000e+00 0.000000e+00 0.000000e+00 -4.348719e+02 -4.378132e+02 1.913332e+03 1.108087e+03 0.000000e+00 0.000000e+00 0.000000e+00 0.000000e+00 0.000000e+00 0.000000e+00 0.000000e+00 0.000000e+00 0.000000e+00
1.029000e+00 0.000000e+00 -5.799519e+03 -3.709993e+03 0.000000e+00 0.000000e+00 0.000000e+00 -4.343786e+02 -4.373085e+02 1.910432e+03 1.105866e+03 0.000000e+00 0.000000e+00 0.000000e+00 0.000000e+00 0.000000e+00 0.000000e+00 0.000000e+00 0.000000e+00 0.000000e+00
1.030000e+00 0.000000e+00 -5.791866e+03 -3.702121e+03 0.000000e+00 0.000000e+00 0.000000e+00 -4.339147e+02 -4.368323e+02 1.907577e+03 1.103725e+03 0.000000e+00 0.000000e+00 0.000000e+00 0.000000e+00 0.000000e+00 0.000000e+00 0.000000e+00 0.000000e+00 0.000000e+00
1.031000e+00 0.000000e+00 -5.784438e+03 -3.694603e+03 0.000000e+00 0.000000e+00 0.000000e+00 -4.334802e+02 -4.363847e+02 1.904770e+03 1.101663e+03 0.000000e+00 0.000000e+00 0.000000e+00 0.000000e+00 0.000000e+00 0.000000e+00 0.000000e+00 0.000000e+00 0.000000e+00
1.032000e+00 0.000000e+00 -5.777237e+03 -3.687440e+03 0.000000e+00 0.000000e+00 0.000000e+00 -4.330754e+02 -4.359659e+02 1.902010e+03 1.099682e+03 0.000000e+00 0.000000e+00 0.000000e+00 0.000000e+00 0.000000e+00 0.000000e+00 0.000000e+00 0.000000e+00 0.000000e+00
1.033000e+00 0.000000e+00 -5.770266e+03 -3.680634e+03 0.000000e+00 0.000000e+00 0.000000e+00 -4.327001e+02 -4.355759e+02 1.899299e+03 1.097782e+03 0.000000e+00 0.000000e+00 0.000000e+00 0.000000e+00 0.000000e+00 0.000000e+00 0.000000e+00 0.000000e+00 0.000000e+00
1.034000e+00 0.000000e+00 -5.763528e+03 -3.674185e+03 0.000000e+00 0.000000e+00 0.000000e+00 -4.323547e+02 -4.352148e+02 1.896637e+03 1.095963e+03 0.000000e+00 0.000000e+00 0.000000e+00 0.000000e+00 0.000000e+00 0.000000e+00 0.000000e+00 0.000000e+00 0.000000e+00
1.035000e+00 0.000000e+00 -5.757025e+03 -3.668095e+03 0.000000e+00 0.000000e+00 0.000000e+00 -4.320389e+02 -4.348827e+02 1.894025e+03 1.094227e+03 0.000000e+00 0.000000e+00 0.000000e+00 0.000000e+00 0.000000e+00 0.000000e+00 0.000000e+00 0.000000e+00 0.000000e+00
1.036000e+00 0.000000e+00 -5.750760e+03 -3.662365e+03 0.000000e+00 0.000000e+00 0.000000e+00 -4.317530e+02 -4.345797e+02 1.891463e+03 1.092573e+03 0.000000e+00 0.000000e+00 0.000000e+00 0.000000e+00 0.000000e+00 0.000000e+00 0.000000e+00 0.000000e+00 0.000000e+00
1.037000e+00 0.000000e+00 -5.744735e+03 -3.656996e+03 0.000000e+00 0.000000e+00 0.000000e+00 -4.314968e+02 -4.343056e+02 1.888953e+03 1.091001e+03 0.000000e+00 0.000000e+00 0.000000e+00 0.000000e+00 0.000000e+00 0.000000e+00 0.000000e+00 0.000000e+00 0.000000e+00
1.038000e+00 0.000000e+00 -5.738952e+03 -3.651987e+03 0.000000e+00 0.000000e+00 0.000000e+00 -4.312703e+02 -4.340605e+02 1.886494e+03 1.089512e+03 0.000000e+00 0.000000e+00 0.000000e+00 0.000000e+00 0.000000e+00 0.000000e+00 0.000000e+00 0.000000e+00 0.000000e+00
1.039000e+00 0.000000e+00 -5.733414e+03 -3.647340e+03 0.000000e+00 0.000000e+00 0.000000e+00 -4.310736e+02 -4.338445e+02 1.884087e+03 1.088105e+03 0.000000e+00 0.000000e+00 0.000000e+00 0.000000e+00 0.000000e+00 0.000000e+00 0.000000e+00 0.000000e+00 0.000000e+00
1.040000e+00 0.000000e+00 -5.728121e+03 -3.643055e+03 0.000000e+00 0.000000e+00 0.000000e+00 -4.309065e+02 -4.336573e+02 1.881733e+03 1.086782e+03 0.000000e+00 0.000000e+00 0.000000e+00 0.000000e+00 0.000000e+00 0.000000e+00 0.000000e+00 0.000000e+00 0.000000e+00
1.041000e+00 0.000000e+00 -5.723076e+03 -3.639133e+03 0.000000e+00 0.000000e+00 0.000000e+00 -4.307689e+02 -4.334990e+02 1.879432e+03 1.085542e+03 0.000000e+00 0.000000e+00 0.000000e+00 0.000000e+00 0.000000e+00 0.000000e+00 0.000000e+00 0.000000e+00 0.000000e+00
1.042000e+00 0.000000e+00 -5.718280e+03 -3.635572e+03 0.000000e+00 0.000000e+00 0.000000e+00 -4.306607e+02 -4.333694e+02 1.877185e+03 1.084385e+03 0.000000e+00 0.000000e+00 0.000000e+00 0.000000e+00 0.000000e+00 0.000000e+00 0.000000e+00 0.000000e+00 0.000000e+00
1.043000e+00 0.000000e+00 -5.713735e+03 -3.632374e+03 0.000000e+00 0.000000e+00 0.000000e+00 -4.305818e+02 -4.332685e+02 1.874991e+03 1.083310e+03 0.000000e+00 0.000000e+00 0.000000e+00 0.000000e+00 0.000000e+00 0.000000e+00 0.000000e+00 0.000000e+00 0.000000e+00
1.044000e+00 0.000000e+00 -5.709442e+03 -3.629538e+03 0.000000e+00 0.000000e+00 0.000000e+00 -4.305321e+02 -4.331961e+02 1.872852e+03 1.082318e+03 0.000000e+00 0.000000e+00 0.000000e+00 0.000000e+00 0.000000e+00 0.000000e+00 0.000000e+00 0.000000e+00 0.000000e+00
1.045000e+00 0.000000e+00 -5.705403e+03 -3.627064e+03 0.000000e+00 0.000000e+00 0.000000e+00 -4.305113e+02 -4.331520e+02 1.870767e+03 1.081409e+03 0.000000e+00 0.000000e+00 0.000000e+00 0.000000e+00 0.000000e+00 0.000000e+00 0.000000e+00 0.000000e+00 0.000000e+00
1.046000e+00 0.000000e+00 -5.701618e+03 -3.624952e+03 0.000000e+00 0.000000e+00 0.000000e+00 -4.305193e+02 -4.331362e+02 1.868737e+03 1.080582e+03 0.000000e+00 0.000000e+00 0.000000e+00 0.000000e+00 0.000000e+00 0.000000e+00 0.000000e+00 0.000000e+00 0.000000e+00
1.047000e+00 0.000000e+00 -5.698088e+03 -3.623200e+03 0.000000e+00 0.000000e+00 0.000000e+00 -4.305558e+02 -4.331483e+02 1.866762e+03 1.079837e+03 0.000000e+00 0.000000e+00 0.000000e+00 0.000000e+00 0.000000e+00 0.000000e+00 0.000000e+00 0.000000e+00 0.000000e+00
1.048000e+00 0.000000e+00 -5.694815e+03 -3.621808e+03 0.000000e+00 0.000000e+00 0.000000e+00 -4.306207e+02 -4.331881e+02 1.864843e+03 1.079173e+03 0.000000e+00 0.000000e+00 0.000000e+00 0.000000e+00 0.000000e+00 0.000000e+00 0.000000e+00 0.000000e+00 0.000000e+00
1.049000e+00 0.000000e+00 -5.691798e+03 -3.620776e+03 0.000000e+00 0.000000e+00 0.000000e+00 -4.307137e+02 -4.332556e+02 1.862979e+03 1.078590e+03 0.000000e+00 0.000000e+00 0.000000e+00 0.000000e+00 0.000000e+00 0.000000e+00 0.000000e+00 0.000000e+00 0.000000e+00
1.050000e+00 0.000000e+00 -5.689040e+03 -3.620103e+03 0.000000e+00 0.000000e+00 0.000000e+00 -4.308344e+02 -4.333503e+02 1.861170e+03 1.078088e+03 0.000000e+00 0.000000e+00 0.000000e+00 0.000000e+00 0.000000e+00 0.000000e+00 0.000000e+00 0.000000e+00 0.000000e+00
1.051000e+00 0.000000e+00 -5.686539e+03 -3.619788e+03 0.000000e+00 0.000000e+00 0.000000e+00 -4.309828e+02 -4.334721e+02 1.859417e+03 1.077666e+03 0.000000e+00 0.000000e+00 0.000000e+00 0.000000e+00 0.000000e+00 0.000000e+00 0.000000e+00 0.000000e+00 0.000000e+00
1.052000e+00 0.000000e+00 -5.684298e+03 -3.619829e+03 0.000000e+00 0.000000e+00 0.000000e+00 -4.311584e+02 -4.336206e+02 1.857720e+03 1.077324e+03 0.000000e+00 0.000000e+00 0.000000e+00 0.000000e+00 0.000000e+00 0.000000e+00 0.000000e+00 0.000000e+00 0.000000e+00
1.053000e+00 0.000000e+00 -5.682315e+03 -3.620226e+03 0.000000e+00 0.000000e+00 0.000000e+00 -4.313609e+02 -4.337957e+02 1.856078e+03 1.077061e+03 0.000000e+00 0.000000e+00 0.000000e+00 0.000000e+00 0.000000e+00 0.000000e+00 0.000000e+00 0.000000e+00 0.000000e+00
1.054000e+00 0.000000e+00 -5.680591e+03 -3.620977e+03 0.000000e+00 0.000000e+00 0.000000e+00 -4.315901e+02 -4.339969e+02 1.854492e+03 1.076876e+03 0.000000e+00 0.000000e+00 0.000000e+00 0.000000e+00 0.000000e+00 0.000000e+00 0.000000e+00 0.000000e+00 0.000000e+00
1.055000e+00 0.000000e+00 -5.679127e+03 -3.622082e+03 0.000000e+00 0.000000e+00 0.000000e+00 -4.318456e+02 -4.342241e+02 1.852962e+03 1.076768e+03 0.000000e+00 0.000000e+00 0.000000e+00 0.000000e+00 0.000000e+00 0.000000e+00 0.000000e+00 0.000000e+00 0.000000e+00
1.056000e+00 0.000000e+00 -5.677923e+03 -3.623538e+03 0.000000e+00 0.000000e+00 0.000000e+00 -4.321270e+02 -4.344767e+02 1.851488e+03 1.076737e+03 0.000000e+00 0.000000e+00 0.000000e+00 0.000000e+00 0.000000e+00 0.000000e+00 0.000000e+00 0.000000e+00 0.000000e+00
1.057000e+00 0.000000e+00 -5.676977e+03 -3.625344e+03 0.000000e+00 0.000000e+00 0.000000e+00 -4.324340e+02 -4.347546e+02 1.850069e+03 1.076783e+03 0.000000e+00 0.000000e+00 0.000000e+00 0.000000e+00 0.000000e+00 0.000000e+00 0.000000e+00 0.000000e+00 0.000000e+00
1.058000e+00 0.000000e+00 -5.676291e+03 -3.627498e+03 0.000000e+00 0.000000e+00 0.000000e+00 -4.327662e+02 -4.350572e+02 1.848705e+03 1.076903e+03 0.000000e+00 0.000000e+00 0.000000e+00 0.000000e+00 0.000000e+00 0.000000e+00 0.000000e+00 0.000000e+00 0.000000e+00
1.059000e+00 0.000000e+00 -5.675864e+03 -3.629999e+03 0.000000e+00 0.000000e+00 0.000000e+00 -4.331232e+02 -4.353843e+02 1.847398e+03 1.077098e+03 0.000000e+00 0.000000e+00 0.000000e+00 0.000000e+00 0.000000e+00 0.000000e+00 0.000000e+00 0.000000e+00 0.000000e+00
1.060000e+00 0.000000e+00 -5.675695e+03 -3.632845e+03 0.000000e+00 0.000000e+00 0.000000e+00 -4.335046e+02 -4.357355e+02 1.846145e+03 1.077366e+03 0.000000e+00 0.000000e+00 0.000000e+00 0.000000e+00 0.000000e+00 0.000000e+00 0.000000e+00 0.000000e+00 0.000000e+00
1.061000e+00 0.000000e+00 -5.675785e+03 -3.636034e+03 0.000000e+00 0.000000e+00 0.000000e+00 -4.339099e+02 -4.361103e+02 1.844947e+03 1.077707e+03 0.000000e+00 0.000000e+00 0.000000e+00 0.000000e+00 0.000000e+00 0.000000e+00 0.000000e+00 0.000000e+00 0.000000e+00
1.062000e+00 0.000000e+00 -5.676132e+03 -3.639564e+03 0.000000e+00 0.000000e+00 0.000000e+00 -4.343386e+02 -4.365082e+02 1.843804e+03 1.078119e+03 0.000000e+00 0.000000e+00 0.000000e+00 0.000000e+00 0.000000e+00 0.000000e+00 0.000000e+00 0.000000e+00 0.000000e+00
1.063000e+00 0.000000e+00 -5.676736e+03 -3.643432e+03 0.000000e+00 0.000000e+00 0.000000e+00 -4.347905e+02 -4.369290e+02 1.842716e+03 1.078602e+03 0.000000e+00 0.000000e+00 0.000000e+00 0.000000e+00 0.000000e+00 0.000000e+00 0.000000e+00 0.000000e+00 0.000000e+00
1.064000e+00 0.000000e+00 -5.677596e+03 -3.647637e+03 0.000000e+00 0.000000e+00 0.000000e+00 -4.352649e+02 -4.373721e+02 1.841681e+03 1.079153e+03 0.000000e+00 0.000000e+00 0.000000e+00 0.000000e+00 0.000000e+00 0.000000e+00 0.000000e+00 0.000000e+00 0.000000e+00
1.065000e+00 0.000000e+00 -5.678711e+03 -3.652176e+03 0.000000e+00 0.000000e+00 0.000000e+00 -4.357614e+02 -4.378370e+02 1.840701e+03 1.079773e+03 0.000000e+00 0.000000e+00 0.000000e+00 0.000000e+00 0.000000e+00 0.000000e+00 0.000000e+00 0.000000e+00 0.000000e+00
1.066000e+00 0.000000e+00 -5.680082e+03 -3.657046e+03 0.000000e+00 0.000000e+00 0.000000e+00 -4.362795e+02 -4.383233e+02 1.839775e+03 1.080460e+03 0.000000e+00 0.000000e+00 0.000000e+00 0.000000e+00 0.000000e+00 0.000000e+00 0.000000e+00 0.000000e+00 0.000000e+00
1.067000e+00 0.000000e+00 -5.681705e+03 -3.662247e+03 0.000000e+00 0.000000e+00 0.000000e+00 -4.368187e+02 -4.388305e+02 1.838902e+03 1.081213e+03 0.000000e+00 0.000000e+00 0.000000e+00 0.000000e+00 0.000000e+00 0.000000e+00 0.000000e+00 0.000000e+00 0.000000e+00
1.068000e+00 0.000000e+00 -5.683582e+03 -3.667774e+03 0.000000e+00 0.000000e+00 0.000000e+00 -4.373784e+02 -4.393582e+02 1.838082e+03 1.082030e+03 0.000000e+00 0.000000e+00 0.000000e+00 0.000000e+00 0.000000e+00 0.000000e+00 0.000000e+00 0.000000e+00 0.000000e+00
1.069000e+00 0.000000e+00 -5.685709e+03 -3.673625e+03 0.000000e+00 0.000000e+00 0.000000e+00 -4.379583e+02 -4.399057e+02 1.837314e+03 1.082911e+03 0.000000e+00 0.000000e+00 0.000000e+00 0.000000e+00 0.000000e+00 0.000000e+00 0.000000e+00 0.000000e+00 0.000000e+00
1.070000e+00 0.000000e+00 -5.688087e+03 -3.679798e+03 0.000000e+00 0.000000e+00 0.000000e+00 -4.385576e+02 -4.404726e+02 1.836599e+03 1.083854e+03 0.000000e+00 0.000000e+00 0.000000e+00 0.000000e+00 0.000000e+00 0.000000e+00 0.000000e+00 0.000000e+00 0.000000e+00
1.071000e+00 0.000000e+00 -5.690714e+03 -3.686290e+03 0.000000e+00 0.000000e+00 0.000000e+00 -4.391759e+02 -4.410584e+02 1.835935e+03 1.084858e+03 0.000000e+00 0.000000e+00 0.000000e+00 0.000000e+00 0.000000e+00 0.000000e+00 0.000000e+00 0.000000e+00 0.000000e+00
1.072000e+00 0.000000e+00 -5.693589e+03 -3.693098e+03 0.000000e+00 0.000000e+00 0.000000e+00 -4.398127e+02 -4.416625e+02 1.835323e+03 1.085921e+03 0.000000e+00 0.000000e+00 0.000000e+00 0.000000e+00 0.000000e+00 0.000000e+00 0.000000e+00 0.000000e+00 0.000000e+00
1.073000e+00 0.000000e+00 -5.696710e+03 -3.700220e+03 0.000000e+00 0.000000e+00 0.000000e+00 -4.404673e+02 -4.422844e+02 1.834762e+03 1.087043e+03 0.000000e+00 0.000000e+00 0.000000e+00 0.000000e+00 0.000000e+00 0.000000e+00 0.000000e+00 0.000000e+00 0.000000e+00
1.074000e+00 0.000000e+00 -5.700076e+03 -3.707652e+03 0.000000e+00 0.000000e+00 0.000000e+00 -4.411393e+02 -4.429236e+02 1.834251e+03 1.088221e+03 0.000000e+00 0.000000e+00 0.000000e+00 0.000000e+00 0.000000e+00 0.000000e+00 0.000000e+00 0.000000e+00 0.000000e+00
1.075000e+00 0.000000e+00 -5.703685e+03 -3.715392e+03 0.000000e+00 0.000000e+00 0.000000e+00 -4.418280e+02 -4.435796e+02 1.833791e+03 1.089455e+03 0.000000e+00 0.000000e+00 0.000000e+00 0.000000e+00 0.000000e+00 0.000000e+00 0.000000e+00 0.000000e+00 0.000000e+00
1.076000e+00 0.000000e+00 -5.707537e+03 -3.723436e+03 0.000000e+00 0.000000e+00 0.000000e+00 -4.425329e+02 -4.442516e+02 1.833379e+03 1.090743e+03 0.000000e+00 0.000000e+00 0.000000e+00 0.000000e+00 0.000000e+00 0.000000e+00 0.000000e+00 0.000000e+00 0.000000e+00
1.077000e+00 0.000000e+00 -5.711628e+03 -3.731782e+03 0.000000e+00 0.000000e+00 0.000000e+00 -4.432534e+02 -4.449393e+02 1.833017e+03 1.092083e+03 0.000000e+00 0.000000e+00 0.000000e+00 0.000000e+00 0.000000e+00 0.000000e+00 0.000000e+00 0.000000e+00 0.000000e+00
1.078000e+00 0.000000e+00 -5.715958e+03 -3.740426e+03 0.000000e+00 0.000000e+00 0.000000e+00 -4.439888e+02 -4.456419e+02 1.832703e+03 1.093475e+03 0.000000e+00 0.000000e+00 0.000000e+00 0.000000e+00 0.000000e+00 0.000000e+00 0.000000e+00 0.000000e+00 0.000000e+00
1.079000e+00 0.000000e+00 -5.720525e+03 -3.749365e+03 0.000000e+00 0.000000e+00 0.000000e+00 -4.447387e+02 -4.463590e+02 1.832437e+03 1.094916e+03 0.000000e+00 0.000000e+00 0.000000e+00 0.000000e+00 0.000000e+00 0.000000e+00 0.000000e+00 0.000000e+00 0.000000e+00
1.080000e+00 0.000000e+00 -5.725327e+03 -3.758597e+03 0.000000e+00 0.000000e+00 0.000000e+00 -4.455023e+02 -4.470899e+02 1.832218e+03 1.096405e+03 0.000000e+00 0.000000e+00 0.000000e+00 0.000000e+00 0.000000e+00 0.000000e+00 0.000000e+00 0.000000e+00 0.000000e+00
1.081000e+00 0.000000e+00 -5.730362e+03 -3.768117e+03 0.000000e+00 0.000000e+00 0.000000e+00 -4.462790e+02 -4.478341e+02 1.832046e+03 1.097941e+03 0.000000e+00 0.000000e+00 0.000000e+00 0.000000e+00 0.000000e+00 0.000000e+00 0.000000e+00 0.000000e+00 0.000000e+00
1.082000e+00 0.000000e+00 -5.735628e+03 -3.777923e+03 0.000000e+00 0.000000e+00 0.000000e+00 -4.470684e+02 -4.485909e+02 1.831920e+03 1.099522e+03 0.000000e+00 0.000000e+00 0.000000e+00 0.000000e+00 0.000000e+00 0.000000e+00 0.000000e+00 0.000000e+00 0.000000e+00
1.083000e+00 0.000000e+00 -5.741123e+03 -3.788011e+03 0.000000e+00 0.000000e+00 0.000000e+00 -4.478696e+02 -4.493597e+02 1.831839e+03 1.101147e+03 0.000000e+00 0.000000e+00 0.000000e+00 0.000000e+00 0.000000e+00 0.000000e+00 0.000000e+00 0.000000e+00 0.000000e+00
1.084000e+00 0.000000e+00 -5.746846e+03 -3.798378e+03 0.000000e+00 0.000000e+00 0.000000e+00 -4.486821e+02 -4.501400e+02 1.831804e+03 1.102813e+03 0.000000e+00 0.000000e+00 0.000000e+00 0.000000e+00 0.000000e+00 0.000000e+00 0.000000e+00 0.000000e+00 0.000000e+00
1.085000e+00 0.000000e+00 -5.752794e+03 -3.809019e+03 0.000000e+00 0.000000e+00 0.000000e+00 -4.495053e+02 -4.509310e+02 1.831812e+03 1.104521e+03 0.000000e+00 0.000000e+00 0.000000e+00 0.000000e+00 0.000000e+00 0.000000e+00 0.000000e+00 0.000000e+00 0.000000e+00
1.086000e+00 0.000000e+00 -5.758965e+03 -3.819933e+03 0.000000e+00 0.000000e+00 0.000000e+00 -4.503385e+02 -4.517323e+02 1.831864e+03 1.106267e+03 0.000000e+00 0.000000e+00 0.000000e+00 0.000000e+00 0.000000e+00 0.000000e+00 0.000000e+00 0.000000e+00 0.000000e+00
1.087000e+00 0.000000e+00 -5.765357e+03 -3.831115e+03 0.000000e+00 0.000000e+00 0.000000e+00 -4.511811e+02 -4.525431e+02 1.831960e+03 1.108050e+03 0.000000e+00 0.000000e+00 0.000000e+00 0.000000e+00 0.000000e+00 0.000000e+00 0.000000e+00 0.000000e+00 0.000000e+00
1.088000e+00 0.000000e+00 -5.771967e+03 -3.842561e+03 0.000000e+00 0.000000e+00 0.000000e+00 -4.520324e+02 -4.533629e+02 1.832097e+03 1.109869e+03 0.000000e+00 0.000000e+00 0.000000e+00 0.000000e+00 0.000000e+00 0.000000e+00 0.000000e+00 0.000000e+00 0.000000e+00
1.089000e+00 0.000000e+00 -5.778794e+03 -3.854269e+03 0.000000e+00 0.000000e+00 0.000000e+00 -4.528918e+02 -4.541910e+02 1.832276e+03 1.111722e+03 0.000000e+00 0.000000e+00 0.000000e+00 0.000000e+00 0.000000e+00 0.000000e+00 0.000000e+00 0.000000e+00 0.000000e+00
1.090000e+00 0.000000e+00 -5.785835e+03 -3.866234e+03 0.000000e+00 0.000000e+00 0.000000e+00 -4.537586e+02 -4.550268e+02 1.832496e+03 1.113607e+03 0.000000e+00 0.000000e+00 0.000000e+00 0.000000e+00 0.000000e+00 0.000000e+00 0.000000e+00 0.000000e+00 0.000000e+00
1.091000e+00 0.000000e+00 -5.793088e+03 -3.878453e+03 0.000000e+00 0.000000e+00 0.000000e+00 -4.546323e+02 -4.558697e+02 1.832756e+03 1.115524e+03 0.000000e+00 0.000000e+00 0.000000e+00 0.000000e+00 0.000000e+00 0.000000e+00 0.000000e+00 0.000000e+00 0.000000e+00
1.092000e+00 0.000000e+00 -5.800551e+03 -3.890923e+03 0.000000e+00 0.000000e+00 0.000000e+00 -4.555121e+02 -4.567190e+02 1.833056e+03 1.117469e+03 0.000000e+00 0.000000e+00 0.000000e+00 0.000000e+00 0.000000e+00 0.000000e+00 0.000000e+00 0.000000e+00 0.000000e+00
1.093000e+00 0.000000e+00 -5.808220e+03 -3.903639e+03 0.000000e+00 0.000000e+00 0.000000e+00 -4.563975e+02 -4.575742e+02 1.833395e+03 1.119442e+03 0.000000e+00 0.000000e+00 0.000000e+00 0.000000e+00 0.000000e+00 0.000000e+00 0.000000e+00 0.000000e+00 0.000000e+00
1.094000e+00 0.000000e+00 -5.816094e+03 -3.916598e+03 0.000000e+00 0.000000e+00 0.000000e+00 -4.572877e+02 -4.584346e+02 1.833772e+03 1.121442e+03 0.000000e+00 0.000000e+00 0.000000e+00 0.000000e+00 0.000000e+00 0.000000e+00 0.000000e+00 0.000000e+00 0.000000e+00
1.095000e+00 0.000000e+00 -5.824171e+03 -3.929797e+03 0.000000e+00 0.000000e+00 0.000000e+00 -4.581822e+02 -4.592995e+02 1.834186e+03 1.123465e+03 0.000000e+00 0.000000e+00 0.000000e+00 0.000000e+00 0.000000e+00 0.000000e+00 0.000000e+00 0.000000e+00 0.000000e+00
1.096000e+00 0.000000e+00 -5.832447e+03 -3.943231e+03 0.000000e+00 0.000000e+00 0.000000e+00 -4.590802e+02 -4.601683e+02 1.834637e+03 1.125511e+03 0.000000e+00 0.000000e+00 0.000000e+00 0.000000e+00 0.000000e+00 0.000000e+00 0.000000e+00 0.000000e+00 0.000000e+00
1.097000e+00 0.000000e+00 -5.840921e+03 -3.956897e+03 0.000000e+00 0.000000e+00 0.000000e+00 -4.599811e+02 -4.610404e+02 1.835124e+03 1.127579e+03 0.000000e+00 0.000000e+00 0.000000e+00 0.000000e+00 0.000000e+00 0.000000e+00 0.000000e+00 0.000000e+00 0.000000e+00
1.098000e+00 0.000000e+00 -5.849589e+03 -3.970791e+03 0.000000e+00 0.000000e+00 0.000000e+00 -4.608844e+02 -4.619153e+02 1.835646e+03 1.129666e+03 0.000000e+00 0.000000e+00 0.000000e+00 0.000000e+00 0.000000e+00 0.000000e+00 0.000000e+00 0.000000e+00 0.000000e+00
1.099000e+00 0.000000e+00 -5.858449e+03 -3.984909e+03 0.000000e+00 0.000000e+00 0.000000e+00 -4.617892e+02 -4.627921e+02 1.836203e+03 1.131770e+03 0.000000e+00 0.000000e+00 0.000000e+00 0.000000e+00 0.000000e+00 0.000000e+00 0.000000e+00 0.000000e+00 0.000000e+00
1.100000e+00 0.000000e+00 -5.867498e+03 -3.999248e+03 0.000000e+00 0.000000e+00 0.000000e+00 -4.626951e+02 -4.636704e+02 1.836793e+03 1.133891e+03 0.000000e+00 0.000000e+00 0.000000e+00 0.000000e+00 0.000000e+00 0.000000e+00 0.000000e+00 0.000000e+00 0.000000e+00
1.101000e+00 0.000000e+00 -5.876735e+03 -4.013803e+03 0.000000e+00 0.000000e+00 0.000000e+00 -4.636013e+02 -4.645494e+02 1.837417e+03 1.136026e+03 0.000000e+00 0.000000e+00 0.000000e+00 0.000000e+00 0.000000e+00 0.000000e+00 0.000000e+00 0.000000e+00 0.000000e+00
1.102000e+00 0.000000e+00 -5.886155e+03 -4.028571e+03 0.000000e+00 0.000000e+00 0.000000e+00 -4.645071e+02 -4.654286e+02 1.838073e+03 1.138175e+03 0.000000e+00 0.000000e+00 0.000000e+00 0.000000e+00 0.000000e+00 0.000000e+00 0.000000e+00 0.000000e+00 0.000000e+00
1.103000e+00 0.000000e+00 -5.895756e+03 -4.043549e+03 0.000000e+00 0.000000e+00 0.000000e+00 -4.654121e+02 -4.663073e+02 1.838760e+03 1.140334e+03 0.000000e+00 0.000000e+00 0.000000e+00 0.000000e+00 0.000000e+00 0.000000e+00 0.000000e+00 0.000000e+00 0.000000e+00
1.104000e+00 0.000000e+00 -5.905537e+03 -4.058731e+03 0.000000e+00 0.000000e+00 0.000000e+00 -4.663155e+02 -4.671850e+02 1.839478e+03 1.142504e+03 0.000000e+00 0.000000e+00 0.000000e+00 0.000000e+00 0.000000e+00 0.000000e+00 0.000000e+00 0.000000e+00 0.000000e+00
1.105000e+00 0.000000e+00 -5.915492e+03 -4.074115e+03 0.000000e+00 0.000000e+00 0.000000e+00 -4.672167e+02 -4.680609e+02 1.840226e+03 1.144681e+03 0.000000e+00 0.000000e+00 0.000000e+00 0.000000e+00 0.000000e+00 0.000000e+00 0.000000e+00 0.000000e+00 0.000000e+00
1.106000e+00 0.000000e+00 -5.925621e+03 -4.089696e+03 0.000000e+00 0.000000e+00 0.000000e+00 -4.681150e+02 -4.689346e+02 1.841003e+03 1.146865e+03 0.000000e+00 0.000000e+00 0.000000e+00 0.000000e+00 0.000000e+00 0.000000e+00 0.000000e+00 0.000000e+00 0.000000e+00
1.107000e+00 0.000000e+00 -5.935920e+03 -4.105471e+03 0.000000e+00 0.000000e+00 0.000000e+00 -4.690099e+02 -4.698052e+02 1.841809e+03 1.149054e+03 0.000000e+00 0.000000e+00 0.000000e+00 0.000000e+00 0.000000e+00 0.000000e+00 0.000000e+00 0.000000e+00 0.000000e+00
1.108000e+00 0.000000e+00 -5.946387e+03 -4.121436e+03 0.000000e+00 0.000000e+00 0.000000e+00 -4.699006e+02 -4.706724e+02 1.842642e+03 1.151246e+03 0.000000e+00 0.000000e+00 0.000000e+00 0.000000e+00 0.000000e+00 0.000000e+00 0.000000e+00 0.000000e+00 0.000000e+00
1.109000e+00 0.000000e+00 -5.957018e+03 -4.137586e+03 0.000000e+00 0.000000e+00 0.000000e+00 -4.707867e+02 -4.715354e+02 1.843502e+03 1.153439e+03 0.000000e+00 0.000000e+00 0.000000e+00 0.000000e+00 0.000000e+00 0.000000e+00 0.000000e+00 0.000000e+00 0.000000e+00
1.110000e+00 0.000000e+00 -5.967810e+03 -4.153919e+03 0.000000e+00 0.000000e+00 0.000000e+00 -4.716675e+02 -4.723937e+02 1.844389e+03 1.155633e+03 0.000000e+00 0.000000e+00 0.000000e+00 0.000000e+00 0.000000e+00 0.000000e+00 0.000000e+00 0.000000e+00 0.000000e+00
1.111000e+00 0.000000e+00 -5.978761e+03 -4.170430e+03 0.000000e+00 0.000000e+00 0.000000e+00 -4.725423e+02 -4.732466e+02 1.845300e+03 1.157826e+03 0.000000e+00 0.000000e+00 0.000000e+00 0.000000e+00 0.000000e+00 0.000000e+00 0.000000e+00 0.000000e+00 0.000000e+00
1.112000e+00 0.000000e+00 -5.989868e+03 -4.187115e+03 0.000000e+00 0.000000e+00 0.000000e+00 -4.734107e+02 -4.740936e+02 1.846237e+03 1.160015e+03 0.000000e+00 0.000000e+00 0.000000e+00 0.000000e+00 0.000000e+00 0.000000e+00 0.000000e+00 0.000000e+00 0.000000e+00
1.113000e+00 0.000000e+00 -6.001128e+03 -4.203970e+03 0.000000e+00 0.000000e+00 0.000000e+00 -4.742719e+02 -4.749341e+02 1.847197e+03 1.162200e+03 0.000000e+00 0.000000e+00 0.000000e+00 0.000000e+00 0.000000e+00 0.000000e+00 0.000000e+00 0.000000e+00 0.000000e+00
1.114000e+00 0.000000e+00 -6.012538e+03 -4.220993e+03 0.000000e+00 0.000000e+00 0.000000e+00 -4.751254e+02 -4.757676e+02 1.848180e+03 1.164379e+03 0.000000e+00 0.000000e+00 0.000000e+00 0.000000e+00 0.000000e+00 0.000000e+00 0.000000e+00 0.000000e+00 0.000000e+00
1.115000e+00 0.000000e+00 -6.024094e+03 -4.238178e+03 0.000000e+00 0.000000e+00 0.000000e+00 -4.759706e+02 -4.765933e+02 1.849186e+03 1.166551e+03 0.000000e+00 0.000000e+00 0.000000e+00 0.000000e+00 0.000000e+00 0.000000e+00 0.000000e+00 0.000000e+00 0.000000e+00
1.116000e+00 0.000000e+00 -6.035794e+03 -4.255522e+03 0.000000e+00 0.000000e+00 0.000000e+00 -4.768069e+02 -4.774109e+02 1.850213e+03 1.168713e+03 0.000000e+00 0.000000e+00 0.000000e+00 0.000000e+00 0.000000e+00 0.000000e+00 0.000000e+00 0.000000e+00 0.000000e+00
1.117000e+00 0.000000e+00 -6.047635e+03 -4.273021e+03 0.000000e+00 0.000000e+00 0.000000e+00 -4.776337e+02 -4.782196e+02 1.851261e+03 1.170865e+03 0.000000e+00 0.000000e+00 0.000000e+00 0.000000e+00 0.000000e+00 0.000000e+00 0.000000e+00 0.000000e+00 0.000000e+00
1.118000e+00 0.000000e+00 -6.059614e+03 -4.290671e+03 0.000000e+00 0.000000e+00 0.000000e+00 -4.784506e+02 -4.790190e+02 1.852328e+03 1.173006e+03 0.000000e+00 0.000000e+00 0.000000e+00 0.000000e+00 0.000000e+00 0.000000e+00 0.000000e+00 0.000000e+00 0.000000e+00
1.119000e+00 0.000000e+00 -6.071728e+03 -4.308469e+03 0.000000e+00 0.000000e+00 0.000000e+00 -4.792569e+02 -4.798085e+02 1.853415e+03 1.175132e+03 0.000000e+00 0.000000e+00 0.000000e+00 0.000000e+00 0.000000e+00 0.000000e+00 0.000000e+00 0.000000e+00 0.000000e+00
1.120000e+00 0.000000e+00 -6.083973e+03 -4.326410e+03 0.000000e+00 0.000000e+00 0.000000e+00 -4.800520e+02 -4.805876e+02 1.854521e+03 1.177244e+03 0.000000e+00 0.000000e+00 0.000000e+00 0.000000e+00 0.000000e+00 0.000000e+00 0.000000e+00 0.000000e+00 0.000000e+00
1.121000e+00 0.000000e+00 -6.096347e+03 -4.344491e+03 0.000000e+00 0.000000e+00 0.000000e+00 -4.808355e+02 -4.813557e+02 1.855644e+03 1.179340e+03 0.000000e+00 0.000000e+00 0.000000e+00 0.000000e+00 0.000000e+00 0.000000e+00 0.000000e+00 0.000000e+00 0.000000e+00
1.122000e+00 0.000000e+00 -6.108847e+03 -4.362708e+03 0.000000e+00 0.000000e+00 0.000000e+00 -4.816067e+02 -4.821123e+02 1.856784e+03 1.181418e+03 0.000000e+00 0.000000e+00 0.000000e+00 0.000000e+00 0.000000e+00 0.000000e+00 0.000000e+00 0.000000e+00 0.000000e+00
1.123000e+00 0.000000e+00 -6.121469e+03 -4.381057e+03 0.000000e+00 0.000000e+00 0.000000e+00 -4.823652e+02 -4.828569e+02 1.857941e+03 1.183476e+03 0.000000e+00 0.000000e+00 0.000000e+00 0.000000e+00 0.000000e+00 0.000000e+00 0.000000e+00 0.000000e+00 0.000000e+00
1.124000e+00 0.000000e+00 -6.134210e+03 -4.399534e+03 0.000000e+00 0.000000e+00 0.000000e+00 -4.831105e+02 -4.835889e+02 1.859112e+03 1.185515e+03 0.000000e+00 0.000000e+00 0.000000e+00 0.000000e+00 0.000000e+00 0.000000e+00 0.000000e+00 0.000000e+00 0.000000e+00
1.125000e+00 0.000000e+00 -6.147068e+03 -4.418135e+03 0.000000e+00 0.000000e+00 0.000000e+00 -4.838420e+02 -4.843079e+02 1.860299e+03 1.187532e+03 0.000000e+00 0.000000e+00 0.000000e+00 0.000000e+00 0.000000e+00 0.000000e+00 0.000000e+00 0.000000e+00 0.000000e+00
1.126000e+00 0.000000e+00 -6.160038e+03 -4.436857e+03 0.000000e+00 0.000000e+00 0.000000e+00 -4.845592e+02 -4.850134e+02 1.861499e+03 1.189525e+03 0.000000e+00 0.000000e+00 0.000000e+00 0.000000e+00 0.000000e+00 0.000000e+00 0.000000e+00 0.000000e+00 0.000000e+00
1.127000e+00 0.000000e+00 -6.173119e+03 -4.455696e+03 0.000000e+00 0.000000e+00 0.000000e+00 -4.852616e+02 -4.857049e+02 1.862713e+03 1.191495e+03 0.000000e+00 0.000000e+00 0.000000e+00 0.000000e+00 0.000000e+00 0.000000e+00 0.000000e+00 0.000000e+00 0.000000e+00
1.128000e+00 0.000000e+00 -6.186306e+03 -4.474648e+03 0.000000e+00 0.000000e+00 0.000000e+00 -4.859488e+02 -4.863818e+02 1.863939e+03 1.193438e+03 0.000000e+00 0.000000e+00 0.000000e+00 0.000000e+00 0.000000e+00 0.000000e+00 0.000000e+00 0.000000e+00 0.000000e+00
1.129000e+00 0.000000e+00 -6.199596e+03 -4.493708e+03 0.000000e+00 0.000000e+00 0.000000e+00 -4.866202e+02 -4.870438e+02 1.865177e+03 1.195355e+03 0.000000e+00 0.000000e+00 0.000000e+00 0.000000e+00 0.000000e+00 0.000000e+00 0.000000e+00 0.000000e+00 0.000000e+00
1.130000e+00 0.000000e+00 -6.212988e+03 -4.512875e+03 0.000000e+00 0.000000e+00 0.000000e+00 -4.872755e+02 -4.876903e+02 1.866426e+03 1.197243e+03 0.000000e+00 0.000000e+00 0.000000e+00 0.000000e+00 0.000000e+00 0.000000e+00 0.000000e+00 0.000000e+00 0.000000e+00
1.131000e+00 0.000000e+00 -6.226476e+03 -4.532142e+03 0.000000e+00 0.000000e+00 0.000000e+00 -4.879140e+02 -4.883210e+02 1.867685e+03 1.199102e+03 0.000000e+00 0.000000e+00 0.000000e+00 0.000000e+00 0.000000e+00 0.000000e+00 0.000000e+00 0.000000e+00 0.000000e+00
1.132000e+00 0.000000e+00 -6.240058e+03 -4.551508e+03 0.000000e+00 0.000000e+00 0.000000e+00 -4.885354e+02 -4.889353e+02 1.868953e+03 1.200931e+03 0.000000e+00 0.000000e+00 0.000000e+00 0.000000e+00 0.000000e+00 0.000000e+00 0.000000e+00 0.000000e+00 0.000000e+00
1.133000e+00 0.000000e+00 -6.253732e+03 -4.570968e+03 0.000000e+00 0.000000e+00 0.000000e+00 -4.891393e+02 -4.895328e+02 1.870230e+03 1.202727e+03 0.000000e+00 0.000000e+00 0.000000e+00 0.000000e+00 0.000000e+00 0.000000e+00 0.000000e+00 0.000000e+00 0.000000e+00
1.134000e+00 0.000000e+00 -6.267493e+03 -4.590517e+03 0.000000e+00 0.000000e+00 0.000000e+00 -4.897252e+02 -4.901131e+02 1.871516e+03 1.204491e+03 0.000000e+00 0.000000e+00 0.000000e+00 0.000000e+00 0.000000e+00 0.000000e+00 0.000000e+00 0.000000e+00 0.000000e+00
1.135000e+00 0.000000e+00 -6.281338e+03 -4.610154e+03 0.000000e+00 0.000000e+00 0.000000e+00 -4.902927e+02 -4.906757e+02 1.872809e+03 1.206221e+03 0.000000e+00 0.000000e+00 0.000000e+00 0.000000e+00 0.000000e+00 0.000000e+00 0.000000e+00 0.000000e+00 0.000000e+00
1.136000e+00 0.000000e+00 -6.295264e+03 -4.629872e+03 0.000000e+00 0.000000e+00 0.000000e+00 -4.908413e+02 -4.912204e+02 1.874109e+03 1.207915e+03 0.000000e+00 0.000000e+00 0.000000e+00 0.000000e+00 0.000000e+00 0.000000e+00 0.000000e+00 0.000000e+00 0.000000e+00
1.137000e+00 0.000000e+00 -6.309269e+03 -4.649670e+03 0.000000e+00 0.000000e+00 0.000000e+00 -4.913707e+02 -4.917466e+02 1.875414e+03 1.209573e+03 0.000000e+00 0.000000e+00 0.000000e+00 0.000000e+00 0.000000e+00 0.000000e+00 0.000000e+00 0.000000e+00 0.000000e+00
1.138000e+00 0.000000e+00 -6.323348e+03 -4.669543e+03 0.000000e+00 0.000000e+00 0.000000e+00 -4.918805e+02 -4.922540e+02 1.876725e+03 1.211194e+03 0.000000e+00 0.000000e+00 0.000000e+00 0.000000e+00 0.000000e+00 0.000000e+00 0.000000e+00 0.000000e+00 0.000000e+00
1.139000e+00 0.000000e+00 -6.337499e+03 -4.689487e+03 0.000000e+00 0.000000e+00 0.000000e+00 -4.923704e+02 -4.927422e+02 1.878041e+03 1.212776e+03 0.000000e+00 0.000000e+00 0.000000e+00 0.000000e+00 0.000000e+00 0.000000e+00 0.000000e+00 0.000000e+00 0.000000e+00
1.140000e+00 0.000000e+00 -6.351719e+03 -4.709498e+03 0.000000e+00 0.000000e+00 0.000000e+00 -4.928399e+02 -4.932108e+02 1.879360e+03 1.214319e+03 0.000000e+00 0.000000e+00 0.000000e+00 0.000000e+00 0.000000e+00 0.000000e+00 0.000000e+00 0.000000e+00 0.000000e+00
1.141000e+00 0.000000e+00 -6.366003e+03 -4.729573e+03 0.000000e+00 0.000000e+00 0.000000e+00 -4.932886e+02 -4.936595e+02 1.880683e+03 1.215822e+03 0.000000e+00 0.000000e+00 0.000000e+00 0.000000e+00 0.000000e+00 0.000000e+00 0.000000e+00 0.000000e+00 0.000000e+00
1.142000e+00 0.000000e+00 -6.380350e+03 -4.749708e+03 0.000000e+00 0.000000e+00 0.000000e+00 -4.937164e+02 -4.940880e+02 1.882008e+03 1.217283e+03 0.000000e+00 0.000000e+00 0.000000e+00 0.000000e+00 0.000000e+00 0.000000e+00 0.000000e+00 0.000000e+00 0.000000e+00
1.143000e+00 0.000000e+00 -6.394755e+03 -4.769900e+03 0.000000e+00 0.000000e+00 0.000000e+00 -4.941227e+02 -4.944959e+02 1.883336e+03 1.218702e+03 0.000000e+00 0.000000e+00 0.000000e+00 0.000000e+00 0.000000e+00 0.000000e+00 0.000000e+00 0.000000e+00 0.000000e+00
1.144000e+00 0.000000e+00 -6.409216e+03 -4.790143e+03 0.000000e+00 0.000000e+00 0.000000e+00 -4.945074e+02 -4.948828e+02 1.884664e+03 1.220078e+03 0.000000e+00 0.000000e+00 0.000000e+00 0.000000e+00 0.000000e+00 0.000000e+00 0.000000e+00 0.000000e+00 0.000000e+00
1.145000e+00 0.000000e+00 -6.423730e+03 -4.810435e+03 0.000000e+00 0.000000e+00 0.000000e+00 -4.948701e+02 -4.952486e+02 1.885994e+03 1.221410e+03 0.000000e+00 0.000000e+00 0.000000e+00 0.000000e+00 0.000000e+00 0.000000e+00 0.000000e+00 0.000000e+00 0.000000e+00
1.146000e+00 0.000000e+00 -6.438292e+03 -4.830772e+03 0.000000e+00 0.000000e+00 0.000000e+00 -4.952105e+02 -4.955928e+02 1.887323e+03 1.222696e+03 0.000000e+00 0.000000e+00 0.000000e+00 0.000000e+00 0.000000e+00 0.000000e+00 0.000000e+00 0.000000e+00 0.000000e+00
1.147000e+00 0.000000e+00 -6.452901e+03 -4.851150e+03 0.000000e+00 0.000000e+00 0.000000e+00 -4.955282e+02 -4.959152e+02 1.888652e+03 1.223937e+03 0.000000e+00 0.000000e+00 0.000000e+00 0.000000e+00 0.000000e+00 0.000000e+00 0.000000e+00 0.000000e+00 0.000000e+00
1.148000e+00 0.000000e+00 -6.467552e+03 -4.871565e+03 0.000000e+00 0.000000e+00 0.000000e+00 -4.958232e+02 -4.962155e+02 1.889979e+03 1.225132e+03 0.000000e+00 0.000000e+00 0.000000e+00 0.000000e+00 0.000000e+00 0.000000e+00 0.000000e+00 0.000000e+00 0.000000e+00
1.149000e+00 0.000000e+00 -6.482243e+03 -4.892014e+03 0.000000e+00 0.000000e+00 0.000000e+00 -4.960950e+02 -4.964934e+02 1.891305e+03 1.226279e+03 0.000000e+00 0.000000e+00 0.000000e+00 0.000000e+00 0.000000e+00 0.000000e+00 0.000000e+00 0.000000e+00 0.000000e+00
1.150000e+00 0.000000e+00 -6.496970e+03 -4.912492e+03 0.000000e+00 0.000000e+00 0.000000e+00 -4.963434e+02 -4.967487e+02 1.892628e+03 1.227377e+03 0.000000e+00 0.000000e+00 0.000000e+00 0.000000e+00 0.000000e+00 0.000000e+00 0.000000e+00 0.000000e+00 0.000000e+00
1.151000e+00 0.000000e+00 -6.511731e+03 -4.932996e+03 0.000000e+00 0.000000e+00 0.000000e+00 -4.965683e+02 -4.969812e+02 1.893948e+03 1.228428e+03 0.000000e+00 0.000000e+00 0.000000e+00 0.000000e+00 0.000000e+00 0.000000e+00 0.000000e+00 0.000000e+00 0.000000e+00
1.152000e+00 0.000000e+00 -6.526522e+03 -4.953521e+03 0.000000e+00 0.000000e+00 0.000000e+00 -4.967693e+02 -4.971906e+02 1.895264e+03 1.229428e+03 0.000000e+00 0.000000e+00 0.000000e+00 0.000000e+00 0.000000e+00 0.000000e+00 0.000000e+00 0.000000e+00 0.000000e+00
1.153000e+00 0.000000e+00 -6.541340e+03 -4.974065e+03 0.000000e+00 0.000000e+00 0.000000e+00 -4.969464e+02 -4.973767e+02 1.896576e+03 1.230379e+03 0.000000e+00 0.000000e+00 0.000000e+00 0.000000e+00 0.000000e+00 0.000000e+00 0.000000e+00 0.000000e+00 0.000000e+00
1.154000e+00 0.000000e+00 -6.556182e+03 -4.994623e+03 0.000000e+00 0.000000e+00 0.000000e+00 -4.970991e+02 -4.975392e+02 1.897884e+03 1.231278e+03 0.000000e+00 0.000000e+00 0.000000e+00 0.000000e+00 0.000000e+00 0.000000e+00 0.000000e+00 0.000000e+00 0.000000e+00
1.155000e+00 0.000000e+00 -6.571044e+03 -5.015191e+03 0.000000e+00 0.000000e+00 0.000000e+00 -4.972275e+02 -4.976781e+02 1.899186e+03 1.232126e+03 0.000000e+00 0.000000e+00 0.000000e+00 0.000000e+00 0.000000e+00 0.000000e+00 0.000000e+00 0.000000e+00 0.000000e+00
1.156000e+00 0.000000e+00 -6.585925e+03 -5.035766e+03 0.000000e+00 0.000000e+00 0.000000e+00 -4.973312e+02 -4.977930e+02 1.900482e+03 1.232922e+03 0.000000e+00 0.000000e+00 0.000000e+00 0.000000e+00 0.000000e+00 0.000000e+00 0.000000e+00 0.000000e+00 0.000000e+00
1.157000e+00 0.000000e+00 -6.600820e+03 -5.056343e+03 0.000000e+00 0.000000e+00 0.000000e+00 -4.974101e+02 -4.978838e+02 1.901771e+03 1.233666e+03 0.000000e+00 0.000000e+00 0.000000e+00 0.000000e+00 0.000000e+00 0.000000e+00 0.000000e+00 0.000000e+00 0.000000e+00
1.158000e+00 0.000000e+00 -6.615726e+03 -5.076918e+03 0.000000e+00 0.000000e+00 0.000000e+00 -4.974641e+02 -4.979503e+02 1.903053e+03 1.234356e+03 0.000000e+00 0.000000e+00 0.000000e+00 0.000000e+00 0.000000e+00 0.000000e+00 0.000000e+00 0.000000e+00 0.000000e+00
1.159000e+00 0.000000e+00 -6.630641e+03 -5.097488e+03 0.000000e+00 0.000000e+00 0.000000e+00 -4.974931e+02 -4.979925e+02 1.904328e+03 1.234992e+03 0.000000e+00 0.000000e+00 0.000000e+00 0.000000e+00 0.000000e+00 0.000000e+00 0.000000e+00 0.000000e+00 0.000000e+00
1.160000e+00 0.000000e+00 -6.645561e+03 -5.118048e+03 0.000000e+00 0.000000e+00 0.000000e+00 -4.974968e+02 -4.980101e+02 1.905595e+03 1.235575e+03 0.000000e+00 0.000000e+00 0.000000e+00 0.000000e+00 0.000000e+00 0.000000e+00 0.000000e+00 0.000000e+00 0.000000e+00
1.161000e+00 0.000000e+00 -6.660483e+03 -5.138594e+03 0.000000e+00 0.000000e+00 0.000000e+00 -4.974752e+02 -4.980030e+02 1.906853e+03 1.236103e+03 0.000000e+00 0.000000e+00 0.000000e+00 0.000000e+00 0.000000e+00 0.000000e+00 0.000000e+00 0.000000e+00 0.000000e+00
1.162000e+00 0.000000e+00 -6.675405e+03 -5.159124e+03 0.000000e+00 0.000000e+00 0.000000e+00 -4.974282e+02 -4.979710e+02 1.908101e+03 1.236575e+03 0.000000e+00 0.000000e+00 0.000000e+00 0.000000e+00 0.000000e+00 0.000000e+00 0.000000e+00 0.000000e+00 0.000000e+00
1.163000e+00 0.000000e+00 -6.690324e+03 -5.179631e+03 0.000000e+00 0.000000e+00 0.000000e+00 -4.973556e+02 -4.979142e+02 1.909341e+03 1.236993e+03 0.000000e+00 0.000000e+00 0.000000e+00 0.000000e+00 0.000000e+00 0.000000e+00 0.000000e+00 0.000000e+00 0.000000e+00
1.164000e+00 0.000000e+00 -6.705235e+03 -5.200113e+03 0.000000e+00 0.000000e+00 0.000000e+00 -4.972575e+02 -4.978324e+02 1.910570e+03 1.237354e+03 0.000000e+00 0.000000e+00 0.000000e+00 0.000000e+00 0.000000e+00 0.000000e+00 0.000000e+00 0.000000e+00 0.000000e+00
1.165000e+00 0.000000e+00 -6.720138e+03 -5.220565e+03 0.000000e+00 0.000000e+00 0.000000e+00 -4.971337e+02 -4.977255e+02 1.911788e+03 1.237660e+03 0.000000e+00 0.000000e+00 0.000000e+00 0.000000e+00 0.000000e+00 0.000000e+00 0.000000e+00 0.000000e+00 0.000000e+00
1.166000e+00 0.000000e+00 -6.735028e+03 -5.240984e+03 0.000000e+00 0.000000e+00 0.000000e+00 -4.969842e+02 -4.975935e+02 1.912995e+03 1.237909e+03 0.000000e+00 0.000000e+00 0.000000e+00 0.000000e+00 0.000000e+00 0.000000e+00 0.000000e+00 0.000000e+00 0.000000e+00
1.167000e+00 0.000000e+00 -6.749902e+03 -5.261364e+03 0.000000e+00 0.000000e+00 0.000000e+00 -4.968090e+02 -4.974363e+02 1.914191e+03 1.238101e+03 0.000000e+00 0.000000e+00 0.000000e+00 0.000000e+00 0.000000e+00 0.000000e+00 0.000000e+00 0.000000e+00 0.000000e+00
1.168000e+00 0.000000e+00 -6.764759e+03 -5.281703e+03 0.000000e+00 0.000000e+00 0.000000e+00 -4.966080e+02 -4.972538e+02 1.915374e+03 1.238237e+03 0.000000e+00 0.000000e+00 0.000000e+00 0.000000e+00 0.000000e+00 0.000000e+00 0.000000e+00 0.000000e+00 0.000000e+00
1.169000e+00 0.000000e+00 -6.779595e+03 -5.301995e+03 0.000000e+00 0.000000e+00 0.000000e+00 -4.963812e+02 -4.970460e+02 1.916545e+03 1.238315e+03 0.000000e+00 0.000000e+00 0.000000e+00 0.000000e+00 0.000000e+00 0.000000e+00 0.000000e+00 0.000000e+00 0.000000e+00
1.170000e+00 0.000000e+00 -6.794407e+03 -5.322237e+03 0.000000e+00 0.000000e+00 0.000000e+00 -4.961286e+02 -4.968130e+02 1.917703e+03 1.238336e+03 0.000000e+00 0.000000e+00 0.000000e+00 0.000000e+00 0.000000e+00 0.000000e+00 0.000000e+00 0.000000e+00 0.000000e+00
1.171000e+00 0.000000e+00 -6.809192e+03 -5.342425e+03 0.000000e+00 0.000000e+00 0.000000e+00 -4.958502e+02 -4.965546e+02 1.918848e+03 1.238299e+03 0.000000e+00 0.000000e+00 0.000000e+00 0.000000e+00 0.000000e+00 0.000000e+00 0.000000e+00 0.000000e+00 0.000000e+00
1.172000e+00 0.000000e+00 -6.823948e+03 -5.362554e+03 0.000000e+00 0.000000e+00 0.000000e+00 -4.955461e+02 -4.962709e+02 1.919979e+03 1.238204e+03 0.000000e+00 0.000000e+00 0.000000e+00 0.000000e+00 0.000000e+00 0.000000e+00 0.000000e+00 0.000000e+00 0.000000e+00
1.173000e+00 0.000000e+00 -6.838673e+03 -5.382620e+03 0.000000e+00 0.000000e+00 0.000000e+00 -4.952163e+02 -4.959620e+02 1.921096e+03 1.238052e+03 0.000000e+00 0.000000e+00 0.000000e+00 0.000000e+00 0.000000e+00 0.000000e+00 0.000000e+00 0.000000e+00 0.000000e+00
1.174000e+00 0.000000e+00 -6.853363e+03 -5.402619e+03 0.000000e+00 0.000000e+00 0.000000e+00 -4.948608e+02 -4.956278e+02 1.922198e+03 1.237842e+03 0.000000e+00 0.000000e+00 0.000000e+00 0.000000e+00 0.000000e+00 0.000000e+00 0.000000e+00 0.000000e+00 0.000000e+00
1.175000e+00 0.000000e+00 -6.868015e+03 -5.422547e+03 0.000000e+00 0.000000e+00 0.000000e+00 -4.944797e+02 -4.952683e+02 1.923286e+03 1.237574e+03 0.000000e+00 0.000000e+00 0.000000e+00 0.000000e+00 0.000000e+00 0.000000e+00 0.000000e+00 0.000000e+00 0.000000e+00
1.176000e+00 0.000000e+00 -6.882628e+03 -5.442399e+03 0.000000e+00 0.000000e+00 0.000000e+00 -4.940730e+02 -4.948837e+02 1.924358e+03 1.237248e+03 0.000000e+00 0.000000e+00 0.000000e+00 0.000000e+00 0.000000e+00 0.000000e+00 0.000000e+00 0.000000e+00 0.000000e+00
1.177000e+00 0.000000e+00 -6.897198e+03 -5.462171e+03 0.000000e+00 0.000000e+00 0.000000e+00 -4.936409e+02 -4.944740e+02 1.925414e+03 1.236864e+03 0.000000e+00 0.000000e+00 0.000000e+00 0.000000e+00 0.000000e+00 0.000000e+00 0.000000e+00 0.000000e+00 0.000000e+00
1.178000e+00 0.000000e+00 -6.911724e+03 -5.481859e+03 0.000000e+00 0.000000e+00 0.000000e+00 -4.931834e+02 -4.940391e+02 1.926454e+03 1.236422e+03 0.000000e+00 0.000000e+00 0.000000e+00 0.000000e+00 0.000000e+00 0.000000e+00 0.000000e+00 0.000000e+00 0.000000e+00
1.179000e+00 0.000000e+00 -6.926202e+03 -5.501458e+03 0.000000e+00 0.000000e+00 0.000000e+00 -4.927006e+02 -4.935793e+02 1.927478e+03 1.235922e+03 0.000000e+00 0.000000e+00 0.000000e+00 0.000000e+00 0.000000e+00 0.000000e+00 0.000000e+00 0.000000e+00 0.000000e+00
1.180000e+00 0.000000e+00 -6.940630e+03 -5.520964e+03 0.000000e+00 0.000000e+00 0.000000e+00 -4.921926e+02 -4.930946e+02 1.928485e+03 1.235364e+03 0.000000e+00 0.000000e+00 0.000000e+00 0.000000e+00 0.000000e+00 0.000000e+00 0.000000e+00 0.000000e+00 0.000000e+00
1.181000e+00 0.000000e+00 -6.955006e+03 -5.540372e+03 0.000000e+00 0.000000e+00 0.000000e+00 -4.916595e+02 -4.925851e+02 1.929475e+03 1.234748e+03 0.000000e+00 0.000000e+00 0.000000e+00 0.000000e+00 0.000000e+00 0.000000e+00 0.000000e+00 0.000000e+00 0.000000e+00
1.182000e+00 0.000000e+00 -6.969327e+03 -5.559678e+03 0.000000e+00 0.000000e+00 0.000000e+00 -4.911014e+02 -4.920508e+02 1.930447e+03 1.234075e+03 0.000000e+00 0.000000e+00 0.000000e+00 0.000000e+00 0.000000e+00 0.000000e+00 0.000000e+00 0.000000e+00 0.000000e+00
1.183000e+00 0.000000e+00 -6.983591e+03 -5.578878e+03 0.000000e+00 0.000000e+00 0.000000e+00 -4.905186e+02 -4.914920e+02 1.931402e+03 1.233343e+03 0.000000e+00 0.000000e+00 0.000000e+00 0.000000e+00 0.000000e+00 0.000000e+00 0.000000e+00 0.000000e+00 0.000000e+00
1.184000e+00 0.000000e+00 -6.997796e+03 -5.597967e+03 0.000000e+00 0.000000e+00 0.000000e+00 -4.899111e+02 -4.909087e+02 1.932339e+03 1.232555e+03 0.000000e+00 0.000000e+00 0.000000e+00 0.000000e+00 0.000000e+00 0.000000e+00 0.000000e+00 0.000000e+00 0.000000e+00
1.185000e+00 0.000000e+00 -7.011940e+03 -5.616940e+03 0.000000e+00 0.000000e+00 0.000000e+00 -4.892791e+02 -4.903010e+02 1.933257e+03 1.231709e+03 0.000000e+00 0.000000e+00 0.000000e+00 0.000000e+00 0.000000e+00 0.000000e+00 0.000000e+00 0.000000e+00 0.000000e+00
1.186000e+00 0.000000e+00 -7.026019e+03 -5.635794e+03 0.000000e+00 0.000000e+00 0.000000e+00 -4.886228e+02 -4.896692e+02 1.934157e+03 1.230806e+03 0.000000e+00 0.000000e+00 0.000000e+00 0.000000e+00 0.000000e+00 0.000000e+00 0.000000e+00 0.000000e+00 0.000000e+00
1.187000e+00 0.000000e+00 -7.040033e+03 -5.654524e+03 0.000000e+00 0.000000e+00 0.000000e+00 -4.879424e+02 -4.890134e+02 1.935038e+03 1.229847e+03 0.000000e+00 0.000000e+00 0.000000e+00 0.000000e+00 0.000000e+00 0.000000e+00 0.000000e+00 0.000000e+00 0.000000e+00
1.188000e+00 0.000000e+00 -7.053979e+03 -5.673124e+03 0.000000e+00 0.000000e+00 0.000000e+00 -4.872380e+02 -4.883337e+02 1.935900e+03 1.228830e+03 0.000000e+00 0.000000e+00 0.000000e+00 0.000000e+00 0.000000e+00 0.000000e+00 0.000000e+00 0.000000e+00 0.000000e+00
1.189000e+00 0.000000e+00 -7.067854e+03 -5.691592e+03 0.000000e+00 0.000000e+00 0.000000e+00 -4.865099e+02 -4.876303e+02 1.936742e+03 1.227758e+03 0.000000e+00 0.000000e+00 0.000000e+00 0.000000e+00 0.000000e+00 0.000000e+00 0.000000e+00 0.000000e+00 0.000000e+00
1.190000e+00 0.000000e+00 -7.081658e+03 -5.709923e+03 0.000000e+00 0.000000e+00 0.000000e+00 -4.857582e+02 -4.869035e+02 1.937565e+03 1.226629e+03 0.000000e+00 0.000000e+00 0.000000e+00 0.000000e+00 0.000000e+00 0.000000e+00 0.000000e+00 0.000000e+00 0.000000e+00
1.191000e+00 0.000000e+00 -7.095387e+03 -5.728111e+03 0.000000e+00 0.000000e+00 0.000000e+00 -4.849833e+02 -4.861534e+02 1.938368e+03 1.225445e+03 0.000000e+00 0.000000e+00 0.000000e+00 0.000000e+00 0.000000e+00 0.000000e+00 0.000000e+00 0.000000e+00 0.000000e+00
1.192000e+00 0.000000e+00 -7.109041e+03 -5.746153e+03 0.000000e+00 0.000000e+00 0.000000e+00 -4.841852e+02 -4.853802e+02 1.939151e+03 1.224206e+03 0.000000e+00 0.000000e+00 0.000000e+00 0.000000e+00 0.000000e+00 0.000000e+00 0.000000e+00 0.000000e+00 0.000000e+00
1.193000e+00 0.000000e+00 -7.122617e+03 -5.764044e+03 0.000000e+00 0.000000e+00 0.000000e+00 -4.833644e+02 -4.845841e+02 1.939913e+03 1.222911e+03 0.000000e+00 0.000000e+00 0.000000e+00 0.000000e+00 0.000000e+00 0.000000e+00 0.000000e+00 0.000000e+00 0.000000e+00
1.194000e+00 0.000000e+00 -7.136113e+03 -5.781780e+03 0.000000e+00 0.000000e+00 0.000000e+00 -4.825210e+02 -4.837654e+02 1.940655e+03 1.221563e+03 0.000000e+00 0.000000e+00 0.000000e+00 0.000000e+00 0.000000e+00 0.000000e+00 0.000000e+00 0.000000e+00 0.000000e+00
1.195000e+00 0.000000e+00 -7.149527e+03 -5.799356e+03 0.000000e+00 0.000000e+00 0.000000e+00 -4.816553e+02 -4.829243e+02 1.941377e+03 1.220160e+03 0.000000e+00 0.000000e+00 0.000000e+00 0.000000e+00 0.000000e+00 0.000000e+00 0.000000e+00 0.000000e+00 0.000000e+00
1.196000e+00 0.000000e+00 -7.162859e+03 -5.816768e+03 0.000000e+00 0.000000e+00 0.000000e+00 -4.807675e+02 -4.820611e+02 1.942077e+03 1.218703e+03 0.000000e+00 0.000000e+00 0.000000e+00 0.000000e+00 0.000000e+00 0.000000e+00 0.000000e+00 0.000000e+00 0.000000e+00
1.197000e+00 0.000000e+00 -7.176106e+03 -5.834012e+03 0.000000e+00 0.000000e+00 0.000000e+00 -4.798580e+02 -4.811759e+02 1.942757e+03 1.217193e+03 0.000000e+00 0.000000e+00 0.000000e+00 0.000000e+00 0.000000e+00 0.000000e+00 0.000000e+00 0.000000e+00 0.000000e+00
1.198000e+00 0.000000e+00 -7.189267e+03 -5.851083e+03 0.000000e+00 0.000000e+00 0.000000e+00 -4.789270e+02 -4.802691e+02 1.943415e+03 1.215630e+03 0.000000e+00 0.000000e+00 0.000000e+00 0.000000e+00 0.000000e+00 0.000000e+00 0.000000e+00 0.000000e+00 0.000000e+00
1.199000e+00 0.000000e+00 -7.202339e+03 -5.867977e+03 0.000000e+00 0.000000e+00 0.000000e+00 -4.779747e+02 -4.793409e+02 1.944052e+03 1.214015e+03 0.000000e+00 0.000000e+00 0.000000e+00 0.000000e+00 0.000000e+00 0.000000e+00 0.000000e+00 0.000000e+00 0.000000e+00
1.200000e+00 0.000000e+00 -7.215322e+03 -5.884690e+03 0.000000e+00 0.000000e+00 0.000000e+00 -4.770016e+02 -4.783916e+02 1.944667e+03 1.212349e+03 0.000000e+00 0.000000e+00 0.000000e+00 0.000000e+00 0.000000e+00 0.000000e+00 0.000000e+00 0.000000e+00 0.000000e+00
1.201000e+00 0.000000e+00 -7.228215e+03 -5.901217e+03 0.000000e+00 0.000000e+00 0.000000e+00 -4.760078e+02 -4.774214e+02 1.945261e+03 1.210631e+03 0.000000e+00 0.000000e+00 0.000000e+00 0.000000e+00 0.000000e+00 0.000000e+00 0.000000e+00 0.000000e+00 0.000000e+00
1.202000e+00 0.000000e+00 -7.241014e+03 -5.917554e+03 0.000000e+00 0.000000e+00 0.000000e+00 -4.749938e+02 -4.764306e+02 1.945833e+03 1.208862e+03 0.000000e+00 0.000000e+00 0.000000e+00 0.000000e+00 0.000000e+00 0.000000e+00 0.000000e+00 0.000000e+00 0.000000e+00
1.203000e+00 0.000000e+00 -7.253721e+03 -5.933697e+03 0.000000e+00 0.000000e+00 0.000000e+00 -4.739597e+02 -4.754195e+02 1.946383e+03 1.207043e+03 0.000000e+00 0.000000e+00 0.000000e+00 0.000000e+00 0.000000e+00 0.000000e+00 0.000000e+00 0.000000e+00 0.000000e+00
1.204000e+00 0.000000e+00 -7.266332e+03 -5.949641e+03 0.000000e+00 0.000000e+00 0.000000e+00 -4.729059e+02 -4.743884e+02 1.946911e+03 1.205174e+03 0.000000e+00 0.000000e+00 0.000000e+00 0.000000e+00 0.000000e+00 0.000000e+00 0.000000e+00 0.000000e+00 0.000000e+00
1.205000e+00 0.000000e+00 -7.278847e+03 -5.965383e+03 0.000000e+00 0.000000e+00 0.000000e+00 -4.718327e+02 -4.733376e+02 1.947417e+03 1.203256e+03 0.000000e+00 0.000000e+00 0.000000e+00 0.000000e+00 0.000000e+00 0.000000e+00 0.000000e+00 0.000000e+00 0.000000e+00
1.206000e+00 0.000000e+00 -7.291264e+03 -5.980918e+03 0.000000e+00 0.000000e+00 0.000000e+00 -4.707405e+02 -4.722674e+02 1.947901e+03 1.201290e+03 0.000000e+00 0.000000e+00 0.000000e+00 0.000000e+00 0.000000e+00 0.000000e+00 0.000000e+00 0.000000e+00 0.000000e+00
1.207000e+00 0.000000e+00 -7.303583e+03 -5.996243e+03 0.000000e+00 0.000000e+00 0.000000e+00 -4.696296e+02 -4.711781e+02 1.948362e+03 1.199276e+03 0.000000e+00 0.000000e+00 0.000000e+00 0.000000e+00 0.000000e+00 0.000000e+00 0.000000e+00 0.000000e+00 0.000000e+00
1.208000e+00 0.000000e+00 -7.315802e+03 -6.011352e+03 0.000000e+00 0.000000e+00 0.000000e+00 -4.685003e+02 -4.700700e+02 1.948801e+03 1.197215e+03 0.000000e+00 0.000000e+00 0.000000e+00 0.000000e+00 0.000000e+00 0.000000e+00 0.000000e+00 0.000000e+00 0.000000e+00
1.209000e+00 0.000000e+00 -7.327920e+03 -6.026244e+03 0.000000e+00 0.000000e+00 0.000000e+00 -4.673530e+02 -4.689435e+02 1.949218e+03 1.195107e+03 0.000000e+00 0.000000e+00 0.000000e+00 0.000000e+00 0.000000e+00 0.000000e+00 0.000000e+00 0.000000e+00 0.000000e+00
1.210000e+00 0.000000e+00 -7.339937e+03 -6.040912e+03 0.000000e+00 0.000000e+00 0.000000e+00 -4.661880e+02 -4.677988e+02 1.949612e+03 1.192953e+03 0.000000e+00 0.000000e+00 0.000000e+00 0.000000e+00 0.000000e+00 0.000000e+00 0.000000e+00 0.000000e+00 0.000000e+00
1.211000e+00 0.000000e+00 -7.351850e+03 -6.055355e+03 0.000000e+00 0.000000e+00 0.000000e+00 -4.650058e+02 -4.666363e+02 1.949983e+03 1.190753e+03 0.000000e+00 0.000000e+00 0.000000e+00 0.000000e+00 0.000000e+00 0.000000e+00 0.000000e+00 0.000000e+00 0.000000e+00
1.212000e+00 0.000000e+00 -7.363661e+03 -6.069568e+03 0.000000e+00 0.000000e+00 0.000000e+00 -4.638065e+02 -4.654564e+02 1.950332e+03 1.188509e+03 0.000000e+00 0.000000e+00 0.000000e+00 0.000000e+00 0.000000e+00 0.000000e+00 0.000000e+00 0.000000e+00 0.000000e+00
1.213000e+00 0.000000e+00 -7.375366e+03 -6.083547e+03 0.000000e+00 0.000000e+00 0.000000e+00 -4.625907e+02 -4.642594e+02 1.950659e+03 1.186222e+03 0.000000e+00 0.000000e+00 0.000000e+00 0.000000e+00 0.000000e+00 0.000000e+00 0.000000e+00 0.000000e+00 0.000000e+00
1.214000e+00 0.000000e+00 -7.386967e+03 -6.097290e+03 0.000000e+00 0.000000e+00 0.000000e+00 -4.613587e+02 -4.630456e+02 1.950962e+03 1.183891e+03 0.000000e+00 0.000000e+00 0.000000e+00 0.000000e+00 0.000000e+00 0.000000e+00 0.000000e+00 0.000000e+00 0.000000e+00
1.215000e+00 0.000000e+00 -7.398462e+03 -6.110792e+03 0.000000e+00 0.000000e+00 0.000000e+00 -4.601109e+02 -4.618154e+02 1.951243e+03 1.181517e+03 0.000000e+00 0.000000e+00 0.000000e+00 0.000000e+00 0.000000e+00 0.000000e+00 0.000000e+00 0.000000e+00 0.000000e+00
1.216000e+00 0.000000e+00 -7.409850e+03 -6.124050e+03 0.000000e+00 0.000000e+00 0.000000e+00 -4.588476e+02 -4.605691e+02 1.951501e+03 1.179102e+03 0.000000e+00 0.000000e+00 0.000000e+00 0.000000e+00 0.000000e+00 0.000000e+00 0.000000e+00 0.000000e+00 0.000000e+00
1.217000e+00 0.000000e+00 -7.421130e+03 -6.137061e+03 0.000000e+00 0.000000e+00 0.000000e+00 -4.575693e+02 -4.593072e+02 1.951737e+03 1.176645e+03 0.000000e+00 0.000000e+00 0.000000e+00 0.000000e+00 0.000000e+00 0.000000e+00 0.000000e+00 0.000000e+00 0.000000e+00
1.218000e+00 0.000000e+00 -7.432303e+03 -6.149822e+03 0.000000e+00 0.000000e+00 0.000000e+00 -4.562763e+02 -4.580300e+02 1.951949e+03 1.174149e+03 0.000000e+00 0.000000e+00 0.000000e+00 0.000000e+00 0.000000e+00 0.000000e+00 0.000000e+00 0.000000e+00 0.000000e+00
1.219000e+00 0.000000e+00 -7.443368e+03 -6.162330e+03 0.000000e+00 0.000000e+00 0.000000e+00 -4.549690e+02 -4.567378e+02 1.952139e+03 1.171613e+03 0.000000e+00 0.000000e+00 0.000000e+00 0.000000e+00 0.000000e+00 0.000000e+00 0.000000e+00 0.000000e+00 0.000000e+00
1.220000e+00 0.000000e+00 -7.454323e+03 -6.174581e+03 0.000000e+00 0.000000e+00 0.000000e+00 -4.536479e+02 -4.554310e+02 1.952307e+03 1.169038e+03 0.000000e+00 0.000000e+00 0.000000e+00 0.000000e+00 0.000000e+00 0.000000e+00 0.000000e+00 0.000000e+00 0.000000e+00
1.221000e+00 0.000000e+00 -7.465169e+03 -6.186573e+03 0.000000e+00 0.000000e+00 0.000000e+00 -4.523132e+02 -4.541101e+02 1.952451e+03 1.166425e+03 0.000000e+00 0.000000e+00 0.000000e+00 0.000000e+00 0.000000e+00 0.000000e+00 0.000000e+00 0.000000e+00 0.000000e+00
1.222000e+00 0.000000e+00 -7.475906e+03 -6.198304e+03 0.000000e+00 0.000000e+00 0.000000e+00 -4.509654e+02 -4.527753e+02 1.952573e+03 1.163775e+03 0.000000e+00 0.000000e+00 0.000000e+00 0.000000e+00 0.000000e+00 0.000000e+00 0.000000e+00 0.000000e+00 0.000000e+00
1.223000e+00 0.000000e+00 -7.486532e+03 -6.209769e+03 0.000000e+00 0.000000e+00 0.000000e+00 -4.496049e+02 -4.514270e+02 1.952672e+03 1.161088e+03 0.000000e+00 0.000000e+00 0.000000e+00 0.000000e+00 0.000000e+00 0.000000e+00 0.000000e+00 0.000000e+00 0.000000e+00
1.224000e+00 0.000000e+00 -7.497047e+03 -6.220967e+03 0.000000e+00 0.000000e+00 0.000000e+00 -4.482321e+02 -4.500656e+02 1.952749e+03 1.158365e+03 0.000000e+00 0.000000e+00 0.000000e+00 0.000000e+00 0.000000e+00 0.000000e+00 0.000000e+00 0.000000e+00 0.000000e+00
1.225000e+00 0.000000e+00 -7.507452e+03 -6.231895e+03 0.000000e+00 0.000000e+00 0.000000e+00 -4.468473e+02 -4.486915e+02 1.952803e+03 1.155608e+03 0.000000e+00 0.000000e+00 0.000000e+00 0.000000e+00 0.000000e+00 0.000000e+00 0.000000e+00 0.000000e+00 0.000000e+00
1.226000e+00 0.000000e+00 -7.517745e+03 -6.242551e+03 0.000000e+00 0.000000e+00 0.000000e+00 -4.454510e+02 -4.473050e+02 1.952834e+03 1.152817e+03 0.000000e+00 0.000000e+00 0.000000e+00 0.000000e+00 0.000000e+00 0.000000e+00 0.000000e+00 0.000000e+00 0.000000e+00
1.227000e+00 0.000000e+00 -7.527927e+03 -6.252932e+03 0.000000e+00 0.000000e+00 0.000000e+00 -4.440435e+02 -4.459066e+02 1.952843e+03 1.149992e+03 0.000000e+00 0.000000e+00 0.000000e+00 0.000000e+00 0.000000e+00 0.000000e+00 0.000000e+00 0.000000e+00 0.000000e+00
1.228000e+00 0.000000e+00 -7.537998e+03 -6.263037e+03 0.000000e+00 0.000000e+00 0.000000e+00 -4.426253e+02 -4.444966e+02 1.952830e+03 1.147135e+03 0.000000e+00 0.000000e+00 0.000000e+00 0.000000e+00 0.000000e+00 0.000000e+00 0.000000e+00 0.000000e+00 0.000000e+00
1.229000e+00 0.000000e+00 -7.547957e+03 -6.272863e+03 0.000000e+00 0.000000e+00 0.000000e+00 -4.411967e+02 -4.430753e+02 1.952794e+03 1.144246e+03 0.000000e+00 0.000000e+00 0.000000e+00 0.000000e+00 0.000000e+00 0.000000e+00 0.000000e+00 0.000000e+00 0.000000e+00
1.230000e+00 0.000000e+00 -7.557804e+03 -6.282408e+03 0.000000e+00 0.000000e+00 0.000000e+00 -4.397582e+02 -4.416433e+02 1.952735e+03 1.141326e+03 0.000000e+00 0.000000e+00 0.000000e+00 0.000000e+00 0.000000e+00 0.000000e+00 0.000000e+00 0.000000e+00 0.000000e+00
1.231000e+00 0.000000e+00 -7.567539e+03 -6.291671e+03 0.000000e+00 0.000000e+00 0.000000e+00 -4.383102e+02 -4.402008e+02 1.952655e+03 1.138375e+03 0.000000e+00 0.000000e+00 0.000000e+00 0.000000e+00 0.000000e+00 0.000000e+00 0.000000e+00 0.000000e+00 0.000000e+00
1.232000e+00 0.000000e+00 -7.577162e+03 -6.300651e+03 0.000000e+00 0.000000e+00 0.000000e+00 -4.368530e+02 -4.387483e+02 1.952552e+03 1.135396e+03 0.000000e+00 0.000000e+00 0.000000e+00 0.000000e+00 0.000000e+00 0.000000e+00 0.000000e+00 0.000000e+00 0.000000e+00
1.233000e+00 0.000000e+00 -7.586674e+03 -6.309345e+03 0.000000e+00 0.000000e+00 0.000000e+00 -4.353871e+02 -4.372861e+02 1.952427e+03 1.132388e+03 0.000000e+00 0.000000e+00 0.000000e+00 0.000000e+00 0.000000e+00 0.000000e+00 0.000000e+00 0.000000e+00 0.000000e+00
1.234000e+00 0.000000e+00 -7.596073e+03 -6.317752e+03 0.000000e+00 0.000000e+00 0.000000e+00 -4.339128e+02 -4.358147e+02 1.952280e+03 1.129353e+03 0.000000e+00 0.000000e+00 0.000000e+00 0.000000e+00 0.000000e+00 0.000000e+00 0.000000e+00 0.000000e+00 0.000000e+00
1.235000e+00 0.000000e+00 -7.605360e+03 -6.325872e+03 0.000000e+00 0.000000e+00 0.000000e+00 -4.324307e+02 -4.343343e+02 1.952112e+03 1.126290e+03 0.000000e+00 0.000000e+00 0.000000e+00 0.000000e+00 0.000000e+00 0.000000e+00 0.000000e+00 0.000000e+00 0.000000e+00
1.236000e+00 0.000000e+00 -7.614536e+03 -6.333702e+03 0.000000e+00 0.000000e+00 0.000000e+00 -4.309410e+02 -4.328455e+02 1.951921e+03 1.123202e+03 0.000000e+00 0.000000e+00 0.000000e+00 0.000000e+00 0.000000e+00 0.000000e+00 0.000000e+00 0.000000e+00 0.000000e+00
1.237000e+00 0.000000e+00 -7.623599e+03 -6.341243e+03 0.000000e+00 0.000000e+00 0.000000e+00 -4.294441e+02 -4.313486e+02 1.951708e+03 1.120088e+03 0.000000e+00 0.000000e+00 0.000000e+00 0.000000e+00 0.000000e+00 0.000000e+00 0.000000e+00 0.000000e+00 0.000000e+00
1.238000e+00 0.000000e+00 -7.632551e+03 -6.348493e+03 0.000000e+00 0.000000e+00 0.000000e+00 -4.279406e+02 -4.298440e+02 1.951474e+03 1.116950e+03 0.000000e+00 0.000000e+00 0.000000e+00 0.000000e+00 0.000000e+00 0.000000e+00 0.000000e+00 0.000000e+00 0.000000e+00
1.239000e+00 0.000000e+00 -7.641392e+03 -6.355452e+03 0.000000e+00 0.000000e+00 0.000000e+00 -4.264308e+02 -4.283320e+02 1.951218e+03 1.113788e+03 0.000000e+00 0.000000e+00 0.000000e+00 0.000000e+00 0.000000e+00 0.000000e+00 0.000000e+00 0.000000e+00 0.000000e+00
1.240000e+00 0.000000e+00 -7.650121e+03 -6.362119e+03 0.000000e+00 0.000000e+00 0.000000e+00 -4.249150e+02 -4.268131e+02 1.950940e+03 1.110604e+03 0.000000e+00 0.000000e+00 0.000000e+00 0.000000e+00 0.000000e+00 0.000000e+00 0.000000e+00 0.000000e+00 0.000000e+00
1.241000e+00 0.000000e+00 -7.658739e+03 -6.368495e+03 0.000000e+00 0.000000e+00 0.000000e+00 -4.233937e+02 -4.252876e+02 1.950641e+03 1.107397e+03 0.000000e+00 0.000000e+00 0.000000e+00 0.000000e+00 0.000000e+00 0.000000e+00 0.000000e+00 0.000000e+00 0.000000e+00
1.242000e+00 0.000000e+00 -7.667246e+03 -6.374577e+03 0.000000e+00 0.000000e+00 0.000000e+00 -4.218674e+02 -4.237560e+02 1.950321e+03 1.104170e+03 0.000000e+00 0.000000e+00 0.000000e+00 0.000000e+00 0.000000e+00 0.000000e+00 0.000000e+00 0.000000e+00 0.000000e+00
1.243000e+00 0.000000e+00 -7.675642e+03 -6.380368e+03 0.000000e+00 0.000000e+00 0.000000e+00 -4.203362e+02 -4.222186e+02 1.949979e+03 1.100922e+03 0.000000e+00 0.000000e+00 0.000000e+00 0.000000e+00 0.000000e+00 0.000000e+00 0.000000e+00 0.000000e+00 0.000000e+00
1.244000e+00 0.000000e+00 -7.683927e+03 -6.385866e+03 0.000000e+00 0.000000e+00 0.000000e+00 -4.188008e+02 -4.206757e+02 1.949617e+03 1.097654e+03 0.000000e+00 0.000000e+00 0.000000e+00 0.000000e+00 0.000000e+00 0.000000e+00 0.000000e+00 0.000000e+00 0.000000e+00
1.245000e+00 0.000000e+00 -7.692102e+03 -6.391071e+03 0.000000e+00 0.000000e+00 0.000000e+00 -4.172613e+02 -4.191278e+02 1.949233e+03 1.094368e+03 0.000000e+00 0.000000e+00 0.000000e+00 0.000000e+00 0.000000e+00 0.000000e+00 0.000000e+00 0.000000e+00 0.000000e+00
1.246000e+00 0.000000e+00 -7.700167e+03 -6.395985e+03 0.000000e+00 0.000000e+00 0.000000e+00 -4.157183e+02 -4.175752e+02 1.948828e+03 1.091064e+03 0.000000e+00 0.000000e+00 0.000000e+00 0.000000e+00 0.000000e+00 0.000000e+00 0.000000e+00 0.000000e+00 0.000000e+00
1.247000e+00 0.000000e+00 -7.708121e+03 -6.400606e+03 0.000000e+00 0.000000e+00 0.000000e+00 -4.141721e+02 -4.160183e+02 1.948402e+03 1.087742e+03 0.000000e+00 0.000000e+00 0.000000e+00 0.000000e+00 0.000000e+00 0.000000e+00 0.000000e+00 0.000000e+00 0.000000e+00
1.248000e+00 0.000000e+00 -7.715966e+03 -6.404937e+03 0.000000e+00 0.000000e+00 0.000000e+00 -4.126230e+02 -4.144575e+02 1.947956e+03 1.084405e+03 0.000000e+00 0.000000e+00 0.000000e+00 0.000000e+00 0.000000e+00 0.000000e+00 0.000000e+00 0.000000e+00 0.000000e+00
1.249000e+00 0.000000e+00 -7.723702e+03 -6.408978e+03 0.000000e+00 0.000000e+00 0.000000e+00 -4.110715e+02 -4.128931e+02 1.947488e+03 1.081051e+03 0.000000e+00 0.000000e+00 0.000000e+00 0.000000e+00 0.000000e+00 0.000000e+00 0.000000e+00 0.000000e+00 0.000000e+00
1.250000e+00 0.000000e+00 -7.731328e+03 -6.412728e+03 0.000000e+00 0.000000e+00 0.000000e+00 -4.095179e+02 -4.113254e+02 1.947001e+03 1.077683e+03 0.000000e+00 0.000000e+00 0.000000e+00 0.000000e+00 0.000000e+00 0.000000e+00 0.000000e+00 0.000000e+00 0.000000e+00
1.251000e+00 0.000000e+00 -7.738845e+03 -6.416191e+03 0.000000e+00 0.000000e+00 0.000000e+00 -4.079625e+02 -4.097549e+02 1.946492e+03 1.074300e+03 0.000000e+00 0.000000e+00 0.000000e+00 0.000000e+00 0.000000e+00 0.000000e+00 0.000000e+00 0.000000e+00 0.000000e+00
1.252000e+00 0.000000e+00 -7.746253e+03 -6.419366e+03 0.000000e+00 0.000000e+00 0.000000e+00 -4.064059e+02 -4.081820e+02 1.945963e+03 1.070904e+03 0.000000e+00 0.000000e+00 0.000000e+00 0.000000e+00 0.000000e+00 0.000000e+00 0.000000e+00 0.000000e+00 0.000000e+00
1.253000e+00 0.000000e+00 -7.753553e+03 -6.422255e+03 0.000000e+00 0.000000e+00 0.000000e+00 -4.048482e+02 -4.066068e+02 1.945414e+03 1.067496e+03 0.000000e+00 0.000000e+00 0.000000e+00 0.000000e+00 0.000000e+00 0.000000e+00 0.000000e+00 0.000000e+00 0.000000e+00
1.254000e+00 0.000000e+00 -7.760745e+03 -6.424859e+03 0.000000e+00 0.000000e+00 0.000000e+00 -4.032899e+02 -4.050299e+02 1.944845e+03 1.064075e+03 0.000000e+00 0.000000e+00 0.000000e+00 0.000000e+00 0.000000e+00 0.000000e+00 0.000000e+00 0.000000e+00 0.000000e+00
1.255000e+00 0.000000e+00 -7.767829e+03 -6.427179e+03 0.000000e+00 0.000000e+00 0.000000e+00 -4.017313e+02 -4.034515e+02 1.944255e+03 1.060644e+03 0.000000e+00 0.000000e+00 0.000000e+00 0.000000e+00 0.000000e+00 0.000000e+00 0.000000e+00 0.000000e+00 0.000000e+00
1.256000e+00 0.000000e+00 -7.774805e+03 -6.429218e+03 0.000000e+00 0.000000e+00 0.000000e+00 -4.001728e+02 -4.018721e+02 1.943646e+03 1.057202e+03 0.000000e+00 0.000000e+00 0.000000e+00 0.000000e+00 0.000000e+00 0.000000e+00 0.000000e+00 0.000000e+00 0.000000e+00
1.257000e+00 0.000000e+00 -7.781673e+03 -6.430978e+03 0.000000e+00 0.000000e+00 0.000000e+00 -3.986148e+02 -4.002919e+02 1.943016e+03 1.053750e+03 0.000000e+00 0.000000e+00 0.000000e+00 0.000000e+00 0.000000e+00 0.000000e+00 0.000000e+00 0.000000e+00 0.000000e+00
1.258000e+00 0.000000e+00 -7.788434e+03 -6.432459e+03 0.000000e+00 0.000000e+00 0.000000e+00 -3.970575e+02 -3.987112e+02 1.942367e+03 1.050289e+03 0.000000e+00 0.000000e+00 0.000000e+00 0.000000e+00 0.000000e+00 0.000000e+00 0.000000e+00 0.000000e+00 0.000000e+00
1.259000e+00 0.000000e+00 -7.795088e+03 -6.433664e+03 0.000000e+00 0.000000e+00 0.000000e+00 -3.955014e+02 -3.971305e+02 1.941698e+03 1.046820e+03 0.000000e+00 0.000000e+00 0.000000e+00 0.000000e+00 0.000000e+00 0.000000e+00 0.000000e+00 0.000000e+00 0.000000e+00
1.260000e+00 0.000000e+00 -7.801635e+03 -6.434595e+03 0.000000e+00 0.000000e+00 0.000000e+00 -3.939467e+02 -3.955501e+02 1.941009e+03 1.043344e+03 0.000000e+00 0.000000e+00 0.000000e+00 0.000000e+00 0.000000e+00 0.000000e+00 0.000000e+00 0.000000e+00 0.000000e+00
1.261000e+00 0.000000e+00 -7.808076e+03 -6.435255e+03 0.000000e+00 0.000000e+00 0.000000e+00 -3.923938e+02 -3.939702e+02 1.940300e+03 1.039860e+03 0.000000e+00 0.000000e+00 0.000000e+00 0.000000e+00 0.000000e+00 0.000000e+00 0.000000e+00 0.000000e+00 0.000000e+00
1.262000e+00 0.000000e+00 -7.814410e+03 -6.435645e+03 0.000000e+00 0.000000e+00 0.000000e+00 -3.908430e+02 -3.923913e+02 1.939572e+03 1.036370e+03 0.000000e+00 0.000000e+00 0.000000e+00 0.000000e+00 0.000000e+00 0.000000e+00 0.000000e+00 0.000000e+00 0.000000e+00
1.263000e+00 0.000000e+00 -7.820637e+03 -6.435768e+03 0.000000e+00 0.000000e+00 0.000000e+00 -3.892946e+02 -3.908136e+02 1.938825e+03 1.032875e+03 0.000000e+00 0.000000e+00 0.000000e+00 0.000000e+00 0.000000e+00 0.000000e+00 0.000000e+00 0.000000e+00 0.000000e+00
1.264000e+00 0.000000e+00 -7.826759e+03 -6.435628e+03 0.000000e+00 0.000000e+00 0.000000e+00 -3.877491e+02 -3.892374e+02 1.938057e+03 1.029374e+03 0.000000e+00 0.000000e+00 0.000000e+00 0.000000e+00 0.000000e+00 0.000000e+00 0.000000e+00 0.000000e+00 0.000000e+00
1.265000e+00 0.000000e+00 -7.832774e+03 -6.435225e+03 0.000000e+00 0.000000e+00 0.000000e+00 -3.862066e+02 -3.876631e+02 1.937271e+03 1.025870e+03 0.000000e+00 0.000000e+00 0.000000e+00 0.000000e+00 0.000000e+00 0.000000e+00 0.000000e+00 0.000000e+00 0.000000e+00
1.266000e+00 0.000000e+00 -7.838683e+03 -6.434564e+03 0.000000e+00 0.000000e+00 0.000000e+00 -3.846675e+02 -3.860909e+02 1.936465e+03 1.022361e+03 0.000000e+00 0.000000e+00 0.000000e+00 0.000000e+00 0.000000e+00 0.000000e+00 0.000000e+00 0.000000e+00 0.000000e+00
1.267000e+00 0.000000e+00 -7.844487e+03 -6.433646e+03 0.000000e+00 0.000000e+00 0.000000e+00 -3.831320e+02 -3.845212e+02 1.935641e+03 1.018849e+03 0.000000e+00 0.000000e+00 0.000000e+00 0.000000e+00 0.000000e+00 0.000000e+00 0.000000e+00 0.000000e+00 0.000000e+00
1.268000e+00 0.000000e+00 -7.850185e+03 -6.432475e+03 0.000000e+00 0.000000e+00 0.000000e+00 -3.816006e+02 -3.829542e+02 1.934796e+03 1.015335e+03 0.000000e+00 0.000000e+00 0.000000e+00 0.000000e+00 0.000000e+00 0.000000e+00 0.000000e+00 0.000000e+00 0.000000e+00
1.269000e+00 0.000000e+00 -7.855776e+03 -6.431054e+03 0.000000e+00 0.000000e+00 0.000000e+00 -3.800734e+02 -3.813903e+02 1.933933e+03 1.011819e+03 0.000000e+00 0.000000e+00 0.000000e+00 0.000000e+00 0.000000e+00 0.000000e+00 0.000000e+00 0.000000e+00 0.000000e+00
1.270000e+00 0.000000e+00 -7.861262e+03 -6.429386e+03 0.000000e+00 0.000000e+00 0.000000e+00 -3.785507e+02 -3.798297e+02 1.933051e+03 1.008302e+03 0.000000e+00 0.000000e+00 0.000000e+00 0.000000e+00 0.000000e+00 0.000000e+00 0.000000e+00 0.000000e+00 0.000000e+00
1.271000e+00 0.000000e+00 -7.866643e+03 -6.427473e+03 0.000000e+00 0.000000e+00 0.000000e+00 -3.770329e+02 -3.782726e+02 1.932150e+03 1.004784e+03 0.000000e+00 0.000000e+00 0.000000e+00 0.000000e+00 0.000000e+00 0.000000e+00 0.000000e+00 0.000000e+00 0.000000e+00
1.272000e+00 0.000000e+00 -7.871917e+03 -6.425321e+03 0.000000e+00 0.000000e+00 0.000000e+00 -3.755202e+02 -3.767194e+02 1.931229e+03 1.001265e+03 0.000000e+00 0.000000e+00 0.000000e+00 0.000000e+00 0.000000e+00 0.000000e+00 0.000000e+00 0.000000e+00 0.000000e+00
1.273000e+00 0.000000e+00 -7.877086e+03 -6.422930e+03 0.000000e+00 0.000000e+00 0.000000e+00 -3.740128e+02 -3.751704e+02 1.930290e+03 9.977472e+02 0.000000e+00 0.000000e+00 0.000000e+00 0.000000e+00 0.000000e+00 0.000000e+00 0.000000e+00 0.000000e+00 0.000000e+00
1.274000e+00 0.000000e+00 -7.882148e+03 -6.420306e+03 0.000000e+00 0.000000e+00 0.000000e+00 -3.725112e+02 -3.736257e+02 1.929332e+03 9.942299e+02 0.000000e+00 0.000000e+00 0.000000e+00 0.000000e+00 0.000000e+00 0.000000e+00 0.000000e+00 0.000000e+00 0.000000e+00
1.275000e+00 0.000000e+00 -7.887105e+03 -6.417451e+03 0.000000e+00 0.000000e+00 0.000000e+00 -3.710154e+02 -3.720858e+02 1.928355e+03 9.907139e+02 0.000000e+00 0.000000e+00 0.000000e+00 0.000000e+00 0.000000e+00 0.000000e+00 0.000000e+00 0.000000e+00 0.000000e+00
1.276000e+00 0.000000e+00 -7.891955e+03 -6.414370e+03 0.000000e+00 0.000000e+00 0.000000e+00 -3.695257e+02 -3.705507e+02 1.927359e+03 9.871998e+02 0.000000e+00 0.000000e+00 0.000000e+00 0.000000e+00 0.000000e+00 0.000000e+00 0.000000e+00 0.000000e+00 0.000000e+00
1.277000e+00 0.000000e+00 -7.896700e+03 -6.411065e+03 0.000000e+00 0.000000e+00 0.000000e+00 -3.680425e+02 -3.690207e+02 1.926344e+03 9.836880e+02 0.000000e+00 0.000000e+00 0.000000e+00 0.000000e+00 0.000000e+00 0.000000e+00 0.000000e+00 0.000000e+00 0.000000e+00
1.278000e+00 0.000000e+00 -7.901337e+03 -6.407540e+03 0.000000e+00 0.000000e+00 0.000000e+00 -3.665659e+02 -3.674962e+02 1.925310e+03 9.801789e+02 0.000000e+00 0.000000e+00 0.000000e+00 0.000000e+00 0.000000e+00 0.000000e+00 0.000000e+00 0.000000e+00 0.000000e+00
1.279000e+00 0.000000e+00 -7.905868e+03 -6.403800e+03 0.000000e+00 0.000000e+00 0.000000e+00 -3.650961e+02 -3.659773e+02 1.924258e+03 9.766732e+02 0.000000e+00 0.000000e+00 0.000000e+00 0.000000e+00 0.000000e+00 0.000000e+00 0.000000e+00 0.000000e+00 0.000000e+00
1.280000e+00 0.000000e+00 -7.910292e+03 -6.399847e+03 0.000000e+00 0.000000e+00 0.000000e+00 -3.636335e+02 -3.644643e+02 1.923187e+03 9.731711e+02 0.000000e+00 0.000000e+00 0.000000e+00 0.000000e+00 0.000000e+00 0.000000e+00 0.000000e+00 0.000000e+00 0.000000e+00
1.281000e+00 0.000000e+00 -7.914609e+03 -6.395686e+03 0.000000e+00 0.000000e+00 0.000000e+00 -3.621783e+02 -3.629574e+02 1.922097e+03 9.696732e+02 0.000000e+00 0.000000e+00 0.000000e+00 0.000000e+00 0.000000e+00 0.000000e+00 0.000000e+00 0.000000e+00 0.000000e+00
1.282000e+00 0.000000e+00 -7.918818e+03 -6.391320e+03 0.000000e+00 0.000000e+00 0.000000e+00 -3.607306e+02 -3.614567e+02 1.920988e+03 9.661798e+02 0.000000e+00 0.000000e+00 0.000000e+00 0.000000e+00 0.000000e+00 0.000000e+00 0.000000e+00 0.000000e+00 0.000000e+00
1.283000e+00 0.000000e+00 -7.922919e+03 -6.386754e+03 0.000000e+00 0.000000e+00 0.000000e+00 -3.592906e+02 -3.599626e+02 1.919861e+03 9.626914e+02 0.000000e+00 0.000000e+00 0.000000e+00 0.000000e+00 0.000000e+00 0.000000e+00 0.000000e+00 0.000000e+00 0.000000e+00
1.284000e+00 0.000000e+00 -7.926912e+03 -6.381992e+03 0.000000e+00 0.000000e+00 0.000000e+00 -3.578587e+02 -3.584753e+02 1.918714e+03 9.592084e+02 0.000000e+00 0.000000e+00 0.000000e+00 0.000000e+00 0.000000e+00 0.000000e+00 0.000000e+00 0.000000e+00 0.000000e+00
1.285000e+00 0.000000e+00 -7.930796e+03 -6.377037e+03 0.000000e+00 0.000000e+00 0.000000e+00 -3.564349e+02 -3.569949e+02 1.917549e+03 9.557311e+02 0.000000e+00 0.000000e+00 0.000000e+00 0.000000e+00 0.000000e+00 0.000000e+00 0.000000e+00 0.000000e+00 0.000000e+00
1.286000e+00 0.000000e+00 -7.934571e+03 -6.371893e+03 0.000000e+00 0.000000e+00 0.000000e+00 -3.550195e+02 -3.555216e+02 1.916365e+03 9.522599e+02 0.000000e+00 0.000000e+00 0.000000e+00 0.000000e+00 0.000000e+00 0.000000e+00 0.000000e+00 0.000000e+00 0.000000e+00
1.287000e+00 0.000000e+00 -7.938237e+03 -6.366564e+03 0.000000e+00 0.000000e+00 0.000000e+00 -3.536127e+02 -3.540557e+02 1.915163e+03 9.487952e+02 0.000000e+00 0.000000e+00 0.000000e+00 0.000000e+00 0.000000e+00 0.000000e+00 0.000000e+00 0.000000e+00 0.000000e+00
1.288000e+00 0.000000e+00 -7.941793e+03 -6.361056e+03 0.000000e+00 0.000000e+00 0.000000e+00 -3.522146e+02 -3.525972e+02 1.913941e+03 9.453373e+02 0.000000e+00 0.000000e+00 0.000000e+00 0.000000e+00 0.000000e+00 0.000000e+00 0.000000e+00 0.000000e+00 0.000000e+00
1.289000e+00 0.000000e+00 -7.945238e+03 -6.355370e+03 0.000000e+00 0.000000e+00 0.000000e+00 -3.508255e+02 -3.511465e+02 1.912701e+03 9.418865e+02 0.000000e+00 0.000000e+00 0.000000e+00 0.000000e+00 0.000000e+00 0.000000e+00 0.000000e+00 0.000000e+00 0.000000e+00
1.290000e+00 0.000000e+00 -7.948572e+03 -6.349513e+03 0.000000e+00 0.000000e+00 0.000000e+00 -3.494454e+02 -3.497036e+02 1.911441e+03 9.384431e+02 0.000000e+00 0.000000e+00 0.000000e+00 0.000000e+00 0.000000e+00 0.000000e+00 0.000000e+00 0.000000e+00 0.000000e+00
1.291000e+00 0.000000e+00 -7.951794e+03 -6.343487e+03 0.000000e+00 0.000000e+00 0.000000e+00 -3.480746e+02 -3.482687e+02 1.910163e+03 9.350075e+02 0.000000e+00 0.000000e+00 0.000000e+00 0.000000e+00 0.000000e+00 0.000000e+00 0.000000e+00 0.000000e+00 0.000000e+00
1.292000e+00 0.000000e+00 -7.954905e+03 -6.337297e+03 0.000000e+00 0.000000e+00 0.000000e+00 -3.467132e+02 -3.468421e+02 1.908866e+03 9.315799e+02 0.000000e+00 0.000000e+00 0.000000e+00 0.000000e+00 0.000000e+00 0.000000e+00 0.000000e+00 0.000000e+00 0.000000e+00
1.293000e+00 0.000000e+00 -7.957902e+03 -6.330947e+03 0.000000e+00 0.000000e+00 0.000000e+00 -3.453613e+02 -3.454237e+02 1.907550e+03 9.281606e+02 0.000000e+00 0.000000e+00 0.000000e+00 0.000000e+00 0.000000e+00 0.000000e+00 0.000000e+00 0.000000e+00 0.000000e+00
1.294000e+00 0.000000e+00 -7.960786e+03 -6.324442e+03 0.000000e+00 0.000000e+00 0.000000e+00 -3.440192e+02 -3.440139e+02 1.906215e+03 9.247498e+02 0.000000e+00 0.000000e+00 0.000000e+00 0.000000e+00 0.000000e+00 0.000000e+00 0.000000e+00 0.000000e+00 0.000000e+00
1.295000e+00 0.000000e+00 -7.963555e+03 -6.317784e+03 0.000000e+00 0.000000e+00 0.000000e+00 -3.426870e+02 -3.426127e+02 1.904861e+03 9.213479e+02 0.000000e+00 0.000000e+00 0.000000e+00 0.000000e+00 0.000000e+00 0.000000e+00 0.000000e+00 0.000000e+00 0.000000e+00
1.296000e+00 0.000000e+00 -7.966210e+03 -6.310980e+03 0.000000e+00 0.000000e+00 0.000000e+00 -3.413647e+02 -3.412203e+02 1.903487e+03 9.179551e+02 0.000000e+00 0.000000e+00 0.000000e+00 0.000000e+00 0.000000e+00 0.000000e+00 0.000000e+00 0.000000e+00 0.000000e+00
1.297000e+00 0.000000e+00 -7.968748e+03 -6.304032e+03 0.000000e+00 0.000000e+00 0.000000e+00 -3.400526e+02 -3.398368e+02 1.902095e+03 9.145715e+02 0.000000e+00 0.000000e+00 0.000000e+00 0.000000e+00 0.000000e+00 0.000000e+00 0.000000e+00 0.000000e+00 0.000000e+00
1.298000e+00 0.000000e+00 -7.971171e+03 -6.296945e+03 0.000000e+00 0.000000e+00 0.000000e+00 -3.387507e+02 -3.384624e+02 1.900684e+03 9.111974e+02 0.000000e+00 0.000000e+00 0.000000e+00 0.000000e+00 0.000000e+00 0.000000e+00 0.000000e+00 0.000000e+00 0.000000e+00
1.299000e+00 0.000000e+00 -7.973476e+03 -6.289723e+03 0.000000e+00 0.000000e+00 0.000000e+00 -3.374592e+02 -3.370971e+02 1.899253e+03 9.078330e+02 0.000000e+00 0.000000e+00 0.000000e+00 0.000000e+00 0.000000e+00 0.000000e+00 0.000000e+00 0.000000e+00 0.000000e+00
1.300000e+00 0.000000e+00 -7.975664e+03 -6.282371e+03 0.000000e+00 0.000000e+00 0.000000e+00 -3.361781e+02 -3.357411e+02 1.897803e+03 9.044785e+02 0.000000e+00 0.000000e+00 0.000000e+00 0.000000e+00 0.000000e+00 0.000000e+00 0.000000e+00 0.000000e+00 0.000000e+00
1.301000e+00 0.000000e+00 -7.977732e+03 -6.274891e+03 0.000000e+00 0.000000e+00 0.000000e+00 -3.349076e+02 -3.343945e+02 1.896334e+03 9.011340e+02 0.000000e+00 0.000000e+00 0.000000e+00 0.000000e+00 0.000000e+00 0.000000e+00 0.000000e+00 0.000000e+00 0.000000e+00
1.302000e+00 0.000000e+00 -7.979681e+03 -6.267289e+03 0.000000e+00 0.000000e+00 0.000000e+00 -3.336478e+02 -3.330574e+02 1.894845e+03 8.977998e+02 0.000000e+00 0.000000e+00 0.000000e+00 0.000000e+00 0.000000e+00 0.000000e+00 0.000000e+00 0.000000e+00 0.000000e+00
1.303000e+00 0.000000e+00 -7.981509e+03 -6.259568e+03 0.000000e+00 0.000000e+00 0.000000e+00 -3.323988e+02 -3.317299e+02 1.893337e+03 8.944760e+02 0.000000e+00 0.000000e+00 0.000000e+00 0.000000e+00 0.000000e+00 0.000000e+00 0.000000e+00 0.000000e+00 0.000000e+00
1.304000e+00 0.000000e+00 -7.983216e+03 -6.251733e+03 0.000000e+00 0.000000e+00 0.000000e+00 -3.311607e+02 -3.304120e+02 1.891809e+03 8.911627e+02 0.000000e+00 0.000000e+00 0.000000e+00 0.000000e+00 0.000000e+00 0.000000e+00 0.000000e+00 0.000000e+00 0.000000e+00
1.305000e+00 0.000000e+00 -7.984801e+03 -6.243788e+03 0.000000e+00 0.000000e+00 0.000000e+00 -3.299334e+02 -3.291040e+02 1.890262e+03 8.878601e+02 0.000000e+00 0.000000e+00 0.000000e+00 0.000000e+00 0.000000e+00 0.000000e+00 0.000000e+00 0.000000e+00 0.000000e+00
1.306000e+00 0.000000e+00 -7.986262e+03 -6.235736e+03 0.000000e+00 0.000000e+00 0.000000e+00 -3.287172e+02 -3.278058e+02 1.888696e+03 8.845683e+02 0.000000e+00 0.000000e+00 0.000000e+00 0.000000e+00 0.000000e+00 0.000000e+00 0.000000e+00 0.000000e+00 0.000000e+00
1.307000e+00 0.000000e+00 -7.987599e+03 -6.227581e+03 0.000000e+00 0.000000e+00 0.000000e+00 -3.275121e+02 -3.265175e+02 1.887110e+03 8.812873e+02 0.000000e+00 0.000000e+00 0.000000e+00 0.000000e+00 0.000000e+00 0.000000e+00 0.000000e+00 0.000000e+00 0.000000e+00
1.308000e+00 0.000000e+00 -7.988811e+03 -6.219328e+03 0.000000e+00 0.000000e+00 0.000000e+00 -3.263182e+02 -3.252393e+02 1.885504e+03 8.780174e+02 0.000000e+00 0.000000e+00 0.000000e+00 0.000000e+00 0.000000e+00 0.000000e+00 0.000000e+00 0.000000e+00 0.000000e+00
1.309000e+00 0.000000e+00 -7.989897e+03 -6.210981e+03 0.000000e+00 0.000000e+00 0.000000e+00 -3.251354e+02 -3.239711e+02 1.883878e+03 8.747585e+02 0.000000e+00 0.000000e+00 0.000000e+00 0.000000e+00 0.000000e+00 0.000000e+00 0.000000e+00 0.000000e+00 0.000000e+00
1.310000e+00 0.000000e+00 -7.990856e+03 -6.202543e+03 0.000000e+00 0.000000e+00 0.000000e+00 -3.239639e+02 -3.227130e+02 1.882233e+03 8.715108e+02 0.000000e+00 0.000000e+00 0.000000e+00 0.000000e+00 0.000000e+00 0.000000e+00 0.000000e+00 0.000000e+00 0.000000e+00
1.311000e+00 0.000000e+00 -7.991687e+03 -6.194019e+03 0.000000e+00 0.000000e+00 0.000000e+00 -3.228037e+02 -3.214651e+02 1.880568e+03 8.682743e+02 0.000000e+00 0.000000e+00 0.000000e+00 0.000000e+00 0.000000e+00 0.000000e+00 0.000000e+00 0.000000e+00 0.000000e+00
1.312000e+00 0.000000e+00 -7.992389e+03 -6.185411e+03 0.000000e+00 0.000000e+00 0.000000e+00 -3.216549e+02 -3.202275e+02 1.878883e+03 8.650492e+02 0.000000e+00 0.000000e+00 0.000000e+00 0.000000e+00 0.000000e+00 0.000000e+00 0.000000e+00 0.000000e+00 0.000000e+00
1.313000e+00 0.000000e+00 -7.992961e+03 -6.176725e+03 0.000000e+00 0.000000e+00 0.000000e+00 -3.205174e+02 -3.190001e+02 1.877178e+03 8.618353e+02 0.000000e+00 0.000000e+00 0.000000e+00 0.000000e+00 0.000000e+00 0.000000e+00 0.000000e+00 0.000000e+00 0.000000e+00
1.314000e+00 0.000000e+00 -7.993402e+03 -6.167963e+03 0.000000e+00 0.000000e+00 0.000000e+00 -3.193914e+02 -3.177830e+02 1.875453e+03 8.586329e+02 0.000000e+00 0.000000e+00 0.000000e+00 0.000000e+00 0.000000e+00 0.000000e+00 0.000000e+00 0.000000e+00 0.000000e+00
1.315000e+00 0.000000e+00 -7.993711e+03 -6.159130e+03 0.000000e+00 0.000000e+00 0.000000e+00 -3.182769e+02 -3.165764e+02 1.873709e+03 8.554420e+02 0.000000e+00 0.000000e+00 0.000000e+00 0.000000e+00 0.000000e+00 0.000000e+00 0.000000e+00 0.000000e+00 0.000000e+00
1.316000e+00 0.000000e+00 -7.993887e+03 -6.150229e+03 0.000000e+00 0.000000e+00 0.000000e+00 -3.171738e+02 -3.153801e+02 1.871944e+03 8.522625e+02 0.000000e+00 0.000000e+00 0.000000e+00 0.000000e+00 0.000000e+00 0.000000e+00 0.000000e+00 0.000000e+00 0.000000e+00
1.317000e+00 0.000000e+00 -7.993929e+03 -6.141264e+03 0.000000e+00 0.000000e+00 0.000000e+00 -3.160822e+02 -3.141942e+02 1.870159e+03 8.490946e+02 0.000000e+00 0.000000e+00 0.000000e+00 0.000000e+00 0.000000e+00 0.000000e+00 0.000000e+00 0.000000e+00 0.000000e+00
1.318000e+00 0.000000e+00 -7.993835e+03 -6.132238e+03 0.000000e+00 0.000000e+00 0.000000e+00 -3.150022e+02 -3.130188e+02 1.868354e+03 8.459382e+02 0.000000e+00 0.000000e+00 0.000000e+00 0.000000e+00 0.000000e+00 0.000000e+00 0.000000e+00 0.000000e+00 0.000000e+00
1.319000e+00 0.000000e+00 -7.993606e+03 -6.123156e+03 0.000000e+00 0.000000e+00 0.000000e+00 -3.139337e+02 -3.118539e+02 1.866529e+03 8.427933e+02 0.000000e+00 0.000000e+00 0.000000e+00 0.000000e+00 0.000000e+00 0.000000e+00 0.000000e+00 0.000000e+00 0.000000e+00
1.320000e+00 0.000000e+00 -7.993240e+03 -6.114021e+03 0.000000e+00 0.000000e+00 0.000000e+00 -3.128767e+02 -3.106995e+02 1.864684e+03 8.396600e+02 0.000000e+00 0.000000e+00 0.000000e+00 0.000000e+00 0.000000e+00 0.000000e+00 0.000000e+00 0.000000e+00 0.000000e+00
1.321000e+00 0.000000e+00 -7.992735e+03 -6.104835e+03 0.000000e+00 0.000000e+00 0.000000e+00 -3.118313e+02 -3.095555e+02 1.862819e+03 8.365383e+02 0.000000e+00 0.000000e+00 0.000000e+00 0.000000e+00 0.000000e+00 0.000000e+00 0.000000e+00 0.000000e+00 0.000000e+00
1.322000e+00 0.000000e+00 -7.992092e+03 -6.095604e+03 0.000000e+00 0.000000e+00 0.000000e+00 -3.107974e+02 -3.084221e+02 1.860934e+03 8.334281e+02 0.000000e+00 0.000000e+00 0.000000e+00 0.000000e+00 0.000000e+00 0.000000e+00 0.000000e+00 0.000000e+00 0.000000e+00
1.323000e+00 0.000000e+00 -7.991308e+03 -6.086330e+03 0.000000e+00 0.000000e+00 0.000000e+00 -3.097751e+02 -3.072992e+02 1.859028e+03 8.303294e+02 0.000000e+00 0.000000e+00 0.000000e+00 0.000000e+00 0.000000e+00 0.000000e+00 0.000000e+00 0.000000e+00 0.000000e+00
1.324000e+00 0.000000e+00 -7.990384e+03 -6.077016e+03 0.000000e+00 0.000000e+00 0.000000e+00 -3.087643e+02 -3.061868e+02 1.857102e+03 8.272423e+02 0.000000e+00 0.000000e+00 0.000000e+00 0.000000e+00 0.000000e+00 0.000000e+00 0.000000e+00 0.000000e+00 0.000000e+00
1.325000e+00 0.000000e+00 -7.989317e+03 -6.067666e+03 0.000000e+00 0.000000e+00 0.000000e+00 -3.077649e+02 -3.050849e+02 1.855156e+03 8.241666e+02 0.000000e+00 0.000000e+00 0.000000e+00 0.000000e+00 0.000000e+00 0.000000e+00 0.000000e+00 0.000000e+00 0.000000e+00
1.326000e+00 0.000000e+00 -7.988108e+03 -6.058283e+03 0.000000e+00 0.000000e+00 0.000000e+00 -3.067771e+02 -3.039935e+02 1.853190e+03 8.211024e+02 0.000000e+00 0.000000e+00 0.000000e+00 0.000000e+00 0.000000e+00 0.000000e+00 0.000000e+00 0.000000e+00 0.000000e+00
1.327000e+00 0.000000e+00 -7.986755e+03 -6.048871e+03 0.000000e+00 0.000000e+00 0.000000e+00 -3.058007e+02 -3.029126e+02 1.851204e+03 8.180497e+02 0.000000e+00 0.000000e+00 0.000000e+00 0.000000e+00 0.000000e+00 0.000000e+00 0.000000e+00 0.000000e+00 0.000000e+00
1.328000e+00 0.000000e+00 -7.985256e+03 -6.039432e+03 0.000000e+00 0.000000e+00 0.000000e+00 -3.048358e+02 -3.018421e+02 1.849198e+03 8.150083e+02 0.000000e+00 0.000000e+00 0.000000e+00 0.000000e+00 0.000000e+00 0.000000e+00 0.000000e+00 0.000000e+00 0.000000e+00
1.329000e+00 0.000000e+00 -7.983613e+03 -6.029970e+03 0.000000e+00 0.000000e+00 0.000000e+00 -3.038822e+02 -3.007820e+02 1.847171e+03 8.119782e+02 0.000000e+00 0.000000e+00 0.000000e+00 0.000000e+00 0.000000e+00 0.000000e+00 0.000000e+00 0.000000e+00 0.000000e+00
1.330000e+00 0.000000e+00 -7.981823e+03 -6.020488e+03 0.000000e+00 0.000000e+00 0.000000e+00 -3.029400e+02 -2.997324e+02 1.845124e+03 8.089595e+02 0.000000e+00 0.000000e+00 0.000000e+00 0.000000e+00 0.000000e+00 0.000000e+00 0.000000e+00 0.000000e+00 0.000000e+00
1.331000e+00 0.000000e+00 -7.979885e+03 -6.010989e+03 0.000000e+00 0.000000e+00 0.000000e+00 -3.020091e+02 -2.986932e+02 1.843058e+03 8.059520e+02 0.000000e+00 0.000000e+00 0.000000e+00 0.000000e+00 0.000000e+00 0.000000e+00 0.000000e+00 0.000000e+00 0.000000e+00
1.332000e+00 0.000000e+00 -7.977799e+03 -6.001475e+03 0.000000e+00 0.000000e+00 0.000000e+00 -3.010895e+02 -2.976643e+02 1.840971e+03 8.029557e+02 0.000000e+00 0.000000e+00 0.000000e+00 0.000000e+00 0.000000e+00 0.000000e+00 0.000000e+00 0.000000e+00 0.000000e+00
1.333000e+00 0.000000e+00 -7.975564e+03 -5.991951e+03 0.000000e+00 0.000000e+00 0.000000e+00 -3.001811e+02 -2.966457e+02 1.838864e+03 7.999705e+02 0.000000e+00 0.000000e+00 0.000000e+00 0.000000e+00 0.000000e+00 0.000000e+00 0.000000e+00 0.000000e+00 0.000000e+00
1.334000e+00 0.000000e+00 -7.973180e+03 -5.982418e+03 0.000000e+00 0.000000e+00 0.000000e+00 -2.992839e+02 -2.956374e+02 1.836737e+03 7.969964e+02 0.000000e+00 0.000000e+00 0.000000e+00 0.000000e+00 0.000000e+00 0.000000e+00 0.000000e+00 0.000000e+00 0.000000e+00
1.335000e+00 0.000000e+00 -7.970645e+03 -5.972880e+03 0.000000e+00 0.000000e+00 0.000000e+00 -2.983979e+02 -2.946394e+02 1.834591e+03 7.940333e+02 0.000000e+00 0.000000e+00 0.000000e+00 0.000000e+00 0.000000e+00 0.000000e+00 0.000000e+00 0.000000e+00 0.000000e+00
1.336000e+00 0.000000e+00 -7.967958e+03 -5.963339e+03 0.000000e+00 0.000000e+00 0.000000e+00 -2.975229e+02 -2.936516e+02 1.832424e+03 7.910812e+02 0.000000e+00 0.000000e+00 0.000000e+00 0.000000e+00 0.000000e+00 0.000000e+00 0.000000e+00 0.000000e+00 0.000000e+00
1.337000e+00 0.000000e+00 -7.965120e+03 -5.953799e+03 0.000000e+00 0.000000e+00 0.000000e+00 -2.966589e+02 -2.926739e+02 1.830238e+03 7.881399e+02 0.000000e+00 0.000000e+00 0.000000e+00 0.000000e+00 0.000000e+00 0.000000e+00 0.000000e+00 0.000000e+00 0.000000e+00
1.338000e+00 0.000000e+00 -7.962128e+03 -5.944262e+03 0.000000e+00 0.000000e+00 0.000000e+00 -2.958059e+02 -2.917064e+02 1.828032e+03 7.852095e+02 0.000000e+00 0.000000e+00 0.000000e+00 0.000000e+00 0.000000e+00 0.000000e+00 0.000000e+00 0.000000e+00 0.000000e+00
1.339000e+00 0.000000e+00 -7.958984e+03 -5.934730e+03 0.000000e+00 0.000000e+00 0.000000e+00 -2.949638e+02 -2.907489e+02 1.825806e+03 7.822899e+02 0.000000e+00 0.000000e+00 0.000000e+00 0.000000e+00 0.000000e+00 0.000000e+00 0.000000e+00 0.000000e+00 0.000000e+00
1.340000e+00 0.000000e+00 -7.955686e+03 -5.925207e+03 0.000000e+00 0.000000e+00 0.000000e+00 -2.941325e+02 -2.898014e+02 1.823561e+03 7.793809e+02 0.000000e+00 0.000000e+00 0.000000e+00 0.000000e+00 0.000000e+00 0.000000e+00 0.000000e+00 0.000000e+00 0.000000e+00
1.341000e+00 0.000000e+00 -7.952233e+03 -5.915694e+03 0.000000e+00 0.000000e+00 0.000000e+00 -2.933119e+02 -2.888638e+02 1.821297e+03 7.764825e+02 0.000000e+00 0.000000e+00 0.000000e+00 0.000000e+00 0.000000e+00 0.000000e+00 0.000000e+00 0.000000e+00 0.000000e+00
1.342000e+00 0.000000e+00 -7.948625e+03 -5.906196e+03 0.000000e+00 0.000000e+00 0.000000e+00 -2.925021e+02 -2.879362e+02 1.819013e+03 7.735947e+02 0.000000e+00 0.000000e+00 0.000000e+00 0.000000e+00 0.000000e+00 0.000000e+00 0.000000e+00 0.000000e+00 0.000000e+00
1.343000e+00 0.000000e+00 -7.944862e+03 -5.896713e+03 0.000000e+00 0.000000e+00 0.000000e+00 -2.917028e+02 -2.870183e+02 1.816710e+03 7.707173e+02 0.000000e+00 0.000000e+00 0.000000e+00 0.000000e+00 0.000000e+00 0.000000e+00 0.000000e+00 0.000000e+00 0.000000e+00
1.344000e+00 0.000000e+00 -7.940943e+03 -5.887248e+03 0.000000e+00 0.000000e+00 0.000000e+00 -2.909140e+02 -2.861102e+02 1.814389e+03 7.678503e+02 0.000000e+00 0.000000e+00 0.000000e+00 0.000000e+00 0.000000e+00 0.000000e+00 0.000000e+00 0.000000e+00 0.000000e+00
1.345000e+00 0.000000e+00 -7.936867e+03 -5.877804e+03 0.000000e+00 0.000000e+00 0.000000e+00 -2.901357e+02 -2.852118e+02 1.812048e+03 7.649935e+02 0.000000e+00 0.000000e+00 0.000000e+00 0.000000e+00 0.000000e+00 0.000000e+00 0.000000e+00 0.000000e+00 0.000000e+00
1.346000e+00 0.000000e+00 -7.932635e+03 -5.868383e+03 0.000000e+00 0.000000e+00 0.000000e+00 -2.893677e+02 -2.843230e+02 1.809688e+03 7.621470e+02 0.000000e+00 0.000000e+00 0.000000e+00 0.000000e+00 0.000000e+00 0.000000e+00 0.000000e+00 0.000000e+00 0.000000e+00
1.347000e+00 0.000000e+00 -7.928246e+03 -5.858988e+03 0.000000e+00 0.000000e+00 0.000000e+00 -2.886100e+02 -2.834438e+02 1.807310e+03 7.593106e+02 0.000000e+00 0.000000e+00 0.000000e+00 0.000000e+00 0.000000e+00 0.000000e+00 0.000000e+00 0.000000e+00 0.000000e+00
1.348000e+00 0.000000e+00 -7.923700e+03 -5.849621e+03 0.000000e+00 0.000000e+00 0.000000e+00 -2.878624e+02 -2.825740e+02 1.804913e+03 7.564843e+02 0.000000e+00 0.000000e+00 0.000000e+00 0.000000e+00 0.000000e+00 0.000000e+00 0.000000e+00 0.000000e+00 0.000000e+00
1.349000e+00 0.000000e+00 -7.918996e+03 -5.840283e+03 0.000000e+00 0.000000e+00 0.000000e+00 -2.871250e+02 -2.817137e+02 1.802498e+03 7.536679e+02 0.000000e+00 0.000000e+00 0.000000e+00 0.000000e+00 0.000000e+00 0.000000e+00 0.000000e+00 0.000000e+00 0.000000e+00
1.350000e+00 0.000000e+00 -7.914134e+03 -5.830978e+03 0.000000e+00 0.000000e+00 0.000000e+00 -2.863975e+02 -2.808626e+02 1.800065e+03 7.508615e+02 0.000000e+00 0.000000e+00 0.000000e+00 0.000000e+00 0.000000e+00 0.000000e+00 0.000000e+00 0.000000e+00 0.000000e+00
1.351000e+00 0.000000e+00 -7.909115e+03 -5.821707e+03 0.000000e+00 0.000000e+00 0.000000e+00 -2.856799e+02 -2.800208e+02 1.797614e+03 7.480649e+02 0.000000e+00 0.000000e+00 0.000000e+00 0.000000e+00 0.000000e+00 0.000000e+00 0.000000e+00 0.000000e+00 0.000000e+00
1.352000e+00 0.000000e+00 -7.903937e+03 -5.812472e+03 0.000000e+00 0.000000e+00 0.000000e+00 -2.849721e+02 -2.791882e+02 1.795145e+03 7.452780e+02 0.000000e+00 0.000000e+00 0.000000e+00 0.000000e+00 0.000000e+00 0.000000e+00 0.000000e+00 0.000000e+00 0.000000e+00
1.353000e+00 0.000000e+00 -7.898602e+03 -5.803276e+03 0.000000e+00 0.000000e+00 0.000000e+00 -2.842740e+02 -2.783646e+02 1.792659e+03 7.425007e+02 0.000000e+00 0.000000e+00 0.000000e+00 0.000000e+00 0.000000e+00 0.000000e+00 0.000000e+00 0.000000e+00 0.000000e+00
1.354000e+00 0.000000e+00 -7.893109e+03 -5.794120e+03 0.000000e+00 0.000000e+00 0.000000e+00 -2.835856e+02 -2.775500e+02 1.790155e+03 7.397331e+02 0.000000e+00 0.000000e+00 0.000000e+00 0.000000e+00 0.000000e+00 0.000000e+00 0.000000e+00 0.000000e+00 0.000000e+00
1.355000e+00 0.000000e+00 -7.887457e+03 -5.785007e+03 0.000000e+00 0.000000e+00 0.000000e+00 -2.829066e+02 -2.767443e+02 1.787634e+03 7.369749e+02 0.000000e+00 0.000000e+00 0.000000e+00 0.000000e+00 0.000000e+00 0.000000e+00 0.000000e+00 0.000000e+00 0.000000e+00
1.356000e+00 0.000000e+00 -7.881648e+03 -5.775938e+03 0.000000e+00 0.000000e+00 0.000000e+00 -2.822369e+02 -2.759474e+02 1.785096e+03 7.342262e+02 0.000000e+00 0.000000e+00 0.000000e+00 0.000000e+00 0.000000e+00 0.000000e+00 0.000000e+00 0.000000e+00 0.000000e+00
1.357000e+00 0.000000e+00 -7.875681e+03 -5.766915e+03 0.000000e+00 0.000000e+00 0.000000e+00 -2.815766e+02 -2.751592e+02 1.782541e+03 7.314867e+02 0.000000e+00 0.000000e+00 0.000000e+00 0.000000e+00 0.000000e+00 0.000000e+00 0.000000e+00 0.000000e+00 0.000000e+00
1.358000e+00 0.000000e+00 -7.869557e+03 -5.757941e+03 0.000000e+00 0.000000e+00 0.000000e+00 -2.809254e+02 -2.743797e+02 1.779970e+03 7.287565e+02 0.000000e+00 0.000000e+00 0.000000e+00 0.000000e+00 0.000000e+00 0.000000e+00 0.000000e+00 0.000000e+00 0.000000e+00
1.359000e+00 0.000000e+00 -7.863275e+03 -5.749016e+03 0.000000e+00 0.000000e+00 0.000000e+00 -2.802832e+02 -2.736087e+02 1.777383e+03 7.260355e+02 0.000000e+00 0.000000e+00 0.000000e+00 0.000000e+00 0.000000e+00 0.000000e+00 0.000000e+00 0.000000e+00 0.000000e+00
1.360000e+00 0.000000e+00 -7.856837e+03 -5.740142e+03 0.000000e+00 0.000000e+00 0.000000e+00 -2.796500e+02 -2.728460e+02 1.774780e+03 7.233236e+02 0.000000e+00 0.000000e+00 0.000000e+00 0.000000e+00 0.000000e+00 0.000000e+00 0.000000e+00 0.000000e+00 0.000000e+00
1.361000e+00 0.000000e+00 -7.850242e+03 -5.731322e+03 0.000000e+00 0.000000e+00 0.000000e+00 -2.790256e+02 -2.720918e+02 1.772161e+03 7.206207e+02 0.000000e+00 0.000000e+00 0.000000e+00 0.000000e+00 0.000000e+00 0.000000e+00 0.000000e+00 0.000000e+00 0.000000e+00
1.362000e+00 0.000000e+00 -7.843491e+03 -5.722557e+03 0.000000e+00 0.000000e+00 0.000000e+00 -2.784099e+02 -2.713457e+02 1.769527e+03 7.179267e+02 0.000000e+00 0.000000e+00 0.000000e+00 0.000000e+00 0.000000e+00 0.000000e+00 0.000000e+00 0.000000e+00 0.000000e+00
1.363000e+00 0.000000e+00 -7.836584e+03 -5.713849e+03 0.000000e+00 0.000000e+00 0.000000e+00 -2.778028e+02 -2.706078e+02 1.766878e+03 7.152415e+02 0.000000e+00 0.000000e+00 0.000000e+00 0.000000e+00 0.000000e+00 0.000000e+00 0.000000e+00 0.000000e+00 0.000000e+00
1.364000e+00 0.000000e+00 -7.829522e+03 -5.705198e+03 0.000000e+00 0.000000e+00 0.000000e+00 -2.772041e+02 -2.698779e+02 1.764213e+03 7.125652e+02 0.000000e+00 0.000000e+00 0.000000e+00 0.000000e+00 0.000000e+00 0.000000e+00 0.000000e+00 0.000000e+00 0.000000e+00
1.365000e+00 0.000000e+00 -7.822305e+03 -5.696608e+03 0.000000e+00 0.000000e+00 0.000000e+00 -2.766138e+02 -2.691559e+02 1.761534e+03 7.098975e+02 0.000000e+00 0.000000e+00 0.000000e+00 0.000000e+00 0.000000e+00 0.000000e+00 0.000000e+00 0.000000e+00 0.000000e+00
1.366000e+00 0.000000e+00 -7.814934e+03 -5.688079e+03 0.000000e+00 0.000000e+00 0.000000e+00 -2.760317e+02 -2.684417e+02 1.758841e+03 7.072385e+02 0.000000e+00 0.000000e+00 0.000000e+00 0.000000e+00 0.000000e+00 0.000000e+00 0.000000e+00 0.000000e+00 0.000000e+00
1.367000e+00 0.000000e+00 -7.807410e+03 -5.679612e+03 0.000000e+00 0.000000e+00 0.000000e+00 -2.754577e+02 -2.677352e+02 1.756134e+03 7.045879e+02 0.000000e+00 0.000000e+00 0.000000e+00 0.000000e+00 0.000000e+00 0.000000e+00 0.000000e+00 0.000000e+00 0.000000e+00
1.368000e+00 0.000000e+00 -7.799734e+03 -5.671210e+03 0.000000e+00 0.000000e+00 0.000000e+00 -2.748916e+02 -2.670364e+02 1.753413e+03 7.019459e+02 0.000000e+00 0.000000e+00 0.000000e+00 0.000000e+00 0.000000e+00 0.000000e+00 0.000000e+00 0.000000e+00 0.000000e+00
1.369000e+00 0.000000e+00 -7.791905e+03 -5.662873e+03 0.000000e+00 0.000000e+00 0.000000e+00 -2.743334e+02 -2.663450e+02 1.750679e+03 6.993122e+02 0.000000e+00 0.000000e+00 0.000000e+00 0.000000e+00 0.000000e+00 0.000000e+00 0.000000e+00 0.000000e+00 0.000000e+00
1.370000e+00 0.000000e+00 -7.783926e+03 -5.654604e+03 0.000000e+00 0.000000e+00 0.000000e+00 -2.737829e+02 -2.656610e+02 1.747932e+03 6.966869e+02 0.000000e+00 0.000000e+00 0.000000e+00 0.000000e+00 0.000000e+00 0.000000e+00 0.000000e+00 0.000000e+00 0.000000e+00
1.371000e+00 0.000000e+00 -7.775796e+03 -5.646402e+03 0.000000e+00 0.000000e+00 0.000000e+00 -2.732399e+02 -2.649842e+02 1.745172e+03 6.940697e+02 0.000000e+00 0.000000e+00 0.000000e+00 0.000000e+00 0.000000e+00 0.000000e+00 0.000000e+00 0.000000e+00 0.000000e+00
1.372000e+00 0.000000e+00 -7.767517e+03 -5.638270e+03 0.000000e+00 0.000000e+00 0.000000e+00 -2.727044e+02 -2.643146e+02 1.742400e+03 6.914607e+02 0.000000e+00 0.000000e+00 0.000000e+00 0.000000e+00 0.000000e+00 0.000000e+00 0.000000e+00 0.000000e+00 0.000000e+00
1.373000e+00 0.000000e+00 -7.759090e+03 -5.630209e+03 0.000000e+00 0.000000e+00 0.000000e+00 -2.721762e+02 -2.636520e+02 1.739616e+03 6.888598e+02 0.000000e+00 0.000000e+00 0.000000e+00 0.000000e+00 0.000000e+00 0.000000e+00 0.000000e+00 0.000000e+00 0.000000e+00
1.374000e+00 0.000000e+00 -7.750516e+03 -5.622219e+03 0.000000e+00 0.000000e+00 0.000000e+00 -2.716551e+02 -2.629963e+02 1.736820e+03 6.862668e+02 0.000000e+00 0.000000e+00 0.000000e+00 0.000000e+00 0.000000e+00 0.000000e+00 0.000000e+00 0.000000e+00 0.000000e+00
1.375000e+00 0.000000e+00 -7.741796e+03 -5.614303e+03 0.000000e+00 0.000000e+00 0.000000e+00 -2.711411e+02 -2.623473e+02 1.734013e+03 6.836818e+02 0.000000e+00 0.000000e+00 0.000000e+00 0.000000e+00 0.000000e+00 0.000000e+00 0.000000e+00 0.000000e+00 0.000000e+00
1.376000e+00 0.000000e+00 -7.732930e+03 -5.606461e+03 0.000000e+00 0.000000e+00 0.000000e+00 -2.706340e+02 -2.617051e+02 1.731194e+03 6.811045e+02 0.000000e+00 0.000000e+00 0.000000e+00 0.000000e+00 0.000000e+00 0.000000e+00 0.000000e+00 0.000000e+00 0.000000e+00
1.377000e+00 0.000000e+00 -7.723921e+03 -5.598694e+03 0.000000e+00 0.000000e+00 0.000000e+00 -2.701336e+02 -2.610694e+02 1.728366e+03 6.785351e+02 0.000000e+00 0.000000e+00 0.000000e+00 0.000000e+00 0.000000e+00 0.000000e+00 0.000000e+00 0.000000e+00 0.000000e+00
1.378000e+00 0.000000e+00 -7.714770e+03 -5.591003e+03 0.000000e+00 0.000000e+00 0.000000e+00 -2.696398e+02 -2.604401e+02 1.725526e+03 6.759733e+02 0.000000e+00 0.000000e+00 0.000000e+00 0.000000e+00 0.000000e+00 0.000000e+00 0.000000e+00 0.000000e+00 0.000000e+00
1.379000e+00 0.000000e+00 -7.705477e+03 -5.583390e+03 0.000000e+00 0.000000e+00 0.000000e+00 -2.691525e+02 -2.598171e+02 1.722678e+03 6.734191e+02 0.000000e+00 0.000000e+00 0.000000e+00 0.000000e+00 0.000000e+00 0.000000e+00 0.000000e+00 0.000000e+00 0.000000e+00
1.380000e+00 0.000000e+00 -7.696044e+03 -5.575855e+03 0.000000e+00 0.000000e+00 0.000000e+00 -2.686715e+02 -2.592003e+02 1.719819e+03 6.708724e+02 0.000000e+00 0.000000e+00 0.000000e+00 0.000000e+00 0.000000e+00 0.000000e+00 0.000000e+00 0.000000e+00 0.000000e+00
1.381000e+00 0.000000e+00 -7.686473e+03 -5.568400e+03 0.000000e+00 0.000000e+00 0.000000e+00 -2.681967e+02 -2.585896e+02 1.716952e+03 6.683332e+02 0.000000e+00 0.000000e+00 0.000000e+00 0.000000e+00 0.000000e+00 0.000000e+00 0.000000e+00 0.000000e+00 0.000000e+00
1.382000e+00 0.000000e+00 -7.676765e+03 -5.561024e+03 0.000000e+00 0.000000e+00 0.000000e+00 -2.677280e+02 -2.579847e+02 1.714075e+03 6.658013e+02 0.000000e+00 0.000000e+00 0.000000e+00 0.000000e+00 0.000000e+00 0.000000e+00 0.000000e+00 0.000000e+00 0.000000e+00
1.383000e+00 0.000000e+00 -7.666921e+03 -5.553729e+03 0.000000e+00 0.000000e+00 0.000000e+00 -2.672651e+02 -2.573857e+02 1.711191e+03 6.632766e+02 0.000000e+00 0.000000e+00 0.000000e+00 0.000000e+00 0.000000e+00 0.000000e+00 0.000000e+00 0.000000e+00 0.000000e+00
1.384000e+00 0.000000e+00 -7.656943e+03 -5.546516e+03 0.000000e+00 0.000000e+00 0.000000e+00 -2.668080e+02 -2.567923e+02 1.708298e+03 6.607591e+02 0.000000e+00 0.000000e+00 0.000000e+00 0.000000e+00 0.000000e+00 0.000000e+00 0.000000e+00 0.000000e+00 0.000000e+00
1.385000e+00 0.000000e+00 -7.646832e+03 -5.539386e+03 0.000000e+00 0.000000e+00 0.000000e+00 -2.663564e+02 -2.562044e+02 1.705398e+03 6.582488e+02 0.000000e+00 0.000000e+00 0.000000e+00 0.000000e+00 0.000000e+00 0.000000e+00 0.000000e+00 0.000000e+00 0.000000e+00
1.386000e+00 0.000000e+00 -7.636591e+03 -5.532338e+03 0.000000e+00 0.000000e+00 0.000000e+00 -2.659103e+02 -2.556219e+02 1.702491e+03 6.557454e+02 0.000000e+00 0.000000e+00 0.000000e+00 0.000000e+00 0.000000e+00 0.000000e+00 0.000000e+00 0.000000e+00 0.000000e+00
1.387000e+00 0.000000e+00 -7.626220e+03 -5.525375e+03 0.000000e+00 0.000000e+00 0.000000e+00 -2.654695e+02 -2.550447e+02 1.699577e+03 6.532489e+02 0.000000e+00 0.000000e+00 0.000000e+00 0.000000e+00 0.000000e+00 0.000000e+00 0.000000e+00 0.000000e+00 0.000000e+00
1.388000e+00 0.000000e+00 -7.615722e+03 -5.518495e+03 0.000000e+00 0.000000e+00 0.000000e+00 -2.650338e+02 -2.544726e+02 1.696657e+03 6.507593e+02 0.000000e+00 0.000000e+00 0.000000e+00 0.000000e+00 0.000000e+00 0.000000e+00 0.000000e+00 0.000000e+00 0.000000e+00
1.389000e+00 0.000000e+00 -7.605098e+03 -5.511701e+03 0.000000e+00 0.000000e+00 0.000000e+00 -2.646031e+02 -2.539055e+02 1.693730e+03 6.482764e+02 0.000000e+00 0.000000e+00 0.000000e+00 0.000000e+00 0.000000e+00 0.000000e+00 0.000000e+00 0.000000e+00 0.000000e+00
1.390000e+00 0.000000e+00 -7.594349e+03 -5.504993e+03 0.000000e+00 0.000000e+00 0.000000e+00 -2.641772e+02 -2.533433e+02 1.690798e+03 6.458001e+02 0.000000e+00 0.000000e+00 0.000000e+00 0.000000e+00 0.000000e+00 0.000000e+00 0.000000e+00 0.000000e+00 0.000000e+00
1.391000e+00 0.000000e+00 -7.583479e+03 -5.498370e+03 0.000000e+00 0.000000e+00 0.000000e+00 -2.637560e+02 -2.527858e+02 1.687861e+03 6.433304e+02 0.000000e+00 0.000000e+00 0.000000e+00 0.000000e+00 0.000000e+00 0.000000e+00 0.000000e+00 0.000000e+00 0.000000e+00
1.392000e+00 0.000000e+00 -7.572488e+03 -5.491834e+03 0.000000e+00 0.000000e+00 0.000000e+00 -2.633393e+02 -2.522328e+02 1.684919e+03 6.408672e+02 0.000000e+00 0.000000e+00 0.000000e+00 0.000000e+00 0.000000e+00 0.000000e+00 0.000000e+00 0.000000e+00 0.000000e+00
1.393000e+00 0.000000e+00 -7.561378e+03 -5.485385e+03 0.000000e+00 0.000000e+00 0.000000e+00 -2.629270e+02 -2.516843e+02 1.681973e+03 6.384104e+02 0.000000e+00 0.000000e+00 0.000000e+00 0.000000e+00 0.000000e+00 0.000000e+00 0.000000e+00 0.000000e+00 0.000000e+00
1.394000e+00 0.000000e+00 -7.550152e+03 -5.479024e+03 0.000000e+00 0.000000e+00 0.000000e+00 -2.625189e+02 -2.511401e+02 1.679023e+03 6.359598e+02 0.000000e+00 0.000000e+00 0.000000e+00 0.000000e+00 0.000000e+00 0.000000e+00 0.000000e+00 0.000000e+00 0.000000e+00
1.395000e+00 0.000000e+00 -7.538811e+03 -5.472750e+03 0.000000e+00 0.000000e+00 0.000000e+00 -2.621148e+02 -2.506001e+02 1.676069e+03 6.335154e+02 0.000000e+00 0.000000e+00 0.000000e+00 0.000000e+00 0.000000e+00 0.000000e+00 0.000000e+00 0.000000e+00 0.000000e+00
1.396000e+00 0.000000e+00 -7.527358e+03 -5.466565e+03 0.000000e+00 0.000000e+00 0.000000e+00 -2.617146e+02 -2.500640e+02 1.673113e+03 6.310770e+02 0.000000e+00 0.000000e+00 0.000000e+00 0.000000e+00 0.000000e+00 0.000000e+00 0.000000e+00 0.000000e+00 0.000000e+00
1.397000e+00 0.000000e+00 -7.515793e+03 -5.460467e+03 0.000000e+00 0.000000e+00 0.000000e+00 -2.613181e+02 -2.495318e+02 1.670153e+03 6.286446e+02 0.000000e+00 0.000000e+00 0.000000e+00 0.000000e+00 0.000000e+00 0.000000e+00 0.000000e+00 0.000000e+00 0.000000e+00
1.398000e+00 0.000000e+00 -7.504120e+03 -5.454458e+03 0.000000e+00 0.000000e+00 0.000000e+00 -2.609252e+02 -2.490034e+02 1.667191e+03 6.262181e+02 0.000000e+00 0.000000e+00 0.000000e+00 0.000000e+00 0.000000e+00 0.000000e+00 0.000000e+00 0.000000e+00 0.000000e+00
1.399000e+00 0.000000e+00 -7.492341e+03 -5.448538e+03 0.000000e+00 0.000000e+00 0.000000e+00 -2.605357e+02 -2.484785e+02 1.664228e+03 6.237974e+02 0.000000e+00 0.000000e+00 0.000000e+00 0.000000e+00 0.000000e+00 0.000000e+00 0.000000e+00 0.000000e+00 0.000000e+00
1.400000e+00 0.000000e+00 -7.480457e+03 -5.442706e+03 0.000000e+00 0.000000e+00 0.000000e+00 -2.601494e+02 -2.479571e+02 1.661262e+03 6.213822e+02 0.000000e+00 0.000000e+00 0.000000e+00 0.000000e+00 0.000000e+00 0.000000e+00 0.000000e+00 0.000000e+00 0.000000e+00
1.401000e+00 0.000000e+00 -7.468471e+03 -5.436963e+03 0.000000e+00 0.000000e+00 0.000000e+00 -2.597662e+02 -2.474390e+02 1.658296e+03 6.189726e+02 0.000000e+00 0.000000e+00 0.000000e+00 0.000000e+00 0.000000e+00 0.000000e+00 0.000000e+00 0.000000e+00 0.000000e+00
1.402000e+00 0.000000e+00 -7.456385e+03 -5.431309e+03 0.000000e+00 0.000000e+00 0.000000e+00 -2.593859e+02 -2.469240e+02 1.655329e+03 6.165685e+02 0.000000e+00 0.000000e+00 0.000000e+00 0.000000e+00 0.000000e+00 0.000000e+00 0.000000e+00 0.000000e+00 0.000000e+00
1.403000e+00 0.000000e+00 -7.444200e+03 -5.425744e+03 0.000000e+00 0.000000e+00 0.000000e+00 -2.590084e+02 -2.464120e+02 1.652362e+03 6.141696e+02 0.000000e+00 0.000000e+00 0.000000e+00 0.000000e+00 0.000000e+00 0.000000e+00 0.000000e+00 0.000000e+00 0.000000e+00
1.404000e+00 0.000000e+00 -7.431920e+03 -5.420267e+03 0.000000e+00 0.000000e+00 0.000000e+00 -2.586334e+02 -2.459028e+02 1.649395e+03 6.117760e+02 0.000000e+00 0.000000e+00 0.000000e+00 0.000000e+00 0.000000e+00 0.000000e+00 0.000000e+00 0.000000e+00 0.000000e+00
1.405000e+00 0.000000e+00 -7.419546e+03 -5.414880e+03 0.000000e+00 0.000000e+00 0.000000e+00 -2.582609e+02 -2.453963e+02 1.646429e+03 6.093874e+02 0.000000e+00 0.000000e+00 0.000000e+00 0.000000e+00 0.000000e+00 0.000000e+00 0.000000e+00 0.000000e+00 0.000000e+00
1.406000e+00 0.000000e+00 -7.407081e+03 -5.409580e+03 0.000000e+00 0.000000e+00 0.000000e+00 -2.578906e+02 -2.448924e+02 1.643463e+03 6.070038e+02 0.000000e+00 0.000000e+00 0.000000e+00 0.000000e+00 0.000000e+00 0.000000e+00 0.000000e+00 0.000000e+00 0.000000e+00
1.407000e+00 0.000000e+00 -7.394527e+03 -5.404370e+03 0.000000e+00 0.000000e+00 0.000000e+00 -2.575224e+02 -2.443909e+02 1.640499e+03 6.046250e+02 0.000000e+00 0.000000e+00 0.000000e+00 0.000000e+00 0.000000e+00 0.000000e+00 0.000000e+00 0.000000e+00 0.000000e+00
1.408000e+00 0.000000e+00 -7.381887e+03 -5.399247e+03 0.000000e+00 0.000000e+00 0.000000e+00 -2.571562e+02 -2.438916e+02 1.637536e+03 6.022509e+02 0.000000e+00 0.000000e+00 0.000000e+00 0.000000e+00 0.000000e+00 0.000000e+00 0.000000e+00 0.000000e+00 0.000000e+00
1.409000e+00 0.000000e+00 -7.369162e+03 -5.394212e+03 0.000000e+00 0.000000e+00 0.000000e+00 -2.567916e+02 -2.433944e+02 1.634576e+03 5.998815e+02 0.000000e+00 0.000000e+00 0.000000e+00 0.000000e+00 0.000000e+00 0.000000e+00 0.000000e+00 0.000000e+00 0.000000e+00
1.410000e+00 0.000000e+00 -7.356354e+03 -5.389265e+03 0.000000e+00 0.000000e+00 0.000000e+00 -2.564287e+02 -2.428992e+02 1.631618e+03 5.975164e+02 0.000000e+00 0.000000e+00 0.000000e+00 0.000000e+00 0.000000e+00 0.000000e+00 0.000000e+00 0.000000e+00 0.000000e+00
1.411000e+00 0.000000e+00 -7.343467e+03 -5.384404e+03 0.000000e+00 0.000000e+00 0.000000e+00 -2.560672e+02 -2.424058e+02 1.628663e+03 5.951557e+02 0.000000e+00 0.000000e+00 0.000000e+00 0.000000e+00 0.000000e+00 0.000000e+00 0.000000e+00 0.000000e+00 0.000000e+00
1.412000e+00 0.000000e+00 -7.330503e+03 -5.379631e+03 0.000000e+00 0.000000e+00 0.000000e+00 -2.557070e+02 -2.419139e+02 1.625711e+03 5.927992e+02 0.000000e+00 0.000000e+00 0.000000e+00 0.000000e+00 0.000000e+00 0.000000e+00 0.000000e+00 0.000000e+00 0.000000e+00
1.413000e+00 0.000000e+00 -7.317463e+03 -5.374943e+03 0.000000e+00 0.000000e+00 0.000000e+00 -2.553478e+02 -2.414236e+02 1.622763e+03 5.904467e+02 0.000000e+00 0.000000e+00 0.000000e+00 0.000000e+00 0.000000e+00 0.000000e+00 0.000000e+00 0.000000e+00 0.000000e+00
1.414000e+00 0.000000e+00 -7.304350e+03 -5.370342e+03 0.000000e+00 0.000000e+00 0.000000e+00 -2.549895e+02 -2.409346e+02 1.619819e+03 5.880982e+02 0.000000e+00 0.000000e+00 0.000000e+00 0.000000e+00 0.000000e+00 0.000000e+00 0.000000e+00 0.000000e+00 0.000000e+00
1.415000e+00 0.000000e+00 -7.291168e+03 -5.365825e+03 0.000000e+00 0.000000e+00 0.000000e+00 -2.546321e+02 -2.404468e+02 1.616879e+03 5.857534e+02 0.000000e+00 0.000000e+00 0.000000e+00 0.000000e+00 0.000000e+00 0.000000e+00 0.000000e+00 0.000000e+00 0.000000e+00
1.416000e+00 0.000000e+00 -7.277917e+03 -5.361393e+03 0.000000e+00 0.000000e+00 0.000000e+00 -2.542752e+02 -2.399600e+02 1.613944e+03 5.834123e+02 0.000000e+00 0.000000e+00 0.000000e+00 0.000000e+00 0.000000e+00 0.000000e+00 0.000000e+00 0.000000e+00 0.000000e+00
1.417000e+00 0.000000e+00 -7.264600e+03 -5.357046e+03 0.000000e+00 0.000000e+00 0.000000e+00 -2.539187e+02 -2.394741e+02 1.611014e+03 5.810747e+02 0.000000e+00 0.000000e+00 0.000000e+00 0.000000e+00 0.000000e+00 0.000000e+00 0.000000e+00 0.000000e+00 0.000000e+00
1.418000e+00 0.000000e+00 -7.251221e+03 -5.352781e+03 0.000000e+00 0.000000e+00 0.000000e+00 -2.535624e+02 -2.389889e+02 1.608090e+03 5.787404e+02 0.000000e+00 0.000000e+00 0.000000e+00 0.000000e+00 0.000000e+00 0.000000e+00 0.000000e+00 0.000000e+00 0.000000e+00
1.419000e+00 0.000000e+00 -7.237780e+03 -5.348599e+03 0.000000e+00 0.000000e+00 0.000000e+00 -2.532063e+02 -2.385043e+02 1.605171e+03 5.764093e+02 0.000000e+00 0.000000e+00 0.000000e+00 0.000000e+00 0.000000e+00 0.000000e+00 0.000000e+00 0.000000e+00 0.000000e+00
1.420000e+00 0.000000e+00 -7.224281e+03 -5.344499e+03 0.000000e+00 0.000000e+00 0.000000e+00 -2.528501e+02 -2.380201e+02 1.602259e+03 5.740813e+02 0.000000e+00 0.000000e+00 0.000000e+00 0.000000e+00 0.000000e+00 0.000000e+00 0.000000e+00 0.000000e+00 0.000000e+00
1.421000e+00 0.000000e+00 -7.210726e+03 -5.340479e+03 0.000000e+00 0.000000e+00 0.000000e+00 -2.524936e+02 -2.375361e+02 1.599353e+03 5.717562e+02 0.000000e+00 0.000000e+00 0.000000e+00 0.000000e+00 0.000000e+00 0.000000e+00 0.000000e+00 0.000000e+00 0.000000e+00
1.422000e+00 0.000000e+00 -7.197117e+03 -5.336540e+03 0.000000e+00 0.000000e+00 0.000000e+00 -2.521368e+02 -2.370523e+02 1.596454e+03 5.694338e+02 0.000000e+00 0.000000e+00 0.000000e+00 0.000000e+00 0.000000e+00 0.000000e+00 0.000000e+00 0.000000e+00 0.000000e+00
1.423000e+00 0.000000e+00 -7.183458e+03 -5.332680e+03 0.000000e+00 0.000000e+00 0.000000e+00 -2.517793e+02 -2.365684e+02 1.593562e+03 5.671141e+02 0.000000e+00 0.000000e+00 0.000000e+00 0.000000e+00 0.000000e+00 0.000000e+00 0.000000e+00 0.000000e+00 0.000000e+00
1.424000e+00 0.000000e+00 -7.169749e+03 -5.328899e+03 0.000000e+00 0.000000e+00 0.000000e+00 -2.514212e+02 -2.360843e+02 1.590678e+03 5.647968e+02 0.000000e+00 0.000000e+00 0.000000e+00 0.000000e+00 0.000000e+00 0.000000e+00 0.000000e+00 0.000000e+00 0.000000e+00
1.425000e+00 0.000000e+00 -7.155993e+03 -5.325195e+03 0.000000e+00 0.000000e+00 0.000000e+00 -2.510621e+02 -2.355998e+02 1.587801e+03 5.624817e+02 0.000000e+00 0.000000e+00 0.000000e+00 0.000000e+00 0.000000e+00 0.000000e+00 0.000000e+00 0.000000e+00 0.000000e+00
1.426000e+00 0.000000e+00 -7.142194e+03 -5.321567e+03 0.000000e+00 0.000000e+00 0.000000e+00 -2.507020e+02 -2.351149e+02 1.584933e+03 5.601688e+02 0.000000e+00 0.000000e+00 0.000000e+00 0.000000e+00 0.000000e+00 0.000000e+00 0.000000e+00 0.000000e+00 0.000000e+00
1.427000e+00 0.000000e+00 -7.128353e+03 -5.318014e+03 0.000000e+00 0.000000e+00 0.000000e+00 -2.503406e+02 -2.346293e+02 1.582073e+03 5.578579e+02 0.000000e+00 0.000000e+00 0.000000e+00 0.000000e+00 0.000000e+00 0.000000e+00 0.000000e+00 0.000000e+00 0.000000e+00
1.428000e+00 0.000000e+00 -7.114472e+03 -5.314535e+03 0.000000e+00 0.000000e+00 0.000000e+00 -2.499779e+02 -2.341429e+02 1.579222e+03 5.555488e+02 0.000000e+00 0.000000e+00 0.000000e+00 0.000000e+00 0.000000e+00 0.000000e+00 0.000000e+00 0.000000e+00 0.000000e+00
1.429000e+00 0.000000e+00 -7.100554e+03 -5.311130e+03 0.000000e+00 0.000000e+00 0.000000e+00 -2.496136e+02 -2.336555e+02 1.576380e+03 5.532413e+02 0.000000e+00 0.000000e+00 0.000000e+00 0.000000e+00 0.000000e+00 0.000000e+00 0.000000e+00 0.000000e+00 0.000000e+00
1.430000e+00 0.000000e+00 -7.086602e+03 -5.307796e+03 0.000000e+00 0.000000e+00 0.000000e+00 -2.492476e+02 -2.331671e+02 1.573548e+03 5.509353e+02 0.000000e+00 0.000000e+00 0.000000e+00 0.000000e+00 0.000000e+00 0.000000e+00 0.000000e+00 0.000000e+00 0.000000e+00
1.431000e+00 0.000000e+00 -7.072617e+03 -5.304533e+03 0.000000e+00 0.000000e+00 0.000000e+00 -2.488797e+02 -2.326774e+02 1.570725e+03 5.486306e+02 0.000000e+00 0.000000e+00 0.000000e+00 0.000000e+00 0.000000e+00 0.000000e+00 0.000000e+00 0.000000e+00 0.000000e+00
1.432000e+00 0.000000e+00 -7.058602e+03 -5.301339e+03 0.000000e+00 0.000000e+00 0.000000e+00 -2.485098e+02 -2.321863e+02 1.567912e+03 5.463270e+02 0.000000e+00 0.000000e+00 0.000000e+00 0.000000e+00 0.000000e+00 0.000000e+00 0.000000e+00 0.000000e+00 0.000000e+00
1.433000e+00 0.000000e+00 -7.044559e+03 -5.298213e+03 0.000000e+00 0.000000e+00 0.000000e+00 -2.481377e+02 -2.316936e+02 1.565109e+03 5.440245e+02 0.000000e+00 0.000000e+00 0.000000e+00 0.000000e+00 0.000000e+00 0.000000e+00 0.000000e+00 0.000000e+00 0.000000e+00
1.434000e+00 0.000000e+00 -7.030491e+03 -5.295154e+03 0.000000e+00 0.000000e+00 0.000000e+00 -2.477633e+02 -2.311993e+02 1.562317e+03 5.417227e+02 0.000000e+00 0.000000e+00 0.000000e+00 0.000000e+00 0.000000e+00 0.000000e+00 0.000000e+00 0.000000e+00 0.000000e+00
1.435000e+00 0.000000e+00 -7.016400e+03 -5.292161e+03 0.000000e+00 0.000000e+00 0.000000e+00 -2.473864e+02 -2.307031e+02 1.559536e+03 5.394216e+02 0.000000e+00 0.000000e+00 0.000000e+00 0.000000e+00 0.000000e+00 0.000000e+00 0.000000e+00 0.000000e+00 0.000000e+00
1.436000e+00 0.000000e+00 -7.002288e+03 -5.289231e+03 0.000000e+00 0.000000e+00 0.000000e+00 -2.470068e+02 -2.302049e+02 1.556766e+03 5.371210e+02 0.000000e+00 0.000000e+00 0.000000e+00 0.000000e+00 0.000000e+00 0.000000e+00 0.000000e+00 0.000000e+00 0.000000e+00
1.437000e+00 0.000000e+00 -6.988157e+03 -5.286364e+03 0.000000e+00 0.000000e+00 0.000000e+00 -2.466245e+02 -2.297046e+02 1.554007e+03 5.348207e+02 0.000000e+00 0.000000e+00 0.000000e+00 0.000000e+00 0.000000e+00 0.000000e+00 0.000000e+00 0.000000e+00 0.000000e+00
1.438000e+00 0.000000e+00 -6.974009e+03 -5.283558e+03 0.000000e+00 0.000000e+00 0.000000e+00 -2.462392e+02 -2.292020e+02 1.551260e+03 5.325205e+02 0.000000e+00 0.000000e+00 0.000000e+00 0.000000e+00 0.000000e+00 0.000000e+00 0.000000e+00 0.000000e+00 0.000000e+00
1.439000e+00 0.000000e+00 -6.959847e+03 -5.280812e+03 0.000000e+00 0.000000e+00 0.000000e+00 -2.458508e+02 -2.286970e+02 1.548524e+03 5.302203e+02 0.000000e+00 0.000000e+00 0.000000e+00 0.000000e+00 0.000000e+00 0.000000e+00 0.000000e+00 0.000000e+00 0.000000e+00
1.440000e+00 0.000000e+00 -6.945674e+03 -5.278124e+03 0.000000e+00 0.000000e+00 0.000000e+00 -2.454592e+02 -2.281895e+02 1.545800e+03 5.279198e+02 0.000000e+00 0.000000e+00 0.000000e+00 0.000000e+00 0.000000e+00 0.000000e+00 0.000000e+00 0.000000e+00 0.000000e+00
1.441000e+00 0.000000e+00 -6.931490e+03 -5.275493e+03 0.000000e+00 0.000000e+00 0.000000e+00 -2.450642e+02 -2.276793e+02 1.543089e+03 5.256190e+02 0.000000e+00 0.000000e+00 0.000000e+00 0.000000e+00 0.000000e+00 0.000000e+00 0.000000e+00 0.000000e+00 0.000000e+00
1.442000e+00 0.000000e+00 -6.917298e+03 -5.272917e+03 0.000000e+00 0.000000e+00 0.000000e+00 -2.446657e+02 -2.271662e+02 1.540390e+03 5.233177e+02 0.000000e+00 0.000000e+00 0.000000e+00 0.000000e+00 0.000000e+00 0.000000e+00 0.000000e+00 0.000000e+00 0.000000e+00
1.443000e+00 0.000000e+00 -6.903100e+03 -5.270394e+03 0.000000e+00 0.000000e+00 0.000000e+00 -2.442635e+02 -2.266502e+02 1.537704e+03 5.210156e+02 0.000000e+00 0.000000e+00 0.000000e+00 0.000000e+00 0.000000e+00 0.000000e+00 0.000000e+00 0.000000e+00 0.000000e+00
1.444000e+00 0.000000e+00 -6.888899e+03 -5.267924e+03 0.000000e+00 0.000000e+00 0.000000e+00 -2.438574e+02 -2.261311e+02 1.535031e+03 5.187126e+02 0.000000e+00 0.000000e+00 0.000000e+00 0.000000e+00 0.000000e+00 0.000000e+00 0.000000e+00 0.000000e+00 0.000000e+00
1.445000e+00 0.000000e+00 -6.874697e+03 -5.265503e+03 0.000000e+00 0.000000e+00 0.000000e+00 -2.434474e+02 -2.256088e+02 1.532371e+03 5.164086e+02 0.000000e+00 0.000000e+00 0.000000e+00 0.000000e+00 0.000000e+00 0.000000e+00 0.000000e+00 0.000000e+00 0.000000e+00
1.446000e+00 0.000000e+00 -6.860494e+03 -5.263131e+03 0.000000e+00 0.000000e+00 0.000000e+00 -2.430333e+02 -2.250831e+02 1.529724e+03 5.141034e+02 0.000000e+00 0.000000e+00 0.000000e+00 0.000000e+00 0.000000e+00 0.000000e+00 0.000000e+00 0.000000e+00 0.000000e+00
1.447000e+00 0.000000e+00 -6.846294e+03 -5.260806e+03 0.000000e+00 0.000000e+00 0.000000e+00 -2.426150e+02 -2.245539e+02 1.527091e+03 5.117967e+02 0.000000e+00 0.000000e+00 0.000000e+00 0.000000e+00 0.000000e+00 0.000000e+00 0.000000e+00 0.000000e+00 0.000000e+00
1.448000e+00 0.000000e+00 -6.832099e+03 -5.258526e+03 0.000000e+00 0.000000e+00 0.000000e+00 -2.421924e+02 -2.240211e+02 1.524472e+03 5.094885e+02 0.000000e+00 0.000000e+00 0.000000e+00 0.000000e+00 0.000000e+00 0.000000e+00 0.000000e+00 0.000000e+00 0.000000e+00
1.449000e+00 0.000000e+00 -6.817910e+03 -5.256290e+03 0.000000e+00 0.000000e+00 0.000000e+00 -2.417652e+02 -2.234845e+02 1.521866e+03 5.071786e+02 0.000000e+00 0.000000e+00 0.000000e+00 0.000000e+00 0.000000e+00 0.000000e+00 0.000000e+00 0.000000e+00 0.000000e+00
1.450000e+00 0.000000e+00 -6.803729e+03 -5.254095e+03 0.000000e+00 0.000000e+00 0.000000e+00 -2.413335e+02 -2.229441e+02 1.519275e+03 5.048668e+02 0.000000e+00 0.000000e+00 0.000000e+00 0.000000e+00 0.000000e+00 0.000000e+00 0.000000e+00 0.000000e+00 0.000000e+00
1.451000e+00 0.000000e+00 -6.789558e+03 -5.251941e+03 0.000000e+00 0.000000e+00 0.000000e+00 -2.408969e+02 -2.223996e+02 1.516697e+03 5.025528e+02 0.000000e+00 0.000000e+00 0.000000e+00 0.000000e+00 0.000000e+00 0.000000e+00 0.000000e+00 0.000000e+00 0.000000e+00
1.452000e+00 0.000000e+00 -6.775399e+03 -5.249824e+03 0.000000e+00 0.000000e+00 0.000000e+00 -2.404555e+02 -2.218511e+02 1.514134e+03 5.002367e+02 0.000000e+00 0.000000e+00 0.000000e+00 0.000000e+00 0.000000e+00 0.000000e+00 0.000000e+00 0.000000e+00 0.000000e+00
1.453000e+00 0.000000e+00 -6.761255e+03 -5.247744e+03 0.000000e+00 0.000000e+00 0.000000e+00 -2.400091e+02 -2.212983e+02 1.511586e+03 4.979182e+02 0.000000e+00 0.000000e+00 0.000000e+00 0.000000e+00 0.000000e+00 0.000000e+00 0.000000e+00 0.000000e+00 0.000000e+00
1.454000e+00 0.000000e+00 -6.747126e+03 -5.245698e+03 0.000000e+00 0.000000e+00 0.000000e+00 -2.395576e+02 -2.207412e+02 1.509052e+03 4.955971e+02 0.000000e+00 0.000000e+00 0.000000e+00 0.000000e+00 0.000000e+00 0.000000e+00 0.000000e+00 0.000000e+00 0.000000e+00
1.455000e+00 0.000000e+00 -6.733014e+03 -5.243686e+03 0.000000e+00 0.000000e+00 0.000000e+00 -2.391009e+02 -2.201796e+02 1.506533e+03 4.932732e+02 0.000000e+00 0.000000e+00 0.000000e+00 0.000000e+00 0.000000e+00 0.000000e+00 0.000000e+00 0.000000e+00 0.000000e+00
1.456000e+00 0.000000e+00 -6.718922e+03 -5.241704e+03 0.000000e+00 0.000000e+00 0.000000e+00 -2.386387e+02 -2.196134e+02 1.504029e+03 4.909465e+02 0.000000e+00 0.000000e+00 0.000000e+00 0.000000e+00 0.000000e+00 0.000000e+00 0.000000e+00 0.000000e+00 0.000000e+00
1.457000e+00 0.000000e+00 -6.704850e+03 -5.239751e+03 0.000000e+00 0.000000e+00 0.000000e+00 -2.381712e+02 -2.190425e+02 1.501541e+03 4.886168e+02 0.000000e+00 0.000000e+00 0.000000e+00 0.000000e+00 0.000000e+00 0.000000e+00 0.000000e+00 0.000000e+00 0.000000e+00
1.458000e+00 0.000000e+00 -6.690801e+03 -5.237826e+03 0.000000e+00 0.000000e+00 0.000000e+00 -2.376980e+02 -2.184668e+02 1.499067e+03 4.862838e+02 0.000000e+00 0.000000e+00 0.000000e+00 0.000000e+00 0.000000e+00 0.000000e+00 0.000000e+00 0.000000e+00 0.000000e+00
1.459000e+00 0.000000e+00 -6.676776e+03 -5.235926e+03 0.000000e+00 0.000000e+00 0.000000e+00 -2.372191e+02 -2.178862e+02 1.496609e+03 4.839475e+02 0.000000e+00 0.000000e+00 0.000000e+00 0.000000e+00 0.000000e+00 0.000000e+00 0.000000e+00 0.000000e+00 0.000000e+00
1.460000e+00 0.000000e+00 -6.662777e+03 -5.234050e+03 0.000000e+00 0.000000e+00 0.000000e+00 -2.367345e+02 -2.173006e+02 1.494166e+03 4.816077e+02 0.000000e+00 0.000000e+00 0.000000e+00 0.000000e+00 0.000000e+00 0.000000e+00 0.000000e+00 0.000000e+00 0.000000e+00
1.461000e+00 0.000000e+00 -6.648806e+03 -5.232195e+03 0.000000e+00 0.000000e+00 0.000000e+00 -2.362439e+02 -2.167099e+02 1.491739e+03 4.792643e+02 0.000000e+00 0.000000e+00 0.000000e+00 0.000000e+00 0.000000e+00 0.000000e+00 0.000000e+00 0.000000e+00 0.000000e+00
1.462000e+00 0.000000e+00 -6.634863e+03 -5.230361e+03 0.000000e+00 0.000000e+00 0.000000e+00 -2.357474e+02 -2.161139e+02 1.489327e+03 4.769170e+02 0.000000e+00 0.000000e+00 0.000000e+00 0.000000e+00 0.000000e+00 0.000000e+00 0.000000e+00 0.000000e+00 0.000000e+00
1.463000e+00 0.000000e+00 -6.620951e+03 -5.228545e+03 0.000000e+00 0.000000e+00 0.000000e+00 -2.352447e+02 -2.155127e+02 1.486931e+03 4.745659e+02 0.000000e+00 0.000000e+00 0.000000e+00 0.000000e+00 0.000000e+00 0.000000e+00 0.000000e+00 0.000000e+00 0.000000e+00
1.464000e+00 0.000000e+00 -6.607070e+03 -5.226744e+03 0.000000e+00 0.000000e+00 0.000000e+00 -2.347359e+02 -2.149061e+02 1.484551e+03 4.722106e+02 0.000000e+00 0.000000e+00 0.000000e+00 0.000000e+00 0.000000e+00 0.000000e+00 0.000000e+00 0.000000e+00 0.000000e+00
1.465000e+00 0.000000e+00 -6.593223e+03 -5.224959e+03 0.000000e+00 0.000000e+00 0.000000e+00 -2.342208e+02 -2.142939e+02 1.482187e+03 4.698511e+02 0.000000e+00 0.000000e+00 0.000000e+00 0.000000e+00 0.000000e+00 0.000000e+00 0.000000e+00 0.000000e+00 0.000000e+00
1.466000e+00 0.000000e+00 -6.579410e+03 -5.223186e+03 0.000000e+00 0.000000e+00 0.000000e+00 -2.336993e+02 -2.136762e+02 1.479839e+03 4.674873e+02 0.000000e+00 0.000000e+00 0.000000e+00 0.000000e+00 0.000000e+00 0.000000e+00 0.000000e+00 0.000000e+00 0.000000e+00
1.467000e+00 0.000000e+00 -6.565634e+03 -5.221424e+03 0.000000e+00 0.000000e+00 0.000000e+00 -2.331714e+02 -2.130528e+02 1.477507e+03 4.651190e+02 0.000000e+00 0.000000e+00 0.000000e+00 0.000000e+00 0.000000e+00 0.000000e+00 0.000000e+00 0.000000e+00 0.000000e+00
1.468000e+00 0.000000e+00 -6.551894e+03 -5.219670e+03 0.000000e+00 0.000000e+00 0.000000e+00 -2.326369e+02 -2.124237e+02 1.475192e+03 4.627461e+02 0.000000e+00 0.000000e+00 0.000000e+00 0.000000e+00 0.000000e+00 0.000000e+00 0.000000e+00 0.000000e+00 0.000000e+00
1.469000e+00 0.000000e+00 -6.538194e+03 -5.217924e+03 0.000000e+00 0.000000e+00 0.000000e+00 -2.320958e+02 -2.117887e+02 1.472892e+03 4.603684e+02 0.000000e+00 0.000000e+00 0.000000e+00 0.000000e+00 0.000000e+00 0.000000e+00 0.000000e+00 0.000000e+00 0.000000e+00
1.470000e+00 0.000000e+00 -6.524533e+03 -5.216184e+03 0.000000e+00 0.000000e+00 0.000000e+00 -2.315480e+02 -2.111478e+02 1.470609e+03 4.579859e+02 0.000000e+00 0.000000e+00 0.000000e+00 0.000000e+00 0.000000e+00 0.000000e+00 0.000000e+00 0.000000e+00 0.000000e+00
1.471000e+00 0.000000e+00 -6.510913e+03 -5.214446e+03 0.000000e+00 0.000000e+00 0.000000e+00 -2.309935e+02 -2.105009e+02 1.468342e+03 4.555984e+02 0.000000e+00 0.000000e+00 0.000000e+00 0.000000e+00 0.000000e+00 0.000000e+00 0.000000e+00 0.000000e+00 0.000000e+00
1.472000e+00 0.000000e+00 -6.497336e+03 -5.212711e+03 0.000000e+00 0.000000e+00 0.000000e+00 -2.304320e+02 -2.098480e+02 1.466091e+03 4.532058e+02 0.000000e+00 0.000000e+00 0.000000e+00 0.000000e+00 0.000000e+00 0.000000e+00 0.000000e+00 0.000000e+00 0.000000e+00
1.473000e+00 0.000000e+00 -6.483802e+03 -5.210975e+03 0.000000e+00 0.000000e+00 0.000000e+00 -2.298637e+02 -2.091889e+02 1.463857e+03 4.508079e+02 0.000000e+00 0.000000e+00 0.000000e+00 0.000000e+00 0.000000e+00 0.000000e+00 0.000000e+00 0.000000e+00 0.000000e+00
1.474000e+00 0.000000e+00 -6.470313e+03 -5.209238e+03 0.000000e+00 0.000000e+00 0.000000e+00 -2.292884e+02 -2.085236e+02 1.461640e+03 4.484047e+02 0.000000e+00 0.000000e+00 0.000000e+00 0.000000e+00 0.000000e+00 0.000000e+00 0.000000e+00 0.000000e+00 0.000000e+00
1.475000e+00 0.000000e+00 -6.456869e+03 -5.207497e+03 0.000000e+00 0.000000e+00 0.000000e+00 -2.287060e+02 -2.078521e+02 1.459439e+03 4.459961e+02 0.000000e+00 0.000000e+00 0.000000e+00 0.000000e+00 0.000000e+00 0.000000e+00 0.000000e+00 0.000000e+00 0.000000e+00
1.476000e+00 0.000000e+00 -6.443472e+03 -5.205750e+03 0.000000e+00 0.000000e+00 0.000000e+00 -2.281165e+02 -2.071742e+02 1.457254e+03 4.435819e+02 0.000000e+00 0.000000e+00 0.000000e+00 0.000000e+00 0.000000e+00 0.000000e+00 0.000000e+00 0.000000e+00 0.000000e+00
1.477000e+00 0.000000e+00 -6.430123e+03 -5.203997e+03 0.000000e+00 0.000000e+00 0.000000e+00 -2.275198e+02 -2.064899e+02 1.455086e+03 4.411620e+02 0.000000e+00 0.000000e+00 0.000000e+00 0.000000e+00 0.000000e+00 0.000000e+00 0.000000e+00 0.000000e+00 0.000000e+00
1.478000e+00 0.000000e+00 -6.416822e+03 -5.202235e+03 0.000000e+00 0.000000e+00 0.000000e+00 -2.269159e+02 -2.057991e+02 1.452934e+03 4.387364e+02 0.000000e+00 0.000000e+00 0.000000e+00 0.000000e+00 0.000000e+00 0.000000e+00 0.000000e+00 0.000000e+00 0.000000e+00
1.479000e+00 0.000000e+00 -6.403571e+03 -5.200462e+03 0.000000e+00 0.000000e+00 0.000000e+00 -2.263047e+02 -2.051019e+02 1.450800e+03 4.363049e+02 0.000000e+00 0.000000e+00 0.000000e+00 0.000000e+00 0.000000e+00 0.000000e+00 0.000000e+00 0.000000e+00 0.000000e+00
1.480000e+00 0.000000e+00 -6.390370e+03 -5.198677e+03 0.000000e+00 0.000000e+00 0.000000e+00 -2.256861e+02 -2.043981e+02 1.448681e+03 4.338676e+02 0.000000e+00 0.000000e+00 0.000000e+00 0.000000e+00 0.000000e+00 0.000000e+00 0.000000e+00 0.000000e+00 0.000000e+00
1.481000e+00 0.000000e+00 -6.377221e+03 -5.196879e+03 0.000000e+00 0.000000e+00 0.000000e+00 -2.250602e+02 -2.036877e+02 1.446580e+03 4.314242e+02 0.000000e+00 0.000000e+00 0.000000e+00 0.000000e+00 0.000000e+00 0.000000e+00 0.000000e+00 0.000000e+00 0.000000e+00
1.482000e+00 0.000000e+00 -6.364123e+03 -5.195065e+03 0.000000e+00 0.000000e+00 0.000000e+00 -2.244269e+02 -2.029706e+02 1.444495e+03 4.289747e+02 0.000000e+00 0.000000e+00 0.000000e+00 0.000000e+00 0.000000e+00 0.000000e+00 0.000000e+00 0.000000e+00 0.000000e+00
1.483000e+00 0.000000e+00 -6.351079e+03 -5.193235e+03 0.000000e+00 0.000000e+00 0.000000e+00 -2.237862e+02 -2.022469e+02 1.442426e+03 4.265191e+02 0.000000e+00 0.000000e+00 0.000000e+00 0.000000e+00 0.000000e+00 0.000000e+00 0.000000e+00 0.000000e+00 0.000000e+00
1.484000e+00 0.000000e+00 -6.338088e+03 -5.191386e+03 0.000000e+00 0.000000e+00 0.000000e+00 -2.231380e+02 -2.015164e+02 1.440374e+03 4.240572e+02 0.000000e+00 0.000000e+00 0.000000e+00 0.000000e+00 0.000000e+00 0.000000e+00 0.000000e+00 0.000000e+00 0.000000e+00
1.485000e+00 0.000000e+00 -6.325152e+03 -5.189517e+03 0.000000e+00 0.000000e+00 0.000000e+00 -2.224822e+02 -2.007792e+02 1.438339e+03 4.215891e+02 0.000000e+00 0.000000e+00 0.000000e+00 0.000000e+00 0.000000e+00 0.000000e+00 0.000000e+00 0.000000e+00 0.000000e+00
1.486000e+00 0.000000e+00 -6.312271e+03 -5.187627e+03 0.000000e+00 0.000000e+00 0.000000e+00 -2.218189e+02 -2.000352e+02 1.436320e+03 4.191146e+02 0.000000e+00 0.000000e+00 0.000000e+00 0.000000e+00 0.000000e+00 0.000000e+00 0.000000e+00 0.000000e+00 0.000000e+00
1.487000e+00 0.000000e+00 -6.299445e+03 -5.185714e+03 0.000000e+00 0.000000e+00 0.000000e+00 -2.211481e+02 -1.992844e+02 1.434318e+03 4.166336e+02 0.000000e+00 0.000000e+00 0.000000e+00 0.000000e+00 0.000000e+00 0.000000e+00 0.000000e+00 0.000000e+00 0.000000e+00
1.488000e+00 0.000000e+00 -6.286676e+03 -5.183777e+03 0.000000e+00 0.000000e+00 0.000000e+00 -2.204696e+02 -1.985267e+02 1.432333e+03 4.141463e+02 0.000000e+00 0.000000e+00 0.000000e+00 0.000000e+00 0.000000e+00 0.000000e+00 0.000000e+00 0.000000e+00 0.000000e+00
1.489000e+00 0.000000e+00 -6.273964e+03 -5.181814e+03 0.000000e+00 0.000000e+00 0.000000e+00 -2.197836e+02 -1.977622e+02 1.430364e+03 4.116523e+02 0.000000e+00 0.000000e+00 0.000000e+00 0.000000e+00 0.000000e+00 0.000000e+00 0.000000e+00 0.000000e+00 0.000000e+00
1.490000e+00 0.000000e+00 -6.261310e+03 -5.179824e+03 0.000000e+00 0.000000e+00 0.000000e+00 -2.190899e+02 -1.969907e+02 1.428412e+03 4.091519e+02 0.000000e+00 0.000000e+00 0.000000e+00 0.000000e+00 0.000000e+00 0.000000e+00 0.000000e+00 0.000000e+00 0.000000e+00
1.491000e+00 0.000000e+00 -6.248713e+03 -5.177805e+03 0.000000e+00 0.000000e+00 0.000000e+00 -2.183886e+02 -1.962124e+02 1.426476e+03 4.066448e+02 0.000000e+00 0.000000e+00 0.000000e+00 0.000000e+00 0.000000e+00 0.000000e+00 0.000000e+00 0.000000e+00 0.000000e+00
1.492000e+00 0.000000e+00 -6.236175e+03 -5.175757e+03 0.000000e+00 0.000000e+00 0.000000e+00 -2.176796e+02 -1.954271e+02 1.424556e+03 4.041311e+02 0.000000e+00 0.000000e+00 0.000000e+00 0.000000e+00 0.000000e+00 0.000000e+00 0.000000e+00 0.000000e+00 0.000000e+00
1.493000e+00 0.000000e+00 -6.223697e+03 -5.173678e+03 0.000000e+00 0.000000e+00 0.000000e+00 -2.169629e+02 -1.946349e+02 1.422653e+03 4.016107e+02 0.000000e+00 0.000000e+00 0.000000e+00 0.000000e+00 0.000000e+00 0.000000e+00 0.000000e+00 0.000000e+00 0.000000e+00
1.494000e+00 0.000000e+00 -6.211277e+03 -5.171566e+03 0.000000e+00 0.000000e+00 0.000000e+00 -2.162386e+02 -1.938357e+02 1.420766e+03 3.990836e+02 0.000000e+00 0.000000e+00 0.000000e+00 0.000000e+00 0.000000e+00 0.000000e+00 0.000000e+00 0.000000e+00 0.000000e+00
1.495000e+00 0.000000e+00 -6.198918e+03 -5.169420e+03 0.000000e+00 0.000000e+00 0.000000e+00 -2.155066e+02 -1.930296e+02 1.418896e+03 3.965498e+02 0.000000e+00 0.000000e+00 0.000000e+00 0.000000e+00 0.000000e+00 0.000000e+00 0.000000e+00 0.000000e+00 0.000000e+00
1.496000e+00 0.000000e+00 -6.186619e+03 -5.167240e+03 0.000000e+00 0.000000e+00 0.000000e+00 -2.147670e+02 -1.922165e+02 1.417042e+03 3.940092e+02 0.000000e+00 0.000000e+00 0.000000e+00 0.000000e+00 0.000000e+00 0.000000e+00 0.000000e+00 0.000000e+00 0.000000e+00
1.497000e+00 0.000000e+00 -6.174380e+03 -5.165024e+03 0.000000e+00 0.000000e+00 0.000000e+00 -2.140197e+02 -1.913965e+02 1.415204e+03 3.914620e+02 0.000000e+00 0.000000e+00 0.000000e+00 0.000000e+00 0.000000e+00 0.000000e+00 0.000000e+00 0.000000e+00 0.000000e+00
1.498000e+00 0.000000e+00 -6.162203e+03 -5.162771e+03 0.000000e+00 0.000000e+00 0.000000e+00 -2.132647e+02 -1.905695e+02 1.413382e+03 3.889080e+02 0.000000e+00 0.000000e+00 0.000000e+00 0.000000e+00 0.000000e+00 0.000000e+00 0.000000e+00 0.000000e+00 0.000000e+00
1.499000e+00 0.000000e+00 -6.150087e+03 -5.160481e+03 0.000000e+00 0.000000e+00 0.000000e+00 -2.125021e+02 -1.897357e+02 1.411577e+03 3.863472e+02 0.000000e+00 0.000000e+00 0.000000e+00 0.000000e+00 0.000000e+00 0.000000e+00 0.000000e+00 0.000000e+00 0.000000e+00
1.500000e+00 0.000000e+00 -6.138032e+03 -5.158151e+03 0.000000e+00 0.000000e+00 0.000000e+00 -2.117319e+02 -1.888948e+02 1.409788e+03 3.837798e+02 0.000000e+00 0.000000e+00 0.000000e+00 0.000000e+00 0.000000e+00 0.000000e+00 0.000000e+00 0.000000e+00 0.000000e+00
1.501000e+00 0.000000e+00 -6.126039e+03 -5.155781e+03 0.000000e+00 0.000000e+00 0.000000e+00 -2.109542e+02 -1.880471e+02 1.408014e+03 3.812056e+02 0.000000e+00 0.000000e+00 0.000000e+00 0.000000e+00 0.000000e+00 0.000000e+00 0.000000e+00 0.000000e+00 0.000000e+00
1.502000e+00 0.000000e+00 -6.114108e+03 -5.153371e+03 0.000000e+00 0.000000e+00 0.000000e+00 -2.101688e+02 -1.871925e+02 1.406257e+03 3.786248e+02 0.000000e+00 0.000000e+00 0.000000e+00 0.000000e+00 0.000000e+00 0.000000e+00 0.000000e+00 0.000000e+00 0.000000e+00
1.503000e+00 0.000000e+00 -6.102238e+03 -5.150919e+03 0.000000e+00 0.000000e+00 0.000000e+00 -2.093760e+02 -1.863311e+02 1.404516e+03 3.760373e+02 0.000000e+00 0.000000e+00 0.000000e+00 0.000000e+00 0.000000e+00 0.000000e+00 0.000000e+00 0.000000e+00 0.000000e+00
1.504000e+00 0.000000e+00 -6.090432e+03 -5.148424e+03 0.000000e+00 0.000000e+00 0.000000e+00 -2.085756e+02 -1.854628e+02 1.402790e+03 3.734431e+02 0.000000e+00 0.000000e+00 0.000000e+00 0.000000e+00 0.000000e+00 0.000000e+00 0.000000e+00 0.000000e+00 0.000000e+00
1.505000e+00 0.000000e+00 -6.078687e+03 -5.145886e+03 0.000000e+00 0.000000e+00 0.000000e+00 -2.077678e+02 -1.845876e+02 1.401081e+03 3.708424e+02 0.000000e+00 0.000000e+00 0.000000e+00 0.000000e+00 0.000000e+00 0.000000e+00 0.000000e+00 0.000000e+00 0.000000e+00
1.506000e+00 0.000000e+00 -6.067005e+03 -5.143304e+03 0.000000e+00 0.000000e+00 0.000000e+00 -2.069525e+02 -1.837057e+02 1.399387e+03 3.682351e+02 0.000000e+00 0.000000e+00 0.000000e+00 0.000000e+00 0.000000e+00 0.000000e+00 0.000000e+00 0.000000e+00 0.000000e+00
1.507000e+00 0.000000e+00 -6.055386e+03 -5.140676e+03 0.000000e+00 0.000000e+00 0.000000e+00 -2.061298e+02 -1.828171e+02 1.397709e+03 3.656212e+02 0.000000e+00 0.000000e+00 0.000000e+00 0.000000e+00 0.000000e+00 0.000000e+00 0.000000e+00 0.000000e+00 0.000000e+00
1.508000e+00 0.000000e+00 -6.043829e+03 -5.138004e+03 0.000000e+00 0.000000e+00 0.000000e+00 -2.052997e+02 -1.819217e+02 1.396046e+03 3.630009e+02 0.000000e+00 0.000000e+00 0.000000e+00 0.000000e+00 0.000000e+00 0.000000e+00 0.000000e+00 0.000000e+00 0.000000e+00
1.509000e+00 0.000000e+00 -6.032335e+03 -5.135285e+03 0.000000e+00 0.000000e+00 0.000000e+00 -2.044623e+02 -1.810196e+02 1.394399e+03 3.603742e+02 0.000000e+00 0.000000e+00 0.000000e+00 0.000000e+00 0.000000e+00 0.000000e+00 0.000000e+00 0.000000e+00 0.000000e+00
1.510000e+00 0.000000e+00 -6.020904e+03 -5.132519e+03 0.000000e+00 0.000000e+00 0.000000e+00 -2.036176e+02 -1.801109e+02 1.392768e+03 3.577410e+02 0.000000e+00 0.000000e+00 0.000000e+00 0.000000e+00 0.000000e+00 0.000000e+00 0.000000e+00 0.000000e+00 0.000000e+00
1.511000e+00 0.000000e+00 -6.009536e+03 -5.129705e+03 0.000000e+00 0.000000e+00 0.000000e+00 -2.027657e+02 -1.791956e+02 1.391151e+03 3.551016e+02 0.000000e+00 0.000000e+00 0.000000e+00 0.000000e+00 0.000000e+00 0.000000e+00 0.000000e+00 0.000000e+00 0.000000e+00
1.512000e+00 0.000000e+00 -5.998230e+03 -5.126844e+03 0.000000e+00 0.000000e+00 0.000000e+00 -2.019067e+02 -1.782738e+02 1.389551e+03 3.524559e+02 0.000000e+00 0.000000e+00 0.000000e+00 0.000000e+00 0.000000e+00 0.000000e+00 0.000000e+00 0.000000e+00 0.000000e+00
1.513000e+00 0.000000e+00 -5.986988e+03 -5.123935e+03 0.000000e+00 0.000000e+00 0.000000e+00 -2.010405e+02 -1.773454e+02 1.387965e+03 3.498041e+02 0.000000e+00 0.000000e+00 0.000000e+00 0.000000e+00 0.000000e+00 0.000000e+00 0.000000e+00 0.000000e+00 0.000000e+00
1.514000e+00 0.000000e+00 -5.975807e+03 -5.120976e+03 0.000000e+00 0.000000e+00 0.000000e+00 -2.001673e+02 -1.764106e+02 1.386395e+03 3.471462e+02 0.000000e+00 0.000000e+00 0.000000e+00 0.000000e+00 0.000000e+00 0.000000e+00 0.000000e+00 0.000000e+00 0.000000e+00
1.515000e+00 0.000000e+00 -5.964690e+03 -5.117969e+03 0.000000e+00 0.000000e+00 0.000000e+00 -1.992871e+02 -1.754695e+02 1.384840e+03 3.444823e+02 0.000000e+00 0.000000e+00 0.000000e+00 0.000000e+00 0.000000e+00 0.000000e+00 0.000000e+00 0.000000e+00 0.000000e+00
1.516000e+00 0.000000e+00 -5.953634e+03 -5.114912e+03 0.000000e+00 0.000000e+00 0.000000e+00 -1.984000e+02 -1.745220e+02 1.383299e+03 3.418125e+02 0.000000e+00 0.000000e+00 0.000000e+00 0.000000e+00 0.000000e+00 0.000000e+00 0.000000e+00 0.000000e+00 0.000000e+00
1.517000e+00 0.000000e+00 -5.942642e+03 -5.111806e+03 0.000000e+00 0.000000e+00 0.000000e+00 -1.975061e+02 -1.735683e+02 1.381774e+03 3.391370e+02 0.000000e+00 0.000000e+00 0.000000e+00 0.000000e+00 0.000000e+00 0.000000e+00 0.000000e+00 0.000000e+00 0.000000e+00
1.518000e+00 0.000000e+00 -5.931711e+03 -5.108650e+03 0.000000e+00 0.000000e+00 0.000000e+00 -1.966054e+02 -1.726083e+02 1.380264e+03 3.364557e+02 0.000000e+00 0.000000e+00 0.000000e+00 0.000000e+00 0.000000e+00 0.000000e+00 0.000000e+00 0.000000e+00 0.000000e+00
1.519000e+00 0.000000e+00 -5.920842e+03 -5.105443e+03 0.000000e+00 0.000000e+00 0.000000e+00 -1.956980e+02 -1.716423e+02 1.378769e+03 3.337689e+02 0.000000e+00 0.000000e+00 0.000000e+00 0.000000e+00 0.000000e+00 0.000000e+00 0.000000e+00 0.000000e+00 0.000000e+00
1.520000e+00 0.000000e+00 -5.910035e+03 -5.102187e+03 0.000000e+00 0.000000e+00 0.000000e+00 -1.947840e+02 -1.706703e+02 1.377288e+03 3.310766e+02 0.000000e+00 0.000000e+00 0.000000e+00 0.000000e+00 0.000000e+00 0.000000e+00 0.000000e+00 0.000000e+00 0.000000e+00
1.521000e+00 0.000000e+00 -5.899290e+03 -5.098881e+03 0.000000e+00 0.000000e+00 0.000000e+00 -1.938634e+02 -1.696922e+02 1.375822e+03 3.283790e+02 0.000000e+00 0.000000e+00 0.000000e+00 0.000000e+00 0.000000e+00 0.000000e+00 0.000000e+00 0.000000e+00 0.000000e+00
1.522000e+00 0.000000e+00 -5.888606e+03 -5.095524e+03 0.000000e+00 0.000000e+00 0.000000e+00 -1.929364e+02 -1.687083e+02 1.374370e+03 3.256761e+02 0.000000e+00 0.000000e+00 0.000000e+00 0.000000e+00 0.000000e+00 0.000000e+00 0.000000e+00 0.000000e+00 0.000000e+00
1.523000e+00 0.000000e+00 -5.877984e+03 -5.092117e+03 0.000000e+00 0.000000e+00 0.000000e+00 -1.920031e+02 -1.677186e+02 1.372933e+03 3.229681e+02 0.000000e+00 0.000000e+00 0.000000e+00 0.000000e+00 0.000000e+00 0.000000e+00 0.000000e+00 0.000000e+00 0.000000e+00
1.524000e+00 0.000000e+00 -5.867423e+03 -5.088659e+03 0.000000e+00 0.000000e+00 0.000000e+00 -1.910635e+02 -1.667231e+02 1.371511e+03 3.202552e+02 0.000000e+00 0.000000e+00 0.000000e+00 0.000000e+00 0.000000e+00 0.000000e+00 0.000000e+00 0.000000e+00 0.000000e+00
1.525000e+00 0.000000e+00 -5.856922e+03 -5.085152e+03 0.000000e+00 0.000000e+00 0.000000e+00 -1.901176e+02 -1.657220e+02 1.370102e+03 3.175374e+02 0.000000e+00 0.000000e+00 0.000000e+00 0.000000e+00 0.000000e+00 0.000000e+00 0.000000e+00 0.000000e+00 0.000000e+00
1.526000e+00 0.000000e+00 -5.846483e+03 -5.081595e+03 0.000000e+00 0.000000e+00 0.000000e+00 -1.891657e+02 -1.647153e+02 1.368708e+03 3.148150e+02 0.000000e+00 0.000000e+00 0.000000e+00 0.000000e+00 0.000000e+00 0.000000e+00 0.000000e+00 0.000000e+00 0.000000e+00
1.527000e+00 0.000000e+00 -5.836103e+03 -5.077987e+03 0.000000e+00 0.000000e+00 0.000000e+00 -1.882079e+02 -1.637032e+02 1.367329e+03 3.120880e+02 0.000000e+00 0.000000e+00 0.000000e+00 0.000000e+00 0.000000e+00 0.000000e+00 0.000000e+00 0.000000e+00 0.000000e+00
1.528000e+00 0.000000e+00 -5.825784e+03 -5.074331e+03 0.000000e+00 0.000000e+00 0.000000e+00 -1.872441e+02 -1.626857e+02 1.365963e+03 3.093566e+02 0.000000e+00 0.000000e+00 0.000000e+00 0.000000e+00 0.000000e+00 0.000000e+00 0.000000e+00 0.000000e+00 0.000000e+00
1.529000e+00 0.000000e+00 -5.815524e+03 -5.070625e+03 0.000000e+00 0.000000e+00 0.000000e+00 -1.862745e+02 -1.616629e+02 1.364611e+03 3.066210e+02 0.000000e+00 0.000000e+00 0.000000e+00 0.000000e+00 0.000000e+00 0.000000e+00 0.000000e+00 0.000000e+00 0.000000e+00
1.530000e+00 0.000000e+00 -5.805325e+03 -5.066870e+03 0.000000e+00 0.000000e+00 0.000000e+00 -1.852993e+02 -1.606349e+02 1.363274e+03 3.038813e+02 0.000000e+00 0.000000e+00 0.000000e+00 0.000000e+00 0.000000e+00 0.000000e+00 0.000000e+00 0.000000e+00 0.000000e+00
1.531000e+00 0.000000e+00 -5.795184e+03 -5.063067e+03 0.000000e+00 0.000000e+00 0.000000e+00 -1.843185e+02 -1.596019e+02 1.361950e+03 3.011378e+02 0.000000e+00 0.000000e+00 0.000000e+00 0.000000e+00 0.000000e+00 0.000000e+00 0.000000e+00 0.000000e+00 0.000000e+00
1.532000e+00 0.000000e+00 -5.785102e+03 -5.059216e+03 0.000000e+00 0.000000e+00 0.000000e+00 -1.833322e+02 -1.585639e+02 1.360640e+03 2.983905e+02 0.000000e+00 0.000000e+00 0.000000e+00 0.000000e+00 0.000000e+00 0.000000e+00 0.000000e+00 0.000000e+00 0.000000e+00
1.533000e+00 0.000000e+00 -5.775079e+03 -5.055317e+03 0.000000e+00 0.000000e+00 0.000000e+00 -1.823406e+02 -1.575211e+02 1.359343e+03 2.956397e+02 0.000000e+00 0.000000e+00 0.000000e+00 0.000000e+00 0.000000e+00 0.000000e+00 0.000000e+00 0.000000e+00 0.000000e+00
1.534000e+00 0.000000e+00 -5.765114e+03 -5.051372e+03 0.000000e+00 0.000000e+00 0.000000e+00 -1.813438e+02 -1.564736e+02 1.358060e+03 2.928856e+02 0.000000e+00 0.000000e+00 0.000000e+00 0.000000e+00 0.000000e+00 0.000000e+00 0.000000e+00 0.000000e+00 0.000000e+00
1.535000e+00 0.000000e+00 -5.755207e+03 -5.047380e+03 0.000000e+00 0.000000e+00 0.000000e+00 -1.803419e+02 -1.554214e+02 1.356791e+03 2.901283e+02 0.000000e+00 0.000000e+00 0.000000e+00 0.000000e+00 0.000000e+00 0.000000e+00 0.000000e+00 0.000000e+00 0.000000e+00
1.536000e+00 0.000000e+00 -5.745358e+03 -5.043342e+03 0.000000e+00 0.000000e+00 0.000000e+00 -1.793351e+02 -1.543647e+02 1.355535e+03 2.873680e+02 0.000000e+00 0.000000e+00 0.000000e+00 0.000000e+00 0.000000e+00 0.000000e+00 0.000000e+00 0.000000e+00 0.000000e+00
1.537000e+00 0.000000e+00 -5.735565e+03 -5.039260e+03 0.000000e+00 0.000000e+00 0.000000e+00 -1.783233e+02 -1.533036e+02 1.354293e+03 2.846050e+02 0.000000e+00 0.000000e+00 0.000000e+00 0.000000e+00 0.000000e+00 0.000000e+00 0.000000e+00 0.000000e+00 0.000000e+00
1.538000e+00 0.000000e+00 -5.725830e+03 -5.035133e+03 0.000000e+00 0.000000e+00 0.000000e+00 -1.773069e+02 -1.522382e+02 1.353064e+03 2.818393e+02 0.000000e+00 0.000000e+00 0.000000e+00 0.000000e+00 0.000000e+00 0.000000e+00 0.000000e+00 0.000000e+00 0.000000e+00
1.539000e+00 0.000000e+00 -5.716152e+03 -5.030962e+03 0.000000e+00 0.000000e+00 0.000000e+00 -1.762858e+02 -1.511687e+02 1.351848e+03 2.790713e+02 0.000000e+00 0.000000e+00 0.000000e+00 0.000000e+00 0.000000e+00 0.000000e+00 0.000000e+00 0.000000e+00 0.000000e+00
1.540000e+00 0.000000e+00 -5.706529e+03 -5.026749e+03 0.000000e+00 0.000000e+00 0.000000e+00 -1.752602e+02 -1.500951e+02 1.350646e+03 2.763012e+02 0.000000e+00 0.000000e+00 0.000000e+00 0.000000e+00 0.000000e+00 0.000000e+00 0.000000e+00 0.000000e+00 0.000000e+00
1.541000e+00 0.000000e+00 -5.696963e+03 -5.022494e+03 0.000000e+00 0.000000e+00 0.000000e+00 -1.742304e+02 -1.490177e+02 1.349456e+03 2.735291e+02 0.000000e+00 0.000000e+00 0.000000e+00 0.000000e+00 0.000000e+00 0.000000e+00 0.000000e+00 0.000000e+00 0.000000e+00
1.542000e+00 0.000000e+00 -5.687452e+03 -5.018197e+03 0.000000e+00 0.000000e+00 0.000000e+00 -1.731963e+02 -1.479364e+02 1.348280e+03 2.707552e+02 0.000000e+00 0.000000e+00 0.000000e+00 0.000000e+00 0.000000e+00 0.000000e+00 0.000000e+00 0.000000e+00 0.000000e+00
1.543000e+00 0.000000e+00 -5.677997e+03 -5.013861e+03 0.000000e+00 0.000000e+00 0.000000e+00 -1.721581e+02 -1.468515e+02 1.347116e+03 2.679799e+02 0.000000e+00 0.000000e+00 0.000000e+00 0.000000e+00 0.000000e+00 0.000000e+00 0.000000e+00 0.000000e+00 0.000000e+00
1.544000e+00 0.000000e+00 -5.668596e+03 -5.009486e+03 0.000000e+00 0.000000e+00 0.000000e+00 -1.711160e+02 -1.457631e+02 1.345965e+03 2.652032e+02 0.000000e+00 0.000000e+00 0.000000e+00 0.000000e+00 0.000000e+00 0.000000e+00 0.000000e+00 0.000000e+00 0.000000e+00
1.545000e+00 0.000000e+00 -5.659249e+03 -5.005072e+03 0.000000e+00 0.000000e+00 0.000000e+00 -1.700701e+02 -1.446713e+02 1.344827e+03 2.624255e+02 0.000000e+00 0.000000e+00 0.000000e+00 0.000000e+00 0.000000e+00 0.000000e+00 0.000000e+00 0.000000e+00 0.000000e+00
1.546000e+00 0.000000e+00 -5.649957e+03 -5.000622e+03 0.000000e+00 0.000000e+00 0.000000e+00 -1.690206e+02 -1.435763e+02 1.343702e+03 2.596470e+02 0.000000e+00 0.000000e+00 0.000000e+00 0.000000e+00 0.000000e+00 0.000000e+00 0.000000e+00 0.000000e+00 0.000000e+00
1.547000e+00 0.000000e+00 -5.640718e+03 -4.996136e+03 0.000000e+00 0.000000e+00 0.000000e+00 -1.679676e+02 -1.424782e+02 1.342590e+03 2.568679e+02 0.000000e+00 0.000000e+00 0.000000e+00 0.000000e+00 0.000000e+00 0.000000e+00 0.000000e+00 0.000000e+00 0.000000e+00
1.548000e+00 0.000000e+00 -5.631533e+03 -4.991616e+03 0.000000e+00 0.000000e+00 0.000000e+00 -1.669112e+02 -1.413771e+02 1.341490e+03 2.540885e+02 0.000000e+00 0.000000e+00 0.000000e+00 0.000000e+00 0.000000e+00 0.000000e+00 0.000000e+00 0.000000e+00 0.000000e+00
1.549000e+00 0.000000e+00 -5.622401e+03 -4.987062e+03 0.000000e+00 0.000000e+00 0.000000e+00 -1.658517e+02 -1.402732e+02 1.340402e+03 2.513090e+02 0.000000e+00 0.000000e+00 0.000000e+00 0.000000e+00 0.000000e+00 0.000000e+00 0.000000e+00 0.000000e+00 0.000000e+00
1.550000e+00 0.000000e+00 -5.613321e+03 -4.982476e+03 0.000000e+00 0.000000e+00 0.000000e+00 -1.647891e+02 -1.391667e+02 1.339327e+03 2.485297e+02 0.000000e+00 0.000000e+00 0.000000e+00 0.000000e+00 0.000000e+00 0.000000e+00 0.000000e+00 0.000000e+00 0.000000e+00
1.551000e+00 0.000000e+00 -5.604293e+03 -4.977859e+03 0.000000e+00 0.000000e+00 0.000000e+00 -1.637236e+02 -1.380576e+02 1.338264e+03 2.457508e+02 0.000000e+00 0.000000e+00 0.000000e+00 0.000000e+00 0.000000e+00 0.000000e+00 0.000000e+00 0.000000e+00 0.000000e+00
1.552000e+00 0.000000e+00 -5.595318e+03 -4.973212e+03 0.000000e+00 0.000000e+00 0.000000e+00 -1.626553e+02 -1.369462e+02 1.337214e+03 2.429725e+02 0.000000e+00 0.000000e+00 0.000000e+00 0.000000e+00 0.000000e+00 0.000000e+00 0.000000e+00 0.000000e+00 0.000000e+00
1.553000e+00 0.000000e+00 -5.586393e+03 -4.968538e+03 0.000000e+00 0.000000e+00 0.000000e+00 -1.615845e+02 -1.358325e+02 1.336176e+03 2.401951e+02 0.000000e+00 0.000000e+00 0.000000e+00 0.000000e+00 0.000000e+00 0.000000e+00 0.000000e+00 0.000000e+00 0.000000e+00
1.554000e+00 0.000000e+00 -5.577520e+03 -4.963837e+03 0.000000e+00 0.000000e+00 0.000000e+00 -1.605112e+02 -1.347167e+02 1.335150e+03 2.374190e+02 0.000000e+00 0.000000e+00 0.000000e+00 0.000000e+00 0.000000e+00 0.000000e+00 0.000000e+00 0.000000e+00 0.000000e+00
1.555000e+00 0.000000e+00 -5.568698e+03 -4.959110e+03 0.000000e+00 0.000000e+00 0.000000e+00 -1.594357e+02 -1.335990e+02 1.334137e+03 2.346442e+02 0.000000e+00 0.000000e+00 0.000000e+00 0.000000e+00 0.000000e+00 0.000000e+00 0.000000e+00 0.000000e+00 0.000000e+00
1.556000e+00 0.000000e+00 -5.559926e+03 -4.954360e+03 0.000000e+00 0.000000e+00 0.000000e+00 -1.583580e+02 -1.324796e+02 1.333135e+03 2.318712e+02 0.000000e+00 0.000000e+00 0.000000e+00 0.000000e+00 0.000000e+00 0.000000e+00 0.000000e+00 0.000000e+00 0.000000e+00
1.557000e+00 0.000000e+00 -5.551205e+03 -4.949587e+03 0.000000e+00 0.000000e+00 0.000000e+00 -1.572784e+02 -1.313585e+02 1.332145e+03 2.291002e+02 0.000000e+00 0.000000e+00 0.000000e+00 0.000000e+00 0.000000e+00 0.000000e+00 0.000000e+00 0.000000e+00 0.000000e+00
1.558000e+00 0.000000e+00 -5.542533e+03 -4.944794e+03 0.000000e+00 0.000000e+00 0.000000e+00 -1.561970e+02 -1.302360e+02 1.331168e+03 2.263314e+02 0.000000e+00 0.000000e+00 0.000000e+00 0.000000e+00 0.000000e+00 0.000000e+00 0.000000e+00 0.000000e+00 0.000000e+00
1.559000e+00 0.000000e+00 -5.533911e+03 -4.939982e+03 0.000000e+00 0.000000e+00 0.000000e+00 -1.551140e+02 -1.291122e+02 1.330202e+03 2.235652e+02 0.000000e+00 0.000000e+00 0.000000e+00 0.000000e+00 0.000000e+00 0.000000e+00 0.000000e+00 0.000000e+00 0.000000e+00
1.560000e+00 0.000000e+00 -5.525337e+03 -4.935152e+03 0.000000e+00 0.000000e+00 0.000000e+00 -1.540296e+02 -1.279873e+02 1.329248e+03 2.208017e+02 0.000000e+00 0.000000e+00 0.000000e+00 0.000000e+00 0.000000e+00 0.000000e+00 0.000000e+00 0.000000e+00 0.000000e+00
1.561000e+00 0.000000e+00 -5.516812e+03 -4.930307e+03 0.000000e+00 0.000000e+00 0.000000e+00 -1.529439e+02 -1.268614e+02 1.328306e+03 2.180414e+02 0.000000e+00 0.000000e+00 0.000000e+00 0.000000e+00 0.000000e+00 0.000000e+00 0.000000e+00 0.000000e+00 0.000000e+00
1.562000e+00 0.000000e+00 -5.508336e+03 -4.925448e+03 0.000000e+00 0.000000e+00 0.000000e+00 -1.518570e+02 -1.257347e+02 1.327375e+03 2.152845e+02 0.000000e+00 0.000000e+00 0.000000e+00 0.000000e+00 0.000000e+00 0.000000e+00 0.000000e+00 0.000000e+00 0.000000e+00
1.563000e+00 0.000000e+00 -5.499908e+03 -4.920576e+03 0.000000e+00 0.000000e+00 0.000000e+00 -1.507692e+02 -1.246073e+02 1.326457e+03 2.125312e+02 0.000000e+00 0.000000e+00 0.000000e+00 0.000000e+00 0.000000e+00 0.000000e+00 0.000000e+00 0.000000e+00 0.000000e+00
1.564000e+00 0.000000e+00 -5.491527e+03 -4.915694e+03 0.000000e+00 0.000000e+00 0.000000e+00 -1.496807e+02 -1.234795e+02 1.325550e+03 2.097818e+02 0.000000e+00 0.000000e+00 0.000000e+00 0.000000e+00 0.000000e+00 0.000000e+00 0.000000e+00 0.000000e+00 0.000000e+00
1.565000e+00 0.000000e+00 -5.483194e+03 -4.910804e+03 0.000000e+00 0.000000e+00 0.000000e+00 -1.485915e+02 -1.223514e+02 1.324654e+03 2.070368e+02 0.000000e+00 0.000000e+00 0.000000e+00 0.000000e+00 0.000000e+00 0.000000e+00 0.000000e+00 0.000000e+00 0.000000e+00
1.566000e+00 0.000000e+00 -5.474908e+03 -4.905907e+03 0.000000e+00 0.000000e+00 0.000000e+00 -1.475019e+02 -1.212231e+02 1.323770e+03 2.042962e+02 0.000000e+00 0.000000e+00 0.000000e+00 0.000000e+00 0.000000e+00 0.000000e+00 0.000000e+00 0.000000e+00 0.000000e+00
1.567000e+00 0.000000e+00 -5.466669e+03 -4.901005e+03 0.000000e+00 0.000000e+00 0.000000e+00 -1.464121e+02 -1.200948e+02 1.322898e+03 2.015604e+02 0.000000e+00 0.000000e+00 0.000000e+00 0.000000e+00 0.000000e+00 0.000000e+00 0.000000e+00 0.000000e+00 0.000000e+00
1.568000e+00 0.000000e+00 -5.458477e+03 -4.896100e+03 0.000000e+00 0.000000e+00 0.000000e+00 -1.453222e+02 -1.189668e+02 1.322037e+03 1.988298e+02 0.000000e+00 0.000000e+00 0.000000e+00 0.000000e+00 0.000000e+00 0.000000e+00 0.000000e+00 0.000000e+00 0.000000e+00
1.569000e+00 0.000000e+00 -5.450331e+03 -4.891194e+03 0.000000e+00 0.000000e+00 0.000000e+00 -1.442323e+02 -1.178391e+02 1.321187e+03 1.961046e+02 0.000000e+00 0.000000e+00 0.000000e+00 0.000000e+00 0.000000e+00 0.000000e+00 0.000000e+00 0.000000e+00 0.000000e+00
1.570000e+00 0.000000e+00 -5.442231e+03 -4.886289e+03 0.000000e+00 0.000000e+00 0.000000e+00 -1.431428e+02 -1.167119e+02 1.320349e+03 1.933851e+02 0.000000e+00 0.000000e+00 0.000000e+00 0.000000e+00 0.000000e+00 0.000000e+00 0.000000e+00 0.000000e+00 0.000000e+00
1.571000e+00 0.000000e+00 -5.434176e+03 -4.881387e+03 0.000000e+00 0.000000e+00 0.000000e+00 -1.420536e+02 -1.155854e+02 1.319522e+03 1.906716e+02 0.000000e+00 0.000000e+00 0.000000e+00 0.000000e+00 0.000000e+00 0.000000e+00 0.000000e+00 0.000000e+00 0.000000e+00
1.572000e+00 0.000000e+00 -5.426168e+03 -4.876490e+03 0.000000e+00 0.000000e+00 0.000000e+00 -1.409651e+02 -1.144598e+02 1.318706e+03 1.879643e+02 0.000000e+00 0.000000e+00 0.000000e+00 0.000000e+00 0.000000e+00 0.000000e+00 0.000000e+00 0.000000e+00 0.000000e+00
1.573000e+00 0.000000e+00 -5.418204e+03 -4.871600e+03 0.000000e+00 0.000000e+00 0.000000e+00 -1.398774e+02 -1.133353e+02 1.317901e+03 1.852637e+02 0.000000e+00 0.000000e+00 0.000000e+00 0.000000e+00 0.000000e+00 0.000000e+00 0.000000e+00 0.000000e+00 0.000000e+00
1.574000e+00 0.000000e+00 -5.410285e+03 -4.866719e+03 0.000000e+00 0.000000e+00 0.000000e+00 -1.387907e+02 -1.122119e+02 1.317108e+03 1.825700e+02 0.000000e+00 0.000000e+00 0.000000e+00 0.000000e+00 0.000000e+00 0.000000e+00 0.000000e+00 0.000000e+00 0.000000e+00
1.575000e+00 0.000000e+00 -5.402412e+03 -4.861849e+03 0.000000e+00 0.000000e+00 0.000000e+00 -1.377051e+02 -1.110900e+02 1.316326e+03 1.798835e+02 0.000000e+00 0.000000e+00 0.000000e+00 0.000000e+00 0.000000e+00 0.000000e+00 0.000000e+00 0.000000e+00 0.000000e+00
1.576000e+00 0.000000e+00 -5.394582e+03 -4.856993e+03 0.000000e+00 0.000000e+00 0.000000e+00 -1.366209e+02 -1.099696e+02 1.315555e+03 1.772046e+02 0.000000e+00 0.000000e+00 0.000000e+00 0.000000e+00 0.000000e+00 0.000000e+00 0.000000e+00 0.000000e+00 0.000000e+00
1.577000e+00 0.000000e+00 -5.386797e+03 -4.852153e+03 0.000000e+00 0.000000e+00 0.000000e+00 -1.355382e+02 -1.088510e+02 1.314795e+03 1.745334e+02 0.000000e+00 0.000000e+00 0.000000e+00 0.000000e+00 0.000000e+00 0.000000e+00 0.000000e+00 0.000000e+00 0.000000e+00
1.578000e+00 0.000000e+00 -5.379056e+03 -4.847330e+03 0.000000e+00 0.000000e+00 0.000000e+00 -1.344572e+02 -1.077343e+02 1.314046e+03 1.718704e+02 0.000000e+00 0.000000e+00 0.000000e+00 0.000000e+00 0.000000e+00 0.000000e+00 0.000000e+00 0.000000e+00 0.000000e+00
1.579000e+00 0.000000e+00 -5.371359e+03 -4.842527e+03 0.000000e+00 0.000000e+00 0.000000e+00 -1.333781e+02 -1.066197e+02 1.313308e+03 1.692158e+02 0.000000e+00 0.000000e+00 0.000000e+00 0.000000e+00 0.000000e+00 0.000000e+00 0.000000e+00 0.000000e+00 0.000000e+00
1.580000e+00 0.000000e+00 -5.363706e+03 -4.837747e+03 0.000000e+00 0.000000e+00 0.000000e+00 -1.323010e+02 -1.055074e+02 1.312581e+03 1.665700e+02 0.000000e+00 0.000000e+00 0.000000e+00 0.000000e+00 0.000000e+00 0.000000e+00 0.000000e+00 0.000000e+00 0.000000e+00
1.581000e+00 0.000000e+00 -5.356096e+03 -4.832991e+03 0.000000e+00 0.000000e+00 0.000000e+00 -1.312262e+02 -1.043976e+02 1.311865e+03 1.639332e+02 0.000000e+00 0.000000e+00 0.000000e+00 0.000000e+00 0.000000e+00 0.000000e+00 0.000000e+00 0.000000e+00 0.000000e+00
1.582000e+00 0.000000e+00 -5.348529e+03 -4.828263e+03 0.000000e+00 0.000000e+00 0.000000e+00 -1.301538e+02 -1.032903e+02 1.311160e+03 1.613058e+02 0.000000e+00 0.000000e+00 0.000000e+00 0.000000e+00 0.000000e+00 0.000000e+00 0.000000e+00 0.000000e+00 0.000000e+00
1.583000e+00 0.000000e+00 -5.341006e+03 -4.823563e+03 0.000000e+00 0.000000e+00 0.000000e+00 -1.290840e+02 -1.021859e+02 1.310466e+03 1.586880e+02 0.000000e+00 0.000000e+00 0.000000e+00 0.000000e+00 0.000000e+00 0.000000e+00 0.000000e+00 0.000000e+00 0.000000e+00
1.584000e+00 0.000000e+00 -5.333526e+03 -4.818894e+03 0.000000e+00 0.000000e+00 0.000000e+00 -1.280170e+02 -1.010844e+02 1.309783e+03 1.560802e+02 0.000000e+00 0.000000e+00 0.000000e+00 0.000000e+00 0.000000e+00 0.000000e+00 0.000000e+00 0.000000e+00 0.000000e+00
1.585000e+00 0.000000e+00 -5.326088e+03 -4.814259e+03 0.000000e+00 0.000000e+00 0.000000e+00 -1.269529e+02 -9.998603e+01 1.309110e+03 1.534826e+02 0.000000e+00 0.000000e+00 0.000000e+00 0.000000e+00 0.000000e+00 0.000000e+00 0.000000e+00 0.000000e+00 0.000000e+00
1.586000e+00 0.000000e+00 -5.318694e+03 -4.809660e+03 0.000000e+00 0.000000e+00 0.000000e+00 -1.258920e+02 -9.889100e+01 1.308449e+03 1.508956e+02 0.000000e+00 0.000000e+00 0.000000e+00 0.000000e+00 0.000000e+00 0.000000e+00 0.000000e+00 0.000000e+00 0.000000e+00
1.587000e+00 0.000000e+00 -5.311342e+03 -4.805100e+03 0.000000e+00 0.000000e+00 0.000000e+00 -1.248344e+02 -9.779947e+01 1.307798e+03 1.483194e+02 0.000000e+00 0.000000e+00 0.000000e+00 0.000000e+00 0.000000e+00 0.000000e+00 0.000000e+00 0.000000e+00 0.000000e+00
1.588000e+00 0.000000e+00 -5.304033e+03 -4.800580e+03 0.000000e+00 0.000000e+00 0.000000e+00 -1.237802e+02 -9.671160e+01 1.307158e+03 1.457544e+02 0.000000e+00 0.000000e+00 0.000000e+00 0.000000e+00 0.000000e+00 0.000000e+00 0.000000e+00 0.000000e+00 0.000000e+00
1.589000e+00 0.000000e+00 -5.296766e+03 -4.796103e+03 0.000000e+00 0.000000e+00 0.000000e+00 -1.227298e+02 -9.562757e+01 1.306529e+03 1.432009e+02 0.000000e+00 0.000000e+00 0.000000e+00 0.000000e+00 0.000000e+00 0.000000e+00 0.000000e+00 0.000000e+00 0.000000e+00
1.590000e+00 0.000000e+00 -5.289541e+03 -4.791672e+03 0.000000e+00 0.000000e+00 0.000000e+00 -1.216831e+02 -9.454754e+01 1.305910e+03 1.406591e+02 0.000000e+00 0.000000e+00 0.000000e+00 0.000000e+00 0.000000e+00 0.000000e+00 0.000000e+00 0.000000e+00 0.000000e+00
1.591000e+00 0.000000e+00 -5.282359e+03 -4.787289e+03 0.000000e+00 0.000000e+00 0.000000e+00 -1.206406e+02 -9.347170e+01 1.305302e+03 1.381294e+02 0.000000e+00 0.000000e+00 0.000000e+00 0.000000e+00 0.000000e+00 0.000000e+00 0.000000e+00 0.000000e+00 0.000000e+00
1.592000e+00 0.000000e+00 -5.275219e+03 -4.782956e+03 0.000000e+00 0.000000e+00 0.000000e+00 -1.196022e+02 -9.240022e+01 1.304705e+03 1.356121e+02 0.000000e+00 0.000000e+00 0.000000e+00 0.000000e+00 0.000000e+00 0.000000e+00 0.000000e+00 0.000000e+00 0.000000e+00
1.593000e+00 0.000000e+00 -5.268121e+03 -4.778676e+03 0.000000e+00 0.000000e+00 0.000000e+00 -1.185682e+02 -9.133327e+01 1.304119e+03 1.331074e+02 0.000000e+00 0.000000e+00 0.000000e+00 0.000000e+00 0.000000e+00 0.000000e+00 0.000000e+00 0.000000e+00 0.000000e+00
1.594000e+00 0.000000e+00 -5.261066e+03 -4.774451e+03 0.000000e+00 0.000000e+00 0.000000e+00 -1.175387e+02 -9.027101e+01 1.303543e+03 1.306157e+02 0.000000e+00 0.000000e+00 0.000000e+00 0.000000e+00 0.000000e+00 0.000000e+00 0.000000e+00 0.000000e+00 0.000000e+00
1.595000e+00 0.000000e+00 -5.254052e+03 -4.770283e+03 0.000000e+00 0.000000e+00 0.000000e+00 -1.165140e+02 -8.921363e+01 1.302978e+03 1.281372e+02 0.000000e+00 0.000000e+00 0.000000e+00 0.000000e+00 0.000000e+00 0.000000e+00 0.000000e+00 0.000000e+00 0.000000e+00
1.596000e+00 0.000000e+00 -5.247080e+03 -4.766176e+03 0.000000e+00 0.000000e+00 0.000000e+00 -1.154941e+02 -8.816128e+01 1.302423e+03 1.256723e+02 0.000000e+00 0.000000e+00 0.000000e+00 0.000000e+00 0.000000e+00 0.000000e+00 0.000000e+00 0.000000e+00 0.000000e+00
1.597000e+00 0.000000e+00 -5.240151e+03 -4.762131e+03 0.000000e+00 0.000000e+00 0.000000e+00 -1.144794e+02 -8.711415e+01 1.301880e+03 1.232213e+02 0.000000e+00 0.000000e+00 0.000000e+00 0.000000e+00 0.000000e+00 0.000000e+00 0.000000e+00 0.000000e+00 0.000000e+00
1.598000e+00 0.000000e+00 -5.233263e+03 -4.758151e+03 0.000000e+00 0.000000e+00 0.000000e+00 -1.134699e+02 -8.607239e+01 1.301346e+03 1.207844e+02 0.000000e+00 0.000000e+00 0.000000e+00 0.000000e+00 0.000000e+00 0.000000e+00 0.000000e+00 0.000000e+00 0.000000e+00
1.599000e+00 0.000000e+00 -5.226417e+03 -4.754238e+03 0.000000e+00 0.000000e+00 0.000000e+00 -1.124658e+02 -8.503617e+01 1.300824e+03 1.183618e+02 0.000000e+00 0.000000e+00 0.000000e+00 0.000000e+00 0.000000e+00 0.000000e+00 0.000000e+00 0.000000e+00 0.000000e+00
1.600000e+00 0.000000e+00 -5.219614e+03 -4.750396e+03 0.000000e+00 0.000000e+00 0.000000e+00 -1.114673e+02 -8.400566e+01 1.300312e+03 1.159540e+02 0.000000e+00 0.000000e+00 0.000000e+00 0.000000e+00 0.000000e+00 0.000000e+00 0.000000e+00 0.000000e+00 0.000000e+00
1.601000e+00 0.000000e+00 -5.212852e+03 -4.746625e+03 0.000000e+00 0.000000e+00 0.000000e+00 -1.104745e+02 -8.298100e+01 1.299810e+03 1.135611e+02 0.000000e+00 0.000000e+00 0.000000e+00 0.000000e+00 0.000000e+00 0.000000e+00 0.000000e+00 0.000000e+00 0.000000e+00
1.602000e+00 0.000000e+00 -5.206132e+03 -4.742929e+03 0.000000e+00 0.000000e+00 0.000000e+00 -1.094877e+02 -8.196238e+01 1.299319e+03 1.111835e+02 0.000000e+00 0.000000e+00 0.000000e+00 0.000000e+00 0.000000e+00 0.000000e+00 0.000000e+00 0.000000e+00 0.000000e+00
1.603000e+00 0.000000e+00 -5.199455e+03 -4.739311e+03 0.000000e+00 0.000000e+00 0.000000e+00 -1.085069e+02 -8.094994e+01 1.298839e+03 1.088215e+02 0.000000e+00 0.000000e+00 0.000000e+00 0.000000e+00 0.000000e+00 0.000000e+00 0.000000e+00 0.000000e+00 0.000000e+00
1.604000e+00 0.000000e+00 -5.192820e+03 -4.735772e+03 0.000000e+00 0.000000e+00 0.000000e+00 -1.075324e+02 -7.994385e+01 1.298369e+03 1.064752e+02 0.000000e+00 0.000000e+00 0.000000e+00 0.000000e+00 0.000000e+00 0.000000e+00 0.000000e+00 0.000000e+00 0.000000e+00
1.605000e+00 0.000000e+00 -5.186227e+03 -4.732315e+03 0.000000e+00 0.000000e+00 0.000000e+00 -1.065643e+02 -7.894427e+01 1.297910e+03 1.041450e+02 0.000000e+00 0.000000e+00 0.000000e+00 0.000000e+00 0.000000e+00 0.000000e+00 0.000000e+00 0.000000e+00 0.000000e+00
1.606000e+00 0.000000e+00 -5.179677e+03 -4.728942e+03 0.000000e+00 0.000000e+00 0.000000e+00 -1.056028e+02 -7.795135e+01 1.297461e+03 1.018311e+02 0.000000e+00 0.000000e+00 0.000000e+00 0.000000e+00 0.000000e+00 0.000000e+00 0.000000e+00 0.000000e+00 0.000000e+00
1.607000e+00 0.000000e+00 -5.173168e+03 -4.725656e+03 0.000000e+00 0.000000e+00 0.000000e+00 -1.046480e+02 -7.696525e+01 1.297023e+03 9.953388e+01 0.000000e+00 0.000000e+00 0.000000e+00 0.000000e+00 0.000000e+00 0.000000e+00 0.000000e+00 0.000000e+00 0.000000e+00
1.608000e+00 0.000000e+00 -5.166703e+03 -4.722459e+03 0.000000e+00 0.000000e+00 0.000000e+00 -1.037000e+02 -7.598611e+01 1.296595e+03 9.725350e+01 0.000000e+00 0.000000e+00 0.000000e+00 0.000000e+00 0.000000e+00 0.000000e+00 0.000000e+00 0.000000e+00 0.000000e+00
1.609000e+00 0.000000e+00 -5.160280e+03 -4.719354e+03 0.000000e+00 0.000000e+00 0.000000e+00 -1.027591e+02 -7.501411e+01 1.296178e+03 9.499024e+01 0.000000e+00 0.000000e+00 0.000000e+00 0.000000e+00 0.000000e+00 0.000000e+00 0.000000e+00 0.000000e+00 0.000000e+00
1.610000e+00 0.000000e+00 -5.153900e+03 -4.716343e+03 0.000000e+00 0.000000e+00 0.000000e+00 -1.018254e+02 -7.404937e+01 1.295771e+03 9.274437e+01 0.000000e+00 0.000000e+00 0.000000e+00 0.000000e+00 0.000000e+00 0.000000e+00 0.000000e+00 0.000000e+00 0.000000e+00
1.611000e+00 0.000000e+00 -5.147562e+03 -4.713428e+03 0.000000e+00 0.000000e+00 0.000000e+00 -1.008990e+02 -7.309205e+01 1.295375e+03 9.051613e+01 0.000000e+00 0.000000e+00 0.000000e+00 0.000000e+00 0.000000e+00 0.000000e+00 0.000000e+00 0.000000e+00 0.000000e+00
1.612000e+00 0.000000e+00 -5.141268e+03 -4.710613e+03 0.000000e+00 0.000000e+00 0.000000e+00 -9.998014e+01 -7.214230e+01 1.294989e+03 8.830578e+01 0.000000e+00 0.000000e+00 0.000000e+00 0.000000e+00 0.000000e+00 0.000000e+00 0.000000e+00 0.000000e+00 0.000000e+00
1.613000e+00 0.000000e+00 -5.135017e+03 -4.707898e+03 0.000000e+00 0.000000e+00 0.000000e+00 -9.906890e+01 -7.120026e+01 1.294614e+03 8.611355e+01 0.000000e+00 0.000000e+00 0.000000e+00 0.000000e+00 0.000000e+00 0.000000e+00 0.000000e+00 0.000000e+00 0.000000e+00
1.614000e+00 0.000000e+00 -5.128809e+03 -4.705286e+03 0.000000e+00 0.000000e+00 0.000000e+00 -9.816544e+01 -7.026608e+01 1.294250e+03 8.393968e+01 0.000000e+00 0.000000e+00 0.000000e+00 0.000000e+00 0.000000e+00 0.000000e+00 0.000000e+00 0.000000e+00 0.000000e+00
1.615000e+00 0.000000e+00 -5.122645e+03 -4.702780e+03 0.000000e+00 0.000000e+00 0.000000e+00 -9.726991e+01 -6.933988e+01 1.293895e+03 8.178443e+01 0.000000e+00 0.000000e+00 0.000000e+00 0.000000e+00 0.000000e+00 0.000000e+00 0.000000e+00 0.000000e+00 0.000000e+00
1.616000e+00 0.000000e+00 -5.116524e+03 -4.700382e+03 0.000000e+00 0.000000e+00 0.000000e+00 -9.638244e+01 -6.842181e+01 1.293552e+03 7.964800e+01 0.000000e+00 0.000000e+00 0.000000e+00 0.000000e+00 0.000000e+00 0.000000e+00 0.000000e+00 0.000000e+00 0.000000e+00
1.617000e+00 0.000000e+00 -5.110448e+03 -4.698095e+03 0.000000e+00 0.000000e+00 0.000000e+00 -9.550318e+01 -6.751201e+01 1.293219e+03 7.753064e+01 0.000000e+00 0.000000e+00 0.000000e+00 0.000000e+00 0.000000e+00 0.000000e+00 0.000000e+00 0.000000e+00 0.000000e+00
1.618000e+00 0.000000e+00 -5.104415e+03 -4.695919e+03 0.000000e+00 0.000000e+00 0.000000e+00 -9.463227e+01 -6.661061e+01 1.292896e+03 7.543257e+01 0.000000e+00 0.000000e+00 0.000000e+00 0.000000e+00 0.000000e+00 0.000000e+00 0.000000e+00 0.000000e+00 0.000000e+00
1.619000e+00 0.000000e+00 -5.098427e+03 -4.693859e+03 0.000000e+00 0.000000e+00 0.000000e+00 -9.376983e+01 -6.571774e+01 1.292584e+03 7.335400e+01 0.000000e+00 0.000000e+00 0.000000e+00 0.000000e+00 0.000000e+00 0.000000e+00 0.000000e+00 0.000000e+00 0.000000e+00
1.620000e+00 0.000000e+00 -5.092483e+03 -4.691915e+03 0.000000e+00 0.000000e+00 0.000000e+00 -9.291599e+01 -6.483353e+01 1.292282e+03 7.129516e+01 0.000000e+00 0.000000e+00 0.000000e+00 0.000000e+00 0.000000e+00 0.000000e+00 0.000000e+00 0.000000e+00 0.000000e+00
1.621000e+00 0.000000e+00 -5.086584e+03 -4.690090e+03 0.000000e+00 0.000000e+00 0.000000e+00 -9.207089e+01 -6.395809e+01 1.291991e+03 6.925624e+01 0.000000e+00 0.000000e+00 0.000000e+00 0.000000e+00 0.000000e+00 0.000000e+00 0.000000e+00 0.000000e+00 0.000000e+00
1.622000e+00 0.000000e+00 -5.080730e+03 -4.688387e+03 0.000000e+00 0.000000e+00 0.000000e+00 -9.123464e+01 -6.309155e+01 1.291710e+03 6.723744e+01 0.000000e+00 0.000000e+00 0.000000e+00 0.000000e+00 0.000000e+00 0.000000e+00 0.000000e+00 0.000000e+00 0.000000e+00
1.623000e+00 0.000000e+00 -5.074921e+03 -4.686807e+03 0.000000e+00 0.000000e+00 0.000000e+00 -9.040737e+01 -6.223404e+01 1.291440e+03 6.523898e+01 0.000000e+00 0.000000e+00 0.000000e+00 0.000000e+00 0.000000e+00 0.000000e+00 0.000000e+00 0.000000e+00 0.000000e+00
1.624000e+00 0.000000e+00 -5.069158e+03 -4.685352e+03 0.000000e+00 0.000000e+00 0.000000e+00 -8.958921e+01 -6.138567e+01 1.291180e+03 6.326106e+01 0.000000e+00 0.000000e+00 0.000000e+00 0.000000e+00 0.000000e+00 0.000000e+00 0.000000e+00 0.000000e+00 0.000000e+00
1.625000e+00 0.000000e+00 -5.063441e+03 -4.684024e+03 0.000000e+00 0.000000e+00 0.000000e+00 -8.878028e+01 -6.054658e+01 1.290930e+03 6.130387e+01 0.000000e+00 0.000000e+00 0.000000e+00 0.000000e+00 0.000000e+00 0.000000e+00 0.000000e+00 0.000000e+00 0.000000e+00
1.626000e+00 0.000000e+00 -5.057769e+03 -4.682826e+03 0.000000e+00 0.000000e+00 0.000000e+00 -8.798070e+01 -5.971687e+01 1.290692e+03 5.936761e+01 0.000000e+00 0.000000e+00 0.000000e+00 0.000000e+00 0.000000e+00 0.000000e+00 0.000000e+00 0.000000e+00 0.000000e+00
1.627000e+00 0.000000e+00 -5.052144e+03 -4.681760e+03 0.000000e+00 0.000000e+00 0.000000e+00 -8.719059e+01 -5.889665e+01 1.290463e+03 5.745245e+01 0.000000e+00 0.000000e+00 0.000000e+00 0.000000e+00 0.000000e+00 0.000000e+00 0.000000e+00 0.000000e+00 0.000000e+00
1.628000e+00 0.000000e+00 -5.046565e+03 -4.680827e+03 0.000000e+00 0.000000e+00 0.000000e+00 -8.641006e+01 -5.808605e+01 1.290245e+03 5.555859e+01 0.000000e+00 0.000000e+00 0.000000e+00 0.000000e+00 0.000000e+00 0.000000e+00 0.000000e+00 0.000000e+00 0.000000e+00
1.629000e+00 0.000000e+00 -5.041034e+03 -4.680030e+03 0.000000e+00 0.000000e+00 0.000000e+00 -8.563922e+01 -5.728516e+01 1.290038e+03 5.368619e+01 0.000000e+00 0.000000e+00 0.000000e+00 0.000000e+00 0.000000e+00 0.000000e+00 0.000000e+00 0.000000e+00 0.000000e+00
1.630000e+00 0.000000e+00 -5.035549e+03 -4.679370e+03 0.000000e+00 0.000000e+00 0.000000e+00 -8.487818e+01 -5.649409e+01 1.289841e+03 5.183542e+01 0.000000e+00 0.000000e+00 0.000000e+00 0.000000e+00 0.000000e+00 0.000000e+00 0.000000e+00 0.000000e+00 0.000000e+00
1.631000e+00 0.000000e+00 -5.030112e+03 -4.678849e+03 0.000000e+00 0.000000e+00 0.000000e+00 -8.412703e+01 -5.571294e+01 1.289654e+03 5.000644e+01 0.000000e+00 0.000000e+00 0.000000e+00 0.000000e+00 0.000000e+00 0.000000e+00 0.000000e+00 0.000000e+00 0.000000e+00
1.632000e+00 0.000000e+00 -5.024722e+03 -4.678469e+03 0.000000e+00 0.000000e+00 0.000000e+00 -8.338588e+01 -5.494181e+01 1.289478e+03 4.819942e+01 0.000000e+00 0.000000e+00 0.000000e+00 0.000000e+00 0.000000e+00 0.000000e+00 0.000000e+00 0.000000e+00 0.000000e+00
1.633000e+00 0.000000e+00 -5.019381e+03 -4.678232e+03 0.000000e+00 0.000000e+00 0.000000e+00 -8.265483e+01 -5.418079e+01 1.289312e+03 4.641450e+01 0.000000e+00 0.000000e+00 0.000000e+00 0.000000e+00 0.000000e+00 0.000000e+00 0.000000e+00 0.000000e+00 0.000000e+00
1.634000e+00 0.000000e+00 -5.014088e+03 -4.678140e+03 0.000000e+00 0.000000e+00 0.000000e+00 -8.193396e+01 -5.342997e+01 1.289157e+03 4.465183e+01 0.000000e+00 0.000000e+00 0.000000e+00 0.000000e+00 0.000000e+00 0.000000e+00 0.000000e+00 0.000000e+00 0.000000e+00
1.635000e+00 0.000000e+00 -5.008843e+03 -4.678194e+03 0.000000e+00 0.000000e+00 0.000000e+00 -8.122336e+01 -5.268944e+01 1.289013e+03 4.291153e+01 0.000000e+00 0.000000e+00 0.000000e+00 0.000000e+00 0.000000e+00 0.000000e+00 0.000000e+00 0.000000e+00 0.000000e+00
1.636000e+00 0.000000e+00 -5.003648e+03 -4.678396e+03 0.000000e+00 0.000000e+00 0.000000e+00 -8.052313e+01 -5.195928e+01 1.288878e+03 4.119376e+01 0.000000e+00 0.000000e+00 0.000000e+00 0.000000e+00 0.000000e+00 0.000000e+00 0.000000e+00 0.000000e+00 0.000000e+00
1.637000e+00 0.000000e+00 -4.998503e+03 -4.678748e+03 0.000000e+00 0.000000e+00 0.000000e+00 -7.983333e+01 -5.123957e+01 1.288755e+03 3.949863e+01 0.000000e+00 0.000000e+00 0.000000e+00 0.000000e+00 0.000000e+00 0.000000e+00 0.000000e+00 0.000000e+00 0.000000e+00
1.638000e+00 0.000000e+00 -4.993407e+03 -4.679250e+03 0.000000e+00 0.000000e+00 0.000000e+00 -7.915405e+01 -5.053039e+01 1.288641e+03 3.782626e+01 0.000000e+00 0.000000e+00 0.000000e+00 0.000000e+00 0.000000e+00 0.000000e+00 0.000000e+00 0.000000e+00 0.000000e+00
1.639000e+00 0.000000e+00 -4.988362e+03 -4.679905e+03 0.000000e+00 0.000000e+00 0.000000e+00 -7.848536e+01 -4.983181e+01 1.288538e+03 3.617676e+01 0.000000e+00 0.000000e+00 0.000000e+00 0.000000e+00 0.000000e+00 0.000000e+00 0.000000e+00 0.000000e+00 0.000000e+00
1.640000e+00 0.000000e+00 -4.983367e+03 -4.680715e+03 0.000000e+00 0.000000e+00 0.000000e+00 -7.782734e+01 -4.914390e+01 1.288446e+03 3.455024e+01 0.000000e+00 0.000000e+00 0.000000e+00 0.000000e+00 0.000000e+00 0.000000e+00 0.000000e+00 0.000000e+00 0.000000e+00
1.641000e+00 0.000000e+00 -4.978424e+03 -4.681679e+03 0.000000e+00 0.000000e+00 0.000000e+00 -7.718003e+01 -4.846673e+01 1.288364e+03 3.294680e+01 0.000000e+00 0.000000e+00 0.000000e+00 0.000000e+00 0.000000e+00 0.000000e+00 0.000000e+00 0.000000e+00 0.000000e+00
1.642000e+00 0.000000e+00 -4.973532e+03 -4.682801e+03 0.000000e+00 0.000000e+00 0.000000e+00 -7.654352e+01 -4.780035e+01 1.288292e+03 3.136653e+01 0.000000e+00 0.000000e+00 0.000000e+00 0.000000e+00 0.000000e+00 0.000000e+00 0.000000e+00 0.000000e+00 0.000000e+00
1.643000e+00 0.000000e+00 -4.968691e+03 -4.684080e+03 0.000000e+00 0.000000e+00 0.000000e+00 -7.591786e+01 -4.714482e+01 1.288231e+03 2.980953e+01 0.000000e+00 0.000000e+00 0.000000e+00 0.000000e+00 0.000000e+00 0.000000e+00 0.000000e+00 0.000000e+00 0.000000e+00
1.644000e+00 0.000000e+00 -4.963904e+03 -4.685519e+03 0.000000e+00 0.000000e+00 0.000000e+00 -7.530311e+01 -4.650022e+01 1.288180e+03 2.827589e+01 0.000000e+00 0.000000e+00 0.000000e+00 0.000000e+00 0.000000e+00 0.000000e+00 0.000000e+00 0.000000e+00 0.000000e+00
1.645000e+00 0.000000e+00 -4.959168e+03 -4.687119e+03 0.000000e+00 0.000000e+00 0.000000e+00 -7.469935e+01 -4.586661e+01 1.288140e+03 2.676569e+01 0.000000e+00 0.000000e+00 0.000000e+00 0.000000e+00 0.000000e+00 0.000000e+00 0.000000e+00 0.000000e+00 0.000000e+00
1.646000e+00 0.000000e+00 -4.954486e+03 -4.688881e+03 0.000000e+00 0.000000e+00 0.000000e+00 -7.410663e+01 -4.524404e+01 1.288110e+03 2.527903e+01 0.000000e+00 0.000000e+00 0.000000e+00 0.000000e+00 0.000000e+00 0.000000e+00 0.000000e+00 0.000000e+00 0.000000e+00
1.647000e+00 0.000000e+00 -4.949858e+03 -4.690806e+03 0.000000e+00 0.000000e+00 0.000000e+00 -7.352501e+01 -4.463256e+01 1.288090e+03 2.381597e+01 0.000000e+00 0.000000e+00 0.000000e+00 0.000000e+00 0.000000e+00 0.000000e+00 0.000000e+00 0.000000e+00 0.000000e+00
1.648000e+00 0.000000e+00 -4.945283e+03 -4.692896e+03 0.000000e+00 0.000000e+00 0.000000e+00 -7.295454e+01 -4.403224e+01 1.288081e+03 2.237660e+01 0.000000e+00 0.000000e+00 0.000000e+00 0.000000e+00 0.000000e+00 0.000000e+00 0.000000e+00 0.000000e+00 0.000000e+00
1.649000e+00 0.000000e+00 -4.940762e+03 -4.695151e+03 0.000000e+00 0.000000e+00 0.000000e+00 -7.239527e+01 -4.344312e+01 1.288082e+03 2.096096e+01 0.000000e+00 0.000000e+00 0.000000e+00 0.000000e+00 0.000000e+00 0.000000e+00 0.000000e+00 0.000000e+00 0.000000e+00
1.650000e+00 0.000000e+00 -4.936296e+03 -4.697573e+03 0.000000e+00 0.000000e+00 0.000000e+00 -7.184724e+01 -4.286523e+01 1.288094e+03 1.956912e+01 0.000000e+00 0.000000e+00 0.000000e+00 0.000000e+00 0.000000e+00 0.000000e+00 0.000000e+00 0.000000e+00 0.000000e+00
1.651000e+00 0.000000e+00 -4.931885e+03 -4.700162e+03 0.000000e+00 0.000000e+00 0.000000e+00 -7.131049e+01 -4.229862e+01 1.288115e+03 1.820112e+01 0.000000e+00 0.000000e+00 0.000000e+00 0.000000e+00 0.000000e+00 0.000000e+00 0.000000e+00 0.000000e+00 0.000000e+00
1.652000e+00 0.000000e+00 -4.927529e+03 -4.702919e+03 0.000000e+00 0.000000e+00 0.000000e+00 -7.078506e+01 -4.174332e+01 1.288148e+03 1.685701e+01 0.000000e+00 0.000000e+00 0.000000e+00 0.000000e+00 0.000000e+00 0.000000e+00 0.000000e+00 0.000000e+00 0.000000e+00
1.653000e+00 0.000000e+00 -4.923230e+03 -4.705845e+03 0.000000e+00 0.000000e+00 0.000000e+00 -7.027098e+01 -4.119936e+01 1.288190e+03 1.553681e+01 0.000000e+00 0.000000e+00 0.000000e+00 0.000000e+00 0.000000e+00 0.000000e+00 0.000000e+00 0.000000e+00 0.000000e+00
1.654000e+00 0.000000e+00 -4.918987e+03 -4.708942e+03 0.000000e+00 0.000000e+00 0.000000e+00 -6.976826e+01 -4.066677e+01 1.288243e+03 1.424054e+01 0.000000e+00 0.000000e+00 0.000000e+00 0.000000e+00 0.000000e+00 0.000000e+00 0.000000e+00 0.000000e+00 0.000000e+00
1.655000e+00 0.000000e+00 -4.914800e+03 -4.712209e+03 0.000000e+00 0.000000e+00 0.000000e+00 -6.927694e+01 -4.014556e+01 1.288306e+03 1.296824e+01 0.000000e+00 0.000000e+00 0.000000e+00 0.000000e+00 0.000000e+00 0.000000e+00 0.000000e+00 0.000000e+00 0.000000e+00
1.656000e+00 0.000000e+00 -4.910671e+03 -4.715648e+03 0.000000e+00 0.000000e+00 0.000000e+00 -6.879703e+01 -3.963576e+01 1.288380e+03 1.171991e+01 0.000000e+00 0.000000e+00 0.000000e+00 0.000000e+00 0.000000e+00 0.000000e+00 0.000000e+00 0.000000e+00 0.000000e+00
1.657000e+00 0.000000e+00 -4.906600e+03 -4.719258e+03 0.000000e+00 0.000000e+00 0.000000e+00 -6.832853e+01 -3.913737e+01 1.288463e+03 1.049555e+01 0.000000e+00 0.000000e+00 0.000000e+00 0.000000e+00 0.000000e+00 0.000000e+00 0.000000e+00 0.000000e+00 0.000000e+00
1.658000e+00 0.000000e+00 -4.902587e+03 -4.723041e+03 0.000000e+00 0.000000e+00 0.000000e+00 -6.787146e+01 -3.865040e+01 1.288557e+03 9.295153e+00 0.000000e+00 0.000000e+00 0.000000e+00 0.000000e+00 0.000000e+00 0.000000e+00 0.000000e+00 0.000000e+00 0.000000e+00
1.659000e+00 0.000000e+00 -4.898633e+03 -4.726996e+03 0.000000e+00 0.000000e+00 0.000000e+00 -6.742582e+01 -3.817487e+01 1.288661e+03 8.118717e+00 0.000000e+00 0.000000e+00 0.000000e+00 0.000000e+00 0.000000e+00 0.000000e+00 0.000000e+00 0.000000e+00 0.000000e+00
1.660000e+00 0.000000e+00 -4.894737e+03 -4.731125e+03 0.000000e+00 0.000000e+00 0.000000e+00 -6.699161e+01 -3.771075e+01 1.288776e+03 6.966220e+00 0.000000e+00 0.000000e+00 0.000000e+00 0.000000e+00 0.000000e+00 0.000000e+00 0.000000e+00 0.000000e+00 0.000000e+00
1.661000e+00 0.000000e+00 -4.890902e+03 -4.735427e+03 0.000000e+00 0.000000e+00 0.000000e+00 -6.656882e+01 -3.725806e+01 1.288900e+03 5.837635e+00 0.000000e+00 0.000000e+00 0.000000e+00 0.000000e+00 0.000000e+00 0.000000e+00 0.000000e+00 0.000000e+00 0.000000e+00
1.662000e+00 0.000000e+00 -4.887127e+03 -4.739903e+03 0.000000e+00 0.000000e+00 0.000000e+00 -6.615744e+01 -3.681678e+01 1.289035e+03 4.732930e+00 0.000000e+00 0.000000e+00 0.000000e+00 0.000000e+00 0.000000e+00 0.000000e+00 0.000000e+00 0.000000e+00 0.000000e+00
1.663000e+00 0.000000e+00 -4.883413e+03 -4.744553e+03 0.000000e+00 0.000000e+00 0.000000e+00 -6.575746e+01 -3.638690e+01 1.289180e+03 3.652062e+00 0.000000e+00 0.000000e+00 0.000000e+00 0.000000e+00 0.000000e+00 0.000000e+00 0.000000e+00 0.000000e+00 0.000000e+00
1.664000e+00 0.000000e+00 -4.879759e+03 -4.749378e+03 0.000000e+00 0.000000e+00 0.000000e+00 -6.536885e+01 -3.596840e+01 1.289335e+03 2.594993e+00 0.000000e+00 0.000000e+00 0.000000e+00 0.000000e+00 0.000000e+00 0.000000e+00 0.000000e+00 0.000000e+00 0.000000e+00
1.665000e+00 0.000000e+00 -4.876168e+03 -4.754376e+03 0.000000e+00 0.000000e+00 0.000000e+00 -6.499163e+01 -3.556129e+01 1.289500e+03 1.561691e+00 0.000000e+00 0.000000e+00 0.000000e+00 0.000000e+00 0.000000e+00 0.000000e+00 0.000000e+00 0.000000e+00 0.000000e+00
1.666000e+00 0.000000e+00 -4.872639e+03 -4.759549e+03 0.000000e+00 0.000000e+00 0.000000e+00 -6.462577e+01 -3.516554e+01 1.289675e+03 5.521173e-01 0.000000e+00 0.000000e+00 0.000000e+00 0.000000e+00 0.000000e+00 0.000000e+00 0.000000e+00 0.000000e+00 0.000000e+00
1.667000e+00 0.000000e+00 -4.869172e+03 -4.764897e+03 0.000000e+00 0.000000e+00 0.000000e+00 -6.427128e+01 -3.478116e+01 1.289860e+03 -4.337728e-01 0.000000e+00 0.000000e+00 0.000000e+00 0.000000e+00 0.000000e+00 0.000000e+00 0.000000e+00 0.000000e+00 0.000000e+00
1.668000e+00 0.000000e+00 -4.865768e+03 -4.770419e+03 0.000000e+00 0.000000e+00 0.000000e+00 -6.392812e+01 -3.440813e+01 1.290056e+03 -1.396032e+00 0.000000e+00 0.000000e+00 0.000000e+00 0.000000e+00 0.000000e+00 0.000000e+00 0.000000e+00 0.000000e+00 0.000000e+00
1.669000e+00 0.000000e+00 -4.862427e+03 -4.776116e+03 0.000000e+00 0.000000e+00 0.000000e+00 -6.359629e+01 -3.404642e+01 1.290261e+03 -2.334722e+00 0.000000e+00 0.000000e+00 0.000000e+00 0.000000e+00 0.000000e+00 0.000000e+00 0.000000e+00 0.000000e+00 0.000000e+00
1.670000e+00 0.000000e+00 -4.859150e+03 -4.781988e+03 0.000000e+00 0.000000e+00 0.000000e+00 -6.327575e+01 -3.369600e+01 1.290476e+03 -3.249909e+00 0.000000e+00 0.000000e+00 0.000000e+00 0.000000e+00 0.000000e+00 0.000000e+00 0.000000e+00 0.000000e+00 0.000000e+00
1.671000e+00 0.000000e+00 -4.855937e+03 -4.788033e+03 0.000000e+00 0.000000e+00 0.000000e+00 -6.296647e+01 -3.335685e+01 1.290702e+03 -4.141669e+00 0.000000e+00 0.000000e+00 0.000000e+00 0.000000e+00 0.000000e+00 0.000000e+00 0.000000e+00 0.000000e+00 0.000000e+00
1.672000e+00 0.000000e+00 -4.852789e+03 -4.794253e+03 0.000000e+00 0.000000e+00 0.000000e+00 -6.266842e+01 -3.302894e+01 1.290937e+03 -5.010084e+00 0.000000e+00 0.000000e+00 0.000000e+00 0.000000e+00 0.000000e+00 0.000000e+00 0.000000e+00 0.000000e+00 0.000000e+00
1.673000e+00 0.000000e+00 -4.849707e+03 -4.800646e+03 0.000000e+00 0.000000e+00 0.000000e+00 -6.238156e+01 -3.271222e+01 1.291182e+03 -5.855243e+00 0.000000e+00 0.000000e+00 0.000000e+00 0.000000e+00 0.000000e+00 0.000000e+00 0.000000e+00 0.000000e+00 0.000000e+00
1.674000e+00 0.000000e+00 -4.846690e+03 -4.807213e+03 0.000000e+00 0.000000e+00 0.000000e+00 -6.210584e+01 -3.240665e+01 1.291437e+03 -6.677244e+00 0.000000e+00 0.000000e+00 0.000000e+00 0.000000e+00 0.000000e+00 0.000000e+00 0.000000e+00 0.000000e+00 0.000000e+00
1.675000e+00 0.000000e+00 -4.843738e+03 -4.813952e+03 0.000000e+00 0.000000e+00 0.000000e+00 -6.184122e+01 -3.211219e+01 1.291702e+03 -7.476190e+00 0.000000e+00 0.000000e+00 0.000000e+00 0.000000e+00 0.000000e+00 0.000000e+00 0.000000e+00 0.000000e+00 0.000000e+00
1.676000e+00 0.000000e+00 -4.840854e+03 -4.820863e+03 0.000000e+00 0.000000e+00 0.000000e+00 -6.158764e+01 -3.182878e+01 1.291976e+03 -8.252193e+00 0.000000e+00 0.000000e+00 0.000000e+00 0.000000e+00 0.000000e+00 0.000000e+00 0.000000e+00 0.000000e+00 0.000000e+00
1.677000e+00 0.000000e+00 -4.838036e+03 -4.827947e+03 0.000000e+00 0.000000e+00 0.000000e+00 -6.134504e+01 -3.155636e+01 1.292261e+03 -9.005372e+00 0.000000e+00 0.000000e+00 0.000000e+00 0.000000e+00 0.000000e+00 0.000000e+00 0.000000e+00 0.000000e+00 0.000000e+00
1.678000e+00 0.000000e+00 -4.835286e+03 -4.835201e+03 0.000000e+00 0.000000e+00 0.000000e+00 -6.111336e+01 -3.129488e+01 1.292555e+03 -9.735850e+00 0.000000e+00 0.000000e+00 0.000000e+00 0.000000e+00 0.000000e+00 0.000000e+00 0.000000e+00 0.000000e+00 0.000000e+00
1.679000e+00 0.000000e+00 -4.832604e+03 -4.842625e+03 0.000000e+00 0.000000e+00 0.000000e+00 -6.089253e+01 -3.104427e+01 1.292859e+03 -1.044376e+01 0.000000e+00 0.000000e+00 0.000000e+00 0.000000e+00 0.000000e+00 0.000000e+00 0.000000e+00 0.000000e+00 0.000000e+00
1.680000e+00 0.000000e+00 -4.829990e+03 -4.850219e+03 0.000000e+00 0.000000e+00 0.000000e+00 -6.068249e+01 -3.080446e+01 1.293172e+03 -1.112924e+01 0.000000e+00 0.000000e+00 0.000000e+00 0.000000e+00 0.000000e+00 0.000000e+00 0.000000e+00 0.000000e+00 0.000000e+00
1.681000e+00 0.000000e+00 -4.827445e+03 -4.857981e+03 0.000000e+00 0.000000e+00 0.000000e+00 -6.048316e+01 -3.057539e+01 1.293495e+03 -1.179245e+01 0.000000e+00 0.000000e+00 0.000000e+00 0.000000e+00 0.000000e+00 0.000000e+00 0.000000e+00 0.000000e+00 0.000000e+00
1.682000e+00 0.000000e+00 -4.824970e+03 -4.865911e+03 0.000000e+00 0.000000e+00 0.000000e+00 -6.029445e+01 -3.035696e+01 1.293828e+03 -1.243352e+01 0.000000e+00 0.000000e+00 0.000000e+00 0.000000e+00 0.000000e+00 0.000000e+00 0.000000e+00 0.000000e+00 0.000000e+00
1.683000e+00 0.000000e+00 -4.822564e+03 -4.874007e+03 0.000000e+00 0.000000e+00 0.000000e+00 -6.011628e+01 -3.014911e+01 1.294170e+03 -1.305262e+01 0.000000e+00 0.000000e+00 0.000000e+00 0.000000e+00 0.000000e+00 0.000000e+00 0.000000e+00 0.000000e+00 0.000000e+00
1.684000e+00 0.000000e+00 -4.820229e+03 -4.882269e+03 0.000000e+00 0.000000e+00 0.000000e+00 -5.994857e+01 -2.995174e+01 1.294522e+03 -1.364992e+01 0.000000e+00 0.000000e+00 0.000000e+00 0.000000e+00 0.000000e+00 0.000000e+00 0.000000e+00 0.000000e+00 0.000000e+00
1.685000e+00 0.000000e+00 -4.817964e+03 -4.890696e+03 0.000000e+00 0.000000e+00 0.000000e+00 -5.979123e+01 -2.976478e+01 1.294883e+03 -1.422557e+01 0.000000e+00 0.000000e+00 0.000000e+00 0.000000e+00 0.000000e+00 0.000000e+00 0.000000e+00 0.000000e+00 0.000000e+00
1.686000e+00 0.000000e+00 -4.815771e+03 -4.899286e+03 0.000000e+00 0.000000e+00 0.000000e+00 -5.964420e+01 -2.958816e+01 1.295254e+03 -1.477973e+01 0.000000e+00 0.000000e+00 0.000000e+00 0.000000e+00 0.000000e+00 0.000000e+00 0.000000e+00 0.000000e+00 0.000000e+00
1.687000e+00 0.000000e+00 -4.813649e+03 -4.908038e+03 0.000000e+00 0.000000e+00 0.000000e+00 -5.950739e+01 -2.942180e+01 1.295634e+03 -1.531255e+01 0.000000e+00 0.000000e+00 0.000000e+00 0.000000e+00 0.000000e+00 0.000000e+00 0.000000e+00 0.000000e+00 0.000000e+00
1.688000e+00 0.000000e+00 -4.811599e+03 -4.916951e+03 0.000000e+00 0.000000e+00 0.000000e+00 -5.938073e+01 -2.926562e+01 1.296023e+03 -1.582420e+01 0.000000e+00 0.000000e+00 0.000000e+00 0.000000e+00 0.000000e+00 0.000000e+00 0.000000e+00 0.000000e+00 0.000000e+00
1.689000e+00 0.000000e+00 -4.809621e+03 -4.926025e+03 0.000000e+00 0.000000e+00 0.000000e+00 -5.926412e+01 -2.911954e+01 1.296422e+03 -1.631486e+01 0.000000e+00 0.000000e+00 0.000000e+00 0.000000e+00 0.000000e+00 0.000000e+00 0.000000e+00 0.000000e+00 0.000000e+00
1.690000e+00 0.000000e+00 -4.807715e+03 -4.935257e+03 0.000000e+00 0.000000e+00 0.000000e+00 -5.915748e+01 -2.898346e+01 1.296830e+03 -1.678470e+01 0.000000e+00 0.000000e+00 0.000000e+00 0.000000e+00 0.000000e+00 0.000000e+00 0.000000e+00 0.000000e+00 0.000000e+00
1.691000e+00 0.000000e+00 -4.805883e+03 -4.944646e+03 0.000000e+00 0.000000e+00 0.000000e+00 -5.906071e+01 -2.885729e+01 1.297247e+03 -1.723391e+01 0.000000e+00 0.000000e+00 0.000000e+00 0.000000e+00 0.000000e+00 0.000000e+00 0.000000e+00 0.000000e+00 0.000000e+00
1.692000e+00 0.000000e+00 -4.804124e+03 -4.954192e+03 0.000000e+00 0.000000e+00 0.000000e+00 -5.897372e+01 -2.874094e+01 1.297673e+03 -1.766268e+01 0.000000e+00 0.000000e+00 0.000000e+00 0.000000e+00 0.000000e+00 0.000000e+00 0.000000e+00 0.000000e+00 0.000000e+00
1.693000e+00 0.000000e+00 -4.802438e+03 -4.963891e+03 0.000000e+00 0.000000e+00 0.000000e+00 -5.889640e+01 -2.863431e+01 1.298109e+03 -1.807120e+01 0.000000e+00 0.000000e+00 0.000000e+00 0.000000e+00 0.000000e+00 0.000000e+00 0.000000e+00 0.000000e+00 0.000000e+00
1.694000e+00 0.000000e+00 -4.800826e+03 -4.973744e+03 0.000000e+00 0.000000e+00 0.000000e+00 -5.882864e+01 -2.853729e+01 1.298553e+03 -1.845969e+01 0.000000e+00 0.000000e+00 0.000000e+00 0.000000e+00 0.000000e+00 0.000000e+00 0.000000e+00 0.000000e+00 0.000000e+00
1.695000e+00 0.000000e+00 -4.799289e+03 -4.983748e+03 0.000000e+00 0.000000e+00 0.000000e+00 -5.877034e+01 -2.844977e+01 1.299007e+03 -1.882835e+01 0.000000e+00 0.000000e+00 0.000000e+00 0.000000e+00 0.000000e+00 0.000000e+00 0.000000e+00 0.000000e+00 0.000000e+00
1.696000e+00 0.000000e+00 -4.797826e+03 -4.993902e+03 0.000000e+00 0.000000e+00 0.000000e+00 -5.872138e+01 -2.837165e+01 1.299469e+03 -1.917739e+01 0.000000e+00 0.000000e+00 0.000000e+00 0.000000e+00 0.000000e+00 0.000000e+00 0.000000e+00 0.000000e+00 0.000000e+00
1.697000e+00 0.000000e+00 -4.796439e+03 -5.004203e+03 0.000000e+00 0.000000e+00 0.000000e+00 -5.868165e+01 -2.830281e+01 1.299940e+03 -1.950704e+01 0.000000e+00 0.000000e+00 0.000000e+00 0.000000e+00 0.000000e+00 0.000000e+00 0.000000e+00 0.000000e+00 0.000000e+00
1.698000e+00 0.000000e+00 -4.795126e+03 -5.014651e+03 0.000000e+00 0.000000e+00 0.000000e+00 -5.865102e+01 -2.824314e+01 1.300420e+03 -1.981752e+01 0.000000e+00 0.000000e+00 0.000000e+00 0.000000e+00 0.000000e+00 0.000000e+00 0.000000e+00 0.000000e+00 0.000000e+00
1.699000e+00 0.000000e+00 -4.793890e+03 -5.025243e+03 0.000000e+00 0.000000e+00 0.000000e+00 -5.862937e+01 -2.819250e+01 1.300909e+03 -2.010906e+01 0.000000e+00 0.000000e+00 0.000000e+00 0.000000e+00 0.000000e+00 0.000000e+00 0.000000e+00 0.000000e+00 0.000000e+00
1.700000e+00 0.000000e+00 -4.792729e+03 -5.035978e+03 0.000000e+00 0.000000e+00 0.000000e+00 -5.861658e+01 -2.815079e+01 1.301407e+03 -2.038191e+01 0.000000e+00 0.000000e+00 0.000000e+00 0.000000e+00 0.000000e+00 0.000000e+00 0.000000e+00 0.000000e+00 0.000000e+00
1.701000e+00 0.000000e+00 -4.791645e+03 -5.046853e+03 0.000000e+00 0.000000e+00 0.000000e+00 -5.861251e+01 -2.811786e+01 1.301913e+03 -2.063630e+01 0.000000e+00 0.000000e+00 0.000000e+00 0.000000e+00 0.000000e+00 0.000000e+00 0.000000e+00 0.000000e+00 0.000000e+00
1.702000e+00 0.000000e+00 -4.790637e+03 -5.057867e+03 0.000000e+00 0.000000e+00 0.000000e+00 -5.861703e+01 -2.809359e+01 1.302428e+03 -2.087248e+01 0.000000e+00 0.000000e+00 0.000000e+00 0.000000e+00 0.000000e+00 0.000000e+00 0.000000e+00 0.000000e+00 0.000000e+00
1.703000e+00 0.000000e+00 -4.789706e+03 -5.069017e+03 0.000000e+00 0.000000e+00 0.000000e+00 -5.863000e+01 -2.807784e+01 1.302952e+03 -2.109071e+01 0.000000e+00 0.000000e+00 0.000000e+00 0.000000e+00 0.000000e+00 0.000000e+00 0.000000e+00 0.000000e+00 0.000000e+00
1.704000e+00 0.000000e+00 -4.788853e+03 -5.080302e+03 0.000000e+00 0.000000e+00 0.000000e+00 -5.865127e+01 -2.807048e+01 1.303484e+03 -2.129124e+01 0.000000e+00 0.000000e+00 0.000000e+00 0.000000e+00 0.000000e+00 0.000000e+00 0.000000e+00 0.000000e+00 0.000000e+00
1.705000e+00 0.000000e+00 -4.788077e+03 -5.091719e+03 0.000000e+00 0.000000e+00 0.000000e+00 -5.868072e+01 -2.807137e+01 1.304025e+03 -2.147432e+01 0.000000e+00 0.000000e+00 0.000000e+00 0.000000e+00 0.000000e+00 0.000000e+00 0.000000e+00 0.000000e+00 0.000000e+00
1.706000e+00 0.000000e+00 -4.787379e+03 -5.103267e+03 0.000000e+00 0.000000e+00 0.000000e+00 -5.871822e+01 -2.808039e+01 1.304574e+03 -2.164020e+01 0.000000e+00 0.000000e+00 0.000000e+00 0.000000e+00 0.000000e+00 0.000000e+00 0.000000e+00 0.000000e+00 0.000000e+00
1.707000e+00 0.000000e+00 -4.786758e+03 -5.114942e+03 0.000000e+00 0.000000e+00 0.000000e+00 -5.876364e+01 -2.809742e+01 1.305131e+03 -2.178912e+01 0.000000e+00 0.000000e+00 0.000000e+00 0.000000e+00 0.000000e+00 0.000000e+00 0.000000e+00 0.000000e+00 0.000000e+00
1.708000e+00 0.000000e+00 -4.786216e+03 -5.126744e+03 0.000000e+00 0.000000e+00 0.000000e+00 -5.881685e+01 -2.812232e+01 1.305697e+03 -2.192134e+01 0.000000e+00 0.000000e+00 0.000000e+00 0.000000e+00 0.000000e+00 0.000000e+00 0.000000e+00 0.000000e+00 0.000000e+00
1.709000e+00 0.000000e+00 -4.785752e+03 -5.138670e+03 0.000000e+00 0.000000e+00 0.000000e+00 -5.887771e+01 -2.815496e+01 1.306270e+03 -2.203711e+01 0.000000e+00 0.000000e+00 0.000000e+00 0.000000e+00 0.000000e+00 0.000000e+00 0.000000e+00 0.000000e+00 0.000000e+00
1.710000e+00 0.000000e+00 -4.785366e+03 -5.150717e+03 0.000000e+00 0.000000e+00 0.000000e+00 -5.894609e+01 -2.819520e+01 1.306852e+03 -2.213670e+01 0.000000e+00 0.000000e+00 0.000000e+00 0.000000e+00 0.000000e+00 0.000000e+00 0.000000e+00 0.000000e+00 0.000000e+00
1.711000e+00 0.000000e+00 -4.785059e+03 -5.162884e+03 0.000000e+00 0.000000e+00 0.000000e+00 -5.902183e+01 -2.824290e+01 1.307443e+03 -2.222037e+01 0.000000e+00 0.000000e+00 0.000000e+00 0.000000e+00 0.000000e+00 0.000000e+00 0.000000e+00 0.000000e+00 0.000000e+00
1.712000e+00 0.000000e+00 -4.784831e+03 -5.175168e+03 0.000000e+00 0.000000e+00 0.000000e+00 -5.910481e+01 -2.829792e+01 1.308041e+03 -2.228839e+01 0.000000e+00 0.000000e+00 0.000000e+00 0.000000e+00 0.000000e+00 0.000000e+00 0.000000e+00 0.000000e+00 0.000000e+00
1.713000e+00 0.000000e+00 -4.784681e+03 -5.187567e+03 0.000000e+00 0.000000e+00 0.000000e+00 -5.919488e+01 -2.836012e+01 1.308647e+03 -2.234104e+01 0.000000e+00 0.000000e+00 0.000000e+00 0.000000e+00 0.000000e+00 0.000000e+00 0.000000e+00 0.000000e+00 0.000000e+00
1.714000e+00 0.000000e+00 -4.784610e+03 -5.200078e+03 0.000000e+00 0.000000e+00 0.000000e+00 -5.929188e+01 -2.842936e+01 1.309261e+03 -2.237859e+01 0.000000e+00 0.000000e+00 0.000000e+00 0.000000e+00 0.000000e+00 0.000000e+00 0.000000e+00 0.000000e+00 0.000000e+00
1.715000e+00 0.000000e+00 -4.784618e+03 -5.212699e+03 0.000000e+00 0.000000e+00 0.000000e+00 -5.939566e+01 -2.850547e+01 1.309883e+03 -2.240134e+01 0.000000e+00 0.000000e+00 0.000000e+00 0.000000e+00 0.000000e+00 0.000000e+00 0.000000e+00 0.000000e+00 0.000000e+00
1.716000e+00 0.000000e+00 -4.784705e+03 -5.225428e+03 0.000000e+00 0.000000e+00 0.000000e+00 -5.950607e+01 -2.858832e+01 1.310513e+03 -2.240955e+01 0.000000e+00 0.000000e+00 0.000000e+00 0.000000e+00 0.000000e+00 0.000000e+00 0.000000e+00 0.000000e+00 0.000000e+00
1.717000e+00 0.000000e+00 -4.784872e+03 -5.238261e+03 0.000000e+00 0.000000e+00 0.000000e+00 -5.962296e+01 -2.867775e+01 1.311150e+03 -2.240352e+01 0.000000e+00 0.000000e+00 0.000000e+00 0.000000e+00 0.000000e+00 0.000000e+00 0.000000e+00 0.000000e+00 0.000000e+00
1.718000e+00 0.000000e+00 -4.785117e+03 -5.251197e+03 0.000000e+00 0.000000e+00 0.000000e+00 -5.974617e+01 -2.877359e+01 1.311795e+03 -2.238355e+01 0.000000e+00 0.000000e+00 0.000000e+00 0.000000e+00 0.000000e+00 0.000000e+00 0.000000e+00 0.000000e+00 0.000000e+00
1.719000e+00 0.000000e+00 -4.785442e+03 -5.264233e+03 0.000000e+00 0.000000e+00 0.000000e+00 -5.987554e+01 -2.887571e+01 1.312448e+03 -2.234992e+01 0.000000e+00 0.000000e+00 0.000000e+00 0.000000e+00 0.000000e+00 0.000000e+00 0.000000e+00 0.000000e+00 0.000000e+00
1.720000e+00 0.000000e+00 -4.785847e+03 -5.277367e+03 0.000000e+00 0.000000e+00 0.000000e+00 -6.001090e+01 -2.898393e+01 1.313108e+03 -2.230294e+01 0.000000e+00 0.000000e+00 0.000000e+00 0.000000e+00 0.000000e+00 0.000000e+00 0.000000e+00 0.000000e+00 0.000000e+00
1.721000e+00 0.000000e+00 -4.786330e+03 -5.290594e+03 0.000000e+00 0.000000e+00 0.000000e+00 -6.015209e+01 -2.909809e+01 1.313776e+03 -2.224291e+01 0.000000e+00 0.000000e+00 0.000000e+00 0.000000e+00 0.000000e+00 0.000000e+00 0.000000e+00 0.000000e+00 0.000000e+00
1.722000e+00 0.000000e+00 -4.786893e+03 -5.303914e+03 0.000000e+00 0.000000e+00 0.000000e+00 -6.029894e+01 -2.921803e+01 1.314451e+03 -2.217013e+01 0.000000e+00 0.000000e+00 0.000000e+00 0.000000e+00 0.000000e+00 0.000000e+00 0.000000e+00 0.000000e+00 0.000000e+00
1.723000e+00 0.000000e+00 -4.787536e+03 -5.317323e+03 0.000000e+00 0.000000e+00 0.000000e+00 -6.045130e+01 -2.934359e+01 1.315133e+03 -2.208492e+01 0.000000e+00 0.000000e+00 0.000000e+00 0.000000e+00 0.000000e+00 0.000000e+00 0.000000e+00 0.000000e+00 0.000000e+00
1.724000e+00 0.000000e+00 -4.788258e+03 -5.330818e+03 0.000000e+00 0.000000e+00 0.000000e+00 -6.060898e+01 -2.947460e+01 1.315823e+03 -2.198757e+01 0.000000e+00 0.000000e+00 0.000000e+00 0.000000e+00 0.000000e+00 0.000000e+00 0.000000e+00 0.000000e+00 0.000000e+00
1.725000e+00 0.000000e+00 -4.789059e+03 -5.344398e+03 0.000000e+00 0.000000e+00 0.000000e+00 -6.077181e+01 -2.961089e+01 1.316520e+03 -2.187841e+01 0.000000e+00 0.000000e+00 0.000000e+00 0.000000e+00 0.000000e+00 0.000000e+00 0.000000e+00 0.000000e+00 0.000000e+00
1.726000e+00 0.000000e+00 -4.789940e+03 -5.358058e+03 0.000000e+00 0.000000e+00 0.000000e+00 -6.093965e+01 -2.975231e+01 1.317224e+03 -2.175771e+01 0.000000e+00 0.000000e+00 0.000000e+00 0.000000e+00 0.000000e+00 0.000000e+00 0.000000e+00 0.000000e+00 0.000000e+00
1.727000e+00 0.000000e+00 -4.790899e+03 -5.371796e+03 0.000000e+00 0.000000e+00 0.000000e+00 -6.111234e+01 -2.989870e+01 1.317935e+03 -2.162579e+01 0.000000e+00 0.000000e+00 0.000000e+00 0.000000e+00 0.000000e+00 0.000000e+00 0.000000e+00 0.000000e+00 0.000000e+00
1.728000e+00 0.000000e+00 -4.791938e+03 -5.385611e+03 0.000000e+00 0.000000e+00 0.000000e+00 -6.128972e+01 -3.004991e+01 1.318653e+03 -2.148294e+01 0.000000e+00 0.000000e+00 0.000000e+00 0.000000e+00 0.000000e+00 0.000000e+00 0.000000e+00 0.000000e+00 0.000000e+00
1.729000e+00 0.000000e+00 -4.793055e+03 -5.399498e+03 0.000000e+00 0.000000e+00 0.000000e+00 -6.147163e+01 -3.020577e+01 1.319378e+03 -2.132946e+01 0.000000e+00 0.000000e+00 0.000000e+00 0.000000e+00 0.000000e+00 0.000000e+00 0.000000e+00 0.000000e+00 0.000000e+00
1.730000e+00 0.000000e+00 -4.794251e+03 -5.413456e+03 0.000000e+00 0.000000e+00 0.000000e+00 -6.165790e+01 -3.036613e+01 1.320110e+03 -2.116566e+01 0.000000e+00 0.000000e+00 0.000000e+00 0.000000e+00 0.000000e+00 0.000000e+00 0.000000e+00 0.000000e+00 0.000000e+00
1.731000e+00 0.000000e+00 -4.795526e+03 -5.427480e+03 0.000000e+00 0.000000e+00 0.000000e+00 -6.184837e+01 -3.053081e+01 1.320849e+03 -2.099184e+01 0.000000e+00 0.000000e+00 0.000000e+00 0.000000e+00 0.000000e+00 0.000000e+00 0.000000e+00 0.000000e+00 0.000000e+00
1.732000e+00 0.000000e+00 -4.796878e+03 -5.441570e+03 0.000000e+00 0.000000e+00 0.000000e+00 -6.204288e+01 -3.069967e+01 1.321594e+03 -2.080832e+01 0.000000e+00 0.000000e+00 0.000000e+00 0.000000e+00 0.000000e+00 0.000000e+00 0.000000e+00 0.000000e+00 0.000000e+00
1.733000e+00 0.000000e+00 -4.798309e+03 -5.455721e+03 0.000000e+00 0.000000e+00 0.000000e+00 -6.224126e+01 -3.087253e+01 1.322346e+03 -2.061540e+01 0.000000e+00 0.000000e+00 0.000000e+00 0.000000e+00 0.000000e+00 0.000000e+00 0.000000e+00 0.000000e+00 0.000000e+00
1.734000e+00 0.000000e+00 -4.799818e+03 -5.469932e+03 0.000000e+00 0.000000e+00 0.000000e+00 -6.244334e+01 -3.104923e+01 1.323105e+03 -2.041340e+01 0.000000e+00 0.000000e+00 0.000000e+00 0.000000e+00 0.000000e+00 0.000000e+00 0.000000e+00 0.000000e+00 0.000000e+00
1.735000e+00 0.000000e+00 -4.801403e+03 -5.484198e+03 0.000000e+00 0.000000e+00 0.000000e+00 -6.264896e+01 -3.122960e+01 1.323870e+03 -2.020262e+01 0.000000e+00 0.000000e+00 0.000000e+00 0.000000e+00 0.000000e+00 0.000000e+00 0.000000e+00 0.000000e+00 0.000000e+00
1.736000e+00 0.000000e+00 -4.803067e+03 -5.498518e+03 0.000000e+00 0.000000e+00 0.000000e+00 -6.285795e+01 -3.141347e+01 1.324642e+03 -1.998338e+01 0.000000e+00 0.000000e+00 0.000000e+00 0.000000e+00 0.000000e+00 0.000000e+00 0.000000e+00 0.000000e+00 0.000000e+00
1.737000e+00 0.000000e+00 -4.804807e+03 -5.512888e+03 0.000000e+00 0.000000e+00 0.000000e+00 -6.307014e+01 -3.160069e+01 1.325420e+03 -1.975600e+01 0.000000e+00 0.000000e+00 0.000000e+00 0.000000e+00 0.000000e+00 0.000000e+00 0.000000e+00 0.000000e+00 0.000000e+00
1.738000e+00 0.000000e+00 -4.806624e+03 -5.527306e+03 0.000000e+00 0.000000e+00 0.000000e+00 -6.328536e+01 -3.179107e+01 1.326204e+03 -1.952078e+01 0.000000e+00 0.000000e+00 0.000000e+00 0.000000e+00 0.000000e+00 0.000000e+00 0.000000e+00 0.000000e+00 0.000000e+00
1.739000e+00 0.000000e+00 -4.808517e+03 -5.541768e+03 0.000000e+00 0.000000e+00 0.000000e+00 -6.350344e+01 -3.198445e+01 1.326995e+03 -1.927805e+01 0.000000e+00 0.000000e+00 0.000000e+00 0.000000e+00 0.000000e+00 0.000000e+00 0.000000e+00 0.000000e+00 0.000000e+00
1.740000e+00 0.000000e+00 -4.810486e+03 -5.556272e+03 0.000000e+00 0.000000e+00 0.000000e+00 -6.372421e+01 -3.218067e+01 1.327792e+03 -1.902812e+01 0.000000e+00 0.000000e+00 0.000000e+00 0.000000e+00 0.000000e+00 0.000000e+00 0.000000e+00 0.000000e+00 0.000000e+00
1.741000e+00 0.000000e+00 -4.812530e+03 -5.570815e+03 0.000000e+00 0.000000e+00 0.000000e+00 -6.394750e+01 -3.237954e+01 1.328595e+03 -1.877131e+01 0.000000e+00 0.000000e+00 0.000000e+00 0.000000e+00 0.000000e+00 0.000000e+00 0.000000e+00 0.000000e+00 0.000000e+00
1.742000e+00 0.000000e+00 -4.814650e+03 -5.585394e+03 0.000000e+00 0.000000e+00 0.000000e+00 -6.417313e+01 -3.258091e+01 1.329404e+03 -1.850793e+01 0.000000e+00 0.000000e+00 0.000000e+00 0.000000e+00 0.000000e+00 0.000000e+00 0.000000e+00 0.000000e+00 0.000000e+00
1.743000e+00 0.000000e+00 -4.816845e+03 -5.600006e+03 0.000000e+00 0.000000e+00 0.000000e+00 -6.440095e+01 -3.278460e+01 1.330219e+03 -1.823831e+01 0.000000e+00 0.000000e+00 0.000000e+00 0.000000e+00 0.000000e+00 0.000000e+00 0.000000e+00 0.000000e+00 0.000000e+00
1.744000e+00 0.000000e+00 -4.819114e+03 -5.614648e+03 0.000000e+00 0.000000e+00 0.000000e+00 -6.463076e+01 -3.299043e+01 1.331040e+03 -1.796276e+01 0.000000e+00 0.000000e+00 0.000000e+00 0.000000e+00 0.000000e+00 0.000000e+00 0.000000e+00 0.000000e+00 0.000000e+00
1.745000e+00 0.000000e+00 -4.821457e+03 -5.629317e+03 0.000000e+00 0.000000e+00 0.000000e+00 -6.486241e+01 -3.319825e+01 1.331867e+03 -1.768160e+01 0.000000e+00 0.000000e+00 0.000000e+00 0.000000e+00 0.000000e+00 0.000000e+00 0.000000e+00 0.000000e+00 0.000000e+00
1.746000e+00 0.000000e+00 -4.823873e+03 -5.644010e+03 0.000000e+00 0.000000e+00 0.000000e+00 -6.509571e+01 -3.340788e+01 1.332699e+03 -1.739514e+01 0.000000e+00 0.000000e+00 0.000000e+00 0.000000e+00 0.000000e+00 0.000000e+00 0.000000e+00 0.000000e+00 0.000000e+00
1.747000e+00 0.000000e+00 -4.826363e+03 -5.658725e+03 0.000000e+00 0.000000e+00 0.000000e+00 -6.533053e+01 -3.361916e+01 1.333538e+03 -1.710368e+01 0.000000e+00 0.000000e+00 0.000000e+00 0.000000e+00 0.000000e+00 0.000000e+00 0.000000e+00 0.000000e+00 0.000000e+00
1.748000e+00 0.000000e+00 -4.828924e+03 -5.673458e+03 0.000000e+00 0.000000e+00 0.000000e+00 -6.556669e+01 -3.383194e+01 1.334382e+03 -1.680752e+01 0.000000e+00 0.000000e+00 0.000000e+00 0.000000e+00 0.000000e+00 0.000000e+00 0.000000e+00 0.000000e+00 0.000000e+00
1.749000e+00 0.000000e+00 -4.831558e+03 -5.688207e+03 0.000000e+00 0.000000e+00 0.000000e+00 -6.580404e+01 -3.404605e+01 1.335231e+03 -1.650698e+01 0.000000e+00 0.000000e+00 0.000000e+00 0.000000e+00 0.000000e+00 0.000000e+00 0.000000e+00 0.000000e+00 0.000000e+00
1.750000e+00 0.000000e+00 -4.834263e+03 -5.702969e+03 0.000000e+00 0.000000e+00 0.000000e+00 -6.604241e+01 -3.426133e+01 1.336086e+03 -1.620235e+01 0.000000e+00 0.000000e+00 0.000000e+00 0.000000e+00 0.000000e+00 0.000000e+00 0.000000e+00 0.000000e+00 0.000000e+00
1.751000e+00 0.000000e+00 -4.837038e+03 -5.717740e+03 0.000000e+00 0.000000e+00 0.000000e+00 -6.628164e+01 -3.447761e+01 1.336947e+03 -1.589395e+01 0.000000e+00 0.000000e+00 0.000000e+00 0.000000e+00 0.000000e+00 0.000000e+00 0.000000e+00 0.000000e+00 0.000000e+00
1.752000e+00 0.000000e+00 -4.839884e+03 -5.732519e+03 0.000000e+00 0.000000e+00 0.000000e+00 -6.652156e+01 -3.469474e+01 1.337813e+03 -1.558207e+01 0.000000e+00 0.000000e+00 0.000000e+00 0.000000e+00 0.000000e+00 0.000000e+00 0.000000e+00 0.000000e+00 0.000000e+00
1.753000e+00 0.000000e+00 -4.842798e+03 -5.747302e+03 0.000000e+00 0.000000e+00 0.000000e+00 -6.676202e+01 -3.491256e+01 1.338684e+03 -1.526702e+01 0.000000e+00 0.000000e+00 0.000000e+00 0.000000e+00 0.000000e+00 0.000000e+00 0.000000e+00 0.000000e+00 0.000000e+00
1.754000e+00 0.000000e+00 -4.845782e+03 -5.762087e+03 0.000000e+00 0.000000e+00 0.000000e+00 -6.700286e+01 -3.513090e+01 1.339561e+03 -1.494910e+01 0.000000e+00 0.000000e+00 0.000000e+00 0.000000e+00 0.000000e+00 0.000000e+00 0.000000e+00 0.000000e+00 0.000000e+00
1.755000e+00 0.000000e+00 -4.848834e+03 -5.776870e+03 0.000000e+00 0.000000e+00 0.000000e+00 -6.724391e+01 -3.534961e+01 1.340443e+03 -1.462861e+01 0.000000e+00 0.000000e+00 0.000000e+00 0.000000e+00 0.000000e+00 0.000000e+00 0.000000e+00 0.000000e+00 0.000000e+00
1.756000e+00 0.000000e+00 -4.851953e+03 -5.791649e+03 0.000000e+00 0.000000e+00 0.000000e+00 -6.748502e+01 -3.556852e+01 1.341330e+03 -1.430584e+01 0.000000e+00 0.000000e+00 0.000000e+00 0.000000e+00 0.000000e+00 0.000000e+00 0.000000e+00 0.000000e+00 0.000000e+00
1.757000e+00 0.000000e+00 -4.855139e+03 -5.806421e+03 0.000000e+00 0.000000e+00 0.000000e+00 -6.772603e+01 -3.578747e+01 1.342222e+03 -1.398111e+01 0.000000e+00 0.000000e+00 0.000000e+00 0.000000e+00 0.000000e+00 0.000000e+00 0.000000e+00 0.000000e+00 0.000000e+00
1.758000e+00 0.000000e+00 -4.858390e+03 -5.821183e+03 0.000000e+00 0.000000e+00 0.000000e+00 -6.796679e+01 -3.600632e+01 1.343119e+03 -1.365469e+01 0.000000e+00 0.000000e+00 0.000000e+00 0.000000e+00 0.000000e+00 0.000000e+00 0.000000e+00 0.000000e+00 0.000000e+00
1.759000e+00 0.000000e+00 -4.861707e+03 -5.835933e+03 0.000000e+00 0.000000e+00 0.000000e+00 -6.820713e+01 -3.622491e+01 1.344021e+03 -1.332689e+01 0.000000e+00 0.000000e+00 0.000000e+00 0.000000e+00 0.000000e+00 0.000000e+00 0.000000e+00 0.000000e+00 0.000000e+00
1.760000e+00 0.000000e+00 -4.865088e+03 -5.850667e+03 0.000000e+00 0.000000e+00 0.000000e+00 -6.844690e+01 -3.644307e+01 1.344928e+03 -1.299800e+01 0.000000e+00 0.000000e+00 0.000000e+00 0.000000e+00 0.000000e+00 0.000000e+00 0.000000e+00 0.000000e+00 0.000000e+00
1.761000e+00 0.000000e+00 -4.868533e+03 -5.865383e+03 0.000000e+00 0.000000e+00 0.000000e+00 -6.868596e+01 -3.666066e+01 1.345840e+03 -1.266829e+01 0.000000e+00 0.000000e+00 0.000000e+00 0.000000e+00 0.000000e+00 0.000000e+00 0.000000e+00 0.000000e+00 0.000000e+00
1.762000e+00 0.000000e+00 -4.872040e+03 -5.880079e+03 0.000000e+00 0.000000e+00 0.000000e+00 -6.892414e+01 -3.687752e+01 1.346756e+03 -1.233808e+01 0.000000e+00 0.000000e+00 0.000000e+00 0.000000e+00 0.000000e+00 0.000000e+00 0.000000e+00 0.000000e+00 0.000000e+00
1.763000e+00 0.000000e+00 -4.875610e+03 -5.894750e+03 0.000000e+00 0.000000e+00 0.000000e+00 -6.916129e+01 -3.709351e+01 1.347677e+03 -1.200762e+01 0.000000e+00 0.000000e+00 0.000000e+00 0.000000e+00 0.000000e+00 0.000000e+00 0.000000e+00 0.000000e+00 0.000000e+00
1.764000e+00 0.000000e+00 -4.879240e+03 -5.909396e+03 0.000000e+00 0.000000e+00 0.000000e+00 -6.939728e+01 -3.730846e+01 1.348603e+03 -1.167722e+01 0.000000e+00 0.000000e+00 0.000000e+00 0.000000e+00 0.000000e+00 0.000000e+00 0.000000e+00 0.000000e+00 0.000000e+00
1.765000e+00 0.000000e+00 -4.882931e+03 -5.924012e+03 0.000000e+00 0.000000e+00 0.000000e+00 -6.963194e+01 -3.752224e+01 1.349534e+03 -1.134714e+01 0.000000e+00 0.000000e+00 0.000000e+00 0.000000e+00 0.000000e+00 0.000000e+00 0.000000e+00 0.000000e+00 0.000000e+00
1.766000e+00 0.000000e+00 -4.886681e+03 -5.938597e+03 0.000000e+00 0.000000e+00 0.000000e+00 -6.986513e+01 -3.773469e+01 1.350469e+03 -1.101767e+01 0.000000e+00 0.000000e+00 0.000000e+00 0.000000e+00 0.000000e+00 0.000000e+00 0.000000e+00 0.000000e+00 0.000000e+00
1.767000e+00 0.000000e+00 -4.890490e+03 -5.953147e+03 0.000000e+00 0.000000e+00 0.000000e+00 -7.009670e+01 -3.794568e+01 1.351409e+03 -1.068908e+01 0.000000e+00 0.000000e+00 0.000000e+00 0.000000e+00 0.000000e+00 0.000000e+00 0.000000e+00 0.000000e+00 0.000000e+00
1.768000e+00 0.000000e+00 -4.894356e+03 -5.967661e+03 0.000000e+00 0.000000e+00 0.000000e+00 -7.032652e+01 -3.815504e+01 1.352353e+03 -1.036164e+01 0.000000e+00 0.000000e+00 0.000000e+00 0.000000e+00 0.000000e+00 0.000000e+00 0.000000e+00 0.000000e+00 0.000000e+00
1.769000e+00 0.000000e+00 -4.898279e+03 -5.982134e+03 0.000000e+00 0.000000e+00 0.000000e+00 -7.055444e+01 -3.836265e+01 1.353301e+03 -1.003561e+01 0.000000e+00 0.000000e+00 0.000000e+00 0.000000e+00 0.000000e+00 0.000000e+00 0.000000e+00 0.000000e+00 0.000000e+00
1.770000e+00 0.000000e+00 -4.902257e+03 -5.996566e+03 0.000000e+00 0.000000e+00 0.000000e+00 -7.078034e+01 -3.856838e+01 1.354254e+03 -9.711260e+00 0.000000e+00 0.000000e+00 0.000000e+00 0.000000e+00 0.000000e+00 0.000000e+00 0.000000e+00 0.000000e+00 0.000000e+00
1.771000e+00 0.000000e+00 -4.906289e+03 -6.010953e+03 0.000000e+00 0.000000e+00 0.000000e+00 -7.100407e+01 -3.877208e+01 1.355211e+03 -9.388829e+00 0.000000e+00 0.000000e+00 0.000000e+00 0.000000e+00 0.000000e+00 0.000000e+00 0.000000e+00 0.000000e+00 0.000000e+00
1.772000e+00 0.000000e+00 -4.910376e+03 -6.025293e+03 0.000000e+00 0.000000e+00 0.000000e+00 -7.122551e+01 -3.897362e+01 1.356172e+03 -9.068586e+00 0.000000e+00 0.000000e+00 0.000000e+00 0.000000e+00 0.000000e+00 0.000000e+00 0.000000e+00 0.000000e+00 0.000000e+00
1.773000e+00 0.000000e+00 -4.914515e+03 -6.039584e+03 0.000000e+00 0.000000e+00 0.000000e+00 -7.144451e+01 -3.917286e+01 1.357138e+03 -8.750793e+00 0.000000e+00 0.000000e+00 0.000000e+00 0.000000e+00 0.000000e+00 0.000000e+00 0.000000e+00 0.000000e+00 0.000000e+00
1.774000e+00 0.000000e+00 -4.918705e+03 -6.053822e+03 0.000000e+00 0.000000e+00 0.000000e+00 -7.166093e+01 -3.936967e+01 1.358108e+03 -8.435705e+00 0.000000e+00 0.000000e+00 0.000000e+00 0.000000e+00 0.000000e+00 0.000000e+00 0.000000e+00 0.000000e+00 0.000000e+00
1.775000e+00 0.000000e+00 -4.922946e+03 -6.068005e+03 0.000000e+00 0.000000e+00 0.000000e+00 -7.187464e+01 -3.956389e+01 1.359081e+03 -8.123576e+00 0.000000e+00 0.000000e+00 0.000000e+00 0.000000e+00 0.000000e+00 0.000000e+00 0.000000e+00 0.000000e+00 0.000000e+00
1.776000e+00 0.000000e+00 -4.927236e+03 -6.082131e+03 0.000000e+00 0.000000e+00 0.000000e+00 -7.208550e+01 -3.975541e+01 1.360059e+03 -7.814654e+00 0.000000e+00 0.000000e+00 0.000000e+00 0.000000e+00 0.000000e+00 0.000000e+00 0.000000e+00 0.000000e+00 0.000000e+00
1.777000e+00 0.000000e+00 -4.931575e+03 -6.096197e+03 0.000000e+00 0.000000e+00 0.000000e+00 -7.229340e+01 -3.994410e+01 1.361040e+03 -7.509184e+00 0.000000e+00 0.000000e+00 0.000000e+00 0.000000e+00 0.000000e+00 0.000000e+00 0.000000e+00 0.000000e+00 0.000000e+00
1.778000e+00 0.000000e+00 -4.935961e+03 -6.110201e+03 0.000000e+00 0.000000e+00 0.000000e+00 -7.249820e+01 -4.012981e+01 1.362026e+03 -7.207406e+00 0.000000e+00 0.000000e+00 0.000000e+00 0.000000e+00 0.000000e+00 0.000000e+00 0.000000e+00 0.000000e+00 0.000000e+00
1.779000e+00 0.000000e+00 -4.940393e+03 -6.124141e+03 0.000000e+00 0.000000e+00 0.000000e+00 -7.269977e+01 -4.031244e+01 1.363015e+03 -6.909555e+00 0.000000e+00 0.000000e+00 0.000000e+00 0.000000e+00 0.000000e+00 0.000000e+00 0.000000e+00 0.000000e+00 0.000000e+00
1.780000e+00 0.000000e+00 -4.944870e+03 -6.138013e+03 0.000000e+00 0.000000e+00 0.000000e+00 -7.289799e+01 -4.049185e+01 1.364009e+03 -6.615864e+00 0.000000e+00 0.000000e+00 0.000000e+00 0.000000e+00 0.000000e+00 0.000000e+00 0.000000e+00 0.000000e+00 0.000000e+00
1.781000e+00 0.000000e+00 -4.949392e+03 -6.151817e+03 0.000000e+00 0.000000e+00 0.000000e+00 -7.309275e+01 -4.066792e+01 1.365006e+03 -6.326559e+00 0.000000e+00 0.000000e+00 0.000000e+00 0.000000e+00 0.000000e+00 0.000000e+00 0.000000e+00 0.000000e+00 0.000000e+00
1.782000e+00 0.000000e+00 -4.953956e+03 -6.165549e+03 0.000000e+00 0.000000e+00 0.000000e+00 -7.328393e+01 -4.084055e+01 1.366006e+03 -6.041863e+00 0.000000e+00 0.000000e+00 0.000000e+00 0.000000e+00 0.000000e+00 0.000000e+00 0.000000e+00 0.000000e+00 0.000000e+00
1.783000e+00 0.000000e+00 -4.958562e+03 -6.179207e+03 0.000000e+00 0.000000e+00 0.000000e+00 -7.347141e+01 -4.100960e+01 1.367011e+03 -5.761993e+00 0.000000e+00 0.000000e+00 0.000000e+00 0.000000e+00 0.000000e+00 0.000000e+00 0.000000e+00 0.000000e+00 0.000000e+00
1.784000e+00 0.000000e+00 -4.963208e+03 -6.192789e+03 0.000000e+00 0.000000e+00 0.000000e+00 -7.365508e+01 -4.117498e+01 1.368019e+03 -5.487161e+00 0.000000e+00 0.000000e+00 0.000000e+00 0.000000e+00 0.000000e+00 0.000000e+00 0.000000e+00 0.000000e+00 0.000000e+00
1.785000e+00 0.000000e+00 -4.967893e+03 -6.206293e+03 0.000000e+00 0.000000e+00 0.000000e+00 -7.383484e+01 -4.133656e+01 1.369031e+03 -5.217577e+00 0.000000e+00 0.000000e+00 0.000000e+00 0.000000e+00 0.000000e+00 0.000000e+00 0.000000e+00 0.000000e+00 0.000000e+00
1.786000e+00 0.000000e+00 -4.972617e+03 -6.219717e+03 0.000000e+00 0.000000e+00 0.000000e+00 -7.401057e+01 -4.149425e+01 1.370046e+03 -4.953442e+00 0.000000e+00 0.000000e+00 0.000000e+00 0.000000e+00 0.000000e+00 0.000000e+00 0.000000e+00 0.000000e+00 0.000000e+00
1.787000e+00 0.000000e+00 -4.977377e+03 -6.233058e+03 0.000000e+00 0.000000e+00 0.000000e+00 -7.418219e+01 -4.164794e+01 1.371064e+03 -4.694955e+00 0.000000e+00 0.000000e+00 0.000000e+00 0.000000e+00 0.000000e+00 0.000000e+00 0.000000e+00 0.000000e+00 0.000000e+00
1.788000e+00 0.000000e+00 -4.982173e+03 -6.246314e+03 0.000000e+00 0.000000e+00 0.000000e+00 -7.434958e+01 -4.179752e+01 1.372087e+03 -4.442308e+00 0.000000e+00 0.000000e+00 0.000000e+00 0.000000e+00 0.000000e+00 0.000000e+00 0.000000e+00 0.000000e+00 0.000000e+00
1.789000e+00 0.000000e+00 -4.987003e+03 -6.259484e+03 0.000000e+00 0.000000e+00 0.000000e+00 -7.451265e+01 -4.194291e+01 1.373112e+03 -4.195689e+00 0.000000e+00 0.000000e+00 0.000000e+00 0.000000e+00 0.000000e+00 0.000000e+00 0.000000e+00 0.000000e+00 0.000000e+00
1.790000e+00 0.000000e+00 -4.991867e+03 -6.272565e+03 0.000000e+00 0.000000e+00 0.000000e+00 -7.467131e+01 -4.208400e+01 1.374141e+03 -3.955280e+00 0.000000e+00 0.000000e+00 0.000000e+00 0.000000e+00 0.000000e+00 0.000000e+00 0.000000e+00 0.000000e+00 0.000000e+00
1.791000e+00 0.000000e+00 -4.996762e+03 -6.285555e+03 0.000000e+00 0.000000e+00 0.000000e+00 -7.482547e+01 -4.222070e+01 1.375173e+03 -3.721258e+00 0.000000e+00 0.000000e+00 0.000000e+00 0.000000e+00 0.000000e+00 0.000000e+00 0.000000e+00 0.000000e+00 0.000000e+00
1.792000e+00 0.000000e+00 -5.001688e+03 -6.298452e+03 0.000000e+00 0.000000e+00 0.000000e+00 -7.497504e+01 -4.235292e+01 1.376209e+03 -3.493795e+00 0.000000e+00 0.000000e+00 0.000000e+00 0.000000e+00 0.000000e+00 0.000000e+00 0.000000e+00 0.000000e+00 0.000000e+00
1.793000e+00 0.000000e+00 -5.006643e+03 -6.311255e+03 0.000000e+00 0.000000e+00 0.000000e+00 -7.511993e+01 -4.248059e+01 1.377248e+03 -3.273055e+00 0.000000e+00 0.000000e+00 0.000000e+00 0.000000e+00 0.000000e+00 0.000000e+00 0.000000e+00 0.000000e+00 0.000000e+00
1.794000e+00 0.000000e+00 -5.011626e+03 -6.323961e+03 0.000000e+00 0.000000e+00 0.000000e+00 -7.526006e+01 -4.260359e+01 1.378290e+03 -3.059214e+00 0.000000e+00 0.000000e+00 0.000000e+00 0.000000e+00 0.000000e+00 0.000000e+00 0.000000e+00 0.000000e+00 0.000000e+00
1.795000e+00 0.000000e+00 -5.016636e+03 -6.336569e+03 0.000000e+00 0.000000e+00 0.000000e+00 -7.539533e+01 -4.272185e+01 1.379335e+03 -2.852448e+00 0.000000e+00 0.000000e+00 0.000000e+00 0.000000e+00 0.000000e+00 0.000000e+00 0.000000e+00 0.000000e+00 0.000000e+00
1.796000e+00 0.000000e+00 -5.021672e+03 -6.349076e+03 0.000000e+00 0.000000e+00 0.000000e+00 -7.552564e+01 -4.283526e+01 1.380383e+03 -2.652928e+00 0.000000e+00 0.000000e+00 0.000000e+00 0.000000e+00 0.000000e+00 0.000000e+00 0.000000e+00 0.000000e+00 0.000000e+00
1.797000e+00 0.000000e+00 -5.026732e+03 -6.361481e+03 0.000000e+00 0.000000e+00 0.000000e+00 -7.565090e+01 -4.294373e+01 1.381435e+03 -2.460820e+00 0.000000e+00 0.000000e+00 0.000000e+00 0.000000e+00 0.000000e+00 0.000000e+00 0.000000e+00 0.000000e+00 0.000000e+00
1.798000e+00 0.000000e+00 -5.031814e+03 -6.373781e+03 0.000000e+00 0.000000e+00 0.000000e+00 -7.577102e+01 -4.304717e+01 1.382489e+03 -2.276282e+00 0.000000e+00 0.000000e+00 0.000000e+00 0.000000e+00 0.000000e+00 0.000000e+00 0.000000e+00 0.000000e+00 0.000000e+00
1.799000e+00 0.000000e+00 -5.036919e+03 -6.385975e+03 0.000000e+00 0.000000e+00 0.000000e+00 -7.588593e+01 -4.314551e+01 1.383547e+03 -2.099467e+00 0.000000e+00 0.000000e+00 0.000000e+00 0.000000e+00 0.000000e+00 0.000000e+00 0.000000e+00 0.000000e+00 0.000000e+00
1.800000e+00 0.000000e+00 -5.042044e+03 -6.398061e+03 0.000000e+00 0.000000e+00 0.000000e+00 -7.599554e+01 -4.323866e+01 1.384607e+03 -1.930520e+00 0.000000e+00 0.000000e+00 0.000000e+00 0.000000e+00 0.000000e+00 0.000000e+00 0.000000e+00 0.000000e+00 0.000000e+00
1.801000e+00 0.000000e+00 -5.047189e+03 -6.410037e+03 0.000000e+00 0.000000e+00 0.000000e+00 -7.609978e+01 -4.332655e+01 1.385671e+03 -1.769584e+00 0.000000e+00 0.000000e+00 0.000000e+00 0.000000e+00 0.000000e+00 0.000000e+00 0.000000e+00 0.000000e+00 0.000000e+00
1.802000e+00 0.000000e+00 -5.052351e+03 -6.421902e+03 0.000000e+00 0.000000e+00 0.000000e+00 -7.619857e+01 -4.340910e+01 1.386737e+03 -1.616790e+00 0.000000e+00 0.000000e+00 0.000000e+00 0.000000e+00 0.000000e+00 0.000000e+00 0.000000e+00 0.000000e+00 0.000000e+00
1.803000e+00 0.000000e+00 -5.057530e+03 -6.433653e+03 0.000000e+00 0.000000e+00 0.000000e+00 -7.629185e+01 -4.348624e+01 1.387807e+03 -1.472266e+00 0.000000e+00 0.000000e+00 0.000000e+00 0.000000e+00 0.000000e+00 0.000000e+00 0.000000e+00 0.000000e+00 0.000000e+00
1.804000e+00 0.000000e+00 -5.062725e+03 -6.445289e+03 0.000000e+00 0.000000e+00 0.000000e+00 -7.637956e+01 -4.355792e+01 1.388879e+03 -1.336134e+00 0.000000e+00 0.000000e+00 0.000000e+00 0.000000e+00 0.000000e+00 0.000000e+00 0.000000e+00 0.000000e+00 0.000000e+00
1.805000e+00 0.000000e+00 -5.067933e+03 -6.456809e+03 0.000000e+00 0.000000e+00 0.000000e+00 -7.646163e+01 -4.362407e+01 1.389954e+03 -1.208508e+00 0.000000e+00 0.000000e+00 0.000000e+00 0.000000e+00 0.000000e+00 0.000000e+00 0.000000e+00 0.000000e+00 0.000000e+00
1.806000e+00 0.000000e+00 -5.073154e+03 -6.468211e+03 0.000000e+00 0.000000e+00 0.000000e+00 -7.653800e+01 -4.368462e+01 1.391031e+03 -1.089496e+00 0.000000e+00 0.000000e+00 0.000000e+00 0.000000e+00 0.000000e+00 0.000000e+00 0.000000e+00 0.000000e+00 0.000000e+00
1.807000e+00 0.000000e+00 -5.078387e+03 -6.479494e+03 0.000000e+00 0.000000e+00 0.000000e+00 -7.660862e+01 -4.373954e+01 1.392112e+03 -9.791982e-01 0.000000e+00 0.000000e+00 0.000000e+00 0.000000e+00 0.000000e+00 0.000000e+00 0.000000e+00 0.000000e+00 0.000000e+00
1.808000e+00 0.000000e+00 -5.083629e+03 -6.490655e+03 0.000000e+00 0.000000e+00 0.000000e+00 -7.667345e+01 -4.378876e+01 1.393195e+03 -8.777106e-01 0.000000e+00 0.000000e+00 0.000000e+00 0.000000e+00 0.000000e+00 0.000000e+00 0.000000e+00 0.000000e+00 0.000000e+00
1.809000e+00 0.000000e+00 -5.088881e+03 -6.501693e+03 0.000000e+00 0.000000e+00 0.000000e+00 -7.673244e+01 -4.383224e+01 1.394281e+03 -7.851210e-01 0.000000e+00 0.000000e+00 0.000000e+00 0.000000e+00 0.000000e+00 0.000000e+00 0.000000e+00 0.000000e+00 0.000000e+00
1.810000e+00 0.000000e+00 -5.094139e+03 -6.512608e+03 0.000000e+00 0.000000e+00 0.000000e+00 -7.678554e+01 -4.386994e+01 1.395370e+03 -7.015108e-01 0.000000e+00 0.000000e+00 0.000000e+00 0.000000e+00 0.000000e+00 0.000000e+00 0.000000e+00 0.000000e+00 0.000000e+00
1.811000e+00 0.000000e+00 -5.099404e+03 -6.523398e+03 0.000000e+00 0.000000e+00 0.000000e+00 -7.683273e+01 -4.390182e+01 1.396461e+03 -6.269546e-01 0.000000e+00 0.000000e+00 0.000000e+00 0.000000e+00 0.000000e+00 0.000000e+00 0.000000e+00 0.000000e+00 0.000000e+00
1.812000e+00 0.000000e+00 -5.104674e+03 -6.534061e+03 0.000000e+00 0.000000e+00 0.000000e+00 -7.687396e+01 -4.392784e+01 1.397555e+03 -5.615204e-01 0.000000e+00 0.000000e+00 0.000000e+00 0.000000e+00 0.000000e+00 0.000000e+00 0.000000e+00 0.000000e+00 0.000000e+00
1.813000e+00 0.000000e+00 -5.109947e+03 -6.544596e+03 0.000000e+00 0.000000e+00 0.000000e+00 -7.690921e+01 -4.394798e+01 1.398651e+03 -5.052695e-01 0.000000e+00 0.000000e+00 0.000000e+00 0.000000e+00 0.000000e+00 0.000000e+00 0.000000e+00 0.000000e+00 0.000000e+00
1.814000e+00 0.000000e+00 -5.115223e+03 -6.555002e+03 0.000000e+00 0.000000e+00 0.000000e+00 -7.693845e+01 -4.396220e+01 1.399750e+03 -4.582561e-01 0.000000e+00 0.000000e+00 0.000000e+00 0.000000e+00 0.000000e+00 0.000000e+00 0.000000e+00 0.000000e+00 0.000000e+00
1.815000e+00 0.000000e+00 -5.120499e+03 -6.565278e+03 0.000000e+00 0.000000e+00 0.000000e+00 -7.696166e+01 -4.397049e+01 1.400852e+03 -4.205279e-01 0.000000e+00 0.000000e+00 0.000000e+00 0.000000e+00 0.000000e+00 0.000000e+00 0.000000e+00 0.000000e+00 0.000000e+00
1.816000e+00 0.000000e+00 -5.125775e+03 -6.575422e+03 0.000000e+00 0.000000e+00 0.000000e+00 -7.697881e+01 -4.397281e+01 1.401956e+03 -3.921402e-01 0.000000e+00 0.000000e+00 0.000000e+00 0.000000e+00 0.000000e+00 0.000000e+00 0.000000e+00 0.000000e+00 0.000000e+00
1.817000e+00 0.000000e+00 -5.131050e+03 -6.585434e+03 0.000000e+00 0.000000e+00 0.000000e+00 -7.698985e+01 -4.396911e+01 1.403062e+03 -3.731645e-01 0.000000e+00 0.000000e+00 0.000000e+00 0.000000e+00 0.000000e+00 0.000000e+00 0.000000e+00 0.000000e+00 0.000000e+00
1.818000e+00 0.000000e+00 -5.136321e+03 -6.595311e+03 0.000000e+00 0.000000e+00 0.000000e+00 -7.699474e+01 -4.395937e+01 1.404171e+03 -3.636579e-01 0.000000e+00 0.000000e+00 0.000000e+00 0.000000e+00 0.000000e+00 0.000000e+00 0.000000e+00 0.000000e+00 0.000000e+00
1.819000e+00 0.000000e+00 -5.141589e+03 -6.605053e+03 0.000000e+00 0.000000e+00 0.000000e+00 -7.699346e+01 -4.394355e+01 1.405282e+03 -3.636702e-01 0.000000e+00 0.000000e+00 0.000000e+00 0.000000e+00 0.000000e+00 0.000000e+00 0.000000e+00 0.000000e+00 0.000000e+00
1.820000e+00 0.000000e+00 -5.146851e+03 -6.614658e+03 0.000000e+00 0.000000e+00 0.000000e+00 -7.698597e+01 -4.392162e+01 1.406395e+03 -3.732446e-01 0.000000e+00 0.000000e+00 0.000000e+00 0.000000e+00 0.000000e+00 0.000000e+00 0.000000e+00 0.000000e+00 0.000000e+00
1.821000e+00 0.000000e+00 -5.152107e+03 -6.624126e+03 0.000000e+00 0.000000e+00 0.000000e+00 -7.697225e+01 -4.389357e+01 1.407511e+03 -3.924173e-01 0.000000e+00 0.000000e+00 0.000000e+00 0.000000e+00 0.000000e+00 0.000000e+00 0.000000e+00 0.000000e+00 0.000000e+00
1.822000e+00 0.000000e+00 -5.157355e+03 -6.633455e+03 0.000000e+00 0.000000e+00 0.000000e+00 -7.695228e+01 -4.385936e+01 1.408629e+03 -4.212177e-01 0.000000e+00 0.000000e+00 0.000000e+00 0.000000e+00 0.000000e+00 0.000000e+00 0.000000e+00 0.000000e+00 0.000000e+00
1.823000e+00 0.000000e+00 -5.162595e+03 -6.642644e+03 0.000000e+00 0.000000e+00 0.000000e+00 -7.692604e+01 -4.381898e+01 1.409750e+03 -4.596680e-01 0.000000e+00 0.000000e+00 0.000000e+00 0.000000e+00 0.000000e+00 0.000000e+00 0.000000e+00 0.000000e+00 0.000000e+00
1.824000e+00 0.000000e+00 -5.167824e+03 -6.651693e+03 0.000000e+00 0.000000e+00 0.000000e+00 -7.689352e+01 -4.377243e+01 1.410873e+03 -5.077840e-01 0.000000e+00 0.000000e+00 0.000000e+00 0.000000e+00 0.000000e+00 0.000000e+00 0.000000e+00 0.000000e+00 0.000000e+00
1.825000e+00 0.000000e+00 -5.173042e+03 -6.660600e+03 0.000000e+00 0.000000e+00 0.000000e+00 -7.685471e+01 -4.371970e+01 1.411998e+03 -5.655741e-01 0.000000e+00 0.000000e+00 0.000000e+00 0.000000e+00 0.000000e+00 0.000000e+00 0.000000e+00 0.000000e+00 0.000000e+00
1.826000e+00 0.000000e+00 -5.178247e+03 -6.669364e+03 0.000000e+00 0.000000e+00 0.000000e+00 -7.680961e+01 -4.366077e+01 1.413125e+03 -6.330401e-01 0.000000e+00 0.000000e+00 0.000000e+00 0.000000e+00 0.000000e+00 0.000000e+00 0.000000e+00 0.000000e+00 0.000000e+00
1.827000e+00 0.000000e+00 -5.183439e+03 -6.677984e+03 0.000000e+00 0.000000e+00 0.000000e+00 -7.675821e+01 -4.359566e+01 1.414254e+03 -7.101769e-01 0.000000e+00 0.000000e+00 0.000000e+00 0.000000e+00 0.000000e+00 0.000000e+00 0.000000e+00 0.000000e+00 0.000000e+00
1.828000e+00 0.000000e+00 -5.188616e+03 -6.686460e+03 0.000000e+00 0.000000e+00 0.000000e+00 -7.670053e+01 -4.352436e+01 1.415385e+03 -7.969724e-01 0.000000e+00 0.000000e+00 0.000000e+00 0.000000e+00 0.000000e+00 0.000000e+00 0.000000e+00 0.000000e+00 0.000000e+00
1.829000e+00 0.000000e+00 -5.193778e+03 -6.694791e+03 0.000000e+00 0.000000e+00 0.000000e+00 -7.663655e+01 -4.344688e+01 1.416519e+03 -8.934077e-01 0.000000e+00 0.000000e+00 0.000000e+00 0.000000e+00 0.000000e+00 0.000000e+00 0.000000e+00 0.000000e+00 0.000000e+00
1.830000e+00 0.000000e+00 -5.198922e+03 -6.702976e+03 0.000000e+00 0.000000e+00 0.000000e+00 -7.656631e+01 -4.336324e+01 1.417655e+03 -9.994572e-01 0.000000e+00 0.000000e+00 0.000000e+00 0.000000e+00 0.000000e+00 0.000000e+00 0.000000e+00 0.000000e+00 0.000000e+00
1.831000e+00 0.000000e+00 -5.204047e+03 -6.711015e+03 0.000000e+00 0.000000e+00 0.000000e+00 -7.648981e+01 -4.327345e+01 1.418792e+03 -1.115088e+00 0.000000e+00 0.000000e+00 0.000000e+00 0.000000e+00 0.000000e+00 0.000000e+00 0.000000e+00 0.000000e+00 0.000000e+00
1.832000e+00 0.000000e+00 -5.209154e+03 -6.718906e+03 0.000000e+00 0.000000e+00 0.000000e+00 -7.640707e+01 -4.317753e+01 1.419932e+03 -1.240261e+00 0.000000e+00 0.000000e+00 0.000000e+00 0.000000e+00 0.000000e+00 0.000000e+00 0.000000e+00 0.000000e+00 0.000000e+00
1.833000e+00 0.000000e+00 -5.214240e+03 -6.726649e+03 0.000000e+00 0.000000e+00 0.000000e+00 -7.631811e+01 -4.307551e+01 1.421074e+03 -1.374931e+00 0.000000e+00 0.000000e+00 0.000000e+00 0.000000e+00 0.000000e+00 0.000000e+00 0.000000e+00 0.000000e+00 0.000000e+00
1.834000e+00 0.000000e+00 -5.219304e+03 -6.734244e+03 0.000000e+00 0.000000e+00 0.000000e+00 -7.622297e+01 -4.296741e+01 1.422218e+03 -1.519043e+00 0.000000e+00 0.000000e+00 0.000000e+00 0.000000e+00 0.000000e+00 0.000000e+00 0.000000e+00 0.000000e+00 0.000000e+00
1.835000e+00 0.000000e+00 -5.224346e+03 -6.741690e+03 0.000000e+00 0.000000e+00 0.000000e+00 -7.612167e+01 -4.285325e+01 1.423363e+03 -1.672538e+00 0.000000e+00 0.000000e+00 0.000000e+00 0.000000e+00 0.000000e+00 0.000000e+00 0.000000e+00 0.000000e+00 0.000000e+00
1.836000e+00 0.000000e+00 -5.229364e+03 -6.748987e+03 0.000000e+00 0.000000e+00 0.000000e+00 -7.601425e+01 -4.273309e+01 1.424511e+03 -1.835351e+00 0.000000e+00 0.000000e+00 0.000000e+00 0.000000e+00 0.000000e+00 0.000000e+00 0.000000e+00 0.000000e+00 0.000000e+00
1.837000e+00 0.000000e+00 -5.234357e+03 -6.756134e+03 0.000000e+00 0.000000e+00 0.000000e+00 -7.590075e+01 -4.260696e+01 1.425660e+03 -2.007409e+00 0.000000e+00 0.000000e+00 0.000000e+00 0.000000e+00 0.000000e+00 0.000000e+00 0.000000e+00 0.000000e+00 0.000000e+00
1.838000e+00 0.000000e+00 -5.239324e+03 -6.763131e+03 0.000000e+00 0.000000e+00 0.000000e+00 -7.578118e+01 -4.247487e+01 1.426812e+03 -2.188659e+00 0.000000e+00 0.000000e+00 0.000000e+00 0.000000e+00 0.000000e+00 0.000000e+00 0.000000e+00 0.000000e+00 0.000000e+00
1.839000e+00 0.000000e+00 -5.244265e+03 -6.769976e+03 0.000000e+00 0.000000e+00 0.000000e+00 -7.565556e+01 -4.233685e+01 1.427965e+03 -2.379047e+00 0.000000e+00 0.000000e+00 0.000000e+00 0.000000e+00 0.000000e+00 0.000000e+00 0.000000e+00 0.000000e+00 0.000000e+00
1.840000e+00 0.000000e+00 -5.249178e+03 -6.776670e+03 0.000000e+00 0.000000e+00 0.000000e+00 -7.552392e+01 -4.219292e+01 1.429120e+03 -2.578509e+00 0.000000e+00 0.000000e+00 0.000000e+00 0.000000e+00 0.000000e+00 0.000000e+00 0.000000e+00 0.000000e+00 0.000000e+00
1.841000e+00 0.000000e+00 -5.254062e+03 -6.783213e+03 0.000000e+00 0.000000e+00 0.000000e+00 -7.538629e+01 -4.204313e+01 1.430276e+03 -2.786972e+00 0.000000e+00 0.000000e+00 0.000000e+00 0.000000e+00 0.000000e+00 0.000000e+00 0.000000e+00 0.000000e+00 0.000000e+00
1.842000e+00 0.000000e+00 -5.258917e+03 -6.789603e+03 0.000000e+00 0.000000e+00 0.000000e+00 -7.524270e+01 -4.188750e+01 1.431435e+03 -3.004360e+00 0.000000e+00 0.000000e+00 0.000000e+00 0.000000e+00 0.000000e+00 0.000000e+00 0.000000e+00 0.000000e+00 0.000000e+00
1.843000e+00 0.000000e+00 -5.263741e+03 -6.795840e+03 0.000000e+00 0.000000e+00 0.000000e+00 -7.509318e+01 -4.172607e+01 1.432595e+03 -3.230588e+00 0.000000e+00 0.000000e+00 0.000000e+00 0.000000e+00 0.000000e+00 0.000000e+00 0.000000e+00 0.000000e+00 0.000000e+00
1.844000e+00 0.000000e+00 -5.268533e+03 -6.801925e+03 0.000000e+00 0.000000e+00 0.000000e+00 -7.493778e+01 -4.155889e+01 1.433757e+03 -3.465566e+00 0.000000e+00 0.000000e+00 0.000000e+00 0.000000e+00 0.000000e+00 0.000000e+00 0.000000e+00 0.000000e+00 0.000000e+00
1.845000e+00 0.000000e+00 -5.273294e+03 -6.807856e+03 0.000000e+00 0.000000e+00 0.000000e+00 -7.477653e+01 -4.138599e+01 1.434920e+03 -3.709196e+00 0.000000e+00 0.000000e+00 0.000000e+00 0.000000e+00 0.000000e+00 0.000000e+00 0.000000e+00 0.000000e+00 0.000000e+00
1.846000e+00 0.000000e+00 -5.278021e+03 -6.813634e+03 0.000000e+00 0.000000e+00 0.000000e+00 -7.460950e+01 -4.120745e+01 1.436085e+03 -3.961376e+00 0.000000e+00 0.000000e+00 0.000000e+00 0.000000e+00 0.000000e+00 0.000000e+00 0.000000e+00 0.000000e+00 0.000000e+00
1.847000e+00 0.000000e+00 -5.282714e+03 -6.819259e+03 0.000000e+00 0.000000e+00 0.000000e+00 -7.443672e+01 -4.102330e+01 1.437252e+03 -4.221996e+00 0.000000e+00 0.000000e+00 0.000000e+00 0.000000e+00 0.000000e+00 0.000000e+00 0.000000e+00 0.000000e+00 0.000000e+00
1.848000e+00 0.000000e+00 -5.287372e+03 -6.824730e+03 0.000000e+00 0.000000e+00 0.000000e+00 -7.425825e+01 -4.083360e+01 1.438420e+03 -4.490940e+00 0.000000e+00 0.000000e+00 0.000000e+00 0.000000e+00 0.000000e+00 0.000000e+00 0.000000e+00 0.000000e+00 0.000000e+00
1.849000e+00 0.000000e+00 -5.291994e+03 -6.830047e+03 0.000000e+00 0.000000e+00 0.000000e+00 -7.407416e+01 -4.063841e+01 1.439590e+03 -4.768086e+00 0.000000e+00 0.000000e+00 0.000000e+00 0.000000e+00 0.000000e+00 0.000000e+00 0.000000e+00 0.000000e+00 0.000000e+00
1.850000e+00 0.000000e+00 -5.296580e+03 -6.835210e+03 0.000000e+00 0.000000e+00 0.000000e+00 -7.388450e+01 -4.043781e+01 1.440761e+03 -5.053307e+00 0.000000e+00 0.000000e+00 0.000000e+00 0.000000e+00 0.000000e+00 0.000000e+00 0.000000e+00 0.000000e+00 0.000000e+00
1.851000e+00 0.000000e+00 -5.301129e+03 -6.840220e+03 0.000000e+00 0.000000e+00 0.000000e+00 -7.368934e+01 -4.023186e+01 1.441934e+03 -5.346469e+00 0.000000e+00 0.000000e+00 0.000000e+00 0.000000e+00 0.000000e+00 0.000000e+00 0.000000e+00 0.000000e+00 0.000000e+00
1.852000e+00 0.000000e+00 -5.305639e+03 -6.845076e+03 0.000000e+00 0.000000e+00 0.000000e+00 -7.348875e+01 -4.002062e+01 1.443108e+03 -5.647432e+00 0.000000e+00 0.000000e+00 0.000000e+00 0.000000e+00 0.000000e+00 0.000000e+00 0.000000e+00 0.000000e+00 0.000000e+00
1.853000e+00 0.000000e+00 -5.310111e+03 -6.849779e+03 0.000000e+00 0.000000e+00 0.000000e+00 -7.328280e+01 -3.980418e+01 1.444283e+03 -5.956050e+00 0.000000e+00 0.000000e+00 0.000000e+00 0.000000e+00 0.000000e+00 0.000000e+00 0.000000e+00 0.000000e+00 0.000000e+00
1.854000e+00 0.000000e+00 -5.314543e+03 -6.854328e+03 0.000000e+00 0.000000e+00 0.000000e+00 -7.307157e+01 -3.958261e+01 1.445460e+03 -6.272172e+00 0.000000e+00 0.000000e+00 0.000000e+00 0.000000e+00 0.000000e+00 0.000000e+00 0.000000e+00 0.000000e+00 0.000000e+00
1.855000e+00 0.000000e+00 -5.318934e+03 -6.858724e+03 0.000000e+00 0.000000e+00 0.000000e+00 -7.285513e+01 -3.935599e+01 1.446639e+03 -6.595641e+00 0.000000e+00 0.000000e+00 0.000000e+00 0.000000e+00 0.000000e+00 0.000000e+00 0.000000e+00 0.000000e+00 0.000000e+00
1.856000e+00 0.000000e+00 -5.323285e+03 -6.862967e+03 0.000000e+00 0.000000e+00 0.000000e+00 -7.263358e+01 -3.912441e+01 1.447818e+03 -6.926294e+00 0.000000e+00 0.000000e+00 0.000000e+00 0.000000e+00 0.000000e+00 0.000000e+00 0.000000e+00 0.000000e+00 0.000000e+00
1.857000e+00 0.000000e+00 -5.327594e+03 -6.867058e+03 0.000000e+00 0.000000e+00 0.000000e+00 -7.240699e+01 -3.888797e+01 1.448999e+03 -7.263963e+00 0.000000e+00 0.000000e+00 0.000000e+00 0.000000e+00 0.000000e+00 0.000000e+00 0.000000e+00 0.000000e+00 0.000000e+00
1.858000e+00 0.000000e+00 -5.331861e+03 -6.870996e+03 0.000000e+00 0.000000e+00 0.000000e+00 -7.217547e+01 -3.864674e+01 1.450181e+03 -7.608476e+00 0.000000e+00 0.000000e+00 0.000000e+00 0.000000e+00 0.000000e+00 0.000000e+00 0.000000e+00 0.000000e+00 0.000000e+00
1.859000e+00 0.000000e+00 -5.336085e+03 -6.874783e+03 0.000000e+00 0.000000e+00 0.000000e+00 -7.193907e+01 -3.840081e+01 1.451364e+03 -7.959673e+00 0.000000e+00 0.000000e+00 0.000000e+00 0.000000e+00 0.000000e+00 0.000000e+00 0.000000e+00 0.000000e+00 0.000000e+00
1.860000e+00 0.000000e+00 -5.340265e+03 -6.878418e+03 0.000000e+00 0.000000e+00 0.000000e+00 -7.169787e+01 -3.815025e+01 1.452548e+03 -8.317400e+00 0.000000e+00 0.000000e+00 0.000000e+00 0.000000e+00 0.000000e+00 0.000000e+00 0.000000e+00 0.000000e+00 0.000000e+00
1.861000e+00 0.000000e+00 -5.344401e+03 -6.881901e+03 0.000000e+00 0.000000e+00 0.000000e+00 -7.145196e+01 -3.789515e+01 1.453733e+03 -8.681492e+00 0.000000e+00 0.000000e+00 0.000000e+00 0.000000e+00 0.000000e+00 0.000000e+00 0.000000e+00 0.000000e+00 0.000000e+00
1.862000e+00 0.000000e+00 -5.348493e+03 -6.885233e+03 0.000000e+00 0.000000e+00 0.000000e+00 -7.120140e+01 -3.763558e+01 1.454920e+03 -9.051778e+00 0.000000e+00 0.000000e+00 0.000000e+00 0.000000e+00 0.000000e+00 0.000000e+00 0.000000e+00 0.000000e+00 0.000000e+00
1.863000e+00 0.000000e+00 -5.352540e+03 -6.888415e+03 0.000000e+00 0.000000e+00 0.000000e+00 -7.094628e+01 -3.737164e+01 1.456107e+03 -9.428083e+00 0.000000e+00 0.000000e+00 0.000000e+00 0.000000e+00 0.000000e+00 0.000000e+00 0.000000e+00 0.000000e+00 0.000000e+00
1.864000e+00 0.000000e+00 -5.356541e+03 -6.891447e+03 0.000000e+00 0.000000e+00 0.000000e+00 -7.068669e+01 -3.710341e+01 1.457296e+03 -9.810228e+00 0.000000e+00 0.000000e+00 0.000000e+00 0.000000e+00 0.000000e+00 0.000000e+00 0.000000e+00 0.000000e+00 0.000000e+00
1.865000e+00 0.000000e+00 -5.360496e+03 -6.894329e+03 0.000000e+00 0.000000e+00 0.000000e+00 -7.042272e+01 -3.683100e+01 1.458485e+03 -1.019803e+01 0.000000e+00 0.000000e+00 0.000000e+00 0.000000e+00 0.000000e+00 0.000000e+00 0.000000e+00 0.000000e+00 0.000000e+00
1.866000e+00 0.000000e+00 -5.364404e+03 -6.897062e+03 0.000000e+00 0.000000e+00 0.000000e+00 -7.015446e+01 -3.655450e+01 1.459675e+03 -1.059129e+01 0.000000e+00 0.000000e+00 0.000000e+00 0.000000e+00 0.000000e+00 0.000000e+00 0.000000e+00 0.000000e+00 0.000000e+00
1.867000e+00 0.000000e+00 -5.368265e+03 -6.899647e+03 0.000000e+00 0.000000e+00 0.000000e+00 -6.988201e+01 -3.627400e+01 1.460866e+03 -1.098982e+01 0.000000e+00 0.000000e+00 0.000000e+00 0.000000e+00 0.000000e+00 0.000000e+00 0.000000e+00 0.000000e+00 0.000000e+00
1.868000e+00 0.000000e+00 -5.372079e+03 -6.902084e+03 0.000000e+00 0.000000e+00 0.000000e+00 -6.960546e+01 -3.598961e+01 1.462058e+03 -1.139342e+01 0.000000e+00 0.000000e+00 0.000000e+00 0.000000e+00 0.000000e+00 0.000000e+00 0.000000e+00 0.000000e+00 0.000000e+00
1.869000e+00 0.000000e+00 -5.375845e+03 -6.904374e+03 0.000000e+00 0.000000e+00 0.000000e+00 -6.932492e+01 -3.570143e+01 1.463251e+03 -1.180189e+01 0.000000e+00 0.000000e+00 0.000000e+00 0.000000e+00 0.000000e+00 0.000000e+00 0.000000e+00 0.000000e+00 0.000000e+00
1.870000e+00 0.000000e+00 -5.379563e+03 -6.906518e+03 0.000000e+00 0.000000e+00 0.000000e+00 -6.904049e+01 -3.540958e+01 1.464444e+03 -1.221501e+01 0.000000e+00 0.000000e+00 0.000000e+00 0.000000e+00 0.000000e+00 0.000000e+00 0.000000e+00 0.000000e+00 0.000000e+00
1.871000e+00 0.000000e+00 -5.383233e+03 -6.908516e+03 0.000000e+00 0.000000e+00 0.000000e+00 -6.875228e+01 -3.511416e+01 1.465638e+03 -1.263258e+01 0.000000e+00 0.000000e+00 0.000000e+00 0.000000e+00 0.000000e+00 0.000000e+00 0.000000e+00 0.000000e+00 0.000000e+00
1.872000e+00 0.000000e+00 -5.386853e+03 -6.910370e+03 0.000000e+00 0.000000e+00 0.000000e+00 -6.846041e+01 -3.481529e+01 1.466833e+03 -1.305437e+01 0.000000e+00 0.000000e+00 0.000000e+00 0.000000e+00 0.000000e+00 0.000000e+00 0.000000e+00 0.000000e+00 0.000000e+00
1.873000e+00 0.000000e+00 -5.390424e+03 -6.912081e+03 0.000000e+00 0.000000e+00 0.000000e+00 -6.816497e+01 -3.451309e+01 1.468029e+03 -1.348016e+01 0.000000e+00 0.000000e+00 0.000000e+00 0.000000e+00 0.000000e+00 0.000000e+00 0.000000e+00 0.000000e+00 0.000000e+00
1.874000e+00 0.000000e+00 -5.393946e+03 -6.913649e+03 0.000000e+00 0.000000e+00 0.000000e+00 -6.786610e+01 -3.420767e+01 1.469225e+03 -1.390973e+01 0.000000e+00 0.000000e+00 0.000000e+00 0.000000e+00 0.000000e+00 0.000000e+00 0.000000e+00 0.000000e+00 0.000000e+00
1.875000e+00 0.000000e+00 -5.397418e+03 -6.915075e+03 0.000000e+00 0.000000e+00 0.000000e+00 -6.756390e+01 -3.389915e+01 1.470421e+03 -1.434285e+01 0.000000e+00 0.000000e+00 0.000000e+00 0.000000e+00 0.000000e+00 0.000000e+00 0.000000e+00 0.000000e+00 0.000000e+00
1.876000e+00 0.000000e+00 -5.400840e+03 -6.916361e+03 0.000000e+00 0.000000e+00 0.000000e+00 -6.725850e+01 -3.358766e+01 1.471618e+03 -1.477929e+01 0.000000e+00 0.000000e+00 0.000000e+00 0.000000e+00 0.000000e+00 0.000000e+00 0.000000e+00 0.000000e+00 0.000000e+00
1.877000e+00 0.000000e+00 -5.404212e+03 -6.917507e+03 0.000000e+00 0.000000e+00 0.000000e+00 -6.695002e+01 -3.327333e+01 1.472816e+03 -1.521880e+01 0.000000e+00 0.000000e+00 0.000000e+00 0.000000e+00 0.000000e+00 0.000000e+00 0.000000e+00 0.000000e+00 0.000000e+00
1.878000e+00 0.000000e+00 -5.407534e+03 -6.918515e+03 0.000000e+00 0.000000e+00 0.000000e+00 -6.663860e+01 -3.295629e+01 1.474013e+03 -1.566115e+01 0.000000e+00 0.000000e+00 0.000000e+00 0.000000e+00 0.000000e+00 0.000000e+00 0.000000e+00 0.000000e+00 0.000000e+00
1.879000e+00 0.000000e+00 -5.410805e+03 -6.919386e+03 0.000000e+00 0.000000e+00 0.000000e+00 -6.632435e+01 -3.263666e+01 1.475211e+03 -1.610609e+01 0.000000e+00 0.000000e+00 0.000000e+00 0.000000e+00 0.000000e+00 0.000000e+00 0.000000e+00 0.000000e+00 0.000000e+00
1.880000e+00 0.000000e+00 -5.414025e+03 -6.920122e+03 0.000000e+00 0.000000e+00 0.000000e+00 -6.600739e+01 -3.231457e+01 1.476410e+03 -1.655338e+01 0.000000e+00 0.000000e+00 0.000000e+00 0.000000e+00 0.000000e+00 0.000000e+00 0.000000e+00 0.000000e+00 0.000000e+00
1.881000e+00 0.000000e+00 -5.417194e+03 -6.920723e+03 0.000000e+00 0.000000e+00 0.000000e+00 -6.568785e+01 -3.199014e+01 1.477608e+03 -1.700281e+01 0.000000e+00 0.000000e+00 0.000000e+00 0.000000e+00 0.000000e+00 0.000000e+00 0.000000e+00 0.000000e+00 0.000000e+00
1.882000e+00 0.000000e+00 -5.420313e+03 -6.921190e+03 0.000000e+00 0.000000e+00 0.000000e+00 -6.536582e+01 -3.166348e+01 1.478807e+03 -1.745413e+01 0.000000e+00 0.000000e+00 0.000000e+00 0.000000e+00 0.000000e+00 0.000000e+00 0.000000e+00 0.000000e+00 0.000000e+00
1.883000e+00 0.000000e+00 -5.423380e+03 -6.921525e+03 0.000000e+00 0.000000e+00 0.000000e+00 -6.504143e+01 -3.133472e+01 1.480006e+03 -1.790712e+01 0.000000e+00 0.000000e+00 0.000000e+00 0.000000e+00 0.000000e+00 0.000000e+00 0.000000e+00 0.000000e+00 0.000000e+00
1.884000e+00 0.000000e+00 -5.426396e+03 -6.921730e+03 0.000000e+00 0.000000e+00 0.000000e+00 -6.471481e+01 -3.100398e+01 1.481205e+03 -1.836152e+01 0.000000e+00 0.000000e+00 0.000000e+00 0.000000e+00 0.000000e+00 0.000000e+00 0.000000e+00 0.000000e+00 0.000000e+00
1.885000e+00 0.000000e+00 -5.429361e+03 -6.921805e+03 0.000000e+00 0.000000e+00 0.000000e+00 -6.438607e+01 -3.067140e+01 1.482404e+03 -1.881710e+01 0.000000e+00 0.000000e+00 0.000000e+00 0.000000e+00 0.000000e+00 0.000000e+00 0.000000e+00 0.000000e+00 0.000000e+00
1.886000e+00 0.000000e+00 -5.432276e+03 -6.921752e+03 0.000000e+00 0.000000e+00 0.000000e+00 -6.405535e+01 -3.033709e+01 1.483604e+03 -1.927362e+01 0.000000e+00 0.000000e+00 0.000000e+00 0.000000e+00 0.000000e+00 0.000000e+00 0.000000e+00 0.000000e+00 0.000000e+00
1.887000e+00 0.000000e+00 -5.435138e+03 -6.921573e+03 0.000000e+00 0.000000e+00 0.000000e+00 -6.372276e+01 -3.000120e+01 1.484803e+03 -1.973081e+01 0.000000e+00 0.000000e+00 0.000000e+00 0.000000e+00 0.000000e+00 0.000000e+00 0.000000e+00 0.000000e+00 0.000000e+00
1.888000e+00 0.000000e+00 -5.437950e+03 -6.921269e+03 0.000000e+00 0.000000e+00 0.000000e+00 -6.338844e+01 -2.966386e+01 1.486002e+03 -2.018844e+01 0.000000e+00 0.000000e+00 0.000000e+00 0.000000e+00 0.000000e+00 0.000000e+00 0.000000e+00 0.000000e+00 0.000000e+00
1.889000e+00 0.000000e+00 -5.440711e+03 -6.920842e+03 0.000000e+00 0.000000e+00 0.000000e+00 -6.305252e+01 -2.932520e+01 1.487200e+03 -2.064624e+01 0.000000e+00 0.000000e+00 0.000000e+00 0.000000e+00 0.000000e+00 0.000000e+00 0.000000e+00 0.000000e+00 0.000000e+00
1.890000e+00 0.000000e+00 -5.443421e+03 -6.920293e+03 0.000000e+00 0.000000e+00 0.000000e+00 -6.271513e+01 -2.898536e+01 1.488399e+03 -2.110395e+01 0.000000e+00 0.000000e+00 0.000000e+00 0.000000e+00 0.000000e+00 0.000000e+00 0.000000e+00 0.000000e+00 0.000000e+00
1.891000e+00 0.000000e+00 -5.446080e+03 -6.919624e+03 0.000000e+00 0.000000e+00 0.000000e+00 -6.237641e+01 -2.864447e+01 1.489597e+03 -2.156133e+01 0.000000e+00 0.000000e+00 0.000000e+00 0.000000e+00 0.000000e+00 0.000000e+00 0.000000e+00 0.000000e+00 0.000000e+00
1.892000e+00 0.000000e+00 -5.448688e+03 -6.918837e+03 0.000000e+00 0.000000e+00 0.000000e+00 -6.203650e+01 -2.830269e+01 1.490795e+03 -2.201811e+01 0.000000e+00 0.000000e+00 0.000000e+00 0.000000e+00 0.000000e+00 0.000000e+00 0.000000e+00 0.000000e+00 0.000000e+00
1.893000e+00 0.000000e+00 -5.451246e+03 -6.917933e+03 0.000000e+00 0.000000e+00 0.000000e+00 -6.169553e+01 -2.796014e+01 1.491993e+03 -2.247402e+01 0.000000e+00 0.000000e+00 0.000000e+00 0.000000e+00 0.000000e+00 0.000000e+00 0.000000e+00 0.000000e+00 0.000000e+00
1.894000e+00 0.000000e+00 -5.453753e+03 -6.916915e+03 0.000000e+00 0.000000e+00 0.000000e+00 -6.135364e+01 -2.761698e+01 1.493190e+03 -2.292880e+01 0.000000e+00 0.000000e+00 0.000000e+00 0.000000e+00 0.000000e+00 0.000000e+00 0.000000e+00 0.000000e+00 0.000000e+00
1.895000e+00 0.000000e+00 -5.456210e+03 -6.915784e+03 0.000000e+00 0.000000e+00 0.000000e+00 -6.101099e+01 -2.727335e+01 1.494387e+03 -2.338217e+01 0.000000e+00 0.000000e+00 0.000000e+00 0.000000e+00 0.000000e+00 0.000000e+00 0.000000e+00 0.000000e+00 0.000000e+00
1.896000e+00 0.000000e+00 -5.458617e+03 -6.914543e+03 0.000000e+00 0.000000e+00 0.000000e+00 -6.066770e+01 -2.692940e+01 1.495584e+03 -2.383389e+01 0.000000e+00 0.000000e+00 0.000000e+00 0.000000e+00 0.000000e+00 0.000000e+00 0.000000e+00 0.000000e+00 0.000000e+00
1.897000e+00 0.000000e+00 -5.460974e+03 -6.913193e+03 0.000000e+00 0.000000e+00 0.000000e+00 -6.032393e+01 -2.658527e+01 1.496780e+03 -2.428366e+01 0.000000e+00 0.000000e+00 0.000000e+00 0.000000e+00 0.000000e+00 0.000000e+00 0.000000e+00 0.000000e+00 0.000000e+00
1.898000e+00 0.000000e+00 -5.463281e+03 -6.911737e+03 0.000000e+00 0.000000e+00 0.000000e+00 -5.997982e+01 -2.624112e+01 1.497975e+03 -2.473122e+01 0.000000e+00 0.000000e+00 0.000000e+00 0.000000e+00 0.000000e+00 0.000000e+00 0.000000e+00 0.000000e+00 0.000000e+00
1.899000e+00 0.000000e+00 -5.465539e+03 -6.910176e+03 0.000000e+00 0.000000e+00 0.000000e+00 -5.963553e+01 -2.589709e+01 1.499169e+03 -2.517629e+01 0.000000e+00 0.000000e+00 0.000000e+00 0.000000e+00 0.000000e+00 0.000000e+00 0.000000e+00 0.000000e+00 0.000000e+00
1.900000e+00 0.000000e+00 -5.467749e+03 -6.908512e+03 0.000000e+00 0.000000e+00 0.000000e+00 -5.929119e+01 -2.555334e+01 1.500363e+03 -2.561860e+01 0.000000e+00 0.000000e+00 0.000000e+00 0.000000e+00 0.000000e+00 0.000000e+00 0.000000e+00 0.000000e+00 0.000000e+00
1.901000e+00 0.000000e+00 -5.469909e+03 -6.906749e+03 0.000000e+00 0.000000e+00 0.000000e+00 -5.894697e+01 -2.521001e+01 1.501556e+03 -2.605788e+01 0.000000e+00 0.000000e+00 0.000000e+00 0.000000e+00 0.000000e+00 0.000000e+00 0.000000e+00 0.000000e+00 0.000000e+00
1.902000e+00 0.000000e+00 -5.472022e+03 -6.904887e+03 0.000000e+00 0.000000e+00 0.000000e+00 -5.860300e+01 -2.486726e+01 1.502749e+03 -2.649385e+01 0.000000e+00 0.000000e+00 0.000000e+00 0.000000e+00 0.000000e+00 0.000000e+00 0.000000e+00 0.000000e+00 0.000000e+00
1.903000e+00 0.000000e+00 -5.474086e+03 -6.902930e+03 0.000000e+00 0.000000e+00 0.000000e+00 -5.825941e+01 -2.452522e+01 1.503940e+03 -2.692627e+01 0.000000e+00 0.000000e+00 0.000000e+00 0.000000e+00 0.000000e+00 0.000000e+00 0.000000e+00 0.000000e+00 0.000000e+00
1.904000e+00 0.000000e+00 -5.476103e+03 -6.900879e+03 0.000000e+00 0.000000e+00 0.000000e+00 -5.791635e+01 -2.418404e+01 1.505130e+03 -2.735486e+01 0.000000e+00 0.000000e+00 0.000000e+00 0.000000e+00 0.000000e+00 0.000000e+00 0.000000e+00 0.000000e+00 0.000000e+00
1.905000e+00 0.000000e+00 -5.478072e+03 -6.898737e+03 0.000000e+00 0.000000e+00 0.000000e+00 -5.757395e+01 -2.384385e+01 1.506320e+03 -2.777936e+01 0.000000e+00 0.000000e+00 0.000000e+00 0.000000e+00 0.000000e+00 0.000000e+00 0.000000e+00 0.000000e+00 0.000000e+00
1.906000e+00 0.000000e+00 -5.479995e+03 -6.896506e+03 0.000000e+00 0.000000e+00 0.000000e+00 -5.723236e+01 -2.350481e+01 1.507509e+03 -2.819950e+01 0.000000e+00 0.000000e+00 0.000000e+00 0.000000e+00 0.000000e+00 0.000000e+00 0.000000e+00 0.000000e+00 0.000000e+00
1.907000e+00 0.000000e+00 -5.481871e+03 -6.894188e+03 0.000000e+00 0.000000e+00 0.000000e+00 -5.689173e+01 -2.316706e+01 1.508696e+03 -2.861502e+01 0.000000e+00 0.000000e+00 0.000000e+00 0.000000e+00 0.000000e+00 0.000000e+00 0.000000e+00 0.000000e+00 0.000000e+00
1.908000e+00 0.000000e+00 -5.483702e+03 -6.891786e+03 0.000000e+00 0.000000e+00 0.000000e+00 -5.655220e+01 -2.283076e+01 1.509883e+03 -2.902564e+01 0.000000e+00 0.000000e+00 0.000000e+00 0.000000e+00 0.000000e+00 0.000000e+00 0.000000e+00 0.000000e+00 0.000000e+00
1.909000e+00 0.000000e+00 -5.485487e+03 -6.889303e+03 0.000000e+00 0.000000e+00 0.000000e+00 -5.621391e+01 -2.249603e+01 1.511068e+03 -2.943111e+01 0.000000e+00 0.000000e+00 0.000000e+00 0.000000e+00 0.000000e+00 0.000000e+00 0.000000e+00 0.000000e+00 0.000000e+00
1.910000e+00 0.000000e+00 -5.487228e+03 -6.886741e+03 0.000000e+00 0.000000e+00 0.000000e+00 -5.587700e+01 -2.216305e+01 1.512252e+03 -2.983114e+01 0.000000e+00 0.000000e+00 0.000000e+00 0.000000e+00 0.000000e+00 0.000000e+00 0.000000e+00 0.000000e+00 0.000000e+00
1.911000e+00 0.000000e+00 -5.488924e+03 -6.884102e+03 0.000000e+00 0.000000e+00 0.000000e+00 -5.554164e+01 -2.183195e+01 1.513435e+03 -3.022548e+01 0.000000e+00 0.000000e+00 0.000000e+00 0.000000e+00 0.000000e+00 0.000000e+00 0.000000e+00 0.000000e+00 0.000000e+00
1.912000e+00 0.000000e+00 -5.490576e+03 -6.881389e+03 0.000000e+00 0.000000e+00 0.000000e+00 -5.520796e+01 -2.150288e+01 1.514616e+03 -3.061386e+01 0.000000e+00 0.000000e+00 0.000000e+00 0.000000e+00 0.000000e+00 0.000000e+00 0.000000e+00 0.000000e+00 0.000000e+00
1.913000e+00 0.000000e+00 -5.492186e+03 -6.878605e+03 0.000000e+00 0.000000e+00 0.000000e+00 -5.487611e+01 -2.117600e+01 1.515797e+03 -3.099599e+01 0.000000e+00 0.000000e+00 0.000000e+00 0.000000e+00 0.000000e+00 0.000000e+00 0.000000e+00 0.000000e+00 0.000000e+00
1.914000e+00 0.000000e+00 -5.493752e+03 -6.875753e+03 0.000000e+00 0.000000e+00 0.000000e+00 -5.454624e+01 -2.085146e+01 1.516975e+03 -3.137162e+01 0.000000e+00 0.000000e+00 0.000000e+00 0.000000e+00 0.000000e+00 0.000000e+00 0.000000e+00 0.000000e+00 0.000000e+00
1.915000e+00 0.000000e+00 -5.495277e+03 -6.872834e+03 0.000000e+00 0.000000e+00 0.000000e+00 -5.421849e+01 -2.052940e+01 1.518153e+03 -3.174048e+01 0.000000e+00 0.000000e+00 0.000000e+00 0.000000e+00 0.000000e+00 0.000000e+00 0.000000e+00 0.000000e+00 0.000000e+00
1.916000e+00 0.000000e+00 -5.496760e+03 -6.869853e+03 0.000000e+00 0.000000e+00 0.000000e+00 -5.389303e+01 -2.020997e+01 1.519329e+03 -3.210230e+01 0.000000e+00 0.000000e+00 0.000000e+00 0.000000e+00 0.000000e+00 0.000000e+00 0.000000e+00 0.000000e+00 0.000000e+00
1.917000e+00 0.000000e+00 -5.498203e+03 -6.866812e+03 0.000000e+00 0.000000e+00 0.000000e+00 -5.356999e+01 -1.989333e+01 1.520503e+03 -3.245681e+01 0.000000e+00 0.000000e+00 0.000000e+00 0.000000e+00 0.000000e+00 0.000000e+00 0.000000e+00 0.000000e+00 0.000000e+00
1.918000e+00 0.000000e+00 -5.499606e+03 -6.863713e+03 0.000000e+00 0.000000e+00 0.000000e+00 -5.324953e+01 -1.957963e+01 1.521676e+03 -3.280374e+01 0.000000e+00 0.000000e+00 0.000000e+00 0.000000e+00 0.000000e+00 0.000000e+00 0.000000e+00 0.000000e+00 0.000000e+00
1.919000e+00 0.000000e+00 -5.500970e+03 -6.860561e+03 0.000000e+00 0.000000e+00 0.000000e+00 -5.293179e+01 -1.926902e+01 1.522848e+03 -3.314283e+01 0.000000e+00 0.000000e+00 0.000000e+00 0.000000e+00 0.000000e+00 0.000000e+00 0.000000e+00 0.000000e+00 0.000000e+00
1.920000e+00 0.000000e+00 -5.502295e+03 -6.857356e+03 0.000000e+00 0.000000e+00 0.000000e+00 -5.261693e+01 -1.896165e+01 1.524017e+03 -3.347382e+01 0.000000e+00 0.000000e+00 0.000000e+00 0.000000e+00 0.000000e+00 0.000000e+00 0.000000e+00 0.000000e+00 0.000000e+00
1.921000e+00 0.000000e+00 -5.503582e+03 -6.854104e+03 0.000000e+00 0.000000e+00 0.000000e+00 -5.230509e+01 -1.865766e+01 1.525186e+03 -3.379643e+01 0.000000e+00 0.000000e+00 0.000000e+00 0.000000e+00 0.000000e+00 0.000000e+00 0.000000e+00 0.000000e+00 0.000000e+00
1.922000e+00 0.000000e+00 -5.504832e+03 -6.850806e+03 0.000000e+00 0.000000e+00 0.000000e+00 -5.199643e+01 -1.835722e+01 1.526352e+03 -3.411040e+01 0.000000e+00 0.000000e+00 0.000000e+00 0.000000e+00 0.000000e+00 0.000000e+00 0.000000e+00 0.000000e+00 0.000000e+00
1.923000e+00 0.000000e+00 -5.506046e+03 -6.847465e+03 0.000000e+00 0.000000e+00 0.000000e+00 -5.169109e+01 -1.806047e+01 1.527517e+03 -3.441547e+01 0.000000e+00 0.000000e+00 0.000000e+00 0.000000e+00 0.000000e+00 0.000000e+00 0.000000e+00 0.000000e+00 0.000000e+00
1.924000e+00 0.000000e+00 -5.507224e+03 -6.844086e+03 0.000000e+00 0.000000e+00 0.000000e+00 -5.138922e+01 -1.776756e+01 1.528680e+03 -3.471139e+01 0.000000e+00 0.000000e+00 0.000000e+00 0.000000e+00 0.000000e+00 0.000000e+00 0.000000e+00 0.000000e+00 0.000000e+00
1.925000e+00 0.000000e+00 -5.508368e+03 -6.840670e+03 0.000000e+00 0.000000e+00 0.000000e+00 -5.109098e+01 -1.747863e+01 1.529841e+03 -3.499788e+01 0.000000e+00 0.000000e+00 0.000000e+00 0.000000e+00 0.000000e+00 0.000000e+00 0.000000e+00 0.000000e+00 0.000000e+00
1.926000e+00 0.000000e+00 -5.509478e+03 -6.837221e+03 0.000000e+00 0.000000e+00 0.000000e+00 -5.079648e+01 -1.719382e+01 1.531000e+03 -3.527473e+01 0.000000e+00 0.000000e+00 0.000000e+00 0.000000e+00 0.000000e+00 0.000000e+00 0.000000e+00 0.000000e+00 0.000000e+00
1.927000e+00 0.000000e+00 -5.510556e+03 -6.833743e+03 0.000000e+00 0.000000e+00 0.000000e+00 -5.050586e+01 -1.691327e+01 1.532157e+03 -3.554168e+01 0.000000e+00 0.000000e+00 0.000000e+00 0.000000e+00 0.000000e+00 0.000000e+00 0.000000e+00 0.000000e+00 0.000000e+00
1.928000e+00 0.000000e+00 -5.511601e+03 -6.830237e+03 0.000000e+00 0.000000e+00 0.000000e+00 -5.021927e+01 -1.663712e+01 1.533313e+03 -3.579848e+01 0.000000e+00 0.000000e+00 0.000000e+00 0.000000e+00 0.000000e+00 0.000000e+00 0.000000e+00 0.000000e+00 0.000000e+00
1.929000e+00 0.000000e+00 -5.512615e+03 -6.826708e+03 0.000000e+00 0.000000e+00 0.000000e+00 -4.993686e+01 -1.636551e+01 1.534467e+03 -3.604487e+01 0.000000e+00 0.000000e+00 0.000000e+00 0.000000e+00 0.000000e+00 0.000000e+00 0.000000e+00 0.000000e+00 0.000000e+00
1.930000e+00 0.000000e+00 -5.513599e+03 -6.823158e+03 0.000000e+00 0.000000e+00 0.000000e+00 -4.965877e+01 -1.609860e+01 1.535618e+03 -3.628060e+01 0.000000e+00 0.000000e+00 0.000000e+00 0.000000e+00 0.000000e+00 0.000000e+00 0.000000e+00 0.000000e+00 0.000000e+00
1.931000e+00 0.000000e+00 -5.514553e+03 -6.819592e+03 0.000000e+00 0.000000e+00 0.000000e+00 -4.938515e+01 -1.583653e+01 1.536768e+03 -3.650543e+01 0.000000e+00 0.000000e+00 0.000000e+00 0.000000e+00 0.000000e+00 0.000000e+00 0.000000e+00 0.000000e+00 0.000000e+00
1.932000e+00 0.000000e+00 -5.515480e+03 -6.816012e+03 0.000000e+00 0.000000e+00 0.000000e+00 -4.911613e+01 -1.557944e+01 1.537916e+03 -3.671910e+01 0.000000e+00 0.000000e+00 0.000000e+00 0.000000e+00 0.000000e+00 0.000000e+00 0.000000e+00 0.000000e+00 0.000000e+00
1.933000e+00 0.000000e+00 -5.516379e+03 -6.812422e+03 0.000000e+00 0.000000e+00 0.000000e+00 -4.885188e+01 -1.532747e+01 1.539061e+03 -3.692137e+01 0.000000e+00 0.000000e+00 0.000000e+00 0.000000e+00 0.000000e+00 0.000000e+00 0.000000e+00 0.000000e+00 0.000000e+00
1.934000e+00 0.000000e+00 -5.517252e+03 -6.808825e+03 0.000000e+00 0.000000e+00 0.000000e+00 -4.859251e+01 -1.508077e+01 1.540205e+03 -3.711200e+01 0.000000e+00 0.000000e+00 0.000000e+00 0.000000e+00 0.000000e+00 0.000000e+00 0.000000e+00 0.000000e+00 0.000000e+00
1.935000e+00 0.000000e+00 -5.518099e+03 -6.805224e+03 0.000000e+00 0.000000e+00 0.000000e+00 -4.833819e+01 -1.483948e+01 1.541347e+03 -3.729075e+01 0.000000e+00 0.000000e+00 0.000000e+00 0.000000e+00 0.000000e+00 0.000000e+00 0.000000e+00 0.000000e+00 0.000000e+00
1.936000e+00 0.000000e+00 -5.518923e+03 -6.801623e+03 0.000000e+00 0.000000e+00 0.000000e+00 -4.808903e+01 -1.460373e+01 1.542486e+03 -3.745738e+01 0.000000e+00 0.000000e+00 0.000000e+00 0.000000e+00 0.000000e+00 0.000000e+00 0.000000e+00 0.000000e+00 0.000000e+00
1.937000e+00 0.000000e+00 -5.519723e+03 -6.798025e+03 0.000000e+00 0.000000e+00 0.000000e+00 -4.784520e+01 -1.437366e+01 1.543624e+03 -3.761166e+01 0.000000e+00 0.000000e+00 0.000000e+00 0.000000e+00 0.000000e+00 0.000000e+00 0.000000e+00 0.000000e+00 0.000000e+00
1.938000e+00 0.000000e+00 -5.520501e+03 -6.794434e+03 0.000000e+00 0.000000e+00 0.000000e+00 -4.760681e+01 -1.414942e+01 1.544759e+03 -3.775335e+01 0.000000e+00 0.000000e+00 0.000000e+00 0.000000e+00 0.000000e+00 0.000000e+00 0.000000e+00 0.000000e+00 0.000000e+00
1.939000e+00 0.000000e+00 -5.521258e+03 -6.790853e+03 0.000000e+00 0.000000e+00 0.000000e+00 -4.737401e+01 -1.393112e+01 1.545893e+03 -3.788222e+01 0.000000e+00 0.000000e+00 0.000000e+00 0.000000e+00 0.000000e+00 0.000000e+00 0.000000e+00 0.000000e+00 0.000000e+00
1.940000e+00 0.000000e+00 -5.521995e+03 -6.787286e+03 0.000000e+00 0.000000e+00 0.000000e+00 -4.714692e+01 -1.371891e+01 1.547024e+03 -3.799804e+01 0.000000e+00 0.000000e+00 0.000000e+00 0.000000e+00 0.000000e+00 0.000000e+00 0.000000e+00 0.000000e+00 0.000000e+00
1.941000e+00 0.000000e+00 -5.522714e+03 -6.783736e+03 0.000000e+00 0.000000e+00 0.000000e+00 -4.692569e+01 -1.351292e+01 1.548153e+03 -3.810060e+01 0.000000e+00 0.000000e+00 0.000000e+00 0.000000e+00 0.000000e+00 0.000000e+00 0.000000e+00 0.000000e+00 0.000000e+00
1.942000e+00 0.000000e+00 -5.523415e+03 -6.780206e+03 0.000000e+00 0.000000e+00 0.000000e+00 -4.671044e+01 -1.331327e+01 1.549280e+03 -3.818968e+01 0.000000e+00 0.000000e+00 0.000000e+00 0.000000e+00 0.000000e+00 0.000000e+00 0.000000e+00 0.000000e+00 0.000000e+00
1.943000e+00 0.000000e+00 -5.524100e+03 -6.776700e+03 0.000000e+00 0.000000e+00 0.000000e+00 -4.650129e+01 -1.312010e+01 1.550405e+03 -3.826504e+01 0.000000e+00 0.000000e+00 0.000000e+00 0.000000e+00 0.000000e+00 0.000000e+00 0.000000e+00 0.000000e+00 0.000000e+00
1.944000e+00 0.000000e+00 -5.524770e+03 -6.773222e+03 0.000000e+00 0.000000e+00 0.000000e+00 -4.629839e+01 -1.293352e+01 1.551528e+03 -3.832649e+01 0.000000e+00 0.000000e+00 0.000000e+00 0.000000e+00 0.000000e+00 0.000000e+00 0.000000e+00 0.000000e+00 0.000000e+00
1.945000e+00 0.000000e+00 -5.525426e+03 -6.769775e+03 0.000000e+00 0.000000e+00 0.000000e+00 -4.610185e+01 -1.275367e+01 1.552648e+03 -3.837381e+01 0.000000e+00 0.000000e+00 0.000000e+00 0.000000e+00 0.000000e+00 0.000000e+00 0.000000e+00 0.000000e+00 0.000000e+00
1.946000e+00 0.000000e+00 -5.526069e+03 -6.766363e+03 0.000000e+00 0.000000e+00 0.000000e+00 -4.591180e+01 -1.258067e+01 1.553767e+03 -3.840678e+01 0.000000e+00 0.000000e+00 0.000000e+00 0.000000e+00 0.000000e+00 0.000000e+00 0.000000e+00 0.000000e+00 0.000000e+00
1.947000e+00 0.000000e+00 -5.526700e+03 -6.762988e+03 0.000000e+00 0.000000e+00 0.000000e+00 -4.572835e+01 -1.241463e+01 1.554884e+03 -3.842522e+01 0.000000e+00 0.000000e+00 0.000000e+00 0.000000e+00 0.000000e+00 0.000000e+00 0.000000e+00 0.000000e+00 0.000000e+00
1.948000e+00 0.000000e+00 -5.527322e+03 -6.759655e+03 0.000000e+00 0.000000e+00 0.000000e+00 -4.555163e+01 -1.225568e+01 1.555998e+03 -3.842890e+01 0.000000e+00 0.000000e+00 0.000000e+00 0.000000e+00 0.000000e+00 0.000000e+00 0.000000e+00 0.000000e+00 0.000000e+00
1.949000e+00 0.000000e+00 -5.527934e+03 -6.756367e+03 0.000000e+00 0.000000e+00 0.000000e+00 -4.538176e+01 -1.210393e+01 1.557110e+03 -3.841765e+01 0.000000e+00 0.000000e+00 0.000000e+00 0.000000e+00 0.000000e+00 0.000000e+00 0.000000e+00 0.000000e+00 0.000000e+00
1.950000e+00 0.000000e+00 -5.528539e+03 -6.753128e+03 0.000000e+00 0.000000e+00 0.000000e+00 -4.521886e+01 -1.195950e+01 1.558221e+03 -3.839126e+01 0.000000e+00 0.000000e+00 0.000000e+00 0.000000e+00 0.000000e+00 0.000000e+00 0.000000e+00 0.000000e+00 0.000000e+00
1.951000e+00 0.000000e+00 -5.529137e+03 -6.749940e+03 0.000000e+00 0.000000e+00 0.000000e+00 -4.506303e+01 -1.182250e+01 1.559329e+03 -3.834954e+01 0.000000e+00 0.000000e+00 0.000000e+00 0.000000e+00 0.000000e+00 0.000000e+00 0.000000e+00 0.000000e+00 0.000000e+00
1.952000e+00 0.000000e+00 -5.529731e+03 -6.746808e+03 0.000000e+00 0.000000e+00 0.000000e+00 -4.491438e+01 -1.169304e+01 1.560435e+03 -3.829231e+01 0.000000e+00 0.000000e+00 0.000000e+00 0.000000e+00 0.000000e+00 0.000000e+00 0.000000e+00 0.000000e+00 0.000000e+00
1.953000e+00 0.000000e+00 -5.530321e+03 -6.743735e+03 0.000000e+00 0.000000e+00 0.000000e+00 -4.477304e+01 -1.157122e+01 1.561539e+03 -3.821939e+01 0.000000e+00 0.000000e+00 0.000000e+00 0.000000e+00 0.000000e+00 0.000000e+00 0.000000e+00 0.000000e+00 0.000000e+00
1.954000e+00 0.000000e+00 -5.530908e+03 -6.740725e+03 0.000000e+00 0.000000e+00 0.000000e+00 -4.463911e+01 -1.145717e+01 1.562641e+03 -3.813057e+01 0.000000e+00 0.000000e+00 0.000000e+00 0.000000e+00 0.000000e+00 0.000000e+00 0.000000e+00 0.000000e+00 0.000000e+00
1.955000e+00 0.000000e+00 -5.531495e+03 -6.737781e+03 0.000000e+00 0.000000e+00 0.000000e+00 -4.451272e+01 -1.135100e+01 1.563742e+03 -3.802567e+01 0.000000e+00 0.000000e+00 0.000000e+00 0.000000e+00 0.000000e+00 0.000000e+00 0.000000e+00 0.000000e+00 0.000000e+00
1.956000e+00 0.000000e+00 -5.532082e+03 -6.734906e+03 0.000000e+00 0.000000e+00 0.000000e+00 -4.439399e+01 -1.125283e+01 1.564840e+03 -3.790451e+01 0.000000e+00 0.000000e+00 0.000000e+00 0.000000e+00 0.000000e+00 0.000000e+00 0.000000e+00 0.000000e+00 0.000000e+00
1.957000e+00 0.000000e+00 -5.532671e+03 -6.732104e+03 0.000000e+00 0.000000e+00 0.000000e+00 -4.428302e+01 -1.116276e+01 1.565937e+03 -3.776689e+01 0.000000e+00 0.000000e+00 0.000000e+00 0.000000e+00 0.000000e+00 0.000000e+00 0.000000e+00 0.000000e+00 0.000000e+00
1.958000e+00 0.000000e+00 -5.533263e+03 -6.729379e+03 0.000000e+00 0.000000e+00 0.000000e+00 -4.417994e+01 -1.108091e+01 1.567031e+03 -3.761265e+01 0.000000e+00 0.000000e+00 0.000000e+00 0.000000e+00 0.000000e+00 0.000000e+00 0.000000e+00 0.000000e+00 0.000000e+00
1.959000e+00 0.000000e+00 -5.533860e+03 -6.726734e+03 0.000000e+00 0.000000e+00 0.000000e+00 -4.408485e+01 -1.100738e+01 1.568124e+03 -3.744159e+01 0.000000e+00 0.000000e+00 0.000000e+00 0.000000e+00 0.000000e+00 0.000000e+00 0.000000e+00 0.000000e+00 0.000000e+00
1.960000e+00 0.000000e+00 -5.534464e+03 -6.724173e+03 0.000000e+00 0.000000e+00 0.000000e+00 -4.399786e+01 -1.094228e+01 1.569215e+03 -3.725357e+01 0.000000e+00 0.000000e+00 0.000000e+00 0.000000e+00 0.000000e+00 0.000000e+00 0.000000e+00 0.000000e+00 0.000000e+00
1.961000e+00 0.000000e+00 -5.535075e+03 -6.721699e+03 0.000000e+00 0.000000e+00 0.000000e+00 -4.391907e+01 -1.088570e+01 1.570304e+03 -3.704840e+01 0.000000e+00 0.000000e+00 0.000000e+00 0.000000e+00 0.000000e+00 0.000000e+00 0.000000e+00 0.000000e+00 0.000000e+00
1.962000e+00 0.000000e+00 -5.535695e+03 -6.719315e+03 0.000000e+00 0.000000e+00 0.000000e+00 -4.384858e+01 -1.083774e+01 1.571392e+03 -3.682594e+01 0.000000e+00 0.000000e+00 0.000000e+00 0.000000e+00 0.000000e+00 0.000000e+00 0.000000e+00 0.000000e+00 0.000000e+00
1.963000e+00 0.000000e+00 -5.536326e+03 -6.717025e+03 0.000000e+00 0.000000e+00 0.000000e+00 -4.378650e+01 -1.079851e+01 1.572478e+03 -3.658601e+01 0.000000e+00 0.000000e+00 0.000000e+00 0.000000e+00 0.000000e+00 0.000000e+00 0.000000e+00 0.000000e+00 0.000000e+00
1.964000e+00 0.000000e+00 -5.536970e+03 -6.714832e+03 0.000000e+00 0.000000e+00 0.000000e+00 -4.373291e+01 -1.076808e+01 1.573562e+03 -3.632847e+01 0.000000e+00 0.000000e+00 0.000000e+00 0.000000e+00 0.000000e+00 0.000000e+00 0.000000e+00 0.000000e+00 0.000000e+00
1.965000e+00 0.000000e+00 -5.537627e+03 -6.712739e+03 0.000000e+00 0.000000e+00 0.000000e+00 -4.368791e+01 -1.074656e+01 1.574645e+03 -3.605318e+01 0.000000e+00 0.000000e+00 0.000000e+00 0.000000e+00 0.000000e+00 0.000000e+00 0.000000e+00 0.000000e+00 0.000000e+00
1.966000e+00 0.000000e+00 -5.538299e+03 -6.710750e+03 0.000000e+00 0.000000e+00 0.000000e+00 -4.365159e+01 -1.073402e+01 1.575726e+03 -3.575998e+01 0.000000e+00 0.000000e+00 0.000000e+00 0.000000e+00 0.000000e+00 0.000000e+00 0.000000e+00 0.000000e+00 0.000000e+00
1.967000e+00 0.000000e+00 -5.538988e+03 -6.708868e+03 0.000000e+00 0.000000e+00 0.000000e+00 -4.362403e+01 -1.073055e+01 1.576806e+03 -3.544875e+01 0.000000e+00 0.000000e+00 0.000000e+00 0.000000e+00 0.000000e+00 0.000000e+00 0.000000e+00 0.000000e+00 0.000000e+00
1.968000e+00 0.000000e+00 -5.539696e+03 -6.707096e+03 0.000000e+00 0.000000e+00 0.000000e+00 -4.360532e+01 -1.073624e+01 1.577885e+03 -3.511934e+01 0.000000e+00 0.000000e+00 0.000000e+00 0.000000e+00 0.000000e+00 0.000000e+00 0.000000e+00 0.000000e+00 0.000000e+00
1.969000e+00 0.000000e+00 -5.540423e+03 -6.705437e+03 0.000000e+00 0.000000e+00 0.000000e+00 -4.359554e+01 -1.075115e+01 1.578962e+03 -3.477163e+01 0.000000e+00 0.000000e+00 0.000000e+00 0.000000e+00 0.000000e+00 0.000000e+00 0.000000e+00 0.000000e+00 0.000000e+00
1.970000e+00 0.000000e+00 -5.541172e+03 -6.703895e+03 0.000000e+00 0.000000e+00 0.000000e+00 -4.359477e+01 -1.077537e+01 1.580038e+03 -3.440550e+01 0.000000e+00 0.000000e+00 0.000000e+00 0.000000e+00 0.000000e+00 0.000000e+00 0.000000e+00 0.000000e+00 0.000000e+00
1.971000e+00 0.000000e+00 -5.541944e+03 -6.702472e+03 0.000000e+00 0.000000e+00 0.000000e+00 -4.360308e+01 -1.080895e+01 1.581113e+03 -3.402081e+01 0.000000e+00 0.000000e+00 0.000000e+00 0.000000e+00 0.000000e+00 0.000000e+00 0.000000e+00 0.000000e+00 0.000000e+00
1.972000e+00 0.000000e+00 -5.542740e+03 -6.701171e+03 0.000000e+00 0.000000e+00 0.000000e+00 -4.362054e+01 -1.085199e+01 1.582186e+03 -3.361747e+01 0.000000e+00 0.000000e+00 0.000000e+00 0.000000e+00 0.000000e+00 0.000000e+00 0.000000e+00 0.000000e+00 0.000000e+00
1.973000e+00 0.000000e+00 -5.543563e+03 -6.699996e+03 0.000000e+00 0.000000e+00 0.000000e+00 -4.364721e+01 -1.090452e+01 1.583259e+03 -3.319536e+01 0.000000e+00 0.000000e+00 0.000000e+00 0.000000e+00 0.000000e+00 0.000000e+00 0.000000e+00 0.000000e+00 0.000000e+00
1.974000e+00 0.000000e+00 -5.544413e+03 -6.698949e+03 0.000000e+00 0.000000e+00 0.000000e+00 -4.368317e+01 -1.096663e+01 1.584331e+03 -3.275438e+01 0.000000e+00 0.000000e+00 0.000000e+00 0.000000e+00 0.000000e+00 0.000000e+00 0.000000e+00 0.000000e+00 0.000000e+00
1.975000e+00 0.000000e+00 -5.545293e+03 -6.698034e+03 0.000000e+00 0.000000e+00 0.000000e+00 -4.372848e+01 -1.103837e+01 1.585402e+03 -3.229442e+01 0.000000e+00 0.000000e+00 0.000000e+00 0.000000e+00 0.000000e+00 0.000000e+00 0.000000e+00 0.000000e+00 0.000000e+00
1.976000e+00 0.000000e+00 -5.546204e+03 -6.697252e+03 0.000000e+00 0.000000e+00 0.000000e+00 -4.378320e+01 -1.111980e+01 1.586472e+03 -3.181538e+01 0.000000e+00 0.000000e+00 0.000000e+00 0.000000e+00 0.000000e+00 0.000000e+00 0.000000e+00 0.000000e+00 0.000000e+00
1.977000e+00 0.000000e+00 -5.547147e+03 -6.696608e+03 0.000000e+00 0.000000e+00 0.000000e+00 -4.384742e+01 -1.121100e+01 1.587541e+03 -3.131714e+01 0.000000e+00 0.000000e+00 0.000000e+00 0.000000e+00 0.000000e+00 0.000000e+00 0.000000e+00 0.000000e+00 0.000000e+00
1.978000e+00 0.000000e+00 -5.548125e+03 -6.696104e+03 0.000000e+00 0.000000e+00 0.000000e+00 -4.392120e+01 -1.131204e+01 1.588610e+03 -3.079959e+01 0.000000e+00 0.000000e+00 0.000000e+00 0.000000e+00 0.000000e+00 0.000000e+00 0.000000e+00 0.000000e+00 0.000000e+00
1.979000e+00 0.000000e+00 -5.549138e+03 -6.695742e+03 0.000000e+00 0.000000e+00 0.000000e+00 -4.400463e+01 -1.142298e+01 1.589678e+03 -3.026264e+01 0.000000e+00 0.000000e+00 0.000000e+00 0.000000e+00 0.000000e+00 0.000000e+00 0.000000e+00 0.000000e+00 0.000000e+00
1.980000e+00 0.000000e+00 -5.550189e+03 -6.695525e+03 0.000000e+00 0.000000e+00 0.000000e+00 -4.409775e+01 -1.154389e+01 1.590746e+03 -2.970618e+01 0.000000e+00 0.000000e+00 0.000000e+00 0.000000e+00 0.000000e+00 0.000000e+00 0.000000e+00 0.000000e+00 0.000000e+00
1.981000e+00 0.000000e+00 -5.551280e+03 -6.695457e+03 0.000000e+00 0.000000e+00 0.000000e+00 -4.420064e+01 -1.167481e+01 1.591813e+03 -2.913012e+01 0.000000e+00 0.000000e+00 0.000000e+00 0.000000e+00 0.000000e+00 0.000000e+00 0.000000e+00 0.000000e+00 0.000000e+00
1.982000e+00 0.000000e+00 -5.552411e+03 -6.695539e+03 0.000000e+00 0.000000e+00 0.000000e+00 -4.431336e+01 -1.181581e+01 1.592880e+03 -2.853437e+01 0.000000e+00 0.000000e+00 0.000000e+00 0.000000e+00 0.000000e+00 0.000000e+00 0.000000e+00 0.000000e+00 0.000000e+00
1.983000e+00 0.000000e+00 -5.553585e+03 -6.695774e+03 0.000000e+00 0.000000e+00 0.000000e+00 -4.443595e+01 -1.196694e+01 1.593947e+03 -2.791886e+01 0.000000e+00 0.000000e+00 0.000000e+00 0.000000e+00 0.000000e+00 0.000000e+00 0.000000e+00 0.000000e+00 0.000000e+00
1.984000e+00 0.000000e+00 -5.554802e+03 -6.696165e+03 0.000000e+00 0.000000e+00 0.000000e+00 -4.456847e+01 -1.212824e+01 1.595014e+03 -2.728351e+01 0.000000e+00 0.000000e+00 0.000000e+00 0.000000e+00 0.000000e+00 0.000000e+00 0.000000e+00 0.000000e+00 0.000000e+00
1.985000e+00 0.000000e+00 -5.556066e+03 -6.696714e+03 0.000000e+00 0.000000e+00 0.000000e+00 -4.471096e+01 -1.229975e+01 1.596080e+03 -2.662825e+01 0.000000e+00 0.000000e+00 0.000000e+00 0.000000e+00 0.000000e+00 0.000000e+00 0.000000e+00 0.000000e+00 0.000000e+00
1.986000e+00 0.000000e+00 -5.557377e+03 -6.697424e+03 0.000000e+00 0.000000e+00 0.000000e+00 -4.486347e+01 -1.248151e+01 1.597147e+03 -2.595302e+01 0.000000e+00 0.000000e+00 0.000000e+00 0.000000e+00 0.000000e+00 0.000000e+00 0.000000e+00 0.000000e+00 0.000000e+00
1.987000e+00 0.000000e+00 -5.558737e+03 -6.698295e+03 0.000000e+00 0.000000e+00 0.000000e+00 -4.502603e+01 -1.267356e+01 1.598214e+03 -2.525775e+01 0.000000e+00 0.000000e+00 0.000000e+00 0.000000e+00 0.000000e+00 0.000000e+00 0.000000e+00 0.000000e+00 0.000000e+00
1.988000e+00 0.000000e+00 -5.560147e+03 -6.699332e+03 0.000000e+00 0.000000e+00 0.000000e+00 -4.519869e+01 -1.287593e+01 1.599282e+03 -2.454240e+01 0.000000e+00 0.000000e+00 0.000000e+00 0.000000e+00 0.000000e+00 0.000000e+00 0.000000e+00 0.000000e+00 0.000000e+00
1.989000e+00 0.000000e+00 -5.561610e+03 -6.700535e+03 0.000000e+00 0.000000e+00 0.000000e+00 -4.538146e+01 -1.308865e+01 1.600350e+03 -2.380692e+01 0.000000e+00 0.000000e+00 0.000000e+00 0.000000e+00 0.000000e+00 0.000000e+00 0.000000e+00 0.000000e+00 0.000000e+00
1.990000e+00 0.000000e+00 -5.563127e+03 -6.701907e+03 0.000000e+00 0.000000e+00 0.000000e+00 -4.557438e+01 -1.331174e+01 1.601418e+03 -2.305127e+01 0.000000e+00 0.000000e+00 0.000000e+00 0.000000e+00 0.000000e+00 0.000000e+00 0.000000e+00 0.000000e+00 0.000000e+00
1.991000e+00 0.000000e+00 -5.564699e+03 -6.703449e+03 0.000000e+00 0.000000e+00 0.000000e+00 -4.577748e+01 -1.354522e+01 1.602487e+03 -2.227541e+01 0.000000e+00 0.000000e+00 0.000000e+00 0.000000e+00 0.000000e+00 0.000000e+00 0.000000e+00 0.000000e+00 0.000000e+00
1.992000e+00 0.000000e+00 -5.566328e+03 -6.705164e+03 0.000000e+00 0.000000e+00 0.000000e+00 -4.599076e+01 -1.378911e+01 1.603557e+03 -2.147931e+01 0.000000e+00 0.000000e+00 0.000000e+00 0.000000e+00 0.000000e+00 0.000000e+00 0.000000e+00 0.000000e+00 0.000000e+00
1.993000e+00 0.000000e+00 -5.568016e+03 -6.707053e+03 0.000000e+00 0.000000e+00 0.000000e+00 -4.621425e+01 -1.404341e+01 1.604628e+03 -2.066295e+01 0.000000e+00 0.000000e+00 0.000000e+00 0.000000e+00 0.000000e+00 0.000000e+00 0.000000e+00 0.000000e+00 0.000000e+00
1.994000e+00 0.000000e+00 -5.569764e+03 -6.709118e+03 0.000000e+00 0.000000e+00 0.000000e+00 -4.644795e+01 -1.430815e+01 1.605700e+03 -1.982631e+01 0.000000e+00 0.000000e+00 0.000000e+00 0.000000e+00 0.000000e+00 0.000000e+00 0.000000e+00 0.000000e+00 0.000000e+00
1.995000e+00 0.000000e+00 -5.571574e+03 -6.711360e+03 0.000000e+00 0.000000e+00 0.000000e+00 -4.669188e+01 -1.458332e+01 1.606772e+03 -1.896938e+01 0.000000e+00 0.000000e+00 0.000000e+00 0.000000e+00 0.000000e+00 0.000000e+00 0.000000e+00 0.000000e+00 0.000000e+00
1.996000e+00 0.000000e+00 -5.573447e+03 -6.713781e+03 0.000000e+00 0.000000e+00 0.000000e+00 -4.694603e+01 -1.486892e+01 1.607846e+03 -1.809214e+01 0.000000e+00 0.000000e+00 0.000000e+00 0.000000e+00 0.000000e+00 0.000000e+00 0.000000e+00 0.000000e+00 0.000000e+00
1.997000e+00 0.000000e+00 -5.575385e+03 -6.716382e+03 0.000000e+00 0.000000e+00 0.000000e+00 -4.721042e+01 -1.516496e+01 1.608922e+03 -1.719459e+01 0.000000e+00 0.000000e+00 0.000000e+00 0.000000e+00 0.000000e+00 0.000000e+00 0.000000e+00 0.000000e+00 0.000000e+00
1.998000e+00 0.000000e+00 -5.577390e+03 -6.719165e+03 0.000000e+00 0.000000e+00 0.000000e+00 -4.748507e+01 -1.547147e+01 1.609999e+03 -1.627670e+01 0.000000e+00 0.000000e+00 0.000000e+00 0.000000e+00 0.000000e+00 0.000000e+00 0.000000e+00 0.000000e+00 0.000000e+00
1.999000e+00 0.000000e+00 -5.579462e+03 -6.722131e+03 0.000000e+00 0.000000e+00 0.000000e+00 -4.777000e+01 -1.578846e+01 1.611077e+03 -1.533844e+01 0.000000e+00 0.000000e+00 0.000000e+00 0.000000e+00 0.000000e+00 0.000000e+00 0.000000e+00 0.000000e+00 0.000000e+00
2.000000e+00 0.000000e+00 -5.581604e+03 -6.725282e+03 0.000000e+00 0.000000e+00 0.000000e+00 -4.806524e+01 -1.611594e+01 1.612157e+03 -1.437980e+01 0.000000e+00 0.000000e+00 0.000000e+00 0.000000e+00 0.000000e+00 0.000000e+00 0.000000e+00 0.000000e+00 0.000000e+00
2.001000e+00 0.000000e+00 -5.583817e+03 -6.728618e+03 0.000000e+00 0.000000e+00 0.000000e+00 -4.837078e+01 -1.645392e+01 1.613239e+03 -1.340078e+01 0.000000e+00 0.000000e+00 0.000000e+00 0.000000e+00 0.000000e+00 0.000000e+00 0.000000e+00 0.000000e+00 0.000000e+00
2.002000e+00 0.000000e+00 -5.586103e+03 -6.732141e+03 0.000000e+00 0.000000e+00 0.000000e+00 -4.868664e+01 -1.680239e+01 1.614323e+03 -1.240137e+01 0.000000e+00 0.000000e+00 0.000000e+00 0.000000e+00 0.000000e+00 0.000000e+00 0.000000e+00 0.000000e+00 0.000000e+00
2.003000e+00 0.000000e+00 -5.588463e+03 -6.735852e+03 0.000000e+00 0.000000e+00 0.000000e+00 -4.901281e+01 -1.716135e+01 1.615409e+03 -1.138157e+01 0.000000e+00 0.000000e+00 0.000000e+00 0.000000e+00 0.000000e+00 0.000000e+00 0.000000e+00 0.000000e+00 0.000000e+00
2.004000e+00 0.000000e+00 -5.590898e+03 -6.739751e+03 0.000000e+00 0.000000e+00 0.000000e+00 -4.934929e+01 -1.753081e+01 1.616497e+03 -1.034141e+01 0.000000e+00 0.000000e+00 0.000000e+00 0.000000e+00 0.000000e+00 0.000000e+00 0.000000e+00 0.000000e+00 0.000000e+00
2.005000e+00 0.000000e+00 -5.593410e+03 -6.743840e+03 0.000000e+00 0.000000e+00 0.000000e+00 -4.969608e+01 -1.791074e+01 1.617587e+03 -9.280884e+00 0.000000e+00 0.000000e+00 0.000000e+00 0.000000e+00 0.000000e+00 0.000000e+00 0.000000e+00 0.000000e+00 0.000000e+00
2.006000e+00 0.000000e+00 -5.596001e+03 -6.748119e+03 0.000000e+00 0.000000e+00 0.000000e+00 -5.005316e+01 -1.830114e+01 1.618680e+03 -8.200030e+00 0.000000e+00 0.000000e+00 0.000000e+00 0.000000e+00 0.000000e+00 0.000000e+00 0.000000e+00 0.000000e+00 0.000000e+00
2.007000e+00 0.000000e+00 -5.598671e+03 -6.752588e+03 0.000000e+00 0.000000e+00 0.000000e+00 -5.042053e+01 -1.870199e+01 1.619775e+03 -7.098870e+00 0.000000e+00 0.000000e+00 0.000000e+00 0.000000e+00 0.000000e+00 0.000000e+00 0.000000e+00 0.000000e+00 0.000000e+00
2.008000e+00 0.000000e+00 -5.601423e+03 -6.757249e+03 0.000000e+00 0.000000e+00 0.000000e+00 -5.079815e+01 -1.911326e+01 1.620873e+03 -5.977440e+00 0.000000e+00 0.000000e+00 0.000000e+00 0.000000e+00 0.000000e+00 0.000000e+00 0.000000e+00 0.000000e+00 0.000000e+00
2.009000e+00 0.000000e+00 -5.604257e+03 -6.762102e+03 0.000000e+00 0.000000e+00 0.000000e+00 -5.118602e+01 -1.953494e+01 1.621973e+03 -4.835779e+00 0.000000e+00 0.000000e+00 0.000000e+00 0.000000e+00 0.000000e+00 0.000000e+00 0.000000e+00 0.000000e+00 0.000000e+00
2.010000e+00 0.000000e+00 -5.607175e+03 -6.767146e+03 0.000000e+00 0.000000e+00 0.000000e+00 -5.158410e+01 -1.996698e+01 1.623077e+03 -3.673933e+00 0.000000e+00 0.000000e+00 0.000000e+00 0.000000e+00 0.000000e+00 0.000000e+00 0.000000e+00 0.000000e+00 0.000000e+00
2.011000e+00 0.000000e+00 -5.610178e+03 -6.772382e+03 0.000000e+00 0.000000e+00 0.000000e+00 -5.199235e+01 -2.040936e+01 1.624183e+03 -2.491954e+00 0.000000e+00 0.000000e+00 0.000000e+00 0.000000e+00 0.000000e+00 0.000000e+00 0.000000e+00 0.000000e+00 0.000000e+00
2.012000e+00 0.000000e+00 -5.613268e+03 -6.777810e+03 0.000000e+00 0.000000e+00 0.000000e+00 -5.241075e+01 -2.086205e+01 1.625293e+03 -1.289899e+00 0.000000e+00 0.000000e+00 0.000000e+00 0.000000e+00 0.000000e+00 0.000000e+00 0.000000e+00 0.000000e+00 0.000000e+00
2.013000e+00 0.000000e+00 -5.616445e+03 -6.783431e+03 0.000000e+00 0.000000e+00 0.000000e+00 -5.283926e+01 -2.132499e+01 1.626406e+03 -6.783012e-02 0.000000e+00 0.000000e+00 0.000000e+00 0.000000e+00 0.000000e+00 0.000000e+00 0.000000e+00 0.000000e+00 0.000000e+00
2.014000e+00 0.000000e+00 -5.619711e+03 -6.789243e+03 0.000000e+00 0.000000e+00 0.000000e+00 -5.327782e+01 -2.179815e+01 1.627522e+03 1.174183e+00 0.000000e+00 0.000000e+00 0.000000e+00 0.000000e+00 0.000000e+00 0.000000e+00 0.000000e+00 0.000000e+00 0.000000e+00
2.015000e+00 0.000000e+00 -5.623067e+03 -6.795247e+03 0.000000e+00 0.000000e+00 0.000000e+00 -5.372640e+01 -2.228148e+01 1.628641e+03 2.436065e+00 0.000000e+00 0.000000e+00 0.000000e+00 0.000000e+00 0.000000e+00 0.000000e+00 0.000000e+00 0.000000e+00 0.000000e+00
2.016000e+00 0.000000e+00 -5.626514e+03 -6.801442e+03 0.000000e+00 0.000000e+00 0.000000e+00 -5.418495e+01 -2.277492e+01 1.629765e+03 3.717737e+00 0.000000e+00 0.000000e+00 0.000000e+00 0.000000e+00 0.000000e+00 0.000000e+00 0.000000e+00 0.000000e+00 0.000000e+00
2.017000e+00 0.000000e+00 -5.630053e+03 -6.807828e+03 0.000000e+00 0.000000e+00 0.000000e+00 -5.465340e+01 -2.327843e+01 1.630892e+03 5.019114e+00 0.000000e+00 0.000000e+00 0.000000e+00 0.000000e+00 0.000000e+00 0.000000e+00 0.000000e+00 0.000000e+00 0.000000e+00
2.018000e+00 0.000000e+00 -5.633685e+03 -6.814404e+03 0.000000e+00 0.000000e+00 0.000000e+00 -5.513173e+01 -2.379195e+01 1.632022e+03 6.340131e+00 0.000000e+00 0.000000e+00 0.000000e+00 0.000000e+00 0.000000e+00 0.000000e+00 0.000000e+00 0.000000e+00 0.000000e+00
2.019000e+00 0.000000e+00 -5.637412e+03 -6.821170e+03 0.000000e+00 0.000000e+00 0.000000e+00 -5.561990e+01 -2.431547e+01 1.633157e+03 7.680722e+00 0.000000e+00 0.000000e+00 0.000000e+00 0.000000e+00 0.000000e+00 0.000000e+00 0.000000e+00 0.000000e+00 0.000000e+00
2.020000e+00 0.000000e+00 -5.641234e+03 -6.828126e+03 0.000000e+00 0.000000e+00 0.000000e+00 -5.611787e+01 -2.484892e+01 1.634296e+03 9.040813e+00 0.000000e+00 0.000000e+00 0.000000e+00 0.000000e+00 0.000000e+00 0.000000e+00 0.000000e+00 0.000000e+00 0.000000e+00
2.021000e+00 0.000000e+00 -5.645152e+03 -6.835270e+03 0.000000e+00 0.000000e+00 0.000000e+00 -5.662560e+01 -2.539227e+01 1.635438e+03 1.042032e+01 0.000000e+00 0.000000e+00 0.000000e+00 0.000000e+00 0.000000e+00 0.000000e+00 0.000000e+00 0.000000e+00 0.000000e+00
2.022000e+00 0.000000e+00 -5.649168e+03 -6.842602e+03 0.000000e+00 0.000000e+00 0.000000e+00 -5.714303e+01 -2.594547e+01 1.636585e+03 1.181916e+01 0.000000e+00 0.000000e+00 0.000000e+00 0.000000e+00 0.000000e+00 0.000000e+00 0.000000e+00 0.000000e+00 0.000000e+00
2.023000e+00 0.000000e+00 -5.653283e+03 -6.850121e+03 0.000000e+00 0.000000e+00 0.000000e+00 -5.767012e+01 -2.650846e+01 1.637737e+03 1.323724e+01 0.000000e+00 0.000000e+00 0.000000e+00 0.000000e+00 0.000000e+00 0.000000e+00 0.000000e+00 0.000000e+00 0.000000e+00
2.024000e+00 0.000000e+00 -5.657496e+03 -6.857826e+03 0.000000e+00 0.000000e+00 0.000000e+00 -5.820681e+01 -2.708118e+01 1.638892e+03 1.467446e+01 0.000000e+00 0.000000e+00 0.000000e+00 0.000000e+00 0.000000e+00 0.000000e+00 0.000000e+00 0.000000e+00 0.000000e+00
2.025000e+00 0.000000e+00 -5.661810e+03 -6.865716e+03 0.000000e+00 0.000000e+00 0.000000e+00 -5.875304e+01 -2.766357e+01 1.640053e+03 1.613072e+01 0.000000e+00 0.000000e+00 0.000000e+00 0.000000e+00 0.000000e+00 0.000000e+00 0.000000e+00 0.000000e+00 0.000000e+00
2.026000e+00 0.000000e+00 -5.666224e+03 -6.873789e+03 0.000000e+00 0.000000e+00 0.000000e+00 -5.930874e+01 -2.825556e+01 1.641217e+03 1.760591e+01 0.000000e+00 0.000000e+00 0.000000e+00 0.000000e+00 0.000000e+00 0.000000e+00 0.000000e+00 0.000000e+00 0.000000e+00
2.027000e+00 0.000000e+00 -5.670740e+03 -6.882044e+03 0.000000e+00 0.000000e+00 0.000000e+00 -5.987385e+01 -2.885709e+01 1.642387e+03 1.909991e+01 0.000000e+00 0.000000e+00 0.000000e+00 0.000000e+00 0.000000e+00 0.000000e+00 0.000000e+00 0.000000e+00 0.000000e+00
2.028000e+00 0.000000e+00 -5.675359e+03 -6.890480e+03 0.000000e+00 0.000000e+00 0.000000e+00 -6.044830e+01 -2.946808e+01 1.643561e+03 2.061260e+01 0.000000e+00 0.000000e+00 0.000000e+00 0.000000e+00 0.000000e+00 0.000000e+00 0.000000e+00 0.000000e+00 0.000000e+00
2.029000e+00 0.000000e+00 -5.680080e+03 -6.899095e+03 0.000000e+00 0.000000e+00 0.000000e+00 -6.103200e+01 -3.008846e+01 1.644740e+03 2.214386e+01 0.000000e+00 0.000000e+00 0.000000e+00 0.000000e+00 0.000000e+00 0.000000e+00 0.000000e+00 0.000000e+00 0.000000e+00
2.030000e+00 0.000000e+00 -5.684905e+03 -6.907887e+03 0.000000e+00 0.000000e+00 0.000000e+00 -6.162489e+01 -3.071814e+01 1.645925e+03 2.369357e+01 0.000000e+00 0.000000e+00 0.000000e+00 0.000000e+00 0.000000e+00 0.000000e+00 0.000000e+00 0.000000e+00 0.000000e+00
2.031000e+00 0.000000e+00 -5.689834e+03 -6.916855e+03 0.000000e+00 0.000000e+00 0.000000e+00 -6.222688e+01 -3.135706e+01 1.647114e+03 2.526157e+01 0.000000e+00 0.000000e+00 0.000000e+00 0.000000e+00 0.000000e+00 0.000000e+00 0.000000e+00 0.000000e+00 0.000000e+00
2.032000e+00 0.000000e+00 -5.694868e+03 -6.925996e+03 0.000000e+00 0.000000e+00 0.000000e+00 -6.283789e+01 -3.200511e+01 1.648308e+03 2.684773e+01 0.000000e+00 0.000000e+00 0.000000e+00 0.000000e+00 0.000000e+00 0.000000e+00 0.000000e+00 0.000000e+00 0.000000e+00
2.033000e+00 0.000000e+00 -5.700007e+03 -6.935310e+03 0.000000e+00 0.000000e+00 0.000000e+00 -6.345782e+01 -3.266222e+01 1.649507e+03 2.845191e+01 0.000000e+00 0.000000e+00 0.000000e+00 0.000000e+00 0.000000e+00 0.000000e+00 0.000000e+00 0.000000e+00 0.000000e+00
2.034000e+00 0.000000e+00 -5.705252e+03 -6.944793e+03 0.000000e+00 0.000000e+00 0.000000e+00 -6.408658e+01 -3.332829e+01 1.650712e+03 3.007395e+01 0.000000e+00 0.000000e+00 0.000000e+00 0.000000e+00 0.000000e+00 0.000000e+00 0.000000e+00 0.000000e+00 0.000000e+00
2.035000e+00 0.000000e+00 -5.710602e+03 -6.954443e+03 0.000000e+00 0.000000e+00 0.000000e+00 -6.472409e+01 -3.400322e+01 1.651922e+03 3.171370e+01 0.000000e+00 0.000000e+00 0.000000e+00 0.000000e+00 0.000000e+00 0.000000e+00 0.000000e+00 0.000000e+00 0.000000e+00
2.036000e+00 0.000000e+00 -5.716059e+03 -6.964259e+03 0.000000e+00 0.000000e+00 0.000000e+00 -6.537023e+01 -3.468691e+01 1.653137e+03 3.337099e+01 0.000000e+00 0.000000e+00 0.000000e+00 0.000000e+00 0.000000e+00 0.000000e+00 0.000000e+00 0.000000e+00 0.000000e+00
2.037000e+00 0.000000e+00 -5.721622e+03 -6.974237e+03 0.000000e+00 0.000000e+00 0.000000e+00 -6.602491e+01 -3.537928e+01 1.654358e+03 3.504566e+01 0.000000e+00 0.000000e+00 0.000000e+00 0.000000e+00 0.000000e+00 0.000000e+00 0.000000e+00 0.000000e+00 0.000000e+00
2.038000e+00 0.000000e+00 -5.727292e+03 -6.984377e+03 0.000000e+00 0.000000e+00 0.000000e+00 -6.668806e+01 -3.608024e+01 1.655584e+03 3.673758e+01 0.000000e+00 0.000000e+00 0.000000e+00 0.000000e+00 0.000000e+00 0.000000e+00 0.000000e+00 0.000000e+00 0.000000e+00
2.039000e+00 0.000000e+00 -5.733069e+03 -6.994674e+03 0.000000e+00 0.000000e+00 0.000000e+00 -6.735959e+01 -3.678969e+01 1.656816e+03 3.844657e+01 0.000000e+00 0.000000e+00 0.000000e+00 0.000000e+00 0.000000e+00 0.000000e+00 0.000000e+00 0.000000e+00 0.000000e+00
2.040000e+00 0.000000e+00 -5.738952e+03 -7.005127e+03 0.000000e+00 0.000000e+00 0.000000e+00 -6.803940e+01 -3.750756e+01 1.658054e+03 4.017250e+01 0.000000e+00 0.000000e+00 0.000000e+00 0.000000e+00 0.000000e+00 0.000000e+00 0.000000e+00 0.000000e+00 0.000000e+00
2.041000e+00 0.000000e+00 -5.744944e+03 -7.015733e+03 0.000000e+00 0.000000e+00 0.000000e+00 -6.872740e+01 -3.823374e+01 1.659296e+03 4.191520e+01 0.000000e+00 0.000000e+00 0.000000e+00 0.000000e+00 0.000000e+00 0.000000e+00 0.000000e+00 0.000000e+00 0.000000e+00
2.042000e+00 0.000000e+00 -5.751042e+03 -7.026489e+03 0.000000e+00 0.000000e+00 0.000000e+00 -6.942351e+01 -3.896815e+01 1.660545e+03 4.367449e+01 0.000000e+00 0.000000e+00 0.000000e+00 0.000000e+00 0.000000e+00 0.000000e+00 0.000000e+00 0.000000e+00 0.000000e+00
2.043000e+00 0.000000e+00 -5.757248e+03 -7.037393e+03 0.000000e+00 0.000000e+00 0.000000e+00 -7.012762e+01 -3.971067e+01 1.661799e+03 4.545020e+01 0.000000e+00 0.000000e+00 0.000000e+00 0.000000e+00 0.000000e+00 0.000000e+00 0.000000e+00 0.000000e+00 0.000000e+00
2.044000e+00 0.000000e+00 -5.763560e+03 -7.048441e+03 0.000000e+00 0.000000e+00 0.000000e+00 -7.083962e+01 -4.046122e+01 1.663059e+03 4.724216e+01 0.000000e+00 0.000000e+00 0.000000e+00 0.000000e+00 0.000000e+00 0.000000e+00 0.000000e+00 0.000000e+00 0.000000e+00
2.045000e+00 0.000000e+00 -5.769980e+03 -7.059631e+03 0.000000e+00 0.000000e+00 0.000000e+00 -7.155942e+01 -4.121968e+01 1.664325e+03 4.905019e+01 0.000000e+00 0.000000e+00 0.000000e+00 0.000000e+00 0.000000e+00 0.000000e+00 0.000000e+00 0.000000e+00 0.000000e+00
2.046000e+00 0.000000e+00 -5.776507e+03 -7.070959e+03 0.000000e+00 0.000000e+00 0.000000e+00 -7.228690e+01 -4.198594e+01 1.665596e+03 5.087409e+01 0.000000e+00 0.000000e+00 0.000000e+00 0.000000e+00 0.000000e+00 0.000000e+00 0.000000e+00 0.000000e+00 0.000000e+00
2.047000e+00 0.000000e+00 -5.783140e+03 -7.082423e+03 0.000000e+00 0.000000e+00 0.000000e+00 -7.302196e+01 -4.275990e+01 1.666873e+03 5.271368e+01 0.000000e+00 0.000000e+00 0.000000e+00 0.000000e+00 0.000000e+00 0.000000e+00 0.000000e+00 0.000000e+00 0.000000e+00
2.048000e+00 0.000000e+00 -5.789879e+03 -7.094019e+03 0.000000e+00 0.000000e+00 0.000000e+00 -7.376447e+01 -4.354145e+01 1.668156e+03 5.456876e+01 0.000000e+00 0.000000e+00 0.000000e+00 0.000000e+00 0.000000e+00 0.000000e+00 0.000000e+00 0.000000e+00 0.000000e+00
2.049000e+00 0.000000e+00 -5.796725e+03 -7.105744e+03 0.000000e+00 0.000000e+00 0.000000e+00 -7.451434e+01 -4.433046e+01 1.669445e+03 5.643913e+01 0.000000e+00 0.000000e+00 0.000000e+00 0.000000e+00 0.000000e+00 0.000000e+00 0.000000e+00 0.000000e+00 0.000000e+00
2.050000e+00 0.000000e+00 -5.803675e+03 -7.117594e+03 0.000000e+00 0.000000e+00 0.000000e+00 -7.527143e+01 -4.512682e+01 1.670739e+03 5.832458e+01 0.000000e+00 0.000000e+00 0.000000e+00 0.000000e+00 0.000000e+00 0.000000e+00 0.000000e+00 0.000000e+00 0.000000e+00
2.051000e+00 0.000000e+00 -5.810731e+03 -7.129567e+03 0.000000e+00 0.000000e+00 0.000000e+00 -7.603563e+01 -4.593042e+01 1.672039e+03 6.022491e+01 0.000000e+00 0.000000e+00 0.000000e+00 0.000000e+00 0.000000e+00 0.000000e+00 0.000000e+00 0.000000e+00 0.000000e+00
2.052000e+00 0.000000e+00 -5.817891e+03 -7.141657e+03 0.000000e+00 0.000000e+00 0.000000e+00 -7.680680e+01 -4.674112e+01 1.673344e+03 6.213990e+01 0.000000e+00 0.000000e+00 0.000000e+00 0.000000e+00 0.000000e+00 0.000000e+00 0.000000e+00 0.000000e+00 0.000000e+00
2.053000e+00 0.000000e+00 -5.825154e+03 -7.153862e+03 0.000000e+00 0.000000e+00 0.000000e+00 -7.758484e+01 -4.755880e+01 1.674656e+03 6.406934e+01 0.000000e+00 0.000000e+00 0.000000e+00 0.000000e+00 0.000000e+00 0.000000e+00 0.000000e+00 0.000000e+00 0.000000e+00
2.054000e+00 0.000000e+00 -5.832521e+03 -7.166179e+03 0.000000e+00 0.000000e+00 0.000000e+00 -7.836960e+01 -4.838333e+01 1.675973e+03 6.601299e+01 0.000000e+00 0.000000e+00 0.000000e+00 0.000000e+00 0.000000e+00 0.000000e+00 0.000000e+00 0.000000e+00 0.000000e+00
2.055000e+00 0.000000e+00 -5.839990e+03 -7.178602e+03 0.000000e+00 0.000000e+00 0.000000e+00 -7.916096e+01 -4.921460e+01 1.677295e+03 6.797065e+01 0.000000e+00 0.000000e+00 0.000000e+00 0.000000e+00 0.000000e+00 0.000000e+00 0.000000e+00 0.000000e+00 0.000000e+00
2.056000e+00 0.000000e+00 -5.847561e+03 -7.191129e+03 0.000000e+00 0.000000e+00 0.000000e+00 -7.995878e+01 -5.005245e+01 1.678623e+03 6.994207e+01 0.000000e+00 0.000000e+00 0.000000e+00 0.000000e+00 0.000000e+00 0.000000e+00 0.000000e+00 0.000000e+00 0.000000e+00
2.057000e+00 0.000000e+00 -5.855232e+03 -7.203755e+03 0.000000e+00 0.000000e+00 0.000000e+00 -8.076295e+01 -5.089679e+01 1.679957e+03 7.192705e+01 0.000000e+00 0.000000e+00 0.000000e+00 0.000000e+00 0.000000e+00 0.000000e+00 0.000000e+00 0.000000e+00 0.000000e+00
2.058000e+00 0.000000e+00 -5.863002e+03 -7.216477e+03 0.000000e+00 0.000000e+00 0.000000e+00 -8.157335e+01 -5.174748e+01 1.681296e+03 7.392537e+01 0.000000e+00 0.000000e+00 0.000000e+00 0.000000e+00 0.000000e+00 0.000000e+00 0.000000e+00 0.000000e+00 0.000000e+00
2.059000e+00 0.000000e+00 -5.870872e+03 -7.229291e+03 0.000000e+00 0.000000e+00 0.000000e+00 -8.238985e+01 -5.260442e+01 1.682640e+03 7.593680e+01 0.000000e+00 0.000000e+00 0.000000e+00 0.000000e+00 0.000000e+00 0.000000e+00 0.000000e+00 0.000000e+00 0.000000e+00
2.060000e+00 0.000000e+00 -5.878840e+03 -7.242193e+03 0.000000e+00 0.000000e+00 0.000000e+00 -8.321234e+01 -5.346746e+01 1.683990e+03 7.796112e+01 0.000000e+00 0.000000e+00 0.000000e+00 0.000000e+00 0.000000e+00 0.000000e+00 0.000000e+00 0.000000e+00 0.000000e+00
2.061000e+00 0.000000e+00 -5.886904e+03 -7.255178e+03 0.000000e+00 0.000000e+00 0.000000e+00 -8.404068e+01 -5.433649e+01 1.685345e+03 7.999810e+01 0.000000e+00 0.000000e+00 0.000000e+00 0.000000e+00 0.000000e+00 0.000000e+00 0.000000e+00 0.000000e+00 0.000000e+00
2.062000e+00 0.000000e+00 -5.895064e+03 -7.268242e+03 0.000000e+00 0.000000e+00 0.000000e+00 -8.487475e+01 -5.521138e+01 1.686705e+03 8.204750e+01 0.000000e+00 0.000000e+00 0.000000e+00 0.000000e+00 0.000000e+00 0.000000e+00 0.000000e+00 0.000000e+00 0.000000e+00
2.063000e+00 0.000000e+00 -5.903318e+03 -7.281382e+03 0.000000e+00 0.000000e+00 0.000000e+00 -8.571442e+01 -5.609200e+01 1.688071e+03 8.410909e+01 0.000000e+00 0.000000e+00 0.000000e+00 0.000000e+00 0.000000e+00 0.000000e+00 0.000000e+00 0.000000e+00 0.000000e+00
2.064000e+00 0.000000e+00 -5.911665e+03 -7.294594e+03 0.000000e+00 0.000000e+00 0.000000e+00 -8.655955e+01 -5.697822e+01 1.689441e+03 8.618262e+01 0.000000e+00 0.000000e+00 0.000000e+00 0.000000e+00 0.000000e+00 0.000000e+00 0.000000e+00 0.000000e+00 0.000000e+00
2.065000e+00 0.000000e+00 -5.920104e+03 -7.307871e+03 0.000000e+00 0.000000e+00 0.000000e+00 -8.741000e+01 -5.786989e+01 1.690816e+03 8.826785e+01 0.000000e+00 0.000000e+00 0.000000e+00 0.000000e+00 0.000000e+00 0.000000e+00 0.000000e+00 0.000000e+00 0.000000e+00
2.066000e+00 0.000000e+00 -5.928633e+03 -7.321212e+03 0.000000e+00 0.000000e+00 0.000000e+00 -8.826566e+01 -5.876690e+01 1.692196e+03 9.036453e+01 0.000000e+00 0.000000e+00 0.000000e+00 0.000000e+00 0.000000e+00 0.000000e+00 0.000000e+00 0.000000e+00 0.000000e+00
2.067000e+00 0.000000e+00 -5.937251e+03 -7.334610e+03 0.000000e+00 0.000000e+00 0.000000e+00 -8.912636e+01 -5.966910e+01 1.693581e+03 9.247241e+01 0.000000e+00 0.000000e+00 0.000000e+00 0.000000e+00 0.000000e+00 0.000000e+00 0.000000e+00 0.000000e+00 0.000000e+00
2.068000e+00 0.000000e+00 -5.945957e+03 -7.348062e+03 0.000000e+00 0.000000e+00 0.000000e+00 -8.999199e+01 -6.057635e+01 1.694970e+03 9.459124e+01 0.000000e+00 0.000000e+00 0.000000e+00 0.000000e+00 0.000000e+00 0.000000e+00 0.000000e+00 0.000000e+00 0.000000e+00
2.069000e+00 0.000000e+00 -5.954748e+03 -7.361563e+03 0.000000e+00 0.000000e+00 0.000000e+00 -9.086239e+01 -6.148851e+01 1.696363e+03 9.672075e+01 0.000000e+00 0.000000e+00 0.000000e+00 0.000000e+00 0.000000e+00 0.000000e+00 0.000000e+00 0.000000e+00 0.000000e+00
2.070000e+00 0.000000e+00 -5.963624e+03 -7.375109e+03 0.000000e+00 0.000000e+00 0.000000e+00 -9.173742e+01 -6.240545e+01 1.697761e+03 9.886068e+01 0.000000e+00 0.000000e+00 0.000000e+00 0.000000e+00 0.000000e+00 0.000000e+00 0.000000e+00 0.000000e+00 0.000000e+00
2.071000e+00 0.000000e+00 -5.972582e+03 -7.388694e+03 0.000000e+00 0.000000e+00 0.000000e+00 -9.261694e+01 -6.332701e+01 1.699163e+03 1.010108e+02 0.000000e+00 0.000000e+00 0.000000e+00 0.000000e+00 0.000000e+00 0.000000e+00 0.000000e+00 0.000000e+00 0.000000e+00
2.072000e+00 0.000000e+00 -5.981621e+03 -7.402315e+03 0.000000e+00 0.000000e+00 0.000000e+00 -9.350080e+01 -6.425306e+01 1.700569e+03 1.031708e+02 0.000000e+00 0.000000e+00 0.000000e+00 0.000000e+00 0.000000e+00 0.000000e+00 0.000000e+00 0.000000e+00 0.000000e+00
2.073000e+00 0.000000e+00 -5.990738e+03 -7.415967e+03 0.000000e+00 0.000000e+00 0.000000e+00 -9.438886e+01 -6.518345e+01 1.701979e+03 1.053404e+02 0.000000e+00 0.000000e+00 0.000000e+00 0.000000e+00 0.000000e+00 0.000000e+00 0.000000e+00 0.000000e+00 0.000000e+00
2.074000e+00 0.000000e+00 -5.999932e+03 -7.429645e+03 0.000000e+00 0.000000e+00 0.000000e+00 -9.528097e+01 -6.611804e+01 1.703393e+03 1.075193e+02 0.000000e+00 0.000000e+00 0.000000e+00 0.000000e+00 0.000000e+00 0.000000e+00 0.000000e+00 0.000000e+00 0.000000e+00
2.075000e+00 0.000000e+00 -6.009202e+03 -7.443344e+03 0.000000e+00 0.000000e+00 0.000000e+00 -9.617698e+01 -6.705667e+01 1.704810e+03 1.097074e+02 0.000000e+00 0.000000e+00 0.000000e+00 0.000000e+00 0.000000e+00 0.000000e+00 0.000000e+00 0.000000e+00 0.000000e+00
2.076000e+00 0.000000e+00 -6.018544e+03 -7.457060e+03 0.000000e+00 0.000000e+00 0.000000e+00 -9.707675e+01 -6.799921e+01 1.706231e+03 1.119042e+02 0.000000e+00 0.000000e+00 0.000000e+00 0.000000e+00 0.000000e+00 0.000000e+00 0.000000e+00 0.000000e+00 0.000000e+00
2.077000e+00 0.000000e+00 -6.027957e+03 -7.470788e+03 0.000000e+00 0.000000e+00 0.000000e+00 -9.798015e+01 -6.894552e+01 1.707654e+03 1.141096e+02 0.000000e+00 0.000000e+00 0.000000e+00 0.000000e+00 0.000000e+00 0.000000e+00 0.000000e+00 0.000000e+00 0.000000e+00
2.078000e+00 0.000000e+00 -6.037439e+03 -7.484523e+03 0.000000e+00 0.000000e+00 0.000000e+00 -9.888703e+01 -6.989546e+01 1.709081e+03 1.163233e+02 0.000000e+00 0.000000e+00 0.000000e+00 0.000000e+00 0.000000e+00 0.000000e+00 0.000000e+00 0.000000e+00 0.000000e+00
2.079000e+00 0.000000e+00 -6.046988e+03 -7.498261e+03 0.000000e+00 0.000000e+00 0.000000e+00 -9.979725e+01 -7.084889e+01 1.710510e+03 1.185449e+02 0.000000e+00 0.000000e+00 0.000000e+00 0.000000e+00 0.000000e+00 0.000000e+00 0.000000e+00 0.000000e+00 0.000000e+00
2.080000e+00 0.000000e+00 -6.056602e+03 -7.511996e+03 0.000000e+00 0.000000e+00 0.000000e+00 -1.007107e+02 -7.180567e+01 1.711943e+03 1.207743e+02 0.000000e+00 0.000000e+00 0.000000e+00 0.000000e+00 0.000000e+00 0.000000e+00 0.000000e+00 0.000000e+00 0.000000e+00
2.081000e+00 0.000000e+00 -6.066277e+03 -7.525725e+03 0.000000e+00 0.000000e+00 0.000000e+00 -1.016272e+02 -7.276566e+01 1.713377e+03 1.230112e+02 0.000000e+00 0.000000e+00 0.000000e+00 0.000000e+00 0.000000e+00 0.000000e+00 0.000000e+00 0.000000e+00 0.000000e+00
2.082000e+00 0.000000e+00 -6.076013e+03 -7.539442e+03 0.000000e+00 0.000000e+00 0.000000e+00 -1.025465e+02 -7.372870e+01 1.714814e+03 1.252551e+02 0.000000e+00 0.000000e+00 0.000000e+00 0.000000e+00 0.000000e+00 0.000000e+00 0.000000e+00 0.000000e+00 0.000000e+00
2.083000e+00 0.000000e+00 -6.085806e+03 -7.553143e+03 0.000000e+00 0.000000e+00 0.000000e+00 -1.034687e+02 -7.469466e+01 1.716252e+03 1.275060e+02 0.000000e+00 0.000000e+00 0.000000e+00 0.000000e+00 0.000000e+00 0.000000e+00 0.000000e+00 0.000000e+00 0.000000e+00
2.084000e+00 0.000000e+00 -6.095654e+03 -7.566822e+03 0.000000e+00 0.000000e+00 0.000000e+00 -1.043935e+02 -7.566339e+01 1.717693e+03 1.297635e+02 0.000000e+00 0.000000e+00 0.000000e+00 0.000000e+00 0.000000e+00 0.000000e+00 0.000000e+00 0.000000e+00 0.000000e+00
2.085000e+00 0.000000e+00 -6.105555e+03 -7.580475e+03 0.000000e+00 0.000000e+00 0.000000e+00 -1.053207e+02 -7.663475e+01 1.719134e+03 1.320272e+02 0.000000e+00 0.000000e+00 0.000000e+00 0.000000e+00 0.000000e+00 0.000000e+00 0.000000e+00 0.000000e+00 0.000000e+00
2.086000e+00 0.000000e+00 -6.115506e+03 -7.594097e+03 0.000000e+00 0.000000e+00 0.000000e+00 -1.062503e+02 -7.760858e+01 1.720578e+03 1.342970e+02 0.000000e+00 0.000000e+00 0.000000e+00 0.000000e+00 0.000000e+00 0.000000e+00 0.000000e+00 0.000000e+00 0.000000e+00
2.087000e+00 0.000000e+00 -6.125504e+03 -7.607683e+03 0.000000e+00 0.000000e+00 0.000000e+00 -1.071820e+02 -7.858473e+01 1.722022e+03 1.365725e+02 0.000000e+00 0.000000e+00 0.000000e+00 0.000000e+00 0.000000e+00 0.000000e+00 0.000000e+00 0.000000e+00 0.000000e+00
2.088000e+00 0.000000e+00 -6.135547e+03 -7.621229e+03 0.000000e+00 0.000000e+00 0.000000e+00 -1.081158e+02 -7.956307e+01 1.723467e+03 1.388534e+02 0.000000e+00 0.000000e+00 0.000000e+00 0.000000e+00 0.000000e+00 0.000000e+00 0.000000e+00 0.000000e+00 0.000000e+00
2.089000e+00 0.000000e+00 -6.145633e+03 -7.634730e+03 0.000000e+00 0.000000e+00 0.000000e+00 -1.090515e+02 -8.054344e+01 1.724912e+03 1.411395e+02 0.000000e+00 0.000000e+00 0.000000e+00 0.000000e+00 0.000000e+00 0.000000e+00 0.000000e+00 0.000000e+00 0.000000e+00
2.090000e+00 0.000000e+00 -6.155757e+03 -7.648180e+03 0.000000e+00 0.000000e+00 0.000000e+00 -1.099889e+02 -8.152569e+01 1.726357e+03 1.434304e+02 0.000000e+00 0.000000e+00 0.000000e+00 0.000000e+00 0.000000e+00 0.000000e+00 0.000000e+00 0.000000e+00 0.000000e+00
2.091000e+00 0.000000e+00 -6.165919e+03 -7.661575e+03 0.000000e+00 0.000000e+00 0.000000e+00 -1.109278e+02 -8.250967e+01 1.727803e+03 1.457258e+02 0.000000e+00 0.000000e+00 0.000000e+00 0.000000e+00 0.000000e+00 0.000000e+00 0.000000e+00 0.000000e+00 0.000000e+00
2.092000e+00 0.000000e+00 -6.176114e+03 -7.674910e+03 0.000000e+00 0.000000e+00 0.000000e+00 -1.118682e+02 -8.349524e+01 1.729248e+03 1.480254e+02 0.000000e+00 0.000000e+00 0.000000e+00 0.000000e+00 0.000000e+00 0.000000e+00 0.000000e+00 0.000000e+00 0.000000e+00
2.093000e+00 0.000000e+00 -6.186340e+03 -7.688181e+03 0.000000e+00 0.000000e+00 0.000000e+00 -1.128099e+02 -8.448223e+01 1.730693e+03 1.503290e+02 0.000000e+00 0.000000e+00 0.000000e+00 0.000000e+00 0.000000e+00 0.000000e+00 0.000000e+00 0.000000e+00 0.000000e+00
2.094000e+00 0.000000e+00 -6.196595e+03 -7.701382e+03 0.000000e+00 0.000000e+00 0.000000e+00 -1.137526e+02 -8.547051e+01 1.732137e+03 1.526362e+02 0.000000e+00 0.000000e+00 0.000000e+00 0.000000e+00 0.000000e+00 0.000000e+00 0.000000e+00 0.000000e+00 0.000000e+00
2.095000e+00 0.000000e+00 -6.206874e+03 -7.714510e+03 0.000000e+00 0.000000e+00 0.000000e+00 -1.146964e+02 -8.645992e+01 1.733579e+03 1.549467e+02 0.000000e+00 0.000000e+00 0.000000e+00 0.000000e+00 0.000000e+00 0.000000e+00 0.000000e+00 0.000000e+00 0.000000e+00
2.096000e+00 0.000000e+00 -6.217175e+03 -7.727558e+03 0.000000e+00 0.000000e+00 0.000000e+00 -1.156410e+02 -8.745032e+01 1.735020e+03 1.572603e+02 0.000000e+00 0.000000e+00 0.000000e+00 0.000000e+00 0.000000e+00 0.000000e+00 0.000000e+00 0.000000e+00 0.000000e+00
2.097000e+00 0.000000e+00 -6.227496e+03 -7.740523e+03 0.000000e+00 0.000000e+00 0.000000e+00 -1.165863e+02 -8.844157e+01 1.736460e+03 1.595766e+02 0.000000e+00 0.000000e+00 0.000000e+00 0.000000e+00 0.000000e+00 0.000000e+00 0.000000e+00 0.000000e+00 0.000000e+00
2.098000e+00 0.000000e+00 -6.237832e+03 -7.753400e+03 0.000000e+00 0.000000e+00 0.000000e+00 -1.175321e+02 -8.943352e+01 1.737897e+03 1.618953e+02 0.000000e+00 0.000000e+00 0.000000e+00 0.000000e+00 0.000000e+00 0.000000e+00 0.000000e+00 0.000000e+00 0.000000e+00
2.099000e+00 0.000000e+00 -6.248181e+03 -7.766184e+03 0.000000e+00 0.000000e+00 0.000000e+00 -1.184784e+02 -9.042602e+01 1.739332e+03 1.642161e+02 0.000000e+00 0.000000e+00 0.000000e+00 0.000000e+00 0.000000e+00 0.000000e+00 0.000000e+00 0.000000e+00 0.000000e+00
2.100000e+00 0.000000e+00 -6.258540e+03 -7.778870e+03 0.000000e+00 0.000000e+00 0.000000e+00 -1.194249e+02 -9.141893e+01 1.740764e+03 1.665387e+02 0.000000e+00 0.000000e+00 0.000000e+00 0.000000e+00 0.000000e+00 0.000000e+00 0.000000e+00 0.000000e+00 0.000000e+00
2.101000e+00 0.000000e+00 -6.268906e+03 -7.791455e+03 0.000000e+00 0.000000e+00 0.000000e+00 -1.203715e+02 -9.241210e+01 1.742193e+03 1.688628e+02 0.000000e+00 0.000000e+00 0.000000e+00 0.000000e+00 0.000000e+00 0.000000e+00 0.000000e+00 0.000000e+00 0.000000e+00
2.102000e+00 0.000000e+00 -6.279275e+03 -7.803933e+03 0.000000e+00 0.000000e+00 0.000000e+00 -1.213180e+02 -9.340537e+01 1.743618e+03 1.711880e+02 0.000000e+00 0.000000e+00 0.000000e+00 0.000000e+00 0.000000e+00 0.000000e+00 0.000000e+00 0.000000e+00 0.000000e+00
2.103000e+00 0.000000e+00 -6.289644e+03 -7.816300e+03 0.000000e+00 0.000000e+00 0.000000e+00 -1.222644e+02 -9.439861e+01 1.745040e+03 1.735142e+02 0.000000e+00 0.000000e+00 0.000000e+00 0.000000e+00 0.000000e+00 0.000000e+00 0.000000e+00 0.000000e+00 0.000000e+00
2.104000e+00 0.000000e+00 -6.300010e+03 -7.828552e+03 0.000000e+00 0.000000e+00 0.000000e+00 -1.232104e+02 -9.539167e+01 1.746458e+03 1.758409e+02 0.000000e+00 0.000000e+00 0.000000e+00 0.000000e+00 0.000000e+00 0.000000e+00 0.000000e+00 0.000000e+00 0.000000e+00
2.105000e+00 0.000000e+00 -6.310369e+03 -7.840683e+03 0.000000e+00 0.000000e+00 0.000000e+00 -1.241559e+02 -9.638440e+01 1.747871e+03 1.781679e+02 0.000000e+00 0.000000e+00 0.000000e+00 0.000000e+00 0.000000e+00 0.000000e+00 0.000000e+00 0.000000e+00 0.000000e+00
2.106000e+00 0.000000e+00 -6.320719e+03 -7.852690e+03 0.000000e+00 0.000000e+00 0.000000e+00 -1.251009e+02 -9.737666e+01 1.749280e+03 1.804948e+02 0.000000e+00 0.000000e+00 0.000000e+00 0.000000e+00 0.000000e+00 0.000000e+00 0.000000e+00 0.000000e+00 0.000000e+00
2.107000e+00 0.000000e+00 -6.331055e+03 -7.864569e+03 0.000000e+00 0.000000e+00 0.000000e+00 -1.260450e+02 -9.836829e+01 1.750683e+03 1.828213e+02 0.000000e+00 0.000000e+00 0.000000e+00 0.000000e+00 0.000000e+00 0.000000e+00 0.000000e+00 0.000000e+00 0.000000e+00
2.108000e+00 0.000000e+00 -6.341375e+03 -7.876314e+03 0.000000e+00 0.000000e+00 0.000000e+00 -1.269882e+02 -9.935915e+01 1.752081e+03 1.851471e+02 0.000000e+00 0.000000e+00 0.000000e+00 0.000000e+00 0.000000e+00 0.000000e+00 0.000000e+00 0.000000e+00 0.000000e+00
2.109000e+00 0.000000e+00 -6.351676e+03 -7.887922e+03 0.000000e+00 0.000000e+00 0.000000e+00 -1.279304e+02 -1.003491e+02 1.753473e+03 1.874719e+02 0.000000e+00 0.000000e+00 0.000000e+00 0.000000e+00 0.000000e+00 0.000000e+00 0.000000e+00 0.000000e+00 0.000000e+00
2.110000e+00 0.000000e+00 -6.361952e+03 -7.899388e+03 0.000000e+00 0.000000e+00 0.000000e+00 -1.288714e+02 -1.013380e+02 1.754858e+03 1.897953e+02 0.000000e+00 0.000000e+00 0.000000e+00 0.000000e+00 0.000000e+00 0.000000e+00 0.000000e+00 0.000000e+00 0.000000e+00
2.111000e+00 0.000000e+00 -6.372202e+03 -7.910708e+03 0.000000e+00 0.000000e+00 0.000000e+00 -1.298110e+02 -1.023257e+02 1.756238e+03 1.921171e+02 0.000000e+00 0.000000e+00 0.000000e+00 0.000000e+00 0.000000e+00 0.000000e+00 0.000000e+00 0.000000e+00 0.000000e+00
2.112000e+00 0.000000e+00 -6.382422e+03 -7.921879e+03 0.000000e+00 0.000000e+00 0.000000e+00 -1.307491e+02 -1.033120e+02 1.757610e+03 1.944370e+02 0.000000e+00 0.000000e+00 0.000000e+00 0.000000e+00 0.000000e+00 0.000000e+00 0.000000e+00 0.000000e+00 0.000000e+00
2.113000e+00 0.000000e+00 -6.392608e+03 -7.932895e+03 0.000000e+00 0.000000e+00 0.000000e+00 -1.316855e+02 -1.042968e+02 1.758974e+03 1.967545e+02 0.000000e+00 0.000000e+00 0.000000e+00 0.000000e+00 0.000000e+00 0.000000e+00 0.000000e+00 0.000000e+00 0.000000e+00
2.114000e+00 0.000000e+00 -6.402756e+03 -7.943753e+03 0.000000e+00 0.000000e+00 0.000000e+00 -1.326202e+02 -1.052800e+02 1.760331e+03 1.990694e+02 0.000000e+00 0.000000e+00 0.000000e+00 0.000000e+00 0.000000e+00 0.000000e+00 0.000000e+00 0.000000e+00 0.000000e+00
2.115000e+00 0.000000e+00 -6.412864e+03 -7.954450e+03 0.000000e+00 0.000000e+00 0.000000e+00 -1.335530e+02 -1.062615e+02 1.761680e+03 2.013815e+02 0.000000e+00 0.000000e+00 0.000000e+00 0.000000e+00 0.000000e+00 0.000000e+00 0.000000e+00 0.000000e+00 0.000000e+00
2.116000e+00 0.000000e+00 -6.422928e+03 -7.964981e+03 0.000000e+00 0.000000e+00 0.000000e+00 -1.344837e+02 -1.072410e+02 1.763020e+03 2.036902e+02 0.000000e+00 0.000000e+00 0.000000e+00 0.000000e+00 0.000000e+00 0.000000e+00 0.000000e+00 0.000000e+00 0.000000e+00
2.117000e+00 0.000000e+00 -6.432944e+03 -7.975342e+03 0.000000e+00 0.000000e+00 0.000000e+00 -1.354123e+02 -1.082184e+02 1.764351e+03 2.059955e+02 0.000000e+00 0.000000e+00 0.000000e+00 0.000000e+00 0.000000e+00 0.000000e+00 0.000000e+00 0.000000e+00 0.000000e+00
2.118000e+00 0.000000e+00 -6.442908e+03 -7.985529e+03 0.000000e+00 0.000000e+00 0.000000e+00 -1.363385e+02 -1.091937e+02 1.765673e+03 2.082968e+02 0.000000e+00 0.000000e+00 0.000000e+00 0.000000e+00 0.000000e+00 0.000000e+00 0.000000e+00 0.000000e+00 0.000000e+00
2.119000e+00 0.000000e+00 -6.452818e+03 -7.995539e+03 0.000000e+00 0.000000e+00 0.000000e+00 -1.372622e+02 -1.101666e+02 1.766985e+03 2.105939e+02 0.000000e+00 0.000000e+00 0.000000e+00 0.000000e+00 0.000000e+00 0.000000e+00 0.000000e+00 0.000000e+00 0.000000e+00
2.120000e+00 0.000000e+00 -6.462669e+03 -8.005368e+03 0.000000e+00 0.000000e+00 0.000000e+00 -1.381833e+02 -1.111370e+02 1.768286e+03 2.128865e+02 0.000000e+00 0.000000e+00 0.000000e+00 0.000000e+00 0.000000e+00 0.000000e+00 0.000000e+00 0.000000e+00 0.000000e+00
2.121000e+00 0.000000e+00 -6.472458e+03 -8.015013e+03 0.000000e+00 0.000000e+00 0.000000e+00 -1.391016e+02 -1.121048e+02 1.769578e+03 2.151742e+02 0.000000e+00 0.000000e+00 0.000000e+00 0.000000e+00 0.000000e+00 0.000000e+00 0.000000e+00 0.000000e+00 0.000000e+00
2.122000e+00 0.000000e+00 -6.482182e+03 -8.024470e+03 0.000000e+00 0.000000e+00 0.000000e+00 -1.400170e+02 -1.130697e+02 1.770858e+03 2.174568e+02 0.000000e+00 0.000000e+00 0.000000e+00 0.000000e+00 0.000000e+00 0.000000e+00 0.000000e+00 0.000000e+00 0.000000e+00
2.123000e+00 0.000000e+00 -6.491836e+03 -8.033735e+03 0.000000e+00 0.000000e+00 0.000000e+00 -1.409294e+02 -1.140318e+02 1.772127e+03 2.197338e+02 0.000000e+00 0.000000e+00 0.000000e+00 0.000000e+00 0.000000e+00 0.000000e+00 0.000000e+00 0.000000e+00 0.000000e+00
2.124000e+00 0.000000e+00 -6.501418e+03 -8.042805e+03 0.000000e+00 0.000000e+00 0.000000e+00 -1.418385e+02 -1.149908e+02 1.773384e+03 2.220050e+02 0.000000e+00 0.000000e+00 0.000000e+00 0.000000e+00 0.000000e+00 0.000000e+00 0.000000e+00 0.000000e+00 0.000000e+00
2.125000e+00 0.000000e+00 -6.510923e+03 -8.051677e+03 0.000000e+00 0.000000e+00 0.000000e+00 -1.427444e+02 -1.159467e+02 1.774628e+03 2.242701e+02 0.000000e+00 0.000000e+00 0.000000e+00 0.000000e+00 0.000000e+00 0.000000e+00 0.000000e+00 0.000000e+00 0.000000e+00
2.126000e+00 0.000000e+00 -6.520349e+03 -8.060347e+03 0.000000e+00 0.000000e+00 0.000000e+00 -1.436468e+02 -1.168991e+02 1.775861e+03 2.265287e+02 0.000000e+00 0.000000e+00 0.000000e+00 0.000000e+00 0.000000e+00 0.000000e+00 0.000000e+00 0.000000e+00 0.000000e+00
2.127000e+00 0.000000e+00 -6.529691e+03 -8.068813e+03 0.000000e+00 0.000000e+00 0.000000e+00 -1.445456e+02 -1.178481e+02 1.777080e+03 2.287804e+02 0.000000e+00 0.000000e+00 0.000000e+00 0.000000e+00 0.000000e+00 0.000000e+00 0.000000e+00 0.000000e+00 0.000000e+00
2.128000e+00 0.000000e+00 -6.538946e+03 -8.077071e+03 0.000000e+00 0.000000e+00 0.000000e+00 -1.454407e+02 -1.187935e+02 1.778285e+03 2.310251e+02 0.000000e+00 0.000000e+00 0.000000e+00 0.000000e+00 0.000000e+00 0.000000e+00 0.000000e+00 0.000000e+00 0.000000e+00
2.129000e+00 0.000000e+00 -6.548111e+03 -8.085118e+03 0.000000e+00 0.000000e+00 0.000000e+00 -1.463320e+02 -1.197352e+02 1.779477e+03 2.332623e+02 0.000000e+00 0.000000e+00 0.000000e+00 0.000000e+00 0.000000e+00 0.000000e+00 0.000000e+00 0.000000e+00 0.000000e+00
2.130000e+00 0.000000e+00 -6.557182e+03 -8.092951e+03 0.000000e+00 0.000000e+00 0.000000e+00 -1.472192e+02 -1.206730e+02 1.780654e+03 2.354917e+02 0.000000e+00 0.000000e+00 0.000000e+00 0.000000e+00 0.000000e+00 0.000000e+00 0.000000e+00 0.000000e+00 0.000000e+00
2.131000e+00 0.000000e+00 -6.566155e+03 -8.100568e+03 0.000000e+00 0.000000e+00 0.000000e+00 -1.481024e+02 -1.216067e+02 1.781817e+03 2.377130e+02 0.000000e+00 0.000000e+00 0.000000e+00 0.000000e+00 0.000000e+00 0.000000e+00 0.000000e+00 0.000000e+00 0.000000e+00
2.132000e+00 0.000000e+00 -6.575028e+03 -8.107966e+03 0.000000e+00 0.000000e+00 0.000000e+00 -1.489812e+02 -1.225363e+02 1.782964e+03 2.399260e+02 0.000000e+00 0.000000e+00 0.000000e+00 0.000000e+00 0.000000e+00 0.000000e+00 0.000000e+00 0.000000e+00 0.000000e+00
2.133000e+00 0.000000e+00 -6.583796e+03 -8.115141e+03 0.000000e+00 0.000000e+00 0.000000e+00 -1.498557e+02 -1.234617e+02 1.784096e+03 2.421302e+02 0.000000e+00 0.000000e+00 0.000000e+00 0.000000e+00 0.000000e+00 0.000000e+00 0.000000e+00 0.000000e+00 0.000000e+00
2.134000e+00 0.000000e+00 -6.592456e+03 -8.122092e+03 0.000000e+00 0.000000e+00 0.000000e+00 -1.507257e+02 -1.243826e+02 1.785212e+03 2.443253e+02 0.000000e+00 0.000000e+00 0.000000e+00 0.000000e+00 0.000000e+00 0.000000e+00 0.000000e+00 0.000000e+00 0.000000e+00
2.135000e+00 0.000000e+00 -6.601006e+03 -8.128816e+03 0.000000e+00 0.000000e+00 0.000000e+00 -1.515911e+02 -1.252990e+02 1.786311e+03 2.465111e+02 0.000000e+00 0.000000e+00 0.000000e+00 0.000000e+00 0.000000e+00 0.000000e+00 0.000000e+00 0.000000e+00 0.000000e+00
2.136000e+00 0.000000e+00 -6.609440e+03 -8.135310e+03 0.000000e+00 0.000000e+00 0.000000e+00 -1.524517e+02 -1.262107e+02 1.787393e+03 2.486872e+02 0.000000e+00 0.000000e+00 0.000000e+00 0.000000e+00 0.000000e+00 0.000000e+00 0.000000e+00 0.000000e+00 0.000000e+00
2.137000e+00 0.000000e+00 -6.617757e+03 -8.141573e+03 0.000000e+00 0.000000e+00 0.000000e+00 -1.533075e+02 -1.271176e+02 1.788458e+03 2.508533e+02 0.000000e+00 0.000000e+00 0.000000e+00 0.000000e+00 0.000000e+00 0.000000e+00 0.000000e+00 0.000000e+00 0.000000e+00
2.138000e+00 0.000000e+00 -6.625953e+03 -8.147601e+03 0.000000e+00 0.000000e+00 0.000000e+00 -1.541582e+02 -1.280196e+02 1.789506e+03 2.530091e+02 0.000000e+00 0.000000e+00 0.000000e+00 0.000000e+00 0.000000e+00 0.000000e+00 0.000000e+00 0.000000e+00 0.000000e+00
2.139000e+00 0.000000e+00 -6.634024e+03 -8.153393e+03 0.000000e+00 0.000000e+00 0.000000e+00 -1.550039e+02 -1.289166e+02 1.790535e+03 2.551543e+02 0.000000e+00 0.000000e+00 0.000000e+00 0.000000e+00 0.000000e+00 0.000000e+00 0.000000e+00 0.000000e+00 0.000000e+00
2.140000e+00 0.000000e+00 -6.641967e+03 -8.158947e+03 0.000000e+00 0.000000e+00 0.000000e+00 -1.558443e+02 -1.298084e+02 1.791546e+03 2.572885e+02 0.000000e+00 0.000000e+00 0.000000e+00 0.000000e+00 0.000000e+00 0.000000e+00 0.000000e+00 0.000000e+00 0.000000e+00
2.141000e+00 0.000000e+00 -6.649778e+03 -8.164261e+03 0.000000e+00 0.000000e+00 0.000000e+00 -1.566793e+02 -1.306949e+02 1.792538e+03 2.594115e+02 0.000000e+00 0.000000e+00 0.000000e+00 0.000000e+00 0.000000e+00 0.000000e+00 0.000000e+00 0.000000e+00 0.000000e+00
2.142000e+00 0.000000e+00 -6.657456e+03 -8.169332e+03 0.000000e+00 0.000000e+00 0.000000e+00 -1.575088e+02 -1.315760e+02 1.793510e+03 2.615229e+02 0.000000e+00 0.000000e+00 0.000000e+00 0.000000e+00 0.000000e+00 0.000000e+00 0.000000e+00 0.000000e+00 0.000000e+00
2.143000e+00 0.000000e+00 -6.664996e+03 -8.174159e+03 0.000000e+00 0.000000e+00 0.000000e+00 -1.583328e+02 -1.324515e+02 1.794463e+03 2.636224e+02 0.000000e+00 0.000000e+00 0.000000e+00 0.000000e+00 0.000000e+00 0.000000e+00 0.000000e+00 0.000000e+00 0.000000e+00
2.144000e+00 0.000000e+00 -6.672395e+03 -8.178740e+03 0.000000e+00 0.000000e+00 0.000000e+00 -1.591509e+02 -1.333213e+02 1.795395e+03 2.657097e+02 0.000000e+00 0.000000e+00 0.000000e+00 0.000000e+00 0.000000e+00 0.000000e+00 0.000000e+00 0.000000e+00 0.000000e+00
2.145000e+00 0.000000e+00 -6.679650e+03 -8.183074e+03 0.000000e+00 0.000000e+00 0.000000e+00 -1.599632e+02 -1.341853e+02 1.796307e+03 2.677845e+02 0.000000e+00 0.000000e+00 0.000000e+00 0.000000e+00 0.000000e+00 0.000000e+00 0.000000e+00 0.000000e+00 0.000000e+00
2.146000e+00 0.000000e+00 -6.686758e+03 -8.187159e+03 0.000000e+00 0.000000e+00 0.000000e+00 -1.607696e+02 -1.350433e+02 1.797198e+03 2.698464e+02 0.000000e+00 0.000000e+00 0.000000e+00 0.000000e+00 0.000000e+00 0.000000e+00 0.000000e+00 0.000000e+00 0.000000e+00
2.147000e+00 0.000000e+00 -6.693716e+03 -8.190993e+03 0.000000e+00 0.000000e+00 0.000000e+00 -1.615698e+02 -1.358953e+02 1.798068e+03 2.718951e+02 0.000000e+00 0.000000e+00 0.000000e+00 0.000000e+00 0.000000e+00 0.000000e+00 0.000000e+00 0.000000e+00 0.000000e+00
2.148000e+00 0.000000e+00 -6.700521e+03 -8.194575e+03 0.000000e+00 0.000000e+00 0.000000e+00 -1.623637e+02 -1.367411e+02 1.798915e+03 2.739303e+02 0.000000e+00 0.000000e+00 0.000000e+00 0.000000e+00 0.000000e+00 0.000000e+00 0.000000e+00 0.000000e+00 0.000000e+00
2.149000e+00 0.000000e+00 -6.707170e+03 -8.197903e+03 0.000000e+00 0.000000e+00 0.000000e+00 -1.631513e+02 -1.375806e+02 1.799741e+03 2.759518e+02 0.000000e+00 0.000000e+00 0.000000e+00 0.000000e+00 0.000000e+00 0.000000e+00 0.000000e+00 0.000000e+00 0.000000e+00
2.150000e+00 0.000000e+00 -6.713660e+03 -8.200978e+03 0.000000e+00 0.000000e+00 0.000000e+00 -1.639325e+02 -1.384137e+02 1.800544e+03 2.779592e+02 0.000000e+00 0.000000e+00 0.000000e+00 0.000000e+00 0.000000e+00 0.000000e+00 0.000000e+00 0.000000e+00 0.000000e+00
2.151000e+00 0.000000e+00 -6.719989e+03 -8.203797e+03 0.000000e+00 0.000000e+00 0.000000e+00 -1.647071e+02 -1.392402e+02 1.801324e+03 2.799521e+02 0.000000e+00 0.000000e+00 0.000000e+00 0.000000e+00 0.000000e+00 0.000000e+00 0.000000e+00 0.000000e+00 0.000000e+00
2.152000e+00 0.000000e+00 -6.726152e+03 -8.206359e+03 0.000000e+00 0.000000e+00 0.000000e+00 -1.654750e+02 -1.400600e+02 1.802080e+03 2.819304e+02 0.000000e+00 0.000000e+00 0.000000e+00 0.000000e+00 0.000000e+00 0.000000e+00 0.000000e+00 0.000000e+00 0.000000e+00
2.153000e+00 0.000000e+00 -6.732149e+03 -8.208664e+03 0.000000e+00 0.000000e+00 0.000000e+00 -1.662361e+02 -1.408731e+02 1.802813e+03 2.838937e+02 0.000000e+00 0.000000e+00 0.000000e+00 0.000000e+00 0.000000e+00 0.000000e+00 0.000000e+00 0.000000e+00 0.000000e+00
2.154000e+00 0.000000e+00 -6.737975e+03 -8.210711e+03 0.000000e+00 0.000000e+00 0.000000e+00 -1.669903e+02 -1.416793e+02 1.803522e+03 2.858417e+02 0.000000e+00 0.000000e+00 0.000000e+00 0.000000e+00 0.000000e+00 0.000000e+00 0.000000e+00 0.000000e+00 0.000000e+00
2.155000e+00 0.000000e+00 -6.743629e+03 -8.212500e+03 0.000000e+00 0.000000e+00 0.000000e+00 -1.677375e+02 -1.424784e+02 1.804206e+03 2.877740e+02 0.000000e+00 0.000000e+00 0.000000e+00 0.000000e+00 0.000000e+00 0.000000e+00 0.000000e+00 0.000000e+00 0.000000e+00
2.156000e+00 0.000000e+00 -6.749108e+03 -8.214029e+03 0.000000e+00 0.000000e+00 0.000000e+00 -1.684776e+02 -1.432705e+02 1.804866e+03 2.896906e+02 0.000000e+00 0.000000e+00 0.000000e+00 0.000000e+00 0.000000e+00 0.000000e+00 0.000000e+00 0.000000e+00 0.000000e+00
2.157000e+00 0.000000e+00 -6.754409e+03 -8.215298e+03 0.000000e+00 0.000000e+00 0.000000e+00 -1.692105e+02 -1.440554e+02 1.805500e+03 2.915909e+02 0.000000e+00 0.000000e+00 0.000000e+00 0.000000e+00 0.000000e+00 0.000000e+00 0.000000e+00 0.000000e+00 0.000000e+00
2.158000e+00 0.000000e+00 -6.759530e+03 -8.216308e+03 0.000000e+00 0.000000e+00 0.000000e+00 -1.699361e+02 -1.448329e+02 1.806109e+03 2.934748e+02 0.000000e+00 0.000000e+00 0.000000e+00 0.000000e+00 0.000000e+00 0.000000e+00 0.000000e+00 0.000000e+00 0.000000e+00
2.159000e+00 0.000000e+00 -6.764468e+03 -8.217057e+03 0.000000e+00 0.000000e+00 0.000000e+00 -1.706543e+02 -1.456030e+02 1.806691e+03 2.953420e+02 0.000000e+00 0.000000e+00 0.000000e+00 0.000000e+00 0.000000e+00 0.000000e+00 0.000000e+00 0.000000e+00 0.000000e+00
2.160000e+00 0.000000e+00 -6.769222e+03 -8.217545e+03 0.000000e+00 0.000000e+00 0.000000e+00 -1.713650e+02 -1.463656e+02 1.807248e+03 2.971922e+02 0.000000e+00 0.000000e+00 0.000000e+00 0.000000e+00 0.000000e+00 0.000000e+00 0.000000e+00 0.000000e+00 0.000000e+00
2.161000e+00 0.000000e+00 -6.773789e+03 -8.217774e+03 0.000000e+00 0.000000e+00 0.000000e+00 -1.720681e+02 -1.471205e+02 1.807778e+03 2.990251e+02 0.000000e+00 0.000000e+00 0.000000e+00 0.000000e+00 0.000000e+00 0.000000e+00 0.000000e+00 0.000000e+00 0.000000e+00
2.162000e+00 0.000000e+00 -6.778166e+03 -8.217741e+03 0.000000e+00 0.000000e+00 0.000000e+00 -1.727635e+02 -1.478678e+02 1.808281e+03 3.008404e+02 0.000000e+00 0.000000e+00 0.000000e+00 0.000000e+00 0.000000e+00 0.000000e+00 0.000000e+00 0.000000e+00 0.000000e+00
2.163000e+00 0.000000e+00 -6.782352e+03 -8.217449e+03 0.000000e+00 0.000000e+00 0.000000e+00 -1.734511e+02 -1.486072e+02 1.808757e+03 3.026379e+02 0.000000e+00 0.000000e+00 0.000000e+00 0.000000e+00 0.000000e+00 0.000000e+00 0.000000e+00 0.000000e+00 0.000000e+00
2.164000e+00 0.000000e+00 -6.786344e+03 -8.216897e+03 0.000000e+00 0.000000e+00 0.000000e+00 -1.741309e+02 -1.493387e+02 1.809205e+03 3.044174e+02 0.000000e+00 0.000000e+00 0.000000e+00 0.000000e+00 0.000000e+00 0.000000e+00 0.000000e+00 0.000000e+00 0.000000e+00
2.165000e+00 0.000000e+00 -6.790141e+03 -8.216084e+03 0.000000e+00 0.000000e+00 0.000000e+00 -1.748027e+02 -1.500622e+02 1.809626e+03 3.061784e+02 0.000000e+00 0.000000e+00 0.000000e+00 0.000000e+00 0.000000e+00 0.000000e+00 0.000000e+00 0.000000e+00 0.000000e+00
2.166000e+00 0.000000e+00 -6.793740e+03 -8.215012e+03 0.000000e+00 0.000000e+00 0.000000e+00 -1.754664e+02 -1.507776e+02 1.810018e+03 3.079208e+02 0.000000e+00 0.000000e+00 0.000000e+00 0.000000e+00 0.000000e+00 0.000000e+00 0.000000e+00 0.000000e+00 0.000000e+00
2.167000e+00 0.000000e+00 -6.797140e+03 -8.213682e+03 0.000000e+00 0.000000e+00 0.000000e+00 -1.761220e+02 -1.514847e+02 1.810382e+03 3.096443e+02 0.000000e+00 0.000000e+00 0.000000e+00 0.000000e+00 0.000000e+00 0.000000e+00 0.000000e+00 0.000000e+00 0.000000e+00
2.168000e+00 0.000000e+00 -6.800339e+03 -8.212093e+03 0.000000e+00 0.000000e+00 0.000000e+00 -1.767693e+02 -1.521835e+02 1.810718e+03 3.113486e+02 0.000000e+00 0.000000e+00 0.000000e+00 0.000000e+00 0.000000e+00 0.000000e+00 0.000000e+00 0.000000e+00 0.000000e+00
2.169000e+00 0.000000e+00 -6.803334e+03 -8.210246e+03 0.000000e+00 0.000000e+00 0.000000e+00 -1.774083e+02 -1.528739e+02 1.811024e+03 3.130335e+02 0.000000e+00 0.000000e+00 0.000000e+00 0.000000e+00 0.000000e+00 0.000000e+00 0.000000e+00 0.000000e+00 0.000000e+00
2.170000e+00 0.000000e+00 -6.806126e+03 -8.208142e+03 0.000000e+00 0.000000e+00 0.000000e+00 -1.780388e+02 -1.535558e+02 1.811301e+03 3.146987e+02 0.000000e+00 0.000000e+00 0.000000e+00 0.000000e+00 0.000000e+00 0.000000e+00 0.000000e+00 0.000000e+00 0.000000e+00
2.171000e+00 0.000000e+00 -6.808711e+03 -8.205782e+03 0.000000e+00 0.000000e+00 0.000000e+00 -1.786609e+02 -1.542291e+02 1.811548e+03 3.163439e+02 0.000000e+00 0.000000e+00 0.000000e+00 0.000000e+00 0.000000e+00 0.000000e+00 0.000000e+00 0.000000e+00 0.000000e+00
2.172000e+00 0.000000e+00 -6.811088e+03 -8.203167e+03 0.000000e+00 0.000000e+00 0.000000e+00 -1.792743e+02 -1.548937e+02 1.811766e+03 3.179690e+02 0.000000e+00 0.000000e+00 0.000000e+00 0.000000e+00 0.000000e+00 0.000000e+00 0.000000e+00 0.000000e+00 0.000000e+00
2.173000e+00 0.000000e+00 -6.813257e+03 -8.200299e+03 0.000000e+00 0.000000e+00 0.000000e+00 -1.798790e+02 -1.555495e+02 1.811954e+03 3.195736e+02 0.000000e+00 0.000000e+00 0.000000e+00 0.000000e+00 0.000000e+00 0.000000e+00 0.000000e+00 0.000000e+00 0.000000e+00
2.174000e+00 0.000000e+00 -6.815215e+03 -8.197177e+03 0.000000e+00 0.000000e+00 0.000000e+00 -1.804750e+02 -1.561964e+02 1.812111e+03 3.211576e+02 0.000000e+00 0.000000e+00 0.000000e+00 0.000000e+00 0.000000e+00 0.000000e+00 0.000000e+00 0.000000e+00 0.000000e+00
2.175000e+00 0.000000e+00 -6.816961e+03 -8.193804e+03 0.000000e+00 0.000000e+00 0.000000e+00 -1.810622e+02 -1.568344e+02 1.812238e+03 3.227207e+02 0.000000e+00 0.000000e+00 0.000000e+00 0.000000e+00 0.000000e+00 0.000000e+00 0.000000e+00 0.000000e+00 0.000000e+00
2.176000e+00 0.000000e+00 -6.818495e+03 -8.190181e+03 0.000000e+00 0.000000e+00 0.000000e+00 -1.816405e+02 -1.574634e+02 1.812334e+03 3.242627e+02 0.000000e+00 0.000000e+00 0.000000e+00 0.000000e+00 0.000000e+00 0.000000e+00 0.000000e+00 0.000000e+00 0.000000e+00
2.177000e+00 0.000000e+00 -6.819815e+03 -8.186310e+03 0.000000e+00 0.000000e+00 0.000000e+00 -1.822098e+02 -1.580833e+02 1.812400e+03 3.257834e+02 0.000000e+00 0.000000e+00 0.000000e+00 0.000000e+00 0.000000e+00 0.000000e+00 0.000000e+00 0.000000e+00 0.000000e+00
2.178000e+00 0.000000e+00 -6.820920e+03 -8.182192e+03 0.000000e+00 0.000000e+00 0.000000e+00 -1.827701e+02 -1.586941e+02 1.812434e+03 3.272826e+02 0.000000e+00 0.000000e+00 0.000000e+00 0.000000e+00 0.000000e+00 0.000000e+00 0.000000e+00 0.000000e+00 0.000000e+00
2.179000e+00 0.000000e+00 -6.821810e+03 -8.177828e+03 0.000000e+00 0.000000e+00 0.000000e+00 -1.833214e+02 -1.592956e+02 1.812437e+03 3.287600e+02 0.000000e+00 0.000000e+00 0.000000e+00 0.000000e+00 0.000000e+00 0.000000e+00 0.000000e+00 0.000000e+00 0.000000e+00
2.180000e+00 0.000000e+00 -6.822483e+03 -8.173221e+03 0.000000e+00 0.000000e+00 0.000000e+00 -1.838634e+02 -1.598879e+02 1.812409e+03 3.302156e+02 0.000000e+00 0.000000e+00 0.000000e+00 0.000000e+00 0.000000e+00 0.000000e+00 0.000000e+00 0.000000e+00 0.000000e+00
2.181000e+00 0.000000e+00 -6.822939e+03 -8.168373e+03 0.000000e+00 0.000000e+00 0.000000e+00 -1.843964e+02 -1.604708e+02 1.812348e+03 3.316490e+02 0.000000e+00 0.000000e+00 0.000000e+00 0.000000e+00 0.000000e+00 0.000000e+00 0.000000e+00 0.000000e+00 0.000000e+00
2.182000e+00 0.000000e+00 -6.823177e+03 -8.163285e+03 0.000000e+00 0.000000e+00 0.000000e+00 -1.849200e+02 -1.610443e+02 1.812257e+03 3.330602e+02 0.000000e+00 0.000000e+00 0.000000e+00 0.000000e+00 0.000000e+00 0.000000e+00 0.000000e+00 0.000000e+00 0.000000e+00
2.183000e+00 0.000000e+00 -6.823197e+03 -8.157960e+03 0.000000e+00 0.000000e+00 0.000000e+00 -1.854344e+02 -1.616084e+02 1.812133e+03 3.344489e+02 0.000000e+00 0.000000e+00 0.000000e+00 0.000000e+00 0.000000e+00 0.000000e+00 0.000000e+00 0.000000e+00 0.000000e+00
2.184000e+00 0.000000e+00 -6.822998e+03 -8.152400e+03 0.000000e+00 0.000000e+00 0.000000e+00 -1.859394e+02 -1.621630e+02 1.811977e+03 3.358149e+02 0.000000e+00 0.000000e+00 0.000000e+00 0.000000e+00 0.000000e+00 0.000000e+00 0.000000e+00 0.000000e+00 0.000000e+00
2.185000e+00 0.000000e+00 -6.822580e+03 -8.146608e+03 0.000000e+00 0.000000e+00 0.000000e+00 -1.864351e+02 -1.627080e+02 1.811789e+03 3.371582e+02 0.000000e+00 0.000000e+00 0.000000e+00 0.000000e+00 0.000000e+00 0.000000e+00 0.000000e+00 0.000000e+00 0.000000e+00
2.186000e+00 0.000000e+00 -6.821943e+03 -8.140584e+03 0.000000e+00 0.000000e+00 0.000000e+00 -1.869214e+02 -1.632434e+02 1.811569e+03 3.384786e+02 0.000000e+00 0.000000e+00 0.000000e+00 0.000000e+00 0.000000e+00 0.000000e+00 0.000000e+00 0.000000e+00 0.000000e+00
2.187000e+00 0.000000e+00 -6.821085e+03 -8.134333e+03 0.000000e+00 0.000000e+00 0.000000e+00 -1.873982e+02 -1.637691e+02 1.811316e+03 3.397758e+02 0.000000e+00 0.000000e+00 0.000000e+00 0.000000e+00 0.000000e+00 0.000000e+00 0.000000e+00 0.000000e+00 0.000000e+00
2.188000e+00 0.000000e+00 -6.820008e+03 -8.127856e+03 0.000000e+00 0.000000e+00 0.000000e+00 -1.878655e+02 -1.642851e+02 1.811031e+03 3.410497e+02 0.000000e+00 0.000000e+00 0.000000e+00 0.000000e+00 0.000000e+00 0.000000e+00 0.000000e+00 0.000000e+00 0.000000e+00
2.189000e+00 0.000000e+00 -6.818712e+03 -8.121156e+03 0.000000e+00 0.000000e+00 0.000000e+00 -1.883233e+02 -1.647914e+02 1.810713e+03 3.423002e+02 0.000000e+00 0.000000e+00 0.000000e+00 0.000000e+00 0.000000e+00 0.000000e+00 0.000000e+00 0.000000e+00 0.000000e+00
2.190000e+00 0.000000e+00 -6.817195e+03 -8.114235e+03 0.000000e+00 0.000000e+00 0.000000e+00 -1.887714e+02 -1.652879e+02 1.810363e+03 3.435272e+02 0.000000e+00 0.000000e+00 0.000000e+00 0.000000e+00 0.000000e+00 0.000000e+00 0.000000e+00 0.000000e+00 0.000000e+00
2.191000e+00 0.000000e+00 -6.815459e+03 -8.107097e+03 0.000000e+00 0.000000e+00 0.000000e+00 -1.892099e+02 -1.657745e+02 1.809980e+03 3.447304e+02 0.000000e+00 0.000000e+00 0.000000e+00 0.000000e+00 0.000000e+00 0.000000e+00 0.000000e+00 0.000000e+00 0.000000e+00
2.192000e+00 0.000000e+00 -6.813504e+03 -8.099744e+03 0.000000e+00 0.000000e+00 0.000000e+00 -1.896388e+02 -1.662512e+02 1.809564e+03 3.459099e+02 0.000000e+00 0.000000e+00 0.000000e+00 0.000000e+00 0.000000e+00 0.000000e+00 0.000000e+00 0.000000e+00 0.000000e+00
2.193000e+00 0.000000e+00 -6.811329e+03 -8.092179e+03 0.000000e+00 0.000000e+00 0.000000e+00 -1.900579e+02 -1.667180e+02 1.809116e+03 3.470654e+02 0.000000e+00 0.000000e+00 0.000000e+00 0.000000e+00 0.000000e+00 0.000000e+00 0.000000e+00 0.000000e+00 0.000000e+00
2.194000e+00 0.000000e+00 -6.808936e+03 -8.084404e+03 0.000000e+00 0.000000e+00 0.000000e+00 -1.904674e+02 -1.671748e+02 1.808635e+03 3.481969e+02 0.000000e+00 0.000000e+00 0.000000e+00 0.000000e+00 0.000000e+00 0.000000e+00 0.000000e+00 0.000000e+00 0.000000e+00
2.195000e+00 0.000000e+00 -6.806325e+03 -8.076425e+03 0.000000e+00 0.000000e+00 0.000000e+00 -1.908671e+02 -1.676216e+02 1.808121e+03 3.493042e+02 0.000000e+00 0.000000e+00 0.000000e+00 0.000000e+00 0.000000e+00 0.000000e+00 0.000000e+00 0.000000e+00 0.000000e+00
2.196000e+00 0.000000e+00 -6.803497e+03 -8.068242e+03 0.000000e+00 0.000000e+00 0.000000e+00 -1.912570e+02 -1.680585e+02 1.807574e+03 3.503873e+02 0.000000e+00 0.000000e+00 0.000000e+00 0.000000e+00 0.000000e+00 0.000000e+00 0.000000e+00 0.000000e+00 0.000000e+00
2.197000e+00 0.000000e+00 -6.800452e+03 -8.059860e+03 0.000000e+00 0.000000e+00 0.000000e+00 -1.916372e+02 -1.684853e+02 1.806995e+03 3.514461e+02 0.000000e+00 0.000000e+00 0.000000e+00 0.000000e+00 0.000000e+00 0.000000e+00 0.000000e+00 0.000000e+00 0.000000e+00
2.198000e+00 0.000000e+00 -6.797191e+03 -8.051282e+03 0.000000e+00 0.000000e+00 0.000000e+00 -1.920076e+02 -1.689020e+02 1.806383e+03 3.524806e+02 0.000000e+00 0.000000e+00 0.000000e+00 0.000000e+00 0.000000e+00 0.000000e+00 0.000000e+00 0.000000e+00 0.000000e+00
2.199000e+00 0.000000e+00 -6.793715e+03 -8.042511e+03 0.000000e+00 0.000000e+00 0.000000e+00 -1.923683e+02 -1.693088e+02 1.805738e+03 3.534906e+02 0.000000e+00 0.000000e+00 0.000000e+00 0.000000e+00 0.000000e+00 0.000000e+00 0.000000e+00 0.000000e+00 0.000000e+00
2.200000e+00 0.000000e+00 -6.790026e+03 -8.033551e+03 0.000000e+00 0.000000e+00 0.000000e+00 -1.927191e+02 -1.697054e+02 1.805060e+03 3.544761e+02 0.000000e+00 0.000000e+00 0.000000e+00 0.000000e+00 0.000000e+00 0.000000e+00 0.000000e+00 0.000000e+00 0.000000e+00
2.201000e+00 0.000000e+00 -6.786123e+03 -8.024406e+03 0.000000e+00 0.000000e+00 0.000000e+00 -1.930602e+02 -1.700921e+02 1.804350e+03 3.554371e+02 0.000000e+00 0.000000e+00 0.000000e+00 0.000000e+00 0.000000e+00 0.000000e+00 0.000000e+00 0.000000e+00 0.000000e+00
2.202000e+00 0.000000e+00 -6.782009e+03 -8.015079e+03 0.000000e+00 0.000000e+00 0.000000e+00 -1.933916e+02 -1.704686e+02 1.803608e+03 3.563736e+02 0.000000e+00 0.000000e+00 0.000000e+00 0.000000e+00 0.000000e+00 0.000000e+00 0.000000e+00 0.000000e+00 0.000000e+00
2.203000e+00 0.000000e+00 -6.777685e+03 -8.005574e+03 0.000000e+00 0.000000e+00 0.000000e+00 -1.937132e+02 -1.708352e+02 1.802833e+03 3.572856e+02 0.000000e+00 0.000000e+00 0.000000e+00 0.000000e+00 0.000000e+00 0.000000e+00 0.000000e+00 0.000000e+00 0.000000e+00
2.204000e+00 0.000000e+00 -6.773152e+03 -7.995894e+03 0.000000e+00 0.000000e+00 0.000000e+00 -1.940251e+02 -1.711917e+02 1.802026e+03 3.581730e+02 0.000000e+00 0.000000e+00 0.000000e+00 0.000000e+00 0.000000e+00 0.000000e+00 0.000000e+00 0.000000e+00 0.000000e+00
2.205000e+00 0.000000e+00 -6.768412e+03 -7.986044e+03 0.000000e+00 0.000000e+00 0.000000e+00 -1.943273e+02 -1.715381e+02 1.801187e+03 3.590358e+02 0.000000e+00 0.000000e+00 0.000000e+00 0.000000e+00 0.000000e+00 0.000000e+00 0.000000e+00 0.000000e+00 0.000000e+00
2.206000e+00 0.000000e+00 -6.763466e+03 -7.976028e+03 0.000000e+00 0.000000e+00 0.000000e+00 -1.946198e+02 -1.718746e+02 1.800316e+03 3.598741e+02 0.000000e+00 0.000000e+00 0.000000e+00 0.000000e+00 0.000000e+00 0.000000e+00 0.000000e+00 0.000000e+00 0.000000e+00
2.207000e+00 0.000000e+00 -6.758316e+03 -7.965849e+03 0.000000e+00 0.000000e+00 0.000000e+00 -1.949027e+02 -1.722012e+02 1.799413e+03 3.606878e+02 0.000000e+00 0.000000e+00 0.000000e+00 0.000000e+00 0.000000e+00 0.000000e+00 0.000000e+00 0.000000e+00 0.000000e+00
2.208000e+00 0.000000e+00 -6.752963e+03 -7.955512e+03 0.000000e+00 0.000000e+00 0.000000e+00 -1.951760e+02 -1.725178e+02 1.798479e+03 3.614771e+02 0.000000e+00 0.000000e+00 0.000000e+00 0.000000e+00 0.000000e+00 0.000000e+00 0.000000e+00 0.000000e+00 0.000000e+00
2.209000e+00 0.000000e+00 -6.747410e+03 -7.945021e+03 0.000000e+00 0.000000e+00 0.000000e+00 -1.954397e+02 -1.728245e+02 1.797513e+03 3.622420e+02 0.000000e+00 0.000000e+00 0.000000e+00 0.000000e+00 0.000000e+00 0.000000e+00 0.000000e+00 0.000000e+00 0.000000e+00
2.210000e+00 0.000000e+00 -6.741658e+03 -7.934380e+03 0.000000e+00 0.000000e+00 0.000000e+00 -1.956940e+02 -1.731213e+02 1.796515e+03 3.629824e+02 0.000000e+00 0.000000e+00 0.000000e+00 0.000000e+00 0.000000e+00 0.000000e+00 0.000000e+00 0.000000e+00 0.000000e+00
2.211000e+00 0.000000e+00 -6.735710e+03 -7.923592e+03 0.000000e+00 0.000000e+00 0.000000e+00 -1.959387e+02 -1.734082e+02 1.795487e+03 3.636985e+02 0.000000e+00 0.000000e+00 0.000000e+00 0.000000e+00 0.000000e+00 0.000000e+00 0.000000e+00 0.000000e+00 0.000000e+00
2.212000e+00 0.000000e+00 -6.729568e+03 -7.912664e+03 0.000000e+00 0.000000e+00 0.000000e+00 -1.961739e+02 -1.736854e+02 1.794427e+03 3.643903e+02 0.000000e+00 0.000000e+00 0.000000e+00 0.000000e+00 0.000000e+00 0.000000e+00 0.000000e+00 0.000000e+00 0.000000e+00
2.213000e+00 0.000000e+00 -6.723233e+03 -7.901598e+03 0.000000e+00 0.000000e+00 0.000000e+00 -1.963997e+02 -1.739527e+02 1.793337e+03 3.650579e+02 0.000000e+00 0.000000e+00 0.000000e+00 0.000000e+00 0.000000e+00 0.000000e+00 0.000000e+00 0.000000e+00 0.000000e+00
2.214000e+00 0.000000e+00 -6.716708e+03 -7.890399e+03 0.000000e+00 0.000000e+00 0.000000e+00 -1.966162e+02 -1.742103e+02 1.792217e+03 3.657013e+02 0.000000e+00 0.000000e+00 0.000000e+00 0.000000e+00 0.000000e+00 0.000000e+00 0.000000e+00 0.000000e+00 0.000000e+00
2.215000e+00 0.000000e+00 -6.709995e+03 -7.879071e+03 0.000000e+00 0.000000e+00 0.000000e+00 -1.968233e+02 -1.744583e+02 1.791066e+03 3.663208e+02 0.000000e+00 0.000000e+00 0.000000e+00 0.000000e+00 0.000000e+00 0.000000e+00 0.000000e+00 0.000000e+00 0.000000e+00
2.216000e+00 0.000000e+00 -6.703097e+03 -7.867619e+03 0.000000e+00 0.000000e+00 0.000000e+00 -1.970212e+02 -1.746966e+02 1.789885e+03 3.669163e+02 0.000000e+00 0.000000e+00 0.000000e+00 0.000000e+00 0.000000e+00 0.000000e+00 0.000000e+00 0.000000e+00 0.000000e+00
2.217000e+00 0.000000e+00 -6.696017e+03 -7.856048e+03 0.000000e+00 0.000000e+00 0.000000e+00 -1.972100e+02 -1.749253e+02 1.788675e+03 3.674881e+02 0.000000e+00 0.000000e+00 0.000000e+00 0.000000e+00 0.000000e+00 0.000000e+00 0.000000e+00 0.000000e+00 0.000000e+00
2.218000e+00 0.000000e+00 -6.688756e+03 -7.844362e+03 0.000000e+00 0.000000e+00 0.000000e+00 -1.973896e+02 -1.751445e+02 1.787435e+03 3.680362e+02 0.000000e+00 0.000000e+00 0.000000e+00 0.000000e+00 0.000000e+00 0.000000e+00 0.000000e+00 0.000000e+00 0.000000e+00
2.219000e+00 0.000000e+00 -6.681318e+03 -7.832566e+03 0.000000e+00 0.000000e+00 0.000000e+00 -1.975601e+02 -1.753543e+02 1.786167e+03 3.685608e+02 0.000000e+00 0.000000e+00 0.000000e+00 0.000000e+00 0.000000e+00 0.000000e+00 0.000000e+00 0.000000e+00 0.000000e+00
2.220000e+00 0.000000e+00 -6.673706e+03 -7.820664e+03 0.000000e+00 0.000000e+00 0.000000e+00 -1.977217e+02 -1.755547e+02 1.784869e+03 3.690621e+02 0.000000e+00 0.000000e+00 0.000000e+00 0.000000e+00 0.000000e+00 0.000000e+00 0.000000e+00 0.000000e+00 0.000000e+00
2.221000e+00 0.000000e+00 -6.665922e+03 -7.808661e+03 0.000000e+00 0.000000e+00 0.000000e+00 -1.978745e+02 -1.757458e+02 1.783543e+03 3.695402e+02 0.000000e+00 0.000000e+00 0.000000e+00 0.000000e+00 0.000000e+00 0.000000e+00 0.000000e+00 0.000000e+00 0.000000e+00
2.222000e+00 0.000000e+00 -6.657969e+03 -7.796562e+03 0.000000e+00 0.000000e+00 0.000000e+00 -1.980184e+02 -1.759278e+02 1.782189e+03 3.699954e+02 0.000000e+00 0.000000e+00 0.000000e+00 0.000000e+00 0.000000e+00 0.000000e+00 0.000000e+00 0.000000e+00 0.000000e+00
2.223000e+00 0.000000e+00 -6.649851e+03 -7.784372e+03 0.000000e+00 0.000000e+00 0.000000e+00 -1.981537e+02 -1.761006e+02 1.780808e+03 3.704278e+02 0.000000e+00 0.000000e+00 0.000000e+00 0.000000e+00 0.000000e+00 0.000000e+00 0.000000e+00 0.000000e+00 0.000000e+00
2.224000e+00 0.000000e+00 -6.641570e+03 -7.772096e+03 0.000000e+00 0.000000e+00 0.000000e+00 -1.982804e+02 -1.762644e+02 1.779398e+03 3.708376e+02 0.000000e+00 0.000000e+00 0.000000e+00 0.000000e+00 0.000000e+00 0.000000e+00 0.000000e+00 0.000000e+00 0.000000e+00
2.225000e+00 0.000000e+00 -6.633129e+03 -7.759738e+03 0.000000e+00 0.000000e+00 0.000000e+00 -1.983987e+02 -1.764194e+02 1.777962e+03 3.712251e+02 0.000000e+00 0.000000e+00 0.000000e+00 0.000000e+00 0.000000e+00 0.000000e+00 0.000000e+00 0.000000e+00 0.000000e+00
2.226000e+00 0.000000e+00 -6.624533e+03 -7.747303e+03 0.000000e+00 0.000000e+00 0.000000e+00 -1.985086e+02 -1.765655e+02 1.776500e+03 3.715906e+02 0.000000e+00 0.000000e+00 0.000000e+00 0.000000e+00 0.000000e+00 0.000000e+00 0.000000e+00 0.000000e+00 0.000000e+00
2.227000e+00 0.000000e+00 -6.615784e+03 -7.734797e+03 0.000000e+00 0.000000e+00 0.000000e+00 -1.986102e+02 -1.767030e+02 1.775011e+03 3.719342e+02 0.000000e+00 0.000000e+00 0.000000e+00 0.000000e+00 0.000000e+00 0.000000e+00 0.000000e+00 0.000000e+00 0.000000e+00
2.228000e+00 0.000000e+00 -6.606885e+03 -7.722224e+03 0.000000e+00 0.000000e+00 0.000000e+00 -1.987037e+02 -1.768318e+02 1.773496e+03 3.722562e+02 0.000000e+00 0.000000e+00 0.000000e+00 0.000000e+00 0.000000e+00 0.000000e+00 0.000000e+00 0.000000e+00 0.000000e+00
2.229000e+00 0.000000e+00 -6.597840e+03 -7.709590e+03 0.000000e+00 0.000000e+00 0.000000e+00 -1.987893e+02 -1.769523e+02 1.771956e+03 3.725569e+02 0.000000e+00 0.000000e+00 0.000000e+00 0.000000e+00 0.000000e+00 0.000000e+00 0.000000e+00 0.000000e+00 0.000000e+00
2.230000e+00 0.000000e+00 -6.588653e+03 -7.696899e+03 0.000000e+00 0.000000e+00 0.000000e+00 -1.988670e+02 -1.770644e+02 1.770391e+03 3.728366e+02 0.000000e+00 0.000000e+00 0.000000e+00 0.000000e+00 0.000000e+00 0.000000e+00 0.000000e+00 0.000000e+00 0.000000e+00
2.231000e+00 0.000000e+00 -6.579328e+03 -7.684156e+03 0.000000e+00 0.000000e+00 0.000000e+00 -1.989369e+02 -1.771684e+02 1.768802e+03 3.730956e+02 0.000000e+00 0.000000e+00 0.000000e+00 0.000000e+00 0.000000e+00 0.000000e+00 0.000000e+00 0.000000e+00 0.000000e+00
2.232000e+00 0.000000e+00 -6.569867e+03 -7.671368e+03 0.000000e+00 0.000000e+00 0.000000e+00 -1.989993e+02 -1.772643e+02 1.767188e+03 3.733342e+02 0.000000e+00 0.000000e+00 0.000000e+00 0.000000e+00 0.000000e+00 0.000000e+00 0.000000e+00 0.000000e+00 0.000000e+00
2.233000e+00 0.000000e+00 -6.560275e+03 -7.658537e+03 0.000000e+00 0.000000e+00 0.000000e+00 -1.990543e+02 -1.773522e+02 1.765551e+03 3.735528e+02 0.000000e+00 0.000000e+00 0.000000e+00 0.000000e+00 0.000000e+00 0.000000e+00 0.000000e+00 0.000000e+00 0.000000e+00
2.234000e+00 0.000000e+00 -6.550555e+03 -7.645671e+03 0.000000e+00 0.000000e+00 0.000000e+00 -1.991019e+02 -1.774324e+02 1.763891e+03 3.737515e+02 0.000000e+00 0.000000e+00 0.000000e+00 0.000000e+00 0.000000e+00 0.000000e+00 0.000000e+00 0.000000e+00 0.000000e+00
2.235000e+00 0.000000e+00 -6.540712e+03 -7.632773e+03 0.000000e+00 0.000000e+00 0.000000e+00 -1.991424e+02 -1.775050e+02 1.762208e+03 3.739309e+02 0.000000e+00 0.000000e+00 0.000000e+00 0.000000e+00 0.000000e+00 0.000000e+00 0.000000e+00 0.000000e+00 0.000000e+00
2.236000e+00 0.000000e+00 -6.530749e+03 -7.619849e+03 0.000000e+00 0.000000e+00 0.000000e+00 -1.991759e+02 -1.775700e+02 1.760503e+03 3.740911e+02 0.000000e+00 0.000000e+00 0.000000e+00 0.000000e+00 0.000000e+00 0.000000e+00 0.000000e+00 0.000000e+00 0.000000e+00
2.237000e+00 0.000000e+00 -6.520670e+03 -7.606904e+03 0.000000e+00 0.000000e+00 0.000000e+00 -1.992025e+02 -1.776277e+02 1.758776e+03 3.742327e+02 0.000000e+00 0.000000e+00 0.000000e+00 0.000000e+00 0.000000e+00 0.000000e+00 0.000000e+00 0.000000e+00 0.000000e+00
2.238000e+00 0.000000e+00 -6.510479e+03 -7.593943e+03 0.000000e+00 0.000000e+00 0.000000e+00 -1.992224e+02 -1.776782e+02 1.757028e+03 3.743559e+02 0.000000e+00 0.000000e+00 0.000000e+00 0.000000e+00 0.000000e+00 0.000000e+00 0.000000e+00 0.000000e+00 0.000000e+00
2.239000e+00 0.000000e+00 -6.500180e+03 -7.580971e+03 0.000000e+00 0.000000e+00 0.000000e+00 -1.992358e+02 -1.777217e+02 1.755260e+03 3.744612e+02 0.000000e+00 0.000000e+00 0.000000e+00 0.000000e+00 0.000000e+00 0.000000e+00 0.000000e+00 0.000000e+00 0.000000e+00
2.240000e+00 0.000000e+00 -6.489777e+03 -7.567994e+03 0.000000e+00 0.000000e+00 0.000000e+00 -1.992428e+02 -1.777583e+02 1.753471e+03 3.745489e+02 0.000000e+00 0.000000e+00 0.000000e+00 0.000000e+00 0.000000e+00 0.000000e+00 0.000000e+00 0.000000e+00 0.000000e+00
2.241000e+00 0.000000e+00 -6.479275e+03 -7.555015e+03 0.000000e+00 0.000000e+00 0.000000e+00 -1.992437e+02 -1.777883e+02 1.751664e+03 3.746195e+02 0.000000e+00 0.000000e+00 0.000000e+00 0.000000e+00 0.000000e+00 0.000000e+00 0.000000e+00 0.000000e+00 0.000000e+00
2.242000e+00 0.000000e+00 -6.468678e+03 -7.542041e+03 0.000000e+00 0.000000e+00 0.000000e+00 -1.992385e+02 -1.778117e+02 1.749837e+03 3.746734e+02 0.000000e+00 0.000000e+00 0.000000e+00 0.000000e+00 0.000000e+00 0.000000e+00 0.000000e+00 0.000000e+00 0.000000e+00
2.243000e+00 0.000000e+00 -6.457990e+03 -7.529077e+03 0.000000e+00 0.000000e+00 0.000000e+00 -1.992276e+02 -1.778288e+02 1.747991e+03 3.747111e+02 0.000000e+00 0.000000e+00 0.000000e+00 0.000000e+00 0.000000e+00 0.000000e+00 0.000000e+00 0.000000e+00 0.000000e+00
2.244000e+00 0.000000e+00 -6.447215e+03 -7.516127e+03 0.000000e+00 0.000000e+00 0.000000e+00 -1.992110e+02 -1.778398e+02 1.746128e+03 3.747329e+02 0.000000e+00 0.000000e+00 0.000000e+00 0.000000e+00 0.000000e+00 0.000000e+00 0.000000e+00 0.000000e+00 0.000000e+00
2.245000e+00 0.000000e+00 -6.436358e+03 -7.503197e+03 0.000000e+00 0.000000e+00 0.000000e+00 -1.991890e+02 -1.778448e+02 1.744248e+03 3.747394e+02 0.000000e+00 0.000000e+00 0.000000e+00 0.000000e+00 0.000000e+00 0.000000e+00 0.000000e+00 0.000000e+00 0.000000e+00
2.246000e+00 0.000000e+00 -6.425422e+03 -7.490292e+03 0.000000e+00 0.000000e+00 0.000000e+00 -1.991617e+02 -1.778441e+02 1.742351e+03 3.747310e+02 0.000000e+00 0.000000e+00 0.000000e+00 0.000000e+00 0.000000e+00 0.000000e+00 0.000000e+00 0.000000e+00 0.000000e+00
2.247000e+00 0.000000e+00 -6.414414e+03 -7.477417e+03 0.000000e+00 0.000000e+00 0.000000e+00 -1.991295e+02 -1.778378e+02 1.740438e+03 3.747082e+02 0.000000e+00 0.000000e+00 0.000000e+00 0.000000e+00 0.000000e+00 0.000000e+00 0.000000e+00 0.000000e+00 0.000000e+00
2.248000e+00 0.000000e+00 -6.403336e+03 -7.464577e+03 0.000000e+00 0.000000e+00 0.000000e+00 -1.990925e+02 -1.778263e+02 1.738509e+03 3.746715e+02 0.000000e+00 0.000000e+00 0.000000e+00 0.000000e+00 0.000000e+00 0.000000e+00 0.000000e+00 0.000000e+00 0.000000e+00
2.249000e+00 0.000000e+00 -6.392193e+03 -7.451777e+03 0.000000e+00 0.000000e+00 0.000000e+00 -1.990508e+02 -1.778095e+02 1.736565e+03 3.746214e+02 0.000000e+00 0.000000e+00 0.000000e+00 0.000000e+00 0.000000e+00 0.000000e+00 0.000000e+00 0.000000e+00 0.000000e+00
2.250000e+00 0.000000e+00 -6.380991e+03 -7.439022e+03 0.000000e+00 0.000000e+00 0.000000e+00 -1.990048e+02 -1.777879e+02 1.734607e+03 3.745584e+02 0.000000e+00 0.000000e+00 0.000000e+00 0.000000e+00 0.000000e+00 0.000000e+00 0.000000e+00 0.000000e+00 0.000000e+00
2.251000e+00 0.000000e+00 -6.369732e+03 -7.426317e+03 0.000000e+00 0.000000e+00 0.000000e+00 -1.989546e+02 -1.777616e+02 1.732636e+03 3.744831e+02 0.000000e+00 0.000000e+00 0.000000e+00 0.000000e+00 0.000000e+00 0.000000e+00 0.000000e+00 0.000000e+00 0.000000e+00
2.252000e+00 0.000000e+00 -6.358423e+03 -7.413668e+03 0.000000e+00 0.000000e+00 0.000000e+00 -1.989005e+02 -1.777308e+02 1.730651e+03 3.743959e+02 0.000000e+00 0.000000e+00 0.000000e+00 0.000000e+00 0.000000e+00 0.000000e+00 0.000000e+00 0.000000e+00 0.000000e+00
2.253000e+00 0.000000e+00 -6.347068e+03 -7.401079e+03 0.000000e+00 0.000000e+00 0.000000e+00 -1.988427e+02 -1.776958e+02 1.728654e+03 3.742975e+02 0.000000e+00 0.000000e+00 0.000000e+00 0.000000e+00 0.000000e+00 0.000000e+00 0.000000e+00 0.000000e+00 0.000000e+00
2.254000e+00 0.000000e+00 -6.335670e+03 -7.388554e+03 0.000000e+00 0.000000e+00 0.000000e+00 -1.987815e+02 -1.776568e+02 1.726645e+03 3.741884e+02 0.000000e+00 0.000000e+00 0.000000e+00 0.000000e+00 0.000000e+00 0.000000e+00 0.000000e+00 0.000000e+00 0.000000e+00
2.255000e+00 0.000000e+00 -6.324236e+03 -7.376100e+03 0.000000e+00 0.000000e+00 0.000000e+00 -1.987171e+02 -1.776140e+02 1.724625e+03 3.740692e+02 0.000000e+00 0.000000e+00 0.000000e+00 0.000000e+00 0.000000e+00 0.000000e+00 0.000000e+00 0.000000e+00 0.000000e+00
2.256000e+00 0.000000e+00 -6.312769e+03 -7.363721e+03 0.000000e+00 0.000000e+00 0.000000e+00 -1.986496e+02 -1.775677e+02 1.722594e+03 3.739404e+02 0.000000e+00 0.000000e+00 0.000000e+00 0.000000e+00 0.000000e+00 0.000000e+00 0.000000e+00 0.000000e+00 0.000000e+00
2.257000e+00 0.000000e+00 -6.301274e+03 -7.351421e+03 0.000000e+00 0.000000e+00 0.000000e+00 -1.985795e+02 -1.775181e+02 1.720554e+03 3.738025e+02 0.000000e+00 0.000000e+00 0.000000e+00 0.000000e+00 0.000000e+00 0.000000e+00 0.000000e+00 0.000000e+00 0.000000e+00
2.258000e+00 0.000000e+00 -6.289755e+03 -7.339205e+03 0.000000e+00 0.000000e+00 0.000000e+00 -1.985068e+02 -1.774655e+02 1.718504e+03 3.736563e+02 0.000000e+00 0.000000e+00 0.000000e+00 0.000000e+00 0.000000e+00 0.000000e+00 0.000000e+00 0.000000e+00 0.000000e+00
2.259000e+00 0.000000e+00 -6.278219e+03 -7.327079e+03 0.000000e+00 0.000000e+00 0.000000e+00 -1.984318e+02 -1.774100e+02 1.716445e+03 3.735023e+02 0.000000e+00 0.000000e+00 0.000000e+00 0.000000e+00 0.000000e+00 0.000000e+00 0.000000e+00 0.000000e+00 0.000000e+00
2.260000e+00 0.000000e+00 -6.266668e+03 -7.315046e+03 0.000000e+00 0.000000e+00 0.000000e+00 -1.983549e+02 -1.773520e+02 1.714379e+03 3.733410e+02 0.000000e+00 0.000000e+00 0.000000e+00 0.000000e+00 0.000000e+00 0.000000e+00 0.000000e+00 0.000000e+00 0.000000e+00
2.261000e+00 0.000000e+00 -6.255108e+03 -7.303111e+03 0.000000e+00 0.000000e+00 0.000000e+00 -1.982762e+02 -1.772916e+02 1.712305e+03 3.731731e+02 0.000000e+00 0.000000e+00 0.000000e+00 0.000000e+00 0.000000e+00 0.000000e+00 0.000000e+00 0.000000e+00 0.000000e+00
2.262000e+00 0.000000e+00 -6.243544e+03 -7.291280e+03 0.000000e+00 0.000000e+00 0.000000e+00 -1.981960e+02 -1.772292e+02 1.710225e+03 3.729993e+02 0.000000e+00 0.000000e+00 0.000000e+00 0.000000e+00 0.000000e+00 0.000000e+00 0.000000e+00 0.000000e+00 0.000000e+00
2.263000e+00 0.000000e+00 -6.231979e+03 -7.279556e+03 0.000000e+00 0.000000e+00 0.000000e+00 -1.981145e+02 -1.771650e+02 1.708138e+03 3.728201e+02 0.000000e+00 0.000000e+00 0.000000e+00 0.000000e+00 0.000000e+00 0.000000e+00 0.000000e+00 0.000000e+00 0.000000e+00
2.264000e+00 0.000000e+00 -6.220420e+03 -7.267944e+03 0.000000e+00 0.000000e+00 0.000000e+00 -1.980321e+02 -1.770993e+02 1.706046e+03 3.726361e+02 0.000000e+00 0.000000e+00 0.000000e+00 0.000000e+00 0.000000e+00 0.000000e+00 0.000000e+00 0.000000e+00 0.000000e+00
2.265000e+00 0.000000e+00 -6.208870e+03 -7.256448e+03 0.000000e+00 0.000000e+00 0.000000e+00 -1.979490e+02 -1.770323e+02 1.703950e+03 3.724481e+02 0.000000e+00 0.000000e+00 0.000000e+00 0.000000e+00 0.000000e+00 0.000000e+00 0.000000e+00 0.000000e+00 0.000000e+00
2.266000e+00 0.000000e+00 -6.197334e+03 -7.245073e+03 0.000000e+00 0.000000e+00 0.000000e+00 -1.978654e+02 -1.769642e+02 1.701850e+03 3.722566e+02 0.000000e+00 0.000000e+00 0.000000e+00 0.000000e+00 0.000000e+00 0.000000e+00 0.000000e+00 0.000000e+00 0.000000e+00
2.267000e+00 0.000000e+00 -6.185817e+03 -7.233823e+03 0.000000e+00 0.000000e+00 0.000000e+00 -1.977816e+02 -1.768955e+02 1.699746e+03 3.720624e+02 0.000000e+00 0.000000e+00 0.000000e+00 0.000000e+00 0.000000e+00 0.000000e+00 0.000000e+00 0.000000e+00 0.000000e+00
2.268000e+00 0.000000e+00 -6.174324e+03 -7.222702e+03 0.000000e+00 0.000000e+00 0.000000e+00 -1.976980e+02 -1.768263e+02 1.697639e+03 3.718660e+02 0.000000e+00 0.000000e+00 0.000000e+00 0.000000e+00 0.000000e+00 0.000000e+00 0.000000e+00 0.000000e+00 0.000000e+00
2.269000e+00 0.000000e+00 -6.162858e+03 -7.211715e+03 0.000000e+00 0.000000e+00 0.000000e+00 -1.976147e+02 -1.767569e+02 1.695530e+03 3.716682e+02 0.000000e+00 0.000000e+00 0.000000e+00 0.000000e+00 0.000000e+00 0.000000e+00 0.000000e+00 0.000000e+00 0.000000e+00
2.270000e+00 0.000000e+00 -6.151425e+03 -7.200866e+03 0.000000e+00 0.000000e+00 0.000000e+00 -1.975321e+02 -1.766875e+02 1.693420e+03 3.714695e+02 0.000000e+00 0.000000e+00 0.000000e+00 0.000000e+00 0.000000e+00 0.000000e+00 0.000000e+00 0.000000e+00 0.000000e+00
2.271000e+00 0.000000e+00 -6.140029e+03 -7.190158e+03 0.000000e+00 0.000000e+00 0.000000e+00 -1.974504e+02 -1.766186e+02 1.691310e+03 3.712707e+02 0.000000e+00 0.000000e+00 0.000000e+00 0.000000e+00 0.000000e+00 0.000000e+00 0.000000e+00 0.000000e+00 0.000000e+00
2.272000e+00 0.000000e+00 -6.128675e+03 -7.179597e+03 0.000000e+00 0.000000e+00 0.000000e+00 -1.973700e+02 -1.765503e+02 1.689199e+03 3.710725e+02 0.000000e+00 0.000000e+00 0.000000e+00 0.000000e+00 0.000000e+00 0.000000e+00 0.000000e+00 0.000000e+00 0.000000e+00
2.273000e+00 0.000000e+00 -6.117368e+03 -7.169185e+03 0.000000e+00 0.000000e+00 0.000000e+00 -1.972910e+02 -1.764829e+02 1.687089e+03 3.708755e+02 0.000000e+00 0.000000e+00 0.000000e+00 0.000000e+00 0.000000e+00 0.000000e+00 0.000000e+00 0.000000e+00 0.000000e+00
2.274000e+00 0.000000e+00 -6.106111e+03 -7.158926e+03 0.000000e+00 0.000000e+00 0.000000e+00 -1.972138e+02 -1.764168e+02 1.684980e+03 3.706804e+02 0.000000e+00 0.000000e+00 0.000000e+00 0.000000e+00 0.000000e+00 0.000000e+00 0.000000e+00 0.000000e+00 0.000000e+00
2.275000e+00 0.000000e+00 -6.094909e+03 -7.148825e+03 0.000000e+00 0.000000e+00 0.000000e+00 -1.971387e+02 -1.763521e+02 1.682872e+03 3.704880e+02 0.000000e+00 0.000000e+00 0.000000e+00 0.000000e+00 0.000000e+00 0.000000e+00 0.000000e+00 0.000000e+00 0.000000e+00
2.276000e+00 0.000000e+00 -6.083767e+03 -7.138886e+03 0.000000e+00 0.000000e+00 0.000000e+00 -1.970659e+02 -1.762892e+02 1.680768e+03 3.702988e+02 0.000000e+00 0.000000e+00 0.000000e+00 0.000000e+00 0.000000e+00 0.000000e+00 0.000000e+00 0.000000e+00 0.000000e+00
2.277000e+00 0.000000e+00 -6.072689e+03 -7.129111e+03 0.000000e+00 0.000000e+00 0.000000e+00 -1.969958e+02 -1.762284e+02 1.678666e+03 3.701135e+02 0.000000e+00 0.000000e+00 0.000000e+00 0.000000e+00 0.000000e+00 0.000000e+00 0.000000e+00 0.000000e+00 0.000000e+00
2.278000e+00 0.000000e+00 -6.061680e+03 -7.119504e+03 0.000000e+00 0.000000e+00 0.000000e+00 -1.969286e+02 -1.761700e+02 1.676569e+03 3.699330e+02 0.000000e+00 0.000000e+00 0.000000e+00 0.000000e+00 0.000000e+00 0.000000e+00 0.000000e+00 0.000000e+00 0.000000e+00
2.279000e+00 0.000000e+00 -6.050743e+03 -7.110069e+03 0.000000e+00 0.000000e+00 0.000000e+00 -1.968646e+02 -1.761142e+02 1.674475e+03 3.697578e+02 0.000000e+00 0.000000e+00 0.000000e+00 0.000000e+00 0.000000e+00 0.000000e+00 0.000000e+00 0.000000e+00 0.000000e+00
2.280000e+00 0.000000e+00 -6.039883e+03 -7.100810e+03 0.000000e+00 0.000000e+00 0.000000e+00 -1.968041e+02 -1.760613e+02 1.672387e+03 3.695887e+02 0.000000e+00 0.000000e+00 0.000000e+00 0.000000e+00 0.000000e+00 0.000000e+00 0.000000e+00 0.000000e+00 0.000000e+00
2.281000e+00 0.000000e+00 -6.029105e+03 -7.091729e+03 0.000000e+00 0.000000e+00 0.000000e+00 -1.967475e+02 -1.760117e+02 1.670305e+03 3.694263e+02 0.000000e+00 0.000000e+00 0.000000e+00 0.000000e+00 0.000000e+00 0.000000e+00 0.000000e+00 0.000000e+00 0.000000e+00
2.282000e+00 0.000000e+00 -6.018412e+03 -7.082830e+03 0.000000e+00 0.000000e+00 0.000000e+00 -1.966949e+02 -1.759656e+02 1.668228e+03 3.692714e+02 0.000000e+00 0.000000e+00 0.000000e+00 0.000000e+00 0.000000e+00 0.000000e+00 0.000000e+00 0.000000e+00 0.000000e+00
2.283000e+00 0.000000e+00 -6.007808e+03 -7.074116e+03 0.000000e+00 0.000000e+00 0.000000e+00 -1.966467e+02 -1.759233e+02 1.666159e+03 3.691246e+02 0.000000e+00 0.000000e+00 0.000000e+00 0.000000e+00 0.000000e+00 0.000000e+00 0.000000e+00 0.000000e+00 0.000000e+00
2.284000e+00 0.000000e+00 -5.997298e+03 -7.065589e+03 0.000000e+00 0.000000e+00 0.000000e+00 -1.966031e+02 -1.758851e+02 1.664097e+03 3.689866e+02 0.000000e+00 0.000000e+00 0.000000e+00 0.000000e+00 0.000000e+00 0.000000e+00 0.000000e+00 0.000000e+00 0.000000e+00
2.285000e+00 0.000000e+00 -5.986886e+03 -7.057254e+03 0.000000e+00 0.000000e+00 0.000000e+00 -1.965645e+02 -1.758513e+02 1.662043e+03 3.688581e+02 0.000000e+00 0.000000e+00 0.000000e+00 0.000000e+00 0.000000e+00 0.000000e+00 0.000000e+00 0.000000e+00 0.000000e+00
2.286000e+00 0.000000e+00 -5.976575e+03 -7.049112e+03 0.000000e+00 0.000000e+00 0.000000e+00 -1.965310e+02 -1.758221e+02 1.659998e+03 3.687398e+02 0.000000e+00 0.000000e+00 0.000000e+00 0.000000e+00 0.000000e+00 0.000000e+00 0.000000e+00 0.000000e+00 0.000000e+00
2.287000e+00 0.000000e+00 -5.966370e+03 -7.041167e+03 0.000000e+00 0.000000e+00 0.000000e+00 -1.965032e+02 -1.757979e+02 1.657963e+03 3.686324e+02 0.000000e+00 0.000000e+00 0.000000e+00 0.000000e+00 0.000000e+00 0.000000e+00 0.000000e+00 0.000000e+00 0.000000e+00
2.288000e+00 0.000000e+00 -5.956275e+03 -7.033421e+03 0.000000e+00 0.000000e+00 0.000000e+00 -1.964811e+02 -1.757789e+02 1.655937e+03 3.685366e+02 0.000000e+00 0.000000e+00 0.000000e+00 0.000000e+00 0.000000e+00 0.000000e+00 0.000000e+00 0.000000e+00 0.000000e+00
2.289000e+00 0.000000e+00 -5.946292e+03 -7.025878e+03 0.000000e+00 0.000000e+00 0.000000e+00 -1.964651e+02 -1.757654e+02 1.653922e+03 3.684530e+02 0.000000e+00 0.000000e+00 0.000000e+00 0.000000e+00 0.000000e+00 0.000000e+00 0.000000e+00 0.000000e+00 0.000000e+00
2.290000e+00 0.000000e+00 -5.936427e+03 -7.018538e+03 0.000000e+00 0.000000e+00 0.000000e+00 -1.964555e+02 -1.757578e+02 1.651917e+03 3.683824e+02 0.000000e+00 0.000000e+00 0.000000e+00 0.000000e+00 0.000000e+00 0.000000e+00 0.000000e+00 0.000000e+00 0.000000e+00
2.291000e+00 0.000000e+00 -5.926681e+03 -7.011406e+03 0.000000e+00 0.000000e+00 0.000000e+00 -1.964526e+02 -1.757563e+02 1.649925e+03 3.683253e+02 0.000000e+00 0.000000e+00 0.000000e+00 0.000000e+00 0.000000e+00 0.000000e+00 0.000000e+00 0.000000e+00 0.000000e+00
2.292000e+00 0.000000e+00 -5.917060e+03 -7.004483e+03 0.000000e+00 0.000000e+00 0.000000e+00 -1.964567e+02 -1.757612e+02 1.647944e+03 3.682826e+02 0.000000e+00 0.000000e+00 0.000000e+00 0.000000e+00 0.000000e+00 0.000000e+00 0.000000e+00 0.000000e+00 0.000000e+00
2.293000e+00 0.000000e+00 -5.907567e+03 -6.997771e+03 0.000000e+00 0.000000e+00 0.000000e+00 -1.964679e+02 -1.757728e+02 1.645976e+03 3.682548e+02 0.000000e+00 0.000000e+00 0.000000e+00 0.000000e+00 0.000000e+00 0.000000e+00 0.000000e+00 0.000000e+00 0.000000e+00
2.294000e+00 0.000000e+00 -5.898205e+03 -6.991273e+03 0.000000e+00 0.000000e+00 0.000000e+00 -1.964867e+02 -1.757913e+02 1.644021e+03 3.682426e+02 0.000000e+00 0.000000e+00 0.000000e+00 0.000000e+00 0.000000e+00 0.000000e+00 0.000000e+00 0.000000e+00 0.000000e+00
2.295000e+00 0.000000e+00 -5.888977e+03 -6.984991e+03 0.000000e+00 0.000000e+00 0.000000e+00 -1.965133e+02 -1.758171e+02 1.642080e+03 3.682467e+02 0.000000e+00 0.000000e+00 0.000000e+00 0.000000e+00 0.000000e+00 0.000000e+00 0.000000e+00 0.000000e+00 0.000000e+00
2.296000e+00 0.000000e+00 -5.879887e+03 -6.978926e+03 0.000000e+00 0.000000e+00 0.000000e+00 -1.965480e+02 -1.758504e+02 1.640153e+03 3.682677e+02 0.000000e+00 0.000000e+00 0.000000e+00 0.000000e+00 0.000000e+00 0.000000e+00 0.000000e+00 0.000000e+00 0.000000e+00
2.297000e+00 0.000000e+00 -5.870937e+03 -6.973080e+03 0.000000e+00 0.000000e+00 0.000000e+00 -1.965910e+02 -1.758914e+02 1.638241e+03 3.683062e+02 0.000000e+00 0.000000e+00 0.000000e+00 0.000000e+00 0.000000e+00 0.000000e+00 0.000000e+00 0.000000e+00 0.000000e+00
2.298000e+00 0.000000e+00 -5.862132e+03 -6.967456e+03 0.000000e+00 0.000000e+00 0.000000e+00 -1.966426e+02 -1.759405e+02 1.636344e+03 3.683629e+02 0.000000e+00 0.000000e+00 0.000000e+00 0.000000e+00 0.000000e+00 0.000000e+00 0.000000e+00 0.000000e+00 0.000000e+00
2.299000e+00 0.000000e+00 -5.853474e+03 -6.962054e+03 0.000000e+00 0.000000e+00 0.000000e+00 -1.967030e+02 -1.759980e+02 1.634463e+03 3.684383e+02 0.000000e+00 0.000000e+00 0.000000e+00 0.000000e+00 0.000000e+00 0.000000e+00 0.000000e+00 0.000000e+00 0.000000e+00
2.300000e+00 0.000000e+00 -5.844966e+03 -6.956876e+03 0.000000e+00 0.000000e+00 0.000000e+00 -1.967726e+02 -1.760639e+02 1.632598e+03 3.685332e+02 0.000000e+00 0.000000e+00 0.000000e+00 0.000000e+00 0.000000e+00 0.000000e+00 0.000000e+00 0.000000e+00 0.000000e+00
2.301000e+00 0.000000e+00 -5.836611e+03 -6.951924e+03 0.000000e+00 0.000000e+00 0.000000e+00 -1.968516e+02 -1.761388e+02 1.630750e+03 3.686481e+02 0.000000e+00 0.000000e+00 0.000000e+00 0.000000e+00 0.000000e+00 0.000000e+00 0.000000e+00 0.000000e+00 0.000000e+00
2.302000e+00 0.000000e+00 -5.828412e+03 -6.947199e+03 0.000000e+00 0.000000e+00 0.000000e+00 -1.969402e+02 -1.762227e+02 1.628918e+03 3.687837e+02 0.000000e+00 0.000000e+00 0.000000e+00 0.000000e+00 0.000000e+00 0.000000e+00 0.000000e+00 0.000000e+00 0.000000e+00
2.303000e+00 0.000000e+00 -5.820371e+03 -6.942701e+03 0.000000e+00 0.000000e+00 0.000000e+00 -1.970387e+02 -1.763160e+02 1.627104e+03 3.689404e+02 0.000000e+00 0.000000e+00 0.000000e+00 0.000000e+00 0.000000e+00 0.000000e+00 0.000000e+00 0.000000e+00 0.000000e+00
2.304000e+00 0.000000e+00 -5.812492e+03 -6.938433e+03 0.000000e+00 0.000000e+00 0.000000e+00 -1.971474e+02 -1.764188e+02 1.625308e+03 3.691189e+02 0.000000e+00 0.000000e+00 0.000000e+00 0.000000e+00 0.000000e+00 0.000000e+00 0.000000e+00 0.000000e+00 0.000000e+00
2.305000e+00 0.000000e+00 -5.804776e+03 -6.934394e+03 0.000000e+00 0.000000e+00 0.000000e+00 -1.972664e+02 -1.765315e+02 1.623531e+03 3.693197e+02 0.000000e+00 0.000000e+00 0.000000e+00 0.000000e+00 0.000000e+00 0.000000e+00 0.000000e+00 0.000000e+00 0.000000e+00
2.306000e+00 0.000000e+00 -5.797226e+03 -6.930587e+03 0.000000e+00 0.000000e+00 0.000000e+00 -1.973960e+02 -1.766543e+02 1.621772e+03 3.695434e+02 0.000000e+00 0.000000e+00 0.000000e+00 0.000000e+00 0.000000e+00 0.000000e+00 0.000000e+00 0.000000e+00 0.000000e+00
2.307000e+00 0.000000e+00 -5.789844e+03 -6.927011e+03 0.000000e+00 0.000000e+00 0.000000e+00 -1.975365e+02 -1.767873e+02 1.620032e+03 3.697905e+02 0.000000e+00 0.000000e+00 0.000000e+00 0.000000e+00 0.000000e+00 0.000000e+00 0.000000e+00 0.000000e+00 0.000000e+00
2.308000e+00 0.000000e+00 -5.782634e+03 -6.923667e+03 0.000000e+00 0.000000e+00 0.000000e+00 -1.976881e+02 -1.769309e+02 1.618312e+03 3.700617e+02 0.000000e+00 0.000000e+00 0.000000e+00 0.000000e+00 0.000000e+00 0.000000e+00 0.000000e+00 0.000000e+00 0.000000e+00
2.309000e+00 0.000000e+00 -5.775596e+03 -6.920556e+03 0.000000e+00 0.000000e+00 0.000000e+00 -1.978509e+02 -1.770853e+02 1.616612e+03 3.703573e+02 0.000000e+00 0.000000e+00 0.000000e+00 0.000000e+00 0.000000e+00 0.000000e+00 0.000000e+00 0.000000e+00 0.000000e+00
2.310000e+00 0.000000e+00 -5.768733e+03 -6.917678e+03 0.000000e+00 0.000000e+00 0.000000e+00 -1.980253e+02 -1.772507e+02 1.614931e+03 3.706779e+02 0.000000e+00 0.000000e+00 0.000000e+00 0.000000e+00 0.000000e+00 0.000000e+00 0.000000e+00 0.000000e+00 0.000000e+00
2.311000e+00 0.000000e+00 -5.762047e+03 -6.915034e+03 0.000000e+00 0.000000e+00 0.000000e+00 -1.982115e+02 -1.774273e+02 1.613272e+03 3.710241e+02 0.000000e+00 0.000000e+00 0.000000e+00 0.000000e+00 0.000000e+00 0.000000e+00 0.000000e+00 0.000000e+00 0.000000e+00
2.312000e+00 0.000000e+00 -5.755540e+03 -6.912624e+03 0.000000e+00 0.000000e+00 0.000000e+00 -1.984097e+02 -1.776154e+02 1.611633e+03 3.713963e+02 0.000000e+00 0.000000e+00 0.000000e+00 0.000000e+00 0.000000e+00 0.000000e+00 0.000000e+00 0.000000e+00 0.000000e+00
2.313000e+00 0.000000e+00 -5.749213e+03 -6.910448e+03 0.000000e+00 0.000000e+00 0.000000e+00 -1.986200e+02 -1.778151e+02 1.610015e+03 3.717950e+02 0.000000e+00 0.000000e+00 0.000000e+00 0.000000e+00 0.000000e+00 0.000000e+00 0.000000e+00 0.000000e+00 0.000000e+00
2.314000e+00 0.000000e+00 -5.743069e+03 -6.908506e+03 0.000000e+00 0.000000e+00 0.000000e+00 -1.988428e+02 -1.780268e+02 1.608419e+03 3.722206e+02 0.000000e+00 0.000000e+00 0.000000e+00 0.000000e+00 0.000000e+00 0.000000e+00 0.000000e+00 0.000000e+00 0.000000e+00
2.315000e+00 0.000000e+00 -5.737108e+03 -6.906799e+03 0.000000e+00 0.000000e+00 0.000000e+00 -1.990783e+02 -1.782505e+02 1.606845e+03 3.726737e+02 0.000000e+00 0.000000e+00 0.000000e+00 0.000000e+00 0.000000e+00 0.000000e+00 0.000000e+00 0.000000e+00 0.000000e+00
2.316000e+00 0.000000e+00 -5.731333e+03 -6.905325e+03 0.000000e+00 0.000000e+00 0.000000e+00 -1.993265e+02 -1.784865e+02 1.605293e+03 3.731547e+02 0.000000e+00 0.000000e+00 0.000000e+00 0.000000e+00 0.000000e+00 0.000000e+00 0.000000e+00 0.000000e+00 0.000000e+00
2.317000e+00 0.000000e+00 -5.725744e+03 -6.904086e+03 0.000000e+00 0.000000e+00 0.000000e+00 -1.995878e+02 -1.787350e+02 1.603763e+03 3.736640e+02 0.000000e+00 0.000000e+00 0.000000e+00 0.000000e+00 0.000000e+00 0.000000e+00 0.000000e+00 0.000000e+00 0.000000e+00
2.318000e+00 0.000000e+00 -5.720342e+03 -6.903080e+03 0.000000e+00 0.000000e+00 0.000000e+00 -1.998622e+02 -1.789962e+02 1.602255e+03 3.742020e+02 0.000000e+00 0.000000e+00 0.000000e+00 0.000000e+00 0.000000e+00 0.000000e+00 0.000000e+00 0.000000e+00 0.000000e+00
2.319000e+00 0.000000e+00 -5.715130e+03 -6.902307e+03 0.000000e+00 0.000000e+00 0.000000e+00 -2.001501e+02 -1.792703e+02 1.600770e+03 3.747690e+02 0.000000e+00 0.000000e+00 0.000000e+00 0.000000e+00 0.000000e+00 0.000000e+00 0.000000e+00 0.000000e+00 0.000000e+00
2.320000e+00 0.000000e+00 -5.710108e+03 -6.901766e+03 0.000000e+00 0.000000e+00 0.000000e+00 -2.004515e+02 -1.795574e+02 1.599309e+03 3.753656e+02 0.000000e+00 0.000000e+00 0.000000e+00 0.000000e+00 0.000000e+00 0.000000e+00 0.000000e+00 0.000000e+00 0.000000e+00
2.321000e+00 0.000000e+00 -5.705277e+03 -6.901457e+03 0.000000e+00 0.000000e+00 0.000000e+00 -2.007666e+02 -1.798577e+02 1.597870e+03 3.759920e+02 0.000000e+00 0.000000e+00 0.000000e+00 0.000000e+00 0.000000e+00 0.000000e+00 0.000000e+00 0.000000e+00 0.000000e+00
2.322000e+00 0.000000e+00 -5.700637e+03 -6.901379e+03 0.000000e+00 0.000000e+00 0.000000e+00 -2.010957e+02 -1.801713e+02 1.596455e+03 3.766485e+02 0.000000e+00 0.000000e+00 0.000000e+00 0.000000e+00 0.000000e+00 0.000000e+00 0.000000e+00 0.000000e+00 0.000000e+00
2.323000e+00 0.000000e+00 -5.696190e+03 -6.901531e+03 0.000000e+00 0.000000e+00 0.000000e+00 -2.014387e+02 -1.804985e+02 1.595063e+03 3.773356e+02 0.000000e+00 0.000000e+00 0.000000e+00 0.000000e+00 0.000000e+00 0.000000e+00 0.000000e+00 0.000000e+00 0.000000e+00
2.324000e+00 0.000000e+00 -5.691936e+03 -6.901912e+03 0.000000e+00 0.000000e+00 0.000000e+00 -2.017960e+02 -1.808393e+02 1.593695e+03 3.780535e+02 0.000000e+00 0.000000e+00 0.000000e+00 0.000000e+00 0.000000e+00 0.000000e+00 0.000000e+00 0.000000e+00 0.000000e+00
2.325000e+00 0.000000e+00 -5.687876e+03 -6.902522e+03 0.000000e+00 0.000000e+00 0.000000e+00 -2.021675e+02 -1.811939e+02 1.592351e+03 3.788025e+02 0.000000e+00 0.000000e+00 0.000000e+00 0.000000e+00 0.000000e+00 0.000000e+00 0.000000e+00 0.000000e+00 0.000000e+00
2.326000e+00 0.000000e+00 -5.684010e+03 -6.903358e+03 0.000000e+00 0.000000e+00 0.000000e+00 -2.025535e+02 -1.815625e+02 1.591030e+03 3.795829e+02 0.000000e+00 0.000000e+00 0.000000e+00 0.000000e+00 0.000000e+00 0.000000e+00 0.000000e+00 0.000000e+00 0.000000e+00
2.327000e+00 0.000000e+00 -5.680339e+03 -6.904419e+03 0.000000e+00 0.000000e+00 0.000000e+00 -2.029541e+02 -1.819451e+02 1.589734e+03 3.803949e+02 0.000000e+00 0.000000e+00 0.000000e+00 0.000000e+00 0.000000e+00 0.000000e+00 0.000000e+00 0.000000e+00 0.000000e+00
2.328000e+00 0.000000e+00 -5.676862e+03 -6.905705e+03 0.000000e+00 0.000000e+00 0.000000e+00 -2.033694e+02 -1.823419e+02 1.588462e+03 3.812388e+02 0.000000e+00 0.000000e+00 0.000000e+00 0.000000e+00 0.000000e+00 0.000000e+00 0.000000e+00 0.000000e+00 0.000000e+00
2.329000e+00 0.000000e+00 -5.673580e+03 -6.907214e+03 0.000000e+00 0.000000e+00 0.000000e+00 -2.037995e+02 -1.827530e+02 1.587214e+03 3.821148e+02 0.000000e+00 0.000000e+00 0.000000e+00 0.000000e+00 0.000000e+00 0.000000e+00 0.000000e+00 0.000000e+00 0.000000e+00
2.330000e+00 0.000000e+00 -5.670493e+03 -6.908943e+03 0.000000e+00 0.000000e+00 0.000000e+00 -2.042445e+02 -1.831785e+02 1.585990e+03 3.830231e+02 0.000000e+00 0.000000e+00 0.000000e+00 0.000000e+00 0.000000e+00 0.000000e+00 0.000000e+00 0.000000e+00 0.000000e+00
2.331000e+00 0.000000e+00 -5.667601e+03 -6.910892e+03 0.000000e+00 0.000000e+00 0.000000e+00 -2.047045e+02 -1.836185e+02 1.584791e+03 3.839638e+02 0.000000e+00 0.000000e+00 0.000000e+00 0.000000e+00 0.000000e+00 0.000000e+00 0.000000e+00 0.000000e+00 0.000000e+00
2.332000e+00 0.000000e+00 -5.664903e+03 -6.913059e+03 0.000000e+00 0.000000e+00 0.000000e+00 -2.051796e+02 -1.840731e+02 1.583617e+03 3.849373e+02 0.000000e+00 0.000000e+00 0.000000e+00 0.000000e+00 0.000000e+00 0.000000e+00 0.000000e+00 0.000000e+00 0.000000e+00
2.333000e+00 0.000000e+00 -5.662400e+03 -6.915441e+03 0.000000e+00 0.000000e+00 0.000000e+00 -2.056698e+02 -1.845423e+02 1.582466e+03 3.859436e+02 0.000000e+00 0.000000e+00 0.000000e+00 0.000000e+00 0.000000e+00 0.000000e+00 0.000000e+00 0.000000e+00 0.000000e+00
2.334000e+00 0.000000e+00 -5.660090e+03 -6.918038e+03 0.000000e+00 0.000000e+00 0.000000e+00 -2.061754e+02 -1.850263e+02 1.581341e+03 3.869828e+02 0.000000e+00 0.000000e+00 0.000000e+00 0.000000e+00 0.000000e+00 0.000000e+00 0.000000e+00 0.000000e+00 0.000000e+00
2.335000e+00 0.000000e+00 -5.657974e+03 -6.920847e+03 0.000000e+00 0.000000e+00 0.000000e+00 -2.066963e+02 -1.855252e+02 1.580239e+03 3.880552e+02 0.000000e+00 0.000000e+00 0.000000e+00 0.000000e+00 0.000000e+00 0.000000e+00 0.000000e+00 0.000000e+00 0.000000e+00
2.336000e+00 0.000000e+00 -5.656050e+03 -6.923866e+03 0.000000e+00 0.000000e+00 0.000000e+00 -2.072326e+02 -1.860391e+02 1.579162e+03 3.891608e+02 0.000000e+00 0.000000e+00 0.000000e+00 0.000000e+00 0.000000e+00 0.000000e+00 0.000000e+00 0.000000e+00 0.000000e+00
2.337000e+00 0.000000e+00 -5.654319e+03 -6.927094e+03 0.000000e+00 0.000000e+00 0.000000e+00 -2.077845e+02 -1.865679e+02 1.578110e+03 3.902997e+02 0.000000e+00 0.000000e+00 0.000000e+00 0.000000e+00 0.000000e+00 0.000000e+00 0.000000e+00 0.000000e+00 0.000000e+00
2.338000e+00 0.000000e+00 -5.652778e+03 -6.930528e+03 0.000000e+00 0.000000e+00 0.000000e+00 -2.083519e+02 -1.871118e+02 1.577082e+03 3.914721e+02 0.000000e+00 0.000000e+00 0.000000e+00 0.000000e+00 0.000000e+00 0.000000e+00 0.000000e+00 0.000000e+00 0.000000e+00
2.339000e+00 0.000000e+00 -5.651428e+03 -6.934166e+03 0.000000e+00 0.000000e+00 0.000000e+00 -2.089350e+02 -1.876708e+02 1.576078e+03 3.926779e+02 0.000000e+00 0.000000e+00 0.000000e+00 0.000000e+00 0.000000e+00 0.000000e+00 0.000000e+00 0.000000e+00 0.000000e+00
2.340000e+00 0.000000e+00 -5.650266e+03 -6.938005e+03 0.000000e+00 0.000000e+00 0.000000e+00 -2.095337e+02 -1.882450e+02 1.575099e+03 3.939172e+02 0.000000e+00 0.000000e+00 0.000000e+00 0.000000e+00 0.000000e+00 0.000000e+00 0.000000e+00 0.000000e+00 0.000000e+00
2.341000e+00 0.000000e+00 -5.649293e+03 -6.942044e+03 0.000000e+00 0.000000e+00 0.000000e+00 -2.101481e+02 -1.888344e+02 1.574143e+03 3.951900e+02 0.000000e+00 0.000000e+00 0.000000e+00 0.000000e+00 0.000000e+00 0.000000e+00 0.000000e+00 0.000000e+00 0.000000e+00
2.342000e+00 0.000000e+00 -5.648507e+03 -6.946279e+03 0.000000e+00 0.000000e+00 0.000000e+00 -2.107783e+02 -1.894390e+02 1.573212e+03 3.964963e+02 0.000000e+00 0.000000e+00 0.000000e+00 0.000000e+00 0.000000e+00 0.000000e+00 0.000000e+00 0.000000e+00 0.000000e+00
2.343000e+00 0.000000e+00 -5.647906e+03 -6.950709e+03 0.000000e+00 0.000000e+00 0.000000e+00 -2.114242e+02 -1.900588e+02 1.572305e+03 3.978361e+02 0.000000e+00 0.000000e+00 0.000000e+00 0.000000e+00 0.000000e+00 0.000000e+00 0.000000e+00 0.000000e+00 0.000000e+00
2.344000e+00 0.000000e+00 -5.647489e+03 -6.955330e+03 0.000000e+00 0.000000e+00 0.000000e+00 -2.120858e+02 -1.906939e+02 1.571422e+03 3.992094e+02 0.000000e+00 0.000000e+00 0.000000e+00 0.000000e+00 0.000000e+00 0.000000e+00 0.000000e+00 0.000000e+00 0.000000e+00
2.345000e+00 0.000000e+00 -5.647254e+03 -6.960140e+03 0.000000e+00 0.000000e+00 0.000000e+00 -2.127632e+02 -1.913443e+02 1.570562e+03 4.006160e+02 0.000000e+00 0.000000e+00 0.000000e+00 0.000000e+00 0.000000e+00 0.000000e+00 0.000000e+00 0.000000e+00 0.000000e+00
2.346000e+00 0.000000e+00 -5.647201e+03 -6.965136e+03 0.000000e+00 0.000000e+00 0.000000e+00 -2.134563e+02 -1.920099e+02 1.569726e+03 4.020559e+02 0.000000e+00 0.000000e+00 0.000000e+00 0.000000e+00 0.000000e+00 0.000000e+00 0.000000e+00 0.000000e+00 0.000000e+00
2.347000e+00 0.000000e+00 -5.647327e+03 -6.970316e+03 0.000000e+00 0.000000e+00 0.000000e+00 -2.141652e+02 -1.926907e+02 1.568914e+03 4.035291e+02 0.000000e+00 0.000000e+00 0.000000e+00 0.000000e+00 0.000000e+00 0.000000e+00 0.000000e+00 0.000000e+00 0.000000e+00
2.348000e+00 0.000000e+00 -5.647630e+03 -6.975676e+03 0.000000e+00 0.000000e+00 0.000000e+00 -2.148897e+02 -1.933867e+02 1.568124e+03 4.050353e+02 0.000000e+00 0.000000e+00 0.000000e+00 0.000000e+00 0.000000e+00 0.000000e+00 0.000000e+00 0.000000e+00 0.000000e+00
2.349000e+00 0.000000e+00 -5.648109e+03 -6.981214e+03 0.000000e+00 0.000000e+00 0.000000e+00 -2.156299e+02 -1.940979e+02 1.567358e+03 4.065744e+02 0.000000e+00 0.000000e+00 0.000000e+00 0.000000e+00 0.000000e+00 0.000000e+00 0.000000e+00 0.000000e+00 0.000000e+00
2.350000e+00 0.000000e+00 -5.648762e+03 -6.986926e+03 0.000000e+00 0.000000e+00 0.000000e+00 -2.163857e+02 -1.948242e+02 1.566615e+03 4.081464e+02 0.000000e+00 0.000000e+00 0.000000e+00 0.000000e+00 0.000000e+00 0.000000e+00 0.000000e+00 0.000000e+00 0.000000e+00
2.351000e+00 0.000000e+00 -5.649587e+03 -6.992809e+03 0.000000e+00 0.000000e+00 0.000000e+00 -2.171571e+02 -1.955656e+02 1.565895e+03 4.097509e+02 0.000000e+00 0.000000e+00 0.000000e+00 0.000000e+00 0.000000e+00 0.000000e+00 0.000000e+00 0.000000e+00 0.000000e+00
2.352000e+00 0.000000e+00 -5.650581e+03 -6.998861e+03 0.000000e+00 0.000000e+00 0.000000e+00 -2.179440e+02 -1.963220e+02 1.565197e+03 4.113878e+02 0.000000e+00 0.000000e+00 0.000000e+00 0.000000e+00 0.000000e+00 0.000000e+00 0.000000e+00 0.000000e+00 0.000000e+00
2.353000e+00 0.000000e+00 -5.651743e+03 -7.005078e+03 0.000000e+00 0.000000e+00 0.000000e+00 -2.187464e+02 -1.970933e+02 1.564521e+03 4.130570e+02 0.000000e+00 0.000000e+00 0.000000e+00 0.000000e+00 0.000000e+00 0.000000e+00 0.000000e+00 0.000000e+00 0.000000e+00
2.354000e+00 0.000000e+00 -5.653070e+03 -7.011457e+03 0.000000e+00 0.000000e+00 0.000000e+00 -2.195641e+02 -1.978796e+02 1.563867e+03 4.147580e+02 0.000000e+00 0.000000e+00 0.000000e+00 0.000000e+00 0.000000e+00 0.000000e+00 0.000000e+00 0.000000e+00 0.000000e+00
2.355000e+00 0.000000e+00 -5.654559e+03 -7.017994e+03 0.000000e+00 0.000000e+00 0.000000e+00 -2.203970e+02 -1.986806e+02 1.563235e+03 4.164908e+02 0.000000e+00 0.000000e+00 0.000000e+00 0.000000e+00 0.000000e+00 0.000000e+00 0.000000e+00 0.000000e+00 0.000000e+00
2.356000e+00 0.000000e+00 -5.656210e+03 -7.024687e+03 0.000000e+00 0.000000e+00 0.000000e+00 -2.212453e+02 -1.994964e+02 1.562625e+03 4.182551e+02 0.000000e+00 0.000000e+00 0.000000e+00 0.000000e+00 0.000000e+00 0.000000e+00 0.000000e+00 0.000000e+00 0.000000e+00
2.357000e+00 0.000000e+00 -5.658017e+03 -7.031532e+03 0.000000e+00 0.000000e+00 0.000000e+00 -2.221087e+02 -2.003269e+02 1.562036e+03 4.200506e+02 0.000000e+00 0.000000e+00 0.000000e+00 0.000000e+00 0.000000e+00 0.000000e+00 0.000000e+00 0.000000e+00 0.000000e+00
2.358000e+00 0.000000e+00 -5.659980e+03 -7.038527e+03 0.000000e+00 0.000000e+00 0.000000e+00 -2.229871e+02 -2.011719e+02 1.561467e+03 4.218770e+02 0.000000e+00 0.000000e+00 0.000000e+00 0.000000e+00 0.000000e+00 0.000000e+00 0.000000e+00 0.000000e+00 0.000000e+00
2.359000e+00 0.000000e+00 -5.662096e+03 -7.045667e+03 0.000000e+00 0.000000e+00 0.000000e+00 -2.238806e+02 -2.020315e+02 1.560920e+03 4.237341e+02 0.000000e+00 0.000000e+00 0.000000e+00 0.000000e+00 0.000000e+00 0.000000e+00 0.000000e+00 0.000000e+00 0.000000e+00
2.360000e+00 0.000000e+00 -5.664361e+03 -7.052950e+03 0.000000e+00 0.000000e+00 0.000000e+00 -2.247889e+02 -2.029055e+02 1.560393e+03 4.256216e+02 0.000000e+00 0.000000e+00 0.000000e+00 0.000000e+00 0.000000e+00 0.000000e+00 0.000000e+00 0.000000e+00 0.000000e+00
2.361000e+00 0.000000e+00 -5.666773e+03 -7.060372e+03 0.000000e+00 0.000000e+00 0.000000e+00 -2.257121e+02 -2.037938e+02 1.559886e+03 4.275390e+02 0.000000e+00 0.000000e+00 0.000000e+00 0.000000e+00 0.000000e+00 0.000000e+00 0.000000e+00 0.000000e+00 0.000000e+00
2.362000e+00 0.000000e+00 -5.669329e+03 -7.067929e+03 0.000000e+00 0.000000e+00 0.000000e+00 -2.266499e+02 -2.046962e+02 1.559399e+03 4.294861e+02 0.000000e+00 0.000000e+00 0.000000e+00 0.000000e+00 0.000000e+00 0.000000e+00 0.000000e+00 0.000000e+00 0.000000e+00
2.363000e+00 0.000000e+00 -5.672025e+03 -7.075619e+03 0.000000e+00 0.000000e+00 0.000000e+00 -2.276022e+02 -2.056127e+02 1.558931e+03 4.314624e+02 0.000000e+00 0.000000e+00 0.000000e+00 0.000000e+00 0.000000e+00 0.000000e+00 0.000000e+00 0.000000e+00 0.000000e+00
2.364000e+00 0.000000e+00 -5.674860e+03 -7.083438e+03 0.000000e+00 0.000000e+00 0.000000e+00 -2.285690e+02 -2.065432e+02 1.558483e+03 4.334677e+02 0.000000e+00 0.000000e+00 0.000000e+00 0.000000e+00 0.000000e+00 0.000000e+00 0.000000e+00 0.000000e+00 0.000000e+00
2.365000e+00 0.000000e+00 -5.677829e+03 -7.091383e+03 0.000000e+00 0.000000e+00 0.000000e+00 -2.295500e+02 -2.074874e+02 1.558053e+03 4.355014e+02 0.000000e+00 0.000000e+00 0.000000e+00 0.000000e+00 0.000000e+00 0.000000e+00 0.000000e+00 0.000000e+00 0.000000e+00
2.366000e+00 0.000000e+00 -5.680930e+03 -7.099449e+03 0.000000e+00 0.000000e+00 0.000000e+00 -2.305452e+02 -2.084453e+02 1.557641e+03 4.375633e+02 0.000000e+00 0.000000e+00 0.000000e+00 0.000000e+00 0.000000e+00 0.000000e+00 0.000000e+00 0.000000e+00 0.000000e+00
2.367000e+00 0.000000e+00 -5.684160e+03 -7.107633e+03 0.000000e+00 0.000000e+00 0.000000e+00 -2.315543e+02 -2.094166e+02 1.557248e+03 4.396528e+02 0.000000e+00 0.000000e+00 0.000000e+00 0.000000e+00 0.000000e+00 0.000000e+00 0.000000e+00 0.000000e+00 0.000000e+00
2.368000e+00 0.000000e+00 -5.687514e+03 -7.115932e+03 0.000000e+00 0.000000e+00 0.000000e+00 -2.325773e+02 -2.104013e+02 1.556873e+03 4.417695e+02 0.000000e+00 0.000000e+00 0.000000e+00 0.000000e+00 0.000000e+00 0.000000e+00 0.000000e+00 0.000000e+00 0.000000e+00
2.369000e+00 0.000000e+00 -5.690991e+03 -7.124342e+03 0.000000e+00 0.000000e+00 0.000000e+00 -2.336139e+02 -2.113992e+02 1.556515e+03 4.439130e+02 0.000000e+00 0.000000e+00 0.000000e+00 0.000000e+00 0.000000e+00 0.000000e+00 0.000000e+00 0.000000e+00 0.000000e+00
2.370000e+00 0.000000e+00 -5.694586e+03 -7.132860e+03 0.000000e+00 0.000000e+00 0.000000e+00 -2.346639e+02 -2.124100e+02 1.556173e+03 4.460827e+02 0.000000e+00 0.000000e+00 0.000000e+00 0.000000e+00 0.000000e+00 0.000000e+00 0.000000e+00 0.000000e+00 0.000000e+00
2.371000e+00 0.000000e+00 -5.698296e+03 -7.141482e+03 0.000000e+00 0.000000e+00 0.000000e+00 -2.357273e+02 -2.134337e+02 1.555849e+03 4.482782e+02 0.000000e+00 0.000000e+00 0.000000e+00 0.000000e+00 0.000000e+00 0.000000e+00 0.000000e+00 0.000000e+00 0.000000e+00
2.372000e+00 0.000000e+00 -5.702118e+03 -7.150204e+03 0.000000e+00 0.000000e+00 0.000000e+00 -2.368037e+02 -2.144700e+02 1.555541e+03 4.504989e+02 0.000000e+00 0.000000e+00 0.000000e+00 0.000000e+00 0.000000e+00 0.000000e+00 0.000000e+00 0.000000e+00 0.000000e+00
2.373000e+00 0.000000e+00 -5.706048e+03 -7.159022e+03 0.000000e+00 0.000000e+00 0.000000e+00 -2.378931e+02 -2.155187e+02 1.555248e+03 4.527444e+02 0.000000e+00 0.000000e+00 0.000000e+00 0.000000e+00 0.000000e+00 0.000000e+00 0.000000e+00 0.000000e+00 0.000000e+00
2.374000e+00 0.000000e+00 -5.710083e+03 -7.167934e+03 0.000000e+00 0.000000e+00 0.000000e+00 -2.389951e+02 -2.165796e+02 1.554971e+03 4.550141e+02 0.000000e+00 0.000000e+00 0.000000e+00 0.000000e+00 0.000000e+00 0.000000e+00 0.000000e+00 0.000000e+00 0.000000e+00
2.375000e+00 0.000000e+00 -5.714219e+03 -7.176934e+03 0.000000e+00 0.000000e+00 0.000000e+00 -2.401096e+02 -2.176525e+02 1.554709e+03 4.573075e+02 0.000000e+00 0.000000e+00 0.000000e+00 0.000000e+00 0.000000e+00 0.000000e+00 0.000000e+00 0.000000e+00 0.000000e+00
2.376000e+00 0.000000e+00 -5.718452e+03 -7.186020e+03 0.000000e+00 0.000000e+00 0.000000e+00 -2.412364e+02 -2.187372e+02 1.554462e+03 4.596239e+02 0.000000e+00 0.000000e+00 0.000000e+00 0.000000e+00 0.000000e+00 0.000000e+00 0.000000e+00 0.000000e+00 0.000000e+00
2.377000e+00 0.000000e+00 -5.722779e+03 -7.195189e+03 0.000000e+00 0.000000e+00 0.000000e+00 -2.423752e+02 -2.198335e+02 1.554229e+03 4.619629e+02 0.000000e+00 0.000000e+00 0.000000e+00 0.000000e+00 0.000000e+00 0.000000e+00 0.000000e+00 0.000000e+00 0.000000e+00
2.378000e+00 0.000000e+00 -5.727197e+03 -7.204436e+03 0.000000e+00 0.000000e+00 0.000000e+00 -2.435259e+02 -2.209412e+02 1.554010e+03 4.643238e+02 0.000000e+00 0.000000e+00 0.000000e+00 0.000000e+00 0.000000e+00 0.000000e+00 0.000000e+00 0.000000e+00 0.000000e+00
2.379000e+00 0.000000e+00 -5.731700e+03 -7.213758e+03 0.000000e+00 0.000000e+00 0.000000e+00 -2.446883e+02 -2.220601e+02 1.553804e+03 4.667062e+02 0.000000e+00 0.000000e+00 0.000000e+00 0.000000e+00 0.000000e+00 0.000000e+00 0.000000e+00 0.000000e+00 0.000000e+00
2.380000e+00 0.000000e+00 -5.736287e+03 -7.223151e+03 0.000000e+00 0.000000e+00 0.000000e+00 -2.458621e+02 -2.231899e+02 1.553611e+03 4.691094e+02 0.000000e+00 0.000000e+00 0.000000e+00 0.000000e+00 0.000000e+00 0.000000e+00 0.000000e+00 0.000000e+00 0.000000e+00
2.381000e+00 0.000000e+00 -5.740951e+03 -7.232613e+03 0.000000e+00 0.000000e+00 0.000000e+00 -2.470471e+02 -2.243305e+02 1.553430e+03 4.715329e+02 0.000000e+00 0.000000e+00 0.000000e+00 0.000000e+00 0.000000e+00 0.000000e+00 0.000000e+00 0.000000e+00 0.000000e+00
2.382000e+00 0.000000e+00 -5.745691e+03 -7.242139e+03 0.000000e+00 0.000000e+00 0.000000e+00 -2.482431e+02 -2.254816e+02 1.553262e+03 4.739760e+02 0.000000e+00 0.000000e+00 0.000000e+00 0.000000e+00 0.000000e+00 0.000000e+00 0.000000e+00 0.000000e+00 0.000000e+00
2.383000e+00 0.000000e+00 -5.750501e+03 -7.251726e+03 0.000000e+00 0.000000e+00 0.000000e+00 -2.494498e+02 -2.266429e+02 1.553105e+03 4.764381e+02 0.000000e+00 0.000000e+00 0.000000e+00 0.000000e+00 0.000000e+00 0.000000e+00 0.000000e+00 0.000000e+00 0.000000e+00
2.384000e+00 0.000000e+00 -5.755379e+03 -7.261371e+03 0.000000e+00 0.000000e+00 0.000000e+00 -2.506671e+02 -2.278144e+02 1.552960e+03 4.789186e+02 0.000000e+00 0.000000e+00 0.000000e+00 0.000000e+00 0.000000e+00 0.000000e+00 0.000000e+00 0.000000e+00 0.000000e+00
2.385000e+00 0.000000e+00 -5.760319e+03 -7.271070e+03 0.000000e+00 0.000000e+00 0.000000e+00 -2.518946e+02 -2.289956e+02 1.552826e+03 4.814168e+02 0.000000e+00 0.000000e+00 0.000000e+00 0.000000e+00 0.000000e+00 0.000000e+00 0.000000e+00 0.000000e+00 0.000000e+00
2.386000e+00 0.000000e+00 -5.765319e+03 -7.280820e+03 0.000000e+00 0.000000e+00 0.000000e+00 -2.531321e+02 -2.301863e+02 1.552701e+03 4.839322e+02 0.000000e+00 0.000000e+00 0.000000e+00 0.000000e+00 0.000000e+00 0.000000e+00 0.000000e+00 0.000000e+00 0.000000e+00
2.387000e+00 0.000000e+00 -5.770374e+03 -7.290617e+03 0.000000e+00 0.000000e+00 0.000000e+00 -2.543794e+02 -2.313864e+02 1.552587e+03 4.864640e+02 0.000000e+00 0.000000e+00 0.000000e+00 0.000000e+00 0.000000e+00 0.000000e+00 0.000000e+00 0.000000e+00 0.000000e+00
2.388000e+00 0.000000e+00 -5.775480e+03 -7.300458e+03 0.000000e+00 0.000000e+00 0.000000e+00 -2.556362e+02 -2.325955e+02 1.552482e+03 4.890116e+02 0.000000e+00 0.000000e+00 0.000000e+00 0.000000e+00 0.000000e+00 0.000000e+00 0.000000e+00 0.000000e+00 0.000000e+00
2.389000e+00 0.000000e+00 -5.780634e+03 -7.310339e+03 0.000000e+00 0.000000e+00 0.000000e+00 -2.569022e+02 -2.338133e+02 1.552386e+03 4.915743e+02 0.000000e+00 0.000000e+00 0.000000e+00 0.000000e+00 0.000000e+00 0.000000e+00 0.000000e+00 0.000000e+00 0.000000e+00
2.390000e+00 0.000000e+00 -5.785831e+03 -7.320257e+03 0.000000e+00 0.000000e+00 0.000000e+00 -2.581772e+02 -2.350397e+02 1.552299e+03 4.941515e+02 0.000000e+00 0.000000e+00 0.000000e+00 0.000000e+00 0.000000e+00 0.000000e+00 0.000000e+00 0.000000e+00 0.000000e+00
2.391000e+00 0.000000e+00 -5.791067e+03 -7.330208e+03 0.000000e+00 0.000000e+00 0.000000e+00 -2.594609e+02 -2.362742e+02 1.552220e+03 4.967424e+02 0.000000e+00 0.000000e+00 0.000000e+00 0.000000e+00 0.000000e+00 0.000000e+00 0.000000e+00 0.000000e+00 0.000000e+00
2.392000e+00 0.000000e+00 -5.796339e+03 -7.340190e+03 0.000000e+00 0.000000e+00 0.000000e+00 -2.607530e+02 -2.375168e+02 1.552149e+03 4.993463e+02 0.000000e+00 0.000000e+00 0.000000e+00 0.000000e+00 0.000000e+00 0.000000e+00 0.000000e+00 0.000000e+00 0.000000e+00
2.393000e+00 0.000000e+00 -5.801643e+03 -7.350198e+03 0.000000e+00 0.000000e+00 0.000000e+00 -2.620532e+02 -2.387669e+02 1.552085e+03 5.019627e+02 0.000000e+00 0.000000e+00 0.000000e+00 0.000000e+00 0.000000e+00 0.000000e+00 0.000000e+00 0.000000e+00 0.000000e+00
2.394000e+00 0.000000e+00 -5.806974e+03 -7.360230e+03 0.000000e+00 0.000000e+00 0.000000e+00 -2.633612e+02 -2.400245e+02 1.552028e+03 5.045906e+02 0.000000e+00 0.000000e+00 0.000000e+00 0.000000e+00 0.000000e+00 0.000000e+00 0.000000e+00 0.000000e+00 0.000000e+00
2.395000e+00 0.000000e+00 -5.812328e+03 -7.370282e+03 0.000000e+00 0.000000e+00 0.000000e+00 -2.646768e+02 -2.412892e+02 1.551977e+03 5.072295e+02 0.000000e+00 0.000000e+00 0.000000e+00 0.000000e+00 0.000000e+00 0.000000e+00 0.000000e+00 0.000000e+00 0.000000e+00
2.396000e+00 0.000000e+00 -5.817703e+03 -7.380351e+03 0.000000e+00 0.000000e+00 0.000000e+00 -2.659996e+02 -2.425606e+02 1.551932e+03 5.098786e+02 0.000000e+00 0.000000e+00 0.000000e+00 0.000000e+00 0.000000e+00 0.000000e+00 0.000000e+00 0.000000e+00 0.000000e+00
2.397000e+00 0.000000e+00 -5.823093e+03 -7.390434e+03 0.000000e+00 0.000000e+00 0.000000e+00 -2.673293e+02 -2.438385e+02 1.551893e+03 5.125372e+02 0.000000e+00 0.000000e+00 0.000000e+00 0.000000e+00 0.000000e+00 0.000000e+00 0.000000e+00 0.000000e+00 0.000000e+00
2.398000e+00 0.000000e+00 -5.828495e+03 -7.400527e+03 0.000000e+00 0.000000e+00 0.000000e+00 -2.686658e+02 -2.451227e+02 1.551858e+03 5.152046e+02 0.000000e+00 0.000000e+00 0.000000e+00 0.000000e+00 0.000000e+00 0.000000e+00 0.000000e+00 0.000000e+00 0.000000e+00
2.399000e+00 0.000000e+00 -5.833905e+03 -7.410628e+03 0.000000e+00 0.000000e+00 0.000000e+00 -2.700086e+02 -2.464128e+02 1.551828e+03 5.178800e+02 0.000000e+00 0.000000e+00 0.000000e+00 0.000000e+00 0.000000e+00 0.000000e+00 0.000000e+00 0.000000e+00 0.000000e+00
2.400000e+00 0.000000e+00 -5.839319e+03 -7.420734e+03 0.000000e+00 0.000000e+00 0.000000e+00 -2.713575e+02 -2.477086e+02 1.551803e+03 5.205628e+02 0.000000e+00 0.000000e+00 0.000000e+00 0.000000e+00 0.000000e+00 0.000000e+00 0.000000e+00 0.000000e+00 0.000000e+00
2.401000e+00 0.000000e+00 -5.844732e+03 -7.430841e+03 0.000000e+00 0.000000e+00 0.000000e+00 -2.727122e+02 -2.490097e+02 1.551781e+03 5.232523e+02 0.000000e+00 0.000000e+00 0.000000e+00 0.000000e+00 0.000000e+00 0.000000e+00 0.000000e+00 0.000000e+00 0.000000e+00
2.402000e+00 0.000000e+00 -5.850142e+03 -7.440946e+03 0.000000e+00 0.000000e+00 0.000000e+00 -2.740724e+02 -2.503159e+02 1.551762e+03 5.259477e+02 0.000000e+00 0.000000e+00 0.000000e+00 0.000000e+00 0.000000e+00 0.000000e+00 0.000000e+00 0.000000e+00 0.000000e+00
2.403000e+00 0.000000e+00 -5.855543e+03 -7.451048e+03 0.000000e+00 0.000000e+00 0.000000e+00 -2.754379e+02 -2.516268e+02 1.551747e+03 5.286483e+02 0.000000e+00 0.000000e+00 0.000000e+00 0.000000e+00 0.000000e+00 0.000000e+00 0.000000e+00 0.000000e+00 0.000000e+00
2.404000e+00 0.000000e+00 -5.860933e+03 -7.461142e+03 0.000000e+00 0.000000e+00 0.000000e+00 -2.768083e+02 -2.529423e+02 1.551733e+03 5.313534e+02 0.000000e+00 0.000000e+00 0.000000e+00 0.000000e+00 0.000000e+00 0.000000e+00 0.000000e+00 0.000000e+00 0.000000e+00
2.405000e+00 0.000000e+00 -5.866307e+03 -7.471226e+03 0.000000e+00 0.000000e+00 0.000000e+00 -2.781832e+02 -2.542619e+02 1.551722e+03 5.340622e+02 0.000000e+00 0.000000e+00 0.000000e+00 0.000000e+00 0.000000e+00 0.000000e+00 0.000000e+00 0.000000e+00 0.000000e+00
2.406000e+00 0.000000e+00 -5.871661e+03 -7.481297e+03 0.000000e+00 0.000000e+00 0.000000e+00 -2.795626e+02 -2.555854e+02 1.551713e+03 5.367741e+02 0.000000e+00 0.000000e+00 0.000000e+00 0.000000e+00 0.000000e+00 0.000000e+00 0.000000e+00 0.000000e+00 0.000000e+00
2.407000e+00 0.000000e+00 -5.876992e+03 -7.491352e+03 0.000000e+00 0.000000e+00 0.000000e+00 -2.809459e+02 -2.569125e+02 1.551704e+03 5.394883e+02 0.000000e+00 0.000000e+00 0.000000e+00 0.000000e+00 0.000000e+00 0.000000e+00 0.000000e+00 0.000000e+00 0.000000e+00
2.408000e+00 0.000000e+00 -5.882296e+03 -7.501389e+03 0.000000e+00 0.000000e+00 0.000000e+00 -2.823329e+02 -2.582429e+02 1.551696e+03 5.422040e+02 0.000000e+00 0.000000e+00 0.000000e+00 0.000000e+00 0.000000e+00 0.000000e+00 0.000000e+00 0.000000e+00 0.000000e+00
2.409000e+00 0.000000e+00 -5.887569e+03 -7.511405e+03 0.000000e+00 0.000000e+00 0.000000e+00 -2.837233e+02 -2.595762e+02 1.551689e+03 5.449206e+02 0.000000e+00 0.000000e+00 0.000000e+00 0.000000e+00 0.000000e+00 0.000000e+00 0.000000e+00 0.000000e+00 0.000000e+00
2.410000e+00 0.000000e+00 -5.892807e+03 -7.521397e+03 0.000000e+00 0.000000e+00 0.000000e+00 -2.851168e+02 -2.609122e+02 1.551682e+03 5.476373e+02 0.000000e+00 0.000000e+00 0.000000e+00 0.000000e+00 0.000000e+00 0.000000e+00 0.000000e+00 0.000000e+00 0.000000e+00
2.411000e+00 0.000000e+00 -5.898007e+03 -7.531363e+03 0.000000e+00 0.000000e+00 0.000000e+00 -2.865131e+02 -2.622506e+02 1.551674e+03 5.503534e+02 0.000000e+00 0.000000e+00 0.000000e+00 0.000000e+00 0.000000e+00 0.000000e+00 0.000000e+00 0.000000e+00 0.000000e+00
2.412000e+00 0.000000e+00 -5.903165e+03 -7.541299e+03 0.000000e+00 0.000000e+00 0.000000e+00 -2.879119e+02 -2.635910e+02 1.551665e+03 5.530681e+02 0.000000e+00 0.000000e+00 0.000000e+00 0.000000e+00 0.000000e+00 0.000000e+00 0.000000e+00 0.000000e+00 0.000000e+00
2.413000e+00 0.000000e+00 -5.908278e+03 -7.551203e+03 0.000000e+00 0.000000e+00 0.000000e+00 -2.893127e+02 -2.649331e+02 1.551655e+03 5.557807e+02 0.000000e+00 0.000000e+00 0.000000e+00 0.000000e+00 0.000000e+00 0.000000e+00 0.000000e+00 0.000000e+00 0.000000e+00
2.414000e+00 0.000000e+00 -5.913341e+03 -7.561074e+03 0.000000e+00 0.000000e+00 0.000000e+00 -2.907155e+02 -2.662766e+02 1.551644e+03 5.584906e+02 0.000000e+00 0.000000e+00 0.000000e+00 0.000000e+00 0.000000e+00 0.000000e+00 0.000000e+00 0.000000e+00 0.000000e+00
2.415000e+00 0.000000e+00 -5.918352e+03 -7.570907e+03 0.000000e+00 0.000000e+00 0.000000e+00 -2.921197e+02 -2.676212e+02 1.551630e+03 5.611969e+02 0.000000e+00 0.000000e+00 0.000000e+00 0.000000e+00 0.000000e+00 0.000000e+00 0.000000e+00 0.000000e+00 0.000000e+00
2.416000e+00 0.000000e+00 -5.923307e+03 -7.580701e+03 0.000000e+00 0.000000e+00 0.000000e+00 -2.935251e+02 -2.689666e+02 1.551614e+03 5.638989e+02 0.000000e+00 0.000000e+00 0.000000e+00 0.000000e+00 0.000000e+00 0.000000e+00 0.000000e+00 0.000000e+00 0.000000e+00
2.417000e+00 0.000000e+00 -5.928202e+03 -7.590454e+03 0.000000e+00 0.000000e+00 0.000000e+00 -2.949314e+02 -2.703125e+02 1.551595e+03 5.665959e+02 0.000000e+00 0.000000e+00 0.000000e+00 0.000000e+00 0.000000e+00 0.000000e+00 0.000000e+00 0.000000e+00 0.000000e+00
2.418000e+00 0.000000e+00 -5.933034e+03 -7.600162e+03 0.000000e+00 0.000000e+00 0.000000e+00 -2.963382e+02 -2.716586e+02 1.551573e+03 5.692872e+02 0.000000e+00 0.000000e+00 0.000000e+00 0.000000e+00 0.000000e+00 0.000000e+00 0.000000e+00 0.000000e+00 0.000000e+00
2.419000e+00 0.000000e+00 -5.937800e+03 -7.609824e+03 0.000000e+00 0.000000e+00 0.000000e+00 -2.977453e+02 -2.730045e+02 1.551547e+03 5.719721e+02 0.000000e+00 0.000000e+00 0.000000e+00 0.000000e+00 0.000000e+00 0.000000e+00 0.000000e+00 0.000000e+00 0.000000e+00
2.420000e+00 0.000000e+00 -5.942497e+03 -7.619437e+03 0.000000e+00 0.000000e+00 0.000000e+00 -2.991523e+02 -2.743499e+02 1.551518e+03 5.746500e+02 0.000000e+00 0.000000e+00 0.000000e+00 0.000000e+00 0.000000e+00 0.000000e+00 0.000000e+00 0.000000e+00 0.000000e+00
2.421000e+00 0.000000e+00 -5.947120e+03 -7.629000e+03 0.000000e+00 0.000000e+00 0.000000e+00 -3.005590e+02 -2.756947e+02 1.551484e+03 5.773200e+02 0.000000e+00 0.000000e+00 0.000000e+00 0.000000e+00 0.000000e+00 0.000000e+00 0.000000e+00 0.000000e+00 0.000000e+00
2.422000e+00 0.000000e+00 -5.951667e+03 -7.638510e+03 0.000000e+00 0.000000e+00 0.000000e+00 -3.019650e+02 -2.770383e+02 1.551445e+03 5.799815e+02 0.000000e+00 0.000000e+00 0.000000e+00 0.000000e+00 0.000000e+00 0.000000e+00 0.000000e+00 0.000000e+00 0.000000e+00
2.423000e+00 0.000000e+00 -5.956135e+03 -7.647965e+03 0.000000e+00 0.000000e+00 0.000000e+00 -3.033701e+02 -2.783807e+02 1.551402e+03 5.826339e+02 0.000000e+00 0.000000e+00 0.000000e+00 0.000000e+00 0.000000e+00 0.000000e+00 0.000000e+00 0.000000e+00 0.000000e+00
2.424000e+00 0.000000e+00 -5.960520e+03 -7.657363e+03 0.000000e+00 0.000000e+00 0.000000e+00 -3.047739e+02 -2.797214e+02 1.551353e+03 5.852765e+02 0.000000e+00 0.000000e+00 0.000000e+00 0.000000e+00 0.000000e+00 0.000000e+00 0.000000e+00 0.000000e+00 0.000000e+00
2.425000e+00 0.000000e+00 -5.964819e+03 -7.666702e+03 0.000000e+00 0.000000e+00 0.000000e+00 -3.061762e+02 -2.810601e+02 1.551299e+03 5.879085e+02 0.000000e+00 0.000000e+00 0.000000e+00 0.000000e+00 0.000000e+00 0.000000e+00 0.000000e+00 0.000000e+00 0.000000e+00
2.426000e+00 0.000000e+00 -5.969030e+03 -7.675980e+03 0.000000e+00 0.000000e+00 0.000000e+00 -3.075766e+02 -2.823967e+02 1.551239e+03 5.905293e+02 0.000000e+00 0.000000e+00 0.000000e+00 0.000000e+00 0.000000e+00 0.000000e+00 0.000000e+00 0.000000e+00 0.000000e+00
2.427000e+00 0.000000e+00 -5.973149e+03 -7.685195e+03 0.000000e+00 0.000000e+00 0.000000e+00 -3.089748e+02 -2.837307e+02 1.551172e+03 5.931383e+02 0.000000e+00 0.000000e+00 0.000000e+00 0.000000e+00 0.000000e+00 0.000000e+00 0.000000e+00 0.000000e+00 0.000000e+00
2.428000e+00 0.000000e+00 -5.977173e+03 -7.694345e+03 0.000000e+00 0.000000e+00 0.000000e+00 -3.103706e+02 -2.850618e+02 1.551099e+03 5.957348e+02 0.000000e+00 0.000000e+00 0.000000e+00 0.000000e+00 0.000000e+00 0.000000e+00 0.000000e+00 0.000000e+00 0.000000e+00
2.429000e+00 0.000000e+00 -5.981099e+03 -7.703428e+03 0.000000e+00 0.000000e+00 0.000000e+00 -3.117636e+02 -2.863899e+02 1.551019e+03 5.983181e+02 0.000000e+00 0.000000e+00 0.000000e+00 0.000000e+00 0.000000e+00 0.000000e+00 0.000000e+00 0.000000e+00 0.000000e+00
2.430000e+00 0.000000e+00 -5.984925e+03 -7.712443e+03 0.000000e+00 0.000000e+00 0.000000e+00 -3.131535e+02 -2.877145e+02 1.550931e+03 6.008876e+02 0.000000e+00 0.000000e+00 0.000000e+00 0.000000e+00 0.000000e+00 0.000000e+00 0.000000e+00 0.000000e+00 0.000000e+00
2.431000e+00 0.000000e+00 -5.988648e+03 -7.721387e+03 0.000000e+00 0.000000e+00 0.000000e+00 -3.145401e+02 -2.890354e+02 1.550837e+03 6.034426e+02 0.000000e+00 0.000000e+00 0.000000e+00 0.000000e+00 0.000000e+00 0.000000e+00 0.000000e+00 0.000000e+00 0.000000e+00
2.432000e+00 0.000000e+00 -5.992265e+03 -7.730259e+03 0.000000e+00 0.000000e+00 0.000000e+00 -3.159230e+02 -2.903523e+02 1.550734e+03 6.059825e+02 0.000000e+00 0.000000e+00 0.000000e+00 0.000000e+00 0.000000e+00 0.000000e+00 0.000000e+00 0.000000e+00 0.000000e+00
2.433000e+00 0.000000e+00 -5.995774e+03 -7.739057e+03 0.000000e+00 0.000000e+00 0.000000e+00 -3.173019e+02 -2.916649e+02 1.550623e+03 6.085067e+02 0.000000e+00 0.000000e+00 0.000000e+00 0.000000e+00 0.000000e+00 0.000000e+00 0.000000e+00 0.000000e+00 0.000000e+00
2.434000e+00 0.000000e+00 -5.999171e+03 -7.747780e+03 0.000000e+00 0.000000e+00 0.000000e+00 -3.186766e+02 -2.929730e+02 1.550504e+03 6.110145e+02 0.000000e+00 0.000000e+00 0.000000e+00 0.000000e+00 0.000000e+00 0.000000e+00 0.000000e+00 0.000000e+00 0.000000e+00
2.435000e+00 0.000000e+00 -6.002455e+03 -7.756425e+03 0.000000e+00 0.000000e+00 0.000000e+00 -3.200468e+02 -2.942761e+02 1.550376e+03 6.135054e+02 0.000000e+00 0.000000e+00 0.000000e+00 0.000000e+00 0.000000e+00 0.000000e+00 0.000000e+00 0.000000e+00 0.000000e+00
2.436000e+00 0.000000e+00 -6.005622e+03 -7.764991e+03 0.000000e+00 0.000000e+00 0.000000e+00 -3.214121e+02 -2.955741e+02 1.550239e+03 6.159787e+02 0.000000e+00 0.000000e+00 0.000000e+00 0.000000e+00 0.000000e+00 0.000000e+00 0.000000e+00 0.000000e+00 0.000000e+00
2.437000e+00 0.000000e+00 -6.008671e+03 -7.773476e+03 0.000000e+00 0.000000e+00 0.000000e+00 -3.227723e+02 -2.968667e+02 1.550093e+03 6.184338e+02 0.000000e+00 0.000000e+00 0.000000e+00 0.000000e+00 0.000000e+00 0.000000e+00 0.000000e+00 0.000000e+00 0.000000e+00
2.438000e+00 0.000000e+00 -6.011600e+03 -7.781879e+03 0.000000e+00 0.000000e+00 0.000000e+00 -3.241271e+02 -2.981535e+02 1.549938e+03 6.208701e+02 0.000000e+00 0.000000e+00 0.000000e+00 0.000000e+00 0.000000e+00 0.000000e+00 0.000000e+00 0.000000e+00 0.000000e+00
2.439000e+00 0.000000e+00 -6.014405e+03 -7.790199e+03 0.000000e+00 0.000000e+00 0.000000e+00 -3.254762e+02 -2.994343e+02 1.549773e+03 6.232871e+02 0.000000e+00 0.000000e+00 0.000000e+00 0.000000e+00 0.000000e+00 0.000000e+00 0.000000e+00 0.000000e+00 0.000000e+00
2.440000e+00 0.000000e+00 -6.017085e+03 -7.798433e+03 0.000000e+00 0.000000e+00 0.000000e+00 -3.268194e+02 -3.007089e+02 1.549598e+03 6.256841e+02 0.000000e+00 0.000000e+00 0.000000e+00 0.000000e+00 0.000000e+00 0.000000e+00 0.000000e+00 0.000000e+00 0.000000e+00
2.441000e+00 0.000000e+00 -6.019638e+03 -7.806581e+03 0.000000e+00 0.000000e+00 0.000000e+00 -3.281562e+02 -3.019769e+02 1.549413e+03 6.280607e+02 0.000000e+00 0.000000e+00 0.000000e+00 0.000000e+00 0.000000e+00 0.000000e+00 0.000000e+00 0.000000e+00 0.000000e+00
2.442000e+00 0.000000e+00 -6.022061e+03 -7.814640e+03 0.000000e+00 0.000000e+00 0.000000e+00 -3.294866e+02 -3.032381e+02 1.549217e+03 6.304162e+02 0.000000e+00 0.000000e+00 0.000000e+00 0.000000e+00 0.000000e+00 0.000000e+00 0.000000e+00 0.000000e+00 0.000000e+00
2.443000e+00 0.000000e+00 -6.024353e+03 -7.822610e+03 0.000000e+00 0.000000e+00 0.000000e+00 -3.308102e+02 -3.044923e+02 1.549011e+03 6.327501e+02 0.000000e+00 0.000000e+00 0.000000e+00 0.000000e+00 0.000000e+00 0.000000e+00 0.000000e+00 0.000000e+00 0.000000e+00
2.444000e+00 0.000000e+00 -6.026510e+03 -7.830490e+03 0.000000e+00 0.000000e+00 0.000000e+00 -3.321268e+02 -3.057391e+02 1.548794e+03 6.350619e+02 0.000000e+00 0.000000e+00 0.000000e+00 0.000000e+00 0.000000e+00 0.000000e+00 0.000000e+00 0.000000e+00 0.000000e+00
2.445000e+00 0.000000e+00 -6.028533e+03 -7.838278e+03 0.000000e+00 0.000000e+00 0.000000e+00 -3.334361e+02 -3.069784e+02 1.548566e+03 6.373510e+02 0.000000e+00 0.000000e+00 0.000000e+00 0.000000e+00 0.000000e+00 0.000000e+00 0.000000e+00 0.000000e+00 0.000000e+00
2.446000e+00 0.000000e+00 -6.030418e+03 -7.845972e+03 0.000000e+00 0.000000e+00 0.000000e+00 -3.347378e+02 -3.082098e+02 1.548327e+03 6.396170e+02 0.000000e+00 0.000000e+00 0.000000e+00 0.000000e+00 0.000000e+00 0.000000e+00 0.000000e+00 0.000000e+00 0.000000e+00
2.447000e+00 0.000000e+00 -6.032163e+03 -7.853572e+03 0.000000e+00 0.000000e+00 0.000000e+00 -3.360316e+02 -3.094331e+02 1.548076e+03 6.418594e+02 0.000000e+00 0.000000e+00 0.000000e+00 0.000000e+00 0.000000e+00 0.000000e+00 0.000000e+00 0.000000e+00 0.000000e+00
2.448000e+00 0.000000e+00 -6.033768e+03 -7.861076e+03 0.000000e+00 0.000000e+00 0.000000e+00 -3.373175e+02 -3.106481e+02 1.547814e+03 6.440776e+02 0.000000e+00 0.000000e+00 0.000000e+00 0.000000e+00 0.000000e+00 0.000000e+00 0.000000e+00 0.000000e+00 0.000000e+00
2.449000e+00 0.000000e+00 -6.035230e+03 -7.868483e+03 0.000000e+00 0.000000e+00 0.000000e+00 -3.385949e+02 -3.118546e+02 1.547540e+03 6.462711e+02 0.000000e+00 0.000000e+00 0.000000e+00 0.000000e+00 0.000000e+00 0.000000e+00 0.000000e+00 0.000000e+00 0.000000e+00
2.450000e+00 0.000000e+00 -6.036549e+03 -7.875792e+03 0.000000e+00 0.000000e+00 0.000000e+00 -3.398639e+02 -3.130522e+02 1.547254e+03 6.484394e+02 0.000000e+00 0.000000e+00 0.000000e+00 0.000000e+00 0.000000e+00 0.000000e+00 0.000000e+00 0.000000e+00 0.000000e+00
2.451000e+00 0.000000e+00 -6.037721e+03 -7.883002e+03 0.000000e+00 0.000000e+00 0.000000e+00 -3.411240e+02 -3.142408e+02 1.546955e+03 6.505822e+02 0.000000e+00 0.000000e+00 0.000000e+00 0.000000e+00 0.000000e+00 0.000000e+00 0.000000e+00 0.000000e+00 0.000000e+00
2.452000e+00 0.000000e+00 -6.038747e+03 -7.890111e+03 0.000000e+00 0.000000e+00 0.000000e+00 -3.423750e+02 -3.154200e+02 1.546645e+03 6.526989e+02 0.000000e+00 0.000000e+00 0.000000e+00 0.000000e+00 0.000000e+00 0.000000e+00 0.000000e+00 0.000000e+00 0.000000e+00
2.453000e+00 0.000000e+00 -6.039623e+03 -7.897119e+03 0.000000e+00 0.000000e+00 0.000000e+00 -3.436167e+02 -3.165898e+02 1.546322e+03 6.547891e+02 0.000000e+00 0.000000e+00 0.000000e+00 0.000000e+00 0.000000e+00 0.000000e+00 0.000000e+00 0.000000e+00 0.000000e+00
2.454000e+00 0.000000e+00 -6.040351e+03 -7.904024e+03 0.000000e+00 0.000000e+00 0.000000e+00 -3.448489e+02 -3.177498e+02 1.545986e+03 6.568523e+02 0.000000e+00 0.000000e+00 0.000000e+00 0.000000e+00 0.000000e+00 0.000000e+00 0.000000e+00 0.000000e+00 0.000000e+00
2.455000e+00 0.000000e+00 -6.040927e+03 -7.910826e+03 0.000000e+00 0.000000e+00 0.000000e+00 -3.460714e+02 -3.188998e+02 1.545638e+03 6.588881e+02 0.000000e+00 0.000000e+00 0.000000e+00 0.000000e+00 0.000000e+00 0.000000e+00 0.000000e+00 0.000000e+00 0.000000e+00
2.456000e+00 0.000000e+00 -6.041351e+03 -7.917523e+03 0.000000e+00 0.000000e+00 0.000000e+00 -3.472838e+02 -3.200396e+02 1.545276e+03 6.608961e+02 0.000000e+00 0.000000e+00 0.000000e+00 0.000000e+00 0.000000e+00 0.000000e+00 0.000000e+00 0.000000e+00 0.000000e+00
2.457000e+00 0.000000e+00 -6.041621e+03 -7.924114e+03 0.000000e+00 0.000000e+00 0.000000e+00 -3.484860e+02 -3.211689e+02 1.544902e+03 6.628759e+02 0.000000e+00 0.000000e+00 0.000000e+00 0.000000e+00 0.000000e+00 0.000000e+00 0.000000e+00 0.000000e+00 0.000000e+00
2.458000e+00 0.000000e+00 -6.041737e+03 -7.930598e+03 0.000000e+00 0.000000e+00 0.000000e+00 -3.496777e+02 -3.222876e+02 1.544514e+03 6.648271e+02 0.000000e+00 0.000000e+00 0.000000e+00 0.000000e+00 0.000000e+00 0.000000e+00 0.000000e+00 0.000000e+00 0.000000e+00
2.459000e+00 0.000000e+00 -6.041698e+03 -7.936975e+03 0.000000e+00 0.000000e+00 0.000000e+00 -3.508588e+02 -3.233955e+02 1.544113e+03 6.667492e+02 0.000000e+00 0.000000e+00 0.000000e+00 0.000000e+00 0.000000e+00 0.000000e+00 0.000000e+00 0.000000e+00 0.000000e+00
2.460000e+00 0.000000e+00 -6.041502e+03 -7.943243e+03 0.000000e+00 0.000000e+00 0.000000e+00 -3.520290e+02 -3.244923e+02 1.543699e+03 6.686419e+02 0.000000e+00 0.000000e+00 0.000000e+00 0.000000e+00 0.000000e+00 0.000000e+00 0.000000e+00 0.000000e+00 0.000000e+00
2.461000e+00 0.000000e+00 -6.041150e+03 -7.949401e+03 0.000000e+00 0.000000e+00 0.000000e+00 -3.531881e+02 -3.255778e+02 1.543271e+03 6.705048e+02 0.000000e+00 0.000000e+00 0.000000e+00 0.000000e+00 0.000000e+00 0.000000e+00 0.000000e+00 0.000000e+00 0.000000e+00
2.462000e+00 0.000000e+00 -6.040639e+03 -7.955449e+03 0.000000e+00 0.000000e+00 0.000000e+00 -3.543358e+02 -3.266519e+02 1.542830e+03 6.723375e+02 0.000000e+00 0.000000e+00 0.000000e+00 0.000000e+00 0.000000e+00 0.000000e+00 0.000000e+00 0.000000e+00 0.000000e+00
2.463000e+00 0.000000e+00 -6.039970e+03 -7.961385e+03 0.000000e+00 0.000000e+00 0.000000e+00 -3.554721e+02 -3.277143e+02 1.542375e+03 6.741398e+02 0.000000e+00 0.000000e+00 0.000000e+00 0.000000e+00 0.000000e+00 0.000000e+00 0.000000e+00 0.000000e+00 0.000000e+00
2.464000e+00 0.000000e+00 -6.039141e+03 -7.967210e+03 0.000000e+00 0.000000e+00 0.000000e+00 -3.565967e+02 -3.287648e+02 1.541906e+03 6.759113e+02 0.000000e+00 0.000000e+00 0.000000e+00 0.000000e+00 0.000000e+00 0.000000e+00 0.000000e+00 0.000000e+00 0.000000e+00
2.465000e+00 0.000000e+00 -6.038152e+03 -7.972921e+03 0.000000e+00 0.000000e+00 0.000000e+00 -3.577093e+02 -3.298034e+02 1.541423e+03 6.776517e+02 0.000000e+00 0.000000e+00 0.000000e+00 0.000000e+00 0.000000e+00 0.000000e+00 0.000000e+00 0.000000e+00 0.000000e+00
2.466000e+00 0.000000e+00 -6.037003e+03 -7.978518e+03 0.000000e+00 0.000000e+00 0.000000e+00 -3.588099e+02 -3.308297e+02 1.540926e+03 6.793606e+02 0.000000e+00 0.000000e+00 0.000000e+00 0.000000e+00 0.000000e+00 0.000000e+00 0.000000e+00 0.000000e+00 0.000000e+00
2.467000e+00 0.000000e+00 -6.035692e+03 -7.984001e+03 0.000000e+00 0.000000e+00 0.000000e+00 -3.598982e+02 -3.318436e+02 1.540416e+03 6.810377e+02 0.000000e+00 0.000000e+00 0.000000e+00 0.000000e+00 0.000000e+00 0.000000e+00 0.000000e+00 0.000000e+00 0.000000e+00
2.468000e+00 0.000000e+00 -6.034220e+03 -7.989367e+03 0.000000e+00 0.000000e+00 0.000000e+00 -3.609741e+02 -3.328449e+02 1.539891e+03 6.826827e+02 0.000000e+00 0.000000e+00 0.000000e+00 0.000000e+00 0.000000e+00 0.000000e+00 0.000000e+00 0.000000e+00 0.000000e+00
2.469000e+00 0.000000e+00 -6.032587e+03 -7.994618e+03 0.000000e+00 0.000000e+00 0.000000e+00 -3.620373e+02 -3.338334e+02 1.539352e+03 6.842954e+02 0.000000e+00 0.000000e+00 0.000000e+00 0.000000e+00 0.000000e+00 0.000000e+00 0.000000e+00 0.000000e+00 0.000000e+00
2.470000e+00 0.000000e+00 -6.030791e+03 -7.999751e+03 0.000000e+00 0.000000e+00 0.000000e+00 -3.630877e+02 -3.348091e+02 1.538798e+03 6.858755e+02 0.000000e+00 0.000000e+00 0.000000e+00 0.000000e+00 0.000000e+00 0.000000e+00 0.000000e+00 0.000000e+00 0.000000e+00
2.471000e+00 0.000000e+00 -6.028833e+03 -8.004766e+03 0.000000e+00 0.000000e+00 0.000000e+00 -3.641250e+02 -3.357716e+02 1.538231e+03 6.874227e+02 0.000000e+00 0.000000e+00 0.000000e+00 0.000000e+00 0.000000e+00 0.000000e+00 0.000000e+00 0.000000e+00 0.000000e+00
2.472000e+00 0.000000e+00 -6.026712e+03 -8.009662e+03 0.000000e+00 0.000000e+00 0.000000e+00 -3.651492e+02 -3.367209e+02 1.537649e+03 6.889367e+02 0.000000e+00 0.000000e+00 0.000000e+00 0.000000e+00 0.000000e+00 0.000000e+00 0.000000e+00 0.000000e+00 0.000000e+00
2.473000e+00 0.000000e+00 -6.024429e+03 -8.014439e+03 0.000000e+00 0.000000e+00 0.000000e+00 -3.661601e+02 -3.376567e+02 1.537053e+03 6.904173e+02 0.000000e+00 0.000000e+00 0.000000e+00 0.000000e+00 0.000000e+00 0.000000e+00 0.000000e+00 0.000000e+00 0.000000e+00
2.474000e+00 0.000000e+00 -6.021984e+03 -8.019096e+03 0.000000e+00 0.000000e+00 0.000000e+00 -3.671574e+02 -3.385790e+02 1.536442e+03 6.918642e+02 0.000000e+00 0.000000e+00 0.000000e+00 0.000000e+00 0.000000e+00 0.000000e+00 0.000000e+00 0.000000e+00 0.000000e+00
2.475000e+00 0.000000e+00 -6.019376e+03 -8.023631e+03 0.000000e+00 0.000000e+00 0.000000e+00 -3.681412e+02 -3.394876e+02 1.535818e+03 6.932773e+02 0.000000e+00 0.000000e+00 0.000000e+00 0.000000e+00 0.000000e+00 0.000000e+00 0.000000e+00 0.000000e+00 0.000000e+00
2.476000e+00 0.000000e+00 -6.016605e+03 -8.028045e+03 0.000000e+00 0.000000e+00 0.000000e+00 -3.691111e+02 -3.403823e+02 1.535178e+03 6.946563e+02 0.000000e+00 0.000000e+00 0.000000e+00 0.000000e+00 0.000000e+00 0.000000e+00 0.000000e+00 0.000000e+00 0.000000e+00
2.477000e+00 0.000000e+00 -6.013672e+03 -8.032336e+03 0.000000e+00 0.000000e+00 0.000000e+00 -3.700670e+02 -3.412630e+02 1.534524e+03 6.960011e+02 0.000000e+00 0.000000e+00 0.000000e+00 0.000000e+00 0.000000e+00 0.000000e+00 0.000000e+00 0.000000e+00 0.000000e+00
2.478000e+00 0.000000e+00 -6.010576e+03 -8.036504e+03 0.000000e+00 0.000000e+00 0.000000e+00 -3.710089e+02 -3.421296e+02 1.533856e+03 6.973114e+02 0.000000e+00 0.000000e+00 0.000000e+00 0.000000e+00 0.000000e+00 0.000000e+00 0.000000e+00 0.000000e+00 0.000000e+00
2.479000e+00 0.000000e+00 -6.007319e+03 -8.040548e+03 0.000000e+00 0.000000e+00 0.000000e+00 -3.719365e+02 -3.429820e+02 1.533173e+03 6.985870e+02 0.000000e+00 0.000000e+00 0.000000e+00 0.000000e+00 0.000000e+00 0.000000e+00 0.000000e+00 0.000000e+00 0.000000e+00
2.480000e+00 0.000000e+00 -6.003899e+03 -8.044468e+03 0.000000e+00 0.000000e+00 0.000000e+00 -3.728497e+02 -3.438199e+02 1.532476e+03 6.998279e+02 0.000000e+00 0.000000e+00 0.000000e+00 0.000000e+00 0.000000e+00 0.000000e+00 0.000000e+00 0.000000e+00 0.000000e+00
2.481000e+00 0.000000e+00 -6.000319e+03 -8.048263e+03 0.000000e+00 0.000000e+00 0.000000e+00 -3.737485e+02 -3.446434e+02 1.531764e+03 7.010337e+02 0.000000e+00 0.000000e+00 0.000000e+00 0.000000e+00 0.000000e+00 0.000000e+00 0.000000e+00 0.000000e+00 0.000000e+00
2.482000e+00 0.000000e+00 -5.996577e+03 -8.051931e+03 0.000000e+00 0.000000e+00 0.000000e+00 -3.746326e+02 -3.454522e+02 1.531038e+03 7.022045e+02 0.000000e+00 0.000000e+00 0.000000e+00 0.000000e+00 0.000000e+00 0.000000e+00 0.000000e+00 0.000000e+00 0.000000e+00
2.483000e+00 0.000000e+00 -5.992675e+03 -8.055474e+03 0.000000e+00 0.000000e+00 0.000000e+00 -3.755020e+02 -3.462463e+02 1.530298e+03 7.033400e+02 0.000000e+00 0.000000e+00 0.000000e+00 0.000000e+00 0.000000e+00 0.000000e+00 0.000000e+00 0.000000e+00 0.000000e+00
2.484000e+00 0.000000e+00 -5.988613e+03 -8.058889e+03 0.000000e+00 0.000000e+00 0.000000e+00 -3.763565e+02 -3.470255e+02 1.529543e+03 7.044401e+02 0.000000e+00 0.000000e+00 0.000000e+00 0.000000e+00 0.000000e+00 0.000000e+00 0.000000e+00 0.000000e+00 0.000000e+00
2.485000e+00 0.000000e+00 -5.984391e+03 -8.062177e+03 0.000000e+00 0.000000e+00 0.000000e+00 -3.771961e+02 -3.477898e+02 1.528773e+03 7.055047e+02 0.000000e+00 0.000000e+00 0.000000e+00 0.000000e+00 0.000000e+00 0.000000e+00 0.000000e+00 0.000000e+00 0.000000e+00
2.486000e+00 0.000000e+00 -5.980010e+03 -8.065336e+03 0.000000e+00 0.000000e+00 0.000000e+00 -3.780206e+02 -3.485391e+02 1.527990e+03 7.065338e+02 0.000000e+00 0.000000e+00 0.000000e+00 0.000000e+00 0.000000e+00 0.000000e+00 0.000000e+00 0.000000e+00 0.000000e+00
2.487000e+00 0.000000e+00 -5.975471e+03 -8.068367e+03 0.000000e+00 0.000000e+00 0.000000e+00 -3.788300e+02 -3.492732e+02 1.527191e+03 7.075271e+02 0.000000e+00 0.000000e+00 0.000000e+00 0.000000e+00 0.000000e+00 0.000000e+00 0.000000e+00 0.000000e+00 0.000000e+00
2.488000e+00 0.000000e+00 -5.970774e+03 -8.071269e+03 0.000000e+00 0.000000e+00 0.000000e+00 -3.796240e+02 -3.499921e+02 1.526379e+03 7.084847e+02 0.000000e+00 0.000000e+00 0.000000e+00 0.000000e+00 0.000000e+00 0.000000e+00 0.000000e+00 0.000000e+00 0.000000e+00
2.489000e+00 0.000000e+00 -5.965921e+03 -8.074040e+03 0.000000e+00 0.000000e+00 0.000000e+00 -3.804027e+02 -3.506958e+02 1.525552e+03 7.094065e+02 0.000000e+00 0.000000e+00 0.000000e+00 0.000000e+00 0.000000e+00 0.000000e+00 0.000000e+00 0.000000e+00 0.000000e+00
2.490000e+00 0.000000e+00 -5.960912e+03 -8.076681e+03 0.000000e+00 0.000000e+00 0.000000e+00 -3.811660e+02 -3.513840e+02 1.524711e+03 7.102923e+02 0.000000e+00 0.000000e+00 0.000000e+00 0.000000e+00 0.000000e+00 0.000000e+00 0.000000e+00 0.000000e+00 0.000000e+00
2.491000e+00 0.000000e+00 -5.955747e+03 -8.079191e+03 0.000000e+00 0.000000e+00 0.000000e+00 -3.819137e+02 -3.520567e+02 1.523856e+03 7.111422e+02 0.000000e+00 0.000000e+00 0.000000e+00 0.000000e+00 0.000000e+00 0.000000e+00 0.000000e+00 0.000000e+00 0.000000e+00
2.492000e+00 0.000000e+00 -5.950429e+03 -8.081569e+03 0.000000e+00 0.000000e+00 0.000000e+00 -3.826458e+02 -3.527139e+02 1.522987e+03 7.119561e+02 0.000000e+00 0.000000e+00 0.000000e+00 0.000000e+00 0.000000e+00 0.000000e+00 0.000000e+00 0.000000e+00 0.000000e+00
2.493000e+00 0.000000e+00 -5.944957e+03 -8.083814e+03 0.000000e+00 0.000000e+00 0.000000e+00 -3.833622e+02 -3.533555e+02 1.522103e+03 7.127339e+02 0.000000e+00 0.000000e+00 0.000000e+00 0.000000e+00 0.000000e+00 0.000000e+00 0.000000e+00 0.000000e+00 0.000000e+00
2.494000e+00 0.000000e+00 -5.939333e+03 -8.085927e+03 0.000000e+00 0.000000e+00 0.000000e+00 -3.840627e+02 -3.539814e+02 1.521206e+03 7.134756e+02 0.000000e+00 0.000000e+00 0.000000e+00 0.000000e+00 0.000000e+00 0.000000e+00 0.000000e+00 0.000000e+00 0.000000e+00
2.495000e+00 0.000000e+00 -5.933558e+03 -8.087906e+03 0.000000e+00 0.000000e+00 0.000000e+00 -3.847474e+02 -3.545915e+02 1.520294e+03 7.141812e+02 0.000000e+00 0.000000e+00 0.000000e+00 0.000000e+00 0.000000e+00 0.000000e+00 0.000000e+00 0.000000e+00 0.000000e+00
2.496000e+00 0.000000e+00 -5.927633e+03 -8.089751e+03 0.000000e+00 0.000000e+00 0.000000e+00 -3.854162e+02 -3.551859e+02 1.519369e+03 7.148506e+02 0.000000e+00 0.000000e+00 0.000000e+00 0.000000e+00 0.000000e+00 0.000000e+00 0.000000e+00 0.000000e+00 0.000000e+00
2.497000e+00 0.000000e+00 -5.921560e+03 -8.091462e+03 0.000000e+00 0.000000e+00 0.000000e+00 -3.860690e+02 -3.557643e+02 1.518430e+03 7.154840e+02 0.000000e+00 0.000000e+00 0.000000e+00 0.000000e+00 0.000000e+00 0.000000e+00 0.000000e+00 0.000000e+00 0.000000e+00
2.498000e+00 0.000000e+00 -5.915339e+03 -8.093038e+03 0.000000e+00 0.000000e+00 0.000000e+00 -3.867057e+02 -3.563269e+02 1.517477e+03 7.160813e+02 0.000000e+00 0.000000e+00 0.000000e+00 0.000000e+00 0.000000e+00 0.000000e+00 0.000000e+00 0.000000e+00 0.000000e+00
2.499000e+00 0.000000e+00 -5.908971e+03 -8.094478e+03 0.000000e+00 0.000000e+00 0.000000e+00 -3.873264e+02 -3.568735e+02 1.516511e+03 7.166425e+02 0.000000e+00 0.000000e+00 0.000000e+00 0.000000e+00 0.000000e+00 0.000000e+00 0.000000e+00 0.000000e+00 0.000000e+00
2.500000e+00 0.000000e+00 -5.902458e+03 -8.095782e+03 0.000000e+00 0.000000e+00 0.000000e+00 -3.879309e+02 -3.574040e+02 1.515531e+03 7.171676e+02 0.000000e+00 0.000000e+00 0.000000e+00 0.000000e+00 0.000000e+00 0.000000e+00 0.000000e+00 0.000000e+00 0.000000e+00
2.501000e+00 0.000000e+00 -5.895801e+03 -8.096950e+03 0.000000e+00 0.000000e+00 0.000000e+00 -3.885192e+02 -3.579186e+02 1.514538e+03 7.176568e+02 0.000000e+00 0.000000e+00 0.000000e+00 0.000000e+00 0.000000e+00 0.000000e+00 0.000000e+00 0.000000e+00 0.000000e+00
2.502000e+00 0.000000e+00 -5.889002e+03 -8.097981e+03 0.000000e+00 0.000000e+00 0.000000e+00 -3.890912e+02 -3.584171e+02 1.513531e+03 7.181100e+02 0.000000e+00 0.000000e+00 0.000000e+00 0.000000e+00 0.000000e+00 0.000000e+00 0.000000e+00 0.000000e+00 0.000000e+00
2.503000e+00 0.000000e+00 -5.882062e+03 -8.098874e+03 0.000000e+00 0.000000e+00 0.000000e+00 -3.896471e+02 -3.588996e+02 1.512511e+03 7.185274e+02 0.000000e+00 0.000000e+00 0.000000e+00 0.000000e+00 0.000000e+00 0.000000e+00 0.000000e+00 0.000000e+00 0.000000e+00
2.504000e+00 0.000000e+00 -5.874982e+03 -8.099630e+03 0.000000e+00 0.000000e+00 0.000000e+00 -3.901866e+02 -3.593660e+02 1.511478e+03 7.189089e+02 0.000000e+00 0.000000e+00 0.000000e+00 0.000000e+00 0.000000e+00 0.000000e+00 0.000000e+00 0.000000e+00 0.000000e+00
2.505000e+00 0.000000e+00 -5.867764e+03 -8.100247e+03 0.000000e+00 0.000000e+00 0.000000e+00 -3.907099e+02 -3.598162e+02 1.510431e+03 7.192548e+02 0.000000e+00 0.000000e+00 0.000000e+00 0.000000e+00 0.000000e+00 0.000000e+00 0.000000e+00 0.000000e+00 0.000000e+00
2.506000e+00 0.000000e+00 -5.860410e+03 -8.100726e+03 0.000000e+00 0.000000e+00 0.000000e+00 -3.912168e+02 -3.602504e+02 1.509372e+03 7.195651e+02 0.000000e+00 0.000000e+00 0.000000e+00 0.000000e+00 0.000000e+00 0.000000e+00 0.000000e+00 0.000000e+00 0.000000e+00
2.507000e+00 0.000000e+00 -5.852920e+03 -8.101066e+03 0.000000e+00 0.000000e+00 0.000000e+00 -3.917074e+02 -3.606684e+02 1.508300e+03 7.198398e+02 0.000000e+00 0.000000e+00 0.000000e+00 0.000000e+00 0.000000e+00 0.000000e+00 0.000000e+00 0.000000e+00 0.000000e+00
2.508000e+00 0.000000e+00 -5.845296e+03 -8.101267e+03 0.000000e+00 0.000000e+00 0.000000e+00 -3.921817e+02 -3.610703e+02 1.507215e+03 7.200792e+02 0.000000e+00 0.000000e+00 0.000000e+00 0.000000e+00 0.000000e+00 0.000000e+00 0.000000e+00 0.000000e+00 0.000000e+00
2.509000e+00 0.000000e+00 -5.837540e+03 -8.101328e+03 0.000000e+00 0.000000e+00 0.000000e+00 -3.926397e+02 -3.614562e+02 1.506118e+03 7.202834e+02 0.000000e+00 0.000000e+00 0.000000e+00 0.000000e+00 0.000000e+00 0.000000e+00 0.000000e+00 0.000000e+00 0.000000e+00
2.510000e+00 0.000000e+00 -5.829654e+03 -8.101249e+03 0.000000e+00 0.000000e+00 0.000000e+00 -3.930813e+02 -3.618259e+02 1.505008e+03 7.204524e+02 0.000000e+00 0.000000e+00 0.000000e+00 0.000000e+00 0.000000e+00 0.000000e+00 0.000000e+00 0.000000e+00 0.000000e+00
2.511000e+00 0.000000e+00 -5.821639e+03 -8.101029e+03 0.000000e+00 0.000000e+00 0.000000e+00 -3.935066e+02 -3.621796e+02 1.503885e+03 7.205864e+02 0.000000e+00 0.000000e+00 0.000000e+00 0.000000e+00 0.000000e+00 0.000000e+00 0.000000e+00 0.000000e+00 0.000000e+00
2.512000e+00 0.000000e+00 -5.813498e+03 -8.100669e+03 0.000000e+00 0.000000e+00 0.000000e+00 -3.939156e+02 -3.625172e+02 1.502751e+03 7.206855e+02 0.000000e+00 0.000000e+00 0.000000e+00 0.000000e+00 0.000000e+00 0.000000e+00 0.000000e+00 0.000000e+00 0.000000e+00
2.513000e+00 0.000000e+00 -5.805231e+03 -8.100168e+03 0.000000e+00 0.000000e+00 0.000000e+00 -3.943083e+02 -3.628387e+02 1.501604e+03 7.207500e+02 0.000000e+00 0.000000e+00 0.000000e+00 0.000000e+00 0.000000e+00 0.000000e+00 0.000000e+00 0.000000e+00 0.000000e+00
2.514000e+00 0.000000e+00 -5.796841e+03 -8.099525e+03 0.000000e+00 0.000000e+00 0.000000e+00 -3.946846e+02 -3.631442e+02 1.500445e+03 7.207800e+02 0.000000e+00 0.000000e+00 0.000000e+00 0.000000e+00 0.000000e+00 0.000000e+00 0.000000e+00 0.000000e+00 0.000000e+00
2.515000e+00 0.000000e+00 -5.788329e+03 -8.098741e+03 0.000000e+00 0.000000e+00 0.000000e+00 -3.950447e+02 -3.634337e+02 1.499275e+03 7.207756e+02 0.000000e+00 0.000000e+00 0.000000e+00 0.000000e+00 0.000000e+00 0.000000e+00 0.000000e+00 0.000000e+00 0.000000e+00
2.516000e+00 0.000000e+00 -5.779697e+03 -8.097815e+03 0.000000e+00 0.000000e+00 0.000000e+00 -3.953885e+02 -3.637072e+02 1.498093e+03 7.207370e+02 0.000000e+00 0.000000e+00 0.000000e+00 0.000000e+00 0.000000e+00 0.000000e+00 0.000000e+00 0.000000e+00 0.000000e+00
2.517000e+00 0.000000e+00 -5.770947e+03 -8.096747e+03 0.000000e+00 0.000000e+00 0.000000e+00 -3.957161e+02 -3.639648e+02 1.496899e+03 7.206645e+02 0.000000e+00 0.000000e+00 0.000000e+00 0.000000e+00 0.000000e+00 0.000000e+00 0.000000e+00 0.000000e+00 0.000000e+00
2.518000e+00 0.000000e+00 -5.762082e+03 -8.095536e+03 0.000000e+00 0.000000e+00 0.000000e+00 -3.960275e+02 -3.642065e+02 1.495694e+03 7.205582e+02 0.000000e+00 0.000000e+00 0.000000e+00 0.000000e+00 0.000000e+00 0.000000e+00 0.000000e+00 0.000000e+00 0.000000e+00
2.519000e+00 0.000000e+00 -5.753102e+03 -8.094184e+03 0.000000e+00 0.000000e+00 0.000000e+00 -3.963228e+02 -3.644324e+02 1.494478e+03 7.204185e+02 0.000000e+00 0.000000e+00 0.000000e+00 0.000000e+00 0.000000e+00 0.000000e+00 0.000000e+00 0.000000e+00 0.000000e+00
2.520000e+00 0.000000e+00 -5.744011e+03 -8.092688e+03 0.000000e+00 0.000000e+00 0.000000e+00 -3.966020e+02 -3.646425e+02 1.493250e+03 7.202454e+02 0.000000e+00 0.000000e+00 0.000000e+00 0.000000e+00 0.000000e+00 0.000000e+00 0.000000e+00 0.000000e+00 0.000000e+00
2.521000e+00 0.000000e+00 -5.734809e+03 -8.091050e+03 0.000000e+00 0.000000e+00 0.000000e+00 -3.968651e+02 -3.648370e+02 1.492012e+03 7.200392e+02 0.000000e+00 0.000000e+00 0.000000e+00 0.000000e+00 0.000000e+00 0.000000e+00 0.000000e+00 0.000000e+00 0.000000e+00
2.522000e+00 0.000000e+00 -5.725498e+03 -8.089268e+03 0.000000e+00 0.000000e+00 0.000000e+00 -3.971123e+02 -3.650157e+02 1.490763e+03 7.198002e+02 0.000000e+00 0.000000e+00 0.000000e+00 0.000000e+00 0.000000e+00 0.000000e+00 0.000000e+00 0.000000e+00 0.000000e+00
2.523000e+00 0.000000e+00 -5.716082e+03 -8.087344e+03 0.000000e+00 0.000000e+00 0.000000e+00 -3.973436e+02 -3.651789e+02 1.489503e+03 7.195286e+02 0.000000e+00 0.000000e+00 0.000000e+00 0.000000e+00 0.000000e+00 0.000000e+00 0.000000e+00 0.000000e+00 0.000000e+00
2.524000e+00 0.000000e+00 -5.706561e+03 -8.085277e+03 0.000000e+00 0.000000e+00 0.000000e+00 -3.975591e+02 -3.653267e+02 1.488233e+03 7.192248e+02 0.000000e+00 0.000000e+00 0.000000e+00 0.000000e+00 0.000000e+00 0.000000e+00 0.000000e+00 0.000000e+00 0.000000e+00
2.525000e+00 0.000000e+00 -5.696938e+03 -8.083067e+03 0.000000e+00 0.000000e+00 0.000000e+00 -3.977588e+02 -3.654590e+02 1.486953e+03 7.188889e+02 0.000000e+00 0.000000e+00 0.000000e+00 0.000000e+00 0.000000e+00 0.000000e+00 0.000000e+00 0.000000e+00 0.000000e+00
2.526000e+00 0.000000e+00 -5.687216e+03 -8.080714e+03 0.000000e+00 0.000000e+00 0.000000e+00 -3.979428e+02 -3.655760e+02 1.485663e+03 7.185213e+02 0.000000e+00 0.000000e+00 0.000000e+00 0.000000e+00 0.000000e+00 0.000000e+00 0.000000e+00 0.000000e+00 0.000000e+00
2.527000e+00 0.000000e+00 -5.677395e+03 -8.078219e+03 0.000000e+00 0.000000e+00 0.000000e+00 -3.981112e+02 -3.656778e+02 1.484362e+03 7.181222e+02 0.000000e+00 0.000000e+00 0.000000e+00 0.000000e+00 0.000000e+00 0.000000e+00 0.000000e+00 0.000000e+00 0.000000e+00
2.528000e+00 0.000000e+00 -5.667478e+03 -8.075580e+03 0.000000e+00 0.000000e+00 0.000000e+00 -3.982641e+02 -3.657644e+02 1.483052e+03 7.176920e+02 0.000000e+00 0.000000e+00 0.000000e+00 0.000000e+00 0.000000e+00 0.000000e+00 0.000000e+00 0.000000e+00 0.000000e+00
2.529000e+00 0.000000e+00 -5.657468e+03 -8.072798e+03 0.000000e+00 0.000000e+00 0.000000e+00 -3.984016e+02 -3.658359e+02 1.481733e+03 7.172309e+02 0.000000e+00 0.000000e+00 0.000000e+00 0.000000e+00 0.000000e+00 0.000000e+00 0.000000e+00 0.000000e+00 0.000000e+00
2.530000e+00 0.000000e+00 -5.647366e+03 -8.069874e+03 0.000000e+00 0.000000e+00 0.000000e+00 -3.985237e+02 -3.658925e+02 1.480404e+03 7.167393e+02 0.000000e+00 0.000000e+00 0.000000e+00 0.000000e+00 0.000000e+00 0.000000e+00 0.000000e+00 0.000000e+00 0.000000e+00
2.531000e+00 0.000000e+00 -5.637175e+03 -8.066807e+03 0.000000e+00 0.000000e+00 0.000000e+00 -3.986306e+02 -3.659343e+02 1.479066e+03 7.162174e+02 0.000000e+00 0.000000e+00 0.000000e+00 0.000000e+00 0.000000e+00 0.000000e+00 0.000000e+00 0.000000e+00 0.000000e+00
2.532000e+00 0.000000e+00 -5.626896e+03 -8.063597e+03 0.000000e+00 0.000000e+00 0.000000e+00 -3.987223e+02 -3.659613e+02 1.477719e+03 7.156656e+02 0.000000e+00 0.000000e+00 0.000000e+00 0.000000e+00 0.000000e+00 0.000000e+00 0.000000e+00 0.000000e+00 0.000000e+00
2.533000e+00 0.000000e+00 -5.616533e+03 -8.060245e+03 0.000000e+00 0.000000e+00 0.000000e+00 -3.987990e+02 -3.659737e+02 1.476363e+03 7.150843e+02 0.000000e+00 0.000000e+00 0.000000e+00 0.000000e+00 0.000000e+00 0.000000e+00 0.000000e+00 0.000000e+00 0.000000e+00
2.534000e+00 0.000000e+00 -5.606088e+03 -8.056751e+03 0.000000e+00 0.000000e+00 0.000000e+00 -3.988608e+02 -3.659716e+02 1.474999e+03 7.144737e+02 0.000000e+00 0.000000e+00 0.000000e+00 0.000000e+00 0.000000e+00 0.000000e+00 0.000000e+00 0.000000e+00 0.000000e+00
2.535000e+00 0.000000e+00 -5.595561e+03 -8.053115e+03 0.000000e+00 0.000000e+00 0.000000e+00 -3.989078e+02 -3.659551e+02 1.473627e+03 7.138343e+02 0.000000e+00 0.000000e+00 0.000000e+00 0.000000e+00 0.000000e+00 0.000000e+00 0.000000e+00 0.000000e+00 0.000000e+00
2.536000e+00 0.000000e+00 -5.584957e+03 -8.049337e+03 0.000000e+00 0.000000e+00 0.000000e+00 -3.989401e+02 -3.659244e+02 1.472246e+03 7.131664e+02 0.000000e+00 0.000000e+00 0.000000e+00 0.000000e+00 0.000000e+00 0.000000e+00 0.000000e+00 0.000000e+00 0.000000e+00
2.537000e+00 0.000000e+00 -5.574277e+03 -8.045419e+03 0.000000e+00 0.000000e+00 0.000000e+00 -3.989579e+02 -3.658795e+02 1.470857e+03 7.124704e+02 0.000000e+00 0.000000e+00 0.000000e+00 0.000000e+00 0.000000e+00 0.000000e+00 0.000000e+00 0.000000e+00 0.000000e+00
2.538000e+00 0.000000e+00 -5.563524e+03 -8.041360e+03 0.000000e+00 0.000000e+00 0.000000e+00 -3.989613e+02 -3.658207e+02 1.469461e+03 7.117467e+02 0.000000e+00 0.000000e+00 0.000000e+00 0.000000e+00 0.000000e+00 0.000000e+00 0.000000e+00 0.000000e+00 0.000000e+00
2.539000e+00 0.000000e+00 -5.552699e+03 -8.037160e+03 0.000000e+00 0.000000e+00 0.000000e+00 -3.989504e+02 -3.657480e+02 1.468056e+03 7.109957e+02 0.000000e+00 0.000000e+00 0.000000e+00 0.000000e+00 0.000000e+00 0.000000e+00 0.000000e+00 0.000000e+00 0.000000e+00
2.540000e+00 0.000000e+00 -5.541805e+03 -8.032820e+03 0.000000e+00 0.000000e+00 0.000000e+00 -3.989254e+02 -3.656617e+02 1.466645e+03 7.102177e+02 0.000000e+00 0.000000e+00 0.000000e+00 0.000000e+00 0.000000e+00 0.000000e+00 0.000000e+00 0.000000e+00 0.000000e+00
2.541000e+00 0.000000e+00 -5.530844e+03 -8.028342e+03 0.000000e+00 0.000000e+00 0.000000e+00 -3.988865e+02 -3.655619e+02 1.465227e+03 7.094132e+02 0.000000e+00 0.000000e+00 0.000000e+00 0.000000e+00 0.000000e+00 0.000000e+00 0.000000e+00 0.000000e+00 0.000000e+00
2.542000e+00 0.000000e+00 -5.519820e+03 -8.023724e+03 0.000000e+00 0.000000e+00 0.000000e+00 -3.988337e+02 -3.654487e+02 1.463801e+03 7.085826e+02 0.000000e+00 0.000000e+00 0.000000e+00 0.000000e+00 0.000000e+00 0.000000e+00 0.000000e+00 0.000000e+00 0.000000e+00
2.543000e+00 0.000000e+00 -5.508733e+03 -8.018968e+03 0.000000e+00 0.000000e+00 0.000000e+00 -3.987673e+02 -3.653224e+02 1.462369e+03 7.077263e+02 0.000000e+00 0.000000e+00 0.000000e+00 0.000000e+00 0.000000e+00 0.000000e+00 0.000000e+00 0.000000e+00 0.000000e+00
2.544000e+00 0.000000e+00 -5.497586e+03 -8.014075e+03 0.000000e+00 0.000000e+00 0.000000e+00 -3.986875e+02 -3.651830e+02 1.460931e+03 7.068448e+02 0.000000e+00 0.000000e+00 0.000000e+00 0.000000e+00 0.000000e+00 0.000000e+00 0.000000e+00 0.000000e+00 0.000000e+00
2.545000e+00 0.000000e+00 -5.486382e+03 -8.009045e+03 0.000000e+00 0.000000e+00 0.000000e+00 -3.985943e+02 -3.650308e+02 1.459486e+03 7.059385e+02 0.000000e+00 0.000000e+00 0.000000e+00 0.000000e+00 0.000000e+00 0.000000e+00 0.000000e+00 0.000000e+00 0.000000e+00
2.546000e+00 0.000000e+00 -5.475124e+03 -8.003878e+03 0.000000e+00 0.000000e+00 0.000000e+00 -3.984880e+02 -3.648659e+02 1.458036e+03 7.050078e+02 0.000000e+00 0.000000e+00 0.000000e+00 0.000000e+00 0.000000e+00 0.000000e+00 0.000000e+00 0.000000e+00 0.000000e+00
2.547000e+00 0.000000e+00 -5.463813e+03 -7.998576e+03 0.000000e+00 0.000000e+00 0.000000e+00 -3.983687e+02 -3.646884e+02 1.456580e+03 7.040532e+02 0.000000e+00 0.000000e+00 0.000000e+00 0.000000e+00 0.000000e+00 0.000000e+00 0.000000e+00 0.000000e+00 0.000000e+00
2.548000e+00 0.000000e+00 -5.452451e+03 -7.993139e+03 0.000000e+00 0.000000e+00 0.000000e+00 -3.982366e+02 -3.644987e+02 1.455118e+03 7.030751e+02 0.000000e+00 0.000000e+00 0.000000e+00 0.000000e+00 0.000000e+00 0.000000e+00 0.000000e+00 0.000000e+00 0.000000e+00
2.549000e+00 0.000000e+00 -5.441043e+03 -7.987569e+03 0.000000e+00 0.000000e+00 0.000000e+00 -3.980919e+02 -3.642968e+02 1.453651e+03 7.020741e+02 0.000000e+00 0.000000e+00 0.000000e+00 0.000000e+00 0.000000e+00 0.000000e+00 0.000000e+00 0.000000e+00 0.000000e+00
2.550000e+00 0.000000e+00 -5.429589e+03 -7.981865e+03 0.000000e+00 0.000000e+00 0.000000e+00 -3.979348e+02 -3.640831e+02 1.452179e+03 7.010505e+02 0.000000e+00 0.000000e+00 0.000000e+00 0.000000e+00 0.000000e+00 0.000000e+00 0.000000e+00 0.000000e+00 0.000000e+00
2.551000e+00 0.000000e+00 -5.418092e+03 -7.976028e+03 0.000000e+00 0.000000e+00 0.000000e+00 -3.977654e+02 -3.638575e+02 1.450702e+03 7.000050e+02 0.000000e+00 0.000000e+00 0.000000e+00 0.000000e+00 0.000000e+00 0.000000e+00 0.000000e+00 0.000000e+00 0.000000e+00
2.552000e+00 0.000000e+00 -5.406555e+03 -7.970061e+03 0.000000e+00 0.000000e+00 0.000000e+00 -3.975841e+02 -3.636204e+02 1.449220e+03 6.989378e+02 0.000000e+00 0.000000e+00 0.000000e+00 0.000000e+00 0.000000e+00 0.000000e+00 0.000000e+00 0.000000e+00 0.000000e+00
2.553000e+00 0.000000e+00 -5.394980e+03 -7.963963e+03 0.000000e+00 0.000000e+00 0.000000e+00 -3.973909e+02 -3.633721e+02 1.447735e+03 6.978497e+02 0.000000e+00 0.000000e+00 0.000000e+00 0.000000e+00 0.000000e+00 0.000000e+00 0.000000e+00 0.000000e+00 0.000000e+00
2.554000e+00 0.000000e+00 -5.383369e+03 -7.957737e+03 0.000000e+00 0.000000e+00 0.000000e+00 -3.971861e+02 -3.631125e+02 1.446245e+03 6.967410e+02 0.000000e+00 0.000000e+00 0.000000e+00 0.000000e+00 0.000000e+00 0.000000e+00 0.000000e+00 0.000000e+00 0.000000e+00
2.555000e+00 0.000000e+00 -5.371725e+03 -7.951382e+03 0.000000e+00 0.000000e+00 0.000000e+00 -3.969699e+02 -3.628422e+02 1.444751e+03 6.956123e+02 0.000000e+00 0.000000e+00 0.000000e+00 0.000000e+00 0.000000e+00 0.000000e+00 0.000000e+00 0.000000e+00 0.000000e+00
2.556000e+00 0.000000e+00 -5.360050e+03 -7.944901e+03 0.000000e+00 0.000000e+00 0.000000e+00 -3.967426e+02 -3.625611e+02 1.443254e+03 6.944641e+02 0.000000e+00 0.000000e+00 0.000000e+00 0.000000e+00 0.000000e+00 0.000000e+00 0.000000e+00 0.000000e+00 0.000000e+00
2.557000e+00 0.000000e+00 -5.348347e+03 -7.938293e+03 0.000000e+00 0.000000e+00 0.000000e+00 -3.965044e+02 -3.622696e+02 1.441754e+03 6.932970e+02 0.000000e+00 0.000000e+00 0.000000e+00 0.000000e+00 0.000000e+00 0.000000e+00 0.000000e+00 0.000000e+00 0.000000e+00
2.558000e+00 0.000000e+00 -5.336618e+03 -7.931562e+03 0.000000e+00 0.000000e+00 0.000000e+00 -3.962554e+02 -3.619679e+02 1.440251e+03 6.921115e+02 0.000000e+00 0.000000e+00 0.000000e+00 0.000000e+00 0.000000e+00 0.000000e+00 0.000000e+00 0.000000e+00 0.000000e+00
2.559000e+00 0.000000e+00 -5.324866e+03 -7.924708e+03 0.000000e+00 0.000000e+00 0.000000e+00 -3.959960e+02 -3.616562e+02 1.438744e+03 6.909080e+02 0.000000e+00 0.000000e+00 0.000000e+00 0.000000e+00 0.000000e+00 0.000000e+00 0.000000e+00 0.000000e+00 0.000000e+00
2.560000e+00 0.000000e+00 -5.313093e+03 -7.917731e+03 0.000000e+00 0.000000e+00 0.000000e+00 -3.957263e+02 -3.613348e+02 1.437236e+03 6.896872e+02 0.000000e+00 0.000000e+00 0.000000e+00 0.000000e+00 0.000000e+00 0.000000e+00 0.000000e+00 0.000000e+00 0.000000e+00
2.561000e+00 0.000000e+00 -5.301301e+03 -7.910635e+03 0.000000e+00 0.000000e+00 0.000000e+00 -3.954466e+02 -3.610038e+02 1.435725e+03 6.884497e+02 0.000000e+00 0.000000e+00 0.000000e+00 0.000000e+00 0.000000e+00 0.000000e+00 0.000000e+00 0.000000e+00 0.000000e+00
2.562000e+00 0.000000e+00 -5.289493e+03 -7.903420e+03 0.000000e+00 0.000000e+00 0.000000e+00 -3.951571e+02 -3.606636e+02 1.434212e+03 6.871959e+02 0.000000e+00 0.000000e+00 0.000000e+00 0.000000e+00 0.000000e+00 0.000000e+00 0.000000e+00 0.000000e+00 0.000000e+00
2.563000e+00 0.000000e+00 -5.277671e+03 -7.896087e+03 0.000000e+00 0.000000e+00 0.000000e+00 -3.948582e+02 -3.603144e+02 1.432697e+03 6.859264e+02 0.000000e+00 0.000000e+00 0.000000e+00 0.000000e+00 0.000000e+00 0.000000e+00 0.000000e+00 0.000000e+00 0.000000e+00
2.564000e+00 0.000000e+00 -5.265838e+03 -7.888638e+03 0.000000e+00 0.000000e+00 0.000000e+00 -3.945499e+02 -3.599564e+02 1.431181e+03 6.846418e+02 0.000000e+00 0.000000e+00 0.000000e+00 0.000000e+00 0.000000e+00 0.000000e+00 0.000000e+00 0.000000e+00 0.000000e+00
2.565000e+00 0.000000e+00 -5.253997e+03 -7.881075e+03 0.000000e+00 0.000000e+00 0.000000e+00 -3.942327e+02 -3.595899e+02 1.429664e+03 6.833427e+02 0.000000e+00 0.000000e+00 0.000000e+00 0.000000e+00 0.000000e+00 0.000000e+00 0.000000e+00 0.000000e+00 0.000000e+00
2.566000e+00 0.000000e+00 -5.242149e+03 -7.873400e+03 0.000000e+00 0.000000e+00 0.000000e+00 -3.939067e+02 -3.592152e+02 1.428146e+03 6.820297e+02 0.000000e+00 0.000000e+00 0.000000e+00 0.000000e+00 0.000000e+00 0.000000e+00 0.000000e+00 0.000000e+00 0.000000e+00
2.567000e+00 0.000000e+00 -5.230297e+03 -7.865613e+03 0.000000e+00 0.000000e+00 0.000000e+00 -3.935723e+02 -3.588325e+02 1.426628e+03 6.807033e+02 0.000000e+00 0.000000e+00 0.000000e+00 0.000000e+00 0.000000e+00 0.000000e+00 0.000000e+00 0.000000e+00 0.000000e+00
2.568000e+00 0.000000e+00 -5.218444e+03 -7.857718e+03 0.000000e+00 0.000000e+00 0.000000e+00 -3.932296e+02 -3.584421e+02 1.425109e+03 6.793642e+02 0.000000e+00 0.000000e+00 0.000000e+00 0.000000e+00 0.000000e+00 0.000000e+00 0.000000e+00 0.000000e+00 0.000000e+00
2.569000e+00 0.000000e+00 -5.206591e+03 -7.849715e+03 0.000000e+00 0.000000e+00 0.000000e+00 -3.928790e+02 -3.580442e+02 1.423589e+03 6.780129e+02 0.000000e+00 0.000000e+00 0.000000e+00 0.000000e+00 0.000000e+00 0.000000e+00 0.000000e+00 0.000000e+00 0.000000e+00
2.570000e+00 0.000000e+00 -5.194742e+03 -7.841606e+03 0.000000e+00 0.000000e+00 0.000000e+00 -3.925208e+02 -3.576392e+02 1.422071e+03 6.766500e+02 0.000000e+00 0.000000e+00 0.000000e+00 0.000000e+00 0.000000e+00 0.000000e+00 0.000000e+00 0.000000e+00 0.000000e+00
2.571000e+00 0.000000e+00 -5.182899e+03 -7.833394e+03 0.000000e+00 0.000000e+00 0.000000e+00 -3.921551e+02 -3.572273e+02 1.420552e+03 6.752762e+02 0.000000e+00 0.000000e+00 0.000000e+00 0.000000e+00 0.000000e+00 0.000000e+00 0.000000e+00 0.000000e+00 0.000000e+00
2.572000e+00 0.000000e+00 -5.171064e+03 -7.825081e+03 0.000000e+00 0.000000e+00 0.000000e+00 -3.917824e+02 -3.568088e+02 1.419035e+03 6.738921e+02 0.000000e+00 0.000000e+00 0.000000e+00 0.000000e+00 0.000000e+00 0.000000e+00 0.000000e+00 0.000000e+00 0.000000e+00
2.573000e+00 0.000000e+00 -5.159239e+03 -7.816668e+03 0.000000e+00 0.000000e+00 0.000000e+00 -3.914029e+02 -3.563840e+02 1.417518e+03 6.724983e+02 0.000000e+00 0.000000e+00 0.000000e+00 0.000000e+00 0.000000e+00 0.000000e+00 0.000000e+00 0.000000e+00 0.000000e+00
2.574000e+00 0.000000e+00 -5.147428e+03 -7.808157e+03 0.000000e+00 0.000000e+00 0.000000e+00 -3.910169e+02 -3.559532e+02 1.416003e+03 6.710954e+02 0.000000e+00 0.000000e+00 0.000000e+00 0.000000e+00 0.000000e+00 0.000000e+00 0.000000e+00 0.000000e+00 0.000000e+00
2.575000e+00 0.000000e+00 -5.135631e+03 -7.799551e+03 0.000000e+00 0.000000e+00 0.000000e+00 -3.906247e+02 -3.555166e+02 1.414489e+03 6.696840e+02 0.000000e+00 0.000000e+00 0.000000e+00 0.000000e+00 0.000000e+00 0.000000e+00 0.000000e+00 0.000000e+00 0.000000e+00
2.576000e+00 0.000000e+00 -5.123853e+03 -7.790851e+03 0.000000e+00 0.000000e+00 0.000000e+00 -3.902265e+02 -3.550746e+02 1.412978e+03 6.682648e+02 0.000000e+00 0.000000e+00 0.000000e+00 0.000000e+00 0.000000e+00 0.000000e+00 0.000000e+00 0.000000e+00 0.000000e+00
2.577000e+00 0.000000e+00 -5.112095e+03 -7.782061e+03 0.000000e+00 0.000000e+00 0.000000e+00 -3.898227e+02 -3.546275e+02 1.411468e+03 6.668384e+02 0.000000e+00 0.000000e+00 0.000000e+00 0.000000e+00 0.000000e+00 0.000000e+00 0.000000e+00 0.000000e+00 0.000000e+00
2.578000e+00 0.000000e+00 -5.100359e+03 -7.773181e+03 0.000000e+00 0.000000e+00 0.000000e+00 -3.894136e+02 -3.541755e+02 1.409961e+03 6.654054e+02 0.000000e+00 0.000000e+00 0.000000e+00 0.000000e+00 0.000000e+00 0.000000e+00 0.000000e+00 0.000000e+00 0.000000e+00
2.579000e+00 0.000000e+00 -5.088648e+03 -7.764215e+03 0.000000e+00 0.000000e+00 0.000000e+00 -3.889995e+02 -3.537190e+02 1.408457e+03 6.639665e+02 0.000000e+00 0.000000e+00 0.000000e+00 0.000000e+00 0.000000e+00 0.000000e+00 0.000000e+00 0.000000e+00 0.000000e+00
2.580000e+00 0.000000e+00 -5.076964e+03 -7.755165e+03 0.000000e+00 0.000000e+00 0.000000e+00 -3.885807e+02 -3.532582e+02 1.406956e+03 6.625224e+02 0.000000e+00 0.000000e+00 0.000000e+00 0.000000e+00 0.000000e+00 0.000000e+00 0.000000e+00 0.000000e+00 0.000000e+00
2.581000e+00 0.000000e+00 -5.065310e+03 -7.746032e+03 0.000000e+00 0.000000e+00 0.000000e+00 -3.881575e+02 -3.527935e+02 1.405458e+03 6.610736e+02 0.000000e+00 0.000000e+00 0.000000e+00 0.000000e+00 0.000000e+00 0.000000e+00 0.000000e+00 0.000000e+00 0.000000e+00
2.582000e+00 0.000000e+00 -5.053687e+03 -7.736821e+03 0.000000e+00 0.000000e+00 0.000000e+00 -3.877303e+02 -3.523253e+02 1.403964e+03 6.596209e+02 0.000000e+00 0.000000e+00 0.000000e+00 0.000000e+00 0.000000e+00 0.000000e+00 0.000000e+00 0.000000e+00 0.000000e+00
2.583000e+00 0.000000e+00 -5.042099e+03 -7.727532e+03 0.000000e+00 0.000000e+00 0.000000e+00 -3.872993e+02 -3.518537e+02 1.402473e+03 6.581649e+02 0.000000e+00 0.000000e+00 0.000000e+00 0.000000e+00 0.000000e+00 0.000000e+00 0.000000e+00 0.000000e+00 0.000000e+00
2.584000e+00 0.000000e+00 -5.030548e+03 -7.718169e+03 0.000000e+00 0.000000e+00 0.000000e+00 -3.868649e+02 -3.513791e+02 1.400987e+03 6.567062e+02 0.000000e+00 0.000000e+00 0.000000e+00 0.000000e+00 0.000000e+00 0.000000e+00 0.000000e+00 0.000000e+00 0.000000e+00
2.585000e+00 0.000000e+00 -5.019035e+03 -7.708734e+03 0.000000e+00 0.000000e+00 0.000000e+00 -3.864273e+02 -3.509019e+02 1.399506e+03 6.552455e+02 0.000000e+00 0.000000e+00 0.000000e+00 0.000000e+00 0.000000e+00 0.000000e+00 0.000000e+00 0.000000e+00 0.000000e+00
2.586000e+00 0.000000e+00 -5.007563e+03 -7.699230e+03 0.000000e+00 0.000000e+00 0.000000e+00 -3.859870e+02 -3.504224e+02 1.398029e+03 6.537835e+02 0.000000e+00 0.000000e+00 0.000000e+00 0.000000e+00 0.000000e+00 0.000000e+00 0.000000e+00 0.000000e+00 0.000000e+00
2.587000e+00 0.000000e+00 -4.996134e+03 -7.689660e+03 0.000000e+00 0.000000e+00 0.000000e+00 -3.855443e+02 -3.499408e+02 1.396557e+03 6.523209e+02 0.000000e+00 0.000000e+00 0.000000e+00 0.000000e+00 0.000000e+00 0.000000e+00 0.000000e+00 0.000000e+00 0.000000e+00
2.588000e+00 0.000000e+00 -4.984751e+03 -7.680026e+03 0.000000e+00 0.000000e+00 0.000000e+00 -3.850995e+02 -3.494575e+02 1.395091e+03 6.508582e+02 0.000000e+00 0.000000e+00 0.000000e+00 0.000000e+00 0.000000e+00 0.000000e+00 0.000000e+00 0.000000e+00 0.000000e+00
2.589000e+00 0.000000e+00 -4.973416e+03 -7.670330e+03 0.000000e+00 0.000000e+00 0.000000e+00 -3.846528e+02 -3.489729e+02 1.393630e+03 6.493963e+02 0.000000e+00 0.000000e+00 0.000000e+00 0.000000e+00 0.000000e+00 0.000000e+00 0.000000e+00 0.000000e+00 0.000000e+00
2.590000e+00 0.000000e+00 -4.962131e+03 -7.660576e+03 0.000000e+00 0.000000e+00 0.000000e+00 -3.842047e+02 -3.484873e+02 1.392176e+03 6.479356e+02 0.000000e+00 0.000000e+00 0.000000e+00 0.000000e+00 0.000000e+00 0.000000e+00 0.000000e+00 0.000000e+00 0.000000e+00
2.591000e+00 0.000000e+00 -4.950898e+03 -7.650767e+03 0.000000e+00 0.000000e+00 0.000000e+00 -3.837555e+02 -3.480009e+02 1.390727e+03 6.464770e+02 0.000000e+00 0.000000e+00 0.000000e+00 0.000000e+00 0.000000e+00 0.000000e+00 0.000000e+00 0.000000e+00 0.000000e+00
2.592000e+00 0.000000e+00 -4.939720e+03 -7.640905e+03 0.000000e+00 0.000000e+00 0.000000e+00 -3.833055e+02 -3.475142e+02 1.389286e+03 6.450210e+02 0.000000e+00 0.000000e+00 0.000000e+00 0.000000e+00 0.000000e+00 0.000000e+00 0.000000e+00 0.000000e+00 0.000000e+00
2.593000e+00 0.000000e+00 -4.928598e+03 -7.630993e+03 0.000000e+00 0.000000e+00 0.000000e+00 -3.828551e+02 -3.470274e+02 1.387851e+03 6.435685e+02 0.000000e+00 0.000000e+00 0.000000e+00 0.000000e+00 0.000000e+00 0.000000e+00 0.000000e+00 0.000000e+00 0.000000e+00
2.594000e+00 0.000000e+00 -4.917535e+03 -7.621034e+03 0.000000e+00 0.000000e+00 0.000000e+00 -3.824046e+02 -3.465410e+02 1.386423e+03 6.421199e+02 0.000000e+00 0.000000e+00 0.000000e+00 0.000000e+00 0.000000e+00 0.000000e+00 0.000000e+00 0.000000e+00 0.000000e+00
2.595000e+00 0.000000e+00 -4.906534e+03 -7.611032e+03 0.000000e+00 0.000000e+00 0.000000e+00 -3.819544e+02 -3.460551e+02 1.385002e+03 6.406760e+02 0.000000e+00 0.000000e+00 0.000000e+00 0.000000e+00 0.000000e+00 0.000000e+00 0.000000e+00 0.000000e+00 0.000000e+00
2.596000e+00 0.000000e+00 -4.895595e+03 -7.600989e+03 0.000000e+00 0.000000e+00 0.000000e+00 -3.815047e+02 -3.455703e+02 1.383590e+03 6.392375e+02 0.000000e+00 0.000000e+00 0.000000e+00 0.000000e+00 0.000000e+00 0.000000e+00 0.000000e+00 0.000000e+00 0.000000e+00
2.597000e+00 0.000000e+00 -4.884721e+03 -7.590908e+03 0.000000e+00 0.000000e+00 0.000000e+00 -3.810560e+02 -3.450867e+02 1.382185e+03 6.378051e+02 0.000000e+00 0.000000e+00 0.000000e+00 0.000000e+00 0.000000e+00 0.000000e+00 0.000000e+00 0.000000e+00 0.000000e+00
2.598000e+00 0.000000e+00 -4.873915e+03 -7.580792e+03 0.000000e+00 0.000000e+00 0.000000e+00 -3.806086e+02 -3.446048e+02 1.380788e+03 6.363794e+02 0.000000e+00 0.000000e+00 0.000000e+00 0.000000e+00 0.000000e+00 0.000000e+00 0.000000e+00 0.000000e+00 0.000000e+00
2.599000e+00 0.000000e+00 -4.863178e+03 -7.570645e+03 0.000000e+00 0.000000e+00 0.000000e+00 -3.801629e+02 -3.441249e+02 1.379401e+03 6.349610e+02 0.000000e+00 0.000000e+00 0.000000e+00 0.000000e+00 0.000000e+00 0.000000e+00 0.000000e+00 0.000000e+00 0.000000e+00
2.600000e+00 0.000000e+00 -4.852513e+03 -7.560469e+03 0.000000e+00 0.000000e+00 0.000000e+00 -3.797191e+02 -3.436473e+02 1.378022e+03 6.335508e+02 0.000000e+00 0.000000e+00 0.000000e+00 0.000000e+00 0.000000e+00 0.000000e+00 0.000000e+00 0.000000e+00 0.000000e+00
2.601000e+00 0.000000e+00 -4.841920e+03 -7.550268e+03 0.000000e+00 0.000000e+00 0.000000e+00 -3.792776e+02 -3.431724e+02 1.376652e+03 6.321492e+02 0.000000e+00 0.000000e+00 0.000000e+00 0.000000e+00 0.000000e+00 0.000000e+00 0.000000e+00 0.000000e+00 0.000000e+00
2.602000e+00 0.000000e+00 -4.831404e+03 -7.540045e+03 0.000000e+00 0.000000e+00 0.000000e+00 -3.788388e+02 -3.427005e+02 1.375291e+03 6.307570e+02 0.000000e+00 0.000000e+00 0.000000e+00 0.000000e+00 0.000000e+00 0.000000e+00 0.000000e+00 0.000000e+00 0.000000e+00
2.603000e+00 0.000000e+00 -4.820965e+03 -7.529803e+03 0.000000e+00 0.000000e+00 0.000000e+00 -3.784031e+02 -3.422319e+02 1.373940e+03 6.293749e+02 0.000000e+00 0.000000e+00 0.000000e+00 0.000000e+00 0.000000e+00 0.000000e+00 0.000000e+00 0.000000e+00 0.000000e+00
2.604000e+00 0.000000e+00 -4.810605e+03 -7.519545e+03 0.000000e+00 0.000000e+00 0.000000e+00 -3.779707e+02 -3.417670e+02 1.372600e+03 6.280035e+02 0.000000e+00 0.000000e+00 0.000000e+00 0.000000e+00 0.000000e+00 0.000000e+00 0.000000e+00 0.000000e+00 0.000000e+00
2.605000e+00 0.000000e+00 -4.800327e+03 -7.509275e+03 0.000000e+00 0.000000e+00 0.000000e+00 -3.775420e+02 -3.413061e+02 1.371269e+03 6.266435e+02 0.000000e+00 0.000000e+00 0.000000e+00 0.000000e+00 0.000000e+00 0.000000e+00 0.000000e+00 0.000000e+00 0.000000e+00
2.606000e+00 0.000000e+00 -4.790132e+03 -7.498995e+03 0.000000e+00 0.000000e+00 0.000000e+00 -3.771175e+02 -3.408495e+02 1.369949e+03 6.252955e+02 0.000000e+00 0.000000e+00 0.000000e+00 0.000000e+00 0.000000e+00 0.000000e+00 0.000000e+00 0.000000e+00 0.000000e+00
2.607000e+00 0.000000e+00 -4.780022e+03 -7.488710e+03 0.000000e+00 0.000000e+00 0.000000e+00 -3.766973e+02 -3.403977e+02 1.368640e+03 6.239603e+02 0.000000e+00 0.000000e+00 0.000000e+00 0.000000e+00 0.000000e+00 0.000000e+00 0.000000e+00 0.000000e+00 0.000000e+00
2.608000e+00 0.000000e+00 -4.769999e+03 -7.478423e+03 0.000000e+00 0.000000e+00 0.000000e+00 -3.762819e+02 -3.399510e+02 1.367342e+03 6.226383e+02 0.000000e+00 0.000000e+00 0.000000e+00 0.000000e+00 0.000000e+00 0.000000e+00 0.000000e+00 0.000000e+00 0.000000e+00
2.609000e+00 0.000000e+00 -4.760066e+03 -7.468136e+03 0.000000e+00 0.000000e+00 0.000000e+00 -3.758717e+02 -3.395096e+02 1.366055e+03 6.213304e+02 0.000000e+00 0.000000e+00 0.000000e+00 0.000000e+00 0.000000e+00 0.000000e+00 0.000000e+00 0.000000e+00 0.000000e+00
2.610000e+00 0.000000e+00 -4.750223e+03 -7.457853e+03 0.000000e+00 0.000000e+00 0.000000e+00 -3.754669e+02 -3.390739e+02 1.364779e+03 6.200371e+02 0.000000e+00 0.000000e+00 0.000000e+00 0.000000e+00 0.000000e+00 0.000000e+00 0.000000e+00 0.000000e+00 0.000000e+00
2.611000e+00 0.000000e+00 -4.740472e+03 -7.447578e+03 0.000000e+00 0.000000e+00 0.000000e+00 -3.750679e+02 -3.386442e+02 1.363516e+03 6.187590e+02 0.000000e+00 0.000000e+00 0.000000e+00 0.000000e+00 0.000000e+00 0.000000e+00 0.000000e+00 0.000000e+00 0.000000e+00
2.612000e+00 0.000000e+00 -4.730816e+03 -7.437314e+03 0.000000e+00 0.000000e+00 0.000000e+00 -3.746751e+02 -3.382210e+02 1.362265e+03 6.174969e+02 0.000000e+00 0.000000e+00 0.000000e+00 0.000000e+00 0.000000e+00 0.000000e+00 0.000000e+00 0.000000e+00 0.000000e+00
2.613000e+00 0.000000e+00 -4.721256e+03 -7.427065e+03 0.000000e+00 0.000000e+00 0.000000e+00 -3.742888e+02 -3.378045e+02 1.361026e+03 6.162514e+02 0.000000e+00 0.000000e+00 0.000000e+00 0.000000e+00 0.000000e+00 0.000000e+00 0.000000e+00 0.000000e+00 0.000000e+00
2.614000e+00 0.000000e+00 -4.711793e+03 -7.416833e+03 0.000000e+00 0.000000e+00 0.000000e+00 -3.739093e+02 -3.373950e+02 1.359800e+03 6.150230e+02 0.000000e+00 0.000000e+00 0.000000e+00 0.000000e+00 0.000000e+00 0.000000e+00 0.000000e+00 0.000000e+00 0.000000e+00
2.615000e+00 0.000000e+00 -4.702431e+03 -7.406622e+03 0.000000e+00 0.000000e+00 0.000000e+00 -3.735370e+02 -3.369929e+02 1.358587e+03 6.138123e+02 0.000000e+00 0.000000e+00 0.000000e+00 0.000000e+00 0.000000e+00 0.000000e+00 0.000000e+00 0.000000e+00 0.000000e+00
2.616000e+00 0.000000e+00 -4.693169e+03 -7.396436e+03 0.000000e+00 0.000000e+00 0.000000e+00 -3.731722e+02 -3.365985e+02 1.357386e+03 6.126201e+02 0.000000e+00 0.000000e+00 0.000000e+00 0.000000e+00 0.000000e+00 0.000000e+00 0.000000e+00 0.000000e+00 0.000000e+00
2.617000e+00 0.000000e+00 -4.684010e+03 -7.386278e+03 0.000000e+00 0.000000e+00 0.000000e+00 -3.728153e+02 -3.362121e+02 1.356200e+03 6.114469e+02 0.000000e+00 0.000000e+00 0.000000e+00 0.000000e+00 0.000000e+00 0.000000e+00 0.000000e+00 0.000000e+00 0.000000e+00
2.618000e+00 0.000000e+00 -4.674955e+03 -7.376152e+03 0.000000e+00 0.000000e+00 0.000000e+00 -3.724665e+02 -3.358341e+02 1.355027e+03 6.102933e+02 0.000000e+00 0.000000e+00 0.000000e+00 0.000000e+00 0.000000e+00 0.000000e+00 0.000000e+00 0.000000e+00 0.000000e+00
2.619000e+00 0.000000e+00 -4.666007e+03 -7.366060e+03 0.000000e+00 0.000000e+00 0.000000e+00 -3.721263e+02 -3.354648e+02 1.353867e+03 6.091600e+02 0.000000e+00 0.000000e+00 0.000000e+00 0.000000e+00 0.000000e+00 0.000000e+00 0.000000e+00 0.000000e+00 0.000000e+00
2.620000e+00 0.000000e+00 -4.657166e+03 -7.356007e+03 0.000000e+00 0.000000e+00 0.000000e+00 -3.717949e+02 -3.351045e+02 1.352722e+03 6.080474e+02 0.000000e+00 0.000000e+00 0.000000e+00 0.000000e+00 0.000000e+00 0.000000e+00 0.000000e+00 0.000000e+00 0.000000e+00
2.621000e+00 0.000000e+00 -4.648434e+03 -7.345995e+03 0.000000e+00 0.000000e+00 0.000000e+00 -3.714727e+02 -3.347534e+02 1.351592e+03 6.069563e+02 0.000000e+00 0.000000e+00 0.000000e+00 0.000000e+00 0.000000e+00 0.000000e+00 0.000000e+00 0.000000e+00 0.000000e+00
2.622000e+00 0.000000e+00 -4.639812e+03 -7.336029e+03 0.000000e+00 0.000000e+00 0.000000e+00 -3.711601e+02 -3.344120e+02 1.350476e+03 6.058871e+02 0.000000e+00 0.000000e+00 0.000000e+00 0.000000e+00 0.000000e+00 0.000000e+00 0.000000e+00 0.000000e+00 0.000000e+00
2.623000e+00 0.000000e+00 -4.631302e+03 -7.326111e+03 0.000000e+00 0.000000e+00 0.000000e+00 -3.708572e+02 -3.340806e+02 1.349374e+03 6.048404e+02 0.000000e+00 0.000000e+00 0.000000e+00 0.000000e+00 0.000000e+00 0.000000e+00 0.000000e+00 0.000000e+00 0.000000e+00
2.624000e+00 0.000000e+00 -4.622906e+03 -7.316245e+03 0.000000e+00 0.000000e+00 0.000000e+00 -3.705645e+02 -3.337594e+02 1.348288e+03 6.038169e+02 0.000000e+00 0.000000e+00 0.000000e+00 0.000000e+00 0.000000e+00 0.000000e+00 0.000000e+00 0.000000e+00 0.000000e+00
2.625000e+00 0.000000e+00 -4.614624e+03 -7.306435e+03 0.000000e+00 0.000000e+00 0.000000e+00 -3.702823e+02 -3.334487e+02 1.347217e+03 6.028170e+02 0.000000e+00 0.000000e+00 0.000000e+00 0.000000e+00 0.000000e+00 0.000000e+00 0.000000e+00 0.000000e+00 0.000000e+00
2.626000e+00 0.000000e+00 -4.606459e+03 -7.296683e+03 0.000000e+00 0.000000e+00 0.000000e+00 -3.700108e+02 -3.331489e+02 1.346162e+03 6.018413e+02 0.000000e+00 0.000000e+00 0.000000e+00 0.000000e+00 0.000000e+00 0.000000e+00 0.000000e+00 0.000000e+00 0.000000e+00
2.627000e+00 0.000000e+00 -4.598411e+03 -7.286994e+03 0.000000e+00 0.000000e+00 0.000000e+00 -3.697504e+02 -3.328602e+02 1.345122e+03 6.008904e+02 0.000000e+00 0.000000e+00 0.000000e+00 0.000000e+00 0.000000e+00 0.000000e+00 0.000000e+00 0.000000e+00 0.000000e+00
2.628000e+00 0.000000e+00 -4.590481e+03 -7.277370e+03 0.000000e+00 0.000000e+00 0.000000e+00 -3.695014e+02 -3.325830e+02 1.344098e+03 5.999647e+02 0.000000e+00 0.000000e+00 0.000000e+00 0.000000e+00 0.000000e+00 0.000000e+00 0.000000e+00 0.000000e+00 0.000000e+00
2.629000e+00 0.000000e+00 -4.582672e+03 -7.267815e+03 0.000000e+00 0.000000e+00 0.000000e+00 -3.692641e+02 -3.323175e+02 1.343090e+03 5.990649e+02 0.000000e+00 0.000000e+00 0.000000e+00 0.000000e+00 0.000000e+00 0.000000e+00 0.000000e+00 0.000000e+00 0.000000e+00
2.630000e+00 0.000000e+00 -4.574983e+03 -7.258332e+03 0.000000e+00 0.000000e+00 0.000000e+00 -3.690387e+02 -3.320641e+02 1.342099e+03 5.981913e+02 0.000000e+00 0.000000e+00 0.000000e+00 0.000000e+00 0.000000e+00 0.000000e+00 0.000000e+00 0.000000e+00 0.000000e+00
2.631000e+00 0.000000e+00 -4.567417e+03 -7.248925e+03 0.000000e+00 0.000000e+00 0.000000e+00 -3.688257e+02 -3.318229e+02 1.341124e+03 5.973445e+02 0.000000e+00 0.000000e+00 0.000000e+00 0.000000e+00 0.000000e+00 0.000000e+00 0.000000e+00 0.000000e+00 0.000000e+00
2.632000e+00 0.000000e+00 -4.559975e+03 -7.239597e+03 0.000000e+00 0.000000e+00 0.000000e+00 -3.686252e+02 -3.315943e+02 1.340166e+03 5.965250e+02 0.000000e+00 0.000000e+00 0.000000e+00 0.000000e+00 0.000000e+00 0.000000e+00 0.000000e+00 0.000000e+00 0.000000e+00
2.633000e+00 0.000000e+00 -4.552657e+03 -7.230351e+03 0.000000e+00 0.000000e+00 0.000000e+00 -3.684376e+02 -3.313785e+02 1.339224e+03 5.957334e+02 0.000000e+00 0.000000e+00 0.000000e+00 0.000000e+00 0.000000e+00 0.000000e+00 0.000000e+00 0.000000e+00 0.000000e+00
2.634000e+00 0.000000e+00 -4.545464e+03 -7.221190e+03 0.000000e+00 0.000000e+00 0.000000e+00 -3.682630e+02 -3.311759e+02 1.338300e+03 5.949699e+02 0.000000e+00 0.000000e+00 0.000000e+00 0.000000e+00 0.000000e+00 0.000000e+00 0.000000e+00 0.000000e+00 0.000000e+00
2.635000e+00 0.000000e+00 -4.538399e+03 -7.212118e+03 0.000000e+00 0.000000e+00 0.000000e+00 -3.681019e+02 -3.309866e+02 1.337393e+03 5.942352e+02 0.000000e+00 0.000000e+00 0.000000e+00 0.000000e+00 0.000000e+00 0.000000e+00 0.000000e+00 0.000000e+00 0.000000e+00
2.636000e+00 0.000000e+00 -4.531460e+03 -7.203138e+03 0.000000e+00 0.000000e+00 0.000000e+00 -3.679545e+02 -3.308110e+02 1.336503e+03 5.935296e+02 0.000000e+00 0.000000e+00 0.000000e+00 0.000000e+00 0.000000e+00 0.000000e+00 0.000000e+00 0.000000e+00 0.000000e+00
2.637000e+00 0.000000e+00 -4.524651e+03 -7.194252e+03 0.000000e+00 0.000000e+00 0.000000e+00 -3.678210e+02 -3.306493e+02 1.335631e+03 5.928536e+02 0.000000e+00 0.000000e+00 0.000000e+00 0.000000e+00 0.000000e+00 0.000000e+00 0.000000e+00 0.000000e+00 0.000000e+00
2.638000e+00 0.000000e+00 -4.517971e+03 -7.185465e+03 0.000000e+00 0.000000e+00 0.000000e+00 -3.677017e+02 -3.305017e+02 1.334777e+03 5.922077e+02 0.000000e+00 0.000000e+00 0.000000e+00 0.000000e+00 0.000000e+00 0.000000e+00 0.000000e+00 0.000000e+00 0.000000e+00
2.639000e+00 0.000000e+00 -4.511421e+03 -7.176778e+03 0.000000e+00 0.000000e+00 0.000000e+00 -3.675969e+02 -3.303685e+02 1.333941e+03 5.915922e+02 0.000000e+00 0.000000e+00 0.000000e+00 0.000000e+00 0.000000e+00 0.000000e+00 0.000000e+00 0.000000e+00 0.000000e+00
2.640000e+00 0.000000e+00 -4.505002e+03 -7.168196e+03 0.000000e+00 0.000000e+00 0.000000e+00 -3.675068e+02 -3.302500e+02 1.333122e+03 5.910076e+02 0.000000e+00 0.000000e+00 0.000000e+00 0.000000e+00 0.000000e+00 0.000000e+00 0.000000e+00 0.000000e+00 0.000000e+00
2.641000e+00 0.000000e+00 -4.498716e+03 -7.159722e+03 0.000000e+00 0.000000e+00 0.000000e+00 -3.674316e+02 -3.301463e+02 1.332322e+03 5.904542e+02 0.000000e+00 0.000000e+00 0.000000e+00 0.000000e+00 0.000000e+00 0.000000e+00 0.000000e+00 0.000000e+00 0.000000e+00
2.642000e+00 0.000000e+00 -4.492562e+03 -7.151357e+03 0.000000e+00 0.000000e+00 0.000000e+00 -3.673716e+02 -3.300576e+02 1.331540e+03 5.899324e+02 0.000000e+00 0.000000e+00 0.000000e+00 0.000000e+00 0.000000e+00 0.000000e+00 0.000000e+00 0.000000e+00 0.000000e+00
2.643000e+00 0.000000e+00 -4.486542e+03 -7.143106e+03 0.000000e+00 0.000000e+00 0.000000e+00 -3.673270e+02 -3.299843e+02 1.330777e+03 5.894426e+02 0.000000e+00 0.000000e+00 0.000000e+00 0.000000e+00 0.000000e+00 0.000000e+00 0.000000e+00 0.000000e+00 0.000000e+00
2.644000e+00 0.000000e+00 -4.480656e+03 -7.134971e+03 0.000000e+00 0.000000e+00 0.000000e+00 -3.672980e+02 -3.299265e+02 1.330032e+03 5.889852e+02 0.000000e+00 0.000000e+00 0.000000e+00 0.000000e+00 0.000000e+00 0.000000e+00 0.000000e+00 0.000000e+00 0.000000e+00
2.645000e+00 0.000000e+00 -4.474905e+03 -7.126954e+03 0.000000e+00 0.000000e+00 0.000000e+00 -3.672849e+02 -3.298844e+02 1.329306e+03 5.885605e+02 0.000000e+00 0.000000e+00 0.000000e+00 0.000000e+00 0.000000e+00 0.000000e+00 0.000000e+00 0.000000e+00 0.000000e+00
2.646000e+00 0.000000e+00 -4.469289e+03 -7.119060e+03 0.000000e+00 0.000000e+00 0.000000e+00 -3.672879e+02 -3.298582e+02 1.328599e+03 5.881688e+02 0.000000e+00 0.000000e+00 0.000000e+00 0.000000e+00 0.000000e+00 0.000000e+00 0.000000e+00 0.000000e+00 0.000000e+00
2.647000e+00 0.000000e+00 -4.463809e+03 -7.111290e+03 0.000000e+00 0.000000e+00 0.000000e+00 -3.673071e+02 -3.298482e+02 1.327911e+03 5.878105e+02 0.000000e+00 0.000000e+00 0.000000e+00 0.000000e+00 0.000000e+00 0.000000e+00 0.000000e+00 0.000000e+00 0.000000e+00
2.648000e+00 0.000000e+00 -4.458465e+03 -7.103648e+03 0.000000e+00 0.000000e+00 0.000000e+00 -3.673429e+02 -3.298545e+02 1.327242e+03 5.874859e+02 0.000000e+00 0.000000e+00 0.000000e+00 0.000000e+00 0.000000e+00 0.000000e+00 0.000000e+00 0.000000e+00 0.000000e+00
2.649000e+00 0.000000e+00 -4.453258e+03 -7.096135e+03 0.000000e+00 0.000000e+00 0.000000e+00 -3.673953e+02 -3.298773e+02 1.326592e+03 5.871952e+02 0.000000e+00 0.000000e+00 0.000000e+00 0.000000e+00 0.000000e+00 0.000000e+00 0.000000e+00 0.000000e+00 0.000000e+00
2.650000e+00 0.000000e+00 -4.448189e+03 -7.088756e+03 0.000000e+00 0.000000e+00 0.000000e+00 -3.674646e+02 -3.299168e+02 1.325961e+03 5.869388e+02 0.000000e+00 0.000000e+00 0.000000e+00 0.000000e+00 0.000000e+00 0.000000e+00 0.000000e+00 0.000000e+00 0.000000e+00
2.651000e+00 0.000000e+00 -4.443257e+03 -7.081511e+03 0.000000e+00 0.000000e+00 0.000000e+00 -3.675509e+02 -3.299732e+02 1.325350e+03 5.867168e+02 0.000000e+00 0.000000e+00 0.000000e+00 0.000000e+00 0.000000e+00 0.000000e+00 0.000000e+00 0.000000e+00 0.000000e+00
2.652000e+00 0.000000e+00 -4.438463e+03 -7.074405e+03 0.000000e+00 0.000000e+00 0.000000e+00 -3.676545e+02 -3.300465e+02 1.324758e+03 5.865297e+02 0.000000e+00 0.000000e+00 0.000000e+00 0.000000e+00 0.000000e+00 0.000000e+00 0.000000e+00 0.000000e+00 0.000000e+00
2.653000e+00 0.000000e+00 -4.433808e+03 -7.067438e+03 0.000000e+00 0.000000e+00 0.000000e+00 -3.677755e+02 -3.301371e+02 1.324186e+03 5.863775e+02 0.000000e+00 0.000000e+00 0.000000e+00 0.000000e+00 0.000000e+00 0.000000e+00 0.000000e+00 0.000000e+00 0.000000e+00
2.654000e+00 0.000000e+00 -4.429291e+03 -7.060614e+03 0.000000e+00 0.000000e+00 0.000000e+00 -3.679140e+02 -3.302450e+02 1.323633e+03 5.862606e+02 0.000000e+00 0.000000e+00 0.000000e+00 0.000000e+00 0.000000e+00 0.000000e+00 0.000000e+00 0.000000e+00 0.000000e+00
2.655000e+00 0.000000e+00 -4.424913e+03 -7.053936e+03 0.000000e+00 0.000000e+00 0.000000e+00 -3.680702e+02 -3.303703e+02 1.323100e+03 5.861791e+02 0.000000e+00 0.000000e+00 0.000000e+00 0.000000e+00 0.000000e+00 0.000000e+00 0.000000e+00 0.000000e+00 0.000000e+00
2.656000e+00 0.000000e+00 -4.420674e+03 -7.047404e+03 0.000000e+00 0.000000e+00 0.000000e+00 -3.682442e+02 -3.305133e+02 1.322587e+03 5.861333e+02 0.000000e+00 0.000000e+00 0.000000e+00 0.000000e+00 0.000000e+00 0.000000e+00 0.000000e+00 0.000000e+00 0.000000e+00
2.657000e+00 0.000000e+00 -4.416574e+03 -7.041023e+03 0.000000e+00 0.000000e+00 0.000000e+00 -3.684363e+02 -3.306739e+02 1.322093e+03 5.861232e+02 0.000000e+00 0.000000e+00 0.000000e+00 0.000000e+00 0.000000e+00 0.000000e+00 0.000000e+00 0.000000e+00 0.000000e+00
2.658000e+00 0.000000e+00 -4.412613e+03 -7.034793e+03 0.000000e+00 0.000000e+00 0.000000e+00 -3.686464e+02 -3.308525e+02 1.321619e+03 5.861492e+02 0.000000e+00 0.000000e+00 0.000000e+00 0.000000e+00 0.000000e+00 0.000000e+00 0.000000e+00 0.000000e+00 0.000000e+00
2.659000e+00 0.000000e+00 -4.408792e+03 -7.028717e+03 0.000000e+00 0.000000e+00 0.000000e+00 -3.688747e+02 -3.310490e+02 1.321166e+03 5.862113e+02 0.000000e+00 0.000000e+00 0.000000e+00 0.000000e+00 0.000000e+00 0.000000e+00 0.000000e+00 0.000000e+00 0.000000e+00
2.660000e+00 0.000000e+00 -4.405110e+03 -7.022796e+03 0.000000e+00 0.000000e+00 0.000000e+00 -3.691214e+02 -3.312635e+02 1.320732e+03 5.863096e+02 0.000000e+00 0.000000e+00 0.000000e+00 0.000000e+00 0.000000e+00 0.000000e+00 0.000000e+00 0.000000e+00 0.000000e+00
2.661000e+00 0.000000e+00 -4.401567e+03 -7.017034e+03 0.000000e+00 0.000000e+00 0.000000e+00 -3.693866e+02 -3.314963e+02 1.320318e+03 5.864444e+02 0.000000e+00 0.000000e+00 0.000000e+00 0.000000e+00 0.000000e+00 0.000000e+00 0.000000e+00 0.000000e+00 0.000000e+00
2.662000e+00 0.000000e+00 -4.398163e+03 -7.011431e+03 0.000000e+00 0.000000e+00 0.000000e+00 -3.696702e+02 -3.317473e+02 1.319924e+03 5.866157e+02 0.000000e+00 0.000000e+00 0.000000e+00 0.000000e+00 0.000000e+00 0.000000e+00 0.000000e+00 0.000000e+00 0.000000e+00
2.663000e+00 0.000000e+00 -4.394899e+03 -7.005990e+03 0.000000e+00 0.000000e+00 0.000000e+00 -3.699726e+02 -3.320166e+02 1.319550e+03 5.868236e+02 0.000000e+00 0.000000e+00 0.000000e+00 0.000000e+00 0.000000e+00 0.000000e+00 0.000000e+00 0.000000e+00 0.000000e+00
2.664000e+00 0.000000e+00 -4.391773e+03 -7.000713e+03 0.000000e+00 0.000000e+00 0.000000e+00 -3.702936e+02 -3.323043e+02 1.319196e+03 5.870681e+02 0.000000e+00 0.000000e+00 0.000000e+00 0.000000e+00 0.000000e+00 0.000000e+00 0.000000e+00 0.000000e+00 0.000000e+00
2.665000e+00 0.000000e+00 -4.388786e+03 -6.995601e+03 0.000000e+00 0.000000e+00 0.000000e+00 -3.706334e+02 -3.326106e+02 1.318862e+03 5.873495e+02 0.000000e+00 0.000000e+00 0.000000e+00 0.000000e+00 0.000000e+00 0.000000e+00 0.000000e+00 0.000000e+00 0.000000e+00
2.666000e+00 0.000000e+00 -4.385938e+03 -6.990655e+03 0.000000e+00 0.000000e+00 0.000000e+00 -3.709920e+02 -3.329353e+02 1.318548e+03 5.876676e+02 0.000000e+00 0.000000e+00 0.000000e+00 0.000000e+00 0.000000e+00 0.000000e+00 0.000000e+00 0.000000e+00 0.000000e+00
2.667000e+00 0.000000e+00 -4.383228e+03 -6.985878e+03 0.000000e+00 0.000000e+00 0.000000e+00 -3.713696e+02 -3.332787e+02 1.318254e+03 5.880225e+02 0.000000e+00 0.000000e+00 0.000000e+00 0.000000e+00 0.000000e+00 0.000000e+00 0.000000e+00 0.000000e+00 0.000000e+00
2.668000e+00 0.000000e+00 -4.380655e+03 -6.981271e+03 0.000000e+00 0.000000e+00 0.000000e+00 -3.717661e+02 -3.336407e+02 1.317980e+03 5.884143e+02 0.000000e+00 0.000000e+00 0.000000e+00 0.000000e+00 0.000000e+00 0.000000e+00 0.000000e+00 0.000000e+00 0.000000e+00
2.669000e+00 0.000000e+00 -4.378221e+03 -6.976835e+03 0.000000e+00 0.000000e+00 0.000000e+00 -3.721817e+02 -3.340213e+02 1.317727e+03 5.888431e+02 0.000000e+00 0.000000e+00 0.000000e+00 0.000000e+00 0.000000e+00 0.000000e+00 0.000000e+00 0.000000e+00 0.000000e+00
2.670000e+00 0.000000e+00 -4.375923e+03 -6.972572e+03 0.000000e+00 0.000000e+00 0.000000e+00 -3.726163e+02 -3.344207e+02 1.317493e+03 5.893086e+02 0.000000e+00 0.000000e+00 0.000000e+00 0.000000e+00 0.000000e+00 0.000000e+00 0.000000e+00 0.000000e+00 0.000000e+00
2.671000e+00 0.000000e+00 -4.373762e+03 -6.968483e+03 0.000000e+00 0.000000e+00 0.000000e+00 -3.730699e+02 -3.348389e+02 1.317279e+03 5.898111e+02 0.000000e+00 0.000000e+00 0.000000e+00 0.000000e+00 0.000000e+00 0.000000e+00 0.000000e+00 0.000000e+00 0.000000e+00
2.672000e+00 0.000000e+00 -4.371736e+03 -6.964569e+03 0.000000e+00 0.000000e+00 0.000000e+00 -3.735427e+02 -3.352758e+02 1.317085e+03 5.903503e+02 0.000000e+00 0.000000e+00 0.000000e+00 0.000000e+00 0.000000e+00 0.000000e+00 0.000000e+00 0.000000e+00 0.000000e+00
2.673000e+00 0.000000e+00 -4.369847e+03 -6.960832e+03 0.000000e+00 0.000000e+00 0.000000e+00 -3.740346e+02 -3.357314e+02 1.316911e+03 5.909264e+02 0.000000e+00 0.000000e+00 0.000000e+00 0.000000e+00 0.000000e+00 0.000000e+00 0.000000e+00 0.000000e+00 0.000000e+00
2.674000e+00 0.000000e+00 -4.368092e+03 -6.957272e+03 0.000000e+00 0.000000e+00 0.000000e+00 -3.745456e+02 -3.362058e+02 1.316756e+03 5.915391e+02 0.000000e+00 0.000000e+00 0.000000e+00 0.000000e+00 0.000000e+00 0.000000e+00 0.000000e+00 0.000000e+00 0.000000e+00
2.675000e+00 0.000000e+00 -4.366472e+03 -6.953891e+03 0.000000e+00 0.000000e+00 0.000000e+00 -3.750757e+02 -3.366989e+02 1.316622e+03 5.921885e+02 0.000000e+00 0.000000e+00 0.000000e+00 0.000000e+00 0.000000e+00 0.000000e+00 0.000000e+00 0.000000e+00 0.000000e+00
2.676000e+00 0.000000e+00 -4.364986e+03 -6.950689e+03 0.000000e+00 0.000000e+00 0.000000e+00 -3.756249e+02 -3.372108e+02 1.316507e+03 5.928744e+02 0.000000e+00 0.000000e+00 0.000000e+00 0.000000e+00 0.000000e+00 0.000000e+00 0.000000e+00 0.000000e+00 0.000000e+00
2.677000e+00 0.000000e+00 -4.363633e+03 -6.947668e+03 0.000000e+00 0.000000e+00 0.000000e+00 -3.761931e+02 -3.377413e+02 1.316412e+03 5.935967e+02 0.000000e+00 0.000000e+00 0.000000e+00 0.000000e+00 0.000000e+00 0.000000e+00 0.000000e+00 0.000000e+00 0.000000e+00
2.678000e+00 0.000000e+00 -4.362412e+03 -6.944827e+03 0.000000e+00 0.000000e+00 0.000000e+00 -3.767804e+02 -3.382906e+02 1.316337e+03 5.943553e+02 0.000000e+00 0.000000e+00 0.000000e+00 0.000000e+00 0.000000e+00 0.000000e+00 0.000000e+00 0.000000e+00 0.000000e+00
2.679000e+00 0.000000e+00 -4.361323e+03 -6.942168e+03 0.000000e+00 0.000000e+00 0.000000e+00 -3.773866e+02 -3.388584e+02 1.316281e+03 5.951500e+02 0.000000e+00 0.000000e+00 0.000000e+00 0.000000e+00 0.000000e+00 0.000000e+00 0.000000e+00 0.000000e+00 0.000000e+00
2.680000e+00 0.000000e+00 -4.360364e+03 -6.939692e+03 0.000000e+00 0.000000e+00 0.000000e+00 -3.780118e+02 -3.394448e+02 1.316244e+03 5.959808e+02 0.000000e+00 0.000000e+00 0.000000e+00 0.000000e+00 0.000000e+00 0.000000e+00 0.000000e+00 0.000000e+00 0.000000e+00
2.681000e+00 0.000000e+00 -4.359536e+03 -6.937398e+03 0.000000e+00 0.000000e+00 0.000000e+00 -3.786559e+02 -3.400497e+02 1.316227e+03 5.968474e+02 0.000000e+00 0.000000e+00 0.000000e+00 0.000000e+00 0.000000e+00 0.000000e+00 0.000000e+00 0.000000e+00 0.000000e+00
2.682000e+00 0.000000e+00 -4.358837e+03 -6.935287e+03 0.000000e+00 0.000000e+00 0.000000e+00 -3.793188e+02 -3.406730e+02 1.316229e+03 5.977496e+02 0.000000e+00 0.000000e+00 0.000000e+00 0.000000e+00 0.000000e+00 0.000000e+00 0.000000e+00 0.000000e+00 0.000000e+00
2.683000e+00 0.000000e+00 -4.358266e+03 -6.933359e+03 0.000000e+00 0.000000e+00 0.000000e+00 -3.800004e+02 -3.413147e+02 1.316250e+03 5.986873e+02 0.000000e+00 0.000000e+00 0.000000e+00 0.000000e+00 0.000000e+00 0.000000e+00 0.000000e+00 0.000000e+00 0.000000e+00
2.684000e+00 0.000000e+00 -4.357822e+03 -6.931615e+03 0.000000e+00 0.000000e+00 0.000000e+00 -3.807007e+02 -3.419746e+02 1.316291e+03 5.996601e+02 0.000000e+00 0.000000e+00 0.000000e+00 0.000000e+00 0.000000e+00 0.000000e+00 0.000000e+00 0.000000e+00 0.000000e+00
2.685000e+00 0.000000e+00 -4.357505e+03 -6.930055e+03 0.000000e+00 0.000000e+00 0.000000e+00 -3.814195e+02 -3.426527e+02 1.316350e+03 6.006680e+02 0.000000e+00 0.000000e+00 0.000000e+00 0.000000e+00 0.000000e+00 0.000000e+00 0.000000e+00 0.000000e+00 0.000000e+00
2.686000e+00 0.000000e+00 -4.357313e+03 -6.928680e+03 0.000000e+00 0.000000e+00 0.000000e+00 -3.821568e+02 -3.433489e+02 1.316428e+03 6.017107e+02 0.000000e+00 0.000000e+00 0.000000e+00 0.000000e+00 0.000000e+00 0.000000e+00 0.000000e+00 0.000000e+00 0.000000e+00
2.687000e+00 0.000000e+00 -4.357246e+03 -6.927488e+03 0.000000e+00 0.000000e+00 0.000000e+00 -3.829124e+02 -3.440631e+02 1.316525e+03 6.027879e+02 0.000000e+00 0.000000e+00 0.000000e+00 0.000000e+00 0.000000e+00 0.000000e+00 0.000000e+00 0.000000e+00 0.000000e+00
2.688000e+00 0.000000e+00 -4.357302e+03 -6.926480e+03 0.000000e+00 0.000000e+00 0.000000e+00 -3.836863e+02 -3.447951e+02 1.316641e+03 6.038994e+02 0.000000e+00 0.000000e+00 0.000000e+00 0.000000e+00 0.000000e+00 0.000000e+00 0.000000e+00 0.000000e+00 0.000000e+00
2.689000e+00 0.000000e+00 -4.357479e+03 -6.925656e+03 0.000000e+00 0.000000e+00 0.000000e+00 -3.844784e+02 -3.455449e+02 1.316775e+03 6.050449e+02 0.000000e+00 0.000000e+00 0.000000e+00 0.000000e+00 0.000000e+00 0.000000e+00 0.000000e+00 0.000000e+00 0.000000e+00
2.690000e+00 0.000000e+00 -4.357778e+03 -6.925016e+03 0.000000e+00 0.000000e+00 0.000000e+00 -3.852884e+02 -3.463124e+02 1.316927e+03 6.062241e+02 0.000000e+00 0.000000e+00 0.000000e+00 0.000000e+00 0.000000e+00 0.000000e+00 0.000000e+00 0.000000e+00 0.000000e+00
2.691000e+00 0.000000e+00 -4.358197e+03 -6.924560e+03 0.000000e+00 0.000000e+00 0.000000e+00 -3.861163e+02 -3.470973e+02 1.317098e+03 6.074367e+02 0.000000e+00 0.000000e+00 0.000000e+00 0.000000e+00 0.000000e+00 0.000000e+00 0.000000e+00 0.000000e+00 0.000000e+00
2.692000e+00 0.000000e+00 -4.358734e+03 -6.924286e+03 0.000000e+00 0.000000e+00 0.000000e+00 -3.869620e+02 -3.478996e+02 1.317287e+03 6.086824e+02 0.000000e+00 0.000000e+00 0.000000e+00 0.000000e+00 0.000000e+00 0.000000e+00 0.000000e+00 0.000000e+00 0.000000e+00
2.693000e+00 0.000000e+00 -4.359389e+03 -6.924195e+03 0.000000e+00 0.000000e+00 0.000000e+00 -3.878252e+02 -3.487191e+02 1.317494e+03 6.099609e+02 0.000000e+00 0.000000e+00 0.000000e+00 0.000000e+00 0.000000e+00 0.000000e+00 0.000000e+00 0.000000e+00 0.000000e+00
2.694000e+00 0.000000e+00 -4.360159e+03 -6.924286e+03 0.000000e+00 0.000000e+00 0.000000e+00 -3.887059e+02 -3.495556e+02 1.317719e+03 6.112718e+02 0.000000e+00 0.000000e+00 0.000000e+00 0.000000e+00 0.000000e+00 0.000000e+00 0.000000e+00 0.000000e+00 0.000000e+00
2.695000e+00 0.000000e+00 -4.361045e+03 -6.924559e+03 0.000000e+00 0.000000e+00 0.000000e+00 -3.896038e+02 -3.504090e+02 1.317961e+03 6.126148e+02 0.000000e+00 0.000000e+00 0.000000e+00 0.000000e+00 0.000000e+00 0.000000e+00 0.000000e+00 0.000000e+00 0.000000e+00
2.696000e+00 0.000000e+00 -4.362044e+03 -6.925012e+03 0.000000e+00 0.000000e+00 0.000000e+00 -3.905188e+02 -3.512791e+02 1.318221e+03 6.139895e+02 0.000000e+00 0.000000e+00 0.000000e+00 0.000000e+00 0.000000e+00 0.000000e+00 0.000000e+00 0.000000e+00 0.000000e+00
2.697000e+00 0.000000e+00 -4.363155e+03 -6.925645e+03 0.000000e+00 0.000000e+00 0.000000e+00 -3.914507e+02 -3.521658e+02 1.318498e+03 6.153956e+02 0.000000e+00 0.000000e+00 0.000000e+00 0.000000e+00 0.000000e+00 0.000000e+00 0.000000e+00 0.000000e+00 0.000000e+00
2.698000e+00 0.000000e+00 -4.364377e+03 -6.926458e+03 0.000000e+00 0.000000e+00 0.000000e+00 -3.923993e+02 -3.530688e+02 1.318792e+03 6.168326e+02 0.000000e+00 0.000000e+00 0.000000e+00 0.000000e+00 0.000000e+00 0.000000e+00 0.000000e+00 0.000000e+00 0.000000e+00
2.699000e+00 0.000000e+00 -4.365709e+03 -6.927448e+03 0.000000e+00 0.000000e+00 0.000000e+00 -3.933644e+02 -3.539879e+02 1.319104e+03 6.183001e+02 0.000000e+00 0.000000e+00 0.000000e+00 0.000000e+00 0.000000e+00 0.000000e+00 0.000000e+00 0.000000e+00 0.000000e+00
2.700000e+00 0.000000e+00 -4.367149e+03 -6.928615e+03 0.000000e+00 0.000000e+00 0.000000e+00 -3.943458e+02 -3.549229e+02 1.319432e+03 6.197978e+02 0.000000e+00 0.000000e+00 0.000000e+00 0.000000e+00 0.000000e+00 0.000000e+00 0.000000e+00 0.000000e+00 0.000000e+00
2.701000e+00 0.000000e+00 -4.368695e+03 -6.929959e+03 0.000000e+00 0.000000e+00 0.000000e+00 -3.953433e+02 -3.558737e+02 1.319777e+03 6.213252e+02 0.000000e+00 0.000000e+00 0.000000e+00 0.000000e+00 0.000000e+00 0.000000e+00 0.000000e+00 0.000000e+00 0.000000e+00
2.702000e+00 0.000000e+00 -4.370346e+03 -6.931477e+03 0.000000e+00 0.000000e+00 0.000000e+00 -3.963566e+02 -3.568400e+02 1.320138e+03 6.228819e+02 0.000000e+00 0.000000e+00 0.000000e+00 0.000000e+00 0.000000e+00 0.000000e+00 0.000000e+00 0.000000e+00 0.000000e+00
2.703000e+00 0.000000e+00 -4.372102e+03 -6.933168e+03 0.000000e+00 0.000000e+00 0.000000e+00 -3.973856e+02 -3.578216e+02 1.320516e+03 6.244675e+02 0.000000e+00 0.000000e+00 0.000000e+00 0.000000e+00 0.000000e+00 0.000000e+00 0.000000e+00 0.000000e+00 0.000000e+00
2.704000e+00 0.000000e+00 -4.373959e+03 -6.935031e+03 0.000000e+00 0.000000e+00 0.000000e+00 -3.984300e+02 -3.588183e+02 1.320910e+03 6.260814e+02 0.000000e+00 0.000000e+00 0.000000e+00 0.000000e+00 0.000000e+00 0.000000e+00 0.000000e+00 0.000000e+00 0.000000e+00
2.705000e+00 0.000000e+00 -4.375917e+03 -6.937065e+03 0.000000e+00 0.000000e+00 0.000000e+00 -3.994895e+02 -3.598297e+02 1.321320e+03 6.277232e+02 0.000000e+00 0.000000e+00 0.000000e+00 0.000000e+00 0.000000e+00 0.000000e+00 0.000000e+00 0.000000e+00 0.000000e+00
2.706000e+00 0.000000e+00 -4.377974e+03 -6.939269e+03 0.000000e+00 0.000000e+00 0.000000e+00 -4.005640e+02 -3.608558e+02 1.321745e+03 6.293925e+02 0.000000e+00 0.000000e+00 0.000000e+00 0.000000e+00 0.000000e+00 0.000000e+00 0.000000e+00 0.000000e+00 0.000000e+00
2.707000e+00 0.000000e+00 -4.380129e+03 -6.941640e+03 0.000000e+00 0.000000e+00 0.000000e+00 -4.016531e+02 -3.618963e+02 1.322187e+03 6.310887e+02 0.000000e+00 0.000000e+00 0.000000e+00 0.000000e+00 0.000000e+00 0.000000e+00 0.000000e+00 0.000000e+00 0.000000e+00
2.708000e+00 0.000000e+00 -4.382380e+03 -6.944177e+03 0.000000e+00 0.000000e+00 0.000000e+00 -4.027567e+02 -3.629509e+02 1.322643e+03 6.328115e+02 0.000000e+00 0.000000e+00 0.000000e+00 0.000000e+00 0.000000e+00 0.000000e+00 0.000000e+00 0.000000e+00 0.000000e+00
2.709000e+00 0.000000e+00 -4.384725e+03 -6.946878e+03 0.000000e+00 0.000000e+00 0.000000e+00 -4.038745e+02 -3.640193e+02 1.323115e+03 6.345603e+02 0.000000e+00 0.000000e+00 0.000000e+00 0.000000e+00 0.000000e+00 0.000000e+00 0.000000e+00 0.000000e+00 0.000000e+00
2.710000e+00 0.000000e+00 -4.387163e+03 -6.949742e+03 0.000000e+00 0.000000e+00 0.000000e+00 -4.050062e+02 -3.651014e+02 1.323601e+03 6.363346e+02 0.000000e+00 0.000000e+00 0.000000e+00 0.000000e+00 0.000000e+00 0.000000e+00 0.000000e+00 0.000000e+00 0.000000e+00
2.711000e+00 0.000000e+00 -4.389692e+03 -6.952766e+03 0.000000e+00 0.000000e+00 0.000000e+00 -4.061515e+02 -3.661967e+02 1.324103e+03 6.381338e+02 0.000000e+00 0.000000e+00 0.000000e+00 0.000000e+00 0.000000e+00 0.000000e+00 0.000000e+00 0.000000e+00 0.000000e+00
2.712000e+00 0.000000e+00 -4.392310e+03 -6.955949e+03 0.000000e+00 0.000000e+00 0.000000e+00 -4.073101e+02 -3.673052e+02 1.324619e+03 6.399576e+02 0.000000e+00 0.000000e+00 0.000000e+00 0.000000e+00 0.000000e+00 0.000000e+00 0.000000e+00 0.000000e+00 0.000000e+00
2.713000e+00 0.000000e+00 -4.395016e+03 -6.959289e+03 0.000000e+00 0.000000e+00 0.000000e+00 -4.084819e+02 -3.684265e+02 1.325149e+03 6.418052e+02 0.000000e+00 0.000000e+00 0.000000e+00 0.000000e+00 0.000000e+00 0.000000e+00 0.000000e+00 0.000000e+00 0.000000e+00
2.714000e+00 0.000000e+00 -4.397808e+03 -6.962784e+03 0.000000e+00 0.000000e+00 0.000000e+00 -4.096664e+02 -3.695602e+02 1.325693e+03 6.436763e+02 0.000000e+00 0.000000e+00 0.000000e+00 0.000000e+00 0.000000e+00 0.000000e+00 0.000000e+00 0.000000e+00 0.000000e+00
2.715000e+00 0.000000e+00 -4.400684e+03 -6.966431e+03 0.000000e+00 0.000000e+00 0.000000e+00 -4.108634e+02 -3.707062e+02 1.326251e+03 6.455702e+02 0.000000e+00 0.000000e+00 0.000000e+00 0.000000e+00 0.000000e+00 0.000000e+00 0.000000e+00 0.000000e+00 0.000000e+00
2.716000e+00 0.000000e+00 -4.403643e+03 -6.970228e+03 0.000000e+00 0.000000e+00 0.000000e+00 -4.120726e+02 -3.718641e+02 1.326823e+03 6.474863e+02 0.000000e+00 0.000000e+00 0.000000e+00 0.000000e+00 0.000000e+00 0.000000e+00 0.000000e+00 0.000000e+00 0.000000e+00
2.717000e+00 0.000000e+00 -4.406683e+03 -6.974173e+03 0.000000e+00 0.000000e+00 0.000000e+00 -4.132936e+02 -3.730337e+02 1.327408e+03 6.494242e+02 0.000000e+00 0.000000e+00 0.000000e+00 0.000000e+00 0.000000e+00 0.000000e+00 0.000000e+00 0.000000e+00 0.000000e+00
2.718000e+00 0.000000e+00 -4.409802e+03 -6.978264e+03 0.000000e+00 0.000000e+00 0.000000e+00 -4.145263e+02 -3.742145e+02 1.328007e+03 6.513833e+02 0.000000e+00 0.000000e+00 0.000000e+00 0.000000e+00 0.000000e+00 0.000000e+00 0.000000e+00 0.000000e+00 0.000000e+00
2.719000e+00 0.000000e+00 -4.412999e+03 -6.982498e+03 0.000000e+00 0.000000e+00 0.000000e+00 -4.157701e+02 -3.754064e+02 1.328619e+03 6.533629e+02 0.000000e+00 0.000000e+00 0.000000e+00 0.000000e+00 0.000000e+00 0.000000e+00 0.000000e+00 0.000000e+00 0.000000e+00
2.720000e+00 0.000000e+00 -4.416271e+03 -6.986873e+03 0.000000e+00 0.000000e+00 0.000000e+00 -4.170249e+02 -3.766090e+02 1.329243e+03 6.553626e+02 0.000000e+00 0.000000e+00 0.000000e+00 0.000000e+00 0.000000e+00 0.000000e+00 0.000000e+00 0.000000e+00 0.000000e+00
2.721000e+00 0.000000e+00 -4.419617e+03 -6.991385e+03 0.000000e+00 0.000000e+00 0.000000e+00 -4.182903e+02 -3.778220e+02 1.329880e+03 6.573816e+02 0.000000e+00 0.000000e+00 0.000000e+00 0.000000e+00 0.000000e+00 0.000000e+00 0.000000e+00 0.000000e+00 0.000000e+00
2.722000e+00 0.000000e+00 -4.423036e+03 -6.996033e+03 0.000000e+00 0.000000e+00 0.000000e+00 -4.195659e+02 -3.790451e+02 1.330529e+03 6.594195e+02 0.000000e+00 0.000000e+00 0.000000e+00 0.000000e+00 0.000000e+00 0.000000e+00 0.000000e+00 0.000000e+00 0.000000e+00
2.723000e+00 0.000000e+00 -4.426525e+03 -7.000814e+03 0.000000e+00 0.000000e+00 0.000000e+00 -4.208514e+02 -3.802779e+02 1.331190e+03 6.614755e+02 0.000000e+00 0.000000e+00 0.000000e+00 0.000000e+00 0.000000e+00 0.000000e+00 0.000000e+00 0.000000e+00 0.000000e+00
2.724000e+00 0.000000e+00 -4.430082e+03 -7.005725e+03 0.000000e+00 0.000000e+00 0.000000e+00 -4.221466e+02 -3.815201e+02 1.331864e+03 6.635492e+02 0.000000e+00 0.000000e+00 0.000000e+00 0.000000e+00 0.000000e+00 0.000000e+00 0.000000e+00 0.000000e+00 0.000000e+00
2.725000e+00 0.000000e+00 -4.433707e+03 -7.010763e+03 0.000000e+00 0.000000e+00 0.000000e+00 -4.234510e+02 -3.827714e+02 1.332548e+03 6.656399e+02 0.000000e+00 0.000000e+00 0.000000e+00 0.000000e+00 0.000000e+00 0.000000e+00 0.000000e+00 0.000000e+00 0.000000e+00
2.726000e+00 0.000000e+00 -4.437396e+03 -7.015926e+03 0.000000e+00 0.000000e+00 0.000000e+00 -4.247644e+02 -3.840315e+02 1.333245e+03 6.677471e+02 0.000000e+00 0.000000e+00 0.000000e+00 0.000000e+00 0.000000e+00 0.000000e+00 0.000000e+00 0.000000e+00 0.000000e+00
2.727000e+00 0.000000e+00 -4.441149e+03 -7.021210e+03 0.000000e+00 0.000000e+00 0.000000e+00 -4.260863e+02 -3.853001e+02 1.333952e+03 6.698700e+02 0.000000e+00 0.000000e+00 0.000000e+00 0.000000e+00 0.000000e+00 0.000000e+00 0.000000e+00 0.000000e+00 0.000000e+00
2.728000e+00 0.000000e+00 -4.444963e+03 -7.026613e+03 0.000000e+00 0.000000e+00 0.000000e+00 -4.274164e+02 -3.865767e+02 1.334670e+03 6.720081e+02 0.000000e+00 0.000000e+00 0.000000e+00 0.000000e+00 0.000000e+00 0.000000e+00 0.000000e+00 0.000000e+00 0.000000e+00
2.729000e+00 0.000000e+00 -4.448837e+03 -7.032132e+03 0.000000e+00 0.000000e+00 0.000000e+00 -4.287545e+02 -3.878611e+02 1.335399e+03 6.741608e+02 0.000000e+00 0.000000e+00 0.000000e+00 0.000000e+00 0.000000e+00 0.000000e+00 0.000000e+00 0.000000e+00 0.000000e+00
2.730000e+00 0.000000e+00 -4.452768e+03 -7.037763e+03 0.000000e+00 0.000000e+00 0.000000e+00 -4.301000e+02 -3.891530e+02 1.336139e+03 6.763275e+02 0.000000e+00 0.000000e+00 0.000000e+00 0.000000e+00 0.000000e+00 0.000000e+00 0.000000e+00 0.000000e+00 0.000000e+00
2.731000e+00 0.000000e+00 -4.456755e+03 -7.043504e+03 0.000000e+00 0.000000e+00 0.000000e+00 -4.314528e+02 -3.904519e+02 1.336888e+03 6.785075e+02 0.000000e+00 0.000000e+00 0.000000e+00 0.000000e+00 0.000000e+00 0.000000e+00 0.000000e+00 0.000000e+00 0.000000e+00
2.732000e+00 0.000000e+00 -4.460797e+03 -7.049352e+03 0.000000e+00 0.000000e+00 0.000000e+00 -4.328123e+02 -3.917575e+02 1.337648e+03 6.807001e+02 0.000000e+00 0.000000e+00 0.000000e+00 0.000000e+00 0.000000e+00 0.000000e+00 0.000000e+00 0.000000e+00 0.000000e+00
2.733000e+00 0.000000e+00 -4.464890e+03 -7.055302e+03 0.000000e+00 0.000000e+00 0.000000e+00 -4.341782e+02 -3.930695e+02 1.338418e+03 6.829049e+02 0.000000e+00 0.000000e+00 0.000000e+00 0.000000e+00 0.000000e+00 0.000000e+00 0.000000e+00 0.000000e+00 0.000000e+00
2.734000e+00 0.000000e+00 -4.469034e+03 -7.061353e+03 0.000000e+00 0.000000e+00 0.000000e+00 -4.355503e+02 -3.943876e+02 1.339196e+03 6.851210e+02 0.000000e+00 0.000000e+00 0.000000e+00 0.000000e+00 0.000000e+00 0.000000e+00 0.000000e+00 0.000000e+00 0.000000e+00
2.735000e+00 0.000000e+00 -4.473227e+03 -7.067500e+03 0.000000e+00 0.000000e+00 0.000000e+00 -4.369280e+02 -3.957113e+02 1.339985e+03 6.873479e+02 0.000000e+00 0.000000e+00 0.000000e+00 0.000000e+00 0.000000e+00 0.000000e+00 0.000000e+00 0.000000e+00 0.000000e+00
2.736000e+00 0.000000e+00 -4.477466e+03 -7.073740e+03 0.000000e+00 0.000000e+00 0.000000e+00 -4.383111e+02 -3.970403e+02 1.340782e+03 6.895850e+02 0.000000e+00 0.000000e+00 0.000000e+00 0.000000e+00 0.000000e+00 0.000000e+00 0.000000e+00 0.000000e+00 0.000000e+00
2.737000e+00 0.000000e+00 -4.481751e+03 -7.080070e+03 0.000000e+00 0.000000e+00 0.000000e+00 -4.396991e+02 -3.983742e+02 1.341588e+03 6.918315e+02 0.000000e+00 0.000000e+00 0.000000e+00 0.000000e+00 0.000000e+00 0.000000e+00 0.000000e+00 0.000000e+00 0.000000e+00
2.738000e+00 0.000000e+00 -4.486079e+03 -7.086487e+03 0.000000e+00 0.000000e+00 0.000000e+00 -4.410916e+02 -3.997127e+02 1.342402e+03 6.940869e+02 0.000000e+00 0.000000e+00 0.000000e+00 0.000000e+00 0.000000e+00 0.000000e+00 0.000000e+00 0.000000e+00 0.000000e+00
2.739000e+00 0.000000e+00 -4.490448e+03 -7.092986e+03 0.000000e+00 0.000000e+00 0.000000e+00 -4.424884e+02 -4.010555e+02 1.343225e+03 6.963506e+02 0.000000e+00 0.000000e+00 0.000000e+00 0.000000e+00 0.000000e+00 0.000000e+00 0.000000e+00 0.000000e+00 0.000000e+00
2.740000e+00 0.000000e+00 -4.494856e+03 -7.099565e+03 0.000000e+00 0.000000e+00 0.000000e+00 -4.438890e+02 -4.024020e+02 1.344056e+03 6.986217e+02 0.000000e+00 0.000000e+00 0.000000e+00 0.000000e+00 0.000000e+00 0.000000e+00 0.000000e+00 0.000000e+00 0.000000e+00
2.741000e+00 0.000000e+00 -4.499303e+03 -7.106220e+03 0.000000e+00 0.000000e+00 0.000000e+00 -4.452930e+02 -4.037521e+02 1.344894e+03 7.008998e+02 0.000000e+00 0.000000e+00 0.000000e+00 0.000000e+00 0.000000e+00 0.000000e+00 0.000000e+00 0.000000e+00 0.000000e+00
2.742000e+00 0.000000e+00 -4.503785e+03 -7.112947e+03 0.000000e+00 0.000000e+00 0.000000e+00 -4.467000e+02 -4.051052e+02 1.345741e+03 7.031842e+02 0.000000e+00 0.000000e+00 0.000000e+00 0.000000e+00 0.000000e+00 0.000000e+00 0.000000e+00 0.000000e+00 0.000000e+00
2.743000e+00 0.000000e+00 -4.508301e+03 -7.119744e+03 0.000000e+00 0.000000e+00 0.000000e+00 -4.481098e+02 -4.064611e+02 1.346594e+03 7.054742e+02 0.000000e+00 0.000000e+00 0.000000e+00 0.000000e+00 0.000000e+00 0.000000e+00 0.000000e+00 0.000000e+00 0.000000e+00
2.744000e+00 0.000000e+00 -4.512850e+03 -7.126605e+03 0.000000e+00 0.000000e+00 0.000000e+00 -4.495218e+02 -4.078194e+02 1.347455e+03 7.077692e+02 0.000000e+00 0.000000e+00 0.000000e+00 0.000000e+00 0.000000e+00 0.000000e+00 0.000000e+00 0.000000e+00 0.000000e+00
2.745000e+00 0.000000e+00 -4.517429e+03 -7.133528e+03 0.000000e+00 0.000000e+00 0.000000e+00 -4.509358e+02 -4.091798e+02 1.348323e+03 7.100685e+02 0.000000e+00 0.000000e+00 0.000000e+00 0.000000e+00 0.000000e+00 0.000000e+00 0.000000e+00 0.000000e+00 0.000000e+00
2.746000e+00 0.000000e+00 -4.522037e+03 -7.140509e+03 0.000000e+00 0.000000e+00 0.000000e+00 -4.523513e+02 -4.105418e+02 1.349197e+03 7.123716e+02 0.000000e+00 0.000000e+00 0.000000e+00 0.000000e+00 0.000000e+00 0.000000e+00 0.000000e+00 0.000000e+00 0.000000e+00
2.747000e+00 0.000000e+00 -4.526672e+03 -7.147545e+03 0.000000e+00 0.000000e+00 0.000000e+00 -4.537679e+02 -4.119050e+02 1.350077e+03 7.146777e+02 0.000000e+00 0.000000e+00 0.000000e+00 0.000000e+00 0.000000e+00 0.000000e+00 0.000000e+00 0.000000e+00 0.000000e+00
2.748000e+00 0.000000e+00 -4.531332e+03 -7.154631e+03 0.000000e+00 0.000000e+00 0.000000e+00 -4.551853e+02 -4.132692e+02 1.350964e+03 7.169863e+02 0.000000e+00 0.000000e+00 0.000000e+00 0.000000e+00 0.000000e+00 0.000000e+00 0.000000e+00 0.000000e+00 0.000000e+00
2.749000e+00 0.000000e+00 -4.536015e+03 -7.161763e+03 0.000000e+00 0.000000e+00 0.000000e+00 -4.566032e+02 -4.146340e+02 1.351857e+03 7.192967e+02 0.000000e+00 0.000000e+00 0.000000e+00 0.000000e+00 0.000000e+00 0.000000e+00 0.000000e+00 0.000000e+00 0.000000e+00
2.750000e+00 0.000000e+00 -4.540720e+03 -7.168939e+03 0.000000e+00 0.000000e+00 0.000000e+00 -4.580210e+02 -4.159989e+02 1.352755e+03 7.216082e+02 0.000000e+00 0.000000e+00 0.000000e+00 0.000000e+00 0.000000e+00 0.000000e+00 0.000000e+00 0.000000e+00 0.000000e+00
2.751000e+00 0.000000e+00 -4.545445e+03 -7.176154e+03 0.000000e+00 0.000000e+00 0.000000e+00 -4.594384e+02 -4.173637e+02 1.353659e+03 7.239203e+02 0.000000e+00 0.000000e+00 0.000000e+00 0.000000e+00 0.000000e+00 0.000000e+00 0.000000e+00 0.000000e+00 0.000000e+00
2.752000e+00 0.000000e+00 -4.550187e+03 -7.183405e+03 0.000000e+00 0.000000e+00 0.000000e+00 -4.608551e+02 -4.187279e+02 1.354568e+03 7.262322e+02 0.000000e+00 0.000000e+00 0.000000e+00 0.000000e+00 0.000000e+00 0.000000e+00 0.000000e+00 0.000000e+00 0.000000e+00
2.753000e+00 0.000000e+00 -4.554946e+03 -7.190687e+03 0.000000e+00 0.000000e+00 0.000000e+00 -4.622706e+02 -4.200911e+02 1.355482e+03 7.285434e+02 0.000000e+00 0.000000e+00 0.000000e+00 0.000000e+00 0.000000e+00 0.000000e+00 0.000000e+00 0.000000e+00 0.000000e+00
2.754000e+00 0.000000e+00 -4.559720e+03 -7.197997e+03 0.000000e+00 0.000000e+00 0.000000e+00 -4.636846e+02 -4.214531e+02 1.356401e+03 7.308533e+02 0.000000e+00 0.000000e+00 0.000000e+00 0.000000e+00 0.000000e+00 0.000000e+00 0.000000e+00 0.000000e+00 0.000000e+00
2.755000e+00 0.000000e+00 -4.564506e+03 -7.205332e+03 0.000000e+00 0.000000e+00 0.000000e+00 -4.650967e+02 -4.228135e+02 1.357324e+03 7.331611e+02 0.000000e+00 0.000000e+00 0.000000e+00 0.000000e+00 0.000000e+00 0.000000e+00 0.000000e+00 0.000000e+00 0.000000e+00
2.756000e+00 0.000000e+00 -4.569304e+03 -7.212686e+03 0.000000e+00 0.000000e+00 0.000000e+00 -4.665064e+02 -4.241718e+02 1.358252e+03 7.354663e+02 0.000000e+00 0.000000e+00 0.000000e+00 0.000000e+00 0.000000e+00 0.000000e+00 0.000000e+00 0.000000e+00 0.000000e+00
2.757000e+00 0.000000e+00 -4.574111e+03 -7.220057e+03 0.000000e+00 0.000000e+00 0.000000e+00 -4.679135e+02 -4.255277e+02 1.359183e+03 7.377682e+02 0.000000e+00 0.000000e+00 0.000000e+00 0.000000e+00 0.000000e+00 0.000000e+00 0.000000e+00 0.000000e+00 0.000000e+00
2.758000e+00 0.000000e+00 -4.578925e+03 -7.227440e+03 0.000000e+00 0.000000e+00 0.000000e+00 -4.693175e+02 -4.268808e+02 1.360119e+03 7.400663e+02 0.000000e+00 0.000000e+00 0.000000e+00 0.000000e+00 0.000000e+00 0.000000e+00 0.000000e+00 0.000000e+00 0.000000e+00
2.759000e+00 0.000000e+00 -4.583746e+03 -7.234831e+03 0.000000e+00 0.000000e+00 0.000000e+00 -4.707181e+02 -4.282308e+02 1.361058e+03 7.423598e+02 0.000000e+00 0.000000e+00 0.000000e+00 0.000000e+00 0.000000e+00 0.000000e+00 0.000000e+00 0.000000e+00 0.000000e+00
2.760000e+00 0.000000e+00 -4.588571e+03 -7.242228e+03 0.000000e+00 0.000000e+00 0.000000e+00 -4.721149e+02 -4.295774e+02 1.362001e+03 7.446483e+02 0.000000e+00 0.000000e+00 0.000000e+00 0.000000e+00 0.000000e+00 0.000000e+00 0.000000e+00 0.000000e+00 0.000000e+00
2.761000e+00 0.000000e+00 -4.593399e+03 -7.249625e+03 0.000000e+00 0.000000e+00 0.000000e+00 -4.735075e+02 -4.309201e+02 1.362946e+03 7.469311e+02 0.000000e+00 0.000000e+00 0.000000e+00 0.000000e+00 0.000000e+00 0.000000e+00 0.000000e+00 0.000000e+00 0.000000e+00
2.762000e+00 0.000000e+00 -4.598228e+03 -7.257020e+03 0.000000e+00 0.000000e+00 0.000000e+00 -4.748955e+02 -4.322586e+02 1.363895e+03 7.492075e+02 0.000000e+00 0.000000e+00 0.000000e+00 0.000000e+00 0.000000e+00 0.000000e+00 0.000000e+00 0.000000e+00 0.000000e+00
2.763000e+00 0.000000e+00 -4.603056e+03 -7.264407e+03 0.000000e+00 0.000000e+00 0.000000e+00 -4.762786e+02 -4.335926e+02 1.364846e+03 7.514771e+02 0.000000e+00 0.000000e+00 0.000000e+00 0.000000e+00 0.000000e+00 0.000000e+00 0.000000e+00 0.000000e+00 0.000000e+00
2.764000e+00 0.000000e+00 -4.607882e+03 -7.271784e+03 0.000000e+00 0.000000e+00 0.000000e+00 -4.776564e+02 -4.349217e+02 1.365800e+03 7.537392e+02 0.000000e+00 0.000000e+00 0.000000e+00 0.000000e+00 0.000000e+00 0.000000e+00 0.000000e+00 0.000000e+00 0.000000e+00
2.765000e+00 0.000000e+00 -4.612704e+03 -7.279147e+03 0.000000e+00 0.000000e+00 0.000000e+00 -4.790286e+02 -4.362455e+02 1.366757e+03 7.559931e+02 0.000000e+00 0.000000e+00 0.000000e+00 0.000000e+00 0.000000e+00 0.000000e+00 0.000000e+00 0.000000e+00 0.000000e+00
2.766000e+00 0.000000e+00 -4.617521e+03 -7.286491e+03 0.000000e+00 0.000000e+00 0.000000e+00 -4.803947e+02 -4.375638e+02 1.367715e+03 7.582385e+02 0.000000e+00 0.000000e+00 0.000000e+00 0.000000e+00 0.000000e+00 0.000000e+00 0.000000e+00 0.000000e+00 0.000000e+00
2.767000e+00 0.000000e+00 -4.622330e+03 -7.293813e+03 0.000000e+00 0.000000e+00 0.000000e+00 -4.817544e+02 -4.388761e+02 1.368675e+03 7.604745e+02 0.000000e+00 0.000000e+00 0.000000e+00 0.000000e+00 0.000000e+00 0.000000e+00 0.000000e+00 0.000000e+00 0.000000e+00
2.768000e+00 0.000000e+00 -4.627131e+03 -7.301110e+03 0.000000e+00 0.000000e+00 0.000000e+00 -4.831074e+02 -4.401821e+02 1.369637e+03 7.627008e+02 0.000000e+00 0.000000e+00 0.000000e+00 0.000000e+00 0.000000e+00 0.000000e+00 0.000000e+00 0.000000e+00 0.000000e+00
2.769000e+00 0.000000e+00 -4.631921e+03 -7.308376e+03 0.000000e+00 0.000000e+00 0.000000e+00 -4.844533e+02 -4.414815e+02 1.370600e+03 7.649166e+02 0.000000e+00 0.000000e+00 0.000000e+00 0.000000e+00 0.000000e+00 0.000000e+00 0.000000e+00 0.000000e+00 0.000000e+00
2.770000e+00 0.000000e+00 -4.636700e+03 -7.315609e+03 0.000000e+00 0.000000e+00 0.000000e+00 -4.857917e+02 -4.427739e+02 1.371565e+03 7.671215e+02 0.000000e+00 0.000000e+00 0.000000e+00 0.000000e+00 0.000000e+00 0.000000e+00 0.000000e+00 0.000000e+00 0.000000e+00
2.771000e+00 0.000000e+00 -4.641465e+03 -7.322805e+03 0.000000e+00 0.000000e+00 0.000000e+00 -4.871223e+02 -4.440590e+02 1.372530e+03 7.693148e+02 0.000000e+00 0.000000e+00 0.000000e+00 0.000000e+00 0.000000e+00 0.000000e+00 0.000000e+00 0.000000e+00 0.000000e+00
2.772000e+00 0.000000e+00 -4.646215e+03 -7.329960e+03 0.000000e+00 0.000000e+00 0.000000e+00 -4.884448e+02 -4.453365e+02 1.373497e+03 7.714961e+02 0.000000e+00 0.000000e+00 0.000000e+00 0.000000e+00 0.000000e+00 0.000000e+00 0.000000e+00 0.000000e+00 0.000000e+00
2.773000e+00 0.000000e+00 -4.650948e+03 -7.337070e+03 0.000000e+00 0.000000e+00 0.000000e+00 -4.897587e+02 -4.466060e+02 1.374464e+03 7.736647e+02 0.000000e+00 0.000000e+00 0.000000e+00 0.000000e+00 0.000000e+00 0.000000e+00 0.000000e+00 0.000000e+00 0.000000e+00
2.774000e+00 0.000000e+00 -4.655664e+03 -7.344132e+03 0.000000e+00 0.000000e+00 0.000000e+00 -4.910638e+02 -4.478672e+02 1.375431e+03 7.758201e+02 0.000000e+00 0.000000e+00 0.000000e+00 0.000000e+00 0.000000e+00 0.000000e+00 0.000000e+00 0.000000e+00 0.000000e+00
2.775000e+00 0.000000e+00 -4.660360e+03 -7.351142e+03 0.000000e+00 0.000000e+00 0.000000e+00 -4.923597e+02 -4.491198e+02 1.376399e+03 7.779618e+02 0.000000e+00 0.000000e+00 0.000000e+00 0.000000e+00 0.000000e+00 0.000000e+00 0.000000e+00 0.000000e+00 0.000000e+00
2.776000e+00 0.000000e+00 -4.665035e+03 -7.358096e+03 0.000000e+00 0.000000e+00 0.000000e+00 -4.936460e+02 -4.503634e+02 1.377367e+03 7.800892e+02 0.000000e+00 0.000000e+00 0.000000e+00 0.000000e+00 0.000000e+00 0.000000e+00 0.000000e+00 0.000000e+00 0.000000e+00
2.777000e+00 0.000000e+00 -4.669687e+03 -7.364990e+03 0.000000e+00 0.000000e+00 0.000000e+00 -4.949225e+02 -4.515978e+02 1.378334e+03 7.822019e+02 0.000000e+00 0.000000e+00 0.000000e+00 0.000000e+00 0.000000e+00 0.000000e+00 0.000000e+00 0.000000e+00 0.000000e+00
2.778000e+00 0.000000e+00 -4.674315e+03 -7.371822e+03 0.000000e+00 0.000000e+00 0.000000e+00 -4.961888e+02 -4.528225e+02 1.379301e+03 7.842992e+02 0.000000e+00 0.000000e+00 0.000000e+00 0.000000e+00 0.000000e+00 0.000000e+00 0.000000e+00 0.000000e+00 0.000000e+00
2.779000e+00 0.000000e+00 -4.678918e+03 -7.378587e+03 0.000000e+00 0.000000e+00 0.000000e+00 -4.974445e+02 -4.540374e+02 1.380268e+03 7.863807e+02 0.000000e+00 0.000000e+00 0.000000e+00 0.000000e+00 0.000000e+00 0.000000e+00 0.000000e+00 0.000000e+00 0.000000e+00
2.780000e+00 0.000000e+00 -4.683494e+03 -7.385282e+03 0.000000e+00 0.000000e+00 0.000000e+00 -4.986894e+02 -4.552420e+02 1.381234e+03 7.884459e+02 0.000000e+00 0.000000e+00 0.000000e+00 0.000000e+00 0.000000e+00 0.000000e+00 0.000000e+00 0.000000e+00 0.000000e+00
2.781000e+00 0.000000e+00 -4.688042e+03 -7.391903e+03 0.000000e+00 0.000000e+00 0.000000e+00 -4.999232e+02 -4.564361e+02 1.382198e+03 7.904942e+02 0.000000e+00 0.000000e+00 0.000000e+00 0.000000e+00 0.000000e+00 0.000000e+00 0.000000e+00 0.000000e+00 0.000000e+00
2.782000e+00 0.000000e+00 -4.692560e+03 -7.398448e+03 0.000000e+00 0.000000e+00 0.000000e+00 -5.011454e+02 -4.576195e+02 1.383162e+03 7.925252e+02 0.000000e+00 0.000000e+00 0.000000e+00 0.000000e+00 0.000000e+00 0.000000e+00 0.000000e+00 0.000000e+00 0.000000e+00
2.783000e+00 0.000000e+00 -4.697047e+03 -7.404911e+03 0.000000e+00 0.000000e+00 0.000000e+00 -5.023558e+02 -4.587917e+02 1.384124e+03 7.945384e+02 0.000000e+00 0.000000e+00 0.000000e+00 0.000000e+00 0.000000e+00 0.000000e+00 0.000000e+00 0.000000e+00 0.000000e+00
2.784000e+00 0.000000e+00 -4.701501e+03 -7.411291e+03 0.000000e+00 0.000000e+00 0.000000e+00 -5.035542e+02 -4.599525e+02 1.385085e+03 7.965332e+02 0.000000e+00 0.000000e+00 0.000000e+00 0.000000e+00 0.000000e+00 0.000000e+00 0.000000e+00 0.000000e+00 0.000000e+00
2.785000e+00 0.000000e+00 -4.705921e+03 -7.417584e+03 0.000000e+00 0.000000e+00 0.000000e+00 -5.047401e+02 -4.611016e+02 1.386044e+03 7.985093e+02 0.000000e+00 0.000000e+00 0.000000e+00 0.000000e+00 0.000000e+00 0.000000e+00 0.000000e+00 0.000000e+00 0.000000e+00
2.786000e+00 0.000000e+00 -4.710306e+03 -7.423787e+03 0.000000e+00 0.000000e+00 0.000000e+00 -5.059133e+02 -4.622387e+02 1.387002e+03 8.004661e+02 0.000000e+00 0.000000e+00 0.000000e+00 0.000000e+00 0.000000e+00 0.000000e+00 0.000000e+00 0.000000e+00 0.000000e+00
2.787000e+00 0.000000e+00 -4.714654e+03 -7.429895e+03 0.000000e+00 0.000000e+00 0.000000e+00 -5.070735e+02 -4.633635e+02 1.387957e+03 8.024032e+02 0.000000e+00 0.000000e+00 0.000000e+00 0.000000e+00 0.000000e+00 0.000000e+00 0.000000e+00 0.000000e+00 0.000000e+00
2.788000e+00 0.000000e+00 -4.718965e+03 -7.435907e+03 0.000000e+00 0.000000e+00 0.000000e+00 -5.082205e+02 -4.644758e+02 1.388910e+03 8.043201e+02 0.000000e+00 0.000000e+00 0.000000e+00 0.000000e+00 0.000000e+00 0.000000e+00 0.000000e+00 0.000000e+00 0.000000e+00
2.789000e+00 0.000000e+00 -4.723235e+03 -7.441818e+03 0.000000e+00 0.000000e+00 0.000000e+00 -5.093538e+02 -4.655753e+02 1.389860e+03 8.062164e+02 0.000000e+00 0.000000e+00 0.000000e+00 0.000000e+00 0.000000e+00 0.000000e+00 0.000000e+00 0.000000e+00 0.000000e+00
2.790000e+00 0.000000e+00 -4.727465e+03 -7.447627e+03 0.000000e+00 0.000000e+00 0.000000e+00 -5.104733e+02 -4.666617e+02 1.390808e+03 8.080916e+02 0.000000e+00 0.000000e+00 0.000000e+00 0.000000e+00 0.000000e+00 0.000000e+00 0.000000e+00 0.000000e+00 0.000000e+00
2.791000e+00 0.000000e+00 -4.731654e+03 -7.453328e+03 0.000000e+00 0.000000e+00 0.000000e+00 -5.115786e+02 -4.677347e+02 1.391753e+03 8.099453e+02 0.000000e+00 0.000000e+00 0.000000e+00 0.000000e+00 0.000000e+00 0.000000e+00 0.000000e+00 0.000000e+00 0.000000e+00
2.792000e+00 0.000000e+00 -4.735799e+03 -7.458921e+03 0.000000e+00 0.000000e+00 0.000000e+00 -5.126695e+02 -4.687942e+02 1.392695e+03 8.117770e+02 0.000000e+00 0.000000e+00 0.000000e+00 0.000000e+00 0.000000e+00 0.000000e+00 0.000000e+00 0.000000e+00 0.000000e+00
2.793000e+00 0.000000e+00 -4.739899e+03 -7.464401e+03 0.000000e+00 0.000000e+00 0.000000e+00 -5.137457e+02 -4.698397e+02 1.393634e+03 8.135864e+02 0.000000e+00 0.000000e+00 0.000000e+00 0.000000e+00 0.000000e+00 0.000000e+00 0.000000e+00 0.000000e+00 0.000000e+00
2.794000e+00 0.000000e+00 -4.743953e+03 -7.469765e+03 0.000000e+00 0.000000e+00 0.000000e+00 -5.148069e+02 -4.708711e+02 1.394570e+03 8.153730e+02 0.000000e+00 0.000000e+00 0.000000e+00 0.000000e+00 0.000000e+00 0.000000e+00 0.000000e+00 0.000000e+00 0.000000e+00
2.795000e+00 0.000000e+00 -4.747961e+03 -7.475012e+03 0.000000e+00 0.000000e+00 0.000000e+00 -5.158530e+02 -4.718882e+02 1.395502e+03 8.171365e+02 0.000000e+00 0.000000e+00 0.000000e+00 0.000000e+00 0.000000e+00 0.000000e+00 0.000000e+00 0.000000e+00 0.000000e+00
2.796000e+00 0.000000e+00 -4.751920e+03 -7.480137e+03 0.000000e+00 0.000000e+00 0.000000e+00 -5.168835e+02 -4.728906e+02 1.396431e+03 8.188764e+02 0.000000e+00 0.000000e+00 0.000000e+00 0.000000e+00 0.000000e+00 0.000000e+00 0.000000e+00 0.000000e+00 0.000000e+00
2.797000e+00 0.000000e+00 -4.755830e+03 -7.485138e+03 0.000000e+00 0.000000e+00 0.000000e+00 -5.178984e+02 -4.738782e+02 1.397356e+03 8.205922e+02 0.000000e+00 0.000000e+00 0.000000e+00 0.000000e+00 0.000000e+00 0.000000e+00 0.000000e+00 0.000000e+00 0.000000e+00
2.798000e+00 0.000000e+00 -4.759688e+03 -7.490014e+03 0.000000e+00 0.000000e+00 0.000000e+00 -5.188972e+02 -4.748507e+02 1.398277e+03 8.222838e+02 0.000000e+00 0.000000e+00 0.000000e+00 0.000000e+00 0.000000e+00 0.000000e+00 0.000000e+00 0.000000e+00 0.000000e+00
2.799000e+00 0.000000e+00 -4.763495e+03 -7.494759e+03 0.000000e+00 0.000000e+00 0.000000e+00 -5.198799e+02 -4.758078e+02 1.399193e+03 8.239506e+02 0.000000e+00 0.000000e+00 0.000000e+00 0.000000e+00 0.000000e+00 0.000000e+00 0.000000e+00 0.000000e+00 0.000000e+00
2.800000e+00 0.000000e+00 -4.767249e+03 -7.499373e+03 0.000000e+00 0.000000e+00 0.000000e+00 -5.208462e+02 -4.767494e+02 1.400106e+03 8.255923e+02 0.000000e+00 0.000000e+00 0.000000e+00 0.000000e+00 0.000000e+00 0.000000e+00 0.000000e+00 0.000000e+00 0.000000e+00
2.801000e+00 0.000000e+00 -4.770949e+03 -7.503853e+03 0.000000e+00 0.000000e+00 0.000000e+00 -5.217957e+02 -4.776753e+02 1.401014e+03 8.272086e+02 0.000000e+00 0.000000e+00 0.000000e+00 0.000000e+00 0.000000e+00 0.000000e+00 0.000000e+00 0.000000e+00 0.000000e+00
2.802000e+00 0.000000e+00 -4.774593e+03 -7.508196e+03 0.000000e+00 0.000000e+00 0.000000e+00 -5.227284e+02 -4.785852e+02 1.401917e+03 8.287990e+02 0.000000e+00 0.000000e+00 0.000000e+00 0.000000e+00 0.000000e+00 0.000000e+00 0.000000e+00 0.000000e+00 0.000000e+00
2.803000e+00 0.000000e+00 -4.778180e+03 -7.512400e+03 0.000000e+00 0.000000e+00 0.000000e+00 -5.236439e+02 -4.794788e+02 1.402816e+03 8.303632e+02 0.000000e+00 0.000000e+00 0.000000e+00 0.000000e+00 0.000000e+00 0.000000e+00 0.000000e+00 0.000000e+00 0.000000e+00
2.804000e+00 0.000000e+00 -4.781710e+03 -7.516462e+03 0.000000e+00 0.000000e+00 0.000000e+00 -5.245421e+02 -4.803561e+02 1.403710e+03 8.319010e+02 0.000000e+00 0.000000e+00 0.000000e+00 0.000000e+00 0.000000e+00 0.000000e+00 0.000000e+00 0.000000e+00 0.000000e+00
2.805000e+00 0.000000e+00 -4.785180e+03 -7.520380e+03 0.000000e+00 0.000000e+00 0.000000e+00 -5.254228e+02 -4.812168e+02 1.404599e+03 8.334119e+02 0.000000e+00 0.000000e+00 0.000000e+00 0.000000e+00 0.000000e+00 0.000000e+00 0.000000e+00 0.000000e+00 0.000000e+00
2.806000e+00 0.000000e+00 -4.788591e+03 -7.524152e+03 0.000000e+00 0.000000e+00 0.000000e+00 -5.262857e+02 -4.820607e+02 1.405482e+03 8.348956e+02 0.000000e+00 0.000000e+00 0.000000e+00 0.000000e+00 0.000000e+00 0.000000e+00 0.000000e+00 0.000000e+00 0.000000e+00
2.807000e+00 0.000000e+00 -4.791941e+03 -7.527776e+03 0.000000e+00 0.000000e+00 0.000000e+00 -5.271306e+02 -4.828876e+02 1.406361e+03 8.363518e+02 0.000000e+00 0.000000e+00 0.000000e+00 0.000000e+00 0.000000e+00 0.000000e+00 0.000000e+00 0.000000e+00 0.000000e+00
2.808000e+00 0.000000e+00 -4.795229e+03 -7.531249e+03 0.000000e+00 0.000000e+00 0.000000e+00 -5.279574e+02 -4.836973e+02 1.407233e+03 8.377803e+02 0.000000e+00 0.000000e+00 0.000000e+00 0.000000e+00 0.000000e+00 0.000000e+00 0.000000e+00 0.000000e+00 0.000000e+00
2.809000e+00 0.000000e+00 -4.798453e+03 -7.534570e+03 0.000000e+00 0.000000e+00 0.000000e+00 -5.287659e+02 -4.844897e+02 1.408100e+03 8.391806e+02 0.000000e+00 0.000000e+00 0.000000e+00 0.000000e+00 0.000000e+00 0.000000e+00 0.000000e+00 0.000000e+00 0.000000e+00
2.810000e+00 0.000000e+00 -4.801614e+03 -7.537737e+03 0.000000e+00 0.000000e+00 0.000000e+00 -5.295558e+02 -4.852645e+02 1.408962e+03 8.405526e+02 0.000000e+00 0.000000e+00 0.000000e+00 0.000000e+00 0.000000e+00 0.000000e+00 0.000000e+00 0.000000e+00 0.000000e+00
2.811000e+00 0.000000e+00 -4.804709e+03 -7.540748e+03 0.000000e+00 0.000000e+00 0.000000e+00 -5.303271e+02 -4.860217e+02 1.409817e+03 8.418959e+02 0.000000e+00 0.000000e+00 0.000000e+00 0.000000e+00 0.000000e+00 0.000000e+00 0.000000e+00 0.000000e+00 0.000000e+00
2.812000e+00 0.000000e+00 -4.807737e+03 -7.543600e+03 0.000000e+00 0.000000e+00 0.000000e+00 -5.310795e+02 -4.867610e+02 1.410666e+03 8.432103e+02 0.000000e+00 0.000000e+00 0.000000e+00 0.000000e+00 0.000000e+00 0.000000e+00 0.000000e+00 0.000000e+00 0.000000e+00
2.813000e+00 0.000000e+00 -4.810699e+03 -7.546293e+03 0.000000e+00 0.000000e+00 0.000000e+00 -5.318128e+02 -4.874823e+02 1.411510e+03 8.444955e+02 0.000000e+00 0.000000e+00 0.000000e+00 0.000000e+00 0.000000e+00 0.000000e+00 0.000000e+00 0.000000e+00 0.000000e+00
2.814000e+00 0.000000e+00 -4.813592e+03 -7.548824e+03 0.000000e+00 0.000000e+00 0.000000e+00 -5.325270e+02 -4.881854e+02 1.412346e+03 8.457512e+02 0.000000e+00 0.000000e+00 0.000000e+00 0.000000e+00 0.000000e+00 0.000000e+00 0.000000e+00 0.000000e+00 0.000000e+00
2.815000e+00 0.000000e+00 -4.816415e+03 -7.551192e+03 0.000000e+00 0.000000e+00 0.000000e+00 -5.332218e+02 -4.888702e+02 1.413177e+03 8.469772e+02 0.000000e+00 0.000000e+00 0.000000e+00 0.000000e+00 0.000000e+00 0.000000e+00 0.000000e+00 0.000000e+00 0.000000e+00
2.816000e+00 0.000000e+00 -4.819169e+03 -7.553395e+03 0.000000e+00 0.000000e+00 0.000000e+00 -5.338972e+02 -4.895366e+02 1.414000e+03 8.481732e+02 0.000000e+00 0.000000e+00 0.000000e+00 0.000000e+00 0.000000e+00 0.000000e+00 0.000000e+00 0.000000e+00 0.000000e+00
2.817000e+00 0.000000e+00 -4.821851e+03 -7.555433e+03 0.000000e+00 0.000000e+00 0.000000e+00 -5.345529e+02 -4.901843e+02 1.414817e+03 8.493390e+02 0.000000e+00 0.000000e+00 0.000000e+00 0.000000e+00 0.000000e+00 0.000000e+00 0.000000e+00 0.000000e+00 0.000000e+00
2.818000e+00 0.000000e+00 -4.824461e+03 -7.557303e+03 0.000000e+00 0.000000e+00 0.000000e+00 -5.351889e+02 -4.908134e+02 1.415627e+03 8.504745e+02 0.000000e+00 0.000000e+00 0.000000e+00 0.000000e+00 0.000000e+00 0.000000e+00 0.000000e+00 0.000000e+00 0.000000e+00
2.819000e+00 0.000000e+00 -4.826998e+03 -7.559004e+03 0.000000e+00 0.000000e+00 0.000000e+00 -5.358049e+02 -4.914236e+02 1.416430e+03 8.515793e+02 0.000000e+00 0.000000e+00 0.000000e+00 0.000000e+00 0.000000e+00 0.000000e+00 0.000000e+00 0.000000e+00 0.000000e+00
2.820000e+00 0.000000e+00 -4.829460e+03 -7.560536e+03 0.000000e+00 0.000000e+00 0.000000e+00 -5.364010e+02 -4.920149e+02 1.417226e+03 8.526532e+02 0.000000e+00 0.000000e+00 0.000000e+00 0.000000e+00 0.000000e+00 0.000000e+00 0.000000e+00 0.000000e+00 0.000000e+00
2.821000e+00 0.000000e+00 -4.831848e+03 -7.561896e+03 0.000000e+00 0.000000e+00 0.000000e+00 -5.369769e+02 -4.925871e+02 1.418015e+03 8.536962e+02 0.000000e+00 0.000000e+00 0.000000e+00 0.000000e+00 0.000000e+00 0.000000e+00 0.000000e+00 0.000000e+00 0.000000e+00
2.822000e+00 0.000000e+00 -4.834160e+03 -7.563085e+03 0.000000e+00 0.000000e+00 0.000000e+00 -5.375325e+02 -4.931401e+02 1.418796e+03 8.547078e+02 0.000000e+00 0.000000e+00 0.000000e+00 0.000000e+00 0.000000e+00 0.000000e+00 0.000000e+00 0.000000e+00 0.000000e+00
2.823000e+00 0.000000e+00 -4.836395e+03 -7.564100e+03 0.000000e+00 0.000000e+00 0.000000e+00 -5.380678e+02 -4.936738e+02 1.419570e+03 8.556881e+02 0.000000e+00 0.000000e+00 0.000000e+00 0.000000e+00 0.000000e+00 0.000000e+00 0.000000e+00 0.000000e+00 0.000000e+00
2.824000e+00 0.000000e+00 -4.838553e+03 -7.564941e+03 0.000000e+00 0.000000e+00 0.000000e+00 -5.385826e+02 -4.941881e+02 1.420336e+03 8.566367e+02 0.000000e+00 0.000000e+00 0.000000e+00 0.000000e+00 0.000000e+00 0.000000e+00 0.000000e+00 0.000000e+00 0.000000e+00
2.825000e+00 0.000000e+00 -4.840633e+03 -7.565606e+03 0.000000e+00 0.000000e+00 0.000000e+00 -5.390768e+02 -4.946829e+02 1.421094e+03 8.575536e+02 0.000000e+00 0.000000e+00 0.000000e+00 0.000000e+00 0.000000e+00 0.000000e+00 0.000000e+00 0.000000e+00 0.000000e+00
2.826000e+00 0.000000e+00 -4.842633e+03 -7.566096e+03 0.000000e+00 0.000000e+00 0.000000e+00 -5.395504e+02 -4.951581e+02 1.421845e+03 8.584385e+02 0.000000e+00 0.000000e+00 0.000000e+00 0.000000e+00 0.000000e+00 0.000000e+00 0.000000e+00 0.000000e+00 0.000000e+00
2.827000e+00 0.000000e+00 -4.844553e+03 -7.566410e+03 0.000000e+00 0.000000e+00 0.000000e+00 -5.400032e+02 -4.956137e+02 1.422587e+03 8.592913e+02 0.000000e+00 0.000000e+00 0.000000e+00 0.000000e+00 0.000000e+00 0.000000e+00 0.000000e+00 0.000000e+00 0.000000e+00
2.828000e+00 0.000000e+00 -4.846393e+03 -7.566546e+03 0.000000e+00 0.000000e+00 0.000000e+00 -5.404352e+02 -4.960495e+02 1.423321e+03 8.601118e+02 0.000000e+00 0.000000e+00 0.000000e+00 0.000000e+00 0.000000e+00 0.000000e+00 0.000000e+00 0.000000e+00 0.000000e+00
2.829000e+00 0.000000e+00 -4.848151e+03 -7.566504e+03 0.000000e+00 0.000000e+00 0.000000e+00 -5.408462e+02 -4.964655e+02 1.424048e+03 8.608999e+02 0.000000e+00 0.000000e+00 0.000000e+00 0.000000e+00 0.000000e+00 0.000000e+00 0.000000e+00 0.000000e+00 0.000000e+00
2.830000e+00 0.000000e+00 -4.849827e+03 -7.566285e+03 0.000000e+00 0.000000e+00 0.000000e+00 -5.412363e+02 -4.968616e+02 1.424765e+03 8.616556e+02 0.000000e+00 0.000000e+00 0.000000e+00 0.000000e+00 0.000000e+00 0.000000e+00 0.000000e+00 0.000000e+00 0.000000e+00
2.831000e+00 0.000000e+00 -4.851419e+03 -7.565886e+03 0.000000e+00 0.000000e+00 0.000000e+00 -5.416054e+02 -4.972378e+02 1.425475e+03 8.623786e+02 0.000000e+00 0.000000e+00 0.000000e+00 0.000000e+00 0.000000e+00 0.000000e+00 0.000000e+00 0.000000e+00 0.000000e+00
2.832000e+00 0.000000e+00 -4.852928e+03 -7.565309e+03 0.000000e+00 0.000000e+00 0.000000e+00 -5.419533e+02 -4.975940e+02 1.426176e+03 8.630688e+02 0.000000e+00 0.000000e+00 0.000000e+00 0.000000e+00 0.000000e+00 0.000000e+00 0.000000e+00 0.000000e+00 0.000000e+00
2.833000e+00 0.000000e+00 -4.854353e+03 -7.564552e+03 0.000000e+00 0.000000e+00 0.000000e+00 -5.422801e+02 -4.979302e+02 1.426868e+03 8.637262e+02 0.000000e+00 0.000000e+00 0.000000e+00 0.000000e+00 0.000000e+00 0.000000e+00 0.000000e+00 0.000000e+00 0.000000e+00
2.834000e+00 0.000000e+00 -4.855693e+03 -7.563616e+03 0.000000e+00 0.000000e+00 0.000000e+00 -5.425858e+02 -4.982463e+02 1.427551e+03 8.643507e+02 0.000000e+00 0.000000e+00 0.000000e+00 0.000000e+00 0.000000e+00 0.000000e+00 0.000000e+00 0.000000e+00 0.000000e+00
2.835000e+00 0.000000e+00 -4.856946e+03 -7.562501e+03 0.000000e+00 0.000000e+00 0.000000e+00 -5.428702e+02 -4.985423e+02 1.428226e+03 8.649421e+02 0.000000e+00 0.000000e+00 0.000000e+00 0.000000e+00 0.000000e+00 0.000000e+00 0.000000e+00 0.000000e+00 0.000000e+00
2.836000e+00 0.000000e+00 -4.858113e+03 -7.561206e+03 0.000000e+00 0.000000e+00 0.000000e+00 -5.431334e+02 -4.988182e+02 1.428892e+03 8.655005e+02 0.000000e+00 0.000000e+00 0.000000e+00 0.000000e+00 0.000000e+00 0.000000e+00 0.000000e+00 0.000000e+00 0.000000e+00
2.837000e+00 0.000000e+00 -4.859194e+03 -7.559733e+03 0.000000e+00 0.000000e+00 0.000000e+00 -5.433754e+02 -4.990739e+02 1.429548e+03 8.660257e+02 0.000000e+00 0.000000e+00 0.000000e+00 0.000000e+00 0.000000e+00 0.000000e+00 0.000000e+00 0.000000e+00 0.000000e+00
2.838000e+00 0.000000e+00 -4.860186e+03 -7.558080e+03 0.000000e+00 0.000000e+00 0.000000e+00 -5.435961e+02 -4.993094e+02 1.430196e+03 8.665176e+02 0.000000e+00 0.000000e+00 0.000000e+00 0.000000e+00 0.000000e+00 0.000000e+00 0.000000e+00 0.000000e+00 0.000000e+00
2.839000e+00 0.000000e+00 -4.861090e+03 -7.556248e+03 0.000000e+00 0.000000e+00 0.000000e+00 -5.437954e+02 -4.995248e+02 1.430834e+03 8.669764e+02 0.000000e+00 0.000000e+00 0.000000e+00 0.000000e+00 0.000000e+00 0.000000e+00 0.000000e+00 0.000000e+00 0.000000e+00
2.840000e+00 0.000000e+00 -4.861905e+03 -7.554238e+03 0.000000e+00 0.000000e+00 0.000000e+00 -5.439736e+02 -4.997200e+02 1.431463e+03 8.674018e+02 0.000000e+00 0.000000e+00 0.000000e+00 0.000000e+00 0.000000e+00 0.000000e+00 0.000000e+00 0.000000e+00 0.000000e+00
2.841000e+00 0.000000e+00 -4.862630e+03 -7.552049e+03 0.000000e+00 0.000000e+00 0.000000e+00 -5.441304e+02 -4.998950e+02 1.432082e+03 8.677939e+02 0.000000e+00 0.000000e+00 0.000000e+00 0.000000e+00 0.000000e+00 0.000000e+00 0.000000e+00 0.000000e+00 0.000000e+00
2.842000e+00 0.000000e+00 -4.863266e+03 -7.549683e+03 0.000000e+00 0.000000e+00 0.000000e+00 -5.442660e+02 -5.000499e+02 1.432692e+03 8.681527e+02 0.000000e+00 0.000000e+00 0.000000e+00 0.000000e+00 0.000000e+00 0.000000e+00 0.000000e+00 0.000000e+00 0.000000e+00
2.843000e+00 0.000000e+00 -4.863810e+03 -7.547140e+03 0.000000e+00 0.000000e+00 0.000000e+00 -5.443803e+02 -5.001845e+02 1.433292e+03 8.684780e+02 0.000000e+00 0.000000e+00 0.000000e+00 0.000000e+00 0.000000e+00 0.000000e+00 0.000000e+00 0.000000e+00 0.000000e+00
2.844000e+00 0.000000e+00 -4.864264e+03 -7.544421e+03 0.000000e+00 0.000000e+00 0.000000e+00 -5.444734e+02 -5.002991e+02 1.433883e+03 8.687701e+02 0.000000e+00 0.000000e+00 0.000000e+00 0.000000e+00 0.000000e+00 0.000000e+00 0.000000e+00 0.000000e+00 0.000000e+00
2.845000e+00 0.000000e+00 -4.864626e+03 -7.541525e+03 0.000000e+00 0.000000e+00 0.000000e+00 -5.445452e+02 -5.003935e+02 1.434464e+03 8.690287e+02 0.000000e+00 0.000000e+00 0.000000e+00 0.000000e+00 0.000000e+00 0.000000e+00 0.000000e+00 0.000000e+00 0.000000e+00
2.846000e+00 0.000000e+00 -4.864896e+03 -7.538455e+03 0.000000e+00 0.000000e+00 0.000000e+00 -5.445958e+02 -5.004678e+02 1.435035e+03 8.692540e+02 0.000000e+00 0.000000e+00 0.000000e+00 0.000000e+00 0.000000e+00 0.000000e+00 0.000000e+00 0.000000e+00 0.000000e+00
2.847000e+00 0.000000e+00 -4.865074e+03 -7.535210e+03 0.000000e+00 0.000000e+00 0.000000e+00 -5.446253e+02 -5.005220e+02 1.435596e+03 8.694459e+02 0.000000e+00 0.000000e+00 0.000000e+00 0.000000e+00 0.000000e+00 0.000000e+00 0.000000e+00 0.000000e+00 0.000000e+00
2.848000e+00 0.000000e+00 -4.865159e+03 -7.531792e+03 0.000000e+00 0.000000e+00 0.000000e+00 -5.446337e+02 -5.005561e+02 1.436147e+03 8.696044e+02 0.000000e+00 0.000000e+00 0.000000e+00 0.000000e+00 0.000000e+00 0.000000e+00 0.000000e+00 0.000000e+00 0.000000e+00
2.849000e+00 0.000000e+00 -4.865151e+03 -7.528201e+03 0.000000e+00 0.000000e+00 0.000000e+00 -5.446210e+02 -5.005703e+02 1.436688e+03 8.697297e+02 0.000000e+00 0.000000e+00 0.000000e+00 0.000000e+00 0.000000e+00 0.000000e+00 0.000000e+00 0.000000e+00 0.000000e+00
2.850000e+00 0.000000e+00 -4.865049e+03 -7.524440e+03 0.000000e+00 0.000000e+00 0.000000e+00 -5.445873e+02 -5.005646e+02 1.437218e+03 8.698217e+02 0.000000e+00 0.000000e+00 0.000000e+00 0.000000e+00 0.000000e+00 0.000000e+00 0.000000e+00 0.000000e+00 0.000000e+00
2.851000e+00 0.000000e+00 -4.864853e+03 -7.520508e+03 0.000000e+00 0.000000e+00 0.000000e+00 -5.445326e+02 -5.005389e+02 1.437739e+03 8.698805e+02 0.000000e+00 0.000000e+00 0.000000e+00 0.000000e+00 0.000000e+00 0.000000e+00 0.000000e+00 0.000000e+00 0.000000e+00
2.852000e+00 0.000000e+00 -4.864563e+03 -7.516407e+03 0.000000e+00 0.000000e+00 0.000000e+00 -5.444570e+02 -5.004935e+02 1.438249e+03 8.699062e+02 0.000000e+00 0.000000e+00 0.000000e+00 0.000000e+00 0.000000e+00 0.000000e+00 0.000000e+00 0.000000e+00 0.000000e+00
2.853000e+00 0.000000e+00 -4.864179e+03 -7.512139e+03 0.000000e+00 0.000000e+00 0.000000e+00 -5.443607e+02 -5.004283e+02 1.438749e+03 8.698989e+02 0.000000e+00 0.000000e+00 0.000000e+00 0.000000e+00 0.000000e+00 0.000000e+00 0.000000e+00 0.000000e+00 0.000000e+00
2.854000e+00 0.000000e+00 -4.863699e+03 -7.507704e+03 0.000000e+00 0.000000e+00 0.000000e+00 -5.442436e+02 -5.003434e+02 1.439239e+03 8.698585e+02 0.000000e+00 0.000000e+00 0.000000e+00 0.000000e+00 0.000000e+00 0.000000e+00 0.000000e+00 0.000000e+00 0.000000e+00
2.855000e+00 0.000000e+00 -4.863125e+03 -7.503104e+03 0.000000e+00 0.000000e+00 0.000000e+00 -5.441058e+02 -5.002389e+02 1.439718e+03 8.697853e+02 0.000000e+00 0.000000e+00 0.000000e+00 0.000000e+00 0.000000e+00 0.000000e+00 0.000000e+00 0.000000e+00 0.000000e+00
2.856000e+00 0.000000e+00 -4.862455e+03 -7.498342e+03 0.000000e+00 0.000000e+00 0.000000e+00 -5.439476e+02 -5.001149e+02 1.440186e+03 8.696793e+02 0.000000e+00 0.000000e+00 0.000000e+00 0.000000e+00 0.000000e+00 0.000000e+00 0.000000e+00 0.000000e+00 0.000000e+00
2.857000e+00 0.000000e+00 -4.861690e+03 -7.493417e+03 0.000000e+00 0.000000e+00 0.000000e+00 -5.437688e+02 -4.999716e+02 1.440644e+03 8.695407e+02 0.000000e+00 0.000000e+00 0.000000e+00 0.000000e+00 0.000000e+00 0.000000e+00 0.000000e+00 0.000000e+00 0.000000e+00
2.858000e+00 0.000000e+00 -4.860829e+03 -7.488333e+03 0.000000e+00 0.000000e+00 0.000000e+00 -5.435698e+02 -4.998089e+02 1.441091e+03 8.693695e+02 0.000000e+00 0.000000e+00 0.000000e+00 0.000000e+00 0.000000e+00 0.000000e+00 0.000000e+00 0.000000e+00 0.000000e+00
2.859000e+00 0.000000e+00 -4.859872e+03 -7.483090e+03 0.000000e+00 0.000000e+00 0.000000e+00 -5.433505e+02 -4.996270e+02 1.441528e+03 8.691659e+02 0.000000e+00 0.000000e+00 0.000000e+00 0.000000e+00 0.000000e+00 0.000000e+00 0.000000e+00 0.000000e+00 0.000000e+00
2.860000e+00 0.000000e+00 -4.858819e+03 -7.477691e+03 0.000000e+00 0.000000e+00 0.000000e+00 -5.431112e+02 -4.994260e+02 1.441954e+03 8.689300e+02 0.000000e+00 0.000000e+00 0.000000e+00 0.000000e+00 0.000000e+00 0.000000e+00 0.000000e+00 0.000000e+00 0.000000e+00
2.861000e+00 0.000000e+00 -4.857670e+03 -7.472138e+03 0.000000e+00 0.000000e+00 0.000000e+00 -5.428518e+02 -4.992061e+02 1.442369e+03 8.686621e+02 0.000000e+00 0.000000e+00 0.000000e+00 0.000000e+00 0.000000e+00 0.000000e+00 0.000000e+00 0.000000e+00 0.000000e+00
2.862000e+00 0.000000e+00 -4.856425e+03 -7.466432e+03 0.000000e+00 0.000000e+00 0.000000e+00 -5.425727e+02 -4.989673e+02 1.442774e+03 8.683622e+02 0.000000e+00 0.000000e+00 0.000000e+00 0.000000e+00 0.000000e+00 0.000000e+00 0.000000e+00 0.000000e+00 0.000000e+00
2.863000e+00 0.000000e+00 -4.855084e+03 -7.460575e+03 0.000000e+00 0.000000e+00 0.000000e+00 -5.422738e+02 -4.987099e+02 1.443167e+03 8.680305e+02 0.000000e+00 0.000000e+00 0.000000e+00 0.000000e+00 0.000000e+00 0.000000e+00 0.000000e+00 0.000000e+00 0.000000e+00
2.864000e+00 0.000000e+00 -4.853646e+03 -7.454570e+03 0.000000e+00 0.000000e+00 0.000000e+00 -5.419554e+02 -4.984338e+02 1.443550e+03 8.676672e+02 0.000000e+00 0.000000e+00 0.000000e+00 0.000000e+00 0.000000e+00 0.000000e+00 0.000000e+00 0.000000e+00 0.000000e+00
2.865000e+00 0.000000e+00 -4.852113e+03 -7.448418e+03 0.000000e+00 0.000000e+00 0.000000e+00 -5.416176e+02 -4.981393e+02 1.443922e+03 8.672725e+02 0.000000e+00 0.000000e+00 0.000000e+00 0.000000e+00 0.000000e+00 0.000000e+00 0.000000e+00 0.000000e+00 0.000000e+00
2.866000e+00 0.000000e+00 -4.850483e+03 -7.442122e+03 0.000000e+00 0.000000e+00 0.000000e+00 -5.412605e+02 -4.978265e+02 1.444282e+03 8.668465e+02 0.000000e+00 0.000000e+00 0.000000e+00 0.000000e+00 0.000000e+00 0.000000e+00 0.000000e+00 0.000000e+00 0.000000e+00
2.867000e+00 0.000000e+00 -4.848757e+03 -7.435684e+03 0.000000e+00 0.000000e+00 0.000000e+00 -5.408843e+02 -4.974956e+02 1.444632e+03 8.663895e+02 0.000000e+00 0.000000e+00 0.000000e+00 0.000000e+00 0.000000e+00 0.000000e+00 0.000000e+00 0.000000e+00 0.000000e+00
2.868000e+00 0.000000e+00 -4.846935e+03 -7.429106e+03 0.000000e+00 0.000000e+00 0.000000e+00 -5.404892e+02 -4.971466e+02 1.444971e+03 8.659016e+02 0.000000e+00 0.000000e+00 0.000000e+00 0.000000e+00 0.000000e+00 0.000000e+00 0.000000e+00 0.000000e+00 0.000000e+00
2.869000e+00 0.000000e+00 -4.845018e+03 -7.422391e+03 0.000000e+00 0.000000e+00 0.000000e+00 -5.400752e+02 -4.967798e+02 1.445299e+03 8.653832e+02 0.000000e+00 0.000000e+00 0.000000e+00 0.000000e+00 0.000000e+00 0.000000e+00 0.000000e+00 0.000000e+00 0.000000e+00
2.870000e+00 0.000000e+00 -4.843005e+03 -7.415541e+03 0.000000e+00 0.000000e+00 0.000000e+00 -5.396427e+02 -4.963954e+02 1.445616e+03 8.648343e+02 0.000000e+00 0.000000e+00 0.000000e+00 0.000000e+00 0.000000e+00 0.000000e+00 0.000000e+00 0.000000e+00 0.000000e+00
2.871000e+00 0.000000e+00 -4.840896e+03 -7.408558e+03 0.000000e+00 0.000000e+00 0.000000e+00 -5.391918e+02 -4.959934e+02 1.445923e+03 8.642554e+02 0.000000e+00 0.000000e+00 0.000000e+00 0.000000e+00 0.000000e+00 0.000000e+00 0.000000e+00 0.000000e+00 0.000000e+00
2.872000e+00 0.000000e+00 -4.838693e+03 -7.401446e+03 0.000000e+00 0.000000e+00 0.000000e+00 -5.387226e+02 -4.955741e+02 1.446218e+03 8.636465e+02 0.000000e+00 0.000000e+00 0.000000e+00 0.000000e+00 0.000000e+00 0.000000e+00 0.000000e+00 0.000000e+00 0.000000e+00
2.873000e+00 0.000000e+00 -4.836395e+03 -7.394206e+03 0.000000e+00 0.000000e+00 0.000000e+00 -5.382354e+02 -4.951376e+02 1.446502e+03 8.630080e+02 0.000000e+00 0.000000e+00 0.000000e+00 0.000000e+00 0.000000e+00 0.000000e+00 0.000000e+00 0.000000e+00 0.000000e+00
2.874000e+00 0.000000e+00 -4.834002e+03 -7.386842e+03 0.000000e+00 0.000000e+00 0.000000e+00 -5.377304e+02 -4.946842e+02 1.446775e+03 8.623402e+02 0.000000e+00 0.000000e+00 0.000000e+00 0.000000e+00 0.000000e+00 0.000000e+00 0.000000e+00 0.000000e+00 0.000000e+00
2.875000e+00 0.000000e+00 -4.831515e+03 -7.379355e+03 0.000000e+00 0.000000e+00 0.000000e+00 -5.372078e+02 -4.942141e+02 1.447037e+03 8.616433e+02 0.000000e+00 0.000000e+00 0.000000e+00 0.000000e+00 0.000000e+00 0.000000e+00 0.000000e+00 0.000000e+00 0.000000e+00
2.876000e+00 0.000000e+00 -4.828934e+03 -7.371750e+03 0.000000e+00 0.000000e+00 0.000000e+00 -5.366678e+02 -4.937274e+02 1.447288e+03 8.609176e+02 0.000000e+00 0.000000e+00 0.000000e+00 0.000000e+00 0.000000e+00 0.000000e+00 0.000000e+00 0.000000e+00 0.000000e+00
2.877000e+00 0.000000e+00 -4.826260e+03 -7.364029e+03 0.000000e+00 0.000000e+00 0.000000e+00 -5.361106e+02 -4.932244e+02 1.447528e+03 8.601634e+02 0.000000e+00 0.000000e+00 0.000000e+00 0.000000e+00 0.000000e+00 0.000000e+00 0.000000e+00 0.000000e+00 0.000000e+00
2.878000e+00 0.000000e+00 -4.823492e+03 -7.356194e+03 0.000000e+00 0.000000e+00 0.000000e+00 -5.355364e+02 -4.927052e+02 1.447758e+03 8.593811e+02 0.000000e+00 0.000000e+00 0.000000e+00 0.000000e+00 0.000000e+00 0.000000e+00 0.000000e+00 0.000000e+00 0.000000e+00
2.879000e+00 0.000000e+00 -4.820633e+03 -7.348249e+03 0.000000e+00 0.000000e+00 0.000000e+00 -5.349455e+02 -4.921701e+02 1.447976e+03 8.585709e+02 0.000000e+00 0.000000e+00 0.000000e+00 0.000000e+00 0.000000e+00 0.000000e+00 0.000000e+00 0.000000e+00 0.000000e+00
2.880000e+00 0.000000e+00 -4.817681e+03 -7.340197e+03 0.000000e+00 0.000000e+00 0.000000e+00 -5.343381e+02 -4.916194e+02 1.448183e+03 8.577333e+02 0.000000e+00 0.000000e+00 0.000000e+00 0.000000e+00 0.000000e+00 0.000000e+00 0.000000e+00 0.000000e+00 0.000000e+00
2.881000e+00 0.000000e+00 -4.814638e+03 -7.332040e+03 0.000000e+00 0.000000e+00 0.000000e+00 -5.337146e+02 -4.910532e+02 1.448380e+03 8.568684e+02 0.000000e+00 0.000000e+00 0.000000e+00 0.000000e+00 0.000000e+00 0.000000e+00 0.000000e+00 0.000000e+00 0.000000e+00
2.882000e+00 0.000000e+00 -4.811503e+03 -7.323783e+03 0.000000e+00 0.000000e+00 0.000000e+00 -5.330750e+02 -4.904718e+02 1.448566e+03 8.559768e+02 0.000000e+00 0.000000e+00 0.000000e+00 0.000000e+00 0.000000e+00 0.000000e+00 0.000000e+00 0.000000e+00 0.000000e+00
2.883000e+00 0.000000e+00 -4.808279e+03 -7.315427e+03 0.000000e+00 0.000000e+00 0.000000e+00 -5.324197e+02 -4.898754e+02 1.448741e+03 8.550587e+02 0.000000e+00 0.000000e+00 0.000000e+00 0.000000e+00 0.000000e+00 0.000000e+00 0.000000e+00 0.000000e+00 0.000000e+00
2.884000e+00 0.000000e+00 -4.804965e+03 -7.306976e+03 0.000000e+00 0.000000e+00 0.000000e+00 -5.317489e+02 -4.892643e+02 1.448906e+03 8.541145e+02 0.000000e+00 0.000000e+00 0.000000e+00 0.000000e+00 0.000000e+00 0.000000e+00 0.000000e+00 0.000000e+00 0.000000e+00
2.885000e+00 0.000000e+00 -4.801562e+03 -7.298434e+03 0.000000e+00 0.000000e+00 0.000000e+00 -5.310628e+02 -4.886387e+02 1.449059e+03 8.531446e+02 0.000000e+00 0.000000e+00 0.000000e+00 0.000000e+00 0.000000e+00 0.000000e+00 0.000000e+00 0.000000e+00 0.000000e+00
2.886000e+00 0.000000e+00 -4.798071e+03 -7.289803e+03 0.000000e+00 0.000000e+00 0.000000e+00 -5.303618e+02 -4.879989e+02 1.449202e+03 8.521493e+02 0.000000e+00 0.000000e+00 0.000000e+00 0.000000e+00 0.000000e+00 0.000000e+00 0.000000e+00 0.000000e+00 0.000000e+00
2.887000e+00 0.000000e+00 -4.794493e+03 -7.281087e+03 0.000000e+00 0.000000e+00 0.000000e+00 -5.296462e+02 -4.873450e+02 1.449335e+03 8.511291e+02 0.000000e+00 0.000000e+00 0.000000e+00 0.000000e+00 0.000000e+00 0.000000e+00 0.000000e+00 0.000000e+00 0.000000e+00
2.888000e+00 0.000000e+00 -4.790828e+03 -7.272290e+03 0.000000e+00 0.000000e+00 0.000000e+00 -5.289161e+02 -4.866775e+02 1.449457e+03 8.500844e+02 0.000000e+00 0.000000e+00 0.000000e+00 0.000000e+00 0.000000e+00 0.000000e+00 0.000000e+00 0.000000e+00 0.000000e+00
2.889000e+00 0.000000e+00 -4.787078e+03 -7.263414e+03 0.000000e+00 0.000000e+00 0.000000e+00 -5.281719e+02 -4.859965e+02 1.449569e+03 8.490155e+02 0.000000e+00 0.000000e+00 0.000000e+00 0.000000e+00 0.000000e+00 0.000000e+00 0.000000e+00 0.000000e+00 0.000000e+00
2.890000e+00 0.000000e+00 -4.783243e+03 -7.254463e+03 0.000000e+00 0.000000e+00 0.000000e+00 -5.274138e+02 -4.853022e+02 1.449670e+03 8.479229e+02 0.000000e+00 0.000000e+00 0.000000e+00 0.000000e+00 0.000000e+00 0.000000e+00 0.000000e+00 0.000000e+00 0.000000e+00
2.891000e+00 0.000000e+00 -4.779324e+03 -7.245440e+03 0.000000e+00 0.000000e+00 0.000000e+00 -5.266422e+02 -4.845951e+02 1.449762e+03 8.468071e+02 0.000000e+00 0.000000e+00 0.000000e+00 0.000000e+00 0.000000e+00 0.000000e+00 0.000000e+00 0.000000e+00 0.000000e+00
2.892000e+00 0.000000e+00 -4.775323e+03 -7.236349e+03 0.000000e+00 0.000000e+00 0.000000e+00 -5.258573e+02 -4.838754e+02 1.449843e+03 8.456684e+02 0.000000e+00 0.000000e+00 0.000000e+00 0.000000e+00 0.000000e+00 0.000000e+00 0.000000e+00 0.000000e+00 0.000000e+00
2.893000e+00 0.000000e+00 -4.771240e+03 -7.227194e+03 0.000000e+00 0.000000e+00 0.000000e+00 -5.250595e+02 -4.831433e+02 1.449914e+03 8.445073e+02 0.000000e+00 0.000000e+00 0.000000e+00 0.000000e+00 0.000000e+00 0.000000e+00 0.000000e+00 0.000000e+00 0.000000e+00
2.894000e+00 0.000000e+00 -4.767076e+03 -7.217978e+03 0.000000e+00 0.000000e+00 0.000000e+00 -5.242490e+02 -4.823992e+02 1.449975e+03 8.433244e+02 0.000000e+00 0.000000e+00 0.000000e+00 0.000000e+00 0.000000e+00 0.000000e+00 0.000000e+00 0.000000e+00 0.000000e+00
2.895000e+00 0.000000e+00 -4.762832e+03 -7.208704e+03 0.000000e+00 0.000000e+00 0.000000e+00 -5.234262e+02 -4.816433e+02 1.450026e+03 8.421200e+02 0.000000e+00 0.000000e+00 0.000000e+00 0.000000e+00 0.000000e+00 0.000000e+00 0.000000e+00 0.000000e+00 0.000000e+00
2.896000e+00 0.000000e+00 -4.758510e+03 -7.199377e+03 0.000000e+00 0.000000e+00 0.000000e+00 -5.225915e+02 -4.808760e+02 1.450067e+03 8.408946e+02 0.000000e+00 0.000000e+00 0.000000e+00 0.000000e+00 0.000000e+00 0.000000e+00 0.000000e+00 0.000000e+00 0.000000e+00
2.897000e+00 0.000000e+00 -4.754111e+03 -7.190000e+03 0.000000e+00 0.000000e+00 0.000000e+00 -5.217450e+02 -4.800976e+02 1.450099e+03 8.396488e+02 0.000000e+00 0.000000e+00 0.000000e+00 0.000000e+00 0.000000e+00 0.000000e+00 0.000000e+00 0.000000e+00 0.000000e+00
2.898000e+00 0.000000e+00 -4.749635e+03 -7.180576e+03 0.000000e+00 0.000000e+00 0.000000e+00 -5.208872e+02 -4.793083e+02 1.450121e+03 8.383831e+02 0.000000e+00 0.000000e+00 0.000000e+00 0.000000e+00 0.000000e+00 0.000000e+00 0.000000e+00 0.000000e+00 0.000000e+00
2.899000e+00 0.000000e+00 -4.745085e+03 -7.171110e+03 0.000000e+00 0.000000e+00 0.000000e+00 -5.200183e+02 -4.785086e+02 1.450134e+03 8.370979e+02 0.000000e+00 0.000000e+00 0.000000e+00 0.000000e+00 0.000000e+00 0.000000e+00 0.000000e+00 0.000000e+00 0.000000e+00
2.900000e+00 0.000000e+00 -4.740462e+03 -7.161605e+03 0.000000e+00 0.000000e+00 0.000000e+00 -5.191388e+02 -4.776986e+02 1.450138e+03 8.357938e+02 0.000000e+00 0.000000e+00 0.000000e+00 0.000000e+00 0.000000e+00 0.000000e+00 0.000000e+00 0.000000e+00 0.000000e+00
2.901000e+00 0.000000e+00 -4.735766e+03 -7.152065e+03 0.000000e+00 0.000000e+00 0.000000e+00 -5.182490e+02 -4.768788e+02 1.450132e+03 8.344713e+02 0.000000e+00 0.000000e+00 0.000000e+00 0.000000e+00 0.000000e+00 0.000000e+00 0.000000e+00 0.000000e+00 0.000000e+00
2.902000e+00 0.000000e+00 -4.730999e+03 -7.142493e+03 0.000000e+00 0.000000e+00 0.000000e+00 -5.173491e+02 -4.760495e+02 1.450118e+03 8.331309e+02 0.000000e+00 0.000000e+00 0.000000e+00 0.000000e+00 0.000000e+00 0.000000e+00 0.000000e+00 0.000000e+00 0.000000e+00
2.903000e+00 0.000000e+00 -4.726163e+03 -7.132894e+03 0.000000e+00 0.000000e+00 0.000000e+00 -5.164396e+02 -4.752109e+02 1.450095e+03 8.317732e+02 0.000000e+00 0.000000e+00 0.000000e+00 0.000000e+00 0.000000e+00 0.000000e+00 0.000000e+00 0.000000e+00 0.000000e+00
2.904000e+00 0.000000e+00 -4.721260e+03 -7.123270e+03 0.000000e+00 0.000000e+00 0.000000e+00 -5.155208e+02 -4.743635e+02 1.450063e+03 8.303988e+02 0.000000e+00 0.000000e+00 0.000000e+00 0.000000e+00 0.000000e+00 0.000000e+00 0.000000e+00 0.000000e+00 0.000000e+00
2.905000e+00 0.000000e+00 -4.716290e+03 -7.113627e+03 0.000000e+00 0.000000e+00 0.000000e+00 -5.145931e+02 -4.735076e+02 1.450022e+03 8.290082e+02 0.000000e+00 0.000000e+00 0.000000e+00 0.000000e+00 0.000000e+00 0.000000e+00 0.000000e+00 0.000000e+00 0.000000e+00
2.906000e+00 0.000000e+00 -4.711255e+03 -7.103968e+03 0.000000e+00 0.000000e+00 0.000000e+00 -5.136567e+02 -4.726434e+02 1.449973e+03 8.276019e+02 0.000000e+00 0.000000e+00 0.000000e+00 0.000000e+00 0.000000e+00 0.000000e+00 0.000000e+00 0.000000e+00 0.000000e+00
2.907000e+00 0.000000e+00 -4.706158e+03 -7.094296e+03 0.000000e+00 0.000000e+00 0.000000e+00 -5.127122e+02 -4.717714e+02 1.449916e+03 8.261806e+02 0.000000e+00 0.000000e+00 0.000000e+00 0.000000e+00 0.000000e+00 0.000000e+00 0.000000e+00 0.000000e+00 0.000000e+00
2.908000e+00 0.000000e+00 -4.700999e+03 -7.084616e+03 0.000000e+00 0.000000e+00 0.000000e+00 -5.117597e+02 -4.708919e+02 1.449851e+03 8.247448e+02 0.000000e+00 0.000000e+00 0.000000e+00 0.000000e+00 0.000000e+00 0.000000e+00 0.000000e+00 0.000000e+00 0.000000e+00
2.909000e+00 0.000000e+00 -4.695780e+03 -7.074931e+03 0.000000e+00 0.000000e+00 0.000000e+00 -5.107998e+02 -4.700052e+02 1.449778e+03 8.232951e+02 0.000000e+00 0.000000e+00 0.000000e+00 0.000000e+00 0.000000e+00 0.000000e+00 0.000000e+00 0.000000e+00 0.000000e+00
2.910000e+00 0.000000e+00 -4.690503e+03 -7.065245e+03 0.000000e+00 0.000000e+00 0.000000e+00 -5.098327e+02 -4.691118e+02 1.449698e+03 8.218321e+02 0.000000e+00 0.000000e+00 0.000000e+00 0.000000e+00 0.000000e+00 0.000000e+00 0.000000e+00 0.000000e+00 0.000000e+00
2.911000e+00 0.000000e+00 -4.685170e+03 -7.055562e+03 0.000000e+00 0.000000e+00 0.000000e+00 -5.088589e+02 -4.682118e+02 1.449610e+03 8.203565e+02 0.000000e+00 0.000000e+00 0.000000e+00 0.000000e+00 0.000000e+00 0.000000e+00 0.000000e+00 0.000000e+00 0.000000e+00
2.912000e+00 0.000000e+00 -4.679782e+03 -7.045886e+03 0.000000e+00 0.000000e+00 0.000000e+00 -5.078787e+02 -4.673058e+02 1.449515e+03 8.188688e+02 0.000000e+00 0.000000e+00 0.000000e+00 0.000000e+00 0.000000e+00 0.000000e+00 0.000000e+00 0.000000e+00 0.000000e+00
2.913000e+00 0.000000e+00 -4.674342e+03 -7.036221e+03 0.000000e+00 0.000000e+00 0.000000e+00 -5.068926e+02 -4.663941e+02 1.449412e+03 8.173697e+02 0.000000e+00 0.000000e+00 0.000000e+00 0.000000e+00 0.000000e+00 0.000000e+00 0.000000e+00 0.000000e+00 0.000000e+00
2.914000e+00 0.000000e+00 -4.668851e+03 -7.026571e+03 0.000000e+00 0.000000e+00 0.000000e+00 -5.059008e+02 -4.654770e+02 1.449303e+03 8.158598e+02 0.000000e+00 0.000000e+00 0.000000e+00 0.000000e+00 0.000000e+00 0.000000e+00 0.000000e+00 0.000000e+00 0.000000e+00
2.915000e+00 0.000000e+00 -4.663312e+03 -7.016939e+03 0.000000e+00 0.000000e+00 0.000000e+00 -5.049038e+02 -4.645550e+02 1.449188e+03 8.143398e+02 0.000000e+00 0.000000e+00 0.000000e+00 0.000000e+00 0.000000e+00 0.000000e+00 0.000000e+00 0.000000e+00 0.000000e+00
2.916000e+00 0.000000e+00 -4.657726e+03 -7.007330e+03 0.000000e+00 0.000000e+00 0.000000e+00 -5.039020e+02 -4.636283e+02 1.449066e+03 8.128103e+02 0.000000e+00 0.000000e+00 0.000000e+00 0.000000e+00 0.000000e+00 0.000000e+00 0.000000e+00 0.000000e+00 0.000000e+00
2.917000e+00 0.000000e+00 -4.652095e+03 -6.997747e+03 0.000000e+00 0.000000e+00 0.000000e+00 -5.028957e+02 -4.626975e+02 1.448937e+03 8.112720e+02 0.000000e+00 0.000000e+00 0.000000e+00 0.000000e+00 0.000000e+00 0.000000e+00 0.000000e+00 0.000000e+00 0.000000e+00
2.918000e+00 0.000000e+00 -4.646421e+03 -6.988195e+03 0.000000e+00 0.000000e+00 0.000000e+00 -5.018855e+02 -4.617627e+02 1.448803e+03 8.097255e+02 0.000000e+00 0.000000e+00 0.000000e+00 0.000000e+00 0.000000e+00 0.000000e+00 0.000000e+00 0.000000e+00 0.000000e+00
2.919000e+00 0.000000e+00 -4.640706e+03 -6.978677e+03 0.000000e+00 0.000000e+00 0.000000e+00 -5.008716e+02 -4.608245e+02 1.448664e+03 8.081715e+02 0.000000e+00 0.000000e+00 0.000000e+00 0.000000e+00 0.000000e+00 0.000000e+00 0.000000e+00 0.000000e+00 0.000000e+00
2.920000e+00 0.000000e+00 -4.634953e+03 -6.969196e+03 0.000000e+00 0.000000e+00 0.000000e+00 -4.998544e+02 -4.598833e+02 1.448518e+03 8.066108e+02 0.000000e+00 0.000000e+00 0.000000e+00 0.000000e+00 0.000000e+00 0.000000e+00 0.000000e+00 0.000000e+00 0.000000e+00
2.921000e+00 0.000000e+00 -4.629164e+03 -6.959758e+03 0.000000e+00 0.000000e+00 0.000000e+00 -4.988345e+02 -4.589393e+02 1.448368e+03 8.050438e+02 0.000000e+00 0.000000e+00 0.000000e+00 0.000000e+00 0.000000e+00 0.000000e+00 0.000000e+00 0.000000e+00 0.000000e+00
2.922000e+00 0.000000e+00 -4.623341e+03 -6.950366e+03 0.000000e+00 0.000000e+00 0.000000e+00 -4.978121e+02 -4.579930e+02 1.448213e+03 8.034715e+02 0.000000e+00 0.000000e+00 0.000000e+00 0.000000e+00 0.000000e+00 0.000000e+00 0.000000e+00 0.000000e+00 0.000000e+00
2.923000e+00 0.000000e+00 -4.617485e+03 -6.941023e+03 0.000000e+00 0.000000e+00 0.000000e+00 -4.967877e+02 -4.570448e+02 1.448053e+03 8.018944e+02 0.000000e+00 0.000000e+00 0.000000e+00 0.000000e+00 0.000000e+00 0.000000e+00 0.000000e+00 0.000000e+00 0.000000e+00
2.924000e+00 0.000000e+00 -4.611600e+03 -6.931734e+03 0.000000e+00 0.000000e+00 0.000000e+00 -4.957617e+02 -4.560950e+02 1.447888e+03 8.003132e+02 0.000000e+00 0.000000e+00 0.000000e+00 0.000000e+00 0.000000e+00 0.000000e+00 0.000000e+00 0.000000e+00 0.000000e+00
2.925000e+00 0.000000e+00 -4.605688e+03 -6.922502e+03 0.000000e+00 0.000000e+00 0.000000e+00 -4.947345e+02 -4.551441e+02 1.447720e+03 7.987287e+02 0.000000e+00 0.000000e+00 0.000000e+00 0.000000e+00 0.000000e+00 0.000000e+00 0.000000e+00 0.000000e+00 0.000000e+00
2.926000e+00 0.000000e+00 -4.599751e+03 -6.913330e+03 0.000000e+00 0.000000e+00 0.000000e+00 -4.937064e+02 -4.541925e+02 1.447548e+03 7.971415e+02 0.000000e+00 0.000000e+00 0.000000e+00 0.000000e+00 0.000000e+00 0.000000e+00 0.000000e+00 0.000000e+00 0.000000e+00
2.927000e+00 0.000000e+00 -4.593791e+03 -6.904224e+03 0.000000e+00 0.000000e+00 0.000000e+00 -4.926780e+02 -4.532404e+02 1.447372e+03 7.955525e+02 0.000000e+00 0.000000e+00 0.000000e+00 0.000000e+00 0.000000e+00 0.000000e+00 0.000000e+00 0.000000e+00 0.000000e+00
2.928000e+00 0.000000e+00 -4.587811e+03 -6.895186e+03 0.000000e+00 0.000000e+00 0.000000e+00 -4.916496e+02 -4.522884e+02 1.447193e+03 7.939622e+02 0.000000e+00 0.000000e+00 0.000000e+00 0.000000e+00 0.000000e+00 0.000000e+00 0.000000e+00 0.000000e+00 0.000000e+00
2.929000e+00 0.000000e+00 -4.581813e+03 -6.886220e+03 0.000000e+00 0.000000e+00 0.000000e+00 -4.906216e+02 -4.513368e+02 1.447011e+03 7.923714e+02 0.000000e+00 0.000000e+00 0.000000e+00 0.000000e+00 0.000000e+00 0.000000e+00 0.000000e+00 0.000000e+00 0.000000e+00
2.930000e+00 0.000000e+00 -4.575800e+03 -6.877330e+03 0.000000e+00 0.000000e+00 0.000000e+00 -4.895944e+02 -4.503860e+02 1.446826e+03 7.907808e+02 0.000000e+00 0.000000e+00 0.000000e+00 0.000000e+00 0.000000e+00 0.000000e+00 0.000000e+00 0.000000e+00 0.000000e+00
2.931000e+00 0.000000e+00 -4.569775e+03 -6.868520e+03 0.000000e+00 0.000000e+00 0.000000e+00 -4.885685e+02 -4.494364e+02 1.446639e+03 7.891913e+02 0.000000e+00 0.000000e+00 0.000000e+00 0.000000e+00 0.000000e+00 0.000000e+00 0.000000e+00 0.000000e+00 0.000000e+00
2.932000e+00 0.000000e+00 -4.563739e+03 -6.859793e+03 0.000000e+00 0.000000e+00 0.000000e+00 -4.875443e+02 -4.484885e+02 1.446450e+03 7.876034e+02 0.000000e+00 0.000000e+00 0.000000e+00 0.000000e+00 0.000000e+00 0.000000e+00 0.000000e+00 0.000000e+00 0.000000e+00
2.933000e+00 0.000000e+00 -4.557695e+03 -6.851153e+03 0.000000e+00 0.000000e+00 0.000000e+00 -4.865221e+02 -4.475425e+02 1.446259e+03 7.860180e+02 0.000000e+00 0.000000e+00 0.000000e+00 0.000000e+00 0.000000e+00 0.000000e+00 0.000000e+00 0.000000e+00 0.000000e+00
2.934000e+00 0.000000e+00 -4.551646e+03 -6.842603e+03 0.000000e+00 0.000000e+00 0.000000e+00 -4.855024e+02 -4.465989e+02 1.446067e+03 7.844358e+02 0.000000e+00 0.000000e+00 0.000000e+00 0.000000e+00 0.000000e+00 0.000000e+00 0.000000e+00 0.000000e+00 0.000000e+00
2.935000e+00 0.000000e+00 -4.545595e+03 -6.834147e+03 0.000000e+00 0.000000e+00 0.000000e+00 -4.844856e+02 -4.456581e+02 1.445874e+03 7.828575e+02 0.000000e+00 0.000000e+00 0.000000e+00 0.000000e+00 0.000000e+00 0.000000e+00 0.000000e+00 0.000000e+00 0.000000e+00
2.936000e+00 0.000000e+00 -4.539544e+03 -6.825789e+03 0.000000e+00 0.000000e+00 0.000000e+00 -4.834722e+02 -4.447205e+02 1.445680e+03 7.812840e+02 0.000000e+00 0.000000e+00 0.000000e+00 0.000000e+00 0.000000e+00 0.000000e+00 0.000000e+00 0.000000e+00 0.000000e+00
2.937000e+00 0.000000e+00 -4.533495e+03 -6.817531e+03 0.000000e+00 0.000000e+00 0.000000e+00 -4.824624e+02 -4.437865e+02 1.445486e+03 7.797158e+02 0.000000e+00 0.000000e+00 0.000000e+00 0.000000e+00 0.000000e+00 0.000000e+00 0.000000e+00 0.000000e+00 0.000000e+00
2.938000e+00 0.000000e+00 -4.527453e+03 -6.809378e+03 0.000000e+00 0.000000e+00 0.000000e+00 -4.814568e+02 -4.428564e+02 1.445291e+03 7.781539e+02 0.000000e+00 0.000000e+00 0.000000e+00 0.000000e+00 0.000000e+00 0.000000e+00 0.000000e+00 0.000000e+00 0.000000e+00
2.939000e+00 0.000000e+00 -4.521418e+03 -6.801334e+03 0.000000e+00 0.000000e+00 0.000000e+00 -4.804558e+02 -4.419308e+02 1.445097e+03 7.765989e+02 0.000000e+00 0.000000e+00 0.000000e+00 0.000000e+00 0.000000e+00 0.000000e+00 0.000000e+00 0.000000e+00 0.000000e+00
2.940000e+00 0.000000e+00 -4.515394e+03 -6.793400e+03 0.000000e+00 0.000000e+00 0.000000e+00 -4.794597e+02 -4.410099e+02 1.444904e+03 7.750516e+02 0.000000e+00 0.000000e+00 0.000000e+00 0.000000e+00 0.000000e+00 0.000000e+00 0.000000e+00 0.000000e+00 0.000000e+00
2.941000e+00 0.000000e+00 -4.509384e+03 -6.785581e+03 0.000000e+00 0.000000e+00 0.000000e+00 -4.784690e+02 -4.400942e+02 1.444711e+03 7.735128e+02 0.000000e+00 0.000000e+00 0.000000e+00 0.000000e+00 0.000000e+00 0.000000e+00 0.000000e+00 0.000000e+00 0.000000e+00
2.942000e+00 0.000000e+00 -4.503390e+03 -6.777880e+03 0.000000e+00 0.000000e+00 0.000000e+00 -4.774841e+02 -4.391840e+02 1.444520e+03 7.719831e+02 0.000000e+00 0.000000e+00 0.000000e+00 0.000000e+00 0.000000e+00 0.000000e+00 0.000000e+00 0.000000e+00 0.000000e+00
2.943000e+00 0.000000e+00 -4.497416e+03 -6.770300e+03 0.000000e+00 0.000000e+00 0.000000e+00 -4.765053e+02 -4.382798e+02 1.444331e+03 7.704635e+02 0.000000e+00 0.000000e+00 0.000000e+00 0.000000e+00 0.000000e+00 0.000000e+00 0.000000e+00 0.000000e+00 0.000000e+00
2.944000e+00 0.000000e+00 -4.491463e+03 -6.762844e+03 0.000000e+00 0.000000e+00 0.000000e+00 -4.755331e+02 -4.373819e+02 1.444143e+03 7.689546e+02 0.000000e+00 0.000000e+00 0.000000e+00 0.000000e+00 0.000000e+00 0.000000e+00 0.000000e+00 0.000000e+00 0.000000e+00
2.945000e+00 0.000000e+00 -4.485535e+03 -6.755516e+03 0.000000e+00 0.000000e+00 0.000000e+00 -4.745679e+02 -4.364907e+02 1.443958e+03 7.674571e+02 0.000000e+00 0.000000e+00 0.000000e+00 0.000000e+00 0.000000e+00 0.000000e+00 0.000000e+00 0.000000e+00 0.000000e+00
2.946000e+00 0.000000e+00 -4.479635e+03 -6.748319e+03 0.000000e+00 0.000000e+00 0.000000e+00 -4.736100e+02 -4.356066e+02 1.443776e+03 7.659719e+02 0.000000e+00 0.000000e+00 0.000000e+00 0.000000e+00 0.000000e+00 0.000000e+00 0.000000e+00 0.000000e+00 0.000000e+00
2.947000e+00 0.000000e+00 -4.473765e+03 -6.741255e+03 0.000000e+00 0.000000e+00 0.000000e+00 -4.726600e+02 -4.347300e+02 1.443597e+03 7.644997e+02 0.000000e+00 0.000000e+00 0.000000e+00 0.000000e+00 0.000000e+00 0.000000e+00 0.000000e+00 0.000000e+00 0.000000e+00
2.948000e+00 0.000000e+00 -4.467928e+03 -6.734328e+03 0.000000e+00 0.000000e+00 0.000000e+00 -4.717181e+02 -4.338613e+02 1.443422e+03 7.630412e+02 0.000000e+00 0.000000e+00 0.000000e+00 0.000000e+00 0.000000e+00 0.000000e+00 0.000000e+00 0.000000e+00 0.000000e+00
2.949000e+00 0.000000e+00 -4.462127e+03 -6.727540e+03 0.000000e+00 0.000000e+00 0.000000e+00 -4.707847e+02 -4.330008e+02 1.443250e+03 7.615972e+02 0.000000e+00 0.000000e+00 0.000000e+00 0.000000e+00 0.000000e+00 0.000000e+00 0.000000e+00 0.000000e+00 0.000000e+00
2.950000e+00 0.000000e+00 -4.456366e+03 -6.720895e+03 0.000000e+00 0.000000e+00 0.000000e+00 -4.698604e+02 -4.321489e+02 1.443083e+03 7.601685e+02 0.000000e+00 0.000000e+00 0.000000e+00 0.000000e+00 0.000000e+00 0.000000e+00 0.000000e+00 0.000000e+00 0.000000e+00
2.951000e+00 0.000000e+00 -4.450646e+03 -6.714396e+03 0.000000e+00 0.000000e+00 0.000000e+00 -4.689453e+02 -4.313060e+02 1.442921e+03 7.587557e+02 0.000000e+00 0.000000e+00 0.000000e+00 0.000000e+00 0.000000e+00 0.000000e+00 0.000000e+00 0.000000e+00 0.000000e+00
2.952000e+00 0.000000e+00 -4.444970e+03 -6.708044e+03 0.000000e+00 0.000000e+00 0.000000e+00 -4.680399e+02 -4.304724e+02 1.442764e+03 7.573597e+02 0.000000e+00 0.000000e+00 0.000000e+00 0.000000e+00 0.000000e+00 0.000000e+00 0.000000e+00 0.000000e+00 0.000000e+00
2.953000e+00 0.000000e+00 -4.439343e+03 -6.701844e+03 0.000000e+00 0.000000e+00 0.000000e+00 -4.671447e+02 -4.296486e+02 1.442612e+03 7.559811e+02 0.000000e+00 0.000000e+00 0.000000e+00 0.000000e+00 0.000000e+00 0.000000e+00 0.000000e+00 0.000000e+00 0.000000e+00
2.954000e+00 0.000000e+00 -4.433765e+03 -6.695797e+03 0.000000e+00 0.000000e+00 0.000000e+00 -4.662598e+02 -4.288348e+02 1.442466e+03 7.546207e+02 0.000000e+00 0.000000e+00 0.000000e+00 0.000000e+00 0.000000e+00 0.000000e+00 0.000000e+00 0.000000e+00 0.000000e+00
2.955000e+00 0.000000e+00 -4.428241e+03 -6.689906e+03 0.000000e+00 0.000000e+00 0.000000e+00 -4.653859e+02 -4.280315e+02 1.442326e+03 7.532793e+02 0.000000e+00 0.000000e+00 0.000000e+00 0.000000e+00 0.000000e+00 0.000000e+00 0.000000e+00 0.000000e+00 0.000000e+00
2.956000e+00 0.000000e+00 -4.422773e+03 -6.684174e+03 0.000000e+00 0.000000e+00 0.000000e+00 -4.645231e+02 -4.272390e+02 1.442193e+03 7.519575e+02 0.000000e+00 0.000000e+00 0.000000e+00 0.000000e+00 0.000000e+00 0.000000e+00 0.000000e+00 0.000000e+00 0.000000e+00
2.957000e+00 0.000000e+00 -4.417364e+03 -6.678603e+03 0.000000e+00 0.000000e+00 0.000000e+00 -4.636719e+02 -4.264576e+02 1.442067e+03 7.506561e+02 0.000000e+00 0.000000e+00 0.000000e+00 0.000000e+00 0.000000e+00 0.000000e+00 0.000000e+00 0.000000e+00 0.000000e+00
2.958000e+00 0.000000e+00 -4.412016e+03 -6.673196e+03 0.000000e+00 0.000000e+00 0.000000e+00 -4.628326e+02 -4.256877e+02 1.441948e+03 7.493758e+02 0.000000e+00 0.000000e+00 0.000000e+00 0.000000e+00 0.000000e+00 0.000000e+00 0.000000e+00 0.000000e+00 0.000000e+00
2.959000e+00 0.000000e+00 -4.406733e+03 -6.667955e+03 0.000000e+00 0.000000e+00 0.000000e+00 -4.620055e+02 -4.249296e+02 1.441838e+03 7.481173e+02 0.000000e+00 0.000000e+00 0.000000e+00 0.000000e+00 0.000000e+00 0.000000e+00 0.000000e+00 0.000000e+00 0.000000e+00
2.960000e+00 0.000000e+00 -4.401518e+03 -6.662882e+03 0.000000e+00 0.000000e+00 0.000000e+00 -4.611911e+02 -4.241838e+02 1.441735e+03 7.468814e+02 0.000000e+00 0.000000e+00 0.000000e+00 0.000000e+00 0.000000e+00 0.000000e+00 0.000000e+00 0.000000e+00 0.000000e+00
2.961000e+00 0.000000e+00 -4.396372e+03 -6.657980e+03 0.000000e+00 0.000000e+00 0.000000e+00 -4.603897e+02 -4.234504e+02 1.441641e+03 7.456686e+02 0.000000e+00 0.000000e+00 0.000000e+00 0.000000e+00 0.000000e+00 0.000000e+00 0.000000e+00 0.000000e+00 0.000000e+00
2.962000e+00 0.000000e+00 -4.391300e+03 -6.653250e+03 0.000000e+00 0.000000e+00 0.000000e+00 -4.596016e+02 -4.227298e+02 1.441556e+03 7.444798e+02 0.000000e+00 0.000000e+00 0.000000e+00 0.000000e+00 0.000000e+00 0.000000e+00 0.000000e+00 0.000000e+00 0.000000e+00
2.963000e+00 0.000000e+00 -4.386304e+03 -6.648696e+03 0.000000e+00 0.000000e+00 0.000000e+00 -4.588271e+02 -4.220224e+02 1.441481e+03 7.433155e+02 0.000000e+00 0.000000e+00 0.000000e+00 0.000000e+00 0.000000e+00 0.000000e+00 0.000000e+00 0.000000e+00 0.000000e+00
2.964000e+00 0.000000e+00 -4.381386e+03 -6.644318e+03 0.000000e+00 0.000000e+00 0.000000e+00 -4.580666e+02 -4.213285e+02 1.441415e+03 7.421765e+02 0.000000e+00 0.000000e+00 0.000000e+00 0.000000e+00 0.000000e+00 0.000000e+00 0.000000e+00 0.000000e+00 0.000000e+00
2.965000e+00 0.000000e+00 -4.376549e+03 -6.640119e+03 0.000000e+00 0.000000e+00 0.000000e+00 -4.573203e+02 -4.206484e+02 1.441360e+03 7.410635e+02 0.000000e+00 0.000000e+00 0.000000e+00 0.000000e+00 0.000000e+00 0.000000e+00 0.000000e+00 0.000000e+00 0.000000e+00
2.966000e+00 0.000000e+00 -4.371797e+03 -6.636100e+03 0.000000e+00 0.000000e+00 0.000000e+00 -4.565887e+02 -4.199823e+02 1.441315e+03 7.399770e+02 0.000000e+00 0.000000e+00 0.000000e+00 0.000000e+00 0.000000e+00 0.000000e+00 0.000000e+00 0.000000e+00 0.000000e+00
2.967000e+00 0.000000e+00 -4.367131e+03 -6.632264e+03 0.000000e+00 0.000000e+00 0.000000e+00 -4.558719e+02 -4.193307e+02 1.441281e+03 7.389178e+02 0.000000e+00 0.000000e+00 0.000000e+00 0.000000e+00 0.000000e+00 0.000000e+00 0.000000e+00 0.000000e+00 0.000000e+00
2.968000e+00 0.000000e+00 -4.362554e+03 -6.628613e+03 0.000000e+00 0.000000e+00 0.000000e+00 -4.551704e+02 -4.186938e+02 1.441259e+03 7.378865e+02 0.000000e+00 0.000000e+00 0.000000e+00 0.000000e+00 0.000000e+00 0.000000e+00 0.000000e+00 0.000000e+00 0.000000e+00
2.969000e+00 0.000000e+00 -4.358070e+03 -6.625147e+03 0.000000e+00 0.000000e+00 0.000000e+00 -4.544844e+02 -4.180718e+02 1.441248e+03 7.368838e+02 0.000000e+00 0.000000e+00 0.000000e+00 0.000000e+00 0.000000e+00 0.000000e+00 0.000000e+00 0.000000e+00 0.000000e+00
2.970000e+00 0.000000e+00 -4.353681e+03 -6.621868e+03 0.000000e+00 0.000000e+00 0.000000e+00 -4.538143e+02 -4.174651e+02 1.441250e+03 7.359102e+02 0.000000e+00 0.000000e+00 0.000000e+00 0.000000e+00 0.000000e+00 0.000000e+00 0.000000e+00 0.000000e+00 0.000000e+00
2.971000e+00 0.000000e+00 -4.349388e+03 -6.618779e+03 0.000000e+00 0.000000e+00 0.000000e+00 -4.531602e+02 -4.168740e+02 1.441264e+03 7.349663e+02 0.000000e+00 0.000000e+00 0.000000e+00 0.000000e+00 0.000000e+00 0.000000e+00 0.000000e+00 0.000000e+00 0.000000e+00
2.972000e+00 0.000000e+00 -4.345196e+03 -6.615880e+03 0.000000e+00 0.000000e+00 0.000000e+00 -4.525225e+02 -4.162987e+02 1.441291e+03 7.340529e+02 0.000000e+00 0.000000e+00 0.000000e+00 0.000000e+00 0.000000e+00 0.000000e+00 0.000000e+00 0.000000e+00 0.000000e+00
2.973000e+00 0.000000e+00 -4.341106e+03 -6.613172e+03 0.000000e+00 0.000000e+00 0.000000e+00 -4.519015e+02 -4.157395e+02 1.441331e+03 7.331704e+02 0.000000e+00 0.000000e+00 0.000000e+00 0.000000e+00 0.000000e+00 0.000000e+00 0.000000e+00 0.000000e+00 0.000000e+00
2.974000e+00 0.000000e+00 -4.337121e+03 -6.610658e+03 0.000000e+00 0.000000e+00 0.000000e+00 -4.512974e+02 -4.151966e+02 1.441385e+03 7.323194e+02 0.000000e+00 0.000000e+00 0.000000e+00 0.000000e+00 0.000000e+00 0.000000e+00 0.000000e+00 0.000000e+00 0.000000e+00
2.975000e+00 0.000000e+00 -4.333243e+03 -6.608338e+03 0.000000e+00 0.000000e+00 0.000000e+00 -4.507104e+02 -4.146704e+02 1.441453e+03 7.315006e+02 0.000000e+00 0.000000e+00 0.000000e+00 0.000000e+00 0.000000e+00 0.000000e+00 0.000000e+00 0.000000e+00 0.000000e+00
2.976000e+00 0.000000e+00 -4.329476e+03 -6.606213e+03 0.000000e+00 0.000000e+00 0.000000e+00 -4.501409e+02 -4.141609e+02 1.441536e+03 7.307144e+02 0.000000e+00 0.000000e+00 0.000000e+00 0.000000e+00 0.000000e+00 0.000000e+00 0.000000e+00 0.000000e+00 0.000000e+00
2.977000e+00 0.000000e+00 -4.325820e+03 -6.604285e+03 0.000000e+00 0.000000e+00 0.000000e+00 -4.495890e+02 -4.136686e+02 1.441633e+03 7.299615e+02 0.000000e+00 0.000000e+00 0.000000e+00 0.000000e+00 0.000000e+00 0.000000e+00 0.000000e+00 0.000000e+00 0.000000e+00
2.978000e+00 0.000000e+00 -4.322279e+03 -6.602554e+03 0.000000e+00 0.000000e+00 0.000000e+00 -4.490550e+02 -4.131935e+02 1.441745e+03 7.292423e+02 0.000000e+00 0.000000e+00 0.000000e+00 0.000000e+00 0.000000e+00 0.000000e+00 0.000000e+00 0.000000e+00 0.000000e+00
2.979000e+00 0.000000e+00 -4.318855e+03 -6.601021e+03 0.000000e+00 0.000000e+00 0.000000e+00 -4.485392e+02 -4.127360e+02 1.441873e+03 7.285573e+02 0.000000e+00 0.000000e+00 0.000000e+00 0.000000e+00 0.000000e+00 0.000000e+00 0.000000e+00 0.000000e+00 0.000000e+00
2.980000e+00 0.000000e+00 -4.315550e+03 -6.599687e+03 0.000000e+00 0.000000e+00 0.000000e+00 -4.480416e+02 -4.122962e+02 1.442017e+03 7.279071e+02 0.000000e+00 0.000000e+00 0.000000e+00 0.000000e+00 0.000000e+00 0.000000e+00 0.000000e+00 0.000000e+00 0.000000e+00
2.981000e+00 0.000000e+00 -4.312367e+03 -6.598552e+03 0.000000e+00 0.000000e+00 0.000000e+00 -4.475627e+02 -4.118744e+02 1.442177e+03 7.272921e+02 0.000000e+00 0.000000e+00 0.000000e+00 0.000000e+00 0.000000e+00 0.000000e+00 0.000000e+00 0.000000e+00 0.000000e+00
2.982000e+00 0.000000e+00 -4.309307e+03 -6.597618e+03 0.000000e+00 0.000000e+00 0.000000e+00 -4.471025e+02 -4.114707e+02 1.442354e+03 7.267129e+02 0.000000e+00 0.000000e+00 0.000000e+00 0.000000e+00 0.000000e+00 0.000000e+00 0.000000e+00 0.000000e+00 0.000000e+00
2.983000e+00 0.000000e+00 -4.306372e+03 -6.596884e+03 0.000000e+00 0.000000e+00 0.000000e+00 -4.466612e+02 -4.110854e+02 1.442548e+03 7.261699e+02 0.000000e+00 0.000000e+00 0.000000e+00 0.000000e+00 0.000000e+00 0.000000e+00 0.000000e+00 0.000000e+00 0.000000e+00
2.984000e+00 0.000000e+00 -4.303566e+03 -6.596352e+03 0.000000e+00 0.000000e+00 0.000000e+00 -4.462390e+02 -4.107185e+02 1.442759e+03 7.256635e+02 0.000000e+00 0.000000e+00 0.000000e+00 0.000000e+00 0.000000e+00 0.000000e+00 0.000000e+00 0.000000e+00 0.000000e+00
2.985000e+00 0.000000e+00 -4.300889e+03 -6.596022e+03 0.000000e+00 0.000000e+00 0.000000e+00 -4.458362e+02 -4.103704e+02 1.442987e+03 7.251941e+02 0.000000e+00 0.000000e+00 0.000000e+00 0.000000e+00 0.000000e+00 0.000000e+00 0.000000e+00 0.000000e+00 0.000000e+00
2.986000e+00 0.000000e+00 -4.298344e+03 -6.595893e+03 0.000000e+00 0.000000e+00 0.000000e+00 -4.454528e+02 -4.100411e+02 1.443234e+03 7.247622e+02 0.000000e+00 0.000000e+00 0.000000e+00 0.000000e+00 0.000000e+00 0.000000e+00 0.000000e+00 0.000000e+00 0.000000e+00
2.987000e+00 0.000000e+00 -4.295933e+03 -6.595966e+03 0.000000e+00 0.000000e+00 0.000000e+00 -4.450891e+02 -4.097308e+02 1.443499e+03 7.243682e+02 0.000000e+00 0.000000e+00 0.000000e+00 0.000000e+00 0.000000e+00 0.000000e+00 0.000000e+00 0.000000e+00 0.000000e+00
2.988000e+00 0.000000e+00 -4.293658e+03 -6.596242e+03 0.000000e+00 0.000000e+00 0.000000e+00 -4.447451e+02 -4.094397e+02 1.443782e+03 7.240125e+02 0.000000e+00 0.000000e+00 0.000000e+00 0.000000e+00 0.000000e+00 0.000000e+00 0.000000e+00 0.000000e+00 0.000000e+00
2.989000e+00 0.000000e+00 -4.291519e+03 -6.596719e+03 0.000000e+00 0.000000e+00 0.000000e+00 -4.444211e+02 -4.091679e+02 1.444084e+03 7.236954e+02 0.000000e+00 0.000000e+00 0.000000e+00 0.000000e+00 0.000000e+00 0.000000e+00 0.000000e+00 0.000000e+00 0.000000e+00
2.990000e+00 0.000000e+00 -4.289520e+03 -6.597399e+03 0.000000e+00 0.000000e+00 0.000000e+00 -4.441172e+02 -4.089156e+02 1.444405e+03 7.234173e+02 0.000000e+00 0.000000e+00 0.000000e+00 0.000000e+00 0.000000e+00 0.000000e+00 0.000000e+00 0.000000e+00 0.000000e+00
2.991000e+00 0.000000e+00 -4.287661e+03 -6.598281e+03 0.000000e+00 0.000000e+00 0.000000e+00 -4.438334e+02 -4.086828e+02 1.444746e+03 7.231785e+02 0.000000e+00 0.000000e+00 0.000000e+00 0.000000e+00 0.000000e+00 0.000000e+00 0.000000e+00 0.000000e+00 0.000000e+00
2.992000e+00 0.000000e+00 -4.285945e+03 -6.599365e+03 0.000000e+00 0.000000e+00 0.000000e+00 -4.435700e+02 -4.084697e+02 1.445107e+03 7.229793e+02 0.000000e+00 0.000000e+00 0.000000e+00 0.000000e+00 0.000000e+00 0.000000e+00 0.000000e+00 0.000000e+00 0.000000e+00
2.993000e+00 0.000000e+00 -4.284373e+03 -6.600650e+03 0.000000e+00 0.000000e+00 0.000000e+00 -4.433269e+02 -4.082764e+02 1.445487e+03 7.228201e+02 0.000000e+00 0.000000e+00 0.000000e+00 0.000000e+00 0.000000e+00 0.000000e+00 0.000000e+00 0.000000e+00 0.000000e+00
2.994000e+00 0.000000e+00 -4.282946e+03 -6.602137e+03 0.000000e+00 0.000000e+00 0.000000e+00 -4.431044e+02 -4.081030e+02 1.445888e+03 7.227011e+02 0.000000e+00 0.000000e+00 0.000000e+00 0.000000e+00 0.000000e+00 0.000000e+00 0.000000e+00 0.000000e+00 0.000000e+00
2.995000e+00 0.000000e+00 -4.281667e+03 -6.603824e+03 0.000000e+00 0.000000e+00 0.000000e+00 -4.429024e+02 -4.079495e+02 1.446309e+03 7.226225e+02 0.000000e+00 0.000000e+00 0.000000e+00 0.000000e+00 0.000000e+00 0.000000e+00 0.000000e+00 0.000000e+00 0.000000e+00
2.996000e+00 0.000000e+00 -4.280535e+03 -6.605711e+03 0.000000e+00 0.000000e+00 0.000000e+00 -4.427212e+02 -4.078161e+02 1.446751e+03 7.225847e+02 0.000000e+00 0.000000e+00 0.000000e+00 0.000000e+00 0.000000e+00 0.000000e+00 0.000000e+00 0.000000e+00 0.000000e+00
2.997000e+00 0.000000e+00 -4.279553e+03 -6.607798e+03 0.000000e+00 0.000000e+00 0.000000e+00 -4.425606e+02 -4.077028e+02 1.447215e+03 7.225879e+02 0.000000e+00 0.000000e+00 0.000000e+00 0.000000e+00 0.000000e+00 0.000000e+00 0.000000e+00 0.000000e+00 0.000000e+00
2.998000e+00 0.000000e+00 -4.278722e+03 -6.610083e+03 0.000000e+00 0.000000e+00 0.000000e+00 -4.424209e+02 -4.076097e+02 1.447699e+03 7.226322e+02 0.000000e+00 0.000000e+00 0.000000e+00 0.000000e+00 0.000000e+00 0.000000e+00 0.000000e+00 0.000000e+00 0.000000e+00
2.999000e+00 0.000000e+00 -4.278042e+03 -6.612567e+03 0.000000e+00 0.000000e+00 0.000000e+00 -4.423020e+02 -4.075369e+02 1.448205e+03 7.227179e+02 0.000000e+00 0.000000e+00 0.000000e+00 0.000000e+00 0.000000e+00 0.000000e+00 0.000000e+00 0.000000e+00 0.000000e+00
